calibration_components 1/44 visual_cognitive_motivation__posterior__montage0__P1_beta completed
calibration_components 2/44 visual_cognitive_motivation__posterior__montage1__P1_tau completed
calibration_components 3/44 visual_cognitive_motivation__posterior__montage0__P2 completed
calibration_components 4/44 visual_cognitive_motivation__posterior__montage0__P1_tau completed
calibration_components 5/44 visual_cognitive_motivation__posterior__montage0__P3 completed
calibration_components 6/44 visual_cognitive_motivation__prefrontal__montage0__P3 completed
calibration_components 7/44 simultaneous_eeg_nirs__posterior__P2 completed
calibration_components 8/44 visual_cognitive_motivation__prefrontal__montage0__P2 completed
calibration_components 9/44 simultaneous_eeg_nirs__posterior__P1_beta completed
calibration_components 10/44 eeg_fnirs_single_trial__prefrontal__P1_beta completed
calibration_components 11/44 visual_cognitive_motivation__motor__P1_tau completed
calibration_components 12/44 visual_cognitive_motivation__prefrontal__montage1__P1_tau completed
calibration_components 13/44 simultaneous_eeg_nirs__prefrontal__P3 completed
calibration_components 14/44 eeg_fnirs_single_trial__prefrontal__P1_tau completed
calibration_components 15/44 eeg_fnirs_single_trial__posterior__P1_tau completed
calibration_components 16/44 visual_cognitive_motivation__motor__P2 completed
calibration_components 17/44 eeg_fnirs_single_trial__motor__P1_tau completed
calibration_components 18/44 simultaneous_eeg_nirs__motor__P1_beta completed
calibration_components 19/44 visual_cognitive_motivation__prefrontal__montage0__P1_beta completed
calibration_components 20/44 visual_cognitive_motivation__prefrontal__montage1__P1_beta completed
calibration_components 21/44 simultaneous_eeg_nirs__prefrontal__P1_beta completed
calibration_components 22/44 simultaneous_eeg_nirs__motor__P2 completed
calibration_components 23/44 eeg_fnirs_single_trial__prefrontal__P2 completed
calibration_components 24/44 visual_cognitive_motivation__prefrontal__montage0__P1_tau completed
calibration_components 25/44 simultaneous_eeg_nirs__motor__P1_tau completed
calibration_components 26/44 visual_cognitive_motivation__prefrontal__montage1__P2 completed
calibration_components 27/44 eeg_fnirs_single_trial__posterior__P2 completed
calibration_components 28/44 visual_cognitive_motivation__posterior__montage1__P1_beta completed
calibration_components 29/44 visual_cognitive_motivation__posterior__montage1__P2 completed
calibration_components 30/44 simultaneous_eeg_nirs__motor__P3 completed
calibration_components 31/44 eeg_fnirs_single_trial__motor__P3 completed
calibration_components 32/44 eeg_fnirs_single_trial__posterior__P3 completed
calibration_components 33/44 visual_cognitive_motivation__posterior__montage1__P3 completed
calibration_components 34/44 visual_cognitive_motivation__prefrontal__montage1__P3 completed
calibration_components 35/44 visual_cognitive_motivation__motor__P3 completed
calibration_components 36/44 simultaneous_eeg_nirs__posterior__P1_tau completed
calibration_components 37/44 eeg_fnirs_single_trial__posterior__P1_beta completed
calibration_components 38/44 eeg_fnirs_single_trial__motor__P1_beta completed
calibration_components 39/44 simultaneous_eeg_nirs__posterior__P3 completed
calibration_components 40/44 visual_cognitive_motivation__motor__P1_beta completed
calibration_components 41/44 simultaneous_eeg_nirs__prefrontal__P2 completed
calibration_components 42/44 eeg_fnirs_single_trial__prefrontal__P3 completed
calibration_components 43/44 eeg_fnirs_single_trial__motor__P2 completed
calibration_components 44/44 simultaneous_eeg_nirs__prefrontal__P1_tau completed
development_methods 1/1848 eeg_fnirs_single_trial__subject_05__motor__P1_tau__C0b completed
development_methods 2/1848 eeg_fnirs_single_trial__subject_05__motor__P1_beta__W1 completed
development_methods 3/1848 eeg_fnirs_single_trial__subject_05__motor__P1_tau__W1 completed
development_methods 4/1848 eeg_fnirs_single_trial__subject_05__motor__P3__W1 completed
development_methods 5/1848 eeg_fnirs_single_trial__subject_05__posterior__P1_beta__C0b completed
development_methods 6/1848 eeg_fnirs_single_trial__subject_05__posterior__P1_tau__C0b completed
development_methods 7/1848 eeg_fnirs_single_trial__subject_05__posterior__P1_tau__W1 completed
development_methods 8/1848 eeg_fnirs_single_trial__subject_05__motor__P3__C0b completed
development_methods 9/1848 eeg_fnirs_single_trial__subject_05__motor__P2__W1 completed
development_methods 10/1848 eeg_fnirs_single_trial__subject_05__motor__P1_beta__C0b completed
development_methods 11/1848 eeg_fnirs_single_trial__subject_05__motor__P1_tau__Hfull completed
development_methods 12/1848 eeg_fnirs_single_trial__subject_05__motor__P2__C0b completed
development_methods 13/1848 eeg_fnirs_single_trial__subject_05__motor__P2__Hfull completed
development_methods 14/1848 eeg_fnirs_single_trial__subject_05__motor__P3__Hfull completed
development_methods 15/1848 eeg_fnirs_single_trial__subject_05__posterior__P1_beta__C1 completed
development_methods 16/1848 eeg_fnirs_single_trial__subject_05__motor__P1_tau__C1 completed
development_methods 17/1848 eeg_fnirs_single_trial__subject_05__motor__P1_tau__H1.0 completed
development_methods 18/1848 eeg_fnirs_single_trial__subject_05__motor__P1_beta__Hfull completed
development_methods 19/1848 eeg_fnirs_single_trial__subject_05__posterior__P1_tau__Hfull completed
development_methods 20/1848 eeg_fnirs_single_trial__subject_05__posterior__P2__C0b completed
development_methods 21/1848 eeg_fnirs_single_trial__subject_05__posterior__P1_beta__W1 completed
development_methods 22/1848 eeg_fnirs_single_trial__subject_05__motor__P1_tau__H0.25 completed
development_methods 23/1848 eeg_fnirs_single_trial__subject_05__motor__P1_tau__H4.0 completed
development_methods 24/1848 eeg_fnirs_single_trial__subject_05__motor__P1_beta__C1 completed
development_methods 25/1848 eeg_fnirs_single_trial__subject_05__motor__P3__H4.0 completed
development_methods 26/1848 eeg_fnirs_single_trial__subject_05__motor__P3__C1 completed
development_methods 27/1848 eeg_fnirs_single_trial__subject_05__posterior__P2__W1 completed
development_methods 28/1848 eeg_fnirs_single_trial__subject_05__posterior__P1_beta__Hfull completed
development_methods 29/1848 eeg_fnirs_single_trial__subject_05__posterior__P1_tau__H1.0 completed
development_methods 30/1848 eeg_fnirs_single_trial__subject_05__posterior__P1_beta__H0.25 completed
development_methods 31/1848 eeg_fnirs_single_trial__subject_05__motor__P2__H4.0 completed
development_methods 32/1848 eeg_fnirs_single_trial__subject_05__motor__P3__H1.0 completed
development_methods 33/1848 eeg_fnirs_single_trial__subject_05__posterior__P1_tau__C1 completed
development_methods 34/1848 eeg_fnirs_single_trial__subject_05__posterior__P1_tau__H0.25 completed
development_methods 35/1848 eeg_fnirs_single_trial__subject_05__posterior__P2__Hfull completed
development_methods 36/1848 eeg_fnirs_single_trial__subject_05__posterior__P1_beta__H1.0 completed
development_methods 37/1848 eeg_fnirs_single_trial__subject_05__motor__P1_beta__H4.0 completed
development_methods 38/1848 eeg_fnirs_single_trial__subject_05__motor__P2__H1.0 completed
development_methods 39/1848 eeg_fnirs_single_trial__subject_05__posterior__P1_beta__H4.0 completed
development_methods 40/1848 eeg_fnirs_single_trial__subject_05__motor__P2__C1 completed
development_methods 41/1848 eeg_fnirs_single_trial__subject_05__posterior__P3__C0b completed
development_methods 42/1848 eeg_fnirs_single_trial__subject_05__posterior__P1_tau__H4.0 completed
development_methods 43/1848 eeg_fnirs_single_trial__subject_05__prefrontal__P1_tau__W1 completed
development_methods 44/1848 eeg_fnirs_single_trial__subject_05__prefrontal__P1_beta__W1 completed
development_methods 45/1848 eeg_fnirs_single_trial__subject_05__motor__P2__H0.25 completed
development_methods 46/1848 eeg_fnirs_single_trial__subject_05__prefrontal__P1_tau__C0b completed
development_methods 47/1848 eeg_fnirs_single_trial__subject_05__posterior__P3__W1 completed
development_methods 48/1848 eeg_fnirs_single_trial__subject_05__motor__P1_beta__H0.25 completed
development_methods 49/1848 eeg_fnirs_single_trial__subject_05__motor__P1_beta__H1.0 completed
development_methods 50/1848 eeg_fnirs_single_trial__subject_05__posterior__P2__H4.0 completed
development_methods 51/1848 eeg_fnirs_single_trial__subject_05__posterior__P3__Hfull completed
development_methods 52/1848 eeg_fnirs_single_trial__subject_05__prefrontal__P1_tau__Hfull completed
development_methods 53/1848 eeg_fnirs_single_trial__subject_05__prefrontal__P1_beta__C0b completed
development_methods 54/1848 eeg_fnirs_single_trial__subject_05__prefrontal__P2__W1 completed
development_methods 55/1848 eeg_fnirs_single_trial__subject_05__motor__P3__H0.25 completed
development_methods 56/1848 eeg_fnirs_single_trial__subject_05__posterior__P2__C1 completed
development_methods 57/1848 eeg_fnirs_single_trial__subject_05__posterior__P2__H1.0 completed
development_methods 58/1848 eeg_fnirs_single_trial__subject_08__motor__P1_tau__W1 completed
development_methods 59/1848 eeg_fnirs_single_trial__subject_05__prefrontal__P1_beta__Hfull completed
development_methods 60/1848 eeg_fnirs_single_trial__subject_08__motor__P1_tau__C0b completed
development_methods 61/1848 eeg_fnirs_single_trial__subject_05__prefrontal__P2__C0b completed
development_methods 62/1848 eeg_fnirs_single_trial__subject_05__posterior__P3__H4.0 completed
development_methods 63/1848 eeg_fnirs_single_trial__subject_05__prefrontal__P1_tau__C1 completed
development_methods 64/1848 eeg_fnirs_single_trial__subject_05__prefrontal__P1_tau__H0.25 completed
development_methods 65/1848 eeg_fnirs_single_trial__subject_05__prefrontal__P3__C0b completed
development_methods 66/1848 eeg_fnirs_single_trial__subject_05__prefrontal__P3__W1 completed
development_methods 67/1848 eeg_fnirs_single_trial__subject_05__prefrontal__P1_tau__H1.0 completed
development_methods 68/1848 eeg_fnirs_single_trial__subject_05__prefrontal__P2__Hfull completed
development_methods 69/1848 eeg_fnirs_single_trial__subject_05__prefrontal__P1_beta__C1 completed
development_methods 70/1848 eeg_fnirs_single_trial__subject_05__posterior__P2__H0.25 completed
development_methods 71/1848 eeg_fnirs_single_trial__subject_05__posterior__P3__H0.25 completed
development_methods 72/1848 eeg_fnirs_single_trial__subject_08__motor__P2__C0b completed
development_methods 73/1848 eeg_fnirs_single_trial__subject_05__prefrontal__P1_beta__H1.0 completed
development_methods 74/1848 eeg_fnirs_single_trial__subject_05__posterior__P3__H1.0 completed
development_methods 75/1848 eeg_fnirs_single_trial__subject_08__motor__P1_beta__C0b completed
development_methods 76/1848 eeg_fnirs_single_trial__subject_05__prefrontal__P1_tau__H4.0 completed
development_methods 77/1848 eeg_fnirs_single_trial__subject_08__motor__P1_tau__Hfull completed
development_methods 78/1848 eeg_fnirs_single_trial__subject_05__prefrontal__P1_beta__H4.0 completed
development_methods 79/1848 eeg_fnirs_single_trial__subject_08__motor__P1_beta__W1 completed
development_methods 80/1848 eeg_fnirs_single_trial__subject_05__prefrontal__P1_beta__H0.25 completed
development_methods 81/1848 eeg_fnirs_single_trial__subject_08__motor__P1_tau__C1 completed
development_methods 82/1848 eeg_fnirs_single_trial__subject_08__motor__P2__W1 completed
development_methods 83/1848 eeg_fnirs_single_trial__subject_08__motor__P1_beta__Hfull completed
development_methods 84/1848 eeg_fnirs_single_trial__subject_08__motor__P1_tau__H4.0 completed
development_methods 85/1848 eeg_fnirs_single_trial__subject_05__prefrontal__P3__Hfull completed
development_methods 86/1848 eeg_fnirs_single_trial__subject_08__motor__P2__Hfull completed
development_methods 87/1848 eeg_fnirs_single_trial__subject_08__motor__P3__W1 completed
development_methods 88/1848 eeg_fnirs_single_trial__subject_08__motor__P1_tau__H0.25 completed
development_methods 89/1848 eeg_fnirs_single_trial__subject_08__motor__P1_beta__C1 completed
development_methods 90/1848 eeg_fnirs_single_trial__subject_08__posterior__P1_tau__C0b completed
development_methods 91/1848 eeg_fnirs_single_trial__subject_05__prefrontal__P2__C1 completed
development_methods 92/1848 eeg_fnirs_single_trial__subject_08__posterior__P1_tau__W1 completed
development_methods 93/1848 eeg_fnirs_single_trial__subject_08__motor__P2__C1 completed
development_methods 94/1848 eeg_fnirs_single_trial__subject_08__posterior__P1_beta__W1 completed
development_methods 95/1848 eeg_fnirs_single_trial__subject_08__motor__P3__C0b completed
development_methods 96/1848 eeg_fnirs_single_trial__subject_08__motor__P1_tau__H1.0 completed
development_methods 97/1848 eeg_fnirs_single_trial__subject_08__motor__P3__Hfull completed
development_methods 98/1848 eeg_fnirs_single_trial__subject_05__prefrontal__P2__H4.0 completed
development_methods 99/1848 eeg_fnirs_single_trial__subject_08__posterior__P1_beta__C1 completed
development_methods 100/1848 eeg_fnirs_single_trial__subject_08__motor__P1_beta__H4.0 completed
development_methods 101/1848 eeg_fnirs_single_trial__subject_05__posterior__P3__C1 completed
development_methods 102/1848 eeg_fnirs_single_trial__subject_05__prefrontal__P2__H1.0 completed
development_methods 103/1848 eeg_fnirs_single_trial__subject_08__posterior__P1_tau__Hfull completed
development_methods 104/1848 eeg_fnirs_single_trial__subject_05__prefrontal__P3__C1 completed
development_methods 105/1848 eeg_fnirs_single_trial__subject_08__motor__P3__C1 completed
development_methods 106/1848 eeg_fnirs_single_trial__subject_05__prefrontal__P2__H0.25 completed
development_methods 107/1848 eeg_fnirs_single_trial__subject_08__motor__P2__H4.0 completed
development_methods 108/1848 eeg_fnirs_single_trial__subject_08__posterior__P2__W1 completed
development_methods 109/1848 eeg_fnirs_single_trial__subject_08__posterior__P1_beta__Hfull completed
development_methods 110/1848 eeg_fnirs_single_trial__subject_08__posterior__P1_tau__H4.0 completed
development_methods 111/1848 eeg_fnirs_single_trial__subject_08__posterior__P1_tau__H1.0 completed
development_methods 112/1848 eeg_fnirs_single_trial__subject_08__motor__P1_beta__H0.25 completed
development_methods 113/1848 eeg_fnirs_single_trial__subject_08__posterior__P2__C0b completed
development_methods 114/1848 eeg_fnirs_single_trial__subject_08__posterior__P1_beta__C0b completed
development_methods 115/1848 eeg_fnirs_single_trial__subject_08__posterior__P2__Hfull completed
development_methods 116/1848 eeg_fnirs_single_trial__subject_08__posterior__P1_tau__H0.25 completed
development_methods 117/1848 eeg_fnirs_single_trial__subject_08__prefrontal__P1_tau__W1 completed
development_methods 118/1848 eeg_fnirs_single_trial__subject_08__prefrontal__P1_tau__C0b completed
development_methods 119/1848 eeg_fnirs_single_trial__subject_08__posterior__P3__W1 completed
development_methods 120/1848 eeg_fnirs_single_trial__subject_05__prefrontal__P3__H4.0 completed
development_methods 121/1848 eeg_fnirs_single_trial__subject_08__posterior__P1_beta__H4.0 completed
development_methods 122/1848 eeg_fnirs_single_trial__subject_05__prefrontal__P3__H1.0 completed
development_methods 123/1848 eeg_fnirs_single_trial__subject_08__prefrontal__P1_beta__W1 completed
development_methods 124/1848 eeg_fnirs_single_trial__subject_08__posterior__P2__C1 completed
development_methods 125/1848 eeg_fnirs_single_trial__subject_08__prefrontal__P1_tau__C1 completed
development_methods 126/1848 eeg_fnirs_single_trial__subject_05__prefrontal__P3__H0.25 completed
development_methods 127/1848 eeg_fnirs_single_trial__subject_08__prefrontal__P1_beta__C0b completed
development_methods 128/1848 eeg_fnirs_single_trial__subject_08__posterior__P3__Hfull completed
development_methods 129/1848 eeg_fnirs_single_trial__subject_08__motor__P1_beta__H1.0 completed
development_methods 130/1848 eeg_fnirs_single_trial__subject_08__prefrontal__P2__W1 completed
development_methods 131/1848 eeg_fnirs_single_trial__subject_08__motor__P2__H1.0 completed
development_methods 132/1848 eeg_fnirs_single_trial__subject_08__posterior__P3__C0b completed
development_methods 133/1848 eeg_fnirs_single_trial__subject_08__prefrontal__P2__C0b completed
development_methods 134/1848 eeg_fnirs_single_trial__subject_08__prefrontal__P1_tau__Hfull completed
development_methods 135/1848 eeg_fnirs_single_trial__subject_08__motor__P3__H4.0 completed
development_methods 136/1848 eeg_fnirs_single_trial__subject_08__posterior__P1_tau__C1 completed
development_methods 137/1848 eeg_fnirs_single_trial__subject_08__motor__P3__H1.0 completed
development_methods 138/1848 eeg_fnirs_single_trial__subject_08__posterior__P1_beta__H1.0 completed
development_methods 139/1848 eeg_fnirs_single_trial__subject_08__prefrontal__P1_beta__Hfull completed
development_methods 140/1848 eeg_fnirs_single_trial__subject_08__posterior__P2__H4.0 completed
development_methods 141/1848 eeg_fnirs_single_trial__subject_11__motor__P1_tau__W1 completed
development_methods 142/1848 eeg_fnirs_single_trial__subject_08__prefrontal__P3__C0b completed
development_methods 143/1848 eeg_fnirs_single_trial__subject_08__motor__P2__H0.25 completed
development_methods 144/1848 eeg_fnirs_single_trial__subject_08__prefrontal__P1_tau__H4.0 completed
development_methods 145/1848 eeg_fnirs_single_trial__subject_08__prefrontal__P2__Hfull completed
development_methods 146/1848 eeg_fnirs_single_trial__subject_08__motor__P3__H0.25 completed
development_methods 147/1848 eeg_fnirs_single_trial__subject_11__motor__P1_beta__C0b completed
development_methods 148/1848 eeg_fnirs_single_trial__subject_11__motor__P1_tau__C0b completed
development_methods 149/1848 eeg_fnirs_single_trial__subject_08__prefrontal__P1_beta__C1 completed
development_methods 150/1848 eeg_fnirs_single_trial__subject_08__posterior__P3__H4.0 completed
development_methods 151/1848 eeg_fnirs_single_trial__subject_08__prefrontal__P1_tau__H1.0 completed
development_methods 152/1848 eeg_fnirs_single_trial__subject_08__prefrontal__P1_tau__H0.25 completed
development_methods 153/1848 eeg_fnirs_single_trial__subject_08__prefrontal__P3__W1 completed
development_methods 154/1848 eeg_fnirs_single_trial__subject_08__prefrontal__P1_beta__H1.0 completed
development_methods 155/1848 eeg_fnirs_single_trial__subject_08__prefrontal__P1_beta__H4.0 completed
development_methods 156/1848 eeg_fnirs_single_trial__subject_08__prefrontal__P1_beta__H0.25 completed
development_methods 157/1848 eeg_fnirs_single_trial__subject_08__prefrontal__P2__H4.0 completed
development_methods 158/1848 eeg_fnirs_single_trial__subject_08__prefrontal__P3__Hfull completed
development_methods 159/1848 eeg_fnirs_single_trial__subject_08__prefrontal__P2__C1 completed
development_methods 160/1848 eeg_fnirs_single_trial__subject_08__prefrontal__P2__H1.0 completed
development_methods 161/1848 eeg_fnirs_single_trial__subject_08__prefrontal__P2__H0.25 completed
development_methods 162/1848 eeg_fnirs_single_trial__subject_08__posterior__P2__H1.0 completed
development_methods 163/1848 eeg_fnirs_single_trial__subject_11__motor__P1_tau__Hfull completed
development_methods 164/1848 eeg_fnirs_single_trial__subject_11__motor__P1_beta__C1 completed
development_methods 165/1848 eeg_fnirs_single_trial__subject_08__prefrontal__P3__H1.0 completed
development_methods 166/1848 eeg_fnirs_single_trial__subject_08__prefrontal__P3__H4.0 completed
development_methods 167/1848 eeg_fnirs_single_trial__subject_11__motor__P1_tau__C1 completed
development_methods 168/1848 eeg_fnirs_single_trial__subject_11__motor__P2__W1 completed
development_methods 169/1848 eeg_fnirs_single_trial__subject_08__prefrontal__P3__H0.25 completed
development_methods 170/1848 eeg_fnirs_single_trial__subject_08__posterior__P1_beta__H0.25 completed
development_methods 171/1848 eeg_fnirs_single_trial__subject_08__posterior__P3__C1 completed
development_methods 172/1848 eeg_fnirs_single_trial__subject_11__motor__P1_tau__H4.0 completed
development_methods 173/1848 eeg_fnirs_single_trial__subject_11__motor__P1_beta__W1 completed
development_methods 174/1848 eeg_fnirs_single_trial__subject_11__motor__P1_beta__Hfull completed
development_methods 175/1848 eeg_fnirs_single_trial__subject_08__prefrontal__P3__C1 completed
development_methods 176/1848 eeg_fnirs_single_trial__subject_11__motor__P2__C0b completed
development_methods 177/1848 eeg_fnirs_single_trial__subject_11__posterior__P1_tau__C0b completed
development_methods 178/1848 eeg_fnirs_single_trial__subject_11__motor__P1_beta__H0.25 completed
development_methods 179/1848 eeg_fnirs_single_trial__subject_11__motor__P3__C0b completed
development_methods 180/1848 eeg_fnirs_single_trial__subject_11__motor__P1_tau__H1.0 completed
development_methods 181/1848 eeg_fnirs_single_trial__subject_11__motor__P1_beta__H4.0 completed
development_methods 182/1848 eeg_fnirs_single_trial__subject_11__posterior__P1_beta__W1 completed
development_methods 183/1848 eeg_fnirs_single_trial__subject_11__motor__P1_tau__H0.25 completed
development_methods 184/1848 eeg_fnirs_single_trial__subject_11__motor__P3__W1 completed
development_methods 185/1848 eeg_fnirs_single_trial__subject_08__posterior__P3__H1.0 completed
development_methods 186/1848 eeg_fnirs_single_trial__subject_11__motor__P1_beta__H1.0 completed
development_methods 187/1848 eeg_fnirs_single_trial__subject_11__motor__P2__Hfull completed
development_methods 188/1848 eeg_fnirs_single_trial__subject_11__posterior__P1_tau__W1 completed
development_methods 189/1848 eeg_fnirs_single_trial__subject_11__motor__P3__Hfull completed
development_methods 190/1848 eeg_fnirs_single_trial__subject_11__motor__P2__C1 completed
development_methods 191/1848 eeg_fnirs_single_trial__subject_08__posterior__P2__H0.25 completed
development_methods 192/1848 eeg_fnirs_single_trial__subject_11__posterior__P1_tau__Hfull completed
development_methods 193/1848 eeg_fnirs_single_trial__subject_11__motor__P2__H0.25 completed
development_methods 194/1848 eeg_fnirs_single_trial__subject_11__posterior__P1_tau__C1 completed
development_methods 195/1848 eeg_fnirs_single_trial__subject_11__motor__P2__H4.0 completed
development_methods 196/1848 eeg_fnirs_single_trial__subject_11__posterior__P1_beta__C1 completed
development_methods 197/1848 eeg_fnirs_single_trial__subject_08__posterior__P3__H0.25 completed
development_methods 198/1848 eeg_fnirs_single_trial__subject_11__motor__P2__H1.0 completed
development_methods 199/1848 eeg_fnirs_single_trial__subject_11__posterior__P2__C0b completed
development_methods 200/1848 eeg_fnirs_single_trial__subject_11__posterior__P1_beta__C0b completed
development_methods 201/1848 eeg_fnirs_single_trial__subject_11__posterior__P2__W1 completed
development_methods 202/1848 eeg_fnirs_single_trial__subject_11__motor__P3__H4.0 completed
development_methods 203/1848 eeg_fnirs_single_trial__subject_11__motor__P3__H1.0 completed
development_methods 204/1848 eeg_fnirs_single_trial__subject_11__prefrontal__P1_tau__C0b completed
development_methods 205/1848 eeg_fnirs_single_trial__subject_11__posterior__P1_beta__Hfull completed
development_methods 206/1848 eeg_fnirs_single_trial__subject_11__prefrontal__P1_beta__C0b completed
development_methods 207/1848 eeg_fnirs_single_trial__subject_11__motor__P3__C1 completed
development_methods 208/1848 eeg_fnirs_single_trial__subject_11__posterior__P3__C0b completed
development_methods 209/1848 eeg_fnirs_single_trial__subject_11__posterior__P3__W1 completed
development_methods 210/1848 eeg_fnirs_single_trial__subject_11__posterior__P1_tau__H4.0 completed
development_methods 211/1848 eeg_fnirs_single_trial__subject_11__posterior__P2__Hfull completed
development_methods 212/1848 eeg_fnirs_single_trial__subject_11__motor__P3__H0.25 completed
development_methods 213/1848 eeg_fnirs_single_trial__subject_11__prefrontal__P1_tau__W1 completed
development_methods 214/1848 eeg_fnirs_single_trial__subject_11__posterior__P3__Hfull completed
development_methods 215/1848 eeg_fnirs_single_trial__subject_11__prefrontal__P1_beta__W1 completed
development_methods 216/1848 eeg_fnirs_single_trial__subject_11__prefrontal__P1_tau__Hfull completed
development_methods 217/1848 eeg_fnirs_single_trial__subject_11__posterior__P1_beta__H4.0 completed
development_methods 218/1848 eeg_fnirs_single_trial__subject_11__posterior__P1_tau__H0.25 completed
development_methods 219/1848 eeg_fnirs_single_trial__subject_11__posterior__P1_beta__H1.0 completed
development_methods 220/1848 eeg_fnirs_single_trial__subject_19__motor__P1_tau__W1 completed
development_methods 221/1848 eeg_fnirs_single_trial__subject_11__prefrontal__P1_beta__Hfull completed
development_methods 222/1848 eeg_fnirs_single_trial__subject_11__prefrontal__P2__C0b completed
development_methods 223/1848 eeg_fnirs_single_trial__subject_19__motor__P1_tau__C0b completed
development_methods 224/1848 eeg_fnirs_single_trial__subject_11__posterior__P2__H1.0 completed
development_methods 225/1848 eeg_fnirs_single_trial__subject_11__prefrontal__P1_tau__C1 completed
development_methods 226/1848 eeg_fnirs_single_trial__subject_11__posterior__P2__H0.25 completed
development_methods 227/1848 eeg_fnirs_single_trial__subject_11__posterior__P1_beta__H0.25 completed
development_methods 228/1848 eeg_fnirs_single_trial__subject_11__posterior__P1_tau__H1.0 completed
development_methods 229/1848 eeg_fnirs_single_trial__subject_11__prefrontal__P1_beta__C1 completed
development_methods 230/1848 eeg_fnirs_single_trial__subject_11__posterior__P2__C1 completed
development_methods 231/1848 eeg_fnirs_single_trial__subject_11__prefrontal__P1_beta__H0.25 completed
development_methods 232/1848 eeg_fnirs_single_trial__subject_11__prefrontal__P2__W1 completed
development_methods 233/1848 eeg_fnirs_single_trial__subject_11__prefrontal__P2__Hfull completed
development_methods 234/1848 eeg_fnirs_single_trial__subject_11__prefrontal__P3__W1 completed
development_methods 235/1848 eeg_fnirs_single_trial__subject_19__motor__P1_tau__C1 completed
development_methods 236/1848 eeg_fnirs_single_trial__subject_19__motor__P1_beta__C0b completed
development_methods 237/1848 eeg_fnirs_single_trial__subject_19__motor__P1_beta__W1 completed
development_methods 238/1848 eeg_fnirs_single_trial__subject_11__prefrontal__P1_beta__H1.0 completed
development_methods 239/1848 eeg_fnirs_single_trial__subject_11__posterior__P2__H4.0 completed
development_methods 240/1848 eeg_fnirs_single_trial__subject_11__prefrontal__P1_beta__H4.0 completed
development_methods 241/1848 eeg_fnirs_single_trial__subject_11__prefrontal__P3__C0b completed
development_methods 242/1848 eeg_fnirs_single_trial__subject_11__prefrontal__P3__Hfull completed
development_methods 243/1848 eeg_fnirs_single_trial__subject_11__prefrontal__P1_tau__H4.0 completed
development_methods 244/1848 eeg_fnirs_single_trial__subject_11__posterior__P3__H1.0 completed
development_methods 245/1848 eeg_fnirs_single_trial__subject_11__prefrontal__P1_tau__H1.0 completed
development_methods 246/1848 eeg_fnirs_single_trial__subject_11__prefrontal__P2__C1 completed
development_methods 247/1848 eeg_fnirs_single_trial__subject_11__prefrontal__P3__C1 completed
development_methods 248/1848 eeg_fnirs_single_trial__subject_11__prefrontal__P1_tau__H0.25 completed
development_methods 249/1848 eeg_fnirs_single_trial__subject_19__motor__P1_tau__Hfull completed
development_methods 250/1848 eeg_fnirs_single_trial__subject_11__prefrontal__P2__H0.25 completed
development_methods 251/1848 eeg_fnirs_single_trial__subject_11__posterior__P3__H4.0 completed
development_methods 252/1848 eeg_fnirs_single_trial__subject_11__prefrontal__P2__H1.0 completed
development_methods 253/1848 eeg_fnirs_single_trial__subject_11__prefrontal__P2__H4.0 completed
development_methods 254/1848 eeg_fnirs_single_trial__subject_11__posterior__P3__H0.25 completed
development_methods 255/1848 eeg_fnirs_single_trial__subject_19__motor__P1_beta__C1 completed
development_methods 256/1848 eeg_fnirs_single_trial__subject_19__motor__P2__W1 completed
development_methods 257/1848 eeg_fnirs_single_trial__subject_19__motor__P3__C0b completed
development_methods 258/1848 eeg_fnirs_single_trial__subject_19__posterior__P1_tau__C0b completed
development_methods 259/1848 eeg_fnirs_single_trial__subject_19__motor__P3__W1 completed
development_methods 260/1848 eeg_fnirs_single_trial__subject_19__motor__P1_beta__Hfull completed
development_methods 261/1848 eeg_fnirs_single_trial__subject_11__prefrontal__P3__H0.25 completed
development_methods 262/1848 eeg_fnirs_single_trial__subject_19__motor__P1_tau__H0.25 completed
development_methods 263/1848 eeg_fnirs_single_trial__subject_19__motor__P1_tau__H4.0 completed
development_methods 264/1848 eeg_fnirs_single_trial__subject_19__posterior__P1_beta__W1 completed
development_methods 265/1848 eeg_fnirs_single_trial__subject_11__prefrontal__P3__H1.0 completed
development_methods 266/1848 eeg_fnirs_single_trial__subject_19__motor__P2__Hfull completed
development_methods 267/1848 eeg_fnirs_single_trial__subject_19__motor__P2__C0b completed
development_methods 268/1848 eeg_fnirs_single_trial__subject_19__motor__P1_beta__H0.25 completed
development_methods 269/1848 eeg_fnirs_single_trial__subject_19__posterior__P2__C0b completed
development_methods 270/1848 eeg_fnirs_single_trial__subject_19__motor__P3__Hfull completed
development_methods 271/1848 eeg_fnirs_single_trial__subject_11__prefrontal__P3__H4.0 completed
development_methods 272/1848 eeg_fnirs_single_trial__subject_11__posterior__P3__C1 completed
development_methods 273/1848 eeg_fnirs_single_trial__subject_19__posterior__P1_tau__W1 completed
development_methods 274/1848 eeg_fnirs_single_trial__subject_19__posterior__P1_tau__Hfull completed
development_methods 275/1848 eeg_fnirs_single_trial__subject_19__posterior__P1_beta__C0b completed
development_methods 276/1848 eeg_fnirs_single_trial__subject_19__motor__P3__C1 completed
development_methods 277/1848 eeg_fnirs_single_trial__subject_19__posterior__P3__C0b completed
development_methods 278/1848 eeg_fnirs_single_trial__subject_19__motor__P1_tau__H1.0 completed
development_methods 279/1848 eeg_fnirs_single_trial__subject_19__motor__P1_beta__H4.0 completed
development_methods 280/1848 eeg_fnirs_single_trial__subject_19__motor__P2__H4.0 completed
development_methods 281/1848 eeg_fnirs_single_trial__subject_19__posterior__P1_beta__Hfull completed
development_methods 282/1848 eeg_fnirs_single_trial__subject_19__posterior__P1_tau__H4.0 completed
development_methods 283/1848 eeg_fnirs_single_trial__subject_19__prefrontal__P1_tau__W1 completed
development_methods 284/1848 eeg_fnirs_single_trial__subject_19__posterior__P1_tau__H0.25 completed
development_methods 285/1848 eeg_fnirs_single_trial__subject_19__motor__P2__H0.25 completed
development_methods 286/1848 eeg_fnirs_single_trial__subject_19__motor__P1_beta__H1.0 completed
development_methods 287/1848 eeg_fnirs_single_trial__subject_19__posterior__P2__Hfull completed
development_methods 288/1848 eeg_fnirs_single_trial__subject_19__prefrontal__P1_beta__C0b completed
development_methods 289/1848 eeg_fnirs_single_trial__subject_19__posterior__P3__W1 completed
development_methods 290/1848 eeg_fnirs_single_trial__subject_19__motor__P2__C1 completed
development_methods 291/1848 eeg_fnirs_single_trial__subject_19__prefrontal__P1_beta__W1 completed
development_methods 292/1848 eeg_fnirs_single_trial__subject_19__posterior__P1_beta__H4.0 completed
development_methods 293/1848 eeg_fnirs_single_trial__subject_19__posterior__P1_beta__C1 completed
development_methods 294/1848 eeg_fnirs_single_trial__subject_19__prefrontal__P1_tau__C0b completed
development_methods 295/1848 eeg_fnirs_single_trial__subject_19__posterior__P1_tau__H1.0 completed
development_methods 296/1848 eeg_fnirs_single_trial__subject_19__posterior__P3__Hfull completed
development_methods 297/1848 eeg_fnirs_single_trial__subject_19__posterior__P2__C1 completed
development_methods 298/1848 eeg_fnirs_single_trial__subject_19__prefrontal__P1_tau__C1 completed
development_methods 299/1848 eeg_fnirs_single_trial__subject_19__posterior__P2__W1 completed
development_methods 300/1848 eeg_fnirs_single_trial__subject_19__motor__P2__H1.0 completed
development_methods 301/1848 eeg_fnirs_single_trial__subject_19__prefrontal__P1_tau__Hfull completed
development_methods 302/1848 eeg_fnirs_single_trial__subject_19__posterior__P3__C1 completed
development_methods 303/1848 eeg_fnirs_single_trial__subject_19__prefrontal__P2__W1 completed
development_methods 304/1848 eeg_fnirs_single_trial__subject_19__motor__P3__H0.25 completed
development_methods 305/1848 eeg_fnirs_single_trial__subject_19__prefrontal__P2__C0b completed
development_methods 306/1848 eeg_fnirs_single_trial__subject_19__motor__P3__H1.0 completed
development_methods 307/1848 eeg_fnirs_single_trial__subject_24__motor__P1_tau__C0b completed
development_methods 308/1848 eeg_fnirs_single_trial__subject_19__prefrontal__P1_beta__Hfull completed
development_methods 309/1848 eeg_fnirs_single_trial__subject_19__prefrontal__P3__W1 completed
development_methods 310/1848 eeg_fnirs_single_trial__subject_19__prefrontal__P1_beta__C1 completed
development_methods 311/1848 eeg_fnirs_single_trial__subject_19__prefrontal__P3__C0b completed
development_methods 312/1848 eeg_fnirs_single_trial__subject_19__posterior__P1_tau__C1 completed
development_methods 313/1848 eeg_fnirs_single_trial__subject_19__posterior__P1_beta__H0.25 completed
development_methods 314/1848 eeg_fnirs_single_trial__subject_19__prefrontal__P1_tau__H4.0 completed
development_methods 315/1848 eeg_fnirs_single_trial__subject_24__motor__P1_tau__W1 completed
development_methods 316/1848 eeg_fnirs_single_trial__subject_19__prefrontal__P2__Hfull completed
development_methods 317/1848 eeg_fnirs_single_trial__subject_19__prefrontal__P3__C1 completed
development_methods 318/1848 eeg_fnirs_single_trial__subject_19__motor__P3__H4.0 completed
development_methods 319/1848 eeg_fnirs_single_trial__subject_19__posterior__P2__H0.25 completed
development_methods 320/1848 eeg_fnirs_single_trial__subject_24__motor__P1_beta__C0b completed
development_methods 321/1848 eeg_fnirs_single_trial__subject_19__posterior__P2__H1.0 completed
development_methods 322/1848 eeg_fnirs_single_trial__subject_19__prefrontal__P1_beta__H1.0 completed
development_methods 323/1848 eeg_fnirs_single_trial__subject_19__prefrontal__P1_beta__H0.25 completed
development_methods 324/1848 eeg_fnirs_single_trial__subject_19__prefrontal__P1_beta__H4.0 completed
development_methods 325/1848 eeg_fnirs_single_trial__subject_19__prefrontal__P2__C1 completed
development_methods 326/1848 eeg_fnirs_single_trial__subject_19__posterior__P3__H1.0 completed
development_methods 327/1848 eeg_fnirs_single_trial__subject_19__prefrontal__P2__H4.0 completed
development_methods 328/1848 eeg_fnirs_single_trial__subject_19__prefrontal__P3__Hfull completed
development_methods 329/1848 eeg_fnirs_single_trial__subject_19__posterior__P3__H4.0 completed
development_methods 330/1848 eeg_fnirs_single_trial__subject_19__posterior__P1_beta__H1.0 completed
development_methods 331/1848 eeg_fnirs_single_trial__subject_24__motor__P2__C0b completed
development_methods 332/1848 eeg_fnirs_single_trial__subject_24__motor__P1_tau__Hfull completed
development_methods 333/1848 eeg_fnirs_single_trial__subject_19__prefrontal__P2__H1.0 completed
development_methods 334/1848 eeg_fnirs_single_trial__subject_19__posterior__P2__H4.0 completed
development_methods 335/1848 eeg_fnirs_single_trial__subject_19__prefrontal__P3__H4.0 completed
development_methods 336/1848 eeg_fnirs_single_trial__subject_24__motor__P1_tau__H4.0 completed
development_methods 337/1848 eeg_fnirs_single_trial__subject_24__motor__P1_beta__C1 completed
development_methods 338/1848 eeg_fnirs_single_trial__subject_24__motor__P1_beta__Hfull completed
development_methods 339/1848 eeg_fnirs_single_trial__subject_24__motor__P1_tau__H1.0 completed
development_methods 340/1848 eeg_fnirs_single_trial__subject_24__motor__P1_tau__H0.25 completed
development_methods 341/1848 eeg_fnirs_single_trial__subject_24__motor__P2__W1 completed
development_methods 342/1848 eeg_fnirs_single_trial__subject_24__motor__P3__C0b completed
development_methods 343/1848 eeg_fnirs_single_trial__subject_24__posterior__P1_tau__C0b completed
development_methods 344/1848 eeg_fnirs_single_trial__subject_19__prefrontal__P2__H0.25 completed
development_methods 345/1848 eeg_fnirs_single_trial__subject_19__posterior__P3__H0.25 completed
development_methods 346/1848 eeg_fnirs_single_trial__subject_19__prefrontal__P3__H1.0 completed
development_methods 347/1848 eeg_fnirs_single_trial__subject_24__posterior__P1_beta__W1 completed
development_methods 348/1848 eeg_fnirs_single_trial__subject_24__posterior__P1_tau__W1 completed
development_methods 349/1848 eeg_fnirs_single_trial__subject_24__motor__P1_beta__W1 completed
development_methods 350/1848 eeg_fnirs_single_trial__subject_24__motor__P1_beta__H4.0 completed
development_methods 351/1848 eeg_fnirs_single_trial__subject_24__motor__P1_beta__H0.25 completed
development_methods 352/1848 eeg_fnirs_single_trial__subject_24__motor__P2__Hfull completed
development_methods 353/1848 eeg_fnirs_single_trial__subject_24__motor__P3__W1 completed
development_methods 354/1848 eeg_fnirs_single_trial__subject_19__prefrontal__P1_tau__H1.0 completed
development_methods 355/1848 eeg_fnirs_single_trial__subject_24__motor__P1_beta__H1.0 completed
development_methods 356/1848 eeg_fnirs_single_trial__subject_24__motor__P3__C1 completed
development_methods 357/1848 eeg_fnirs_single_trial__subject_24__posterior__P1_beta__C0b completed
development_methods 358/1848 eeg_fnirs_single_trial__subject_24__posterior__P2__C0b completed
development_methods 359/1848 eeg_fnirs_single_trial__subject_24__motor__P3__Hfull completed
development_methods 360/1848 eeg_fnirs_single_trial__subject_19__prefrontal__P3__H0.25 completed
development_methods 361/1848 eeg_fnirs_single_trial__subject_24__motor__P2__H4.0 completed
development_methods 362/1848 eeg_fnirs_single_trial__subject_24__posterior__P1_tau__Hfull completed
development_methods 363/1848 eeg_fnirs_single_trial__subject_24__motor__P2__H1.0 completed
development_methods 364/1848 eeg_fnirs_single_trial__subject_24__posterior__P2__W1 completed
development_methods 365/1848 eeg_fnirs_single_trial__subject_24__posterior__P1_beta__Hfull completed
development_methods 366/1848 eeg_fnirs_single_trial__subject_24__posterior__P1_beta__C1 completed
development_methods 367/1848 eeg_fnirs_single_trial__subject_24__motor__P2__H0.25 completed
development_methods 368/1848 eeg_fnirs_single_trial__subject_19__prefrontal__P1_tau__H0.25 completed
development_methods 369/1848 eeg_fnirs_single_trial__subject_24__motor__P3__H4.0 completed
development_methods 370/1848 eeg_fnirs_single_trial__subject_24__posterior__P1_tau__H4.0 completed
development_methods 371/1848 eeg_fnirs_single_trial__subject_24__posterior__P1_tau__H1.0 completed
development_methods 372/1848 eeg_fnirs_single_trial__subject_24__motor__P3__H1.0 completed
development_methods 373/1848 eeg_fnirs_single_trial__subject_24__posterior__P1_tau__H0.25 completed
development_methods 374/1848 eeg_fnirs_single_trial__subject_24__prefrontal__P1_tau__C0b completed
development_methods 375/1848 eeg_fnirs_single_trial__subject_24__posterior__P3__W1 completed
development_methods 376/1848 eeg_fnirs_single_trial__subject_24__prefrontal__P1_beta__W1 completed
development_methods 377/1848 eeg_fnirs_single_trial__subject_24__motor__P3__H0.25 completed
development_methods 378/1848 eeg_fnirs_single_trial__subject_24__posterior__P1_tau__C1 completed
development_methods 379/1848 eeg_fnirs_single_trial__subject_24__posterior__P3__C0b completed
development_methods 380/1848 eeg_fnirs_single_trial__subject_24__prefrontal__P1_tau__W1 completed
development_methods 381/1848 eeg_fnirs_single_trial__subject_24__motor__P1_tau__C1 completed
development_methods 382/1848 eeg_fnirs_single_trial__subject_24__prefrontal__P1_beta__C0b completed
development_methods 383/1848 eeg_fnirs_single_trial__subject_24__posterior__P2__Hfull completed
development_methods 384/1848 eeg_fnirs_single_trial__subject_24__posterior__P1_beta__H4.0 completed
development_methods 385/1848 eeg_fnirs_single_trial__subject_24__motor__P2__C1 completed
development_methods 386/1848 eeg_fnirs_single_trial__subject_24__prefrontal__P2__C0b completed
development_methods 387/1848 eeg_fnirs_single_trial__subject_24__posterior__P3__Hfull completed
development_methods 388/1848 eeg_fnirs_single_trial__subject_24__posterior__P1_beta__H1.0 completed
development_methods 389/1848 eeg_fnirs_single_trial__subject_24__posterior__P2__H0.25 completed
development_methods 390/1848 eeg_fnirs_single_trial__subject_24__posterior__P2__C1 completed
development_methods 391/1848 eeg_fnirs_single_trial__subject_24__prefrontal__P2__W1 completed
development_methods 392/1848 eeg_fnirs_single_trial__subject_24__prefrontal__P1_tau__Hfull completed
development_methods 393/1848 eeg_fnirs_single_trial__subject_24__prefrontal__P1_beta__C1 completed
development_methods 394/1848 eeg_fnirs_single_trial__subject_24__posterior__P1_beta__H0.25 completed
development_methods 395/1848 eeg_fnirs_single_trial__subject_24__prefrontal__P1_tau__C1 completed
development_methods 396/1848 eeg_fnirs_single_trial__subject_24__posterior__P2__H1.0 completed
development_methods 397/1848 eeg_fnirs_single_trial__subject_24__posterior__P3__C1 completed
development_methods 398/1848 eeg_fnirs_single_trial__subject_24__prefrontal__P1_beta__Hfull completed
development_methods 399/1848 eeg_fnirs_single_trial__subject_28__motor__P1_tau__W1 completed
development_methods 400/1848 eeg_fnirs_single_trial__subject_28__motor__P1_tau__C0b completed
development_methods 401/1848 eeg_fnirs_single_trial__subject_24__prefrontal__P1_tau__H1.0 completed
development_methods 402/1848 eeg_fnirs_single_trial__subject_24__prefrontal__P1_tau__H0.25 completed
development_methods 403/1848 eeg_fnirs_single_trial__subject_24__prefrontal__P1_tau__H4.0 completed
development_methods 404/1848 eeg_fnirs_single_trial__subject_24__posterior__P2__H4.0 completed
development_methods 405/1848 eeg_fnirs_single_trial__subject_24__prefrontal__P3__W1 completed
development_methods 406/1848 eeg_fnirs_single_trial__subject_24__prefrontal__P3__C0b completed
development_methods 407/1848 eeg_fnirs_single_trial__subject_24__prefrontal__P1_beta__H1.0 completed
development_methods 408/1848 eeg_fnirs_single_trial__subject_24__prefrontal__P1_beta__H4.0 completed
development_methods 409/1848 eeg_fnirs_single_trial__subject_28__motor__P1_beta__C0b completed
development_methods 410/1848 eeg_fnirs_single_trial__subject_24__prefrontal__P2__Hfull completed
development_methods 411/1848 eeg_fnirs_single_trial__subject_24__prefrontal__P1_beta__H0.25 completed
development_methods 412/1848 eeg_fnirs_single_trial__subject_24__posterior__P3__H4.0 completed
development_methods 413/1848 eeg_fnirs_single_trial__subject_28__motor__P1_beta__W1 completed
development_methods 414/1848 eeg_fnirs_single_trial__subject_24__posterior__P3__H1.0 completed
development_methods 415/1848 eeg_fnirs_single_trial__subject_24__posterior__P3__H0.25 completed
development_methods 416/1848 eeg_fnirs_single_trial__subject_24__prefrontal__P3__Hfull completed
development_methods 417/1848 eeg_fnirs_single_trial__subject_24__prefrontal__P2__H1.0 completed
development_methods 418/1848 eeg_fnirs_single_trial__subject_28__motor__P2__W1 completed
development_methods 419/1848 eeg_fnirs_single_trial__subject_24__prefrontal__P2__H4.0 completed
development_methods 420/1848 eeg_fnirs_single_trial__subject_24__prefrontal__P2__H0.25 completed
development_methods 421/1848 eeg_fnirs_single_trial__subject_28__motor__P1_tau__Hfull completed
development_methods 422/1848 eeg_fnirs_single_trial__subject_28__motor__P2__C0b completed
development_methods 423/1848 eeg_fnirs_single_trial__subject_28__posterior__P1_tau__W1 completed
development_methods 424/1848 eeg_fnirs_single_trial__subject_28__motor__P3__W1 completed
development_methods 425/1848 eeg_fnirs_single_trial__subject_28__motor__P1_tau__C1 completed
development_methods 426/1848 eeg_fnirs_single_trial__subject_28__posterior__P1_tau__C0b completed
development_methods 427/1848 eeg_fnirs_single_trial__subject_28__motor__P1_tau__H0.25 completed
development_methods 428/1848 eeg_fnirs_single_trial__subject_28__motor__P1_tau__H1.0 completed
development_methods 429/1848 eeg_fnirs_single_trial__subject_24__prefrontal__P3__H1.0 completed
development_methods 430/1848 eeg_fnirs_single_trial__subject_24__prefrontal__P3__H4.0 completed
development_methods 431/1848 eeg_fnirs_single_trial__subject_28__motor__P1_tau__H4.0 completed
development_methods 432/1848 eeg_fnirs_single_trial__subject_28__motor__P1_beta__Hfull completed
development_methods 433/1848 eeg_fnirs_single_trial__subject_24__prefrontal__P3__H0.25 completed
development_methods 434/1848 eeg_fnirs_single_trial__subject_28__posterior__P1_beta__C0b completed
development_methods 435/1848 eeg_fnirs_single_trial__subject_28__posterior__P1_beta__W1 completed
development_methods 436/1848 eeg_fnirs_single_trial__subject_28__motor__P3__C0b completed
development_methods 437/1848 eeg_fnirs_single_trial__subject_28__motor__P2__Hfull completed
development_methods 438/1848 eeg_fnirs_single_trial__subject_28__motor__P1_beta__H0.25 completed
development_methods 439/1848 eeg_fnirs_single_trial__subject_28__motor__P3__Hfull completed
development_methods 440/1848 eeg_fnirs_single_trial__subject_28__motor__P2__C1 completed
development_methods 441/1848 eeg_fnirs_single_trial__subject_28__posterior__P2__W1 completed
development_methods 442/1848 eeg_fnirs_single_trial__subject_28__posterior__P1_tau__Hfull completed
development_methods 443/1848 eeg_fnirs_single_trial__subject_28__posterior__P2__C0b completed
development_methods 444/1848 eeg_fnirs_single_trial__subject_28__posterior__P3__W1 completed
development_methods 445/1848 eeg_fnirs_single_trial__subject_28__posterior__P1_tau__H1.0 completed
development_methods 446/1848 eeg_fnirs_single_trial__subject_28__motor__P3__C1 completed
development_methods 447/1848 eeg_fnirs_single_trial__subject_28__posterior__P1_tau__H0.25 completed
development_methods 448/1848 eeg_fnirs_single_trial__subject_28__posterior__P1_beta__Hfull completed
development_methods 449/1848 eeg_fnirs_single_trial__subject_24__prefrontal__P2__C1 completed
development_methods 450/1848 eeg_fnirs_single_trial__subject_28__posterior__P1_beta__C1 completed
development_methods 451/1848 eeg_fnirs_single_trial__subject_28__motor__P2__H4.0 completed
development_methods 452/1848 eeg_fnirs_single_trial__subject_28__motor__P2__H1.0 completed
development_methods 453/1848 eeg_fnirs_single_trial__subject_28__posterior__P1_beta__H0.25 completed
development_methods 454/1848 eeg_fnirs_single_trial__subject_28__motor__P2__H0.25 completed
development_methods 455/1848 eeg_fnirs_single_trial__subject_28__prefrontal__P1_beta__C0b completed
development_methods 456/1848 eeg_fnirs_single_trial__subject_24__prefrontal__P3__C1 completed
development_methods 457/1848 eeg_fnirs_single_trial__subject_28__posterior__P2__Hfull completed
development_methods 458/1848 eeg_fnirs_single_trial__subject_28__posterior__P1_beta__H4.0 completed
development_methods 459/1848 eeg_fnirs_single_trial__subject_28__posterior__P1_beta__H1.0 completed
development_methods 460/1848 eeg_fnirs_single_trial__subject_28__posterior__P3__C0b completed
development_methods 461/1848 eeg_fnirs_single_trial__subject_28__prefrontal__P1_tau__W1 completed
development_methods 462/1848 eeg_fnirs_single_trial__subject_28__motor__P1_beta__H1.0 completed
development_methods 463/1848 eeg_fnirs_single_trial__subject_28__posterior__P3__Hfull completed
development_methods 464/1848 eeg_fnirs_single_trial__subject_28__motor__P3__H4.0 completed
development_methods 465/1848 eeg_fnirs_single_trial__subject_28__prefrontal__P1_tau__Hfull completed
development_methods 466/1848 eeg_fnirs_single_trial__subject_28__prefrontal__P2__C0b completed
development_methods 467/1848 eeg_fnirs_single_trial__subject_28__posterior__P1_tau__C1 completed
development_methods 468/1848 eeg_fnirs_single_trial__subject_28__prefrontal__P1_tau__C0b completed
development_methods 469/1848 eeg_fnirs_single_trial__subject_28__motor__P3__H1.0 completed
development_methods 470/1848 eeg_fnirs_single_trial__subject_28__motor__P3__H0.25 completed
development_methods 471/1848 eeg_fnirs_single_trial__subject_28__motor__P1_beta__H4.0 completed
development_methods 472/1848 eeg_fnirs_single_trial__subject_28__prefrontal__P1_beta__C1 completed
development_methods 473/1848 eeg_fnirs_single_trial__subject_28__prefrontal__P1_beta__Hfull completed
development_methods 474/1848 eeg_fnirs_single_trial__subject_28__prefrontal__P3__C0b completed
development_methods 475/1848 eeg_fnirs_single_trial__subject_28__prefrontal__P2__W1 completed
development_methods 476/1848 eeg_fnirs_single_trial__subject_28__prefrontal__P1_beta__W1 completed
development_methods 477/1848 simultaneous_eeg_nirs__VP003__motor__P1_tau__W1 completed
development_methods 478/1848 simultaneous_eeg_nirs__VP003__motor__P1_tau__C0b completed
development_methods 479/1848 eeg_fnirs_single_trial__subject_28__posterior__P2__H1.0 completed
development_methods 480/1848 eeg_fnirs_single_trial__subject_28__prefrontal__P3__W1 completed
development_methods 481/1848 eeg_fnirs_single_trial__subject_28__posterior__P2__H4.0 completed
development_methods 482/1848 eeg_fnirs_single_trial__subject_28__posterior__P3__H4.0 completed
development_methods 483/1848 simultaneous_eeg_nirs__VP003__motor__P1_beta__C0b completed
development_methods 484/1848 eeg_fnirs_single_trial__subject_28__prefrontal__P2__C1 completed
development_methods 485/1848 eeg_fnirs_single_trial__subject_28__posterior__P1_tau__H4.0 completed
development_methods 486/1848 eeg_fnirs_single_trial__subject_28__prefrontal__P1_beta__H1.0 completed
development_methods 487/1848 eeg_fnirs_single_trial__subject_28__prefrontal__P1_tau__C1 completed
development_methods 488/1848 eeg_fnirs_single_trial__subject_28__prefrontal__P1_beta__H0.25 completed
development_methods 489/1848 eeg_fnirs_single_trial__subject_28__prefrontal__P3__Hfull completed
development_methods 490/1848 eeg_fnirs_single_trial__subject_28__prefrontal__P2__Hfull completed
development_methods 491/1848 eeg_fnirs_single_trial__subject_28__posterior__P3__H1.0 completed
development_methods 492/1848 eeg_fnirs_single_trial__subject_28__prefrontal__P2__H1.0 completed
development_methods 493/1848 simultaneous_eeg_nirs__VP003__motor__P1_tau__Hfull completed
development_methods 494/1848 simultaneous_eeg_nirs__VP003__motor__P1_tau__C1 completed
development_methods 495/1848 eeg_fnirs_single_trial__subject_28__prefrontal__P2__H0.25 completed
development_methods 496/1848 simultaneous_eeg_nirs__VP003__motor__P2__C0b completed
development_methods 497/1848 eeg_fnirs_single_trial__subject_28__posterior__P2__H0.25 completed
development_methods 498/1848 eeg_fnirs_single_trial__subject_28__prefrontal__P1_beta__H4.0 completed
development_methods 499/1848 simultaneous_eeg_nirs__VP003__motor__P1_beta__W1 completed
development_methods 500/1848 eeg_fnirs_single_trial__subject_28__prefrontal__P1_tau__H4.0 completed
development_methods 501/1848 simultaneous_eeg_nirs__VP003__motor__P1_beta__C1 completed
development_methods 502/1848 simultaneous_eeg_nirs__VP003__motor__P1_beta__Hfull completed
development_methods 503/1848 simultaneous_eeg_nirs__VP003__motor__P1_tau__H4.0 completed
development_methods 504/1848 eeg_fnirs_single_trial__subject_28__prefrontal__P3__H1.0 completed
development_methods 505/1848 eeg_fnirs_single_trial__subject_28__prefrontal__P3__H4.0 completed
development_methods 506/1848 simultaneous_eeg_nirs__VP003__motor__P1_tau__H1.0 completed
development_methods 507/1848 simultaneous_eeg_nirs__VP003__motor__P3__C0b completed
development_methods 508/1848 simultaneous_eeg_nirs__VP003__posterior__P1_tau__W1 completed
development_methods 509/1848 simultaneous_eeg_nirs__VP003__motor__P2__W1 completed
development_methods 510/1848 simultaneous_eeg_nirs__VP003__motor__P1_tau__H0.25 completed
development_methods 511/1848 eeg_fnirs_single_trial__subject_28__prefrontal__P3__C1 completed
development_methods 512/1848 simultaneous_eeg_nirs__VP003__posterior__P1_tau__C0b completed
development_methods 513/1848 simultaneous_eeg_nirs__VP003__motor__P1_beta__H1.0 completed
development_methods 514/1848 eeg_fnirs_single_trial__subject_28__posterior__P2__C1 completed
development_methods 515/1848 simultaneous_eeg_nirs__VP003__motor__P1_beta__H4.0 completed
development_methods 516/1848 simultaneous_eeg_nirs__VP003__motor__P1_beta__H0.25 completed
development_methods 517/1848 eeg_fnirs_single_trial__subject_28__posterior__P3__H0.25 completed
development_methods 518/1848 simultaneous_eeg_nirs__VP003__motor__P2__Hfull completed
development_methods 519/1848 simultaneous_eeg_nirs__VP003__motor__P2__C1 completed
development_methods 520/1848 eeg_fnirs_single_trial__subject_28__prefrontal__P1_tau__H0.25 completed
development_methods 521/1848 simultaneous_eeg_nirs__VP003__motor__P3__Hfull completed
development_methods 522/1848 simultaneous_eeg_nirs__VP003__motor__P2__H4.0 completed
development_methods 523/1848 simultaneous_eeg_nirs__VP003__posterior__P1_beta__C0b completed
development_methods 524/1848 simultaneous_eeg_nirs__VP003__posterior__P1_tau__C1 completed
development_methods 525/1848 simultaneous_eeg_nirs__VP003__motor__P2__H1.0 completed
development_methods 526/1848 simultaneous_eeg_nirs__VP003__posterior__P2__C0b completed
development_methods 527/1848 simultaneous_eeg_nirs__VP003__posterior__P1_beta__W1 completed
development_methods 528/1848 simultaneous_eeg_nirs__VP003__motor__P2__H0.25 completed
development_methods 529/1848 eeg_fnirs_single_trial__subject_28__prefrontal__P3__H0.25 completed
development_methods 530/1848 eeg_fnirs_single_trial__subject_28__prefrontal__P2__H4.0 completed
development_methods 531/1848 simultaneous_eeg_nirs__VP003__posterior__P1_tau__Hfull completed
development_methods 532/1848 simultaneous_eeg_nirs__VP003__motor__P3__H4.0 completed
development_methods 533/1848 simultaneous_eeg_nirs__VP003__motor__P3__W1 completed
development_methods 534/1848 simultaneous_eeg_nirs__VP003__motor__P3__H1.0 completed
development_methods 535/1848 eeg_fnirs_single_trial__subject_28__posterior__P3__C1 completed
development_methods 536/1848 simultaneous_eeg_nirs__VP003__posterior__P3__C0b completed
development_methods 537/1848 simultaneous_eeg_nirs__VP003__motor__P3__H0.25 completed
development_methods 538/1848 simultaneous_eeg_nirs__VP003__posterior__P1_beta__Hfull completed
development_methods 539/1848 simultaneous_eeg_nirs__VP003__posterior__P2__W1 completed
development_methods 540/1848 simultaneous_eeg_nirs__VP003__prefrontal__P1_tau__W1 completed
development_methods 541/1848 simultaneous_eeg_nirs__VP003__posterior__P1_tau__H1.0 completed
development_methods 542/1848 simultaneous_eeg_nirs__VP003__posterior__P1_tau__H4.0 completed
development_methods 543/1848 simultaneous_eeg_nirs__VP003__prefrontal__P1_tau__C0b completed
development_methods 544/1848 simultaneous_eeg_nirs__VP003__posterior__P2__Hfull completed
development_methods 545/1848 eeg_fnirs_single_trial__subject_28__motor__P1_beta__C1 completed
development_methods 546/1848 eeg_fnirs_single_trial__subject_28__prefrontal__P1_tau__H1.0 completed
development_methods 547/1848 simultaneous_eeg_nirs__VP003__posterior__P3__Hfull completed
development_methods 548/1848 simultaneous_eeg_nirs__VP003__prefrontal__P1_beta__W1 completed
development_methods 549/1848 simultaneous_eeg_nirs__VP003__motor__P3__C1 completed
development_methods 550/1848 simultaneous_eeg_nirs__VP003__posterior__P1_tau__H0.25 completed
development_methods 551/1848 simultaneous_eeg_nirs__VP003__posterior__P2__H0.25 completed
development_methods 552/1848 simultaneous_eeg_nirs__VP003__prefrontal__P1_tau__Hfull completed
development_methods 553/1848 simultaneous_eeg_nirs__VP003__prefrontal__P2__W1 completed
development_methods 554/1848 simultaneous_eeg_nirs__VP003__prefrontal__P1_beta__C0b completed
development_methods 555/1848 simultaneous_eeg_nirs__VP003__posterior__P2__C1 completed
development_methods 556/1848 simultaneous_eeg_nirs__VP003__posterior__P1_beta__H0.25 completed
development_methods 557/1848 simultaneous_eeg_nirs__VP003__posterior__P2__H4.0 completed
development_methods 558/1848 simultaneous_eeg_nirs__VP003__posterior__P1_beta__H4.0 completed
development_methods 559/1848 simultaneous_eeg_nirs__VP003__posterior__P1_beta__H1.0 completed
development_methods 560/1848 simultaneous_eeg_nirs__VP003__posterior__P3__W1 completed
development_methods 561/1848 simultaneous_eeg_nirs__VP003__prefrontal__P1_beta__Hfull completed
development_methods 562/1848 simultaneous_eeg_nirs__VP003__prefrontal__P3__W1 completed
development_methods 563/1848 simultaneous_eeg_nirs__VP003__posterior__P3__H0.25 completed
development_methods 564/1848 simultaneous_eeg_nirs__VP006__motor__P1_tau__C0b completed
development_methods 565/1848 simultaneous_eeg_nirs__VP003__posterior__P3__C1 completed
development_methods 566/1848 simultaneous_eeg_nirs__VP003__posterior__P3__H4.0 completed
development_methods 567/1848 simultaneous_eeg_nirs__VP003__prefrontal__P2__Hfull completed
development_methods 568/1848 simultaneous_eeg_nirs__VP006__motor__P1_tau__W1 completed
development_methods 569/1848 simultaneous_eeg_nirs__VP003__posterior__P3__H1.0 completed
development_methods 570/1848 simultaneous_eeg_nirs__VP006__motor__P1_beta__C0b completed
development_methods 571/1848 simultaneous_eeg_nirs__VP003__prefrontal__P3__Hfull completed
development_methods 572/1848 simultaneous_eeg_nirs__VP006__motor__P1_beta__W1 completed
development_methods 573/1848 simultaneous_eeg_nirs__VP003__posterior__P2__H1.0 completed
development_methods 574/1848 simultaneous_eeg_nirs__VP003__prefrontal__P1_tau__H0.25 completed
development_methods 575/1848 simultaneous_eeg_nirs__VP003__prefrontal__P1_tau__H1.0 completed
development_methods 576/1848 simultaneous_eeg_nirs__VP003__prefrontal__P1_tau__H4.0 completed
development_methods 577/1848 simultaneous_eeg_nirs__VP006__motor__P1_tau__Hfull completed
development_methods 578/1848 simultaneous_eeg_nirs__VP003__prefrontal__P1_beta__H4.0 completed
development_methods 579/1848 simultaneous_eeg_nirs__VP006__motor__P2__C0b completed
development_methods 580/1848 simultaneous_eeg_nirs__VP003__prefrontal__P2__C0b completed
development_methods 581/1848 simultaneous_eeg_nirs__VP006__motor__P3__C0b completed
development_methods 582/1848 simultaneous_eeg_nirs__VP003__prefrontal__P3__C1 completed
development_methods 583/1848 simultaneous_eeg_nirs__VP006__motor__P1_beta__Hfull completed
development_methods 584/1848 simultaneous_eeg_nirs__VP006__motor__P2__W1 completed
development_methods 585/1848 simultaneous_eeg_nirs__VP006__motor__P1_beta__C1 completed
development_methods 586/1848 simultaneous_eeg_nirs__VP003__prefrontal__P1_beta__C1 completed
development_methods 587/1848 simultaneous_eeg_nirs__VP003__posterior__P1_beta__C1 completed
development_methods 588/1848 simultaneous_eeg_nirs__VP006__posterior__P1_tau__C0b completed
development_methods 589/1848 simultaneous_eeg_nirs__VP003__prefrontal__P3__H0.25 completed
development_methods 590/1848 simultaneous_eeg_nirs__VP006__posterior__P1_tau__W1 completed
development_methods 591/1848 simultaneous_eeg_nirs__VP006__motor__P1_tau__H4.0 completed
development_methods 592/1848 simultaneous_eeg_nirs__VP003__prefrontal__P3__C0b completed
development_methods 593/1848 simultaneous_eeg_nirs__VP003__prefrontal__P1_beta__H1.0 completed
development_methods 594/1848 simultaneous_eeg_nirs__VP006__motor__P1_tau__H0.25 completed
development_methods 595/1848 simultaneous_eeg_nirs__VP006__motor__P1_tau__H1.0 completed
development_methods 596/1848 simultaneous_eeg_nirs__VP006__motor__P2__Hfull completed
development_methods 597/1848 simultaneous_eeg_nirs__VP006__motor__P3__W1 completed
development_methods 598/1848 simultaneous_eeg_nirs__VP003__prefrontal__P2__C1 completed
development_methods 599/1848 simultaneous_eeg_nirs__VP006__posterior__P1_beta__C0b completed
development_methods 600/1848 simultaneous_eeg_nirs__VP006__motor__P2__C1 completed
development_methods 601/1848 simultaneous_eeg_nirs__VP006__motor__P1_beta__H4.0 completed
development_methods 602/1848 simultaneous_eeg_nirs__VP003__prefrontal__P1_beta__H0.25 completed
development_methods 603/1848 simultaneous_eeg_nirs__VP006__motor__P3__Hfull completed
development_methods 604/1848 simultaneous_eeg_nirs__VP006__motor__P2__H4.0 completed
development_methods 605/1848 simultaneous_eeg_nirs__VP006__motor__P2__H1.0 completed
development_methods 606/1848 simultaneous_eeg_nirs__VP003__prefrontal__P3__H1.0 completed
development_methods 607/1848 simultaneous_eeg_nirs__VP003__prefrontal__P1_tau__C1 completed
development_methods 608/1848 simultaneous_eeg_nirs__VP006__motor__P2__H0.25 completed
development_methods 609/1848 simultaneous_eeg_nirs__VP006__posterior__P2__C0b completed
development_methods 610/1848 simultaneous_eeg_nirs__VP006__motor__P3__C1 completed
development_methods 611/1848 simultaneous_eeg_nirs__VP006__posterior__P1_tau__Hfull completed
development_methods 612/1848 simultaneous_eeg_nirs__VP003__prefrontal__P2__H1.0 completed
development_methods 613/1848 simultaneous_eeg_nirs__VP006__motor__P3__H4.0 completed
development_methods 614/1848 simultaneous_eeg_nirs__VP006__motor__P1_beta__H1.0 completed
development_methods 615/1848 simultaneous_eeg_nirs__VP006__motor__P1_beta__H0.25 completed
development_methods 616/1848 simultaneous_eeg_nirs__VP003__prefrontal__P2__H0.25 completed
development_methods 617/1848 simultaneous_eeg_nirs__VP006__posterior__P2__W1 completed
development_methods 618/1848 simultaneous_eeg_nirs__VP006__posterior__P1_tau__H4.0 completed
development_methods 619/1848 simultaneous_eeg_nirs__VP006__posterior__P1_beta__W1 completed
development_methods 620/1848 simultaneous_eeg_nirs__VP006__posterior__P1_beta__Hfull completed
development_methods 621/1848 simultaneous_eeg_nirs__VP006__motor__P1_tau__C1 completed
development_methods 622/1848 simultaneous_eeg_nirs__VP006__motor__P3__H1.0 completed
development_methods 623/1848 simultaneous_eeg_nirs__VP006__prefrontal__P1_tau__W1 completed
development_methods 624/1848 simultaneous_eeg_nirs__VP003__prefrontal__P2__H4.0 completed
development_methods 625/1848 simultaneous_eeg_nirs__VP006__posterior__P1_tau__H1.0 completed
development_methods 626/1848 simultaneous_eeg_nirs__VP006__posterior__P3__W1 completed
development_methods 627/1848 simultaneous_eeg_nirs__VP006__posterior__P2__Hfull completed
development_methods 628/1848 simultaneous_eeg_nirs__VP006__posterior__P3__C0b completed
development_methods 629/1848 simultaneous_eeg_nirs__VP006__prefrontal__P1_beta__C0b completed
development_methods 630/1848 simultaneous_eeg_nirs__VP006__posterior__P3__Hfull completed
development_methods 631/1848 simultaneous_eeg_nirs__VP006__prefrontal__P1_beta__W1 completed
development_methods 632/1848 simultaneous_eeg_nirs__VP006__posterior__P1_tau__H0.25 completed
development_methods 633/1848 simultaneous_eeg_nirs__VP006__posterior__P1_beta__H0.25 completed
development_methods 634/1848 simultaneous_eeg_nirs__VP006__prefrontal__P1_tau__C0b completed
development_methods 635/1848 simultaneous_eeg_nirs__VP006__prefrontal__P1_tau__Hfull completed
development_methods 636/1848 simultaneous_eeg_nirs__VP006__motor__P3__H0.25 completed
development_methods 637/1848 simultaneous_eeg_nirs__VP006__posterior__P2__C1 completed
development_methods 638/1848 simultaneous_eeg_nirs__VP006__prefrontal__P2__C0b completed
development_methods 639/1848 simultaneous_eeg_nirs__VP006__posterior__P1_beta__C1 completed
development_methods 640/1848 simultaneous_eeg_nirs__VP006__posterior__P3__C1 completed
development_methods 641/1848 simultaneous_eeg_nirs__VP006__prefrontal__P1_beta__C1 completed
development_methods 642/1848 simultaneous_eeg_nirs__VP003__prefrontal__P3__H4.0 completed
development_methods 643/1848 simultaneous_eeg_nirs__VP006__posterior__P1_beta__H1.0 completed
development_methods 644/1848 simultaneous_eeg_nirs__VP006__posterior__P1_beta__H4.0 completed
development_methods 645/1848 simultaneous_eeg_nirs__VP006__prefrontal__P1_beta__Hfull completed
development_methods 646/1848 simultaneous_eeg_nirs__VP009__motor__P1_tau__C0b completed
development_methods 647/1848 simultaneous_eeg_nirs__VP006__prefrontal__P3__C0b completed
development_methods 648/1848 simultaneous_eeg_nirs__VP006__prefrontal__P2__W1 completed
development_methods 649/1848 simultaneous_eeg_nirs__VP006__prefrontal__P3__W1 completed
development_methods 650/1848 simultaneous_eeg_nirs__VP006__posterior__P2__H4.0 completed
development_methods 651/1848 simultaneous_eeg_nirs__VP006__posterior__P2__H0.25 completed
development_methods 652/1848 simultaneous_eeg_nirs__VP006__posterior__P2__H1.0 completed
development_methods 653/1848 simultaneous_eeg_nirs__VP006__prefrontal__P2__Hfull completed
development_methods 654/1848 simultaneous_eeg_nirs__VP006__prefrontal__P3__Hfull completed
development_methods 655/1848 simultaneous_eeg_nirs__VP006__posterior__P1_tau__C1 completed
development_methods 656/1848 simultaneous_eeg_nirs__VP006__prefrontal__P1_beta__H0.25 completed
development_methods 657/1848 simultaneous_eeg_nirs__VP006__prefrontal__P1_tau__H0.25 completed
development_methods 658/1848 simultaneous_eeg_nirs__VP006__prefrontal__P1_tau__H1.0 completed
development_methods 659/1848 simultaneous_eeg_nirs__VP009__motor__P1_tau__C1 completed
development_methods 660/1848 simultaneous_eeg_nirs__VP006__prefrontal__P1_tau__C1 completed
development_methods 661/1848 simultaneous_eeg_nirs__VP009__motor__P1_tau__W1 completed
development_methods 662/1848 simultaneous_eeg_nirs__VP009__motor__P1_beta__C0b completed
development_methods 663/1848 simultaneous_eeg_nirs__VP009__motor__P1_tau__Hfull completed
development_methods 664/1848 simultaneous_eeg_nirs__VP006__posterior__P3__H0.25 completed
development_methods 665/1848 simultaneous_eeg_nirs__VP006__prefrontal__P1_beta__H1.0 completed
development_methods 666/1848 simultaneous_eeg_nirs__VP006__prefrontal__P1_tau__H4.0 completed
development_methods 667/1848 simultaneous_eeg_nirs__VP006__prefrontal__P2__H0.25 completed
development_methods 668/1848 simultaneous_eeg_nirs__VP009__motor__P2__W1 completed
development_methods 669/1848 simultaneous_eeg_nirs__VP009__motor__P2__C0b completed
development_methods 670/1848 simultaneous_eeg_nirs__VP006__prefrontal__P2__C1 completed
development_methods 671/1848 simultaneous_eeg_nirs__VP009__motor__P1_beta__W1 completed
development_methods 672/1848 simultaneous_eeg_nirs__VP006__posterior__P3__H1.0 completed
development_methods 673/1848 simultaneous_eeg_nirs__VP006__posterior__P3__H4.0 completed
development_methods 674/1848 simultaneous_eeg_nirs__VP009__motor__P1_beta__Hfull completed
development_methods 675/1848 simultaneous_eeg_nirs__VP006__prefrontal__P3__H1.0 completed
development_methods 676/1848 simultaneous_eeg_nirs__VP009__motor__P1_beta__C1 completed
development_methods 677/1848 simultaneous_eeg_nirs__VP009__posterior__P1_tau__C0b completed
development_methods 678/1848 simultaneous_eeg_nirs__VP009__posterior__P1_tau__W1 completed
development_methods 679/1848 simultaneous_eeg_nirs__VP009__motor__P3__C0b completed
development_methods 680/1848 simultaneous_eeg_nirs__VP009__motor__P3__W1 completed
development_methods 681/1848 simultaneous_eeg_nirs__VP009__motor__P1_tau__H0.25 completed
development_methods 682/1848 simultaneous_eeg_nirs__VP009__motor__P2__C1 completed
development_methods 683/1848 simultaneous_eeg_nirs__VP009__motor__P2__Hfull completed
development_methods 684/1848 simultaneous_eeg_nirs__VP006__prefrontal__P1_beta__H4.0 completed
development_methods 685/1848 simultaneous_eeg_nirs__VP006__prefrontal__P3__H0.25 completed
development_methods 686/1848 simultaneous_eeg_nirs__VP009__posterior__P1_beta__W1 completed
development_methods 687/1848 simultaneous_eeg_nirs__VP009__posterior__P1_beta__C0b completed
development_methods 688/1848 simultaneous_eeg_nirs__VP009__motor__P3__Hfull completed
development_methods 689/1848 simultaneous_eeg_nirs__VP006__prefrontal__P3__C1 completed
development_methods 690/1848 simultaneous_eeg_nirs__VP009__motor__P1_beta__H4.0 completed
development_methods 691/1848 simultaneous_eeg_nirs__VP009__motor__P1_tau__H1.0 completed
development_methods 692/1848 simultaneous_eeg_nirs__VP009__posterior__P1_tau__Hfull completed
development_methods 693/1848 simultaneous_eeg_nirs__VP009__motor__P2__H4.0 completed
development_methods 694/1848 simultaneous_eeg_nirs__VP009__posterior__P2__C0b completed
development_methods 695/1848 simultaneous_eeg_nirs__VP006__prefrontal__P2__H4.0 completed
development_methods 696/1848 simultaneous_eeg_nirs__VP009__prefrontal__P1_tau__C0b completed
development_methods 697/1848 simultaneous_eeg_nirs__VP009__motor__P3__H0.25 completed
development_methods 698/1848 simultaneous_eeg_nirs__VP009__motor__P1_beta__H1.0 completed
development_methods 699/1848 simultaneous_eeg_nirs__VP009__posterior__P1_beta__Hfull completed
development_methods 700/1848 simultaneous_eeg_nirs__VP009__motor__P1_beta__H0.25 completed
development_methods 701/1848 simultaneous_eeg_nirs__VP006__prefrontal__P3__H4.0 completed
development_methods 702/1848 simultaneous_eeg_nirs__VP009__posterior__P1_tau__H1.0 completed
development_methods 703/1848 simultaneous_eeg_nirs__VP009__motor__P3__C1 completed
development_methods 704/1848 simultaneous_eeg_nirs__VP009__prefrontal__P1_tau__W1 completed
development_methods 705/1848 simultaneous_eeg_nirs__VP009__posterior__P2__W1 completed
development_methods 706/1848 simultaneous_eeg_nirs__VP009__posterior__P1_tau__H0.25 completed
development_methods 707/1848 simultaneous_eeg_nirs__VP009__posterior__P3__C0b completed
development_methods 708/1848 simultaneous_eeg_nirs__VP009__posterior__P2__Hfull completed
development_methods 709/1848 simultaneous_eeg_nirs__VP009__posterior__P3__W1 completed
development_methods 710/1848 simultaneous_eeg_nirs__VP009__prefrontal__P1_beta__W1 completed
development_methods 711/1848 simultaneous_eeg_nirs__VP009__prefrontal__P1_beta__C0b completed
development_methods 712/1848 simultaneous_eeg_nirs__VP009__posterior__P3__Hfull completed
development_methods 713/1848 simultaneous_eeg_nirs__VP009__motor__P1_tau__H4.0 completed
development_methods 714/1848 simultaneous_eeg_nirs__VP009__motor__P3__H4.0 completed
development_methods 715/1848 simultaneous_eeg_nirs__VP009__motor__P2__H1.0 completed
development_methods 716/1848 simultaneous_eeg_nirs__VP009__motor__P2__H0.25 completed
development_methods 717/1848 simultaneous_eeg_nirs__VP009__motor__P3__H1.0 completed
development_methods 718/1848 simultaneous_eeg_nirs__VP006__prefrontal__P2__H1.0 completed
development_methods 719/1848 simultaneous_eeg_nirs__VP009__posterior__P2__H0.25 completed
development_methods 720/1848 simultaneous_eeg_nirs__VP009__prefrontal__P1_tau__Hfull completed
development_methods 721/1848 simultaneous_eeg_nirs__VP009__posterior__P2__H4.0 completed
development_methods 722/1848 simultaneous_eeg_nirs__VP009__posterior__P1_tau__C1 completed
development_methods 723/1848 simultaneous_eeg_nirs__VP009__posterior__P2__H1.0 completed
development_methods 724/1848 simultaneous_eeg_nirs__VP009__posterior__P3__H0.25 completed
development_methods 725/1848 simultaneous_eeg_nirs__VP009__posterior__P3__C1 completed
development_methods 726/1848 simultaneous_eeg_nirs__VP009__posterior__P3__H4.0 completed
development_methods 727/1848 simultaneous_eeg_nirs__VP009__prefrontal__P1_beta__C1 completed
development_methods 728/1848 simultaneous_eeg_nirs__VP009__posterior__P3__H1.0 completed
development_methods 729/1848 simultaneous_eeg_nirs__VP009__prefrontal__P1_tau__H0.25 completed
development_methods 730/1848 simultaneous_eeg_nirs__VP009__prefrontal__P2__W1 completed
development_methods 731/1848 simultaneous_eeg_nirs__VP013__motor__P1_tau__C0b completed
development_methods 732/1848 simultaneous_eeg_nirs__VP009__prefrontal__P1_beta__Hfull completed
development_methods 733/1848 simultaneous_eeg_nirs__VP009__prefrontal__P3__W1 completed
development_methods 734/1848 simultaneous_eeg_nirs__VP009__prefrontal__P3__C0b completed
development_methods 735/1848 simultaneous_eeg_nirs__VP009__prefrontal__P1_tau__H4.0 completed
development_methods 736/1848 simultaneous_eeg_nirs__VP013__motor__P1_tau__W1 completed
development_methods 737/1848 simultaneous_eeg_nirs__VP009__prefrontal__P1_beta__H0.25 completed
development_methods 738/1848 simultaneous_eeg_nirs__VP009__posterior__P1_beta__C1 completed
development_methods 739/1848 simultaneous_eeg_nirs__VP013__motor__P1_beta__W1 completed
development_methods 740/1848 simultaneous_eeg_nirs__VP009__prefrontal__P2__Hfull completed
development_methods 741/1848 simultaneous_eeg_nirs__VP009__prefrontal__P1_beta__H1.0 completed
development_methods 742/1848 simultaneous_eeg_nirs__VP009__prefrontal__P1_beta__H4.0 completed
development_methods 743/1848 simultaneous_eeg_nirs__VP009__prefrontal__P1_tau__C1 completed
development_methods 744/1848 simultaneous_eeg_nirs__VP009__prefrontal__P2__C0b completed
development_methods 745/1848 simultaneous_eeg_nirs__VP013__motor__P1_beta__C0b completed
development_methods 746/1848 simultaneous_eeg_nirs__VP009__prefrontal__P3__Hfull completed
development_methods 747/1848 simultaneous_eeg_nirs__VP009__posterior__P1_beta__H4.0 completed
development_methods 748/1848 simultaneous_eeg_nirs__VP013__motor__P1_beta__C1 completed
development_methods 749/1848 simultaneous_eeg_nirs__VP009__posterior__P1_beta__H0.25 completed
development_methods 750/1848 simultaneous_eeg_nirs__VP009__posterior__P1_tau__H4.0 completed
development_methods 751/1848 simultaneous_eeg_nirs__VP013__motor__P1_tau__Hfull completed
development_methods 752/1848 simultaneous_eeg_nirs__VP009__posterior__P1_beta__H1.0 completed
development_methods 753/1848 simultaneous_eeg_nirs__VP013__motor__P2__W1 completed
development_methods 754/1848 simultaneous_eeg_nirs__VP013__motor__P1_tau__C1 completed
development_methods 755/1848 simultaneous_eeg_nirs__VP013__motor__P1_tau__H0.25 completed
development_methods 756/1848 simultaneous_eeg_nirs__VP013__motor__P1_beta__Hfull completed
development_methods 757/1848 simultaneous_eeg_nirs__VP013__motor__P3__C0b completed
development_methods 758/1848 simultaneous_eeg_nirs__VP013__motor__P1_tau__H1.0 completed
development_methods 759/1848 simultaneous_eeg_nirs__VP013__posterior__P1_tau__C0b completed
development_methods 760/1848 simultaneous_eeg_nirs__VP009__prefrontal__P3__H0.25 completed
development_methods 761/1848 simultaneous_eeg_nirs__VP013__motor__P2__Hfull completed
development_methods 762/1848 simultaneous_eeg_nirs__VP009__prefrontal__P2__H4.0 completed
development_methods 763/1848 simultaneous_eeg_nirs__VP009__posterior__P2__C1 completed
development_methods 764/1848 simultaneous_eeg_nirs__VP013__motor__P1_beta__H4.0 completed
development_methods 765/1848 simultaneous_eeg_nirs__VP013__posterior__P1_tau__W1 completed
development_methods 766/1848 simultaneous_eeg_nirs__VP013__motor__P2__C0b completed
development_methods 767/1848 simultaneous_eeg_nirs__VP009__prefrontal__P3__C1 completed
development_methods 768/1848 simultaneous_eeg_nirs__VP013__motor__P1_beta__H1.0 completed
development_methods 769/1848 simultaneous_eeg_nirs__VP013__motor__P3__W1 completed
development_methods 770/1848 simultaneous_eeg_nirs__VP013__motor__P3__Hfull completed
development_methods 771/1848 simultaneous_eeg_nirs__VP009__prefrontal__P2__C1 completed
development_methods 772/1848 simultaneous_eeg_nirs__VP013__posterior__P1_beta__C0b completed
development_methods 773/1848 simultaneous_eeg_nirs__VP013__motor__P1_tau__H4.0 completed
development_methods 774/1848 simultaneous_eeg_nirs__VP009__prefrontal__P1_tau__H1.0 completed
development_methods 775/1848 simultaneous_eeg_nirs__VP013__motor__P1_beta__H0.25 completed
development_methods 776/1848 simultaneous_eeg_nirs__VP013__posterior__P1_tau__Hfull completed
development_methods 777/1848 simultaneous_eeg_nirs__VP013__posterior__P2__C0b completed
development_methods 778/1848 simultaneous_eeg_nirs__VP013__posterior__P2__W1 completed
development_methods 779/1848 simultaneous_eeg_nirs__VP013__motor__P2__H4.0 completed
development_methods 780/1848 simultaneous_eeg_nirs__VP013__posterior__P1_tau__C1 completed
development_methods 781/1848 simultaneous_eeg_nirs__VP013__posterior__P1_beta__W1 completed
development_methods 782/1848 simultaneous_eeg_nirs__VP013__motor__P3__H1.0 completed
development_methods 783/1848 simultaneous_eeg_nirs__VP013__posterior__P1_tau__H4.0 completed
development_methods 784/1848 simultaneous_eeg_nirs__VP013__posterior__P1_tau__H1.0 completed
development_methods 785/1848 simultaneous_eeg_nirs__VP013__posterior__P1_beta__Hfull completed
development_methods 786/1848 simultaneous_eeg_nirs__VP009__prefrontal__P3__H1.0 completed
development_methods 787/1848 simultaneous_eeg_nirs__VP013__posterior__P3__C0b completed
development_methods 788/1848 simultaneous_eeg_nirs__VP013__posterior__P1_tau__H0.25 completed
development_methods 789/1848 simultaneous_eeg_nirs__VP009__prefrontal__P2__H1.0 completed
development_methods 790/1848 simultaneous_eeg_nirs__VP013__motor__P3__H4.0 completed
development_methods 791/1848 simultaneous_eeg_nirs__VP009__prefrontal__P2__H0.25 completed
development_methods 792/1848 simultaneous_eeg_nirs__VP013__motor__P3__H0.25 completed
development_methods 793/1848 simultaneous_eeg_nirs__VP013__posterior__P2__Hfull completed
development_methods 794/1848 simultaneous_eeg_nirs__VP013__motor__P2__H1.0 completed
development_methods 795/1848 simultaneous_eeg_nirs__VP013__motor__P2__H0.25 completed
development_methods 796/1848 simultaneous_eeg_nirs__VP013__posterior__P1_beta__H0.25 completed
development_methods 797/1848 simultaneous_eeg_nirs__VP009__prefrontal__P3__H4.0 completed
development_methods 798/1848 simultaneous_eeg_nirs__VP013__prefrontal__P1_tau__C0b completed
development_methods 799/1848 simultaneous_eeg_nirs__VP013__posterior__P3__Hfull completed
development_methods 800/1848 simultaneous_eeg_nirs__VP013__prefrontal__P1_beta__W1 completed
development_methods 801/1848 simultaneous_eeg_nirs__VP013__prefrontal__P1_beta__C0b completed
development_methods 802/1848 simultaneous_eeg_nirs__VP013__posterior__P3__W1 completed
development_methods 803/1848 simultaneous_eeg_nirs__VP013__prefrontal__P1_beta__C1 completed
development_methods 804/1848 simultaneous_eeg_nirs__VP013__prefrontal__P1_tau__Hfull completed
development_methods 805/1848 simultaneous_eeg_nirs__VP013__posterior__P1_beta__H1.0 completed
development_methods 806/1848 simultaneous_eeg_nirs__VP013__posterior__P3__H1.0 completed
development_methods 807/1848 simultaneous_eeg_nirs__VP013__prefrontal__P2__C0b completed
development_methods 808/1848 simultaneous_eeg_nirs__VP013__posterior__P3__H0.25 completed
development_methods 809/1848 simultaneous_eeg_nirs__VP013__posterior__P1_beta__C1 completed
development_methods 810/1848 simultaneous_eeg_nirs__VP013__prefrontal__P3__W1 completed
development_methods 811/1848 simultaneous_eeg_nirs__VP013__prefrontal__P1_tau__W1 completed
development_methods 812/1848 simultaneous_eeg_nirs__VP013__prefrontal__P1_beta__Hfull completed
development_methods 813/1848 simultaneous_eeg_nirs__VP013__posterior__P2__H1.0 completed
development_methods 814/1848 simultaneous_eeg_nirs__VP013__motor__P3__C1 completed
development_methods 815/1848 simultaneous_eeg_nirs__VP013__posterior__P2__H0.25 completed
development_methods 816/1848 simultaneous_eeg_nirs__VP013__prefrontal__P2__W1 completed
development_methods 817/1848 simultaneous_eeg_nirs__VP013__prefrontal__P1_tau__C1 completed
development_methods 818/1848 simultaneous_eeg_nirs__VP019__motor__P1_tau__W1 completed
development_methods 819/1848 simultaneous_eeg_nirs__VP013__prefrontal__P1_tau__H0.25 completed
development_methods 820/1848 simultaneous_eeg_nirs__VP013__prefrontal__P1_tau__H1.0 completed
development_methods 821/1848 simultaneous_eeg_nirs__VP013__prefrontal__P2__Hfull completed
development_methods 822/1848 simultaneous_eeg_nirs__VP013__motor__P2__C1 completed
development_methods 823/1848 simultaneous_eeg_nirs__VP013__posterior__P2__H4.0 completed
development_methods 824/1848 simultaneous_eeg_nirs__VP013__prefrontal__P3__Hfull completed
development_methods 825/1848 simultaneous_eeg_nirs__VP013__prefrontal__P2__C1 completed
development_methods 826/1848 simultaneous_eeg_nirs__VP019__motor__P1_tau__C0b completed
development_methods 827/1848 simultaneous_eeg_nirs__VP019__motor__P1_beta__C0b completed
development_methods 828/1848 simultaneous_eeg_nirs__VP013__prefrontal__P3__C0b completed
development_methods 829/1848 simultaneous_eeg_nirs__VP013__prefrontal__P1_beta__H4.0 completed
development_methods 830/1848 simultaneous_eeg_nirs__VP019__motor__P1_beta__W1 completed
development_methods 831/1848 simultaneous_eeg_nirs__VP013__posterior__P1_beta__H4.0 completed
development_methods 832/1848 simultaneous_eeg_nirs__VP013__prefrontal__P1_tau__H4.0 completed
development_methods 833/1848 simultaneous_eeg_nirs__VP019__motor__P1_tau__Hfull completed
development_methods 834/1848 simultaneous_eeg_nirs__VP013__prefrontal__P2__H4.0 completed
development_methods 835/1848 simultaneous_eeg_nirs__VP019__motor__P2__W1 completed
development_methods 836/1848 simultaneous_eeg_nirs__VP013__prefrontal__P3__C1 completed
development_methods 837/1848 simultaneous_eeg_nirs__VP013__prefrontal__P3__H0.25 completed
development_methods 838/1848 simultaneous_eeg_nirs__VP013__prefrontal__P1_beta__H1.0 completed
development_methods 839/1848 simultaneous_eeg_nirs__VP019__motor__P1_tau__C1 completed
development_methods 840/1848 simultaneous_eeg_nirs__VP013__prefrontal__P2__H1.0 completed
development_methods 841/1848 simultaneous_eeg_nirs__VP019__motor__P2__C0b completed
development_methods 842/1848 simultaneous_eeg_nirs__VP019__motor__P1_tau__H4.0 completed
development_methods 843/1848 simultaneous_eeg_nirs__VP013__prefrontal__P3__H4.0 completed
development_methods 844/1848 simultaneous_eeg_nirs__VP013__prefrontal__P2__H0.25 completed
development_methods 845/1848 simultaneous_eeg_nirs__VP019__posterior__P1_tau__W1 completed
development_methods 846/1848 simultaneous_eeg_nirs__VP019__motor__P1_tau__H1.0 completed
development_methods 847/1848 simultaneous_eeg_nirs__VP019__motor__P1_tau__H0.25 completed
development_methods 848/1848 simultaneous_eeg_nirs__VP013__posterior__P3__H4.0 completed
development_methods 849/1848 simultaneous_eeg_nirs__VP019__motor__P3__C0b completed
development_methods 850/1848 simultaneous_eeg_nirs__VP019__motor__P1_beta__Hfull completed
development_methods 851/1848 simultaneous_eeg_nirs__VP019__motor__P1_beta__C1 completed
development_methods 852/1848 simultaneous_eeg_nirs__VP019__motor__P2__Hfull completed
development_methods 853/1848 simultaneous_eeg_nirs__VP013__prefrontal__P1_beta__H0.25 completed
development_methods 854/1848 simultaneous_eeg_nirs__VP019__posterior__P1_tau__C0b completed
development_methods 855/1848 simultaneous_eeg_nirs__VP013__posterior__P2__C1 completed
development_methods 856/1848 simultaneous_eeg_nirs__VP019__posterior__P1_beta__W1 completed
development_methods 857/1848 simultaneous_eeg_nirs__VP019__motor__P1_beta__H0.25 completed
development_methods 858/1848 simultaneous_eeg_nirs__VP019__motor__P1_beta__H1.0 completed
development_methods 859/1848 simultaneous_eeg_nirs__VP019__motor__P3__Hfull completed
development_methods 860/1848 simultaneous_eeg_nirs__VP019__motor__P3__W1 completed
development_methods 861/1848 simultaneous_eeg_nirs__VP019__motor__P2__H1.0 completed
development_methods 862/1848 simultaneous_eeg_nirs__VP019__posterior__P2__W1 completed
development_methods 863/1848 simultaneous_eeg_nirs__VP019__posterior__P1_beta__C0b completed
development_methods 864/1848 simultaneous_eeg_nirs__VP019__motor__P3__H1.0 completed
development_methods 865/1848 simultaneous_eeg_nirs__VP019__motor__P3__H4.0 completed
development_methods 866/1848 simultaneous_eeg_nirs__VP019__motor__P3__H0.25 completed
development_methods 867/1848 simultaneous_eeg_nirs__VP019__posterior__P3__W1 completed
development_methods 868/1848 simultaneous_eeg_nirs__VP019__motor__P2__H4.0 completed
development_methods 869/1848 simultaneous_eeg_nirs__VP019__motor__P1_beta__H4.0 completed
development_methods 870/1848 simultaneous_eeg_nirs__VP019__motor__P2__H0.25 completed
development_methods 871/1848 simultaneous_eeg_nirs__VP019__posterior__P1_tau__C1 completed
development_methods 872/1848 simultaneous_eeg_nirs__VP019__posterior__P1_tau__Hfull completed
development_methods 873/1848 simultaneous_eeg_nirs__VP013__prefrontal__P3__H1.0 completed
development_methods 874/1848 simultaneous_eeg_nirs__VP013__posterior__P3__C1 completed
development_methods 875/1848 simultaneous_eeg_nirs__VP019__posterior__P1_beta__Hfull completed
development_methods 876/1848 simultaneous_eeg_nirs__VP019__prefrontal__P1_tau__C0b completed
development_methods 877/1848 simultaneous_eeg_nirs__VP019__posterior__P1_beta__C1 completed
development_methods 878/1848 simultaneous_eeg_nirs__VP019__prefrontal__P1_beta__C0b completed
development_methods 879/1848 simultaneous_eeg_nirs__VP019__posterior__P2__Hfull completed
development_methods 880/1848 simultaneous_eeg_nirs__VP019__posterior__P1_tau__H1.0 completed
development_methods 881/1848 simultaneous_eeg_nirs__VP019__prefrontal__P1_beta__W1 completed
development_methods 882/1848 simultaneous_eeg_nirs__VP019__posterior__P3__Hfull completed
development_methods 883/1848 simultaneous_eeg_nirs__VP019__posterior__P2__C0b completed
development_methods 884/1848 simultaneous_eeg_nirs__VP019__prefrontal__P1_tau__Hfull completed
development_methods 885/1848 simultaneous_eeg_nirs__VP019__prefrontal__P2__C0b completed
development_methods 886/1848 simultaneous_eeg_nirs__VP019__prefrontal__P1_tau__C1 completed
development_methods 887/1848 simultaneous_eeg_nirs__VP019__posterior__P1_tau__H0.25 completed
development_methods 888/1848 simultaneous_eeg_nirs__VP019__posterior__P3__C0b completed
development_methods 889/1848 simultaneous_eeg_nirs__VP019__posterior__P1_beta__H0.25 completed
development_methods 890/1848 simultaneous_eeg_nirs__VP019__prefrontal__P1_tau__W1 completed
development_methods 891/1848 simultaneous_eeg_nirs__VP019__posterior__P1_beta__H1.0 completed
development_methods 892/1848 simultaneous_eeg_nirs__VP019__posterior__P1_beta__H4.0 completed
development_methods 893/1848 simultaneous_eeg_nirs__VP019__posterior__P2__C1 completed
development_methods 894/1848 simultaneous_eeg_nirs__VP019__prefrontal__P2__W1 completed
development_methods 895/1848 simultaneous_eeg_nirs__VP019__prefrontal__P1_beta__Hfull completed
development_methods 896/1848 simultaneous_eeg_nirs__VP019__posterior__P1_tau__H4.0 completed
development_methods 897/1848 simultaneous_eeg_nirs__VP019__posterior__P2__H0.25 completed
development_methods 898/1848 simultaneous_eeg_nirs__VP019__prefrontal__P3__C0b completed
development_methods 899/1848 simultaneous_eeg_nirs__VP019__prefrontal__P1_tau__H4.0 completed
development_methods 900/1848 simultaneous_eeg_nirs__VP019__motor__P2__C1 completed
development_methods 901/1848 simultaneous_eeg_nirs__VP020__motor__P1_tau__W1 completed
development_methods 902/1848 simultaneous_eeg_nirs__VP019__prefrontal__P3__W1 completed
development_methods 903/1848 simultaneous_eeg_nirs__VP019__prefrontal__P1_beta__C1 completed
development_methods 904/1848 simultaneous_eeg_nirs__VP019__prefrontal__P2__Hfull completed
development_methods 905/1848 simultaneous_eeg_nirs__VP019__posterior__P2__H1.0 completed
development_methods 906/1848 simultaneous_eeg_nirs__VP019__posterior__P3__H0.25 completed
development_methods 907/1848 simultaneous_eeg_nirs__VP019__motor__P3__C1 completed
development_methods 908/1848 simultaneous_eeg_nirs__VP020__motor__P1_tau__C0b completed
development_methods 909/1848 simultaneous_eeg_nirs__VP019__prefrontal__P1_beta__H0.25 completed
development_methods 910/1848 simultaneous_eeg_nirs__VP019__prefrontal__P3__Hfull completed
development_methods 911/1848 simultaneous_eeg_nirs__VP019__prefrontal__P1_beta__H1.0 completed
development_methods 912/1848 simultaneous_eeg_nirs__VP019__prefrontal__P1_tau__H1.0 completed
development_methods 913/1848 simultaneous_eeg_nirs__VP019__posterior__P2__H4.0 completed
development_methods 914/1848 simultaneous_eeg_nirs__VP019__posterior__P3__H4.0 completed
development_methods 915/1848 simultaneous_eeg_nirs__VP020__motor__P1_beta__C0b completed
development_methods 916/1848 simultaneous_eeg_nirs__VP019__prefrontal__P2__H0.25 completed
development_methods 917/1848 simultaneous_eeg_nirs__VP020__motor__P2__W1 completed
development_methods 918/1848 simultaneous_eeg_nirs__VP020__motor__P1_tau__Hfull completed
development_methods 919/1848 simultaneous_eeg_nirs__VP019__posterior__P3__H1.0 completed
development_methods 920/1848 simultaneous_eeg_nirs__VP019__prefrontal__P2__H1.0 completed
development_methods 921/1848 simultaneous_eeg_nirs__VP020__motor__P1_beta__W1 completed
development_methods 922/1848 simultaneous_eeg_nirs__VP020__motor__P1_beta__Hfull completed
development_methods 923/1848 simultaneous_eeg_nirs__VP019__prefrontal__P1_tau__H0.25 completed
development_methods 924/1848 simultaneous_eeg_nirs__VP020__motor__P1_tau__H4.0 completed
development_methods 925/1848 simultaneous_eeg_nirs__VP019__prefrontal__P3__H0.25 completed
development_methods 926/1848 simultaneous_eeg_nirs__VP020__posterior__P1_tau__W1 completed
development_methods 927/1848 simultaneous_eeg_nirs__VP020__motor__P1_tau__C1 completed
development_methods 928/1848 simultaneous_eeg_nirs__VP020__motor__P3__W1 completed
development_methods 929/1848 simultaneous_eeg_nirs__VP019__prefrontal__P2__H4.0 completed
development_methods 930/1848 simultaneous_eeg_nirs__VP019__prefrontal__P3__H1.0 completed
development_methods 931/1848 simultaneous_eeg_nirs__VP020__motor__P2__Hfull completed
development_methods 932/1848 simultaneous_eeg_nirs__VP019__prefrontal__P1_beta__H4.0 completed
development_methods 933/1848 simultaneous_eeg_nirs__VP020__motor__P1_tau__H1.0 completed
development_methods 934/1848 simultaneous_eeg_nirs__VP020__motor__P1_beta__H4.0 completed
development_methods 935/1848 simultaneous_eeg_nirs__VP020__motor__P1_beta__C1 completed
development_methods 936/1848 simultaneous_eeg_nirs__VP020__motor__P1_tau__H0.25 completed
development_methods 937/1848 simultaneous_eeg_nirs__VP020__posterior__P1_beta__C0b completed
development_methods 938/1848 simultaneous_eeg_nirs__VP020__motor__P3__Hfull completed
development_methods 939/1848 simultaneous_eeg_nirs__VP020__motor__P3__C0b completed
development_methods 940/1848 simultaneous_eeg_nirs__VP020__motor__P2__C0b completed
development_methods 941/1848 simultaneous_eeg_nirs__VP019__posterior__P3__C1 completed
development_methods 942/1848 simultaneous_eeg_nirs__VP020__posterior__P1_beta__W1 completed
development_methods 943/1848 simultaneous_eeg_nirs__VP020__motor__P2__C1 completed
development_methods 944/1848 simultaneous_eeg_nirs__VP020__motor__P1_beta__H1.0 completed
development_methods 945/1848 simultaneous_eeg_nirs__VP020__posterior__P1_tau__Hfull completed
development_methods 946/1848 simultaneous_eeg_nirs__VP020__motor__P2__H4.0 completed
development_methods 947/1848 simultaneous_eeg_nirs__VP020__posterior__P1_tau__C0b completed
development_methods 948/1848 simultaneous_eeg_nirs__VP019__prefrontal__P3__H4.0 completed
development_methods 949/1848 simultaneous_eeg_nirs__VP019__prefrontal__P3__C1 completed
development_methods 950/1848 simultaneous_eeg_nirs__VP020__motor__P3__H4.0 completed
development_methods 951/1848 simultaneous_eeg_nirs__VP020__posterior__P1_tau__H0.25 completed
development_methods 952/1848 simultaneous_eeg_nirs__VP020__motor__P1_beta__H0.25 completed
development_methods 953/1848 simultaneous_eeg_nirs__VP020__posterior__P1_beta__Hfull completed
development_methods 954/1848 simultaneous_eeg_nirs__VP020__motor__P2__H1.0 completed
development_methods 955/1848 simultaneous_eeg_nirs__VP020__posterior__P3__C0b completed
development_methods 956/1848 simultaneous_eeg_nirs__VP020__posterior__P2__C1 completed
development_methods 957/1848 simultaneous_eeg_nirs__VP019__prefrontal__P2__C1 completed
development_methods 958/1848 simultaneous_eeg_nirs__VP020__prefrontal__P1_tau__W1 completed
development_methods 959/1848 simultaneous_eeg_nirs__VP020__posterior__P2__C0b completed
development_methods 960/1848 simultaneous_eeg_nirs__VP020__prefrontal__P1_beta__W1 completed
development_methods 961/1848 simultaneous_eeg_nirs__VP020__posterior__P2__W1 completed
development_methods 962/1848 simultaneous_eeg_nirs__VP020__prefrontal__P1_tau__C0b completed
development_methods 963/1848 simultaneous_eeg_nirs__VP020__motor__P3__H0.25 completed
development_methods 964/1848 simultaneous_eeg_nirs__VP020__posterior__P2__Hfull completed
development_methods 965/1848 simultaneous_eeg_nirs__VP020__posterior__P1_tau__H1.0 completed
development_methods 966/1848 simultaneous_eeg_nirs__VP020__posterior__P1_beta__H0.25 completed
development_methods 967/1848 simultaneous_eeg_nirs__VP020__posterior__P1_beta__C1 completed
development_methods 968/1848 simultaneous_eeg_nirs__VP020__prefrontal__P1_beta__C0b completed
development_methods 969/1848 simultaneous_eeg_nirs__VP020__motor__P2__H0.25 completed
development_methods 970/1848 simultaneous_eeg_nirs__VP020__posterior__P1_tau__H4.0 completed
development_methods 971/1848 simultaneous_eeg_nirs__VP020__posterior__P3__Hfull completed
development_methods 972/1848 simultaneous_eeg_nirs__VP020__motor__P3__H1.0 completed
development_methods 973/1848 simultaneous_eeg_nirs__VP020__prefrontal__P2__W1 completed
development_methods 974/1848 simultaneous_eeg_nirs__VP020__posterior__P3__W1 completed
development_methods 975/1848 simultaneous_eeg_nirs__VP020__posterior__P3__C1 completed
development_methods 976/1848 simultaneous_eeg_nirs__VP020__prefrontal__P1_tau__Hfull completed
development_methods 977/1848 simultaneous_eeg_nirs__VP020__prefrontal__P2__C0b completed
development_methods 978/1848 simultaneous_eeg_nirs__VP020__posterior__P1_tau__C1 completed
development_methods 979/1848 simultaneous_eeg_nirs__VP020__posterior__P3__H0.25 completed
development_methods 980/1848 simultaneous_eeg_nirs__VP020__prefrontal__P1_beta__Hfull completed
development_methods 981/1848 simultaneous_eeg_nirs__VP020__motor__P3__C1 completed
development_methods 982/1848 simultaneous_eeg_nirs__VP020__posterior__P3__H1.0 completed
development_methods 983/1848 visual_cognitive_motivation__S01__motor__P1_tau__C0b completed
development_methods 984/1848 simultaneous_eeg_nirs__VP020__posterior__P1_beta__H1.0 completed
development_methods 985/1848 visual_cognitive_motivation__S01__motor__P1_tau__W1 completed
development_methods 986/1848 simultaneous_eeg_nirs__VP020__prefrontal__P1_tau__H0.25 completed
development_methods 987/1848 simultaneous_eeg_nirs__VP020__prefrontal__P2__Hfull completed
development_methods 988/1848 simultaneous_eeg_nirs__VP020__prefrontal__P2__C1 completed
development_methods 989/1848 visual_cognitive_motivation__S01__motor__P1_beta__C0b completed
development_methods 990/1848 simultaneous_eeg_nirs__VP020__prefrontal__P3__W1 completed
development_methods 991/1848 simultaneous_eeg_nirs__VP020__posterior__P2__H0.25 completed
development_methods 992/1848 simultaneous_eeg_nirs__VP020__prefrontal__P3__Hfull completed
development_methods 993/1848 simultaneous_eeg_nirs__VP020__posterior__P2__H4.0 completed
development_methods 994/1848 visual_cognitive_motivation__S01__motor__P1_tau__Hfull completed
development_methods 995/1848 simultaneous_eeg_nirs__VP020__posterior__P3__H4.0 completed
development_methods 996/1848 visual_cognitive_motivation__S01__motor__P2__C0b completed
development_methods 997/1848 simultaneous_eeg_nirs__VP020__prefrontal__P1_beta__C1 completed
development_methods 998/1848 visual_cognitive_motivation__S01__motor__P1_beta__Hfull completed
development_methods 999/1848 visual_cognitive_motivation__S01__motor__P1_beta__C1 completed
development_methods 1000/1848 simultaneous_eeg_nirs__VP020__prefrontal__P1_beta__H4.0 completed
development_methods 1001/1848 simultaneous_eeg_nirs__VP020__prefrontal__P3__C1 completed
development_methods 1002/1848 visual_cognitive_motivation__S01__motor__P2__W1 completed
development_methods 1003/1848 simultaneous_eeg_nirs__VP020__posterior__P2__H1.0 completed
development_methods 1004/1848 simultaneous_eeg_nirs__VP020__prefrontal__P2__H0.25 completed
development_methods 1005/1848 visual_cognitive_motivation__S01__motor__P1_beta__W1 completed
development_methods 1006/1848 visual_cognitive_motivation__S01__motor__P1_tau__H1.0 completed
development_methods 1007/1848 visual_cognitive_motivation__S01__posterior__montage0__P1_tau__C0b completed
development_methods 1008/1848 visual_cognitive_motivation__S01__motor__P1_tau__H0.25 completed
development_methods 1009/1848 visual_cognitive_motivation__S01__motor__P1_tau__C1 completed
development_methods 1010/1848 visual_cognitive_motivation__S01__motor__P3__W1 completed
development_methods 1011/1848 simultaneous_eeg_nirs__VP020__prefrontal__P2__H1.0 completed
development_methods 1012/1848 visual_cognitive_motivation__S01__motor__P3__C0b completed
development_methods 1013/1848 simultaneous_eeg_nirs__VP020__prefrontal__P2__H4.0 completed
development_methods 1014/1848 simultaneous_eeg_nirs__VP020__prefrontal__P1_tau__C1 completed
development_methods 1015/1848 simultaneous_eeg_nirs__VP020__prefrontal__P3__C0b completed
development_methods 1016/1848 simultaneous_eeg_nirs__VP020__prefrontal__P1_beta__H1.0 completed
development_methods 1017/1848 visual_cognitive_motivation__S01__motor__P2__Hfull completed
development_methods 1018/1848 simultaneous_eeg_nirs__VP020__posterior__P1_beta__H4.0 completed
development_methods 1019/1848 visual_cognitive_motivation__S01__posterior__montage0__P1_tau__C1 completed
development_methods 1020/1848 visual_cognitive_motivation__S01__posterior__montage0__P1_tau__W1 completed
development_methods 1021/1848 visual_cognitive_motivation__S01__motor__P1_beta__H0.25 completed
development_methods 1022/1848 visual_cognitive_motivation__S01__posterior__montage0__P1_beta__C0b completed
development_methods 1023/1848 simultaneous_eeg_nirs__VP020__prefrontal__P1_beta__H0.25 completed
development_methods 1024/1848 visual_cognitive_motivation__S01__posterior__montage0__P1_beta__W1 completed
development_methods 1025/1848 visual_cognitive_motivation__S01__motor__P1_tau__H4.0 completed
development_methods 1026/1848 visual_cognitive_motivation__S01__posterior__montage0__P1_beta__C1 completed
development_methods 1027/1848 visual_cognitive_motivation__S01__motor__P2__C1 completed
development_methods 1028/1848 simultaneous_eeg_nirs__VP020__prefrontal__P1_tau__H1.0 completed
development_methods 1029/1848 visual_cognitive_motivation__S01__motor__P3__Hfull completed
development_methods 1030/1848 visual_cognitive_motivation__S01__motor__P1_beta__H1.0 completed
development_methods 1031/1848 simultaneous_eeg_nirs__VP020__prefrontal__P1_tau__H4.0 completed
development_methods 1032/1848 visual_cognitive_motivation__S01__motor__P2__H1.0 completed
development_methods 1033/1848 visual_cognitive_motivation__S01__motor__P2__H0.25 completed
development_methods 1034/1848 visual_cognitive_motivation__S01__posterior__montage0__P1_tau__Hfull completed
development_methods 1035/1848 visual_cognitive_motivation__S01__posterior__montage1__P1_tau__C0b completed
development_methods 1036/1848 visual_cognitive_motivation__S01__posterior__montage0__P1_tau__H0.25 completed
development_methods 1037/1848 visual_cognitive_motivation__S01__posterior__montage1__P1_tau__W1 completed
development_methods 1038/1848 visual_cognitive_motivation__S01__posterior__montage0__P1_tau__H1.0 completed
development_methods 1039/1848 visual_cognitive_motivation__S01__posterior__montage0__P1_beta__Hfull completed
development_methods 1040/1848 visual_cognitive_motivation__S01__posterior__montage1__P1_tau__C1 completed
development_methods 1041/1848 visual_cognitive_motivation__S01__motor__P1_beta__H4.0 completed
development_methods 1042/1848 visual_cognitive_motivation__S01__posterior__montage0__P3__W1 completed
development_methods 1043/1848 visual_cognitive_motivation__S01__motor__P2__H4.0 completed
development_methods 1044/1848 visual_cognitive_motivation__S01__posterior__montage0__P1_tau__H4.0 completed
development_methods 1045/1848 visual_cognitive_motivation__S01__posterior__montage0__P1_beta__H4.0 completed
development_methods 1046/1848 visual_cognitive_motivation__S01__posterior__montage0__P1_beta__H0.25 completed
development_methods 1047/1848 visual_cognitive_motivation__S01__posterior__montage0__P1_beta__H1.0 completed
development_methods 1048/1848 visual_cognitive_motivation__S01__posterior__montage0__P2__C0b completed
development_methods 1049/1848 visual_cognitive_motivation__S01__posterior__montage1__P1_beta__C0b completed
development_methods 1050/1848 visual_cognitive_motivation__S01__posterior__montage0__P2__Hfull completed
development_methods 1051/1848 visual_cognitive_motivation__S01__motor__P3__H1.0 completed
development_methods 1052/1848 visual_cognitive_motivation__S01__posterior__montage1__P1_beta__W1 completed
development_methods 1053/1848 visual_cognitive_motivation__S01__posterior__montage0__P2__H4.0 completed
development_methods 1054/1848 visual_cognitive_motivation__S01__posterior__montage0__P3__Hfull completed
development_methods 1055/1848 visual_cognitive_motivation__S01__posterior__montage0__P2__H1.0 completed
development_methods 1056/1848 visual_cognitive_motivation__S01__motor__P3__H4.0 completed
development_methods 1057/1848 visual_cognitive_motivation__S01__posterior__montage0__P3__C0b completed
development_methods 1058/1848 visual_cognitive_motivation__S01__motor__P3__H0.25 completed
development_methods 1059/1848 visual_cognitive_motivation__S01__posterior__montage0__P3__H4.0 completed
development_methods 1060/1848 visual_cognitive_motivation__S01__posterior__montage0__P2__H0.25 completed
development_methods 1061/1848 visual_cognitive_motivation__S01__posterior__montage0__P3__H1.0 completed
development_methods 1062/1848 visual_cognitive_motivation__S01__posterior__montage0__P2__W1 completed
development_methods 1063/1848 visual_cognitive_motivation__S01__posterior__montage1__P1_tau__Hfull completed
development_methods 1064/1848 visual_cognitive_motivation__S01__posterior__montage1__P2__W1 completed
development_methods 1065/1848 visual_cognitive_motivation__S01__posterior__montage0__P3__H0.25 completed
development_methods 1066/1848 visual_cognitive_motivation__S01__posterior__montage0__P2__C1 completed
development_methods 1067/1848 visual_cognitive_motivation__S01__posterior__montage1__P1_beta__C1 completed
development_methods 1068/1848 visual_cognitive_motivation__S01__prefrontal__montage0__P1_tau__W1 completed
development_methods 1069/1848 visual_cognitive_motivation__S01__posterior__montage1__P1_tau__H1.0 completed
development_methods 1070/1848 visual_cognitive_motivation__S01__posterior__montage1__P3__W1 completed
development_methods 1071/1848 visual_cognitive_motivation__S01__posterior__montage1__P1_beta__Hfull completed
development_methods 1072/1848 simultaneous_eeg_nirs__VP020__prefrontal__P3__H0.25 completed
development_methods 1073/1848 visual_cognitive_motivation__S01__posterior__montage1__P2__C0b completed
development_methods 1074/1848 simultaneous_eeg_nirs__VP020__prefrontal__P3__H1.0 completed
development_methods 1075/1848 visual_cognitive_motivation__S01__posterior__montage1__P1_tau__H4.0 completed
development_methods 1076/1848 visual_cognitive_motivation__S01__posterior__montage1__P1_tau__H0.25 completed
development_methods 1077/1848 visual_cognitive_motivation__S01__posterior__montage1__P1_beta__H0.25 completed
development_methods 1078/1848 visual_cognitive_motivation__S01__prefrontal__montage0__P1_tau__C0b completed
development_methods 1079/1848 visual_cognitive_motivation__S01__prefrontal__montage0__P1_beta__W1 completed
development_methods 1080/1848 visual_cognitive_motivation__S01__posterior__montage1__P1_beta__H4.0 completed
development_methods 1081/1848 visual_cognitive_motivation__S01__posterior__montage1__P2__Hfull completed
development_methods 1082/1848 simultaneous_eeg_nirs__VP020__prefrontal__P3__H4.0 completed
development_methods 1083/1848 visual_cognitive_motivation__S01__posterior__montage1__P1_beta__H1.0 completed
development_methods 1084/1848 visual_cognitive_motivation__S01__posterior__montage1__P2__C1 completed
development_methods 1085/1848 visual_cognitive_motivation__S01__posterior__montage1__P3__Hfull completed
development_methods 1086/1848 visual_cognitive_motivation__S01__prefrontal__montage0__P2__W1 completed
development_methods 1087/1848 visual_cognitive_motivation__S01__prefrontal__montage0__P1_beta__C0b completed
development_methods 1088/1848 visual_cognitive_motivation__S01__prefrontal__montage0__P2__C0b completed
development_methods 1089/1848 visual_cognitive_motivation__S01__prefrontal__montage0__P1_tau__Hfull completed
development_methods 1090/1848 visual_cognitive_motivation__S01__posterior__montage1__P3__C0b completed
development_methods 1091/1848 visual_cognitive_motivation__S01__motor__P3__C1 completed
development_methods 1092/1848 visual_cognitive_motivation__S01__posterior__montage1__P2__H4.0 completed
development_methods 1093/1848 visual_cognitive_motivation__S01__prefrontal__montage0__P3__C0b completed
development_methods 1094/1848 visual_cognitive_motivation__S01__prefrontal__montage0__P3__W1 completed
development_methods 1095/1848 visual_cognitive_motivation__S01__prefrontal__montage0__P1_beta__Hfull completed
development_methods 1096/1848 visual_cognitive_motivation__S01__posterior__montage1__P2__H1.0 completed
development_methods 1097/1848 visual_cognitive_motivation__S01__prefrontal__montage0__P1_tau__H4.0 completed
development_methods 1098/1848 visual_cognitive_motivation__S01__posterior__montage0__P3__C1 completed
development_methods 1099/1848 visual_cognitive_motivation__S01__posterior__montage1__P3__H4.0 completed
development_methods 1100/1848 visual_cognitive_motivation__S01__prefrontal__montage0__P2__Hfull completed
development_methods 1101/1848 visual_cognitive_motivation__S01__posterior__montage1__P3__H0.25 completed
development_methods 1102/1848 visual_cognitive_motivation__S01__prefrontal__montage1__P1_beta__W1 completed
development_methods 1103/1848 visual_cognitive_motivation__S01__posterior__montage1__P3__C1 completed
development_methods 1104/1848 visual_cognitive_motivation__S01__prefrontal__montage1__P1_tau__W1 completed
development_methods 1105/1848 visual_cognitive_motivation__S01__prefrontal__montage0__P1_tau__H1.0 completed
development_methods 1106/1848 visual_cognitive_motivation__S01__prefrontal__montage0__P1_beta__C1 completed
development_methods 1107/1848 visual_cognitive_motivation__S01__prefrontal__montage0__P1_tau__H0.25 completed
development_methods 1108/1848 visual_cognitive_motivation__S01__prefrontal__montage1__P1_tau__C0b completed
development_methods 1109/1848 visual_cognitive_motivation__S01__prefrontal__montage0__P1_beta__H0.25 completed
development_methods 1110/1848 visual_cognitive_motivation__S01__prefrontal__montage0__P3__Hfull completed
development_methods 1111/1848 visual_cognitive_motivation__S01__prefrontal__montage0__P1_beta__H4.0 completed
development_methods 1112/1848 visual_cognitive_motivation__S01__prefrontal__montage1__P1_tau__Hfull completed
development_methods 1113/1848 visual_cognitive_motivation__S01__prefrontal__montage1__P1_tau__C1 completed
development_methods 1114/1848 visual_cognitive_motivation__S01__posterior__montage1__P2__H0.25 completed
development_methods 1115/1848 visual_cognitive_motivation__S01__prefrontal__montage0__P1_beta__H1.0 completed
development_methods 1116/1848 visual_cognitive_motivation__S01__prefrontal__montage1__P1_beta__C0b completed
development_methods 1117/1848 visual_cognitive_motivation__S01__prefrontal__montage0__P3__C1 completed
development_methods 1118/1848 visual_cognitive_motivation__S01__prefrontal__montage0__P2__H1.0 completed
development_methods 1119/1848 visual_cognitive_motivation__S01__prefrontal__montage1__P1_beta__Hfull completed
development_methods 1120/1848 visual_cognitive_motivation__S01__prefrontal__montage0__P2__C1 completed
development_methods 1121/1848 visual_cognitive_motivation__S01__prefrontal__montage0__P2__H0.25 completed
development_methods 1122/1848 visual_cognitive_motivation__S01__prefrontal__montage1__P2__C0b completed
development_methods 1123/1848 visual_cognitive_motivation__S01__posterior__montage1__P3__H1.0 completed
development_methods 1124/1848 visual_cognitive_motivation__S01__prefrontal__montage1__P1_tau__H0.25 completed
development_methods 1125/1848 visual_cognitive_motivation__S03__motor__P1_tau__C0b completed
development_methods 1126/1848 visual_cognitive_motivation__S01__prefrontal__montage1__P2__W1 completed
development_methods 1127/1848 visual_cognitive_motivation__S03__motor__P1_tau__W1 completed
development_methods 1128/1848 visual_cognitive_motivation__S01__prefrontal__montage1__P2__Hfull completed
development_methods 1129/1848 visual_cognitive_motivation__S01__prefrontal__montage0__P3__H1.0 completed
development_methods 1130/1848 visual_cognitive_motivation__S01__prefrontal__montage0__P2__H4.0 completed
development_methods 1131/1848 visual_cognitive_motivation__S01__prefrontal__montage1__P3__W1 completed
development_methods 1132/1848 visual_cognitive_motivation__S03__motor__P1_beta__W1 completed
development_methods 1133/1848 visual_cognitive_motivation__S01__prefrontal__montage1__P3__Hfull completed
development_methods 1134/1848 visual_cognitive_motivation__S01__prefrontal__montage1__P1_tau__H4.0 completed
development_methods 1135/1848 visual_cognitive_motivation__S01__prefrontal__montage0__P1_tau__C1 completed
development_methods 1136/1848 visual_cognitive_motivation__S01__prefrontal__montage0__P3__H0.25 completed
development_methods 1137/1848 visual_cognitive_motivation__S03__motor__P1_beta__C0b completed
development_methods 1138/1848 visual_cognitive_motivation__S03__motor__P1_tau__Hfull completed
development_methods 1139/1848 visual_cognitive_motivation__S03__motor__P2__W1 completed
development_methods 1140/1848 visual_cognitive_motivation__S01__prefrontal__montage1__P3__C0b completed
development_methods 1141/1848 visual_cognitive_motivation__S03__posterior__montage0__P1_tau__C0b completed
development_methods 1142/1848 visual_cognitive_motivation__S01__prefrontal__montage1__P1_beta__H4.0 completed
development_methods 1143/1848 visual_cognitive_motivation__S03__motor__P1_tau__H0.25 completed
development_methods 1144/1848 visual_cognitive_motivation__S03__posterior__montage0__P1_tau__W1 completed
development_methods 1145/1848 visual_cognitive_motivation__S03__motor__P3__W1 completed
development_methods 1146/1848 visual_cognitive_motivation__S03__motor__P1_beta__Hfull completed
development_methods 1147/1848 visual_cognitive_motivation__S01__prefrontal__montage0__P3__H4.0 completed
development_methods 1148/1848 visual_cognitive_motivation__S03__motor__P1_tau__H1.0 completed
development_methods 1149/1848 visual_cognitive_motivation__S03__posterior__montage0__P1_tau__C1 completed
development_methods 1150/1848 visual_cognitive_motivation__S01__prefrontal__montage1__P3__H4.0 completed
development_methods 1151/1848 visual_cognitive_motivation__S03__posterior__montage0__P1_beta__C0b completed
development_methods 1152/1848 visual_cognitive_motivation__S03__motor__P1_tau__C1 completed
development_methods 1153/1848 visual_cognitive_motivation__S03__motor__P2__Hfull completed
development_methods 1154/1848 visual_cognitive_motivation__S01__prefrontal__montage1__P2__H4.0 completed
development_methods 1155/1848 visual_cognitive_motivation__S01__prefrontal__montage1__P3__H1.0 completed
development_methods 1156/1848 visual_cognitive_motivation__S01__prefrontal__montage1__P3__H0.25 completed
development_methods 1157/1848 visual_cognitive_motivation__S03__posterior__montage0__P1_beta__W1 completed
development_methods 1158/1848 visual_cognitive_motivation__S03__posterior__montage0__P1_beta__C1 completed
development_methods 1159/1848 visual_cognitive_motivation__S03__motor__P3__Hfull completed
development_methods 1160/1848 visual_cognitive_motivation__S03__motor__P2__C0b completed
development_methods 1161/1848 visual_cognitive_motivation__S03__motor__P3__C0b completed
development_methods 1162/1848 visual_cognitive_motivation__S01__prefrontal__montage1__P1_beta__H1.0 completed
development_methods 1163/1848 visual_cognitive_motivation__S03__motor__P1_beta__H4.0 completed
development_methods 1164/1848 visual_cognitive_motivation__S03__motor__P1_tau__H4.0 completed
development_methods 1165/1848 visual_cognitive_motivation__S03__posterior__montage0__P1_tau__Hfull completed
development_methods 1166/1848 visual_cognitive_motivation__S03__posterior__montage0__P2__C0b completed
development_methods 1167/1848 visual_cognitive_motivation__S03__motor__P1_beta__H1.0 completed
development_methods 1168/1848 visual_cognitive_motivation__S03__posterior__montage0__P1_tau__H0.25 completed
development_methods 1169/1848 visual_cognitive_motivation__S03__motor__P1_beta__C1 completed
development_methods 1170/1848 visual_cognitive_motivation__S03__posterior__montage0__P2__W1 completed
development_methods 1171/1848 visual_cognitive_motivation__S01__prefrontal__montage1__P2__H1.0 completed
development_methods 1172/1848 visual_cognitive_motivation__S03__posterior__montage0__P1_tau__H1.0 completed
development_methods 1173/1848 visual_cognitive_motivation__S03__posterior__montage0__P1_tau__H4.0 completed
development_methods 1174/1848 visual_cognitive_motivation__S01__prefrontal__montage1__P1_beta__C1 completed
development_methods 1175/1848 visual_cognitive_motivation__S01__prefrontal__montage1__P1_beta__H0.25 completed
development_methods 1176/1848 visual_cognitive_motivation__S03__motor__P1_beta__H0.25 completed
development_methods 1177/1848 visual_cognitive_motivation__S03__posterior__montage1__P1_tau__W1 completed
development_methods 1178/1848 visual_cognitive_motivation__S03__posterior__montage0__P1_beta__H0.25 completed
development_methods 1179/1848 visual_cognitive_motivation__S01__prefrontal__montage1__P2__H0.25 completed
development_methods 1180/1848 visual_cognitive_motivation__S03__posterior__montage0__P1_beta__H1.0 completed
development_methods 1181/1848 visual_cognitive_motivation__S03__posterior__montage0__P2__C1 completed
development_methods 1182/1848 visual_cognitive_motivation__S03__posterior__montage0__P1_beta__Hfull completed
development_methods 1183/1848 visual_cognitive_motivation__S03__posterior__montage0__P3__W1 completed
development_methods 1184/1848 visual_cognitive_motivation__S03__posterior__montage1__P1_tau__C0b completed
development_methods 1185/1848 visual_cognitive_motivation__S03__posterior__montage0__P2__Hfull completed
development_methods 1186/1848 visual_cognitive_motivation__S03__posterior__montage0__P1_beta__H4.0 completed
development_methods 1187/1848 visual_cognitive_motivation__S01__prefrontal__montage1__P2__C1 completed
development_methods 1188/1848 visual_cognitive_motivation__S03__motor__P2__C1 completed
development_methods 1189/1848 visual_cognitive_motivation__S03__motor__P3__H0.25 completed
development_methods 1190/1848 visual_cognitive_motivation__S03__posterior__montage0__P3__C1 completed
development_methods 1191/1848 visual_cognitive_motivation__S03__posterior__montage0__P2__H4.0 completed
development_methods 1192/1848 visual_cognitive_motivation__S03__motor__P3__H4.0 completed
development_methods 1193/1848 visual_cognitive_motivation__S03__motor__P2__H0.25 completed
development_methods 1194/1848 visual_cognitive_motivation__S03__posterior__montage1__P1_beta__W1 completed
development_methods 1195/1848 visual_cognitive_motivation__S03__posterior__montage0__P3__Hfull completed
development_methods 1196/1848 visual_cognitive_motivation__S01__prefrontal__montage1__P1_tau__H1.0 completed
development_methods 1197/1848 visual_cognitive_motivation__S03__motor__P2__H1.0 completed
development_methods 1198/1848 visual_cognitive_motivation__S03__posterior__montage1__P1_beta__C0b completed
development_methods 1199/1848 visual_cognitive_motivation__S03__posterior__montage0__P2__H1.0 completed
development_methods 1200/1848 visual_cognitive_motivation__S03__posterior__montage0__P3__H4.0 completed
development_methods 1201/1848 visual_cognitive_motivation__S03__posterior__montage1__P1_tau__C1 completed
development_methods 1202/1848 visual_cognitive_motivation__S03__posterior__montage0__P3__H1.0 completed
development_methods 1203/1848 visual_cognitive_motivation__S03__posterior__montage1__P2__W1 completed
development_methods 1204/1848 visual_cognitive_motivation__S03__posterior__montage0__P3__H0.25 completed
development_methods 1205/1848 visual_cognitive_motivation__S03__posterior__montage1__P1_tau__Hfull completed
development_methods 1206/1848 visual_cognitive_motivation__S03__motor__P3__H1.0 completed
development_methods 1207/1848 visual_cognitive_motivation__S03__motor__P2__H4.0 completed
development_methods 1208/1848 visual_cognitive_motivation__S03__posterior__montage0__P2__H0.25 completed
development_methods 1209/1848 visual_cognitive_motivation__S03__posterior__montage1__P2__C0b completed
development_methods 1210/1848 visual_cognitive_motivation__S03__posterior__montage1__P1_beta__Hfull completed
development_methods 1211/1848 visual_cognitive_motivation__S03__posterior__montage0__P3__C0b completed
development_methods 1212/1848 visual_cognitive_motivation__S03__posterior__montage1__P1_tau__H4.0 completed
development_methods 1213/1848 visual_cognitive_motivation__S03__prefrontal__montage0__P1_tau__C0b completed
development_methods 1214/1848 visual_cognitive_motivation__S03__posterior__montage1__P1_tau__H0.25 completed
development_methods 1215/1848 visual_cognitive_motivation__S03__posterior__montage1__P2__Hfull completed
development_methods 1216/1848 visual_cognitive_motivation__S03__prefrontal__montage0__P1_tau__W1 completed
development_methods 1217/1848 visual_cognitive_motivation__S03__prefrontal__montage0__P1_beta__C0b completed
development_methods 1218/1848 visual_cognitive_motivation__S03__posterior__montage1__P3__Hfull completed
development_methods 1219/1848 visual_cognitive_motivation__S03__prefrontal__montage0__P1_beta__W1 completed
development_methods 1220/1848 visual_cognitive_motivation__S03__posterior__montage1__P1_tau__H1.0 completed
development_methods 1221/1848 visual_cognitive_motivation__S03__posterior__montage1__P3__C0b completed
development_methods 1222/1848 visual_cognitive_motivation__S03__prefrontal__montage0__P1_tau__Hfull completed
development_methods 1223/1848 visual_cognitive_motivation__S03__posterior__montage1__P1_beta__C1 completed
development_methods 1224/1848 visual_cognitive_motivation__S03__prefrontal__montage0__P3__C0b completed
development_methods 1225/1848 visual_cognitive_motivation__S03__prefrontal__montage0__P2__C0b completed
development_methods 1226/1848 visual_cognitive_motivation__S03__prefrontal__montage0__P1_beta__Hfull completed
development_methods 1227/1848 visual_cognitive_motivation__S03__prefrontal__montage0__P1_tau__H4.0 completed
development_methods 1228/1848 visual_cognitive_motivation__S03__prefrontal__montage0__P1_tau__H0.25 completed
development_methods 1229/1848 visual_cognitive_motivation__S03__prefrontal__montage1__P1_tau__C0b completed
development_methods 1230/1848 visual_cognitive_motivation__S03__prefrontal__montage0__P2__Hfull completed
development_methods 1231/1848 visual_cognitive_motivation__S03__posterior__montage1__P2__C1 completed
development_methods 1232/1848 visual_cognitive_motivation__S03__prefrontal__montage0__P3__W1 completed
development_methods 1233/1848 visual_cognitive_motivation__S01__prefrontal__montage1__P3__C1 completed
development_methods 1234/1848 visual_cognitive_motivation__S03__posterior__montage1__P3__W1 completed
development_methods 1235/1848 visual_cognitive_motivation__S03__prefrontal__montage0__P2__W1 completed
development_methods 1236/1848 visual_cognitive_motivation__S03__motor__P3__C1 completed
development_methods 1237/1848 visual_cognitive_motivation__S03__prefrontal__montage1__P1_tau__W1 completed
development_methods 1238/1848 visual_cognitive_motivation__S03__posterior__montage1__P3__H4.0 completed
development_methods 1239/1848 visual_cognitive_motivation__S03__prefrontal__montage0__P1_beta__H4.0 completed
development_methods 1240/1848 visual_cognitive_motivation__S03__posterior__montage1__P3__H1.0 completed
development_methods 1241/1848 visual_cognitive_motivation__S03__prefrontal__montage0__P1_beta__H1.0 completed
development_methods 1242/1848 visual_cognitive_motivation__S03__prefrontal__montage1__P1_beta__C0b completed
development_methods 1243/1848 visual_cognitive_motivation__S03__prefrontal__montage0__P3__Hfull completed
development_methods 1244/1848 visual_cognitive_motivation__S03__prefrontal__montage0__P1_beta__H0.25 completed
development_methods 1245/1848 visual_cognitive_motivation__S03__posterior__montage1__P1_beta__H0.25 completed
development_methods 1246/1848 visual_cognitive_motivation__S03__prefrontal__montage0__P3__C1 completed
development_methods 1247/1848 visual_cognitive_motivation__S03__posterior__montage1__P2__H0.25 completed
development_methods 1248/1848 visual_cognitive_motivation__S03__prefrontal__montage1__P1_beta__W1 completed
development_methods 1249/1848 visual_cognitive_motivation__S03__prefrontal__montage0__P1_tau__C1 completed
development_methods 1250/1848 visual_cognitive_motivation__S03__posterior__montage1__P2__H1.0 completed
development_methods 1251/1848 visual_cognitive_motivation__S03__prefrontal__montage0__P2__H0.25 completed
development_methods 1252/1848 visual_cognitive_motivation__S03__prefrontal__montage1__P1_tau__C1 completed
development_methods 1253/1848 visual_cognitive_motivation__S03__prefrontal__montage0__P2__H4.0 completed
development_methods 1254/1848 visual_cognitive_motivation__S03__prefrontal__montage1__P1_tau__Hfull completed
development_methods 1255/1848 visual_cognitive_motivation__S03__posterior__montage1__P3__C1 completed
development_methods 1256/1848 visual_cognitive_motivation__S03__prefrontal__montage0__P3__H4.0 completed
development_methods 1257/1848 visual_cognitive_motivation__S03__prefrontal__montage0__P3__H1.0 completed
development_methods 1258/1848 visual_cognitive_motivation__S03__prefrontal__montage0__P3__H0.25 completed
development_methods 1259/1848 visual_cognitive_motivation__S03__posterior__montage1__P2__H4.0 completed
development_methods 1260/1848 visual_cognitive_motivation__S03__posterior__montage1__P3__H0.25 completed
development_methods 1261/1848 visual_cognitive_motivation__S03__posterior__montage1__P1_beta__H1.0 completed
development_methods 1262/1848 visual_cognitive_motivation__S03__prefrontal__montage1__P2__C0b completed
development_methods 1263/1848 visual_cognitive_motivation__S03__prefrontal__montage1__P2__W1 completed
development_methods 1264/1848 visual_cognitive_motivation__S03__posterior__montage1__P1_beta__H4.0 completed
development_methods 1265/1848 visual_cognitive_motivation__S03__prefrontal__montage1__P1_tau__H4.0 completed
development_methods 1266/1848 visual_cognitive_motivation__S03__prefrontal__montage1__P3__C0b completed
development_methods 1267/1848 visual_cognitive_motivation__S03__prefrontal__montage1__P1_tau__H1.0 completed
development_methods 1268/1848 visual_cognitive_motivation__S03__prefrontal__montage1__P1_tau__H0.25 completed
development_methods 1269/1848 visual_cognitive_motivation__S03__prefrontal__montage1__P3__W1 completed
development_methods 1270/1848 visual_cognitive_motivation__S03__prefrontal__montage1__P1_beta__Hfull completed
development_methods 1271/1848 visual_cognitive_motivation__S03__prefrontal__montage0__P2__H1.0 completed
development_methods 1272/1848 visual_cognitive_motivation__S03__prefrontal__montage0__P1_tau__H1.0 completed
development_methods 1273/1848 visual_cognitive_motivation__S03__prefrontal__montage1__P2__Hfull completed
development_methods 1274/1848 visual_cognitive_motivation__S05__motor__P1_tau__W1 completed
development_methods 1275/1848 visual_cognitive_motivation__S03__prefrontal__montage1__P1_beta__H0.25 completed
development_methods 1276/1848 visual_cognitive_motivation__S03__prefrontal__montage1__P1_beta__H1.0 completed
development_methods 1277/1848 visual_cognitive_motivation__S03__prefrontal__montage0__P1_beta__C1 completed
development_methods 1278/1848 visual_cognitive_motivation__S03__prefrontal__montage1__P2__C1 completed
development_methods 1279/1848 visual_cognitive_motivation__S03__prefrontal__montage1__P3__Hfull completed
development_methods 1280/1848 visual_cognitive_motivation__S05__motor__P1_beta__C0b completed
development_methods 1281/1848 visual_cognitive_motivation__S03__prefrontal__montage1__P1_beta__H4.0 completed
development_methods 1282/1848 visual_cognitive_motivation__S03__prefrontal__montage1__P3__C1 completed
development_methods 1283/1848 visual_cognitive_motivation__S03__prefrontal__montage1__P2__H4.0 completed
development_methods 1284/1848 visual_cognitive_motivation__S05__motor__P1_beta__W1 completed
development_methods 1285/1848 visual_cognitive_motivation__S05__motor__P1_tau__Hfull completed
development_methods 1286/1848 visual_cognitive_motivation__S03__prefrontal__montage1__P2__H1.0 completed
development_methods 1287/1848 visual_cognitive_motivation__S05__posterior__montage0__P1_tau__C0b completed
development_methods 1288/1848 visual_cognitive_motivation__S05__posterior__montage0__P1_tau__W1 completed
development_methods 1289/1848 visual_cognitive_motivation__S03__prefrontal__montage1__P2__H0.25 completed
development_methods 1290/1848 visual_cognitive_motivation__S05__motor__P1_tau__C0b completed
development_methods 1291/1848 visual_cognitive_motivation__S03__prefrontal__montage1__P3__H0.25 completed
development_methods 1292/1848 visual_cognitive_motivation__S05__motor__P1_beta__Hfull completed
development_methods 1293/1848 visual_cognitive_motivation__S05__motor__P2__W1 completed
development_methods 1294/1848 visual_cognitive_motivation__S03__prefrontal__montage1__P3__H1.0 completed
development_methods 1295/1848 visual_cognitive_motivation__S05__posterior__montage0__P1_tau__C1 completed
development_methods 1296/1848 visual_cognitive_motivation__S03__prefrontal__montage1__P3__H4.0 completed
development_methods 1297/1848 visual_cognitive_motivation__S05__motor__P2__Hfull completed
development_methods 1298/1848 visual_cognitive_motivation__S05__motor__P1_tau__H4.0 completed
development_methods 1299/1848 visual_cognitive_motivation__S03__prefrontal__montage1__P1_beta__C1 completed
development_methods 1300/1848 visual_cognitive_motivation__S05__posterior__montage0__P1_beta__W1 completed
development_methods 1301/1848 visual_cognitive_motivation__S05__posterior__montage0__P1_beta__C0b completed
development_methods 1302/1848 visual_cognitive_motivation__S05__motor__P3__Hfull completed
development_methods 1303/1848 visual_cognitive_motivation__S05__motor__P1_tau__H1.0 completed
development_methods 1304/1848 visual_cognitive_motivation__S05__motor__P3__W1 completed
development_methods 1305/1848 visual_cognitive_motivation__S05__posterior__montage0__P1_beta__C1 completed
development_methods 1306/1848 visual_cognitive_motivation__S05__motor__P2__C0b completed
development_methods 1307/1848 visual_cognitive_motivation__S05__motor__P1_tau__H0.25 completed
development_methods 1308/1848 visual_cognitive_motivation__S03__prefrontal__montage0__P2__C1 completed
development_methods 1309/1848 visual_cognitive_motivation__S05__motor__P1_beta__H1.0 completed
development_methods 1310/1848 visual_cognitive_motivation__S05__motor__P1_beta__C1 completed
development_methods 1311/1848 visual_cognitive_motivation__S05__posterior__montage0__P1_tau__Hfull completed
development_methods 1312/1848 visual_cognitive_motivation__S05__posterior__montage0__P1_tau__H0.25 completed
development_methods 1313/1848 visual_cognitive_motivation__S05__motor__P1_beta__H0.25 completed
development_methods 1314/1848 visual_cognitive_motivation__S05__posterior__montage0__P1_tau__H1.0 completed
development_methods 1315/1848 visual_cognitive_motivation__S05__posterior__montage0__P2__W1 completed
development_methods 1316/1848 visual_cognitive_motivation__S05__motor__P3__C0b completed
development_methods 1317/1848 visual_cognitive_motivation__S05__motor__P1_beta__H4.0 completed
development_methods 1318/1848 visual_cognitive_motivation__S05__posterior__montage0__P1_tau__H4.0 completed
development_methods 1319/1848 visual_cognitive_motivation__S05__motor__P1_tau__C1 completed
development_methods 1320/1848 visual_cognitive_motivation__S05__posterior__montage0__P1_beta__Hfull completed
development_methods 1321/1848 visual_cognitive_motivation__S05__posterior__montage0__P3__W1 completed
development_methods 1322/1848 visual_cognitive_motivation__S05__posterior__montage0__P1_beta__H1.0 completed
development_methods 1323/1848 visual_cognitive_motivation__S05__posterior__montage0__P1_beta__H0.25 completed
development_methods 1324/1848 visual_cognitive_motivation__S05__posterior__montage0__P2__Hfull completed
development_methods 1325/1848 visual_cognitive_motivation__S05__posterior__montage1__P1_tau__C0b completed
development_methods 1326/1848 visual_cognitive_motivation__S05__posterior__montage0__P2__H4.0 completed
development_methods 1327/1848 visual_cognitive_motivation__S05__posterior__montage0__P3__Hfull completed
development_methods 1328/1848 visual_cognitive_motivation__S05__posterior__montage1__P1_beta__C0b completed
development_methods 1329/1848 visual_cognitive_motivation__S05__posterior__montage1__P1_tau__W1 completed
development_methods 1330/1848 visual_cognitive_motivation__S05__posterior__montage0__P1_beta__H4.0 completed
development_methods 1331/1848 visual_cognitive_motivation__S05__motor__P2__H4.0 completed
development_methods 1332/1848 visual_cognitive_motivation__S05__motor__P3__H4.0 completed
development_methods 1333/1848 visual_cognitive_motivation__S05__posterior__montage0__P2__C0b completed
development_methods 1334/1848 visual_cognitive_motivation__S05__posterior__montage0__P3__H4.0 completed
development_methods 1335/1848 visual_cognitive_motivation__S05__posterior__montage1__P1_beta__W1 completed
development_methods 1336/1848 visual_cognitive_motivation__S05__posterior__montage0__P2__H0.25 completed
development_methods 1337/1848 visual_cognitive_motivation__S05__posterior__montage0__P2__H1.0 completed
development_methods 1338/1848 visual_cognitive_motivation__S05__posterior__montage0__P3__H1.0 completed
development_methods 1339/1848 visual_cognitive_motivation__S05__motor__P2__H1.0 completed
development_methods 1340/1848 visual_cognitive_motivation__S05__posterior__montage0__P3__C0b completed
development_methods 1341/1848 visual_cognitive_motivation__S05__posterior__montage0__P3__H0.25 completed
development_methods 1342/1848 visual_cognitive_motivation__S05__posterior__montage1__P1_tau__Hfull completed
development_methods 1343/1848 visual_cognitive_motivation__S05__motor__P2__C1 completed
development_methods 1344/1848 visual_cognitive_motivation__S05__motor__P2__H0.25 completed
development_methods 1345/1848 visual_cognitive_motivation__S05__posterior__montage0__P2__C1 completed
development_methods 1346/1848 visual_cognitive_motivation__S05__posterior__montage1__P2__C0b completed
development_methods 1347/1848 visual_cognitive_motivation__S05__motor__P3__H1.0 completed
development_methods 1348/1848 visual_cognitive_motivation__S05__posterior__montage1__P2__W1 completed
development_methods 1349/1848 visual_cognitive_motivation__S05__motor__P3__H0.25 completed
development_methods 1350/1848 visual_cognitive_motivation__S05__prefrontal__montage0__P1_tau__W1 completed
development_methods 1351/1848 visual_cognitive_motivation__S05__posterior__montage1__P1_beta__Hfull completed
development_methods 1352/1848 visual_cognitive_motivation__S05__posterior__montage1__P1_tau__H4.0 completed
development_methods 1353/1848 visual_cognitive_motivation__S05__posterior__montage1__P3__W1 completed
development_methods 1354/1848 visual_cognitive_motivation__S05__posterior__montage1__P2__Hfull completed
development_methods 1355/1848 visual_cognitive_motivation__S05__prefrontal__montage0__P1_beta__C0b completed
development_methods 1356/1848 visual_cognitive_motivation__S05__prefrontal__montage0__P1_beta__W1 completed
development_methods 1357/1848 visual_cognitive_motivation__S05__prefrontal__montage0__P2__W1 completed
development_methods 1358/1848 visual_cognitive_motivation__S05__posterior__montage1__P3__Hfull completed
development_methods 1359/1848 visual_cognitive_motivation__S05__posterior__montage1__P1_tau__H1.0 completed
development_methods 1360/1848 visual_cognitive_motivation__S05__prefrontal__montage0__P1_tau__C1 completed
development_methods 1361/1848 visual_cognitive_motivation__S05__posterior__montage1__P1_tau__H0.25 completed
development_methods 1362/1848 visual_cognitive_motivation__S05__posterior__montage1__P1_beta__H4.0 completed
development_methods 1363/1848 visual_cognitive_motivation__S05__posterior__montage1__P1_beta__H1.0 completed
development_methods 1364/1848 visual_cognitive_motivation__S05__prefrontal__montage0__P2__C0b completed
development_methods 1365/1848 visual_cognitive_motivation__S05__prefrontal__montage0__P1_tau__C0b completed
development_methods 1366/1848 visual_cognitive_motivation__S05__posterior__montage1__P1_beta__H0.25 completed
development_methods 1367/1848 visual_cognitive_motivation__S05__posterior__montage1__P3__C0b completed
development_methods 1368/1848 visual_cognitive_motivation__S05__prefrontal__montage0__P3__C0b completed
development_methods 1369/1848 visual_cognitive_motivation__S05__prefrontal__montage0__P1_tau__Hfull completed
development_methods 1370/1848 visual_cognitive_motivation__S05__posterior__montage1__P2__H4.0 completed
development_methods 1371/1848 visual_cognitive_motivation__S05__prefrontal__montage0__P3__W1 completed
development_methods 1372/1848 visual_cognitive_motivation__S05__prefrontal__montage0__P1_beta__Hfull completed
development_methods 1373/1848 visual_cognitive_motivation__S05__posterior__montage0__P3__C1 completed
development_methods 1374/1848 visual_cognitive_motivation__S05__prefrontal__montage0__P1_beta__C1 completed
development_methods 1375/1848 visual_cognitive_motivation__S05__motor__P3__C1 completed
development_methods 1376/1848 visual_cognitive_motivation__S05__prefrontal__montage0__P2__Hfull completed
development_methods 1377/1848 visual_cognitive_motivation__S05__posterior__montage1__P2__H1.0 completed
development_methods 1378/1848 visual_cognitive_motivation__S05__prefrontal__montage1__P1_tau__W1 completed
development_methods 1379/1848 visual_cognitive_motivation__S05__posterior__montage1__P2__H0.25 completed
development_methods 1380/1848 visual_cognitive_motivation__S05__prefrontal__montage0__P1_beta__H1.0 completed
development_methods 1381/1848 visual_cognitive_motivation__S05__prefrontal__montage0__P1_tau__H0.25 completed
development_methods 1382/1848 visual_cognitive_motivation__S05__prefrontal__montage0__P1_beta__H0.25 completed
development_methods 1383/1848 visual_cognitive_motivation__S05__posterior__montage1__P3__H4.0 completed
development_methods 1384/1848 visual_cognitive_motivation__S05__prefrontal__montage1__P1_tau__C0b completed
development_methods 1385/1848 visual_cognitive_motivation__S05__prefrontal__montage0__P3__Hfull completed
development_methods 1386/1848 visual_cognitive_motivation__S05__prefrontal__montage1__P1_beta__C0b completed
development_methods 1387/1848 visual_cognitive_motivation__S05__prefrontal__montage1__P1_beta__W1 completed
development_methods 1388/1848 visual_cognitive_motivation__S05__prefrontal__montage0__P2__H0.25 completed
development_methods 1389/1848 visual_cognitive_motivation__S05__posterior__montage1__P2__C1 completed
development_methods 1390/1848 visual_cognitive_motivation__S05__posterior__montage1__P1_beta__C1 completed
development_methods 1391/1848 visual_cognitive_motivation__S05__prefrontal__montage0__P2__H1.0 completed
development_methods 1392/1848 visual_cognitive_motivation__S05__posterior__montage1__P3__H1.0 completed
development_methods 1393/1848 visual_cognitive_motivation__S05__prefrontal__montage1__P1_tau__C1 completed
development_methods 1394/1848 visual_cognitive_motivation__S05__prefrontal__montage0__P2__H4.0 completed
development_methods 1395/1848 visual_cognitive_motivation__S05__prefrontal__montage1__P2__W1 completed
development_methods 1396/1848 visual_cognitive_motivation__S05__prefrontal__montage0__P1_tau__H1.0 completed
development_methods 1397/1848 visual_cognitive_motivation__S05__prefrontal__montage0__P3__H0.25 completed
development_methods 1398/1848 visual_cognitive_motivation__S05__prefrontal__montage1__P1_tau__Hfull completed
development_methods 1399/1848 visual_cognitive_motivation__S05__posterior__montage1__P3__H0.25 completed
development_methods 1400/1848 visual_cognitive_motivation__S05__prefrontal__montage1__P1_beta__Hfull completed
development_methods 1401/1848 visual_cognitive_motivation__S06__motor__P1_tau__C0b completed
development_methods 1402/1848 visual_cognitive_motivation__S05__posterior__montage1__P1_tau__C1 completed
development_methods 1403/1848 visual_cognitive_motivation__S06__motor__P1_tau__W1 completed
development_methods 1404/1848 visual_cognitive_motivation__S05__prefrontal__montage0__P3__C1 completed
development_methods 1405/1848 visual_cognitive_motivation__S05__prefrontal__montage1__P1_tau__H4.0 completed
development_methods 1406/1848 visual_cognitive_motivation__S05__prefrontal__montage1__P1_tau__H1.0 completed
development_methods 1407/1848 visual_cognitive_motivation__S05__prefrontal__montage1__P1_tau__H0.25 completed
development_methods 1408/1848 visual_cognitive_motivation__S05__prefrontal__montage0__P1_beta__H4.0 completed
development_methods 1409/1848 visual_cognitive_motivation__S05__prefrontal__montage1__P2__Hfull completed
development_methods 1410/1848 visual_cognitive_motivation__S05__prefrontal__montage1__P3__C0b completed
development_methods 1411/1848 visual_cognitive_motivation__S05__prefrontal__montage1__P1_beta__H0.25 completed
development_methods 1412/1848 visual_cognitive_motivation__S05__posterior__montage1__P3__C1 completed
development_methods 1413/1848 visual_cognitive_motivation__S05__prefrontal__montage1__P1_beta__H1.0 completed
development_methods 1414/1848 visual_cognitive_motivation__S05__prefrontal__montage1__P2__C0b completed
development_methods 1415/1848 visual_cognitive_motivation__S05__prefrontal__montage0__P3__H1.0 completed
development_methods 1416/1848 visual_cognitive_motivation__S05__prefrontal__montage1__P2__C1 completed
development_methods 1417/1848 visual_cognitive_motivation__S05__prefrontal__montage1__P3__Hfull completed
development_methods 1418/1848 visual_cognitive_motivation__S06__motor__P1_beta__W1 completed
development_methods 1419/1848 visual_cognitive_motivation__S06__motor__P2__C0b completed
development_methods 1420/1848 visual_cognitive_motivation__S05__prefrontal__montage0__P3__H4.0 completed
development_methods 1421/1848 visual_cognitive_motivation__S06__motor__P1_beta__C0b completed
development_methods 1422/1848 visual_cognitive_motivation__S06__motor__P1_tau__Hfull completed
development_methods 1423/1848 visual_cognitive_motivation__S05__prefrontal__montage1__P3__C1 completed
development_methods 1424/1848 visual_cognitive_motivation__S06__motor__P1_beta__C1 completed
development_methods 1425/1848 visual_cognitive_motivation__S06__motor__P1_beta__Hfull completed
development_methods 1426/1848 visual_cognitive_motivation__S06__posterior__montage0__P1_tau__C0b completed
development_methods 1427/1848 visual_cognitive_motivation__S05__prefrontal__montage1__P2__H0.25 completed
development_methods 1428/1848 visual_cognitive_motivation__S06__motor__P1_tau__H1.0 completed
development_methods 1429/1848 visual_cognitive_motivation__S05__prefrontal__montage0__P1_tau__H4.0 completed
development_methods 1430/1848 visual_cognitive_motivation__S06__motor__P1_tau__H0.25 completed
development_methods 1431/1848 visual_cognitive_motivation__S05__prefrontal__montage0__P2__C1 completed
development_methods 1432/1848 visual_cognitive_motivation__S05__prefrontal__montage1__P1_beta__H4.0 completed
development_methods 1433/1848 visual_cognitive_motivation__S05__prefrontal__montage1__P3__W1 completed
development_methods 1434/1848 visual_cognitive_motivation__S05__prefrontal__montage1__P3__H4.0 completed
development_methods 1435/1848 visual_cognitive_motivation__S06__posterior__montage0__P1_beta__C0b completed
development_methods 1436/1848 visual_cognitive_motivation__S06__motor__P3__C0b completed
development_methods 1437/1848 visual_cognitive_motivation__S06__motor__P1_tau__H4.0 completed
development_methods 1438/1848 visual_cognitive_motivation__S06__posterior__montage0__P1_tau__W1 completed
development_methods 1439/1848 visual_cognitive_motivation__S06__posterior__montage0__P1_beta__W1 completed
development_methods 1440/1848 visual_cognitive_motivation__S06__posterior__montage0__P1_tau__C1 completed
development_methods 1441/1848 visual_cognitive_motivation__S06__motor__P2__Hfull completed
development_methods 1442/1848 visual_cognitive_motivation__S06__posterior__montage0__P1_beta__C1 completed
development_methods 1443/1848 visual_cognitive_motivation__S06__motor__P3__W1 completed
development_methods 1444/1848 visual_cognitive_motivation__S05__prefrontal__montage1__P2__H4.0 completed
development_methods 1445/1848 visual_cognitive_motivation__S06__motor__P3__Hfull completed
development_methods 1446/1848 visual_cognitive_motivation__S06__motor__P2__W1 completed
development_methods 1447/1848 visual_cognitive_motivation__S06__motor__P1_beta__H4.0 completed
development_methods 1448/1848 visual_cognitive_motivation__S06__posterior__montage0__P2__C0b completed
development_methods 1449/1848 visual_cognitive_motivation__S06__posterior__montage0__P1_tau__Hfull completed
development_methods 1450/1848 visual_cognitive_motivation__S06__motor__P1_beta__H1.0 completed
development_methods 1451/1848 visual_cognitive_motivation__S06__posterior__montage0__P2__W1 completed
development_methods 1452/1848 visual_cognitive_motivation__S05__prefrontal__montage1__P1_beta__C1 completed
development_methods 1453/1848 visual_cognitive_motivation__S05__prefrontal__montage1__P3__H1.0 completed
development_methods 1454/1848 visual_cognitive_motivation__S06__motor__P1_beta__H0.25 completed
development_methods 1455/1848 visual_cognitive_motivation__S06__motor__P2__H0.25 completed
development_methods 1456/1848 visual_cognitive_motivation__S06__posterior__montage0__P2__C1 completed
development_methods 1457/1848 visual_cognitive_motivation__S06__posterior__montage0__P1_tau__H1.0 completed
development_methods 1458/1848 visual_cognitive_motivation__S06__posterior__montage0__P1_tau__H0.25 completed
development_methods 1459/1848 visual_cognitive_motivation__S06__posterior__montage0__P1_beta__Hfull completed
development_methods 1460/1848 visual_cognitive_motivation__S06__posterior__montage0__P1_tau__H4.0 completed
development_methods 1461/1848 visual_cognitive_motivation__S06__posterior__montage1__P1_tau__W1 completed
development_methods 1462/1848 visual_cognitive_motivation__S05__prefrontal__montage1__P3__H0.25 completed
development_methods 1463/1848 visual_cognitive_motivation__S06__posterior__montage0__P1_beta__H0.25 completed
development_methods 1464/1848 visual_cognitive_motivation__S06__posterior__montage0__P3__W1 completed
development_methods 1465/1848 visual_cognitive_motivation__S06__posterior__montage0__P1_beta__H4.0 completed
development_methods 1466/1848 visual_cognitive_motivation__S06__posterior__montage1__P1_tau__C0b completed
development_methods 1467/1848 visual_cognitive_motivation__S06__posterior__montage0__P1_beta__H1.0 completed
development_methods 1468/1848 visual_cognitive_motivation__S06__motor__P1_tau__C1 completed
development_methods 1469/1848 visual_cognitive_motivation__S05__prefrontal__montage1__P2__H1.0 completed
development_methods 1470/1848 visual_cognitive_motivation__S06__posterior__montage1__P1_beta__W1 completed
development_methods 1471/1848 visual_cognitive_motivation__S06__posterior__montage0__P2__H4.0 completed
development_methods 1472/1848 visual_cognitive_motivation__S06__motor__P3__H1.0 completed
development_methods 1473/1848 visual_cognitive_motivation__S06__motor__P3__H0.25 completed
development_methods 1474/1848 visual_cognitive_motivation__S06__posterior__montage0__P2__H1.0 completed
development_methods 1475/1848 visual_cognitive_motivation__S06__motor__P2__C1 completed
development_methods 1476/1848 visual_cognitive_motivation__S06__posterior__montage0__P2__Hfull completed
development_methods 1477/1848 visual_cognitive_motivation__S06__motor__P3__H4.0 completed
development_methods 1478/1848 visual_cognitive_motivation__S06__posterior__montage0__P3__Hfull completed
development_methods 1479/1848 visual_cognitive_motivation__S06__posterior__montage0__P2__H0.25 completed
development_methods 1480/1848 visual_cognitive_motivation__S06__motor__P2__H4.0 completed
development_methods 1481/1848 visual_cognitive_motivation__S06__posterior__montage1__P1_beta__C0b completed
development_methods 1482/1848 visual_cognitive_motivation__S06__posterior__montage0__P3__H4.0 completed
development_methods 1483/1848 visual_cognitive_motivation__S06__motor__P2__H1.0 completed
development_methods 1484/1848 visual_cognitive_motivation__S06__posterior__montage1__P2__W1 completed
development_methods 1485/1848 visual_cognitive_motivation__S06__posterior__montage0__P3__H1.0 completed
development_methods 1486/1848 visual_cognitive_motivation__S06__posterior__montage1__P1_tau__Hfull completed
development_methods 1487/1848 visual_cognitive_motivation__S06__posterior__montage0__P3__H0.25 completed
development_methods 1488/1848 visual_cognitive_motivation__S06__posterior__montage1__P1_tau__H0.25 completed
development_methods 1489/1848 visual_cognitive_motivation__S06__posterior__montage1__P1_tau__H1.0 completed
development_methods 1490/1848 visual_cognitive_motivation__S06__posterior__montage1__P1_tau__C1 completed
development_methods 1491/1848 visual_cognitive_motivation__S06__posterior__montage0__P3__C0b completed
development_methods 1492/1848 visual_cognitive_motivation__S06__posterior__montage1__P1_tau__H4.0 completed
development_methods 1493/1848 visual_cognitive_motivation__S06__posterior__montage1__P3__W1 completed
development_methods 1494/1848 visual_cognitive_motivation__S06__posterior__montage1__P1_beta__Hfull completed
development_methods 1495/1848 visual_cognitive_motivation__S06__prefrontal__montage0__P1_tau__C0b completed
development_methods 1496/1848 visual_cognitive_motivation__S06__posterior__montage1__P2__C0b completed
development_methods 1497/1848 visual_cognitive_motivation__S06__posterior__montage0__P3__C1 completed
development_methods 1498/1848 visual_cognitive_motivation__S06__posterior__montage1__P2__Hfull completed
development_methods 1499/1848 visual_cognitive_motivation__S06__prefrontal__montage0__P1_beta__W1 completed
development_methods 1500/1848 visual_cognitive_motivation__S06__motor__P3__C1 completed
development_methods 1501/1848 visual_cognitive_motivation__S06__posterior__montage1__P3__Hfull completed
development_methods 1502/1848 visual_cognitive_motivation__S06__posterior__montage1__P3__C0b completed
development_methods 1503/1848 visual_cognitive_motivation__S06__prefrontal__montage0__P1_beta__C0b completed
development_methods 1504/1848 visual_cognitive_motivation__S06__prefrontal__montage0__P2__C0b completed
development_methods 1505/1848 visual_cognitive_motivation__S06__prefrontal__montage0__P1_tau__W1 completed
development_methods 1506/1848 visual_cognitive_motivation__S06__prefrontal__montage0__P1_tau__Hfull completed
development_methods 1507/1848 visual_cognitive_motivation__S06__prefrontal__montage0__P1_tau__C1 completed
development_methods 1508/1848 visual_cognitive_motivation__S06__posterior__montage1__P1_beta__C1 completed
development_methods 1509/1848 visual_cognitive_motivation__S06__posterior__montage1__P1_beta__H0.25 completed
development_methods 1510/1848 visual_cognitive_motivation__S06__prefrontal__montage1__P1_tau__C0b completed
development_methods 1511/1848 visual_cognitive_motivation__S06__prefrontal__montage0__P1_beta__Hfull completed
development_methods 1512/1848 visual_cognitive_motivation__S06__posterior__montage1__P1_beta__H4.0 completed
development_methods 1513/1848 visual_cognitive_motivation__S06__posterior__montage1__P1_beta__H1.0 completed
development_methods 1514/1848 visual_cognitive_motivation__S06__prefrontal__montage1__P1_tau__W1 completed
development_methods 1515/1848 visual_cognitive_motivation__S06__prefrontal__montage0__P3__C0b completed
development_methods 1516/1848 visual_cognitive_motivation__S06__prefrontal__montage0__P2__Hfull completed
development_methods 1517/1848 visual_cognitive_motivation__S06__posterior__montage1__P3__H4.0 completed
development_methods 1518/1848 visual_cognitive_motivation__S06__prefrontal__montage0__P1_tau__H4.0 completed
development_methods 1519/1848 visual_cognitive_motivation__S06__prefrontal__montage0__P3__Hfull completed
development_methods 1520/1848 visual_cognitive_motivation__S06__posterior__montage1__P3__H1.0 completed
development_methods 1521/1848 visual_cognitive_motivation__S06__prefrontal__montage0__P2__W1 completed
development_methods 1522/1848 visual_cognitive_motivation__S06__posterior__montage1__P2__H4.0 completed
development_methods 1523/1848 visual_cognitive_motivation__S06__prefrontal__montage1__P1_beta__W1 completed
development_methods 1524/1848 visual_cognitive_motivation__S06__posterior__montage1__P3__H0.25 completed
development_methods 1525/1848 visual_cognitive_motivation__S06__prefrontal__montage0__P3__W1 completed
development_methods 1526/1848 visual_cognitive_motivation__S06__prefrontal__montage0__P1_beta__H4.0 completed
development_methods 1527/1848 visual_cognitive_motivation__S06__prefrontal__montage0__P2__H4.0 completed
development_methods 1528/1848 visual_cognitive_motivation__S06__prefrontal__montage0__P1_tau__H1.0 completed
development_methods 1529/1848 visual_cognitive_motivation__S06__prefrontal__montage0__P1_beta__C1 completed
development_methods 1530/1848 visual_cognitive_motivation__S06__prefrontal__montage1__P1_tau__C1 completed
development_methods 1531/1848 visual_cognitive_motivation__S06__prefrontal__montage1__P2__C0b completed
development_methods 1532/1848 visual_cognitive_motivation__S06__posterior__montage1__P2__H1.0 completed
development_methods 1533/1848 visual_cognitive_motivation__S06__prefrontal__montage1__P1_tau__Hfull completed
development_methods 1534/1848 visual_cognitive_motivation__S06__prefrontal__montage0__P3__C1 completed
development_methods 1535/1848 visual_cognitive_motivation__S06__prefrontal__montage0__P2__H1.0 completed
development_methods 1536/1848 visual_cognitive_motivation__S06__prefrontal__montage0__P1_beta__H0.25 completed
development_methods 1537/1848 visual_cognitive_motivation__S06__prefrontal__montage0__P1_beta__H1.0 completed
development_methods 1538/1848 visual_cognitive_motivation__S06__prefrontal__montage0__P2__H0.25 completed
development_methods 1539/1848 visual_cognitive_motivation__S06__prefrontal__montage0__P3__H4.0 completed
development_methods 1540/1848 visual_cognitive_motivation__S06__posterior__montage1__P2__H0.25 completed
development_methods 1541/1848 visual_cognitive_motivation__S06__prefrontal__montage1__P1_beta__Hfull completed
development_methods 1542/1848 visual_cognitive_motivation__S06__prefrontal__montage1__P1_beta__C0b completed
development_methods 1543/1848 visual_cognitive_motivation__S06__prefrontal__montage1__P3__W1 completed
development_methods 1544/1848 visual_cognitive_motivation__S06__prefrontal__montage0__P1_tau__H0.25 completed
development_methods 1545/1848 visual_cognitive_motivation__S06__prefrontal__montage0__P3__H1.0 completed
development_methods 1546/1848 visual_cognitive_motivation__S06__prefrontal__montage0__P2__C1 completed
development_methods 1547/1848 visual_cognitive_motivation__S06__prefrontal__montage1__P2__Hfull completed
development_methods 1548/1848 visual_cognitive_motivation__S13__motor__P1_tau__C0b completed
development_methods 1549/1848 visual_cognitive_motivation__S06__prefrontal__montage1__P2__W1 completed
development_methods 1550/1848 visual_cognitive_motivation__S06__posterior__montage1__P2__C1 completed
development_methods 1551/1848 visual_cognitive_motivation__S13__motor__P1_tau__C1 completed
development_methods 1552/1848 visual_cognitive_motivation__S13__motor__P1_beta__C0b completed
development_methods 1553/1848 visual_cognitive_motivation__S13__motor__P1_beta__W1 completed
development_methods 1554/1848 visual_cognitive_motivation__S06__prefrontal__montage1__P3__Hfull completed
development_methods 1555/1848 visual_cognitive_motivation__S13__motor__P2__C0b completed
development_methods 1556/1848 visual_cognitive_motivation__S06__prefrontal__montage0__P3__H0.25 completed
development_methods 1557/1848 visual_cognitive_motivation__S13__motor__P1_tau__W1 completed
development_methods 1558/1848 visual_cognitive_motivation__S06__prefrontal__montage1__P2__H0.25 completed
development_methods 1559/1848 visual_cognitive_motivation__S13__motor__P1_tau__Hfull completed
development_methods 1560/1848 visual_cognitive_motivation__S06__prefrontal__montage1__P3__C0b completed
development_methods 1561/1848 visual_cognitive_motivation__S13__posterior__montage0__P1_tau__C0b completed
development_methods 1562/1848 visual_cognitive_motivation__S06__posterior__montage1__P3__C1 completed
development_methods 1563/1848 visual_cognitive_motivation__S13__motor__P3__C0b completed
development_methods 1564/1848 visual_cognitive_motivation__S06__prefrontal__montage1__P1_beta__C1 completed
development_methods 1565/1848 visual_cognitive_motivation__S13__motor__P3__W1 completed
development_methods 1566/1848 visual_cognitive_motivation__S13__posterior__montage0__P1_tau__C1 completed
development_methods 1567/1848 visual_cognitive_motivation__S13__motor__P2__W1 completed
development_methods 1568/1848 visual_cognitive_motivation__S06__prefrontal__montage1__P1_tau__H4.0 completed
development_methods 1569/1848 visual_cognitive_motivation__S13__motor__P1_beta__Hfull completed
development_methods 1570/1848 visual_cognitive_motivation__S13__posterior__montage0__P1_tau__W1 completed
development_methods 1571/1848 visual_cognitive_motivation__S13__motor__P1_tau__H1.0 completed
development_methods 1572/1848 visual_cognitive_motivation__S13__motor__P1_tau__H0.25 completed
development_methods 1573/1848 visual_cognitive_motivation__S13__motor__P2__Hfull completed
development_methods 1574/1848 visual_cognitive_motivation__S13__motor__P1_tau__H4.0 completed
development_methods 1575/1848 visual_cognitive_motivation__S06__prefrontal__montage1__P1_tau__H0.25 completed
development_methods 1576/1848 visual_cognitive_motivation__S13__motor__P1_beta__H0.25 completed
development_methods 1577/1848 visual_cognitive_motivation__S06__prefrontal__montage1__P1_beta__H4.0 completed
development_methods 1578/1848 visual_cognitive_motivation__S06__prefrontal__montage1__P1_tau__H1.0 completed
development_methods 1579/1848 visual_cognitive_motivation__S13__motor__P1_beta__H4.0 completed
development_methods 1580/1848 visual_cognitive_motivation__S13__posterior__montage0__P1_beta__C0b completed
development_methods 1581/1848 visual_cognitive_motivation__S06__prefrontal__montage1__P2__C1 completed
development_methods 1582/1848 visual_cognitive_motivation__S06__prefrontal__montage1__P3__C1 completed
development_methods 1583/1848 visual_cognitive_motivation__S06__prefrontal__montage1__P2__H1.0 completed
development_methods 1584/1848 visual_cognitive_motivation__S13__posterior__montage0__P1_beta__W1 completed
development_methods 1585/1848 visual_cognitive_motivation__S13__motor__P3__Hfull completed
development_methods 1586/1848 visual_cognitive_motivation__S13__motor__P1_beta__H1.0 completed
development_methods 1587/1848 visual_cognitive_motivation__S13__motor__P1_beta__C1 completed
development_methods 1588/1848 visual_cognitive_motivation__S13__motor__P2__C1 completed
development_methods 1589/1848 visual_cognitive_motivation__S13__posterior__montage0__P1_beta__C1 completed
development_methods 1590/1848 visual_cognitive_motivation__S13__motor__P2__H0.25 completed
development_methods 1591/1848 visual_cognitive_motivation__S06__prefrontal__montage1__P1_beta__H0.25 completed
development_methods 1592/1848 visual_cognitive_motivation__S13__motor__P2__H4.0 completed
development_methods 1593/1848 visual_cognitive_motivation__S13__motor__P2__H1.0 completed
development_methods 1594/1848 visual_cognitive_motivation__S06__prefrontal__montage1__P1_beta__H1.0 completed
development_methods 1595/1848 visual_cognitive_motivation__S13__posterior__montage0__P1_tau__H0.25 completed
development_methods 1596/1848 visual_cognitive_motivation__S13__posterior__montage0__P1_tau__H1.0 completed
development_methods 1597/1848 visual_cognitive_motivation__S13__posterior__montage0__P2__W1 completed
development_methods 1598/1848 visual_cognitive_motivation__S13__posterior__montage0__P1_tau__Hfull completed
development_methods 1599/1848 visual_cognitive_motivation__S13__motor__P3__H4.0 completed
development_methods 1600/1848 visual_cognitive_motivation__S06__prefrontal__montage1__P2__H4.0 completed
development_methods 1601/1848 visual_cognitive_motivation__S13__motor__P3__H1.0 completed
development_methods 1602/1848 visual_cognitive_motivation__S13__posterior__montage0__P1_tau__H4.0 completed
development_methods 1603/1848 visual_cognitive_motivation__S13__motor__P3__H0.25 completed
development_methods 1604/1848 visual_cognitive_motivation__S13__posterior__montage1__P1_tau__W1 completed
development_methods 1605/1848 visual_cognitive_motivation__S13__posterior__montage0__P1_beta__H0.25 completed
development_methods 1606/1848 visual_cognitive_motivation__S06__prefrontal__montage1__P3__H1.0 completed
development_methods 1607/1848 visual_cognitive_motivation__S13__posterior__montage0__P1_beta__H1.0 completed
development_methods 1608/1848 visual_cognitive_motivation__S13__posterior__montage0__P1_beta__Hfull completed
development_methods 1609/1848 visual_cognitive_motivation__S13__posterior__montage1__P1_tau__C0b completed
development_methods 1610/1848 visual_cognitive_motivation__S13__posterior__montage0__P1_beta__H4.0 completed
development_methods 1611/1848 visual_cognitive_motivation__S13__motor__P3__C1 completed
development_methods 1612/1848 visual_cognitive_motivation__S13__posterior__montage1__P1_beta__W1 completed
development_methods 1613/1848 visual_cognitive_motivation__S06__prefrontal__montage1__P3__H4.0 completed
development_methods 1614/1848 visual_cognitive_motivation__S06__prefrontal__montage1__P3__H0.25 completed
development_methods 1615/1848 visual_cognitive_motivation__S13__posterior__montage1__P1_beta__C0b completed
development_methods 1616/1848 visual_cognitive_motivation__S13__posterior__montage0__P3__Hfull completed
development_methods 1617/1848 visual_cognitive_motivation__S13__posterior__montage0__P2__H4.0 completed
development_methods 1618/1848 visual_cognitive_motivation__S13__posterior__montage1__P2__C0b completed
development_methods 1619/1848 visual_cognitive_motivation__S13__posterior__montage0__P2__Hfull completed
development_methods 1620/1848 visual_cognitive_motivation__S13__posterior__montage1__P2__W1 completed
development_methods 1621/1848 visual_cognitive_motivation__S13__posterior__montage0__P3__W1 completed
development_methods 1622/1848 visual_cognitive_motivation__S13__posterior__montage1__P1_tau__Hfull completed
development_methods 1623/1848 visual_cognitive_motivation__S13__posterior__montage0__P3__H4.0 completed
development_methods 1624/1848 visual_cognitive_motivation__S13__posterior__montage0__P3__H1.0 completed
development_methods 1625/1848 visual_cognitive_motivation__S13__posterior__montage0__P2__H1.0 completed
development_methods 1626/1848 visual_cognitive_motivation__S13__posterior__montage1__P3__W1 completed
development_methods 1627/1848 visual_cognitive_motivation__S13__posterior__montage1__P1_beta__Hfull completed
development_methods 1628/1848 visual_cognitive_motivation__S13__posterior__montage0__P2__C0b completed
development_methods 1629/1848 visual_cognitive_motivation__S13__posterior__montage1__P3__C0b completed
development_methods 1630/1848 visual_cognitive_motivation__S13__posterior__montage0__P3__C0b completed
development_methods 1631/1848 visual_cognitive_motivation__S13__prefrontal__montage0__P1_tau__C0b completed
development_methods 1632/1848 visual_cognitive_motivation__S13__posterior__montage0__P3__H0.25 completed
development_methods 1633/1848 visual_cognitive_motivation__S13__posterior__montage0__P2__H0.25 completed
development_methods 1634/1848 visual_cognitive_motivation__S13__prefrontal__montage0__P1_beta__C0b completed
development_methods 1635/1848 visual_cognitive_motivation__S13__posterior__montage1__P1_tau__H0.25 completed
development_methods 1636/1848 visual_cognitive_motivation__S13__posterior__montage1__P1_tau__H1.0 completed
development_methods 1637/1848 visual_cognitive_motivation__S13__posterior__montage1__P2__Hfull completed
development_methods 1638/1848 visual_cognitive_motivation__S13__prefrontal__montage0__P1_beta__W1 completed
development_methods 1639/1848 visual_cognitive_motivation__S13__posterior__montage1__P3__Hfull completed
development_methods 1640/1848 visual_cognitive_motivation__S13__posterior__montage1__P1_tau__H4.0 completed
development_methods 1641/1848 visual_cognitive_motivation__S13__posterior__montage1__P1_tau__C1 completed
development_methods 1642/1848 visual_cognitive_motivation__S13__prefrontal__montage0__P1_tau__C1 completed
development_methods 1643/1848 visual_cognitive_motivation__S13__posterior__montage1__P1_beta__H0.25 completed
development_methods 1644/1848 visual_cognitive_motivation__S13__prefrontal__montage0__P1_tau__W1 completed
development_methods 1645/1848 visual_cognitive_motivation__S13__prefrontal__montage0__P2__W1 completed
development_methods 1646/1848 visual_cognitive_motivation__S13__prefrontal__montage0__P1_tau__Hfull completed
development_methods 1647/1848 visual_cognitive_motivation__S13__prefrontal__montage0__P2__C0b completed
development_methods 1648/1848 visual_cognitive_motivation__S13__posterior__montage1__P1_beta__H1.0 completed
development_methods 1649/1848 visual_cognitive_motivation__S13__posterior__montage1__P2__H4.0 completed
development_methods 1650/1848 visual_cognitive_motivation__S13__posterior__montage1__P2__H1.0 completed
development_methods 1651/1848 visual_cognitive_motivation__S13__posterior__montage1__P1_beta__H4.0 completed
development_methods 1652/1848 visual_cognitive_motivation__S13__posterior__montage1__P3__H4.0 completed
development_methods 1653/1848 visual_cognitive_motivation__S13__prefrontal__montage0__P1_tau__H0.25 completed
development_methods 1654/1848 visual_cognitive_motivation__S13__prefrontal__montage0__P1_beta__Hfull completed
development_methods 1655/1848 visual_cognitive_motivation__S13__prefrontal__montage1__P1_tau__C0b completed
development_methods 1656/1848 visual_cognitive_motivation__S13__posterior__montage1__P2__H0.25 completed
development_methods 1657/1848 visual_cognitive_motivation__S13__prefrontal__montage0__P1_tau__H1.0 completed
development_methods 1658/1848 visual_cognitive_motivation__S13__prefrontal__montage0__P1_tau__H4.0 completed
development_methods 1659/1848 visual_cognitive_motivation__S13__posterior__montage0__P2__C1 completed
development_methods 1660/1848 visual_cognitive_motivation__S13__posterior__montage0__P3__C1 completed
development_methods 1661/1848 visual_cognitive_motivation__S13__prefrontal__montage1__P1_tau__W1 completed
development_methods 1662/1848 visual_cognitive_motivation__S13__prefrontal__montage0__P3__C0b completed
development_methods 1663/1848 visual_cognitive_motivation__S13__prefrontal__montage0__P1_beta__H0.25 completed
development_methods 1664/1848 visual_cognitive_motivation__S13__prefrontal__montage0__P2__Hfull completed
development_methods 1665/1848 visual_cognitive_motivation__S13__prefrontal__montage1__P1_beta__C0b completed
development_methods 1666/1848 visual_cognitive_motivation__S13__prefrontal__montage0__P1_beta__H1.0 completed
development_methods 1667/1848 visual_cognitive_motivation__S13__prefrontal__montage1__P1_tau__C1 completed
development_methods 1668/1848 visual_cognitive_motivation__S13__prefrontal__montage0__P1_beta__C1 completed
development_methods 1669/1848 visual_cognitive_motivation__S13__prefrontal__montage1__P1_beta__W1 completed
development_methods 1670/1848 visual_cognitive_motivation__S13__prefrontal__montage0__P1_beta__H4.0 completed
development_methods 1671/1848 visual_cognitive_motivation__S13__prefrontal__montage0__P3__Hfull completed
development_methods 1672/1848 visual_cognitive_motivation__S13__posterior__montage1__P3__H0.25 completed
development_methods 1673/1848 visual_cognitive_motivation__S13__prefrontal__montage0__P2__C1 completed
development_methods 1674/1848 visual_cognitive_motivation__S13__prefrontal__montage0__P2__H1.0 completed
development_methods 1675/1848 visual_cognitive_motivation__S13__prefrontal__montage0__P2__H0.25 completed
development_methods 1676/1848 visual_cognitive_motivation__S13__prefrontal__montage1__P2__C0b completed
development_methods 1677/1848 visual_cognitive_motivation__S13__prefrontal__montage0__P3__W1 completed
development_methods 1678/1848 visual_cognitive_motivation__S13__posterior__montage1__P3__H1.0 completed
development_methods 1679/1848 visual_cognitive_motivation__S13__prefrontal__montage0__P2__H4.0 completed
development_methods 1680/1848 visual_cognitive_motivation__S13__prefrontal__montage1__P1_tau__Hfull completed
development_methods 1681/1848 visual_cognitive_motivation__S13__prefrontal__montage1__P3__C0b completed
development_methods 1682/1848 visual_cognitive_motivation__S13__prefrontal__montage1__P2__W1 completed
development_methods 1683/1848 visual_cognitive_motivation__S13__posterior__montage1__P2__C1 completed
development_methods 1684/1848 visual_cognitive_motivation__S13__prefrontal__montage1__P1_tau__H0.25 completed
development_methods 1685/1848 visual_cognitive_motivation__S16__motor__P1_tau__W1 completed
development_methods 1686/1848 visual_cognitive_motivation__S16__motor__P1_tau__C0b completed
development_methods 1687/1848 visual_cognitive_motivation__S13__prefrontal__montage0__P3__C1 completed
development_methods 1688/1848 visual_cognitive_motivation__S13__prefrontal__montage1__P1_beta__C1 completed
development_methods 1689/1848 visual_cognitive_motivation__S13__prefrontal__montage1__P1_beta__Hfull completed
development_methods 1690/1848 visual_cognitive_motivation__S13__prefrontal__montage1__P2__C1 completed
development_methods 1691/1848 visual_cognitive_motivation__S13__prefrontal__montage0__P3__H4.0 completed
development_methods 1692/1848 visual_cognitive_motivation__S13__prefrontal__montage1__P3__W1 completed
development_methods 1693/1848 visual_cognitive_motivation__S13__prefrontal__montage1__P1_beta__H0.25 completed
development_methods 1694/1848 visual_cognitive_motivation__S13__prefrontal__montage1__P1_tau__H1.0 completed
development_methods 1695/1848 visual_cognitive_motivation__S13__prefrontal__montage1__P1_tau__H4.0 completed
development_methods 1696/1848 visual_cognitive_motivation__S16__motor__P1_beta__W1 completed
development_methods 1697/1848 visual_cognitive_motivation__S13__posterior__montage1__P3__C1 completed
development_methods 1698/1848 visual_cognitive_motivation__S13__prefrontal__montage1__P1_beta__H1.0 completed
development_methods 1699/1848 visual_cognitive_motivation__S13__prefrontal__montage1__P2__Hfull completed
development_methods 1700/1848 visual_cognitive_motivation__S13__prefrontal__montage0__P3__H1.0 completed
development_methods 1701/1848 visual_cognitive_motivation__S13__prefrontal__montage1__P1_beta__H4.0 completed
development_methods 1702/1848 visual_cognitive_motivation__S13__prefrontal__montage1__P3__Hfull completed
development_methods 1703/1848 visual_cognitive_motivation__S13__prefrontal__montage1__P2__H0.25 completed
development_methods 1704/1848 visual_cognitive_motivation__S13__prefrontal__montage1__P2__H4.0 completed
development_methods 1705/1848 visual_cognitive_motivation__S16__motor__P1_beta__C0b completed
development_methods 1706/1848 visual_cognitive_motivation__S13__prefrontal__montage1__P2__H1.0 completed
development_methods 1707/1848 visual_cognitive_motivation__S16__motor__P2__W1 completed
development_methods 1708/1848 visual_cognitive_motivation__S13__prefrontal__montage1__P3__C1 completed
development_methods 1709/1848 visual_cognitive_motivation__S16__motor__P1_tau__Hfull completed
development_methods 1710/1848 visual_cognitive_motivation__S16__motor__P3__W1 completed
development_methods 1711/1848 visual_cognitive_motivation__S16__motor__P1_tau__H0.25 completed
development_methods 1712/1848 visual_cognitive_motivation__S13__prefrontal__montage1__P3__H4.0 completed
development_methods 1713/1848 visual_cognitive_motivation__S13__prefrontal__montage1__P3__H1.0 completed
development_methods 1714/1848 visual_cognitive_motivation__S13__prefrontal__montage0__P3__H0.25 completed
development_methods 1715/1848 visual_cognitive_motivation__S13__posterior__montage1__P1_beta__C1 completed
development_methods 1716/1848 visual_cognitive_motivation__S16__motor__P3__C0b completed
development_methods 1717/1848 visual_cognitive_motivation__S16__motor__P2__C0b completed
development_methods 1718/1848 visual_cognitive_motivation__S16__motor__P1_tau__H1.0 completed
development_methods 1719/1848 visual_cognitive_motivation__S16__posterior__montage0__P1_tau__C0b completed
development_methods 1720/1848 visual_cognitive_motivation__S16__posterior__montage0__P1_tau__W1 completed
development_methods 1721/1848 visual_cognitive_motivation__S16__motor__P1_beta__Hfull completed
development_methods 1722/1848 visual_cognitive_motivation__S13__prefrontal__montage1__P3__H0.25 completed
development_methods 1723/1848 visual_cognitive_motivation__S16__posterior__montage0__P1_beta__W1 completed
development_methods 1724/1848 visual_cognitive_motivation__S16__motor__P2__Hfull completed
development_methods 1725/1848 visual_cognitive_motivation__S16__motor__P3__Hfull completed
development_methods 1726/1848 visual_cognitive_motivation__S16__posterior__montage0__P1_beta__C0b completed
development_methods 1727/1848 visual_cognitive_motivation__S16__posterior__montage0__P2__W1 completed
development_methods 1728/1848 visual_cognitive_motivation__S16__posterior__montage0__P1_tau__Hfull completed
development_methods 1729/1848 visual_cognitive_motivation__S16__posterior__montage0__P1_tau__C1 completed
development_methods 1730/1848 visual_cognitive_motivation__S16__posterior__montage0__P1_tau__H0.25 completed
development_methods 1731/1848 visual_cognitive_motivation__S16__posterior__montage0__P1_tau__H1.0 completed
development_methods 1732/1848 visual_cognitive_motivation__S16__motor__P1_beta__H4.0 completed
development_methods 1733/1848 visual_cognitive_motivation__S16__motor__P1_beta__H1.0 completed
development_methods 1734/1848 visual_cognitive_motivation__S16__posterior__montage0__P1_beta__Hfull completed
development_methods 1735/1848 visual_cognitive_motivation__S16__posterior__montage0__P1_tau__H4.0 completed
development_methods 1736/1848 visual_cognitive_motivation__S16__posterior__montage1__P1_tau__C0b completed
development_methods 1737/1848 visual_cognitive_motivation__S16__motor__P1_beta__H0.25 completed
development_methods 1738/1848 visual_cognitive_motivation__S16__posterior__montage1__P1_tau__W1 completed
development_methods 1739/1848 visual_cognitive_motivation__S16__motor__P1_tau__H4.0 completed
development_methods 1740/1848 visual_cognitive_motivation__S16__posterior__montage0__P3__W1 completed
development_methods 1741/1848 visual_cognitive_motivation__S16__motor__P3__H1.0 completed
development_methods 1742/1848 visual_cognitive_motivation__S16__motor__P3__H0.25 completed
development_methods 1743/1848 visual_cognitive_motivation__S16__posterior__montage0__P3__C0b completed
development_methods 1744/1848 visual_cognitive_motivation__S16__posterior__montage0__P2__Hfull completed
development_methods 1745/1848 visual_cognitive_motivation__S16__motor__P2__H1.0 completed
development_methods 1746/1848 visual_cognitive_motivation__S16__posterior__montage1__P1_beta__C0b completed
development_methods 1747/1848 visual_cognitive_motivation__S16__motor__P2__H0.25 completed
development_methods 1748/1848 visual_cognitive_motivation__S16__posterior__montage0__P2__C0b completed
development_methods 1749/1848 visual_cognitive_motivation__S16__posterior__montage0__P3__Hfull completed
development_methods 1750/1848 visual_cognitive_motivation__S16__posterior__montage1__P1_tau__C1 completed
development_methods 1751/1848 visual_cognitive_motivation__S16__posterior__montage1__P1_tau__Hfull completed
development_methods 1752/1848 visual_cognitive_motivation__S16__motor__P1_tau__C1 completed
development_methods 1753/1848 visual_cognitive_motivation__S16__posterior__montage1__P1_beta__W1 completed
development_methods 1754/1848 visual_cognitive_motivation__S16__posterior__montage0__P2__H4.0 completed
development_methods 1755/1848 visual_cognitive_motivation__S16__motor__P2__H4.0 completed
development_methods 1756/1848 visual_cognitive_motivation__S16__motor__P1_beta__C1 completed
development_methods 1757/1848 visual_cognitive_motivation__S16__posterior__montage1__P1_beta__C1 completed
development_methods 1758/1848 visual_cognitive_motivation__S16__posterior__montage1__P2__C0b completed
development_methods 1759/1848 visual_cognitive_motivation__S16__motor__P3__H4.0 completed
development_methods 1760/1848 visual_cognitive_motivation__S16__posterior__montage1__P3__C0b completed
development_methods 1761/1848 visual_cognitive_motivation__S16__posterior__montage1__P1_tau__H0.25 completed
development_methods 1762/1848 visual_cognitive_motivation__S16__prefrontal__montage0__P1_tau__C0b completed
development_methods 1763/1848 visual_cognitive_motivation__S16__posterior__montage0__P2__H1.0 completed
development_methods 1764/1848 visual_cognitive_motivation__S16__prefrontal__montage0__P1_tau__W1 completed
development_methods 1765/1848 visual_cognitive_motivation__S16__posterior__montage0__P1_beta__C1 completed
development_methods 1766/1848 visual_cognitive_motivation__S16__posterior__montage1__P1_beta__Hfull completed
development_methods 1767/1848 visual_cognitive_motivation__S16__posterior__montage0__P1_beta__H0.25 completed
development_methods 1768/1848 visual_cognitive_motivation__S16__posterior__montage0__P2__H0.25 completed
development_methods 1769/1848 visual_cognitive_motivation__S16__posterior__montage0__P2__C1 completed
development_methods 1770/1848 visual_cognitive_motivation__S16__posterior__montage1__P1_tau__H4.0 completed
development_methods 1771/1848 visual_cognitive_motivation__S16__posterior__montage1__P1_tau__H1.0 completed
development_methods 1772/1848 visual_cognitive_motivation__S16__posterior__montage1__P2__Hfull completed
development_methods 1773/1848 visual_cognitive_motivation__S16__posterior__montage0__P1_beta__H4.0 completed
development_methods 1774/1848 visual_cognitive_motivation__S16__posterior__montage1__P3__C1 completed
development_methods 1775/1848 visual_cognitive_motivation__S16__posterior__montage1__P1_beta__H0.25 completed
development_methods 1776/1848 visual_cognitive_motivation__S16__posterior__montage1__P3__W1 completed
development_methods 1777/1848 visual_cognitive_motivation__S16__posterior__montage1__P2__W1 completed
development_methods 1778/1848 visual_cognitive_motivation__S16__posterior__montage1__P3__Hfull completed
development_methods 1779/1848 visual_cognitive_motivation__S16__posterior__montage1__P1_beta__H1.0 completed
development_methods 1780/1848 visual_cognitive_motivation__S16__prefrontal__montage0__P1_beta__W1 completed
development_methods 1781/1848 visual_cognitive_motivation__S16__posterior__montage0__P3__H4.0 completed
development_methods 1782/1848 visual_cognitive_motivation__S16__posterior__montage1__P1_beta__H4.0 completed
development_methods 1783/1848 visual_cognitive_motivation__S16__prefrontal__montage0__P1_beta__C0b completed
development_methods 1784/1848 visual_cognitive_motivation__S16__posterior__montage1__P2__C1 completed
development_methods 1785/1848 visual_cognitive_motivation__S16__prefrontal__montage0__P2__W1 completed
development_methods 1786/1848 visual_cognitive_motivation__S16__prefrontal__montage0__P2__C0b completed
development_methods 1787/1848 visual_cognitive_motivation__S16__posterior__montage1__P3__H1.0 completed
development_methods 1788/1848 visual_cognitive_motivation__S16__posterior__montage0__P1_beta__H1.0 completed
development_methods 1789/1848 visual_cognitive_motivation__S16__posterior__montage0__P3__H1.0 completed
development_methods 1790/1848 visual_cognitive_motivation__S16__motor__P3__C1 completed
development_methods 1791/1848 visual_cognitive_motivation__S16__prefrontal__montage0__P3__W1 completed
development_methods 1792/1848 visual_cognitive_motivation__S16__prefrontal__montage0__P1_tau__Hfull completed
development_methods 1793/1848 visual_cognitive_motivation__S16__prefrontal__montage1__P1_tau__W1 completed
development_methods 1794/1848 visual_cognitive_motivation__S16__posterior__montage0__P3__H0.25 completed
development_methods 1795/1848 visual_cognitive_motivation__S16__prefrontal__montage1__P1_tau__C0b completed
development_methods 1796/1848 visual_cognitive_motivation__S16__prefrontal__montage0__P1_tau__C1 completed
development_methods 1797/1848 visual_cognitive_motivation__S16__motor__P2__C1 completed
development_methods 1798/1848 visual_cognitive_motivation__S16__posterior__montage1__P2__H0.25 completed
development_methods 1799/1848 visual_cognitive_motivation__S16__prefrontal__montage0__P1_beta__Hfull completed
development_methods 1800/1848 visual_cognitive_motivation__S16__posterior__montage1__P2__H4.0 completed
development_methods 1801/1848 visual_cognitive_motivation__S16__prefrontal__montage0__P1_tau__H1.0 completed
development_methods 1802/1848 visual_cognitive_motivation__S16__prefrontal__montage1__P1_beta__C0b completed
development_methods 1803/1848 visual_cognitive_motivation__S16__posterior__montage1__P2__H1.0 completed
development_methods 1804/1848 visual_cognitive_motivation__S16__prefrontal__montage0__P1_tau__H0.25 completed
development_methods 1805/1848 visual_cognitive_motivation__S16__posterior__montage0__P3__C1 completed
development_methods 1806/1848 visual_cognitive_motivation__S16__prefrontal__montage1__P1_tau__C1 completed
development_methods 1807/1848 visual_cognitive_motivation__S16__prefrontal__montage0__P2__Hfull completed
development_methods 1808/1848 visual_cognitive_motivation__S16__posterior__montage1__P3__H0.25 completed
development_methods 1809/1848 visual_cognitive_motivation__S16__prefrontal__montage0__P3__Hfull completed
development_methods 1810/1848 visual_cognitive_motivation__S16__prefrontal__montage0__P1_beta__H0.25 completed
development_methods 1811/1848 visual_cognitive_motivation__S16__prefrontal__montage0__P1_beta__H1.0 completed
development_methods 1812/1848 visual_cognitive_motivation__S16__prefrontal__montage0__P3__C0b completed
development_methods 1813/1848 visual_cognitive_motivation__S16__prefrontal__montage1__P2__C0b completed
development_methods 1814/1848 visual_cognitive_motivation__S16__prefrontal__montage1__P1_tau__Hfull completed
development_methods 1815/1848 visual_cognitive_motivation__S16__prefrontal__montage1__P2__W1 completed
development_methods 1816/1848 visual_cognitive_motivation__S16__prefrontal__montage1__P1_beta__C1 completed
development_methods 1817/1848 visual_cognitive_motivation__S16__prefrontal__montage1__P1_beta__W1 completed
development_methods 1818/1848 visual_cognitive_motivation__S16__prefrontal__montage1__P3__C0b completed
development_methods 1819/1848 visual_cognitive_motivation__S16__prefrontal__montage1__P1_beta__Hfull completed
development_methods 1820/1848 visual_cognitive_motivation__S16__prefrontal__montage1__P1_tau__H4.0 completed
development_methods 1821/1848 visual_cognitive_motivation__S16__prefrontal__montage0__P1_beta__H4.0 completed
development_methods 1822/1848 visual_cognitive_motivation__S16__posterior__montage1__P3__H4.0 completed
development_methods 1823/1848 visual_cognitive_motivation__S16__prefrontal__montage1__P1_beta__H0.25 completed
development_methods 1824/1848 visual_cognitive_motivation__S16__prefrontal__montage1__P1_tau__H1.0 completed
development_methods 1825/1848 visual_cognitive_motivation__S16__prefrontal__montage1__P2__Hfull completed
development_methods 1826/1848 visual_cognitive_motivation__S16__prefrontal__montage1__P1_beta__H4.0 completed
development_methods 1827/1848 visual_cognitive_motivation__S16__prefrontal__montage1__P1_beta__H1.0 completed
development_methods 1828/1848 visual_cognitive_motivation__S16__prefrontal__montage1__P1_tau__H0.25 completed
development_methods 1829/1848 visual_cognitive_motivation__S16__prefrontal__montage1__P2__C1 completed
development_methods 1830/1848 visual_cognitive_motivation__S16__prefrontal__montage1__P3__Hfull completed
development_methods 1831/1848 visual_cognitive_motivation__S16__prefrontal__montage1__P2__H4.0 completed
development_methods 1832/1848 visual_cognitive_motivation__S16__prefrontal__montage1__P3__W1 completed
development_methods 1833/1848 visual_cognitive_motivation__S16__prefrontal__montage0__P2__C1 completed
development_methods 1834/1848 visual_cognitive_motivation__S16__prefrontal__montage1__P3__C1 completed
development_methods 1835/1848 visual_cognitive_motivation__S16__prefrontal__montage1__P3__H4.0 completed
development_methods 1836/1848 visual_cognitive_motivation__S16__prefrontal__montage1__P2__H1.0 completed
development_methods 1837/1848 visual_cognitive_motivation__S16__prefrontal__montage0__P3__C1 completed
development_methods 1838/1848 visual_cognitive_motivation__S16__prefrontal__montage0__P3__H0.25 completed
development_methods 1839/1848 visual_cognitive_motivation__S16__prefrontal__montage0__P1_tau__H4.0 completed
development_methods 1840/1848 visual_cognitive_motivation__S16__prefrontal__montage0__P3__H1.0 completed
development_methods 1841/1848 visual_cognitive_motivation__S16__prefrontal__montage0__P2__H0.25 completed
development_methods 1842/1848 visual_cognitive_motivation__S16__prefrontal__montage1__P2__H0.25 completed
development_methods 1843/1848 visual_cognitive_motivation__S16__prefrontal__montage1__P3__H0.25 completed
development_methods 1844/1848 visual_cognitive_motivation__S16__prefrontal__montage0__P2__H4.0 completed
development_methods 1845/1848 visual_cognitive_motivation__S16__prefrontal__montage0__P3__H4.0 completed
development_methods 1846/1848 visual_cognitive_motivation__S16__prefrontal__montage0__P1_beta__C1 completed
development_methods 1847/1848 visual_cognitive_motivation__S16__prefrontal__montage0__P2__H1.0 completed
development_methods 1848/1848 visual_cognitive_motivation__S16__prefrontal__montage1__P3__H1.0 completed
/SSD_2/pid-mcm-implementation/src/inference/t3a_balloon_robust_ssm.py:521: RuntimeWarning: overflow encountered in scalar divide
  d / (tau * v),
/SSD_2/pid-mcm-implementation/src/inference/t3a_balloon_robust_ssm.py:521: RuntimeWarning: overflow encountered in scalar divide
  d / (tau * v),
/SSD_2/pid-mcm-implementation/src/inference/t3a_balloon_robust_ssm.py:521: RuntimeWarning: overflow encountered in scalar divide
  d / (tau * v),
profiles 1/144 eeg_fnirs_single_trial__subject_11__prefrontal__P1_tau__regularized completed
profiles 2/144 eeg_fnirs_single_trial__subject_19__prefrontal__P1_beta__regularized completed
profiles 3/144 eeg_fnirs_single_trial__subject_11__prefrontal__P1_beta__regularized completed
profiles 4/144 eeg_fnirs_single_trial__subject_08__prefrontal__P1_beta__regularized completed
profiles 5/144 eeg_fnirs_single_trial__subject_28__prefrontal__P1_tau__regularized completed
profiles 6/144 eeg_fnirs_single_trial__subject_19__prefrontal__P1_tau__regularized completed
profiles 7/144 eeg_fnirs_single_trial__subject_08__prefrontal__P1_tau__regularized completed
profiles 8/144 eeg_fnirs_single_trial__subject_28__prefrontal__P1_beta__regularized completed
profiles 9/144 eeg_fnirs_single_trial__subject_24__prefrontal__P1_tau__regularized completed
profiles 10/144 eeg_fnirs_single_trial__subject_05__prefrontal__P1_tau__regularized completed
profiles 11/144 eeg_fnirs_single_trial__subject_24__prefrontal__P1_beta__regularized completed
profiles 12/144 eeg_fnirs_single_trial__subject_05__prefrontal__P1_beta__regularized completed
profiles 13/144 eeg_fnirs_single_trial__subject_08__prefrontal__P1_beta__obs completed
profiles 14/144 eeg_fnirs_single_trial__subject_08__prefrontal__P1_tau__obs completed
profiles 15/144 eeg_fnirs_single_trial__subject_08__prefrontal__P2__regularized completed
profiles 16/144 eeg_fnirs_single_trial__subject_19__prefrontal__P2__regularized completed
profiles 17/144 eeg_fnirs_single_trial__subject_11__prefrontal__P2__regularized completed
profiles 18/144 eeg_fnirs_single_trial__subject_28__prefrontal__P2__regularized completed
profiles 19/144 eeg_fnirs_single_trial__subject_24__prefrontal__P1_beta__obs completed
profiles 20/144 eeg_fnirs_single_trial__subject_24__prefrontal__P2__regularized completed
profiles 21/144 eeg_fnirs_single_trial__subject_24__prefrontal__P1_tau__obs completed
profiles 22/144 eeg_fnirs_single_trial__subject_11__prefrontal__P1_beta__obs completed
profiles 23/144 eeg_fnirs_single_trial__subject_11__prefrontal__P1_tau__obs completed
profiles 24/144 eeg_fnirs_single_trial__subject_05__prefrontal__P2__regularized completed
profiles 25/144 eeg_fnirs_single_trial__subject_28__prefrontal__P1_beta__obs completed
profiles 26/144 eeg_fnirs_single_trial__subject_05__prefrontal__P1_tau__obs completed
/SSD_2/pid-mcm-implementation/src/inference/t3a_balloon_robust_ssm.py:521: RuntimeWarning: overflow encountered in scalar divide
  d / (tau * v),
/SSD_2/pid-mcm-implementation/src/inference/t3a_balloon_robust_ssm.py:521: RuntimeWarning: overflow encountered in scalar divide
  d / (tau * v),
profiles 27/144 eeg_fnirs_single_trial__subject_19__prefrontal__P1_tau__obs completed
profiles 28/144 eeg_fnirs_single_trial__subject_28__prefrontal__P1_tau__obs completed
profiles 29/144 simultaneous_eeg_nirs__VP003__prefrontal__P1_tau__regularized completed
profiles 30/144 eeg_fnirs_single_trial__subject_19__prefrontal__P1_beta__obs completed
profiles 31/144 simultaneous_eeg_nirs__VP003__prefrontal__P1_beta__regularized completed
profiles 32/144 simultaneous_eeg_nirs__VP006__prefrontal__P1_tau__regularized completed
profiles 33/144 simultaneous_eeg_nirs__VP006__prefrontal__P1_beta__regularized completed
profiles 34/144 eeg_fnirs_single_trial__subject_08__prefrontal__P2__obs completed
profiles 35/144 simultaneous_eeg_nirs__VP009__prefrontal__P1_tau__regularized completed
profiles 36/144 simultaneous_eeg_nirs__VP003__prefrontal__P2__regularized completed
profiles 37/144 simultaneous_eeg_nirs__VP009__prefrontal__P1_beta__regularized completed
profiles 38/144 eeg_fnirs_single_trial__subject_05__prefrontal__P1_beta__obs completed
profiles 39/144 eeg_fnirs_single_trial__subject_24__prefrontal__P2__obs completed
profiles 40/144 simultaneous_eeg_nirs__VP006__prefrontal__P2__regularized completed
profiles 41/144 simultaneous_eeg_nirs__VP013__prefrontal__P1_tau__regularized completed
profiles 42/144 simultaneous_eeg_nirs__VP009__prefrontal__P1_beta__obs completed
profiles 43/144 simultaneous_eeg_nirs__VP009__prefrontal__P2__regularized completed
/SSD_2/pid-mcm-implementation/src/inference/t3a_balloon_robust_ssm.py:521: RuntimeWarning: overflow encountered in scalar divide
  d / (tau * v),
profiles 44/144 simultaneous_eeg_nirs__VP003__prefrontal__P1_tau__obs completed
profiles 45/144 simultaneous_eeg_nirs__VP013__prefrontal__P1_beta__regularized completed
profiles 46/144 eeg_fnirs_single_trial__subject_19__prefrontal__P2__obs completed
profiles 47/144 simultaneous_eeg_nirs__VP006__prefrontal__P1_beta__obs completed
/SSD_2/pid-mcm-implementation/src/inference/t3a_balloon_robust_ssm.py:521: RuntimeWarning: overflow encountered in scalar divide
  d / (tau * v),
profiles 48/144 simultaneous_eeg_nirs__VP009__prefrontal__P1_tau__obs completed
profiles 49/144 eeg_fnirs_single_trial__subject_28__prefrontal__P2__obs completed
profiles 50/144 eeg_fnirs_single_trial__subject_05__prefrontal__P2__obs completed
profiles 51/144 simultaneous_eeg_nirs__VP019__prefrontal__P1_tau__regularized completed
profiles 52/144 simultaneous_eeg_nirs__VP003__prefrontal__P1_beta__obs completed
profiles 53/144 simultaneous_eeg_nirs__VP013__prefrontal__P2__regularized completed
profiles 54/144 simultaneous_eeg_nirs__VP006__prefrontal__P1_tau__obs completed
profiles 55/144 eeg_fnirs_single_trial__subject_11__prefrontal__P2__obs completed
profiles 56/144 simultaneous_eeg_nirs__VP019__prefrontal__P1_beta__regularized completed
profiles 57/144 simultaneous_eeg_nirs__VP003__prefrontal__P2__obs completed
profiles 58/144 simultaneous_eeg_nirs__VP013__prefrontal__P1_tau__obs completed
profiles 59/144 simultaneous_eeg_nirs__VP019__prefrontal__P1_tau__obs completed
profiles 60/144 simultaneous_eeg_nirs__VP013__prefrontal__P1_beta__obs completed
profiles 61/144 simultaneous_eeg_nirs__VP020__prefrontal__P1_tau__regularized completed
profiles 62/144 simultaneous_eeg_nirs__VP019__prefrontal__P2__regularized completed
profiles 63/144 simultaneous_eeg_nirs__VP020__prefrontal__P1_beta__regularized completed
profiles 64/144 simultaneous_eeg_nirs__VP009__prefrontal__P2__obs completed
profiles 65/144 simultaneous_eeg_nirs__VP019__prefrontal__P1_beta__obs completed
profiles 66/144 simultaneous_eeg_nirs__VP006__prefrontal__P2__obs completed
/SSD_2/pid-mcm-implementation/src/inference/t3a_balloon_robust_ssm.py:521: RuntimeWarning: overflow encountered in scalar divide
  d / (tau * v),
profiles 67/144 visual_cognitive_motivation__S01__prefrontal__montage0__P1_tau__regularized completed
/SSD_2/pid-mcm-implementation/src/inference/t3a_balloon_robust_ssm.py:521: RuntimeWarning: overflow encountered in scalar divide
  d / (tau * v),
profiles 68/144 visual_cognitive_motivation__S01__prefrontal__montage0__P1_beta__regularized completed
profiles 69/144 visual_cognitive_motivation__S01__prefrontal__montage0__P1_beta__obs completed
profiles 70/144 simultaneous_eeg_nirs__VP020__prefrontal__P2__regularized completed
profiles 71/144 simultaneous_eeg_nirs__VP020__prefrontal__P1_tau__obs completed
profiles 72/144 visual_cognitive_motivation__S03__prefrontal__montage0__P1_tau__regularized completed
profiles 73/144 simultaneous_eeg_nirs__VP013__prefrontal__P2__obs completed
profiles 74/144 visual_cognitive_motivation__S01__prefrontal__montage0__P2__regularized completed
profiles 75/144 visual_cognitive_motivation__S03__prefrontal__montage0__P1_beta__regularized completed
profiles 76/144 visual_cognitive_motivation__S01__prefrontal__montage0__P1_tau__obs completed
profiles 77/144 simultaneous_eeg_nirs__VP019__prefrontal__P2__obs completed
profiles 78/144 simultaneous_eeg_nirs__VP020__prefrontal__P1_beta__obs completed
profiles 79/144 visual_cognitive_motivation__S03__prefrontal__montage0__P1_tau__obs completed
profiles 80/144 visual_cognitive_motivation__S05__prefrontal__montage0__P1_tau__regularized completed
profiles 81/144 visual_cognitive_motivation__S03__prefrontal__montage0__P1_beta__obs completed
profiles 82/144 visual_cognitive_motivation__S03__prefrontal__montage0__P2__regularized completed
/SSD_2/pid-mcm-implementation/src/inference/t3a_balloon_robust_ssm.py:521: RuntimeWarning: overflow encountered in scalar divide
  d / (tau * v),
/SSD_2/pid-mcm-implementation/src/inference/t3a_balloon_robust_ssm.py:523: RuntimeWarning: overflow encountered in scalar divide
  (flow_extraction - f_out * q / v) / (tau * q),
profiles 83/144 visual_cognitive_motivation__S05__prefrontal__montage0__P1_beta__regularized completed
profiles 84/144 eeg_fnirs_single_trial__subject_11__prefrontal__P3__regularized completed
profiles 85/144 eeg_fnirs_single_trial__subject_28__prefrontal__P3__regularized completed
profiles 86/144 eeg_fnirs_single_trial__subject_19__prefrontal__P3__regularized completed
profiles 87/144 visual_cognitive_motivation__S05__prefrontal__montage0__P1_beta__obs completed
profiles 88/144 eeg_fnirs_single_trial__subject_08__prefrontal__P3__regularized completed
profiles 89/144 visual_cognitive_motivation__S05__prefrontal__montage0__P1_tau__obs completed
/SSD_2/pid-mcm-implementation/src/inference/t3a_balloon_robust_ssm.py:521: RuntimeWarning: overflow encountered in scalar divide
  d / (tau * v),
/SSD_2/pid-mcm-implementation/src/inference/t3a_balloon_robust_ssm.py:521: RuntimeWarning: overflow encountered in scalar divide
  d / (tau * v),
profiles 90/144 visual_cognitive_motivation__S06__prefrontal__montage0__P1_tau__regularized completed
profiles 91/144 visual_cognitive_motivation__S06__prefrontal__montage0__P1_beta__regularized completed
profiles 92/144 visual_cognitive_motivation__S05__prefrontal__montage0__P2__regularized completed
profiles 93/144 simultaneous_eeg_nirs__VP020__prefrontal__P2__obs completed
profiles 94/144 eeg_fnirs_single_trial__subject_24__prefrontal__P3__regularized completed
profiles 95/144 visual_cognitive_motivation__S01__prefrontal__montage0__P2__obs completed
profiles 96/144 visual_cognitive_motivation__S03__prefrontal__montage0__P2__obs completed
profiles 97/144 visual_cognitive_motivation__S06__prefrontal__montage0__P1_tau__obs completed
profiles 98/144 visual_cognitive_motivation__S06__prefrontal__montage0__P1_beta__obs completed
profiles 99/144 visual_cognitive_motivation__S13__prefrontal__montage0__P1_tau__regularized completed
profiles 100/144 visual_cognitive_motivation__S06__prefrontal__montage0__P2__regularized completed
profiles 101/144 visual_cognitive_motivation__S13__prefrontal__montage0__P1_beta__regularized completed
profiles 102/144 visual_cognitive_motivation__S13__prefrontal__montage0__P1_tau__obs completed
profiles 103/144 visual_cognitive_motivation__S05__prefrontal__montage0__P2__obs completed
profiles 104/144 eeg_fnirs_single_trial__subject_05__prefrontal__P3__regularized completed
profiles 105/144 visual_cognitive_motivation__S16__prefrontal__montage0__P1_tau__regularized completed
profiles 106/144 visual_cognitive_motivation__S13__prefrontal__montage0__P2__regularized completed
profiles 107/144 visual_cognitive_motivation__S16__prefrontal__montage0__P1_beta__regularized completed
profiles 108/144 simultaneous_eeg_nirs__VP003__prefrontal__P3__regularized completed
profiles 109/144 visual_cognitive_motivation__S06__prefrontal__montage0__P2__obs completed
profiles 110/144 simultaneous_eeg_nirs__VP006__prefrontal__P3__regularized completed
profiles 111/144 visual_cognitive_motivation__S13__prefrontal__montage0__P1_beta__obs completed
/SSD_2/pid-mcm-implementation/src/inference/t3a_balloon_robust_ssm.py:521: RuntimeWarning: overflow encountered in scalar divide
  d / (tau * v),
profiles 112/144 visual_cognitive_motivation__S16__prefrontal__montage0__P1_tau__obs completed
profiles 113/144 visual_cognitive_motivation__S16__prefrontal__montage0__P2__regularized completed
profiles 114/144 simultaneous_eeg_nirs__VP009__prefrontal__P3__regularized completed
profiles 115/144 visual_cognitive_motivation__S16__prefrontal__montage0__P1_beta__obs completed
profiles 116/144 simultaneous_eeg_nirs__VP013__prefrontal__P3__regularized completed
profiles 117/144 visual_cognitive_motivation__S13__prefrontal__montage0__P2__obs completed
profiles 118/144 simultaneous_eeg_nirs__VP019__prefrontal__P3__regularized completed
/SSD_2/pid-mcm-implementation/src/inference/t3a_balloon_robust_ssm.py:523: RuntimeWarning: overflow encountered in scalar divide
  (flow_extraction - f_out * q / v) / (tau * q),
profiles 119/144 visual_cognitive_motivation__S16__prefrontal__montage0__P2__obs completed
profiles 120/144 eeg_fnirs_single_trial__subject_08__prefrontal__P3__obs completed
profiles 121/144 visual_cognitive_motivation__S01__prefrontal__montage0__P3__regularized completed
profiles 122/144 visual_cognitive_motivation__S03__prefrontal__montage0__P3__regularized completed
profiles 123/144 simultaneous_eeg_nirs__VP020__prefrontal__P3__regularized completed
/SSD_2/pid-mcm-implementation/src/inference/t3a_balloon_robust_ssm.py:521: RuntimeWarning: overflow encountered in scalar divide
  d / (tau * v),
/SSD_2/pid-mcm-implementation/src/inference/t3a_balloon_robust_ssm.py:521: RuntimeWarning: overflow encountered in scalar divide
  d / (tau * v),
profiles 124/144 eeg_fnirs_single_trial__subject_24__prefrontal__P3__obs completed
profiles 125/144 visual_cognitive_motivation__S05__prefrontal__montage0__P3__regularized completed
/SSD_2/pid-mcm-implementation/src/inference/t3a_balloon_robust_ssm.py:521: RuntimeWarning: overflow encountered in scalar divide
  d / (tau * v),
/SSD_2/pid-mcm-implementation/src/inference/t3a_balloon_robust_ssm.py:523: RuntimeWarning: overflow encountered in scalar divide
  (flow_extraction - f_out * q / v) / (tau * q),
profiles 126/144 visual_cognitive_motivation__S06__prefrontal__montage0__P3__regularized completed
profiles 127/144 eeg_fnirs_single_trial__subject_28__prefrontal__P3__obs completed
profiles 128/144 visual_cognitive_motivation__S13__prefrontal__montage0__P3__regularized completed
profiles 129/144 simultaneous_eeg_nirs__VP009__prefrontal__P3__obs completed
profiles 130/144 eeg_fnirs_single_trial__subject_19__prefrontal__P3__obs completed
profiles 131/144 eeg_fnirs_single_trial__subject_11__prefrontal__P3__obs completed
profiles 132/144 simultaneous_eeg_nirs__VP003__prefrontal__P3__obs completed
profiles 133/144 simultaneous_eeg_nirs__VP013__prefrontal__P3__obs completed
profiles 134/144 simultaneous_eeg_nirs__VP019__prefrontal__P3__obs completed
profiles 135/144 visual_cognitive_motivation__S16__prefrontal__montage0__P3__regularized completed
profiles 136/144 simultaneous_eeg_nirs__VP006__prefrontal__P3__obs completed
profiles 137/144 eeg_fnirs_single_trial__subject_05__prefrontal__P3__obs completed
profiles 138/144 visual_cognitive_motivation__S06__prefrontal__montage0__P3__obs completed
profiles 139/144 visual_cognitive_motivation__S05__prefrontal__montage0__P3__obs completed
profiles 140/144 visual_cognitive_motivation__S03__prefrontal__montage0__P3__obs completed
profiles 141/144 visual_cognitive_motivation__S01__prefrontal__montage0__P3__obs completed
profiles 142/144 simultaneous_eeg_nirs__VP020__prefrontal__P3__obs completed
profiles 143/144 visual_cognitive_motivation__S16__prefrontal__montage0__P3__obs completed
profiles 144/144 visual_cognitive_motivation__S13__prefrontal__montage0__P3__obs completed
