evaluation 1/1790 eeg_fnirs_single_trial__subject_02__motor__P0__N0 completed
evaluation 2/1790 eeg_fnirs_single_trial__subject_01__motor__P1_tau__Hfull completed
evaluation 3/1790 eeg_fnirs_single_trial__subject_02__motor__P2__Hfull completed
evaluation 4/1790 eeg_fnirs_single_trial__subject_02__motor__P1_tau__Hfull completed
evaluation 5/1790 eeg_fnirs_single_trial__subject_01__motor__P1_beta__Hfull completed
evaluation 6/1790 eeg_fnirs_single_trial__subject_01__motor__P3__Hfull completed
evaluation 7/1790 eeg_fnirs_single_trial__subject_01__motor__P2__Hfull completed
evaluation 8/1790 eeg_fnirs_single_trial__subject_02__posterior__P1_tau__Hfull completed
evaluation 9/1790 eeg_fnirs_single_trial__subject_02__motor__P3__Hfull completed
evaluation 10/1790 eeg_fnirs_single_trial__subject_02__posterior__P1_beta__Hfull completed
evaluation 11/1790 eeg_fnirs_single_trial__subject_02__posterior__P2__Hfull completed
evaluation 12/1790 eeg_fnirs_single_trial__subject_01__prefrontal__P3__Hfull completed
evaluation 13/1790 eeg_fnirs_single_trial__subject_01__prefrontal__P1_beta__Hfull completed
evaluation 14/1790 eeg_fnirs_single_trial__subject_01__prefrontal__P2__Hfull completed
evaluation 15/1790 eeg_fnirs_single_trial__subject_01__prefrontal__P1_tau__Hfull completed
evaluation 16/1790 eeg_fnirs_single_trial__subject_01__motor__P0__N0 completed
evaluation 17/1790 eeg_fnirs_single_trial__subject_02__posterior__P0__N0 completed
evaluation 18/1790 eeg_fnirs_single_trial__subject_01__prefrontal__P0__N0 completed
evaluation 19/1790 eeg_fnirs_single_trial__subject_02__motor__P1_beta__Hfull completed
evaluation 20/1790 eeg_fnirs_single_trial__subject_01__posterior__P2__Hfull completed
evaluation 21/1790 eeg_fnirs_single_trial__subject_01__posterior__P1_tau__Hfull completed
evaluation 22/1790 eeg_fnirs_single_trial__subject_01__motor__P2__N0 completed
evaluation 23/1790 eeg_fnirs_single_trial__subject_01__posterior__P3__Hfull completed
evaluation 24/1790 eeg_fnirs_single_trial__subject_01__posterior__P1_beta__Hfull completed
evaluation 25/1790 eeg_fnirs_single_trial__subject_02__motor__P2__N0 completed
evaluation 26/1790 eeg_fnirs_single_trial__subject_02__motor__P3__Hselected completed
evaluation 27/1790 eeg_fnirs_single_trial__subject_02__motor__P3__N0 completed
evaluation 28/1790 eeg_fnirs_single_trial__subject_01__posterior__P0__N0 completed
evaluation 29/1790 eeg_fnirs_single_trial__subject_01__motor__P1_beta__N0 completed
evaluation 30/1790 eeg_fnirs_single_trial__subject_02__posterior__P2__N0 completed
evaluation 31/1790 eeg_fnirs_single_trial__subject_02__motor__P1_tau__N0 completed
evaluation 32/1790 eeg_fnirs_single_trial__subject_02__posterior__P1_tau__N0 completed
evaluation 33/1790 eeg_fnirs_single_trial__subject_02__posterior__P1_beta__N0 completed
evaluation 34/1790 eeg_fnirs_single_trial__subject_02__motor__P1_beta__N0 completed
evaluation 35/1790 eeg_fnirs_single_trial__subject_01__prefrontal__P1_beta__N0 completed
evaluation 36/1790 eeg_fnirs_single_trial__subject_01__posterior__P1_beta__N0 completed
evaluation 37/1790 eeg_fnirs_single_trial__subject_02__posterior__P3__Hfull completed
evaluation 38/1790 eeg_fnirs_single_trial__subject_02__prefrontal__P2__Hfull completed
evaluation 39/1790 eeg_fnirs_single_trial__subject_02__prefrontal__P3__Hfull completed
evaluation 40/1790 eeg_fnirs_single_trial__subject_01__motor__P1_tau__N0 completed
evaluation 41/1790 eeg_fnirs_single_trial__subject_03__motor__P1_tau__Hfull completed
evaluation 42/1790 eeg_fnirs_single_trial__subject_01__prefrontal__P1_tau__N0 completed
evaluation 43/1790 eeg_fnirs_single_trial__subject_02__prefrontal__P1_tau__Hfull completed
evaluation 44/1790 eeg_fnirs_single_trial__subject_02__prefrontal__P0__N0 completed
evaluation 45/1790 eeg_fnirs_single_trial__subject_02__prefrontal__P1_beta__Hfull completed
evaluation 46/1790 eeg_fnirs_single_trial__subject_03__motor__P0__N0 completed
evaluation 47/1790 eeg_fnirs_single_trial__subject_03__motor__P1_beta__Hfull completed
evaluation 48/1790 eeg_fnirs_single_trial__subject_01__posterior__P1_tau__N0 completed
evaluation 49/1790 eeg_fnirs_single_trial__subject_01__posterior__P2__N0 completed
evaluation 50/1790 eeg_fnirs_single_trial__subject_01__posterior__P3__N0 completed
evaluation 51/1790 eeg_fnirs_single_trial__subject_01__posterior__P3__Hselected completed
evaluation 52/1790 eeg_fnirs_single_trial__subject_03__posterior__P0__N0 completed
evaluation 53/1790 eeg_fnirs_single_trial__subject_03__motor__P2__Hfull completed
evaluation 54/1790 eeg_fnirs_single_trial__subject_03__motor__P3__Hfull completed
evaluation 55/1790 eeg_fnirs_single_trial__subject_01__motor__P3__N0 completed
evaluation 56/1790 eeg_fnirs_single_trial__subject_01__motor__P3__Hselected completed
evaluation 57/1790 eeg_fnirs_single_trial__subject_03__posterior__P1_tau__Hfull completed
evaluation 58/1790 eeg_fnirs_single_trial__subject_03__posterior__P1_beta__Hfull completed
evaluation 59/1790 eeg_fnirs_single_trial__subject_02__prefrontal__P3__Hselected completed
evaluation 60/1790 eeg_fnirs_single_trial__subject_02__prefrontal__P3__N0 completed
evaluation 61/1790 eeg_fnirs_single_trial__subject_02__prefrontal__P2__N0 completed
evaluation 62/1790 eeg_fnirs_single_trial__subject_02__posterior__P3__N0 completed
evaluation 63/1790 eeg_fnirs_single_trial__subject_01__prefrontal__P2__N0 completed
evaluation 64/1790 eeg_fnirs_single_trial__subject_03__motor__P2__N0 completed
evaluation 65/1790 eeg_fnirs_single_trial__subject_03__posterior__P2__Hfull completed
evaluation 66/1790 eeg_fnirs_single_trial__subject_03__posterior__P3__Hfull completed
evaluation 67/1790 eeg_fnirs_single_trial__subject_03__motor__P1_tau__N0 completed
evaluation 68/1790 eeg_fnirs_single_trial__subject_01__prefrontal__P3__N0 completed
evaluation 69/1790 eeg_fnirs_single_trial__subject_01__prefrontal__P3__Hselected completed
evaluation 70/1790 eeg_fnirs_single_trial__subject_03__prefrontal__P0__N0 completed
evaluation 71/1790 eeg_fnirs_single_trial__subject_02__prefrontal__P1_beta__N0 completed
evaluation 72/1790 eeg_fnirs_single_trial__subject_02__prefrontal__P1_tau__N0 completed
evaluation 73/1790 eeg_fnirs_single_trial__subject_03__prefrontal__P1_tau__Hfull completed
evaluation 74/1790 eeg_fnirs_single_trial__subject_03__prefrontal__P1_beta__Hfull completed
evaluation 75/1790 eeg_fnirs_single_trial__subject_03__prefrontal__P2__Hfull completed
evaluation 76/1790 eeg_fnirs_single_trial__subject_03__prefrontal__P3__Hfull completed
evaluation 77/1790 eeg_fnirs_single_trial__subject_04__motor__P1_beta__Hfull completed
evaluation 78/1790 eeg_fnirs_single_trial__subject_04__motor__P0__N0 completed
evaluation 79/1790 eeg_fnirs_single_trial__subject_04__motor__P1_tau__Hfull completed
evaluation 80/1790 eeg_fnirs_single_trial__subject_03__posterior__P1_tau__N0 completed
evaluation 81/1790 eeg_fnirs_single_trial__subject_03__posterior__P2__N0 completed
evaluation 82/1790 eeg_fnirs_single_trial__subject_04__motor__P2__Hfull completed
evaluation 83/1790 eeg_fnirs_single_trial__subject_04__motor__P3__Hfull completed
evaluation 84/1790 eeg_fnirs_single_trial__subject_04__posterior__P1_tau__Hfull completed
evaluation 85/1790 eeg_fnirs_single_trial__subject_02__posterior__P3__Hselected completed
evaluation 86/1790 eeg_fnirs_single_trial__subject_04__posterior__P0__N0 completed
evaluation 87/1790 eeg_fnirs_single_trial__subject_04__posterior__P1_beta__Hfull completed
evaluation 88/1790 eeg_fnirs_single_trial__subject_03__prefrontal__P1_tau__N0 completed
evaluation 89/1790 eeg_fnirs_single_trial__subject_03__motor__P1_beta__N0 completed
evaluation 90/1790 eeg_fnirs_single_trial__subject_03__posterior__P3__N0 completed
evaluation 91/1790 eeg_fnirs_single_trial__subject_04__posterior__P2__Hfull completed
evaluation 92/1790 eeg_fnirs_single_trial__subject_04__motor__P2__N0 completed
evaluation 93/1790 eeg_fnirs_single_trial__subject_03__posterior__P3__Hselected completed
evaluation 94/1790 eeg_fnirs_single_trial__subject_04__posterior__P3__Hfull completed
evaluation 95/1790 eeg_fnirs_single_trial__subject_03__posterior__P1_beta__N0 completed
evaluation 96/1790 eeg_fnirs_single_trial__subject_03__motor__P3__N0 completed
evaluation 97/1790 eeg_fnirs_single_trial__subject_03__prefrontal__P2__N0 completed
evaluation 98/1790 eeg_fnirs_single_trial__subject_04__prefrontal__P1_beta__Hfull completed
evaluation 99/1790 eeg_fnirs_single_trial__subject_03__motor__P3__Hselected completed
evaluation 100/1790 eeg_fnirs_single_trial__subject_04__motor__P3__N0 completed
evaluation 101/1790 eeg_fnirs_single_trial__subject_04__prefrontal__P1_tau__Hfull completed
evaluation 102/1790 eeg_fnirs_single_trial__subject_04__prefrontal__P2__Hfull completed
evaluation 103/1790 eeg_fnirs_single_trial__subject_04__prefrontal__P0__N0 completed
evaluation 104/1790 eeg_fnirs_single_trial__subject_04__motor__P3__Hselected completed
evaluation 105/1790 eeg_fnirs_single_trial__subject_03__prefrontal__P1_beta__N0 completed
evaluation 106/1790 eeg_fnirs_single_trial__subject_06__motor__P0__N0 completed
evaluation 107/1790 eeg_fnirs_single_trial__subject_04__prefrontal__P3__Hfull completed
evaluation 108/1790 eeg_fnirs_single_trial__subject_04__motor__P1_beta__N0 completed
evaluation 109/1790 eeg_fnirs_single_trial__subject_06__motor__P1_tau__Hfull completed
evaluation 110/1790 eeg_fnirs_single_trial__subject_06__motor__P1_beta__Hfull completed
evaluation 111/1790 eeg_fnirs_single_trial__subject_04__motor__P1_tau__N0 completed
evaluation 112/1790 eeg_fnirs_single_trial__subject_06__motor__P3__Hfull completed
evaluation 113/1790 eeg_fnirs_single_trial__subject_06__motor__P2__Hfull completed
evaluation 114/1790 eeg_fnirs_single_trial__subject_04__posterior__P1_tau__N0 completed
evaluation 115/1790 eeg_fnirs_single_trial__subject_04__posterior__P1_beta__N0 completed
evaluation 116/1790 eeg_fnirs_single_trial__subject_06__posterior__P0__N0 completed
evaluation 117/1790 eeg_fnirs_single_trial__subject_06__motor__P3__N0 completed
evaluation 118/1790 eeg_fnirs_single_trial__subject_06__posterior__P1_tau__Hfull completed
evaluation 119/1790 eeg_fnirs_single_trial__subject_06__motor__P3__Hselected completed
evaluation 120/1790 eeg_fnirs_single_trial__subject_03__prefrontal__P3__N0 completed
evaluation 121/1790 eeg_fnirs_single_trial__subject_06__motor__P2__N0 completed
evaluation 122/1790 eeg_fnirs_single_trial__subject_03__prefrontal__P3__Hselected completed
evaluation 123/1790 eeg_fnirs_single_trial__subject_06__posterior__P1_beta__Hfull completed
evaluation 124/1790 eeg_fnirs_single_trial__subject_04__prefrontal__P1_beta__N0 completed
evaluation 125/1790 eeg_fnirs_single_trial__subject_06__posterior__P2__Hfull completed
evaluation 126/1790 eeg_fnirs_single_trial__subject_06__posterior__P3__Hfull completed
evaluation 127/1790 eeg_fnirs_single_trial__subject_04__prefrontal__P1_tau__N0 completed
evaluation 128/1790 eeg_fnirs_single_trial__subject_06__prefrontal__P0__N0 completed
evaluation 129/1790 eeg_fnirs_single_trial__subject_06__motor__P1_beta__N0 completed
evaluation 130/1790 eeg_fnirs_single_trial__subject_06__motor__P1_tau__N0 completed
evaluation 131/1790 eeg_fnirs_single_trial__subject_06__prefrontal__P1_tau__Hfull completed
evaluation 132/1790 eeg_fnirs_single_trial__subject_06__prefrontal__P1_beta__Hfull completed
evaluation 133/1790 eeg_fnirs_single_trial__subject_06__prefrontal__P2__Hfull completed
evaluation 134/1790 eeg_fnirs_single_trial__subject_06__prefrontal__P3__Hfull completed
evaluation 135/1790 eeg_fnirs_single_trial__subject_07__motor__P0__N0 completed
evaluation 136/1790 eeg_fnirs_single_trial__subject_04__prefrontal__P2__N0 completed
evaluation 137/1790 eeg_fnirs_single_trial__subject_07__motor__P1_tau__Hfull completed
evaluation 138/1790 eeg_fnirs_single_trial__subject_07__motor__P1_beta__Hfull completed
evaluation 139/1790 eeg_fnirs_single_trial__subject_07__motor__P2__Hfull completed
evaluation 140/1790 eeg_fnirs_single_trial__subject_07__motor__P3__Hfull completed
evaluation 141/1790 eeg_fnirs_single_trial__subject_04__posterior__P3__N0 completed
evaluation 142/1790 eeg_fnirs_single_trial__subject_07__posterior__P0__N0 completed
evaluation 143/1790 eeg_fnirs_single_trial__subject_06__posterior__P1_tau__N0 completed
evaluation 144/1790 eeg_fnirs_single_trial__subject_04__posterior__P3__Hselected completed
evaluation 145/1790 eeg_fnirs_single_trial__subject_07__posterior__P1_tau__Hfull completed
evaluation 146/1790 eeg_fnirs_single_trial__subject_06__posterior__P2__N0 completed
evaluation 147/1790 eeg_fnirs_single_trial__subject_06__posterior__P3__N0 completed
evaluation 148/1790 eeg_fnirs_single_trial__subject_07__posterior__P1_beta__Hfull completed
evaluation 149/1790 eeg_fnirs_single_trial__subject_06__posterior__P3__Hselected completed
evaluation 150/1790 eeg_fnirs_single_trial__subject_07__motor__P2__N0 completed
evaluation 151/1790 eeg_fnirs_single_trial__subject_06__prefrontal__P1_tau__N0 completed
evaluation 152/1790 eeg_fnirs_single_trial__subject_04__posterior__P2__N0 completed
evaluation 153/1790 eeg_fnirs_single_trial__subject_07__posterior__P2__Hfull completed
evaluation 154/1790 eeg_fnirs_single_trial__subject_07__posterior__P3__Hfull completed
evaluation 155/1790 eeg_fnirs_single_trial__subject_07__motor__P1_beta__N0 completed
evaluation 156/1790 eeg_fnirs_single_trial__subject_07__prefrontal__P0__N0 completed
evaluation 157/1790 eeg_fnirs_single_trial__subject_07__motor__P1_tau__N0 completed
evaluation 158/1790 eeg_fnirs_single_trial__subject_06__posterior__P1_beta__N0 completed
evaluation 159/1790 eeg_fnirs_single_trial__subject_06__prefrontal__P2__N0 completed
evaluation 160/1790 eeg_fnirs_single_trial__subject_07__prefrontal__P1_tau__Hfull completed
evaluation 161/1790 eeg_fnirs_single_trial__subject_07__prefrontal__P1_beta__Hfull completed
evaluation 162/1790 eeg_fnirs_single_trial__subject_07__prefrontal__P2__Hfull completed
evaluation 163/1790 eeg_fnirs_single_trial__subject_07__prefrontal__P3__Hfull completed
evaluation 164/1790 eeg_fnirs_single_trial__subject_06__prefrontal__P1_beta__N0 completed
evaluation 165/1790 eeg_fnirs_single_trial__subject_07__posterior__P2__N0 completed
evaluation 166/1790 eeg_fnirs_single_trial__subject_09__motor__P0__N0 completed
evaluation 167/1790 eeg_fnirs_single_trial__subject_07__posterior__P1_tau__N0 completed
evaluation 168/1790 eeg_fnirs_single_trial__subject_07__posterior__P1_beta__N0 completed
evaluation 169/1790 eeg_fnirs_single_trial__subject_09__motor__P1_beta__Hfull completed
evaluation 170/1790 eeg_fnirs_single_trial__subject_09__motor__P1_tau__Hfull completed
evaluation 171/1790 eeg_fnirs_single_trial__subject_04__prefrontal__P3__N0 completed
evaluation 172/1790 eeg_fnirs_single_trial__subject_09__motor__P2__Hfull completed
evaluation 173/1790 eeg_fnirs_single_trial__subject_07__posterior__P3__N0 completed
evaluation 174/1790 eeg_fnirs_single_trial__subject_07__posterior__P3__Hselected completed
evaluation 175/1790 eeg_fnirs_single_trial__subject_04__prefrontal__P3__Hselected completed
evaluation 176/1790 eeg_fnirs_single_trial__subject_09__motor__P3__Hfull completed
evaluation 177/1790 eeg_fnirs_single_trial__subject_07__prefrontal__P2__N0 completed
evaluation 178/1790 eeg_fnirs_single_trial__subject_07__motor__P3__N0 completed
evaluation 179/1790 eeg_fnirs_single_trial__subject_09__posterior__P0__N0 completed
evaluation 180/1790 eeg_fnirs_single_trial__subject_07__motor__P3__Hselected completed
evaluation 181/1790 eeg_fnirs_single_trial__subject_09__posterior__P1_tau__Hfull completed
evaluation 182/1790 eeg_fnirs_single_trial__subject_07__prefrontal__P3__N0 completed
evaluation 183/1790 eeg_fnirs_single_trial__subject_09__posterior__P1_beta__Hfull completed
evaluation 184/1790 eeg_fnirs_single_trial__subject_09__motor__P2__N0 completed
evaluation 185/1790 eeg_fnirs_single_trial__subject_07__prefrontal__P3__Hselected completed
evaluation 186/1790 eeg_fnirs_single_trial__subject_07__prefrontal__P1_tau__N0 completed
evaluation 187/1790 eeg_fnirs_single_trial__subject_09__posterior__P2__Hfull completed
evaluation 188/1790 eeg_fnirs_single_trial__subject_06__prefrontal__P3__N0 completed
evaluation 189/1790 eeg_fnirs_single_trial__subject_09__posterior__P3__Hfull completed
evaluation 190/1790 eeg_fnirs_single_trial__subject_09__prefrontal__P0__N0 completed
evaluation 191/1790 eeg_fnirs_single_trial__subject_06__prefrontal__P3__Hselected completed
evaluation 192/1790 eeg_fnirs_single_trial__subject_09__motor__P3__N0 completed
evaluation 193/1790 eeg_fnirs_single_trial__subject_09__prefrontal__P1_tau__Hfull completed
evaluation 194/1790 eeg_fnirs_single_trial__subject_09__motor__P1_tau__N0 completed
evaluation 195/1790 eeg_fnirs_single_trial__subject_09__motor__P3__Hselected completed
evaluation 196/1790 eeg_fnirs_single_trial__subject_09__motor__P1_beta__N0 completed
evaluation 197/1790 eeg_fnirs_single_trial__subject_09__prefrontal__P1_beta__Hfull completed
evaluation 198/1790 eeg_fnirs_single_trial__subject_07__prefrontal__P1_beta__N0 completed
evaluation 199/1790 eeg_fnirs_single_trial__subject_09__prefrontal__P2__Hfull completed
evaluation 200/1790 eeg_fnirs_single_trial__subject_10__motor__P0__N0 completed
evaluation 201/1790 eeg_fnirs_single_trial__subject_09__prefrontal__P3__Hfull completed
evaluation 202/1790 eeg_fnirs_single_trial__subject_10__motor__P1_tau__Hfull completed
evaluation 203/1790 eeg_fnirs_single_trial__subject_10__motor__P1_beta__Hfull completed
evaluation 204/1790 eeg_fnirs_single_trial__subject_10__motor__P2__Hfull completed
evaluation 205/1790 eeg_fnirs_single_trial__subject_10__motor__P3__Hfull completed
evaluation 206/1790 eeg_fnirs_single_trial__subject_10__posterior__P0__N0 completed
evaluation 207/1790 eeg_fnirs_single_trial__subject_10__posterior__P1_tau__Hfull completed
evaluation 208/1790 eeg_fnirs_single_trial__subject_10__posterior__P1_beta__Hfull completed
evaluation 209/1790 eeg_fnirs_single_trial__subject_09__posterior__P1_beta__N0 completed
evaluation 210/1790 eeg_fnirs_single_trial__subject_09__posterior__P1_tau__N0 completed
evaluation 211/1790 eeg_fnirs_single_trial__subject_10__posterior__P2__Hfull completed
evaluation 212/1790 eeg_fnirs_single_trial__subject_09__posterior__P3__N0 completed
evaluation 213/1790 eeg_fnirs_single_trial__subject_10__posterior__P3__Hfull completed
evaluation 214/1790 eeg_fnirs_single_trial__subject_09__posterior__P3__Hselected completed
evaluation 215/1790 eeg_fnirs_single_trial__subject_10__prefrontal__P0__N0 completed
evaluation 216/1790 eeg_fnirs_single_trial__subject_09__prefrontal__P1_tau__N0 completed
evaluation 217/1790 eeg_fnirs_single_trial__subject_10__prefrontal__P1_tau__Hfull completed
evaluation 218/1790 eeg_fnirs_single_trial__subject_10__prefrontal__P1_beta__Hfull completed
evaluation 219/1790 eeg_fnirs_single_trial__subject_10__motor__P1_beta__N0 completed
evaluation 220/1790 eeg_fnirs_single_trial__subject_10__prefrontal__P2__Hfull completed
evaluation 221/1790 eeg_fnirs_single_trial__subject_09__prefrontal__P2__N0 completed
evaluation 222/1790 eeg_fnirs_single_trial__subject_12__motor__P0__N0 completed
evaluation 223/1790 eeg_fnirs_single_trial__subject_10__prefrontal__P3__Hfull completed
evaluation 224/1790 eeg_fnirs_single_trial__subject_12__motor__P1_tau__Hfull completed
evaluation 225/1790 eeg_fnirs_single_trial__subject_12__motor__P1_beta__Hfull completed
evaluation 226/1790 eeg_fnirs_single_trial__subject_09__posterior__P2__N0 completed
evaluation 227/1790 eeg_fnirs_single_trial__subject_12__motor__P2__Hfull completed
evaluation 228/1790 eeg_fnirs_single_trial__subject_10__motor__P1_tau__N0 completed
evaluation 229/1790 eeg_fnirs_single_trial__subject_12__motor__P3__Hfull completed
evaluation 230/1790 eeg_fnirs_single_trial__subject_10__motor__P2__N0 completed
evaluation 231/1790 eeg_fnirs_single_trial__subject_10__posterior__P1_tau__N0 completed
evaluation 232/1790 eeg_fnirs_single_trial__subject_10__posterior__P2__N0 completed
evaluation 233/1790 eeg_fnirs_single_trial__subject_12__posterior__P0__N0 completed
evaluation 234/1790 eeg_fnirs_single_trial__subject_10__posterior__P1_beta__N0 completed
evaluation 235/1790 eeg_fnirs_single_trial__subject_12__posterior__P1_tau__Hfull completed
evaluation 236/1790 eeg_fnirs_single_trial__subject_12__motor__P2__N0 completed
evaluation 237/1790 eeg_fnirs_single_trial__subject_10__motor__P3__Hselected completed
evaluation 238/1790 eeg_fnirs_single_trial__subject_10__motor__P3__N0 completed
evaluation 239/1790 eeg_fnirs_single_trial__subject_12__posterior__P1_beta__Hfull completed
evaluation 240/1790 eeg_fnirs_single_trial__subject_10__prefrontal__P2__N0 completed
evaluation 241/1790 eeg_fnirs_single_trial__subject_12__posterior__P2__Hfull completed
evaluation 242/1790 eeg_fnirs_single_trial__subject_12__posterior__P3__Hfull completed
evaluation 243/1790 eeg_fnirs_single_trial__subject_12__motor__P3__N0 completed
evaluation 244/1790 eeg_fnirs_single_trial__subject_10__posterior__P3__N0 completed
evaluation 245/1790 eeg_fnirs_single_trial__subject_10__prefrontal__P1_tau__N0 completed
evaluation 246/1790 eeg_fnirs_single_trial__subject_12__motor__P1_tau__N0 completed
evaluation 247/1790 eeg_fnirs_single_trial__subject_10__posterior__P3__Hselected completed
evaluation 248/1790 eeg_fnirs_single_trial__subject_12__motor__P1_beta__N0 completed
evaluation 249/1790 eeg_fnirs_single_trial__subject_12__prefrontal__P1_tau__Hfull completed
evaluation 250/1790 eeg_fnirs_single_trial__subject_12__prefrontal__P0__N0 completed
evaluation 251/1790 eeg_fnirs_single_trial__subject_12__motor__P3__Hselected completed
evaluation 252/1790 eeg_fnirs_single_trial__subject_12__prefrontal__P1_beta__Hfull completed
evaluation 253/1790 eeg_fnirs_single_trial__subject_10__prefrontal__P1_beta__N0 completed
evaluation 254/1790 eeg_fnirs_single_trial__subject_10__prefrontal__P3__N0 completed
evaluation 255/1790 eeg_fnirs_single_trial__subject_09__prefrontal__P3__N0 completed
evaluation 256/1790 eeg_fnirs_single_trial__subject_12__prefrontal__P2__Hfull completed
evaluation 257/1790 eeg_fnirs_single_trial__subject_09__prefrontal__P3__Hselected completed
evaluation 258/1790 eeg_fnirs_single_trial__subject_10__prefrontal__P3__Hselected completed
evaluation 259/1790 eeg_fnirs_single_trial__subject_13__motor__P0__N0 completed
evaluation 260/1790 eeg_fnirs_single_trial__subject_13__motor__P1_tau__Hfull completed
evaluation 261/1790 eeg_fnirs_single_trial__subject_09__prefrontal__P1_beta__N0 completed
evaluation 262/1790 eeg_fnirs_single_trial__subject_12__prefrontal__P3__Hfull completed
evaluation 263/1790 eeg_fnirs_single_trial__subject_13__motor__P1_beta__Hfull completed
evaluation 264/1790 eeg_fnirs_single_trial__subject_12__posterior__P2__N0 completed
evaluation 265/1790 eeg_fnirs_single_trial__subject_12__posterior__P3__N0 completed
evaluation 266/1790 eeg_fnirs_single_trial__subject_12__posterior__P1_tau__N0 completed
evaluation 267/1790 eeg_fnirs_single_trial__subject_12__posterior__P3__Hselected completed
evaluation 268/1790 eeg_fnirs_single_trial__subject_13__motor__P2__Hfull completed
evaluation 269/1790 eeg_fnirs_single_trial__subject_13__motor__P3__Hfull completed
evaluation 270/1790 eeg_fnirs_single_trial__subject_13__posterior__P0__N0 completed
evaluation 271/1790 eeg_fnirs_single_trial__subject_12__prefrontal__P2__N0 completed
evaluation 272/1790 eeg_fnirs_single_trial__subject_13__motor__P2__N0 completed
evaluation 273/1790 eeg_fnirs_single_trial__subject_13__posterior__P1_beta__Hfull completed
evaluation 274/1790 eeg_fnirs_single_trial__subject_13__posterior__P1_tau__Hfull completed
evaluation 275/1790 eeg_fnirs_single_trial__subject_13__posterior__P3__Hfull completed
evaluation 276/1790 eeg_fnirs_single_trial__subject_12__posterior__P1_beta__N0 completed
evaluation 277/1790 eeg_fnirs_single_trial__subject_13__posterior__P2__Hfull completed
evaluation 278/1790 eeg_fnirs_single_trial__subject_12__prefrontal__P3__Hselected completed
evaluation 279/1790 eeg_fnirs_single_trial__subject_12__prefrontal__P3__N0 completed
evaluation 280/1790 eeg_fnirs_single_trial__subject_13__prefrontal__P0__N0 completed
evaluation 281/1790 eeg_fnirs_single_trial__subject_13__motor__P1_tau__N0 completed
evaluation 282/1790 eeg_fnirs_single_trial__subject_13__motor__P1_beta__N0 completed
evaluation 283/1790 eeg_fnirs_single_trial__subject_12__prefrontal__P1_beta__N0 completed
evaluation 284/1790 eeg_fnirs_single_trial__subject_13__prefrontal__P1_beta__Hfull completed
evaluation 285/1790 eeg_fnirs_single_trial__subject_13__prefrontal__P1_tau__Hfull completed
evaluation 286/1790 eeg_fnirs_single_trial__subject_13__prefrontal__P2__Hfull completed
evaluation 287/1790 eeg_fnirs_single_trial__subject_13__posterior__P2__N0 completed
evaluation 288/1790 eeg_fnirs_single_trial__subject_14__motor__P0__N0 completed
evaluation 289/1790 eeg_fnirs_single_trial__subject_12__prefrontal__P1_tau__N0 completed
evaluation 290/1790 eeg_fnirs_single_trial__subject_13__prefrontal__P3__Hfull completed
evaluation 291/1790 eeg_fnirs_single_trial__subject_14__motor__P1_beta__Hfull completed
evaluation 292/1790 eeg_fnirs_single_trial__subject_14__motor__P2__Hfull completed
evaluation 293/1790 eeg_fnirs_single_trial__subject_14__motor__P1_tau__Hfull completed
evaluation 294/1790 eeg_fnirs_single_trial__subject_13__posterior__P3__N0 completed
evaluation 295/1790 eeg_fnirs_single_trial__subject_13__posterior__P3__Hselected completed
evaluation 296/1790 eeg_fnirs_single_trial__subject_14__posterior__P0__N0 completed
evaluation 297/1790 eeg_fnirs_single_trial__subject_14__motor__P3__Hfull completed
evaluation 298/1790 eeg_fnirs_single_trial__subject_13__posterior__P1_tau__N0 completed
evaluation 299/1790 eeg_fnirs_single_trial__subject_14__posterior__P1_tau__Hfull completed
evaluation 300/1790 eeg_fnirs_single_trial__subject_14__posterior__P1_beta__Hfull completed
evaluation 301/1790 eeg_fnirs_single_trial__subject_14__motor__P2__N0 completed
evaluation 302/1790 eeg_fnirs_single_trial__subject_13__posterior__P1_beta__N0 completed
evaluation 303/1790 eeg_fnirs_single_trial__subject_14__posterior__P2__Hfull completed
evaluation 304/1790 eeg_fnirs_single_trial__subject_14__prefrontal__P0__N0 completed
evaluation 305/1790 eeg_fnirs_single_trial__subject_14__posterior__P3__Hfull completed
evaluation 306/1790 eeg_fnirs_single_trial__subject_13__prefrontal__P1_beta__N0 completed
evaluation 307/1790 eeg_fnirs_single_trial__subject_13__motor__P3__N0 completed
evaluation 308/1790 eeg_fnirs_single_trial__subject_14__prefrontal__P1_tau__Hfull completed
evaluation 309/1790 eeg_fnirs_single_trial__subject_13__prefrontal__P1_tau__N0 completed
evaluation 310/1790 eeg_fnirs_single_trial__subject_13__motor__P3__Hselected completed
evaluation 311/1790 eeg_fnirs_single_trial__subject_14__prefrontal__P1_beta__Hfull completed
evaluation 312/1790 eeg_fnirs_single_trial__subject_14__motor__P1_tau__N0 completed
evaluation 313/1790 eeg_fnirs_single_trial__subject_14__prefrontal__P2__Hfull completed
evaluation 314/1790 eeg_fnirs_single_trial__subject_13__prefrontal__P3__N0 completed
evaluation 315/1790 eeg_fnirs_single_trial__subject_13__prefrontal__P3__Hselected completed
evaluation 316/1790 eeg_fnirs_single_trial__subject_13__prefrontal__P2__N0 completed
evaluation 317/1790 eeg_fnirs_single_trial__subject_14__prefrontal__P3__Hfull completed
evaluation 318/1790 eeg_fnirs_single_trial__subject_15__motor__P0__N0 completed
evaluation 319/1790 eeg_fnirs_single_trial__subject_14__motor__P3__N0 completed
evaluation 320/1790 eeg_fnirs_single_trial__subject_14__motor__P1_beta__N0 completed
evaluation 321/1790 eeg_fnirs_single_trial__subject_15__motor__P1_tau__Hfull completed
evaluation 322/1790 eeg_fnirs_single_trial__subject_14__posterior__P3__Hselected completed
evaluation 323/1790 eeg_fnirs_single_trial__subject_14__posterior__P3__N0 completed
evaluation 324/1790 eeg_fnirs_single_trial__subject_15__motor__P1_beta__Hfull completed
evaluation 325/1790 eeg_fnirs_single_trial__subject_14__posterior__P2__N0 completed
evaluation 326/1790 eeg_fnirs_single_trial__subject_15__motor__P2__Hfull completed
evaluation 327/1790 eeg_fnirs_single_trial__subject_14__posterior__P1_tau__N0 completed
evaluation 328/1790 eeg_fnirs_single_trial__subject_14__motor__P3__Hselected completed
evaluation 329/1790 eeg_fnirs_single_trial__subject_15__motor__P3__Hfull completed
evaluation 330/1790 eeg_fnirs_single_trial__subject_14__posterior__P1_beta__N0 completed
evaluation 331/1790 eeg_fnirs_single_trial__subject_15__posterior__P0__N0 completed
evaluation 332/1790 eeg_fnirs_single_trial__subject_15__posterior__P1_tau__Hfull completed
evaluation 333/1790 eeg_fnirs_single_trial__subject_15__posterior__P1_beta__Hfull completed
evaluation 334/1790 eeg_fnirs_single_trial__subject_14__prefrontal__P3__N0 completed
evaluation 335/1790 eeg_fnirs_single_trial__subject_14__prefrontal__P3__Hselected completed
evaluation 336/1790 eeg_fnirs_single_trial__subject_14__prefrontal__P1_tau__N0 completed
evaluation 337/1790 eeg_fnirs_single_trial__subject_14__prefrontal__P2__N0 completed
evaluation 338/1790 eeg_fnirs_single_trial__subject_15__posterior__P2__Hfull completed
evaluation 339/1790 eeg_fnirs_single_trial__subject_15__posterior__P3__Hfull completed
evaluation 340/1790 eeg_fnirs_single_trial__subject_15__prefrontal__P0__N0 completed
evaluation 341/1790 eeg_fnirs_single_trial__subject_15__motor__P2__N0 completed
evaluation 342/1790 eeg_fnirs_single_trial__subject_15__posterior__P2__N0 completed
evaluation 343/1790 eeg_fnirs_single_trial__subject_15__motor__P1_tau__N0 completed
evaluation 344/1790 eeg_fnirs_single_trial__subject_14__prefrontal__P1_beta__N0 completed
evaluation 345/1790 eeg_fnirs_single_trial__subject_15__prefrontal__P1_tau__Hfull completed
evaluation 346/1790 eeg_fnirs_single_trial__subject_15__motor__P3__N0 completed
evaluation 347/1790 eeg_fnirs_single_trial__subject_15__prefrontal__P2__Hfull completed
evaluation 348/1790 eeg_fnirs_single_trial__subject_15__prefrontal__P1_beta__Hfull completed
evaluation 349/1790 eeg_fnirs_single_trial__subject_15__motor__P1_beta__N0 completed
evaluation 350/1790 eeg_fnirs_single_trial__subject_15__prefrontal__P3__Hfull completed
evaluation 351/1790 eeg_fnirs_single_trial__subject_16__motor__P1_tau__Hfull completed
evaluation 352/1790 eeg_fnirs_single_trial__subject_16__motor__P0__N0 completed
evaluation 353/1790 eeg_fnirs_single_trial__subject_16__motor__P2__Hfull completed
evaluation 354/1790 eeg_fnirs_single_trial__subject_16__motor__P1_beta__Hfull completed
evaluation 355/1790 eeg_fnirs_single_trial__subject_15__motor__P3__Hselected completed
evaluation 356/1790 eeg_fnirs_single_trial__subject_16__motor__P3__Hfull completed
evaluation 357/1790 eeg_fnirs_single_trial__subject_15__posterior__P1_beta__N0 completed
evaluation 358/1790 eeg_fnirs_single_trial__subject_15__prefrontal__P2__N0 completed
evaluation 359/1790 eeg_fnirs_single_trial__subject_15__posterior__P1_tau__N0 completed
evaluation 360/1790 eeg_fnirs_single_trial__subject_16__posterior__P0__N0 completed
evaluation 361/1790 eeg_fnirs_single_trial__subject_16__posterior__P1_tau__Hfull completed
evaluation 362/1790 eeg_fnirs_single_trial__subject_16__posterior__P1_beta__Hfull completed
evaluation 363/1790 eeg_fnirs_single_trial__subject_16__posterior__P2__Hfull completed
evaluation 364/1790 eeg_fnirs_single_trial__subject_16__motor__P2__N0 completed
evaluation 365/1790 eeg_fnirs_single_trial__subject_16__posterior__P3__Hfull completed
evaluation 366/1790 eeg_fnirs_single_trial__subject_16__prefrontal__P0__N0 completed
evaluation 367/1790 eeg_fnirs_single_trial__subject_15__prefrontal__P1_tau__N0 completed
evaluation 368/1790 eeg_fnirs_single_trial__subject_16__prefrontal__P1_tau__Hfull completed
evaluation 369/1790 eeg_fnirs_single_trial__subject_16__motor__P3__N0 completed
evaluation 370/1790 eeg_fnirs_single_trial__subject_16__motor__P1_tau__N0 completed
evaluation 371/1790 eeg_fnirs_single_trial__subject_16__prefrontal__P1_beta__Hfull completed
evaluation 372/1790 eeg_fnirs_single_trial__subject_16__motor__P3__Hselected completed
evaluation 373/1790 eeg_fnirs_single_trial__subject_16__prefrontal__P2__Hfull completed
evaluation 374/1790 eeg_fnirs_single_trial__subject_16__motor__P1_beta__N0 completed
evaluation 375/1790 eeg_fnirs_single_trial__subject_16__prefrontal__P3__Hfull completed
evaluation 376/1790 eeg_fnirs_single_trial__subject_15__prefrontal__P1_beta__N0 completed
evaluation 377/1790 eeg_fnirs_single_trial__subject_17__motor__P0__N0 completed
evaluation 378/1790 eeg_fnirs_single_trial__subject_17__motor__P1_tau__Hfull completed
evaluation 379/1790 eeg_fnirs_single_trial__subject_16__posterior__P3__N0 completed
evaluation 380/1790 eeg_fnirs_single_trial__subject_16__posterior__P3__Hselected completed
evaluation 381/1790 eeg_fnirs_single_trial__subject_17__motor__P1_beta__Hfull completed
evaluation 382/1790 eeg_fnirs_single_trial__subject_17__motor__P2__Hfull completed
evaluation 383/1790 eeg_fnirs_single_trial__subject_16__posterior__P1_tau__N0 completed
evaluation 384/1790 eeg_fnirs_single_trial__subject_17__motor__P3__Hfull completed
evaluation 385/1790 eeg_fnirs_single_trial__subject_17__posterior__P0__N0 completed
evaluation 386/1790 eeg_fnirs_single_trial__subject_15__posterior__P3__N0 completed
evaluation 387/1790 eeg_fnirs_single_trial__subject_16__prefrontal__P2__N0 completed
evaluation 388/1790 eeg_fnirs_single_trial__subject_16__posterior__P1_beta__N0 completed
evaluation 389/1790 eeg_fnirs_single_trial__subject_15__posterior__P3__Hselected completed
evaluation 390/1790 eeg_fnirs_single_trial__subject_17__posterior__P1_tau__Hfull completed
evaluation 391/1790 eeg_fnirs_single_trial__subject_17__posterior__P1_beta__Hfull completed
evaluation 392/1790 eeg_fnirs_single_trial__subject_17__posterior__P2__Hfull completed
evaluation 393/1790 eeg_fnirs_single_trial__subject_17__posterior__P3__Hfull completed
evaluation 394/1790 eeg_fnirs_single_trial__subject_16__posterior__P2__N0 completed
evaluation 395/1790 eeg_fnirs_single_trial__subject_17__prefrontal__P0__N0 completed
evaluation 396/1790 eeg_fnirs_single_trial__subject_16__prefrontal__P1_tau__N0 completed
evaluation 397/1790 eeg_fnirs_single_trial__subject_15__prefrontal__P3__N0 completed
evaluation 398/1790 eeg_fnirs_single_trial__subject_17__motor__P2__N0 completed
evaluation 399/1790 eeg_fnirs_single_trial__subject_15__prefrontal__P3__Hselected completed
evaluation 400/1790 eeg_fnirs_single_trial__subject_16__prefrontal__P1_beta__N0 completed
evaluation 401/1790 eeg_fnirs_single_trial__subject_17__motor__P3__N0 completed
evaluation 402/1790 eeg_fnirs_single_trial__subject_17__motor__P1_tau__N0 completed
evaluation 403/1790 eeg_fnirs_single_trial__subject_17__prefrontal__P1_tau__Hfull completed
evaluation 404/1790 eeg_fnirs_single_trial__subject_17__motor__P3__Hselected completed
evaluation 405/1790 eeg_fnirs_single_trial__subject_17__prefrontal__P1_beta__Hfull completed
evaluation 406/1790 eeg_fnirs_single_trial__subject_17__prefrontal__P2__Hfull completed
evaluation 407/1790 eeg_fnirs_single_trial__subject_17__prefrontal__P3__Hfull completed
evaluation 408/1790 eeg_fnirs_single_trial__subject_17__motor__P1_beta__N0 completed
evaluation 409/1790 eeg_fnirs_single_trial__subject_17__posterior__P2__N0 completed
evaluation 410/1790 eeg_fnirs_single_trial__subject_17__posterior__P3__N0 completed
evaluation 411/1790 eeg_fnirs_single_trial__subject_17__posterior__P3__Hselected completed
evaluation 412/1790 eeg_fnirs_single_trial__subject_18__motor__P1_tau__Hfull completed
evaluation 413/1790 eeg_fnirs_single_trial__subject_18__motor__P1_beta__Hfull completed
evaluation 414/1790 eeg_fnirs_single_trial__subject_18__motor__P0__N0 completed
evaluation 415/1790 eeg_fnirs_single_trial__subject_18__motor__P3__Hfull completed
evaluation 416/1790 eeg_fnirs_single_trial__subject_17__posterior__P1_tau__N0 completed
evaluation 417/1790 eeg_fnirs_single_trial__subject_17__posterior__P1_beta__N0 completed
evaluation 418/1790 eeg_fnirs_single_trial__subject_18__motor__P2__Hfull completed
evaluation 419/1790 eeg_fnirs_single_trial__subject_16__prefrontal__P3__Hselected completed
evaluation 420/1790 eeg_fnirs_single_trial__subject_16__prefrontal__P3__N0 completed
evaluation 421/1790 eeg_fnirs_single_trial__subject_18__posterior__P1_tau__Hfull completed
evaluation 422/1790 eeg_fnirs_single_trial__subject_18__posterior__P0__N0 completed
evaluation 423/1790 eeg_fnirs_single_trial__subject_18__posterior__P1_beta__Hfull completed
evaluation 424/1790 eeg_fnirs_single_trial__subject_17__prefrontal__P1_tau__N0 completed
evaluation 425/1790 eeg_fnirs_single_trial__subject_17__prefrontal__P2__N0 completed
evaluation 426/1790 eeg_fnirs_single_trial__subject_18__posterior__P2__Hfull completed
evaluation 427/1790 eeg_fnirs_single_trial__subject_18__posterior__P3__Hfull completed
evaluation 428/1790 eeg_fnirs_single_trial__subject_17__prefrontal__P3__N0 completed
evaluation 429/1790 eeg_fnirs_single_trial__subject_17__prefrontal__P3__Hselected completed
evaluation 430/1790 eeg_fnirs_single_trial__subject_18__prefrontal__P0__N0 completed
evaluation 431/1790 eeg_fnirs_single_trial__subject_18__prefrontal__P1_beta__Hfull completed
evaluation 432/1790 eeg_fnirs_single_trial__subject_18__prefrontal__P1_tau__Hfull completed
evaluation 433/1790 eeg_fnirs_single_trial__subject_18__prefrontal__P2__Hfull completed
evaluation 434/1790 eeg_fnirs_single_trial__subject_17__prefrontal__P1_beta__N0 completed
evaluation 435/1790 eeg_fnirs_single_trial__subject_20__motor__P1_tau__Hfull completed
evaluation 436/1790 eeg_fnirs_single_trial__subject_18__motor__P1_beta__N0 completed
evaluation 437/1790 eeg_fnirs_single_trial__subject_18__prefrontal__P3__Hfull completed
evaluation 438/1790 eeg_fnirs_single_trial__subject_20__motor__P0__N0 completed
evaluation 439/1790 eeg_fnirs_single_trial__subject_18__motor__P2__N0 completed
evaluation 440/1790 eeg_fnirs_single_trial__subject_20__motor__P1_beta__Hfull completed
evaluation 441/1790 eeg_fnirs_single_trial__subject_18__motor__P1_tau__N0 completed
evaluation 442/1790 eeg_fnirs_single_trial__subject_20__motor__P2__Hfull completed
evaluation 443/1790 eeg_fnirs_single_trial__subject_20__posterior__P0__N0 completed
evaluation 444/1790 eeg_fnirs_single_trial__subject_20__motor__P3__Hfull completed
evaluation 445/1790 eeg_fnirs_single_trial__subject_18__posterior__P1_tau__N0 completed
evaluation 446/1790 eeg_fnirs_single_trial__subject_18__prefrontal__P2__N0 completed
evaluation 447/1790 eeg_fnirs_single_trial__subject_20__posterior__P1_tau__Hfull completed
evaluation 448/1790 eeg_fnirs_single_trial__subject_20__posterior__P2__Hfull completed
evaluation 449/1790 eeg_fnirs_single_trial__subject_20__posterior__P1_beta__Hfull completed
evaluation 450/1790 eeg_fnirs_single_trial__subject_20__posterior__P3__Hfull completed
evaluation 451/1790 eeg_fnirs_single_trial__subject_18__prefrontal__P3__N0 completed
evaluation 452/1790 eeg_fnirs_single_trial__subject_18__posterior__P1_beta__N0 completed
evaluation 453/1790 eeg_fnirs_single_trial__subject_18__prefrontal__P3__Hselected completed
evaluation 454/1790 eeg_fnirs_single_trial__subject_18__prefrontal__P1_beta__N0 completed
evaluation 455/1790 eeg_fnirs_single_trial__subject_20__motor__P1_tau__N0 completed
evaluation 456/1790 eeg_fnirs_single_trial__subject_20__prefrontal__P1_tau__Hfull completed
evaluation 457/1790 eeg_fnirs_single_trial__subject_20__prefrontal__P1_beta__Hfull completed
evaluation 458/1790 eeg_fnirs_single_trial__subject_20__prefrontal__P0__N0 completed
evaluation 459/1790 eeg_fnirs_single_trial__subject_20__motor__P1_beta__N0 completed
evaluation 460/1790 eeg_fnirs_single_trial__subject_20__prefrontal__P2__Hfull completed
evaluation 461/1790 eeg_fnirs_single_trial__subject_20__prefrontal__P3__Hfull completed
evaluation 462/1790 eeg_fnirs_single_trial__subject_18__prefrontal__P1_tau__N0 completed
evaluation 463/1790 eeg_fnirs_single_trial__subject_21__motor__P0__N0 completed
evaluation 464/1790 eeg_fnirs_single_trial__subject_21__motor__P1_tau__Hfull completed
evaluation 465/1790 eeg_fnirs_single_trial__subject_18__posterior__P2__N0 completed
evaluation 466/1790 eeg_fnirs_single_trial__subject_20__motor__P3__Hselected completed
evaluation 467/1790 eeg_fnirs_single_trial__subject_21__motor__P1_beta__Hfull completed
evaluation 468/1790 eeg_fnirs_single_trial__subject_20__motor__P3__N0 completed
evaluation 469/1790 eeg_fnirs_single_trial__subject_21__motor__P2__Hfull completed
evaluation 470/1790 eeg_fnirs_single_trial__subject_21__motor__P3__Hfull completed
evaluation 471/1790 eeg_fnirs_single_trial__subject_21__posterior__P0__N0 completed
evaluation 472/1790 eeg_fnirs_single_trial__subject_20__posterior__P1_tau__N0 completed
evaluation 473/1790 eeg_fnirs_single_trial__subject_21__posterior__P1_tau__Hfull completed
evaluation 474/1790 eeg_fnirs_single_trial__subject_20__posterior__P3__N0 completed
evaluation 475/1790 eeg_fnirs_single_trial__subject_18__posterior__P3__N0 completed
evaluation 476/1790 eeg_fnirs_single_trial__subject_20__posterior__P3__Hselected completed
evaluation 477/1790 eeg_fnirs_single_trial__subject_21__motor__P2__N0 completed
evaluation 478/1790 eeg_fnirs_single_trial__subject_21__posterior__P1_beta__Hfull completed
evaluation 479/1790 eeg_fnirs_single_trial__subject_18__motor__P3__N0 completed
evaluation 480/1790 eeg_fnirs_single_trial__subject_18__posterior__P3__Hselected completed
evaluation 481/1790 eeg_fnirs_single_trial__subject_18__motor__P3__Hselected completed
evaluation 482/1790 eeg_fnirs_single_trial__subject_20__prefrontal__P2__N0 completed
evaluation 483/1790 eeg_fnirs_single_trial__subject_20__prefrontal__P1_tau__N0 completed
evaluation 484/1790 eeg_fnirs_single_trial__subject_21__posterior__P2__Hfull completed
evaluation 485/1790 eeg_fnirs_single_trial__subject_20__motor__P2__N0 completed
evaluation 486/1790 eeg_fnirs_single_trial__subject_21__posterior__P3__Hfull completed
evaluation 487/1790 eeg_fnirs_single_trial__subject_20__prefrontal__P3__Hselected completed
evaluation 488/1790 eeg_fnirs_single_trial__subject_21__prefrontal__P0__N0 completed
evaluation 489/1790 eeg_fnirs_single_trial__subject_21__motor__P1_tau__N0 completed
evaluation 490/1790 eeg_fnirs_single_trial__subject_20__prefrontal__P3__N0 completed
evaluation 491/1790 eeg_fnirs_single_trial__subject_21__motor__P1_beta__N0 completed
evaluation 492/1790 eeg_fnirs_single_trial__subject_21__prefrontal__P1_beta__Hfull completed
evaluation 493/1790 eeg_fnirs_single_trial__subject_21__prefrontal__P1_tau__Hfull completed
evaluation 494/1790 eeg_fnirs_single_trial__subject_20__prefrontal__P1_beta__N0 completed
evaluation 495/1790 eeg_fnirs_single_trial__subject_20__posterior__P2__N0 completed
evaluation 496/1790 eeg_fnirs_single_trial__subject_21__prefrontal__P3__Hfull completed
evaluation 497/1790 eeg_fnirs_single_trial__subject_21__prefrontal__P2__Hfull completed
evaluation 498/1790 eeg_fnirs_single_trial__subject_22__motor__P0__N0 completed
evaluation 499/1790 eeg_fnirs_single_trial__subject_21__posterior__P3__N0 completed
evaluation 500/1790 eeg_fnirs_single_trial__subject_22__motor__P1_tau__Hfull completed
evaluation 501/1790 eeg_fnirs_single_trial__subject_20__posterior__P1_beta__N0 completed
evaluation 502/1790 eeg_fnirs_single_trial__subject_22__motor__P1_beta__Hfull completed
evaluation 503/1790 eeg_fnirs_single_trial__subject_21__motor__P3__N0 completed
evaluation 504/1790 eeg_fnirs_single_trial__subject_22__motor__P2__Hfull completed
evaluation 505/1790 eeg_fnirs_single_trial__subject_22__motor__P3__Hfull completed
evaluation 506/1790 eeg_fnirs_single_trial__subject_21__posterior__P3__Hselected completed
evaluation 507/1790 eeg_fnirs_single_trial__subject_21__motor__P3__Hselected completed
evaluation 508/1790 eeg_fnirs_single_trial__subject_22__posterior__P0__N0 completed
evaluation 509/1790 eeg_fnirs_single_trial__subject_22__posterior__P1_tau__Hfull completed
evaluation 510/1790 eeg_fnirs_single_trial__subject_21__posterior__P1_tau__N0 completed
evaluation 511/1790 eeg_fnirs_single_trial__subject_22__posterior__P2__Hfull completed
evaluation 512/1790 eeg_fnirs_single_trial__subject_21__posterior__P2__N0 completed
evaluation 513/1790 eeg_fnirs_single_trial__subject_22__posterior__P3__Hfull completed
evaluation 514/1790 eeg_fnirs_single_trial__subject_21__prefrontal__P1_beta__N0 completed
evaluation 515/1790 eeg_fnirs_single_trial__subject_21__prefrontal__P1_tau__N0 completed
evaluation 516/1790 eeg_fnirs_single_trial__subject_22__posterior__P1_beta__Hfull completed
evaluation 517/1790 eeg_fnirs_single_trial__subject_22__motor__P1_tau__N0 completed
evaluation 518/1790 eeg_fnirs_single_trial__subject_22__prefrontal__P1_beta__Hfull completed
evaluation 519/1790 eeg_fnirs_single_trial__subject_21__posterior__P1_beta__N0 completed
evaluation 520/1790 eeg_fnirs_single_trial__subject_22__motor__P3__N0 completed
evaluation 521/1790 eeg_fnirs_single_trial__subject_22__prefrontal__P0__N0 completed
evaluation 522/1790 eeg_fnirs_single_trial__subject_22__motor__P1_beta__N0 completed
evaluation 523/1790 eeg_fnirs_single_trial__subject_22__motor__P2__N0 completed
evaluation 524/1790 eeg_fnirs_single_trial__subject_22__prefrontal__P1_tau__Hfull completed
evaluation 525/1790 eeg_fnirs_single_trial__subject_22__motor__P3__Hselected completed
evaluation 526/1790 eeg_fnirs_single_trial__subject_22__prefrontal__P2__Hfull completed
evaluation 527/1790 eeg_fnirs_single_trial__subject_22__prefrontal__P3__Hfull completed
evaluation 528/1790 eeg_fnirs_single_trial__subject_23__motor__P0__N0 completed
evaluation 529/1790 eeg_fnirs_single_trial__subject_23__motor__P1_tau__Hfull completed
evaluation 530/1790 eeg_fnirs_single_trial__subject_23__motor__P1_beta__Hfull completed
evaluation 531/1790 eeg_fnirs_single_trial__subject_23__motor__P2__Hfull completed
evaluation 532/1790 eeg_fnirs_single_trial__subject_22__posterior__P1_tau__N0 completed
evaluation 533/1790 eeg_fnirs_single_trial__subject_23__motor__P3__Hfull completed
evaluation 534/1790 eeg_fnirs_single_trial__subject_22__prefrontal__P2__N0 completed
evaluation 535/1790 eeg_fnirs_single_trial__subject_21__prefrontal__P3__N0 completed
evaluation 536/1790 eeg_fnirs_single_trial__subject_21__prefrontal__P3__Hselected completed
evaluation 537/1790 eeg_fnirs_single_trial__subject_22__posterior__P1_beta__N0 completed
evaluation 538/1790 eeg_fnirs_single_trial__subject_22__prefrontal__P3__Hselected completed
evaluation 539/1790 eeg_fnirs_single_trial__subject_21__prefrontal__P2__N0 completed
evaluation 540/1790 eeg_fnirs_single_trial__subject_23__prefrontal__P0__N0 completed
evaluation 541/1790 eeg_fnirs_single_trial__subject_22__prefrontal__P3__N0 completed
evaluation 542/1790 eeg_fnirs_single_trial__subject_23__prefrontal__P1_tau__Hfull completed
evaluation 543/1790 eeg_fnirs_single_trial__subject_23__prefrontal__P1_beta__Hfull completed
evaluation 544/1790 eeg_fnirs_single_trial__subject_22__prefrontal__P1_tau__N0 completed
evaluation 545/1790 eeg_fnirs_single_trial__subject_23__prefrontal__P2__Hfull completed
evaluation 546/1790 eeg_fnirs_single_trial__subject_22__prefrontal__P1_beta__N0 completed
evaluation 547/1790 eeg_fnirs_single_trial__subject_23__posterior__P1_tau__Hfull completed
evaluation 548/1790 eeg_fnirs_single_trial__subject_23__motor__P1_tau__N0 completed
evaluation 549/1790 eeg_fnirs_single_trial__subject_23__prefrontal__P3__Hfull completed
evaluation 550/1790 eeg_fnirs_single_trial__subject_23__posterior__P1_beta__Hfull completed
evaluation 551/1790 eeg_fnirs_single_trial__subject_23__posterior__P2__Hfull completed
evaluation 552/1790 eeg_fnirs_single_trial__subject_23__posterior__P3__Hfull completed
evaluation 553/1790 eeg_fnirs_single_trial__subject_25__motor__P0__N0 completed
evaluation 554/1790 eeg_fnirs_single_trial__subject_25__motor__P1_tau__Hfull completed
evaluation 555/1790 eeg_fnirs_single_trial__subject_25__motor__P1_beta__Hfull completed
evaluation 556/1790 eeg_fnirs_single_trial__subject_23__posterior__P0__N0 completed
evaluation 557/1790 eeg_fnirs_single_trial__subject_23__motor__P1_beta__N0 completed
evaluation 558/1790 eeg_fnirs_single_trial__subject_22__posterior__P3__N0 completed
evaluation 559/1790 eeg_fnirs_single_trial__subject_23__motor__P3__N0 completed
evaluation 560/1790 eeg_fnirs_single_trial__subject_25__motor__P2__Hfull completed
evaluation 561/1790 eeg_fnirs_single_trial__subject_25__motor__P3__Hfull completed
evaluation 562/1790 eeg_fnirs_single_trial__subject_22__posterior__P3__Hselected completed
evaluation 563/1790 eeg_fnirs_single_trial__subject_23__motor__P3__Hselected completed
evaluation 564/1790 eeg_fnirs_single_trial__subject_23__motor__P2__N0 completed
evaluation 565/1790 eeg_fnirs_single_trial__subject_23__prefrontal__P1_tau__N0 completed
evaluation 566/1790 eeg_fnirs_single_trial__subject_25__posterior__P0__N0 completed
evaluation 567/1790 eeg_fnirs_single_trial__subject_23__prefrontal__P1_beta__N0 completed
evaluation 568/1790 eeg_fnirs_single_trial__subject_25__posterior__P1_tau__Hfull completed
evaluation 569/1790 eeg_fnirs_single_trial__subject_25__posterior__P1_beta__Hfull completed
evaluation 570/1790 eeg_fnirs_single_trial__subject_25__posterior__P2__Hfull completed
evaluation 571/1790 eeg_fnirs_single_trial__subject_25__posterior__P3__Hfull completed
evaluation 572/1790 eeg_fnirs_single_trial__subject_25__prefrontal__P0__N0 completed
evaluation 573/1790 eeg_fnirs_single_trial__subject_25__motor__P3__N0 completed
evaluation 574/1790 eeg_fnirs_single_trial__subject_25__prefrontal__P1_tau__Hfull completed
evaluation 575/1790 eeg_fnirs_single_trial__subject_22__posterior__P2__N0 completed
evaluation 576/1790 eeg_fnirs_single_trial__subject_25__prefrontal__P1_beta__Hfull completed
evaluation 577/1790 eeg_fnirs_single_trial__subject_23__prefrontal__P3__Hselected completed
evaluation 578/1790 eeg_fnirs_single_trial__subject_25__motor__P2__N0 completed
evaluation 579/1790 eeg_fnirs_single_trial__subject_25__motor__P3__Hselected completed
evaluation 580/1790 eeg_fnirs_single_trial__subject_23__posterior__P2__N0 completed
evaluation 581/1790 eeg_fnirs_single_trial__subject_23__prefrontal__P3__N0 completed
evaluation 582/1790 eeg_fnirs_single_trial__subject_25__prefrontal__P2__Hfull completed
evaluation 583/1790 eeg_fnirs_single_trial__subject_25__posterior__P3__N0 completed
evaluation 584/1790 eeg_fnirs_single_trial__subject_25__motor__P1_beta__N0 completed
evaluation 585/1790 eeg_fnirs_single_trial__subject_25__posterior__P3__Hselected completed
evaluation 586/1790 eeg_fnirs_single_trial__subject_26__motor__P0__N0 completed
evaluation 587/1790 eeg_fnirs_single_trial__subject_26__motor__P2__Hfull completed
evaluation 588/1790 eeg_fnirs_single_trial__subject_26__motor__P1_tau__Hfull completed
evaluation 589/1790 eeg_fnirs_single_trial__subject_25__posterior__P2__N0 completed
evaluation 590/1790 eeg_fnirs_single_trial__subject_26__motor__P1_beta__Hfull completed
evaluation 591/1790 eeg_fnirs_single_trial__subject_23__posterior__P3__Hselected completed
evaluation 592/1790 eeg_fnirs_single_trial__subject_25__posterior__P1_tau__N0 completed
evaluation 593/1790 eeg_fnirs_single_trial__subject_25__motor__P1_tau__N0 completed
evaluation 594/1790 eeg_fnirs_single_trial__subject_26__motor__P3__Hfull completed
evaluation 595/1790 eeg_fnirs_single_trial__subject_23__prefrontal__P2__N0 completed
evaluation 596/1790 eeg_fnirs_single_trial__subject_25__prefrontal__P3__Hfull completed
evaluation 597/1790 eeg_fnirs_single_trial__subject_26__posterior__P0__N0 completed
evaluation 598/1790 eeg_fnirs_single_trial__subject_23__posterior__P3__N0 completed
evaluation 599/1790 eeg_fnirs_single_trial__subject_25__prefrontal__P2__N0 completed
evaluation 600/1790 eeg_fnirs_single_trial__subject_26__motor__P2__N0 completed
evaluation 601/1790 eeg_fnirs_single_trial__subject_25__posterior__P1_beta__N0 completed
evaluation 602/1790 eeg_fnirs_single_trial__subject_26__posterior__P1_tau__Hfull completed
evaluation 603/1790 eeg_fnirs_single_trial__subject_26__posterior__P1_beta__Hfull completed
evaluation 604/1790 eeg_fnirs_single_trial__subject_26__motor__P1_beta__N0 completed
evaluation 605/1790 eeg_fnirs_single_trial__subject_25__prefrontal__P1_beta__N0 completed
evaluation 606/1790 eeg_fnirs_single_trial__subject_23__posterior__P1_beta__N0 completed
evaluation 607/1790 eeg_fnirs_single_trial__subject_26__prefrontal__P1_tau__Hfull completed
evaluation 608/1790 eeg_fnirs_single_trial__subject_25__prefrontal__P1_tau__N0 completed
evaluation 609/1790 eeg_fnirs_single_trial__subject_23__posterior__P1_tau__N0 completed
evaluation 610/1790 eeg_fnirs_single_trial__subject_26__prefrontal__P0__N0 completed
evaluation 611/1790 eeg_fnirs_single_trial__subject_26__posterior__P2__Hfull completed
evaluation 612/1790 eeg_fnirs_single_trial__subject_26__posterior__P3__Hfull completed
evaluation 613/1790 eeg_fnirs_single_trial__subject_26__prefrontal__P1_beta__Hfull completed
evaluation 614/1790 eeg_fnirs_single_trial__subject_27__motor__P0__N0 completed
evaluation 615/1790 eeg_fnirs_single_trial__subject_27__motor__P1_beta__Hfull completed
evaluation 616/1790 eeg_fnirs_single_trial__subject_26__prefrontal__P3__Hfull completed
evaluation 617/1790 eeg_fnirs_single_trial__subject_27__motor__P2__Hfull completed
evaluation 618/1790 eeg_fnirs_single_trial__subject_27__motor__P1_tau__Hfull completed
evaluation 619/1790 eeg_fnirs_single_trial__subject_26__posterior__P2__N0 completed
evaluation 620/1790 eeg_fnirs_single_trial__subject_26__motor__P1_tau__N0 completed
evaluation 621/1790 eeg_fnirs_single_trial__subject_27__posterior__P1_tau__Hfull completed
evaluation 622/1790 eeg_fnirs_single_trial__subject_26__prefrontal__P2__Hfull completed
evaluation 623/1790 eeg_fnirs_single_trial__subject_26__motor__P3__Hselected completed
evaluation 624/1790 eeg_fnirs_single_trial__subject_27__posterior__P3__Hfull completed
evaluation 625/1790 eeg_fnirs_single_trial__subject_26__posterior__P1_beta__N0 completed
evaluation 626/1790 eeg_fnirs_single_trial__subject_26__posterior__P1_tau__N0 completed
evaluation 627/1790 eeg_fnirs_single_trial__subject_26__posterior__P3__Hselected completed
evaluation 628/1790 eeg_fnirs_single_trial__subject_26__prefrontal__P3__N0 completed
evaluation 629/1790 eeg_fnirs_single_trial__subject_27__motor__P3__Hfull completed
evaluation 630/1790 eeg_fnirs_single_trial__subject_27__posterior__P0__N0 completed
evaluation 631/1790 eeg_fnirs_single_trial__subject_26__posterior__P3__N0 completed
evaluation 632/1790 eeg_fnirs_single_trial__subject_29__motor__P0__N0 completed
evaluation 633/1790 eeg_fnirs_single_trial__subject_26__prefrontal__P1_tau__N0 completed
evaluation 634/1790 eeg_fnirs_single_trial__subject_27__prefrontal__P0__N0 completed
evaluation 635/1790 eeg_fnirs_single_trial__subject_27__posterior__P2__Hfull completed
evaluation 636/1790 eeg_fnirs_single_trial__subject_26__prefrontal__P2__N0 completed
evaluation 637/1790 eeg_fnirs_single_trial__subject_29__motor__P1_tau__Hfull completed
evaluation 638/1790 eeg_fnirs_single_trial__subject_27__motor__P1_tau__N0 completed
evaluation 639/1790 eeg_fnirs_single_trial__subject_29__motor__P1_beta__Hfull completed
evaluation 640/1790 eeg_fnirs_single_trial__subject_27__motor__P1_beta__N0 completed
evaluation 641/1790 eeg_fnirs_single_trial__subject_27__prefrontal__P1_beta__Hfull completed
evaluation 642/1790 eeg_fnirs_single_trial__subject_27__prefrontal__P1_tau__Hfull completed
evaluation 643/1790 eeg_fnirs_single_trial__subject_27__motor__P2__N0 completed
evaluation 644/1790 eeg_fnirs_single_trial__subject_26__motor__P3__N0 completed
evaluation 645/1790 eeg_fnirs_single_trial__subject_26__prefrontal__P3__Hselected completed
evaluation 646/1790 eeg_fnirs_single_trial__subject_29__motor__P3__Hfull completed
evaluation 647/1790 eeg_fnirs_single_trial__subject_27__posterior__P1_beta__Hfull completed
evaluation 648/1790 eeg_fnirs_single_trial__subject_29__motor__P2__Hfull completed
evaluation 649/1790 eeg_fnirs_single_trial__subject_27__motor__P3__N0 completed
evaluation 650/1790 eeg_fnirs_single_trial__subject_27__prefrontal__P2__Hfull completed
evaluation 651/1790 eeg_fnirs_single_trial__subject_25__prefrontal__P3__N0 completed
evaluation 652/1790 eeg_fnirs_single_trial__subject_29__posterior__P0__N0 completed
evaluation 653/1790 eeg_fnirs_single_trial__subject_29__motor__P2__N0 completed
evaluation 654/1790 eeg_fnirs_single_trial__subject_27__prefrontal__P2__N0 completed
evaluation 655/1790 eeg_fnirs_single_trial__subject_27__posterior__P1_tau__N0 completed
evaluation 656/1790 eeg_fnirs_single_trial__subject_27__prefrontal__P3__Hfull completed
evaluation 657/1790 eeg_fnirs_single_trial__subject_26__prefrontal__P1_beta__N0 completed
evaluation 658/1790 eeg_fnirs_single_trial__subject_29__posterior__P1_tau__Hfull completed
evaluation 659/1790 eeg_fnirs_single_trial__subject_29__posterior__P1_beta__Hfull completed
evaluation 660/1790 eeg_fnirs_single_trial__subject_25__prefrontal__P3__Hselected completed
evaluation 661/1790 eeg_fnirs_single_trial__subject_27__posterior__P3__N0 completed
evaluation 662/1790 eeg_fnirs_single_trial__subject_29__motor__P3__N0 completed
evaluation 663/1790 eeg_fnirs_single_trial__subject_27__posterior__P1_beta__N0 completed
evaluation 664/1790 eeg_fnirs_single_trial__subject_29__prefrontal__P0__N0 completed
evaluation 665/1790 eeg_fnirs_single_trial__subject_27__prefrontal__P1_tau__N0 completed
evaluation 666/1790 eeg_fnirs_single_trial__subject_27__motor__P3__Hselected completed
evaluation 667/1790 eeg_fnirs_single_trial__subject_29__posterior__P3__Hfull completed
evaluation 668/1790 eeg_fnirs_single_trial__subject_27__posterior__P3__Hselected completed
evaluation 669/1790 eeg_fnirs_single_trial__subject_29__prefrontal__P1_beta__Hfull completed
evaluation 670/1790 eeg_fnirs_single_trial__subject_29__prefrontal__P2__Hfull completed
evaluation 671/1790 eeg_fnirs_single_trial__subject_29__posterior__P2__Hfull completed
evaluation 672/1790 eeg_fnirs_single_trial__subject_29__prefrontal__P1_tau__Hfull completed
evaluation 673/1790 eeg_fnirs_single_trial__subject_29__prefrontal__P3__Hfull completed
evaluation 674/1790 eeg_fnirs_single_trial__subject_29__motor__P1_beta__N0 completed
evaluation 675/1790 eeg_fnirs_single_trial__subject_29__motor__P3__Hselected completed
evaluation 676/1790 eeg_fnirs_single_trial__subject_29__posterior__P1_tau__N0 completed
evaluation 677/1790 simultaneous_eeg_nirs__VP001__motor__P1_tau__Hfull completed
evaluation 678/1790 eeg_fnirs_single_trial__subject_27__posterior__P2__N0 completed
evaluation 679/1790 simultaneous_eeg_nirs__VP001__motor__P0__N0 completed
evaluation 680/1790 simultaneous_eeg_nirs__VP001__motor__P2__Hfull completed
evaluation 681/1790 simultaneous_eeg_nirs__VP001__motor__P1_beta__Hfull completed
evaluation 682/1790 simultaneous_eeg_nirs__VP001__motor__P3__Hfull completed
evaluation 683/1790 simultaneous_eeg_nirs__VP001__posterior__P0__N0 completed
evaluation 684/1790 eeg_fnirs_single_trial__subject_27__prefrontal__P3__N0 completed
evaluation 685/1790 simultaneous_eeg_nirs__VP001__posterior__P1_tau__Hfull completed
evaluation 686/1790 eeg_fnirs_single_trial__subject_29__prefrontal__P3__Hselected completed
evaluation 687/1790 eeg_fnirs_single_trial__subject_29__prefrontal__P3__N0 completed
evaluation 688/1790 simultaneous_eeg_nirs__VP001__posterior__P1_beta__Hfull completed
evaluation 689/1790 eeg_fnirs_single_trial__subject_29__posterior__P1_beta__N0 completed
evaluation 690/1790 simultaneous_eeg_nirs__VP001__posterior__P2__Hfull completed
evaluation 691/1790 simultaneous_eeg_nirs__VP001__posterior__P3__Hfull completed
evaluation 692/1790 eeg_fnirs_single_trial__subject_29__motor__P1_tau__N0 completed
evaluation 693/1790 eeg_fnirs_single_trial__subject_29__prefrontal__P2__N0 completed
evaluation 694/1790 eeg_fnirs_single_trial__subject_29__posterior__P3__Hselected completed
evaluation 695/1790 simultaneous_eeg_nirs__VP001__motor__P3__Hselected completed
evaluation 696/1790 eeg_fnirs_single_trial__subject_29__posterior__P3__N0 completed
evaluation 697/1790 eeg_fnirs_single_trial__subject_29__prefrontal__P1_beta__N0 completed
evaluation 698/1790 simultaneous_eeg_nirs__VP001__motor__P1_tau__N0 completed
evaluation 699/1790 eeg_fnirs_single_trial__subject_29__prefrontal__P1_tau__N0 completed
evaluation 700/1790 simultaneous_eeg_nirs__VP001__prefrontal__P0__N0 completed
evaluation 701/1790 eeg_fnirs_single_trial__subject_27__prefrontal__P3__Hselected completed
evaluation 702/1790 simultaneous_eeg_nirs__VP001__prefrontal__P1_tau__Hfull completed
evaluation 703/1790 simultaneous_eeg_nirs__VP001__prefrontal__P2__Hfull completed
evaluation 704/1790 simultaneous_eeg_nirs__VP001__posterior__P3__N0 completed
evaluation 705/1790 simultaneous_eeg_nirs__VP001__motor__P1_beta__N0 completed
evaluation 706/1790 simultaneous_eeg_nirs__VP001__prefrontal__P3__Hfull completed
evaluation 707/1790 simultaneous_eeg_nirs__VP001__prefrontal__P1_beta__Hfull completed
evaluation 708/1790 simultaneous_eeg_nirs__VP001__motor__P2__N0 completed
evaluation 709/1790 eeg_fnirs_single_trial__subject_27__prefrontal__P1_beta__N0 completed
evaluation 710/1790 simultaneous_eeg_nirs__VP001__posterior__P3__Hselected completed
evaluation 711/1790 simultaneous_eeg_nirs__VP001__posterior__P1_beta__N0 completed
evaluation 712/1790 eeg_fnirs_single_trial__subject_29__posterior__P2__N0 completed
evaluation 713/1790 simultaneous_eeg_nirs__VP001__motor__P3__N0 completed
evaluation 714/1790 simultaneous_eeg_nirs__VP001__posterior__P1_tau__N0 completed
evaluation 715/1790 simultaneous_eeg_nirs__VP001__prefrontal__P2__N0 completed
evaluation 716/1790 simultaneous_eeg_nirs__VP001__prefrontal__P3__N0 completed
evaluation 717/1790 simultaneous_eeg_nirs__VP002__posterior__P2__Hfull completed
evaluation 718/1790 simultaneous_eeg_nirs__VP002__motor__P2__Hfull completed
evaluation 719/1790 simultaneous_eeg_nirs__VP001__prefrontal__P3__Hselected completed
evaluation 720/1790 simultaneous_eeg_nirs__VP002__prefrontal__P1_tau__Hfull completed
evaluation 721/1790 simultaneous_eeg_nirs__VP002__posterior__P1_tau__Hfull completed
evaluation 722/1790 simultaneous_eeg_nirs__VP002__posterior__P3__Hfull completed
evaluation 723/1790 simultaneous_eeg_nirs__VP002__prefrontal__P0__N0 completed
evaluation 724/1790 simultaneous_eeg_nirs__VP002__posterior__P1_beta__Hfull completed
evaluation 725/1790 simultaneous_eeg_nirs__VP002__prefrontal__P1_beta__Hfull completed
evaluation 726/1790 simultaneous_eeg_nirs__VP002__prefrontal__P2__Hfull completed
evaluation 727/1790 simultaneous_eeg_nirs__VP002__posterior__P0__N0 completed
evaluation 728/1790 simultaneous_eeg_nirs__VP001__prefrontal__P1_tau__N0 completed
evaluation 729/1790 simultaneous_eeg_nirs__VP002__motor__P1_beta__Hfull completed
evaluation 730/1790 simultaneous_eeg_nirs__VP002__prefrontal__P3__Hfull completed
evaluation 731/1790 simultaneous_eeg_nirs__VP001__posterior__P2__N0 completed
evaluation 732/1790 simultaneous_eeg_nirs__VP001__prefrontal__P1_beta__N0 completed
evaluation 733/1790 simultaneous_eeg_nirs__VP004__motor__P0__N0 completed
evaluation 734/1790 simultaneous_eeg_nirs__VP002__motor__P3__Hfull completed
evaluation 735/1790 simultaneous_eeg_nirs__VP002__motor__P0__N0 completed
evaluation 736/1790 simultaneous_eeg_nirs__VP004__motor__P1_tau__Hfull completed
evaluation 737/1790 simultaneous_eeg_nirs__VP002__motor__P1_tau__Hfull completed
evaluation 738/1790 simultaneous_eeg_nirs__VP002__prefrontal__P2__N0 completed
evaluation 739/1790 simultaneous_eeg_nirs__VP004__motor__P1_beta__Hfull completed
evaluation 740/1790 simultaneous_eeg_nirs__VP002__posterior__P1_beta__N0 completed
evaluation 741/1790 simultaneous_eeg_nirs__VP004__motor__P2__Hfull completed
evaluation 742/1790 simultaneous_eeg_nirs__VP004__posterior__P0__N0 completed
evaluation 743/1790 simultaneous_eeg_nirs__VP002__posterior__P1_tau__N0 completed
evaluation 744/1790 simultaneous_eeg_nirs__VP004__motor__P3__Hfull completed
evaluation 745/1790 simultaneous_eeg_nirs__VP002__prefrontal__P1_beta__N0 completed
evaluation 746/1790 simultaneous_eeg_nirs__VP004__posterior__P1_tau__Hfull completed
evaluation 747/1790 simultaneous_eeg_nirs__VP002__posterior__P2__N0 completed
evaluation 748/1790 simultaneous_eeg_nirs__VP002__prefrontal__P1_tau__N0 completed
evaluation 749/1790 simultaneous_eeg_nirs__VP004__posterior__P1_beta__Hfull completed
evaluation 750/1790 simultaneous_eeg_nirs__VP004__posterior__P2__Hfull completed
evaluation 751/1790 simultaneous_eeg_nirs__VP004__posterior__P3__Hfull completed
evaluation 752/1790 simultaneous_eeg_nirs__VP004__motor__P3__Hselected completed
evaluation 753/1790 simultaneous_eeg_nirs__VP002__motor__P3__N0 completed
evaluation 754/1790 simultaneous_eeg_nirs__VP004__motor__P1_beta__N0 completed
evaluation 755/1790 simultaneous_eeg_nirs__VP004__prefrontal__P0__N0 completed
evaluation 756/1790 simultaneous_eeg_nirs__VP004__prefrontal__P1_beta__Hfull completed
evaluation 757/1790 simultaneous_eeg_nirs__VP002__motor__P1_beta__N0 completed
evaluation 758/1790 simultaneous_eeg_nirs__VP004__prefrontal__P1_tau__Hfull completed
evaluation 759/1790 simultaneous_eeg_nirs__VP005__motor__P0__N0 completed
evaluation 760/1790 simultaneous_eeg_nirs__VP004__motor__P1_tau__N0 completed
evaluation 761/1790 simultaneous_eeg_nirs__VP005__motor__P1_tau__Hfull completed
evaluation 762/1790 simultaneous_eeg_nirs__VP004__prefrontal__P2__Hfull completed
evaluation 763/1790 simultaneous_eeg_nirs__VP004__prefrontal__P3__Hfull completed
evaluation 764/1790 simultaneous_eeg_nirs__VP002__motor__P3__Hselected completed
evaluation 765/1790 simultaneous_eeg_nirs__VP005__motor__P1_beta__Hfull completed
evaluation 766/1790 simultaneous_eeg_nirs__VP002__posterior__P3__N0 completed
evaluation 767/1790 simultaneous_eeg_nirs__VP004__posterior__P1_tau__N0 completed
evaluation 768/1790 simultaneous_eeg_nirs__VP002__motor__P1_tau__N0 completed
evaluation 769/1790 simultaneous_eeg_nirs__VP002__posterior__P3__Hselected completed
evaluation 770/1790 simultaneous_eeg_nirs__VP005__motor__P2__Hfull completed
evaluation 771/1790 simultaneous_eeg_nirs__VP005__motor__P3__Hfull completed
evaluation 772/1790 simultaneous_eeg_nirs__VP004__posterior__P2__N0 completed
evaluation 773/1790 simultaneous_eeg_nirs__VP002__prefrontal__P3__N0 completed
evaluation 774/1790 simultaneous_eeg_nirs__VP004__motor__P3__N0 completed
evaluation 775/1790 simultaneous_eeg_nirs__VP005__posterior__P1_tau__Hfull completed
evaluation 776/1790 simultaneous_eeg_nirs__VP005__posterior__P1_beta__Hfull completed
evaluation 777/1790 simultaneous_eeg_nirs__VP005__posterior__P0__N0 completed
evaluation 778/1790 simultaneous_eeg_nirs__VP004__posterior__P1_beta__N0 completed
evaluation 779/1790 simultaneous_eeg_nirs__VP002__prefrontal__P3__Hselected completed
evaluation 780/1790 simultaneous_eeg_nirs__VP005__posterior__P2__Hfull completed
evaluation 781/1790 simultaneous_eeg_nirs__VP004__prefrontal__P1_tau__N0 completed
evaluation 782/1790 simultaneous_eeg_nirs__VP005__motor__P3__Hselected completed
evaluation 783/1790 simultaneous_eeg_nirs__VP005__posterior__P3__Hfull completed
evaluation 784/1790 simultaneous_eeg_nirs__VP004__motor__P2__N0 completed
evaluation 785/1790 simultaneous_eeg_nirs__VP004__prefrontal__P1_beta__N0 completed
evaluation 786/1790 simultaneous_eeg_nirs__VP004__posterior__P3__Hselected completed
evaluation 787/1790 simultaneous_eeg_nirs__VP005__motor__P1_beta__N0 completed
evaluation 788/1790 simultaneous_eeg_nirs__VP005__motor__P1_tau__N0 completed
evaluation 789/1790 simultaneous_eeg_nirs__VP005__posterior__P2__N0 completed
evaluation 790/1790 simultaneous_eeg_nirs__VP004__posterior__P3__N0 completed
evaluation 791/1790 simultaneous_eeg_nirs__VP002__motor__P2__N0 completed
evaluation 792/1790 simultaneous_eeg_nirs__VP005__posterior__P1_beta__N0 completed
evaluation 793/1790 simultaneous_eeg_nirs__VP005__motor__P3__N0 completed
evaluation 794/1790 simultaneous_eeg_nirs__VP005__prefrontal__P1_beta__Hfull completed
evaluation 795/1790 simultaneous_eeg_nirs__VP005__prefrontal__P1_tau__Hfull completed
evaluation 796/1790 simultaneous_eeg_nirs__VP007__motor__P0__N0 completed
evaluation 797/1790 simultaneous_eeg_nirs__VP005__prefrontal__P0__N0 completed
evaluation 798/1790 simultaneous_eeg_nirs__VP005__posterior__P1_tau__N0 completed
evaluation 799/1790 simultaneous_eeg_nirs__VP005__prefrontal__P2__Hfull completed
evaluation 800/1790 simultaneous_eeg_nirs__VP007__motor__P1_tau__Hfull completed
evaluation 801/1790 simultaneous_eeg_nirs__VP007__motor__P2__Hfull completed
evaluation 802/1790 simultaneous_eeg_nirs__VP007__motor__P1_beta__Hfull completed
evaluation 803/1790 simultaneous_eeg_nirs__VP005__prefrontal__P3__Hfull completed
evaluation 804/1790 simultaneous_eeg_nirs__VP004__prefrontal__P2__N0 completed
evaluation 805/1790 simultaneous_eeg_nirs__VP007__posterior__P1_tau__Hfull completed
evaluation 806/1790 simultaneous_eeg_nirs__VP004__prefrontal__P3__N0 completed
evaluation 807/1790 simultaneous_eeg_nirs__VP007__motor__P3__Hfull completed
evaluation 808/1790 simultaneous_eeg_nirs__VP007__posterior__P0__N0 completed
evaluation 809/1790 simultaneous_eeg_nirs__VP004__prefrontal__P3__Hselected completed
evaluation 810/1790 simultaneous_eeg_nirs__VP007__posterior__P3__Hfull completed
evaluation 811/1790 simultaneous_eeg_nirs__VP007__posterior__P1_beta__Hfull completed
evaluation 812/1790 simultaneous_eeg_nirs__VP007__prefrontal__P0__N0 completed
evaluation 813/1790 simultaneous_eeg_nirs__VP007__posterior__P2__Hfull completed
evaluation 814/1790 simultaneous_eeg_nirs__VP005__motor__P2__N0 completed
evaluation 815/1790 simultaneous_eeg_nirs__VP005__prefrontal__P2__N0 completed
evaluation 816/1790 simultaneous_eeg_nirs__VP007__prefrontal__P1_tau__Hfull completed
evaluation 817/1790 simultaneous_eeg_nirs__VP007__prefrontal__P1_beta__Hfull completed
evaluation 818/1790 simultaneous_eeg_nirs__VP007__motor__P3__Hselected completed
evaluation 819/1790 simultaneous_eeg_nirs__VP005__prefrontal__P1_tau__N0 completed
evaluation 820/1790 simultaneous_eeg_nirs__VP005__posterior__P3__N0 completed
evaluation 821/1790 simultaneous_eeg_nirs__VP005__posterior__P3__Hselected completed
evaluation 822/1790 simultaneous_eeg_nirs__VP007__motor__P1_tau__N0 completed
evaluation 823/1790 simultaneous_eeg_nirs__VP007__posterior__P2__N0 completed
evaluation 824/1790 simultaneous_eeg_nirs__VP007__motor__P2__N0 completed
evaluation 825/1790 simultaneous_eeg_nirs__VP007__prefrontal__P2__Hfull completed
evaluation 826/1790 simultaneous_eeg_nirs__VP007__prefrontal__P3__Hfull completed
evaluation 827/1790 simultaneous_eeg_nirs__VP008__motor__P0__N0 completed
evaluation 828/1790 simultaneous_eeg_nirs__VP008__motor__P1_beta__Hfull completed
evaluation 829/1790 simultaneous_eeg_nirs__VP008__motor__P2__Hfull completed
evaluation 830/1790 simultaneous_eeg_nirs__VP007__posterior__P3__N0 completed
evaluation 831/1790 simultaneous_eeg_nirs__VP008__motor__P1_tau__Hfull completed
evaluation 832/1790 simultaneous_eeg_nirs__VP007__motor__P1_beta__N0 completed
evaluation 833/1790 simultaneous_eeg_nirs__VP008__motor__P3__Hfull completed
evaluation 834/1790 simultaneous_eeg_nirs__VP007__posterior__P1_beta__N0 completed
evaluation 835/1790 simultaneous_eeg_nirs__VP007__posterior__P3__Hselected completed
evaluation 836/1790 simultaneous_eeg_nirs__VP005__prefrontal__P1_beta__N0 completed
evaluation 837/1790 simultaneous_eeg_nirs__VP008__posterior__P0__N0 completed
evaluation 838/1790 simultaneous_eeg_nirs__VP007__prefrontal__P1_tau__N0 completed
evaluation 839/1790 simultaneous_eeg_nirs__VP008__posterior__P1_tau__Hfull completed
evaluation 840/1790 simultaneous_eeg_nirs__VP007__posterior__P1_tau__N0 completed
evaluation 841/1790 simultaneous_eeg_nirs__VP007__prefrontal__P1_beta__N0 completed
evaluation 842/1790 simultaneous_eeg_nirs__VP008__posterior__P1_beta__Hfull completed
evaluation 843/1790 simultaneous_eeg_nirs__VP008__posterior__P2__Hfull completed
evaluation 844/1790 simultaneous_eeg_nirs__VP008__posterior__P3__Hfull completed
evaluation 845/1790 simultaneous_eeg_nirs__VP008__prefrontal__P0__N0 completed
evaluation 846/1790 simultaneous_eeg_nirs__VP007__prefrontal__P3__N0 completed
evaluation 847/1790 simultaneous_eeg_nirs__VP007__motor__P3__N0 completed
evaluation 848/1790 simultaneous_eeg_nirs__VP008__prefrontal__P1_beta__Hfull completed
evaluation 849/1790 simultaneous_eeg_nirs__VP008__prefrontal__P2__Hfull completed
evaluation 850/1790 simultaneous_eeg_nirs__VP007__prefrontal__P3__Hselected completed
evaluation 851/1790 simultaneous_eeg_nirs__VP008__posterior__P2__N0 completed
evaluation 852/1790 simultaneous_eeg_nirs__VP008__motor__P3__Hselected completed
evaluation 853/1790 simultaneous_eeg_nirs__VP008__motor__P3__N0 completed
evaluation 854/1790 simultaneous_eeg_nirs__VP008__motor__P1_tau__N0 completed
evaluation 855/1790 simultaneous_eeg_nirs__VP008__prefrontal__P1_tau__Hfull completed
evaluation 856/1790 simultaneous_eeg_nirs__VP008__motor__P2__N0 completed
evaluation 857/1790 simultaneous_eeg_nirs__VP008__posterior__P3__Hselected completed
evaluation 858/1790 simultaneous_eeg_nirs__VP008__motor__P1_beta__N0 completed
evaluation 859/1790 simultaneous_eeg_nirs__VP005__prefrontal__P3__N0 completed
evaluation 860/1790 simultaneous_eeg_nirs__VP010__motor__P0__N0 completed
evaluation 861/1790 simultaneous_eeg_nirs__VP007__prefrontal__P2__N0 completed
evaluation 862/1790 simultaneous_eeg_nirs__VP008__posterior__P3__N0 completed
evaluation 863/1790 simultaneous_eeg_nirs__VP008__prefrontal__P3__Hfull completed
evaluation 864/1790 simultaneous_eeg_nirs__VP010__motor__P2__Hfull completed
evaluation 865/1790 simultaneous_eeg_nirs__VP005__prefrontal__P3__Hselected completed
evaluation 866/1790 simultaneous_eeg_nirs__VP008__posterior__P1_tau__N0 completed
evaluation 867/1790 simultaneous_eeg_nirs__VP010__motor__P1_tau__Hfull completed
evaluation 868/1790 simultaneous_eeg_nirs__VP010__motor__P1_beta__Hfull completed
evaluation 869/1790 simultaneous_eeg_nirs__VP010__motor__P3__Hfull completed
evaluation 870/1790 simultaneous_eeg_nirs__VP010__posterior__P0__N0 completed
evaluation 871/1790 simultaneous_eeg_nirs__VP010__posterior__P1_beta__Hfull completed
evaluation 872/1790 simultaneous_eeg_nirs__VP010__posterior__P1_tau__Hfull completed
evaluation 873/1790 simultaneous_eeg_nirs__VP008__posterior__P1_beta__N0 completed
evaluation 874/1790 simultaneous_eeg_nirs__VP010__posterior__P3__Hfull completed
evaluation 875/1790 simultaneous_eeg_nirs__VP010__motor__P3__Hselected completed
evaluation 876/1790 simultaneous_eeg_nirs__VP010__posterior__P2__Hfull completed
evaluation 877/1790 simultaneous_eeg_nirs__VP008__prefrontal__P2__N0 completed
evaluation 878/1790 simultaneous_eeg_nirs__VP008__prefrontal__P1_tau__N0 completed
evaluation 879/1790 simultaneous_eeg_nirs__VP010__prefrontal__P0__N0 completed
evaluation 880/1790 simultaneous_eeg_nirs__VP008__prefrontal__P1_beta__N0 completed
evaluation 881/1790 simultaneous_eeg_nirs__VP008__prefrontal__P3__Hselected completed
evaluation 882/1790 simultaneous_eeg_nirs__VP011__motor__P0__N0 completed
evaluation 883/1790 simultaneous_eeg_nirs__VP008__prefrontal__P3__N0 completed
evaluation 884/1790 simultaneous_eeg_nirs__VP010__prefrontal__P1_beta__Hfull completed
evaluation 885/1790 simultaneous_eeg_nirs__VP011__motor__P1_tau__Hfull completed
evaluation 886/1790 simultaneous_eeg_nirs__VP010__prefrontal__P3__Hfull completed
evaluation 887/1790 simultaneous_eeg_nirs__VP010__prefrontal__P2__Hfull completed
evaluation 888/1790 simultaneous_eeg_nirs__VP011__motor__P1_beta__Hfull completed
evaluation 889/1790 simultaneous_eeg_nirs__VP010__motor__P1_tau__N0 completed
evaluation 890/1790 simultaneous_eeg_nirs__VP011__motor__P2__Hfull completed
evaluation 891/1790 simultaneous_eeg_nirs__VP010__posterior__P1_tau__N0 completed
evaluation 892/1790 simultaneous_eeg_nirs__VP011__motor__P3__Hfull completed
evaluation 893/1790 simultaneous_eeg_nirs__VP010__posterior__P2__N0 completed
evaluation 894/1790 simultaneous_eeg_nirs__VP010__motor__P3__N0 completed
evaluation 895/1790 simultaneous_eeg_nirs__VP010__prefrontal__P2__N0 completed
evaluation 896/1790 simultaneous_eeg_nirs__VP010__posterior__P3__N0 completed
evaluation 897/1790 simultaneous_eeg_nirs__VP011__posterior__P1_tau__Hfull completed
evaluation 898/1790 simultaneous_eeg_nirs__VP011__posterior__P1_beta__Hfull completed
evaluation 899/1790 simultaneous_eeg_nirs__VP010__motor__P2__N0 completed
evaluation 900/1790 simultaneous_eeg_nirs__VP010__posterior__P1_beta__N0 completed
evaluation 901/1790 simultaneous_eeg_nirs__VP011__posterior__P0__N0 completed
evaluation 902/1790 simultaneous_eeg_nirs__VP011__posterior__P2__Hfull completed
evaluation 903/1790 simultaneous_eeg_nirs__VP011__posterior__P3__Hfull completed
evaluation 904/1790 simultaneous_eeg_nirs__VP011__motor__P2__N0 completed
evaluation 905/1790 simultaneous_eeg_nirs__VP010__posterior__P3__Hselected completed
evaluation 906/1790 simultaneous_eeg_nirs__VP011__motor__P3__Hselected completed
evaluation 907/1790 simultaneous_eeg_nirs__VP011__motor__P3__N0 completed
evaluation 908/1790 simultaneous_eeg_nirs__VP011__prefrontal__P0__N0 completed
evaluation 909/1790 simultaneous_eeg_nirs__VP010__prefrontal__P1_tau__Hfull completed
evaluation 910/1790 simultaneous_eeg_nirs__VP010__motor__P1_beta__N0 completed
evaluation 911/1790 simultaneous_eeg_nirs__VP011__prefrontal__P1_tau__Hfull completed
evaluation 912/1790 simultaneous_eeg_nirs__VP010__prefrontal__P1_tau__N0 completed
evaluation 913/1790 simultaneous_eeg_nirs__VP011__prefrontal__P1_beta__Hfull completed
evaluation 914/1790 simultaneous_eeg_nirs__VP010__prefrontal__P1_beta__N0 completed
evaluation 915/1790 simultaneous_eeg_nirs__VP010__prefrontal__P3__Hselected completed
evaluation 916/1790 simultaneous_eeg_nirs__VP010__prefrontal__P3__N0 completed
evaluation 917/1790 simultaneous_eeg_nirs__VP011__motor__P1_tau__N0 completed
evaluation 918/1790 simultaneous_eeg_nirs__VP011__motor__P1_beta__N0 completed
evaluation 919/1790 simultaneous_eeg_nirs__VP011__posterior__P1_tau__N0 completed
evaluation 920/1790 simultaneous_eeg_nirs__VP011__prefrontal__P2__Hfull completed
evaluation 921/1790 simultaneous_eeg_nirs__VP011__prefrontal__P3__Hfull completed
evaluation 922/1790 simultaneous_eeg_nirs__VP011__posterior__P1_beta__N0 completed
evaluation 923/1790 simultaneous_eeg_nirs__VP012__motor__P1_beta__Hfull completed
evaluation 924/1790 simultaneous_eeg_nirs__VP012__motor__P0__N0 completed
evaluation 925/1790 simultaneous_eeg_nirs__VP012__motor__P1_tau__Hfull completed
evaluation 926/1790 simultaneous_eeg_nirs__VP012__motor__P3__Hfull completed
evaluation 927/1790 simultaneous_eeg_nirs__VP012__motor__P2__Hfull completed
evaluation 928/1790 simultaneous_eeg_nirs__VP012__posterior__P0__N0 completed
evaluation 929/1790 simultaneous_eeg_nirs__VP012__posterior__P1_tau__Hfull completed
evaluation 930/1790 simultaneous_eeg_nirs__VP012__posterior__P2__Hfull completed
evaluation 931/1790 simultaneous_eeg_nirs__VP012__posterior__P1_beta__Hfull completed
evaluation 932/1790 simultaneous_eeg_nirs__VP011__prefrontal__P1_tau__N0 completed
evaluation 933/1790 simultaneous_eeg_nirs__VP012__prefrontal__P0__N0 completed
evaluation 934/1790 simultaneous_eeg_nirs__VP012__motor__P3__N0 completed
evaluation 935/1790 simultaneous_eeg_nirs__VP012__posterior__P3__Hfull completed
evaluation 936/1790 simultaneous_eeg_nirs__VP012__motor__P3__Hselected completed
evaluation 937/1790 simultaneous_eeg_nirs__VP012__motor__P2__N0 completed
evaluation 938/1790 simultaneous_eeg_nirs__VP011__prefrontal__P1_beta__N0 completed
evaluation 939/1790 simultaneous_eeg_nirs__VP012__prefrontal__P1_tau__Hfull completed
evaluation 940/1790 simultaneous_eeg_nirs__VP011__prefrontal__P2__N0 completed
evaluation 941/1790 simultaneous_eeg_nirs__VP012__prefrontal__P1_beta__Hfull completed
evaluation 942/1790 simultaneous_eeg_nirs__VP012__prefrontal__P2__Hfull completed
evaluation 943/1790 simultaneous_eeg_nirs__VP012__prefrontal__P3__Hfull completed
evaluation 944/1790 simultaneous_eeg_nirs__VP011__posterior__P3__N0 completed
evaluation 945/1790 simultaneous_eeg_nirs__VP012__motor__P1_tau__N0 completed
evaluation 946/1790 simultaneous_eeg_nirs__VP014__posterior__P0__N0 completed
evaluation 947/1790 simultaneous_eeg_nirs__VP012__posterior__P1_tau__N0 completed
evaluation 948/1790 simultaneous_eeg_nirs__VP011__prefrontal__P3__N0 completed
evaluation 949/1790 simultaneous_eeg_nirs__VP011__posterior__P3__Hselected completed
evaluation 950/1790 simultaneous_eeg_nirs__VP011__prefrontal__P3__Hselected completed
evaluation 951/1790 simultaneous_eeg_nirs__VP014__motor__P1_beta__Hfull completed
evaluation 952/1790 simultaneous_eeg_nirs__VP014__posterior__P1_tau__Hfull completed
evaluation 953/1790 simultaneous_eeg_nirs__VP014__motor__P3__Hfull completed
evaluation 954/1790 simultaneous_eeg_nirs__VP012__motor__P1_beta__N0 completed
evaluation 955/1790 simultaneous_eeg_nirs__VP014__posterior__P2__Hfull completed
evaluation 956/1790 simultaneous_eeg_nirs__VP014__posterior__P1_beta__Hfull completed
evaluation 957/1790 simultaneous_eeg_nirs__VP012__posterior__P3__N0 completed
evaluation 958/1790 simultaneous_eeg_nirs__VP014__motor__P2__Hfull completed
evaluation 959/1790 simultaneous_eeg_nirs__VP012__posterior__P1_beta__N0 completed
evaluation 960/1790 simultaneous_eeg_nirs__VP012__posterior__P3__Hselected completed
evaluation 961/1790 simultaneous_eeg_nirs__VP012__prefrontal__P1_beta__N0 completed
evaluation 962/1790 simultaneous_eeg_nirs__VP012__posterior__P2__N0 completed
evaluation 963/1790 simultaneous_eeg_nirs__VP012__prefrontal__P1_tau__N0 completed
evaluation 964/1790 simultaneous_eeg_nirs__VP014__posterior__P3__Hfull completed
evaluation 965/1790 simultaneous_eeg_nirs__VP014__prefrontal__P0__N0 completed
evaluation 966/1790 simultaneous_eeg_nirs__VP011__posterior__P2__N0 completed
evaluation 967/1790 simultaneous_eeg_nirs__VP014__prefrontal__P1_beta__Hfull completed
evaluation 968/1790 simultaneous_eeg_nirs__VP014__prefrontal__P1_tau__Hfull completed
evaluation 969/1790 simultaneous_eeg_nirs__VP014__prefrontal__P3__Hfull completed
evaluation 970/1790 simultaneous_eeg_nirs__VP014__prefrontal__P2__Hfull completed
evaluation 971/1790 simultaneous_eeg_nirs__VP014__motor__P0__N0 completed
evaluation 972/1790 simultaneous_eeg_nirs__VP012__prefrontal__P3__N0 completed
evaluation 973/1790 simultaneous_eeg_nirs__VP012__prefrontal__P3__Hselected completed
evaluation 974/1790 simultaneous_eeg_nirs__VP014__motor__P1_tau__Hfull completed
evaluation 975/1790 simultaneous_eeg_nirs__VP015__motor__P0__N0 completed
evaluation 976/1790 simultaneous_eeg_nirs__VP014__posterior__P1_beta__N0 completed
evaluation 977/1790 simultaneous_eeg_nirs__VP014__posterior__P1_tau__N0 completed
evaluation 978/1790 simultaneous_eeg_nirs__VP014__posterior__P2__N0 completed
evaluation 979/1790 simultaneous_eeg_nirs__VP014__motor__P1_beta__N0 completed
evaluation 980/1790 simultaneous_eeg_nirs__VP014__posterior__P3__N0 completed
evaluation 981/1790 simultaneous_eeg_nirs__VP014__motor__P1_tau__N0 completed
evaluation 982/1790 simultaneous_eeg_nirs__VP014__motor__P3__N0 completed
evaluation 983/1790 simultaneous_eeg_nirs__VP015__motor__P1_tau__Hfull completed
evaluation 984/1790 simultaneous_eeg_nirs__VP015__motor__P1_beta__Hfull completed
evaluation 985/1790 simultaneous_eeg_nirs__VP014__posterior__P3__Hselected completed
evaluation 986/1790 simultaneous_eeg_nirs__VP015__motor__P3__Hfull completed
evaluation 987/1790 simultaneous_eeg_nirs__VP015__motor__P2__Hfull completed
evaluation 988/1790 simultaneous_eeg_nirs__VP014__prefrontal__P1_beta__N0 completed
evaluation 989/1790 simultaneous_eeg_nirs__VP014__prefrontal__P1_tau__N0 completed
evaluation 990/1790 simultaneous_eeg_nirs__VP012__prefrontal__P2__N0 completed
evaluation 991/1790 simultaneous_eeg_nirs__VP015__posterior__P1_tau__Hfull completed
evaluation 992/1790 simultaneous_eeg_nirs__VP015__prefrontal__P1_tau__Hfull completed
evaluation 993/1790 simultaneous_eeg_nirs__VP015__posterior__P0__N0 completed
evaluation 994/1790 simultaneous_eeg_nirs__VP015__prefrontal__P0__N0 completed
evaluation 995/1790 simultaneous_eeg_nirs__VP015__prefrontal__P1_beta__Hfull completed
evaluation 996/1790 simultaneous_eeg_nirs__VP014__prefrontal__P2__N0 completed
evaluation 997/1790 simultaneous_eeg_nirs__VP014__motor__P3__Hselected completed
evaluation 998/1790 simultaneous_eeg_nirs__VP015__posterior__P2__Hfull completed
evaluation 999/1790 simultaneous_eeg_nirs__VP015__motor__P1_tau__N0 completed
evaluation 1000/1790 simultaneous_eeg_nirs__VP015__prefrontal__P2__Hfull completed
evaluation 1001/1790 simultaneous_eeg_nirs__VP015__posterior__P3__Hfull completed
evaluation 1002/1790 simultaneous_eeg_nirs__VP015__motor__P3__Hselected completed
evaluation 1003/1790 simultaneous_eeg_nirs__VP016__motor__P1_tau__Hfull completed
evaluation 1004/1790 simultaneous_eeg_nirs__VP015__motor__P3__N0 completed
evaluation 1005/1790 simultaneous_eeg_nirs__VP015__prefrontal__P3__Hfull completed
evaluation 1006/1790 simultaneous_eeg_nirs__VP016__motor__P0__N0 completed
evaluation 1007/1790 simultaneous_eeg_nirs__VP015__motor__P1_beta__N0 completed
evaluation 1008/1790 simultaneous_eeg_nirs__VP016__motor__P1_beta__Hfull completed
evaluation 1009/1790 simultaneous_eeg_nirs__VP016__motor__P2__Hfull completed
evaluation 1010/1790 simultaneous_eeg_nirs__VP016__motor__P3__Hfull completed
evaluation 1011/1790 simultaneous_eeg_nirs__VP016__posterior__P1_tau__Hfull completed
evaluation 1012/1790 simultaneous_eeg_nirs__VP016__posterior__P0__N0 completed
evaluation 1013/1790 simultaneous_eeg_nirs__VP015__posterior__P1_beta__Hfull completed
evaluation 1014/1790 simultaneous_eeg_nirs__VP015__motor__P2__N0 completed
evaluation 1015/1790 simultaneous_eeg_nirs__VP015__posterior__P1_tau__N0 completed
evaluation 1016/1790 simultaneous_eeg_nirs__VP016__posterior__P1_beta__Hfull completed
evaluation 1017/1790 simultaneous_eeg_nirs__VP015__posterior__P2__N0 completed
evaluation 1018/1790 simultaneous_eeg_nirs__VP016__posterior__P2__Hfull completed
evaluation 1019/1790 simultaneous_eeg_nirs__VP016__motor__P2__N0 completed
evaluation 1020/1790 simultaneous_eeg_nirs__VP015__posterior__P3__Hselected completed
evaluation 1021/1790 simultaneous_eeg_nirs__VP016__motor__P3__Hselected completed
evaluation 1022/1790 simultaneous_eeg_nirs__VP016__posterior__P3__Hfull completed
evaluation 1023/1790 simultaneous_eeg_nirs__VP015__posterior__P3__N0 completed
evaluation 1024/1790 simultaneous_eeg_nirs__VP014__motor__P2__N0 completed
evaluation 1025/1790 simultaneous_eeg_nirs__VP014__prefrontal__P3__N0 completed
evaluation 1026/1790 simultaneous_eeg_nirs__VP016__prefrontal__P0__N0 completed
evaluation 1027/1790 simultaneous_eeg_nirs__VP016__prefrontal__P1_tau__Hfull completed
evaluation 1028/1790 simultaneous_eeg_nirs__VP016__prefrontal__P1_beta__Hfull completed
evaluation 1029/1790 simultaneous_eeg_nirs__VP015__prefrontal__P1_beta__N0 completed
evaluation 1030/1790 simultaneous_eeg_nirs__VP014__prefrontal__P3__Hselected completed
evaluation 1031/1790 simultaneous_eeg_nirs__VP016__motor__P1_tau__N0 completed
evaluation 1032/1790 simultaneous_eeg_nirs__VP016__prefrontal__P2__Hfull completed
evaluation 1033/1790 simultaneous_eeg_nirs__VP015__prefrontal__P1_tau__N0 completed
evaluation 1034/1790 simultaneous_eeg_nirs__VP016__motor__P1_beta__N0 completed
evaluation 1035/1790 simultaneous_eeg_nirs__VP016__motor__P3__N0 completed
evaluation 1036/1790 simultaneous_eeg_nirs__VP016__prefrontal__P3__Hfull completed
evaluation 1037/1790 simultaneous_eeg_nirs__VP017__motor__P0__N0 completed
evaluation 1038/1790 simultaneous_eeg_nirs__VP016__posterior__P2__N0 completed
evaluation 1039/1790 simultaneous_eeg_nirs__VP016__posterior__P1_tau__N0 completed
evaluation 1040/1790 simultaneous_eeg_nirs__VP015__posterior__P1_beta__N0 completed
evaluation 1041/1790 simultaneous_eeg_nirs__VP017__motor__P1_tau__Hfull completed
evaluation 1042/1790 simultaneous_eeg_nirs__VP017__motor__P1_beta__Hfull completed
evaluation 1043/1790 simultaneous_eeg_nirs__VP016__posterior__P1_beta__N0 completed
evaluation 1044/1790 simultaneous_eeg_nirs__VP016__posterior__P3__Hselected completed
evaluation 1045/1790 simultaneous_eeg_nirs__VP017__motor__P3__Hfull completed
evaluation 1046/1790 simultaneous_eeg_nirs__VP016__posterior__P3__N0 completed
evaluation 1047/1790 simultaneous_eeg_nirs__VP017__motor__P2__Hfull completed
evaluation 1048/1790 simultaneous_eeg_nirs__VP016__prefrontal__P2__N0 completed
evaluation 1049/1790 simultaneous_eeg_nirs__VP017__posterior__P1_tau__Hfull completed
evaluation 1050/1790 simultaneous_eeg_nirs__VP017__posterior__P0__N0 completed
evaluation 1051/1790 simultaneous_eeg_nirs__VP017__posterior__P1_beta__Hfull completed
evaluation 1052/1790 simultaneous_eeg_nirs__VP017__posterior__P2__Hfull completed
evaluation 1053/1790 simultaneous_eeg_nirs__VP017__motor__P3__Hselected completed
evaluation 1054/1790 simultaneous_eeg_nirs__VP015__prefrontal__P2__N0 completed
evaluation 1055/1790 simultaneous_eeg_nirs__VP016__prefrontal__P1_beta__N0 completed
evaluation 1056/1790 simultaneous_eeg_nirs__VP017__posterior__P3__Hfull completed
evaluation 1057/1790 simultaneous_eeg_nirs__VP017__prefrontal__P0__N0 completed
evaluation 1058/1790 simultaneous_eeg_nirs__VP017__prefrontal__P1_beta__Hfull completed
evaluation 1059/1790 simultaneous_eeg_nirs__VP017__prefrontal__P1_tau__Hfull completed
evaluation 1060/1790 simultaneous_eeg_nirs__VP017__motor__P1_tau__N0 completed
evaluation 1061/1790 simultaneous_eeg_nirs__VP017__motor__P1_beta__N0 completed
evaluation 1062/1790 simultaneous_eeg_nirs__VP016__prefrontal__P3__N0 completed
evaluation 1063/1790 simultaneous_eeg_nirs__VP015__prefrontal__P3__N0 completed
evaluation 1064/1790 simultaneous_eeg_nirs__VP017__motor__P2__N0 completed
evaluation 1065/1790 simultaneous_eeg_nirs__VP017__posterior__P3__Hselected completed
evaluation 1066/1790 simultaneous_eeg_nirs__VP017__motor__P3__N0 completed
evaluation 1067/1790 simultaneous_eeg_nirs__VP017__prefrontal__P3__Hfull completed
evaluation 1068/1790 simultaneous_eeg_nirs__VP016__prefrontal__P3__Hselected completed
evaluation 1069/1790 simultaneous_eeg_nirs__VP017__posterior__P3__N0 completed
evaluation 1070/1790 simultaneous_eeg_nirs__VP018__motor__P1_tau__Hfull completed
evaluation 1071/1790 simultaneous_eeg_nirs__VP018__motor__P1_beta__Hfull completed
evaluation 1072/1790 simultaneous_eeg_nirs__VP018__motor__P0__N0 completed
evaluation 1073/1790 simultaneous_eeg_nirs__VP017__posterior__P1_tau__N0 completed
evaluation 1074/1790 simultaneous_eeg_nirs__VP016__prefrontal__P1_tau__N0 completed
evaluation 1075/1790 simultaneous_eeg_nirs__VP018__motor__P2__Hfull completed
evaluation 1076/1790 simultaneous_eeg_nirs__VP017__prefrontal__P2__N0 completed
evaluation 1077/1790 simultaneous_eeg_nirs__VP017__prefrontal__P2__Hfull completed
evaluation 1078/1790 simultaneous_eeg_nirs__VP015__prefrontal__P3__Hselected completed
evaluation 1079/1790 simultaneous_eeg_nirs__VP017__posterior__P1_beta__N0 completed
evaluation 1080/1790 simultaneous_eeg_nirs__VP018__motor__P3__Hfull completed
evaluation 1081/1790 simultaneous_eeg_nirs__VP018__posterior__P1_tau__Hfull completed
evaluation 1082/1790 simultaneous_eeg_nirs__VP018__posterior__P0__N0 completed
evaluation 1083/1790 simultaneous_eeg_nirs__VP017__prefrontal__P1_tau__N0 completed
evaluation 1084/1790 simultaneous_eeg_nirs__VP017__posterior__P2__N0 completed
evaluation 1085/1790 simultaneous_eeg_nirs__VP017__prefrontal__P3__N0 completed
evaluation 1086/1790 simultaneous_eeg_nirs__VP017__prefrontal__P3__Hselected completed
evaluation 1087/1790 simultaneous_eeg_nirs__VP018__posterior__P1_beta__Hfull completed
evaluation 1088/1790 simultaneous_eeg_nirs__VP017__prefrontal__P1_beta__N0 completed
evaluation 1089/1790 simultaneous_eeg_nirs__VP018__posterior__P3__Hfull completed
evaluation 1090/1790 simultaneous_eeg_nirs__VP018__posterior__P2__Hfull completed
evaluation 1091/1790 simultaneous_eeg_nirs__VP018__prefrontal__P0__N0 completed
evaluation 1092/1790 simultaneous_eeg_nirs__VP018__prefrontal__P1_tau__Hfull completed
evaluation 1093/1790 simultaneous_eeg_nirs__VP018__prefrontal__P1_beta__Hfull completed
evaluation 1094/1790 simultaneous_eeg_nirs__VP018__prefrontal__P2__Hfull completed
evaluation 1095/1790 simultaneous_eeg_nirs__VP018__motor__P1_tau__N0 completed
evaluation 1096/1790 simultaneous_eeg_nirs__VP018__motor__P3__Hselected completed
evaluation 1097/1790 simultaneous_eeg_nirs__VP021__motor__P1_tau__Hfull completed
evaluation 1098/1790 simultaneous_eeg_nirs__VP018__prefrontal__P3__Hfull completed
evaluation 1099/1790 simultaneous_eeg_nirs__VP021__motor__P0__N0 completed
evaluation 1100/1790 simultaneous_eeg_nirs__VP018__motor__P3__N0 completed
evaluation 1101/1790 simultaneous_eeg_nirs__VP021__motor__P1_beta__Hfull completed
evaluation 1102/1790 simultaneous_eeg_nirs__VP018__posterior__P1_tau__N0 completed
evaluation 1103/1790 simultaneous_eeg_nirs__VP021__motor__P2__Hfull completed
evaluation 1104/1790 simultaneous_eeg_nirs__VP021__motor__P3__Hfull completed
evaluation 1105/1790 simultaneous_eeg_nirs__VP021__posterior__P1_tau__Hfull completed
evaluation 1106/1790 simultaneous_eeg_nirs__VP021__posterior__P0__N0 completed
evaluation 1107/1790 simultaneous_eeg_nirs__VP018__motor__P1_beta__N0 completed
evaluation 1108/1790 simultaneous_eeg_nirs__VP018__prefrontal__P2__N0 completed
evaluation 1109/1790 simultaneous_eeg_nirs__VP021__posterior__P3__Hfull completed
evaluation 1110/1790 simultaneous_eeg_nirs__VP021__posterior__P1_beta__Hfull completed
evaluation 1111/1790 simultaneous_eeg_nirs__VP021__posterior__P2__Hfull completed
evaluation 1112/1790 simultaneous_eeg_nirs__VP021__prefrontal__P0__N0 completed
evaluation 1113/1790 simultaneous_eeg_nirs__VP021__prefrontal__P2__Hfull completed
evaluation 1114/1790 simultaneous_eeg_nirs__VP021__prefrontal__P1_tau__Hfull completed
evaluation 1115/1790 simultaneous_eeg_nirs__VP018__prefrontal__P1_beta__N0 completed
evaluation 1116/1790 simultaneous_eeg_nirs__VP021__prefrontal__P1_beta__Hfull completed
evaluation 1117/1790 simultaneous_eeg_nirs__VP018__prefrontal__P1_tau__N0 completed
evaluation 1118/1790 simultaneous_eeg_nirs__VP021__motor__P3__N0 completed
evaluation 1119/1790 simultaneous_eeg_nirs__VP021__posterior__P2__N0 completed
evaluation 1120/1790 simultaneous_eeg_nirs__VP021__prefrontal__P3__Hfull completed
evaluation 1121/1790 simultaneous_eeg_nirs__VP022__motor__P1_tau__Hfull completed
evaluation 1122/1790 simultaneous_eeg_nirs__VP022__motor__P0__N0 completed
evaluation 1123/1790 simultaneous_eeg_nirs__VP021__motor__P3__Hselected completed
evaluation 1124/1790 simultaneous_eeg_nirs__VP021__motor__P2__N0 completed
evaluation 1125/1790 simultaneous_eeg_nirs__VP021__posterior__P1_beta__N0 completed
evaluation 1126/1790 simultaneous_eeg_nirs__VP018__motor__P2__N0 completed
evaluation 1127/1790 simultaneous_eeg_nirs__VP018__posterior__P3__Hselected completed
evaluation 1128/1790 simultaneous_eeg_nirs__VP022__motor__P1_beta__Hfull completed
evaluation 1129/1790 simultaneous_eeg_nirs__VP018__posterior__P3__N0 completed
evaluation 1130/1790 simultaneous_eeg_nirs__VP021__prefrontal__P2__N0 completed
evaluation 1131/1790 simultaneous_eeg_nirs__VP021__motor__P1_beta__N0 completed
evaluation 1132/1790 simultaneous_eeg_nirs__VP022__motor__P2__Hfull completed
evaluation 1133/1790 simultaneous_eeg_nirs__VP021__posterior__P1_tau__N0 completed
evaluation 1134/1790 simultaneous_eeg_nirs__VP022__posterior__P1_tau__Hfull completed
evaluation 1135/1790 simultaneous_eeg_nirs__VP022__posterior__P0__N0 completed
evaluation 1136/1790 simultaneous_eeg_nirs__VP021__prefrontal__P1_tau__N0 completed
evaluation 1137/1790 simultaneous_eeg_nirs__VP022__motor__P3__Hfull completed
evaluation 1138/1790 simultaneous_eeg_nirs__VP021__motor__P1_tau__N0 completed
evaluation 1139/1790 simultaneous_eeg_nirs__VP022__posterior__P1_beta__Hfull completed
evaluation 1140/1790 simultaneous_eeg_nirs__VP021__prefrontal__P3__N0 completed
evaluation 1141/1790 simultaneous_eeg_nirs__VP022__posterior__P2__Hfull completed
evaluation 1142/1790 simultaneous_eeg_nirs__VP021__prefrontal__P1_beta__N0 completed
evaluation 1143/1790 simultaneous_eeg_nirs__VP021__prefrontal__P3__Hselected completed
evaluation 1144/1790 simultaneous_eeg_nirs__VP022__motor__P3__Hselected completed
evaluation 1145/1790 simultaneous_eeg_nirs__VP018__posterior__P2__N0 completed
evaluation 1146/1790 simultaneous_eeg_nirs__VP021__posterior__P3__N0 completed
evaluation 1147/1790 simultaneous_eeg_nirs__VP022__posterior__P3__Hfull completed
evaluation 1148/1790 simultaneous_eeg_nirs__VP018__prefrontal__P3__Hselected completed
evaluation 1149/1790 simultaneous_eeg_nirs__VP022__prefrontal__P0__N0 completed
evaluation 1150/1790 simultaneous_eeg_nirs__VP021__posterior__P3__Hselected completed
evaluation 1151/1790 simultaneous_eeg_nirs__VP018__prefrontal__P3__N0 completed
evaluation 1152/1790 simultaneous_eeg_nirs__VP022__motor__P1_beta__N0 completed
evaluation 1153/1790 simultaneous_eeg_nirs__VP022__prefrontal__P1_tau__Hfull completed
evaluation 1154/1790 simultaneous_eeg_nirs__VP022__prefrontal__P1_beta__Hfull completed
evaluation 1155/1790 simultaneous_eeg_nirs__VP023__motor__P1_tau__Hfull completed
evaluation 1156/1790 simultaneous_eeg_nirs__VP022__posterior__P2__N0 completed
evaluation 1157/1790 simultaneous_eeg_nirs__VP022__prefrontal__P2__Hfull completed
evaluation 1158/1790 simultaneous_eeg_nirs__VP023__motor__P1_beta__Hfull completed
evaluation 1159/1790 simultaneous_eeg_nirs__VP018__posterior__P1_beta__N0 completed
evaluation 1160/1790 simultaneous_eeg_nirs__VP022__prefrontal__P3__Hfull completed
evaluation 1161/1790 simultaneous_eeg_nirs__VP022__motor__P1_tau__N0 completed
evaluation 1162/1790 simultaneous_eeg_nirs__VP023__motor__P2__Hfull completed
evaluation 1163/1790 simultaneous_eeg_nirs__VP023__motor__P0__N0 completed
evaluation 1164/1790 simultaneous_eeg_nirs__VP022__posterior__P1_tau__N0 completed
evaluation 1165/1790 simultaneous_eeg_nirs__VP023__posterior__P0__N0 completed
evaluation 1166/1790 simultaneous_eeg_nirs__VP022__posterior__P3__Hselected completed
evaluation 1167/1790 simultaneous_eeg_nirs__VP023__motor__P3__Hfull completed
evaluation 1168/1790 simultaneous_eeg_nirs__VP022__motor__P3__N0 completed
evaluation 1169/1790 simultaneous_eeg_nirs__VP023__posterior__P1_tau__Hfull completed
evaluation 1170/1790 simultaneous_eeg_nirs__VP022__posterior__P3__N0 completed
evaluation 1171/1790 simultaneous_eeg_nirs__VP022__posterior__P1_beta__N0 completed
evaluation 1172/1790 simultaneous_eeg_nirs__VP023__posterior__P3__Hfull completed
evaluation 1173/1790 simultaneous_eeg_nirs__VP023__posterior__P1_beta__Hfull completed
evaluation 1174/1790 simultaneous_eeg_nirs__VP023__motor__P2__N0 completed
evaluation 1175/1790 simultaneous_eeg_nirs__VP023__motor__P3__Hselected completed
evaluation 1176/1790 simultaneous_eeg_nirs__VP023__prefrontal__P0__N0 completed
evaluation 1177/1790 simultaneous_eeg_nirs__VP023__posterior__P2__Hfull completed
evaluation 1178/1790 simultaneous_eeg_nirs__VP022__motor__P2__N0 completed
evaluation 1179/1790 simultaneous_eeg_nirs__VP023__prefrontal__P1_tau__Hfull completed
evaluation 1180/1790 simultaneous_eeg_nirs__VP022__prefrontal__P1_tau__N0 completed
evaluation 1181/1790 simultaneous_eeg_nirs__VP023__motor__P1_tau__N0 completed
evaluation 1182/1790 simultaneous_eeg_nirs__VP023__prefrontal__P1_beta__Hfull completed
evaluation 1183/1790 simultaneous_eeg_nirs__VP023__motor__P3__N0 completed
evaluation 1184/1790 simultaneous_eeg_nirs__VP023__motor__P1_beta__N0 completed
evaluation 1185/1790 simultaneous_eeg_nirs__VP023__prefrontal__P3__Hfull completed
evaluation 1186/1790 simultaneous_eeg_nirs__VP023__posterior__P1_beta__N0 completed
evaluation 1187/1790 simultaneous_eeg_nirs__VP024__motor__P1_tau__Hfull completed
evaluation 1188/1790 simultaneous_eeg_nirs__VP023__posterior__P1_tau__N0 completed
evaluation 1189/1790 simultaneous_eeg_nirs__VP023__prefrontal__P2__Hfull completed
evaluation 1190/1790 simultaneous_eeg_nirs__VP023__posterior__P2__N0 completed
evaluation 1191/1790 simultaneous_eeg_nirs__VP024__motor__P0__N0 completed
evaluation 1192/1790 simultaneous_eeg_nirs__VP023__posterior__P3__Hselected completed
evaluation 1193/1790 simultaneous_eeg_nirs__VP024__posterior__P0__N0 completed
evaluation 1194/1790 simultaneous_eeg_nirs__VP024__motor__P1_beta__Hfull completed
evaluation 1195/1790 simultaneous_eeg_nirs__VP023__posterior__P3__N0 completed
evaluation 1196/1790 simultaneous_eeg_nirs__VP023__prefrontal__P2__N0 completed
evaluation 1197/1790 simultaneous_eeg_nirs__VP022__prefrontal__P1_beta__N0 completed
evaluation 1198/1790 simultaneous_eeg_nirs__VP024__motor__P2__Hfull completed
evaluation 1199/1790 simultaneous_eeg_nirs__VP023__prefrontal__P1_tau__N0 completed
evaluation 1200/1790 simultaneous_eeg_nirs__VP024__motor__P3__Hfull completed
evaluation 1201/1790 simultaneous_eeg_nirs__VP024__posterior__P1_beta__Hfull completed
evaluation 1202/1790 simultaneous_eeg_nirs__VP024__posterior__P2__Hfull completed
evaluation 1203/1790 simultaneous_eeg_nirs__VP024__posterior__P3__Hfull completed
evaluation 1204/1790 simultaneous_eeg_nirs__VP024__posterior__P1_tau__Hfull completed
evaluation 1205/1790 simultaneous_eeg_nirs__VP024__prefrontal__P0__N0 completed
evaluation 1206/1790 simultaneous_eeg_nirs__VP024__prefrontal__P2__Hfull completed
evaluation 1207/1790 simultaneous_eeg_nirs__VP024__prefrontal__P1_tau__Hfull completed
evaluation 1208/1790 simultaneous_eeg_nirs__VP024__prefrontal__P1_beta__Hfull completed
evaluation 1209/1790 simultaneous_eeg_nirs__VP022__prefrontal__P2__N0 completed
evaluation 1210/1790 simultaneous_eeg_nirs__VP024__motor__P1_tau__N0 completed
evaluation 1211/1790 simultaneous_eeg_nirs__VP023__prefrontal__P1_beta__N0 completed
evaluation 1212/1790 simultaneous_eeg_nirs__VP024__motor__P1_beta__N0 completed
evaluation 1213/1790 simultaneous_eeg_nirs__VP024__motor__P3__Hselected completed
evaluation 1214/1790 simultaneous_eeg_nirs__VP022__prefrontal__P3__N0 completed
evaluation 1215/1790 simultaneous_eeg_nirs__VP025__motor__P0__N0 completed
evaluation 1216/1790 simultaneous_eeg_nirs__VP024__prefrontal__P3__Hfull completed
evaluation 1217/1790 simultaneous_eeg_nirs__VP022__prefrontal__P3__Hselected completed
evaluation 1218/1790 simultaneous_eeg_nirs__VP024__posterior__P3__Hselected completed
evaluation 1219/1790 simultaneous_eeg_nirs__VP025__motor__P1_tau__Hfull completed
evaluation 1220/1790 simultaneous_eeg_nirs__VP025__motor__P1_beta__Hfull completed
evaluation 1221/1790 simultaneous_eeg_nirs__VP025__motor__P2__Hfull completed
evaluation 1222/1790 simultaneous_eeg_nirs__VP024__posterior__P3__N0 completed
evaluation 1223/1790 simultaneous_eeg_nirs__VP023__prefrontal__P3__Hselected completed
evaluation 1224/1790 simultaneous_eeg_nirs__VP024__posterior__P1_tau__N0 completed
evaluation 1225/1790 simultaneous_eeg_nirs__VP024__posterior__P2__N0 completed
evaluation 1226/1790 simultaneous_eeg_nirs__VP023__prefrontal__P3__N0 completed
evaluation 1227/1790 simultaneous_eeg_nirs__VP024__prefrontal__P2__N0 completed
evaluation 1228/1790 simultaneous_eeg_nirs__VP025__motor__P3__Hfull completed
evaluation 1229/1790 simultaneous_eeg_nirs__VP025__posterior__P2__Hfull completed
evaluation 1230/1790 simultaneous_eeg_nirs__VP024__motor__P2__N0 completed
evaluation 1231/1790 simultaneous_eeg_nirs__VP025__posterior__P1_tau__Hfull completed
evaluation 1232/1790 simultaneous_eeg_nirs__VP025__posterior__P0__N0 completed
evaluation 1233/1790 simultaneous_eeg_nirs__VP025__posterior__P1_beta__Hfull completed
evaluation 1234/1790 simultaneous_eeg_nirs__VP024__prefrontal__P1_tau__N0 completed
evaluation 1235/1790 simultaneous_eeg_nirs__VP025__posterior__P3__Hfull completed
evaluation 1236/1790 simultaneous_eeg_nirs__VP024__prefrontal__P1_beta__N0 completed
evaluation 1237/1790 simultaneous_eeg_nirs__VP025__motor__P3__Hselected completed
evaluation 1238/1790 simultaneous_eeg_nirs__VP024__motor__P3__N0 completed
evaluation 1239/1790 simultaneous_eeg_nirs__VP025__posterior__P2__N0 completed
evaluation 1240/1790 simultaneous_eeg_nirs__VP025__motor__P1_beta__N0 completed
evaluation 1241/1790 simultaneous_eeg_nirs__VP025__prefrontal__P2__Hfull completed
evaluation 1242/1790 simultaneous_eeg_nirs__VP025__prefrontal__P0__N0 completed
evaluation 1243/1790 simultaneous_eeg_nirs__VP025__prefrontal__P1_tau__Hfull completed
evaluation 1244/1790 simultaneous_eeg_nirs__VP025__motor__P3__N0 completed
evaluation 1245/1790 simultaneous_eeg_nirs__VP025__posterior__P1_beta__N0 completed
evaluation 1246/1790 simultaneous_eeg_nirs__VP025__motor__P1_tau__N0 completed
evaluation 1247/1790 simultaneous_eeg_nirs__VP025__prefrontal__P1_beta__Hfull completed
evaluation 1248/1790 simultaneous_eeg_nirs__VP025__prefrontal__P3__Hfull completed
evaluation 1249/1790 simultaneous_eeg_nirs__VP026__motor__P1_tau__Hfull completed
evaluation 1250/1790 simultaneous_eeg_nirs__VP025__posterior__P3__N0 completed
evaluation 1251/1790 simultaneous_eeg_nirs__VP026__motor__P1_beta__Hfull completed
evaluation 1252/1790 simultaneous_eeg_nirs__VP026__motor__P0__N0 completed
evaluation 1253/1790 simultaneous_eeg_nirs__VP025__posterior__P1_tau__N0 completed
evaluation 1254/1790 simultaneous_eeg_nirs__VP026__motor__P2__Hfull completed
evaluation 1255/1790 simultaneous_eeg_nirs__VP025__posterior__P3__Hselected completed
evaluation 1256/1790 simultaneous_eeg_nirs__VP026__motor__P3__Hfull completed
evaluation 1257/1790 simultaneous_eeg_nirs__VP026__posterior__P0__N0 completed
evaluation 1258/1790 simultaneous_eeg_nirs__VP026__posterior__P1_tau__Hfull completed
evaluation 1259/1790 simultaneous_eeg_nirs__VP025__motor__P2__N0 completed
evaluation 1260/1790 simultaneous_eeg_nirs__VP024__posterior__P1_beta__N0 completed
evaluation 1261/1790 simultaneous_eeg_nirs__VP025__prefrontal__P2__N0 completed
evaluation 1262/1790 simultaneous_eeg_nirs__VP026__posterior__P3__Hfull completed
evaluation 1263/1790 simultaneous_eeg_nirs__VP026__prefrontal__P0__N0 completed
evaluation 1264/1790 simultaneous_eeg_nirs__VP024__prefrontal__P3__Hselected completed
evaluation 1265/1790 simultaneous_eeg_nirs__VP024__prefrontal__P3__N0 completed
evaluation 1266/1790 simultaneous_eeg_nirs__VP026__prefrontal__P1_tau__Hfull completed
evaluation 1267/1790 simultaneous_eeg_nirs__VP025__prefrontal__P1_tau__N0 completed
evaluation 1268/1790 simultaneous_eeg_nirs__VP026__prefrontal__P1_beta__Hfull completed
evaluation 1269/1790 simultaneous_eeg_nirs__VP025__prefrontal__P1_beta__N0 completed
evaluation 1270/1790 simultaneous_eeg_nirs__VP026__posterior__P2__Hfull completed
evaluation 1271/1790 visual_cognitive_motivation__S02__motor__P1_tau__Hfull completed
evaluation 1272/1790 simultaneous_eeg_nirs__VP026__posterior__P1_tau__N0 completed
evaluation 1273/1790 simultaneous_eeg_nirs__VP026__prefrontal__P3__Hfull completed
evaluation 1274/1790 visual_cognitive_motivation__S02__motor__P0__N0 completed
evaluation 1275/1790 visual_cognitive_motivation__S02__motor__P1_beta__Hfull completed
evaluation 1276/1790 visual_cognitive_motivation__S02__motor__P2__Hfull completed
evaluation 1277/1790 visual_cognitive_motivation__S02__posterior__montage0__P0__N0 completed
evaluation 1278/1790 visual_cognitive_motivation__S02__motor__P3__Hfull completed
evaluation 1279/1790 simultaneous_eeg_nirs__VP026__prefrontal__P2__Hfull completed
evaluation 1280/1790 simultaneous_eeg_nirs__VP026__motor__P3__Hselected completed
evaluation 1281/1790 simultaneous_eeg_nirs__VP026__posterior__P1_beta__Hfull completed
evaluation 1282/1790 visual_cognitive_motivation__S02__posterior__montage0__P1_tau__Hfull completed
evaluation 1283/1790 simultaneous_eeg_nirs__VP026__motor__P1_tau__N0 completed
evaluation 1284/1790 simultaneous_eeg_nirs__VP026__motor__P1_beta__N0 completed
evaluation 1285/1790 simultaneous_eeg_nirs__VP026__prefrontal__P1_tau__N0 completed
evaluation 1286/1790 simultaneous_eeg_nirs__VP026__posterior__P1_beta__N0 completed
evaluation 1287/1790 simultaneous_eeg_nirs__VP025__prefrontal__P3__N0 completed
evaluation 1288/1790 visual_cognitive_motivation__S02__posterior__montage0__P1_beta__Hfull completed
evaluation 1289/1790 visual_cognitive_motivation__S02__posterior__montage0__P2__Hfull completed
evaluation 1290/1790 visual_cognitive_motivation__S02__posterior__montage0__P3__Hfull completed
evaluation 1291/1790 simultaneous_eeg_nirs__VP026__prefrontal__P2__N0 completed
evaluation 1292/1790 simultaneous_eeg_nirs__VP026__posterior__P2__N0 completed
evaluation 1293/1790 simultaneous_eeg_nirs__VP025__prefrontal__P3__Hselected completed
evaluation 1294/1790 simultaneous_eeg_nirs__VP026__motor__P2__N0 completed
evaluation 1295/1790 visual_cognitive_motivation__S02__motor__P3__Hselected completed
evaluation 1296/1790 simultaneous_eeg_nirs__VP026__prefrontal__P1_beta__N0 completed
evaluation 1297/1790 simultaneous_eeg_nirs__VP026__posterior__P3__N0 completed
evaluation 1298/1790 visual_cognitive_motivation__S02__posterior__montage1__P0__N0 completed
evaluation 1299/1790 visual_cognitive_motivation__S02__posterior__montage0__P1_tau__N0 completed
evaluation 1300/1790 visual_cognitive_motivation__S02__posterior__montage0__P2__N0 completed
evaluation 1301/1790 simultaneous_eeg_nirs__VP026__posterior__P3__Hselected completed
evaluation 1302/1790 visual_cognitive_motivation__S02__posterior__montage1__P1_tau__Hfull completed
evaluation 1303/1790 visual_cognitive_motivation__S02__posterior__montage1__P2__Hfull completed
evaluation 1304/1790 visual_cognitive_motivation__S02__posterior__montage0__P1_beta__N0 completed
evaluation 1305/1790 visual_cognitive_motivation__S02__posterior__montage1__P1_beta__Hfull completed
evaluation 1306/1790 visual_cognitive_motivation__S02__motor__P1_tau__N0 completed
evaluation 1307/1790 visual_cognitive_motivation__S02__posterior__montage1__P3__Hfull completed
evaluation 1308/1790 visual_cognitive_motivation__S02__prefrontal__montage0__P0__N0 completed
evaluation 1309/1790 visual_cognitive_motivation__S02__prefrontal__montage0__P1_beta__Hfull completed
evaluation 1310/1790 visual_cognitive_motivation__S02__prefrontal__montage0__P1_tau__Hfull completed
evaluation 1311/1790 visual_cognitive_motivation__S02__motor__P1_beta__N0 completed
evaluation 1312/1790 visual_cognitive_motivation__S02__prefrontal__montage0__P2__Hfull completed
evaluation 1313/1790 visual_cognitive_motivation__S02__prefrontal__montage1__P1_tau__Hfull completed
evaluation 1314/1790 visual_cognitive_motivation__S02__prefrontal__montage1__P1_beta__Hfull completed
evaluation 1315/1790 visual_cognitive_motivation__S02__prefrontal__montage1__P2__Hfull completed
evaluation 1316/1790 visual_cognitive_motivation__S02__posterior__montage1__P2__N0 completed
evaluation 1317/1790 visual_cognitive_motivation__S02__prefrontal__montage1__P0__N0 completed
evaluation 1318/1790 simultaneous_eeg_nirs__VP026__motor__P3__N0 completed
evaluation 1319/1790 visual_cognitive_motivation__S02__prefrontal__montage1__P3__Hfull completed
evaluation 1320/1790 visual_cognitive_motivation__S02__prefrontal__montage0__P3__Hfull completed
evaluation 1321/1790 visual_cognitive_motivation__S02__posterior__montage1__P1_tau__N0 completed
evaluation 1322/1790 visual_cognitive_motivation__S04__motor__P0__N0 completed
evaluation 1323/1790 simultaneous_eeg_nirs__VP026__prefrontal__P3__N0 completed
evaluation 1324/1790 visual_cognitive_motivation__S04__motor__P1_beta__Hfull completed
evaluation 1325/1790 visual_cognitive_motivation__S04__motor__P1_tau__Hfull completed
evaluation 1326/1790 visual_cognitive_motivation__S02__posterior__montage1__P1_beta__N0 completed
evaluation 1327/1790 visual_cognitive_motivation__S02__prefrontal__montage0__P2__N0 completed
evaluation 1328/1790 visual_cognitive_motivation__S04__motor__P2__Hfull completed
evaluation 1329/1790 visual_cognitive_motivation__S02__prefrontal__montage0__P3__N0 completed
evaluation 1330/1790 visual_cognitive_motivation__S04__posterior__montage0__P0__N0 completed
evaluation 1331/1790 visual_cognitive_motivation__S04__motor__P3__Hfull completed
evaluation 1332/1790 simultaneous_eeg_nirs__VP026__prefrontal__P3__Hselected completed
evaluation 1333/1790 visual_cognitive_motivation__S02__prefrontal__montage0__P1_tau__N0 completed
evaluation 1334/1790 visual_cognitive_motivation__S04__posterior__montage0__P1_tau__Hfull completed
evaluation 1335/1790 visual_cognitive_motivation__S02__motor__P2__N0 completed
evaluation 1336/1790 visual_cognitive_motivation__S04__posterior__montage0__P1_beta__Hfull completed
evaluation 1337/1790 visual_cognitive_motivation__S02__prefrontal__montage0__P1_beta__N0 completed
evaluation 1338/1790 visual_cognitive_motivation__S02__prefrontal__montage1__P1_tau__N0 completed
evaluation 1339/1790 visual_cognitive_motivation__S02__prefrontal__montage1__P1_beta__N0 completed
evaluation 1340/1790 visual_cognitive_motivation__S04__motor__P1_tau__N0 completed
evaluation 1341/1790 visual_cognitive_motivation__S02__posterior__montage0__P3__N0 completed
evaluation 1342/1790 visual_cognitive_motivation__S04__posterior__montage0__P2__Hfull completed
evaluation 1343/1790 visual_cognitive_motivation__S04__posterior__montage0__P2__N0 completed
evaluation 1344/1790 visual_cognitive_motivation__S02__motor__P3__N0 completed
evaluation 1345/1790 visual_cognitive_motivation__S02__prefrontal__montage1__P3__N0 completed
evaluation 1346/1790 visual_cognitive_motivation__S04__posterior__montage0__P1_tau__N0 completed
evaluation 1347/1790 visual_cognitive_motivation__S04__motor__P2__N0 completed
evaluation 1348/1790 visual_cognitive_motivation__S04__posterior__montage1__P0__N0 completed
evaluation 1349/1790 visual_cognitive_motivation__S04__posterior__montage0__P3__Hfull completed
evaluation 1350/1790 visual_cognitive_motivation__S04__posterior__montage1__P1_tau__Hfull completed
evaluation 1351/1790 visual_cognitive_motivation__S02__posterior__montage1__P3__N0 completed
evaluation 1352/1790 visual_cognitive_motivation__S04__motor__P3__N0 completed
evaluation 1353/1790 visual_cognitive_motivation__S04__motor__P3__Hselected completed
evaluation 1354/1790 visual_cognitive_motivation__S04__posterior__montage1__P2__Hfull completed
evaluation 1355/1790 visual_cognitive_motivation__S02__prefrontal__montage1__P3__Hselected completed
evaluation 1356/1790 visual_cognitive_motivation__S02__posterior__montage0__P3__Hselected completed
evaluation 1357/1790 visual_cognitive_motivation__S04__posterior__montage1__P1_beta__Hfull completed
evaluation 1358/1790 visual_cognitive_motivation__S04__posterior__montage1__P3__Hfull completed
evaluation 1359/1790 visual_cognitive_motivation__S02__posterior__montage1__P3__Hselected completed
evaluation 1360/1790 visual_cognitive_motivation__S04__prefrontal__montage0__P0__N0 completed
evaluation 1361/1790 visual_cognitive_motivation__S04__posterior__montage1__P2__N0 completed
evaluation 1362/1790 visual_cognitive_motivation__S04__posterior__montage0__P1_beta__N0 completed
evaluation 1363/1790 visual_cognitive_motivation__S04__motor__P1_beta__N0 completed
evaluation 1364/1790 visual_cognitive_motivation__S02__prefrontal__montage1__P2__N0 completed
evaluation 1365/1790 visual_cognitive_motivation__S04__prefrontal__montage0__P1_tau__Hfull completed
evaluation 1366/1790 visual_cognitive_motivation__S04__prefrontal__montage0__P1_beta__Hfull completed
evaluation 1367/1790 visual_cognitive_motivation__S04__prefrontal__montage0__P2__Hfull completed
evaluation 1368/1790 visual_cognitive_motivation__S02__prefrontal__montage0__P3__Hselected completed
evaluation 1369/1790 visual_cognitive_motivation__S04__posterior__montage1__P3__Hselected completed
evaluation 1370/1790 visual_cognitive_motivation__S04__prefrontal__montage0__P3__Hfull completed
evaluation 1371/1790 visual_cognitive_motivation__S04__prefrontal__montage1__P0__N0 completed
evaluation 1372/1790 visual_cognitive_motivation__S04__posterior__montage1__P3__N0 completed
evaluation 1373/1790 visual_cognitive_motivation__S04__prefrontal__montage1__P1_tau__Hfull completed
evaluation 1374/1790 visual_cognitive_motivation__S04__posterior__montage1__P1_beta__N0 completed
evaluation 1375/1790 visual_cognitive_motivation__S04__prefrontal__montage0__P2__N0 completed
evaluation 1376/1790 visual_cognitive_motivation__S04__prefrontal__montage1__P1_beta__Hfull completed
evaluation 1377/1790 visual_cognitive_motivation__S04__prefrontal__montage0__P3__N0 completed
evaluation 1378/1790 visual_cognitive_motivation__S04__posterior__montage1__P1_tau__N0 completed
evaluation 1379/1790 visual_cognitive_motivation__S04__prefrontal__montage1__P2__Hfull completed
evaluation 1380/1790 visual_cognitive_motivation__S04__prefrontal__montage0__P3__Hselected completed
evaluation 1381/1790 visual_cognitive_motivation__S04__prefrontal__montage1__P3__Hfull completed
evaluation 1382/1790 visual_cognitive_motivation__S04__prefrontal__montage0__P1_tau__N0 completed
evaluation 1383/1790 visual_cognitive_motivation__S07__motor__P0__N0 completed
evaluation 1384/1790 visual_cognitive_motivation__S07__posterior__montage0__P0__N0 completed
evaluation 1385/1790 visual_cognitive_motivation__S07__motor__P2__Hfull completed
evaluation 1386/1790 visual_cognitive_motivation__S07__posterior__montage0__P1_tau__Hfull completed
evaluation 1387/1790 visual_cognitive_motivation__S07__posterior__montage0__P2__Hfull completed
evaluation 1388/1790 visual_cognitive_motivation__S07__posterior__montage0__P1_beta__Hfull completed
evaluation 1389/1790 visual_cognitive_motivation__S07__posterior__montage0__P3__Hfull completed
evaluation 1390/1790 visual_cognitive_motivation__S07__motor__P3__Hfull completed
evaluation 1391/1790 visual_cognitive_motivation__S07__motor__P1_tau__Hfull completed
evaluation 1392/1790 visual_cognitive_motivation__S04__prefrontal__montage1__P2__N0 completed
evaluation 1393/1790 visual_cognitive_motivation__S07__posterior__montage1__P0__N0 completed
evaluation 1394/1790 visual_cognitive_motivation__S07__motor__P1_beta__Hfull completed
evaluation 1395/1790 visual_cognitive_motivation__S04__prefrontal__montage0__P1_beta__N0 completed
evaluation 1396/1790 visual_cognitive_motivation__S07__posterior__montage1__P2__Hfull completed
evaluation 1397/1790 visual_cognitive_motivation__S07__posterior__montage1__P1_tau__Hfull completed
evaluation 1398/1790 visual_cognitive_motivation__S04__prefrontal__montage1__P1_beta__N0 completed
evaluation 1399/1790 visual_cognitive_motivation__S07__posterior__montage1__P1_beta__Hfull completed
evaluation 1400/1790 visual_cognitive_motivation__S07__posterior__montage0__P2__N0 completed
evaluation 1401/1790 visual_cognitive_motivation__S07__posterior__montage0__P1_tau__N0 completed
evaluation 1402/1790 visual_cognitive_motivation__S07__posterior__montage1__P3__Hfull completed
evaluation 1403/1790 visual_cognitive_motivation__S07__prefrontal__montage0__P1_tau__Hfull completed
evaluation 1404/1790 visual_cognitive_motivation__S07__prefrontal__montage0__P1_beta__Hfull completed
evaluation 1405/1790 visual_cognitive_motivation__S07__posterior__montage0__P1_beta__N0 completed
evaluation 1406/1790 visual_cognitive_motivation__S07__prefrontal__montage0__P0__N0 completed
evaluation 1407/1790 visual_cognitive_motivation__S07__prefrontal__montage0__P2__Hfull completed
evaluation 1408/1790 visual_cognitive_motivation__S04__prefrontal__montage1__P3__N0 completed
evaluation 1409/1790 visual_cognitive_motivation__S04__prefrontal__montage1__P1_tau__N0 completed
evaluation 1410/1790 visual_cognitive_motivation__S04__posterior__montage0__P3__Hselected completed
evaluation 1411/1790 visual_cognitive_motivation__S07__posterior__montage1__P2__N0 completed
evaluation 1412/1790 visual_cognitive_motivation__S07__prefrontal__montage0__P3__Hfull completed
evaluation 1413/1790 visual_cognitive_motivation__S04__posterior__montage0__P3__N0 completed
evaluation 1414/1790 visual_cognitive_motivation__S04__prefrontal__montage1__P3__Hselected completed
evaluation 1415/1790 visual_cognitive_motivation__S07__motor__P1_tau__N0 completed
evaluation 1416/1790 visual_cognitive_motivation__S07__posterior__montage1__P3__N0 completed
evaluation 1417/1790 visual_cognitive_motivation__S07__prefrontal__montage1__P0__N0 completed
evaluation 1418/1790 visual_cognitive_motivation__S07__posterior__montage1__P1_tau__N0 completed
evaluation 1419/1790 visual_cognitive_motivation__S07__prefrontal__montage1__P1_beta__Hfull completed
evaluation 1420/1790 visual_cognitive_motivation__S07__posterior__montage1__P1_beta__N0 completed
evaluation 1421/1790 visual_cognitive_motivation__S07__motor__P1_beta__N0 completed
evaluation 1422/1790 visual_cognitive_motivation__S07__prefrontal__montage1__P2__Hfull completed
evaluation 1423/1790 visual_cognitive_motivation__S07__prefrontal__montage1__P1_tau__Hfull completed
evaluation 1424/1790 visual_cognitive_motivation__S07__posterior__montage1__P3__Hselected completed
evaluation 1425/1790 visual_cognitive_motivation__S07__prefrontal__montage1__P3__Hfull completed
evaluation 1426/1790 visual_cognitive_motivation__S07__prefrontal__montage0__P1_tau__N0 completed
evaluation 1427/1790 visual_cognitive_motivation__S08__motor__P0__N0 completed
evaluation 1428/1790 visual_cognitive_motivation__S07__prefrontal__montage0__P1_beta__N0 completed
evaluation 1429/1790 visual_cognitive_motivation__S08__motor__P1_tau__Hfull completed
evaluation 1430/1790 visual_cognitive_motivation__S08__motor__P1_beta__Hfull completed
evaluation 1431/1790 visual_cognitive_motivation__S08__motor__P2__Hfull completed
evaluation 1432/1790 visual_cognitive_motivation__S08__motor__P3__Hfull completed
evaluation 1433/1790 visual_cognitive_motivation__S08__posterior__montage0__P0__N0 completed
evaluation 1434/1790 visual_cognitive_motivation__S07__prefrontal__montage0__P3__Hselected completed
evaluation 1435/1790 visual_cognitive_motivation__S07__motor__P3__Hselected completed
evaluation 1436/1790 visual_cognitive_motivation__S07__posterior__montage0__P3__N0 completed
evaluation 1437/1790 visual_cognitive_motivation__S08__motor__P2__N0 completed
evaluation 1438/1790 visual_cognitive_motivation__S08__posterior__montage0__P1_beta__Hfull completed
evaluation 1439/1790 visual_cognitive_motivation__S08__posterior__montage0__P1_tau__Hfull completed
evaluation 1440/1790 visual_cognitive_motivation__S07__motor__P2__N0 completed
evaluation 1441/1790 visual_cognitive_motivation__S07__prefrontal__montage1__P3__N0 completed
evaluation 1442/1790 visual_cognitive_motivation__S07__prefrontal__montage0__P2__N0 completed
evaluation 1443/1790 visual_cognitive_motivation__S07__prefrontal__montage1__P3__Hselected completed
evaluation 1444/1790 visual_cognitive_motivation__S08__posterior__montage0__P2__Hfull completed
evaluation 1445/1790 visual_cognitive_motivation__S07__motor__P3__N0 completed
evaluation 1446/1790 visual_cognitive_motivation__S07__posterior__montage0__P3__Hselected completed
evaluation 1447/1790 visual_cognitive_motivation__S08__posterior__montage0__P3__Hfull completed
evaluation 1448/1790 visual_cognitive_motivation__S08__posterior__montage1__P0__N0 completed
evaluation 1449/1790 visual_cognitive_motivation__S07__prefrontal__montage1__P1_tau__N0 completed
evaluation 1450/1790 visual_cognitive_motivation__S08__posterior__montage1__P1_beta__Hfull completed
evaluation 1451/1790 visual_cognitive_motivation__S08__motor__P3__Hselected completed
evaluation 1452/1790 visual_cognitive_motivation__S07__prefrontal__montage0__P3__N0 completed
evaluation 1453/1790 visual_cognitive_motivation__S08__posterior__montage1__P1_tau__Hfull completed
evaluation 1454/1790 visual_cognitive_motivation__S08__posterior__montage1__P2__Hfull completed
evaluation 1455/1790 visual_cognitive_motivation__S08__posterior__montage1__P3__Hfull completed
evaluation 1456/1790 visual_cognitive_motivation__S08__motor__P1_beta__N0 completed
evaluation 1457/1790 visual_cognitive_motivation__S08__motor__P1_tau__N0 completed
evaluation 1458/1790 visual_cognitive_motivation__S08__prefrontal__montage0__P0__N0 completed
evaluation 1459/1790 visual_cognitive_motivation__S08__posterior__montage0__P1_tau__N0 completed
evaluation 1460/1790 visual_cognitive_motivation__S08__prefrontal__montage0__P1_tau__Hfull completed
evaluation 1461/1790 visual_cognitive_motivation__S08__prefrontal__montage0__P1_beta__Hfull completed
evaluation 1462/1790 visual_cognitive_motivation__S08__posterior__montage0__P1_beta__N0 completed
evaluation 1463/1790 visual_cognitive_motivation__S07__prefrontal__montage1__P2__N0 completed
evaluation 1464/1790 visual_cognitive_motivation__S08__prefrontal__montage0__P2__Hfull completed
evaluation 1465/1790 visual_cognitive_motivation__S08__prefrontal__montage0__P3__Hfull completed
evaluation 1466/1790 visual_cognitive_motivation__S08__posterior__montage1__P3__Hselected completed
evaluation 1467/1790 visual_cognitive_motivation__S08__prefrontal__montage1__P0__N0 completed
evaluation 1468/1790 visual_cognitive_motivation__S08__posterior__montage1__P3__N0 completed
evaluation 1469/1790 visual_cognitive_motivation__S08__prefrontal__montage1__P1_tau__Hfull completed
evaluation 1470/1790 visual_cognitive_motivation__S08__posterior__montage0__P3__Hselected completed
evaluation 1471/1790 visual_cognitive_motivation__S08__prefrontal__montage1__P1_beta__Hfull completed
evaluation 1472/1790 visual_cognitive_motivation__S08__prefrontal__montage1__P3__Hfull completed
evaluation 1473/1790 visual_cognitive_motivation__S08__posterior__montage1__P1_beta__N0 completed
evaluation 1474/1790 visual_cognitive_motivation__S09__motor__P0__N0 completed
evaluation 1475/1790 visual_cognitive_motivation__S08__prefrontal__montage1__P2__Hfull completed
evaluation 1476/1790 visual_cognitive_motivation__S08__prefrontal__montage0__P2__N0 completed
evaluation 1477/1790 visual_cognitive_motivation__S08__posterior__montage0__P3__N0 completed
evaluation 1478/1790 visual_cognitive_motivation__S09__motor__P1_tau__Hfull completed
evaluation 1479/1790 visual_cognitive_motivation__S08__posterior__montage1__P1_tau__N0 completed
evaluation 1480/1790 visual_cognitive_motivation__S09__motor__P1_beta__Hfull completed
evaluation 1481/1790 visual_cognitive_motivation__S08__prefrontal__montage0__P3__N0 completed
evaluation 1482/1790 visual_cognitive_motivation__S09__motor__P2__Hfull completed
evaluation 1483/1790 visual_cognitive_motivation__S09__motor__P3__Hfull completed
evaluation 1484/1790 visual_cognitive_motivation__S09__posterior__montage0__P1_tau__Hfull completed
evaluation 1485/1790 visual_cognitive_motivation__S08__prefrontal__montage0__P3__Hselected completed
evaluation 1486/1790 visual_cognitive_motivation__S09__posterior__montage0__P0__N0 completed
evaluation 1487/1790 visual_cognitive_motivation__S07__prefrontal__montage1__P1_beta__N0 completed
evaluation 1488/1790 visual_cognitive_motivation__S08__prefrontal__montage0__P1_beta__N0 completed
evaluation 1489/1790 visual_cognitive_motivation__S09__posterior__montage0__P2__Hfull completed
evaluation 1490/1790 visual_cognitive_motivation__S09__posterior__montage0__P1_beta__Hfull completed
evaluation 1491/1790 visual_cognitive_motivation__S08__prefrontal__montage0__P1_tau__N0 completed
evaluation 1492/1790 visual_cognitive_motivation__S08__motor__P3__N0 completed
evaluation 1493/1790 visual_cognitive_motivation__S08__posterior__montage1__P2__N0 completed
evaluation 1494/1790 visual_cognitive_motivation__S09__motor__P2__N0 completed
evaluation 1495/1790 visual_cognitive_motivation__S08__posterior__montage0__P2__N0 completed
evaluation 1496/1790 visual_cognitive_motivation__S08__prefrontal__montage1__P3__N0 completed
evaluation 1497/1790 visual_cognitive_motivation__S08__prefrontal__montage1__P3__Hselected completed
evaluation 1498/1790 visual_cognitive_motivation__S09__motor__P3__Hselected completed
evaluation 1499/1790 visual_cognitive_motivation__S09__posterior__montage0__P3__Hfull completed
evaluation 1500/1790 visual_cognitive_motivation__S09__posterior__montage1__P0__N0 completed
evaluation 1501/1790 visual_cognitive_motivation__S08__prefrontal__montage1__P1_tau__N0 completed
evaluation 1502/1790 visual_cognitive_motivation__S08__prefrontal__montage1__P2__N0 completed
evaluation 1503/1790 visual_cognitive_motivation__S09__posterior__montage1__P1_tau__Hfull completed
evaluation 1504/1790 visual_cognitive_motivation__S08__prefrontal__montage1__P1_beta__N0 completed
evaluation 1505/1790 visual_cognitive_motivation__S09__posterior__montage1__P1_beta__Hfull completed
evaluation 1506/1790 visual_cognitive_motivation__S09__posterior__montage0__P1_tau__N0 completed
evaluation 1507/1790 visual_cognitive_motivation__S09__posterior__montage0__P1_beta__N0 completed
evaluation 1508/1790 visual_cognitive_motivation__S09__motor__P1_tau__N0 completed
evaluation 1509/1790 visual_cognitive_motivation__S09__motor__P1_beta__N0 completed
evaluation 1510/1790 visual_cognitive_motivation__S09__posterior__montage1__P2__Hfull completed
evaluation 1511/1790 visual_cognitive_motivation__S09__posterior__montage1__P3__Hfull completed
evaluation 1512/1790 visual_cognitive_motivation__S09__prefrontal__montage0__P0__N0 completed
evaluation 1513/1790 visual_cognitive_motivation__S09__prefrontal__montage0__P1_tau__Hfull completed
evaluation 1514/1790 visual_cognitive_motivation__S09__prefrontal__montage0__P1_beta__Hfull completed
evaluation 1515/1790 visual_cognitive_motivation__S09__prefrontal__montage0__P2__Hfull completed
evaluation 1516/1790 visual_cognitive_motivation__S09__posterior__montage1__P2__N0 completed
evaluation 1517/1790 visual_cognitive_motivation__S09__posterior__montage1__P3__N0 completed
evaluation 1518/1790 visual_cognitive_motivation__S09__prefrontal__montage0__P3__Hfull completed
evaluation 1519/1790 visual_cognitive_motivation__S09__posterior__montage1__P3__Hselected completed
evaluation 1520/1790 visual_cognitive_motivation__S09__motor__P3__N0 completed
evaluation 1521/1790 visual_cognitive_motivation__S09__prefrontal__montage1__P0__N0 completed
evaluation 1522/1790 visual_cognitive_motivation__S09__prefrontal__montage1__P1_tau__Hfull completed
evaluation 1523/1790 visual_cognitive_motivation__S09__prefrontal__montage1__P1_beta__Hfull completed
evaluation 1524/1790 visual_cognitive_motivation__S09__posterior__montage1__P1_beta__N0 completed
evaluation 1525/1790 visual_cognitive_motivation__S09__prefrontal__montage1__P2__Hfull completed
evaluation 1526/1790 visual_cognitive_motivation__S09__posterior__montage1__P1_tau__N0 completed
evaluation 1527/1790 visual_cognitive_motivation__S09__prefrontal__montage0__P2__N0 completed
evaluation 1528/1790 visual_cognitive_motivation__S10__motor__P0__N0 completed
evaluation 1529/1790 visual_cognitive_motivation__S10__motor__P1_tau__Hfull completed
evaluation 1530/1790 visual_cognitive_motivation__S10__motor__P1_beta__Hfull completed
evaluation 1531/1790 visual_cognitive_motivation__S09__prefrontal__montage1__P3__Hfull completed
evaluation 1532/1790 visual_cognitive_motivation__S10__motor__P3__Hfull completed
evaluation 1533/1790 visual_cognitive_motivation__S10__motor__P2__Hfull completed
evaluation 1534/1790 visual_cognitive_motivation__S09__prefrontal__montage0__P3__N0 completed
evaluation 1535/1790 visual_cognitive_motivation__S10__posterior__montage0__P1_tau__Hfull completed
evaluation 1536/1790 visual_cognitive_motivation__S10__posterior__montage0__P0__N0 completed
evaluation 1537/1790 visual_cognitive_motivation__S10__posterior__montage0__P1_beta__Hfull completed
evaluation 1538/1790 visual_cognitive_motivation__S09__prefrontal__montage1__P2__N0 completed
evaluation 1539/1790 visual_cognitive_motivation__S09__prefrontal__montage0__P1_beta__N0 completed
evaluation 1540/1790 visual_cognitive_motivation__S09__prefrontal__montage0__P3__Hselected completed
evaluation 1541/1790 visual_cognitive_motivation__S09__prefrontal__montage0__P1_tau__N0 completed
evaluation 1542/1790 visual_cognitive_motivation__S09__prefrontal__montage1__P3__N0 completed
evaluation 1543/1790 visual_cognitive_motivation__S09__prefrontal__montage1__P3__Hselected completed
evaluation 1544/1790 visual_cognitive_motivation__S10__posterior__montage0__P3__Hfull completed
evaluation 1545/1790 visual_cognitive_motivation__S10__posterior__montage0__P2__Hfull completed
evaluation 1546/1790 visual_cognitive_motivation__S09__prefrontal__montage1__P1_beta__N0 completed
evaluation 1547/1790 visual_cognitive_motivation__S10__motor__P3__Hselected completed
evaluation 1548/1790 visual_cognitive_motivation__S10__posterior__montage1__P0__N0 completed
evaluation 1549/1790 visual_cognitive_motivation__S10__posterior__montage1__P1_tau__Hfull completed
evaluation 1550/1790 visual_cognitive_motivation__S10__posterior__montage1__P1_beta__Hfull completed
evaluation 1551/1790 visual_cognitive_motivation__S10__posterior__montage1__P2__Hfull completed
evaluation 1552/1790 visual_cognitive_motivation__S09__prefrontal__montage1__P1_tau__N0 completed
evaluation 1553/1790 visual_cognitive_motivation__S10__motor__P1_tau__N0 completed
evaluation 1554/1790 visual_cognitive_motivation__S09__posterior__montage0__P2__N0 completed
evaluation 1555/1790 visual_cognitive_motivation__S10__posterior__montage1__P3__Hfull completed
evaluation 1556/1790 visual_cognitive_motivation__S10__posterior__montage0__P1_tau__N0 completed
evaluation 1557/1790 visual_cognitive_motivation__S09__posterior__montage0__P3__N0 completed
evaluation 1558/1790 visual_cognitive_motivation__S10__posterior__montage0__P1_beta__N0 completed
evaluation 1559/1790 visual_cognitive_motivation__S10__motor__P1_beta__N0 completed
evaluation 1560/1790 visual_cognitive_motivation__S10__prefrontal__montage0__P1_tau__Hfull completed
evaluation 1561/1790 visual_cognitive_motivation__S10__prefrontal__montage0__P0__N0 completed
evaluation 1562/1790 visual_cognitive_motivation__S10__prefrontal__montage0__P1_beta__Hfull completed
evaluation 1563/1790 visual_cognitive_motivation__S09__posterior__montage0__P3__Hselected completed
evaluation 1564/1790 visual_cognitive_motivation__S10__prefrontal__montage0__P2__Hfull completed
evaluation 1565/1790 visual_cognitive_motivation__S10__prefrontal__montage0__P3__Hfull completed
evaluation 1566/1790 visual_cognitive_motivation__S10__prefrontal__montage1__P0__N0 completed
evaluation 1567/1790 visual_cognitive_motivation__S10__prefrontal__montage1__P1_beta__Hfull completed
evaluation 1568/1790 visual_cognitive_motivation__S10__prefrontal__montage1__P1_tau__Hfull completed
evaluation 1569/1790 visual_cognitive_motivation__S10__prefrontal__montage1__P3__Hfull completed
evaluation 1570/1790 visual_cognitive_motivation__S10__prefrontal__montage1__P2__Hfull completed
evaluation 1571/1790 visual_cognitive_motivation__S10__prefrontal__montage0__P2__N0 completed
evaluation 1572/1790 visual_cognitive_motivation__S10__prefrontal__montage0__P3__N0 completed
evaluation 1573/1790 visual_cognitive_motivation__S10__posterior__montage1__P1_beta__N0 completed
evaluation 1574/1790 visual_cognitive_motivation__S10__posterior__montage1__P3__N0 completed
evaluation 1575/1790 visual_cognitive_motivation__S10__prefrontal__montage0__P3__Hselected completed
evaluation 1576/1790 visual_cognitive_motivation__S10__posterior__montage1__P3__Hselected completed
evaluation 1577/1790 visual_cognitive_motivation__S10__posterior__montage1__P1_tau__N0 completed
evaluation 1578/1790 visual_cognitive_motivation__S10__posterior__montage1__P2__N0 completed
evaluation 1579/1790 visual_cognitive_motivation__S10__prefrontal__montage0__P1_tau__N0 completed
evaluation 1580/1790 visual_cognitive_motivation__S10__prefrontal__montage1__P2__N0 completed
evaluation 1581/1790 visual_cognitive_motivation__S10__prefrontal__montage0__P1_beta__N0 completed
evaluation 1582/1790 visual_cognitive_motivation__S11__posterior__montage0__P0__N0 completed
evaluation 1583/1790 visual_cognitive_motivation__S11__posterior__montage0__P1_beta__Hfull completed
evaluation 1584/1790 visual_cognitive_motivation__S11__posterior__montage0__P1_tau__Hfull completed
evaluation 1585/1790 visual_cognitive_motivation__S11__motor__P0__N0 completed
evaluation 1586/1790 visual_cognitive_motivation__S11__posterior__montage0__P2__Hfull completed
evaluation 1587/1790 visual_cognitive_motivation__S10__motor__P2__N0 completed
evaluation 1588/1790 visual_cognitive_motivation__S11__posterior__montage0__P3__Hfull completed
evaluation 1589/1790 visual_cognitive_motivation__S10__posterior__montage0__P3__N0 completed
evaluation 1590/1790 visual_cognitive_motivation__S11__motor__P2__Hfull completed
evaluation 1591/1790 visual_cognitive_motivation__S11__posterior__montage1__P0__N0 completed
evaluation 1592/1790 visual_cognitive_motivation__S10__prefrontal__montage1__P1_tau__N0 completed
evaluation 1593/1790 visual_cognitive_motivation__S10__posterior__montage0__P2__N0 completed
evaluation 1594/1790 visual_cognitive_motivation__S10__prefrontal__montage1__P1_beta__N0 completed
evaluation 1595/1790 visual_cognitive_motivation__S10__posterior__montage0__P3__Hselected completed
evaluation 1596/1790 visual_cognitive_motivation__S10__motor__P3__N0 completed
evaluation 1597/1790 visual_cognitive_motivation__S11__motor__P3__Hfull completed
evaluation 1598/1790 visual_cognitive_motivation__S11__posterior__montage1__P1_beta__Hfull completed
evaluation 1599/1790 visual_cognitive_motivation__S11__posterior__montage0__P1_beta__N0 completed
evaluation 1600/1790 visual_cognitive_motivation__S11__posterior__montage1__P1_tau__Hfull completed
evaluation 1601/1790 visual_cognitive_motivation__S11__posterior__montage1__P2__Hfull completed
evaluation 1602/1790 visual_cognitive_motivation__S11__posterior__montage0__P1_tau__N0 completed
evaluation 1603/1790 visual_cognitive_motivation__S11__posterior__montage1__P3__Hfull completed
evaluation 1604/1790 visual_cognitive_motivation__S11__motor__P1_tau__Hfull completed
evaluation 1605/1790 visual_cognitive_motivation__S11__prefrontal__montage0__P1_tau__Hfull completed
evaluation 1606/1790 visual_cognitive_motivation__S11__prefrontal__montage0__P0__N0 completed
evaluation 1607/1790 visual_cognitive_motivation__S11__prefrontal__montage0__P2__Hfull completed
evaluation 1608/1790 visual_cognitive_motivation__S11__prefrontal__montage0__P1_beta__Hfull completed
evaluation 1609/1790 visual_cognitive_motivation__S11__posterior__montage1__P1_tau__N0 completed
evaluation 1610/1790 visual_cognitive_motivation__S11__prefrontal__montage0__P3__Hfull completed
evaluation 1611/1790 visual_cognitive_motivation__S11__prefrontal__montage1__P0__N0 completed
evaluation 1612/1790 visual_cognitive_motivation__S10__prefrontal__montage1__P3__N0 completed
evaluation 1613/1790 visual_cognitive_motivation__S10__prefrontal__montage1__P3__Hselected completed
evaluation 1614/1790 visual_cognitive_motivation__S11__prefrontal__montage1__P1_tau__Hfull completed
evaluation 1615/1790 visual_cognitive_motivation__S11__posterior__montage0__P2__N0 completed
evaluation 1616/1790 visual_cognitive_motivation__S11__posterior__montage1__P2__N0 completed
evaluation 1617/1790 visual_cognitive_motivation__S11__motor__P1_beta__Hfull completed
evaluation 1618/1790 visual_cognitive_motivation__S11__prefrontal__montage1__P1_beta__Hfull completed
evaluation 1619/1790 visual_cognitive_motivation__S11__motor__P1_tau__N0 completed
evaluation 1620/1790 visual_cognitive_motivation__S11__posterior__montage0__P3__N0 completed
evaluation 1621/1790 visual_cognitive_motivation__S11__prefrontal__montage1__P2__Hfull completed
evaluation 1622/1790 visual_cognitive_motivation__S11__prefrontal__montage1__P3__Hfull completed
evaluation 1623/1790 visual_cognitive_motivation__S12__motor__P1_beta__Hfull completed
evaluation 1624/1790 visual_cognitive_motivation__S12__motor__P0__N0 completed
evaluation 1625/1790 visual_cognitive_motivation__S11__motor__P1_beta__N0 completed
evaluation 1626/1790 visual_cognitive_motivation__S12__motor__P1_tau__Hfull completed
evaluation 1627/1790 visual_cognitive_motivation__S11__posterior__montage1__P1_beta__N0 completed
evaluation 1628/1790 visual_cognitive_motivation__S12__motor__P2__Hfull completed
evaluation 1629/1790 visual_cognitive_motivation__S11__posterior__montage0__P3__Hselected completed
evaluation 1630/1790 visual_cognitive_motivation__S12__motor__P3__Hfull completed
evaluation 1631/1790 visual_cognitive_motivation__S12__posterior__montage0__P0__N0 completed
evaluation 1632/1790 visual_cognitive_motivation__S11__posterior__montage1__P3__Hselected completed
evaluation 1633/1790 visual_cognitive_motivation__S11__prefrontal__montage0__P1_tau__N0 completed
evaluation 1634/1790 visual_cognitive_motivation__S11__posterior__montage1__P3__N0 completed
evaluation 1635/1790 visual_cognitive_motivation__S12__posterior__montage0__P1_tau__Hfull completed
evaluation 1636/1790 visual_cognitive_motivation__S12__posterior__montage0__P1_beta__Hfull completed
evaluation 1637/1790 visual_cognitive_motivation__S11__prefrontal__montage0__P3__N0 completed
evaluation 1638/1790 visual_cognitive_motivation__S11__prefrontal__montage1__P1_tau__N0 completed
evaluation 1639/1790 visual_cognitive_motivation__S12__posterior__montage0__P2__Hfull completed
evaluation 1640/1790 visual_cognitive_motivation__S12__motor__P3__Hselected completed
evaluation 1641/1790 visual_cognitive_motivation__S11__prefrontal__montage1__P1_beta__N0 completed
evaluation 1642/1790 visual_cognitive_motivation__S12__motor__P3__N0 completed
evaluation 1643/1790 visual_cognitive_motivation__S12__posterior__montage0__P3__Hfull completed
evaluation 1644/1790 visual_cognitive_motivation__S11__motor__P3__Hselected completed
evaluation 1645/1790 visual_cognitive_motivation__S11__prefrontal__montage0__P1_beta__N0 completed
evaluation 1646/1790 visual_cognitive_motivation__S11__prefrontal__montage0__P3__Hselected completed
evaluation 1647/1790 visual_cognitive_motivation__S12__posterior__montage1__P0__N0 completed
evaluation 1648/1790 visual_cognitive_motivation__S12__posterior__montage1__P1_tau__Hfull completed
evaluation 1649/1790 visual_cognitive_motivation__S12__motor__P1_tau__N0 completed
evaluation 1650/1790 visual_cognitive_motivation__S12__posterior__montage0__P2__N0 completed
evaluation 1651/1790 visual_cognitive_motivation__S12__posterior__montage1__P1_beta__Hfull completed
evaluation 1652/1790 visual_cognitive_motivation__S12__motor__P1_beta__N0 completed
evaluation 1653/1790 visual_cognitive_motivation__S12__posterior__montage1__P2__Hfull completed
evaluation 1654/1790 visual_cognitive_motivation__S12__posterior__montage0__P1_tau__N0 completed
evaluation 1655/1790 visual_cognitive_motivation__S11__prefrontal__montage1__P2__N0 completed
evaluation 1656/1790 visual_cognitive_motivation__S12__posterior__montage1__P3__Hfull completed
evaluation 1657/1790 visual_cognitive_motivation__S12__prefrontal__montage0__P0__N0 completed
evaluation 1658/1790 visual_cognitive_motivation__S12__posterior__montage0__P1_beta__N0 completed
evaluation 1659/1790 visual_cognitive_motivation__S12__prefrontal__montage0__P1_tau__Hfull completed
evaluation 1660/1790 visual_cognitive_motivation__S12__prefrontal__montage0__P1_beta__Hfull completed
evaluation 1661/1790 visual_cognitive_motivation__S12__prefrontal__montage0__P2__Hfull completed
evaluation 1662/1790 visual_cognitive_motivation__S12__prefrontal__montage0__P3__Hfull completed
evaluation 1663/1790 visual_cognitive_motivation__S11__motor__P3__N0 completed
evaluation 1664/1790 visual_cognitive_motivation__S12__prefrontal__montage1__P0__N0 completed
evaluation 1665/1790 visual_cognitive_motivation__S11__motor__P2__N0 completed
evaluation 1666/1790 visual_cognitive_motivation__S11__prefrontal__montage0__P2__N0 completed
evaluation 1667/1790 visual_cognitive_motivation__S12__prefrontal__montage1__P1_tau__Hfull completed
evaluation 1668/1790 visual_cognitive_motivation__S12__prefrontal__montage1__P1_beta__Hfull completed
evaluation 1669/1790 visual_cognitive_motivation__S12__prefrontal__montage1__P2__Hfull completed
evaluation 1670/1790 visual_cognitive_motivation__S12__motor__P2__N0 completed
evaluation 1671/1790 visual_cognitive_motivation__S12__prefrontal__montage1__P3__Hfull completed
evaluation 1672/1790 visual_cognitive_motivation__S12__posterior__montage1__P1_tau__N0 completed
evaluation 1673/1790 visual_cognitive_motivation__S14__motor__P0__N0 completed
evaluation 1674/1790 visual_cognitive_motivation__S11__prefrontal__montage1__P3__N0 completed
evaluation 1675/1790 visual_cognitive_motivation__S14__motor__P1_tau__Hfull completed
evaluation 1676/1790 visual_cognitive_motivation__S11__prefrontal__montage1__P3__Hselected completed
evaluation 1677/1790 visual_cognitive_motivation__S12__posterior__montage1__P3__N0 completed
evaluation 1678/1790 visual_cognitive_motivation__S12__posterior__montage1__P1_beta__N0 completed
evaluation 1679/1790 visual_cognitive_motivation__S14__motor__P1_beta__Hfull completed
evaluation 1680/1790 visual_cognitive_motivation__S14__motor__P3__Hfull completed
evaluation 1681/1790 visual_cognitive_motivation__S14__motor__P2__Hfull completed
evaluation 1682/1790 visual_cognitive_motivation__S14__posterior__montage0__P0__N0 completed
evaluation 1683/1790 visual_cognitive_motivation__S12__prefrontal__montage0__P1_tau__N0 completed
evaluation 1684/1790 visual_cognitive_motivation__S12__posterior__montage1__P3__Hselected completed
evaluation 1685/1790 visual_cognitive_motivation__S14__posterior__montage0__P1_tau__Hfull completed
evaluation 1686/1790 visual_cognitive_motivation__S14__posterior__montage0__P1_beta__Hfull completed
evaluation 1687/1790 visual_cognitive_motivation__S12__prefrontal__montage1__P1_tau__N0 completed
evaluation 1688/1790 visual_cognitive_motivation__S14__posterior__montage0__P2__Hfull completed
evaluation 1689/1790 visual_cognitive_motivation__S14__posterior__montage0__P3__Hfull completed
evaluation 1690/1790 visual_cognitive_motivation__S14__posterior__montage1__P0__N0 completed
evaluation 1691/1790 visual_cognitive_motivation__S12__prefrontal__montage0__P1_beta__N0 completed
evaluation 1692/1790 visual_cognitive_motivation__S12__prefrontal__montage0__P3__Hselected completed
evaluation 1693/1790 visual_cognitive_motivation__S14__motor__P3__Hselected completed
evaluation 1694/1790 visual_cognitive_motivation__S14__motor__P2__N0 completed
evaluation 1695/1790 visual_cognitive_motivation__S12__prefrontal__montage1__P3__N0 completed
evaluation 1696/1790 visual_cognitive_motivation__S14__posterior__montage1__P1_tau__Hfull completed
evaluation 1697/1790 visual_cognitive_motivation__S12__prefrontal__montage1__P1_beta__N0 completed
evaluation 1698/1790 visual_cognitive_motivation__S14__motor__P1_tau__N0 completed
evaluation 1699/1790 visual_cognitive_motivation__S14__posterior__montage1__P1_beta__Hfull completed
evaluation 1700/1790 visual_cognitive_motivation__S12__prefrontal__montage0__P2__N0 completed
evaluation 1701/1790 visual_cognitive_motivation__S14__motor__P3__N0 completed
evaluation 1702/1790 visual_cognitive_motivation__S12__posterior__montage0__P3__N0 completed
evaluation 1703/1790 visual_cognitive_motivation__S14__posterior__montage1__P2__Hfull completed
evaluation 1704/1790 visual_cognitive_motivation__S12__prefrontal__montage1__P3__Hselected completed
evaluation 1705/1790 visual_cognitive_motivation__S14__posterior__montage0__P1_tau__N0 completed
evaluation 1706/1790 visual_cognitive_motivation__S14__motor__P1_beta__N0 completed
evaluation 1707/1790 visual_cognitive_motivation__S12__posterior__montage0__P3__Hselected completed
evaluation 1708/1790 visual_cognitive_motivation__S14__posterior__montage0__P1_beta__N0 completed
evaluation 1709/1790 visual_cognitive_motivation__S14__posterior__montage0__P3__Hselected completed
evaluation 1710/1790 visual_cognitive_motivation__S12__posterior__montage1__P2__N0 completed
evaluation 1711/1790 visual_cognitive_motivation__S14__posterior__montage0__P3__N0 completed
evaluation 1712/1790 visual_cognitive_motivation__S14__posterior__montage1__P3__Hfull completed
evaluation 1713/1790 visual_cognitive_motivation__S12__prefrontal__montage0__P3__N0 completed
evaluation 1714/1790 visual_cognitive_motivation__S14__prefrontal__montage0__P1_tau__Hfull completed
evaluation 1715/1790 visual_cognitive_motivation__S14__prefrontal__montage0__P0__N0 completed
evaluation 1716/1790 visual_cognitive_motivation__S14__prefrontal__montage0__P1_beta__Hfull completed
evaluation 1717/1790 visual_cognitive_motivation__S14__posterior__montage1__P1_tau__N0 completed
evaluation 1718/1790 visual_cognitive_motivation__S14__prefrontal__montage0__P2__Hfull completed
evaluation 1719/1790 visual_cognitive_motivation__S14__prefrontal__montage0__P3__Hfull completed
evaluation 1720/1790 visual_cognitive_motivation__S14__posterior__montage1__P2__N0 completed
evaluation 1721/1790 visual_cognitive_motivation__S14__prefrontal__montage1__P1_tau__Hfull completed
evaluation 1722/1790 visual_cognitive_motivation__S14__prefrontal__montage1__P0__N0 completed
evaluation 1723/1790 visual_cognitive_motivation__S14__posterior__montage0__P2__N0 completed
evaluation 1724/1790 visual_cognitive_motivation__S12__prefrontal__montage1__P2__N0 completed
evaluation 1725/1790 visual_cognitive_motivation__S14__prefrontal__montage1__P2__Hfull completed
evaluation 1726/1790 visual_cognitive_motivation__S14__posterior__montage1__P3__N0 completed
evaluation 1727/1790 visual_cognitive_motivation__S14__prefrontal__montage1__P1_beta__Hfull completed
evaluation 1728/1790 visual_cognitive_motivation__S14__posterior__montage1__P3__Hselected completed
evaluation 1729/1790 visual_cognitive_motivation__S15__motor__P0__N0 completed
evaluation 1730/1790 visual_cognitive_motivation__S14__prefrontal__montage1__P3__Hfull completed
evaluation 1731/1790 visual_cognitive_motivation__S15__motor__P1_beta__Hfull completed
evaluation 1732/1790 visual_cognitive_motivation__S15__motor__P1_tau__Hfull completed
evaluation 1733/1790 visual_cognitive_motivation__S14__posterior__montage1__P1_beta__N0 completed
evaluation 1734/1790 visual_cognitive_motivation__S15__posterior__montage0__P0__N0 completed
evaluation 1735/1790 visual_cognitive_motivation__S15__motor__P3__Hfull completed
evaluation 1736/1790 visual_cognitive_motivation__S14__prefrontal__montage0__P1_tau__N0 completed
evaluation 1737/1790 visual_cognitive_motivation__S15__motor__P2__Hfull completed
evaluation 1738/1790 visual_cognitive_motivation__S15__posterior__montage0__P2__Hfull completed
evaluation 1739/1790 visual_cognitive_motivation__S15__posterior__montage0__P1_tau__Hfull completed
evaluation 1740/1790 visual_cognitive_motivation__S14__prefrontal__montage0__P1_beta__N0 completed
evaluation 1741/1790 visual_cognitive_motivation__S15__posterior__montage0__P1_beta__Hfull completed
evaluation 1742/1790 visual_cognitive_motivation__S15__posterior__montage0__P3__Hfull completed
evaluation 1743/1790 visual_cognitive_motivation__S15__posterior__montage1__P0__N0 completed
evaluation 1744/1790 visual_cognitive_motivation__S14__prefrontal__montage1__P1_beta__N0 completed
evaluation 1745/1790 visual_cognitive_motivation__S15__posterior__montage1__P1_tau__Hfull completed
evaluation 1746/1790 visual_cognitive_motivation__S15__motor__P3__Hselected completed
evaluation 1747/1790 visual_cognitive_motivation__S14__prefrontal__montage1__P3__N0 completed
evaluation 1748/1790 visual_cognitive_motivation__S14__prefrontal__montage1__P1_tau__N0 completed
evaluation 1749/1790 visual_cognitive_motivation__S14__prefrontal__montage1__P3__Hselected completed
evaluation 1750/1790 visual_cognitive_motivation__S15__posterior__montage1__P1_beta__Hfull completed
evaluation 1751/1790 visual_cognitive_motivation__S15__motor__P2__N0 completed
evaluation 1752/1790 visual_cognitive_motivation__S15__motor__P1_tau__N0 completed
evaluation 1753/1790 visual_cognitive_motivation__S15__motor__P3__N0 completed
evaluation 1754/1790 visual_cognitive_motivation__S14__prefrontal__montage0__P3__N0 completed
evaluation 1755/1790 visual_cognitive_motivation__S15__posterior__montage1__P2__Hfull completed
evaluation 1756/1790 visual_cognitive_motivation__S15__posterior__montage1__P3__Hfull completed
evaluation 1757/1790 visual_cognitive_motivation__S15__prefrontal__montage0__P1_tau__Hfull completed
evaluation 1758/1790 visual_cognitive_motivation__S15__posterior__montage0__P1_tau__N0 completed
evaluation 1759/1790 visual_cognitive_motivation__S15__prefrontal__montage0__P0__N0 completed
evaluation 1760/1790 visual_cognitive_motivation__S15__prefrontal__montage0__P1_beta__Hfull completed
evaluation 1761/1790 visual_cognitive_motivation__S15__motor__P1_beta__N0 completed
evaluation 1762/1790 visual_cognitive_motivation__S15__prefrontal__montage0__P3__Hfull completed
evaluation 1763/1790 visual_cognitive_motivation__S15__posterior__montage0__P1_beta__N0 completed
evaluation 1764/1790 visual_cognitive_motivation__S15__prefrontal__montage0__P2__Hfull completed
evaluation 1765/1790 visual_cognitive_motivation__S15__prefrontal__montage1__P0__N0 completed
evaluation 1766/1790 visual_cognitive_motivation__S15__posterior__montage1__P1_tau__N0 completed
evaluation 1767/1790 visual_cognitive_motivation__S14__prefrontal__montage1__P2__N0 completed
evaluation 1768/1790 visual_cognitive_motivation__S15__prefrontal__montage1__P1_tau__Hfull completed
evaluation 1769/1790 visual_cognitive_motivation__S15__posterior__montage0__P3__Hselected completed
evaluation 1770/1790 visual_cognitive_motivation__S15__prefrontal__montage1__P2__Hfull completed
evaluation 1771/1790 visual_cognitive_motivation__S15__posterior__montage0__P2__N0 completed
evaluation 1772/1790 visual_cognitive_motivation__S15__prefrontal__montage1__P3__Hfull completed
evaluation 1773/1790 visual_cognitive_motivation__S15__posterior__montage0__P3__N0 completed
evaluation 1774/1790 visual_cognitive_motivation__S15__prefrontal__montage0__P2__N0 completed
evaluation 1775/1790 visual_cognitive_motivation__S15__prefrontal__montage1__P1_beta__Hfull completed
evaluation 1776/1790 visual_cognitive_motivation__S15__prefrontal__montage0__P3__N0 completed
evaluation 1777/1790 visual_cognitive_motivation__S15__prefrontal__montage0__P3__Hselected completed
evaluation 1778/1790 visual_cognitive_motivation__S15__posterior__montage1__P2__N0 completed
evaluation 1779/1790 visual_cognitive_motivation__S15__posterior__montage1__P3__N0 completed
evaluation 1780/1790 visual_cognitive_motivation__S15__prefrontal__montage0__P1_beta__N0 completed
evaluation 1781/1790 visual_cognitive_motivation__S15__posterior__montage1__P3__Hselected completed
evaluation 1782/1790 visual_cognitive_motivation__S15__posterior__montage1__P1_beta__N0 completed
evaluation 1783/1790 visual_cognitive_motivation__S15__prefrontal__montage1__P2__N0 completed
evaluation 1784/1790 visual_cognitive_motivation__S15__prefrontal__montage0__P1_tau__N0 completed
evaluation 1785/1790 visual_cognitive_motivation__S15__prefrontal__montage1__P3__N0 completed
evaluation 1786/1790 visual_cognitive_motivation__S14__prefrontal__montage0__P3__Hselected completed
evaluation 1787/1790 visual_cognitive_motivation__S15__prefrontal__montage1__P3__Hselected completed
evaluation 1788/1790 visual_cognitive_motivation__S15__prefrontal__montage1__P1_beta__N0 completed
evaluation 1789/1790 visual_cognitive_motivation__S15__prefrontal__montage1__P1_tau__N0 completed
evaluation 1790/1790 visual_cognitive_motivation__S14__prefrontal__montage0__P2__N0 completed
synthetic_selected_training_samples 1/24 P3__l0__s37 completed
synthetic_selected_training_samples 2/24 P3__l0__s38 completed
synthetic_selected_training_samples 3/24 P3__l0__s34 completed
synthetic_selected_training_samples 4/24 P3__l1__s38 completed
synthetic_selected_training_samples 5/24 P3__l0__s35 completed
synthetic_selected_training_samples 6/24 P3__l0__s39 completed
synthetic_selected_training_samples 7/24 P3__l0__s32 completed
synthetic_selected_training_samples 8/24 P3__l0__s33 completed
synthetic_selected_training_samples 9/24 P3__l2__s35 completed
synthetic_selected_training_samples 10/24 P3__l1__s32 completed
synthetic_selected_training_samples 11/24 P3__l0__s36 completed
synthetic_selected_training_samples 12/24 P3__l1__s33 completed
synthetic_selected_training_samples 13/24 P3__l1__s37 completed
synthetic_selected_training_samples 14/24 P3__l1__s35 completed
synthetic_selected_training_samples 15/24 P3__l2__s33 completed
synthetic_selected_training_samples 16/24 P3__l1__s39 completed
synthetic_selected_training_samples 17/24 P3__l2__s38 completed
synthetic_selected_training_samples 18/24 P3__l1__s36 completed
synthetic_selected_training_samples 19/24 P3__l2__s39 completed
synthetic_selected_training_samples 20/24 P3__l2__s36 completed
synthetic_selected_training_samples 21/24 P3__l1__s34 completed
synthetic_selected_training_samples 22/24 P3__l2__s34 completed
synthetic_selected_training_samples 23/24 P3__l2__s32 completed
synthetic_selected_training_samples 24/24 P3__l2__s37 completed
synthetic_selected_training 1/3 P3__l0 completed
synthetic_selected_training 2/3 P3__l1 completed
synthetic_selected_training 3/3 P3__l2 completed
synthetic_selected 1/288 P3__l1__s03__H0.25_C0a generation_unavailable
synthetic_selected 2/288 P3__l0__s18__H0.25_C0a completed
synthetic_selected 3/288 P3__l0__s13__H0.25_C0a completed
synthetic_selected 4/288 P3__l1__s15__H0.25_C0a completed
synthetic_selected 5/288 P3__l0__s07__H0.25_C0a completed
synthetic_selected 6/288 P3__l0__s19__H0.25_C0a completed
synthetic_selected 7/288 P3__l0__s17__H0.25_C0a completed
synthetic_selected 8/288 P3__l0__s06__H0.25_C0a completed
synthetic_selected 9/288 P3__l0__s11__H0.25_C0a completed
synthetic_selected 10/288 P3__l1__s14__H0.25_C0a completed
synthetic_selected 11/288 P3__l0__s12__H0.25_C0a completed
synthetic_selected 12/288 P3__l0__s25__H0.25_C0a completed
synthetic_selected 13/288 P3__l0__s05__H0.25_C0a completed
synthetic_selected 14/288 P3__l0__s03__H0.25_C0a completed
synthetic_selected 15/288 P3__l1__s06__H0.25_C0a completed
synthetic_selected 16/288 P3__l0__s04__H0.25_C0a completed
synthetic_selected 17/288 P3__l1__s09__H0.25_C0a completed
synthetic_selected 18/288 P3__l0__s01__H0.25_C0a completed
synthetic_selected 19/288 P3__l1__s08__H0.25_C0a completed
synthetic_selected 20/288 P3__l0__s30__H0.25_C0a completed
synthetic_selected 21/288 P3__l2__s03__H0.25_C0a generation_unavailable
synthetic_selected 22/288 P3__l0__s23__H0.25_C0a completed
synthetic_selected 23/288 P3__l0__s26__H0.25_C0a completed
synthetic_selected 24/288 P3__l0__s29__H0.25_C0a completed
synthetic_selected 25/288 P3__l0__s20__H0.25_C0a completed
synthetic_selected 26/288 P3__l0__s02__H0.25_C0a completed
synthetic_selected 27/288 P3__l0__s31__H0.25_C0a completed
synthetic_selected 28/288 P3__l0__s08__H0.25_C0a completed
synthetic_selected 29/288 P3__l1__s07__H0.25_C0a completed
synthetic_selected 30/288 P3__l1__s04__H0.25_C0a completed
synthetic_selected 31/288 P3__l0__s00__H0.25_C0a completed
synthetic_selected 32/288 P3__l1__s10__H0.25_C0a completed
synthetic_selected 33/288 P3__l1__s11__H0.25_C0a completed
synthetic_selected 34/288 P3__l0__s10__H0.25_C0a completed
synthetic_selected 35/288 P3__l1__s05__H0.25_C0a completed
synthetic_selected 36/288 P3__l0__s28__H0.25_C0a completed
synthetic_selected 37/288 P3__l1__s16__H0.25_C0a completed
synthetic_selected 38/288 P3__l1__s00__H0.25_C0a completed
synthetic_selected 39/288 P3__l0__s21__H0.25_C0a completed
synthetic_selected 40/288 P3__l0__s16__H0.25_C0a completed
synthetic_selected 41/288 P3__l1__s01__H0.25_C0a completed
synthetic_selected 42/288 P3__l0__s22__H0.25_C0a completed
synthetic_selected 43/288 P3__l1__s12__H0.25_C0a completed
synthetic_selected 44/288 P3__l1__s13__H0.25_C0a completed
synthetic_selected 45/288 P3__l1__s02__H0.25_C0a completed
synthetic_selected 46/288 P3__l0__s09__H0.25_C0a completed
synthetic_selected 47/288 P3__l0__s27__H0.25_C0a completed
synthetic_selected 48/288 P3__l0__s14__H0.25_C0a completed
synthetic_selected 49/288 P3__l0__s24__H0.25_C0a completed
synthetic_selected 50/288 P3__l0__s15__H0.25_C0a completed
synthetic_selected 51/288 P3__l1__s20__H0.25_C0a completed
synthetic_selected 52/288 P3__l1__s18__H0.25_C0a completed
synthetic_selected 53/288 P3__l1__s17__H0.25_C0a completed
synthetic_selected 54/288 P3__l1__s27__H0.25_C0a completed
synthetic_selected 55/288 P3__l1__s19__H0.25_C0a completed
synthetic_selected 56/288 P3__l1__s23__H0.25_C0a completed
synthetic_selected 57/288 P3__l1__s29__H0.25_C0a completed
synthetic_selected 58/288 P3__l1__s28__H0.25_C0a completed
synthetic_selected 59/288 P3__l1__s21__H0.25_C0a completed
synthetic_selected 60/288 P3__l1__s31__H0.25_C0a completed
synthetic_selected 61/288 P3__l1__s30__H0.25_C0a completed
synthetic_selected 62/288 P3__l1__s26__H0.25_C0a completed
synthetic_selected 63/288 P3__l1__s24__H0.25_C0a completed
synthetic_selected 64/288 P3__l1__s25__H0.25_C0a completed
synthetic_selected 65/288 P3__l1__s22__H0.25_C0a completed
synthetic_selected 66/288 P3__l2__s05__H0.25_C0a completed
synthetic_selected 67/288 P3__l2__s07__H0.25_C0a completed
synthetic_selected 68/288 P3__l2__s15__H0.25_C0a completed
synthetic_selected 69/288 P3__l2__s09__H0.25_C0a completed
synthetic_selected 70/288 P3__l2__s06__H0.25_C0a completed
synthetic_selected 71/288 P3__l2__s12__H0.25_C0a completed
synthetic_selected 72/288 P3__l2__s13__H0.25_C0a completed
synthetic_selected 73/288 P3__l2__s10__H0.25_C0a completed
synthetic_selected 74/288 P3__l2__s00__H0.25_C0a completed
synthetic_selected 75/288 P3__l2__s14__H0.25_C0a completed
synthetic_selected 76/288 P3__l2__s18__H0.25_C0a completed
synthetic_selected 77/288 P3__l2__s04__H0.25_C0a completed
synthetic_selected 78/288 P3__l2__s16__H0.25_C0a completed
synthetic_selected 79/288 P3__l2__s17__H0.25_C0a completed
synthetic_selected 80/288 P3__l2__s11__H0.25_C0a completed
synthetic_selected 81/288 P3__l2__s08__H0.25_C0a completed
synthetic_selected 82/288 P3__l2__s24__H0.25_C0a completed
synthetic_selected 83/288 P3__l2__s19__H0.25_C0a completed
synthetic_selected 84/288 P3__l2__s21__H0.25_C0a completed
synthetic_selected 85/288 P3__l1__s03__H1_C0a generation_unavailable
synthetic_selected 86/288 P3__l2__s23__H0.25_C0a completed
synthetic_selected 87/288 P3__l2__s22__H0.25_C0a completed
synthetic_selected 88/288 P3__l2__s01__H0.25_C0a completed
synthetic_selected 89/288 P3__l2__s20__H0.25_C0a completed
synthetic_selected 90/288 P3__l2__s25__H0.25_C0a completed
synthetic_selected 91/288 P3__l2__s27__H0.25_C0a completed
synthetic_selected 92/288 P3__l2__s02__H0.25_C0a completed
synthetic_selected 93/288 P3__l2__s28__H0.25_C0a completed
synthetic_selected 94/288 P3__l2__s26__H0.25_C0a completed
synthetic_selected 95/288 P3__l2__s31__H0.25_C0a completed
synthetic_selected 96/288 P3__l2__s30__H0.25_C0a completed
synthetic_selected 97/288 P3__l0__s00__H1_C0a completed
synthetic_selected 98/288 P3__l2__s29__H0.25_C0a completed
synthetic_selected 99/288 P3__l0__s01__H1_C0a completed
synthetic_selected 100/288 P3__l0__s02__H1_C0a completed
synthetic_selected 101/288 P3__l0__s05__H1_C0a completed
synthetic_selected 102/288 P3__l0__s04__H1_C0a completed
synthetic_selected 103/288 P3__l0__s03__H1_C0a completed
synthetic_selected 104/288 P3__l0__s09__H1_C0a completed
synthetic_selected 105/288 P3__l0__s06__H1_C0a completed
synthetic_selected 106/288 P3__l0__s08__H1_C0a completed
synthetic_selected 107/288 P3__l0__s11__H1_C0a completed
synthetic_selected 108/288 P3__l0__s10__H1_C0a completed
synthetic_selected 109/288 P3__l0__s18__H1_C0a completed
synthetic_selected 110/288 P3__l0__s07__H1_C0a completed
synthetic_selected 111/288 P3__l0__s21__H1_C0a completed
synthetic_selected 112/288 P3__l0__s19__H1_C0a completed
synthetic_selected 113/288 P3__l0__s15__H1_C0a completed
synthetic_selected 114/288 P3__l0__s12__H1_C0a completed
synthetic_selected 115/288 P3__l0__s13__H1_C0a completed
synthetic_selected 116/288 P3__l0__s24__H1_C0a completed
synthetic_selected 117/288 P3__l2__s03__H1_C0a generation_unavailable
synthetic_selected 118/288 P3__l0__s23__H1_C0a completed
synthetic_selected 119/288 P3__l0__s14__H1_C0a completed
synthetic_selected 120/288 P3__l0__s22__H1_C0a completed
synthetic_selected 121/288 P3__l0__s25__H1_C0a completed
synthetic_selected 122/288 P3__l0__s27__H1_C0a completed
synthetic_selected 123/288 P3__l0__s26__H1_C0a completed
synthetic_selected 124/288 P3__l0__s16__H1_C0a completed
synthetic_selected 125/288 P3__l0__s31__H1_C0a completed
synthetic_selected 126/288 P3__l0__s20__H1_C0a completed
synthetic_selected 127/288 P3__l0__s29__H1_C0a completed
synthetic_selected 128/288 P3__l0__s30__H1_C0a completed
synthetic_selected 129/288 P3__l1__s05__H1_C0a completed
synthetic_selected 130/288 P3__l0__s17__H1_C0a completed
synthetic_selected 131/288 P3__l0__s28__H1_C0a completed
synthetic_selected 132/288 P3__l1__s06__H1_C0a completed
synthetic_selected 133/288 P3__l1__s04__H1_C0a completed
synthetic_selected 134/288 P3__l1__s00__H1_C0a completed
synthetic_selected 135/288 P3__l1__s07__H1_C0a completed
synthetic_selected 136/288 P3__l1__s01__H1_C0a completed
synthetic_selected 137/288 P3__l1__s10__H1_C0a completed
synthetic_selected 138/288 P3__l1__s08__H1_C0a completed
synthetic_selected 139/288 P3__l1__s12__H1_C0a completed
synthetic_selected 140/288 P3__l1__s09__H1_C0a completed
synthetic_selected 141/288 P3__l1__s14__H1_C0a completed
synthetic_selected 142/288 P3__l1__s13__H1_C0a completed
synthetic_selected 143/288 P3__l1__s11__H1_C0a completed
synthetic_selected 144/288 P3__l1__s15__H1_C0a completed
synthetic_selected 145/288 P3__l1__s16__H1_C0a completed
synthetic_selected 146/288 P3__l1__s02__H1_C0a completed
synthetic_selected 147/288 P3__l1__s17__H1_C0a completed
synthetic_selected 148/288 P3__l1__s18__H1_C0a completed
synthetic_selected 149/288 P3__l1__s23__H1_C0a completed
synthetic_selected 150/288 P3__l1__s20__H1_C0a completed
synthetic_selected 151/288 P3__l1__s19__H1_C0a completed
synthetic_selected 152/288 P3__l1__s26__H1_C0a completed
synthetic_selected 153/288 P3__l1__s27__H1_C0a completed
synthetic_selected 154/288 P3__l1__s25__H1_C0a completed
synthetic_selected 155/288 P3__l1__s21__H1_C0a completed
synthetic_selected 156/288 P3__l1__s30__H1_C0a completed
synthetic_selected 157/288 P3__l1__s22__H1_C0a completed
synthetic_selected 158/288 P3__l1__s28__H1_C0a completed
synthetic_selected 159/288 P3__l1__s29__H1_C0a completed
synthetic_selected 160/288 P3__l1__s24__H1_C0a completed
synthetic_selected 161/288 P3__l1__s31__H1_C0a completed
synthetic_selected 162/288 P3__l2__s09__H1_C0a completed
synthetic_selected 163/288 P3__l2__s00__H1_C0a completed
synthetic_selected 164/288 P3__l2__s05__H1_C0a completed
synthetic_selected 165/288 P3__l2__s06__H1_C0a completed
synthetic_selected 166/288 P3__l2__s04__H1_C0a completed
synthetic_selected 167/288 P3__l2__s12__H1_C0a completed
synthetic_selected 168/288 P3__l2__s07__H1_C0a completed
synthetic_selected 169/288 P3__l2__s10__H1_C0a completed
synthetic_selected 170/288 P3__l2__s15__H1_C0a completed
synthetic_selected 171/288 P3__l2__s13__H1_C0a completed
synthetic_selected 172/288 P3__l2__s16__H1_C0a completed
synthetic_selected 173/288 P3__l2__s14__H1_C0a completed
synthetic_selected 174/288 P3__l2__s19__H1_C0a completed
synthetic_selected 175/288 P3__l2__s11__H1_C0a completed
synthetic_selected 176/288 P3__l2__s17__H1_C0a completed
synthetic_selected 177/288 P3__l2__s08__H1_C0a completed
synthetic_selected 178/288 P3__l2__s01__H1_C0a completed
synthetic_selected 179/288 P3__l2__s21__H1_C0a completed
synthetic_selected 180/288 P3__l2__s24__H1_C0a completed
synthetic_selected 181/288 P3__l1__s03__H4_C0a generation_unavailable
synthetic_selected 182/288 P3__l2__s18__H1_C0a completed
synthetic_selected 183/288 P3__l2__s22__H1_C0a completed
synthetic_selected 184/288 P3__l2__s26__H1_C0a completed
synthetic_selected 185/288 P3__l2__s23__H1_C0a completed
synthetic_selected 186/288 P3__l2__s02__H1_C0a completed
synthetic_selected 187/288 P3__l2__s20__H1_C0a completed
synthetic_selected 188/288 P3__l2__s29__H1_C0a completed
synthetic_selected 189/288 P3__l0__s00__H4_C0a completed
synthetic_selected 190/288 P3__l2__s25__H1_C0a completed
synthetic_selected 191/288 P3__l2__s28__H1_C0a completed
synthetic_selected 192/288 P3__l0__s02__H4_C0a completed
synthetic_selected 193/288 P3__l2__s31__H1_C0a completed
synthetic_selected 194/288 P3__l0__s03__H4_C0a completed
synthetic_selected 195/288 P3__l0__s01__H4_C0a completed
synthetic_selected 196/288 P3__l2__s27__H1_C0a completed
synthetic_selected 197/288 P3__l2__s30__H1_C0a completed
synthetic_selected 198/288 P3__l0__s04__H4_C0a completed
synthetic_selected 199/288 P3__l0__s07__H4_C0a completed
synthetic_selected 200/288 P3__l0__s09__H4_C0a completed
synthetic_selected 201/288 P3__l0__s11__H4_C0a completed
synthetic_selected 202/288 P3__l0__s13__H4_C0a completed
synthetic_selected 203/288 P3__l0__s06__H4_C0a completed
synthetic_selected 204/288 P3__l0__s05__H4_C0a completed
synthetic_selected 205/288 P3__l0__s08__H4_C0a completed
synthetic_selected 206/288 P3__l0__s10__H4_C0a completed
synthetic_selected 207/288 P3__l0__s12__H4_C0a completed
synthetic_selected 208/288 P3__l0__s14__H4_C0a completed
synthetic_selected 209/288 P3__l0__s15__H4_C0a completed
synthetic_selected 210/288 P3__l0__s17__H4_C0a completed
synthetic_selected 211/288 P3__l0__s21__H4_C0a completed
synthetic_selected 212/288 P3__l0__s24__H4_C0a completed
synthetic_selected 213/288 P3__l2__s03__H4_C0a generation_unavailable
synthetic_selected 214/288 P3__l0__s18__H4_C0a completed
synthetic_selected 215/288 P3__l0__s27__H4_C0a completed
synthetic_selected 216/288 P3__l0__s20__H4_C0a completed
synthetic_selected 217/288 P3__l0__s22__H4_C0a completed
synthetic_selected 218/288 P3__l0__s23__H4_C0a completed
synthetic_selected 219/288 P3__l0__s28__H4_C0a completed
synthetic_selected 220/288 P3__l0__s29__H4_C0a completed
synthetic_selected 221/288 P3__l0__s16__H4_C0a completed
synthetic_selected 222/288 P3__l0__s25__H4_C0a completed
synthetic_selected 223/288 P3__l0__s19__H4_C0a completed
synthetic_selected 224/288 P3__l0__s26__H4_C0a completed
synthetic_selected 225/288 P3__l0__s31__H4_C0a completed
synthetic_selected 226/288 P3__l0__s30__H4_C0a completed
synthetic_selected 227/288 P3__l1__s04__H4_C0a completed
synthetic_selected 228/288 P3__l1__s00__H4_C0a completed
synthetic_selected 229/288 P3__l1__s05__H4_C0a completed
synthetic_selected 230/288 P3__l1__s07__H4_C0a completed
synthetic_selected 231/288 P3__l1__s06__H4_C0a completed
synthetic_selected 232/288 P3__l1__s11__H4_C0a completed
synthetic_selected 233/288 P3__l1__s12__H4_C0a completed
synthetic_selected 234/288 P3__l1__s08__H4_C0a completed
synthetic_selected 235/288 P3__l1__s01__H4_C0a completed
synthetic_selected 236/288 P3__l1__s09__H4_C0a completed
synthetic_selected 237/288 P3__l1__s10__H4_C0a completed
synthetic_selected 238/288 P3__l1__s02__H4_C0a completed
synthetic_selected 239/288 P3__l1__s14__H4_C0a completed
synthetic_selected 240/288 P3__l1__s15__H4_C0a completed
synthetic_selected 241/288 P3__l1__s13__H4_C0a completed
synthetic_selected 242/288 P3__l1__s16__H4_C0a completed
synthetic_selected 243/288 P3__l1__s17__H4_C0a completed
synthetic_selected 244/288 P3__l1__s19__H4_C0a completed
synthetic_selected 245/288 P3__l1__s18__H4_C0a completed
synthetic_selected 246/288 P3__l1__s20__H4_C0a completed
synthetic_selected 247/288 P3__l1__s21__H4_C0a completed
synthetic_selected 248/288 P3__l1__s23__H4_C0a completed
synthetic_selected 249/288 P3__l1__s22__H4_C0a completed
synthetic_selected 250/288 P3__l1__s25__H4_C0a completed
synthetic_selected 251/288 P3__l1__s24__H4_C0a completed
synthetic_selected 252/288 P3__l1__s27__H4_C0a completed
synthetic_selected 253/288 P3__l1__s30__H4_C0a completed
synthetic_selected 254/288 P3__l1__s29__H4_C0a completed
synthetic_selected 255/288 P3__l1__s28__H4_C0a completed
synthetic_selected 256/288 P3__l1__s31__H4_C0a completed
synthetic_selected 257/288 P3__l1__s26__H4_C0a completed
synthetic_selected 258/288 P3__l2__s06__H4_C0a completed
synthetic_selected 259/288 P3__l2__s00__H4_C0a completed
synthetic_selected 260/288 P3__l2__s05__H4_C0a completed
synthetic_selected 261/288 P3__l2__s04__H4_C0a completed
synthetic_selected 262/288 P3__l2__s09__H4_C0a completed
synthetic_selected 263/288 P3__l2__s07__H4_C0a completed
synthetic_selected 264/288 P3__l2__s10__H4_C0a completed
synthetic_selected 265/288 P3__l2__s13__H4_C0a completed
synthetic_selected 266/288 P3__l2__s01__H4_C0a completed
synthetic_selected 267/288 P3__l2__s11__H4_C0a completed
synthetic_selected 268/288 P3__l2__s15__H4_C0a completed
synthetic_selected 269/288 P3__l2__s16__H4_C0a completed
synthetic_selected 270/288 P3__l2__s18__H4_C0a completed
synthetic_selected 271/288 P3__l2__s12__H4_C0a completed
synthetic_selected 272/288 P3__l2__s02__H4_C0a completed
synthetic_selected 273/288 P3__l2__s17__H4_C0a completed
synthetic_selected 274/288 P3__l2__s08__H4_C0a completed
synthetic_selected 275/288 P3__l2__s24__H4_C0a completed
synthetic_selected 276/288 P3__l2__s19__H4_C0a completed
synthetic_selected 277/288 P3__l2__s29__H4_C0a completed
synthetic_selected 278/288 P3__l2__s23__H4_C0a completed
synthetic_selected 279/288 P3__l2__s14__H4_C0a completed
synthetic_selected 280/288 P3__l2__s21__H4_C0a completed
synthetic_selected 281/288 P3__l2__s31__H4_C0a completed
synthetic_selected 282/288 P3__l2__s22__H4_C0a completed
synthetic_selected 283/288 P3__l2__s26__H4_C0a completed
synthetic_selected 284/288 P3__l2__s25__H4_C0a completed
synthetic_selected 285/288 P3__l2__s28__H4_C0a completed
synthetic_selected 286/288 P3__l2__s20__H4_C0a completed
synthetic_selected 287/288 P3__l2__s30__H4_C0a completed
synthetic_selected 288/288 P3__l2__s27__H4_C0a completed
verify 1/3968 development__eeg_fnirs_single_trial__subject_11__prefrontal__P0__N0 completed
verify 2/3968 development__eeg_fnirs_single_trial__subject_08__posterior__P3__N0 completed
verify 3/3968 development__eeg_fnirs_single_trial__subject_05__prefrontal__P1_tau__N0 completed
verify 4/3968 development__eeg_fnirs_single_trial__subject_05__posterior__P2__N0 completed
verify 5/3968 development__eeg_fnirs_single_trial__subject_08__motor__P1_beta__N0 completed
verify 6/3968 development__eeg_fnirs_single_trial__subject_08__posterior__P0__N0 completed
verify 7/3968 development__eeg_fnirs_single_trial__subject_11__prefrontal__P3__N0 completed
verify 8/3968 development__eeg_fnirs_single_trial__subject_08__motor__P2__N0 completed
verify 9/3968 development__eeg_fnirs_single_trial__subject_19__motor__P3__N0 completed
verify 10/3968 development__eeg_fnirs_single_trial__subject_19__prefrontal__P0__N0 completed
verify 11/3968 development__eeg_fnirs_single_trial__subject_19__posterior__P0__N0 completed
verify 12/3968 development__eeg_fnirs_single_trial__subject_19__posterior__P1_beta__N0 completed
verify 13/3968 development__eeg_fnirs_single_trial__subject_19__motor__P2__N0 completed
verify 14/3968 development__eeg_fnirs_single_trial__subject_19__posterior__P1_tau__N0 completed
verify 15/3968 development__eeg_fnirs_single_trial__subject_19__posterior__P2__N0 completed
verify 16/3968 development__eeg_fnirs_single_trial__subject_19__prefrontal__P3__N0 completed
verify 17/3968 development__eeg_fnirs_single_trial__subject_24__motor__P0__N0 completed
verify 18/3968 development__eeg_fnirs_single_trial__subject_19__prefrontal__P2__N0 completed
verify 19/3968 development__eeg_fnirs_single_trial__subject_19__prefrontal__P1_beta__N0 completed
verify 20/3968 development__eeg_fnirs_single_trial__subject_24__motor__P1_beta__N0 completed
verify 21/3968 development__eeg_fnirs_single_trial__subject_19__prefrontal__P1_tau__N0 completed
verify 22/3968 development__eeg_fnirs_single_trial__subject_24__motor__P1_tau__N0 completed
verify 23/3968 development__eeg_fnirs_single_trial__subject_19__posterior__P3__N0 completed
verify 24/3968 development__eeg_fnirs_single_trial__subject_24__posterior__P2__N0 completed
verify 25/3968 development__eeg_fnirs_single_trial__subject_24__posterior__P1_beta__N0 completed
verify 26/3968 development__eeg_fnirs_single_trial__subject_24__motor__P3__N0 completed
verify 27/3968 development__eeg_fnirs_single_trial__subject_24__posterior__P1_tau__N0 completed
verify 28/3968 development__eeg_fnirs_single_trial__subject_24__posterior__P0__N0 completed
verify 29/3968 development__eeg_fnirs_single_trial__subject_24__posterior__P3__N0 completed
verify 30/3968 development__eeg_fnirs_single_trial__subject_24__prefrontal__P0__N0 completed
verify 31/3968 development__eeg_fnirs_single_trial__subject_24__motor__P2__N0 completed
verify 32/3968 development__eeg_fnirs_single_trial__subject_28__motor__P1_tau__N0 completed
verify 33/3968 development__eeg_fnirs_single_trial__subject_24__prefrontal__P1_tau__N0 completed
verify 34/3968 development__eeg_fnirs_single_trial__subject_28__motor__P0__N0 completed
verify 35/3968 development__eeg_fnirs_single_trial__subject_28__motor__P2__N0 completed
verify 36/3968 development__eeg_fnirs_single_trial__subject_24__prefrontal__P3__N0 completed
verify 37/3968 development__eeg_fnirs_single_trial__subject_28__motor__P1_beta__N0 completed
verify 38/3968 development__eeg_fnirs_single_trial__subject_24__prefrontal__P2__N0 completed
verify 39/3968 development__eeg_fnirs_single_trial__subject_24__prefrontal__P1_beta__N0 completed
verify 40/3968 development__eeg_fnirs_single_trial__subject_28__prefrontal__P1_beta__N0 completed
verify 41/3968 development__eeg_fnirs_single_trial__subject_28__motor__P3__N0 completed
verify 42/3968 development__eeg_fnirs_single_trial__subject_28__posterior__P3__N0 completed
verify 43/3968 development__eeg_fnirs_single_trial__subject_28__posterior__P1_beta__N0 completed
verify 44/3968 development__eeg_fnirs_single_trial__subject_28__prefrontal__P0__N0 completed
verify 45/3968 development__eeg_fnirs_single_trial__subject_28__posterior__P0__N0 completed
verify 46/3968 development__eeg_fnirs_single_trial__subject_28__posterior__P1_tau__N0 completed
verify 47/3968 development__eeg_fnirs_single_trial__subject_28__posterior__P2__N0 completed
verify 48/3968 development__simultaneous_eeg_nirs__VP003__motor__P1_tau__N0 completed
verify 49/3968 development__simultaneous_eeg_nirs__VP003__motor__P2__N0 completed
verify 50/3968 development__eeg_fnirs_single_trial__subject_28__prefrontal__P2__N0 completed
verify 51/3968 development__simultaneous_eeg_nirs__VP003__motor__P1_beta__N0 completed
verify 52/3968 development__eeg_fnirs_single_trial__subject_28__prefrontal__P3__N0 completed
verify 53/3968 development__eeg_fnirs_single_trial__subject_28__prefrontal__P1_tau__N0 completed
verify 54/3968 development__simultaneous_eeg_nirs__VP003__motor__P0__N0 completed
verify 55/3968 development__simultaneous_eeg_nirs__VP003__motor__P3__N0 completed
verify 56/3968 development__simultaneous_eeg_nirs__VP003__prefrontal__P0__N0 completed
verify 57/3968 development__simultaneous_eeg_nirs__VP003__posterior__P1_beta__N0 completed
verify 58/3968 development__simultaneous_eeg_nirs__VP003__prefrontal__P1_beta__N0 completed
verify 59/3968 development__simultaneous_eeg_nirs__VP003__posterior__P0__N0 completed
verify 60/3968 development__simultaneous_eeg_nirs__VP003__posterior__P3__N0 completed
verify 61/3968 development__simultaneous_eeg_nirs__VP003__posterior__P2__N0 completed
verify 62/3968 development__simultaneous_eeg_nirs__VP003__posterior__P1_tau__N0 completed
verify 63/3968 development__simultaneous_eeg_nirs__VP003__prefrontal__P1_tau__N0 completed
verify 64/3968 development__simultaneous_eeg_nirs__VP006__motor__P3__N0 completed
verify 65/3968 development__simultaneous_eeg_nirs__VP003__prefrontal__P3__N0 completed
verify 66/3968 development__simultaneous_eeg_nirs__VP006__motor__P2__N0 completed
verify 67/3968 development__simultaneous_eeg_nirs__VP006__motor__P1_beta__N0 completed
verify 68/3968 development__simultaneous_eeg_nirs__VP006__motor__P0__N0 completed
verify 69/3968 development__simultaneous_eeg_nirs__VP006__motor__P1_tau__N0 completed
verify 70/3968 development__simultaneous_eeg_nirs__VP003__prefrontal__P2__N0 completed
verify 71/3968 development__simultaneous_eeg_nirs__VP006__posterior__P0__N0 completed
verify 72/3968 development__simultaneous_eeg_nirs__VP006__prefrontal__P1_tau__N0 completed
verify 73/3968 development__simultaneous_eeg_nirs__VP006__posterior__P2__N0 completed
verify 74/3968 development__simultaneous_eeg_nirs__VP006__posterior__P3__N0 completed
verify 75/3968 development__simultaneous_eeg_nirs__VP006__prefrontal__P0__N0 completed
verify 76/3968 development__eeg_fnirs_single_trial__subject_05__motor__P1_tau__N0 completed
verify 77/3968 development__simultaneous_eeg_nirs__VP006__posterior__P1_beta__N0 completed
verify 78/3968 development__simultaneous_eeg_nirs__VP006__posterior__P1_tau__N0 completed
verify 79/3968 development__simultaneous_eeg_nirs__VP006__prefrontal__P2__N0 completed
verify 80/3968 development__simultaneous_eeg_nirs__VP006__prefrontal__P1_beta__N0 completed
verify 81/3968 development__simultaneous_eeg_nirs__VP009__posterior__P0__N0 completed
verify 82/3968 development__simultaneous_eeg_nirs__VP009__motor__P1_tau__N0 completed
verify 83/3968 development__simultaneous_eeg_nirs__VP009__motor__P0__N0 completed
verify 84/3968 development__simultaneous_eeg_nirs__VP009__motor__P2__N0 completed
verify 85/3968 development__simultaneous_eeg_nirs__VP009__motor__P3__N0 completed
verify 86/3968 development__simultaneous_eeg_nirs__VP006__prefrontal__P3__N0 completed
verify 87/3968 development__simultaneous_eeg_nirs__VP009__posterior__P1_beta__N0 completed
verify 88/3968 development__simultaneous_eeg_nirs__VP009__motor__P1_beta__N0 completed
verify 89/3968 development__simultaneous_eeg_nirs__VP009__posterior__P1_tau__N0 completed
verify 90/3968 development__eeg_fnirs_single_trial__subject_11__motor__P1_tau__N0 completed
verify 91/3968 development__eeg_fnirs_single_trial__subject_08__prefrontal__P1_beta__N0 completed
verify 92/3968 development__simultaneous_eeg_nirs__VP013__prefrontal__P2__N0 completed
verify 93/3968 development__simultaneous_eeg_nirs__VP009__prefrontal__P0__N0 completed
verify 94/3968 development__eeg_fnirs_single_trial__subject_05__motor__P2__N0 completed
verify 95/3968 development__simultaneous_eeg_nirs__VP009__posterior__P2__N0 completed
verify 96/3968 development__simultaneous_eeg_nirs__VP013__posterior__P2__N0 completed
verify 97/3968 development__simultaneous_eeg_nirs__VP013__motor__P2__N0 completed
verify 98/3968 development__simultaneous_eeg_nirs__VP019__motor__P2__N0 completed
verify 99/3968 development__simultaneous_eeg_nirs__VP013__posterior__P0__N0 completed
verify 100/3968 development__simultaneous_eeg_nirs__VP013__motor__P3__N0 completed
verify 101/3968 development__simultaneous_eeg_nirs__VP013__prefrontal__P1_beta__N0 completed
verify 102/3968 development__simultaneous_eeg_nirs__VP009__prefrontal__P3__N0 completed
verify 103/3968 development__simultaneous_eeg_nirs__VP009__prefrontal__P1_beta__N0 completed
verify 104/3968 development__eeg_fnirs_single_trial__subject_11__posterior__P1_beta__N0 completed
verify 105/3968 development__simultaneous_eeg_nirs__VP009__prefrontal__P1_tau__N0 completed
verify 106/3968 development__eeg_fnirs_single_trial__subject_08__prefrontal__P3__N0 completed
verify 107/3968 development__eeg_fnirs_single_trial__subject_08__motor__P3__N0 completed
verify 108/3968 development__simultaneous_eeg_nirs__VP013__motor__P1_tau__N0 completed
verify 109/3968 development__simultaneous_eeg_nirs__VP013__motor__P1_beta__N0 completed
verify 110/3968 development__eeg_fnirs_single_trial__subject_05__motor__P3__N0 completed
verify 111/3968 development__eeg_fnirs_single_trial__subject_08__motor__P1_tau__N0 completed
verify 112/3968 development__simultaneous_eeg_nirs__VP013__posterior__P1_beta__N0 completed
verify 113/3968 development__simultaneous_eeg_nirs__VP013__motor__P0__N0 completed
verify 114/3968 development__eeg_fnirs_single_trial__subject_08__prefrontal__P0__N0 completed
verify 115/3968 development__simultaneous_eeg_nirs__VP009__prefrontal__P2__N0 completed
verify 116/3968 development__simultaneous_eeg_nirs__VP013__posterior__P1_tau__N0 completed
verify 117/3968 development__simultaneous_eeg_nirs__VP009__posterior__P3__N0 completed
verify 118/3968 development__simultaneous_eeg_nirs__VP013__prefrontal__P0__N0 completed
verify 119/3968 development__eeg_fnirs_single_trial__subject_08__posterior__P1_tau__N0 completed
verify 120/3968 development__simultaneous_eeg_nirs__VP013__posterior__P3__N0 completed
verify 121/3968 development__visual_cognitive_motivation__S01__prefrontal__montage1__P0__N0 completed
verify 122/3968 development__visual_cognitive_motivation__S01__motor__P3__N0 completed
verify 123/3968 development__simultaneous_eeg_nirs__VP019__motor__P0__N0 completed
verify 124/3968 development__visual_cognitive_motivation__S01__prefrontal__montage0__P3__N0 completed
verify 125/3968 development__simultaneous_eeg_nirs__VP020__posterior__P2__N0 completed
verify 126/3968 development__visual_cognitive_motivation__S01__posterior__montage1__P1_beta__N0 completed
verify 127/3968 development__simultaneous_eeg_nirs__VP020__motor__P1_tau__N0 completed
verify 128/3968 development__eeg_fnirs_single_trial__subject_11__posterior__P1_tau__N0 completed
verify 129/3968 development__visual_cognitive_motivation__S01__posterior__montage1__P3__N0 completed
verify 130/3968 development__visual_cognitive_motivation__S03__motor__P0__N0 completed
verify 131/3968 development__simultaneous_eeg_nirs__VP020__prefrontal__P1_tau__N0 completed
verify 132/3968 development__visual_cognitive_motivation__S01__prefrontal__montage0__P2__N0 completed
verify 133/3968 development__visual_cognitive_motivation__S01__prefrontal__montage1__P3__N0 completed
verify 134/3968 development__simultaneous_eeg_nirs__VP020__posterior__P1_tau__N0 completed
verify 135/3968 development__visual_cognitive_motivation__S01__motor__P1_tau__N0 completed
verify 136/3968 development__visual_cognitive_motivation__S01__posterior__montage1__P1_tau__N0 completed
verify 137/3968 development__simultaneous_eeg_nirs__VP020__motor__P0__N0 completed
verify 138/3968 development__simultaneous_eeg_nirs__VP020__prefrontal__P2__N0 completed
verify 139/3968 development__simultaneous_eeg_nirs__VP019__prefrontal__P1_tau__N0 completed
verify 140/3968 development__simultaneous_eeg_nirs__VP019__prefrontal__P3__N0 completed
verify 141/3968 development__visual_cognitive_motivation__S01__prefrontal__montage0__P0__N0 completed
verify 142/3968 development__simultaneous_eeg_nirs__VP019__posterior__P3__N0 completed
verify 143/3968 development__simultaneous_eeg_nirs__VP019__motor__P1_beta__N0 completed
verify 144/3968 development__simultaneous_eeg_nirs__VP019__posterior__P1_beta__N0 completed
verify 145/3968 development__visual_cognitive_motivation__S01__posterior__montage1__P2__N0 completed
verify 146/3968 development__visual_cognitive_motivation__S01__prefrontal__montage1__P2__N0 completed
verify 147/3968 development__visual_cognitive_motivation__S01__posterior__montage0__P2__N0 completed
verify 148/3968 development__simultaneous_eeg_nirs__VP019__motor__P3__N0 completed
verify 149/3968 development__simultaneous_eeg_nirs__VP019__posterior__P0__N0 completed
verify 150/3968 development__simultaneous_eeg_nirs__VP013__prefrontal__P1_tau__N0 completed
verify 151/3968 development__simultaneous_eeg_nirs__VP019__prefrontal__P0__N0 completed
verify 152/3968 development__simultaneous_eeg_nirs__VP019__motor__P1_tau__N0 completed
verify 153/3968 development__simultaneous_eeg_nirs__VP020__posterior__P0__N0 completed
verify 154/3968 development__visual_cognitive_motivation__S01__prefrontal__montage0__P1_beta__N0 completed
verify 155/3968 development__visual_cognitive_motivation__S01__prefrontal__montage1__P1_beta__N0 completed
verify 156/3968 development__simultaneous_eeg_nirs__VP020__prefrontal__P3__N0 completed
verify 157/3968 development__simultaneous_eeg_nirs__VP020__posterior__P1_beta__N0 completed
verify 158/3968 development__simultaneous_eeg_nirs__VP020__motor__P1_beta__N0 completed
verify 159/3968 development__visual_cognitive_motivation__S01__posterior__montage0__P0__N0 completed
verify 160/3968 development__simultaneous_eeg_nirs__VP020__posterior__P3__N0 completed
verify 161/3968 development__visual_cognitive_motivation__S01__prefrontal__montage1__P1_tau__N0 completed
verify 162/3968 development__visual_cognitive_motivation__S03__motor__P1_beta__N0 completed
verify 163/3968 development__visual_cognitive_motivation__S01__posterior__montage0__P1_tau__N0 completed
verify 164/3968 development__simultaneous_eeg_nirs__VP019__prefrontal__P2__N0 completed
verify 165/3968 development__visual_cognitive_motivation__S01__motor__P2__N0 completed
verify 166/3968 development__simultaneous_eeg_nirs__VP020__prefrontal__P0__N0 completed
verify 167/3968 development__visual_cognitive_motivation__S01__motor__P1_beta__N0 completed
verify 168/3968 development__visual_cognitive_motivation__S01__prefrontal__montage0__P1_tau__N0 completed
verify 169/3968 development__visual_cognitive_motivation__S01__posterior__montage0__P1_beta__N0 completed
verify 170/3968 development__simultaneous_eeg_nirs__VP019__posterior__P2__N0 completed
verify 171/3968 development__eeg_fnirs_single_trial__subject_05__posterior__P1_beta__N0 completed
verify 172/3968 development__simultaneous_eeg_nirs__VP020__prefrontal__P1_beta__N0 completed
verify 173/3968 development__visual_cognitive_motivation__S01__posterior__montage1__P0__N0 completed
verify 174/3968 development__visual_cognitive_motivation__S01__motor__P0__N0 completed
verify 175/3968 development__simultaneous_eeg_nirs__VP019__posterior__P1_tau__N0 completed
verify 176/3968 development__simultaneous_eeg_nirs__VP013__prefrontal__P3__N0 completed
verify 177/3968 development__simultaneous_eeg_nirs__VP020__motor__P2__N0 completed
verify 178/3968 development__visual_cognitive_motivation__S01__posterior__montage0__P3__N0 completed
verify 179/3968 development__simultaneous_eeg_nirs__VP019__prefrontal__P1_beta__N0 completed
verify 180/3968 development__simultaneous_eeg_nirs__VP020__motor__P3__N0 completed
verify 181/3968 development__visual_cognitive_motivation__S06__posterior__montage0__P2__N0 completed
verify 182/3968 development__visual_cognitive_motivation__S05__posterior__montage1__P3__N0 completed
verify 183/3968 development__visual_cognitive_motivation__S05__motor__P1_beta__N0 completed
verify 184/3968 development__visual_cognitive_motivation__S06__posterior__montage0__P1_tau__N0 completed
verify 185/3968 development__eeg_fnirs_single_trial__subject_08__motor__P0__N0 completed
verify 186/3968 development__visual_cognitive_motivation__S05__posterior__montage1__P1_beta__N0 completed
verify 187/3968 development__eeg_fnirs_single_trial__subject_05__prefrontal__P2__N0 completed
verify 188/3968 development__visual_cognitive_motivation__S03__motor__P1_tau__N0 completed
verify 189/3968 development__visual_cognitive_motivation__S05__prefrontal__montage1__P1_tau__N0 completed
verify 190/3968 development__visual_cognitive_motivation__S05__prefrontal__montage0__P1_tau__N0 completed
verify 191/3968 development__eeg_fnirs_single_trial__subject_11__motor__P2__N0 completed
verify 192/3968 development__visual_cognitive_motivation__S05__posterior__montage0__P3__N0 completed
verify 193/3968 development__visual_cognitive_motivation__S06__posterior__montage1__P0__N0 completed
verify 194/3968 development__eeg_fnirs_single_trial__subject_11__prefrontal__P1_tau__N0 completed
verify 195/3968 development__eeg_fnirs_single_trial__subject_08__posterior__P1_beta__N0 completed
verify 196/3968 development__visual_cognitive_motivation__S03__prefrontal__montage1__P1_beta__N0 completed
verify 197/3968 development__eeg_fnirs_single_trial__subject_08__prefrontal__P2__N0 completed
verify 198/3968 development__eeg_fnirs_single_trial__subject_08__prefrontal__P1_tau__N0 completed
verify 199/3968 development__eeg_fnirs_single_trial__subject_05__motor__P1_beta__N0 completed
verify 200/3968 development__visual_cognitive_motivation__S05__prefrontal__montage1__P0__N0 completed
verify 201/3968 development__visual_cognitive_motivation__S05__prefrontal__montage0__P3__N0 completed
verify 202/3968 development__eeg_fnirs_single_trial__subject_05__motor__P0__N0 completed
verify 203/3968 development__visual_cognitive_motivation__S03__prefrontal__montage1__P3__N0 completed
verify 204/3968 development__eeg_fnirs_single_trial__subject_19__motor__P1_tau__N0 completed
verify 205/3968 development__visual_cognitive_motivation__S05__motor__P0__N0 completed
verify 206/3968 development__visual_cognitive_motivation__S03__posterior__montage1__P2__N0 completed
verify 207/3968 development__visual_cognitive_motivation__S05__prefrontal__montage0__P1_beta__N0 completed
verify 208/3968 development__visual_cognitive_motivation__S06__motor__P1_beta__N0 completed
verify 209/3968 development__eeg_fnirs_single_trial__subject_05__posterior__P0__N0 completed
verify 210/3968 development__eeg_fnirs_single_trial__subject_19__motor__P1_beta__N0 completed
verify 211/3968 development__visual_cognitive_motivation__S03__posterior__montage1__P0__N0 completed
verify 212/3968 development__visual_cognitive_motivation__S05__prefrontal__montage1__P3__N0 completed
verify 213/3968 development__eeg_fnirs_single_trial__subject_11__prefrontal__P2__N0 completed
verify 214/3968 development__visual_cognitive_motivation__S03__prefrontal__montage0__P0__N0 completed
verify 215/3968 development__eeg_fnirs_single_trial__subject_11__prefrontal__P1_beta__N0 completed
verify 216/3968 development__visual_cognitive_motivation__S03__posterior__montage1__P3__N0 completed
verify 217/3968 development__visual_cognitive_motivation__S03__prefrontal__montage0__P1_tau__N0 completed
verify 218/3968 development__visual_cognitive_motivation__S05__motor__P2__N0 completed
verify 219/3968 development__visual_cognitive_motivation__S05__posterior__montage0__P2__N0 completed
verify 220/3968 development__eeg_fnirs_single_trial__subject_05__prefrontal__P3__N0 completed
verify 221/3968 development__visual_cognitive_motivation__S03__motor__P2__N0 completed
verify 222/3968 development__visual_cognitive_motivation__S05__prefrontal__montage1__P2__N0 completed
verify 223/3968 development__visual_cognitive_motivation__S05__prefrontal__montage0__P2__N0 completed
verify 224/3968 development__visual_cognitive_motivation__S06__motor__P1_tau__N0 completed
verify 225/3968 development__eeg_fnirs_single_trial__subject_11__motor__P0__N0 completed
verify 226/3968 development__visual_cognitive_motivation__S03__posterior__montage0__P2__N0 completed
verify 227/3968 development__eeg_fnirs_single_trial__subject_05__posterior__P3__N0 completed
verify 228/3968 development__eeg_fnirs_single_trial__subject_11__motor__P1_beta__N0 completed
verify 229/3968 development__visual_cognitive_motivation__S03__posterior__montage0__P1_beta__N0 completed
verify 230/3968 development__visual_cognitive_motivation__S06__motor__P3__N0 completed
verify 231/3968 development__visual_cognitive_motivation__S03__posterior__montage1__P1_beta__N0 completed
verify 232/3968 development__visual_cognitive_motivation__S05__posterior__montage0__P0__N0 completed
verify 233/3968 development__visual_cognitive_motivation__S06__motor__P0__N0 completed
verify 234/3968 development__visual_cognitive_motivation__S05__motor__P3__N0 completed
verify 235/3968 development__visual_cognitive_motivation__S03__prefrontal__montage1__P2__N0 completed
verify 236/3968 development__eeg_fnirs_single_trial__subject_05__prefrontal__P1_beta__N0 completed
verify 237/3968 development__visual_cognitive_motivation__S05__posterior__montage0__P1_beta__N0 completed
verify 238/3968 development__eeg_fnirs_single_trial__subject_11__posterior__P2__N0 completed
verify 239/3968 development__visual_cognitive_motivation__S05__posterior__montage0__P1_tau__N0 completed
verify 240/3968 development__eeg_fnirs_single_trial__subject_05__prefrontal__P0__N0 completed
verify 241/3968 development__visual_cognitive_motivation__S03__prefrontal__montage0__P3__N0 completed
verify 242/3968 development__eeg_fnirs_single_trial__subject_08__posterior__P2__N0 completed
verify 243/3968 development__eeg_fnirs_single_trial__subject_05__posterior__P1_tau__N0 completed
verify 244/3968 development__eeg_fnirs_single_trial__subject_11__posterior__P0__N0 completed
verify 245/3968 development__eeg_fnirs_single_trial__subject_11__motor__P3__N0 completed
verify 246/3968 development__visual_cognitive_motivation__S03__prefrontal__montage0__P2__N0 completed
verify 247/3968 development__visual_cognitive_motivation__S03__prefrontal__montage1__P1_tau__N0 completed
verify 248/3968 development__visual_cognitive_motivation__S03__motor__P3__N0 completed
verify 249/3968 development__visual_cognitive_motivation__S05__prefrontal__montage0__P0__N0 completed
verify 250/3968 development__visual_cognitive_motivation__S03__prefrontal__montage0__P1_beta__N0 completed
verify 251/3968 development__visual_cognitive_motivation__S06__posterior__montage0__P0__N0 completed
verify 252/3968 development__eeg_fnirs_single_trial__subject_19__motor__P0__N0 completed
verify 253/3968 development__visual_cognitive_motivation__S03__posterior__montage1__P1_tau__N0 completed
verify 254/3968 development__visual_cognitive_motivation__S03__prefrontal__montage1__P0__N0 completed
verify 255/3968 development__visual_cognitive_motivation__S03__posterior__montage0__P3__N0 completed
verify 256/3968 development__eeg_fnirs_single_trial__subject_11__posterior__P3__N0 completed
verify 257/3968 development__visual_cognitive_motivation__S05__prefrontal__montage1__P1_beta__N0 completed
verify 258/3968 development__visual_cognitive_motivation__S03__posterior__montage0__P0__N0 completed
verify 259/3968 development__visual_cognitive_motivation__S05__motor__P1_tau__N0 completed
verify 260/3968 development__visual_cognitive_motivation__S05__posterior__montage1__P1_tau__N0 completed
verify 261/3968 development__visual_cognitive_motivation__S06__motor__P2__N0 completed
verify 262/3968 development__visual_cognitive_motivation__S05__posterior__montage1__P2__N0 completed
verify 263/3968 development__visual_cognitive_motivation__S03__posterior__montage0__P1_tau__N0 completed
verify 264/3968 development__visual_cognitive_motivation__S05__posterior__montage1__P0__N0 completed
verify 265/3968 development__visual_cognitive_motivation__S13__motor__P1_tau__N0 completed
verify 266/3968 development__visual_cognitive_motivation__S06__prefrontal__montage0__P3__N0 completed
verify 267/3968 development__visual_cognitive_motivation__S16__prefrontal__montage1__P1_beta__N0 completed
verify 268/3968 development__visual_cognitive_motivation__S13__prefrontal__montage1__P2__N0 completed
verify 269/3968 development__visual_cognitive_motivation__S13__prefrontal__montage0__P1_beta__N0 completed
verify 270/3968 development__visual_cognitive_motivation__S16__motor__P1_beta__N0 completed
verify 271/3968 development__visual_cognitive_motivation__S06__prefrontal__montage0__P1_tau__N0 completed
verify 272/3968 development_methods__eeg_fnirs_single_trial__subject_05__motor__P1_beta__H0.25 completed
verify 273/3968 development__visual_cognitive_motivation__S06__prefrontal__montage0__P0__N0 completed
verify 274/3968 development__visual_cognitive_motivation__S13__prefrontal__montage0__P1_tau__N0 completed
verify 275/3968 development__visual_cognitive_motivation__S16__motor__P2__N0 completed
verify 276/3968 development_methods__eeg_fnirs_single_trial__subject_05__motor__P1_beta__Hfull completed
verify 277/3968 development__visual_cognitive_motivation__S16__prefrontal__montage0__P3__N0 completed
verify 278/3968 development__visual_cognitive_motivation__S16__posterior__montage0__P3__N0 completed
verify 279/3968 development__visual_cognitive_motivation__S13__motor__P2__N0 completed
verify 280/3968 development__visual_cognitive_motivation__S16__prefrontal__montage0__P1_tau__N0 completed
verify 281/3968 development__visual_cognitive_motivation__S13__motor__P1_beta__N0 completed
verify 282/3968 development__visual_cognitive_motivation__S16__prefrontal__montage1__P1_tau__N0 completed
verify 283/3968 development__visual_cognitive_motivation__S13__prefrontal__montage1__P1_beta__N0 completed
verify 284/3968 development_methods__eeg_fnirs_single_trial__subject_05__motor__P1_beta__H4.0 completed
verify 285/3968 development__visual_cognitive_motivation__S16__prefrontal__montage1__P0__N0 completed
verify 286/3968 development__visual_cognitive_motivation__S06__posterior__montage0__P3__N0 completed
verify 287/3968 development__visual_cognitive_motivation__S13__posterior__montage0__P3__N0 completed
verify 288/3968 development__visual_cognitive_motivation__S13__prefrontal__montage1__P3__N0 completed
verify 289/3968 development__visual_cognitive_motivation__S13__prefrontal__montage1__P1_tau__N0 completed
verify 290/3968 development_methods__eeg_fnirs_single_trial__subject_05__motor__P1_beta__C1 completed
verify 291/3968 development__visual_cognitive_motivation__S13__posterior__montage1__P1_beta__N0 completed
verify 292/3968 development__visual_cognitive_motivation__S16__posterior__montage0__P1_beta__N0 completed
verify 293/3968 development__visual_cognitive_motivation__S16__prefrontal__montage0__P0__N0 completed
verify 294/3968 development__visual_cognitive_motivation__S13__posterior__montage0__P1_tau__N0 completed
verify 295/3968 development__visual_cognitive_motivation__S16__prefrontal__montage0__P1_beta__N0 completed
verify 296/3968 development__visual_cognitive_motivation__S16__posterior__montage0__P0__N0 completed
verify 297/3968 development__visual_cognitive_motivation__S16__posterior__montage1__P1_beta__N0 completed
verify 298/3968 development__visual_cognitive_motivation__S13__prefrontal__montage1__P0__N0 completed
verify 299/3968 development__visual_cognitive_motivation__S16__motor__P3__N0 completed
verify 300/3968 development__visual_cognitive_motivation__S16__prefrontal__montage0__P2__N0 completed
verify 301/3968 development__visual_cognitive_motivation__S13__prefrontal__montage0__P2__N0 completed
verify 302/3968 development__visual_cognitive_motivation__S13__posterior__montage1__P3__N0 completed
verify 303/3968 development__visual_cognitive_motivation__S13__posterior__montage0__P1_beta__N0 completed
verify 304/3968 development__visual_cognitive_motivation__S16__motor__P0__N0 completed
verify 305/3968 development__visual_cognitive_motivation__S06__posterior__montage1__P2__N0 completed
verify 306/3968 development__visual_cognitive_motivation__S13__posterior__montage0__P0__N0 completed
verify 307/3968 development__visual_cognitive_motivation__S13__motor__P3__N0 completed
verify 308/3968 development__visual_cognitive_motivation__S13__posterior__montage1__P0__N0 completed
verify 309/3968 development_methods__eeg_fnirs_single_trial__subject_05__motor__P1_beta__H1.0 completed
verify 310/3968 development__visual_cognitive_motivation__S13__posterior__montage1__P1_tau__N0 completed
verify 311/3968 development__visual_cognitive_motivation__S16__posterior__montage0__P1_tau__N0 completed
verify 312/3968 development__visual_cognitive_motivation__S13__motor__P0__N0 completed
verify 313/3968 development__visual_cognitive_motivation__S06__prefrontal__montage0__P1_beta__N0 completed
verify 314/3968 development__visual_cognitive_motivation__S13__posterior__montage1__P2__N0 completed
verify 315/3968 development__visual_cognitive_motivation__S16__posterior__montage1__P0__N0 completed
verify 316/3968 development__visual_cognitive_motivation__S16__prefrontal__montage1__P3__N0 completed
verify 317/3968 development__visual_cognitive_motivation__S16__posterior__montage1__P1_tau__N0 completed
verify 318/3968 development__visual_cognitive_motivation__S16__posterior__montage1__P2__N0 completed
verify 319/3968 development__visual_cognitive_motivation__S06__posterior__montage1__P3__N0 completed
verify 320/3968 development_methods__eeg_fnirs_single_trial__subject_05__motor__P1_beta__C0b completed
verify 321/3968 development__visual_cognitive_motivation__S06__posterior__montage1__P1_tau__N0 completed
verify 322/3968 development__visual_cognitive_motivation__S06__posterior__montage1__P1_beta__N0 completed
verify 323/3968 development__visual_cognitive_motivation__S06__prefrontal__montage1__P1_beta__N0 completed
verify 324/3968 development__visual_cognitive_motivation__S06__posterior__montage0__P1_beta__N0 completed
verify 325/3968 development__visual_cognitive_motivation__S06__prefrontal__montage1__P0__N0 completed
verify 326/3968 development__visual_cognitive_motivation__S06__prefrontal__montage1__P1_tau__N0 completed
verify 327/3968 development__visual_cognitive_motivation__S06__prefrontal__montage1__P3__N0 completed
verify 328/3968 development__visual_cognitive_motivation__S16__motor__P1_tau__N0 completed
verify 329/3968 development__visual_cognitive_motivation__S13__posterior__montage0__P2__N0 completed
verify 330/3968 development__visual_cognitive_motivation__S06__prefrontal__montage1__P2__N0 completed
verify 331/3968 development__visual_cognitive_motivation__S13__prefrontal__montage0__P3__N0 completed
verify 332/3968 development__visual_cognitive_motivation__S16__posterior__montage0__P2__N0 completed
verify 333/3968 development__visual_cognitive_motivation__S06__prefrontal__montage0__P2__N0 completed
verify 334/3968 development__visual_cognitive_motivation__S16__posterior__montage1__P3__N0 completed
verify 335/3968 development__visual_cognitive_motivation__S16__prefrontal__montage1__P2__N0 completed
verify 336/3968 development__visual_cognitive_motivation__S13__prefrontal__montage0__P0__N0 completed
verify 337/3968 development_methods__eeg_fnirs_single_trial__subject_05__motor__P1_tau__H0.25 completed
verify 338/3968 development_methods__eeg_fnirs_single_trial__subject_05__motor__P3__H0.25 completed
verify 339/3968 development_methods__eeg_fnirs_single_trial__subject_05__posterior__P1_beta__H0.25 completed
verify 340/3968 development_methods__eeg_fnirs_single_trial__subject_05__motor__P1_beta__W1 completed
verify 341/3968 development_methods__eeg_fnirs_single_trial__subject_05__prefrontal__P1_tau__H1.0 completed
verify 342/3968 development_methods__eeg_fnirs_single_trial__subject_05__prefrontal__P1_beta__C1 completed
verify 343/3968 development_methods__eeg_fnirs_single_trial__subject_05__prefrontal__P1_beta__C0b completed
verify 344/3968 development_methods__eeg_fnirs_single_trial__subject_05__posterior__P3__W1 completed
verify 345/3968 development_methods__eeg_fnirs_single_trial__subject_05__prefrontal__P3__C1 completed
verify 346/3968 development_methods__eeg_fnirs_single_trial__subject_05__motor__P2__Hfull completed
verify 347/3968 development_methods__eeg_fnirs_single_trial__subject_05__posterior__P1_beta__C0b completed
verify 348/3968 development_methods__eeg_fnirs_single_trial__subject_05__posterior__P1_tau__C1 completed
verify 349/3968 development_methods__eeg_fnirs_single_trial__subject_05__prefrontal__P2__H0.25 completed
verify 350/3968 development_methods__eeg_fnirs_single_trial__subject_05__posterior__P1_tau__H4.0 completed
verify 351/3968 development_methods__eeg_fnirs_single_trial__subject_05__prefrontal__P1_beta__H1.0 completed
verify 352/3968 development_methods__eeg_fnirs_single_trial__subject_05__posterior__P2__H0.25 completed
verify 353/3968 development_methods__eeg_fnirs_single_trial__subject_05__motor__P3__W1 completed
verify 354/3968 development_methods__eeg_fnirs_single_trial__subject_05__posterior__P1_beta__H1.0 completed
verify 355/3968 development_methods__eeg_fnirs_single_trial__subject_05__prefrontal__P2__Hfull completed
verify 356/3968 development_methods__eeg_fnirs_single_trial__subject_05__prefrontal__P1_beta__H4.0 completed
verify 357/3968 development_methods__eeg_fnirs_single_trial__subject_05__posterior__P3__C1 completed
verify 358/3968 development_methods__eeg_fnirs_single_trial__subject_05__motor__P3__C1 completed
verify 359/3968 development_methods__eeg_fnirs_single_trial__subject_05__posterior__P1_tau__H1.0 completed
verify 360/3968 development_methods__eeg_fnirs_single_trial__subject_05__prefrontal__P1_tau__C1 completed
verify 361/3968 development_methods__eeg_fnirs_single_trial__subject_05__posterior__P2__H4.0 completed
verify 362/3968 development_methods__eeg_fnirs_single_trial__subject_05__motor__P1_tau__C1 completed
verify 363/3968 development_methods__eeg_fnirs_single_trial__subject_05__prefrontal__P1_tau__C0b completed
verify 364/3968 development_methods__eeg_fnirs_single_trial__subject_05__posterior__P3__Hfull completed
verify 365/3968 development_methods__eeg_fnirs_single_trial__subject_05__posterior__P2__Hfull completed
verify 366/3968 development_methods__eeg_fnirs_single_trial__subject_05__prefrontal__P1_beta__H0.25 completed
verify 367/3968 development_methods__eeg_fnirs_single_trial__subject_05__motor__P2__H1.0 completed
verify 368/3968 development_methods__eeg_fnirs_single_trial__subject_05__motor__P2__C0b completed
verify 369/3968 development_methods__eeg_fnirs_single_trial__subject_05__prefrontal__P1_tau__W1 completed
verify 370/3968 development_methods__eeg_fnirs_single_trial__subject_05__posterior__P3__H1.0 completed
verify 371/3968 development_methods__eeg_fnirs_single_trial__subject_08__motor__P1_beta__H4.0 completed
verify 372/3968 development_methods__eeg_fnirs_single_trial__subject_05__prefrontal__P3__H1.0 completed
verify 373/3968 development_methods__eeg_fnirs_single_trial__subject_05__posterior__P2__C0b completed
verify 374/3968 development_methods__eeg_fnirs_single_trial__subject_05__prefrontal__P1_tau__H0.25 completed
verify 375/3968 development_methods__eeg_fnirs_single_trial__subject_08__motor__P1_beta__W1 completed
verify 376/3968 development_methods__eeg_fnirs_single_trial__subject_05__posterior__P1_tau__W1 completed
verify 377/3968 development_methods__eeg_fnirs_single_trial__subject_05__prefrontal__P3__W1 completed
verify 378/3968 development_methods__eeg_fnirs_single_trial__subject_05__prefrontal__P2__C1 completed
verify 379/3968 development_methods__eeg_fnirs_single_trial__subject_05__posterior__P3__C0b completed
verify 380/3968 development_methods__eeg_fnirs_single_trial__subject_05__motor__P1_tau__H1.0 completed
verify 381/3968 development_methods__eeg_fnirs_single_trial__subject_05__posterior__P3__H4.0 completed
verify 382/3968 development_methods__eeg_fnirs_single_trial__subject_05__prefrontal__P1_beta__W1 completed
verify 383/3968 development_methods__eeg_fnirs_single_trial__subject_05__motor__P2__H0.25 completed
verify 384/3968 development_methods__eeg_fnirs_single_trial__subject_05__motor__P1_tau__Hfull completed
verify 385/3968 development_methods__eeg_fnirs_single_trial__subject_05__posterior__P3__H0.25 completed
verify 386/3968 development_methods__eeg_fnirs_single_trial__subject_05__motor__P3__H1.0 completed
verify 387/3968 development_methods__eeg_fnirs_single_trial__subject_05__motor__P1_tau__C0b completed
verify 388/3968 development_methods__eeg_fnirs_single_trial__subject_05__prefrontal__P1_tau__Hfull completed
verify 389/3968 development_methods__eeg_fnirs_single_trial__subject_08__motor__P1_beta__H1.0 completed
verify 390/3968 development_methods__eeg_fnirs_single_trial__subject_05__posterior__P1_tau__C0b completed
verify 391/3968 development_methods__eeg_fnirs_single_trial__subject_05__posterior__P1_tau__H0.25 completed
verify 392/3968 development_methods__eeg_fnirs_single_trial__subject_05__motor__P3__H4.0 completed
verify 393/3968 development_methods__eeg_fnirs_single_trial__subject_05__prefrontal__P2__W1 completed
verify 394/3968 development_methods__eeg_fnirs_single_trial__subject_05__motor__P2__W1 completed
verify 395/3968 development_methods__eeg_fnirs_single_trial__subject_05__motor__P3__Hfull completed
verify 396/3968 development_methods__eeg_fnirs_single_trial__subject_05__posterior__P2__W1 completed
verify 397/3968 development_methods__eeg_fnirs_single_trial__subject_05__posterior__P2__C1 completed
verify 398/3968 development_methods__eeg_fnirs_single_trial__subject_05__prefrontal__P3__H0.25 completed
verify 399/3968 development_methods__eeg_fnirs_single_trial__subject_05__prefrontal__P1_beta__Hfull completed
verify 400/3968 development_methods__eeg_fnirs_single_trial__subject_08__motor__P1_beta__C0b completed
verify 401/3968 development_methods__eeg_fnirs_single_trial__subject_05__prefrontal__P2__H1.0 completed
verify 402/3968 development_methods__eeg_fnirs_single_trial__subject_05__posterior__P2__H1.0 completed
verify 403/3968 development_methods__eeg_fnirs_single_trial__subject_05__motor__P2__H4.0 completed
verify 404/3968 development_methods__eeg_fnirs_single_trial__subject_05__prefrontal__P3__C0b completed
verify 405/3968 development_methods__eeg_fnirs_single_trial__subject_05__prefrontal__P2__C0b completed
verify 406/3968 development_methods__eeg_fnirs_single_trial__subject_05__motor__P1_tau__H4.0 completed
verify 407/3968 development_methods__eeg_fnirs_single_trial__subject_05__motor__P1_tau__W1 completed
verify 408/3968 development_methods__eeg_fnirs_single_trial__subject_05__motor__P3__C0b completed
verify 409/3968 development_methods__eeg_fnirs_single_trial__subject_05__posterior__P1_beta__Hfull completed
verify 410/3968 development_methods__eeg_fnirs_single_trial__subject_05__prefrontal__P1_tau__H4.0 completed
verify 411/3968 development_methods__eeg_fnirs_single_trial__subject_05__posterior__P1_beta__H4.0 completed
verify 412/3968 development_methods__eeg_fnirs_single_trial__subject_08__motor__P1_beta__H0.25 completed
verify 413/3968 development_methods__eeg_fnirs_single_trial__subject_05__posterior__P1_tau__Hfull completed
verify 414/3968 development_methods__eeg_fnirs_single_trial__subject_05__posterior__P1_beta__W1 completed
verify 415/3968 development_methods__eeg_fnirs_single_trial__subject_05__motor__P2__C1 completed
verify 416/3968 development_methods__eeg_fnirs_single_trial__subject_05__posterior__P1_beta__C1 completed
verify 417/3968 development_methods__eeg_fnirs_single_trial__subject_08__motor__P1_beta__Hfull completed
verify 418/3968 development_methods__eeg_fnirs_single_trial__subject_05__prefrontal__P3__H4.0 completed
verify 419/3968 development_methods__eeg_fnirs_single_trial__subject_08__prefrontal__P1_tau__H1.0 completed
verify 420/3968 development_methods__eeg_fnirs_single_trial__subject_08__posterior__P1_tau__C1 completed
verify 421/3968 development_methods__eeg_fnirs_single_trial__subject_08__prefrontal__P1_beta__C0b completed
verify 422/3968 development_methods__eeg_fnirs_single_trial__subject_08__prefrontal__P1_beta__W1 completed
verify 423/3968 development_methods__eeg_fnirs_single_trial__subject_08__prefrontal__P3__H1.0 completed
verify 424/3968 development_methods__eeg_fnirs_single_trial__subject_08__prefrontal__P2__H0.25 completed
verify 425/3968 development_methods__eeg_fnirs_single_trial__subject_08__motor__P3__C0b completed
verify 426/3968 development_methods__eeg_fnirs_single_trial__subject_08__prefrontal__P1_tau__H0.25 completed
verify 427/3968 development_methods__eeg_fnirs_single_trial__subject_08__posterior__P3__W1 completed
verify 428/3968 development_methods__eeg_fnirs_single_trial__subject_08__prefrontal__P2__W1 completed
verify 429/3968 development_methods__eeg_fnirs_single_trial__subject_08__motor__P3__H0.25 completed
verify 430/3968 development_methods__eeg_fnirs_single_trial__subject_08__motor__P3__W1 completed
verify 431/3968 development_methods__eeg_fnirs_single_trial__subject_08__posterior__P2__H1.0 completed
verify 432/3968 development_methods__eeg_fnirs_single_trial__subject_08__posterior__P1_beta__W1 completed
verify 433/3968 development_methods__eeg_fnirs_single_trial__subject_08__motor__P1_tau__W1 completed
verify 434/3968 development_methods__eeg_fnirs_single_trial__subject_08__prefrontal__P1_tau__C0b completed
verify 435/3968 development_methods__eeg_fnirs_single_trial__subject_08__posterior__P1_tau__Hfull completed
verify 436/3968 development_methods__eeg_fnirs_single_trial__subject_08__posterior__P1_beta__Hfull completed
verify 437/3968 development_methods__eeg_fnirs_single_trial__subject_08__prefrontal__P2__C0b completed
verify 438/3968 development_methods__eeg_fnirs_single_trial__subject_05__prefrontal__P2__H4.0 completed
verify 439/3968 development_methods__eeg_fnirs_single_trial__subject_08__motor__P2__C0b completed
verify 440/3968 development_methods__eeg_fnirs_single_trial__subject_08__motor__P1_tau__H0.25 completed
verify 441/3968 development_methods__eeg_fnirs_single_trial__subject_08__motor__P3__C1 completed
verify 442/3968 development_methods__eeg_fnirs_single_trial__subject_08__motor__P2__Hfull completed
verify 443/3968 development_methods__eeg_fnirs_single_trial__subject_08__motor__P2__C1 completed
verify 444/3968 development_methods__eeg_fnirs_single_trial__subject_08__prefrontal__P3__C0b completed
verify 445/3968 development_methods__eeg_fnirs_single_trial__subject_08__prefrontal__P1_tau__H4.0 completed
verify 446/3968 development_methods__eeg_fnirs_single_trial__subject_08__posterior__P1_beta__C1 completed
verify 447/3968 development_methods__eeg_fnirs_single_trial__subject_08__posterior__P3__H1.0 completed
verify 448/3968 development_methods__eeg_fnirs_single_trial__subject_08__motor__P1_tau__C1 completed
verify 449/3968 development_methods__eeg_fnirs_single_trial__subject_08__prefrontal__P1_tau__Hfull completed
verify 450/3968 development_methods__eeg_fnirs_single_trial__subject_08__prefrontal__P2__H1.0 completed
verify 451/3968 development_methods__eeg_fnirs_single_trial__subject_08__motor__P2__W1 completed
verify 452/3968 development_methods__eeg_fnirs_single_trial__subject_08__posterior__P1_beta__H4.0 completed
verify 453/3968 development_methods__eeg_fnirs_single_trial__subject_08__posterior__P3__C0b completed
verify 454/3968 development_methods__eeg_fnirs_single_trial__subject_08__posterior__P1_beta__H1.0 completed
verify 455/3968 development_methods__eeg_fnirs_single_trial__subject_08__posterior__P1_beta__C0b completed
verify 456/3968 development_methods__eeg_fnirs_single_trial__subject_08__prefrontal__P1_beta__Hfull completed
verify 457/3968 development_methods__eeg_fnirs_single_trial__subject_08__posterior__P1_beta__H0.25 completed
verify 458/3968 development_methods__eeg_fnirs_single_trial__subject_08__prefrontal__P1_beta__H1.0 completed
verify 459/3968 development_methods__eeg_fnirs_single_trial__subject_08__posterior__P1_tau__H4.0 completed
verify 460/3968 development_methods__eeg_fnirs_single_trial__subject_08__motor__P1_tau__C0b completed
verify 461/3968 development_methods__eeg_fnirs_single_trial__subject_08__posterior__P2__C0b completed
verify 462/3968 development_methods__eeg_fnirs_single_trial__subject_08__posterior__P2__H0.25 completed
verify 463/3968 development_methods__eeg_fnirs_single_trial__subject_08__posterior__P3__H0.25 completed
verify 464/3968 development_methods__eeg_fnirs_single_trial__subject_08__motor__P3__H4.0 completed
verify 465/3968 development_methods__eeg_fnirs_single_trial__subject_08__prefrontal__P1_tau__C1 completed
verify 466/3968 development_methods__eeg_fnirs_single_trial__subject_08__motor__P3__Hfull completed
verify 467/3968 development_methods__eeg_fnirs_single_trial__subject_08__prefrontal__P1_beta__H0.25 completed
verify 468/3968 development_methods__eeg_fnirs_single_trial__subject_08__posterior__P3__C1 completed
verify 469/3968 development_methods__eeg_fnirs_single_trial__subject_08__posterior__P1_tau__W1 completed
verify 470/3968 development_methods__eeg_fnirs_single_trial__subject_05__prefrontal__P3__Hfull completed
verify 471/3968 development_methods__eeg_fnirs_single_trial__subject_08__posterior__P1_tau__C0b completed
verify 472/3968 development_methods__eeg_fnirs_single_trial__subject_08__posterior__P3__Hfull completed
verify 473/3968 development_methods__eeg_fnirs_single_trial__subject_08__posterior__P3__H4.0 completed
verify 474/3968 development_methods__eeg_fnirs_single_trial__subject_08__prefrontal__P1_tau__W1 completed
verify 475/3968 development_methods__eeg_fnirs_single_trial__subject_08__prefrontal__P2__H4.0 completed
verify 476/3968 development_methods__eeg_fnirs_single_trial__subject_08__prefrontal__P1_beta__C1 completed
verify 477/3968 development_methods__eeg_fnirs_single_trial__subject_08__motor__P1_tau__Hfull completed
verify 478/3968 development_methods__eeg_fnirs_single_trial__subject_08__posterior__P2__H4.0 completed
verify 479/3968 development_methods__eeg_fnirs_single_trial__subject_08__motor__P1_beta__C1 completed
verify 480/3968 development_methods__eeg_fnirs_single_trial__subject_08__posterior__P1_tau__H1.0 completed
verify 481/3968 development_methods__eeg_fnirs_single_trial__subject_08__prefrontal__P2__Hfull completed
verify 482/3968 development_methods__eeg_fnirs_single_trial__subject_08__motor__P2__H4.0 completed
verify 483/3968 development_methods__eeg_fnirs_single_trial__subject_08__posterior__P2__C1 completed
verify 484/3968 development_methods__eeg_fnirs_single_trial__subject_08__posterior__P2__W1 completed
verify 485/3968 development_methods__eeg_fnirs_single_trial__subject_08__motor__P2__H1.0 completed
verify 486/3968 development_methods__eeg_fnirs_single_trial__subject_08__motor__P2__H0.25 completed
verify 487/3968 development_methods__eeg_fnirs_single_trial__subject_08__motor__P1_tau__H1.0 completed
verify 488/3968 development_methods__eeg_fnirs_single_trial__subject_08__posterior__P2__Hfull completed
verify 489/3968 development_methods__eeg_fnirs_single_trial__subject_08__prefrontal__P2__C1 completed
verify 490/3968 development_methods__eeg_fnirs_single_trial__subject_08__posterior__P1_tau__H0.25 completed
verify 491/3968 development_methods__eeg_fnirs_single_trial__subject_08__motor__P3__H1.0 completed
verify 492/3968 development_methods__eeg_fnirs_single_trial__subject_08__motor__P1_tau__H4.0 completed
verify 493/3968 development_methods__eeg_fnirs_single_trial__subject_08__prefrontal__P1_beta__H4.0 completed
verify 494/3968 development_methods__eeg_fnirs_single_trial__subject_11__posterior__P2__W1 completed
verify 495/3968 development_methods__eeg_fnirs_single_trial__subject_11__motor__P1_tau__H4.0 completed
verify 496/3968 development_methods__eeg_fnirs_single_trial__subject_11__motor__P1_beta__H0.25 completed
verify 497/3968 development_methods__eeg_fnirs_single_trial__subject_11__posterior__P3__H1.0 completed
verify 498/3968 development_methods__eeg_fnirs_single_trial__subject_11__posterior__P2__C0b completed
verify 499/3968 development_methods__eeg_fnirs_single_trial__subject_11__posterior__P1_tau__H4.0 completed
verify 500/3968 development_methods__eeg_fnirs_single_trial__subject_11__motor__P3__H1.0 completed
verify 501/3968 development_methods__eeg_fnirs_single_trial__subject_11__posterior__P1_tau__W1 completed
verify 502/3968 development_methods__eeg_fnirs_single_trial__subject_11__posterior__P2__C1 completed
verify 503/3968 development_methods__eeg_fnirs_single_trial__subject_11__posterior__P1_beta__W1 completed
verify 504/3968 development_methods__eeg_fnirs_single_trial__subject_11__motor__P1_tau__Hfull completed
verify 505/3968 development_methods__eeg_fnirs_single_trial__subject_11__motor__P1_tau__H0.25 completed
verify 506/3968 development_methods__eeg_fnirs_single_trial__subject_11__posterior__P1_beta__Hfull completed
verify 507/3968 development_methods__eeg_fnirs_single_trial__subject_11__motor__P2__W1 completed
verify 508/3968 development_methods__eeg_fnirs_single_trial__subject_11__posterior__P2__H0.25 completed
verify 509/3968 development_methods__eeg_fnirs_single_trial__subject_11__posterior__P3__C0b completed
verify 510/3968 development_methods__eeg_fnirs_single_trial__subject_11__motor__P3__H0.25 completed
verify 511/3968 development_methods__eeg_fnirs_single_trial__subject_11__posterior__P1_beta__C1 completed
verify 512/3968 development_methods__eeg_fnirs_single_trial__subject_11__prefrontal__P1_beta__H1.0 completed
verify 513/3968 development_methods__eeg_fnirs_single_trial__subject_11__prefrontal__P1_beta__W1 completed
verify 514/3968 development_methods__eeg_fnirs_single_trial__subject_11__motor__P2__H0.25 completed
verify 515/3968 development_methods__eeg_fnirs_single_trial__subject_11__posterior__P2__Hfull completed
verify 516/3968 development_methods__eeg_fnirs_single_trial__subject_11__prefrontal__P1_tau__H1.0 completed
verify 517/3968 development_methods__eeg_fnirs_single_trial__subject_11__posterior__P1_beta__C0b completed
verify 518/3968 development_methods__eeg_fnirs_single_trial__subject_11__motor__P1_beta__H1.0 completed
verify 519/3968 development_methods__eeg_fnirs_single_trial__subject_11__motor__P1_beta__W1 completed
verify 520/3968 development_methods__eeg_fnirs_single_trial__subject_11__prefrontal__P2__H1.0 completed
verify 521/3968 development_methods__eeg_fnirs_single_trial__subject_11__posterior__P1_tau__C1 completed
verify 522/3968 development_methods__eeg_fnirs_single_trial__subject_11__prefrontal__P2__C0b completed
verify 523/3968 development_methods__eeg_fnirs_single_trial__subject_11__posterior__P1_beta__H4.0 completed
verify 524/3968 development_methods__eeg_fnirs_single_trial__subject_11__posterior__P1_tau__C0b completed
verify 525/3968 development_methods__eeg_fnirs_single_trial__subject_11__prefrontal__P1_tau__Hfull completed
verify 526/3968 development_methods__eeg_fnirs_single_trial__subject_11__posterior__P3__C1 completed
verify 527/3968 development_methods__eeg_fnirs_single_trial__subject_11__posterior__P1_tau__H1.0 completed
verify 528/3968 development_methods__eeg_fnirs_single_trial__subject_11__motor__P1_tau__H1.0 completed
verify 529/3968 development_methods__eeg_fnirs_single_trial__subject_11__posterior__P3__Hfull completed
verify 530/3968 development_methods__eeg_fnirs_single_trial__subject_11__prefrontal__P1_tau__C1 completed
verify 531/3968 development_methods__eeg_fnirs_single_trial__subject_11__prefrontal__P1_tau__H4.0 completed
verify 532/3968 development_methods__eeg_fnirs_single_trial__subject_11__prefrontal__P1_beta__C1 completed
verify 533/3968 development_methods__eeg_fnirs_single_trial__subject_11__motor__P2__H4.0 completed
verify 534/3968 development_methods__eeg_fnirs_single_trial__subject_11__motor__P2__C0b completed
verify 535/3968 development_methods__eeg_fnirs_single_trial__subject_11__posterior__P2__H1.0 completed
verify 536/3968 development_methods__eeg_fnirs_single_trial__subject_11__prefrontal__P1_tau__W1 completed
verify 537/3968 development_methods__eeg_fnirs_single_trial__subject_11__motor__P3__W1 completed
verify 538/3968 development_methods__eeg_fnirs_single_trial__subject_11__motor__P1_beta__C0b completed
verify 539/3968 development_methods__eeg_fnirs_single_trial__subject_11__motor__P1_tau__W1 completed
verify 540/3968 development_methods__eeg_fnirs_single_trial__subject_11__motor__P1_beta__C1 completed
verify 541/3968 development_methods__eeg_fnirs_single_trial__subject_11__motor__P3__Hfull completed
verify 542/3968 development_methods__eeg_fnirs_single_trial__subject_11__posterior__P3__H0.25 completed
verify 543/3968 development_methods__eeg_fnirs_single_trial__subject_11__prefrontal__P2__C1 completed
verify 544/3968 development_methods__eeg_fnirs_single_trial__subject_11__prefrontal__P1_beta__H0.25 completed
verify 545/3968 development_methods__eeg_fnirs_single_trial__subject_08__prefrontal__P3__W1 completed
verify 546/3968 development_methods__eeg_fnirs_single_trial__subject_11__motor__P3__C0b completed
verify 547/3968 development_methods__eeg_fnirs_single_trial__subject_11__motor__P3__H4.0 completed
verify 548/3968 development_methods__eeg_fnirs_single_trial__subject_11__motor__P2__C1 completed
verify 549/3968 development_methods__eeg_fnirs_single_trial__subject_08__prefrontal__P3__H4.0 completed
verify 550/3968 development_methods__eeg_fnirs_single_trial__subject_11__motor__P1_beta__H4.0 completed
verify 551/3968 development_methods__eeg_fnirs_single_trial__subject_11__posterior__P1_tau__Hfull completed
verify 552/3968 development_methods__eeg_fnirs_single_trial__subject_11__posterior__P2__H4.0 completed
verify 553/3968 development_methods__eeg_fnirs_single_trial__subject_11__prefrontal__P1_tau__C0b completed
verify 554/3968 development_methods__eeg_fnirs_single_trial__subject_11__motor__P2__H1.0 completed
verify 555/3968 development_methods__eeg_fnirs_single_trial__subject_11__prefrontal__P1_beta__Hfull completed
verify 556/3968 development_methods__eeg_fnirs_single_trial__subject_11__prefrontal__P2__H4.0 completed
verify 557/3968 development_methods__eeg_fnirs_single_trial__subject_11__posterior__P1_beta__H1.0 completed
verify 558/3968 development_methods__eeg_fnirs_single_trial__subject_11__posterior__P1_tau__H0.25 completed
verify 559/3968 development_methods__eeg_fnirs_single_trial__subject_11__motor__P3__C1 completed
verify 560/3968 development_methods__eeg_fnirs_single_trial__subject_11__posterior__P3__W1 completed
verify 561/3968 development_methods__eeg_fnirs_single_trial__subject_11__motor__P1_tau__C0b completed
verify 562/3968 development_methods__eeg_fnirs_single_trial__subject_11__motor__P1_beta__Hfull completed
verify 563/3968 development_methods__eeg_fnirs_single_trial__subject_11__prefrontal__P1_beta__H4.0 completed
verify 564/3968 development_methods__eeg_fnirs_single_trial__subject_11__motor__P2__Hfull completed
verify 565/3968 development_methods__eeg_fnirs_single_trial__subject_08__prefrontal__P3__C1 completed
verify 566/3968 development_methods__eeg_fnirs_single_trial__subject_11__prefrontal__P1_beta__C0b completed
verify 567/3968 development_methods__eeg_fnirs_single_trial__subject_11__posterior__P1_beta__H0.25 completed
verify 568/3968 development_methods__eeg_fnirs_single_trial__subject_11__posterior__P3__H4.0 completed
verify 569/3968 development_methods__eeg_fnirs_single_trial__subject_11__motor__P1_tau__C1 completed
verify 570/3968 development_methods__eeg_fnirs_single_trial__subject_11__prefrontal__P1_tau__H0.25 completed
verify 571/3968 development_methods__eeg_fnirs_single_trial__subject_08__prefrontal__P3__H0.25 completed
verify 572/3968 development_methods__eeg_fnirs_single_trial__subject_08__prefrontal__P3__Hfull completed
verify 573/3968 development_methods__eeg_fnirs_single_trial__subject_11__prefrontal__P2__W1 completed
verify 574/3968 development_methods__eeg_fnirs_single_trial__subject_19__motor__P3__W1 completed
verify 575/3968 development_methods__eeg_fnirs_single_trial__subject_19__motor__P1_tau__C0b completed
verify 576/3968 development_methods__eeg_fnirs_single_trial__subject_19__motor__P1_tau__H1.0 completed
verify 577/3968 development_methods__eeg_fnirs_single_trial__subject_19__motor__P1_beta__C0b completed
verify 578/3968 development_methods__eeg_fnirs_single_trial__subject_19__posterior__P2__C1 completed
verify 579/3968 development_methods__eeg_fnirs_single_trial__subject_19__prefrontal__P1_beta__C1 completed
verify 580/3968 development_methods__eeg_fnirs_single_trial__subject_19__posterior__P1_beta__H0.25 completed
verify 581/3968 development_methods__eeg_fnirs_single_trial__subject_19__motor__P3__H1.0 completed
verify 582/3968 development_methods__eeg_fnirs_single_trial__subject_19__posterior__P3__H4.0 completed
verify 583/3968 development_methods__eeg_fnirs_single_trial__subject_19__posterior__P1_beta__W1 completed
verify 584/3968 development_methods__eeg_fnirs_single_trial__subject_19__motor__P3__H0.25 completed
verify 585/3968 development_methods__eeg_fnirs_single_trial__subject_19__posterior__P1_beta__H1.0 completed
verify 586/3968 development_methods__eeg_fnirs_single_trial__subject_19__posterior__P3__C1 completed
verify 587/3968 development_methods__eeg_fnirs_single_trial__subject_19__posterior__P3__C0b completed
verify 588/3968 development_methods__eeg_fnirs_single_trial__subject_19__prefrontal__P1_beta__H1.0 completed
verify 589/3968 development_methods__eeg_fnirs_single_trial__subject_19__motor__P1_beta__W1 completed
verify 590/3968 development_methods__eeg_fnirs_single_trial__subject_19__posterior__P2__C0b completed
verify 591/3968 development_methods__eeg_fnirs_single_trial__subject_19__posterior__P3__H0.25 completed
verify 592/3968 development_methods__eeg_fnirs_single_trial__subject_19__motor__P2__Hfull completed
verify 593/3968 development_methods__eeg_fnirs_single_trial__subject_11__prefrontal__P3__H4.0 completed
verify 594/3968 development_methods__eeg_fnirs_single_trial__subject_19__posterior__P3__H1.0 completed
verify 595/3968 development_methods__eeg_fnirs_single_trial__subject_11__prefrontal__P3__Hfull completed
verify 596/3968 development_methods__eeg_fnirs_single_trial__subject_19__prefrontal__P1_tau__H0.25 completed
verify 597/3968 development_methods__eeg_fnirs_single_trial__subject_19__motor__P2__H0.25 completed
verify 598/3968 development_methods__eeg_fnirs_single_trial__subject_19__posterior__P1_beta__H4.0 completed
verify 599/3968 development_methods__eeg_fnirs_single_trial__subject_19__motor__P1_tau__H0.25 completed
verify 600/3968 development_methods__eeg_fnirs_single_trial__subject_11__prefrontal__P2__Hfull completed
verify 601/3968 development_methods__eeg_fnirs_single_trial__subject_19__motor__P1_beta__Hfull completed
verify 602/3968 development_methods__eeg_fnirs_single_trial__subject_19__motor__P1_tau__Hfull completed
verify 603/3968 development_methods__eeg_fnirs_single_trial__subject_19__motor__P2__H4.0 completed
verify 604/3968 development_methods__eeg_fnirs_single_trial__subject_19__posterior__P1_tau__H4.0 completed
verify 605/3968 development_methods__eeg_fnirs_single_trial__subject_19__motor__P3__H4.0 completed
verify 606/3968 development_methods__eeg_fnirs_single_trial__subject_19__posterior__P1_tau__C1 completed
verify 607/3968 development_methods__eeg_fnirs_single_trial__subject_19__motor__P3__C0b completed
verify 608/3968 development_methods__eeg_fnirs_single_trial__subject_19__posterior__P1_tau__H0.25 completed
verify 609/3968 development_methods__eeg_fnirs_single_trial__subject_19__motor__P3__C1 completed
verify 610/3968 development_methods__eeg_fnirs_single_trial__subject_19__motor__P1_tau__W1 completed
verify 611/3968 development_methods__eeg_fnirs_single_trial__subject_19__posterior__P1_tau__W1 completed
verify 612/3968 development_methods__eeg_fnirs_single_trial__subject_11__prefrontal__P2__H0.25 completed
verify 613/3968 development_methods__eeg_fnirs_single_trial__subject_19__prefrontal__P1_tau__Hfull completed
verify 614/3968 development_methods__eeg_fnirs_single_trial__subject_19__motor__P2__H1.0 completed
verify 615/3968 development_methods__eeg_fnirs_single_trial__subject_11__prefrontal__P3__H0.25 completed
verify 616/3968 development_methods__eeg_fnirs_single_trial__subject_19__posterior__P3__W1 completed
verify 617/3968 development_methods__eeg_fnirs_single_trial__subject_19__posterior__P1_beta__Hfull completed
verify 618/3968 development_methods__eeg_fnirs_single_trial__subject_19__posterior__P1_tau__H1.0 completed
verify 619/3968 development_methods__eeg_fnirs_single_trial__subject_11__prefrontal__P3__C1 completed
verify 620/3968 development_methods__eeg_fnirs_single_trial__subject_19__motor__P2__C0b completed
verify 621/3968 development_methods__eeg_fnirs_single_trial__subject_19__prefrontal__P1_tau__C1 completed
verify 622/3968 development_methods__eeg_fnirs_single_trial__subject_19__motor__P1_tau__H4.0 completed
verify 623/3968 development_methods__eeg_fnirs_single_trial__subject_19__posterior__P3__Hfull completed
verify 624/3968 development_methods__eeg_fnirs_single_trial__subject_11__prefrontal__P3__C0b completed
verify 625/3968 development_methods__eeg_fnirs_single_trial__subject_19__motor__P1_tau__C1 completed
verify 626/3968 development_methods__eeg_fnirs_single_trial__subject_19__posterior__P2__H1.0 completed
verify 627/3968 development_methods__eeg_fnirs_single_trial__subject_19__posterior__P1_tau__C0b completed
verify 628/3968 development_methods__eeg_fnirs_single_trial__subject_19__motor__P1_beta__C1 completed
verify 629/3968 development_methods__eeg_fnirs_single_trial__subject_19__motor__P3__Hfull completed
verify 630/3968 development_methods__eeg_fnirs_single_trial__subject_19__motor__P1_beta__H1.0 completed
verify 631/3968 development_methods__eeg_fnirs_single_trial__subject_19__prefrontal__P1_beta__H0.25 completed
verify 632/3968 development_methods__eeg_fnirs_single_trial__subject_19__prefrontal__P1_beta__C0b completed
verify 633/3968 development_methods__eeg_fnirs_single_trial__subject_19__posterior__P1_beta__C1 completed
verify 634/3968 development_methods__eeg_fnirs_single_trial__subject_11__prefrontal__P3__H1.0 completed
verify 635/3968 development_methods__eeg_fnirs_single_trial__subject_19__posterior__P1_tau__Hfull completed
verify 636/3968 development_methods__eeg_fnirs_single_trial__subject_19__motor__P1_beta__H4.0 completed
verify 637/3968 development_methods__eeg_fnirs_single_trial__subject_19__motor__P1_beta__H0.25 completed
verify 638/3968 development_methods__eeg_fnirs_single_trial__subject_19__prefrontal__P1_beta__Hfull completed
verify 639/3968 development_methods__eeg_fnirs_single_trial__subject_19__posterior__P2__H4.0 completed
verify 640/3968 development_methods__eeg_fnirs_single_trial__subject_19__motor__P2__C1 completed
verify 641/3968 development_methods__eeg_fnirs_single_trial__subject_19__motor__P2__W1 completed
verify 642/3968 development_methods__eeg_fnirs_single_trial__subject_19__posterior__P2__W1 completed
verify 643/3968 development_methods__eeg_fnirs_single_trial__subject_19__posterior__P1_beta__C0b completed
verify 644/3968 development_methods__eeg_fnirs_single_trial__subject_19__posterior__P2__Hfull completed
verify 645/3968 development_methods__eeg_fnirs_single_trial__subject_19__prefrontal__P1_tau__H1.0 completed
verify 646/3968 development_methods__eeg_fnirs_single_trial__subject_11__prefrontal__P3__W1 completed
verify 647/3968 development_methods__eeg_fnirs_single_trial__subject_19__posterior__P2__H0.25 completed
verify 648/3968 development_methods__eeg_fnirs_single_trial__subject_24__posterior__P1_beta__H0.25 completed
verify 649/3968 development_methods__eeg_fnirs_single_trial__subject_24__prefrontal__P1_beta__H4.0 completed
verify 650/3968 development_methods__eeg_fnirs_single_trial__subject_24__motor__P1_beta__W1 completed
verify 651/3968 development_methods__eeg_fnirs_single_trial__subject_24__posterior__P2__C0b completed
verify 652/3968 development_methods__eeg_fnirs_single_trial__subject_24__posterior__P3__H1.0 completed
verify 653/3968 development_methods__eeg_fnirs_single_trial__subject_19__prefrontal__P3__H0.25 completed
verify 654/3968 development_methods__eeg_fnirs_single_trial__subject_24__motor__P3__H0.25 completed
verify 655/3968 development_methods__eeg_fnirs_single_trial__subject_24__posterior__P3__W1 completed
verify 656/3968 development_methods__eeg_fnirs_single_trial__subject_24__posterior__P3__Hfull completed
verify 657/3968 development_methods__eeg_fnirs_single_trial__subject_24__motor__P2__H0.25 completed
verify 658/3968 development_methods__eeg_fnirs_single_trial__subject_24__posterior__P1_tau__H0.25 completed
verify 659/3968 development_methods__eeg_fnirs_single_trial__subject_24__motor__P1_tau__C1 completed
verify 660/3968 development_methods__eeg_fnirs_single_trial__subject_24__posterior__P3__H4.0 completed
verify 661/3968 development_methods__eeg_fnirs_single_trial__subject_24__posterior__P1_tau__H4.0 completed
verify 662/3968 development_methods__eeg_fnirs_single_trial__subject_24__motor__P1_tau__Hfull completed
verify 663/3968 development_methods__eeg_fnirs_single_trial__subject_19__prefrontal__P2__C1 completed
verify 664/3968 development_methods__eeg_fnirs_single_trial__subject_24__posterior__P1_tau__W1 completed
verify 665/3968 development_methods__eeg_fnirs_single_trial__subject_24__motor__P2__H4.0 completed
verify 666/3968 development_methods__eeg_fnirs_single_trial__subject_24__posterior__P1_beta__C0b completed
verify 667/3968 development_methods__eeg_fnirs_single_trial__subject_24__posterior__P3__C1 completed
verify 668/3968 development_methods__eeg_fnirs_single_trial__subject_24__motor__P1_beta__C1 completed
verify 669/3968 development_methods__eeg_fnirs_single_trial__subject_19__prefrontal__P2__H4.0 completed
verify 670/3968 development_methods__eeg_fnirs_single_trial__subject_24__prefrontal__P1_beta__C0b completed
verify 671/3968 development_methods__eeg_fnirs_single_trial__subject_24__posterior__P1_tau__C0b completed
verify 672/3968 development_methods__eeg_fnirs_single_trial__subject_24__posterior__P1_beta__Hfull completed
verify 673/3968 development_methods__eeg_fnirs_single_trial__subject_24__motor__P1_beta__H0.25 completed
verify 674/3968 development_methods__eeg_fnirs_single_trial__subject_24__motor__P1_beta__H4.0 completed
verify 675/3968 development_methods__eeg_fnirs_single_trial__subject_24__motor__P3__W1 completed
verify 676/3968 development_methods__eeg_fnirs_single_trial__subject_19__prefrontal__P3__Hfull completed
verify 677/3968 development_methods__eeg_fnirs_single_trial__subject_24__posterior__P2__H0.25 completed
verify 678/3968 development_methods__eeg_fnirs_single_trial__subject_24__posterior__P1_beta__W1 completed
verify 679/3968 development_methods__eeg_fnirs_single_trial__subject_24__motor__P1_tau__H0.25 completed
verify 680/3968 development_methods__eeg_fnirs_single_trial__subject_19__prefrontal__P2__Hfull completed
verify 681/3968 development_methods__eeg_fnirs_single_trial__subject_24__motor__P3__C0b completed
verify 682/3968 development_methods__eeg_fnirs_single_trial__subject_19__prefrontal__P3__H1.0 completed
verify 683/3968 development_methods__eeg_fnirs_single_trial__subject_24__motor__P1_tau__H4.0 completed
verify 684/3968 development_methods__eeg_fnirs_single_trial__subject_24__motor__P2__C0b completed
verify 685/3968 development_methods__eeg_fnirs_single_trial__subject_19__prefrontal__P3__C0b completed
verify 686/3968 development_methods__eeg_fnirs_single_trial__subject_24__posterior__P1_beta__H1.0 completed
verify 687/3968 development_methods__eeg_fnirs_single_trial__subject_24__motor__P2__Hfull completed
verify 688/3968 development_methods__eeg_fnirs_single_trial__subject_24__motor__P1_tau__W1 completed
verify 689/3968 development_methods__eeg_fnirs_single_trial__subject_19__prefrontal__P2__W1 completed
verify 690/3968 development_methods__eeg_fnirs_single_trial__subject_24__motor__P1_beta__Hfull completed
verify 691/3968 development_methods__eeg_fnirs_single_trial__subject_24__posterior__P3__H0.25 completed
verify 692/3968 development_methods__eeg_fnirs_single_trial__subject_24__motor__P3__H4.0 completed
verify 693/3968 development_methods__eeg_fnirs_single_trial__subject_24__posterior__P1_tau__C1 completed
verify 694/3968 development_methods__eeg_fnirs_single_trial__subject_24__motor__P3__H1.0 completed
verify 695/3968 development_methods__eeg_fnirs_single_trial__subject_24__prefrontal__P1_beta__H0.25 completed
verify 696/3968 development_methods__eeg_fnirs_single_trial__subject_19__prefrontal__P1_beta__H4.0 completed
verify 697/3968 development_methods__eeg_fnirs_single_trial__subject_24__posterior__P2__H1.0 completed
verify 698/3968 development_methods__eeg_fnirs_single_trial__subject_24__posterior__P3__C0b completed
verify 699/3968 development_methods__eeg_fnirs_single_trial__subject_19__prefrontal__P1_tau__C0b completed
verify 700/3968 development_methods__eeg_fnirs_single_trial__subject_19__prefrontal__P2__H0.25 completed
verify 701/3968 development_methods__eeg_fnirs_single_trial__subject_24__prefrontal__P1_beta__Hfull completed
verify 702/3968 development_methods__eeg_fnirs_single_trial__subject_19__prefrontal__P1_tau__H4.0 completed
verify 703/3968 development_methods__eeg_fnirs_single_trial__subject_24__motor__P2__C1 completed
verify 704/3968 development_methods__eeg_fnirs_single_trial__subject_24__prefrontal__P1_beta__W1 completed
verify 705/3968 development_methods__eeg_fnirs_single_trial__subject_24__motor__P1_beta__C0b completed
verify 706/3968 development_methods__eeg_fnirs_single_trial__subject_19__prefrontal__P2__H1.0 completed
verify 707/3968 development_methods__eeg_fnirs_single_trial__subject_24__motor__P2__H1.0 completed
verify 708/3968 development_methods__eeg_fnirs_single_trial__subject_24__prefrontal__P1_tau__C1 completed
verify 709/3968 development_methods__eeg_fnirs_single_trial__subject_19__prefrontal__P1_tau__W1 completed
verify 710/3968 development_methods__eeg_fnirs_single_trial__subject_24__posterior__P2__Hfull completed
verify 711/3968 development_methods__eeg_fnirs_single_trial__subject_24__prefrontal__P1_tau__H1.0 completed
verify 712/3968 development_methods__eeg_fnirs_single_trial__subject_24__posterior__P2__W1 completed
verify 713/3968 development_methods__eeg_fnirs_single_trial__subject_19__prefrontal__P3__C1 completed
verify 714/3968 development_methods__eeg_fnirs_single_trial__subject_19__prefrontal__P3__W1 completed
verify 715/3968 development_methods__eeg_fnirs_single_trial__subject_24__motor__P3__Hfull completed
verify 716/3968 development_methods__eeg_fnirs_single_trial__subject_24__posterior__P2__H4.0 completed
verify 717/3968 development_methods__eeg_fnirs_single_trial__subject_19__prefrontal__P3__H4.0 completed
verify 718/3968 development_methods__eeg_fnirs_single_trial__subject_24__motor__P1_beta__H1.0 completed
verify 719/3968 development_methods__eeg_fnirs_single_trial__subject_24__motor__P1_tau__C0b completed
verify 720/3968 development_methods__eeg_fnirs_single_trial__subject_24__posterior__P2__C1 completed
verify 721/3968 development_methods__eeg_fnirs_single_trial__subject_24__posterior__P1_tau__Hfull completed
verify 722/3968 development_methods__eeg_fnirs_single_trial__subject_19__prefrontal__P2__C0b completed
verify 723/3968 development_methods__eeg_fnirs_single_trial__subject_24__posterior__P1_beta__H4.0 completed
verify 724/3968 development_methods__eeg_fnirs_single_trial__subject_24__motor__P2__W1 completed
verify 725/3968 development_methods__eeg_fnirs_single_trial__subject_24__posterior__P1_tau__H1.0 completed
verify 726/3968 development_methods__eeg_fnirs_single_trial__subject_19__prefrontal__P1_beta__W1 completed
verify 727/3968 development_methods__eeg_fnirs_single_trial__subject_24__motor__P3__C1 completed
verify 728/3968 development_methods__eeg_fnirs_single_trial__subject_24__posterior__P1_beta__C1 completed
verify 729/3968 development_methods__eeg_fnirs_single_trial__subject_24__motor__P1_tau__H1.0 completed
verify 730/3968 development_methods__eeg_fnirs_single_trial__subject_28__prefrontal__P1_beta__C1 completed
verify 731/3968 development_methods__eeg_fnirs_single_trial__subject_24__prefrontal__P1_tau__Hfull completed
verify 732/3968 development_methods__eeg_fnirs_single_trial__subject_28__motor__P2__W1 completed
verify 733/3968 development_methods__eeg_fnirs_single_trial__subject_28__posterior__P1_tau__H1.0 completed
verify 734/3968 development_methods__eeg_fnirs_single_trial__subject_28__posterior__P2__H0.25 completed
verify 735/3968 development_methods__eeg_fnirs_single_trial__subject_28__posterior__P1_tau__C0b completed
verify 736/3968 development_methods__eeg_fnirs_single_trial__subject_28__motor__P3__C0b completed
verify 737/3968 development_methods__eeg_fnirs_single_trial__subject_24__prefrontal__P1_tau__W1 completed
verify 738/3968 development_methods__eeg_fnirs_single_trial__subject_24__prefrontal__P1_tau__C0b completed
verify 739/3968 development_methods__eeg_fnirs_single_trial__subject_28__posterior__P1_beta__C0b completed
verify 740/3968 development_methods__eeg_fnirs_single_trial__subject_24__prefrontal__P3__C1 completed
verify 741/3968 development_methods__eeg_fnirs_single_trial__subject_28__posterior__P1_beta__H4.0 completed
verify 742/3968 development_methods__eeg_fnirs_single_trial__subject_28__posterior__P2__W1 completed
verify 743/3968 development_methods__eeg_fnirs_single_trial__subject_28__prefrontal__P1_beta__C0b completed
verify 744/3968 development_methods__eeg_fnirs_single_trial__subject_28__posterior__P2__Hfull completed
verify 745/3968 development_methods__eeg_fnirs_single_trial__subject_28__motor__P1_beta__H0.25 completed
verify 746/3968 development_methods__eeg_fnirs_single_trial__subject_28__motor__P3__C1 completed
verify 747/3968 development_methods__eeg_fnirs_single_trial__subject_28__motor__P1_beta__C1 completed
verify 748/3968 development_methods__eeg_fnirs_single_trial__subject_24__prefrontal__P2__H4.0 completed
verify 749/3968 development_methods__eeg_fnirs_single_trial__subject_24__prefrontal__P1_tau__H0.25 completed
verify 750/3968 development_methods__eeg_fnirs_single_trial__subject_28__posterior__P1_beta__W1 completed
verify 751/3968 development_methods__eeg_fnirs_single_trial__subject_28__motor__P1_tau__C1 completed
verify 752/3968 development_methods__eeg_fnirs_single_trial__subject_28__motor__P1_beta__Hfull completed
verify 753/3968 development_methods__eeg_fnirs_single_trial__subject_24__prefrontal__P2__H0.25 completed
verify 754/3968 development_methods__eeg_fnirs_single_trial__subject_28__posterior__P1_beta__Hfull completed
verify 755/3968 development_methods__eeg_fnirs_single_trial__subject_28__motor__P3__W1 completed
verify 756/3968 development_methods__eeg_fnirs_single_trial__subject_24__prefrontal__P3__W1 completed
verify 757/3968 development_methods__eeg_fnirs_single_trial__subject_24__prefrontal__P2__H1.0 completed
verify 758/3968 development_methods__eeg_fnirs_single_trial__subject_28__posterior__P2__H4.0 completed
verify 759/3968 development_methods__eeg_fnirs_single_trial__subject_28__posterior__P3__H1.0 completed
verify 760/3968 development_methods__eeg_fnirs_single_trial__subject_28__posterior__P1_beta__C1 completed
verify 761/3968 development_methods__eeg_fnirs_single_trial__subject_28__motor__P1_beta__C0b completed
verify 762/3968 development_methods__eeg_fnirs_single_trial__subject_28__motor__P2__Hfull completed
verify 763/3968 development_methods__eeg_fnirs_single_trial__subject_28__posterior__P3__C1 completed
verify 764/3968 development_methods__eeg_fnirs_single_trial__subject_28__posterior__P3__C0b completed
verify 765/3968 development_methods__eeg_fnirs_single_trial__subject_28__motor__P1_beta__H4.0 completed
verify 766/3968 development_methods__eeg_fnirs_single_trial__subject_28__posterior__P2__H1.0 completed
verify 767/3968 development_methods__eeg_fnirs_single_trial__subject_28__posterior__P3__Hfull completed
verify 768/3968 development_methods__eeg_fnirs_single_trial__subject_28__posterior__P1_tau__H0.25 completed
verify 769/3968 development_methods__eeg_fnirs_single_trial__subject_28__motor__P3__H4.0 completed
verify 770/3968 development_methods__eeg_fnirs_single_trial__subject_24__prefrontal__P2__C1 completed
verify 771/3968 development_methods__eeg_fnirs_single_trial__subject_28__motor__P1_tau__W1 completed
verify 772/3968 development_methods__eeg_fnirs_single_trial__subject_24__prefrontal__P2__C0b completed
verify 773/3968 development_methods__eeg_fnirs_single_trial__subject_28__posterior__P3__W1 completed
verify 774/3968 development_methods__eeg_fnirs_single_trial__subject_28__motor__P3__H1.0 completed
verify 775/3968 development_methods__eeg_fnirs_single_trial__subject_24__prefrontal__P3__H4.0 completed
verify 776/3968 development_methods__eeg_fnirs_single_trial__subject_28__posterior__P3__H4.0 completed
verify 777/3968 development_methods__eeg_fnirs_single_trial__subject_24__prefrontal__P3__H1.0 completed
verify 778/3968 development_methods__eeg_fnirs_single_trial__subject_24__prefrontal__P1_beta__H1.0 completed
verify 779/3968 development_methods__eeg_fnirs_single_trial__subject_28__motor__P2__H1.0 completed
verify 780/3968 development_methods__eeg_fnirs_single_trial__subject_28__motor__P2__H0.25 completed
verify 781/3968 development_methods__eeg_fnirs_single_trial__subject_28__posterior__P1_tau__C1 completed
verify 782/3968 development_methods__eeg_fnirs_single_trial__subject_28__motor__P2__C0b completed
verify 783/3968 development_methods__eeg_fnirs_single_trial__subject_28__motor__P1_tau__Hfull completed
verify 784/3968 development_methods__eeg_fnirs_single_trial__subject_28__posterior__P2__C1 completed
verify 785/3968 development_methods__eeg_fnirs_single_trial__subject_28__posterior__P1_tau__W1 completed
verify 786/3968 development_methods__eeg_fnirs_single_trial__subject_24__prefrontal__P3__H0.25 completed
verify 787/3968 development_methods__eeg_fnirs_single_trial__subject_24__prefrontal__P3__Hfull completed
verify 788/3968 development_methods__eeg_fnirs_single_trial__subject_24__prefrontal__P2__W1 completed
verify 789/3968 development_methods__eeg_fnirs_single_trial__subject_28__motor__P1_beta__H1.0 completed
verify 790/3968 development_methods__eeg_fnirs_single_trial__subject_28__motor__P1_beta__W1 completed
verify 791/3968 development_methods__eeg_fnirs_single_trial__subject_28__motor__P2__C1 completed
verify 792/3968 development_methods__eeg_fnirs_single_trial__subject_28__posterior__P1_beta__H1.0 completed
verify 793/3968 development_methods__eeg_fnirs_single_trial__subject_28__motor__P1_tau__H4.0 completed
verify 794/3968 development_methods__eeg_fnirs_single_trial__subject_28__motor__P1_tau__H0.25 completed
verify 795/3968 development_methods__eeg_fnirs_single_trial__subject_28__motor__P3__H0.25 completed
verify 796/3968 development_methods__eeg_fnirs_single_trial__subject_28__motor__P3__Hfull completed
verify 797/3968 development_methods__eeg_fnirs_single_trial__subject_28__posterior__P2__C0b completed
verify 798/3968 development_methods__eeg_fnirs_single_trial__subject_28__motor__P1_tau__H1.0 completed
verify 799/3968 development_methods__eeg_fnirs_single_trial__subject_24__prefrontal__P1_beta__C1 completed
verify 800/3968 development_methods__eeg_fnirs_single_trial__subject_28__motor__P1_tau__C0b completed
verify 801/3968 development_methods__eeg_fnirs_single_trial__subject_28__motor__P2__H4.0 completed
verify 802/3968 development_methods__eeg_fnirs_single_trial__subject_28__posterior__P1_beta__H0.25 completed
verify 803/3968 development_methods__eeg_fnirs_single_trial__subject_28__posterior__P1_tau__Hfull completed
verify 804/3968 development_methods__eeg_fnirs_single_trial__subject_24__prefrontal__P1_tau__H4.0 completed
verify 805/3968 development_methods__eeg_fnirs_single_trial__subject_24__prefrontal__P3__C0b completed
verify 806/3968 development_methods__eeg_fnirs_single_trial__subject_28__posterior__P1_tau__H4.0 completed
verify 807/3968 development_methods__eeg_fnirs_single_trial__subject_24__prefrontal__P2__Hfull completed
verify 808/3968 development_methods__simultaneous_eeg_nirs__VP003__motor__P3__C0b completed
verify 809/3968 development_methods__simultaneous_eeg_nirs__VP003__motor__P3__H4.0 completed
verify 810/3968 development_methods__eeg_fnirs_single_trial__subject_28__prefrontal__P3__H1.0 completed
verify 811/3968 development_methods__simultaneous_eeg_nirs__VP003__motor__P2__H0.25 completed
verify 812/3968 development_methods__eeg_fnirs_single_trial__subject_28__prefrontal__P2__C1 completed
verify 813/3968 development_methods__simultaneous_eeg_nirs__VP003__motor__P2__H1.0 completed
verify 814/3968 development_methods__simultaneous_eeg_nirs__VP003__posterior__P2__C0b completed
verify 815/3968 development_methods__eeg_fnirs_single_trial__subject_28__prefrontal__P3__W1 completed
verify 816/3968 development_methods__eeg_fnirs_single_trial__subject_28__prefrontal__P1_beta__Hfull completed
verify 817/3968 development_methods__eeg_fnirs_single_trial__subject_28__prefrontal__P1_beta__H1.0 completed
verify 818/3968 development_methods__simultaneous_eeg_nirs__VP003__posterior__P1_tau__W1 completed
verify 819/3968 development_methods__simultaneous_eeg_nirs__VP003__motor__P1_beta__H0.25 completed
verify 820/3968 development_methods__simultaneous_eeg_nirs__VP003__motor__P1_beta__Hfull completed
verify 821/3968 development_methods__simultaneous_eeg_nirs__VP003__posterior__P3__C0b completed
verify 822/3968 development_methods__eeg_fnirs_single_trial__subject_28__prefrontal__P1_tau__H4.0 completed
verify 823/3968 development_methods__eeg_fnirs_single_trial__subject_28__prefrontal__P1_beta__W1 completed
verify 824/3968 development_methods__simultaneous_eeg_nirs__VP003__motor__P1_tau__C1 completed
verify 825/3968 development_methods__simultaneous_eeg_nirs__VP003__motor__P3__C1 completed
verify 826/3968 development_methods__simultaneous_eeg_nirs__VP003__posterior__P1_tau__C1 completed
verify 827/3968 development_methods__simultaneous_eeg_nirs__VP003__motor__P2__C0b completed
verify 828/3968 development_methods__simultaneous_eeg_nirs__VP003__motor__P3__H0.25 completed
verify 829/3968 development_methods__simultaneous_eeg_nirs__VP003__motor__P3__H1.0 completed
verify 830/3968 development_methods__simultaneous_eeg_nirs__VP003__posterior__P2__C1 completed
verify 831/3968 development_methods__eeg_fnirs_single_trial__subject_28__prefrontal__P1_tau__H1.0 completed
verify 832/3968 development_methods__simultaneous_eeg_nirs__VP003__posterior__P2__H0.25 completed
verify 833/3968 development_methods__simultaneous_eeg_nirs__VP003__posterior__P1_tau__H1.0 completed
verify 834/3968 development_methods__eeg_fnirs_single_trial__subject_28__prefrontal__P2__H1.0 completed
verify 835/3968 development_methods__eeg_fnirs_single_trial__subject_28__prefrontal__P3__Hfull completed
verify 836/3968 development_methods__eeg_fnirs_single_trial__subject_28__prefrontal__P1_tau__C1 completed
verify 837/3968 development_methods__eeg_fnirs_single_trial__subject_28__prefrontal__P3__H4.0 completed
verify 838/3968 development_methods__simultaneous_eeg_nirs__VP003__motor__P3__Hfull completed
verify 839/3968 development_methods__simultaneous_eeg_nirs__VP003__posterior__P1_tau__H4.0 completed
verify 840/3968 development_methods__eeg_fnirs_single_trial__subject_28__prefrontal__P2__C0b completed
verify 841/3968 development_methods__eeg_fnirs_single_trial__subject_28__posterior__P3__H0.25 completed
verify 842/3968 development_methods__eeg_fnirs_single_trial__subject_28__prefrontal__P2__H4.0 completed
verify 843/3968 development_methods__eeg_fnirs_single_trial__subject_28__prefrontal__P1_beta__H4.0 completed
verify 844/3968 development_methods__simultaneous_eeg_nirs__VP003__posterior__P1_beta__H1.0 completed
verify 845/3968 development_methods__simultaneous_eeg_nirs__VP003__posterior__P1_tau__Hfull completed
verify 846/3968 development_methods__simultaneous_eeg_nirs__VP003__motor__P3__W1 completed
verify 847/3968 development_methods__simultaneous_eeg_nirs__VP003__motor__P2__H4.0 completed
verify 848/3968 development_methods__simultaneous_eeg_nirs__VP003__posterior__P3__H1.0 completed
verify 849/3968 development_methods__eeg_fnirs_single_trial__subject_28__prefrontal__P1_beta__H0.25 completed
verify 850/3968 development_methods__simultaneous_eeg_nirs__VP003__posterior__P1_beta__C1 completed
verify 851/3968 development_methods__simultaneous_eeg_nirs__VP003__motor__P1_tau__C0b completed
verify 852/3968 development_methods__simultaneous_eeg_nirs__VP003__motor__P1_tau__H4.0 completed
verify 853/3968 development_methods__eeg_fnirs_single_trial__subject_28__prefrontal__P1_tau__C0b completed
verify 854/3968 development_methods__eeg_fnirs_single_trial__subject_28__prefrontal__P3__C1 completed
verify 855/3968 development_methods__simultaneous_eeg_nirs__VP003__posterior__P1_beta__Hfull completed
verify 856/3968 development_methods__eeg_fnirs_single_trial__subject_28__prefrontal__P2__H0.25 completed
verify 857/3968 development_methods__simultaneous_eeg_nirs__VP003__posterior__P1_tau__C0b completed
verify 858/3968 development_methods__eeg_fnirs_single_trial__subject_28__prefrontal__P3__C0b completed
verify 859/3968 development_methods__simultaneous_eeg_nirs__VP003__posterior__P2__Hfull completed
verify 860/3968 development_methods__simultaneous_eeg_nirs__VP003__motor__P1_tau__Hfull completed
verify 861/3968 development_methods__simultaneous_eeg_nirs__VP003__posterior__P1_beta__H0.25 completed
verify 862/3968 development_methods__simultaneous_eeg_nirs__VP003__posterior__P1_beta__H4.0 completed
verify 863/3968 development_methods__eeg_fnirs_single_trial__subject_28__prefrontal__P3__H0.25 completed
verify 864/3968 development_methods__eeg_fnirs_single_trial__subject_28__prefrontal__P1_tau__W1 completed
verify 865/3968 development_methods__simultaneous_eeg_nirs__VP003__motor__P1_beta__C1 completed
verify 866/3968 development_methods__simultaneous_eeg_nirs__VP003__motor__P1_beta__H1.0 completed
verify 867/3968 development_methods__simultaneous_eeg_nirs__VP003__posterior__P1_beta__C0b completed
verify 868/3968 development_methods__simultaneous_eeg_nirs__VP003__motor__P1_tau__W1 completed
verify 869/3968 development_methods__simultaneous_eeg_nirs__VP003__motor__P1_beta__W1 completed
verify 870/3968 development_methods__simultaneous_eeg_nirs__VP003__posterior__P1_beta__W1 completed
verify 871/3968 development_methods__simultaneous_eeg_nirs__VP003__motor__P1_beta__H4.0 completed
verify 872/3968 development_methods__simultaneous_eeg_nirs__VP003__motor__P2__C1 completed
verify 873/3968 development_methods__simultaneous_eeg_nirs__VP003__motor__P2__Hfull completed
verify 874/3968 development_methods__eeg_fnirs_single_trial__subject_28__prefrontal__P1_tau__Hfull completed
verify 875/3968 development_methods__eeg_fnirs_single_trial__subject_28__prefrontal__P2__W1 completed
verify 876/3968 development_methods__eeg_fnirs_single_trial__subject_28__prefrontal__P1_tau__H0.25 completed
verify 877/3968 development_methods__simultaneous_eeg_nirs__VP003__motor__P1_tau__H1.0 completed
verify 878/3968 development_methods__simultaneous_eeg_nirs__VP003__motor__P2__W1 completed
verify 879/3968 development_methods__eeg_fnirs_single_trial__subject_28__prefrontal__P2__Hfull completed
verify 880/3968 development_methods__simultaneous_eeg_nirs__VP003__motor__P1_tau__H0.25 completed
verify 881/3968 development_methods__simultaneous_eeg_nirs__VP003__posterior__P1_tau__H0.25 completed
verify 882/3968 development_methods__simultaneous_eeg_nirs__VP003__motor__P1_beta__C0b completed
verify 883/3968 development_methods__simultaneous_eeg_nirs__VP006__motor__P1_tau__H1.0 completed
verify 884/3968 development_methods__simultaneous_eeg_nirs__VP003__posterior__P2__H4.0 completed
verify 885/3968 development_methods__simultaneous_eeg_nirs__VP006__motor__P2__H0.25 completed
verify 886/3968 development_methods__simultaneous_eeg_nirs__VP006__motor__P1_tau__H4.0 completed
verify 887/3968 development_methods__simultaneous_eeg_nirs__VP006__motor__P2__H1.0 completed
verify 888/3968 development_methods__simultaneous_eeg_nirs__VP006__posterior__P1_tau__C0b completed
verify 889/3968 development_methods__simultaneous_eeg_nirs__VP006__motor__P3__H4.0 completed
verify 890/3968 development_methods__simultaneous_eeg_nirs__VP003__prefrontal__P3__W1 completed
verify 891/3968 development_methods__simultaneous_eeg_nirs__VP006__motor__P1_tau__W1 completed
verify 892/3968 development_methods__simultaneous_eeg_nirs__VP003__posterior__P3__H4.0 completed
verify 893/3968 development_methods__simultaneous_eeg_nirs__VP003__prefrontal__P1_beta__H0.25 completed
verify 894/3968 development_methods__simultaneous_eeg_nirs__VP003__prefrontal__P1_tau__C0b completed
verify 895/3968 development_methods__simultaneous_eeg_nirs__VP003__prefrontal__P1_tau__C1 completed
verify 896/3968 development_methods__simultaneous_eeg_nirs__VP006__motor__P2__H4.0 completed
verify 897/3968 development_methods__simultaneous_eeg_nirs__VP003__prefrontal__P3__C0b completed
verify 898/3968 development_methods__simultaneous_eeg_nirs__VP003__prefrontal__P2__H1.0 completed
verify 899/3968 development_methods__simultaneous_eeg_nirs__VP003__prefrontal__P1_tau__H4.0 completed
verify 900/3968 development_methods__simultaneous_eeg_nirs__VP006__motor__P3__C1 completed
verify 901/3968 development_methods__simultaneous_eeg_nirs__VP006__posterior__P1_tau__H0.25 completed
verify 902/3968 development_methods__simultaneous_eeg_nirs__VP006__motor__P1_tau__Hfull completed
verify 903/3968 development_methods__simultaneous_eeg_nirs__VP003__prefrontal__P2__W1 completed
verify 904/3968 development_methods__simultaneous_eeg_nirs__VP003__posterior__P2__W1 completed
verify 905/3968 development_methods__simultaneous_eeg_nirs__VP006__posterior__P1_tau__H4.0 completed
verify 906/3968 development_methods__simultaneous_eeg_nirs__VP006__posterior__P1_beta__H1.0 completed
verify 907/3968 development_methods__simultaneous_eeg_nirs__VP006__motor__P3__Hfull completed
verify 908/3968 development_methods__simultaneous_eeg_nirs__VP003__prefrontal__P1_tau__Hfull completed
verify 909/3968 development_methods__simultaneous_eeg_nirs__VP006__motor__P1_beta__C1 completed
verify 910/3968 development_methods__simultaneous_eeg_nirs__VP006__motor__P3__W1 completed
verify 911/3968 development_methods__simultaneous_eeg_nirs__VP006__posterior__P2__C0b completed
verify 912/3968 development_methods__simultaneous_eeg_nirs__VP003__prefrontal__P3__H0.25 completed
verify 913/3968 development_methods__simultaneous_eeg_nirs__VP003__prefrontal__P2__C1 completed
verify 914/3968 development_methods__simultaneous_eeg_nirs__VP006__motor__P2__W1 completed
verify 915/3968 development_methods__simultaneous_eeg_nirs__VP003__prefrontal__P1_beta__C0b completed
verify 916/3968 development_methods__simultaneous_eeg_nirs__VP006__motor__P2__C1 completed
verify 917/3968 development_methods__simultaneous_eeg_nirs__VP006__motor__P1_tau__C0b completed
verify 918/3968 development_methods__simultaneous_eeg_nirs__VP003__posterior__P3__C1 completed
verify 919/3968 development_methods__simultaneous_eeg_nirs__VP006__motor__P1_beta__W1 completed
verify 920/3968 development_methods__simultaneous_eeg_nirs__VP006__motor__P3__H1.0 completed
verify 921/3968 development_methods__simultaneous_eeg_nirs__VP006__motor__P1_beta__H0.25 completed
verify 922/3968 development_methods__simultaneous_eeg_nirs__VP006__motor__P3__H0.25 completed
verify 923/3968 development_methods__simultaneous_eeg_nirs__VP003__prefrontal__P1_beta__H4.0 completed
verify 924/3968 development_methods__simultaneous_eeg_nirs__VP003__prefrontal__P2__H4.0 completed
verify 925/3968 development_methods__simultaneous_eeg_nirs__VP003__prefrontal__P1_beta__Hfull completed
verify 926/3968 development_methods__simultaneous_eeg_nirs__VP003__posterior__P3__W1 completed
verify 927/3968 development_methods__simultaneous_eeg_nirs__VP006__posterior__P1_tau__H1.0 completed
verify 928/3968 development_methods__simultaneous_eeg_nirs__VP003__prefrontal__P2__C0b completed
verify 929/3968 development_methods__simultaneous_eeg_nirs__VP003__posterior__P3__Hfull completed
verify 930/3968 development_methods__simultaneous_eeg_nirs__VP006__motor__P1_tau__H0.25 completed
verify 931/3968 development_methods__simultaneous_eeg_nirs__VP003__prefrontal__P1_beta__H1.0 completed
verify 932/3968 development_methods__simultaneous_eeg_nirs__VP003__prefrontal__P1_beta__W1 completed
verify 933/3968 development_methods__simultaneous_eeg_nirs__VP006__motor__P2__C0b completed
verify 934/3968 development_methods__simultaneous_eeg_nirs__VP003__posterior__P2__H1.0 completed
verify 935/3968 development_methods__simultaneous_eeg_nirs__VP006__posterior__P1_beta__Hfull completed
verify 936/3968 development_methods__simultaneous_eeg_nirs__VP003__prefrontal__P2__H0.25 completed
verify 937/3968 development_methods__simultaneous_eeg_nirs__VP006__posterior__P1_beta__H0.25 completed
verify 938/3968 development_methods__simultaneous_eeg_nirs__VP006__posterior__P1_beta__C0b completed
verify 939/3968 development_methods__simultaneous_eeg_nirs__VP006__motor__P3__C0b completed
verify 940/3968 development_methods__simultaneous_eeg_nirs__VP003__prefrontal__P1_tau__H1.0 completed
verify 941/3968 development_methods__simultaneous_eeg_nirs__VP006__posterior__P1_beta__W1 completed
verify 942/3968 development_methods__simultaneous_eeg_nirs__VP003__prefrontal__P1_tau__W1 completed
verify 943/3968 development_methods__simultaneous_eeg_nirs__VP003__prefrontal__P1_beta__C1 completed
verify 944/3968 development_methods__simultaneous_eeg_nirs__VP003__posterior__P3__H0.25 completed
verify 945/3968 development_methods__simultaneous_eeg_nirs__VP006__motor__P1_tau__C1 completed
verify 946/3968 development_methods__simultaneous_eeg_nirs__VP003__prefrontal__P2__Hfull completed
verify 947/3968 development_methods__simultaneous_eeg_nirs__VP003__prefrontal__P3__H1.0 completed
verify 948/3968 development_methods__simultaneous_eeg_nirs__VP006__motor__P1_beta__C0b completed
verify 949/3968 development_methods__simultaneous_eeg_nirs__VP006__posterior__P1_beta__C1 completed
verify 950/3968 development_methods__simultaneous_eeg_nirs__VP006__posterior__P1_tau__C1 completed
verify 951/3968 development_methods__simultaneous_eeg_nirs__VP003__prefrontal__P3__Hfull completed
verify 952/3968 development_methods__simultaneous_eeg_nirs__VP006__motor__P1_beta__H4.0 completed
verify 953/3968 development_methods__simultaneous_eeg_nirs__VP006__motor__P1_beta__H1.0 completed
verify 954/3968 development_methods__simultaneous_eeg_nirs__VP006__posterior__P2__C1 completed
verify 955/3968 development_methods__simultaneous_eeg_nirs__VP003__prefrontal__P3__H4.0 completed
verify 956/3968 development_methods__simultaneous_eeg_nirs__VP003__prefrontal__P3__C1 completed
verify 957/3968 development_methods__simultaneous_eeg_nirs__VP006__motor__P2__Hfull completed
verify 958/3968 development_methods__simultaneous_eeg_nirs__VP006__motor__P1_beta__Hfull completed
verify 959/3968 development_methods__simultaneous_eeg_nirs__VP003__prefrontal__P1_tau__H0.25 completed
verify 960/3968 development_methods__simultaneous_eeg_nirs__VP006__prefrontal__P1_beta__H1.0 completed
verify 961/3968 development_methods__simultaneous_eeg_nirs__VP009__posterior__P1_beta__H0.25 completed
verify 962/3968 development_methods__simultaneous_eeg_nirs__VP006__prefrontal__P1_tau__W1 completed
verify 963/3968 development_methods__simultaneous_eeg_nirs__VP009__motor__P3__H1.0 completed
verify 964/3968 development_methods__simultaneous_eeg_nirs__VP006__prefrontal__P1_beta__H0.25 completed
verify 965/3968 development_methods__simultaneous_eeg_nirs__VP006__prefrontal__P1_beta__H4.0 completed
verify 966/3968 development_methods__simultaneous_eeg_nirs__VP009__motor__P2__C1 completed
verify 967/3968 development_methods__simultaneous_eeg_nirs__VP009__posterior__P1_beta__H1.0 completed
verify 968/3968 development_methods__simultaneous_eeg_nirs__VP009__motor__P2__H4.0 completed
verify 969/3968 development_methods__simultaneous_eeg_nirs__VP009__motor__P1_beta__H1.0 completed
verify 970/3968 development_methods__simultaneous_eeg_nirs__VP006__prefrontal__P3__Hfull completed
verify 971/3968 development_methods__simultaneous_eeg_nirs__VP009__posterior__P1_tau__C0b completed
verify 972/3968 development_methods__simultaneous_eeg_nirs__VP009__motor__P1_tau__C0b completed
verify 973/3968 development_methods__simultaneous_eeg_nirs__VP009__posterior__P1_beta__Hfull completed
verify 974/3968 development_methods__simultaneous_eeg_nirs__VP009__motor__P3__H0.25 completed
verify 975/3968 development_methods__simultaneous_eeg_nirs__VP006__prefrontal__P1_tau__H0.25 completed
verify 976/3968 development_methods__simultaneous_eeg_nirs__VP006__posterior__P2__Hfull completed
verify 977/3968 development_methods__simultaneous_eeg_nirs__VP006__posterior__P2__W1 completed
verify 978/3968 development_methods__simultaneous_eeg_nirs__VP006__prefrontal__P2__C0b completed
verify 979/3968 development_methods__simultaneous_eeg_nirs__VP006__prefrontal__P1_tau__C1 completed
verify 980/3968 development_methods__simultaneous_eeg_nirs__VP009__motor__P1_tau__C1 completed
verify 981/3968 development_methods__simultaneous_eeg_nirs__VP006__prefrontal__P2__C1 completed
verify 982/3968 development_methods__simultaneous_eeg_nirs__VP006__prefrontal__P3__W1 completed
verify 983/3968 development_methods__simultaneous_eeg_nirs__VP006__posterior__P3__H1.0 completed
verify 984/3968 development_methods__simultaneous_eeg_nirs__VP006__prefrontal__P1_beta__Hfull completed
verify 985/3968 development_methods__simultaneous_eeg_nirs__VP006__prefrontal__P2__Hfull completed
verify 986/3968 development_methods__simultaneous_eeg_nirs__VP006__prefrontal__P2__H0.25 completed
verify 987/3968 development_methods__simultaneous_eeg_nirs__VP006__prefrontal__P1_beta__C0b completed
verify 988/3968 development_methods__simultaneous_eeg_nirs__VP009__motor__P3__W1 completed
verify 989/3968 development_methods__simultaneous_eeg_nirs__VP006__posterior__P3__W1 completed
verify 990/3968 development_methods__simultaneous_eeg_nirs__VP006__prefrontal__P3__H0.25 completed
verify 991/3968 development_methods__simultaneous_eeg_nirs__VP009__motor__P1_tau__H1.0 completed
verify 992/3968 development_methods__simultaneous_eeg_nirs__VP006__prefrontal__P1_tau__C0b completed
verify 993/3968 development_methods__simultaneous_eeg_nirs__VP006__prefrontal__P3__C0b completed
verify 994/3968 development_methods__simultaneous_eeg_nirs__VP009__motor__P1_beta__H0.25 completed
verify 995/3968 development_methods__simultaneous_eeg_nirs__VP006__posterior__P3__Hfull completed
verify 996/3968 development_methods__simultaneous_eeg_nirs__VP009__motor__P1_tau__W1 completed
verify 997/3968 development_methods__simultaneous_eeg_nirs__VP006__posterior__P2__H0.25 completed
verify 998/3968 development_methods__simultaneous_eeg_nirs__VP009__motor__P2__Hfull completed
verify 999/3968 development_methods__simultaneous_eeg_nirs__VP009__posterior__P1_beta__C1 completed
verify 1000/3968 development_methods__simultaneous_eeg_nirs__VP009__motor__P1_beta__C1 completed
verify 1001/3968 development_methods__simultaneous_eeg_nirs__VP006__posterior__P1_tau__Hfull completed
verify 1002/3968 development_methods__simultaneous_eeg_nirs__VP009__motor__P1_beta__C0b completed
verify 1003/3968 development_methods__simultaneous_eeg_nirs__VP006__prefrontal__P1_tau__H1.0 completed
verify 1004/3968 development_methods__simultaneous_eeg_nirs__VP009__motor__P2__W1 completed
verify 1005/3968 development_methods__simultaneous_eeg_nirs__VP006__posterior__P3__H0.25 completed
verify 1006/3968 development_methods__simultaneous_eeg_nirs__VP009__motor__P1_beta__W1 completed
verify 1007/3968 development_methods__simultaneous_eeg_nirs__VP006__prefrontal__P2__W1 completed
verify 1008/3968 development_methods__simultaneous_eeg_nirs__VP006__posterior__P3__H4.0 completed
verify 1009/3968 development_methods__simultaneous_eeg_nirs__VP006__prefrontal__P3__H1.0 completed
verify 1010/3968 development_methods__simultaneous_eeg_nirs__VP006__posterior__P3__C1 completed
verify 1011/3968 development_methods__simultaneous_eeg_nirs__VP009__motor__P2__H1.0 completed
verify 1012/3968 development_methods__simultaneous_eeg_nirs__VP009__motor__P3__C0b completed
verify 1013/3968 development_methods__simultaneous_eeg_nirs__VP009__posterior__P1_tau__H4.0 completed
verify 1014/3968 development_methods__simultaneous_eeg_nirs__VP006__prefrontal__P2__H4.0 completed
verify 1015/3968 development_methods__simultaneous_eeg_nirs__VP006__prefrontal__P3__C1 completed
verify 1016/3968 development_methods__simultaneous_eeg_nirs__VP009__motor__P1_tau__H0.25 completed
verify 1017/3968 development_methods__simultaneous_eeg_nirs__VP006__posterior__P2__H4.0 completed
verify 1018/3968 development_methods__simultaneous_eeg_nirs__VP009__motor__P2__H0.25 completed
verify 1019/3968 development_methods__simultaneous_eeg_nirs__VP006__prefrontal__P2__H1.0 completed
verify 1020/3968 development_methods__simultaneous_eeg_nirs__VP009__motor__P1_tau__H4.0 completed
verify 1021/3968 development_methods__simultaneous_eeg_nirs__VP009__motor__P1_beta__H4.0 completed
verify 1022/3968 development_methods__simultaneous_eeg_nirs__VP009__motor__P3__Hfull completed
verify 1023/3968 development_methods__simultaneous_eeg_nirs__VP006__prefrontal__P3__H4.0 completed
verify 1024/3968 development_methods__simultaneous_eeg_nirs__VP006__prefrontal__P1_tau__Hfull completed
verify 1025/3968 development_methods__simultaneous_eeg_nirs__VP009__motor__P2__C0b completed
verify 1026/3968 development_methods__simultaneous_eeg_nirs__VP006__posterior__P2__H1.0 completed
verify 1027/3968 development_methods__simultaneous_eeg_nirs__VP006__prefrontal__P1_beta__C1 completed
verify 1028/3968 development_methods__simultaneous_eeg_nirs__VP009__posterior__P1_beta__C0b completed
verify 1029/3968 development_methods__simultaneous_eeg_nirs__VP009__motor__P3__C1 completed
verify 1030/3968 development_methods__simultaneous_eeg_nirs__VP006__prefrontal__P1_tau__H4.0 completed
verify 1031/3968 development_methods__simultaneous_eeg_nirs__VP009__motor__P3__H4.0 completed
verify 1032/3968 development_methods__simultaneous_eeg_nirs__VP006__posterior__P3__C0b completed
verify 1033/3968 development_methods__simultaneous_eeg_nirs__VP006__posterior__P1_tau__W1 completed
verify 1034/3968 development_methods__simultaneous_eeg_nirs__VP006__posterior__P1_beta__H4.0 completed
verify 1035/3968 development_methods__simultaneous_eeg_nirs__VP006__prefrontal__P1_beta__W1 completed
verify 1036/3968 development_methods__simultaneous_eeg_nirs__VP009__motor__P1_tau__Hfull completed
verify 1037/3968 development_methods__simultaneous_eeg_nirs__VP009__motor__P1_beta__Hfull completed
verify 1038/3968 development_methods__simultaneous_eeg_nirs__VP009__posterior__P2__C1 completed
verify 1039/3968 development_methods__simultaneous_eeg_nirs__VP009__prefrontal__P2__W1 completed
verify 1040/3968 development_methods__simultaneous_eeg_nirs__VP009__prefrontal__P3__C0b completed
verify 1041/3968 development_methods__simultaneous_eeg_nirs__VP013__motor__P3__H4.0 completed
verify 1042/3968 development_methods__simultaneous_eeg_nirs__VP013__motor__P1_tau__W1 completed
verify 1043/3968 development_methods__simultaneous_eeg_nirs__VP013__motor__P1_tau__C0b completed
verify 1044/3968 development_methods__simultaneous_eeg_nirs__VP013__motor__P1_tau__Hfull completed
verify 1045/3968 development_methods__simultaneous_eeg_nirs__VP013__posterior__P1_beta__H1.0 completed
verify 1046/3968 development_methods__simultaneous_eeg_nirs__VP009__prefrontal__P3__W1 completed
verify 1047/3968 development_methods__simultaneous_eeg_nirs__VP009__prefrontal__P1_beta__C0b completed
verify 1048/3968 development_methods__simultaneous_eeg_nirs__VP009__prefrontal__P3__Hfull completed
verify 1049/3968 development_methods__simultaneous_eeg_nirs__VP009__prefrontal__P2__C1 completed
verify 1050/3968 development_methods__simultaneous_eeg_nirs__VP013__motor__P1_beta__Hfull completed
verify 1051/3968 development_methods__simultaneous_eeg_nirs__VP009__posterior__P2__Hfull completed
verify 1052/3968 development_methods__simultaneous_eeg_nirs__VP009__posterior__P3__C0b completed
verify 1053/3968 development_methods__simultaneous_eeg_nirs__VP013__motor__P2__H1.0 completed
verify 1054/3968 development_methods__simultaneous_eeg_nirs__VP009__posterior__P3__W1 completed
verify 1055/3968 development_methods__simultaneous_eeg_nirs__VP009__prefrontal__P1_tau__W1 completed
verify 1056/3968 development_methods__simultaneous_eeg_nirs__VP009__prefrontal__P2__H1.0 completed
verify 1057/3968 development_methods__simultaneous_eeg_nirs__VP013__posterior__P1_beta__W1 completed
verify 1058/3968 development_methods__simultaneous_eeg_nirs__VP009__prefrontal__P1_tau__H4.0 completed
verify 1059/3968 development_methods__simultaneous_eeg_nirs__VP013__motor__P1_tau__H1.0 completed
verify 1060/3968 development_methods__simultaneous_eeg_nirs__VP009__prefrontal__P1_tau__Hfull completed
verify 1061/3968 development_methods__simultaneous_eeg_nirs__VP013__motor__P3__H0.25 completed
verify 1062/3968 development_methods__simultaneous_eeg_nirs__VP009__posterior__P1_tau__C1 completed
verify 1063/3968 development_methods__simultaneous_eeg_nirs__VP009__posterior__P2__H0.25 completed
verify 1064/3968 development_methods__simultaneous_eeg_nirs__VP009__posterior__P3__H1.0 completed
verify 1065/3968 development_methods__simultaneous_eeg_nirs__VP009__posterior__P2__H1.0 completed
verify 1066/3968 development_methods__simultaneous_eeg_nirs__VP009__prefrontal__P1_beta__C1 completed
verify 1067/3968 development_methods__simultaneous_eeg_nirs__VP009__prefrontal__P1_tau__C1 completed
verify 1068/3968 development_methods__simultaneous_eeg_nirs__VP013__motor__P3__W1 completed
verify 1069/3968 development_methods__simultaneous_eeg_nirs__VP009__prefrontal__P2__H0.25 completed
verify 1070/3968 development_methods__simultaneous_eeg_nirs__VP009__posterior__P3__H0.25 completed
verify 1071/3968 development_methods__simultaneous_eeg_nirs__VP009__prefrontal__P2__Hfull completed
verify 1072/3968 development_methods__simultaneous_eeg_nirs__VP009__posterior__P2__H4.0 completed
verify 1073/3968 development_methods__simultaneous_eeg_nirs__VP009__prefrontal__P2__C0b completed
verify 1074/3968 development_methods__simultaneous_eeg_nirs__VP009__prefrontal__P1_beta__H4.0 completed
verify 1075/3968 development_methods__simultaneous_eeg_nirs__VP009__posterior__P1_tau__H1.0 completed
verify 1076/3968 development_methods__simultaneous_eeg_nirs__VP009__prefrontal__P2__H4.0 completed
verify 1077/3968 development_methods__simultaneous_eeg_nirs__VP013__motor__P2__Hfull completed
verify 1078/3968 development_methods__simultaneous_eeg_nirs__VP013__motor__P2__H0.25 completed
verify 1079/3968 development_methods__simultaneous_eeg_nirs__VP009__prefrontal__P1_beta__H0.25 completed
verify 1080/3968 development_methods__simultaneous_eeg_nirs__VP009__posterior__P2__W1 completed
verify 1081/3968 development_methods__simultaneous_eeg_nirs__VP013__motor__P1_beta__H1.0 completed
verify 1082/3968 development_methods__simultaneous_eeg_nirs__VP013__motor__P1_tau__H4.0 completed
verify 1083/3968 development_methods__simultaneous_eeg_nirs__VP013__motor__P3__C0b completed
verify 1084/3968 development_methods__simultaneous_eeg_nirs__VP009__prefrontal__P1_beta__H1.0 completed
verify 1085/3968 development_methods__simultaneous_eeg_nirs__VP009__prefrontal__P1_beta__Hfull completed
verify 1086/3968 development_methods__simultaneous_eeg_nirs__VP009__prefrontal__P3__H0.25 completed
verify 1087/3968 development_methods__simultaneous_eeg_nirs__VP013__motor__P2__C1 completed
verify 1088/3968 development_methods__simultaneous_eeg_nirs__VP013__posterior__P1_beta__H0.25 completed
verify 1089/3968 development_methods__simultaneous_eeg_nirs__VP013__motor__P1_tau__H0.25 completed
verify 1090/3968 development_methods__simultaneous_eeg_nirs__VP013__motor__P1_beta__W1 completed
verify 1091/3968 development_methods__simultaneous_eeg_nirs__VP013__motor__P2__C0b completed
verify 1092/3968 development_methods__simultaneous_eeg_nirs__VP013__motor__P2__W1 completed
verify 1093/3968 development_methods__simultaneous_eeg_nirs__VP013__motor__P1_beta__C0b completed
verify 1094/3968 development_methods__simultaneous_eeg_nirs__VP009__posterior__P3__H4.0 completed
verify 1095/3968 development_methods__simultaneous_eeg_nirs__VP013__posterior__P1_beta__C1 completed
verify 1096/3968 development_methods__simultaneous_eeg_nirs__VP009__posterior__P1_beta__W1 completed
verify 1097/3968 development_methods__simultaneous_eeg_nirs__VP009__prefrontal__P1_tau__H0.25 completed
verify 1098/3968 development_methods__simultaneous_eeg_nirs__VP009__prefrontal__P1_tau__C0b completed
verify 1099/3968 development_methods__simultaneous_eeg_nirs__VP013__motor__P1_beta__H0.25 completed
verify 1100/3968 development_methods__simultaneous_eeg_nirs__VP009__prefrontal__P1_beta__W1 completed
verify 1101/3968 development_methods__simultaneous_eeg_nirs__VP009__posterior__P3__C1 completed
verify 1102/3968 development_methods__simultaneous_eeg_nirs__VP013__posterior__P1_beta__C0b completed
verify 1103/3968 development_methods__simultaneous_eeg_nirs__VP013__motor__P1_tau__C1 completed
verify 1104/3968 development_methods__simultaneous_eeg_nirs__VP009__prefrontal__P1_tau__H1.0 completed
verify 1105/3968 development_methods__simultaneous_eeg_nirs__VP009__posterior__P1_tau__H0.25 completed
verify 1106/3968 development_methods__simultaneous_eeg_nirs__VP009__posterior__P1_beta__H4.0 completed
verify 1107/3968 development_methods__simultaneous_eeg_nirs__VP009__posterior__P1_tau__W1 completed
verify 1108/3968 development_methods__simultaneous_eeg_nirs__VP009__posterior__P3__Hfull completed
verify 1109/3968 development_methods__simultaneous_eeg_nirs__VP009__posterior__P2__C0b completed
verify 1110/3968 development_methods__simultaneous_eeg_nirs__VP009__prefrontal__P3__H4.0 completed
verify 1111/3968 development_methods__simultaneous_eeg_nirs__VP013__motor__P2__H4.0 completed
verify 1112/3968 development_methods__simultaneous_eeg_nirs__VP009__prefrontal__P3__C1 completed
verify 1113/3968 development_methods__simultaneous_eeg_nirs__VP009__posterior__P1_tau__Hfull completed
verify 1114/3968 development_methods__simultaneous_eeg_nirs__VP009__prefrontal__P3__H1.0 completed
verify 1115/3968 development_methods__simultaneous_eeg_nirs__VP013__motor__P3__C1 completed
verify 1116/3968 development_methods__simultaneous_eeg_nirs__VP013__motor__P1_beta__C1 completed
verify 1117/3968 development_methods__simultaneous_eeg_nirs__VP013__motor__P1_beta__H4.0 completed
verify 1118/3968 development_methods__simultaneous_eeg_nirs__VP013__posterior__P1_beta__H4.0 completed
verify 1119/3968 development_methods__simultaneous_eeg_nirs__VP013__motor__P3__H1.0 completed
verify 1120/3968 development_methods__simultaneous_eeg_nirs__VP013__motor__P3__Hfull completed
verify 1121/3968 development_methods__simultaneous_eeg_nirs__VP019__motor__P1_tau__W1 completed
verify 1122/3968 development_methods__simultaneous_eeg_nirs__VP019__posterior__P1_beta__H0.25 completed
verify 1123/3968 development_methods__simultaneous_eeg_nirs__VP013__posterior__P3__H1.0 completed
verify 1124/3968 development_methods__simultaneous_eeg_nirs__VP019__motor__P2__H0.25 completed
verify 1125/3968 development_methods__simultaneous_eeg_nirs__VP013__posterior__P2__C1 completed
verify 1126/3968 development_methods__simultaneous_eeg_nirs__VP013__prefrontal__P1_beta__H4.0 completed
verify 1127/3968 development_methods__simultaneous_eeg_nirs__VP019__motor__P1_beta__W1 completed
verify 1128/3968 development_methods__simultaneous_eeg_nirs__VP019__motor__P2__H1.0 completed
verify 1129/3968 development_methods__simultaneous_eeg_nirs__VP019__motor__P1_beta__C1 completed
verify 1130/3968 development_methods__simultaneous_eeg_nirs__VP013__prefrontal__P2__H0.25 completed
verify 1131/3968 development_methods__simultaneous_eeg_nirs__VP013__prefrontal__P1_tau__H4.0 completed
verify 1132/3968 development_methods__simultaneous_eeg_nirs__VP013__posterior__P3__C1 completed
verify 1133/3968 development_methods__simultaneous_eeg_nirs__VP013__posterior__P1_beta__Hfull completed
verify 1134/3968 development_methods__simultaneous_eeg_nirs__VP019__motor__P1_beta__H0.25 completed
verify 1135/3968 development_methods__simultaneous_eeg_nirs__VP013__prefrontal__P1_beta__C0b completed
verify 1136/3968 development_methods__simultaneous_eeg_nirs__VP019__posterior__P1_beta__C1 completed
verify 1137/3968 development_methods__simultaneous_eeg_nirs__VP013__prefrontal__P3__C1 completed
verify 1138/3968 development_methods__simultaneous_eeg_nirs__VP019__motor__P2__W1 completed
verify 1139/3968 development_methods__simultaneous_eeg_nirs__VP013__prefrontal__P1_tau__C0b completed
verify 1140/3968 development_methods__simultaneous_eeg_nirs__VP013__prefrontal__P1_beta__W1 completed
verify 1141/3968 development_methods__simultaneous_eeg_nirs__VP019__motor__P3__Hfull completed
verify 1142/3968 development_methods__simultaneous_eeg_nirs__VP019__motor__P2__C0b completed
verify 1143/3968 development_methods__simultaneous_eeg_nirs__VP013__prefrontal__P2__Hfull completed
verify 1144/3968 development_methods__simultaneous_eeg_nirs__VP013__prefrontal__P2__W1 completed
verify 1145/3968 development_methods__simultaneous_eeg_nirs__VP013__posterior__P1_tau__W1 completed
verify 1146/3968 development_methods__simultaneous_eeg_nirs__VP019__motor__P3__C1 completed
verify 1147/3968 development_methods__simultaneous_eeg_nirs__VP013__prefrontal__P3__C0b completed
verify 1148/3968 development_methods__simultaneous_eeg_nirs__VP019__posterior__P1_beta__H1.0 completed
verify 1149/3968 development_methods__simultaneous_eeg_nirs__VP019__motor__P1_beta__Hfull completed
verify 1150/3968 development_methods__simultaneous_eeg_nirs__VP019__posterior__P1_beta__C0b completed
verify 1151/3968 development_methods__simultaneous_eeg_nirs__VP013__prefrontal__P2__C0b completed
verify 1152/3968 development_methods__simultaneous_eeg_nirs__VP019__motor__P1_beta__C0b completed
verify 1153/3968 development_methods__simultaneous_eeg_nirs__VP013__prefrontal__P2__H4.0 completed
verify 1154/3968 development_methods__simultaneous_eeg_nirs__VP013__posterior__P2__C0b completed
verify 1155/3968 development_methods__simultaneous_eeg_nirs__VP013__prefrontal__P1_beta__H1.0 completed
verify 1156/3968 development_methods__simultaneous_eeg_nirs__VP013__prefrontal__P3__H1.0 completed
verify 1157/3968 development_methods__simultaneous_eeg_nirs__VP013__prefrontal__P3__H0.25 completed
verify 1158/3968 development_methods__simultaneous_eeg_nirs__VP013__prefrontal__P3__Hfull completed
verify 1159/3968 development_methods__simultaneous_eeg_nirs__VP013__posterior__P1_tau__C0b completed
verify 1160/3968 development_methods__simultaneous_eeg_nirs__VP013__prefrontal__P1_beta__Hfull completed
verify 1161/3968 development_methods__simultaneous_eeg_nirs__VP019__motor__P1_tau__H1.0 completed
verify 1162/3968 development_methods__simultaneous_eeg_nirs__VP013__posterior__P3__C0b completed
verify 1163/3968 development_methods__simultaneous_eeg_nirs__VP013__prefrontal__P1_beta__C1 completed
verify 1164/3968 development_methods__simultaneous_eeg_nirs__VP013__posterior__P2__Hfull completed
verify 1165/3968 development_methods__simultaneous_eeg_nirs__VP013__prefrontal__P2__C1 completed
verify 1166/3968 development_methods__simultaneous_eeg_nirs__VP019__motor__P2__H4.0 completed
verify 1167/3968 development_methods__simultaneous_eeg_nirs__VP013__prefrontal__P1_beta__H0.25 completed
verify 1168/3968 development_methods__simultaneous_eeg_nirs__VP013__posterior__P1_tau__Hfull completed
verify 1169/3968 development_methods__simultaneous_eeg_nirs__VP013__posterior__P1_tau__C1 completed
verify 1170/3968 development_methods__simultaneous_eeg_nirs__VP019__motor__P1_beta__H1.0 completed
verify 1171/3968 development_methods__simultaneous_eeg_nirs__VP013__posterior__P1_tau__H4.0 completed
verify 1172/3968 development_methods__simultaneous_eeg_nirs__VP013__prefrontal__P1_tau__Hfull completed
verify 1173/3968 development_methods__simultaneous_eeg_nirs__VP019__motor__P1_tau__H4.0 completed
verify 1174/3968 development_methods__simultaneous_eeg_nirs__VP019__motor__P3__C0b completed
verify 1175/3968 development_methods__simultaneous_eeg_nirs__VP019__motor__P1_tau__H0.25 completed
verify 1176/3968 development_methods__simultaneous_eeg_nirs__VP019__motor__P3__H4.0 completed
verify 1177/3968 development_methods__simultaneous_eeg_nirs__VP019__motor__P1_tau__C0b completed
verify 1178/3968 development_methods__simultaneous_eeg_nirs__VP013__prefrontal__P2__H1.0 completed
verify 1179/3968 development_methods__simultaneous_eeg_nirs__VP013__posterior__P2__H0.25 completed
verify 1180/3968 development_methods__simultaneous_eeg_nirs__VP013__posterior__P2__H4.0 completed
verify 1181/3968 development_methods__simultaneous_eeg_nirs__VP013__posterior__P2__H1.0 completed
verify 1182/3968 development_methods__simultaneous_eeg_nirs__VP013__prefrontal__P3__W1 completed
verify 1183/3968 development_methods__simultaneous_eeg_nirs__VP013__posterior__P3__W1 completed
verify 1184/3968 development_methods__simultaneous_eeg_nirs__VP013__prefrontal__P1_tau__H0.25 completed
verify 1185/3968 development_methods__simultaneous_eeg_nirs__VP013__posterior__P1_tau__H0.25 completed
verify 1186/3968 development_methods__simultaneous_eeg_nirs__VP013__posterior__P3__Hfull completed
verify 1187/3968 development_methods__simultaneous_eeg_nirs__VP019__motor__P3__W1 completed
verify 1188/3968 development_methods__simultaneous_eeg_nirs__VP019__motor__P1_beta__H4.0 completed
verify 1189/3968 development_methods__simultaneous_eeg_nirs__VP019__motor__P1_tau__C1 completed
verify 1190/3968 development_methods__simultaneous_eeg_nirs__VP013__prefrontal__P1_tau__H1.0 completed
verify 1191/3968 development_methods__simultaneous_eeg_nirs__VP013__prefrontal__P3__H4.0 completed
verify 1192/3968 development_methods__simultaneous_eeg_nirs__VP013__posterior__P1_tau__H1.0 completed
verify 1193/3968 development_methods__simultaneous_eeg_nirs__VP019__motor__P2__C1 completed
verify 1194/3968 development_methods__simultaneous_eeg_nirs__VP013__posterior__P3__H4.0 completed
verify 1195/3968 development_methods__simultaneous_eeg_nirs__VP013__posterior__P2__W1 completed
verify 1196/3968 development_methods__simultaneous_eeg_nirs__VP019__motor__P2__Hfull completed
verify 1197/3968 development_methods__simultaneous_eeg_nirs__VP013__posterior__P3__H0.25 completed
verify 1198/3968 development_methods__simultaneous_eeg_nirs__VP019__motor__P1_tau__Hfull completed
verify 1199/3968 development_methods__simultaneous_eeg_nirs__VP013__prefrontal__P1_tau__C1 completed
verify 1200/3968 development_methods__simultaneous_eeg_nirs__VP013__prefrontal__P1_tau__W1 completed
verify 1201/3968 development_methods__simultaneous_eeg_nirs__VP019__prefrontal__P1_tau__W1 completed
verify 1202/3968 development_methods__simultaneous_eeg_nirs__VP019__posterior__P1_tau__C1 completed
verify 1203/3968 development_methods__simultaneous_eeg_nirs__VP020__motor__P1_beta__H4.0 completed
verify 1204/3968 development_methods__simultaneous_eeg_nirs__VP019__posterior__P2__H4.0 completed
verify 1205/3968 development_methods__simultaneous_eeg_nirs__VP019__prefrontal__P1_beta__C1 completed
verify 1206/3968 development_methods__simultaneous_eeg_nirs__VP020__motor__P1_tau__C1 completed
verify 1207/3968 development_methods__simultaneous_eeg_nirs__VP020__motor__P1_beta__C1 completed
verify 1208/3968 development_methods__simultaneous_eeg_nirs__VP020__motor__P3__H4.0 completed
verify 1209/3968 development_methods__simultaneous_eeg_nirs__VP019__posterior__P3__H0.25 completed
verify 1210/3968 development_methods__simultaneous_eeg_nirs__VP019__prefrontal__P3__H0.25 completed
verify 1211/3968 development_methods__simultaneous_eeg_nirs__VP019__posterior__P3__W1 completed
verify 1212/3968 development_methods__simultaneous_eeg_nirs__VP019__prefrontal__P1_tau__C1 completed
verify 1213/3968 development_methods__simultaneous_eeg_nirs__VP020__motor__P2__H1.0 completed
verify 1214/3968 development_methods__simultaneous_eeg_nirs__VP020__motor__P1_beta__H1.0 completed
verify 1215/3968 development_methods__simultaneous_eeg_nirs__VP019__prefrontal__P1_beta__H0.25 completed
verify 1216/3968 development_methods__simultaneous_eeg_nirs__VP019__posterior__P3__Hfull completed
verify 1217/3968 development_methods__simultaneous_eeg_nirs__VP019__prefrontal__P1_tau__H1.0 completed
verify 1218/3968 development_methods__simultaneous_eeg_nirs__VP020__motor__P1_beta__H0.25 completed
verify 1219/3968 development_methods__simultaneous_eeg_nirs__VP020__motor__P1_tau__W1 completed
verify 1220/3968 development_methods__simultaneous_eeg_nirs__VP019__posterior__P2__H1.0 completed
verify 1221/3968 development_methods__simultaneous_eeg_nirs__VP019__posterior__P3__H1.0 completed
verify 1222/3968 development_methods__simultaneous_eeg_nirs__VP019__posterior__P1_beta__Hfull completed
verify 1223/3968 development_methods__simultaneous_eeg_nirs__VP019__posterior__P3__C0b completed
verify 1224/3968 development_methods__simultaneous_eeg_nirs__VP019__prefrontal__P2__W1 completed
verify 1225/3968 development_methods__simultaneous_eeg_nirs__VP020__motor__P2__C1 completed
verify 1226/3968 development_methods__simultaneous_eeg_nirs__VP019__posterior__P1_tau__H4.0 completed
verify 1227/3968 development_methods__simultaneous_eeg_nirs__VP019__prefrontal__P3__Hfull completed
verify 1228/3968 development_methods__simultaneous_eeg_nirs__VP019__prefrontal__P1_tau__C0b completed
verify 1229/3968 development_methods__simultaneous_eeg_nirs__VP020__motor__P1_beta__W1 completed
verify 1230/3968 development_methods__simultaneous_eeg_nirs__VP019__prefrontal__P2__Hfull completed
verify 1231/3968 development_methods__simultaneous_eeg_nirs__VP019__posterior__P3__H4.0 completed
verify 1232/3968 development_methods__simultaneous_eeg_nirs__VP019__posterior__P2__Hfull completed
verify 1233/3968 development_methods__simultaneous_eeg_nirs__VP019__motor__P3__H0.25 completed
verify 1234/3968 development_methods__simultaneous_eeg_nirs__VP019__posterior__P2__H0.25 completed
verify 1235/3968 development_methods__simultaneous_eeg_nirs__VP020__motor__P2__Hfull completed
verify 1236/3968 development_methods__simultaneous_eeg_nirs__VP019__prefrontal__P3__H4.0 completed
verify 1237/3968 development_methods__simultaneous_eeg_nirs__VP020__posterior__P1_beta__H1.0 completed
verify 1238/3968 development_methods__simultaneous_eeg_nirs__VP019__prefrontal__P1_tau__Hfull completed
verify 1239/3968 development_methods__simultaneous_eeg_nirs__VP019__prefrontal__P3__H1.0 completed
verify 1240/3968 development_methods__simultaneous_eeg_nirs__VP019__posterior__P1_tau__H0.25 completed
verify 1241/3968 development_methods__simultaneous_eeg_nirs__VP019__prefrontal__P1_tau__H0.25 completed
verify 1242/3968 development_methods__simultaneous_eeg_nirs__VP020__motor__P2__C0b completed
verify 1243/3968 development_methods__simultaneous_eeg_nirs__VP019__prefrontal__P1_beta__H1.0 completed
verify 1244/3968 development_methods__simultaneous_eeg_nirs__VP019__prefrontal__P3__C0b completed
verify 1245/3968 development_methods__simultaneous_eeg_nirs__VP020__motor__P1_tau__H0.25 completed
verify 1246/3968 development_methods__simultaneous_eeg_nirs__VP020__motor__P2__W1 completed
verify 1247/3968 development_methods__simultaneous_eeg_nirs__VP019__motor__P3__H1.0 completed
verify 1248/3968 development_methods__simultaneous_eeg_nirs__VP019__posterior__P1_tau__C0b completed
verify 1249/3968 development_methods__simultaneous_eeg_nirs__VP019__posterior__P2__W1 completed
verify 1250/3968 development_methods__simultaneous_eeg_nirs__VP019__prefrontal__P1_beta__Hfull completed
verify 1251/3968 development_methods__simultaneous_eeg_nirs__VP019__posterior__P3__C1 completed
verify 1252/3968 development_methods__simultaneous_eeg_nirs__VP020__motor__P3__H0.25 completed
verify 1253/3968 development_methods__simultaneous_eeg_nirs__VP019__posterior__P1_beta__H4.0 completed
verify 1254/3968 development_methods__simultaneous_eeg_nirs__VP020__motor__P2__H4.0 completed
verify 1255/3968 development_methods__simultaneous_eeg_nirs__VP019__prefrontal__P2__H4.0 completed
verify 1256/3968 development_methods__simultaneous_eeg_nirs__VP019__prefrontal__P2__H1.0 completed
verify 1257/3968 development_methods__simultaneous_eeg_nirs__VP019__posterior__P1_tau__Hfull completed
verify 1258/3968 development_methods__simultaneous_eeg_nirs__VP019__posterior__P1_beta__W1 completed
verify 1259/3968 development_methods__simultaneous_eeg_nirs__VP019__prefrontal__P2__C0b completed
verify 1260/3968 development_methods__simultaneous_eeg_nirs__VP020__motor__P3__C0b completed
verify 1261/3968 development_methods__simultaneous_eeg_nirs__VP020__motor__P1_tau__H1.0 completed
verify 1262/3968 development_methods__simultaneous_eeg_nirs__VP019__posterior__P1_tau__W1 completed
verify 1263/3968 development_methods__simultaneous_eeg_nirs__VP019__prefrontal__P2__H0.25 completed
verify 1264/3968 development_methods__simultaneous_eeg_nirs__VP019__prefrontal__P1_beta__C0b completed
verify 1265/3968 development_methods__simultaneous_eeg_nirs__VP019__prefrontal__P1_beta__W1 completed
verify 1266/3968 development_methods__simultaneous_eeg_nirs__VP019__posterior__P2__C0b completed
verify 1267/3968 development_methods__simultaneous_eeg_nirs__VP019__prefrontal__P1_beta__H4.0 completed
verify 1268/3968 development_methods__simultaneous_eeg_nirs__VP020__motor__P1_tau__H4.0 completed
verify 1269/3968 development_methods__simultaneous_eeg_nirs__VP019__posterior__P1_tau__H1.0 completed
verify 1270/3968 development_methods__simultaneous_eeg_nirs__VP020__motor__P3__Hfull completed
verify 1271/3968 development_methods__simultaneous_eeg_nirs__VP019__posterior__P2__C1 completed
verify 1272/3968 development_methods__simultaneous_eeg_nirs__VP020__motor__P3__C1 completed
verify 1273/3968 development_methods__simultaneous_eeg_nirs__VP020__motor__P1_tau__Hfull completed
verify 1274/3968 development_methods__simultaneous_eeg_nirs__VP020__motor__P1_tau__C0b completed
verify 1275/3968 development_methods__simultaneous_eeg_nirs__VP020__motor__P1_beta__C0b completed
verify 1276/3968 development_methods__simultaneous_eeg_nirs__VP020__posterior__P1_beta__C1 completed
verify 1277/3968 development_methods__simultaneous_eeg_nirs__VP019__prefrontal__P3__W1 completed
verify 1278/3968 development_methods__simultaneous_eeg_nirs__VP020__motor__P1_beta__Hfull completed
verify 1279/3968 development_methods__simultaneous_eeg_nirs__VP019__prefrontal__P3__C1 completed
verify 1280/3968 development_methods__simultaneous_eeg_nirs__VP019__prefrontal__P2__C1 completed
verify 1281/3968 development_methods__simultaneous_eeg_nirs__VP019__prefrontal__P1_tau__H4.0 completed
verify 1282/3968 development_methods__simultaneous_eeg_nirs__VP020__motor__P2__H0.25 completed
verify 1283/3968 development_methods__simultaneous_eeg_nirs__VP020__posterior__P1_beta__H0.25 completed
verify 1284/3968 development_methods__simultaneous_eeg_nirs__VP020__prefrontal__P3__C1 completed
verify 1285/3968 development_methods__simultaneous_eeg_nirs__VP020__prefrontal__P1_tau__H4.0 completed
verify 1286/3968 development_methods__visual_cognitive_motivation__S01__posterior__montage0__P1_beta__C0b completed
verify 1287/3968 development_methods__simultaneous_eeg_nirs__VP020__prefrontal__P2__H0.25 completed
verify 1288/3968 development_methods__visual_cognitive_motivation__S01__motor__P1_beta__H0.25 completed
verify 1289/3968 development_methods__simultaneous_eeg_nirs__VP020__posterior__P1_tau__Hfull completed
verify 1290/3968 development_methods__simultaneous_eeg_nirs__VP020__posterior__P2__C0b completed
verify 1291/3968 development_methods__visual_cognitive_motivation__S01__motor__P1_tau__H1.0 completed
verify 1292/3968 development_methods__simultaneous_eeg_nirs__VP020__prefrontal__P1_beta__H4.0 completed
verify 1293/3968 development_methods__simultaneous_eeg_nirs__VP020__posterior__P1_tau__H1.0 completed
verify 1294/3968 development_methods__simultaneous_eeg_nirs__VP020__prefrontal__P3__H1.0 completed
verify 1295/3968 development_methods__simultaneous_eeg_nirs__VP020__posterior__P2__H1.0 completed
verify 1296/3968 development_methods__visual_cognitive_motivation__S01__motor__P1_beta__Hfull completed
verify 1297/3968 development_methods__visual_cognitive_motivation__S01__motor__P3__C0b completed
verify 1298/3968 development_methods__simultaneous_eeg_nirs__VP020__prefrontal__P1_tau__C1 completed
verify 1299/3968 development_methods__simultaneous_eeg_nirs__VP020__prefrontal__P1_tau__C0b completed
verify 1300/3968 development_methods__simultaneous_eeg_nirs__VP020__posterior__P2__H0.25 completed
verify 1301/3968 development_methods__simultaneous_eeg_nirs__VP020__posterior__P3__C0b completed
verify 1302/3968 development_methods__simultaneous_eeg_nirs__VP020__posterior__P1_tau__C1 completed
verify 1303/3968 development_methods__simultaneous_eeg_nirs__VP020__posterior__P2__W1 completed
verify 1304/3968 development_methods__simultaneous_eeg_nirs__VP020__prefrontal__P1_tau__H1.0 completed
verify 1305/3968 development_methods__simultaneous_eeg_nirs__VP020__posterior__P2__Hfull completed
verify 1306/3968 development_methods__simultaneous_eeg_nirs__VP020__prefrontal__P3__Hfull completed
verify 1307/3968 development_methods__visual_cognitive_motivation__S01__motor__P2__C0b completed
verify 1308/3968 development_methods__simultaneous_eeg_nirs__VP020__posterior__P2__H4.0 completed
verify 1309/3968 development_methods__simultaneous_eeg_nirs__VP020__prefrontal__P2__H1.0 completed
verify 1310/3968 development_methods__simultaneous_eeg_nirs__VP020__prefrontal__P2__W1 completed
verify 1311/3968 development_methods__simultaneous_eeg_nirs__VP020__posterior__P3__H1.0 completed
verify 1312/3968 development_methods__simultaneous_eeg_nirs__VP020__posterior__P3__W1 completed
verify 1313/3968 development_methods__simultaneous_eeg_nirs__VP020__prefrontal__P2__Hfull completed
verify 1314/3968 development_methods__simultaneous_eeg_nirs__VP020__posterior__P3__H0.25 completed
verify 1315/3968 development_methods__simultaneous_eeg_nirs__VP020__posterior__P1_beta__W1 completed
verify 1316/3968 development_methods__simultaneous_eeg_nirs__VP020__prefrontal__P1_beta__C1 completed
verify 1317/3968 development_methods__visual_cognitive_motivation__S01__motor__P1_tau__C0b completed
verify 1318/3968 development_methods__simultaneous_eeg_nirs__VP020__posterior__P1_tau__H4.0 completed
verify 1319/3968 development_methods__simultaneous_eeg_nirs__VP020__posterior__P1_beta__H4.0 completed
verify 1320/3968 development_methods__visual_cognitive_motivation__S01__motor__P1_tau__Hfull completed
verify 1321/3968 development_methods__simultaneous_eeg_nirs__VP020__prefrontal__P2__H4.0 completed
verify 1322/3968 development_methods__simultaneous_eeg_nirs__VP020__posterior__P3__C1 completed
verify 1323/3968 development_methods__visual_cognitive_motivation__S01__motor__P1_tau__C1 completed
verify 1324/3968 development_methods__simultaneous_eeg_nirs__VP020__prefrontal__P3__H0.25 completed
verify 1325/3968 development_methods__simultaneous_eeg_nirs__VP020__prefrontal__P3__H4.0 completed
verify 1326/3968 development_methods__simultaneous_eeg_nirs__VP020__posterior__P2__C1 completed
verify 1327/3968 development_methods__simultaneous_eeg_nirs__VP020__prefrontal__P3__C0b completed
verify 1328/3968 development_methods__visual_cognitive_motivation__S01__motor__P1_tau__H4.0 completed
verify 1329/3968 development_methods__visual_cognitive_motivation__S01__motor__P2__H1.0 completed
verify 1330/3968 development_methods__simultaneous_eeg_nirs__VP020__posterior__P3__Hfull completed
verify 1331/3968 development_methods__simultaneous_eeg_nirs__VP020__prefrontal__P1_tau__Hfull completed
verify 1332/3968 development_methods__visual_cognitive_motivation__S01__motor__P1_beta__W1 completed
verify 1333/3968 development_methods__visual_cognitive_motivation__S01__motor__P2__H0.25 completed
verify 1334/3968 development_methods__simultaneous_eeg_nirs__VP020__posterior__P1_beta__Hfull completed
verify 1335/3968 development_methods__simultaneous_eeg_nirs__VP020__posterior__P3__H4.0 completed
verify 1336/3968 development_methods__visual_cognitive_motivation__S01__motor__P3__C1 completed
verify 1337/3968 development_methods__simultaneous_eeg_nirs__VP020__prefrontal__P2__C0b completed
verify 1338/3968 development_methods__visual_cognitive_motivation__S01__motor__P3__Hfull completed
verify 1339/3968 development_methods__simultaneous_eeg_nirs__VP020__posterior__P1_tau__C0b completed
verify 1340/3968 development_methods__simultaneous_eeg_nirs__VP020__prefrontal__P1_beta__H1.0 completed
verify 1341/3968 development_methods__visual_cognitive_motivation__S01__motor__P1_beta__H1.0 completed
verify 1342/3968 development_methods__simultaneous_eeg_nirs__VP020__prefrontal__P1_beta__W1 completed
verify 1343/3968 development_methods__visual_cognitive_motivation__S01__motor__P1_tau__W1 completed
verify 1344/3968 development_methods__simultaneous_eeg_nirs__VP020__prefrontal__P1_tau__H0.25 completed
verify 1345/3968 development_methods__visual_cognitive_motivation__S01__motor__P1_beta__C1 completed
verify 1346/3968 development_methods__visual_cognitive_motivation__S01__motor__P2__Hfull completed
verify 1347/3968 development_methods__simultaneous_eeg_nirs__VP020__prefrontal__P1_beta__Hfull completed
verify 1348/3968 development_methods__simultaneous_eeg_nirs__VP020__posterior__P1_beta__C0b completed
verify 1349/3968 development_methods__simultaneous_eeg_nirs__VP020__posterior__P1_tau__W1 completed
verify 1350/3968 development_methods__visual_cognitive_motivation__S01__motor__P2__W1 completed
verify 1351/3968 development_methods__simultaneous_eeg_nirs__VP020__prefrontal__P1_beta__H0.25 completed
verify 1352/3968 development_methods__visual_cognitive_motivation__S01__motor__P2__C1 completed
verify 1353/3968 development_methods__simultaneous_eeg_nirs__VP020__posterior__P1_tau__H0.25 completed
verify 1354/3968 development_methods__visual_cognitive_motivation__S01__motor__P3__H0.25 completed
verify 1355/3968 development_methods__visual_cognitive_motivation__S01__motor__P1_beta__H4.0 completed
verify 1356/3968 development_methods__simultaneous_eeg_nirs__VP020__prefrontal__P1_tau__W1 completed
verify 1357/3968 development_methods__simultaneous_eeg_nirs__VP020__prefrontal__P1_beta__C0b completed
verify 1358/3968 development_methods__simultaneous_eeg_nirs__VP020__motor__P3__W1 completed
verify 1359/3968 development_methods__simultaneous_eeg_nirs__VP020__motor__P3__H1.0 completed
verify 1360/3968 development_methods__visual_cognitive_motivation__S01__motor__P1_beta__C0b completed
verify 1361/3968 development_methods__visual_cognitive_motivation__S01__motor__P2__H4.0 completed
verify 1362/3968 development_methods__simultaneous_eeg_nirs__VP020__prefrontal__P2__C1 completed
verify 1363/3968 development_methods__visual_cognitive_motivation__S01__motor__P1_tau__H0.25 completed
verify 1364/3968 development_methods__simultaneous_eeg_nirs__VP020__prefrontal__P3__W1 completed
verify 1365/3968 development_methods__visual_cognitive_motivation__S01__prefrontal__montage0__P2__H0.25 completed
verify 1366/3968 development_methods__visual_cognitive_motivation__S01__posterior__montage1__P3__H0.25 completed
verify 1367/3968 development_methods__visual_cognitive_motivation__S01__posterior__montage1__P1_beta__C0b completed
verify 1368/3968 development_methods__visual_cognitive_motivation__S01__prefrontal__montage0__P1_tau__C0b completed
verify 1369/3968 development_methods__visual_cognitive_motivation__S01__posterior__montage1__P1_tau__H4.0 completed
verify 1370/3968 development_methods__visual_cognitive_motivation__S01__posterior__montage0__P3__C1 completed
verify 1371/3968 development_methods__visual_cognitive_motivation__S01__motor__P3__H1.0 completed
verify 1372/3968 development_methods__visual_cognitive_motivation__S01__prefrontal__montage0__P1_beta__H0.25 completed
verify 1373/3968 development_methods__visual_cognitive_motivation__S01__posterior__montage0__P2__W1 completed
verify 1374/3968 development_methods__visual_cognitive_motivation__S01__posterior__montage0__P3__H0.25 completed
verify 1375/3968 development_methods__visual_cognitive_motivation__S01__posterior__montage1__P1_beta__H1.0 completed
verify 1376/3968 development_methods__visual_cognitive_motivation__S01__posterior__montage0__P2__Hfull completed
verify 1377/3968 development_methods__visual_cognitive_motivation__S01__posterior__montage1__P3__C1 completed
verify 1378/3968 development_methods__visual_cognitive_motivation__S01__posterior__montage0__P3__Hfull completed
verify 1379/3968 development_methods__visual_cognitive_motivation__S01__prefrontal__montage0__P1_beta__H1.0 completed
verify 1380/3968 development_methods__visual_cognitive_motivation__S01__posterior__montage1__P1_beta__H0.25 completed
verify 1381/3968 development_methods__visual_cognitive_motivation__S01__posterior__montage0__P1_beta__H4.0 completed
verify 1382/3968 development_methods__visual_cognitive_motivation__S01__posterior__montage1__P2__H1.0 completed
verify 1383/3968 development_methods__visual_cognitive_motivation__S01__posterior__montage0__P1_beta__Hfull completed
verify 1384/3968 development_methods__visual_cognitive_motivation__S01__prefrontal__montage0__P1_beta__H4.0 completed
verify 1385/3968 development_methods__visual_cognitive_motivation__S01__posterior__montage0__P3__C0b completed
verify 1386/3968 development_methods__visual_cognitive_motivation__S01__posterior__montage1__P1_beta__W1 completed
verify 1387/3968 development_methods__visual_cognitive_motivation__S01__prefrontal__montage0__P2__C1 completed
verify 1388/3968 development_methods__visual_cognitive_motivation__S01__posterior__montage0__P2__C0b completed
verify 1389/3968 development_methods__visual_cognitive_motivation__S01__posterior__montage0__P2__H1.0 completed
verify 1390/3968 development_methods__visual_cognitive_motivation__S01__posterior__montage1__P1_tau__Hfull completed
verify 1391/3968 development_methods__visual_cognitive_motivation__S01__posterior__montage0__P2__H0.25 completed
verify 1392/3968 development_methods__visual_cognitive_motivation__S01__posterior__montage1__P3__Hfull completed
verify 1393/3968 development_methods__visual_cognitive_motivation__S01__prefrontal__montage0__P3__W1 completed
verify 1394/3968 development_methods__visual_cognitive_motivation__S01__posterior__montage1__P1_tau__H1.0 completed
verify 1395/3968 development_methods__visual_cognitive_motivation__S01__posterior__montage0__P1_tau__C1 completed
verify 1396/3968 development_methods__visual_cognitive_motivation__S01__prefrontal__montage0__P1_tau__H1.0 completed
verify 1397/3968 development_methods__visual_cognitive_motivation__S01__posterior__montage1__P3__H4.0 completed
verify 1398/3968 development_methods__visual_cognitive_motivation__S01__prefrontal__montage0__P1_beta__C1 completed
verify 1399/3968 development_methods__visual_cognitive_motivation__S01__posterior__montage1__P1_beta__C1 completed
verify 1400/3968 development_methods__visual_cognitive_motivation__S01__posterior__montage1__P2__Hfull completed
verify 1401/3968 development_methods__visual_cognitive_motivation__S01__posterior__montage0__P1_tau__H4.0 completed
verify 1402/3968 development_methods__visual_cognitive_motivation__S01__prefrontal__montage0__P2__H4.0 completed
verify 1403/3968 development_methods__visual_cognitive_motivation__S01__posterior__montage0__P3__H1.0 completed
verify 1404/3968 development_methods__visual_cognitive_motivation__S01__prefrontal__montage0__P1_beta__Hfull completed
verify 1405/3968 development_methods__visual_cognitive_motivation__S01__motor__P3__H4.0 completed
verify 1406/3968 development_methods__visual_cognitive_motivation__S01__prefrontal__montage0__P1_tau__Hfull completed
verify 1407/3968 development_methods__visual_cognitive_motivation__S01__prefrontal__montage0__P1_beta__W1 completed
verify 1408/3968 development_methods__visual_cognitive_motivation__S01__posterior__montage0__P1_tau__Hfull completed
verify 1409/3968 development_methods__visual_cognitive_motivation__S01__posterior__montage0__P2__H4.0 completed
verify 1410/3968 development_methods__visual_cognitive_motivation__S01__posterior__montage0__P1_tau__C0b completed
verify 1411/3968 development_methods__visual_cognitive_motivation__S01__posterior__montage1__P1_tau__W1 completed
verify 1412/3968 development_methods__visual_cognitive_motivation__S01__posterior__montage1__P1_beta__Hfull completed
verify 1413/3968 development_methods__visual_cognitive_motivation__S01__posterior__montage1__P2__H4.0 completed
verify 1414/3968 development_methods__visual_cognitive_motivation__S01__prefrontal__montage0__P3__C1 completed
verify 1415/3968 development_methods__visual_cognitive_motivation__S01__posterior__montage0__P1_beta__W1 completed
verify 1416/3968 development_methods__visual_cognitive_motivation__S01__posterior__montage0__P1_tau__W1 completed
verify 1417/3968 development_methods__visual_cognitive_motivation__S01__posterior__montage1__P2__H0.25 completed
verify 1418/3968 development_methods__visual_cognitive_motivation__S01__posterior__montage0__P1_beta__C1 completed
verify 1419/3968 development_methods__visual_cognitive_motivation__S01__prefrontal__montage0__P1_tau__W1 completed
verify 1420/3968 development_methods__visual_cognitive_motivation__S01__prefrontal__montage0__P2__Hfull completed
verify 1421/3968 development_methods__visual_cognitive_motivation__S01__prefrontal__montage0__P1_beta__C0b completed
verify 1422/3968 development_methods__visual_cognitive_motivation__S01__prefrontal__montage0__P3__H1.0 completed
verify 1423/3968 development_methods__visual_cognitive_motivation__S01__prefrontal__montage0__P1_tau__H0.25 completed
verify 1424/3968 development_methods__visual_cognitive_motivation__S01__motor__P3__W1 completed
verify 1425/3968 development_methods__visual_cognitive_motivation__S01__prefrontal__montage0__P2__W1 completed
verify 1426/3968 development_methods__visual_cognitive_motivation__S01__prefrontal__montage0__P3__H4.0 completed
verify 1427/3968 development_methods__visual_cognitive_motivation__S01__posterior__montage0__P2__C1 completed
verify 1428/3968 development_methods__visual_cognitive_motivation__S01__posterior__montage0__P3__W1 completed
verify 1429/3968 development_methods__visual_cognitive_motivation__S01__prefrontal__montage0__P2__H1.0 completed
verify 1430/3968 development_methods__visual_cognitive_motivation__S01__prefrontal__montage0__P1_tau__H4.0 completed
verify 1431/3968 development_methods__visual_cognitive_motivation__S01__posterior__montage1__P1_beta__H4.0 completed
verify 1432/3968 development_methods__visual_cognitive_motivation__S01__posterior__montage0__P1_tau__H0.25 completed
verify 1433/3968 development_methods__visual_cognitive_motivation__S01__posterior__montage1__P3__W1 completed
verify 1434/3968 development_methods__visual_cognitive_motivation__S01__posterior__montage0__P3__H4.0 completed
verify 1435/3968 development_methods__visual_cognitive_motivation__S01__posterior__montage1__P3__H1.0 completed
verify 1436/3968 development_methods__visual_cognitive_motivation__S01__posterior__montage0__P1_beta__H1.0 completed
verify 1437/3968 development_methods__visual_cognitive_motivation__S01__posterior__montage1__P2__C1 completed
verify 1438/3968 development_methods__visual_cognitive_motivation__S01__posterior__montage1__P2__W1 completed
verify 1439/3968 development_methods__visual_cognitive_motivation__S01__prefrontal__montage0__P3__C0b completed
verify 1440/3968 development_methods__visual_cognitive_motivation__S01__posterior__montage1__P3__C0b completed
verify 1441/3968 development_methods__visual_cognitive_motivation__S01__posterior__montage1__P1_tau__H0.25 completed
verify 1442/3968 development_methods__visual_cognitive_motivation__S01__posterior__montage0__P1_tau__H1.0 completed
verify 1443/3968 development_methods__visual_cognitive_motivation__S01__posterior__montage1__P1_tau__C1 completed
verify 1444/3968 development_methods__visual_cognitive_motivation__S01__prefrontal__montage1__P1_beta__C0b completed
verify 1445/3968 development_methods__visual_cognitive_motivation__S01__prefrontal__montage0__P2__C0b completed
verify 1446/3968 development_methods__visual_cognitive_motivation__S01__posterior__montage0__P1_beta__H0.25 completed
verify 1447/3968 development_methods__visual_cognitive_motivation__S01__posterior__montage1__P1_tau__C0b completed
verify 1448/3968 development_methods__visual_cognitive_motivation__S01__prefrontal__montage0__P1_tau__C1 completed
verify 1449/3968 development_methods__visual_cognitive_motivation__S01__posterior__montage1__P2__C0b completed
verify 1450/3968 development_methods__visual_cognitive_motivation__S01__prefrontal__montage1__P2__C1 completed
verify 1451/3968 development_methods__visual_cognitive_motivation__S03__posterior__montage0__P1_tau__H1.0 completed
verify 1452/3968 development_methods__visual_cognitive_motivation__S03__motor__P1_tau__W1 completed
verify 1453/3968 development_methods__visual_cognitive_motivation__S01__prefrontal__montage0__P3__Hfull completed
verify 1454/3968 development_methods__visual_cognitive_motivation__S01__prefrontal__montage1__P2__W1 completed
verify 1455/3968 development_methods__visual_cognitive_motivation__S01__prefrontal__montage1__P1_tau__H4.0 completed
verify 1456/3968 development_methods__visual_cognitive_motivation__S01__prefrontal__montage1__P3__H1.0 completed
verify 1457/3968 development_methods__visual_cognitive_motivation__S03__posterior__montage0__P1_beta__C1 completed
verify 1458/3968 development_methods__visual_cognitive_motivation__S01__prefrontal__montage1__P1_tau__H0.25 completed
verify 1459/3968 development_methods__visual_cognitive_motivation__S03__motor__P1_beta__H4.0 completed
verify 1460/3968 development_methods__visual_cognitive_motivation__S03__motor__P1_tau__C1 completed
verify 1461/3968 development_methods__visual_cognitive_motivation__S03__motor__P1_beta__Hfull completed
verify 1462/3968 development_methods__visual_cognitive_motivation__S03__motor__P1_tau__Hfull completed
verify 1463/3968 development_methods__visual_cognitive_motivation__S03__posterior__montage0__P2__Hfull completed
verify 1464/3968 development_methods__visual_cognitive_motivation__S03__posterior__montage0__P1_tau__H0.25 completed
verify 1465/3968 development_methods__visual_cognitive_motivation__S03__motor__P3__C0b completed
verify 1466/3968 development_methods__visual_cognitive_motivation__S01__prefrontal__montage1__P3__C0b completed
verify 1467/3968 development_methods__visual_cognitive_motivation__S03__motor__P3__H4.0 completed
verify 1468/3968 development_methods__visual_cognitive_motivation__S01__prefrontal__montage1__P2__H4.0 completed
verify 1469/3968 development_methods__visual_cognitive_motivation__S01__prefrontal__montage1__P2__H1.0 completed
verify 1470/3968 development_methods__visual_cognitive_motivation__S03__posterior__montage0__P2__C1 completed
verify 1471/3968 development_methods__visual_cognitive_motivation__S01__prefrontal__montage1__P3__H4.0 completed
verify 1472/3968 development_methods__visual_cognitive_motivation__S03__motor__P2__C0b completed
verify 1473/3968 development_methods__visual_cognitive_motivation__S03__posterior__montage0__P3__C1 completed
verify 1474/3968 development_methods__visual_cognitive_motivation__S01__prefrontal__montage1__P1_tau__C1 completed
verify 1475/3968 development_methods__visual_cognitive_motivation__S03__posterior__montage0__P1_beta__C0b completed
verify 1476/3968 development_methods__visual_cognitive_motivation__S01__prefrontal__montage1__P3__Hfull completed
verify 1477/3968 development_methods__visual_cognitive_motivation__S03__posterior__montage0__P1_beta__H4.0 completed
verify 1478/3968 development_methods__visual_cognitive_motivation__S03__motor__P1_beta__H1.0 completed
verify 1479/3968 development_methods__visual_cognitive_motivation__S01__prefrontal__montage1__P1_tau__H1.0 completed
verify 1480/3968 development_methods__visual_cognitive_motivation__S01__prefrontal__montage1__P1_beta__H1.0 completed
verify 1481/3968 development_methods__visual_cognitive_motivation__S01__prefrontal__montage1__P1_tau__W1 completed
verify 1482/3968 development_methods__visual_cognitive_motivation__S01__prefrontal__montage1__P3__W1 completed
verify 1483/3968 development_methods__visual_cognitive_motivation__S03__posterior__montage0__P1_tau__C1 completed
verify 1484/3968 development_methods__visual_cognitive_motivation__S03__motor__P2__Hfull completed
verify 1485/3968 development_methods__visual_cognitive_motivation__S03__motor__P3__Hfull completed
verify 1486/3968 development_methods__visual_cognitive_motivation__S01__prefrontal__montage1__P1_tau__Hfull completed
verify 1487/3968 development_methods__visual_cognitive_motivation__S03__motor__P3__W1 completed
verify 1488/3968 development_methods__visual_cognitive_motivation__S03__motor__P3__H0.25 completed
verify 1489/3968 development_methods__visual_cognitive_motivation__S03__posterior__montage0__P2__H1.0 completed
verify 1490/3968 development_methods__visual_cognitive_motivation__S03__motor__P1_tau__H4.0 completed
verify 1491/3968 development_methods__visual_cognitive_motivation__S03__motor__P1_tau__C0b completed
verify 1492/3968 development_methods__visual_cognitive_motivation__S01__prefrontal__montage1__P3__H0.25 completed
verify 1493/3968 development_methods__visual_cognitive_motivation__S03__posterior__montage0__P1_tau__H4.0 completed
verify 1494/3968 development_methods__visual_cognitive_motivation__S03__motor__P1_tau__H0.25 completed
verify 1495/3968 development_methods__visual_cognitive_motivation__S03__posterior__montage0__P1_tau__Hfull completed
verify 1496/3968 development_methods__visual_cognitive_motivation__S03__posterior__montage0__P1_beta__Hfull completed
verify 1497/3968 development_methods__visual_cognitive_motivation__S01__prefrontal__montage1__P1_beta__Hfull completed
verify 1498/3968 development_methods__visual_cognitive_motivation__S01__prefrontal__montage1__P3__C1 completed
verify 1499/3968 development_methods__visual_cognitive_motivation__S03__motor__P2__H1.0 completed
verify 1500/3968 development_methods__visual_cognitive_motivation__S01__prefrontal__montage1__P2__H0.25 completed
verify 1501/3968 development_methods__visual_cognitive_motivation__S03__posterior__montage0__P3__C0b completed
verify 1502/3968 development_methods__visual_cognitive_motivation__S03__posterior__montage0__P2__C0b completed
verify 1503/3968 development_methods__visual_cognitive_motivation__S03__posterior__montage0__P1_beta__W1 completed
verify 1504/3968 development_methods__visual_cognitive_motivation__S03__posterior__montage0__P1_tau__W1 completed
verify 1505/3968 development_methods__visual_cognitive_motivation__S03__motor__P3__H1.0 completed
verify 1506/3968 development_methods__visual_cognitive_motivation__S03__posterior__montage0__P2__H4.0 completed
verify 1507/3968 development_methods__visual_cognitive_motivation__S03__posterior__montage0__P1_tau__C0b completed
verify 1508/3968 development_methods__visual_cognitive_motivation__S01__prefrontal__montage1__P2__Hfull completed
verify 1509/3968 development_methods__visual_cognitive_motivation__S01__prefrontal__montage1__P2__C0b completed
verify 1510/3968 development_methods__visual_cognitive_motivation__S03__posterior__montage0__P2__H0.25 completed
verify 1511/3968 development_methods__visual_cognitive_motivation__S01__prefrontal__montage0__P3__H0.25 completed
verify 1512/3968 development_methods__visual_cognitive_motivation__S03__motor__P1_tau__H1.0 completed
verify 1513/3968 development_methods__visual_cognitive_motivation__S01__prefrontal__montage1__P1_tau__C0b completed
verify 1514/3968 development_methods__visual_cognitive_motivation__S03__motor__P1_beta__H0.25 completed
verify 1515/3968 development_methods__visual_cognitive_motivation__S03__posterior__montage0__P2__W1 completed
verify 1516/3968 development_methods__visual_cognitive_motivation__S01__prefrontal__montage1__P1_beta__C1 completed
verify 1517/3968 development_methods__visual_cognitive_motivation__S03__motor__P2__H4.0 completed
verify 1518/3968 development_methods__visual_cognitive_motivation__S03__posterior__montage0__P1_beta__H0.25 completed
verify 1519/3968 development_methods__visual_cognitive_motivation__S03__posterior__montage0__P3__H1.0 completed
verify 1520/3968 development_methods__visual_cognitive_motivation__S03__motor__P2__H0.25 completed
verify 1521/3968 development_methods__visual_cognitive_motivation__S03__posterior__montage0__P1_beta__H1.0 completed
verify 1522/3968 development_methods__visual_cognitive_motivation__S01__prefrontal__montage1__P1_beta__W1 completed
verify 1523/3968 development_methods__visual_cognitive_motivation__S03__posterior__montage0__P3__H4.0 completed
verify 1524/3968 development_methods__visual_cognitive_motivation__S03__motor__P3__C1 completed
verify 1525/3968 development_methods__visual_cognitive_motivation__S01__prefrontal__montage1__P1_beta__H4.0 completed
verify 1526/3968 development_methods__visual_cognitive_motivation__S01__prefrontal__montage1__P1_beta__H0.25 completed
verify 1527/3968 development_methods__visual_cognitive_motivation__S03__motor__P1_beta__C0b completed
verify 1528/3968 development_methods__visual_cognitive_motivation__S03__motor__P2__C1 completed
verify 1529/3968 development_methods__visual_cognitive_motivation__S03__motor__P1_beta__C1 completed
verify 1530/3968 development_methods__visual_cognitive_motivation__S03__motor__P2__W1 completed
verify 1531/3968 development_methods__visual_cognitive_motivation__S03__motor__P1_beta__W1 completed
verify 1532/3968 development_methods__visual_cognitive_motivation__S03__posterior__montage0__P3__Hfull completed
verify 1533/3968 development_methods__visual_cognitive_motivation__S03__prefrontal__montage0__P2__C1 completed
verify 1534/3968 development_methods__visual_cognitive_motivation__S03__posterior__montage1__P1_beta__Hfull completed
verify 1535/3968 development_methods__visual_cognitive_motivation__S03__prefrontal__montage1__P1_tau__H1.0 completed
verify 1536/3968 development_methods__visual_cognitive_motivation__S03__posterior__montage1__P3__H0.25 completed
verify 1537/3968 development_methods__visual_cognitive_motivation__S03__prefrontal__montage0__P3__H4.0 completed
verify 1538/3968 development_methods__visual_cognitive_motivation__S03__prefrontal__montage1__P1_tau__W1 completed
verify 1539/3968 development_methods__visual_cognitive_motivation__S03__posterior__montage1__P1_beta__H1.0 completed
verify 1540/3968 development_methods__visual_cognitive_motivation__S03__posterior__montage1__P1_tau__Hfull completed
verify 1541/3968 development_methods__visual_cognitive_motivation__S03__prefrontal__montage1__P2__C1 completed
verify 1542/3968 development_methods__visual_cognitive_motivation__S03__posterior__montage1__P3__C0b completed
verify 1543/3968 development_methods__visual_cognitive_motivation__S03__prefrontal__montage0__P1_beta__C1 completed
verify 1544/3968 development_methods__visual_cognitive_motivation__S03__posterior__montage1__P1_beta__H0.25 completed
verify 1545/3968 development_methods__visual_cognitive_motivation__S03__posterior__montage1__P2__H0.25 completed
verify 1546/3968 development_methods__visual_cognitive_motivation__S03__prefrontal__montage0__P3__H1.0 completed
verify 1547/3968 development_methods__visual_cognitive_motivation__S03__posterior__montage1__P2__C1 completed
verify 1548/3968 development_methods__visual_cognitive_motivation__S03__prefrontal__montage0__P1_beta__H4.0 completed
verify 1549/3968 development_methods__visual_cognitive_motivation__S03__posterior__montage1__P3__W1 completed
verify 1550/3968 development_methods__visual_cognitive_motivation__S03__posterior__montage1__P1_tau__H1.0 completed
verify 1551/3968 development_methods__visual_cognitive_motivation__S03__prefrontal__montage1__P1_beta__H4.0 completed
verify 1552/3968 development_methods__visual_cognitive_motivation__S03__prefrontal__montage0__P2__C0b completed
verify 1553/3968 development_methods__visual_cognitive_motivation__S03__prefrontal__montage0__P2__H4.0 completed
verify 1554/3968 development_methods__visual_cognitive_motivation__S03__posterior__montage0__P3__W1 completed
verify 1555/3968 development_methods__visual_cognitive_motivation__S03__prefrontal__montage0__P1_tau__C0b completed
verify 1556/3968 development_methods__visual_cognitive_motivation__S03__posterior__montage1__P3__C1 completed
verify 1557/3968 development_methods__visual_cognitive_motivation__S03__posterior__montage1__P2__C0b completed
verify 1558/3968 development_methods__visual_cognitive_motivation__S03__prefrontal__montage0__P1_beta__H0.25 completed
verify 1559/3968 development_methods__visual_cognitive_motivation__S03__prefrontal__montage0__P3__H0.25 completed
verify 1560/3968 development_methods__visual_cognitive_motivation__S03__prefrontal__montage0__P3__W1 completed
verify 1561/3968 development_methods__visual_cognitive_motivation__S03__prefrontal__montage0__P1_beta__Hfull completed
verify 1562/3968 development_methods__visual_cognitive_motivation__S03__posterior__montage0__P3__H0.25 completed
verify 1563/3968 development_methods__visual_cognitive_motivation__S03__prefrontal__montage0__P3__C0b completed
verify 1564/3968 development_methods__visual_cognitive_motivation__S03__prefrontal__montage0__P1_tau__Hfull completed
verify 1565/3968 development_methods__visual_cognitive_motivation__S03__prefrontal__montage1__P1_tau__C1 completed
verify 1566/3968 development_methods__visual_cognitive_motivation__S03__prefrontal__montage1__P1_tau__H0.25 completed
verify 1567/3968 development_methods__visual_cognitive_motivation__S03__posterior__montage1__P1_tau__H4.0 completed
verify 1568/3968 development_methods__visual_cognitive_motivation__S03__posterior__montage1__P1_tau__H0.25 completed
verify 1569/3968 development_methods__visual_cognitive_motivation__S03__posterior__montage1__P2__W1 completed
verify 1570/3968 development_methods__visual_cognitive_motivation__S03__prefrontal__montage0__P3__C1 completed
verify 1571/3968 development_methods__visual_cognitive_motivation__S03__prefrontal__montage0__P1_beta__H1.0 completed
verify 1572/3968 development_methods__visual_cognitive_motivation__S03__prefrontal__montage0__P1_beta__W1 completed
verify 1573/3968 development_methods__visual_cognitive_motivation__S03__prefrontal__montage0__P2__H0.25 completed
verify 1574/3968 development_methods__visual_cognitive_motivation__S03__prefrontal__montage1__P1_beta__W1 completed
verify 1575/3968 development_methods__visual_cognitive_motivation__S03__prefrontal__montage0__P1_tau__W1 completed
verify 1576/3968 development_methods__visual_cognitive_motivation__S03__prefrontal__montage1__P1_tau__H4.0 completed
verify 1577/3968 development_methods__visual_cognitive_motivation__S03__posterior__montage1__P1_beta__W1 completed
verify 1578/3968 development_methods__visual_cognitive_motivation__S03__posterior__montage1__P1_beta__C0b completed
verify 1579/3968 development_methods__visual_cognitive_motivation__S03__posterior__montage1__P1_tau__C1 completed
verify 1580/3968 development_methods__visual_cognitive_motivation__S03__prefrontal__montage0__P1_tau__H1.0 completed
verify 1581/3968 development_methods__visual_cognitive_motivation__S03__posterior__montage1__P2__Hfull completed
verify 1582/3968 development_methods__visual_cognitive_motivation__S03__posterior__montage1__P1_tau__C0b completed
verify 1583/3968 development_methods__visual_cognitive_motivation__S03__prefrontal__montage1__P2__H0.25 completed
verify 1584/3968 development_methods__visual_cognitive_motivation__S03__posterior__montage1__P3__H4.0 completed
verify 1585/3968 development_methods__visual_cognitive_motivation__S03__posterior__montage1__P1_tau__W1 completed
verify 1586/3968 development_methods__visual_cognitive_motivation__S03__prefrontal__montage0__P2__W1 completed
verify 1587/3968 development_methods__visual_cognitive_motivation__S03__prefrontal__montage0__P1_tau__H0.25 completed
verify 1588/3968 development_methods__visual_cognitive_motivation__S03__posterior__montage1__P1_beta__H4.0 completed
verify 1589/3968 development_methods__visual_cognitive_motivation__S03__prefrontal__montage1__P1_tau__C0b completed
verify 1590/3968 development_methods__visual_cognitive_motivation__S03__prefrontal__montage0__P1_tau__C1 completed
verify 1591/3968 development_methods__visual_cognitive_motivation__S03__prefrontal__montage0__P1_tau__H4.0 completed
verify 1592/3968 development_methods__visual_cognitive_motivation__S03__prefrontal__montage1__P1_beta__C1 completed
verify 1593/3968 development_methods__visual_cognitive_motivation__S03__prefrontal__montage0__P2__H1.0 completed
verify 1594/3968 development_methods__visual_cognitive_motivation__S03__posterior__montage1__P2__H4.0 completed
verify 1595/3968 development_methods__visual_cognitive_motivation__S03__posterior__montage1__P3__Hfull completed
verify 1596/3968 development_methods__visual_cognitive_motivation__S03__prefrontal__montage1__P3__C0b completed
verify 1597/3968 development_methods__visual_cognitive_motivation__S03__prefrontal__montage1__P1_beta__Hfull completed
verify 1598/3968 development_methods__visual_cognitive_motivation__S03__prefrontal__montage1__P1_tau__Hfull completed
verify 1599/3968 development_methods__visual_cognitive_motivation__S03__prefrontal__montage1__P1_beta__H0.25 completed
verify 1600/3968 development_methods__visual_cognitive_motivation__S03__posterior__montage1__P1_beta__C1 completed
verify 1601/3968 development_methods__visual_cognitive_motivation__S03__prefrontal__montage0__P2__Hfull completed
verify 1602/3968 development_methods__visual_cognitive_motivation__S03__prefrontal__montage0__P3__Hfull completed
verify 1603/3968 development_methods__visual_cognitive_motivation__S03__prefrontal__montage1__P2__Hfull completed
verify 1604/3968 development_methods__visual_cognitive_motivation__S03__prefrontal__montage0__P1_beta__C0b completed
verify 1605/3968 development_methods__visual_cognitive_motivation__S03__posterior__montage1__P3__H1.0 completed
verify 1606/3968 development_methods__visual_cognitive_motivation__S03__prefrontal__montage1__P1_beta__C0b completed
verify 1607/3968 development_methods__visual_cognitive_motivation__S03__posterior__montage1__P2__H1.0 completed
verify 1608/3968 development_methods__visual_cognitive_motivation__S03__prefrontal__montage1__P1_beta__H1.0 completed
verify 1609/3968 development_methods__visual_cognitive_motivation__S03__prefrontal__montage1__P2__C0b completed
verify 1610/3968 development_methods__visual_cognitive_motivation__S05__motor__P3__Hfull completed
verify 1611/3968 development_methods__visual_cognitive_motivation__S05__motor__P1_beta__C0b completed
verify 1612/3968 development_methods__visual_cognitive_motivation__S05__posterior__montage0__P1_beta__C0b completed
verify 1613/3968 development_methods__visual_cognitive_motivation__S05__motor__P1_beta__H1.0 completed
verify 1614/3968 development_methods__visual_cognitive_motivation__S05__motor__P3__W1 completed
verify 1615/3968 development_methods__visual_cognitive_motivation__S05__posterior__montage1__P1_tau__H0.25 completed
verify 1616/3968 development_methods__visual_cognitive_motivation__S05__motor__P1_tau__W1 completed
verify 1617/3968 development_methods__visual_cognitive_motivation__S05__posterior__montage0__P1_tau__Hfull completed
verify 1618/3968 development_methods__visual_cognitive_motivation__S05__motor__P3__C1 completed
verify 1619/3968 development_methods__visual_cognitive_motivation__S05__posterior__montage0__P3__H1.0 completed
verify 1620/3968 development_methods__visual_cognitive_motivation__S05__posterior__montage0__P3__H4.0 completed
verify 1621/3968 development_methods__visual_cognitive_motivation__S05__posterior__montage0__P1_beta__H4.0 completed
verify 1622/3968 development_methods__visual_cognitive_motivation__S05__posterior__montage1__P1_beta__W1 completed
verify 1623/3968 development_methods__visual_cognitive_motivation__S05__motor__P1_beta__W1 completed
verify 1624/3968 development_methods__visual_cognitive_motivation__S05__motor__P1_tau__H4.0 completed
verify 1625/3968 development_methods__visual_cognitive_motivation__S05__posterior__montage0__P1_tau__C0b completed
verify 1626/3968 development_methods__visual_cognitive_motivation__S05__motor__P3__H4.0 completed
verify 1627/3968 development_methods__visual_cognitive_motivation__S05__posterior__montage1__P1_tau__H1.0 completed
verify 1628/3968 development_methods__visual_cognitive_motivation__S05__motor__P1_beta__H0.25 completed
verify 1629/3968 development_methods__visual_cognitive_motivation__S05__posterior__montage0__P2__H4.0 completed
verify 1630/3968 development_methods__visual_cognitive_motivation__S05__posterior__montage0__P1_tau__H0.25 completed
verify 1631/3968 development_methods__visual_cognitive_motivation__S05__motor__P1_tau__C1 completed
verify 1632/3968 development_methods__visual_cognitive_motivation__S05__motor__P1_tau__H1.0 completed
verify 1633/3968 development_methods__visual_cognitive_motivation__S03__prefrontal__montage1__P3__H1.0 completed
verify 1634/3968 development_methods__visual_cognitive_motivation__S05__posterior__montage0__P2__C0b completed
verify 1635/3968 development_methods__visual_cognitive_motivation__S05__posterior__montage0__P1_tau__H4.0 completed
verify 1636/3968 development_methods__visual_cognitive_motivation__S05__posterior__montage1__P1_beta__H4.0 completed
verify 1637/3968 development_methods__visual_cognitive_motivation__S05__posterior__montage0__P2__C1 completed
verify 1638/3968 development_methods__visual_cognitive_motivation__S05__posterior__montage0__P2__Hfull completed
verify 1639/3968 development_methods__visual_cognitive_motivation__S05__posterior__montage1__P1_beta__C1 completed
verify 1640/3968 development_methods__visual_cognitive_motivation__S05__motor__P1_beta__Hfull completed
verify 1641/3968 development_methods__visual_cognitive_motivation__S05__motor__P1_beta__H4.0 completed
verify 1642/3968 development_methods__visual_cognitive_motivation__S05__posterior__montage0__P1_tau__H1.0 completed
verify 1643/3968 development_methods__visual_cognitive_motivation__S05__motor__P3__H1.0 completed
verify 1644/3968 development_methods__visual_cognitive_motivation__S05__posterior__montage0__P1_tau__W1 completed
verify 1645/3968 development_methods__visual_cognitive_motivation__S05__posterior__montage0__P1_beta__Hfull completed
verify 1646/3968 development_methods__visual_cognitive_motivation__S05__posterior__montage1__P2__C0b completed
verify 1647/3968 development_methods__visual_cognitive_motivation__S05__posterior__montage0__P2__W1 completed
verify 1648/3968 development_methods__visual_cognitive_motivation__S05__posterior__montage1__P1_beta__H0.25 completed
verify 1649/3968 development_methods__visual_cognitive_motivation__S05__motor__P2__H1.0 completed
verify 1650/3968 development_methods__visual_cognitive_motivation__S05__posterior__montage0__P1_beta__H1.0 completed
verify 1651/3968 development_methods__visual_cognitive_motivation__S05__motor__P2__H0.25 completed
verify 1652/3968 development_methods__visual_cognitive_motivation__S05__posterior__montage0__P3__C0b completed
verify 1653/3968 development_methods__visual_cognitive_motivation__S03__prefrontal__montage1__P3__C1 completed
verify 1654/3968 development_methods__visual_cognitive_motivation__S05__posterior__montage1__P2__H4.0 completed
verify 1655/3968 development_methods__visual_cognitive_motivation__S05__motor__P3__H0.25 completed
verify 1656/3968 development_methods__visual_cognitive_motivation__S05__motor__P1_tau__H0.25 completed
verify 1657/3968 development_methods__visual_cognitive_motivation__S05__posterior__montage0__P2__H1.0 completed
verify 1658/3968 development_methods__visual_cognitive_motivation__S05__posterior__montage0__P3__W1 completed
verify 1659/3968 development_methods__visual_cognitive_motivation__S05__posterior__montage1__P2__W1 completed
verify 1660/3968 development_methods__visual_cognitive_motivation__S05__motor__P2__W1 completed
verify 1661/3968 development_methods__visual_cognitive_motivation__S05__motor__P2__C0b completed
verify 1662/3968 development_methods__visual_cognitive_motivation__S03__prefrontal__montage1__P2__H1.0 completed
verify 1663/3968 development_methods__visual_cognitive_motivation__S05__motor__P3__C0b completed
verify 1664/3968 development_methods__visual_cognitive_motivation__S05__motor__P2__H4.0 completed
verify 1665/3968 development_methods__visual_cognitive_motivation__S05__posterior__montage1__P1_beta__H1.0 completed
verify 1666/3968 development_methods__visual_cognitive_motivation__S05__posterior__montage1__P1_tau__Hfull completed
verify 1667/3968 development_methods__visual_cognitive_motivation__S05__posterior__montage0__P3__C1 completed
verify 1668/3968 development_methods__visual_cognitive_motivation__S05__posterior__montage0__P2__H0.25 completed
verify 1669/3968 development_methods__visual_cognitive_motivation__S05__posterior__montage1__P1_tau__W1 completed
verify 1670/3968 development_methods__visual_cognitive_motivation__S05__posterior__montage1__P1_tau__C1 completed
verify 1671/3968 development_methods__visual_cognitive_motivation__S05__posterior__montage1__P2__Hfull completed
verify 1672/3968 development_methods__visual_cognitive_motivation__S05__posterior__montage0__P1_beta__H0.25 completed
verify 1673/3968 development_methods__visual_cognitive_motivation__S05__motor__P1_tau__C0b completed
verify 1674/3968 development_methods__visual_cognitive_motivation__S03__prefrontal__montage1__P3__H4.0 completed
verify 1675/3968 development_methods__visual_cognitive_motivation__S05__posterior__montage1__P1_beta__C0b completed
verify 1676/3968 development_methods__visual_cognitive_motivation__S05__motor__P2__C1 completed
verify 1677/3968 development_methods__visual_cognitive_motivation__S05__posterior__montage0__P1_beta__W1 completed
verify 1678/3968 development_methods__visual_cognitive_motivation__S05__posterior__montage1__P2__C1 completed
verify 1679/3968 development_methods__visual_cognitive_motivation__S05__posterior__montage0__P1_tau__C1 completed
verify 1680/3968 development_methods__visual_cognitive_motivation__S05__posterior__montage0__P3__H0.25 completed
verify 1681/3968 development_methods__visual_cognitive_motivation__S05__posterior__montage1__P1_tau__H4.0 completed
verify 1682/3968 development_methods__visual_cognitive_motivation__S05__motor__P2__Hfull completed
verify 1683/3968 development_methods__visual_cognitive_motivation__S05__posterior__montage1__P1_beta__Hfull completed
verify 1684/3968 development_methods__visual_cognitive_motivation__S03__prefrontal__montage1__P2__H4.0 completed
verify 1685/3968 development_methods__visual_cognitive_motivation__S03__prefrontal__montage1__P3__Hfull completed
verify 1686/3968 development_methods__visual_cognitive_motivation__S03__prefrontal__montage1__P3__W1 completed
verify 1687/3968 development_methods__visual_cognitive_motivation__S03__prefrontal__montage1__P3__H0.25 completed
verify 1688/3968 development_methods__visual_cognitive_motivation__S05__posterior__montage1__P1_tau__C0b completed
verify 1689/3968 development_methods__visual_cognitive_motivation__S03__prefrontal__montage1__P2__W1 completed
verify 1690/3968 development_methods__visual_cognitive_motivation__S05__posterior__montage0__P1_beta__C1 completed
verify 1691/3968 development_methods__visual_cognitive_motivation__S05__motor__P1_beta__C1 completed
verify 1692/3968 development_methods__visual_cognitive_motivation__S05__motor__P1_tau__Hfull completed
verify 1693/3968 development_methods__visual_cognitive_motivation__S05__posterior__montage0__P3__Hfull completed
verify 1694/3968 development_methods__visual_cognitive_motivation__S06__motor__P1_beta__H4.0 completed
verify 1695/3968 development_methods__visual_cognitive_motivation__S05__prefrontal__montage0__P3__H1.0 completed
verify 1696/3968 development_methods__visual_cognitive_motivation__S05__prefrontal__montage1__P2__C1 completed
verify 1697/3968 development_methods__visual_cognitive_motivation__S05__prefrontal__montage1__P2__H4.0 completed
verify 1698/3968 development_methods__visual_cognitive_motivation__S05__prefrontal__montage1__P1_tau__W1 completed
verify 1699/3968 development_methods__visual_cognitive_motivation__S05__prefrontal__montage1__P3__H1.0 completed
verify 1700/3968 development_methods__visual_cognitive_motivation__S06__motor__P1_beta__H1.0 completed
verify 1701/3968 development_methods__visual_cognitive_motivation__S05__prefrontal__montage1__P2__Hfull completed
verify 1702/3968 development_methods__visual_cognitive_motivation__S05__prefrontal__montage0__P1_tau__C1 completed
verify 1703/3968 development_methods__visual_cognitive_motivation__S05__prefrontal__montage0__P1_tau__H1.0 completed
verify 1704/3968 development_methods__visual_cognitive_motivation__S06__motor__P1_tau__C0b completed
verify 1705/3968 development_methods__visual_cognitive_motivation__S05__posterior__montage1__P3__H1.0 completed
verify 1706/3968 development_methods__visual_cognitive_motivation__S05__prefrontal__montage0__P1_beta__H4.0 completed
verify 1707/3968 development_methods__visual_cognitive_motivation__S05__prefrontal__montage0__P3__C1 completed
verify 1708/3968 development_methods__visual_cognitive_motivation__S05__prefrontal__montage1__P1_beta__Hfull completed
verify 1709/3968 development_methods__visual_cognitive_motivation__S05__prefrontal__montage0__P2__W1 completed
verify 1710/3968 development_methods__visual_cognitive_motivation__S05__prefrontal__montage1__P1_tau__C1 completed
verify 1711/3968 development_methods__visual_cognitive_motivation__S05__posterior__montage1__P3__W1 completed
verify 1712/3968 development_methods__visual_cognitive_motivation__S05__prefrontal__montage1__P1_tau__H4.0 completed
verify 1713/3968 development_methods__visual_cognitive_motivation__S05__prefrontal__montage1__P3__H0.25 completed
verify 1714/3968 development_methods__visual_cognitive_motivation__S05__prefrontal__montage0__P1_beta__W1 completed
verify 1715/3968 development_methods__visual_cognitive_motivation__S05__prefrontal__montage1__P3__C0b completed
verify 1716/3968 development_methods__visual_cognitive_motivation__S06__motor__P1_tau__H0.25 completed
verify 1717/3968 development_methods__visual_cognitive_motivation__S05__prefrontal__montage1__P1_beta__C0b completed
verify 1718/3968 development_methods__visual_cognitive_motivation__S05__prefrontal__montage1__P1_tau__H1.0 completed
verify 1719/3968 development_methods__visual_cognitive_motivation__S05__prefrontal__montage0__P1_tau__C0b completed
verify 1720/3968 development_methods__visual_cognitive_motivation__S05__prefrontal__montage1__P1_beta__H1.0 completed
verify 1721/3968 development_methods__visual_cognitive_motivation__S05__prefrontal__montage1__P3__C1 completed
verify 1722/3968 development_methods__visual_cognitive_motivation__S05__prefrontal__montage0__P1_beta__Hfull completed
verify 1723/3968 development_methods__visual_cognitive_motivation__S05__prefrontal__montage0__P3__C0b completed
verify 1724/3968 development_methods__visual_cognitive_motivation__S05__prefrontal__montage0__P1_beta__C0b completed
verify 1725/3968 development_methods__visual_cognitive_motivation__S05__prefrontal__montage1__P2__H0.25 completed
verify 1726/3968 development_methods__visual_cognitive_motivation__S05__prefrontal__montage0__P2__Hfull completed
verify 1727/3968 development_methods__visual_cognitive_motivation__S05__prefrontal__montage0__P1_tau__H0.25 completed
verify 1728/3968 development_methods__visual_cognitive_motivation__S05__prefrontal__montage0__P1_beta__C1 completed
verify 1729/3968 development_methods__visual_cognitive_motivation__S05__prefrontal__montage0__P2__H0.25 completed
verify 1730/3968 development_methods__visual_cognitive_motivation__S05__prefrontal__montage0__P2__H1.0 completed
verify 1731/3968 development_methods__visual_cognitive_motivation__S05__prefrontal__montage0__P3__Hfull completed
verify 1732/3968 development_methods__visual_cognitive_motivation__S05__prefrontal__montage1__P3__H4.0 completed
verify 1733/3968 development_methods__visual_cognitive_motivation__S05__posterior__montage1__P2__H1.0 completed
verify 1734/3968 development_methods__visual_cognitive_motivation__S05__prefrontal__montage0__P3__W1 completed
verify 1735/3968 development_methods__visual_cognitive_motivation__S06__motor__P1_tau__H1.0 completed
verify 1736/3968 development_methods__visual_cognitive_motivation__S06__motor__P1_beta__Hfull completed
verify 1737/3968 development_methods__visual_cognitive_motivation__S05__prefrontal__montage1__P3__Hfull completed
verify 1738/3968 development_methods__visual_cognitive_motivation__S05__prefrontal__montage1__P1_tau__H0.25 completed
verify 1739/3968 development_methods__visual_cognitive_motivation__S05__posterior__montage1__P3__H4.0 completed
verify 1740/3968 development_methods__visual_cognitive_motivation__S05__prefrontal__montage1__P1_beta__C1 completed
verify 1741/3968 development_methods__visual_cognitive_motivation__S05__prefrontal__montage0__P3__H4.0 completed
verify 1742/3968 development_methods__visual_cognitive_motivation__S06__motor__P1_tau__C1 completed
verify 1743/3968 development_methods__visual_cognitive_motivation__S05__posterior__montage1__P3__C1 completed
verify 1744/3968 development_methods__visual_cognitive_motivation__S06__motor__P1_beta__C1 completed
verify 1745/3968 development_methods__visual_cognitive_motivation__S06__motor__P1_beta__H0.25 completed
verify 1746/3968 development_methods__visual_cognitive_motivation__S05__prefrontal__montage0__P1_beta__H1.0 completed
verify 1747/3968 development_methods__visual_cognitive_motivation__S05__prefrontal__montage1__P1_beta__H0.25 completed
verify 1748/3968 development_methods__visual_cognitive_motivation__S05__prefrontal__montage1__P2__C0b completed
verify 1749/3968 development_methods__visual_cognitive_motivation__S05__posterior__montage1__P2__H0.25 completed
verify 1750/3968 development_methods__visual_cognitive_motivation__S05__prefrontal__montage0__P2__C1 completed
verify 1751/3968 development_methods__visual_cognitive_motivation__S05__posterior__montage1__P3__Hfull completed
verify 1752/3968 development_methods__visual_cognitive_motivation__S05__prefrontal__montage1__P1_beta__H4.0 completed
verify 1753/3968 development_methods__visual_cognitive_motivation__S05__prefrontal__montage0__P2__C0b completed
verify 1754/3968 development_methods__visual_cognitive_motivation__S05__prefrontal__montage1__P1_tau__Hfull completed
verify 1755/3968 development_methods__visual_cognitive_motivation__S05__prefrontal__montage0__P1_tau__W1 completed
verify 1756/3968 development_methods__visual_cognitive_motivation__S06__motor__P2__C0b completed
verify 1757/3968 development_methods__visual_cognitive_motivation__S05__prefrontal__montage1__P1_tau__C0b completed
verify 1758/3968 development_methods__visual_cognitive_motivation__S05__prefrontal__montage0__P3__H0.25 completed
verify 1759/3968 development_methods__visual_cognitive_motivation__S05__posterior__montage1__P3__H0.25 completed
verify 1760/3968 development_methods__visual_cognitive_motivation__S05__prefrontal__montage1__P2__W1 completed
verify 1761/3968 development_methods__visual_cognitive_motivation__S05__prefrontal__montage0__P2__H4.0 completed
verify 1762/3968 development_methods__visual_cognitive_motivation__S05__prefrontal__montage1__P3__W1 completed
verify 1763/3968 development_methods__visual_cognitive_motivation__S05__prefrontal__montage0__P1_tau__Hfull completed
verify 1764/3968 development_methods__visual_cognitive_motivation__S05__prefrontal__montage0__P1_tau__H4.0 completed
verify 1765/3968 development_methods__visual_cognitive_motivation__S06__motor__P1_beta__C0b completed
verify 1766/3968 development_methods__visual_cognitive_motivation__S05__posterior__montage1__P3__C0b completed
verify 1767/3968 development_methods__visual_cognitive_motivation__S05__prefrontal__montage0__P1_beta__H0.25 completed
verify 1768/3968 development_methods__visual_cognitive_motivation__S06__motor__P1_beta__W1 completed
verify 1769/3968 development_methods__visual_cognitive_motivation__S05__prefrontal__montage1__P1_beta__W1 completed
verify 1770/3968 development_methods__visual_cognitive_motivation__S05__prefrontal__montage1__P2__H1.0 completed
verify 1771/3968 development_methods__visual_cognitive_motivation__S06__posterior__montage1__P1_tau__H1.0 completed
verify 1772/3968 development_methods__visual_cognitive_motivation__S06__posterior__montage1__P1_tau__H4.0 completed
verify 1773/3968 development_methods__visual_cognitive_motivation__S06__posterior__montage1__P1_beta__H4.0 completed
verify 1774/3968 development_methods__visual_cognitive_motivation__S06__posterior__montage0__P1_beta__H0.25 completed
verify 1775/3968 development_methods__visual_cognitive_motivation__S06__posterior__montage1__P2__C0b completed
verify 1776/3968 development_methods__visual_cognitive_motivation__S06__posterior__montage1__P3__H0.25 completed
verify 1777/3968 development_methods__visual_cognitive_motivation__S06__posterior__montage1__P1_beta__C0b completed
verify 1778/3968 development_methods__visual_cognitive_motivation__S06__posterior__montage0__P1_tau__C0b completed
verify 1779/3968 development_methods__visual_cognitive_motivation__S06__posterior__montage1__P3__H1.0 completed
verify 1780/3968 development_methods__visual_cognitive_motivation__S06__posterior__montage1__P3__W1 completed
verify 1781/3968 development_methods__visual_cognitive_motivation__S06__posterior__montage0__P3__H1.0 completed
verify 1782/3968 development_methods__visual_cognitive_motivation__S06__posterior__montage0__P1_beta__H1.0 completed
verify 1783/3968 development_methods__visual_cognitive_motivation__S06__motor__P1_tau__W1 completed
verify 1784/3968 development_methods__visual_cognitive_motivation__S06__posterior__montage0__P1_tau__H0.25 completed
verify 1785/3968 development_methods__visual_cognitive_motivation__S06__posterior__montage1__P1_beta__C1 completed
verify 1786/3968 development_methods__visual_cognitive_motivation__S06__posterior__montage1__P1_tau__C0b completed
verify 1787/3968 development_methods__visual_cognitive_motivation__S06__motor__P3__H4.0 completed
verify 1788/3968 development_methods__visual_cognitive_motivation__S06__posterior__montage1__P1_beta__H0.25 completed
verify 1789/3968 development_methods__visual_cognitive_motivation__S06__motor__P3__H1.0 completed
verify 1790/3968 development_methods__visual_cognitive_motivation__S06__posterior__montage0__P2__H0.25 completed
verify 1791/3968 development_methods__visual_cognitive_motivation__S06__prefrontal__montage0__P1_beta__H1.0 completed
verify 1792/3968 development_methods__visual_cognitive_motivation__S06__posterior__montage0__P3__W1 completed
verify 1793/3968 development_methods__visual_cognitive_motivation__S06__posterior__montage1__P1_tau__W1 completed
verify 1794/3968 development_methods__visual_cognitive_motivation__S06__posterior__montage1__P1_beta__W1 completed
verify 1795/3968 development_methods__visual_cognitive_motivation__S06__posterior__montage1__P2__H0.25 completed
verify 1796/3968 development_methods__visual_cognitive_motivation__S06__posterior__montage0__P3__Hfull completed
verify 1797/3968 development_methods__visual_cognitive_motivation__S06__motor__P3__Hfull completed
verify 1798/3968 development_methods__visual_cognitive_motivation__S06__posterior__montage1__P1_beta__Hfull completed
verify 1799/3968 development_methods__visual_cognitive_motivation__S06__posterior__montage0__P2__C0b completed
verify 1800/3968 development_methods__visual_cognitive_motivation__S06__posterior__montage1__P2__Hfull completed
verify 1801/3968 development_methods__visual_cognitive_motivation__S06__posterior__montage0__P3__H0.25 completed
verify 1802/3968 development_methods__visual_cognitive_motivation__S06__posterior__montage0__P1_tau__H1.0 completed
verify 1803/3968 development_methods__visual_cognitive_motivation__S06__posterior__montage1__P2__H4.0 completed
verify 1804/3968 development_methods__visual_cognitive_motivation__S06__posterior__montage0__P2__H4.0 completed
verify 1805/3968 development_methods__visual_cognitive_motivation__S06__posterior__montage1__P1_tau__H0.25 completed
verify 1806/3968 development_methods__visual_cognitive_motivation__S06__posterior__montage1__P3__H4.0 completed
verify 1807/3968 development_methods__visual_cognitive_motivation__S06__posterior__montage0__P1_beta__Hfull completed
verify 1808/3968 development_methods__visual_cognitive_motivation__S06__posterior__montage1__P1_beta__H1.0 completed
verify 1809/3968 development_methods__visual_cognitive_motivation__S06__motor__P3__W1 completed
verify 1810/3968 development_methods__visual_cognitive_motivation__S06__posterior__montage0__P1_beta__C1 completed
verify 1811/3968 development_methods__visual_cognitive_motivation__S06__posterior__montage1__P1_tau__Hfull completed
verify 1812/3968 development_methods__visual_cognitive_motivation__S06__posterior__montage0__P1_beta__W1 completed
verify 1813/3968 development_methods__visual_cognitive_motivation__S06__motor__P2__C1 completed
verify 1814/3968 development_methods__visual_cognitive_motivation__S06__posterior__montage0__P1_tau__W1 completed
verify 1815/3968 development_methods__visual_cognitive_motivation__S06__posterior__montage0__P1_beta__H4.0 completed
verify 1816/3968 development_methods__visual_cognitive_motivation__S06__posterior__montage1__P3__Hfull completed
verify 1817/3968 development_methods__visual_cognitive_motivation__S06__posterior__montage0__P3__H4.0 completed
verify 1818/3968 development_methods__visual_cognitive_motivation__S06__posterior__montage0__P1_tau__C1 completed
verify 1819/3968 development_methods__visual_cognitive_motivation__S06__posterior__montage0__P2__Hfull completed
verify 1820/3968 development_methods__visual_cognitive_motivation__S06__motor__P2__H0.25 completed
verify 1821/3968 development_methods__visual_cognitive_motivation__S06__posterior__montage1__P2__W1 completed
verify 1822/3968 development_methods__visual_cognitive_motivation__S06__posterior__montage0__P3__C1 completed
verify 1823/3968 development_methods__visual_cognitive_motivation__S06__posterior__montage0__P1_beta__C0b completed
verify 1824/3968 development_methods__visual_cognitive_motivation__S06__motor__P1_tau__Hfull completed
verify 1825/3968 development_methods__visual_cognitive_motivation__S06__motor__P3__H0.25 completed
verify 1826/3968 development_methods__visual_cognitive_motivation__S06__motor__P2__W1 completed
verify 1827/3968 development_methods__visual_cognitive_motivation__S06__prefrontal__montage0__P1_beta__Hfull completed
verify 1828/3968 development_methods__visual_cognitive_motivation__S06__posterior__montage0__P3__C0b completed
verify 1829/3968 development_methods__visual_cognitive_motivation__S06__posterior__montage1__P1_tau__C1 completed
verify 1830/3968 development_methods__visual_cognitive_motivation__S06__motor__P3__C1 completed
verify 1831/3968 development_methods__visual_cognitive_motivation__S06__posterior__montage0__P1_tau__H4.0 completed
verify 1832/3968 development_methods__visual_cognitive_motivation__S06__posterior__montage1__P2__C1 completed
verify 1833/3968 development_methods__visual_cognitive_motivation__S06__motor__P2__H1.0 completed
verify 1834/3968 development_methods__visual_cognitive_motivation__S06__posterior__montage1__P2__H1.0 completed
verify 1835/3968 development_methods__visual_cognitive_motivation__S06__posterior__montage0__P2__C1 completed
verify 1836/3968 development_methods__visual_cognitive_motivation__S06__motor__P3__C0b completed
verify 1837/3968 development_methods__visual_cognitive_motivation__S06__posterior__montage0__P2__W1 completed
verify 1838/3968 development_methods__visual_cognitive_motivation__S06__posterior__montage0__P2__H1.0 completed
verify 1839/3968 development_methods__visual_cognitive_motivation__S06__posterior__montage1__P3__C1 completed
verify 1840/3968 development_methods__visual_cognitive_motivation__S06__prefrontal__montage0__P1_beta__C0b completed
verify 1841/3968 development_methods__visual_cognitive_motivation__S06__motor__P1_tau__H4.0 completed
verify 1842/3968 development_methods__visual_cognitive_motivation__S06__posterior__montage0__P1_tau__Hfull completed
verify 1843/3968 development_methods__visual_cognitive_motivation__S06__posterior__montage1__P3__C0b completed
verify 1844/3968 development_methods__visual_cognitive_motivation__S06__prefrontal__montage0__P1_beta__C1 completed
verify 1845/3968 development_methods__visual_cognitive_motivation__S06__motor__P2__H4.0 completed
verify 1846/3968 development_methods__visual_cognitive_motivation__S06__motor__P2__Hfull completed
verify 1847/3968 development_methods__visual_cognitive_motivation__S06__prefrontal__montage1__P1_beta__H4.0 completed
verify 1848/3968 development_methods__visual_cognitive_motivation__S06__prefrontal__montage1__P1_tau__W1 completed
verify 1849/3968 development_methods__visual_cognitive_motivation__S06__prefrontal__montage0__P3__H0.25 completed
verify 1850/3968 development_methods__visual_cognitive_motivation__S06__prefrontal__montage0__P2__H1.0 completed
verify 1851/3968 development_methods__visual_cognitive_motivation__S06__prefrontal__montage1__P1_tau__H0.25 completed
verify 1852/3968 development_methods__visual_cognitive_motivation__S13__motor__P2__H4.0 completed
verify 1853/3968 development_methods__visual_cognitive_motivation__S06__prefrontal__montage1__P1_tau__H4.0 completed
verify 1854/3968 development_methods__visual_cognitive_motivation__S06__prefrontal__montage0__P1_beta__H4.0 completed
verify 1855/3968 development_methods__visual_cognitive_motivation__S06__prefrontal__montage0__P1_tau__Hfull completed
verify 1856/3968 development_methods__visual_cognitive_motivation__S06__prefrontal__montage1__P2__H1.0 completed
verify 1857/3968 development_methods__visual_cognitive_motivation__S13__motor__P1_beta__H1.0 completed
verify 1858/3968 development_methods__visual_cognitive_motivation__S13__motor__P2__H0.25 completed
verify 1859/3968 development_methods__visual_cognitive_motivation__S06__prefrontal__montage0__P3__H4.0 completed
verify 1860/3968 development_methods__visual_cognitive_motivation__S13__motor__P2__W1 completed
verify 1861/3968 development_methods__visual_cognitive_motivation__S06__prefrontal__montage0__P1_tau__H1.0 completed
verify 1862/3968 development_methods__visual_cognitive_motivation__S06__prefrontal__montage1__P1_beta__H0.25 completed
verify 1863/3968 development_methods__visual_cognitive_motivation__S06__prefrontal__montage0__P2__H4.0 completed
verify 1864/3968 development_methods__visual_cognitive_motivation__S13__motor__P1_tau__H4.0 completed
verify 1865/3968 development_methods__visual_cognitive_motivation__S13__motor__P1_tau__Hfull completed
verify 1866/3968 development_methods__visual_cognitive_motivation__S13__motor__P1_beta__C0b completed
verify 1867/3968 development_methods__visual_cognitive_motivation__S06__prefrontal__montage1__P1_beta__H1.0 completed
verify 1868/3968 development_methods__visual_cognitive_motivation__S13__motor__P1_beta__C1 completed
verify 1869/3968 development_methods__visual_cognitive_motivation__S06__prefrontal__montage0__P1_tau__C1 completed
verify 1870/3968 development_methods__visual_cognitive_motivation__S06__prefrontal__montage1__P3__H4.0 completed
verify 1871/3968 development_methods__visual_cognitive_motivation__S06__prefrontal__montage1__P1_tau__Hfull completed
verify 1872/3968 development_methods__visual_cognitive_motivation__S06__prefrontal__montage1__P1_tau__H1.0 completed
verify 1873/3968 development_methods__visual_cognitive_motivation__S06__prefrontal__montage0__P3__C1 completed
verify 1874/3968 development_methods__visual_cognitive_motivation__S06__prefrontal__montage1__P1_beta__C0b completed
verify 1875/3968 development_methods__visual_cognitive_motivation__S13__motor__P1_beta__H4.0 completed
verify 1876/3968 development_methods__visual_cognitive_motivation__S13__motor__P1_tau__H1.0 completed
verify 1877/3968 development_methods__visual_cognitive_motivation__S13__motor__P2__C1 completed
verify 1878/3968 development_methods__visual_cognitive_motivation__S06__prefrontal__montage1__P2__C0b completed
verify 1879/3968 development_methods__visual_cognitive_motivation__S06__prefrontal__montage0__P1_tau__H0.25 completed
verify 1880/3968 development_methods__visual_cognitive_motivation__S13__motor__P3__H0.25 completed
verify 1881/3968 development_methods__visual_cognitive_motivation__S06__prefrontal__montage0__P1_beta__H0.25 completed
verify 1882/3968 development_methods__visual_cognitive_motivation__S06__prefrontal__montage0__P2__H0.25 completed
verify 1883/3968 development_methods__visual_cognitive_motivation__S06__prefrontal__montage1__P3__C0b completed
verify 1884/3968 development_methods__visual_cognitive_motivation__S06__prefrontal__montage1__P2__C1 completed
verify 1885/3968 development_methods__visual_cognitive_motivation__S13__motor__P3__C0b completed
verify 1886/3968 development_methods__visual_cognitive_motivation__S06__prefrontal__montage1__P1_tau__C0b completed
verify 1887/3968 development_methods__visual_cognitive_motivation__S13__motor__P3__Hfull completed
verify 1888/3968 development_methods__visual_cognitive_motivation__S06__prefrontal__montage1__P3__C1 completed
verify 1889/3968 development_methods__visual_cognitive_motivation__S06__prefrontal__montage0__P2__C0b completed
verify 1890/3968 development_methods__visual_cognitive_motivation__S06__prefrontal__montage0__P3__H1.0 completed
verify 1891/3968 development_methods__visual_cognitive_motivation__S06__prefrontal__montage0__P2__C1 completed
verify 1892/3968 development_methods__visual_cognitive_motivation__S06__prefrontal__montage1__P1_tau__C1 completed
verify 1893/3968 development_methods__visual_cognitive_motivation__S06__prefrontal__montage1__P3__H0.25 completed
verify 1894/3968 development_methods__visual_cognitive_motivation__S06__prefrontal__montage1__P2__H4.0 completed
verify 1895/3968 development_methods__visual_cognitive_motivation__S13__motor__P1_tau__C1 completed
verify 1896/3968 development_methods__visual_cognitive_motivation__S13__motor__P1_tau__H0.25 completed
verify 1897/3968 development_methods__visual_cognitive_motivation__S06__prefrontal__montage1__P1_beta__C1 completed
verify 1898/3968 development_methods__visual_cognitive_motivation__S13__motor__P1_tau__C0b completed
verify 1899/3968 development_methods__visual_cognitive_motivation__S06__prefrontal__montage1__P3__W1 completed
verify 1900/3968 development_methods__visual_cognitive_motivation__S06__prefrontal__montage1__P3__Hfull completed
verify 1901/3968 development_methods__visual_cognitive_motivation__S06__prefrontal__montage0__P3__Hfull completed
verify 1902/3968 development_methods__visual_cognitive_motivation__S06__prefrontal__montage1__P1_beta__Hfull completed
verify 1903/3968 development_methods__visual_cognitive_motivation__S13__motor__P2__H1.0 completed
verify 1904/3968 development_methods__visual_cognitive_motivation__S06__prefrontal__montage0__P1_tau__W1 completed
verify 1905/3968 development_methods__visual_cognitive_motivation__S06__prefrontal__montage1__P3__H1.0 completed
verify 1906/3968 development_methods__visual_cognitive_motivation__S06__prefrontal__montage0__P2__W1 completed
verify 1907/3968 development_methods__visual_cognitive_motivation__S06__prefrontal__montage1__P2__Hfull completed
verify 1908/3968 development_methods__visual_cognitive_motivation__S13__motor__P1_beta__Hfull completed
verify 1909/3968 development_methods__visual_cognitive_motivation__S13__motor__P1_beta__W1 completed
verify 1910/3968 development_methods__visual_cognitive_motivation__S06__prefrontal__montage0__P1_tau__C0b completed
verify 1911/3968 development_methods__visual_cognitive_motivation__S13__motor__P3__H1.0 completed
verify 1912/3968 development_methods__visual_cognitive_motivation__S13__motor__P1_tau__W1 completed
verify 1913/3968 development_methods__visual_cognitive_motivation__S13__motor__P2__C0b completed
verify 1914/3968 development_methods__visual_cognitive_motivation__S06__prefrontal__montage1__P1_beta__W1 completed
verify 1915/3968 development_methods__visual_cognitive_motivation__S06__prefrontal__montage0__P3__W1 completed
verify 1916/3968 development_methods__visual_cognitive_motivation__S06__prefrontal__montage0__P1_beta__W1 completed
verify 1917/3968 development_methods__visual_cognitive_motivation__S06__prefrontal__montage1__P2__H0.25 completed
verify 1918/3968 development_methods__visual_cognitive_motivation__S06__prefrontal__montage0__P1_tau__H4.0 completed
verify 1919/3968 development_methods__visual_cognitive_motivation__S13__motor__P1_beta__H0.25 completed
verify 1920/3968 development_methods__visual_cognitive_motivation__S06__prefrontal__montage1__P2__W1 completed
verify 1921/3968 development_methods__visual_cognitive_motivation__S06__prefrontal__montage0__P3__C0b completed
verify 1922/3968 development_methods__visual_cognitive_motivation__S06__prefrontal__montage0__P2__Hfull completed
verify 1923/3968 development_methods__visual_cognitive_motivation__S13__motor__P2__Hfull completed
verify 1924/3968 development_methods__visual_cognitive_motivation__S13__posterior__montage1__P3__W1 completed
verify 1925/3968 development_methods__visual_cognitive_motivation__S13__prefrontal__montage0__P1_beta__H0.25 completed
verify 1926/3968 development_methods__visual_cognitive_motivation__S13__posterior__montage0__P3__H1.0 completed
verify 1927/3968 development_methods__visual_cognitive_motivation__S13__posterior__montage0__P1_tau__H1.0 completed
verify 1928/3968 development_methods__visual_cognitive_motivation__S13__motor__P3__W1 completed
verify 1929/3968 development_methods__visual_cognitive_motivation__S13__posterior__montage0__P3__H0.25 completed
verify 1930/3968 development_methods__visual_cognitive_motivation__S13__posterior__montage0__P1_beta__C0b completed
verify 1931/3968 development_methods__visual_cognitive_motivation__S13__posterior__montage1__P1_beta__W1 completed
verify 1932/3968 development_methods__visual_cognitive_motivation__S13__posterior__montage1__P3__C0b completed
verify 1933/3968 development_methods__visual_cognitive_motivation__S13__posterior__montage0__P1_tau__H0.25 completed
verify 1934/3968 development_methods__visual_cognitive_motivation__S13__posterior__montage0__P1_tau__C1 completed
verify 1935/3968 development_methods__visual_cognitive_motivation__S13__posterior__montage0__P3__C1 completed
verify 1936/3968 development_methods__visual_cognitive_motivation__S13__posterior__montage0__P1_beta__C1 completed
verify 1937/3968 development_methods__visual_cognitive_motivation__S13__posterior__montage0__P1_beta__H4.0 completed
verify 1938/3968 development_methods__visual_cognitive_motivation__S13__prefrontal__montage0__P1_tau__W1 completed
verify 1939/3968 development_methods__visual_cognitive_motivation__S13__posterior__montage1__P1_beta__H4.0 completed
verify 1940/3968 development_methods__visual_cognitive_motivation__S13__posterior__montage1__P2__H0.25 completed
verify 1941/3968 development_methods__visual_cognitive_motivation__S13__prefrontal__montage0__P1_beta__H4.0 completed
verify 1942/3968 development_methods__visual_cognitive_motivation__S13__posterior__montage0__P2__W1 completed
verify 1943/3968 development_methods__visual_cognitive_motivation__S13__posterior__montage1__P1_tau__H0.25 completed
verify 1944/3968 development_methods__visual_cognitive_motivation__S13__posterior__montage1__P2__W1 completed
verify 1945/3968 development_methods__visual_cognitive_motivation__S13__posterior__montage0__P2__H4.0 completed
verify 1946/3968 development_methods__visual_cognitive_motivation__S13__posterior__montage1__P3__C1 completed
verify 1947/3968 development_methods__visual_cognitive_motivation__S13__posterior__montage1__P2__H1.0 completed
verify 1948/3968 development_methods__visual_cognitive_motivation__S13__posterior__montage1__P3__H0.25 completed
verify 1949/3968 development_methods__visual_cognitive_motivation__S13__posterior__montage0__P1_beta__H1.0 completed
verify 1950/3968 development_methods__visual_cognitive_motivation__S13__posterior__montage1__P1_tau__H4.0 completed
verify 1951/3968 development_methods__visual_cognitive_motivation__S13__posterior__montage1__P1_tau__W1 completed
verify 1952/3968 development_methods__visual_cognitive_motivation__S13__posterior__montage0__P3__C0b completed
verify 1953/3968 development_methods__visual_cognitive_motivation__S13__prefrontal__montage0__P1_tau__Hfull completed
verify 1954/3968 development_methods__visual_cognitive_motivation__S13__prefrontal__montage0__P1_tau__H1.0 completed
verify 1955/3968 development_methods__visual_cognitive_motivation__S13__prefrontal__montage0__P2__C1 completed
verify 1956/3968 development_methods__visual_cognitive_motivation__S13__posterior__montage1__P2__C1 completed
verify 1957/3968 development_methods__visual_cognitive_motivation__S13__posterior__montage0__P1_beta__W1 completed
verify 1958/3968 development_methods__visual_cognitive_motivation__S13__posterior__montage1__P2__C0b completed
verify 1959/3968 development_methods__visual_cognitive_motivation__S13__posterior__montage1__P1_tau__Hfull completed
verify 1960/3968 development_methods__visual_cognitive_motivation__S13__posterior__montage1__P2__H4.0 completed
verify 1961/3968 development_methods__visual_cognitive_motivation__S13__posterior__montage0__P3__H4.0 completed
verify 1962/3968 development_methods__visual_cognitive_motivation__S13__prefrontal__montage0__P1_beta__C1 completed
verify 1963/3968 development_methods__visual_cognitive_motivation__S13__posterior__montage0__P2__Hfull completed
verify 1964/3968 development_methods__visual_cognitive_motivation__S13__prefrontal__montage0__P1_beta__C0b completed
verify 1965/3968 development_methods__visual_cognitive_motivation__S13__posterior__montage0__P2__H1.0 completed
verify 1966/3968 development_methods__visual_cognitive_motivation__S13__prefrontal__montage0__P1_tau__H0.25 completed
verify 1967/3968 development_methods__visual_cognitive_motivation__S13__motor__P3__C1 completed
verify 1968/3968 development_methods__visual_cognitive_motivation__S13__prefrontal__montage0__P1_tau__H4.0 completed
verify 1969/3968 development_methods__visual_cognitive_motivation__S13__posterior__montage1__P1_beta__H0.25 completed
verify 1970/3968 development_methods__visual_cognitive_motivation__S13__prefrontal__montage0__P1_tau__C1 completed
verify 1971/3968 development_methods__visual_cognitive_motivation__S13__posterior__montage0__P1_beta__H0.25 completed
verify 1972/3968 development_methods__visual_cognitive_motivation__S13__posterior__montage0__P3__W1 completed
verify 1973/3968 development_methods__visual_cognitive_motivation__S13__posterior__montage0__P2__C0b completed
verify 1974/3968 development_methods__visual_cognitive_motivation__S13__posterior__montage1__P1_beta__C1 completed
verify 1975/3968 development_methods__visual_cognitive_motivation__S13__posterior__montage0__P1_tau__W1 completed
verify 1976/3968 development_methods__visual_cognitive_motivation__S13__prefrontal__montage0__P1_beta__H1.0 completed
verify 1977/3968 development_methods__visual_cognitive_motivation__S13__prefrontal__montage0__P1_beta__Hfull completed
verify 1978/3968 development_methods__visual_cognitive_motivation__S13__posterior__montage1__P1_tau__C1 completed
verify 1979/3968 development_methods__visual_cognitive_motivation__S13__posterior__montage1__P1_tau__C0b completed
verify 1980/3968 development_methods__visual_cognitive_motivation__S13__posterior__montage0__P3__Hfull completed
verify 1981/3968 development_methods__visual_cognitive_motivation__S13__posterior__montage1__P1_tau__H1.0 completed
verify 1982/3968 development_methods__visual_cognitive_motivation__S13__posterior__montage1__P1_beta__Hfull completed
verify 1983/3968 development_methods__visual_cognitive_motivation__S13__posterior__montage1__P2__Hfull completed
verify 1984/3968 development_methods__visual_cognitive_motivation__S13__posterior__montage0__P1_beta__Hfull completed
verify 1985/3968 development_methods__visual_cognitive_motivation__S13__posterior__montage0__P1_tau__H4.0 completed
verify 1986/3968 development_methods__visual_cognitive_motivation__S13__posterior__montage1__P1_beta__C0b completed
verify 1987/3968 development_methods__visual_cognitive_motivation__S13__posterior__montage1__P3__H4.0 completed
verify 1988/3968 development_methods__visual_cognitive_motivation__S13__posterior__montage0__P2__C1 completed
verify 1989/3968 development_methods__visual_cognitive_motivation__S13__posterior__montage0__P1_tau__C0b completed
verify 1990/3968 development_methods__visual_cognitive_motivation__S13__prefrontal__montage0__P2__H0.25 completed
verify 1991/3968 development_methods__visual_cognitive_motivation__S13__posterior__montage0__P2__H0.25 completed
verify 1992/3968 development_methods__visual_cognitive_motivation__S13__posterior__montage1__P3__H1.0 completed
verify 1993/3968 development_methods__visual_cognitive_motivation__S13__posterior__montage0__P1_tau__Hfull completed
verify 1994/3968 development_methods__visual_cognitive_motivation__S13__prefrontal__montage0__P1_tau__C0b completed
verify 1995/3968 development_methods__visual_cognitive_motivation__S13__posterior__montage1__P3__Hfull completed
verify 1996/3968 development_methods__visual_cognitive_motivation__S13__prefrontal__montage0__P2__C0b completed
verify 1997/3968 development_methods__visual_cognitive_motivation__S13__prefrontal__montage0__P2__H1.0 completed
verify 1998/3968 development_methods__visual_cognitive_motivation__S13__motor__P3__H4.0 completed
verify 1999/3968 development_methods__visual_cognitive_motivation__S13__prefrontal__montage0__P1_beta__W1 completed
verify 2000/3968 development_methods__visual_cognitive_motivation__S13__posterior__montage1__P1_beta__H1.0 completed
verify 2001/3968 development_methods__visual_cognitive_motivation__S13__prefrontal__montage1__P1_beta__H1.0 completed
verify 2002/3968 development_methods__visual_cognitive_motivation__S16__posterior__montage0__P1_tau__W1 completed
verify 2003/3968 development_methods__visual_cognitive_motivation__S16__motor__P1_tau__H1.0 completed
verify 2004/3968 development_methods__visual_cognitive_motivation__S16__posterior__montage0__P1_beta__W1 completed
verify 2005/3968 development_methods__visual_cognitive_motivation__S16__posterior__montage0__P1_tau__H0.25 completed
verify 2006/3968 development_methods__visual_cognitive_motivation__S13__prefrontal__montage1__P1_beta__Hfull completed
verify 2007/3968 development_methods__visual_cognitive_motivation__S16__motor__P3__H4.0 completed
verify 2008/3968 development_methods__visual_cognitive_motivation__S16__motor__P1_beta__Hfull completed
verify 2009/3968 development_methods__visual_cognitive_motivation__S16__posterior__montage0__P1_tau__C1 completed
verify 2010/3968 development_methods__visual_cognitive_motivation__S13__prefrontal__montage0__P3__C0b completed
verify 2011/3968 development_methods__visual_cognitive_motivation__S16__posterior__montage0__P1_beta__H4.0 completed
verify 2012/3968 development_methods__visual_cognitive_motivation__S13__prefrontal__montage1__P2__H4.0 completed
verify 2013/3968 development_methods__visual_cognitive_motivation__S16__motor__P1_beta__H1.0 completed
verify 2014/3968 development_methods__visual_cognitive_motivation__S16__motor__P2__H1.0 completed
verify 2015/3968 development_methods__visual_cognitive_motivation__S16__motor__P1_beta__W1 completed
verify 2016/3968 development_methods__visual_cognitive_motivation__S16__motor__P3__H0.25 completed
verify 2017/3968 development_methods__visual_cognitive_motivation__S13__prefrontal__montage0__P2__W1 completed
verify 2018/3968 development_methods__visual_cognitive_motivation__S16__motor__P2__Hfull completed
verify 2019/3968 development_methods__visual_cognitive_motivation__S16__motor__P2__C1 completed
verify 2020/3968 development_methods__visual_cognitive_motivation__S13__prefrontal__montage1__P2__H1.0 completed
verify 2021/3968 development_methods__visual_cognitive_motivation__S16__posterior__montage0__P1_tau__C0b completed
verify 2022/3968 development_methods__visual_cognitive_motivation__S13__prefrontal__montage1__P2__C1 completed
verify 2023/3968 development_methods__visual_cognitive_motivation__S16__posterior__montage0__P1_beta__H1.0 completed
verify 2024/3968 development_methods__visual_cognitive_motivation__S13__prefrontal__montage1__P1_tau__H1.0 completed
verify 2025/3968 development_methods__visual_cognitive_motivation__S16__motor__P1_beta__H0.25 completed
verify 2026/3968 development_methods__visual_cognitive_motivation__S16__motor__P1_tau__H0.25 completed
verify 2027/3968 development_methods__visual_cognitive_motivation__S16__motor__P2__H4.0 completed
verify 2028/3968 development_methods__visual_cognitive_motivation__S13__prefrontal__montage1__P2__Hfull completed
verify 2029/3968 development_methods__visual_cognitive_motivation__S13__prefrontal__montage1__P3__Hfull completed
verify 2030/3968 development_methods__visual_cognitive_motivation__S13__prefrontal__montage1__P3__C0b completed
verify 2031/3968 development_methods__visual_cognitive_motivation__S16__posterior__montage0__P2__H1.0 completed
verify 2032/3968 development_methods__visual_cognitive_motivation__S13__prefrontal__montage0__P2__H4.0 completed
verify 2033/3968 development_methods__visual_cognitive_motivation__S16__posterior__montage0__P1_beta__Hfull completed
verify 2034/3968 development_methods__visual_cognitive_motivation__S16__motor__P1_beta__H4.0 completed
verify 2035/3968 development_methods__visual_cognitive_motivation__S13__prefrontal__montage1__P3__C1 completed
verify 2036/3968 development_methods__visual_cognitive_motivation__S13__prefrontal__montage1__P1_tau__Hfull completed
verify 2037/3968 development_methods__visual_cognitive_motivation__S16__posterior__montage0__P1_tau__Hfull completed
verify 2038/3968 development_methods__visual_cognitive_motivation__S13__prefrontal__montage1__P1_tau__H0.25 completed
verify 2039/3968 development_methods__visual_cognitive_motivation__S13__prefrontal__montage1__P3__W1 completed
verify 2040/3968 development_methods__visual_cognitive_motivation__S16__motor__P3__W1 completed
verify 2041/3968 development_methods__visual_cognitive_motivation__S16__motor__P3__C0b completed
verify 2042/3968 development_methods__visual_cognitive_motivation__S16__motor__P1_tau__C1 completed
verify 2043/3968 development_methods__visual_cognitive_motivation__S13__prefrontal__montage1__P1_tau__C1 completed
verify 2044/3968 development_methods__visual_cognitive_motivation__S13__prefrontal__montage1__P2__W1 completed
verify 2045/3968 development_methods__visual_cognitive_motivation__S13__prefrontal__montage0__P2__Hfull completed
verify 2046/3968 development_methods__visual_cognitive_motivation__S13__prefrontal__montage1__P3__H0.25 completed
verify 2047/3968 development_methods__visual_cognitive_motivation__S16__motor__P2__C0b completed
verify 2048/3968 development_methods__visual_cognitive_motivation__S13__prefrontal__montage1__P1_beta__H0.25 completed
verify 2049/3968 development_methods__visual_cognitive_motivation__S13__prefrontal__montage1__P1_beta__C0b completed
verify 2050/3968 development_methods__visual_cognitive_motivation__S13__prefrontal__montage0__P3__H1.0 completed
verify 2051/3968 development_methods__visual_cognitive_motivation__S13__prefrontal__montage1__P1_tau__H4.0 completed
verify 2052/3968 development_methods__visual_cognitive_motivation__S16__motor__P2__H0.25 completed
verify 2053/3968 development_methods__visual_cognitive_motivation__S13__prefrontal__montage0__P3__C1 completed
verify 2054/3968 development_methods__visual_cognitive_motivation__S16__posterior__montage0__P1_beta__C1 completed
verify 2055/3968 development_methods__visual_cognitive_motivation__S13__prefrontal__montage0__P3__H4.0 completed
verify 2056/3968 development_methods__visual_cognitive_motivation__S13__prefrontal__montage1__P2__H0.25 completed
verify 2057/3968 development_methods__visual_cognitive_motivation__S16__motor__P1_tau__C0b completed
verify 2058/3968 development_methods__visual_cognitive_motivation__S16__posterior__montage0__P2__C0b completed
verify 2059/3968 development_methods__visual_cognitive_motivation__S13__prefrontal__montage1__P1_beta__W1 completed
verify 2060/3968 development_methods__visual_cognitive_motivation__S13__prefrontal__montage1__P3__H1.0 completed
verify 2061/3968 development_methods__visual_cognitive_motivation__S13__prefrontal__montage0__P3__H0.25 completed
verify 2062/3968 development_methods__visual_cognitive_motivation__S13__prefrontal__montage1__P1_tau__W1 completed
verify 2063/3968 development_methods__visual_cognitive_motivation__S13__prefrontal__montage1__P1_tau__C0b completed
verify 2064/3968 development_methods__visual_cognitive_motivation__S13__prefrontal__montage1__P1_beta__C1 completed
verify 2065/3968 development_methods__visual_cognitive_motivation__S16__posterior__montage0__P1_beta__H0.25 completed
verify 2066/3968 development_methods__visual_cognitive_motivation__S13__prefrontal__montage0__P3__Hfull completed
verify 2067/3968 development_methods__visual_cognitive_motivation__S16__posterior__montage0__P1_tau__H4.0 completed
verify 2068/3968 development_methods__visual_cognitive_motivation__S16__motor__P2__W1 completed
verify 2069/3968 development_methods__visual_cognitive_motivation__S16__posterior__montage0__P2__H0.25 completed
verify 2070/3968 development_methods__visual_cognitive_motivation__S16__motor__P3__C1 completed
verify 2071/3968 development_methods__visual_cognitive_motivation__S16__posterior__montage0__P1_beta__C0b completed
verify 2072/3968 development_methods__visual_cognitive_motivation__S16__posterior__montage0__P1_tau__H1.0 completed
verify 2073/3968 development_methods__visual_cognitive_motivation__S16__motor__P3__Hfull completed
verify 2074/3968 development_methods__visual_cognitive_motivation__S16__motor__P1_tau__W1 completed
verify 2075/3968 development_methods__visual_cognitive_motivation__S16__motor__P1_beta__C0b completed
verify 2076/3968 development_methods__visual_cognitive_motivation__S13__prefrontal__montage1__P1_beta__H4.0 completed
verify 2077/3968 development_methods__visual_cognitive_motivation__S13__prefrontal__montage0__P3__W1 completed
verify 2078/3968 development_methods__visual_cognitive_motivation__S16__motor__P1_tau__Hfull completed
verify 2079/3968 development_methods__visual_cognitive_motivation__S16__motor__P1_beta__C1 completed
verify 2080/3968 development_methods__visual_cognitive_motivation__S13__prefrontal__montage1__P2__C0b completed
verify 2081/3968 development_methods__visual_cognitive_motivation__S13__prefrontal__montage1__P3__H4.0 completed
verify 2082/3968 development_methods__visual_cognitive_motivation__S16__motor__P3__H1.0 completed
verify 2083/3968 development_methods__visual_cognitive_motivation__S16__motor__P1_tau__H4.0 completed
verify 2084/3968 development_methods__visual_cognitive_motivation__S16__posterior__montage1__P3__Hfull completed
verify 2085/3968 development_methods__visual_cognitive_motivation__S16__posterior__montage1__P1_beta__H1.0 completed
verify 2086/3968 development_methods__visual_cognitive_motivation__S16__posterior__montage1__P3__W1 completed
verify 2087/3968 development_methods__visual_cognitive_motivation__S16__prefrontal__montage1__P1_tau__H1.0 completed
verify 2088/3968 development_methods__visual_cognitive_motivation__S16__posterior__montage0__P3__C0b completed
verify 2089/3968 development_methods__visual_cognitive_motivation__S16__posterior__montage1__P3__H4.0 completed
verify 2090/3968 development_methods__visual_cognitive_motivation__S16__prefrontal__montage0__P1_beta__Hfull completed
verify 2091/3968 development_methods__visual_cognitive_motivation__S16__prefrontal__montage0__P1_tau__C0b completed
verify 2092/3968 development_methods__visual_cognitive_motivation__S16__prefrontal__montage0__P2__H1.0 completed
verify 2093/3968 development_methods__visual_cognitive_motivation__S16__prefrontal__montage0__P3__Hfull completed
verify 2094/3968 development_methods__visual_cognitive_motivation__S16__prefrontal__montage0__P3__W1 completed
verify 2095/3968 development_methods__visual_cognitive_motivation__S16__posterior__montage1__P3__H0.25 completed
verify 2096/3968 development_methods__visual_cognitive_motivation__S16__posterior__montage1__P2__C1 completed
verify 2097/3968 development_methods__visual_cognitive_motivation__S16__posterior__montage1__P1_tau__W1 completed
verify 2098/3968 development_methods__visual_cognitive_motivation__S16__posterior__montage1__P1_beta__H4.0 completed
verify 2099/3968 development_methods__visual_cognitive_motivation__S16__posterior__montage0__P3__W1 completed
verify 2100/3968 development_methods__visual_cognitive_motivation__S16__prefrontal__montage1__P1_beta__C1 completed
verify 2101/3968 development_methods__visual_cognitive_motivation__S16__prefrontal__montage0__P2__H4.0 completed
verify 2102/3968 development_methods__visual_cognitive_motivation__S16__prefrontal__montage1__P1_tau__Hfull completed
verify 2103/3968 development_methods__visual_cognitive_motivation__S16__prefrontal__montage0__P3__C0b completed
verify 2104/3968 development_methods__visual_cognitive_motivation__S16__posterior__montage1__P1_beta__Hfull completed
verify 2105/3968 development_methods__visual_cognitive_motivation__S16__prefrontal__montage0__P3__H1.0 completed
verify 2106/3968 development_methods__visual_cognitive_motivation__S16__posterior__montage1__P2__C0b completed
verify 2107/3968 development_methods__visual_cognitive_motivation__S16__posterior__montage1__P2__H1.0 completed
verify 2108/3968 development_methods__visual_cognitive_motivation__S16__prefrontal__montage1__P1_beta__H4.0 completed
verify 2109/3968 development_methods__visual_cognitive_motivation__S16__prefrontal__montage1__P1_beta__Hfull completed
verify 2110/3968 development_methods__visual_cognitive_motivation__S16__posterior__montage0__P2__C1 completed
verify 2111/3968 development_methods__visual_cognitive_motivation__S16__posterior__montage0__P3__C1 completed
verify 2112/3968 development_methods__visual_cognitive_motivation__S16__prefrontal__montage0__P1_beta__C1 completed
verify 2113/3968 development_methods__visual_cognitive_motivation__S16__posterior__montage1__P2__H0.25 completed
verify 2114/3968 development_methods__visual_cognitive_motivation__S16__posterior__montage0__P2__Hfull completed
verify 2115/3968 development_methods__visual_cognitive_motivation__S16__prefrontal__montage0__P2__C0b completed
verify 2116/3968 development_methods__visual_cognitive_motivation__S16__prefrontal__montage0__P3__C1 completed
verify 2117/3968 development_methods__visual_cognitive_motivation__S16__prefrontal__montage0__P1_tau__W1 completed
verify 2118/3968 development_methods__visual_cognitive_motivation__S16__posterior__montage1__P1_beta__W1 completed
verify 2119/3968 development_methods__visual_cognitive_motivation__S16__posterior__montage0__P3__H1.0 completed
verify 2120/3968 development_methods__visual_cognitive_motivation__S16__prefrontal__montage0__P1_tau__C1 completed
verify 2121/3968 development_methods__visual_cognitive_motivation__S16__prefrontal__montage0__P1_tau__H1.0 completed
verify 2122/3968 development_methods__visual_cognitive_motivation__S16__posterior__montage1__P1_beta__H0.25 completed
verify 2123/3968 development_methods__visual_cognitive_motivation__S16__posterior__montage0__P2__H4.0 completed
verify 2124/3968 development_methods__visual_cognitive_motivation__S16__posterior__montage0__P2__W1 completed
verify 2125/3968 development_methods__visual_cognitive_motivation__S16__posterior__montage1__P1_tau__C0b completed
verify 2126/3968 development_methods__visual_cognitive_motivation__S16__prefrontal__montage0__P2__H0.25 completed
verify 2127/3968 development_methods__visual_cognitive_motivation__S16__posterior__montage1__P2__H4.0 completed
verify 2128/3968 development_methods__visual_cognitive_motivation__S16__posterior__montage1__P1_tau__H0.25 completed
verify 2129/3968 development_methods__visual_cognitive_motivation__S16__prefrontal__montage1__P1_beta__H1.0 completed
verify 2130/3968 development_methods__visual_cognitive_motivation__S16__prefrontal__montage0__P2__C1 completed
verify 2131/3968 development_methods__visual_cognitive_motivation__S16__prefrontal__montage0__P1_tau__H0.25 completed
verify 2132/3968 development_methods__visual_cognitive_motivation__S16__prefrontal__montage0__P3__H4.0 completed
verify 2133/3968 development_methods__visual_cognitive_motivation__S16__posterior__montage0__P3__H0.25 completed
verify 2134/3968 development_methods__visual_cognitive_motivation__S16__posterior__montage1__P1_tau__C1 completed
verify 2135/3968 development_methods__visual_cognitive_motivation__S16__posterior__montage1__P1_tau__H1.0 completed
verify 2136/3968 development_methods__visual_cognitive_motivation__S16__prefrontal__montage1__P1_beta__C0b completed
verify 2137/3968 development_methods__visual_cognitive_motivation__S16__posterior__montage1__P3__C1 completed
verify 2138/3968 development_methods__visual_cognitive_motivation__S16__posterior__montage1__P1_beta__C0b completed
verify 2139/3968 development_methods__visual_cognitive_motivation__S16__prefrontal__montage0__P1_tau__Hfull completed
verify 2140/3968 development_methods__visual_cognitive_motivation__S16__prefrontal__montage0__P1_beta__H1.0 completed
verify 2141/3968 development_methods__visual_cognitive_motivation__S16__prefrontal__montage0__P1_beta__W1 completed
verify 2142/3968 development_methods__visual_cognitive_motivation__S16__posterior__montage1__P2__W1 completed
verify 2143/3968 development_methods__visual_cognitive_motivation__S16__posterior__montage0__P3__H4.0 completed
verify 2144/3968 development_methods__visual_cognitive_motivation__S16__prefrontal__montage0__P1_tau__H4.0 completed
verify 2145/3968 development_methods__visual_cognitive_motivation__S16__prefrontal__montage1__P1_tau__H4.0 completed
verify 2146/3968 development_methods__visual_cognitive_motivation__S16__posterior__montage1__P3__C0b completed
verify 2147/3968 development_methods__visual_cognitive_motivation__S16__prefrontal__montage1__P1_beta__H0.25 completed
verify 2148/3968 development_methods__visual_cognitive_motivation__S16__prefrontal__montage1__P1_tau__C0b completed
verify 2149/3968 development_methods__visual_cognitive_motivation__S16__prefrontal__montage0__P2__W1 completed
verify 2150/3968 development_methods__visual_cognitive_motivation__S16__prefrontal__montage0__P3__H0.25 completed
verify 2151/3968 development_methods__visual_cognitive_motivation__S16__posterior__montage1__P2__Hfull completed
verify 2152/3968 development_methods__visual_cognitive_motivation__S16__posterior__montage1__P3__H1.0 completed
verify 2153/3968 development_methods__visual_cognitive_motivation__S16__prefrontal__montage0__P1_beta__H4.0 completed
verify 2154/3968 development_methods__visual_cognitive_motivation__S16__posterior__montage1__P1_tau__Hfull completed
verify 2155/3968 development_methods__visual_cognitive_motivation__S16__posterior__montage1__P1_beta__C1 completed
verify 2156/3968 development_methods__visual_cognitive_motivation__S16__prefrontal__montage1__P1_tau__H0.25 completed
verify 2157/3968 development_methods__visual_cognitive_motivation__S16__posterior__montage0__P3__Hfull completed
verify 2158/3968 development_methods__visual_cognitive_motivation__S16__prefrontal__montage0__P1_beta__C0b completed
verify 2159/3968 development_methods__visual_cognitive_motivation__S16__posterior__montage1__P1_tau__H4.0 completed
verify 2160/3968 development_methods__visual_cognitive_motivation__S16__prefrontal__montage0__P2__Hfull completed
verify 2161/3968 development_methods__visual_cognitive_motivation__S16__prefrontal__montage0__P1_beta__H0.25 completed
verify 2162/3968 evaluation__eeg_fnirs_single_trial__subject_02__motor__P3__Hfull completed
verify 2163/3968 evaluation__eeg_fnirs_single_trial__subject_03__motor__P1_tau__Hfull completed
verify 2164/3968 evaluation__eeg_fnirs_single_trial__subject_02__posterior__P1_beta__Hfull completed
verify 2165/3968 evaluation__eeg_fnirs_single_trial__subject_02__prefrontal__P1_tau__N0 completed
verify 2166/3968 evaluation__eeg_fnirs_single_trial__subject_01__motor__P1_beta__Hfull completed
verify 2167/3968 evaluation__eeg_fnirs_single_trial__subject_01__posterior__P2__Hfull completed
verify 2168/3968 evaluation__eeg_fnirs_single_trial__subject_01__prefrontal__P2__N0 completed
verify 2169/3968 development_methods__visual_cognitive_motivation__S16__prefrontal__montage1__P2__C1 completed
verify 2170/3968 development_methods__visual_cognitive_motivation__S16__prefrontal__montage1__P3__H4.0 completed
verify 2171/3968 evaluation__eeg_fnirs_single_trial__subject_02__motor__P1_beta__N0 completed
verify 2172/3968 evaluation__eeg_fnirs_single_trial__subject_01__posterior__P1_tau__N0 completed
verify 2173/3968 development_methods__visual_cognitive_motivation__S16__prefrontal__montage1__P2__H0.25 completed
verify 2174/3968 evaluation__eeg_fnirs_single_trial__subject_02__motor__P2__N0 completed
verify 2175/3968 evaluation__eeg_fnirs_single_trial__subject_02__prefrontal__P2__Hfull completed
verify 2176/3968 evaluation__eeg_fnirs_single_trial__subject_02__posterior__P3__N0 completed
verify 2177/3968 evaluation__eeg_fnirs_single_trial__subject_02__prefrontal__P3__Hfull completed
verify 2178/3968 development_methods__visual_cognitive_motivation__S16__prefrontal__montage1__P2__W1 completed
verify 2179/3968 evaluation__eeg_fnirs_single_trial__subject_01__prefrontal__P2__Hfull completed
verify 2180/3968 evaluation__eeg_fnirs_single_trial__subject_01__posterior__P0__N0 completed
verify 2181/3968 evaluation__eeg_fnirs_single_trial__subject_01__posterior__P1_tau__Hfull completed
verify 2182/3968 evaluation__eeg_fnirs_single_trial__subject_01__motor__P1_beta__N0 completed
verify 2183/3968 evaluation__eeg_fnirs_single_trial__subject_01__prefrontal__P3__Hselected completed
verify 2184/3968 evaluation__eeg_fnirs_single_trial__subject_02__prefrontal__P1_beta__N0 completed
verify 2185/3968 development_methods__visual_cognitive_motivation__S16__prefrontal__montage1__P2__H1.0 completed
verify 2186/3968 development_methods__visual_cognitive_motivation__S16__prefrontal__montage1__P1_tau__C1 completed
verify 2187/3968 development_methods__visual_cognitive_motivation__S16__prefrontal__montage1__P3__C0b completed
verify 2188/3968 evaluation__eeg_fnirs_single_trial__subject_01__motor__P3__N0 completed
verify 2189/3968 evaluation__eeg_fnirs_single_trial__subject_01__prefrontal__P1_tau__Hfull completed
verify 2190/3968 evaluation__eeg_fnirs_single_trial__subject_01__prefrontal__P1_beta__N0 completed
verify 2191/3968 evaluation__eeg_fnirs_single_trial__subject_02__motor__P3__N0 completed
verify 2192/3968 evaluation__eeg_fnirs_single_trial__subject_03__motor__P1_beta__N0 completed
verify 2193/3968 evaluation__eeg_fnirs_single_trial__subject_01__motor__P3__Hfull completed
verify 2194/3968 development_methods__visual_cognitive_motivation__S16__prefrontal__montage1__P1_beta__W1 completed
verify 2195/3968 evaluation__eeg_fnirs_single_trial__subject_02__motor__P1_beta__Hfull completed
verify 2196/3968 evaluation__eeg_fnirs_single_trial__subject_01__motor__P1_tau__Hfull completed
verify 2197/3968 evaluation__eeg_fnirs_single_trial__subject_01__prefrontal__P1_beta__Hfull completed
verify 2198/3968 evaluation__eeg_fnirs_single_trial__subject_02__prefrontal__P0__N0 completed
verify 2199/3968 development_methods__visual_cognitive_motivation__S16__prefrontal__montage1__P2__C0b completed
verify 2200/3968 evaluation__eeg_fnirs_single_trial__subject_01__motor__P1_tau__N0 completed
verify 2201/3968 development_methods__visual_cognitive_motivation__S16__prefrontal__montage1__P3__Hfull completed
verify 2202/3968 evaluation__eeg_fnirs_single_trial__subject_01__prefrontal__P3__N0 completed
verify 2203/3968 development_methods__visual_cognitive_motivation__S16__prefrontal__montage1__P3__C1 completed
verify 2204/3968 evaluation__eeg_fnirs_single_trial__subject_01__posterior__P1_beta__Hfull completed
verify 2205/3968 evaluation__eeg_fnirs_single_trial__subject_02__posterior__P1_tau__Hfull completed
verify 2206/3968 development_methods__visual_cognitive_motivation__S16__prefrontal__montage1__P2__H4.0 completed
verify 2207/3968 development_methods__visual_cognitive_motivation__S16__prefrontal__montage1__P2__Hfull completed
verify 2208/3968 evaluation__eeg_fnirs_single_trial__subject_02__posterior__P3__Hselected completed
verify 2209/3968 evaluation__eeg_fnirs_single_trial__subject_02__motor__P3__Hselected completed
verify 2210/3968 evaluation__eeg_fnirs_single_trial__subject_02__posterior__P2__Hfull completed
verify 2211/3968 evaluation__eeg_fnirs_single_trial__subject_02__prefrontal__P3__Hselected completed
verify 2212/3968 evaluation__eeg_fnirs_single_trial__subject_02__motor__P2__Hfull completed
verify 2213/3968 evaluation__eeg_fnirs_single_trial__subject_01__posterior__P3__N0 completed
verify 2214/3968 evaluation__eeg_fnirs_single_trial__subject_02__prefrontal__P1_tau__Hfull completed
verify 2215/3968 evaluation__eeg_fnirs_single_trial__subject_02__prefrontal__P1_beta__Hfull completed
verify 2216/3968 evaluation__eeg_fnirs_single_trial__subject_02__posterior__P2__N0 completed
verify 2217/3968 evaluation__eeg_fnirs_single_trial__subject_02__prefrontal__P3__N0 completed
verify 2218/3968 evaluation__eeg_fnirs_single_trial__subject_02__prefrontal__P2__N0 completed
verify 2219/3968 evaluation__eeg_fnirs_single_trial__subject_01__motor__P2__Hfull completed
verify 2220/3968 evaluation__eeg_fnirs_single_trial__subject_01__prefrontal__P1_tau__N0 completed
verify 2221/3968 evaluation__eeg_fnirs_single_trial__subject_03__motor__P0__N0 completed
verify 2222/3968 evaluation__eeg_fnirs_single_trial__subject_01__posterior__P3__Hfull completed
verify 2223/3968 evaluation__eeg_fnirs_single_trial__subject_01__motor__P2__N0 completed
verify 2224/3968 evaluation__eeg_fnirs_single_trial__subject_01__prefrontal__P0__N0 completed
verify 2225/3968 evaluation__eeg_fnirs_single_trial__subject_01__posterior__P1_beta__N0 completed
verify 2226/3968 development_methods__visual_cognitive_motivation__S16__prefrontal__montage1__P3__H1.0 completed
verify 2227/3968 evaluation__eeg_fnirs_single_trial__subject_02__posterior__P0__N0 completed
verify 2228/3968 evaluation__eeg_fnirs_single_trial__subject_02__posterior__P3__Hfull completed
verify 2229/3968 development_methods__visual_cognitive_motivation__S16__prefrontal__montage1__P3__W1 completed
verify 2230/3968 evaluation__eeg_fnirs_single_trial__subject_02__motor__P0__N0 completed
verify 2231/3968 evaluation__eeg_fnirs_single_trial__subject_02__posterior__P1_beta__N0 completed
verify 2232/3968 evaluation__eeg_fnirs_single_trial__subject_01__posterior__P3__Hselected completed
verify 2233/3968 development_methods__visual_cognitive_motivation__S16__prefrontal__montage1__P3__H0.25 completed
verify 2234/3968 evaluation__eeg_fnirs_single_trial__subject_01__motor__P3__Hselected completed
verify 2235/3968 evaluation__eeg_fnirs_single_trial__subject_02__motor__P1_tau__N0 completed
verify 2236/3968 evaluation__eeg_fnirs_single_trial__subject_01__posterior__P2__N0 completed
verify 2237/3968 evaluation__eeg_fnirs_single_trial__subject_02__motor__P1_tau__Hfull completed
verify 2238/3968 development_methods__visual_cognitive_motivation__S16__prefrontal__montage1__P1_tau__W1 completed
verify 2239/3968 evaluation__eeg_fnirs_single_trial__subject_01__motor__P0__N0 completed
verify 2240/3968 evaluation__eeg_fnirs_single_trial__subject_01__prefrontal__P3__Hfull completed
verify 2241/3968 evaluation__eeg_fnirs_single_trial__subject_02__posterior__P1_tau__N0 completed
verify 2242/3968 evaluation__eeg_fnirs_single_trial__subject_04__prefrontal__P3__Hselected completed
verify 2243/3968 evaluation__eeg_fnirs_single_trial__subject_04__prefrontal__P1_tau__N0 completed
verify 2244/3968 evaluation__eeg_fnirs_single_trial__subject_04__prefrontal__P3__Hfull completed
verify 2245/3968 evaluation__eeg_fnirs_single_trial__subject_06__posterior__P3__Hfull completed
verify 2246/3968 evaluation__eeg_fnirs_single_trial__subject_03__posterior__P1_beta__Hfull completed
verify 2247/3968 evaluation__eeg_fnirs_single_trial__subject_03__prefrontal__P3__Hselected completed
verify 2248/3968 evaluation__eeg_fnirs_single_trial__subject_06__posterior__P1_beta__N0 completed
verify 2249/3968 evaluation__eeg_fnirs_single_trial__subject_03__posterior__P0__N0 completed
verify 2250/3968 evaluation__eeg_fnirs_single_trial__subject_04__motor__P3__Hfull completed
verify 2251/3968 evaluation__eeg_fnirs_single_trial__subject_04__motor__P1_beta__N0 completed
verify 2252/3968 evaluation__eeg_fnirs_single_trial__subject_04__posterior__P3__Hselected completed
verify 2253/3968 evaluation__eeg_fnirs_single_trial__subject_03__posterior__P3__N0 completed
verify 2254/3968 evaluation__eeg_fnirs_single_trial__subject_06__motor__P3__Hselected completed
verify 2255/3968 evaluation__eeg_fnirs_single_trial__subject_06__motor__P0__N0 completed
verify 2256/3968 evaluation__eeg_fnirs_single_trial__subject_06__posterior__P1_tau__N0 completed
verify 2257/3968 evaluation__eeg_fnirs_single_trial__subject_06__motor__P2__Hfull completed
verify 2258/3968 evaluation__eeg_fnirs_single_trial__subject_04__posterior__P1_tau__N0 completed
verify 2259/3968 evaluation__eeg_fnirs_single_trial__subject_04__prefrontal__P1_beta__Hfull completed
verify 2260/3968 evaluation__eeg_fnirs_single_trial__subject_04__motor__P0__N0 completed
verify 2261/3968 evaluation__eeg_fnirs_single_trial__subject_04__prefrontal__P2__N0 completed
verify 2262/3968 evaluation__eeg_fnirs_single_trial__subject_03__motor__P3__Hselected completed
verify 2263/3968 evaluation__eeg_fnirs_single_trial__subject_06__motor__P1_beta__N0 completed
verify 2264/3968 evaluation__eeg_fnirs_single_trial__subject_06__posterior__P3__Hselected completed
verify 2265/3968 evaluation__eeg_fnirs_single_trial__subject_03__prefrontal__P0__N0 completed
verify 2266/3968 evaluation__eeg_fnirs_single_trial__subject_04__motor__P3__Hselected completed
verify 2267/3968 evaluation__eeg_fnirs_single_trial__subject_04__motor__P2__N0 completed
verify 2268/3968 evaluation__eeg_fnirs_single_trial__subject_06__prefrontal__P1_beta__Hfull completed
verify 2269/3968 evaluation__eeg_fnirs_single_trial__subject_04__prefrontal__P1_beta__N0 completed
verify 2270/3968 evaluation__eeg_fnirs_single_trial__subject_04__posterior__P3__N0 completed
verify 2271/3968 evaluation__eeg_fnirs_single_trial__subject_03__prefrontal__P1_tau__N0 completed
verify 2272/3968 evaluation__eeg_fnirs_single_trial__subject_06__motor__P3__Hfull completed
verify 2273/3968 evaluation__eeg_fnirs_single_trial__subject_04__posterior__P1_tau__Hfull completed
verify 2274/3968 evaluation__eeg_fnirs_single_trial__subject_04__posterior__P2__N0 completed
verify 2275/3968 evaluation__eeg_fnirs_single_trial__subject_04__prefrontal__P0__N0 completed
verify 2276/3968 evaluation__eeg_fnirs_single_trial__subject_04__posterior__P1_beta__Hfull completed
verify 2277/3968 evaluation__eeg_fnirs_single_trial__subject_06__posterior__P2__Hfull completed
verify 2278/3968 evaluation__eeg_fnirs_single_trial__subject_03__prefrontal__P2__N0 completed
verify 2279/3968 evaluation__eeg_fnirs_single_trial__subject_04__motor__P1_tau__N0 completed
verify 2280/3968 evaluation__eeg_fnirs_single_trial__subject_03__motor__P1_tau__N0 completed
verify 2281/3968 evaluation__eeg_fnirs_single_trial__subject_03__posterior__P1_tau__N0 completed
verify 2282/3968 evaluation__eeg_fnirs_single_trial__subject_03__prefrontal__P1_beta__N0 completed
verify 2283/3968 evaluation__eeg_fnirs_single_trial__subject_03__prefrontal__P3__Hfull completed
verify 2284/3968 evaluation__eeg_fnirs_single_trial__subject_03__prefrontal__P3__N0 completed
verify 2285/3968 evaluation__eeg_fnirs_single_trial__subject_03__posterior__P3__Hfull completed
verify 2286/3968 evaluation__eeg_fnirs_single_trial__subject_06__motor__P2__N0 completed
verify 2287/3968 evaluation__eeg_fnirs_single_trial__subject_04__posterior__P2__Hfull completed
verify 2288/3968 evaluation__eeg_fnirs_single_trial__subject_04__motor__P1_beta__Hfull completed
verify 2289/3968 evaluation__eeg_fnirs_single_trial__subject_03__prefrontal__P1_beta__Hfull completed
verify 2290/3968 evaluation__eeg_fnirs_single_trial__subject_04__posterior__P1_beta__N0 completed
verify 2291/3968 evaluation__eeg_fnirs_single_trial__subject_03__motor__P2__Hfull completed
verify 2292/3968 evaluation__eeg_fnirs_single_trial__subject_03__prefrontal__P2__Hfull completed
verify 2293/3968 evaluation__eeg_fnirs_single_trial__subject_06__motor__P1_tau__Hfull completed
verify 2294/3968 evaluation__eeg_fnirs_single_trial__subject_06__posterior__P1_beta__Hfull completed
verify 2295/3968 evaluation__eeg_fnirs_single_trial__subject_06__posterior__P2__N0 completed
verify 2296/3968 evaluation__eeg_fnirs_single_trial__subject_04__prefrontal__P2__Hfull completed
verify 2297/3968 evaluation__eeg_fnirs_single_trial__subject_04__motor__P1_tau__Hfull completed
verify 2298/3968 evaluation__eeg_fnirs_single_trial__subject_04__posterior__P3__Hfull completed
verify 2299/3968 evaluation__eeg_fnirs_single_trial__subject_03__posterior__P2__N0 completed
verify 2300/3968 evaluation__eeg_fnirs_single_trial__subject_04__prefrontal__P1_tau__Hfull completed
verify 2301/3968 evaluation__eeg_fnirs_single_trial__subject_04__motor__P3__N0 completed
verify 2302/3968 evaluation__eeg_fnirs_single_trial__subject_03__motor__P3__N0 completed
verify 2303/3968 evaluation__eeg_fnirs_single_trial__subject_03__motor__P3__Hfull completed
verify 2304/3968 evaluation__eeg_fnirs_single_trial__subject_03__motor__P2__N0 completed
verify 2305/3968 evaluation__eeg_fnirs_single_trial__subject_03__posterior__P3__Hselected completed
verify 2306/3968 evaluation__eeg_fnirs_single_trial__subject_06__motor__P1_tau__N0 completed
verify 2307/3968 evaluation__eeg_fnirs_single_trial__subject_06__motor__P3__N0 completed
verify 2308/3968 evaluation__eeg_fnirs_single_trial__subject_03__posterior__P2__Hfull completed
verify 2309/3968 evaluation__eeg_fnirs_single_trial__subject_03__motor__P1_beta__Hfull completed
verify 2310/3968 evaluation__eeg_fnirs_single_trial__subject_04__posterior__P0__N0 completed
verify 2311/3968 evaluation__eeg_fnirs_single_trial__subject_06__motor__P1_beta__Hfull completed
verify 2312/3968 evaluation__eeg_fnirs_single_trial__subject_03__posterior__P1_tau__Hfull completed
verify 2313/3968 evaluation__eeg_fnirs_single_trial__subject_04__motor__P2__Hfull completed
verify 2314/3968 evaluation__eeg_fnirs_single_trial__subject_03__prefrontal__P1_tau__Hfull completed
verify 2315/3968 evaluation__eeg_fnirs_single_trial__subject_03__posterior__P1_beta__N0 completed
verify 2316/3968 evaluation__eeg_fnirs_single_trial__subject_04__prefrontal__P3__N0 completed
verify 2317/3968 evaluation__eeg_fnirs_single_trial__subject_06__posterior__P1_tau__Hfull completed
verify 2318/3968 evaluation__eeg_fnirs_single_trial__subject_06__posterior__P0__N0 completed
verify 2319/3968 evaluation__eeg_fnirs_single_trial__subject_07__posterior__P0__N0 completed
verify 2320/3968 evaluation__eeg_fnirs_single_trial__subject_10__motor__P0__N0 completed
verify 2321/3968 evaluation__eeg_fnirs_single_trial__subject_09__motor__P3__Hfull completed
verify 2322/3968 evaluation__eeg_fnirs_single_trial__subject_10__motor__P2__N0 completed
verify 2323/3968 evaluation__eeg_fnirs_single_trial__subject_06__prefrontal__P1_tau__N0 completed
verify 2324/3968 evaluation__eeg_fnirs_single_trial__subject_09__posterior__P2__N0 completed
verify 2325/3968 evaluation__eeg_fnirs_single_trial__subject_07__posterior__P2__N0 completed
verify 2326/3968 evaluation__eeg_fnirs_single_trial__subject_07__prefrontal__P1_beta__Hfull completed
verify 2327/3968 evaluation__eeg_fnirs_single_trial__subject_07__prefrontal__P0__N0 completed
verify 2328/3968 evaluation__eeg_fnirs_single_trial__subject_07__prefrontal__P3__N0 completed
verify 2329/3968 evaluation__eeg_fnirs_single_trial__subject_06__prefrontal__P1_tau__Hfull completed
verify 2330/3968 evaluation__eeg_fnirs_single_trial__subject_09__posterior__P1_tau__Hfull completed
verify 2331/3968 evaluation__eeg_fnirs_single_trial__subject_07__motor__P3__N0 completed
verify 2332/3968 evaluation__eeg_fnirs_single_trial__subject_09__prefrontal__P2__Hfull completed
verify 2333/3968 evaluation__eeg_fnirs_single_trial__subject_07__prefrontal__P1_beta__N0 completed
verify 2334/3968 evaluation__eeg_fnirs_single_trial__subject_09__posterior__P3__Hselected completed
verify 2335/3968 evaluation__eeg_fnirs_single_trial__subject_09__prefrontal__P1_tau__N0 completed
verify 2336/3968 evaluation__eeg_fnirs_single_trial__subject_07__posterior__P1_beta__Hfull completed
verify 2337/3968 evaluation__eeg_fnirs_single_trial__subject_09__posterior__P1_tau__N0 completed
verify 2338/3968 evaluation__eeg_fnirs_single_trial__subject_06__prefrontal__P0__N0 completed
verify 2339/3968 evaluation__eeg_fnirs_single_trial__subject_09__motor__P1_tau__Hfull completed
verify 2340/3968 evaluation__eeg_fnirs_single_trial__subject_09__posterior__P2__Hfull completed
verify 2341/3968 evaluation__eeg_fnirs_single_trial__subject_07__motor__P3__Hfull completed
verify 2342/3968 evaluation__eeg_fnirs_single_trial__subject_09__motor__P0__N0 completed
verify 2343/3968 evaluation__eeg_fnirs_single_trial__subject_06__posterior__P3__N0 completed
verify 2344/3968 evaluation__eeg_fnirs_single_trial__subject_07__prefrontal__P2__N0 completed
verify 2345/3968 evaluation__eeg_fnirs_single_trial__subject_10__motor__P3__Hselected completed
verify 2346/3968 evaluation__eeg_fnirs_single_trial__subject_09__motor__P3__Hselected completed
verify 2347/3968 evaluation__eeg_fnirs_single_trial__subject_10__motor__P1_tau__N0 completed
verify 2348/3968 evaluation__eeg_fnirs_single_trial__subject_09__motor__P2__N0 completed
verify 2349/3968 evaluation__eeg_fnirs_single_trial__subject_07__motor__P1_tau__N0 completed
verify 2350/3968 evaluation__eeg_fnirs_single_trial__subject_07__posterior__P3__Hfull completed
verify 2351/3968 evaluation__eeg_fnirs_single_trial__subject_07__posterior__P1_tau__Hfull completed
verify 2352/3968 evaluation__eeg_fnirs_single_trial__subject_07__posterior__P3__N0 completed
verify 2353/3968 evaluation__eeg_fnirs_single_trial__subject_07__prefrontal__P1_tau__N0 completed
verify 2354/3968 evaluation__eeg_fnirs_single_trial__subject_07__posterior__P3__Hselected completed
verify 2355/3968 evaluation__eeg_fnirs_single_trial__subject_06__prefrontal__P2__N0 completed
verify 2356/3968 evaluation__eeg_fnirs_single_trial__subject_07__prefrontal__P2__Hfull completed
verify 2357/3968 evaluation__eeg_fnirs_single_trial__subject_09__posterior__P0__N0 completed
verify 2358/3968 evaluation__eeg_fnirs_single_trial__subject_07__motor__P3__Hselected completed
verify 2359/3968 evaluation__eeg_fnirs_single_trial__subject_07__motor__P1_tau__Hfull completed
verify 2360/3968 evaluation__eeg_fnirs_single_trial__subject_09__motor__P1_beta__N0 completed
verify 2361/3968 evaluation__eeg_fnirs_single_trial__subject_09__prefrontal__P2__N0 completed
verify 2362/3968 evaluation__eeg_fnirs_single_trial__subject_07__motor__P0__N0 completed
verify 2363/3968 evaluation__eeg_fnirs_single_trial__subject_09__prefrontal__P3__N0 completed
verify 2364/3968 evaluation__eeg_fnirs_single_trial__subject_07__posterior__P1_tau__N0 completed
verify 2365/3968 evaluation__eeg_fnirs_single_trial__subject_10__motor__P1_tau__Hfull completed
verify 2366/3968 evaluation__eeg_fnirs_single_trial__subject_09__prefrontal__P0__N0 completed
verify 2367/3968 evaluation__eeg_fnirs_single_trial__subject_09__prefrontal__P1_beta__N0 completed
verify 2368/3968 evaluation__eeg_fnirs_single_trial__subject_06__prefrontal__P1_beta__N0 completed
verify 2369/3968 evaluation__eeg_fnirs_single_trial__subject_09__motor__P1_beta__Hfull completed
verify 2370/3968 evaluation__eeg_fnirs_single_trial__subject_09__motor__P3__N0 completed
verify 2371/3968 evaluation__eeg_fnirs_single_trial__subject_06__prefrontal__P2__Hfull completed
verify 2372/3968 evaluation__eeg_fnirs_single_trial__subject_07__prefrontal__P3__Hselected completed
verify 2373/3968 evaluation__eeg_fnirs_single_trial__subject_09__posterior__P1_beta__Hfull completed
verify 2374/3968 evaluation__eeg_fnirs_single_trial__subject_07__motor__P2__N0 completed
verify 2375/3968 evaluation__eeg_fnirs_single_trial__subject_09__prefrontal__P1_beta__Hfull completed
verify 2376/3968 evaluation__eeg_fnirs_single_trial__subject_10__motor__P1_beta__N0 completed
verify 2377/3968 evaluation__eeg_fnirs_single_trial__subject_07__posterior__P2__Hfull completed
verify 2378/3968 evaluation__eeg_fnirs_single_trial__subject_09__prefrontal__P3__Hfull completed
verify 2379/3968 evaluation__eeg_fnirs_single_trial__subject_09__posterior__P3__N0 completed
verify 2380/3968 evaluation__eeg_fnirs_single_trial__subject_06__prefrontal__P3__N0 completed
verify 2381/3968 evaluation__eeg_fnirs_single_trial__subject_09__motor__P1_tau__N0 completed
verify 2382/3968 evaluation__eeg_fnirs_single_trial__subject_07__prefrontal__P3__Hfull completed
verify 2383/3968 evaluation__eeg_fnirs_single_trial__subject_07__prefrontal__P1_tau__Hfull completed
verify 2384/3968 evaluation__eeg_fnirs_single_trial__subject_09__prefrontal__P1_tau__Hfull completed
verify 2385/3968 evaluation__eeg_fnirs_single_trial__subject_09__posterior__P3__Hfull completed
verify 2386/3968 evaluation__eeg_fnirs_single_trial__subject_10__motor__P1_beta__Hfull completed
verify 2387/3968 evaluation__eeg_fnirs_single_trial__subject_06__prefrontal__P3__Hselected completed
verify 2388/3968 evaluation__eeg_fnirs_single_trial__subject_09__motor__P2__Hfull completed
verify 2389/3968 evaluation__eeg_fnirs_single_trial__subject_10__motor__P3__N0 completed
verify 2390/3968 evaluation__eeg_fnirs_single_trial__subject_09__posterior__P1_beta__N0 completed
verify 2391/3968 evaluation__eeg_fnirs_single_trial__subject_07__motor__P2__Hfull completed
verify 2392/3968 evaluation__eeg_fnirs_single_trial__subject_09__prefrontal__P3__Hselected completed
verify 2393/3968 evaluation__eeg_fnirs_single_trial__subject_07__posterior__P1_beta__N0 completed
verify 2394/3968 evaluation__eeg_fnirs_single_trial__subject_10__motor__P2__Hfull completed
verify 2395/3968 evaluation__eeg_fnirs_single_trial__subject_07__motor__P1_beta__N0 completed
verify 2396/3968 evaluation__eeg_fnirs_single_trial__subject_06__prefrontal__P3__Hfull completed
verify 2397/3968 evaluation__eeg_fnirs_single_trial__subject_07__motor__P1_beta__Hfull completed
verify 2398/3968 evaluation__eeg_fnirs_single_trial__subject_12__motor__P1_tau__N0 completed
verify 2399/3968 evaluation__eeg_fnirs_single_trial__subject_10__prefrontal__P3__Hselected completed
verify 2400/3968 evaluation__eeg_fnirs_single_trial__subject_12__motor__P3__Hselected completed
verify 2401/3968 evaluation__eeg_fnirs_single_trial__subject_10__posterior__P1_beta__Hfull completed
verify 2402/3968 evaluation__eeg_fnirs_single_trial__subject_10__prefrontal__P1_beta__Hfull completed
verify 2403/3968 evaluation__eeg_fnirs_single_trial__subject_13__motor__P1_beta__Hfull completed
verify 2404/3968 evaluation__eeg_fnirs_single_trial__subject_10__prefrontal__P2__N0 completed
verify 2405/3968 evaluation__eeg_fnirs_single_trial__subject_10__posterior__P1_beta__N0 completed
verify 2406/3968 evaluation__eeg_fnirs_single_trial__subject_10__motor__P3__Hfull completed
verify 2407/3968 evaluation__eeg_fnirs_single_trial__subject_12__posterior__P1_beta__Hfull completed
verify 2408/3968 evaluation__eeg_fnirs_single_trial__subject_13__prefrontal__P1_beta__Hfull completed
verify 2409/3968 evaluation__eeg_fnirs_single_trial__subject_12__prefrontal__P2__N0 completed
verify 2410/3968 evaluation__eeg_fnirs_single_trial__subject_12__prefrontal__P0__N0 completed
verify 2411/3968 evaluation__eeg_fnirs_single_trial__subject_10__posterior__P1_tau__Hfull completed
verify 2412/3968 evaluation__eeg_fnirs_single_trial__subject_12__prefrontal__P1_beta__Hfull completed
verify 2413/3968 evaluation__eeg_fnirs_single_trial__subject_12__posterior__P2__Hfull completed
verify 2414/3968 evaluation__eeg_fnirs_single_trial__subject_12__motor__P2__N0 completed
verify 2415/3968 evaluation__eeg_fnirs_single_trial__subject_13__prefrontal__P1_beta__N0 completed
verify 2416/3968 evaluation__eeg_fnirs_single_trial__subject_13__posterior__P2__Hfull completed
verify 2417/3968 evaluation__eeg_fnirs_single_trial__subject_13__motor__P2__Hfull completed
verify 2418/3968 evaluation__eeg_fnirs_single_trial__subject_10__posterior__P2__N0 completed
verify 2419/3968 evaluation__eeg_fnirs_single_trial__subject_10__prefrontal__P1_beta__N0 completed
verify 2420/3968 evaluation__eeg_fnirs_single_trial__subject_13__motor__P1_tau__Hfull completed
verify 2421/3968 evaluation__eeg_fnirs_single_trial__subject_12__posterior__P2__N0 completed
verify 2422/3968 evaluation__eeg_fnirs_single_trial__subject_12__posterior__P3__N0 completed
verify 2423/3968 evaluation__eeg_fnirs_single_trial__subject_10__prefrontal__P1_tau__Hfull completed
verify 2424/3968 evaluation__eeg_fnirs_single_trial__subject_13__motor__P2__N0 completed
verify 2425/3968 evaluation__eeg_fnirs_single_trial__subject_13__motor__P3__Hselected completed
verify 2426/3968 evaluation__eeg_fnirs_single_trial__subject_12__motor__P2__Hfull completed
verify 2427/3968 evaluation__eeg_fnirs_single_trial__subject_13__prefrontal__P3__Hfull completed
verify 2428/3968 evaluation__eeg_fnirs_single_trial__subject_10__posterior__P1_tau__N0 completed
verify 2429/3968 evaluation__eeg_fnirs_single_trial__subject_13__posterior__P1_tau__N0 completed
verify 2430/3968 evaluation__eeg_fnirs_single_trial__subject_10__posterior__P2__Hfull completed
verify 2431/3968 evaluation__eeg_fnirs_single_trial__subject_10__posterior__P3__Hfull completed
verify 2432/3968 evaluation__eeg_fnirs_single_trial__subject_10__posterior__P0__N0 completed
verify 2433/3968 evaluation__eeg_fnirs_single_trial__subject_13__prefrontal__P1_tau__Hfull completed
verify 2434/3968 evaluation__eeg_fnirs_single_trial__subject_13__posterior__P1_beta__N0 completed
verify 2435/3968 evaluation__eeg_fnirs_single_trial__subject_12__prefrontal__P2__Hfull completed
verify 2436/3968 evaluation__eeg_fnirs_single_trial__subject_10__prefrontal__P1_tau__N0 completed
verify 2437/3968 evaluation__eeg_fnirs_single_trial__subject_13__posterior__P1_beta__Hfull completed
verify 2438/3968 evaluation__eeg_fnirs_single_trial__subject_12__posterior__P3__Hselected completed
verify 2439/3968 evaluation__eeg_fnirs_single_trial__subject_12__prefrontal__P1_tau__Hfull completed
verify 2440/3968 evaluation__eeg_fnirs_single_trial__subject_10__prefrontal__P2__Hfull completed
verify 2441/3968 evaluation__eeg_fnirs_single_trial__subject_13__posterior__P3__Hselected completed
verify 2442/3968 evaluation__eeg_fnirs_single_trial__subject_13__prefrontal__P3__Hselected completed
verify 2443/3968 evaluation__eeg_fnirs_single_trial__subject_12__motor__P0__N0 completed
verify 2444/3968 evaluation__eeg_fnirs_single_trial__subject_13__motor__P1_tau__N0 completed
verify 2445/3968 evaluation__eeg_fnirs_single_trial__subject_13__posterior__P3__Hfull completed
verify 2446/3968 evaluation__eeg_fnirs_single_trial__subject_10__prefrontal__P0__N0 completed
verify 2447/3968 evaluation__eeg_fnirs_single_trial__subject_10__prefrontal__P3__N0 completed
verify 2448/3968 evaluation__eeg_fnirs_single_trial__subject_13__posterior__P1_tau__Hfull completed
verify 2449/3968 evaluation__eeg_fnirs_single_trial__subject_12__motor__P1_beta__Hfull completed
verify 2450/3968 evaluation__eeg_fnirs_single_trial__subject_13__posterior__P2__N0 completed
verify 2451/3968 evaluation__eeg_fnirs_single_trial__subject_12__prefrontal__P1_tau__N0 completed
verify 2452/3968 evaluation__eeg_fnirs_single_trial__subject_13__prefrontal__P2__Hfull completed
verify 2453/3968 evaluation__eeg_fnirs_single_trial__subject_12__motor__P1_beta__N0 completed
verify 2454/3968 evaluation__eeg_fnirs_single_trial__subject_13__posterior__P3__N0 completed
verify 2455/3968 evaluation__eeg_fnirs_single_trial__subject_10__prefrontal__P3__Hfull completed
verify 2456/3968 evaluation__eeg_fnirs_single_trial__subject_10__posterior__P3__Hselected completed
verify 2457/3968 evaluation__eeg_fnirs_single_trial__subject_13__motor__P3__Hfull completed
verify 2458/3968 evaluation__eeg_fnirs_single_trial__subject_13__motor__P0__N0 completed
verify 2459/3968 evaluation__eeg_fnirs_single_trial__subject_12__motor__P3__N0 completed
verify 2460/3968 evaluation__eeg_fnirs_single_trial__subject_12__posterior__P1_tau__Hfull completed
verify 2461/3968 evaluation__eeg_fnirs_single_trial__subject_12__motor__P1_tau__Hfull completed
verify 2462/3968 evaluation__eeg_fnirs_single_trial__subject_13__prefrontal__P1_tau__N0 completed
verify 2463/3968 evaluation__eeg_fnirs_single_trial__subject_13__posterior__P0__N0 completed
verify 2464/3968 evaluation__eeg_fnirs_single_trial__subject_13__motor__P1_beta__N0 completed
verify 2465/3968 evaluation__eeg_fnirs_single_trial__subject_14__motor__P1_beta__N0 completed
verify 2466/3968 evaluation__eeg_fnirs_single_trial__subject_10__posterior__P3__N0 completed
verify 2467/3968 evaluation__eeg_fnirs_single_trial__subject_13__prefrontal__P2__N0 completed
verify 2468/3968 evaluation__eeg_fnirs_single_trial__subject_12__prefrontal__P1_beta__N0 completed
verify 2469/3968 evaluation__eeg_fnirs_single_trial__subject_12__posterior__P1_tau__N0 completed
verify 2470/3968 evaluation__eeg_fnirs_single_trial__subject_12__posterior__P3__Hfull completed
verify 2471/3968 evaluation__eeg_fnirs_single_trial__subject_12__prefrontal__P3__Hfull completed
verify 2472/3968 evaluation__eeg_fnirs_single_trial__subject_12__posterior__P1_beta__N0 completed
verify 2473/3968 evaluation__eeg_fnirs_single_trial__subject_14__motor__P0__N0 completed
verify 2474/3968 evaluation__eeg_fnirs_single_trial__subject_14__motor__P1_beta__Hfull completed
verify 2475/3968 evaluation__eeg_fnirs_single_trial__subject_12__posterior__P0__N0 completed
verify 2476/3968 evaluation__eeg_fnirs_single_trial__subject_12__prefrontal__P3__N0 completed
verify 2477/3968 evaluation__eeg_fnirs_single_trial__subject_13__motor__P3__N0 completed
verify 2478/3968 evaluation__eeg_fnirs_single_trial__subject_12__motor__P3__Hfull completed
verify 2479/3968 evaluation__eeg_fnirs_single_trial__subject_13__prefrontal__P0__N0 completed
verify 2480/3968 evaluation__eeg_fnirs_single_trial__subject_12__prefrontal__P3__Hselected completed
verify 2481/3968 evaluation__eeg_fnirs_single_trial__subject_14__posterior__P1_tau__N0 completed
verify 2482/3968 evaluation__eeg_fnirs_single_trial__subject_15__prefrontal__P1_beta__Hfull completed
verify 2483/3968 evaluation__eeg_fnirs_single_trial__subject_15__prefrontal__P2__N0 completed
verify 2484/3968 evaluation__eeg_fnirs_single_trial__subject_15__motor__P1_tau__Hfull completed
verify 2485/3968 evaluation__eeg_fnirs_single_trial__subject_14__motor__P3__Hselected completed
verify 2486/3968 evaluation__eeg_fnirs_single_trial__subject_14__prefrontal__P0__N0 completed
verify 2487/3968 evaluation__eeg_fnirs_single_trial__subject_14__motor__P1_tau__Hfull completed
verify 2488/3968 evaluation__eeg_fnirs_single_trial__subject_16__motor__P0__N0 completed
verify 2489/3968 evaluation__eeg_fnirs_single_trial__subject_15__motor__P1_beta__Hfull completed
verify 2490/3968 evaluation__eeg_fnirs_single_trial__subject_16__motor__P3__Hfull completed
verify 2491/3968 evaluation__eeg_fnirs_single_trial__subject_15__prefrontal__P0__N0 completed
verify 2492/3968 evaluation__eeg_fnirs_single_trial__subject_15__prefrontal__P2__Hfull completed
verify 2493/3968 evaluation__eeg_fnirs_single_trial__subject_15__motor__P2__N0 completed
verify 2494/3968 evaluation__eeg_fnirs_single_trial__subject_14__prefrontal__P3__Hfull completed
verify 2495/3968 evaluation__eeg_fnirs_single_trial__subject_15__posterior__P3__Hfull completed
verify 2496/3968 evaluation__eeg_fnirs_single_trial__subject_14__posterior__P3__Hselected completed
verify 2497/3968 evaluation__eeg_fnirs_single_trial__subject_14__motor__P2__N0 completed
verify 2498/3968 evaluation__eeg_fnirs_single_trial__subject_15__motor__P1_beta__N0 completed
verify 2499/3968 evaluation__eeg_fnirs_single_trial__subject_16__motor__P3__N0 completed
verify 2500/3968 evaluation__eeg_fnirs_single_trial__subject_15__posterior__P1_tau__Hfull completed
verify 2501/3968 evaluation__eeg_fnirs_single_trial__subject_14__prefrontal__P1_tau__N0 completed
verify 2502/3968 evaluation__eeg_fnirs_single_trial__subject_15__posterior__P2__N0 completed
verify 2503/3968 evaluation__eeg_fnirs_single_trial__subject_15__motor__P1_tau__N0 completed
verify 2504/3968 evaluation__eeg_fnirs_single_trial__subject_14__motor__P3__Hfull completed
verify 2505/3968 evaluation__eeg_fnirs_single_trial__subject_15__posterior__P0__N0 completed
verify 2506/3968 evaluation__eeg_fnirs_single_trial__subject_15__motor__P3__Hselected completed
verify 2507/3968 evaluation__eeg_fnirs_single_trial__subject_14__prefrontal__P1_beta__Hfull completed
verify 2508/3968 evaluation__eeg_fnirs_single_trial__subject_14__motor__P2__Hfull completed
verify 2509/3968 evaluation__eeg_fnirs_single_trial__subject_14__posterior__P3__N0 completed
verify 2510/3968 evaluation__eeg_fnirs_single_trial__subject_14__posterior__P1_beta__Hfull completed
verify 2511/3968 evaluation__eeg_fnirs_single_trial__subject_14__motor__P3__N0 completed
verify 2512/3968 evaluation__eeg_fnirs_single_trial__subject_14__posterior__P3__Hfull completed
verify 2513/3968 evaluation__eeg_fnirs_single_trial__subject_14__prefrontal__P3__Hselected completed
verify 2514/3968 evaluation__eeg_fnirs_single_trial__subject_14__posterior__P2__Hfull completed
verify 2515/3968 evaluation__eeg_fnirs_single_trial__subject_15__prefrontal__P3__N0 completed
verify 2516/3968 evaluation__eeg_fnirs_single_trial__subject_14__prefrontal__P1_tau__Hfull completed
verify 2517/3968 evaluation__eeg_fnirs_single_trial__subject_14__prefrontal__P2__Hfull completed
verify 2518/3968 evaluation__eeg_fnirs_single_trial__subject_14__prefrontal__P3__N0 completed
verify 2519/3968 evaluation__eeg_fnirs_single_trial__subject_16__motor__P1_tau__Hfull completed
verify 2520/3968 evaluation__eeg_fnirs_single_trial__subject_15__motor__P0__N0 completed
verify 2521/3968 evaluation__eeg_fnirs_single_trial__subject_15__posterior__P1_beta__Hfull completed
verify 2522/3968 evaluation__eeg_fnirs_single_trial__subject_15__prefrontal__P3__Hfull completed
verify 2523/3968 evaluation__eeg_fnirs_single_trial__subject_15__posterior__P2__Hfull completed
verify 2524/3968 evaluation__eeg_fnirs_single_trial__subject_16__motor__P1_beta__Hfull completed
verify 2525/3968 evaluation__eeg_fnirs_single_trial__subject_14__motor__P1_tau__N0 completed
verify 2526/3968 evaluation__eeg_fnirs_single_trial__subject_16__motor__P2__Hfull completed
verify 2527/3968 evaluation__eeg_fnirs_single_trial__subject_14__prefrontal__P2__N0 completed
verify 2528/3968 evaluation__eeg_fnirs_single_trial__subject_15__posterior__P1_tau__N0 completed
verify 2529/3968 evaluation__eeg_fnirs_single_trial__subject_15__prefrontal__P1_tau__Hfull completed
verify 2530/3968 evaluation__eeg_fnirs_single_trial__subject_15__prefrontal__P3__Hselected completed
verify 2531/3968 evaluation__eeg_fnirs_single_trial__subject_15__motor__P3__Hfull completed
verify 2532/3968 evaluation__eeg_fnirs_single_trial__subject_13__prefrontal__P3__N0 completed
verify 2533/3968 evaluation__eeg_fnirs_single_trial__subject_14__posterior__P0__N0 completed
verify 2534/3968 evaluation__eeg_fnirs_single_trial__subject_14__posterior__P2__N0 completed
verify 2535/3968 evaluation__eeg_fnirs_single_trial__subject_15__posterior__P1_beta__N0 completed
verify 2536/3968 evaluation__eeg_fnirs_single_trial__subject_15__posterior__P3__Hselected completed
verify 2537/3968 evaluation__eeg_fnirs_single_trial__subject_16__motor__P1_beta__N0 completed
verify 2538/3968 evaluation__eeg_fnirs_single_trial__subject_15__motor__P2__Hfull completed
verify 2539/3968 evaluation__eeg_fnirs_single_trial__subject_16__posterior__P1_tau__Hfull completed
verify 2540/3968 evaluation__eeg_fnirs_single_trial__subject_15__posterior__P3__N0 completed
verify 2541/3968 evaluation__eeg_fnirs_single_trial__subject_15__prefrontal__P1_tau__N0 completed
verify 2542/3968 evaluation__eeg_fnirs_single_trial__subject_15__prefrontal__P1_beta__N0 completed
verify 2543/3968 evaluation__eeg_fnirs_single_trial__subject_16__motor__P3__Hselected completed
verify 2544/3968 evaluation__eeg_fnirs_single_trial__subject_14__posterior__P1_beta__N0 completed
verify 2545/3968 evaluation__eeg_fnirs_single_trial__subject_14__posterior__P1_tau__Hfull completed
verify 2546/3968 evaluation__eeg_fnirs_single_trial__subject_14__prefrontal__P1_beta__N0 completed
verify 2547/3968 evaluation__eeg_fnirs_single_trial__subject_16__motor__P2__N0 completed
verify 2548/3968 evaluation__eeg_fnirs_single_trial__subject_16__motor__P1_tau__N0 completed
verify 2549/3968 evaluation__eeg_fnirs_single_trial__subject_15__motor__P3__N0 completed
verify 2550/3968 evaluation__eeg_fnirs_single_trial__subject_16__posterior__P1_beta__Hfull completed
verify 2551/3968 evaluation__eeg_fnirs_single_trial__subject_17__motor__P1_tau__N0 completed
verify 2552/3968 evaluation__eeg_fnirs_single_trial__subject_18__motor__P1_tau__N0 completed
verify 2553/3968 evaluation__eeg_fnirs_single_trial__subject_16__prefrontal__P2__Hfull completed
verify 2554/3968 evaluation__eeg_fnirs_single_trial__subject_16__posterior__P3__Hfull completed
verify 2555/3968 evaluation__eeg_fnirs_single_trial__subject_17__motor__P1_beta__Hfull completed
verify 2556/3968 evaluation__eeg_fnirs_single_trial__subject_17__motor__P0__N0 completed
verify 2557/3968 evaluation__eeg_fnirs_single_trial__subject_17__prefrontal__P1_tau__Hfull completed
verify 2558/3968 evaluation__eeg_fnirs_single_trial__subject_18__posterior__P1_beta__N0 completed
verify 2559/3968 evaluation__eeg_fnirs_single_trial__subject_18__motor__P0__N0 completed
verify 2560/3968 evaluation__eeg_fnirs_single_trial__subject_18__prefrontal__P1_tau__Hfull completed
verify 2561/3968 evaluation__eeg_fnirs_single_trial__subject_18__motor__P1_beta__N0 completed
verify 2562/3968 evaluation__eeg_fnirs_single_trial__subject_16__prefrontal__P2__N0 completed
verify 2563/3968 evaluation__eeg_fnirs_single_trial__subject_18__motor__P1_beta__Hfull completed
verify 2564/3968 evaluation__eeg_fnirs_single_trial__subject_18__motor__P3__N0 completed
verify 2565/3968 evaluation__eeg_fnirs_single_trial__subject_17__prefrontal__P3__N0 completed
verify 2566/3968 evaluation__eeg_fnirs_single_trial__subject_18__motor__P2__N0 completed
verify 2567/3968 evaluation__eeg_fnirs_single_trial__subject_18__posterior__P2__N0 completed
verify 2568/3968 evaluation__eeg_fnirs_single_trial__subject_18__posterior__P3__Hselected completed
verify 2569/3968 evaluation__eeg_fnirs_single_trial__subject_18__prefrontal__P0__N0 completed
verify 2570/3968 evaluation__eeg_fnirs_single_trial__subject_17__prefrontal__P1_tau__N0 completed
verify 2571/3968 evaluation__eeg_fnirs_single_trial__subject_16__posterior__P3__Hselected completed
verify 2572/3968 evaluation__eeg_fnirs_single_trial__subject_16__posterior__P3__N0 completed
verify 2573/3968 evaluation__eeg_fnirs_single_trial__subject_17__posterior__P3__Hfull completed
verify 2574/3968 evaluation__eeg_fnirs_single_trial__subject_17__posterior__P2__Hfull completed
verify 2575/3968 evaluation__eeg_fnirs_single_trial__subject_18__posterior__P1_tau__Hfull completed
verify 2576/3968 evaluation__eeg_fnirs_single_trial__subject_16__prefrontal__P1_beta__N0 completed
verify 2577/3968 evaluation__eeg_fnirs_single_trial__subject_16__prefrontal__P3__Hfull completed
verify 2578/3968 evaluation__eeg_fnirs_single_trial__subject_17__posterior__P1_tau__N0 completed
verify 2579/3968 evaluation__eeg_fnirs_single_trial__subject_17__prefrontal__P1_beta__Hfull completed
verify 2580/3968 evaluation__eeg_fnirs_single_trial__subject_17__motor__P3__N0 completed
verify 2581/3968 evaluation__eeg_fnirs_single_trial__subject_17__posterior__P3__Hselected completed
verify 2582/3968 evaluation__eeg_fnirs_single_trial__subject_18__motor__P3__Hselected completed
verify 2583/3968 evaluation__eeg_fnirs_single_trial__subject_17__motor__P2__Hfull completed
verify 2584/3968 evaluation__eeg_fnirs_single_trial__subject_18__motor__P1_tau__Hfull completed
verify 2585/3968 evaluation__eeg_fnirs_single_trial__subject_16__prefrontal__P1_beta__Hfull completed
verify 2586/3968 evaluation__eeg_fnirs_single_trial__subject_17__prefrontal__P0__N0 completed
verify 2587/3968 evaluation__eeg_fnirs_single_trial__subject_18__posterior__P2__Hfull completed
verify 2588/3968 evaluation__eeg_fnirs_single_trial__subject_17__prefrontal__P3__Hselected completed
verify 2589/3968 evaluation__eeg_fnirs_single_trial__subject_17__posterior__P1_beta__Hfull completed
verify 2590/3968 evaluation__eeg_fnirs_single_trial__subject_17__posterior__P1_beta__N0 completed
verify 2591/3968 evaluation__eeg_fnirs_single_trial__subject_16__posterior__P1_tau__N0 completed
verify 2592/3968 evaluation__eeg_fnirs_single_trial__subject_17__prefrontal__P2__N0 completed
verify 2593/3968 evaluation__eeg_fnirs_single_trial__subject_17__prefrontal__P2__Hfull completed
verify 2594/3968 evaluation__eeg_fnirs_single_trial__subject_17__posterior__P3__N0 completed
verify 2595/3968 evaluation__eeg_fnirs_single_trial__subject_17__motor__P2__N0 completed
verify 2596/3968 evaluation__eeg_fnirs_single_trial__subject_17__motor__P3__Hselected completed
verify 2597/3968 evaluation__eeg_fnirs_single_trial__subject_17__motor__P1_tau__Hfull completed
verify 2598/3968 evaluation__eeg_fnirs_single_trial__subject_16__posterior__P1_beta__N0 completed
verify 2599/3968 evaluation__eeg_fnirs_single_trial__subject_16__prefrontal__P1_tau__N0 completed
verify 2600/3968 evaluation__eeg_fnirs_single_trial__subject_16__posterior__P2__N0 completed
verify 2601/3968 evaluation__eeg_fnirs_single_trial__subject_16__posterior__P2__Hfull completed
verify 2602/3968 evaluation__eeg_fnirs_single_trial__subject_17__motor__P3__Hfull completed
verify 2603/3968 evaluation__eeg_fnirs_single_trial__subject_17__posterior__P0__N0 completed
verify 2604/3968 evaluation__eeg_fnirs_single_trial__subject_18__prefrontal__P1_beta__N0 completed
verify 2605/3968 evaluation__eeg_fnirs_single_trial__subject_17__motor__P1_beta__N0 completed
verify 2606/3968 evaluation__eeg_fnirs_single_trial__subject_18__posterior__P1_beta__Hfull completed
verify 2607/3968 evaluation__eeg_fnirs_single_trial__subject_18__posterior__P3__N0 completed
verify 2608/3968 evaluation__eeg_fnirs_single_trial__subject_17__prefrontal__P3__Hfull completed
verify 2609/3968 evaluation__eeg_fnirs_single_trial__subject_16__prefrontal__P0__N0 completed
verify 2610/3968 evaluation__eeg_fnirs_single_trial__subject_17__posterior__P1_tau__Hfull completed
verify 2611/3968 evaluation__eeg_fnirs_single_trial__subject_18__posterior__P1_tau__N0 completed
verify 2612/3968 evaluation__eeg_fnirs_single_trial__subject_16__prefrontal__P3__N0 completed
verify 2613/3968 evaluation__eeg_fnirs_single_trial__subject_17__prefrontal__P1_beta__N0 completed
verify 2614/3968 evaluation__eeg_fnirs_single_trial__subject_18__prefrontal__P1_beta__Hfull completed
verify 2615/3968 evaluation__eeg_fnirs_single_trial__subject_17__posterior__P2__N0 completed
verify 2616/3968 evaluation__eeg_fnirs_single_trial__subject_18__motor__P2__Hfull completed
verify 2617/3968 evaluation__eeg_fnirs_single_trial__subject_18__motor__P3__Hfull completed
verify 2618/3968 evaluation__eeg_fnirs_single_trial__subject_16__prefrontal__P3__Hselected completed
verify 2619/3968 evaluation__eeg_fnirs_single_trial__subject_16__posterior__P0__N0 completed
verify 2620/3968 evaluation__eeg_fnirs_single_trial__subject_18__posterior__P0__N0 completed
verify 2621/3968 evaluation__eeg_fnirs_single_trial__subject_16__prefrontal__P1_tau__Hfull completed
verify 2622/3968 evaluation__eeg_fnirs_single_trial__subject_18__prefrontal__P1_tau__N0 completed
verify 2623/3968 evaluation__eeg_fnirs_single_trial__subject_20__motor__P1_beta__Hfull completed
verify 2624/3968 evaluation__eeg_fnirs_single_trial__subject_21__prefrontal__P1_beta__N0 completed
verify 2625/3968 evaluation__eeg_fnirs_single_trial__subject_22__motor__P2__N0 completed
verify 2626/3968 evaluation__eeg_fnirs_single_trial__subject_22__motor__P2__Hfull completed
verify 2627/3968 evaluation__eeg_fnirs_single_trial__subject_21__motor__P1_beta__Hfull completed
verify 2628/3968 evaluation__eeg_fnirs_single_trial__subject_20__posterior__P2__Hfull completed
verify 2629/3968 evaluation__eeg_fnirs_single_trial__subject_20__motor__P3__N0 completed
verify 2630/3968 evaluation__eeg_fnirs_single_trial__subject_20__motor__P3__Hselected completed
verify 2631/3968 evaluation__eeg_fnirs_single_trial__subject_22__motor__P3__N0 completed
verify 2632/3968 evaluation__eeg_fnirs_single_trial__subject_20__prefrontal__P3__N0 completed
verify 2633/3968 evaluation__eeg_fnirs_single_trial__subject_20__prefrontal__P1_beta__Hfull completed
verify 2634/3968 evaluation__eeg_fnirs_single_trial__subject_20__posterior__P3__Hfull completed
verify 2635/3968 evaluation__eeg_fnirs_single_trial__subject_20__motor__P1_beta__N0 completed
verify 2636/3968 evaluation__eeg_fnirs_single_trial__subject_21__motor__P3__Hfull completed
verify 2637/3968 evaluation__eeg_fnirs_single_trial__subject_20__posterior__P1_beta__N0 completed
verify 2638/3968 evaluation__eeg_fnirs_single_trial__subject_20__prefrontal__P1_beta__N0 completed
verify 2639/3968 evaluation__eeg_fnirs_single_trial__subject_18__posterior__P3__Hfull completed
verify 2640/3968 evaluation__eeg_fnirs_single_trial__subject_20__posterior__P3__Hselected completed
verify 2641/3968 evaluation__eeg_fnirs_single_trial__subject_20__prefrontal__P0__N0 completed
verify 2642/3968 evaluation__eeg_fnirs_single_trial__subject_21__posterior__P1_tau__N0 completed
verify 2643/3968 evaluation__eeg_fnirs_single_trial__subject_21__prefrontal__P1_tau__N0 completed
verify 2644/3968 evaluation__eeg_fnirs_single_trial__subject_21__posterior__P3__Hselected completed
verify 2645/3968 evaluation__eeg_fnirs_single_trial__subject_21__motor__P2__N0 completed
verify 2646/3968 evaluation__eeg_fnirs_single_trial__subject_20__prefrontal__P1_tau__N0 completed
verify 2647/3968 evaluation__eeg_fnirs_single_trial__subject_20__posterior__P1_beta__Hfull completed
verify 2648/3968 evaluation__eeg_fnirs_single_trial__subject_21__posterior__P2__Hfull completed
verify 2649/3968 evaluation__eeg_fnirs_single_trial__subject_21__posterior__P1_tau__Hfull completed
verify 2650/3968 evaluation__eeg_fnirs_single_trial__subject_20__motor__P1_tau__Hfull completed
verify 2651/3968 evaluation__eeg_fnirs_single_trial__subject_18__prefrontal__P3__Hfull completed
verify 2652/3968 evaluation__eeg_fnirs_single_trial__subject_21__posterior__P0__N0 completed
verify 2653/3968 evaluation__eeg_fnirs_single_trial__subject_21__motor__P0__N0 completed
verify 2654/3968 evaluation__eeg_fnirs_single_trial__subject_20__posterior__P3__N0 completed
verify 2655/3968 evaluation__eeg_fnirs_single_trial__subject_21__prefrontal__P1_tau__Hfull completed
verify 2656/3968 evaluation__eeg_fnirs_single_trial__subject_21__prefrontal__P3__Hfull completed
verify 2657/3968 evaluation__eeg_fnirs_single_trial__subject_20__posterior__P2__N0 completed
verify 2658/3968 evaluation__eeg_fnirs_single_trial__subject_21__motor__P3__N0 completed
verify 2659/3968 evaluation__eeg_fnirs_single_trial__subject_21__motor__P1_tau__Hfull completed
verify 2660/3968 evaluation__eeg_fnirs_single_trial__subject_22__posterior__P0__N0 completed
verify 2661/3968 evaluation__eeg_fnirs_single_trial__subject_18__prefrontal__P2__N0 completed
verify 2662/3968 evaluation__eeg_fnirs_single_trial__subject_20__motor__P1_tau__N0 completed
verify 2663/3968 evaluation__eeg_fnirs_single_trial__subject_21__posterior__P3__N0 completed
verify 2664/3968 evaluation__eeg_fnirs_single_trial__subject_21__prefrontal__P3__N0 completed
verify 2665/3968 evaluation__eeg_fnirs_single_trial__subject_20__motor__P2__Hfull completed
verify 2666/3968 evaluation__eeg_fnirs_single_trial__subject_22__posterior__P1_beta__N0 completed
verify 2667/3968 evaluation__eeg_fnirs_single_trial__subject_18__prefrontal__P3__Hselected completed
verify 2668/3968 evaluation__eeg_fnirs_single_trial__subject_20__prefrontal__P2__N0 completed
verify 2669/3968 evaluation__eeg_fnirs_single_trial__subject_22__posterior__P1_tau__Hfull completed
verify 2670/3968 evaluation__eeg_fnirs_single_trial__subject_21__motor__P1_beta__N0 completed
verify 2671/3968 evaluation__eeg_fnirs_single_trial__subject_22__motor__P3__Hfull completed
verify 2672/3968 evaluation__eeg_fnirs_single_trial__subject_21__prefrontal__P1_beta__Hfull completed
verify 2673/3968 evaluation__eeg_fnirs_single_trial__subject_21__prefrontal__P2__Hfull completed
verify 2674/3968 evaluation__eeg_fnirs_single_trial__subject_22__motor__P3__Hselected completed
verify 2675/3968 evaluation__eeg_fnirs_single_trial__subject_21__posterior__P2__N0 completed
verify 2676/3968 evaluation__eeg_fnirs_single_trial__subject_22__motor__P1_beta__Hfull completed
verify 2677/3968 evaluation__eeg_fnirs_single_trial__subject_18__prefrontal__P2__Hfull completed
verify 2678/3968 evaluation__eeg_fnirs_single_trial__subject_20__prefrontal__P3__Hfull completed
verify 2679/3968 evaluation__eeg_fnirs_single_trial__subject_20__posterior__P0__N0 completed
verify 2680/3968 evaluation__eeg_fnirs_single_trial__subject_20__motor__P0__N0 completed
verify 2681/3968 evaluation__eeg_fnirs_single_trial__subject_20__posterior__P1_tau__Hfull completed
verify 2682/3968 evaluation__eeg_fnirs_single_trial__subject_20__prefrontal__P3__Hselected completed
verify 2683/3968 evaluation__eeg_fnirs_single_trial__subject_22__motor__P1_beta__N0 completed
verify 2684/3968 evaluation__eeg_fnirs_single_trial__subject_20__motor__P2__N0 completed
verify 2685/3968 evaluation__eeg_fnirs_single_trial__subject_20__posterior__P1_tau__N0 completed
verify 2686/3968 evaluation__eeg_fnirs_single_trial__subject_21__prefrontal__P3__Hselected completed
verify 2687/3968 evaluation__eeg_fnirs_single_trial__subject_21__motor__P1_tau__N0 completed
verify 2688/3968 evaluation__eeg_fnirs_single_trial__subject_21__posterior__P3__Hfull completed
verify 2689/3968 evaluation__eeg_fnirs_single_trial__subject_18__prefrontal__P3__N0 completed
verify 2690/3968 evaluation__eeg_fnirs_single_trial__subject_21__motor__P3__Hselected completed
verify 2691/3968 evaluation__eeg_fnirs_single_trial__subject_20__prefrontal__P1_tau__Hfull completed
verify 2692/3968 evaluation__eeg_fnirs_single_trial__subject_22__motor__P1_tau__N0 completed
verify 2693/3968 evaluation__eeg_fnirs_single_trial__subject_22__motor__P0__N0 completed
verify 2694/3968 evaluation__eeg_fnirs_single_trial__subject_20__prefrontal__P2__Hfull completed
verify 2695/3968 evaluation__eeg_fnirs_single_trial__subject_21__prefrontal__P2__N0 completed
verify 2696/3968 evaluation__eeg_fnirs_single_trial__subject_20__motor__P3__Hfull completed
verify 2697/3968 evaluation__eeg_fnirs_single_trial__subject_21__motor__P2__Hfull completed
verify 2698/3968 evaluation__eeg_fnirs_single_trial__subject_22__motor__P1_tau__Hfull completed
verify 2699/3968 evaluation__eeg_fnirs_single_trial__subject_21__posterior__P1_beta__Hfull completed
verify 2700/3968 evaluation__eeg_fnirs_single_trial__subject_21__prefrontal__P0__N0 completed
verify 2701/3968 evaluation__eeg_fnirs_single_trial__subject_22__posterior__P1_beta__Hfull completed
verify 2702/3968 evaluation__eeg_fnirs_single_trial__subject_21__posterior__P1_beta__N0 completed
verify 2703/3968 evaluation__eeg_fnirs_single_trial__subject_22__prefrontal__P3__Hfull completed
verify 2704/3968 evaluation__eeg_fnirs_single_trial__subject_25__motor__P2__N0 completed
verify 2705/3968 evaluation__eeg_fnirs_single_trial__subject_22__posterior__P1_tau__N0 completed
verify 2706/3968 evaluation__eeg_fnirs_single_trial__subject_25__posterior__P1_tau__N0 completed
verify 2707/3968 evaluation__eeg_fnirs_single_trial__subject_23__motor__P2__N0 completed
verify 2708/3968 evaluation__eeg_fnirs_single_trial__subject_25__motor__P2__Hfull completed
verify 2709/3968 evaluation__eeg_fnirs_single_trial__subject_25__posterior__P3__Hselected completed
verify 2710/3968 evaluation__eeg_fnirs_single_trial__subject_25__posterior__P2__N0 completed
verify 2711/3968 evaluation__eeg_fnirs_single_trial__subject_23__prefrontal__P1_tau__N0 completed
verify 2712/3968 evaluation__eeg_fnirs_single_trial__subject_23__prefrontal__P2__N0 completed
verify 2713/3968 evaluation__eeg_fnirs_single_trial__subject_22__prefrontal__P3__N0 completed
verify 2714/3968 evaluation__eeg_fnirs_single_trial__subject_26__motor__P1_beta__Hfull completed
verify 2715/3968 evaluation__eeg_fnirs_single_trial__subject_22__prefrontal__P2__Hfull completed
verify 2716/3968 evaluation__eeg_fnirs_single_trial__subject_23__prefrontal__P3__Hselected completed
verify 2717/3968 evaluation__eeg_fnirs_single_trial__subject_25__prefrontal__P1_beta__Hfull completed
verify 2718/3968 evaluation__eeg_fnirs_single_trial__subject_23__prefrontal__P3__Hfull completed
verify 2719/3968 evaluation__eeg_fnirs_single_trial__subject_22__posterior__P3__Hselected completed
verify 2720/3968 evaluation__eeg_fnirs_single_trial__subject_25__motor__P3__Hselected completed
verify 2721/3968 evaluation__eeg_fnirs_single_trial__subject_23__prefrontal__P2__Hfull completed
verify 2722/3968 evaluation__eeg_fnirs_single_trial__subject_25__prefrontal__P1_beta__N0 completed
verify 2723/3968 evaluation__eeg_fnirs_single_trial__subject_23__motor__P3__N0 completed
verify 2724/3968 evaluation__eeg_fnirs_single_trial__subject_25__posterior__P1_tau__Hfull completed
verify 2725/3968 evaluation__eeg_fnirs_single_trial__subject_22__prefrontal__P1_tau__N0 completed
verify 2726/3968 evaluation__eeg_fnirs_single_trial__subject_25__posterior__P1_beta__Hfull completed
verify 2727/3968 evaluation__eeg_fnirs_single_trial__subject_25__posterior__P2__Hfull completed
verify 2728/3968 evaluation__eeg_fnirs_single_trial__subject_25__motor__P1_beta__N0 completed
verify 2729/3968 evaluation__eeg_fnirs_single_trial__subject_23__motor__P1_beta__N0 completed
verify 2730/3968 evaluation__eeg_fnirs_single_trial__subject_22__posterior__P2__N0 completed
verify 2731/3968 evaluation__eeg_fnirs_single_trial__subject_25__posterior__P1_beta__N0 completed
verify 2732/3968 evaluation__eeg_fnirs_single_trial__subject_23__posterior__P1_beta__Hfull completed
verify 2733/3968 evaluation__eeg_fnirs_single_trial__subject_23__posterior__P2__N0 completed
verify 2734/3968 evaluation__eeg_fnirs_single_trial__subject_22__posterior__P3__Hfull completed
verify 2735/3968 evaluation__eeg_fnirs_single_trial__subject_23__prefrontal__P1_tau__Hfull completed
verify 2736/3968 evaluation__eeg_fnirs_single_trial__subject_22__posterior__P2__Hfull completed
verify 2737/3968 evaluation__eeg_fnirs_single_trial__subject_23__motor__P1_tau__Hfull completed
verify 2738/3968 evaluation__eeg_fnirs_single_trial__subject_22__prefrontal__P1_tau__Hfull completed
verify 2739/3968 evaluation__eeg_fnirs_single_trial__subject_23__posterior__P1_tau__Hfull completed
verify 2740/3968 evaluation__eeg_fnirs_single_trial__subject_25__motor__P0__N0 completed
verify 2741/3968 evaluation__eeg_fnirs_single_trial__subject_23__prefrontal__P1_beta__Hfull completed
verify 2742/3968 evaluation__eeg_fnirs_single_trial__subject_23__posterior__P3__Hfull completed
verify 2743/3968 evaluation__eeg_fnirs_single_trial__subject_25__motor__P3__Hfull completed
verify 2744/3968 evaluation__eeg_fnirs_single_trial__subject_23__motor__P3__Hfull completed
verify 2745/3968 evaluation__eeg_fnirs_single_trial__subject_25__prefrontal__P2__N0 completed
verify 2746/3968 evaluation__eeg_fnirs_single_trial__subject_25__posterior__P0__N0 completed
verify 2747/3968 evaluation__eeg_fnirs_single_trial__subject_23__motor__P0__N0 completed
verify 2748/3968 evaluation__eeg_fnirs_single_trial__subject_23__posterior__P1_tau__N0 completed
verify 2749/3968 evaluation__eeg_fnirs_single_trial__subject_25__motor__P1_tau__N0 completed
verify 2750/3968 evaluation__eeg_fnirs_single_trial__subject_23__posterior__P3__N0 completed
verify 2751/3968 evaluation__eeg_fnirs_single_trial__subject_22__prefrontal__P2__N0 completed
verify 2752/3968 evaluation__eeg_fnirs_single_trial__subject_23__prefrontal__P0__N0 completed
verify 2753/3968 evaluation__eeg_fnirs_single_trial__subject_22__prefrontal__P3__Hselected completed
verify 2754/3968 evaluation__eeg_fnirs_single_trial__subject_23__motor__P2__Hfull completed
verify 2755/3968 evaluation__eeg_fnirs_single_trial__subject_22__prefrontal__P1_beta__Hfull completed
verify 2756/3968 evaluation__eeg_fnirs_single_trial__subject_23__posterior__P3__Hselected completed
verify 2757/3968 evaluation__eeg_fnirs_single_trial__subject_23__posterior__P1_beta__N0 completed
verify 2758/3968 evaluation__eeg_fnirs_single_trial__subject_23__motor__P1_tau__N0 completed
verify 2759/3968 evaluation__eeg_fnirs_single_trial__subject_23__prefrontal__P1_beta__N0 completed
verify 2760/3968 evaluation__eeg_fnirs_single_trial__subject_25__posterior__P3__N0 completed
verify 2761/3968 evaluation__eeg_fnirs_single_trial__subject_22__posterior__P3__N0 completed
verify 2762/3968 evaluation__eeg_fnirs_single_trial__subject_25__posterior__P3__Hfull completed
verify 2763/3968 evaluation__eeg_fnirs_single_trial__subject_25__prefrontal__P1_tau__Hfull completed
verify 2764/3968 evaluation__eeg_fnirs_single_trial__subject_26__motor__P0__N0 completed
verify 2765/3968 evaluation__eeg_fnirs_single_trial__subject_23__motor__P3__Hselected completed
verify 2766/3968 evaluation__eeg_fnirs_single_trial__subject_23__posterior__P2__Hfull completed
verify 2767/3968 evaluation__eeg_fnirs_single_trial__subject_25__motor__P3__N0 completed
verify 2768/3968 evaluation__eeg_fnirs_single_trial__subject_22__prefrontal__P1_beta__N0 completed
verify 2769/3968 evaluation__eeg_fnirs_single_trial__subject_26__motor__P1_beta__N0 completed
verify 2770/3968 evaluation__eeg_fnirs_single_trial__subject_22__prefrontal__P0__N0 completed
verify 2771/3968 evaluation__eeg_fnirs_single_trial__subject_25__motor__P1_tau__Hfull completed
verify 2772/3968 evaluation__eeg_fnirs_single_trial__subject_25__prefrontal__P3__Hfull completed
verify 2773/3968 evaluation__eeg_fnirs_single_trial__subject_25__prefrontal__P0__N0 completed
verify 2774/3968 evaluation__eeg_fnirs_single_trial__subject_25__prefrontal__P2__Hfull completed
verify 2775/3968 evaluation__eeg_fnirs_single_trial__subject_23__prefrontal__P3__N0 completed
verify 2776/3968 evaluation__eeg_fnirs_single_trial__subject_23__posterior__P0__N0 completed
verify 2777/3968 evaluation__eeg_fnirs_single_trial__subject_23__motor__P1_beta__Hfull completed
verify 2778/3968 evaluation__eeg_fnirs_single_trial__subject_25__motor__P1_beta__Hfull completed
verify 2779/3968 evaluation__eeg_fnirs_single_trial__subject_25__prefrontal__P1_tau__N0 completed
verify 2780/3968 evaluation__eeg_fnirs_single_trial__subject_27__motor__P3__N0 completed
verify 2781/3968 evaluation__eeg_fnirs_single_trial__subject_29__motor__P0__N0 completed
verify 2782/3968 evaluation__eeg_fnirs_single_trial__subject_29__motor__P1_beta__Hfull completed
verify 2783/3968 evaluation__eeg_fnirs_single_trial__subject_29__motor__P2__N0 completed
verify 2784/3968 evaluation__eeg_fnirs_single_trial__subject_27__posterior__P3__Hselected completed
verify 2785/3968 evaluation__eeg_fnirs_single_trial__subject_27__posterior__P1_beta__Hfull completed
verify 2786/3968 evaluation__eeg_fnirs_single_trial__subject_27__motor__P1_beta__N0 completed
verify 2787/3968 evaluation__eeg_fnirs_single_trial__subject_26__motor__P1_tau__Hfull completed
verify 2788/3968 evaluation__eeg_fnirs_single_trial__subject_26__prefrontal__P3__N0 completed
verify 2789/3968 evaluation__eeg_fnirs_single_trial__subject_26__posterior__P1_beta__Hfull completed
verify 2790/3968 evaluation__eeg_fnirs_single_trial__subject_27__prefrontal__P1_tau__N0 completed
verify 2791/3968 evaluation__eeg_fnirs_single_trial__subject_26__prefrontal__P1_tau__Hfull completed
verify 2792/3968 evaluation__eeg_fnirs_single_trial__subject_26__prefrontal__P1_beta__N0 completed
verify 2793/3968 evaluation__eeg_fnirs_single_trial__subject_26__posterior__P3__N0 completed
verify 2794/3968 evaluation__eeg_fnirs_single_trial__subject_27__posterior__P3__Hfull completed
verify 2795/3968 evaluation__eeg_fnirs_single_trial__subject_27__motor__P3__Hselected completed
verify 2796/3968 evaluation__eeg_fnirs_single_trial__subject_29__posterior__P2__Hfull completed
verify 2797/3968 evaluation__eeg_fnirs_single_trial__subject_29__prefrontal__P1_beta__Hfull completed
verify 2798/3968 evaluation__eeg_fnirs_single_trial__subject_26__posterior__P1_tau__N0 completed
verify 2799/3968 evaluation__eeg_fnirs_single_trial__subject_26__prefrontal__P1_tau__N0 completed
verify 2800/3968 evaluation__eeg_fnirs_single_trial__subject_26__prefrontal__P0__N0 completed
verify 2801/3968 evaluation__eeg_fnirs_single_trial__subject_27__posterior__P3__N0 completed
verify 2802/3968 evaluation__eeg_fnirs_single_trial__subject_26__posterior__P2__Hfull completed
verify 2803/3968 evaluation__eeg_fnirs_single_trial__subject_27__posterior__P2__N0 completed
verify 2804/3968 evaluation__eeg_fnirs_single_trial__subject_27__prefrontal__P1_beta__Hfull completed
verify 2805/3968 evaluation__eeg_fnirs_single_trial__subject_27__prefrontal__P0__N0 completed
verify 2806/3968 evaluation__eeg_fnirs_single_trial__subject_29__motor__P3__N0 completed
verify 2807/3968 evaluation__eeg_fnirs_single_trial__subject_29__motor__P3__Hfull completed
verify 2808/3968 evaluation__eeg_fnirs_single_trial__subject_27__motor__P1_tau__N0 completed
verify 2809/3968 evaluation__eeg_fnirs_single_trial__subject_29__prefrontal__P0__N0 completed
verify 2810/3968 evaluation__eeg_fnirs_single_trial__subject_26__posterior__P1_beta__N0 completed
verify 2811/3968 evaluation__eeg_fnirs_single_trial__subject_26__posterior__P2__N0 completed
verify 2812/3968 evaluation__eeg_fnirs_single_trial__subject_27__posterior__P1_tau__Hfull completed
verify 2813/3968 evaluation__eeg_fnirs_single_trial__subject_29__posterior__P1_beta__Hfull completed
verify 2814/3968 evaluation__eeg_fnirs_single_trial__subject_29__posterior__P1_tau__Hfull completed
verify 2815/3968 evaluation__eeg_fnirs_single_trial__subject_29__posterior__P1_beta__N0 completed
verify 2816/3968 evaluation__eeg_fnirs_single_trial__subject_26__prefrontal__P3__Hfull completed
verify 2817/3968 evaluation__eeg_fnirs_single_trial__subject_27__prefrontal__P2__N0 completed
verify 2818/3968 evaluation__eeg_fnirs_single_trial__subject_27__prefrontal__P3__Hfull completed
verify 2819/3968 evaluation__eeg_fnirs_single_trial__subject_26__posterior__P3__Hfull completed
verify 2820/3968 evaluation__eeg_fnirs_single_trial__subject_26__posterior__P0__N0 completed
verify 2821/3968 evaluation__eeg_fnirs_single_trial__subject_27__motor__P2__Hfull completed
verify 2822/3968 evaluation__eeg_fnirs_single_trial__subject_26__motor__P3__N0 completed
verify 2823/3968 evaluation__eeg_fnirs_single_trial__subject_27__motor__P1_tau__Hfull completed
verify 2824/3968 evaluation__eeg_fnirs_single_trial__subject_26__motor__P2__N0 completed
verify 2825/3968 evaluation__eeg_fnirs_single_trial__subject_29__motor__P2__Hfull completed
verify 2826/3968 evaluation__eeg_fnirs_single_trial__subject_25__prefrontal__P3__Hselected completed
verify 2827/3968 evaluation__eeg_fnirs_single_trial__subject_27__motor__P1_beta__Hfull completed
verify 2828/3968 evaluation__eeg_fnirs_single_trial__subject_29__posterior__P1_tau__N0 completed
verify 2829/3968 evaluation__eeg_fnirs_single_trial__subject_29__posterior__P3__Hselected completed
verify 2830/3968 evaluation__eeg_fnirs_single_trial__subject_29__prefrontal__P1_tau__Hfull completed
verify 2831/3968 evaluation__eeg_fnirs_single_trial__subject_26__prefrontal__P2__N0 completed
verify 2832/3968 evaluation__eeg_fnirs_single_trial__subject_27__prefrontal__P2__Hfull completed
verify 2833/3968 evaluation__eeg_fnirs_single_trial__subject_27__prefrontal__P3__Hselected completed
verify 2834/3968 evaluation__eeg_fnirs_single_trial__subject_29__motor__P1_tau__N0 completed
verify 2835/3968 evaluation__eeg_fnirs_single_trial__subject_26__posterior__P3__Hselected completed
verify 2836/3968 evaluation__eeg_fnirs_single_trial__subject_29__posterior__P0__N0 completed
verify 2837/3968 evaluation__eeg_fnirs_single_trial__subject_26__motor__P2__Hfull completed
verify 2838/3968 evaluation__eeg_fnirs_single_trial__subject_27__motor__P0__N0 completed
verify 2839/3968 evaluation__eeg_fnirs_single_trial__subject_29__prefrontal__P1_beta__N0 completed
verify 2840/3968 evaluation__eeg_fnirs_single_trial__subject_27__posterior__P1_beta__N0 completed
verify 2841/3968 evaluation__eeg_fnirs_single_trial__subject_27__prefrontal__P1_beta__N0 completed
verify 2842/3968 evaluation__eeg_fnirs_single_trial__subject_27__motor__P2__N0 completed
verify 2843/3968 evaluation__eeg_fnirs_single_trial__subject_25__prefrontal__P3__N0 completed
verify 2844/3968 evaluation__eeg_fnirs_single_trial__subject_27__motor__P3__Hfull completed
verify 2845/3968 evaluation__eeg_fnirs_single_trial__subject_29__posterior__P2__N0 completed
verify 2846/3968 evaluation__eeg_fnirs_single_trial__subject_26__prefrontal__P3__Hselected completed
verify 2847/3968 evaluation__eeg_fnirs_single_trial__subject_27__posterior__P1_tau__N0 completed
verify 2848/3968 evaluation__eeg_fnirs_single_trial__subject_29__motor__P1_beta__N0 completed
verify 2849/3968 evaluation__eeg_fnirs_single_trial__subject_26__motor__P3__Hfull completed
verify 2850/3968 evaluation__eeg_fnirs_single_trial__subject_26__motor__P1_tau__N0 completed
verify 2851/3968 evaluation__eeg_fnirs_single_trial__subject_27__posterior__P2__Hfull completed
verify 2852/3968 evaluation__eeg_fnirs_single_trial__subject_27__prefrontal__P1_tau__Hfull completed
verify 2853/3968 evaluation__eeg_fnirs_single_trial__subject_27__posterior__P0__N0 completed
verify 2854/3968 evaluation__eeg_fnirs_single_trial__subject_29__prefrontal__P1_tau__N0 completed
verify 2855/3968 evaluation__eeg_fnirs_single_trial__subject_29__posterior__P3__N0 completed
verify 2856/3968 evaluation__eeg_fnirs_single_trial__subject_29__posterior__P3__Hfull completed
verify 2857/3968 evaluation__eeg_fnirs_single_trial__subject_26__motor__P3__Hselected completed
verify 2858/3968 evaluation__eeg_fnirs_single_trial__subject_29__prefrontal__P3__Hselected completed
verify 2859/3968 evaluation__eeg_fnirs_single_trial__subject_29__prefrontal__P2__Hfull completed
verify 2860/3968 evaluation__eeg_fnirs_single_trial__subject_26__prefrontal__P2__Hfull completed
verify 2861/3968 evaluation__eeg_fnirs_single_trial__subject_29__motor__P3__Hselected completed
verify 2862/3968 evaluation__eeg_fnirs_single_trial__subject_27__prefrontal__P3__N0 completed
verify 2863/3968 evaluation__eeg_fnirs_single_trial__subject_26__posterior__P1_tau__Hfull completed
verify 2864/3968 evaluation__eeg_fnirs_single_trial__subject_29__motor__P1_tau__Hfull completed
verify 2865/3968 evaluation__eeg_fnirs_single_trial__subject_26__prefrontal__P1_beta__Hfull completed
verify 2866/3968 evaluation__simultaneous_eeg_nirs__VP002__prefrontal__P1_tau__N0 completed
verify 2867/3968 evaluation__simultaneous_eeg_nirs__VP001__prefrontal__P1_beta__N0 completed
verify 2868/3968 evaluation__simultaneous_eeg_nirs__VP002__motor__P2__N0 completed
verify 2869/3968 evaluation__simultaneous_eeg_nirs__VP001__posterior__P3__N0 completed
verify 2870/3968 evaluation__simultaneous_eeg_nirs__VP001__motor__P2__Hfull completed
verify 2871/3968 evaluation__simultaneous_eeg_nirs__VP001__motor__P3__Hfull completed
verify 2872/3968 evaluation__simultaneous_eeg_nirs__VP004__motor__P2__N0 completed
verify 2873/3968 evaluation__simultaneous_eeg_nirs__VP002__posterior__P1_tau__N0 completed
verify 2874/3968 evaluation__simultaneous_eeg_nirs__VP002__motor__P1_tau__N0 completed
verify 2875/3968 evaluation__simultaneous_eeg_nirs__VP002__posterior__P2__N0 completed
verify 2876/3968 evaluation__simultaneous_eeg_nirs__VP004__posterior__P1_beta__Hfull completed
verify 2877/3968 evaluation__simultaneous_eeg_nirs__VP001__posterior__P3__Hfull completed
verify 2878/3968 evaluation__simultaneous_eeg_nirs__VP002__posterior__P1_tau__Hfull completed
verify 2879/3968 evaluation__simultaneous_eeg_nirs__VP001__posterior__P0__N0 completed
verify 2880/3968 evaluation__simultaneous_eeg_nirs__VP004__motor__P1_beta__Hfull completed
verify 2881/3968 evaluation__simultaneous_eeg_nirs__VP001__motor__P1_tau__N0 completed
verify 2882/3968 evaluation__simultaneous_eeg_nirs__VP001__posterior__P1_beta__Hfull completed
verify 2883/3968 evaluation__simultaneous_eeg_nirs__VP002__prefrontal__P0__N0 completed
verify 2884/3968 evaluation__simultaneous_eeg_nirs__VP001__posterior__P2__N0 completed
verify 2885/3968 evaluation__eeg_fnirs_single_trial__subject_29__prefrontal__P2__N0 completed
verify 2886/3968 evaluation__simultaneous_eeg_nirs__VP004__motor__P0__N0 completed
verify 2887/3968 evaluation__simultaneous_eeg_nirs__VP001__prefrontal__P1_beta__Hfull completed
verify 2888/3968 evaluation__simultaneous_eeg_nirs__VP001__motor__P2__N0 completed
verify 2889/3968 evaluation__simultaneous_eeg_nirs__VP002__prefrontal__P3__Hselected completed
verify 2890/3968 evaluation__simultaneous_eeg_nirs__VP004__posterior__P1_tau__N0 completed
verify 2891/3968 evaluation__simultaneous_eeg_nirs__VP001__posterior__P1_tau__Hfull completed
verify 2892/3968 evaluation__simultaneous_eeg_nirs__VP002__prefrontal__P2__Hfull completed
verify 2893/3968 evaluation__simultaneous_eeg_nirs__VP002__prefrontal__P1_beta__N0 completed
verify 2894/3968 evaluation__simultaneous_eeg_nirs__VP002__motor__P3__Hselected completed
verify 2895/3968 evaluation__simultaneous_eeg_nirs__VP002__prefrontal__P3__N0 completed
verify 2896/3968 evaluation__simultaneous_eeg_nirs__VP002__prefrontal__P1_tau__Hfull completed
verify 2897/3968 evaluation__simultaneous_eeg_nirs__VP001__prefrontal__P1_tau__Hfull completed
verify 2898/3968 evaluation__eeg_fnirs_single_trial__subject_29__prefrontal__P3__N0 completed
verify 2899/3968 evaluation__simultaneous_eeg_nirs__VP004__posterior__P3__Hfull completed
verify 2900/3968 evaluation__simultaneous_eeg_nirs__VP001__posterior__P1_tau__N0 completed
verify 2901/3968 evaluation__simultaneous_eeg_nirs__VP002__prefrontal__P2__N0 completed
verify 2902/3968 evaluation__simultaneous_eeg_nirs__VP001__prefrontal__P2__Hfull completed
verify 2903/3968 evaluation__simultaneous_eeg_nirs__VP001__motor__P1_beta__Hfull completed
verify 2904/3968 evaluation__simultaneous_eeg_nirs__VP004__motor__P1_beta__N0 completed
verify 2905/3968 evaluation__simultaneous_eeg_nirs__VP001__motor__P1_tau__Hfull completed
verify 2906/3968 evaluation__simultaneous_eeg_nirs__VP001__prefrontal__P3__Hfull completed
verify 2907/3968 evaluation__simultaneous_eeg_nirs__VP002__motor__P1_beta__N0 completed
verify 2908/3968 evaluation__simultaneous_eeg_nirs__VP002__prefrontal__P3__Hfull completed
verify 2909/3968 evaluation__simultaneous_eeg_nirs__VP001__prefrontal__P1_tau__N0 completed
verify 2910/3968 evaluation__simultaneous_eeg_nirs__VP001__prefrontal__P3__N0 completed
verify 2911/3968 evaluation__simultaneous_eeg_nirs__VP001__prefrontal__P3__Hselected completed
verify 2912/3968 evaluation__simultaneous_eeg_nirs__VP002__posterior__P1_beta__N0 completed
verify 2913/3968 evaluation__simultaneous_eeg_nirs__VP001__posterior__P1_beta__N0 completed
verify 2914/3968 evaluation__simultaneous_eeg_nirs__VP004__posterior__P0__N0 completed
verify 2915/3968 evaluation__simultaneous_eeg_nirs__VP002__motor__P3__Hfull completed
verify 2916/3968 evaluation__simultaneous_eeg_nirs__VP002__motor__P1_tau__Hfull completed
verify 2917/3968 evaluation__simultaneous_eeg_nirs__VP001__motor__P0__N0 completed
verify 2918/3968 evaluation__simultaneous_eeg_nirs__VP001__posterior__P2__Hfull completed
verify 2919/3968 evaluation__simultaneous_eeg_nirs__VP004__prefrontal__P1_beta__N0 completed
verify 2920/3968 evaluation__simultaneous_eeg_nirs__VP002__posterior__P3__Hfull completed
verify 2921/3968 evaluation__simultaneous_eeg_nirs__VP002__posterior__P0__N0 completed
verify 2922/3968 evaluation__simultaneous_eeg_nirs__VP004__motor__P3__Hfull completed
verify 2923/3968 evaluation__simultaneous_eeg_nirs__VP002__posterior__P3__Hselected completed
verify 2924/3968 evaluation__simultaneous_eeg_nirs__VP004__posterior__P1_beta__N0 completed
verify 2925/3968 evaluation__simultaneous_eeg_nirs__VP004__motor__P2__Hfull completed
verify 2926/3968 evaluation__simultaneous_eeg_nirs__VP002__motor__P1_beta__Hfull completed
verify 2927/3968 evaluation__simultaneous_eeg_nirs__VP001__motor__P1_beta__N0 completed
verify 2928/3968 evaluation__simultaneous_eeg_nirs__VP002__prefrontal__P1_beta__Hfull completed
verify 2929/3968 evaluation__simultaneous_eeg_nirs__VP002__posterior__P2__Hfull completed
verify 2930/3968 evaluation__simultaneous_eeg_nirs__VP004__motor__P3__N0 completed
verify 2931/3968 evaluation__simultaneous_eeg_nirs__VP004__motor__P3__Hselected completed
verify 2932/3968 evaluation__simultaneous_eeg_nirs__VP004__posterior__P2__N0 completed
verify 2933/3968 evaluation__simultaneous_eeg_nirs__VP001__motor__P3__Hselected completed
verify 2934/3968 evaluation__simultaneous_eeg_nirs__VP004__posterior__P2__Hfull completed
verify 2935/3968 evaluation__simultaneous_eeg_nirs__VP004__motor__P1_tau__N0 completed
verify 2936/3968 evaluation__eeg_fnirs_single_trial__subject_29__prefrontal__P3__Hfull completed
verify 2937/3968 evaluation__simultaneous_eeg_nirs__VP001__prefrontal__P0__N0 completed
verify 2938/3968 evaluation__simultaneous_eeg_nirs__VP001__prefrontal__P2__N0 completed
verify 2939/3968 evaluation__simultaneous_eeg_nirs__VP002__motor__P3__N0 completed
verify 2940/3968 evaluation__simultaneous_eeg_nirs__VP004__motor__P1_tau__Hfull completed
verify 2941/3968 evaluation__simultaneous_eeg_nirs__VP002__posterior__P1_beta__Hfull completed
verify 2942/3968 evaluation__simultaneous_eeg_nirs__VP002__posterior__P3__N0 completed
verify 2943/3968 evaluation__simultaneous_eeg_nirs__VP001__motor__P3__N0 completed
verify 2944/3968 evaluation__simultaneous_eeg_nirs__VP001__posterior__P3__Hselected completed
verify 2945/3968 evaluation__simultaneous_eeg_nirs__VP004__posterior__P1_tau__Hfull completed
verify 2946/3968 evaluation__simultaneous_eeg_nirs__VP002__motor__P0__N0 completed
verify 2947/3968 evaluation__simultaneous_eeg_nirs__VP002__motor__P2__Hfull completed
verify 2948/3968 evaluation__simultaneous_eeg_nirs__VP008__motor__P0__N0 completed
verify 2949/3968 evaluation__simultaneous_eeg_nirs__VP008__motor__P2__N0 completed
verify 2950/3968 evaluation__simultaneous_eeg_nirs__VP008__motor__P3__Hfull completed
verify 2951/3968 evaluation__simultaneous_eeg_nirs__VP007__prefrontal__P1_beta__Hfull completed
verify 2952/3968 evaluation__simultaneous_eeg_nirs__VP004__prefrontal__P3__Hfull completed
verify 2953/3968 evaluation__simultaneous_eeg_nirs__VP008__posterior__P0__N0 completed
verify 2954/3968 evaluation__simultaneous_eeg_nirs__VP007__posterior__P1_tau__Hfull completed
verify 2955/3968 evaluation__simultaneous_eeg_nirs__VP005__motor__P3__Hselected completed
verify 2956/3968 evaluation__simultaneous_eeg_nirs__VP005__posterior__P2__Hfull completed
verify 2957/3968 evaluation__simultaneous_eeg_nirs__VP007__motor__P3__N0 completed
verify 2958/3968 evaluation__simultaneous_eeg_nirs__VP005__prefrontal__P2__N0 completed
verify 2959/3968 evaluation__simultaneous_eeg_nirs__VP004__prefrontal__P0__N0 completed
verify 2960/3968 evaluation__simultaneous_eeg_nirs__VP004__prefrontal__P1_beta__Hfull completed
verify 2961/3968 evaluation__simultaneous_eeg_nirs__VP004__posterior__P3__N0 completed
verify 2962/3968 evaluation__simultaneous_eeg_nirs__VP007__prefrontal__P3__Hfull completed
verify 2963/3968 evaluation__simultaneous_eeg_nirs__VP005__motor__P1_beta__N0 completed
verify 2964/3968 evaluation__simultaneous_eeg_nirs__VP005__prefrontal__P2__Hfull completed
verify 2965/3968 evaluation__simultaneous_eeg_nirs__VP007__prefrontal__P0__N0 completed
verify 2966/3968 evaluation__simultaneous_eeg_nirs__VP004__prefrontal__P3__Hselected completed
verify 2967/3968 evaluation__simultaneous_eeg_nirs__VP007__motor__P2__N0 completed
verify 2968/3968 evaluation__simultaneous_eeg_nirs__VP008__motor__P1_beta__Hfull completed
verify 2969/3968 evaluation__simultaneous_eeg_nirs__VP005__posterior__P3__N0 completed
verify 2970/3968 evaluation__simultaneous_eeg_nirs__VP008__motor__P3__N0 completed
verify 2971/3968 evaluation__simultaneous_eeg_nirs__VP005__posterior__P0__N0 completed
verify 2972/3968 evaluation__simultaneous_eeg_nirs__VP007__posterior__P0__N0 completed
verify 2973/3968 evaluation__simultaneous_eeg_nirs__VP008__motor__P1_tau__Hfull completed
verify 2974/3968 evaluation__simultaneous_eeg_nirs__VP004__prefrontal__P1_tau__N0 completed
verify 2975/3968 evaluation__simultaneous_eeg_nirs__VP005__motor__P2__N0 completed
verify 2976/3968 evaluation__simultaneous_eeg_nirs__VP007__motor__P3__Hfull completed
verify 2977/3968 evaluation__simultaneous_eeg_nirs__VP005__posterior__P1_beta__Hfull completed
verify 2978/3968 evaluation__simultaneous_eeg_nirs__VP007__motor__P1_beta__Hfull completed
verify 2979/3968 evaluation__simultaneous_eeg_nirs__VP007__posterior__P2__N0 completed
verify 2980/3968 evaluation__simultaneous_eeg_nirs__VP004__prefrontal__P3__N0 completed
verify 2981/3968 evaluation__simultaneous_eeg_nirs__VP005__prefrontal__P0__N0 completed
verify 2982/3968 evaluation__simultaneous_eeg_nirs__VP005__posterior__P1_tau__N0 completed
verify 2983/3968 evaluation__simultaneous_eeg_nirs__VP007__motor__P1_beta__N0 completed
verify 2984/3968 evaluation__simultaneous_eeg_nirs__VP007__prefrontal__P2__Hfull completed
verify 2985/3968 evaluation__simultaneous_eeg_nirs__VP005__prefrontal__P3__Hselected completed
verify 2986/3968 evaluation__simultaneous_eeg_nirs__VP005__posterior__P1_beta__N0 completed
verify 2987/3968 evaluation__simultaneous_eeg_nirs__VP004__prefrontal__P2__Hfull completed
verify 2988/3968 evaluation__simultaneous_eeg_nirs__VP007__prefrontal__P1_beta__N0 completed
verify 2989/3968 evaluation__simultaneous_eeg_nirs__VP007__prefrontal__P2__N0 completed
verify 2990/3968 evaluation__simultaneous_eeg_nirs__VP005__motor__P1_beta__Hfull completed
verify 2991/3968 evaluation__simultaneous_eeg_nirs__VP005__prefrontal__P3__Hfull completed
verify 2992/3968 evaluation__simultaneous_eeg_nirs__VP008__motor__P2__Hfull completed
verify 2993/3968 evaluation__simultaneous_eeg_nirs__VP005__motor__P0__N0 completed
verify 2994/3968 evaluation__simultaneous_eeg_nirs__VP005__posterior__P1_tau__Hfull completed
verify 2995/3968 evaluation__simultaneous_eeg_nirs__VP008__posterior__P1_tau__N0 completed
verify 2996/3968 evaluation__simultaneous_eeg_nirs__VP007__posterior__P2__Hfull completed
verify 2997/3968 evaluation__simultaneous_eeg_nirs__VP005__motor__P3__N0 completed
verify 2998/3968 evaluation__simultaneous_eeg_nirs__VP005__motor__P3__Hfull completed
verify 2999/3968 evaluation__simultaneous_eeg_nirs__VP007__posterior__P3__N0 completed
verify 3000/3968 evaluation__simultaneous_eeg_nirs__VP007__posterior__P3__Hfull completed
verify 3001/3968 evaluation__simultaneous_eeg_nirs__VP005__motor__P1_tau__Hfull completed
verify 3002/3968 evaluation__simultaneous_eeg_nirs__VP004__prefrontal__P1_tau__Hfull completed
verify 3003/3968 evaluation__simultaneous_eeg_nirs__VP007__prefrontal__P3__N0 completed
verify 3004/3968 evaluation__simultaneous_eeg_nirs__VP007__posterior__P1_tau__N0 completed
verify 3005/3968 evaluation__simultaneous_eeg_nirs__VP005__prefrontal__P1_beta__Hfull completed
verify 3006/3968 evaluation__simultaneous_eeg_nirs__VP007__prefrontal__P1_tau__Hfull completed
verify 3007/3968 evaluation__simultaneous_eeg_nirs__VP007__posterior__P1_beta__N0 completed
verify 3008/3968 evaluation__simultaneous_eeg_nirs__VP005__posterior__P2__N0 completed
verify 3009/3968 evaluation__simultaneous_eeg_nirs__VP005__prefrontal__P1_beta__N0 completed
verify 3010/3968 evaluation__simultaneous_eeg_nirs__VP007__prefrontal__P3__Hselected completed
verify 3011/3968 evaluation__simultaneous_eeg_nirs__VP005__motor__P2__Hfull completed
verify 3012/3968 evaluation__simultaneous_eeg_nirs__VP005__prefrontal__P3__N0 completed
verify 3013/3968 evaluation__simultaneous_eeg_nirs__VP007__posterior__P3__Hselected completed
verify 3014/3968 evaluation__simultaneous_eeg_nirs__VP004__posterior__P3__Hselected completed
verify 3015/3968 evaluation__simultaneous_eeg_nirs__VP007__motor__P1_tau__N0 completed
verify 3016/3968 evaluation__simultaneous_eeg_nirs__VP005__posterior__P3__Hselected completed
verify 3017/3968 evaluation__simultaneous_eeg_nirs__VP008__motor__P1_tau__N0 completed
verify 3018/3968 evaluation__simultaneous_eeg_nirs__VP005__prefrontal__P1_tau__Hfull completed
verify 3019/3968 evaluation__simultaneous_eeg_nirs__VP007__motor__P1_tau__Hfull completed
verify 3020/3968 evaluation__simultaneous_eeg_nirs__VP007__motor__P0__N0 completed
verify 3021/3968 evaluation__simultaneous_eeg_nirs__VP004__prefrontal__P2__N0 completed
verify 3022/3968 evaluation__simultaneous_eeg_nirs__VP007__motor__P3__Hselected completed
verify 3023/3968 evaluation__simultaneous_eeg_nirs__VP008__motor__P3__Hselected completed
verify 3024/3968 evaluation__simultaneous_eeg_nirs__VP007__motor__P2__Hfull completed
verify 3025/3968 evaluation__simultaneous_eeg_nirs__VP008__motor__P1_beta__N0 completed
verify 3026/3968 evaluation__simultaneous_eeg_nirs__VP007__posterior__P1_beta__Hfull completed
verify 3027/3968 evaluation__simultaneous_eeg_nirs__VP005__posterior__P3__Hfull completed
verify 3028/3968 evaluation__simultaneous_eeg_nirs__VP005__prefrontal__P1_tau__N0 completed
verify 3029/3968 evaluation__simultaneous_eeg_nirs__VP007__prefrontal__P1_tau__N0 completed
verify 3030/3968 evaluation__simultaneous_eeg_nirs__VP005__motor__P1_tau__N0 completed
verify 3031/3968 evaluation__simultaneous_eeg_nirs__VP008__prefrontal__P1_tau__Hfull completed
verify 3032/3968 evaluation__simultaneous_eeg_nirs__VP008__prefrontal__P1_tau__N0 completed
verify 3033/3968 evaluation__simultaneous_eeg_nirs__VP012__motor__P1_beta__Hfull completed
verify 3034/3968 evaluation__simultaneous_eeg_nirs__VP010__posterior__P3__Hselected completed
verify 3035/3968 evaluation__simultaneous_eeg_nirs__VP010__motor__P1_tau__N0 completed
verify 3036/3968 evaluation__simultaneous_eeg_nirs__VP011__posterior__P1_beta__N0 completed
verify 3037/3968 evaluation__simultaneous_eeg_nirs__VP012__motor__P3__N0 completed
verify 3038/3968 evaluation__simultaneous_eeg_nirs__VP008__posterior__P2__N0 completed
verify 3039/3968 evaluation__simultaneous_eeg_nirs__VP011__motor__P3__Hselected completed
verify 3040/3968 evaluation__simultaneous_eeg_nirs__VP011__motor__P3__Hfull completed
verify 3041/3968 evaluation__simultaneous_eeg_nirs__VP011__motor__P1_tau__Hfull completed
verify 3042/3968 evaluation__simultaneous_eeg_nirs__VP010__prefrontal__P3__Hselected completed
verify 3043/3968 evaluation__simultaneous_eeg_nirs__VP008__posterior__P1_beta__N0 completed
verify 3044/3968 evaluation__simultaneous_eeg_nirs__VP010__posterior__P2__N0 completed
verify 3045/3968 evaluation__simultaneous_eeg_nirs__VP011__prefrontal__P1_tau__N0 completed
verify 3046/3968 evaluation__simultaneous_eeg_nirs__VP012__motor__P1_tau__N0 completed
verify 3047/3968 evaluation__simultaneous_eeg_nirs__VP010__prefrontal__P2__Hfull completed
verify 3048/3968 evaluation__simultaneous_eeg_nirs__VP011__prefrontal__P3__Hselected completed
verify 3049/3968 evaluation__simultaneous_eeg_nirs__VP008__posterior__P2__Hfull completed
verify 3050/3968 evaluation__simultaneous_eeg_nirs__VP011__prefrontal__P3__N0 completed
verify 3051/3968 evaluation__simultaneous_eeg_nirs__VP011__prefrontal__P3__Hfull completed
verify 3052/3968 evaluation__simultaneous_eeg_nirs__VP010__prefrontal__P3__N0 completed
verify 3053/3968 evaluation__simultaneous_eeg_nirs__VP010__prefrontal__P3__Hfull completed
verify 3054/3968 evaluation__simultaneous_eeg_nirs__VP010__motor__P3__Hfull completed
verify 3055/3968 evaluation__simultaneous_eeg_nirs__VP011__prefrontal__P1_tau__Hfull completed
verify 3056/3968 evaluation__simultaneous_eeg_nirs__VP010__posterior__P1_beta__Hfull completed
verify 3057/3968 evaluation__simultaneous_eeg_nirs__VP010__motor__P0__N0 completed
verify 3058/3968 evaluation__simultaneous_eeg_nirs__VP011__motor__P1_beta__N0 completed
verify 3059/3968 evaluation__simultaneous_eeg_nirs__VP010__prefrontal__P1_beta__N0 completed
verify 3060/3968 evaluation__simultaneous_eeg_nirs__VP011__motor__P1_tau__N0 completed
verify 3061/3968 evaluation__simultaneous_eeg_nirs__VP008__posterior__P1_tau__Hfull completed
verify 3062/3968 evaluation__simultaneous_eeg_nirs__VP010__motor__P2__Hfull completed
verify 3063/3968 evaluation__simultaneous_eeg_nirs__VP011__motor__P3__N0 completed
verify 3064/3968 evaluation__simultaneous_eeg_nirs__VP010__posterior__P3__N0 completed
verify 3065/3968 evaluation__simultaneous_eeg_nirs__VP010__posterior__P2__Hfull completed
verify 3066/3968 evaluation__simultaneous_eeg_nirs__VP008__posterior__P3__N0 completed
verify 3067/3968 evaluation__simultaneous_eeg_nirs__VP008__prefrontal__P3__N0 completed
verify 3068/3968 evaluation__simultaneous_eeg_nirs__VP010__posterior__P1_beta__N0 completed
verify 3069/3968 evaluation__simultaneous_eeg_nirs__VP010__posterior__P3__Hfull completed
verify 3070/3968 evaluation__simultaneous_eeg_nirs__VP008__prefrontal__P3__Hfull completed
verify 3071/3968 evaluation__simultaneous_eeg_nirs__VP012__motor__P2__Hfull completed
verify 3072/3968 evaluation__simultaneous_eeg_nirs__VP011__posterior__P1_tau__Hfull completed
verify 3073/3968 evaluation__simultaneous_eeg_nirs__VP011__prefrontal__P2__N0 completed
verify 3074/3968 evaluation__simultaneous_eeg_nirs__VP011__posterior__P2__N0 completed
verify 3075/3968 evaluation__simultaneous_eeg_nirs__VP011__posterior__P1_beta__Hfull completed
verify 3076/3968 evaluation__simultaneous_eeg_nirs__VP011__prefrontal__P1_beta__Hfull completed
verify 3077/3968 evaluation__simultaneous_eeg_nirs__VP010__motor__P1_tau__Hfull completed
verify 3078/3968 evaluation__simultaneous_eeg_nirs__VP010__posterior__P0__N0 completed
verify 3079/3968 evaluation__simultaneous_eeg_nirs__VP011__prefrontal__P1_beta__N0 completed
verify 3080/3968 evaluation__simultaneous_eeg_nirs__VP012__motor__P1_beta__N0 completed
verify 3081/3968 evaluation__simultaneous_eeg_nirs__VP010__motor__P3__N0 completed
verify 3082/3968 evaluation__simultaneous_eeg_nirs__VP010__posterior__P1_tau__N0 completed
verify 3083/3968 evaluation__simultaneous_eeg_nirs__VP010__prefrontal__P1_tau__Hfull completed
verify 3084/3968 evaluation__simultaneous_eeg_nirs__VP010__motor__P3__Hselected completed
verify 3085/3968 evaluation__simultaneous_eeg_nirs__VP008__prefrontal__P3__Hselected completed
verify 3086/3968 evaluation__simultaneous_eeg_nirs__VP012__motor__P3__Hselected completed
verify 3087/3968 evaluation__simultaneous_eeg_nirs__VP008__prefrontal__P0__N0 completed
verify 3088/3968 evaluation__simultaneous_eeg_nirs__VP010__prefrontal__P1_tau__N0 completed
verify 3089/3968 evaluation__simultaneous_eeg_nirs__VP008__posterior__P3__Hselected completed
verify 3090/3968 evaluation__simultaneous_eeg_nirs__VP011__prefrontal__P2__Hfull completed
verify 3091/3968 evaluation__simultaneous_eeg_nirs__VP008__prefrontal__P1_beta__N0 completed
verify 3092/3968 evaluation__simultaneous_eeg_nirs__VP012__motor__P0__N0 completed
verify 3093/3968 evaluation__simultaneous_eeg_nirs__VP008__posterior__P1_beta__Hfull completed
verify 3094/3968 evaluation__simultaneous_eeg_nirs__VP011__motor__P2__Hfull completed
verify 3095/3968 evaluation__simultaneous_eeg_nirs__VP008__posterior__P3__Hfull completed
verify 3096/3968 evaluation__simultaneous_eeg_nirs__VP011__prefrontal__P0__N0 completed
verify 3097/3968 evaluation__simultaneous_eeg_nirs__VP011__motor__P0__N0 completed
verify 3098/3968 evaluation__simultaneous_eeg_nirs__VP010__prefrontal__P1_beta__Hfull completed
verify 3099/3968 evaluation__simultaneous_eeg_nirs__VP011__posterior__P0__N0 completed
verify 3100/3968 evaluation__simultaneous_eeg_nirs__VP010__motor__P1_beta__Hfull completed
verify 3101/3968 evaluation__simultaneous_eeg_nirs__VP008__prefrontal__P2__N0 completed
verify 3102/3968 evaluation__simultaneous_eeg_nirs__VP011__motor__P1_beta__Hfull completed
verify 3103/3968 evaluation__simultaneous_eeg_nirs__VP008__prefrontal__P2__Hfull completed
verify 3104/3968 evaluation__simultaneous_eeg_nirs__VP010__prefrontal__P2__N0 completed
verify 3105/3968 evaluation__simultaneous_eeg_nirs__VP011__posterior__P2__Hfull completed
verify 3106/3968 evaluation__simultaneous_eeg_nirs__VP010__motor__P2__N0 completed
verify 3107/3968 evaluation__simultaneous_eeg_nirs__VP010__posterior__P1_tau__Hfull completed
verify 3108/3968 evaluation__simultaneous_eeg_nirs__VP011__posterior__P3__N0 completed
verify 3109/3968 evaluation__simultaneous_eeg_nirs__VP008__prefrontal__P1_beta__Hfull completed
verify 3110/3968 evaluation__simultaneous_eeg_nirs__VP011__motor__P2__N0 completed
verify 3111/3968 evaluation__simultaneous_eeg_nirs__VP011__posterior__P1_tau__N0 completed
verify 3112/3968 evaluation__simultaneous_eeg_nirs__VP011__posterior__P3__Hfull completed
verify 3113/3968 evaluation__simultaneous_eeg_nirs__VP010__prefrontal__P0__N0 completed
verify 3114/3968 evaluation__simultaneous_eeg_nirs__VP011__posterior__P3__Hselected completed
verify 3115/3968 evaluation__simultaneous_eeg_nirs__VP010__motor__P1_beta__N0 completed
verify 3116/3968 evaluation__simultaneous_eeg_nirs__VP015__motor__P3__N0 completed
verify 3117/3968 evaluation__simultaneous_eeg_nirs__VP014__posterior__P3__Hfull completed
verify 3118/3968 evaluation__simultaneous_eeg_nirs__VP014__motor__P1_tau__N0 completed
verify 3119/3968 evaluation__simultaneous_eeg_nirs__VP015__motor__P3__Hselected completed
verify 3120/3968 evaluation__simultaneous_eeg_nirs__VP012__prefrontal__P3__N0 completed
verify 3121/3968 evaluation__simultaneous_eeg_nirs__VP012__motor__P2__N0 completed
verify 3122/3968 evaluation__simultaneous_eeg_nirs__VP012__motor__P1_tau__Hfull completed
verify 3123/3968 evaluation__simultaneous_eeg_nirs__VP014__motor__P0__N0 completed
verify 3124/3968 evaluation__simultaneous_eeg_nirs__VP014__prefrontal__P2__N0 completed
verify 3125/3968 evaluation__simultaneous_eeg_nirs__VP014__motor__P3__N0 completed
verify 3126/3968 evaluation__simultaneous_eeg_nirs__VP012__prefrontal__P3__Hselected completed
verify 3127/3968 evaluation__simultaneous_eeg_nirs__VP014__prefrontal__P3__Hselected completed
verify 3128/3968 evaluation__simultaneous_eeg_nirs__VP015__motor__P0__N0 completed
verify 3129/3968 evaluation__simultaneous_eeg_nirs__VP014__posterior__P1_beta__Hfull completed
verify 3130/3968 evaluation__simultaneous_eeg_nirs__VP015__posterior__P2__Hfull completed
verify 3131/3968 evaluation__simultaneous_eeg_nirs__VP014__posterior__P1_beta__N0 completed
verify 3132/3968 evaluation__simultaneous_eeg_nirs__VP015__motor__P2__N0 completed
verify 3133/3968 evaluation__simultaneous_eeg_nirs__VP014__posterior__P3__Hselected completed
verify 3134/3968 evaluation__simultaneous_eeg_nirs__VP015__prefrontal__P2__Hfull completed
verify 3135/3968 evaluation__simultaneous_eeg_nirs__VP012__posterior__P2__N0 completed
verify 3136/3968 evaluation__simultaneous_eeg_nirs__VP012__posterior__P1_tau__N0 completed
verify 3137/3968 evaluation__simultaneous_eeg_nirs__VP014__prefrontal__P1_beta__N0 completed
verify 3138/3968 evaluation__simultaneous_eeg_nirs__VP014__prefrontal__P3__N0 completed
verify 3139/3968 evaluation__simultaneous_eeg_nirs__VP015__posterior__P0__N0 completed
verify 3140/3968 evaluation__simultaneous_eeg_nirs__VP012__prefrontal__P1_tau__Hfull completed
verify 3141/3968 evaluation__simultaneous_eeg_nirs__VP014__motor__P3__Hselected completed
verify 3142/3968 evaluation__simultaneous_eeg_nirs__VP015__posterior__P1_tau__Hfull completed
verify 3143/3968 evaluation__simultaneous_eeg_nirs__VP014__prefrontal__P3__Hfull completed
verify 3144/3968 evaluation__simultaneous_eeg_nirs__VP012__posterior__P3__Hfull completed
verify 3145/3968 evaluation__simultaneous_eeg_nirs__VP012__prefrontal__P1_beta__N0 completed
verify 3146/3968 evaluation__simultaneous_eeg_nirs__VP012__posterior__P2__Hfull completed
verify 3147/3968 evaluation__simultaneous_eeg_nirs__VP014__posterior__P0__N0 completed
verify 3148/3968 evaluation__simultaneous_eeg_nirs__VP012__posterior__P1_tau__Hfull completed
verify 3149/3968 evaluation__simultaneous_eeg_nirs__VP015__posterior__P3__Hselected completed
verify 3150/3968 evaluation__simultaneous_eeg_nirs__VP012__posterior__P3__N0 completed
verify 3151/3968 evaluation__simultaneous_eeg_nirs__VP014__posterior__P1_tau__Hfull completed
verify 3152/3968 evaluation__simultaneous_eeg_nirs__VP015__posterior__P1_beta__N0 completed
verify 3153/3968 evaluation__simultaneous_eeg_nirs__VP012__prefrontal__P1_tau__N0 completed
verify 3154/3968 evaluation__simultaneous_eeg_nirs__VP015__motor__P2__Hfull completed
verify 3155/3968 evaluation__simultaneous_eeg_nirs__VP012__posterior__P1_beta__N0 completed
verify 3156/3968 evaluation__simultaneous_eeg_nirs__VP012__posterior__P3__Hselected completed
verify 3157/3968 evaluation__simultaneous_eeg_nirs__VP015__posterior__P1_tau__N0 completed
verify 3158/3968 evaluation__simultaneous_eeg_nirs__VP014__motor__P1_beta__N0 completed
verify 3159/3968 evaluation__simultaneous_eeg_nirs__VP014__posterior__P1_tau__N0 completed
verify 3160/3968 evaluation__simultaneous_eeg_nirs__VP015__posterior__P3__Hfull completed
verify 3161/3968 evaluation__simultaneous_eeg_nirs__VP015__motor__P1_beta__Hfull completed
verify 3162/3968 evaluation__simultaneous_eeg_nirs__VP012__motor__P3__Hfull completed
verify 3163/3968 evaluation__simultaneous_eeg_nirs__VP015__prefrontal__P1_beta__Hfull completed
verify 3164/3968 evaluation__simultaneous_eeg_nirs__VP015__prefrontal__P1_tau__N0 completed
verify 3165/3968 evaluation__simultaneous_eeg_nirs__VP012__prefrontal__P1_beta__Hfull completed
verify 3166/3968 evaluation__simultaneous_eeg_nirs__VP014__posterior__P2__Hfull completed
verify 3167/3968 evaluation__simultaneous_eeg_nirs__VP015__posterior__P2__N0 completed
verify 3168/3968 evaluation__simultaneous_eeg_nirs__VP014__posterior__P3__N0 completed
verify 3169/3968 evaluation__simultaneous_eeg_nirs__VP012__prefrontal__P2__N0 completed
verify 3170/3968 evaluation__simultaneous_eeg_nirs__VP014__motor__P2__N0 completed
verify 3171/3968 evaluation__simultaneous_eeg_nirs__VP012__posterior__P0__N0 completed
verify 3172/3968 evaluation__simultaneous_eeg_nirs__VP014__motor__P1_beta__Hfull completed
verify 3173/3968 evaluation__simultaneous_eeg_nirs__VP015__posterior__P3__N0 completed
verify 3174/3968 evaluation__simultaneous_eeg_nirs__VP014__prefrontal__P2__Hfull completed
verify 3175/3968 evaluation__simultaneous_eeg_nirs__VP014__prefrontal__P1_beta__Hfull completed
verify 3176/3968 evaluation__simultaneous_eeg_nirs__VP014__motor__P2__Hfull completed
verify 3177/3968 evaluation__simultaneous_eeg_nirs__VP015__prefrontal__P0__N0 completed
verify 3178/3968 evaluation__simultaneous_eeg_nirs__VP014__posterior__P2__N0 completed
verify 3179/3968 evaluation__simultaneous_eeg_nirs__VP012__prefrontal__P3__Hfull completed
verify 3180/3968 evaluation__simultaneous_eeg_nirs__VP014__prefrontal__P0__N0 completed
verify 3181/3968 evaluation__simultaneous_eeg_nirs__VP012__prefrontal__P2__Hfull completed
verify 3182/3968 evaluation__simultaneous_eeg_nirs__VP014__prefrontal__P1_tau__Hfull completed
verify 3183/3968 evaluation__simultaneous_eeg_nirs__VP012__prefrontal__P0__N0 completed
verify 3184/3968 evaluation__simultaneous_eeg_nirs__VP015__motor__P1_tau__N0 completed
verify 3185/3968 evaluation__simultaneous_eeg_nirs__VP015__motor__P1_beta__N0 completed
verify 3186/3968 evaluation__simultaneous_eeg_nirs__VP014__prefrontal__P1_tau__N0 completed
verify 3187/3968 evaluation__simultaneous_eeg_nirs__VP012__posterior__P1_beta__Hfull completed
verify 3188/3968 evaluation__simultaneous_eeg_nirs__VP014__motor__P1_tau__Hfull completed
verify 3189/3968 evaluation__simultaneous_eeg_nirs__VP015__motor__P1_tau__Hfull completed
verify 3190/3968 evaluation__simultaneous_eeg_nirs__VP015__motor__P3__Hfull completed
verify 3191/3968 evaluation__simultaneous_eeg_nirs__VP014__motor__P3__Hfull completed
verify 3192/3968 evaluation__simultaneous_eeg_nirs__VP015__posterior__P1_beta__Hfull completed
verify 3193/3968 evaluation__simultaneous_eeg_nirs__VP017__posterior__P0__N0 completed
verify 3194/3968 evaluation__simultaneous_eeg_nirs__VP018__motor__P1_tau__N0 completed
verify 3195/3968 evaluation__simultaneous_eeg_nirs__VP016__prefrontal__P1_beta__Hfull completed
verify 3196/3968 evaluation__simultaneous_eeg_nirs__VP018__motor__P2__Hfull completed
verify 3197/3968 evaluation__simultaneous_eeg_nirs__VP016__prefrontal__P1_tau__N0 completed
verify 3198/3968 evaluation__simultaneous_eeg_nirs__VP018__motor__P3__N0 completed
verify 3199/3968 evaluation__simultaneous_eeg_nirs__VP016__prefrontal__P1_beta__N0 completed
verify 3200/3968 evaluation__simultaneous_eeg_nirs__VP015__prefrontal__P1_beta__N0 completed
verify 3201/3968 evaluation__simultaneous_eeg_nirs__VP016__motor__P3__Hselected completed
verify 3202/3968 evaluation__simultaneous_eeg_nirs__VP016__motor__P3__Hfull completed
verify 3203/3968 evaluation__simultaneous_eeg_nirs__VP016__motor__P1_beta__Hfull completed
verify 3204/3968 evaluation__simultaneous_eeg_nirs__VP016__posterior__P1_beta__N0 completed
verify 3205/3968 evaluation__simultaneous_eeg_nirs__VP017__posterior__P3__Hselected completed
verify 3206/3968 evaluation__simultaneous_eeg_nirs__VP017__posterior__P1_tau__Hfull completed
verify 3207/3968 evaluation__simultaneous_eeg_nirs__VP018__posterior__P1_beta__N0 completed
verify 3208/3968 evaluation__simultaneous_eeg_nirs__VP017__motor__P1_tau__N0 completed
verify 3209/3968 evaluation__simultaneous_eeg_nirs__VP015__prefrontal__P3__Hfull completed
verify 3210/3968 evaluation__simultaneous_eeg_nirs__VP017__motor__P3__Hfull completed
verify 3211/3968 evaluation__simultaneous_eeg_nirs__VP015__prefrontal__P1_tau__Hfull completed
verify 3212/3968 evaluation__simultaneous_eeg_nirs__VP018__motor__P2__N0 completed
verify 3213/3968 evaluation__simultaneous_eeg_nirs__VP017__motor__P1_tau__Hfull completed
verify 3214/3968 evaluation__simultaneous_eeg_nirs__VP018__motor__P1_beta__Hfull completed
verify 3215/3968 evaluation__simultaneous_eeg_nirs__VP017__posterior__P1_beta__N0 completed
verify 3216/3968 evaluation__simultaneous_eeg_nirs__VP017__prefrontal__P1_beta__N0 completed
verify 3217/3968 evaluation__simultaneous_eeg_nirs__VP016__motor__P2__N0 completed
verify 3218/3968 evaluation__simultaneous_eeg_nirs__VP017__motor__P1_beta__Hfull completed
verify 3219/3968 evaluation__simultaneous_eeg_nirs__VP016__prefrontal__P0__N0 completed
verify 3220/3968 evaluation__simultaneous_eeg_nirs__VP018__motor__P3__Hselected completed
verify 3221/3968 evaluation__simultaneous_eeg_nirs__VP017__motor__P1_beta__N0 completed
verify 3222/3968 evaluation__simultaneous_eeg_nirs__VP017__posterior__P3__Hfull completed
verify 3223/3968 evaluation__simultaneous_eeg_nirs__VP017__prefrontal__P0__N0 completed
verify 3224/3968 evaluation__simultaneous_eeg_nirs__VP017__prefrontal__P3__Hselected completed
verify 3225/3968 evaluation__simultaneous_eeg_nirs__VP016__prefrontal__P3__Hselected completed
verify 3226/3968 evaluation__simultaneous_eeg_nirs__VP015__prefrontal__P3__Hselected completed
verify 3227/3968 evaluation__simultaneous_eeg_nirs__VP017__motor__P0__N0 completed
verify 3228/3968 evaluation__simultaneous_eeg_nirs__VP016__prefrontal__P2__N0 completed
verify 3229/3968 evaluation__simultaneous_eeg_nirs__VP018__motor__P1_beta__N0 completed
verify 3230/3968 evaluation__simultaneous_eeg_nirs__VP015__prefrontal__P2__N0 completed
verify 3231/3968 evaluation__simultaneous_eeg_nirs__VP017__prefrontal__P1_beta__Hfull completed
verify 3232/3968 evaluation__simultaneous_eeg_nirs__VP017__posterior__P2__Hfull completed
verify 3233/3968 evaluation__simultaneous_eeg_nirs__VP017__prefrontal__P2__N0 completed
verify 3234/3968 evaluation__simultaneous_eeg_nirs__VP016__posterior__P3__Hselected completed
verify 3235/3968 evaluation__simultaneous_eeg_nirs__VP017__posterior__P2__N0 completed
verify 3236/3968 evaluation__simultaneous_eeg_nirs__VP018__motor__P3__Hfull completed
verify 3237/3968 evaluation__simultaneous_eeg_nirs__VP018__motor__P0__N0 completed
verify 3238/3968 evaluation__simultaneous_eeg_nirs__VP017__prefrontal__P1_tau__Hfull completed
verify 3239/3968 evaluation__simultaneous_eeg_nirs__VP016__posterior__P2__N0 completed
verify 3240/3968 evaluation__simultaneous_eeg_nirs__VP015__prefrontal__P3__N0 completed
verify 3241/3968 evaluation__simultaneous_eeg_nirs__VP017__posterior__P1_beta__Hfull completed
verify 3242/3968 evaluation__simultaneous_eeg_nirs__VP017__motor__P2__Hfull completed
verify 3243/3968 evaluation__simultaneous_eeg_nirs__VP016__motor__P2__Hfull completed
verify 3244/3968 evaluation__simultaneous_eeg_nirs__VP017__motor__P3__N0 completed
verify 3245/3968 evaluation__simultaneous_eeg_nirs__VP016__motor__P1_tau__Hfull completed
verify 3246/3968 evaluation__simultaneous_eeg_nirs__VP016__posterior__P2__Hfull completed
verify 3247/3968 evaluation__simultaneous_eeg_nirs__VP016__prefrontal__P2__Hfull completed
verify 3248/3968 evaluation__simultaneous_eeg_nirs__VP016__prefrontal__P3__Hfull completed
verify 3249/3968 evaluation__simultaneous_eeg_nirs__VP016__posterior__P1_tau__N0 completed
verify 3250/3968 evaluation__simultaneous_eeg_nirs__VP016__posterior__P1_tau__Hfull completed
verify 3251/3968 evaluation__simultaneous_eeg_nirs__VP017__prefrontal__P3__N0 completed
verify 3252/3968 evaluation__simultaneous_eeg_nirs__VP016__motor__P1_beta__N0 completed
verify 3253/3968 evaluation__simultaneous_eeg_nirs__VP016__posterior__P3__Hfull completed
verify 3254/3968 evaluation__simultaneous_eeg_nirs__VP017__posterior__P3__N0 completed
verify 3255/3968 evaluation__simultaneous_eeg_nirs__VP017__prefrontal__P2__Hfull completed
verify 3256/3968 evaluation__simultaneous_eeg_nirs__VP017__prefrontal__P3__Hfull completed
verify 3257/3968 evaluation__simultaneous_eeg_nirs__VP018__posterior__P2__Hfull completed
verify 3258/3968 evaluation__simultaneous_eeg_nirs__VP017__prefrontal__P1_tau__N0 completed
verify 3259/3968 evaluation__simultaneous_eeg_nirs__VP017__motor__P2__N0 completed
verify 3260/3968 evaluation__simultaneous_eeg_nirs__VP016__posterior__P3__N0 completed
verify 3261/3968 evaluation__simultaneous_eeg_nirs__VP016__motor__P3__N0 completed
verify 3262/3968 evaluation__simultaneous_eeg_nirs__VP016__motor__P0__N0 completed
verify 3263/3968 evaluation__simultaneous_eeg_nirs__VP017__posterior__P1_tau__N0 completed
verify 3264/3968 evaluation__simultaneous_eeg_nirs__VP017__motor__P3__Hselected completed
verify 3265/3968 evaluation__simultaneous_eeg_nirs__VP016__posterior__P1_beta__Hfull completed
verify 3266/3968 evaluation__simultaneous_eeg_nirs__VP018__posterior__P0__N0 completed
verify 3267/3968 evaluation__simultaneous_eeg_nirs__VP016__posterior__P0__N0 completed
verify 3268/3968 evaluation__simultaneous_eeg_nirs__VP016__motor__P1_tau__N0 completed
verify 3269/3968 evaluation__simultaneous_eeg_nirs__VP016__prefrontal__P3__N0 completed
verify 3270/3968 evaluation__simultaneous_eeg_nirs__VP016__prefrontal__P1_tau__Hfull completed
verify 3271/3968 evaluation__simultaneous_eeg_nirs__VP018__motor__P1_tau__Hfull completed
verify 3272/3968 evaluation__simultaneous_eeg_nirs__VP022__prefrontal__P3__Hselected completed
verify 3273/3968 evaluation__simultaneous_eeg_nirs__VP021__motor__P3__N0 completed
verify 3274/3968 evaluation__simultaneous_eeg_nirs__VP023__motor__P0__N0 completed
verify 3275/3968 evaluation__simultaneous_eeg_nirs__VP021__prefrontal__P1_beta__Hfull completed
verify 3276/3968 evaluation__simultaneous_eeg_nirs__VP021__prefrontal__P0__N0 completed
verify 3277/3968 evaluation__simultaneous_eeg_nirs__VP018__prefrontal__P1_beta__N0 completed
verify 3278/3968 evaluation__simultaneous_eeg_nirs__VP021__motor__P0__N0 completed
verify 3279/3968 evaluation__simultaneous_eeg_nirs__VP018__posterior__P1_tau__Hfull completed
verify 3280/3968 evaluation__simultaneous_eeg_nirs__VP022__posterior__P3__Hfull completed
verify 3281/3968 evaluation__simultaneous_eeg_nirs__VP021__prefrontal__P1_tau__N0 completed
verify 3282/3968 evaluation__simultaneous_eeg_nirs__VP018__posterior__P3__Hfull completed
verify 3283/3968 evaluation__simultaneous_eeg_nirs__VP022__prefrontal__P2__Hfull completed
verify 3284/3968 evaluation__simultaneous_eeg_nirs__VP021__posterior__P3__Hfull completed
verify 3285/3968 evaluation__simultaneous_eeg_nirs__VP022__posterior__P1_tau__Hfull completed
verify 3286/3968 evaluation__simultaneous_eeg_nirs__VP022__posterior__P1_beta__N0 completed
verify 3287/3968 evaluation__simultaneous_eeg_nirs__VP021__prefrontal__P2__Hfull completed
verify 3288/3968 evaluation__simultaneous_eeg_nirs__VP022__prefrontal__P1_tau__N0 completed
verify 3289/3968 evaluation__simultaneous_eeg_nirs__VP021__posterior__P0__N0 completed
verify 3290/3968 evaluation__simultaneous_eeg_nirs__VP021__motor__P2__Hfull completed
verify 3291/3968 evaluation__simultaneous_eeg_nirs__VP021__motor__P2__N0 completed
verify 3292/3968 evaluation__simultaneous_eeg_nirs__VP022__motor__P0__N0 completed
verify 3293/3968 evaluation__simultaneous_eeg_nirs__VP022__posterior__P3__Hselected completed
verify 3294/3968 evaluation__simultaneous_eeg_nirs__VP022__motor__P3__Hselected completed
verify 3295/3968 evaluation__simultaneous_eeg_nirs__VP022__posterior__P3__N0 completed
verify 3296/3968 evaluation__simultaneous_eeg_nirs__VP018__posterior__P1_beta__Hfull completed
verify 3297/3968 evaluation__simultaneous_eeg_nirs__VP021__posterior__P3__Hselected completed
verify 3298/3968 evaluation__simultaneous_eeg_nirs__VP023__motor__P1_beta__N0 completed
verify 3299/3968 evaluation__simultaneous_eeg_nirs__VP022__prefrontal__P3__N0 completed
verify 3300/3968 evaluation__simultaneous_eeg_nirs__VP022__motor__P1_tau__Hfull completed
verify 3301/3968 evaluation__simultaneous_eeg_nirs__VP018__posterior__P2__N0 completed
verify 3302/3968 evaluation__simultaneous_eeg_nirs__VP021__motor__P1_beta__Hfull completed
verify 3303/3968 evaluation__simultaneous_eeg_nirs__VP021__posterior__P2__Hfull completed
verify 3304/3968 evaluation__simultaneous_eeg_nirs__VP022__prefrontal__P1_beta__Hfull completed
verify 3305/3968 evaluation__simultaneous_eeg_nirs__VP018__prefrontal__P1_tau__N0 completed
verify 3306/3968 evaluation__simultaneous_eeg_nirs__VP022__posterior__P1_beta__Hfull completed
verify 3307/3968 evaluation__simultaneous_eeg_nirs__VP021__posterior__P1_tau__N0 completed
verify 3308/3968 evaluation__simultaneous_eeg_nirs__VP018__prefrontal__P2__Hfull completed
verify 3309/3968 evaluation__simultaneous_eeg_nirs__VP022__prefrontal__P1_tau__Hfull completed
verify 3310/3968 evaluation__simultaneous_eeg_nirs__VP021__prefrontal__P1_beta__N0 completed
verify 3311/3968 evaluation__simultaneous_eeg_nirs__VP021__motor__P1_tau__N0 completed
verify 3312/3968 evaluation__simultaneous_eeg_nirs__VP022__motor__P1_tau__N0 completed
verify 3313/3968 evaluation__simultaneous_eeg_nirs__VP022__prefrontal__P1_beta__N0 completed
verify 3314/3968 evaluation__simultaneous_eeg_nirs__VP022__motor__P2__N0 completed
verify 3315/3968 evaluation__simultaneous_eeg_nirs__VP021__prefrontal__P3__N0 completed
verify 3316/3968 evaluation__simultaneous_eeg_nirs__VP023__motor__P3__Hfull completed
verify 3317/3968 evaluation__simultaneous_eeg_nirs__VP018__posterior__P3__N0 completed
verify 3318/3968 evaluation__simultaneous_eeg_nirs__VP023__motor__P2__Hfull completed
verify 3319/3968 evaluation__simultaneous_eeg_nirs__VP022__prefrontal__P3__Hfull completed
verify 3320/3968 evaluation__simultaneous_eeg_nirs__VP021__motor__P1_tau__Hfull completed
verify 3321/3968 evaluation__simultaneous_eeg_nirs__VP018__posterior__P1_tau__N0 completed
verify 3322/3968 evaluation__simultaneous_eeg_nirs__VP018__prefrontal__P1_beta__Hfull completed
verify 3323/3968 evaluation__simultaneous_eeg_nirs__VP022__motor__P3__Hfull completed
verify 3324/3968 evaluation__simultaneous_eeg_nirs__VP022__posterior__P1_tau__N0 completed
verify 3325/3968 evaluation__simultaneous_eeg_nirs__VP018__prefrontal__P0__N0 completed
verify 3326/3968 evaluation__simultaneous_eeg_nirs__VP018__posterior__P3__Hselected completed
verify 3327/3968 evaluation__simultaneous_eeg_nirs__VP022__prefrontal__P0__N0 completed
verify 3328/3968 evaluation__simultaneous_eeg_nirs__VP021__motor__P1_beta__N0 completed
verify 3329/3968 evaluation__simultaneous_eeg_nirs__VP021__posterior__P1_beta__N0 completed
verify 3330/3968 evaluation__simultaneous_eeg_nirs__VP021__posterior__P3__N0 completed
verify 3331/3968 evaluation__simultaneous_eeg_nirs__VP022__posterior__P2__Hfull completed
verify 3332/3968 evaluation__simultaneous_eeg_nirs__VP021__posterior__P1_tau__Hfull completed
verify 3333/3968 evaluation__simultaneous_eeg_nirs__VP021__motor__P3__Hfull completed
verify 3334/3968 evaluation__simultaneous_eeg_nirs__VP018__prefrontal__P1_tau__Hfull completed
verify 3335/3968 evaluation__simultaneous_eeg_nirs__VP018__prefrontal__P3__Hselected completed
verify 3336/3968 evaluation__simultaneous_eeg_nirs__VP023__motor__P2__N0 completed
verify 3337/3968 evaluation__simultaneous_eeg_nirs__VP023__motor__P1_beta__Hfull completed
verify 3338/3968 evaluation__simultaneous_eeg_nirs__VP022__motor__P3__N0 completed
verify 3339/3968 evaluation__simultaneous_eeg_nirs__VP018__prefrontal__P2__N0 completed
verify 3340/3968 evaluation__simultaneous_eeg_nirs__VP022__posterior__P2__N0 completed
verify 3341/3968 evaluation__simultaneous_eeg_nirs__VP021__prefrontal__P3__Hselected completed
verify 3342/3968 evaluation__simultaneous_eeg_nirs__VP022__motor__P2__Hfull completed
verify 3343/3968 evaluation__simultaneous_eeg_nirs__VP022__motor__P1_beta__N0 completed
verify 3344/3968 evaluation__simultaneous_eeg_nirs__VP021__posterior__P2__N0 completed
verify 3345/3968 evaluation__simultaneous_eeg_nirs__VP021__prefrontal__P3__Hfull completed
verify 3346/3968 evaluation__simultaneous_eeg_nirs__VP018__prefrontal__P3__Hfull completed
verify 3347/3968 evaluation__simultaneous_eeg_nirs__VP021__motor__P3__Hselected completed
verify 3348/3968 evaluation__simultaneous_eeg_nirs__VP018__prefrontal__P3__N0 completed
verify 3349/3968 evaluation__simultaneous_eeg_nirs__VP022__prefrontal__P2__N0 completed
verify 3350/3968 evaluation__simultaneous_eeg_nirs__VP021__posterior__P1_beta__Hfull completed
verify 3351/3968 evaluation__simultaneous_eeg_nirs__VP023__motor__P1_tau__Hfull completed
verify 3352/3968 evaluation__simultaneous_eeg_nirs__VP021__prefrontal__P1_tau__Hfull completed
verify 3353/3968 evaluation__simultaneous_eeg_nirs__VP022__posterior__P0__N0 completed
verify 3354/3968 evaluation__simultaneous_eeg_nirs__VP022__motor__P1_beta__Hfull completed
verify 3355/3968 evaluation__simultaneous_eeg_nirs__VP021__prefrontal__P2__N0 completed
verify 3356/3968 evaluation__simultaneous_eeg_nirs__VP024__prefrontal__P1_beta__Hfull completed
verify 3357/3968 evaluation__simultaneous_eeg_nirs__VP023__motor__P1_tau__N0 completed
verify 3358/3968 evaluation__simultaneous_eeg_nirs__VP024__motor__P3__Hfull completed
verify 3359/3968 evaluation__simultaneous_eeg_nirs__VP024__motor__P0__N0 completed
verify 3360/3968 evaluation__simultaneous_eeg_nirs__VP024__motor__P3__N0 completed
verify 3361/3968 evaluation__simultaneous_eeg_nirs__VP024__motor__P2__N0 completed
verify 3362/3968 evaluation__simultaneous_eeg_nirs__VP023__posterior__P1_beta__Hfull completed
verify 3363/3968 evaluation__simultaneous_eeg_nirs__VP024__prefrontal__P2__N0 completed
verify 3364/3968 evaluation__simultaneous_eeg_nirs__VP024__prefrontal__P0__N0 completed
verify 3365/3968 evaluation__simultaneous_eeg_nirs__VP026__motor__P1_tau__Hfull completed
verify 3366/3968 evaluation__simultaneous_eeg_nirs__VP024__prefrontal__P1_tau__Hfull completed
verify 3367/3968 evaluation__simultaneous_eeg_nirs__VP025__posterior__P1_tau__Hfull completed
verify 3368/3968 evaluation__simultaneous_eeg_nirs__VP024__motor__P1_beta__Hfull completed
verify 3369/3968 evaluation__simultaneous_eeg_nirs__VP025__posterior__P2__Hfull completed
verify 3370/3968 evaluation__simultaneous_eeg_nirs__VP025__motor__P3__Hselected completed
verify 3371/3968 evaluation__simultaneous_eeg_nirs__VP025__prefrontal__P1_tau__Hfull completed
verify 3372/3968 evaluation__simultaneous_eeg_nirs__VP024__prefrontal__P2__Hfull completed
verify 3373/3968 evaluation__simultaneous_eeg_nirs__VP024__prefrontal__P3__Hfull completed
verify 3374/3968 evaluation__simultaneous_eeg_nirs__VP025__motor__P2__N0 completed
verify 3375/3968 evaluation__simultaneous_eeg_nirs__VP025__posterior__P3__Hselected completed
verify 3376/3968 evaluation__simultaneous_eeg_nirs__VP024__posterior__P1_beta__N0 completed
verify 3377/3968 evaluation__simultaneous_eeg_nirs__VP023__posterior__P1_beta__N0 completed
verify 3378/3968 evaluation__simultaneous_eeg_nirs__VP024__posterior__P3__N0 completed
verify 3379/3968 evaluation__simultaneous_eeg_nirs__VP024__posterior__P2__Hfull completed
verify 3380/3968 evaluation__simultaneous_eeg_nirs__VP024__prefrontal__P3__N0 completed
verify 3381/3968 evaluation__simultaneous_eeg_nirs__VP023__prefrontal__P3__Hselected completed
verify 3382/3968 evaluation__simultaneous_eeg_nirs__VP024__motor__P3__Hselected completed
verify 3383/3968 evaluation__simultaneous_eeg_nirs__VP025__posterior__P3__Hfull completed
verify 3384/3968 evaluation__simultaneous_eeg_nirs__VP024__posterior__P1_tau__N0 completed
verify 3385/3968 evaluation__simultaneous_eeg_nirs__VP023__posterior__P1_tau__N0 completed
verify 3386/3968 evaluation__simultaneous_eeg_nirs__VP025__motor__P3__N0 completed
verify 3387/3968 evaluation__simultaneous_eeg_nirs__VP025__prefrontal__P2__Hfull completed
verify 3388/3968 evaluation__simultaneous_eeg_nirs__VP023__posterior__P3__N0 completed
verify 3389/3968 evaluation__simultaneous_eeg_nirs__VP023__posterior__P3__Hfull completed
verify 3390/3968 evaluation__simultaneous_eeg_nirs__VP025__motor__P0__N0 completed
verify 3391/3968 evaluation__simultaneous_eeg_nirs__VP023__prefrontal__P3__Hfull completed
verify 3392/3968 evaluation__simultaneous_eeg_nirs__VP025__motor__P3__Hfull completed
verify 3393/3968 evaluation__simultaneous_eeg_nirs__VP024__posterior__P3__Hfull completed
verify 3394/3968 evaluation__simultaneous_eeg_nirs__VP024__prefrontal__P1_tau__N0 completed
verify 3395/3968 evaluation__simultaneous_eeg_nirs__VP024__motor__P2__Hfull completed
verify 3396/3968 evaluation__simultaneous_eeg_nirs__VP025__posterior__P2__N0 completed
verify 3397/3968 evaluation__simultaneous_eeg_nirs__VP025__motor__P2__Hfull completed
verify 3398/3968 evaluation__simultaneous_eeg_nirs__VP024__posterior__P1_tau__Hfull completed
verify 3399/3968 evaluation__simultaneous_eeg_nirs__VP024__posterior__P0__N0 completed
verify 3400/3968 evaluation__simultaneous_eeg_nirs__VP024__prefrontal__P3__Hselected completed
verify 3401/3968 evaluation__simultaneous_eeg_nirs__VP024__posterior__P1_beta__Hfull completed
verify 3402/3968 evaluation__simultaneous_eeg_nirs__VP025__motor__P1_tau__N0 completed
verify 3403/3968 evaluation__simultaneous_eeg_nirs__VP025__prefrontal__P3__Hfull completed
verify 3404/3968 evaluation__simultaneous_eeg_nirs__VP025__posterior__P0__N0 completed
verify 3405/3968 evaluation__simultaneous_eeg_nirs__VP023__prefrontal__P3__N0 completed
verify 3406/3968 evaluation__simultaneous_eeg_nirs__VP025__prefrontal__P1_beta__N0 completed
verify 3407/3968 evaluation__simultaneous_eeg_nirs__VP025__prefrontal__P0__N0 completed
verify 3408/3968 evaluation__simultaneous_eeg_nirs__VP025__prefrontal__P1_beta__Hfull completed
verify 3409/3968 evaluation__simultaneous_eeg_nirs__VP025__posterior__P3__N0 completed
verify 3410/3968 evaluation__simultaneous_eeg_nirs__VP023__posterior__P1_tau__Hfull completed
verify 3411/3968 evaluation__simultaneous_eeg_nirs__VP025__motor__P1_beta__Hfull completed
verify 3412/3968 evaluation__simultaneous_eeg_nirs__VP023__prefrontal__P1_tau__Hfull completed
verify 3413/3968 evaluation__simultaneous_eeg_nirs__VP025__posterior__P1_beta__N0 completed
verify 3414/3968 evaluation__simultaneous_eeg_nirs__VP025__posterior__P1_tau__N0 completed
verify 3415/3968 evaluation__simultaneous_eeg_nirs__VP023__posterior__P3__Hselected completed
verify 3416/3968 evaluation__simultaneous_eeg_nirs__VP023__prefrontal__P1_tau__N0 completed
verify 3417/3968 evaluation__simultaneous_eeg_nirs__VP024__motor__P1_tau__N0 completed
verify 3418/3968 evaluation__simultaneous_eeg_nirs__VP023__prefrontal__P1_beta__Hfull completed
verify 3419/3968 evaluation__simultaneous_eeg_nirs__VP024__motor__P1_beta__N0 completed
verify 3420/3968 evaluation__simultaneous_eeg_nirs__VP023__motor__P3__Hselected completed
verify 3421/3968 evaluation__simultaneous_eeg_nirs__VP026__motor__P1_beta__Hfull completed
verify 3422/3968 evaluation__simultaneous_eeg_nirs__VP023__prefrontal__P0__N0 completed
verify 3423/3968 evaluation__simultaneous_eeg_nirs__VP024__posterior__P3__Hselected completed
verify 3424/3968 evaluation__simultaneous_eeg_nirs__VP023__prefrontal__P2__Hfull completed
verify 3425/3968 evaluation__simultaneous_eeg_nirs__VP025__motor__P1_tau__Hfull completed
verify 3426/3968 evaluation__simultaneous_eeg_nirs__VP024__prefrontal__P1_beta__N0 completed
verify 3427/3968 evaluation__simultaneous_eeg_nirs__VP025__posterior__P1_beta__Hfull completed
verify 3428/3968 evaluation__simultaneous_eeg_nirs__VP023__posterior__P0__N0 completed
verify 3429/3968 evaluation__simultaneous_eeg_nirs__VP024__posterior__P2__N0 completed
verify 3430/3968 evaluation__simultaneous_eeg_nirs__VP024__motor__P1_tau__Hfull completed
verify 3431/3968 evaluation__simultaneous_eeg_nirs__VP023__prefrontal__P1_beta__N0 completed
verify 3432/3968 evaluation__simultaneous_eeg_nirs__VP023__motor__P3__N0 completed
verify 3433/3968 evaluation__simultaneous_eeg_nirs__VP023__prefrontal__P2__N0 completed
verify 3434/3968 evaluation__simultaneous_eeg_nirs__VP023__posterior__P2__N0 completed
verify 3435/3968 evaluation__simultaneous_eeg_nirs__VP025__motor__P1_beta__N0 completed
verify 3436/3968 evaluation__simultaneous_eeg_nirs__VP023__posterior__P2__Hfull completed
verify 3437/3968 evaluation__simultaneous_eeg_nirs__VP026__motor__P0__N0 completed
verify 3438/3968 evaluation__visual_cognitive_motivation__S02__prefrontal__montage1__P2__N0 completed
verify 3439/3968 evaluation__visual_cognitive_motivation__S02__prefrontal__montage1__P3__Hselected completed
verify 3440/3968 evaluation__visual_cognitive_motivation__S02__prefrontal__montage0__P2__Hfull completed
verify 3441/3968 evaluation__visual_cognitive_motivation__S02__posterior__montage0__P3__Hfull completed
verify 3442/3968 evaluation__simultaneous_eeg_nirs__VP026__posterior__P1_tau__N0 completed
verify 3443/3968 evaluation__visual_cognitive_motivation__S02__prefrontal__montage0__P3__Hfull completed
verify 3444/3968 evaluation__visual_cognitive_motivation__S02__prefrontal__montage0__P3__N0 completed
verify 3445/3968 evaluation__visual_cognitive_motivation__S02__prefrontal__montage0__P0__N0 completed
verify 3446/3968 evaluation__visual_cognitive_motivation__S02__prefrontal__montage0__P3__Hselected completed
verify 3447/3968 evaluation__visual_cognitive_motivation__S02__prefrontal__montage0__P1_beta__Hfull completed
verify 3448/3968 evaluation__visual_cognitive_motivation__S02__motor__P3__Hfull completed
verify 3449/3968 evaluation__visual_cognitive_motivation__S02__posterior__montage0__P1_beta__Hfull completed
verify 3450/3968 evaluation__simultaneous_eeg_nirs__VP026__motor__P1_tau__N0 completed
verify 3451/3968 evaluation__visual_cognitive_motivation__S02__prefrontal__montage1__P1_tau__Hfull completed
verify 3452/3968 evaluation__simultaneous_eeg_nirs__VP026__motor__P3__Hselected completed
verify 3453/3968 evaluation__simultaneous_eeg_nirs__VP026__motor__P2__Hfull completed
verify 3454/3968 evaluation__visual_cognitive_motivation__S02__motor__P3__Hselected completed
verify 3455/3968 evaluation__simultaneous_eeg_nirs__VP026__prefrontal__P3__Hselected completed
verify 3456/3968 evaluation__simultaneous_eeg_nirs__VP026__posterior__P3__Hselected completed
verify 3457/3968 evaluation__visual_cognitive_motivation__S02__motor__P2__N0 completed
verify 3458/3968 evaluation__simultaneous_eeg_nirs__VP026__prefrontal__P2__Hfull completed
verify 3459/3968 evaluation__simultaneous_eeg_nirs__VP026__posterior__P0__N0 completed
verify 3460/3968 evaluation__simultaneous_eeg_nirs__VP026__motor__P3__Hfull completed
verify 3461/3968 evaluation__visual_cognitive_motivation__S02__posterior__montage0__P1_beta__N0 completed
verify 3462/3968 evaluation__simultaneous_eeg_nirs__VP026__prefrontal__P1_beta__N0 completed
verify 3463/3968 evaluation__visual_cognitive_motivation__S02__motor__P0__N0 completed
verify 3464/3968 evaluation__simultaneous_eeg_nirs__VP026__posterior__P1_beta__N0 completed
verify 3465/3968 evaluation__visual_cognitive_motivation__S02__prefrontal__montage1__P0__N0 completed
verify 3466/3968 evaluation__simultaneous_eeg_nirs__VP026__prefrontal__P2__N0 completed
verify 3467/3968 evaluation__visual_cognitive_motivation__S02__prefrontal__montage1__P2__Hfull completed
verify 3468/3968 evaluation__simultaneous_eeg_nirs__VP026__motor__P3__N0 completed
verify 3469/3968 evaluation__simultaneous_eeg_nirs__VP025__prefrontal__P3__N0 completed
verify 3470/3968 evaluation__visual_cognitive_motivation__S02__motor__P2__Hfull completed
verify 3471/3968 evaluation__visual_cognitive_motivation__S02__posterior__montage0__P1_tau__Hfull completed
verify 3472/3968 evaluation__simultaneous_eeg_nirs__VP026__prefrontal__P1_tau__N0 completed
verify 3473/3968 evaluation__visual_cognitive_motivation__S02__posterior__montage1__P3__Hselected completed
verify 3474/3968 evaluation__visual_cognitive_motivation__S02__posterior__montage1__P3__Hfull completed
verify 3475/3968 evaluation__simultaneous_eeg_nirs__VP026__prefrontal__P3__Hfull completed
verify 3476/3968 evaluation__visual_cognitive_motivation__S02__posterior__montage1__P1_beta__Hfull completed
verify 3477/3968 evaluation__simultaneous_eeg_nirs__VP026__prefrontal__P0__N0 completed
verify 3478/3968 evaluation__visual_cognitive_motivation__S02__prefrontal__montage1__P1_beta__N0 completed
verify 3479/3968 evaluation__visual_cognitive_motivation__S02__posterior__montage0__P1_tau__N0 completed
verify 3480/3968 evaluation__visual_cognitive_motivation__S02__posterior__montage1__P2__Hfull completed
verify 3481/3968 evaluation__simultaneous_eeg_nirs__VP026__posterior__P3__Hfull completed
verify 3482/3968 evaluation__simultaneous_eeg_nirs__VP025__prefrontal__P1_tau__N0 completed
verify 3483/3968 evaluation__visual_cognitive_motivation__S02__posterior__montage1__P1_tau__N0 completed
verify 3484/3968 evaluation__visual_cognitive_motivation__S02__posterior__montage1__P1_beta__N0 completed
verify 3485/3968 evaluation__visual_cognitive_motivation__S02__motor__P1_beta__Hfull completed
verify 3486/3968 evaluation__visual_cognitive_motivation__S02__posterior__montage0__P2__Hfull completed
verify 3487/3968 evaluation__simultaneous_eeg_nirs__VP026__motor__P2__N0 completed
verify 3488/3968 evaluation__simultaneous_eeg_nirs__VP026__prefrontal__P3__N0 completed
verify 3489/3968 evaluation__visual_cognitive_motivation__S02__motor__P1_beta__N0 completed
verify 3490/3968 evaluation__visual_cognitive_motivation__S02__prefrontal__montage0__P1_beta__N0 completed
verify 3491/3968 evaluation__visual_cognitive_motivation__S02__posterior__montage1__P2__N0 completed
verify 3492/3968 evaluation__simultaneous_eeg_nirs__VP026__posterior__P2__Hfull completed
verify 3493/3968 evaluation__visual_cognitive_motivation__S02__posterior__montage1__P3__N0 completed
verify 3494/3968 evaluation__visual_cognitive_motivation__S02__prefrontal__montage0__P1_tau__Hfull completed
verify 3495/3968 evaluation__visual_cognitive_motivation__S02__prefrontal__montage1__P3__Hfull completed
verify 3496/3968 evaluation__visual_cognitive_motivation__S02__motor__P1_tau__Hfull completed
verify 3497/3968 evaluation__simultaneous_eeg_nirs__VP026__posterior__P2__N0 completed
verify 3498/3968 evaluation__simultaneous_eeg_nirs__VP026__motor__P1_beta__N0 completed
verify 3499/3968 evaluation__simultaneous_eeg_nirs__VP026__prefrontal__P1_beta__Hfull completed
verify 3500/3968 evaluation__simultaneous_eeg_nirs__VP026__posterior__P3__N0 completed
verify 3501/3968 evaluation__visual_cognitive_motivation__S02__posterior__montage0__P3__Hselected completed
verify 3502/3968 evaluation__simultaneous_eeg_nirs__VP026__posterior__P1_beta__Hfull completed
verify 3503/3968 evaluation__visual_cognitive_motivation__S02__posterior__montage0__P3__N0 completed
verify 3504/3968 evaluation__simultaneous_eeg_nirs__VP025__prefrontal__P2__N0 completed
verify 3505/3968 evaluation__visual_cognitive_motivation__S02__posterior__montage0__P0__N0 completed
verify 3506/3968 evaluation__visual_cognitive_motivation__S02__prefrontal__montage1__P1_beta__Hfull completed
verify 3507/3968 evaluation__visual_cognitive_motivation__S02__prefrontal__montage0__P1_tau__N0 completed
verify 3508/3968 evaluation__visual_cognitive_motivation__S02__posterior__montage0__P2__N0 completed
verify 3509/3968 evaluation__visual_cognitive_motivation__S02__motor__P3__N0 completed
verify 3510/3968 evaluation__simultaneous_eeg_nirs__VP025__prefrontal__P3__Hselected completed
verify 3511/3968 evaluation__visual_cognitive_motivation__S02__posterior__montage1__P0__N0 completed
verify 3512/3968 evaluation__simultaneous_eeg_nirs__VP026__prefrontal__P1_tau__Hfull completed
verify 3513/3968 evaluation__visual_cognitive_motivation__S02__posterior__montage1__P1_tau__Hfull completed
verify 3514/3968 evaluation__visual_cognitive_motivation__S02__motor__P1_tau__N0 completed
verify 3515/3968 evaluation__simultaneous_eeg_nirs__VP026__posterior__P1_tau__Hfull completed
verify 3516/3968 evaluation__visual_cognitive_motivation__S02__prefrontal__montage1__P1_tau__N0 completed
verify 3517/3968 evaluation__visual_cognitive_motivation__S02__prefrontal__montage0__P2__N0 completed
verify 3518/3968 evaluation__visual_cognitive_motivation__S04__prefrontal__montage0__P1_beta__Hfull completed
verify 3519/3968 evaluation__visual_cognitive_motivation__S07__posterior__montage1__P1_beta__Hfull completed
verify 3520/3968 evaluation__visual_cognitive_motivation__S04__posterior__montage1__P1_beta__N0 completed
verify 3521/3968 evaluation__visual_cognitive_motivation__S07__motor__P3__N0 completed
verify 3522/3968 evaluation__visual_cognitive_motivation__S07__posterior__montage0__P3__N0 completed
verify 3523/3968 evaluation__visual_cognitive_motivation__S07__posterior__montage1__P0__N0 completed
verify 3524/3968 evaluation__visual_cognitive_motivation__S04__posterior__montage0__P1_beta__Hfull completed
verify 3525/3968 evaluation__visual_cognitive_motivation__S07__motor__P3__Hselected completed
verify 3526/3968 evaluation__visual_cognitive_motivation__S07__posterior__montage0__P1_beta__Hfull completed
verify 3527/3968 evaluation__visual_cognitive_motivation__S04__posterior__montage1__P1_tau__Hfull completed
verify 3528/3968 evaluation__visual_cognitive_motivation__S07__posterior__montage0__P1_tau__N0 completed
verify 3529/3968 evaluation__visual_cognitive_motivation__S04__posterior__montage0__P3__N0 completed
verify 3530/3968 evaluation__visual_cognitive_motivation__S07__posterior__montage0__P1_tau__Hfull completed
verify 3531/3968 evaluation__visual_cognitive_motivation__S04__posterior__montage1__P3__Hselected completed
verify 3532/3968 evaluation__visual_cognitive_motivation__S04__posterior__montage1__P1_beta__Hfull completed
verify 3533/3968 evaluation__visual_cognitive_motivation__S04__motor__P0__N0 completed
verify 3534/3968 evaluation__visual_cognitive_motivation__S04__posterior__montage1__P2__N0 completed
verify 3535/3968 evaluation__visual_cognitive_motivation__S04__prefrontal__montage0__P3__Hselected completed
verify 3536/3968 evaluation__visual_cognitive_motivation__S04__prefrontal__montage1__P1_beta__Hfull completed
verify 3537/3968 evaluation__visual_cognitive_motivation__S04__posterior__montage1__P2__Hfull completed
verify 3538/3968 evaluation__visual_cognitive_motivation__S04__posterior__montage0__P1_beta__N0 completed
verify 3539/3968 evaluation__visual_cognitive_motivation__S04__posterior__montage1__P0__N0 completed
verify 3540/3968 evaluation__visual_cognitive_motivation__S04__prefrontal__montage1__P1_tau__N0 completed
verify 3541/3968 evaluation__visual_cognitive_motivation__S04__motor__P1_beta__Hfull completed
verify 3542/3968 evaluation__visual_cognitive_motivation__S04__posterior__montage0__P1_tau__N0 completed
verify 3543/3968 evaluation__visual_cognitive_motivation__S04__posterior__montage0__P3__Hselected completed
verify 3544/3968 evaluation__visual_cognitive_motivation__S04__motor__P1_tau__N0 completed
verify 3545/3968 evaluation__visual_cognitive_motivation__S07__posterior__montage0__P1_beta__N0 completed
verify 3546/3968 evaluation__visual_cognitive_motivation__S04__posterior__montage0__P2__N0 completed
verify 3547/3968 evaluation__visual_cognitive_motivation__S04__motor__P1_tau__Hfull completed
verify 3548/3968 evaluation__visual_cognitive_motivation__S07__posterior__montage1__P2__Hfull completed
verify 3549/3968 evaluation__visual_cognitive_motivation__S07__posterior__montage0__P2__Hfull completed
verify 3550/3968 evaluation__visual_cognitive_motivation__S04__prefrontal__montage1__P1_tau__Hfull completed
verify 3551/3968 evaluation__visual_cognitive_motivation__S04__prefrontal__montage0__P2__N0 completed
verify 3552/3968 evaluation__visual_cognitive_motivation__S07__motor__P0__N0 completed
verify 3553/3968 evaluation__visual_cognitive_motivation__S04__motor__P3__Hselected completed
verify 3554/3968 evaluation__visual_cognitive_motivation__S04__prefrontal__montage1__P3__N0 completed
verify 3555/3968 evaluation__visual_cognitive_motivation__S04__posterior__montage0__P0__N0 completed
verify 3556/3968 evaluation__visual_cognitive_motivation__S04__motor__P2__Hfull completed
verify 3557/3968 evaluation__visual_cognitive_motivation__S04__posterior__montage0__P2__Hfull completed
verify 3558/3968 evaluation__visual_cognitive_motivation__S07__posterior__montage1__P3__N0 completed
verify 3559/3968 evaluation__visual_cognitive_motivation__S07__posterior__montage0__P2__N0 completed
verify 3560/3968 evaluation__visual_cognitive_motivation__S07__posterior__montage1__P1_tau__N0 completed
verify 3561/3968 evaluation__visual_cognitive_motivation__S04__posterior__montage1__P3__Hfull completed
verify 3562/3968 evaluation__visual_cognitive_motivation__S04__prefrontal__montage0__P2__Hfull completed
verify 3563/3968 evaluation__visual_cognitive_motivation__S04__prefrontal__montage0__P1_tau__N0 completed
verify 3564/3968 evaluation__visual_cognitive_motivation__S07__posterior__montage1__P1_beta__N0 completed
verify 3565/3968 evaluation__visual_cognitive_motivation__S04__prefrontal__montage1__P1_beta__N0 completed
verify 3566/3968 evaluation__visual_cognitive_motivation__S07__prefrontal__montage0__P0__N0 completed
verify 3567/3968 evaluation__visual_cognitive_motivation__S04__posterior__montage0__P3__Hfull completed
verify 3568/3968 evaluation__visual_cognitive_motivation__S07__prefrontal__montage0__P1_beta__Hfull completed
verify 3569/3968 evaluation__visual_cognitive_motivation__S02__prefrontal__montage1__P3__N0 completed
verify 3570/3968 evaluation__visual_cognitive_motivation__S04__prefrontal__montage0__P3__N0 completed
verify 3571/3968 evaluation__visual_cognitive_motivation__S07__posterior__montage1__P3__Hselected completed
verify 3572/3968 evaluation__visual_cognitive_motivation__S07__posterior__montage1__P1_tau__Hfull completed
verify 3573/3968 evaluation__visual_cognitive_motivation__S04__prefrontal__montage0__P3__Hfull completed
verify 3574/3968 evaluation__visual_cognitive_motivation__S07__motor__P1_beta__N0 completed
verify 3575/3968 evaluation__visual_cognitive_motivation__S04__prefrontal__montage1__P0__N0 completed
verify 3576/3968 evaluation__visual_cognitive_motivation__S04__posterior__montage1__P3__N0 completed
verify 3577/3968 evaluation__visual_cognitive_motivation__S07__motor__P3__Hfull completed
verify 3578/3968 evaluation__visual_cognitive_motivation__S04__prefrontal__montage0__P1_beta__N0 completed
verify 3579/3968 evaluation__visual_cognitive_motivation__S04__motor__P3__Hfull completed
verify 3580/3968 evaluation__visual_cognitive_motivation__S07__motor__P2__Hfull completed
verify 3581/3968 evaluation__visual_cognitive_motivation__S04__posterior__montage0__P1_tau__Hfull completed
verify 3582/3968 evaluation__visual_cognitive_motivation__S04__prefrontal__montage1__P2__Hfull completed
verify 3583/3968 evaluation__visual_cognitive_motivation__S07__posterior__montage0__P0__N0 completed
verify 3584/3968 evaluation__visual_cognitive_motivation__S07__posterior__montage1__P3__Hfull completed
verify 3585/3968 evaluation__visual_cognitive_motivation__S04__prefrontal__montage0__P0__N0 completed
verify 3586/3968 evaluation__visual_cognitive_motivation__S07__motor__P1_tau__Hfull completed
verify 3587/3968 evaluation__visual_cognitive_motivation__S04__motor__P3__N0 completed
verify 3588/3968 evaluation__visual_cognitive_motivation__S07__motor__P1_beta__Hfull completed
verify 3589/3968 evaluation__visual_cognitive_motivation__S07__motor__P2__N0 completed
verify 3590/3968 evaluation__visual_cognitive_motivation__S04__prefrontal__montage1__P3__Hselected completed
verify 3591/3968 evaluation__visual_cognitive_motivation__S07__posterior__montage1__P2__N0 completed
verify 3592/3968 evaluation__visual_cognitive_motivation__S07__motor__P1_tau__N0 completed
verify 3593/3968 evaluation__visual_cognitive_motivation__S07__posterior__montage0__P3__Hselected completed
verify 3594/3968 evaluation__visual_cognitive_motivation__S04__posterior__montage1__P1_tau__N0 completed
verify 3595/3968 evaluation__visual_cognitive_motivation__S04__prefrontal__montage1__P2__N0 completed
verify 3596/3968 evaluation__visual_cognitive_motivation__S04__prefrontal__montage1__P3__Hfull completed
verify 3597/3968 evaluation__visual_cognitive_motivation__S04__motor__P2__N0 completed
verify 3598/3968 evaluation__visual_cognitive_motivation__S04__motor__P1_beta__N0 completed
verify 3599/3968 evaluation__visual_cognitive_motivation__S07__posterior__montage0__P3__Hfull completed
verify 3600/3968 evaluation__visual_cognitive_motivation__S04__prefrontal__montage0__P1_tau__Hfull completed
verify 3601/3968 evaluation__visual_cognitive_motivation__S09__posterior__montage0__P1_beta__Hfull completed
verify 3602/3968 evaluation__visual_cognitive_motivation__S08__motor__P3__Hfull completed
verify 3603/3968 evaluation__visual_cognitive_motivation__S07__prefrontal__montage1__P3__Hfull completed
verify 3604/3968 evaluation__visual_cognitive_motivation__S08__prefrontal__montage0__P3__N0 completed
verify 3605/3968 evaluation__visual_cognitive_motivation__S08__prefrontal__montage1__P1_tau__N0 completed
verify 3606/3968 evaluation__visual_cognitive_motivation__S09__posterior__montage0__P1_beta__N0 completed
verify 3607/3968 evaluation__visual_cognitive_motivation__S09__motor__P0__N0 completed
verify 3608/3968 evaluation__visual_cognitive_motivation__S09__motor__P1_beta__N0 completed
verify 3609/3968 evaluation__visual_cognitive_motivation__S08__prefrontal__montage0__P3__Hfull completed
verify 3610/3968 evaluation__visual_cognitive_motivation__S08__posterior__montage1__P1_beta__Hfull completed
verify 3611/3968 evaluation__visual_cognitive_motivation__S09__motor__P2__N0 completed
verify 3612/3968 evaluation__visual_cognitive_motivation__S08__prefrontal__montage1__P1_beta__N0 completed
verify 3613/3968 evaluation__visual_cognitive_motivation__S09__motor__P2__Hfull completed
verify 3614/3968 evaluation__visual_cognitive_motivation__S07__prefrontal__montage1__P3__N0 completed
verify 3615/3968 evaluation__visual_cognitive_motivation__S08__posterior__montage1__P1_tau__Hfull completed
verify 3616/3968 evaluation__visual_cognitive_motivation__S08__motor__P1_tau__N0 completed
verify 3617/3968 evaluation__visual_cognitive_motivation__S08__posterior__montage1__P3__Hselected completed
verify 3618/3968 evaluation__visual_cognitive_motivation__S08__posterior__montage0__P1_tau__Hfull completed
verify 3619/3968 evaluation__visual_cognitive_motivation__S08__prefrontal__montage0__P3__Hselected completed
verify 3620/3968 evaluation__visual_cognitive_motivation__S08__motor__P2__N0 completed
verify 3621/3968 evaluation__visual_cognitive_motivation__S07__prefrontal__montage1__P1_tau__Hfull completed
verify 3622/3968 evaluation__visual_cognitive_motivation__S07__prefrontal__montage1__P1_beta__Hfull completed
verify 3623/3968 evaluation__visual_cognitive_motivation__S08__posterior__montage0__P3__Hfull completed
verify 3624/3968 evaluation__visual_cognitive_motivation__S08__prefrontal__montage1__P2__N0 completed
verify 3625/3968 evaluation__visual_cognitive_motivation__S08__prefrontal__montage1__P3__N0 completed
verify 3626/3968 evaluation__visual_cognitive_motivation__S07__prefrontal__montage1__P2__Hfull completed
verify 3627/3968 evaluation__visual_cognitive_motivation__S08__posterior__montage0__P2__N0 completed
verify 3628/3968 evaluation__visual_cognitive_motivation__S07__prefrontal__montage0__P2__N0 completed
verify 3629/3968 evaluation__visual_cognitive_motivation__S08__prefrontal__montage1__P1_tau__Hfull completed
verify 3630/3968 evaluation__visual_cognitive_motivation__S08__posterior__montage0__P2__Hfull completed
verify 3631/3968 evaluation__visual_cognitive_motivation__S08__posterior__montage1__P1_tau__N0 completed
verify 3632/3968 evaluation__visual_cognitive_motivation__S07__prefrontal__montage0__P2__Hfull completed
verify 3633/3968 evaluation__visual_cognitive_motivation__S08__motor__P2__Hfull completed
verify 3634/3968 evaluation__visual_cognitive_motivation__S07__prefrontal__montage0__P3__Hselected completed
verify 3635/3968 evaluation__visual_cognitive_motivation__S09__posterior__montage0__P0__N0 completed
verify 3636/3968 evaluation__visual_cognitive_motivation__S09__motor__P1_beta__Hfull completed
verify 3637/3968 evaluation__visual_cognitive_motivation__S07__prefrontal__montage0__P1_tau__N0 completed
verify 3638/3968 evaluation__visual_cognitive_motivation__S08__prefrontal__montage1__P3__Hselected completed
verify 3639/3968 evaluation__visual_cognitive_motivation__S08__motor__P1_tau__Hfull completed
verify 3640/3968 evaluation__visual_cognitive_motivation__S08__prefrontal__montage0__P0__N0 completed
verify 3641/3968 evaluation__visual_cognitive_motivation__S08__motor__P3__Hselected completed
verify 3642/3968 evaluation__visual_cognitive_motivation__S08__posterior__montage0__P1_beta__N0 completed
verify 3643/3968 evaluation__visual_cognitive_motivation__S07__prefrontal__montage0__P3__Hfull completed
verify 3644/3968 evaluation__visual_cognitive_motivation__S07__prefrontal__montage1__P2__N0 completed
verify 3645/3968 evaluation__visual_cognitive_motivation__S08__posterior__montage1__P3__Hfull completed
verify 3646/3968 evaluation__visual_cognitive_motivation__S08__posterior__montage0__P1_tau__N0 completed
verify 3647/3968 evaluation__visual_cognitive_motivation__S09__motor__P1_tau__N0 completed
verify 3648/3968 evaluation__visual_cognitive_motivation__S08__prefrontal__montage0__P1_tau__N0 completed
verify 3649/3968 evaluation__visual_cognitive_motivation__S08__posterior__montage1__P2__N0 completed
verify 3650/3968 evaluation__visual_cognitive_motivation__S07__prefrontal__montage0__P1_beta__N0 completed
verify 3651/3968 evaluation__visual_cognitive_motivation__S08__posterior__montage1__P1_beta__N0 completed
verify 3652/3968 evaluation__visual_cognitive_motivation__S07__prefrontal__montage1__P0__N0 completed
verify 3653/3968 evaluation__visual_cognitive_motivation__S08__motor__P3__N0 completed
verify 3654/3968 evaluation__visual_cognitive_motivation__S08__posterior__montage1__P0__N0 completed
verify 3655/3968 evaluation__visual_cognitive_motivation__S08__prefrontal__montage0__P1_beta__Hfull completed
verify 3656/3968 evaluation__visual_cognitive_motivation__S07__prefrontal__montage1__P3__Hselected completed
verify 3657/3968 evaluation__visual_cognitive_motivation__S08__posterior__montage0__P0__N0 completed
verify 3658/3968 evaluation__visual_cognitive_motivation__S07__prefrontal__montage0__P1_tau__Hfull completed
verify 3659/3968 evaluation__visual_cognitive_motivation__S09__motor__P3__N0 completed
verify 3660/3968 evaluation__visual_cognitive_motivation__S08__posterior__montage1__P3__N0 completed
verify 3661/3968 evaluation__visual_cognitive_motivation__S08__prefrontal__montage1__P0__N0 completed
verify 3662/3968 evaluation__visual_cognitive_motivation__S07__prefrontal__montage1__P1_beta__N0 completed
verify 3663/3968 evaluation__visual_cognitive_motivation__S08__posterior__montage0__P3__N0 completed
verify 3664/3968 evaluation__visual_cognitive_motivation__S09__motor__P3__Hselected completed
verify 3665/3968 evaluation__visual_cognitive_motivation__S08__motor__P1_beta__N0 completed
verify 3666/3968 evaluation__visual_cognitive_motivation__S08__posterior__montage1__P2__Hfull completed
verify 3667/3968 evaluation__visual_cognitive_motivation__S08__prefrontal__montage0__P2__Hfull completed
verify 3668/3968 evaluation__visual_cognitive_motivation__S07__prefrontal__montage1__P1_tau__N0 completed
verify 3669/3968 evaluation__visual_cognitive_motivation__S08__prefrontal__montage0__P2__N0 completed
verify 3670/3968 evaluation__visual_cognitive_motivation__S07__prefrontal__montage0__P3__N0 completed
verify 3671/3968 evaluation__visual_cognitive_motivation__S09__motor__P3__Hfull completed
verify 3672/3968 evaluation__visual_cognitive_motivation__S08__posterior__montage0__P3__Hselected completed
verify 3673/3968 evaluation__visual_cognitive_motivation__S08__posterior__montage0__P1_beta__Hfull completed
verify 3674/3968 evaluation__visual_cognitive_motivation__S09__posterior__montage0__P1_tau__N0 completed
verify 3675/3968 evaluation__visual_cognitive_motivation__S09__posterior__montage0__P1_tau__Hfull completed
verify 3676/3968 evaluation__visual_cognitive_motivation__S08__prefrontal__montage1__P2__Hfull completed
verify 3677/3968 evaluation__visual_cognitive_motivation__S08__prefrontal__montage0__P1_beta__N0 completed
verify 3678/3968 evaluation__visual_cognitive_motivation__S08__prefrontal__montage0__P1_tau__Hfull completed
verify 3679/3968 evaluation__visual_cognitive_motivation__S08__prefrontal__montage1__P1_beta__Hfull completed
verify 3680/3968 evaluation__visual_cognitive_motivation__S08__prefrontal__montage1__P3__Hfull completed
verify 3681/3968 evaluation__visual_cognitive_motivation__S08__motor__P1_beta__Hfull completed
verify 3682/3968 evaluation__visual_cognitive_motivation__S08__motor__P0__N0 completed
verify 3683/3968 evaluation__visual_cognitive_motivation__S09__motor__P1_tau__Hfull completed
verify 3684/3968 evaluation__visual_cognitive_motivation__S09__posterior__montage0__P3__Hfull completed
verify 3685/3968 evaluation__visual_cognitive_motivation__S10__prefrontal__montage0__P3__Hselected completed
verify 3686/3968 evaluation__visual_cognitive_motivation__S10__prefrontal__montage0__P1_beta__N0 completed
verify 3687/3968 evaluation__visual_cognitive_motivation__S09__prefrontal__montage0__P1_beta__N0 completed
verify 3688/3968 evaluation__visual_cognitive_motivation__S10__posterior__montage0__P2__Hfull completed
verify 3689/3968 evaluation__visual_cognitive_motivation__S09__posterior__montage1__P1_tau__Hfull completed
verify 3690/3968 evaluation__visual_cognitive_motivation__S09__prefrontal__montage1__P2__Hfull completed
verify 3691/3968 evaluation__visual_cognitive_motivation__S10__posterior__montage0__P3__Hfull completed
verify 3692/3968 evaluation__visual_cognitive_motivation__S09__posterior__montage1__P3__Hfull completed
verify 3693/3968 evaluation__visual_cognitive_motivation__S09__prefrontal__montage1__P3__Hfull completed
verify 3694/3968 evaluation__visual_cognitive_motivation__S09__posterior__montage1__P1_tau__N0 completed
verify 3695/3968 evaluation__visual_cognitive_motivation__S10__prefrontal__montage0__P2__Hfull completed
verify 3696/3968 evaluation__visual_cognitive_motivation__S10__posterior__montage0__P1_tau__N0 completed
verify 3697/3968 evaluation__visual_cognitive_motivation__S10__prefrontal__montage0__P1_beta__Hfull completed
verify 3698/3968 evaluation__visual_cognitive_motivation__S10__prefrontal__montage0__P1_tau__Hfull completed
verify 3699/3968 evaluation__visual_cognitive_motivation__S09__posterior__montage1__P2__N0 completed
verify 3700/3968 evaluation__visual_cognitive_motivation__S09__prefrontal__montage0__P1_tau__N0 completed
verify 3701/3968 evaluation__visual_cognitive_motivation__S09__prefrontal__montage1__P3__N0 completed
verify 3702/3968 evaluation__visual_cognitive_motivation__S10__prefrontal__montage1__P1_beta__N0 completed
verify 3703/3968 evaluation__visual_cognitive_motivation__S10__prefrontal__montage1__P2__N0 completed
verify 3704/3968 evaluation__visual_cognitive_motivation__S10__posterior__montage0__P3__N0 completed
verify 3705/3968 evaluation__visual_cognitive_motivation__S10__prefrontal__montage0__P0__N0 completed
verify 3706/3968 evaluation__visual_cognitive_motivation__S09__prefrontal__montage1__P1_beta__N0 completed
verify 3707/3968 evaluation__visual_cognitive_motivation__S09__posterior__montage1__P1_beta__Hfull completed
verify 3708/3968 evaluation__visual_cognitive_motivation__S09__prefrontal__montage1__P3__Hselected completed
verify 3709/3968 evaluation__visual_cognitive_motivation__S10__posterior__montage0__P1_beta__Hfull completed
verify 3710/3968 evaluation__visual_cognitive_motivation__S10__motor__P0__N0 completed
verify 3711/3968 evaluation__visual_cognitive_motivation__S09__prefrontal__montage1__P1_tau__N0 completed
verify 3712/3968 evaluation__visual_cognitive_motivation__S09__prefrontal__montage0__P1_tau__Hfull completed
verify 3713/3968 evaluation__visual_cognitive_motivation__S09__prefrontal__montage0__P3__Hselected completed
verify 3714/3968 evaluation__visual_cognitive_motivation__S10__posterior__montage1__P0__N0 completed
verify 3715/3968 evaluation__visual_cognitive_motivation__S10__motor__P1_beta__Hfull completed
verify 3716/3968 evaluation__visual_cognitive_motivation__S09__prefrontal__montage1__P2__N0 completed
verify 3717/3968 evaluation__visual_cognitive_motivation__S10__prefrontal__montage1__P2__Hfull completed
verify 3718/3968 evaluation__visual_cognitive_motivation__S10__motor__P3__Hselected completed
verify 3719/3968 evaluation__visual_cognitive_motivation__S10__motor__P1_beta__N0 completed
verify 3720/3968 evaluation__visual_cognitive_motivation__S10__prefrontal__montage0__P3__Hfull completed
verify 3721/3968 evaluation__visual_cognitive_motivation__S09__posterior__montage1__P1_beta__N0 completed
verify 3722/3968 evaluation__visual_cognitive_motivation__S09__posterior__montage1__P3__N0 completed
verify 3723/3968 evaluation__visual_cognitive_motivation__S10__motor__P2__Hfull completed
verify 3724/3968 evaluation__visual_cognitive_motivation__S09__posterior__montage1__P3__Hselected completed
verify 3725/3968 evaluation__visual_cognitive_motivation__S10__motor__P1_tau__N0 completed
verify 3726/3968 evaluation__visual_cognitive_motivation__S09__prefrontal__montage0__P3__Hfull completed
verify 3727/3968 evaluation__visual_cognitive_motivation__S10__posterior__montage1__P1_tau__N0 completed
verify 3728/3968 evaluation__visual_cognitive_motivation__S10__posterior__montage0__P2__N0 completed
verify 3729/3968 evaluation__visual_cognitive_motivation__S09__prefrontal__montage1__P1_tau__Hfull completed
verify 3730/3968 evaluation__visual_cognitive_motivation__S09__prefrontal__montage0__P3__N0 completed
verify 3731/3968 evaluation__visual_cognitive_motivation__S09__posterior__montage0__P2__Hfull completed
verify 3732/3968 evaluation__visual_cognitive_motivation__S09__posterior__montage0__P3__N0 completed
verify 3733/3968 evaluation__visual_cognitive_motivation__S09__prefrontal__montage0__P2__N0 completed
verify 3734/3968 evaluation__visual_cognitive_motivation__S10__posterior__montage1__P1_tau__Hfull completed
verify 3735/3968 evaluation__visual_cognitive_motivation__S09__posterior__montage0__P3__Hselected completed
verify 3736/3968 evaluation__visual_cognitive_motivation__S09__posterior__montage0__P2__N0 completed
verify 3737/3968 evaluation__visual_cognitive_motivation__S09__prefrontal__montage1__P0__N0 completed
verify 3738/3968 evaluation__visual_cognitive_motivation__S09__prefrontal__montage0__P2__Hfull completed
verify 3739/3968 evaluation__visual_cognitive_motivation__S10__posterior__montage1__P3__N0 completed
verify 3740/3968 evaluation__visual_cognitive_motivation__S10__posterior__montage1__P2__Hfull completed
verify 3741/3968 evaluation__visual_cognitive_motivation__S10__motor__P2__N0 completed
verify 3742/3968 evaluation__visual_cognitive_motivation__S10__prefrontal__montage1__P3__N0 completed
verify 3743/3968 evaluation__visual_cognitive_motivation__S09__prefrontal__montage0__P0__N0 completed
verify 3744/3968 evaluation__visual_cognitive_motivation__S10__posterior__montage1__P1_beta__Hfull completed
verify 3745/3968 evaluation__visual_cognitive_motivation__S10__posterior__montage1__P3__Hselected completed
verify 3746/3968 evaluation__visual_cognitive_motivation__S09__posterior__montage1__P0__N0 completed
verify 3747/3968 evaluation__visual_cognitive_motivation__S09__posterior__montage1__P2__Hfull completed
verify 3748/3968 evaluation__visual_cognitive_motivation__S10__posterior__montage0__P3__Hselected completed
verify 3749/3968 evaluation__visual_cognitive_motivation__S10__motor__P3__N0 completed
verify 3750/3968 evaluation__visual_cognitive_motivation__S10__posterior__montage0__P1_tau__Hfull completed
verify 3751/3968 evaluation__visual_cognitive_motivation__S10__posterior__montage0__P0__N0 completed
verify 3752/3968 evaluation__visual_cognitive_motivation__S09__prefrontal__montage0__P1_beta__Hfull completed
verify 3753/3968 evaluation__visual_cognitive_motivation__S10__posterior__montage1__P1_beta__N0 completed
verify 3754/3968 evaluation__visual_cognitive_motivation__S10__motor__P3__Hfull completed
verify 3755/3968 evaluation__visual_cognitive_motivation__S10__posterior__montage1__P3__Hfull completed
verify 3756/3968 evaluation__visual_cognitive_motivation__S10__prefrontal__montage0__P2__N0 completed
verify 3757/3968 evaluation__visual_cognitive_motivation__S10__posterior__montage0__P1_beta__N0 completed
verify 3758/3968 evaluation__visual_cognitive_motivation__S09__prefrontal__montage1__P1_beta__Hfull completed
verify 3759/3968 evaluation__visual_cognitive_motivation__S10__prefrontal__montage1__P0__N0 completed
verify 3760/3968 evaluation__visual_cognitive_motivation__S10__motor__P1_tau__Hfull completed
verify 3761/3968 evaluation__visual_cognitive_motivation__S10__prefrontal__montage0__P3__N0 completed
verify 3762/3968 evaluation__visual_cognitive_motivation__S10__posterior__montage1__P2__N0 completed
verify 3763/3968 evaluation__visual_cognitive_motivation__S10__prefrontal__montage1__P1_beta__Hfull completed
verify 3764/3968 evaluation__visual_cognitive_motivation__S10__prefrontal__montage1__P1_tau__Hfull completed
verify 3765/3968 evaluation__visual_cognitive_motivation__S10__prefrontal__montage0__P1_tau__N0 completed
verify 3766/3968 evaluation__visual_cognitive_motivation__S11__prefrontal__montage1__P1_tau__Hfull completed
verify 3767/3968 evaluation__visual_cognitive_motivation__S11__posterior__montage0__P3__Hselected completed
verify 3768/3968 evaluation__visual_cognitive_motivation__S11__motor__P1_tau__N0 completed
verify 3769/3968 evaluation__visual_cognitive_motivation__S12__motor__P1_tau__N0 completed
verify 3770/3968 evaluation__visual_cognitive_motivation__S12__motor__P2__Hfull completed
verify 3771/3968 evaluation__visual_cognitive_motivation__S12__posterior__montage0__P1_tau__Hfull completed
verify 3772/3968 evaluation__visual_cognitive_motivation__S11__prefrontal__montage1__P3__Hselected completed
verify 3773/3968 evaluation__visual_cognitive_motivation__S11__motor__P3__Hselected completed
verify 3774/3968 evaluation__visual_cognitive_motivation__S12__motor__P1_beta__Hfull completed
verify 3775/3968 evaluation__visual_cognitive_motivation__S12__posterior__montage0__P2__Hfull completed
verify 3776/3968 evaluation__visual_cognitive_motivation__S11__posterior__montage1__P3__Hselected completed
verify 3777/3968 evaluation__visual_cognitive_motivation__S11__posterior__montage1__P2__Hfull completed
verify 3778/3968 evaluation__visual_cognitive_motivation__S12__motor__P0__N0 completed
verify 3779/3968 evaluation__visual_cognitive_motivation__S12__posterior__montage0__P2__N0 completed
verify 3780/3968 evaluation__visual_cognitive_motivation__S12__posterior__montage0__P3__Hselected completed
verify 3781/3968 evaluation__visual_cognitive_motivation__S11__prefrontal__montage0__P1_tau__N0 completed
verify 3782/3968 evaluation__visual_cognitive_motivation__S12__motor__P3__Hselected completed
verify 3783/3968 evaluation__visual_cognitive_motivation__S11__posterior__montage1__P1_tau__N0 completed
verify 3784/3968 evaluation__visual_cognitive_motivation__S11__posterior__montage0__P2__N0 completed
verify 3785/3968 evaluation__visual_cognitive_motivation__S12__posterior__montage1__P3__Hselected completed
verify 3786/3968 evaluation__visual_cognitive_motivation__S12__motor__P2__N0 completed
verify 3787/3968 evaluation__visual_cognitive_motivation__S11__posterior__montage0__P1_tau__N0 completed
verify 3788/3968 evaluation__visual_cognitive_motivation__S11__prefrontal__montage1__P3__N0 completed
verify 3789/3968 evaluation__visual_cognitive_motivation__S11__prefrontal__montage0__P1_tau__Hfull completed
verify 3790/3968 evaluation__visual_cognitive_motivation__S11__motor__P1_beta__Hfull completed
verify 3791/3968 evaluation__visual_cognitive_motivation__S11__prefrontal__montage0__P3__N0 completed
verify 3792/3968 evaluation__visual_cognitive_motivation__S11__posterior__montage0__P3__N0 completed
verify 3793/3968 evaluation__visual_cognitive_motivation__S11__motor__P1_beta__N0 completed
verify 3794/3968 evaluation__visual_cognitive_motivation__S11__prefrontal__montage1__P2__N0 completed
verify 3795/3968 evaluation__visual_cognitive_motivation__S11__prefrontal__montage1__P3__Hfull completed
verify 3796/3968 evaluation__visual_cognitive_motivation__S11__prefrontal__montage0__P3__Hfull completed
verify 3797/3968 evaluation__visual_cognitive_motivation__S11__posterior__montage1__P1_beta__N0 completed
verify 3798/3968 evaluation__visual_cognitive_motivation__S11__prefrontal__montage1__P2__Hfull completed
verify 3799/3968 evaluation__visual_cognitive_motivation__S11__motor__P3__Hfull completed
verify 3800/3968 evaluation__visual_cognitive_motivation__S12__motor__P1_tau__Hfull completed
verify 3801/3968 evaluation__visual_cognitive_motivation__S11__motor__P3__N0 completed
verify 3802/3968 evaluation__visual_cognitive_motivation__S11__motor__P0__N0 completed
verify 3803/3968 evaluation__visual_cognitive_motivation__S12__posterior__montage1__P1_tau__N0 completed
verify 3804/3968 evaluation__visual_cognitive_motivation__S11__posterior__montage1__P1_beta__Hfull completed
verify 3805/3968 evaluation__visual_cognitive_motivation__S11__motor__P2__Hfull completed
verify 3806/3968 evaluation__visual_cognitive_motivation__S11__motor__P2__N0 completed
verify 3807/3968 evaluation__visual_cognitive_motivation__S12__posterior__montage1__P1_tau__Hfull completed
verify 3808/3968 evaluation__visual_cognitive_motivation__S12__motor__P3__Hfull completed
verify 3809/3968 evaluation__visual_cognitive_motivation__S11__prefrontal__montage0__P1_beta__Hfull completed
verify 3810/3968 evaluation__visual_cognitive_motivation__S12__posterior__montage1__P3__Hfull completed
verify 3811/3968 evaluation__visual_cognitive_motivation__S12__posterior__montage0__P3__N0 completed
verify 3812/3968 evaluation__visual_cognitive_motivation__S12__posterior__montage0__P0__N0 completed
verify 3813/3968 evaluation__visual_cognitive_motivation__S12__posterior__montage1__P0__N0 completed
verify 3814/3968 evaluation__visual_cognitive_motivation__S10__prefrontal__montage1__P3__Hfull completed
verify 3815/3968 evaluation__visual_cognitive_motivation__S12__posterior__montage1__P1_beta__Hfull completed
verify 3816/3968 evaluation__visual_cognitive_motivation__S11__prefrontal__montage0__P1_beta__N0 completed
verify 3817/3968 evaluation__visual_cognitive_motivation__S12__posterior__montage0__P1_tau__N0 completed
verify 3818/3968 evaluation__visual_cognitive_motivation__S11__posterior__montage0__P1_beta__Hfull completed
verify 3819/3968 evaluation__visual_cognitive_motivation__S12__motor__P1_beta__N0 completed
verify 3820/3968 evaluation__visual_cognitive_motivation__S11__motor__P1_tau__Hfull completed
verify 3821/3968 evaluation__visual_cognitive_motivation__S11__posterior__montage0__P3__Hfull completed
verify 3822/3968 evaluation__visual_cognitive_motivation__S11__posterior__montage1__P2__N0 completed
verify 3823/3968 evaluation__visual_cognitive_motivation__S11__posterior__montage1__P0__N0 completed
verify 3824/3968 evaluation__visual_cognitive_motivation__S10__prefrontal__montage1__P1_tau__N0 completed
verify 3825/3968 evaluation__visual_cognitive_motivation__S12__posterior__montage1__P1_beta__N0 completed
verify 3826/3968 evaluation__visual_cognitive_motivation__S12__posterior__montage0__P3__Hfull completed
verify 3827/3968 evaluation__visual_cognitive_motivation__S11__posterior__montage1__P3__N0 completed
verify 3828/3968 evaluation__visual_cognitive_motivation__S11__prefrontal__montage1__P1_beta__Hfull completed
verify 3829/3968 evaluation__visual_cognitive_motivation__S11__posterior__montage0__P1_beta__N0 completed
verify 3830/3968 evaluation__visual_cognitive_motivation__S12__motor__P3__N0 completed
verify 3831/3968 evaluation__visual_cognitive_motivation__S11__prefrontal__montage0__P2__Hfull completed
verify 3832/3968 evaluation__visual_cognitive_motivation__S12__prefrontal__montage0__P1_beta__Hfull completed
verify 3833/3968 evaluation__visual_cognitive_motivation__S12__posterior__montage1__P2__Hfull completed
verify 3834/3968 evaluation__visual_cognitive_motivation__S11__prefrontal__montage0__P0__N0 completed
verify 3835/3968 evaluation__visual_cognitive_motivation__S11__prefrontal__montage0__P3__Hselected completed
verify 3836/3968 evaluation__visual_cognitive_motivation__S12__posterior__montage0__P1_beta__N0 completed
verify 3837/3968 evaluation__visual_cognitive_motivation__S11__posterior__montage0__P2__Hfull completed
verify 3838/3968 evaluation__visual_cognitive_motivation__S11__prefrontal__montage1__P0__N0 completed
verify 3839/3968 evaluation__visual_cognitive_motivation__S11__posterior__montage1__P3__Hfull completed
verify 3840/3968 evaluation__visual_cognitive_motivation__S11__posterior__montage0__P0__N0 completed
verify 3841/3968 evaluation__visual_cognitive_motivation__S11__posterior__montage0__P1_tau__Hfull completed
verify 3842/3968 evaluation__visual_cognitive_motivation__S11__prefrontal__montage1__P1_tau__N0 completed
verify 3843/3968 evaluation__visual_cognitive_motivation__S12__prefrontal__montage0__P0__N0 completed
verify 3844/3968 evaluation__visual_cognitive_motivation__S11__prefrontal__montage0__P2__N0 completed
verify 3845/3968 evaluation__visual_cognitive_motivation__S12__posterior__montage0__P1_beta__Hfull completed
verify 3846/3968 evaluation__visual_cognitive_motivation__S11__prefrontal__montage1__P1_beta__N0 completed
verify 3847/3968 evaluation__visual_cognitive_motivation__S11__posterior__montage1__P1_tau__Hfull completed
verify 3848/3968 evaluation__visual_cognitive_motivation__S10__prefrontal__montage1__P3__Hselected completed
verify 3849/3968 evaluation__visual_cognitive_motivation__S12__prefrontal__montage0__P1_tau__Hfull completed
verify 3850/3968 evaluation__visual_cognitive_motivation__S14__motor__P2__N0 completed
verify 3851/3968 evaluation__visual_cognitive_motivation__S14__prefrontal__montage0__P3__Hselected completed
verify 3852/3968 evaluation__visual_cognitive_motivation__S14__posterior__montage0__P3__Hfull completed
verify 3853/3968 evaluation__visual_cognitive_motivation__S14__posterior__montage0__P1_beta__Hfull completed
verify 3854/3968 evaluation__visual_cognitive_motivation__S14__posterior__montage1__P1_tau__N0 completed
verify 3855/3968 evaluation__visual_cognitive_motivation__S14__prefrontal__montage1__P3__Hselected completed
verify 3856/3968 evaluation__visual_cognitive_motivation__S12__prefrontal__montage0__P1_beta__N0 completed
verify 3857/3968 evaluation__visual_cognitive_motivation__S14__prefrontal__montage1__P1_beta__N0 completed
verify 3858/3968 evaluation__visual_cognitive_motivation__S15__motor__P3__Hfull completed
verify 3859/3968 evaluation__visual_cognitive_motivation__S14__motor__P0__N0 completed
verify 3860/3968 evaluation__visual_cognitive_motivation__S14__motor__P3__Hselected completed
verify 3861/3968 evaluation__visual_cognitive_motivation__S14__motor__P2__Hfull completed
verify 3862/3968 evaluation__visual_cognitive_motivation__S12__prefrontal__montage1__P1_beta__N0 completed
verify 3863/3968 evaluation__visual_cognitive_motivation__S14__prefrontal__montage1__P1_tau__N0 completed
verify 3864/3968 evaluation__visual_cognitive_motivation__S15__motor__P2__Hfull completed
verify 3865/3968 evaluation__visual_cognitive_motivation__S14__posterior__montage0__P3__Hselected completed
verify 3866/3968 evaluation__visual_cognitive_motivation__S12__prefrontal__montage0__P2__N0 completed
verify 3867/3968 evaluation__visual_cognitive_motivation__S12__prefrontal__montage1__P0__N0 completed
verify 3868/3968 evaluation__visual_cognitive_motivation__S14__prefrontal__montage1__P3__Hfull completed
verify 3869/3968 evaluation__visual_cognitive_motivation__S12__prefrontal__montage1__P2__N0 completed
verify 3870/3968 evaluation__visual_cognitive_motivation__S15__motor__P0__N0 completed
verify 3871/3968 evaluation__visual_cognitive_motivation__S14__prefrontal__montage0__P2__Hfull completed
verify 3872/3968 evaluation__visual_cognitive_motivation__S12__prefrontal__montage1__P2__Hfull completed
verify 3873/3968 evaluation__visual_cognitive_motivation__S14__motor__P1_beta__Hfull completed
verify 3874/3968 evaluation__visual_cognitive_motivation__S14__motor__P1_tau__Hfull completed
verify 3875/3968 evaluation__visual_cognitive_motivation__S12__posterior__montage1__P2__N0 completed
verify 3876/3968 evaluation__visual_cognitive_motivation__S12__prefrontal__montage0__P1_tau__N0 completed
verify 3877/3968 evaluation__visual_cognitive_motivation__S14__posterior__montage0__P1_tau__N0 completed
verify 3878/3968 evaluation__visual_cognitive_motivation__S14__motor__P3__N0 completed
verify 3879/3968 evaluation__visual_cognitive_motivation__S15__motor__P3__Hselected completed
verify 3880/3968 evaluation__visual_cognitive_motivation__S14__prefrontal__montage1__P1_beta__Hfull completed
verify 3881/3968 evaluation__visual_cognitive_motivation__S12__prefrontal__montage0__P2__Hfull completed
verify 3882/3968 evaluation__visual_cognitive_motivation__S14__prefrontal__montage0__P1_beta__Hfull completed
verify 3883/3968 evaluation__visual_cognitive_motivation__S14__posterior__montage0__P0__N0 completed
verify 3884/3968 evaluation__visual_cognitive_motivation__S12__prefrontal__montage1__P1_beta__Hfull completed
verify 3885/3968 evaluation__visual_cognitive_motivation__S15__motor__P2__N0 completed
verify 3886/3968 evaluation__visual_cognitive_motivation__S12__prefrontal__montage1__P3__Hfull completed
verify 3887/3968 evaluation__visual_cognitive_motivation__S12__prefrontal__montage0__P3__Hselected completed
verify 3888/3968 evaluation__visual_cognitive_motivation__S15__motor__P1_beta__N0 completed
verify 3889/3968 evaluation__visual_cognitive_motivation__S14__posterior__montage1__P0__N0 completed
verify 3890/3968 evaluation__visual_cognitive_motivation__S12__prefrontal__montage1__P1_tau__N0 completed
verify 3891/3968 evaluation__visual_cognitive_motivation__S14__prefrontal__montage1__P3__N0 completed
verify 3892/3968 evaluation__visual_cognitive_motivation__S14__posterior__montage0__P2__N0 completed
verify 3893/3968 evaluation__visual_cognitive_motivation__S12__prefrontal__montage1__P3__N0 completed
verify 3894/3968 evaluation__visual_cognitive_motivation__S14__prefrontal__montage0__P3__Hfull completed
verify 3895/3968 evaluation__visual_cognitive_motivation__S12__prefrontal__montage0__P3__Hfull completed
verify 3896/3968 evaluation__visual_cognitive_motivation__S14__prefrontal__montage1__P2__N0 completed
verify 3897/3968 evaluation__visual_cognitive_motivation__S14__posterior__montage0__P1_beta__N0 completed
verify 3898/3968 evaluation__visual_cognitive_motivation__S14__posterior__montage1__P1_tau__Hfull completed
verify 3899/3968 evaluation__visual_cognitive_motivation__S12__prefrontal__montage1__P3__Hselected completed
verify 3900/3968 evaluation__visual_cognitive_motivation__S14__posterior__montage1__P3__N0 completed
verify 3901/3968 evaluation__visual_cognitive_motivation__S14__posterior__montage1__P1_beta__N0 completed
verify 3902/3968 evaluation__visual_cognitive_motivation__S12__prefrontal__montage0__P3__N0 completed
verify 3903/3968 evaluation__visual_cognitive_motivation__S14__prefrontal__montage0__P1_tau__Hfull completed
verify 3904/3968 evaluation__visual_cognitive_motivation__S14__prefrontal__montage0__P3__N0 completed
verify 3905/3968 evaluation__visual_cognitive_motivation__S14__prefrontal__montage0__P2__N0 completed
verify 3906/3968 evaluation__visual_cognitive_motivation__S14__prefrontal__montage1__P0__N0 completed
verify 3907/3968 evaluation__visual_cognitive_motivation__S14__posterior__montage1__P2__N0 completed
verify 3908/3968 evaluation__visual_cognitive_motivation__S15__motor__P1_beta__Hfull completed
verify 3909/3968 evaluation__visual_cognitive_motivation__S15__motor__P1_tau__Hfull completed
verify 3910/3968 evaluation__visual_cognitive_motivation__S14__prefrontal__montage1__P2__Hfull completed
verify 3911/3968 evaluation__visual_cognitive_motivation__S14__prefrontal__montage0__P0__N0 completed
verify 3912/3968 evaluation__visual_cognitive_motivation__S14__prefrontal__montage1__P1_tau__Hfull completed
verify 3913/3968 evaluation__visual_cognitive_motivation__S14__posterior__montage1__P2__Hfull completed
verify 3914/3968 evaluation__visual_cognitive_motivation__S14__prefrontal__montage0__P1_beta__N0 completed
verify 3915/3968 evaluation__visual_cognitive_motivation__S14__posterior__montage0__P1_tau__Hfull completed
verify 3916/3968 evaluation__visual_cognitive_motivation__S14__motor__P1_beta__N0 completed
verify 3917/3968 evaluation__visual_cognitive_motivation__S14__posterior__montage0__P3__N0 completed
verify 3918/3968 evaluation__visual_cognitive_motivation__S15__motor__P1_tau__N0 completed
verify 3919/3968 evaluation__visual_cognitive_motivation__S14__posterior__montage1__P3__Hselected completed
verify 3920/3968 evaluation__visual_cognitive_motivation__S15__posterior__montage0__P1_beta__N0 completed
verify 3921/3968 evaluation__visual_cognitive_motivation__S14__posterior__montage1__P1_beta__Hfull completed
verify 3922/3968 evaluation__visual_cognitive_motivation__S14__motor__P1_tau__N0 completed
verify 3923/3968 evaluation__visual_cognitive_motivation__S12__prefrontal__montage1__P1_tau__Hfull completed
verify 3924/3968 evaluation__visual_cognitive_motivation__S14__posterior__montage1__P3__Hfull completed
verify 3925/3968 evaluation__visual_cognitive_motivation__S14__prefrontal__montage0__P1_tau__N0 completed
verify 3926/3968 evaluation__visual_cognitive_motivation__S14__motor__P3__Hfull completed
verify 3927/3968 evaluation__visual_cognitive_motivation__S14__posterior__montage0__P2__Hfull completed
verify 3928/3968 evaluation__visual_cognitive_motivation__S12__posterior__montage1__P3__N0 completed
verify 3929/3968 evaluation__visual_cognitive_motivation__S15__prefrontal__montage1__P1_tau__N0 completed
verify 3930/3968 evaluation__visual_cognitive_motivation__S15__posterior__montage1__P1_tau__Hfull completed
verify 3931/3968 evaluation__visual_cognitive_motivation__S15__posterior__montage1__P2__N0 completed
verify 3932/3968 evaluation__visual_cognitive_motivation__S15__prefrontal__montage1__P0__N0 completed
verify 3933/3968 evaluation__visual_cognitive_motivation__S15__prefrontal__montage0__P3__N0 completed
verify 3934/3968 evaluation__visual_cognitive_motivation__S15__prefrontal__montage1__P2__N0 completed
verify 3935/3968 evaluation__visual_cognitive_motivation__S15__motor__P3__N0 completed
verify 3936/3968 evaluation__visual_cognitive_motivation__S15__prefrontal__montage1__P1_beta__Hfull completed
verify 3937/3968 evaluation__visual_cognitive_motivation__S15__posterior__montage0__P2__N0 completed
verify 3938/3968 evaluation__visual_cognitive_motivation__S15__posterior__montage0__P1_tau__Hfull completed
verify 3939/3968 evaluation__visual_cognitive_motivation__S15__prefrontal__montage0__P1_beta__N0 completed
verify 3940/3968 evaluation__visual_cognitive_motivation__S15__prefrontal__montage0__P1_tau__Hfull completed
verify 3941/3968 evaluation__visual_cognitive_motivation__S15__prefrontal__montage1__P2__Hfull completed
verify 3942/3968 evaluation__visual_cognitive_motivation__S15__posterior__montage1__P0__N0 completed
verify 3943/3968 evaluation__visual_cognitive_motivation__S15__prefrontal__montage0__P3__Hfull completed
verify 3944/3968 evaluation__visual_cognitive_motivation__S15__posterior__montage1__P1_beta__N0 completed
verify 3945/3968 evaluation__visual_cognitive_motivation__S15__posterior__montage1__P3__N0 completed
verify 3946/3968 evaluation__visual_cognitive_motivation__S15__posterior__montage0__P2__Hfull completed
verify 3947/3968 evaluation__visual_cognitive_motivation__S15__prefrontal__montage0__P2__N0 completed
verify 3948/3968 evaluation__visual_cognitive_motivation__S15__posterior__montage0__P3__Hfull completed
verify 3949/3968 evaluation__visual_cognitive_motivation__S15__prefrontal__montage0__P0__N0 completed
verify 3950/3968 evaluation__visual_cognitive_motivation__S15__prefrontal__montage1__P1_tau__Hfull completed
verify 3951/3968 evaluation__visual_cognitive_motivation__S15__posterior__montage0__P1_beta__Hfull completed
verify 3952/3968 evaluation__visual_cognitive_motivation__S15__posterior__montage1__P3__Hselected completed
verify 3953/3968 evaluation__visual_cognitive_motivation__S15__posterior__montage0__P3__N0 completed
verify 3954/3968 evaluation__visual_cognitive_motivation__S15__prefrontal__montage0__P2__Hfull completed
verify 3955/3968 evaluation__visual_cognitive_motivation__S15__prefrontal__montage0__P1_tau__N0 completed
verify 3956/3968 evaluation__visual_cognitive_motivation__S15__posterior__montage1__P1_tau__N0 completed
verify 3957/3968 evaluation__visual_cognitive_motivation__S15__posterior__montage0__P1_tau__N0 completed
verify 3958/3968 evaluation__visual_cognitive_motivation__S15__posterior__montage1__P1_beta__Hfull completed
verify 3959/3968 evaluation__visual_cognitive_motivation__S15__prefrontal__montage0__P3__Hselected completed
verify 3960/3968 evaluation__visual_cognitive_motivation__S15__prefrontal__montage1__P3__Hselected completed
verify 3961/3968 evaluation__visual_cognitive_motivation__S15__prefrontal__montage1__P3__N0 completed
verify 3962/3968 evaluation__visual_cognitive_motivation__S15__prefrontal__montage1__P3__Hfull completed
verify 3963/3968 evaluation__visual_cognitive_motivation__S15__posterior__montage0__P3__Hselected completed
verify 3964/3968 evaluation__visual_cognitive_motivation__S15__prefrontal__montage1__P1_beta__N0 completed
verify 3965/3968 evaluation__visual_cognitive_motivation__S15__posterior__montage0__P0__N0 completed
verify 3966/3968 evaluation__visual_cognitive_motivation__S15__posterior__montage1__P2__Hfull completed
verify 3967/3968 evaluation__visual_cognitive_motivation__S15__prefrontal__montage0__P1_beta__Hfull completed
verify 3968/3968 evaluation__visual_cognitive_motivation__S15__posterior__montage1__P3__Hfull completed
/SSD_2/pid-mcm-implementation/.venv/lib/python3.12/site-packages/numpy/lib/_nanfunctions_impl.py:1213: RuntimeWarning: Mean of empty slice
  return np.nanmean(a, axis, out=out, keepdims=keepdims)
/SSD_2/pid-mcm-implementation/.venv/lib/python3.12/site-packages/numpy/lib/_nanfunctions_impl.py:1213: RuntimeWarning: Mean of empty slice
  return np.nanmean(a, axis, out=out, keepdims=keepdims)
/SSD_2/pid-mcm-implementation/.venv/lib/python3.12/site-packages/numpy/lib/_nanfunctions_impl.py:1213: RuntimeWarning: Mean of empty slice
  return np.nanmean(a, axis, out=out, keepdims=keepdims)
/SSD_2/pid-mcm-implementation/.venv/lib/python3.12/site-packages/numpy/lib/_nanfunctions_impl.py:1213: RuntimeWarning: Mean of empty slice
  return np.nanmean(a, axis, out=out, keepdims=keepdims)
/SSD_2/pid-mcm-implementation/.venv/lib/python3.12/site-packages/numpy/lib/_nanfunctions_impl.py:1213: RuntimeWarning: Mean of empty slice
  return np.nanmean(a, axis, out=out, keepdims=keepdims)
/SSD_2/pid-mcm-implementation/.venv/lib/python3.12/site-packages/numpy/lib/_nanfunctions_impl.py:1213: RuntimeWarning: Mean of empty slice
  return np.nanmean(a, axis, out=out, keepdims=keepdims)
/SSD_2/pid-mcm-implementation/.venv/lib/python3.12/site-packages/numpy/lib/_nanfunctions_impl.py:1213: RuntimeWarning: Mean of empty slice
  return np.nanmean(a, axis, out=out, keepdims=keepdims)
/SSD_2/pid-mcm-implementation/.venv/lib/python3.12/site-packages/numpy/lib/_nanfunctions_impl.py:1213: RuntimeWarning: Mean of empty slice
  return np.nanmean(a, axis, out=out, keepdims=keepdims)
/SSD_2/pid-mcm-implementation/.venv/lib/python3.12/site-packages/numpy/lib/_nanfunctions_impl.py:1213: RuntimeWarning: Mean of empty slice
  return np.nanmean(a, axis, out=out, keepdims=keepdims)
/SSD_2/pid-mcm-implementation/.venv/lib/python3.12/site-packages/numpy/lib/_nanfunctions_impl.py:1213: RuntimeWarning: Mean of empty slice
  return np.nanmean(a, axis, out=out, keepdims=keepdims)
/SSD_2/pid-mcm-implementation/.venv/lib/python3.12/site-packages/numpy/lib/_nanfunctions_impl.py:1213: RuntimeWarning: Mean of empty slice
  return np.nanmean(a, axis, out=out, keepdims=keepdims)
/SSD_2/pid-mcm-implementation/.venv/lib/python3.12/site-packages/numpy/lib/_nanfunctions_impl.py:1213: RuntimeWarning: Mean of empty slice
  return np.nanmean(a, axis, out=out, keepdims=keepdims)
/SSD_2/pid-mcm-implementation/.venv/lib/python3.12/site-packages/numpy/lib/_nanfunctions_impl.py:1213: RuntimeWarning: Mean of empty slice
  return np.nanmean(a, axis, out=out, keepdims=keepdims)
/SSD_2/pid-mcm-implementation/.venv/lib/python3.12/site-packages/numpy/lib/_nanfunctions_impl.py:1213: RuntimeWarning: Mean of empty slice
  return np.nanmean(a, axis, out=out, keepdims=keepdims)
/SSD_2/pid-mcm-implementation/.venv/lib/python3.12/site-packages/numpy/lib/_nanfunctions_impl.py:1213: RuntimeWarning: Mean of empty slice
  return np.nanmean(a, axis, out=out, keepdims=keepdims)
/SSD_2/pid-mcm-implementation/.venv/lib/python3.12/site-packages/numpy/lib/_nanfunctions_impl.py:1213: RuntimeWarning: Mean of empty slice
  return np.nanmean(a, axis, out=out, keepdims=keepdims)
/SSD_2/pid-mcm-implementation/.venv/lib/python3.12/site-packages/numpy/lib/_nanfunctions_impl.py:1213: RuntimeWarning: Mean of empty slice
  return np.nanmean(a, axis, out=out, keepdims=keepdims)
/SSD_2/pid-mcm-implementation/.venv/lib/python3.12/site-packages/numpy/lib/_nanfunctions_impl.py:1213: RuntimeWarning: Mean of empty slice
  return np.nanmean(a, axis, out=out, keepdims=keepdims)
/SSD_2/pid-mcm-implementation/.venv/lib/python3.12/site-packages/numpy/lib/_nanfunctions_impl.py:1213: RuntimeWarning: Mean of empty slice
  return np.nanmean(a, axis, out=out, keepdims=keepdims)
/SSD_2/pid-mcm-implementation/.venv/lib/python3.12/site-packages/numpy/lib/_nanfunctions_impl.py:1213: RuntimeWarning: Mean of empty slice
  return np.nanmean(a, axis, out=out, keepdims=keepdims)
/SSD_2/pid-mcm-implementation/.venv/lib/python3.12/site-packages/numpy/lib/_nanfunctions_impl.py:1213: RuntimeWarning: Mean of empty slice
  return np.nanmean(a, axis, out=out, keepdims=keepdims)
/SSD_2/pid-mcm-implementation/.venv/lib/python3.12/site-packages/numpy/lib/_nanfunctions_impl.py:1213: RuntimeWarning: Mean of empty slice
  return np.nanmean(a, axis, out=out, keepdims=keepdims)
/SSD_2/pid-mcm-implementation/.venv/lib/python3.12/site-packages/numpy/lib/_nanfunctions_impl.py:1213: RuntimeWarning: Mean of empty slice
  return np.nanmean(a, axis, out=out, keepdims=keepdims)
/SSD_2/pid-mcm-implementation/.venv/lib/python3.12/site-packages/numpy/lib/_nanfunctions_impl.py:1213: RuntimeWarning: Mean of empty slice
  return np.nanmean(a, axis, out=out, keepdims=keepdims)
/SSD_2/pid-mcm-implementation/.venv/lib/python3.12/site-packages/numpy/lib/_nanfunctions_impl.py:1213: RuntimeWarning: Mean of empty slice
  return np.nanmean(a, axis, out=out, keepdims=keepdims)
/SSD_2/pid-mcm-implementation/.venv/lib/python3.12/site-packages/numpy/lib/_nanfunctions_impl.py:1213: RuntimeWarning: Mean of empty slice
  return np.nanmean(a, axis, out=out, keepdims=keepdims)
/SSD_2/pid-mcm-implementation/.venv/lib/python3.12/site-packages/numpy/lib/_nanfunctions_impl.py:1213: RuntimeWarning: Mean of empty slice
  return np.nanmean(a, axis, out=out, keepdims=keepdims)
/SSD_2/pid-mcm-implementation/.venv/lib/python3.12/site-packages/numpy/lib/_nanfunctions_impl.py:1213: RuntimeWarning: Mean of empty slice
  return np.nanmean(a, axis, out=out, keepdims=keepdims)
/SSD_2/pid-mcm-implementation/.venv/lib/python3.12/site-packages/numpy/lib/_nanfunctions_impl.py:1213: RuntimeWarning: Mean of empty slice
  return np.nanmean(a, axis, out=out, keepdims=keepdims)
/SSD_2/pid-mcm-implementation/.venv/lib/python3.12/site-packages/numpy/lib/_nanfunctions_impl.py:1213: RuntimeWarning: Mean of empty slice
  return np.nanmean(a, axis, out=out, keepdims=keepdims)
/SSD_2/pid-mcm-implementation/.venv/lib/python3.12/site-packages/numpy/lib/_nanfunctions_impl.py:1213: RuntimeWarning: Mean of empty slice
  return np.nanmean(a, axis, out=out, keepdims=keepdims)
/SSD_2/pid-mcm-implementation/.venv/lib/python3.12/site-packages/numpy/lib/_nanfunctions_impl.py:1213: RuntimeWarning: Mean of empty slice
  return np.nanmean(a, axis, out=out, keepdims=keepdims)
/SSD_2/pid-mcm-implementation/.venv/lib/python3.12/site-packages/numpy/lib/_nanfunctions_impl.py:1213: RuntimeWarning: Mean of empty slice
  return np.nanmean(a, axis, out=out, keepdims=keepdims)
/SSD_2/pid-mcm-implementation/.venv/lib/python3.12/site-packages/numpy/lib/_nanfunctions_impl.py:1213: RuntimeWarning: Mean of empty slice
  return np.nanmean(a, axis, out=out, keepdims=keepdims)
/SSD_2/pid-mcm-implementation/.venv/lib/python3.12/site-packages/numpy/lib/_nanfunctions_impl.py:1213: RuntimeWarning: Mean of empty slice
  return np.nanmean(a, axis, out=out, keepdims=keepdims)
/SSD_2/pid-mcm-implementation/.venv/lib/python3.12/site-packages/numpy/lib/_nanfunctions_impl.py:1213: RuntimeWarning: Mean of empty slice
  return np.nanmean(a, axis, out=out, keepdims=keepdims)
/SSD_2/pid-mcm-implementation/.venv/lib/python3.12/site-packages/numpy/lib/_nanfunctions_impl.py:1213: RuntimeWarning: Mean of empty slice
  return np.nanmean(a, axis, out=out, keepdims=keepdims)
/SSD_2/pid-mcm-implementation/.venv/lib/python3.12/site-packages/numpy/lib/_nanfunctions_impl.py:1213: RuntimeWarning: Mean of empty slice
  return np.nanmean(a, axis, out=out, keepdims=keepdims)
/SSD_2/pid-mcm-implementation/.venv/lib/python3.12/site-packages/numpy/lib/_nanfunctions_impl.py:1213: RuntimeWarning: Mean of empty slice
  return np.nanmean(a, axis, out=out, keepdims=keepdims)
/SSD_2/pid-mcm-implementation/.venv/lib/python3.12/site-packages/numpy/lib/_nanfunctions_impl.py:1213: RuntimeWarning: Mean of empty slice
  return np.nanmean(a, axis, out=out, keepdims=keepdims)
