{"stage": "pilot_w8", "completed": 1, "planned": 96, "failed": 0, "elapsed_seconds": 3.273687841836363}
{"stage": "pilot_w8", "completed": 2, "planned": 96, "failed": 0, "elapsed_seconds": 3.283048733137548}
{"stage": "pilot_w8", "completed": 4, "planned": 96, "failed": 0, "elapsed_seconds": 3.28785412106663}
{"stage": "pilot_w8", "completed": 5, "planned": 96, "failed": 0, "elapsed_seconds": 3.2974476348608732}
{"stage": "pilot_w8", "completed": 6, "planned": 96, "failed": 0, "elapsed_seconds": 3.3506344817578793}
{"stage": "pilot_w8", "completed": 7, "planned": 96, "failed": 0, "elapsed_seconds": 3.3795493440702558}
{"stage": "pilot_w8", "completed": 8, "planned": 96, "failed": 0, "elapsed_seconds": 3.435878900811076}
{"stage": "pilot_w8", "completed": 9, "planned": 96, "failed": 0, "elapsed_seconds": 6.406525387894362}
{"stage": "pilot_w8", "completed": 10, "planned": 96, "failed": 0, "elapsed_seconds": 6.409092514775693}
{"stage": "pilot_w8", "completed": 11, "planned": 96, "failed": 0, "elapsed_seconds": 6.421056545805186}
{"stage": "pilot_w8", "completed": 12, "planned": 96, "failed": 0, "elapsed_seconds": 6.424027184024453}
{"stage": "pilot_w8", "completed": 13, "planned": 96, "failed": 0, "elapsed_seconds": 6.428722686134279}
{"stage": "pilot_w8", "completed": 14, "planned": 96, "failed": 0, "elapsed_seconds": 6.447736950125545}
{"stage": "pilot_w8", "completed": 15, "planned": 96, "failed": 0, "elapsed_seconds": 6.568387960083783}
{"stage": "pilot_w8", "completed": 16, "planned": 96, "failed": 0, "elapsed_seconds": 6.627288798801601}
{"stage": "pilot_w8", "completed": 17, "planned": 96, "failed": 0, "elapsed_seconds": 9.513383939862251}
{"stage": "pilot_w8", "completed": 18, "planned": 96, "failed": 0, "elapsed_seconds": 9.519593094941229}
{"stage": "pilot_w8", "completed": 19, "planned": 96, "failed": 0, "elapsed_seconds": 9.573891846928746}
{"stage": "pilot_w8", "completed": 20, "planned": 96, "failed": 0, "elapsed_seconds": 9.576463562902063}
{"stage": "pilot_w8", "completed": 21, "planned": 96, "failed": 0, "elapsed_seconds": 9.591043552849442}
{"stage": "pilot_w8", "completed": 22, "planned": 96, "failed": 0, "elapsed_seconds": 9.597529456019402}
{"stage": "pilot_w8", "completed": 23, "planned": 96, "failed": 0, "elapsed_seconds": 9.71461751172319}
{"stage": "pilot_w8", "completed": 24, "planned": 96, "failed": 0, "elapsed_seconds": 9.811900754924864}
{"stage": "pilot_w8", "completed": 25, "planned": 96, "failed": 0, "elapsed_seconds": 12.629073760006577}
{"stage": "pilot_w8", "completed": 26, "planned": 96, "failed": 0, "elapsed_seconds": 12.631665053777397}
{"stage": "pilot_w8", "completed": 27, "planned": 96, "failed": 0, "elapsed_seconds": 12.687947948928922}
{"stage": "pilot_w8", "completed": 28, "planned": 96, "failed": 0, "elapsed_seconds": 12.743822019081563}
{"stage": "pilot_w8", "completed": 29, "planned": 96, "failed": 0, "elapsed_seconds": 12.749680554959923}
{"stage": "pilot_w8", "completed": 30, "planned": 96, "failed": 0, "elapsed_seconds": 12.817801236175}
{"stage": "pilot_w8", "completed": 31, "planned": 96, "failed": 0, "elapsed_seconds": 12.839359153062105}
{"stage": "pilot_w8", "completed": 32, "planned": 96, "failed": 0, "elapsed_seconds": 12.995745483785868}
{"stage": "pilot_w8", "completed": 33, "planned": 96, "failed": 0, "elapsed_seconds": 15.757860236801207}
{"stage": "pilot_w8", "completed": 34, "planned": 96, "failed": 0, "elapsed_seconds": 15.765662372112274}
{"stage": "pilot_w8", "completed": 35, "planned": 96, "failed": 0, "elapsed_seconds": 15.80881637474522}
{"stage": "pilot_w8", "completed": 36, "planned": 96, "failed": 0, "elapsed_seconds": 15.87864019908011}
{"stage": "pilot_w8", "completed": 37, "planned": 96, "failed": 0, "elapsed_seconds": 15.891861390788108}
{"stage": "pilot_w8", "completed": 38, "planned": 96, "failed": 0, "elapsed_seconds": 15.952588800806552}
{"stage": "pilot_w8", "completed": 39, "planned": 96, "failed": 0, "elapsed_seconds": 15.958309581968933}
{"stage": "pilot_w8", "completed": 40, "planned": 96, "failed": 0, "elapsed_seconds": 16.167244736105204}
{"stage": "pilot_w8", "completed": 41, "planned": 96, "failed": 0, "elapsed_seconds": 18.87724930094555}
{"stage": "pilot_w8", "completed": 42, "planned": 96, "failed": 0, "elapsed_seconds": 18.883232108782977}
{"stage": "pilot_w8", "completed": 43, "planned": 96, "failed": 0, "elapsed_seconds": 18.930611175019294}
{"stage": "pilot_w8", "completed": 44, "planned": 96, "failed": 0, "elapsed_seconds": 19.00933625595644}
{"stage": "pilot_w8", "completed": 45, "planned": 96, "failed": 0, "elapsed_seconds": 19.05036695394665}
{"stage": "pilot_w8", "completed": 46, "planned": 96, "failed": 0, "elapsed_seconds": 19.09031311608851}
{"stage": "pilot_w8", "completed": 47, "planned": 96, "failed": 0, "elapsed_seconds": 19.116646801121533}
{"stage": "pilot_w8", "completed": 48, "planned": 96, "failed": 0, "elapsed_seconds": 19.34683349309489}
{"stage": "pilot_w8", "completed": 49, "planned": 96, "failed": 0, "elapsed_seconds": 22.00621898472309}
{"stage": "pilot_w8", "completed": 50, "planned": 96, "failed": 0, "elapsed_seconds": 22.010043597780168}
{"stage": "pilot_w8", "completed": 51, "planned": 96, "failed": 0, "elapsed_seconds": 22.031238401774317}
{"stage": "pilot_w8", "completed": 52, "planned": 96, "failed": 0, "elapsed_seconds": 22.16255174903199}
{"stage": "pilot_w8", "completed": 53, "planned": 96, "failed": 0, "elapsed_seconds": 22.194023872725666}
{"stage": "pilot_w8", "completed": 54, "planned": 96, "failed": 0, "elapsed_seconds": 22.220148151740432}
{"stage": "pilot_w8", "completed": 55, "planned": 96, "failed": 0, "elapsed_seconds": 22.27524337405339}
{"stage": "pilot_w8", "completed": 56, "planned": 96, "failed": 0, "elapsed_seconds": 22.52516493294388}
{"stage": "pilot_w8", "completed": 57, "planned": 96, "failed": 0, "elapsed_seconds": 25.126128980889916}
{"stage": "pilot_w8", "completed": 58, "planned": 96, "failed": 0, "elapsed_seconds": 25.131469786167145}
{"stage": "pilot_w8", "completed": 59, "planned": 96, "failed": 0, "elapsed_seconds": 25.154732720926404}
{"stage": "pilot_w8", "completed": 60, "planned": 96, "failed": 0, "elapsed_seconds": 25.29211265174672}
{"stage": "pilot_w8", "completed": 61, "planned": 96, "failed": 0, "elapsed_seconds": 25.32645559217781}
{"stage": "pilot_w8", "completed": 62, "planned": 96, "failed": 0, "elapsed_seconds": 25.351091937161982}
{"stage": "pilot_w8", "completed": 63, "planned": 96, "failed": 0, "elapsed_seconds": 25.422288237139583}
{"stage": "pilot_w8", "completed": 64, "planned": 96, "failed": 0, "elapsed_seconds": 25.684918235056102}
{"stage": "pilot_w8", "completed": 65, "planned": 96, "failed": 0, "elapsed_seconds": 28.22240608604625}
{"stage": "pilot_w8", "completed": 66, "planned": 96, "failed": 0, "elapsed_seconds": 28.23815344600007}
{"stage": "pilot_w8", "completed": 67, "planned": 96, "failed": 0, "elapsed_seconds": 28.293070681858808}
{"stage": "pilot_w8", "completed": 68, "planned": 96, "failed": 0, "elapsed_seconds": 28.414835933130234}
{"stage": "pilot_w8", "completed": 69, "planned": 96, "failed": 0, "elapsed_seconds": 28.447510880883783}
{"stage": "pilot_w8", "completed": 70, "planned": 96, "failed": 0, "elapsed_seconds": 28.458324749022722}
{"stage": "pilot_w8", "completed": 71, "planned": 96, "failed": 0, "elapsed_seconds": 28.563324477057904}
{"stage": "pilot_w8", "completed": 72, "planned": 96, "failed": 0, "elapsed_seconds": 28.86874183313921}
{"stage": "pilot_w8", "completed": 73, "planned": 96, "failed": 0, "elapsed_seconds": 31.347189602907747}
{"stage": "pilot_w8", "completed": 74, "planned": 96, "failed": 0, "elapsed_seconds": 31.369470646139234}
{"stage": "pilot_w8", "completed": 75, "planned": 96, "failed": 0, "elapsed_seconds": 31.449491139966995}
{"stage": "pilot_w8", "completed": 76, "planned": 96, "failed": 0, "elapsed_seconds": 31.566438333131373}
{"stage": "pilot_w8", "completed": 77, "planned": 96, "failed": 0, "elapsed_seconds": 31.572604650165886}
{"stage": "pilot_w8", "completed": 78, "planned": 96, "failed": 0, "elapsed_seconds": 31.630565828178078}
{"stage": "pilot_w8", "completed": 79, "planned": 96, "failed": 0, "elapsed_seconds": 31.715506319887936}
{"stage": "pilot_w8", "completed": 80, "planned": 96, "failed": 0, "elapsed_seconds": 32.042323797009885}
{"stage": "pilot_w8", "completed": 81, "planned": 96, "failed": 0, "elapsed_seconds": 34.47528468584642}
{"stage": "pilot_w8", "completed": 82, "planned": 96, "failed": 0, "elapsed_seconds": 34.51941109076142}
{"stage": "pilot_w8", "completed": 83, "planned": 96, "failed": 0, "elapsed_seconds": 34.59067108202726}
{"stage": "pilot_w8", "completed": 85, "planned": 96, "failed": 0, "elapsed_seconds": 34.7306818170473}
{"stage": "pilot_w8", "completed": 86, "planned": 96, "failed": 0, "elapsed_seconds": 34.80689981393516}
{"stage": "pilot_w8", "completed": 87, "planned": 96, "failed": 0, "elapsed_seconds": 34.914751728996634}
{"stage": "pilot_w8", "completed": 88, "planned": 96, "failed": 0, "elapsed_seconds": 35.27002966310829}
{"stage": "pilot_w8", "completed": 89, "planned": 96, "failed": 0, "elapsed_seconds": 37.68231158005074}
{"stage": "pilot_w8", "completed": 90, "planned": 96, "failed": 0, "elapsed_seconds": 37.73179522389546}
{"stage": "pilot_w8", "completed": 91, "planned": 96, "failed": 0, "elapsed_seconds": 37.87584268208593}
{"stage": "pilot_w8", "completed": 92, "planned": 96, "failed": 0, "elapsed_seconds": 37.91701181093231}
{"stage": "pilot_w8", "completed": 93, "planned": 96, "failed": 0, "elapsed_seconds": 38.00128931272775}
{"stage": "pilot_w8", "completed": 94, "planned": 96, "failed": 0, "elapsed_seconds": 38.055712446104735}
{"stage": "pilot_w8", "completed": 95, "planned": 96, "failed": 0, "elapsed_seconds": 38.20047384593636}
{"stage": "pilot_w8", "completed": 96, "planned": 96, "failed": 0, "elapsed_seconds": 38.68768786918372}
{"stage": "pilot_w24", "completed": 1, "planned": 96, "failed": 0, "elapsed_seconds": 3.4198450283147395}
{"stage": "pilot_w24", "completed": 2, "planned": 96, "failed": 0, "elapsed_seconds": 3.490098322276026}
{"stage": "pilot_w24", "completed": 3, "planned": 96, "failed": 0, "elapsed_seconds": 3.698744598310441}
{"stage": "pilot_w24", "completed": 4, "planned": 96, "failed": 0, "elapsed_seconds": 3.7135729012079537}
{"stage": "pilot_w24", "completed": 5, "planned": 96, "failed": 0, "elapsed_seconds": 3.721297645010054}
{"stage": "pilot_w24", "completed": 6, "planned": 96, "failed": 0, "elapsed_seconds": 3.8610700611025095}
{"stage": "pilot_w24", "completed": 7, "planned": 96, "failed": 0, "elapsed_seconds": 3.955281164031476}
{"stage": "pilot_w24", "completed": 8, "planned": 96, "failed": 0, "elapsed_seconds": 4.010405906010419}
{"stage": "pilot_w24", "completed": 10, "planned": 96, "failed": 0, "elapsed_seconds": 4.1610851949080825}
{"stage": "pilot_w24", "completed": 12, "planned": 96, "failed": 0, "elapsed_seconds": 4.170658298302442}
{"stage": "pilot_w24", "completed": 13, "planned": 96, "failed": 0, "elapsed_seconds": 4.173353550955653}
{"stage": "pilot_w24", "completed": 14, "planned": 96, "failed": 0, "elapsed_seconds": 4.1782165532931685}
{"stage": "pilot_w24", "completed": 15, "planned": 96, "failed": 0, "elapsed_seconds": 4.181088047102094}
{"stage": "pilot_w24", "completed": 16, "planned": 96, "failed": 0, "elapsed_seconds": 4.184379212092608}
{"stage": "pilot_w24", "completed": 19, "planned": 96, "failed": 0, "elapsed_seconds": 4.190101207233965}
{"stage": "pilot_w24", "completed": 20, "planned": 96, "failed": 0, "elapsed_seconds": 4.192362023051828}
{"stage": "pilot_w24", "completed": 21, "planned": 96, "failed": 0, "elapsed_seconds": 4.198782209306955}
{"stage": "pilot_w24", "completed": 22, "planned": 96, "failed": 0, "elapsed_seconds": 4.213230456225574}
{"stage": "pilot_w24", "completed": 23, "planned": 96, "failed": 0, "elapsed_seconds": 4.2227255729958415}
{"stage": "pilot_w24", "completed": 24, "planned": 96, "failed": 0, "elapsed_seconds": 4.2941552442498505}
{"stage": "pilot_w24", "completed": 25, "planned": 96, "failed": 0, "elapsed_seconds": 6.732652110978961}
{"stage": "pilot_w24", "completed": 26, "planned": 96, "failed": 0, "elapsed_seconds": 6.80395980598405}
{"stage": "pilot_w24", "completed": 27, "planned": 96, "failed": 0, "elapsed_seconds": 7.059767428319901}
{"stage": "pilot_w24", "completed": 28, "planned": 96, "failed": 0, "elapsed_seconds": 7.072724393103272}
{"stage": "pilot_w24", "completed": 29, "planned": 96, "failed": 0, "elapsed_seconds": 7.146595998201519}
{"stage": "pilot_w24", "completed": 30, "planned": 96, "failed": 0, "elapsed_seconds": 7.207428738009185}
{"stage": "pilot_w24", "completed": 31, "planned": 96, "failed": 0, "elapsed_seconds": 7.319757781922817}
{"stage": "pilot_w24", "completed": 32, "planned": 96, "failed": 0, "elapsed_seconds": 7.3549269661307335}
{"stage": "pilot_w24", "completed": 33, "planned": 96, "failed": 0, "elapsed_seconds": 7.563689725007862}
{"stage": "pilot_w24", "completed": 34, "planned": 96, "failed": 0, "elapsed_seconds": 7.5751880020834506}
{"stage": "pilot_w24", "completed": 35, "planned": 96, "failed": 0, "elapsed_seconds": 7.667804585304111}
{"stage": "pilot_w24", "completed": 36, "planned": 96, "failed": 0, "elapsed_seconds": 7.670770030934364}
{"stage": "pilot_w24", "completed": 37, "planned": 96, "failed": 0, "elapsed_seconds": 7.673584368079901}
{"stage": "pilot_w24", "completed": 38, "planned": 96, "failed": 0, "elapsed_seconds": 7.682717225980014}
{"stage": "pilot_w24", "completed": 39, "planned": 96, "failed": 0, "elapsed_seconds": 7.68809239892289}
{"stage": "pilot_w24", "completed": 40, "planned": 96, "failed": 0, "elapsed_seconds": 7.690667828079313}
{"stage": "pilot_w24", "completed": 41, "planned": 96, "failed": 0, "elapsed_seconds": 7.701448766048998}
{"stage": "pilot_w24", "completed": 42, "planned": 96, "failed": 0, "elapsed_seconds": 7.705120597034693}
{"stage": "pilot_w24", "completed": 43, "planned": 96, "failed": 0, "elapsed_seconds": 7.710091491229832}
{"stage": "pilot_w24", "completed": 44, "planned": 96, "failed": 0, "elapsed_seconds": 7.713118975050747}
{"stage": "pilot_w24", "completed": 45, "planned": 96, "failed": 0, "elapsed_seconds": 7.721686840988696}
{"stage": "pilot_w24", "completed": 46, "planned": 96, "failed": 0, "elapsed_seconds": 7.72957457927987}
{"stage": "pilot_w24", "completed": 47, "planned": 96, "failed": 0, "elapsed_seconds": 7.75777632324025}
{"stage": "pilot_w24", "completed": 48, "planned": 96, "failed": 0, "elapsed_seconds": 7.831214515026659}
{"stage": "pilot_w24", "completed": 49, "planned": 96, "failed": 0, "elapsed_seconds": 10.185836880933493}
{"stage": "pilot_w24", "completed": 50, "planned": 96, "failed": 0, "elapsed_seconds": 10.268443224951625}
{"stage": "pilot_w24", "completed": 51, "planned": 96, "failed": 0, "elapsed_seconds": 10.508758913259953}
{"stage": "pilot_w24", "completed": 52, "planned": 96, "failed": 0, "elapsed_seconds": 10.59413990797475}
{"stage": "pilot_w24", "completed": 53, "planned": 96, "failed": 0, "elapsed_seconds": 10.619013097137213}
{"stage": "pilot_w24", "completed": 54, "planned": 96, "failed": 0, "elapsed_seconds": 10.683493461925536}
{"stage": "pilot_w24", "completed": 55, "planned": 96, "failed": 0, "elapsed_seconds": 10.800341095309705}
{"stage": "pilot_w24", "completed": 56, "planned": 96, "failed": 0, "elapsed_seconds": 10.834333898033947}
{"stage": "pilot_w24", "completed": 57, "planned": 96, "failed": 0, "elapsed_seconds": 11.016585113946348}
{"stage": "pilot_w24", "completed": 58, "planned": 96, "failed": 0, "elapsed_seconds": 11.070772582199425}
{"stage": "pilot_w24", "completed": 59, "planned": 96, "failed": 0, "elapsed_seconds": 11.09995503211394}
{"stage": "pilot_w24", "completed": 60, "planned": 96, "failed": 0, "elapsed_seconds": 11.102532661054283}
{"stage": "pilot_w24", "completed": 61, "planned": 96, "failed": 0, "elapsed_seconds": 11.111037445254624}
{"stage": "pilot_w24", "completed": 62, "planned": 96, "failed": 0, "elapsed_seconds": 11.145463367924094}
{"stage": "pilot_w24", "completed": 63, "planned": 96, "failed": 0, "elapsed_seconds": 11.148780821356922}
{"stage": "pilot_w24", "completed": 64, "planned": 96, "failed": 0, "elapsed_seconds": 11.151541204191744}
{"stage": "pilot_w24", "completed": 66, "planned": 96, "failed": 0, "elapsed_seconds": 11.158390926197171}
{"stage": "pilot_w24", "completed": 67, "planned": 96, "failed": 0, "elapsed_seconds": 11.160255633294582}
{"stage": "pilot_w24", "completed": 68, "planned": 96, "failed": 0, "elapsed_seconds": 11.163545540068299}
{"stage": "pilot_w24", "completed": 69, "planned": 96, "failed": 0, "elapsed_seconds": 11.172043120954186}
{"stage": "pilot_w24", "completed": 70, "planned": 96, "failed": 0, "elapsed_seconds": 11.197030989918858}
{"stage": "pilot_w24", "completed": 71, "planned": 96, "failed": 0, "elapsed_seconds": 11.205368555150926}
{"stage": "pilot_w24", "completed": 72, "planned": 96, "failed": 0, "elapsed_seconds": 11.337729840073735}
{"stage": "pilot_w24", "completed": 73, "planned": 96, "failed": 0, "elapsed_seconds": 13.59358252119273}
{"stage": "pilot_w24", "completed": 74, "planned": 96, "failed": 0, "elapsed_seconds": 13.682227332144976}
{"stage": "pilot_w24", "completed": 75, "planned": 96, "failed": 0, "elapsed_seconds": 13.941153158899397}
{"stage": "pilot_w24", "completed": 76, "planned": 96, "failed": 0, "elapsed_seconds": 13.983480994123966}
{"stage": "pilot_w24", "completed": 77, "planned": 96, "failed": 0, "elapsed_seconds": 14.007756675127894}
{"stage": "pilot_w24", "completed": 78, "planned": 96, "failed": 0, "elapsed_seconds": 14.132868359331042}
{"stage": "pilot_w24", "completed": 79, "planned": 96, "failed": 0, "elapsed_seconds": 14.179388359189034}
{"stage": "pilot_w24", "completed": 80, "planned": 96, "failed": 0, "elapsed_seconds": 14.235612149350345}
{"stage": "pilot_w24", "completed": 81, "planned": 96, "failed": 0, "elapsed_seconds": 14.380028428975493}
{"stage": "pilot_w24", "completed": 82, "planned": 96, "failed": 0, "elapsed_seconds": 14.458566850982606}
{"stage": "pilot_w24", "completed": 83, "planned": 96, "failed": 0, "elapsed_seconds": 14.4917275859043}
{"stage": "pilot_w24", "completed": 84, "planned": 96, "failed": 0, "elapsed_seconds": 14.52802798897028}
{"stage": "pilot_w24", "completed": 85, "planned": 96, "failed": 0, "elapsed_seconds": 14.572198840323836}
{"stage": "pilot_w24", "completed": 86, "planned": 96, "failed": 0, "elapsed_seconds": 14.574398868251592}
{"stage": "pilot_w24", "completed": 87, "planned": 96, "failed": 0, "elapsed_seconds": 14.578896509949118}
{"stage": "pilot_w24", "completed": 88, "planned": 96, "failed": 0, "elapsed_seconds": 14.601101165171713}
{"stage": "pilot_w24", "completed": 89, "planned": 96, "failed": 0, "elapsed_seconds": 14.616021750960499}
{"stage": "pilot_w24", "completed": 90, "planned": 96, "failed": 0, "elapsed_seconds": 14.620334977284074}
{"stage": "pilot_w24", "completed": 91, "planned": 96, "failed": 0, "elapsed_seconds": 14.62775432318449}
{"stage": "pilot_w24", "completed": 92, "planned": 96, "failed": 0, "elapsed_seconds": 14.632829510141164}
{"stage": "pilot_w24", "completed": 93, "planned": 96, "failed": 0, "elapsed_seconds": 14.655288782902062}
{"stage": "pilot_w24", "completed": 94, "planned": 96, "failed": 0, "elapsed_seconds": 14.669488464016467}
{"stage": "pilot_w24", "completed": 95, "planned": 96, "failed": 0, "elapsed_seconds": 14.674525521229953}
{"stage": "pilot_w24", "completed": 96, "planned": 96, "failed": 0, "elapsed_seconds": 14.8298150729388}
{"stage": "pilot_w48", "completed": 1, "planned": 96, "failed": 0, "elapsed_seconds": 3.859472726006061}
{"stage": "pilot_w48", "completed": 2, "planned": 96, "failed": 0, "elapsed_seconds": 4.088692517951131}
{"stage": "pilot_w48", "completed": 3, "planned": 96, "failed": 0, "elapsed_seconds": 4.347549602854997}
{"stage": "pilot_w48", "completed": 4, "planned": 96, "failed": 0, "elapsed_seconds": 4.3593641659244895}
{"stage": "pilot_w48", "completed": 5, "planned": 96, "failed": 0, "elapsed_seconds": 4.564503453206271}
{"stage": "pilot_w48", "completed": 6, "planned": 96, "failed": 0, "elapsed_seconds": 4.57264862395823}
{"stage": "pilot_w48", "completed": 7, "planned": 96, "failed": 0, "elapsed_seconds": 4.620557673275471}
{"stage": "pilot_w48", "completed": 8, "planned": 96, "failed": 0, "elapsed_seconds": 4.668748718220741}
{"stage": "pilot_w48", "completed": 9, "planned": 96, "failed": 0, "elapsed_seconds": 4.921404443215579}
{"stage": "pilot_w48", "completed": 10, "planned": 96, "failed": 0, "elapsed_seconds": 5.032346645835787}
{"stage": "pilot_w48", "completed": 11, "planned": 96, "failed": 0, "elapsed_seconds": 5.1384430401958525}
{"stage": "pilot_w48", "completed": 12, "planned": 96, "failed": 0, "elapsed_seconds": 5.275496411137283}
{"stage": "pilot_w48", "completed": 13, "planned": 96, "failed": 0, "elapsed_seconds": 5.356573540251702}
{"stage": "pilot_w48", "completed": 14, "planned": 96, "failed": 0, "elapsed_seconds": 5.542265552096069}
{"stage": "pilot_w48", "completed": 15, "planned": 96, "failed": 0, "elapsed_seconds": 5.623614768963307}
{"stage": "pilot_w48", "completed": 16, "planned": 96, "failed": 0, "elapsed_seconds": 5.861438163090497}
{"stage": "pilot_w48", "completed": 17, "planned": 96, "failed": 0, "elapsed_seconds": 5.87444124603644}
{"stage": "pilot_w48", "completed": 18, "planned": 96, "failed": 0, "elapsed_seconds": 6.038936723954976}
{"stage": "pilot_w48", "completed": 19, "planned": 96, "failed": 0, "elapsed_seconds": 6.248137885238975}
{"stage": "pilot_w48", "completed": 20, "planned": 96, "failed": 0, "elapsed_seconds": 6.404920920263976}
{"stage": "pilot_w48", "completed": 21, "planned": 96, "failed": 0, "elapsed_seconds": 6.493182902224362}
{"stage": "pilot_w48", "completed": 22, "planned": 96, "failed": 0, "elapsed_seconds": 6.497057118918747}
{"stage": "pilot_w48", "completed": 23, "planned": 96, "failed": 0, "elapsed_seconds": 6.517752115149051}
{"stage": "pilot_w48", "completed": 24, "planned": 96, "failed": 0, "elapsed_seconds": 6.677610313054174}
{"stage": "pilot_w48", "completed": 25, "planned": 96, "failed": 0, "elapsed_seconds": 6.679303456097841}
{"stage": "pilot_w48", "completed": 26, "planned": 96, "failed": 0, "elapsed_seconds": 6.704319648910314}
{"stage": "pilot_w48", "completed": 27, "planned": 96, "failed": 0, "elapsed_seconds": 6.709541933145374}
{"stage": "pilot_w48", "completed": 28, "planned": 96, "failed": 0, "elapsed_seconds": 6.772548561915755}
{"stage": "pilot_w48", "completed": 29, "planned": 96, "failed": 0, "elapsed_seconds": 6.804021942894906}
{"stage": "pilot_w48", "completed": 30, "planned": 96, "failed": 0, "elapsed_seconds": 6.819220889825374}
{"stage": "pilot_w48", "completed": 31, "planned": 96, "failed": 0, "elapsed_seconds": 6.822276127990335}
{"stage": "pilot_w48", "completed": 32, "planned": 96, "failed": 0, "elapsed_seconds": 6.855160975828767}
{"stage": "pilot_w48", "completed": 33, "planned": 96, "failed": 0, "elapsed_seconds": 6.874603759963065}
{"stage": "pilot_w48", "completed": 34, "planned": 96, "failed": 0, "elapsed_seconds": 6.9141713278368115}
{"stage": "pilot_w48", "completed": 35, "planned": 96, "failed": 0, "elapsed_seconds": 7.104880296159536}
{"stage": "pilot_w48", "completed": 36, "planned": 96, "failed": 0, "elapsed_seconds": 7.128474174067378}
{"stage": "pilot_w48", "completed": 37, "planned": 96, "failed": 0, "elapsed_seconds": 7.177831603214145}
{"stage": "pilot_w48", "completed": 38, "planned": 96, "failed": 0, "elapsed_seconds": 7.207248446997255}
{"stage": "pilot_w48", "completed": 39, "planned": 96, "failed": 0, "elapsed_seconds": 7.46870869025588}
{"stage": "pilot_w48", "completed": 40, "planned": 96, "failed": 0, "elapsed_seconds": 7.510534676257521}
{"stage": "pilot_w48", "completed": 41, "planned": 96, "failed": 0, "elapsed_seconds": 7.5712778200395405}
{"stage": "pilot_w48", "completed": 42, "planned": 96, "failed": 0, "elapsed_seconds": 7.650433229282498}
{"stage": "pilot_w48", "completed": 43, "planned": 96, "failed": 0, "elapsed_seconds": 7.786873430944979}
{"stage": "pilot_w48", "completed": 44, "planned": 96, "failed": 0, "elapsed_seconds": 7.790605078916997}
{"stage": "pilot_w48", "completed": 45, "planned": 96, "failed": 0, "elapsed_seconds": 7.978783292230219}
{"stage": "pilot_w48", "completed": 46, "planned": 96, "failed": 0, "elapsed_seconds": 7.9999264338985085}
{"stage": "pilot_w48", "completed": 47, "planned": 96, "failed": 0, "elapsed_seconds": 8.115618331823498}
{"stage": "pilot_w48", "completed": 48, "planned": 96, "failed": 0, "elapsed_seconds": 8.15928678587079}
{"stage": "pilot_w48", "completed": 49, "planned": 96, "failed": 0, "elapsed_seconds": 8.279282914008945}
{"stage": "pilot_w48", "completed": 50, "planned": 96, "failed": 0, "elapsed_seconds": 8.337426014244556}
{"stage": "pilot_w48", "completed": 51, "planned": 96, "failed": 0, "elapsed_seconds": 8.48760825023055}
{"stage": "pilot_w48", "completed": 52, "planned": 96, "failed": 0, "elapsed_seconds": 8.692047384101897}
{"stage": "pilot_w48", "completed": 53, "planned": 96, "failed": 0, "elapsed_seconds": 8.709521963261068}
{"stage": "pilot_w48", "completed": 54, "planned": 96, "failed": 0, "elapsed_seconds": 8.723951707128435}
{"stage": "pilot_w48", "completed": 55, "planned": 96, "failed": 0, "elapsed_seconds": 8.75568555900827}
{"stage": "pilot_w48", "completed": 56, "planned": 96, "failed": 0, "elapsed_seconds": 8.848186688032001}
{"stage": "pilot_w48", "completed": 57, "planned": 96, "failed": 0, "elapsed_seconds": 8.95575967989862}
{"stage": "pilot_w48", "completed": 58, "planned": 96, "failed": 0, "elapsed_seconds": 8.991317807231098}
{"stage": "pilot_w48", "completed": 59, "planned": 96, "failed": 0, "elapsed_seconds": 9.190650566946715}
{"stage": "pilot_w48", "completed": 60, "planned": 96, "failed": 0, "elapsed_seconds": 9.239272590260953}
{"stage": "pilot_w48", "completed": 61, "planned": 96, "failed": 0, "elapsed_seconds": 9.4499082271941}
{"stage": "pilot_w48", "completed": 62, "planned": 96, "failed": 0, "elapsed_seconds": 9.73514727409929}
{"stage": "pilot_w48", "completed": 63, "planned": 96, "failed": 0, "elapsed_seconds": 9.82924508722499}
{"stage": "pilot_w48", "completed": 64, "planned": 96, "failed": 0, "elapsed_seconds": 9.957106089219451}
{"stage": "pilot_w48", "completed": 65, "planned": 96, "failed": 0, "elapsed_seconds": 9.958447820972651}
{"stage": "pilot_w48", "completed": 66, "planned": 96, "failed": 0, "elapsed_seconds": 10.230828882195055}
{"stage": "pilot_w48", "completed": 67, "planned": 96, "failed": 0, "elapsed_seconds": 10.38575723208487}
{"stage": "pilot_w48", "completed": 68, "planned": 96, "failed": 0, "elapsed_seconds": 10.404815514106303}
{"stage": "pilot_w48", "completed": 69, "planned": 96, "failed": 0, "elapsed_seconds": 10.413689503911883}
{"stage": "pilot_w48", "completed": 70, "planned": 96, "failed": 0, "elapsed_seconds": 10.473972702864558}
{"stage": "pilot_w48", "completed": 71, "planned": 96, "failed": 0, "elapsed_seconds": 10.481026423163712}
{"stage": "pilot_w48", "completed": 72, "planned": 96, "failed": 0, "elapsed_seconds": 10.587028834037483}
{"stage": "pilot_w48", "completed": 73, "planned": 96, "failed": 0, "elapsed_seconds": 10.640459786169231}
{"stage": "pilot_w48", "completed": 74, "planned": 96, "failed": 0, "elapsed_seconds": 10.671563568059355}
{"stage": "pilot_w48", "completed": 75, "planned": 96, "failed": 0, "elapsed_seconds": 10.691181065980345}
{"stage": "pilot_w48", "completed": 76, "planned": 96, "failed": 0, "elapsed_seconds": 10.722438209224492}
{"stage": "pilot_w48", "completed": 77, "planned": 96, "failed": 0, "elapsed_seconds": 10.731723433826119}
{"stage": "pilot_w48", "completed": 78, "planned": 96, "failed": 0, "elapsed_seconds": 10.801873996853828}
{"stage": "pilot_w48", "completed": 79, "planned": 96, "failed": 0, "elapsed_seconds": 10.806103138253093}
{"stage": "pilot_w48", "completed": 80, "planned": 96, "failed": 0, "elapsed_seconds": 10.833652465138584}
{"stage": "pilot_w48", "completed": 81, "planned": 96, "failed": 0, "elapsed_seconds": 10.853528873063624}
{"stage": "pilot_w48", "completed": 82, "planned": 96, "failed": 0, "elapsed_seconds": 10.90641365526244}
{"stage": "pilot_w48", "completed": 83, "planned": 96, "failed": 0, "elapsed_seconds": 10.990405863150954}
{"stage": "pilot_w48", "completed": 84, "planned": 96, "failed": 0, "elapsed_seconds": 11.036100694909692}
{"stage": "pilot_w48", "completed": 85, "planned": 96, "failed": 0, "elapsed_seconds": 11.089205938857049}
{"stage": "pilot_w48", "completed": 86, "planned": 96, "failed": 0, "elapsed_seconds": 11.094555311836302}
{"stage": "pilot_w48", "completed": 87, "planned": 96, "failed": 0, "elapsed_seconds": 11.292108421213925}
{"stage": "pilot_w48", "completed": 88, "planned": 96, "failed": 0, "elapsed_seconds": 11.360236614011228}
{"stage": "pilot_w48", "completed": 89, "planned": 96, "failed": 0, "elapsed_seconds": 11.395307990256697}
{"stage": "pilot_w48", "completed": 90, "planned": 96, "failed": 0, "elapsed_seconds": 11.44704517815262}
{"stage": "pilot_w48", "completed": 91, "planned": 96, "failed": 0, "elapsed_seconds": 11.454997195862234}
{"stage": "pilot_w48", "completed": 92, "planned": 96, "failed": 0, "elapsed_seconds": 11.479283310007304}
{"stage": "pilot_w48", "completed": 93, "planned": 96, "failed": 0, "elapsed_seconds": 11.604211400263011}
{"stage": "pilot_w48", "completed": 94, "planned": 96, "failed": 0, "elapsed_seconds": 11.677367528900504}
{"stage": "pilot_w48", "completed": 95, "planned": 96, "failed": 0, "elapsed_seconds": 11.72314971126616}
{"stage": "pilot_w48", "completed": 96, "planned": 96, "failed": 0, "elapsed_seconds": 11.77137004211545}
{"stage": "historical_replay", "completed": 1, "planned": 6, "failed": 0, "elapsed_seconds": 11.52419344894588}
{"stage": "historical_replay", "completed": 2, "planned": 6, "failed": 0, "elapsed_seconds": 11.760030188132077}
{"stage": "historical_replay", "completed": 3, "planned": 6, "failed": 0, "elapsed_seconds": 11.766871052328497}
{"stage": "historical_replay", "completed": 4, "planned": 6, "failed": 0, "elapsed_seconds": 12.099928807932884}
{"stage": "historical_replay", "completed": 5, "planned": 6, "failed": 0, "elapsed_seconds": 13.195259758271277}
{"stage": "historical_replay", "completed": 6, "planned": 6, "failed": 0, "elapsed_seconds": 13.204647690057755}
{"stage": "baseline_profiles", "completed": 0, "planned": 14, "failed": 0, "elapsed_seconds": 30.114777685143054}
{"stage": "baseline_profiles", "completed": 1, "planned": 14, "failed": 0, "elapsed_seconds": 33.69824346713722}
{"stage": "baseline_profiles", "completed": 2, "planned": 14, "failed": 0, "elapsed_seconds": 33.72336858930066}
{"stage": "baseline_profiles", "completed": 3, "planned": 14, "failed": 0, "elapsed_seconds": 33.810352514032274}
{"stage": "baseline_profiles", "completed": 4, "planned": 14, "failed": 0, "elapsed_seconds": 33.88218102417886}
{"stage": "baseline_profiles", "completed": 5, "planned": 14, "failed": 0, "elapsed_seconds": 33.954864397179335}
{"stage": "baseline_profiles", "completed": 6, "planned": 14, "failed": 0, "elapsed_seconds": 33.96370565705001}
{"stage": "baseline_profiles", "completed": 7, "planned": 14, "failed": 0, "elapsed_seconds": 33.97009587241337}
{"stage": "baseline_profiles", "completed": 8, "planned": 14, "failed": 0, "elapsed_seconds": 33.9815174350515}
{"stage": "baseline_profiles", "completed": 9, "planned": 14, "failed": 0, "elapsed_seconds": 34.05359330307692}
{"stage": "baseline_profiles", "completed": 10, "planned": 14, "failed": 0, "elapsed_seconds": 34.13250995520502}
{"stage": "baseline_profiles", "completed": 11, "planned": 14, "failed": 0, "elapsed_seconds": 34.14119516406208}
{"stage": "baseline_profiles", "completed": 12, "planned": 14, "failed": 0, "elapsed_seconds": 34.27707454143092}
{"stage": "baseline_profiles", "completed": 13, "planned": 14, "failed": 0, "elapsed_seconds": 34.649838138371706}
{"stage": "baseline_profiles", "completed": 14, "planned": 14, "failed": 0, "elapsed_seconds": 34.69156159507111}
{"stage": "synthetic_training", "completed": 0, "planned": 48, "failed": 0, "elapsed_seconds": 30.311466766986996}
{"stage": "synthetic_training", "completed": 0, "planned": 48, "failed": 0, "elapsed_seconds": 60.313631291966885}
{"stage": "synthetic_training", "completed": 0, "planned": 48, "failed": 0, "elapsed_seconds": 90.31487466394901}
{"stage": "synthetic_training", "completed": 0, "planned": 48, "failed": 0, "elapsed_seconds": 120.31633146293461}
{"stage": "synthetic_training", "completed": 0, "planned": 48, "failed": 0, "elapsed_seconds": 150.31793061411008}
{"stage": "synthetic_training", "completed": 0, "planned": 48, "failed": 0, "elapsed_seconds": 180.3193100411445}
{"stage": "synthetic_training", "completed": 0, "planned": 48, "failed": 0, "elapsed_seconds": 210.32102156803012}
{"stage": "synthetic_training", "completed": 0, "planned": 48, "failed": 0, "elapsed_seconds": 240.32276882510632}
{"stage": "synthetic_training", "completed": 1, "planned": 48, "failed": 0, "elapsed_seconds": 258.74155193474144}
{"stage": "synthetic_training", "completed": 2, "planned": 48, "failed": 0, "elapsed_seconds": 259.4015077711083}
{"stage": "synthetic_training", "completed": 3, "planned": 48, "failed": 0, "elapsed_seconds": 261.4130146987736}
{"stage": "synthetic_training", "completed": 4, "planned": 48, "failed": 0, "elapsed_seconds": 261.6660959967412}
{"stage": "synthetic_training", "completed": 5, "planned": 48, "failed": 0, "elapsed_seconds": 261.9597219629213}
{"stage": "synthetic_training", "completed": 6, "planned": 48, "failed": 0, "elapsed_seconds": 262.0034324117005}
{"stage": "synthetic_training", "completed": 7, "planned": 48, "failed": 0, "elapsed_seconds": 262.8114256649278}
{"stage": "synthetic_training", "completed": 8, "planned": 48, "failed": 0, "elapsed_seconds": 263.2656399491243}
{"stage": "synthetic_training", "completed": 9, "planned": 48, "failed": 0, "elapsed_seconds": 263.3461568527855}
{"stage": "synthetic_training", "completed": 10, "planned": 48, "failed": 0, "elapsed_seconds": 263.3677706881426}
{"stage": "synthetic_training", "completed": 11, "planned": 48, "failed": 0, "elapsed_seconds": 263.886648545973}
{"stage": "synthetic_training", "completed": 12, "planned": 48, "failed": 0, "elapsed_seconds": 264.0970941139385}
{"stage": "synthetic_training", "completed": 13, "planned": 48, "failed": 0, "elapsed_seconds": 264.773718547076}
{"stage": "synthetic_training", "completed": 14, "planned": 48, "failed": 0, "elapsed_seconds": 264.78761262772605}
{"stage": "synthetic_training", "completed": 15, "planned": 48, "failed": 0, "elapsed_seconds": 265.0082986368798}
{"stage": "synthetic_training", "completed": 16, "planned": 48, "failed": 0, "elapsed_seconds": 265.1647060760297}
{"stage": "synthetic_training", "completed": 17, "planned": 48, "failed": 0, "elapsed_seconds": 265.32402934273705}
{"stage": "synthetic_training", "completed": 18, "planned": 48, "failed": 0, "elapsed_seconds": 265.4074937249534}
{"stage": "synthetic_training", "completed": 19, "planned": 48, "failed": 0, "elapsed_seconds": 265.5882072397508}
{"stage": "synthetic_training", "completed": 20, "planned": 48, "failed": 0, "elapsed_seconds": 265.6803876827471}
{"stage": "synthetic_training", "completed": 21, "planned": 48, "failed": 0, "elapsed_seconds": 265.72520553600043}
{"stage": "synthetic_training", "completed": 22, "planned": 48, "failed": 0, "elapsed_seconds": 265.81040091393515}
{"stage": "synthetic_training", "completed": 23, "planned": 48, "failed": 0, "elapsed_seconds": 265.9905715677887}
{"stage": "synthetic_training", "completed": 24, "planned": 48, "failed": 0, "elapsed_seconds": 266.0190728539601}
{"stage": "synthetic_training", "completed": 25, "planned": 48, "failed": 0, "elapsed_seconds": 266.28497048979625}
{"stage": "synthetic_training", "completed": 26, "planned": 48, "failed": 0, "elapsed_seconds": 266.5076975650154}
{"stage": "synthetic_training", "completed": 27, "planned": 48, "failed": 0, "elapsed_seconds": 266.6504637580365}
{"stage": "synthetic_training", "completed": 28, "planned": 48, "failed": 0, "elapsed_seconds": 266.742816968821}
{"stage": "synthetic_training", "completed": 29, "planned": 48, "failed": 0, "elapsed_seconds": 266.88448259280995}
{"stage": "synthetic_training", "completed": 30, "planned": 48, "failed": 0, "elapsed_seconds": 267.0322947627865}
{"stage": "synthetic_training", "completed": 31, "planned": 48, "failed": 0, "elapsed_seconds": 267.15434914594516}
{"stage": "synthetic_training", "completed": 32, "planned": 48, "failed": 0, "elapsed_seconds": 267.5159390210174}
{"stage": "synthetic_training", "completed": 33, "planned": 48, "failed": 0, "elapsed_seconds": 267.70869487011805}
{"stage": "synthetic_training", "completed": 34, "planned": 48, "failed": 0, "elapsed_seconds": 267.7454523597844}
{"stage": "synthetic_training", "completed": 35, "planned": 48, "failed": 0, "elapsed_seconds": 267.8147359518334}
{"stage": "synthetic_training", "completed": 36, "planned": 48, "failed": 0, "elapsed_seconds": 268.0155065441504}
{"stage": "synthetic_training", "completed": 37, "planned": 48, "failed": 0, "elapsed_seconds": 268.5600834018551}
{"stage": "synthetic_training", "completed": 38, "planned": 48, "failed": 0, "elapsed_seconds": 268.82916265679523}
{"stage": "synthetic_training", "completed": 39, "planned": 48, "failed": 0, "elapsed_seconds": 268.87674217903987}
{"stage": "synthetic_training", "completed": 40, "planned": 48, "failed": 0, "elapsed_seconds": 269.06276601273566}
{"stage": "synthetic_training", "completed": 41, "planned": 48, "failed": 0, "elapsed_seconds": 269.84476938983425}
{"stage": "synthetic_training", "completed": 42, "planned": 48, "failed": 0, "elapsed_seconds": 269.98988517792895}
{"stage": "synthetic_training", "completed": 43, "planned": 48, "failed": 0, "elapsed_seconds": 270.28416415210813}
{"stage": "synthetic_training", "completed": 44, "planned": 48, "failed": 0, "elapsed_seconds": 270.38661849172786}
{"stage": "synthetic_training", "completed": 45, "planned": 48, "failed": 0, "elapsed_seconds": 270.8192867487669}
{"stage": "synthetic_training", "completed": 46, "planned": 48, "failed": 0, "elapsed_seconds": 271.2156862337142}
{"stage": "synthetic_training", "completed": 47, "planned": 48, "failed": 0, "elapsed_seconds": 276.0560773597099}
{"stage": "synthetic_training", "completed": 48, "planned": 48, "failed": 0, "elapsed_seconds": 276.42234026873484}
{"stage": "synthetic_selection", "completed": 1, "planned": 4, "failed": 0, "elapsed_seconds": 0.27525658067315817}
{"stage": "synthetic_selection", "completed": 4, "planned": 4, "failed": 0, "elapsed_seconds": 0.3477348368614912}
{"stage": "synthetic_evaluation", "completed": 0, "planned": 128, "failed": 0, "elapsed_seconds": 30.292468908708543}
{"stage": "synthetic_evaluation", "completed": 0, "planned": 128, "failed": 0, "elapsed_seconds": 60.294327708892524}
{"stage": "synthetic_evaluation", "completed": 0, "planned": 128, "failed": 0, "elapsed_seconds": 90.29594514984637}
{"stage": "synthetic_evaluation", "completed": 0, "planned": 128, "failed": 0, "elapsed_seconds": 120.29764617886394}
{"stage": "synthetic_evaluation", "completed": 0, "planned": 128, "failed": 0, "elapsed_seconds": 150.29933902109042}
{"stage": "synthetic_evaluation", "completed": 0, "planned": 128, "failed": 0, "elapsed_seconds": 180.30120772169903}
{"stage": "synthetic_evaluation", "completed": 0, "planned": 128, "failed": 0, "elapsed_seconds": 210.3027871688828}
{"stage": "synthetic_evaluation", "completed": 1, "planned": 128, "failed": 0, "elapsed_seconds": 210.84478220064193}
{"stage": "synthetic_evaluation", "completed": 2, "planned": 128, "failed": 0, "elapsed_seconds": 213.65157853299752}
{"stage": "synthetic_evaluation", "completed": 3, "planned": 128, "failed": 0, "elapsed_seconds": 218.04118503071368}
{"stage": "synthetic_evaluation", "completed": 4, "planned": 128, "failed": 0, "elapsed_seconds": 221.5357968150638}
{"stage": "synthetic_evaluation", "completed": 5, "planned": 128, "failed": 0, "elapsed_seconds": 222.5058480608277}
{"stage": "synthetic_evaluation", "completed": 6, "planned": 128, "failed": 0, "elapsed_seconds": 225.5624444638379}
{"stage": "synthetic_evaluation", "completed": 7, "planned": 128, "failed": 0, "elapsed_seconds": 227.70306571293622}
{"stage": "synthetic_evaluation", "completed": 8, "planned": 128, "failed": 0, "elapsed_seconds": 231.7220951928757}
{"stage": "synthetic_evaluation", "completed": 9, "planned": 128, "failed": 0, "elapsed_seconds": 234.20126806106418}
{"stage": "synthetic_evaluation", "completed": 10, "planned": 128, "failed": 0, "elapsed_seconds": 238.00140161672607}
{"stage": "synthetic_evaluation", "completed": 11, "planned": 128, "failed": 0, "elapsed_seconds": 238.12625818001106}
{"stage": "synthetic_evaluation", "completed": 12, "planned": 128, "failed": 0, "elapsed_seconds": 238.84484882606193}
{"stage": "synthetic_evaluation", "completed": 13, "planned": 128, "failed": 0, "elapsed_seconds": 238.96015794668347}
{"stage": "synthetic_evaluation", "completed": 14, "planned": 128, "failed": 0, "elapsed_seconds": 239.94009708380327}
{"stage": "synthetic_evaluation", "completed": 15, "planned": 128, "failed": 0, "elapsed_seconds": 241.74630819866434}
{"stage": "synthetic_evaluation", "completed": 16, "planned": 128, "failed": 0, "elapsed_seconds": 242.27980242297053}
{"stage": "synthetic_evaluation", "completed": 17, "planned": 128, "failed": 0, "elapsed_seconds": 243.09778290987015}
{"stage": "synthetic_evaluation", "completed": 18, "planned": 128, "failed": 0, "elapsed_seconds": 245.14783328864723}
{"stage": "synthetic_evaluation", "completed": 19, "planned": 128, "failed": 0, "elapsed_seconds": 248.219064055942}
{"stage": "synthetic_evaluation", "completed": 20, "planned": 128, "failed": 0, "elapsed_seconds": 248.99490085802972}
{"stage": "synthetic_evaluation", "completed": 21, "planned": 128, "failed": 0, "elapsed_seconds": 250.18173678871244}
{"stage": "synthetic_evaluation", "completed": 22, "planned": 128, "failed": 0, "elapsed_seconds": 254.84265059884638}
{"stage": "synthetic_evaluation", "completed": 23, "planned": 128, "failed": 0, "elapsed_seconds": 255.90951459575444}
{"stage": "synthetic_evaluation", "completed": 24, "planned": 128, "failed": 0, "elapsed_seconds": 256.98316478310153}
{"stage": "synthetic_evaluation", "completed": 25, "planned": 128, "failed": 0, "elapsed_seconds": 259.04133629007265}
{"stage": "synthetic_evaluation", "completed": 26, "planned": 128, "failed": 0, "elapsed_seconds": 259.3706082617864}
{"stage": "synthetic_evaluation", "completed": 27, "planned": 128, "failed": 0, "elapsed_seconds": 262.08922193199396}
{"stage": "synthetic_evaluation", "completed": 28, "planned": 128, "failed": 0, "elapsed_seconds": 263.4510684949346}
{"stage": "synthetic_evaluation", "completed": 29, "planned": 128, "failed": 0, "elapsed_seconds": 264.2259788457304}
{"stage": "synthetic_evaluation", "completed": 30, "planned": 128, "failed": 0, "elapsed_seconds": 264.75987084396183}
{"stage": "synthetic_evaluation", "completed": 31, "planned": 128, "failed": 0, "elapsed_seconds": 269.09067521989346}
{"stage": "synthetic_evaluation", "completed": 32, "planned": 128, "failed": 0, "elapsed_seconds": 272.4097995799966}
{"stage": "synthetic_evaluation", "completed": 33, "planned": 128, "failed": 0, "elapsed_seconds": 291.9505712799728}
{"stage": "synthetic_evaluation", "completed": 34, "planned": 128, "failed": 0, "elapsed_seconds": 303.1760787088424}
{"stage": "synthetic_evaluation", "completed": 35, "planned": 128, "failed": 0, "elapsed_seconds": 303.76731031388044}
{"stage": "synthetic_evaluation", "completed": 36, "planned": 128, "failed": 0, "elapsed_seconds": 309.253040230833}
{"stage": "synthetic_evaluation", "completed": 37, "planned": 128, "failed": 0, "elapsed_seconds": 311.3194692088291}
{"stage": "synthetic_evaluation", "completed": 38, "planned": 128, "failed": 0, "elapsed_seconds": 311.9069559420459}
{"stage": "synthetic_evaluation", "completed": 39, "planned": 128, "failed": 0, "elapsed_seconds": 320.95042946795}
{"stage": "synthetic_evaluation", "completed": 40, "planned": 128, "failed": 0, "elapsed_seconds": 323.75346701964736}
{"stage": "synthetic_evaluation", "completed": 41, "planned": 128, "failed": 0, "elapsed_seconds": 330.30544223310426}
{"stage": "synthetic_evaluation", "completed": 42, "planned": 128, "failed": 0, "elapsed_seconds": 331.4069329886697}
{"stage": "synthetic_evaluation", "completed": 43, "planned": 128, "failed": 0, "elapsed_seconds": 338.15135271986946}
{"stage": "synthetic_evaluation", "completed": 44, "planned": 128, "failed": 0, "elapsed_seconds": 339.9459962276742}
{"stage": "synthetic_evaluation", "completed": 45, "planned": 128, "failed": 0, "elapsed_seconds": 342.15154520468786}
{"stage": "synthetic_evaluation", "completed": 46, "planned": 128, "failed": 0, "elapsed_seconds": 348.4705221899785}
{"stage": "synthetic_evaluation", "completed": 47, "planned": 128, "failed": 0, "elapsed_seconds": 348.9043456749059}
{"stage": "synthetic_evaluation", "completed": 48, "planned": 128, "failed": 0, "elapsed_seconds": 359.0701301759109}
{"stage": "synthetic_evaluation", "completed": 48, "planned": 128, "failed": 0, "elapsed_seconds": 389.07154368888587}
{"stage": "synthetic_evaluation", "completed": 48, "planned": 128, "failed": 0, "elapsed_seconds": 419.07321509486064}
{"stage": "synthetic_evaluation", "completed": 48, "planned": 128, "failed": 0, "elapsed_seconds": 449.0747541836463}
{"stage": "synthetic_evaluation", "completed": 48, "planned": 128, "failed": 0, "elapsed_seconds": 479.07638391200453}
{"stage": "synthetic_evaluation", "completed": 48, "planned": 128, "failed": 0, "elapsed_seconds": 509.07793639507145}
{"stage": "synthetic_evaluation", "completed": 49, "planned": 128, "failed": 0, "elapsed_seconds": 514.3588878889568}
{"stage": "synthetic_evaluation", "completed": 50, "planned": 128, "failed": 0, "elapsed_seconds": 520.4493510620669}
{"stage": "synthetic_evaluation", "completed": 51, "planned": 128, "failed": 0, "elapsed_seconds": 521.2195875179023}
{"stage": "synthetic_evaluation", "completed": 52, "planned": 128, "failed": 0, "elapsed_seconds": 521.3927954090759}
{"stage": "synthetic_evaluation", "completed": 53, "planned": 128, "failed": 0, "elapsed_seconds": 530.6401023170911}
{"stage": "synthetic_evaluation", "completed": 54, "planned": 128, "failed": 0, "elapsed_seconds": 537.6112578706816}
{"stage": "synthetic_evaluation", "completed": 55, "planned": 128, "failed": 0, "elapsed_seconds": 543.1277560787275}
{"stage": "synthetic_evaluation", "completed": 56, "planned": 128, "failed": 0, "elapsed_seconds": 545.5325717269443}
{"stage": "synthetic_evaluation", "completed": 57, "planned": 128, "failed": 0, "elapsed_seconds": 548.9656953280792}
{"stage": "synthetic_evaluation", "completed": 58, "planned": 128, "failed": 0, "elapsed_seconds": 549.0054840147495}
{"stage": "synthetic_evaluation", "completed": 59, "planned": 128, "failed": 0, "elapsed_seconds": 550.0005938727409}
{"stage": "synthetic_evaluation", "completed": 60, "planned": 128, "failed": 0, "elapsed_seconds": 552.1608351408504}
{"stage": "synthetic_evaluation", "completed": 61, "planned": 128, "failed": 0, "elapsed_seconds": 554.249027126003}
{"stage": "synthetic_evaluation", "completed": 62, "planned": 128, "failed": 0, "elapsed_seconds": 559.4923113160767}
{"stage": "synthetic_evaluation", "completed": 63, "planned": 128, "failed": 0, "elapsed_seconds": 560.3744929269888}
{"stage": "synthetic_evaluation", "completed": 64, "planned": 128, "failed": 0, "elapsed_seconds": 560.8045711177401}
{"stage": "synthetic_evaluation", "completed": 65, "planned": 128, "failed": 0, "elapsed_seconds": 568.606260781642}
{"stage": "synthetic_evaluation", "completed": 66, "planned": 128, "failed": 0, "elapsed_seconds": 568.6914810556918}
{"stage": "synthetic_evaluation", "completed": 67, "planned": 128, "failed": 0, "elapsed_seconds": 573.0486511718482}
{"stage": "synthetic_evaluation", "completed": 68, "planned": 128, "failed": 0, "elapsed_seconds": 574.5603504749015}
{"stage": "synthetic_evaluation", "completed": 69, "planned": 128, "failed": 0, "elapsed_seconds": 578.2969036009163}
{"stage": "synthetic_evaluation", "completed": 70, "planned": 128, "failed": 0, "elapsed_seconds": 581.7383594727144}
{"stage": "synthetic_evaluation", "completed": 71, "planned": 128, "failed": 0, "elapsed_seconds": 582.4825963098556}
{"stage": "synthetic_evaluation", "completed": 72, "planned": 128, "failed": 0, "elapsed_seconds": 587.8720510751009}
{"stage": "synthetic_evaluation", "completed": 73, "planned": 128, "failed": 0, "elapsed_seconds": 590.3862721589394}
{"stage": "synthetic_evaluation", "completed": 74, "planned": 128, "failed": 0, "elapsed_seconds": 591.2936022179201}
{"stage": "synthetic_evaluation", "completed": 75, "planned": 128, "failed": 0, "elapsed_seconds": 592.2060223859735}
{"stage": "synthetic_evaluation", "completed": 76, "planned": 128, "failed": 0, "elapsed_seconds": 592.5173429488204}
{"stage": "synthetic_evaluation", "completed": 77, "planned": 128, "failed": 0, "elapsed_seconds": 597.0334848230705}
{"stage": "synthetic_evaluation", "completed": 78, "planned": 128, "failed": 0, "elapsed_seconds": 599.9325430877507}
{"stage": "synthetic_evaluation", "completed": 79, "planned": 128, "failed": 0, "elapsed_seconds": 601.5880164448172}
{"stage": "synthetic_evaluation", "completed": 80, "planned": 128, "failed": 0, "elapsed_seconds": 609.9924370818771}
{"stage": "synthetic_evaluation", "completed": 81, "planned": 128, "failed": 0, "elapsed_seconds": 622.2597854239866}
{"stage": "synthetic_evaluation", "completed": 82, "planned": 128, "failed": 0, "elapsed_seconds": 622.6084513538517}
{"stage": "synthetic_evaluation", "completed": 83, "planned": 128, "failed": 0, "elapsed_seconds": 623.4698923639953}
{"stage": "synthetic_evaluation", "completed": 84, "planned": 128, "failed": 0, "elapsed_seconds": 624.4799567097798}
{"stage": "synthetic_evaluation", "completed": 85, "planned": 128, "failed": 0, "elapsed_seconds": 625.5143649550155}
{"stage": "synthetic_evaluation", "completed": 86, "planned": 128, "failed": 0, "elapsed_seconds": 639.605464391876}
{"stage": "synthetic_evaluation", "completed": 87, "planned": 128, "failed": 0, "elapsed_seconds": 639.9168789279647}
{"stage": "synthetic_evaluation", "completed": 88, "planned": 128, "failed": 0, "elapsed_seconds": 645.053091458045}
{"stage": "synthetic_evaluation", "completed": 89, "planned": 128, "failed": 0, "elapsed_seconds": 645.3723235777579}
{"stage": "synthetic_evaluation", "completed": 90, "planned": 128, "failed": 0, "elapsed_seconds": 651.9599530408159}
{"stage": "synthetic_evaluation", "completed": 91, "planned": 128, "failed": 0, "elapsed_seconds": 653.4761357298121}
{"stage": "synthetic_evaluation", "completed": 92, "planned": 128, "failed": 0, "elapsed_seconds": 664.7453085556626}
{"stage": "synthetic_evaluation", "completed": 93, "planned": 128, "failed": 0, "elapsed_seconds": 669.6136331460439}
{"stage": "synthetic_evaluation", "completed": 94, "planned": 128, "failed": 0, "elapsed_seconds": 684.6795128397644}
{"stage": "synthetic_evaluation", "completed": 95, "planned": 128, "failed": 0, "elapsed_seconds": 684.7001899080351}
{"stage": "synthetic_evaluation", "completed": 96, "planned": 128, "failed": 0, "elapsed_seconds": 703.2394043677486}
{"stage": "synthetic_evaluation", "completed": 96, "planned": 128, "failed": 0, "elapsed_seconds": 733.2402934618294}
{"stage": "synthetic_evaluation", "completed": 96, "planned": 128, "failed": 0, "elapsed_seconds": 763.2420861916617}
{"stage": "synthetic_evaluation", "completed": 96, "planned": 128, "failed": 0, "elapsed_seconds": 793.2438958468847}
{"stage": "synthetic_evaluation", "completed": 97, "planned": 128, "failed": 0, "elapsed_seconds": 820.8086830899119}
{"stage": "synthetic_evaluation", "completed": 98, "planned": 128, "failed": 0, "elapsed_seconds": 825.5614273096435}
{"stage": "synthetic_evaluation", "completed": 99, "planned": 128, "failed": 0, "elapsed_seconds": 827.3137213350274}
{"stage": "synthetic_evaluation", "completed": 100, "planned": 128, "failed": 0, "elapsed_seconds": 839.9647366530262}
{"stage": "synthetic_evaluation", "completed": 101, "planned": 128, "failed": 0, "elapsed_seconds": 840.3513353378512}
{"stage": "synthetic_evaluation", "completed": 102, "planned": 128, "failed": 0, "elapsed_seconds": 841.6895994916558}
{"stage": "synthetic_evaluation", "completed": 103, "planned": 128, "failed": 0, "elapsed_seconds": 843.6232912428677}
{"stage": "synthetic_evaluation", "completed": 104, "planned": 128, "failed": 0, "elapsed_seconds": 845.7387435249984}
{"stage": "synthetic_evaluation", "completed": 105, "planned": 128, "failed": 0, "elapsed_seconds": 846.5503625110723}
{"stage": "synthetic_evaluation", "completed": 106, "planned": 128, "failed": 0, "elapsed_seconds": 854.765128232073}
{"stage": "synthetic_evaluation", "completed": 107, "planned": 128, "failed": 0, "elapsed_seconds": 855.0703107048757}
{"stage": "synthetic_evaluation", "completed": 108, "planned": 128, "failed": 0, "elapsed_seconds": 857.009466401767}
{"stage": "synthetic_evaluation", "completed": 109, "planned": 128, "failed": 0, "elapsed_seconds": 857.3208265919238}
{"stage": "synthetic_evaluation", "completed": 110, "planned": 128, "failed": 0, "elapsed_seconds": 857.4231026987545}
{"stage": "synthetic_evaluation", "completed": 111, "planned": 128, "failed": 0, "elapsed_seconds": 859.0643278239295}
{"stage": "synthetic_evaluation", "completed": 112, "planned": 128, "failed": 0, "elapsed_seconds": 861.6660587019287}
{"stage": "synthetic_evaluation", "completed": 113, "planned": 128, "failed": 0, "elapsed_seconds": 869.7157304077409}
{"stage": "synthetic_evaluation", "completed": 114, "planned": 128, "failed": 0, "elapsed_seconds": 870.1613632468507}
{"stage": "synthetic_evaluation", "completed": 115, "planned": 128, "failed": 0, "elapsed_seconds": 871.2934566047043}
{"stage": "synthetic_evaluation", "completed": 116, "planned": 128, "failed": 0, "elapsed_seconds": 872.214739904739}
{"stage": "synthetic_evaluation", "completed": 117, "planned": 128, "failed": 0, "elapsed_seconds": 879.3512634546496}
{"stage": "synthetic_evaluation", "completed": 118, "planned": 128, "failed": 0, "elapsed_seconds": 881.7975767897442}
{"stage": "synthetic_evaluation", "completed": 119, "planned": 128, "failed": 0, "elapsed_seconds": 882.0319589539431}
{"stage": "synthetic_evaluation", "completed": 120, "planned": 128, "failed": 0, "elapsed_seconds": 883.5766020137817}
{"stage": "synthetic_evaluation", "completed": 121, "planned": 128, "failed": 0, "elapsed_seconds": 883.7192350109108}
{"stage": "synthetic_evaluation", "completed": 122, "planned": 128, "failed": 0, "elapsed_seconds": 886.5358595428988}
{"stage": "synthetic_evaluation", "completed": 123, "planned": 128, "failed": 0, "elapsed_seconds": 887.2065978678875}
{"stage": "synthetic_evaluation", "completed": 124, "planned": 128, "failed": 0, "elapsed_seconds": 887.6646670377813}
{"stage": "synthetic_evaluation", "completed": 125, "planned": 128, "failed": 0, "elapsed_seconds": 901.7969561959617}
{"stage": "synthetic_evaluation", "completed": 126, "planned": 128, "failed": 0, "elapsed_seconds": 902.0114077827893}
{"stage": "synthetic_evaluation", "completed": 127, "planned": 128, "failed": 0, "elapsed_seconds": 904.1609873869456}
{"stage": "synthetic_evaluation", "completed": 127, "planned": 128, "failed": 0, "elapsed_seconds": 934.1616780827753}
{"stage": "synthetic_evaluation", "completed": 128, "planned": 128, "failed": 0, "elapsed_seconds": 947.2597123850137}
{"stage": "synthetic_profiles", "completed": 0, "planned": 8, "failed": 0, "elapsed_seconds": 30.11035006539896}
{"stage": "synthetic_profiles", "completed": 0, "planned": 8, "failed": 0, "elapsed_seconds": 60.112219953443855}
{"stage": "synthetic_profiles", "completed": 1, "planned": 8, "failed": 0, "elapsed_seconds": 65.60948233632371}
{"stage": "synthetic_profiles", "completed": 2, "planned": 8, "failed": 0, "elapsed_seconds": 65.9415666363202}
{"stage": "synthetic_profiles", "completed": 3, "planned": 8, "failed": 0, "elapsed_seconds": 66.33184752007946}
{"stage": "synthetic_profiles", "completed": 4, "planned": 8, "failed": 0, "elapsed_seconds": 66.59563462436199}
{"stage": "synthetic_profiles", "completed": 5, "planned": 8, "failed": 0, "elapsed_seconds": 66.90866530220956}
{"stage": "synthetic_profiles", "completed": 6, "planned": 8, "failed": 0, "elapsed_seconds": 66.95095342909917}
{"stage": "synthetic_profiles", "completed": 7, "planned": 8, "failed": 0, "elapsed_seconds": 67.14425579831004}
{"stage": "synthetic_profiles", "completed": 8, "planned": 8, "failed": 0, "elapsed_seconds": 79.99504842143506}
{"stage": "measured_training", "completed": 0, "planned": 288, "failed": 0, "elapsed_seconds": 30.508018711116165}
{"stage": "measured_training", "completed": 0, "planned": 288, "failed": 0, "elapsed_seconds": 60.51177983125672}
{"stage": "measured_training", "completed": 1, "planned": 288, "failed": 0, "elapsed_seconds": 85.41264119604602}
{"stage": "measured_training", "completed": 2, "planned": 288, "failed": 0, "elapsed_seconds": 86.07221405301243}
{"stage": "measured_training", "completed": 3, "planned": 288, "failed": 0, "elapsed_seconds": 86.2571904361248}
{"stage": "measured_training", "completed": 4, "planned": 288, "failed": 0, "elapsed_seconds": 86.78348215529695}
{"stage": "measured_training", "completed": 5, "planned": 288, "failed": 0, "elapsed_seconds": 86.94690127624199}
{"stage": "measured_training", "completed": 6, "planned": 288, "failed": 0, "elapsed_seconds": 86.9576817471534}
{"stage": "measured_training", "completed": 7, "planned": 288, "failed": 0, "elapsed_seconds": 87.21453867200762}
{"stage": "measured_training", "completed": 8, "planned": 288, "failed": 0, "elapsed_seconds": 87.66242946637794}
{"stage": "measured_training", "completed": 9, "planned": 288, "failed": 0, "elapsed_seconds": 87.7890716153197}
{"stage": "measured_training", "completed": 10, "planned": 288, "failed": 0, "elapsed_seconds": 87.82737512141466}
{"stage": "measured_training", "completed": 11, "planned": 288, "failed": 0, "elapsed_seconds": 88.23971357522532}
{"stage": "measured_training", "completed": 12, "planned": 288, "failed": 0, "elapsed_seconds": 88.46481433138251}
{"stage": "measured_training", "completed": 13, "planned": 288, "failed": 0, "elapsed_seconds": 88.4754980080761}
{"stage": "measured_training", "completed": 14, "planned": 288, "failed": 0, "elapsed_seconds": 88.63379465928301}
{"stage": "measured_training", "completed": 15, "planned": 288, "failed": 0, "elapsed_seconds": 88.86315830610693}
{"stage": "measured_training", "completed": 16, "planned": 288, "failed": 0, "elapsed_seconds": 88.93984423112124}
{"stage": "measured_training", "completed": 17, "planned": 288, "failed": 0, "elapsed_seconds": 89.27382394624874}
{"stage": "measured_training", "completed": 18, "planned": 288, "failed": 0, "elapsed_seconds": 89.36012548906729}
{"stage": "measured_training", "completed": 19, "planned": 288, "failed": 0, "elapsed_seconds": 89.53193692024797}
{"stage": "measured_training", "completed": 20, "planned": 288, "failed": 0, "elapsed_seconds": 89.61413522530347}
{"stage": "measured_training", "completed": 21, "planned": 288, "failed": 0, "elapsed_seconds": 89.62372768297791}
{"stage": "measured_training", "completed": 22, "planned": 288, "failed": 0, "elapsed_seconds": 89.76154452003539}
{"stage": "measured_training", "completed": 23, "planned": 288, "failed": 0, "elapsed_seconds": 89.77003331016749}
{"stage": "measured_training", "completed": 24, "planned": 288, "failed": 0, "elapsed_seconds": 89.90294191101566}
{"stage": "measured_training", "completed": 25, "planned": 288, "failed": 0, "elapsed_seconds": 90.00219526514411}
{"stage": "measured_training", "completed": 26, "planned": 288, "failed": 0, "elapsed_seconds": 90.01056034304202}
{"stage": "measured_training", "completed": 27, "planned": 288, "failed": 0, "elapsed_seconds": 90.09630058333278}
{"stage": "measured_training", "completed": 28, "planned": 288, "failed": 0, "elapsed_seconds": 90.19319489225745}
{"stage": "measured_training", "completed": 29, "planned": 288, "failed": 0, "elapsed_seconds": 90.25335053028539}
{"stage": "measured_training", "completed": 30, "planned": 288, "failed": 0, "elapsed_seconds": 90.26919606234878}
{"stage": "measured_training", "completed": 31, "planned": 288, "failed": 0, "elapsed_seconds": 90.3617308032699}
{"stage": "measured_training", "completed": 32, "planned": 288, "failed": 0, "elapsed_seconds": 90.61750431032851}
{"stage": "measured_training", "completed": 33, "planned": 288, "failed": 0, "elapsed_seconds": 91.13322529336438}
{"stage": "measured_training", "completed": 34, "planned": 288, "failed": 0, "elapsed_seconds": 91.27640233235434}
{"stage": "measured_training", "completed": 35, "planned": 288, "failed": 0, "elapsed_seconds": 91.28415386239067}
{"stage": "measured_training", "completed": 36, "planned": 288, "failed": 0, "elapsed_seconds": 91.72314381925389}
{"stage": "measured_training", "completed": 37, "planned": 288, "failed": 0, "elapsed_seconds": 91.74744868930429}
{"stage": "measured_training", "completed": 38, "planned": 288, "failed": 0, "elapsed_seconds": 91.9283179002814}
{"stage": "measured_training", "completed": 39, "planned": 288, "failed": 0, "elapsed_seconds": 92.11148653039709}
{"stage": "measured_training", "completed": 40, "planned": 288, "failed": 0, "elapsed_seconds": 92.42516118427739}
{"stage": "measured_training", "completed": 41, "planned": 288, "failed": 0, "elapsed_seconds": 93.09156087506562}
{"stage": "measured_training", "completed": 42, "planned": 288, "failed": 0, "elapsed_seconds": 93.43242336437106}
{"stage": "measured_training", "completed": 43, "planned": 288, "failed": 0, "elapsed_seconds": 94.33986870897934}
{"stage": "measured_training", "completed": 44, "planned": 288, "failed": 0, "elapsed_seconds": 96.07445395924151}
{"stage": "measured_training", "completed": 45, "planned": 288, "failed": 0, "elapsed_seconds": 96.09890028228983}
{"stage": "measured_training", "completed": 46, "planned": 288, "failed": 0, "elapsed_seconds": 96.19463823037222}
{"stage": "measured_training", "completed": 47, "planned": 288, "failed": 0, "elapsed_seconds": 96.23545499332249}
{"stage": "measured_training", "completed": 48, "planned": 288, "failed": 0, "elapsed_seconds": 99.52218964230269}
{"stage": "measured_training", "completed": 48, "planned": 288, "failed": 0, "elapsed_seconds": 129.52498792111874}
{"stage": "measured_training", "completed": 48, "planned": 288, "failed": 0, "elapsed_seconds": 159.52831995813176}
{"stage": "measured_training", "completed": 49, "planned": 288, "failed": 0, "elapsed_seconds": 173.36553748510778}
{"stage": "measured_training", "completed": 50, "planned": 288, "failed": 0, "elapsed_seconds": 173.39254237897694}
{"stage": "measured_training", "completed": 51, "planned": 288, "failed": 0, "elapsed_seconds": 173.60248595802113}
{"stage": "measured_training", "completed": 52, "planned": 288, "failed": 0, "elapsed_seconds": 173.61229984415695}
{"stage": "measured_training", "completed": 53, "planned": 288, "failed": 0, "elapsed_seconds": 174.01186018623412}
{"stage": "measured_training", "completed": 54, "planned": 288, "failed": 0, "elapsed_seconds": 174.4739123773761}
{"stage": "measured_training", "completed": 55, "planned": 288, "failed": 0, "elapsed_seconds": 175.2943655992858}
{"stage": "measured_training", "completed": 56, "planned": 288, "failed": 0, "elapsed_seconds": 175.564524569083}
{"stage": "measured_training", "completed": 57, "planned": 288, "failed": 0, "elapsed_seconds": 176.1270414190367}
{"stage": "measured_training", "completed": 58, "planned": 288, "failed": 0, "elapsed_seconds": 176.51583296013996}
{"stage": "measured_training", "completed": 59, "planned": 288, "failed": 0, "elapsed_seconds": 176.5350594962947}
{"stage": "measured_training", "completed": 60, "planned": 288, "failed": 0, "elapsed_seconds": 176.61745222704485}
{"stage": "measured_training", "completed": 61, "planned": 288, "failed": 0, "elapsed_seconds": 176.81570672709495}
{"stage": "measured_training", "completed": 62, "planned": 288, "failed": 0, "elapsed_seconds": 176.89819639828056}
{"stage": "measured_training", "completed": 63, "planned": 288, "failed": 0, "elapsed_seconds": 177.13062251126394}
{"stage": "measured_training", "completed": 64, "planned": 288, "failed": 0, "elapsed_seconds": 177.37902047624812}
{"stage": "measured_training", "completed": 65, "planned": 288, "failed": 0, "elapsed_seconds": 177.93519649235532}
{"stage": "measured_training", "completed": 66, "planned": 288, "failed": 0, "elapsed_seconds": 177.96998781897128}
{"stage": "measured_training", "completed": 67, "planned": 288, "failed": 0, "elapsed_seconds": 178.20932091819122}
{"stage": "measured_training", "completed": 68, "planned": 288, "failed": 0, "elapsed_seconds": 178.38351110415533}
{"stage": "measured_training", "completed": 69, "planned": 288, "failed": 0, "elapsed_seconds": 178.47205416113138}
{"stage": "measured_training", "completed": 70, "planned": 288, "failed": 0, "elapsed_seconds": 178.62606044206768}
{"stage": "measured_training", "completed": 71, "planned": 288, "failed": 0, "elapsed_seconds": 178.6345019233413}
{"stage": "measured_training", "completed": 72, "planned": 288, "failed": 0, "elapsed_seconds": 178.65168885700405}
{"stage": "measured_training", "completed": 73, "planned": 288, "failed": 0, "elapsed_seconds": 178.74150824639946}
{"stage": "measured_training", "completed": 74, "planned": 288, "failed": 0, "elapsed_seconds": 178.85010587237775}
{"stage": "measured_training", "completed": 75, "planned": 288, "failed": 0, "elapsed_seconds": 178.85845972411335}
{"stage": "measured_training", "completed": 77, "planned": 288, "failed": 0, "elapsed_seconds": 179.02561051631346}
{"stage": "measured_training", "completed": 78, "planned": 288, "failed": 0, "elapsed_seconds": 179.0493735652417}
{"stage": "measured_training", "completed": 79, "planned": 288, "failed": 0, "elapsed_seconds": 179.08216794906184}
{"stage": "measured_training", "completed": 80, "planned": 288, "failed": 0, "elapsed_seconds": 179.41487961821258}
{"stage": "measured_training", "completed": 81, "planned": 288, "failed": 0, "elapsed_seconds": 180.16208400204778}
{"stage": "measured_training", "completed": 82, "planned": 288, "failed": 0, "elapsed_seconds": 180.19747173506767}
{"stage": "measured_training", "completed": 83, "planned": 288, "failed": 0, "elapsed_seconds": 180.70274332910776}
{"stage": "measured_training", "completed": 84, "planned": 288, "failed": 0, "elapsed_seconds": 181.67970044305548}
{"stage": "measured_training", "completed": 85, "planned": 288, "failed": 0, "elapsed_seconds": 181.96458697039634}
{"stage": "measured_training", "completed": 86, "planned": 288, "failed": 0, "elapsed_seconds": 181.97765536233783}
{"stage": "measured_training", "completed": 87, "planned": 288, "failed": 0, "elapsed_seconds": 182.22835262538865}
{"stage": "measured_training", "completed": 88, "planned": 288, "failed": 0, "elapsed_seconds": 182.61011063307524}
{"stage": "measured_training", "completed": 89, "planned": 288, "failed": 0, "elapsed_seconds": 182.7034091129899}
{"stage": "measured_training", "completed": 90, "planned": 288, "failed": 0, "elapsed_seconds": 182.92863574624062}
{"stage": "measured_training", "completed": 91, "planned": 288, "failed": 0, "elapsed_seconds": 183.10366398002952}
{"stage": "measured_training", "completed": 92, "planned": 288, "failed": 0, "elapsed_seconds": 183.35449281614274}
{"stage": "measured_training", "completed": 93, "planned": 288, "failed": 0, "elapsed_seconds": 184.17890456225723}
{"stage": "measured_training", "completed": 94, "planned": 288, "failed": 0, "elapsed_seconds": 184.30013549001887}
{"stage": "measured_training", "completed": 95, "planned": 288, "failed": 0, "elapsed_seconds": 184.74085368542}
{"stage": "measured_training", "completed": 96, "planned": 288, "failed": 0, "elapsed_seconds": 191.8492108862847}
{"stage": "measured_training", "completed": 96, "planned": 288, "failed": 0, "elapsed_seconds": 221.85183960432187}
{"stage": "measured_training", "completed": 96, "planned": 288, "failed": 0, "elapsed_seconds": 251.85477987118065}
{"stage": "measured_training", "completed": 97, "planned": 288, "failed": 0, "elapsed_seconds": 260.4041581982747}
{"stage": "measured_training", "completed": 98, "planned": 288, "failed": 0, "elapsed_seconds": 260.46899648429826}
{"stage": "measured_training", "completed": 99, "planned": 288, "failed": 0, "elapsed_seconds": 261.55895870830864}
{"stage": "measured_training", "completed": 100, "planned": 288, "failed": 0, "elapsed_seconds": 261.734576637391}
{"stage": "measured_training", "completed": 101, "planned": 288, "failed": 0, "elapsed_seconds": 262.0751830842346}
{"stage": "measured_training", "completed": 102, "planned": 288, "failed": 0, "elapsed_seconds": 262.60431981412694}
{"stage": "measured_training", "completed": 103, "planned": 288, "failed": 0, "elapsed_seconds": 262.88033157913014}
{"stage": "measured_training", "completed": 104, "planned": 288, "failed": 0, "elapsed_seconds": 264.50478372117504}
{"stage": "measured_training", "completed": 105, "planned": 288, "failed": 0, "elapsed_seconds": 264.99165812227875}
{"stage": "measured_training", "completed": 106, "planned": 288, "failed": 0, "elapsed_seconds": 265.02425350341946}
{"stage": "measured_training", "completed": 107, "planned": 288, "failed": 0, "elapsed_seconds": 265.2895856471732}
{"stage": "measured_training", "completed": 108, "planned": 288, "failed": 0, "elapsed_seconds": 265.74856230802834}
{"stage": "measured_training", "completed": 109, "planned": 288, "failed": 0, "elapsed_seconds": 265.7981406250037}
{"stage": "measured_training", "completed": 110, "planned": 288, "failed": 0, "elapsed_seconds": 266.120014204178}
{"stage": "measured_training", "completed": 111, "planned": 288, "failed": 0, "elapsed_seconds": 266.1773937502876}
{"stage": "measured_training", "completed": 112, "planned": 288, "failed": 0, "elapsed_seconds": 266.5910212392919}
{"stage": "measured_training", "completed": 113, "planned": 288, "failed": 0, "elapsed_seconds": 266.5994971222244}
{"stage": "measured_training", "completed": 114, "planned": 288, "failed": 0, "elapsed_seconds": 266.8550009513274}
{"stage": "measured_training", "completed": 115, "planned": 288, "failed": 0, "elapsed_seconds": 267.4296743730083}
{"stage": "measured_training", "completed": 120, "planned": 288, "failed": 0, "elapsed_seconds": 267.4584503923543}
{"stage": "measured_training", "completed": 121, "planned": 288, "failed": 0, "elapsed_seconds": 267.67086324933916}
{"stage": "measured_training", "completed": 122, "planned": 288, "failed": 0, "elapsed_seconds": 267.86664837924764}
{"stage": "measured_training", "completed": 123, "planned": 288, "failed": 0, "elapsed_seconds": 267.95907573821023}
{"stage": "measured_training", "completed": 124, "planned": 288, "failed": 0, "elapsed_seconds": 268.04489075532183}
{"stage": "measured_training", "completed": 125, "planned": 288, "failed": 0, "elapsed_seconds": 268.09293207526207}
{"stage": "measured_training", "completed": 126, "planned": 288, "failed": 0, "elapsed_seconds": 268.6390027641319}
{"stage": "measured_training", "completed": 127, "planned": 288, "failed": 0, "elapsed_seconds": 268.6639249622822}
{"stage": "measured_training", "completed": 128, "planned": 288, "failed": 0, "elapsed_seconds": 270.08480595937}
{"stage": "measured_training", "completed": 129, "planned": 288, "failed": 0, "elapsed_seconds": 270.2281504170969}
{"stage": "measured_training", "completed": 130, "planned": 288, "failed": 0, "elapsed_seconds": 270.7000955743715}
{"stage": "measured_training", "completed": 131, "planned": 288, "failed": 0, "elapsed_seconds": 270.77539901342243}
{"stage": "measured_training", "completed": 132, "planned": 288, "failed": 0, "elapsed_seconds": 272.16186062805355}
{"stage": "measured_training", "completed": 133, "planned": 288, "failed": 0, "elapsed_seconds": 272.41750159906223}
{"stage": "measured_training", "completed": 134, "planned": 288, "failed": 0, "elapsed_seconds": 272.62541546905413}
{"stage": "measured_training", "completed": 135, "planned": 288, "failed": 0, "elapsed_seconds": 273.00720968516544}
{"stage": "measured_training", "completed": 136, "planned": 288, "failed": 0, "elapsed_seconds": 273.28601673897356}
{"stage": "measured_training", "completed": 137, "planned": 288, "failed": 0, "elapsed_seconds": 273.5598662584089}
{"stage": "measured_training", "completed": 138, "planned": 288, "failed": 0, "elapsed_seconds": 273.58526066318154}
{"stage": "measured_training", "completed": 139, "planned": 288, "failed": 0, "elapsed_seconds": 273.8673040261492}
{"stage": "measured_training", "completed": 140, "planned": 288, "failed": 0, "elapsed_seconds": 277.4027745630592}
{"stage": "measured_training", "completed": 141, "planned": 288, "failed": 0, "elapsed_seconds": 278.20240468904376}
{"stage": "measured_training", "completed": 142, "planned": 288, "failed": 0, "elapsed_seconds": 279.91298279631883}
{"stage": "measured_training", "completed": 143, "planned": 288, "failed": 0, "elapsed_seconds": 282.0461851153523}
{"stage": "measured_training", "completed": 144, "planned": 288, "failed": 0, "elapsed_seconds": 290.08677621232346}
{"stage": "measured_training", "completed": 144, "planned": 288, "failed": 0, "elapsed_seconds": 320.08939355937764}
{"stage": "measured_training", "completed": 145, "planned": 288, "failed": 0, "elapsed_seconds": 347.0921987821348}
{"stage": "measured_training", "completed": 146, "planned": 288, "failed": 0, "elapsed_seconds": 347.5829601492733}
{"stage": "measured_training", "completed": 147, "planned": 288, "failed": 0, "elapsed_seconds": 348.1540732542053}
{"stage": "measured_training", "completed": 148, "planned": 288, "failed": 0, "elapsed_seconds": 348.5134371863678}
{"stage": "measured_training", "completed": 149, "planned": 288, "failed": 0, "elapsed_seconds": 349.06099777203053}
{"stage": "measured_training", "completed": 150, "planned": 288, "failed": 0, "elapsed_seconds": 350.0560125191696}
{"stage": "measured_training", "completed": 151, "planned": 288, "failed": 0, "elapsed_seconds": 351.4366668513976}
{"stage": "measured_training", "completed": 152, "planned": 288, "failed": 0, "elapsed_seconds": 351.5013061282225}
{"stage": "measured_training", "completed": 153, "planned": 288, "failed": 0, "elapsed_seconds": 351.5676200091839}
{"stage": "measured_training", "completed": 154, "planned": 288, "failed": 0, "elapsed_seconds": 352.1010192031972}
{"stage": "measured_training", "completed": 155, "planned": 288, "failed": 0, "elapsed_seconds": 353.3118800399825}
{"stage": "measured_training", "completed": 156, "planned": 288, "failed": 0, "elapsed_seconds": 353.3560306481086}
{"stage": "measured_training", "completed": 157, "planned": 288, "failed": 0, "elapsed_seconds": 354.4191612349823}
{"stage": "measured_training", "completed": 158, "planned": 288, "failed": 0, "elapsed_seconds": 354.7545792469755}
{"stage": "measured_training", "completed": 159, "planned": 288, "failed": 0, "elapsed_seconds": 355.1600454952568}
{"stage": "measured_training", "completed": 160, "planned": 288, "failed": 0, "elapsed_seconds": 356.293582519982}
{"stage": "measured_training", "completed": 161, "planned": 288, "failed": 0, "elapsed_seconds": 356.57665782701224}
{"stage": "measured_training", "completed": 162, "planned": 288, "failed": 0, "elapsed_seconds": 356.5985664492473}
{"stage": "measured_training", "completed": 163, "planned": 288, "failed": 0, "elapsed_seconds": 356.6453968170099}
{"stage": "measured_training", "completed": 164, "planned": 288, "failed": 0, "elapsed_seconds": 356.7927327710204}
{"stage": "measured_training", "completed": 165, "planned": 288, "failed": 0, "elapsed_seconds": 357.05003265617415}
{"stage": "measured_training", "completed": 166, "planned": 288, "failed": 0, "elapsed_seconds": 357.0566666582599}
{"stage": "measured_training", "completed": 167, "planned": 288, "failed": 0, "elapsed_seconds": 357.212789085228}
{"stage": "measured_training", "completed": 168, "planned": 288, "failed": 0, "elapsed_seconds": 357.30878972634673}
{"stage": "measured_training", "completed": 169, "planned": 288, "failed": 0, "elapsed_seconds": 357.47002480132505}
{"stage": "measured_training", "completed": 170, "planned": 288, "failed": 0, "elapsed_seconds": 357.63266223529354}
{"stage": "measured_training", "completed": 171, "planned": 288, "failed": 0, "elapsed_seconds": 357.7094430644065}
{"stage": "measured_training", "completed": 172, "planned": 288, "failed": 0, "elapsed_seconds": 358.43297400930896}
{"stage": "measured_training", "completed": 173, "planned": 288, "failed": 0, "elapsed_seconds": 358.5431435261853}
{"stage": "measured_training", "completed": 174, "planned": 288, "failed": 0, "elapsed_seconds": 360.1550721600652}
{"stage": "measured_training", "completed": 175, "planned": 288, "failed": 0, "elapsed_seconds": 360.6247723479755}
{"stage": "measured_training", "completed": 176, "planned": 288, "failed": 0, "elapsed_seconds": 361.0323232100345}
{"stage": "measured_training", "completed": 177, "planned": 288, "failed": 0, "elapsed_seconds": 361.2390663740225}
{"stage": "measured_training", "completed": 178, "planned": 288, "failed": 0, "elapsed_seconds": 361.7466833833605}
{"stage": "measured_training", "completed": 179, "planned": 288, "failed": 0, "elapsed_seconds": 362.100925761275}
{"stage": "measured_training", "completed": 180, "planned": 288, "failed": 0, "elapsed_seconds": 362.1095704319887}
{"stage": "measured_training", "completed": 181, "planned": 288, "failed": 0, "elapsed_seconds": 362.44031124422327}
{"stage": "measured_training", "completed": 182, "planned": 288, "failed": 0, "elapsed_seconds": 362.46201034542173}
{"stage": "measured_training", "completed": 183, "planned": 288, "failed": 0, "elapsed_seconds": 362.88879472902045}
{"stage": "measured_training", "completed": 184, "planned": 288, "failed": 0, "elapsed_seconds": 363.51769700227305}
{"stage": "measured_training", "completed": 185, "planned": 288, "failed": 0, "elapsed_seconds": 363.9313355893828}
{"stage": "measured_training", "completed": 186, "planned": 288, "failed": 0, "elapsed_seconds": 364.3729442059994}
{"stage": "measured_training", "completed": 187, "planned": 288, "failed": 0, "elapsed_seconds": 366.03896940732375}
{"stage": "measured_training", "completed": 188, "planned": 288, "failed": 0, "elapsed_seconds": 367.5027514072135}
{"stage": "measured_training", "completed": 189, "planned": 288, "failed": 0, "elapsed_seconds": 369.7727339863777}
{"stage": "measured_training", "completed": 190, "planned": 288, "failed": 0, "elapsed_seconds": 370.3516125320457}
{"stage": "measured_training", "completed": 191, "planned": 288, "failed": 0, "elapsed_seconds": 370.54167462000623}
{"stage": "measured_training", "completed": 192, "planned": 288, "failed": 0, "elapsed_seconds": 388.6077754232101}
{"stage": "measured_training", "completed": 192, "planned": 288, "failed": 0, "elapsed_seconds": 418.610823682975}
{"stage": "measured_training", "completed": 193, "planned": 288, "failed": 0, "elapsed_seconds": 434.4431169279851}
{"stage": "measured_training", "completed": 194, "planned": 288, "failed": 0, "elapsed_seconds": 434.66766452929005}
{"stage": "measured_training", "completed": 195, "planned": 288, "failed": 0, "elapsed_seconds": 434.9369740979746}
{"stage": "measured_training", "completed": 196, "planned": 288, "failed": 0, "elapsed_seconds": 435.2901784153655}
{"stage": "measured_training", "completed": 197, "planned": 288, "failed": 0, "elapsed_seconds": 435.5791636384092}
{"stage": "measured_training", "completed": 198, "planned": 288, "failed": 0, "elapsed_seconds": 436.9413878181949}
{"stage": "measured_training", "completed": 199, "planned": 288, "failed": 0, "elapsed_seconds": 437.5814753761515}
{"stage": "measured_training", "completed": 200, "planned": 288, "failed": 0, "elapsed_seconds": 437.619695559144}
{"stage": "measured_training", "completed": 201, "planned": 288, "failed": 0, "elapsed_seconds": 437.755711525213}
{"stage": "measured_training", "completed": 202, "planned": 288, "failed": 0, "elapsed_seconds": 438.92809660499915}
{"stage": "measured_training", "completed": 203, "planned": 288, "failed": 0, "elapsed_seconds": 439.01478062942624}
{"stage": "measured_training", "completed": 204, "planned": 288, "failed": 0, "elapsed_seconds": 439.8371059279889}
{"stage": "measured_training", "completed": 205, "planned": 288, "failed": 0, "elapsed_seconds": 441.188503251411}
{"stage": "measured_training", "completed": 206, "planned": 288, "failed": 0, "elapsed_seconds": 443.64141482533887}
{"stage": "measured_training", "completed": 207, "planned": 288, "failed": 0, "elapsed_seconds": 443.6630943841301}
{"stage": "measured_training", "completed": 208, "planned": 288, "failed": 0, "elapsed_seconds": 444.72236290806904}
{"stage": "measured_training", "completed": 209, "planned": 288, "failed": 0, "elapsed_seconds": 444.74721530033275}
{"stage": "measured_training", "completed": 210, "planned": 288, "failed": 0, "elapsed_seconds": 445.67954268911853}
{"stage": "measured_training", "completed": 211, "planned": 288, "failed": 0, "elapsed_seconds": 445.9364716010168}
{"stage": "measured_training", "completed": 212, "planned": 288, "failed": 0, "elapsed_seconds": 446.3770953021012}
{"stage": "measured_training", "completed": 213, "planned": 288, "failed": 0, "elapsed_seconds": 446.3878397489898}
{"stage": "measured_training", "completed": 214, "planned": 288, "failed": 0, "elapsed_seconds": 447.0396112562157}
{"stage": "measured_training", "completed": 215, "planned": 288, "failed": 0, "elapsed_seconds": 447.3686292041093}
{"stage": "measured_training", "completed": 216, "planned": 288, "failed": 0, "elapsed_seconds": 447.91774377506226}
{"stage": "measured_training", "completed": 217, "planned": 288, "failed": 0, "elapsed_seconds": 448.27402105135843}
{"stage": "measured_training", "completed": 218, "planned": 288, "failed": 0, "elapsed_seconds": 448.46891506714746}
{"stage": "measured_training", "completed": 219, "planned": 288, "failed": 0, "elapsed_seconds": 449.10628413641825}
{"stage": "measured_training", "completed": 220, "planned": 288, "failed": 0, "elapsed_seconds": 449.17305259918794}
{"stage": "measured_training", "completed": 221, "planned": 288, "failed": 0, "elapsed_seconds": 449.286603492219}
{"stage": "measured_training", "completed": 222, "planned": 288, "failed": 0, "elapsed_seconds": 449.42844950640574}
{"stage": "measured_training", "completed": 223, "planned": 288, "failed": 0, "elapsed_seconds": 450.0527592841536}
{"stage": "measured_training", "completed": 224, "planned": 288, "failed": 0, "elapsed_seconds": 450.3656908320263}
{"stage": "measured_training", "completed": 225, "planned": 288, "failed": 0, "elapsed_seconds": 450.6484477519989}
{"stage": "measured_training", "completed": 226, "planned": 288, "failed": 0, "elapsed_seconds": 451.3422762453556}
{"stage": "measured_training", "completed": 227, "planned": 288, "failed": 0, "elapsed_seconds": 451.9234193842858}
{"stage": "measured_training", "completed": 228, "planned": 288, "failed": 0, "elapsed_seconds": 451.9496443551034}
{"stage": "measured_training", "completed": 229, "planned": 288, "failed": 0, "elapsed_seconds": 452.5561200371012}
{"stage": "measured_training", "completed": 230, "planned": 288, "failed": 0, "elapsed_seconds": 452.74942864337936}
{"stage": "measured_training", "completed": 231, "planned": 288, "failed": 0, "elapsed_seconds": 452.7705366034061}
{"stage": "measured_training", "completed": 232, "planned": 288, "failed": 0, "elapsed_seconds": 453.30590492812917}
{"stage": "measured_training", "completed": 233, "planned": 288, "failed": 0, "elapsed_seconds": 454.69378175213933}
{"stage": "measured_training", "completed": 234, "planned": 288, "failed": 0, "elapsed_seconds": 455.54832002939656}
{"stage": "measured_training", "completed": 235, "planned": 288, "failed": 0, "elapsed_seconds": 455.7657810873352}
{"stage": "measured_training", "completed": 236, "planned": 288, "failed": 0, "elapsed_seconds": 456.02948841638863}
{"stage": "measured_training", "completed": 237, "planned": 288, "failed": 0, "elapsed_seconds": 457.5856786072254}
{"stage": "measured_training", "completed": 238, "planned": 288, "failed": 0, "elapsed_seconds": 458.76416708528996}
{"stage": "measured_training", "completed": 239, "planned": 288, "failed": 0, "elapsed_seconds": 469.8508177381009}
{"stage": "measured_training", "completed": 240, "planned": 288, "failed": 0, "elapsed_seconds": 474.85143575118855}
{"stage": "measured_training", "completed": 240, "planned": 288, "failed": 0, "elapsed_seconds": 504.85419819131494}
{"stage": "measured_training", "completed": 241, "planned": 288, "failed": 0, "elapsed_seconds": 520.6701037073508}
{"stage": "measured_training", "completed": 242, "planned": 288, "failed": 0, "elapsed_seconds": 521.0533714750782}
{"stage": "measured_training", "completed": 243, "planned": 288, "failed": 0, "elapsed_seconds": 522.3825512970798}
{"stage": "measured_training", "completed": 244, "planned": 288, "failed": 0, "elapsed_seconds": 523.6546772671863}
{"stage": "measured_training", "completed": 245, "planned": 288, "failed": 0, "elapsed_seconds": 524.4289572499692}
{"stage": "measured_training", "completed": 246, "planned": 288, "failed": 0, "elapsed_seconds": 524.4863219391555}
{"stage": "measured_training", "completed": 247, "planned": 288, "failed": 0, "elapsed_seconds": 524.6886454173364}
{"stage": "measured_training", "completed": 248, "planned": 288, "failed": 0, "elapsed_seconds": 524.9649642803706}
{"stage": "measured_training", "completed": 249, "planned": 288, "failed": 0, "elapsed_seconds": 525.2364673144184}
{"stage": "measured_training", "completed": 250, "planned": 288, "failed": 0, "elapsed_seconds": 525.3156939484179}
{"stage": "measured_training", "completed": 251, "planned": 288, "failed": 0, "elapsed_seconds": 526.2195728193037}
{"stage": "measured_training", "completed": 252, "planned": 288, "failed": 0, "elapsed_seconds": 527.0624576522969}
{"stage": "measured_training", "completed": 253, "planned": 288, "failed": 0, "elapsed_seconds": 527.1536361291073}
{"stage": "measured_training", "completed": 254, "planned": 288, "failed": 0, "elapsed_seconds": 531.3758254139684}
{"stage": "measured_training", "completed": 255, "planned": 288, "failed": 0, "elapsed_seconds": 531.4410969279706}
{"stage": "measured_training", "completed": 256, "planned": 288, "failed": 0, "elapsed_seconds": 531.7512824763544}
{"stage": "measured_training", "completed": 257, "planned": 288, "failed": 0, "elapsed_seconds": 533.798969168216}
{"stage": "measured_training", "completed": 258, "planned": 288, "failed": 0, "elapsed_seconds": 534.1699887793511}
{"stage": "measured_training", "completed": 259, "planned": 288, "failed": 0, "elapsed_seconds": 534.4046522839926}
{"stage": "measured_training", "completed": 260, "planned": 288, "failed": 0, "elapsed_seconds": 534.6409550840035}
{"stage": "measured_training", "completed": 261, "planned": 288, "failed": 0, "elapsed_seconds": 534.7775394613855}
{"stage": "measured_training", "completed": 262, "planned": 288, "failed": 0, "elapsed_seconds": 534.8198080831207}
{"stage": "measured_training", "completed": 263, "planned": 288, "failed": 0, "elapsed_seconds": 534.8876468320377}
{"stage": "measured_training", "completed": 264, "planned": 288, "failed": 0, "elapsed_seconds": 535.0860100160353}
{"stage": "measured_training", "completed": 265, "planned": 288, "failed": 0, "elapsed_seconds": 535.5870488551445}
{"stage": "measured_training", "completed": 266, "planned": 288, "failed": 0, "elapsed_seconds": 536.7832923349924}
{"stage": "measured_training", "completed": 267, "planned": 288, "failed": 0, "elapsed_seconds": 536.788342803251}
{"stage": "measured_training", "completed": 268, "planned": 288, "failed": 0, "elapsed_seconds": 536.8559839571826}
{"stage": "measured_training", "completed": 269, "planned": 288, "failed": 0, "elapsed_seconds": 537.2213261909783}
{"stage": "measured_training", "completed": 270, "planned": 288, "failed": 0, "elapsed_seconds": 537.4071308621205}
{"stage": "measured_training", "completed": 271, "planned": 288, "failed": 0, "elapsed_seconds": 538.1661116601899}
{"stage": "measured_training", "completed": 272, "planned": 288, "failed": 0, "elapsed_seconds": 538.2046993812546}
{"stage": "measured_training", "completed": 273, "planned": 288, "failed": 0, "elapsed_seconds": 538.3513929252513}
{"stage": "measured_training", "completed": 274, "planned": 288, "failed": 0, "elapsed_seconds": 538.821588753257}
{"stage": "measured_training", "completed": 275, "planned": 288, "failed": 0, "elapsed_seconds": 539.2087526493706}
{"stage": "measured_training", "completed": 276, "planned": 288, "failed": 0, "elapsed_seconds": 539.9138748613186}
{"stage": "measured_training", "completed": 277, "planned": 288, "failed": 0, "elapsed_seconds": 540.0401320271194}
{"stage": "measured_training", "completed": 278, "planned": 288, "failed": 0, "elapsed_seconds": 540.8418991761282}
{"stage": "measured_training", "completed": 279, "planned": 288, "failed": 0, "elapsed_seconds": 541.3960402803496}
{"stage": "measured_training", "completed": 280, "planned": 288, "failed": 0, "elapsed_seconds": 541.6165690110065}
{"stage": "measured_training", "completed": 281, "planned": 288, "failed": 0, "elapsed_seconds": 541.7187989652157}
{"stage": "measured_training", "completed": 282, "planned": 288, "failed": 0, "elapsed_seconds": 542.2828334160149}
{"stage": "measured_training", "completed": 283, "planned": 288, "failed": 0, "elapsed_seconds": 542.652923649177}
{"stage": "measured_training", "completed": 284, "planned": 288, "failed": 0, "elapsed_seconds": 543.428404785227}
{"stage": "measured_training", "completed": 285, "planned": 288, "failed": 0, "elapsed_seconds": 544.769291808363}
{"stage": "measured_training", "completed": 286, "planned": 288, "failed": 0, "elapsed_seconds": 549.6160019142553}
{"stage": "measured_training", "completed": 287, "planned": 288, "failed": 0, "elapsed_seconds": 553.0977154630236}
{"stage": "measured_training", "completed": 288, "planned": 288, "failed": 0, "elapsed_seconds": 553.13710652804}
{"stage": "measured_selection", "completed": 1, "planned": 12, "failed": 0, "elapsed_seconds": 0.28034829441457987}
{"stage": "measured_selection", "completed": 3, "planned": 12, "failed": 0, "elapsed_seconds": 0.3151209610514343}
{"stage": "measured_selection", "completed": 7, "planned": 12, "failed": 0, "elapsed_seconds": 0.370418016333133}
{"stage": "measured_selection", "completed": 12, "planned": 12, "failed": 0, "elapsed_seconds": 0.4218019531108439}
{"stage": "measured_evaluation", "completed": 0, "planned": 72, "failed": 0, "elapsed_seconds": 30.4833903783001}
{"stage": "measured_evaluation", "completed": 1, "planned": 72, "failed": 0, "elapsed_seconds": 53.385759328026325}
{"stage": "measured_evaluation", "completed": 2, "planned": 72, "failed": 0, "elapsed_seconds": 56.73334251809865}
{"stage": "measured_evaluation", "completed": 3, "planned": 72, "failed": 0, "elapsed_seconds": 57.26497367117554}
{"stage": "measured_evaluation", "completed": 4, "planned": 72, "failed": 0, "elapsed_seconds": 57.440136472228914}
{"stage": "measured_evaluation", "completed": 5, "planned": 72, "failed": 0, "elapsed_seconds": 57.74711993942037}
{"stage": "measured_evaluation", "completed": 6, "planned": 72, "failed": 0, "elapsed_seconds": 58.03744217706844}
{"stage": "measured_evaluation", "completed": 7, "planned": 72, "failed": 0, "elapsed_seconds": 58.060760368127376}
{"stage": "measured_evaluation", "completed": 8, "planned": 72, "failed": 0, "elapsed_seconds": 58.35346627002582}
{"stage": "measured_evaluation", "completed": 9, "planned": 72, "failed": 0, "elapsed_seconds": 58.384995497297496}
{"stage": "measured_evaluation", "completed": 10, "planned": 72, "failed": 0, "elapsed_seconds": 59.127865623217076}
{"stage": "measured_evaluation", "completed": 11, "planned": 72, "failed": 0, "elapsed_seconds": 59.13644081214443}
{"stage": "measured_evaluation", "completed": 12, "planned": 72, "failed": 0, "elapsed_seconds": 59.340880354400724}
{"stage": "measured_evaluation", "completed": 13, "planned": 72, "failed": 0, "elapsed_seconds": 60.28206541435793}
{"stage": "measured_evaluation", "completed": 14, "planned": 72, "failed": 0, "elapsed_seconds": 60.95419099414721}
{"stage": "measured_evaluation", "completed": 15, "planned": 72, "failed": 0, "elapsed_seconds": 60.999718863051385}
{"stage": "measured_evaluation", "completed": 16, "planned": 72, "failed": 0, "elapsed_seconds": 61.71046835323796}
{"stage": "measured_evaluation", "completed": 17, "planned": 72, "failed": 0, "elapsed_seconds": 61.91039372514933}
{"stage": "measured_evaluation", "completed": 18, "planned": 72, "failed": 0, "elapsed_seconds": 61.99924578610808}
{"stage": "measured_evaluation", "completed": 19, "planned": 72, "failed": 0, "elapsed_seconds": 62.011054010130465}
{"stage": "measured_evaluation", "completed": 20, "planned": 72, "failed": 0, "elapsed_seconds": 62.297882934100926}
{"stage": "measured_evaluation", "completed": 21, "planned": 72, "failed": 0, "elapsed_seconds": 62.3389399102889}
{"stage": "measured_evaluation", "completed": 22, "planned": 72, "failed": 0, "elapsed_seconds": 63.04957777634263}
{"stage": "measured_evaluation", "completed": 23, "planned": 72, "failed": 0, "elapsed_seconds": 63.44648766005412}
{"stage": "measured_evaluation", "completed": 24, "planned": 72, "failed": 0, "elapsed_seconds": 64.07045193435624}
{"stage": "measured_evaluation", "completed": 25, "planned": 72, "failed": 0, "elapsed_seconds": 64.08267198503017}
{"stage": "measured_evaluation", "completed": 26, "planned": 72, "failed": 0, "elapsed_seconds": 64.41745466040447}
{"stage": "measured_evaluation", "completed": 27, "planned": 72, "failed": 0, "elapsed_seconds": 65.13273085840046}
{"stage": "measured_evaluation", "completed": 28, "planned": 72, "failed": 0, "elapsed_seconds": 65.58062373939902}
{"stage": "measured_evaluation", "completed": 29, "planned": 72, "failed": 0, "elapsed_seconds": 66.38087929040194}
{"stage": "measured_evaluation", "completed": 30, "planned": 72, "failed": 0, "elapsed_seconds": 66.69022964825854}
{"stage": "measured_evaluation", "completed": 31, "planned": 72, "failed": 0, "elapsed_seconds": 66.7006470952183}
{"stage": "measured_evaluation", "completed": 32, "planned": 72, "failed": 0, "elapsed_seconds": 67.28936096932739}
{"stage": "measured_evaluation", "completed": 33, "planned": 72, "failed": 0, "elapsed_seconds": 68.07608334720135}
{"stage": "measured_evaluation", "completed": 34, "planned": 72, "failed": 0, "elapsed_seconds": 68.39104852639139}
{"stage": "measured_evaluation", "completed": 35, "planned": 72, "failed": 0, "elapsed_seconds": 69.07482295529917}
{"stage": "measured_evaluation", "completed": 36, "planned": 72, "failed": 0, "elapsed_seconds": 69.503741373308}
{"stage": "measured_evaluation", "completed": 37, "planned": 72, "failed": 0, "elapsed_seconds": 69.90020542731509}
{"stage": "measured_evaluation", "completed": 38, "planned": 72, "failed": 0, "elapsed_seconds": 70.49645290942863}
{"stage": "measured_evaluation", "completed": 39, "planned": 72, "failed": 0, "elapsed_seconds": 71.71452277014032}
{"stage": "measured_evaluation", "completed": 40, "planned": 72, "failed": 0, "elapsed_seconds": 72.15937568200752}
{"stage": "measured_evaluation", "completed": 41, "planned": 72, "failed": 0, "elapsed_seconds": 72.42402012227103}
{"stage": "measured_evaluation", "completed": 42, "planned": 72, "failed": 0, "elapsed_seconds": 74.00495300907642}
{"stage": "measured_evaluation", "completed": 43, "planned": 72, "failed": 0, "elapsed_seconds": 74.08985317824408}
{"stage": "measured_evaluation", "completed": 44, "planned": 72, "failed": 0, "elapsed_seconds": 75.00894286343828}
{"stage": "measured_evaluation", "completed": 45, "planned": 72, "failed": 0, "elapsed_seconds": 77.07050758739933}
{"stage": "measured_evaluation", "completed": 46, "planned": 72, "failed": 0, "elapsed_seconds": 80.0829049423337}
{"stage": "measured_evaluation", "completed": 47, "planned": 72, "failed": 0, "elapsed_seconds": 82.33613643422723}
{"stage": "measured_evaluation", "completed": 48, "planned": 72, "failed": 0, "elapsed_seconds": 87.34918878832832}
{"stage": "measured_evaluation", "completed": 49, "planned": 72, "failed": 0, "elapsed_seconds": 97.98738334327936}
{"stage": "measured_evaluation", "completed": 50, "planned": 72, "failed": 0, "elapsed_seconds": 100.22920658905059}
{"stage": "measured_evaluation", "completed": 51, "planned": 72, "failed": 0, "elapsed_seconds": 103.28032253310084}
{"stage": "measured_evaluation", "completed": 52, "planned": 72, "failed": 0, "elapsed_seconds": 107.48462950903922}
{"stage": "measured_evaluation", "completed": 53, "planned": 72, "failed": 0, "elapsed_seconds": 107.73422914836556}
{"stage": "measured_evaluation", "completed": 54, "planned": 72, "failed": 0, "elapsed_seconds": 107.74401128711179}
{"stage": "measured_evaluation", "completed": 55, "planned": 72, "failed": 0, "elapsed_seconds": 108.11121570318937}
{"stage": "measured_evaluation", "completed": 56, "planned": 72, "failed": 0, "elapsed_seconds": 108.53099556127563}
{"stage": "measured_evaluation", "completed": 57, "planned": 72, "failed": 0, "elapsed_seconds": 108.55488095199689}
{"stage": "measured_evaluation", "completed": 58, "planned": 72, "failed": 0, "elapsed_seconds": 108.57899929629639}
{"stage": "measured_evaluation", "completed": 59, "planned": 72, "failed": 0, "elapsed_seconds": 108.70440175430849}
{"stage": "measured_evaluation", "completed": 60, "planned": 72, "failed": 0, "elapsed_seconds": 109.12731649214402}
{"stage": "measured_evaluation", "completed": 61, "planned": 72, "failed": 0, "elapsed_seconds": 109.24134388240054}
{"stage": "measured_evaluation", "completed": 62, "planned": 72, "failed": 0, "elapsed_seconds": 109.4357916591689}
{"stage": "measured_evaluation", "completed": 63, "planned": 72, "failed": 0, "elapsed_seconds": 109.86455543711782}
{"stage": "measured_evaluation", "completed": 64, "planned": 72, "failed": 0, "elapsed_seconds": 109.8969038920477}
{"stage": "measured_evaluation", "completed": 65, "planned": 72, "failed": 0, "elapsed_seconds": 110.26467638043687}
{"stage": "measured_evaluation", "completed": 66, "planned": 72, "failed": 0, "elapsed_seconds": 110.94724921742454}
{"stage": "measured_evaluation", "completed": 67, "planned": 72, "failed": 0, "elapsed_seconds": 113.10152162518352}
{"stage": "measured_evaluation", "completed": 68, "planned": 72, "failed": 0, "elapsed_seconds": 115.79183145426214}
{"stage": "measured_evaluation", "completed": 69, "planned": 72, "failed": 0, "elapsed_seconds": 115.9975673314184}
{"stage": "measured_evaluation", "completed": 70, "planned": 72, "failed": 0, "elapsed_seconds": 116.00564149999991}
{"stage": "measured_evaluation", "completed": 71, "planned": 72, "failed": 0, "elapsed_seconds": 116.08747170399874}
{"stage": "measured_evaluation", "completed": 72, "planned": 72, "failed": 0, "elapsed_seconds": 116.65540913213044}
{"stage": "measured_profiles", "completed": 0, "planned": 6, "failed": 0, "elapsed_seconds": 30.129960695747286}
{"stage": "measured_profiles", "completed": 0, "planned": 6, "failed": 0, "elapsed_seconds": 60.13179620169103}
{"stage": "measured_profiles", "completed": 1, "planned": 6, "failed": 0, "elapsed_seconds": 66.57061341684312}
{"stage": "measured_profiles", "completed": 2, "planned": 6, "failed": 0, "elapsed_seconds": 66.62261360464618}
{"stage": "measured_profiles", "completed": 3, "planned": 6, "failed": 0, "elapsed_seconds": 66.67119220877066}
{"stage": "measured_profiles", "completed": 4, "planned": 6, "failed": 0, "elapsed_seconds": 66.71272081462666}
{"stage": "measured_profiles", "completed": 5, "planned": 6, "failed": 0, "elapsed_seconds": 67.14080066885799}
{"stage": "measured_profiles", "completed": 6, "planned": 6, "failed": 0, "elapsed_seconds": 67.9444986009039}
