dataset,region,mode,arm,control,planned_pairs,common_success_pairs,failed_or_invalid_pairs,subjects,gain,ci_low,ci_high,metric,positive_gain,interval
eeg_fnirs_single_trial,motor,HbO_hidden,R0_PCA_refit,R1_broadband,24,23,1,6,-0.21238898452383015,-0.4227818165370613,-0.04923565030889067,Hb_nrmse,arm_better,subject_block_1000_frozen_coordinates_exploratory
eeg_fnirs_single_trial,motor,HbO_hidden,R2_selected,R1_broadband,24,23,1,6,0.013988589746470647,-0.012990861076837569,0.05212367623099334,Hb_nrmse,arm_better,subject_block_1000_frozen_coordinates_exploratory
eeg_fnirs_single_trial,motor,HbO_hidden,R2_zero,R1_broadband,24,23,1,6,-0.0026024572419451847,-0.014532864376847815,0.00571749754109714,Hb_nrmse,arm_better,subject_block_1000_frozen_coordinates_exploratory
eeg_fnirs_single_trial,motor,HbO_hidden,independent,R1_broadband,24,23,1,6,-0.29196887366840946,-1.0209293911116668,0.15670355798712293,Hb_nrmse,arm_better,subject_block_1000_frozen_coordinates_exploratory
eeg_fnirs_single_trial,motor,HbO_hidden,own_context,R1_broadband,24,23,1,6,0.06005797356591568,-0.15808933852577203,0.2291516126070836,Hb_nrmse,arm_better,subject_block_1000_frozen_coordinates_exploratory
eeg_fnirs_single_trial,motor,HbO_hidden,ridge_cross,R1_broadband,24,23,1,6,0.13524957337608154,-0.008305279106740978,0.292713396180113,Hb_nrmse,arm_better,subject_block_1000_frozen_coordinates_exploratory
eeg_fnirs_single_trial,motor,HbO_hidden,training_template,R1_broadband,24,23,1,6,0.06005797356591568,-0.17124259452740834,0.22724134941248483,Hb_nrmse,arm_better,subject_block_1000_frozen_coordinates_exploratory
eeg_fnirs_single_trial,motor,HbO_hidden,R1_broadband,R0_PCA_refit,24,23,1,6,0.21238898452383015,0.0478820311941407,0.42278181653706126,Hb_nrmse,arm_better,subject_block_1000_frozen_coordinates_exploratory
eeg_fnirs_single_trial,motor,HbO_hidden,R2_selected,R0_PCA_refit,24,23,1,6,0.2263775742703008,0.03954619641176498,0.44257545442697127,Hb_nrmse,arm_better,subject_block_1000_frozen_coordinates_exploratory
eeg_fnirs_single_trial,motor,HbO_hidden,R2_zero,R0_PCA_refit,24,23,1,6,0.209786527281885,0.050685625057139604,0.4073187766043399,Hb_nrmse,arm_better,subject_block_1000_frozen_coordinates_exploratory
eeg_fnirs_single_trial,motor,HbO_hidden,independent,R0_PCA_refit,24,23,1,6,-0.07957988914457936,-0.9206716241670474,0.5582784096359025,Hb_nrmse,arm_better,subject_block_1000_frozen_coordinates_exploratory
eeg_fnirs_single_trial,motor,HbO_hidden,own_context,R0_PCA_refit,24,23,1,6,0.2724469580897459,-0.0594659045387611,0.6201597245917557,Hb_nrmse,arm_better,subject_block_1000_frozen_coordinates_exploratory
eeg_fnirs_single_trial,motor,HbO_hidden,ridge_cross,R0_PCA_refit,24,23,1,6,0.34763855789991166,0.04399912168063331,0.6810706446988641,Hb_nrmse,arm_better,subject_block_1000_frozen_coordinates_exploratory
eeg_fnirs_single_trial,motor,HbO_hidden,training_template,R0_PCA_refit,24,23,1,6,0.2724469580897459,-0.07830999033189628,0.6538453258719158,Hb_nrmse,arm_better,subject_block_1000_frozen_coordinates_exploratory
eeg_fnirs_single_trial,motor,HbO_hidden,R0_PCA_refit,independent,24,23,1,6,0.07957988914457936,-0.5485565064469587,0.9207217865987423,Hb_nrmse,arm_better,subject_block_1000_frozen_coordinates_exploratory
eeg_fnirs_single_trial,motor,HbO_hidden,R1_broadband,independent,24,23,1,6,0.29196887366840946,-0.14025423564849296,1.030120902889281,Hb_nrmse,arm_better,subject_block_1000_frozen_coordinates_exploratory
eeg_fnirs_single_trial,motor,HbO_hidden,R2_selected,independent,24,23,1,6,0.30595746341488006,-0.12033723405399106,1.0468196390596736,Hb_nrmse,arm_better,subject_block_1000_frozen_coordinates_exploratory
eeg_fnirs_single_trial,motor,HbO_hidden,R2_zero,independent,24,23,1,6,0.28936641642646427,-0.15671324297133452,1.036286539187973,Hb_nrmse,arm_better,subject_block_1000_frozen_coordinates_exploratory
eeg_fnirs_single_trial,motor,HbO_hidden,own_context,independent,24,24,0,6,0.5656169047967098,0.06159321542625365,1.5193925893409064,Hb_nrmse,arm_better,subject_block_1000_frozen_coordinates_exploratory
eeg_fnirs_single_trial,motor,HbO_hidden,ridge_cross,independent,24,24,0,6,0.7715614654617983,0.08752258600120828,2.069394020740907,Hb_nrmse,arm_better,subject_block_1000_frozen_coordinates_exploratory
eeg_fnirs_single_trial,motor,HbO_hidden,training_template,independent,24,24,0,6,0.5656169047967098,0.06488645662722359,1.5156691519615981,Hb_nrmse,arm_better,subject_block_1000_frozen_coordinates_exploratory
eeg_fnirs_single_trial,motor,HbO_hidden,R0_PCA_refit,training_template,24,23,1,6,-0.2724469580897459,-0.6240018721545204,0.08926832349770215,Hb_nrmse,arm_better,subject_block_1000_frozen_coordinates_exploratory
eeg_fnirs_single_trial,motor,HbO_hidden,R1_broadband,training_template,24,23,1,6,-0.06005797356591568,-0.24128324675720422,0.15870187080580375,Hb_nrmse,arm_better,subject_block_1000_frozen_coordinates_exploratory
eeg_fnirs_single_trial,motor,HbO_hidden,R2_selected,training_template,24,23,1,6,-0.04606938381944503,-0.19716673335379895,0.18284817576956272,Hb_nrmse,arm_better,subject_block_1000_frozen_coordinates_exploratory
eeg_fnirs_single_trial,motor,HbO_hidden,R2_zero,training_template,24,23,1,6,-0.06266043080786086,-0.23826225456588948,0.17239276701757592,Hb_nrmse,arm_better,subject_block_1000_frozen_coordinates_exploratory
eeg_fnirs_single_trial,motor,HbO_hidden,independent,training_template,24,24,0,6,-0.5656169047967098,-1.519488460254866,-0.061835532242864415,Hb_nrmse,arm_better,subject_block_1000_frozen_coordinates_exploratory
eeg_fnirs_single_trial,motor,HbO_hidden,own_context,training_template,24,24,0,6,0.0,0.0,0.0,Hb_nrmse,arm_better,subject_block_1000_frozen_coordinates_exploratory
eeg_fnirs_single_trial,motor,HbO_hidden,ridge_cross,training_template,24,24,0,6,0.2059445606650885,0.00034445311344100116,0.569171475349609,Hb_nrmse,arm_better,subject_block_1000_frozen_coordinates_exploratory
eeg_fnirs_single_trial,motor,HbO_hidden,R0_PCA_refit,own_context,24,23,1,6,-0.2724469580897459,-0.6240018721545204,0.06392797574059743,Hb_nrmse,arm_better,subject_block_1000_frozen_coordinates_exploratory
eeg_fnirs_single_trial,motor,HbO_hidden,R1_broadband,own_context,24,23,1,6,-0.06005797356591568,-0.2291516126070836,0.17091056742566577,Hb_nrmse,arm_better,subject_block_1000_frozen_coordinates_exploratory
eeg_fnirs_single_trial,motor,HbO_hidden,R2_selected,own_context,24,23,1,6,-0.04606938381944503,-0.19707902758178922,0.17873082719579592,Hb_nrmse,arm_better,subject_block_1000_frozen_coordinates_exploratory
eeg_fnirs_single_trial,motor,HbO_hidden,R2_zero,own_context,24,23,1,6,-0.06266043080786086,-0.23368665671807318,0.1941000848879606,Hb_nrmse,arm_better,subject_block_1000_frozen_coordinates_exploratory
eeg_fnirs_single_trial,motor,HbO_hidden,independent,own_context,24,24,0,6,-0.5656169047967098,-1.5036102252730486,-0.05775877702852535,Hb_nrmse,arm_better,subject_block_1000_frozen_coordinates_exploratory
eeg_fnirs_single_trial,motor,HbO_hidden,ridge_cross,own_context,24,24,0,6,0.2059445606650885,0.00034445311344100116,0.569065812500411,Hb_nrmse,arm_better,subject_block_1000_frozen_coordinates_exploratory
eeg_fnirs_single_trial,motor,HbO_hidden,training_template,own_context,24,24,0,6,0.0,0.0,0.0,Hb_nrmse,arm_better,subject_block_1000_frozen_coordinates_exploratory
eeg_fnirs_single_trial,motor,HbO_hidden,R0_PCA_refit,ridge_cross,24,23,1,6,-0.34763855789991166,-0.6903205655424233,-0.06767220386755567,Hb_nrmse,arm_better,subject_block_1000_frozen_coordinates_exploratory
eeg_fnirs_single_trial,motor,HbO_hidden,R1_broadband,ridge_cross,24,23,1,6,-0.13524957337608154,-0.28050958291385064,0.01459570072807344,Hb_nrmse,arm_better,subject_block_1000_frozen_coordinates_exploratory
eeg_fnirs_single_trial,motor,HbO_hidden,R2_selected,ridge_cross,24,23,1,6,-0.12126098362961087,-0.24739360932128662,0.018495779055475347,Hb_nrmse,arm_better,subject_block_1000_frozen_coordinates_exploratory
eeg_fnirs_single_trial,motor,HbO_hidden,R2_zero,ridge_cross,24,23,1,6,-0.13785203061802673,-0.29000988851270953,0.026925434804395184,Hb_nrmse,arm_better,subject_block_1000_frozen_coordinates_exploratory
eeg_fnirs_single_trial,motor,HbO_hidden,independent,ridge_cross,24,24,0,6,-0.7715614654617983,-2.079730014733933,-0.08752258600120828,Hb_nrmse,arm_better,subject_block_1000_frozen_coordinates_exploratory
eeg_fnirs_single_trial,motor,HbO_hidden,own_context,ridge_cross,24,24,0,6,-0.2059445606650885,-0.5709920489153509,-0.00034445311344100116,Hb_nrmse,arm_better,subject_block_1000_frozen_coordinates_exploratory
eeg_fnirs_single_trial,motor,HbO_hidden,training_template,ridge_cross,24,24,0,6,-0.2059445606650885,-0.5623963370112589,-0.0010899538417430028,Hb_nrmse,arm_better,subject_block_1000_frozen_coordinates_exploratory
eeg_fnirs_single_trial,motor,HbR_hidden,R0_PCA_refit,R1_broadband,24,24,0,6,0.010856598555166928,-0.017130370736081035,0.03502074514619533,Hb_nrmse,arm_better,subject_block_1000_frozen_coordinates_exploratory
eeg_fnirs_single_trial,motor,HbR_hidden,R2_selected,R1_broadband,24,24,0,6,0.0045283172549351785,-0.004232487116245698,0.011902130733185612,Hb_nrmse,arm_better,subject_block_1000_frozen_coordinates_exploratory
eeg_fnirs_single_trial,motor,HbR_hidden,R2_zero,R1_broadband,24,24,0,6,0.001082218961311661,-0.0012150370407272195,0.0035519056704512897,Hb_nrmse,arm_better,subject_block_1000_frozen_coordinates_exploratory
eeg_fnirs_single_trial,motor,HbR_hidden,independent,R1_broadband,24,24,0,6,0.06746389888012118,-0.0018053462227281003,0.1394601276880872,Hb_nrmse,arm_better,subject_block_1000_frozen_coordinates_exploratory
eeg_fnirs_single_trial,motor,HbR_hidden,own_context,R1_broadband,24,24,0,6,-0.044920948292310296,-0.12669020987802548,0.06339648906138966,Hb_nrmse,arm_better,subject_block_1000_frozen_coordinates_exploratory
eeg_fnirs_single_trial,motor,HbR_hidden,ridge_cross,R1_broadband,24,24,0,6,-0.015343055191361513,-0.3468679631423342,0.46500065967312165,Hb_nrmse,arm_better,subject_block_1000_frozen_coordinates_exploratory
eeg_fnirs_single_trial,motor,HbR_hidden,training_template,R1_broadband,24,24,0,6,-0.044920948292310296,-0.12667405167183943,0.06339648906138966,Hb_nrmse,arm_better,subject_block_1000_frozen_coordinates_exploratory
eeg_fnirs_single_trial,motor,HbR_hidden,R1_broadband,R0_PCA_refit,24,24,0,6,-0.010856598555166928,-0.037152374605861176,0.018992110561560065,Hb_nrmse,arm_better,subject_block_1000_frozen_coordinates_exploratory
eeg_fnirs_single_trial,motor,HbR_hidden,R2_selected,R0_PCA_refit,24,24,0,6,-0.006328281300231751,-0.03048105700092803,0.02562710485930574,Hb_nrmse,arm_better,subject_block_1000_frozen_coordinates_exploratory
eeg_fnirs_single_trial,motor,HbR_hidden,R2_zero,R0_PCA_refit,24,24,0,6,-0.009774379593855268,-0.034231861916907004,0.019207404904161406,Hb_nrmse,arm_better,subject_block_1000_frozen_coordinates_exploratory
eeg_fnirs_single_trial,motor,HbR_hidden,independent,R0_PCA_refit,24,24,0,6,0.05660730032495425,-0.009515344444788366,0.12059357881988954,Hb_nrmse,arm_better,subject_block_1000_frozen_coordinates_exploratory
eeg_fnirs_single_trial,motor,HbR_hidden,own_context,R0_PCA_refit,24,24,0,6,-0.05577754684747721,-0.1424986867110821,0.0495291419876466,Hb_nrmse,arm_better,subject_block_1000_frozen_coordinates_exploratory
eeg_fnirs_single_trial,motor,HbR_hidden,ridge_cross,R0_PCA_refit,24,24,0,6,-0.026199653746528478,-0.3624221390737466,0.4132498965208488,Hb_nrmse,arm_better,subject_block_1000_frozen_coordinates_exploratory
eeg_fnirs_single_trial,motor,HbR_hidden,training_template,R0_PCA_refit,24,24,0,6,-0.05577754684747721,-0.1424986867110821,0.05010626878654658,Hb_nrmse,arm_better,subject_block_1000_frozen_coordinates_exploratory
eeg_fnirs_single_trial,motor,HbR_hidden,R0_PCA_refit,independent,24,24,0,6,-0.05660730032495425,-0.11645438767289346,0.010476909088438282,Hb_nrmse,arm_better,subject_block_1000_frozen_coordinates_exploratory
eeg_fnirs_single_trial,motor,HbR_hidden,R1_broadband,independent,24,24,0,6,-0.06746389888012118,-0.13946228581100847,-0.0007483339112689656,Hb_nrmse,arm_better,subject_block_1000_frozen_coordinates_exploratory
eeg_fnirs_single_trial,motor,HbR_hidden,R2_selected,independent,24,24,0,6,-0.062935581625186,-0.13581679306259356,0.006201618968140525,Hb_nrmse,arm_better,subject_block_1000_frozen_coordinates_exploratory
eeg_fnirs_single_trial,motor,HbR_hidden,R2_zero,independent,24,24,0,6,-0.06638167991880951,-0.1386868055518575,-0.0014185230753554956,Hb_nrmse,arm_better,subject_block_1000_frozen_coordinates_exploratory
eeg_fnirs_single_trial,motor,HbR_hidden,own_context,independent,24,24,0,6,-0.11238484717243147,-0.17696196137648745,-0.04840054144534983,Hb_nrmse,arm_better,subject_block_1000_frozen_coordinates_exploratory
eeg_fnirs_single_trial,motor,HbR_hidden,ridge_cross,independent,24,24,0,6,-0.08280695407148271,-0.355204772247115,0.3314495827546053,Hb_nrmse,arm_better,subject_block_1000_frozen_coordinates_exploratory
eeg_fnirs_single_trial,motor,HbR_hidden,training_template,independent,24,24,0,6,-0.11238484717243147,-0.1843166212974589,-0.047888693664263036,Hb_nrmse,arm_better,subject_block_1000_frozen_coordinates_exploratory
eeg_fnirs_single_trial,motor,HbR_hidden,R0_PCA_refit,training_template,24,24,0,6,0.05577754684747721,-0.05154711123960844,0.14137127092190527,Hb_nrmse,arm_better,subject_block_1000_frozen_coordinates_exploratory
eeg_fnirs_single_trial,motor,HbR_hidden,R1_broadband,training_template,24,24,0,6,0.044920948292310296,-0.06338851222542438,0.1266820285078047,Hb_nrmse,arm_better,subject_block_1000_frozen_coordinates_exploratory
eeg_fnirs_single_trial,motor,HbR_hidden,R2_selected,training_template,24,24,0,6,0.04944926554724547,-0.06666118232190803,0.12378923784560705,Hb_nrmse,arm_better,subject_block_1000_frozen_coordinates_exploratory
eeg_fnirs_single_trial,motor,HbR_hidden,R2_zero,training_template,24,24,0,6,0.04600316725362195,-0.06331771346782394,0.12623631290095877,Hb_nrmse,arm_better,subject_block_1000_frozen_coordinates_exploratory
eeg_fnirs_single_trial,motor,HbR_hidden,independent,training_template,24,24,0,6,0.11238484717243147,0.05371824329280071,0.17696928745425425,Hb_nrmse,arm_better,subject_block_1000_frozen_coordinates_exploratory
eeg_fnirs_single_trial,motor,HbR_hidden,own_context,training_template,24,24,0,6,0.0,0.0,0.0,Hb_nrmse,arm_better,subject_block_1000_frozen_coordinates_exploratory
eeg_fnirs_single_trial,motor,HbR_hidden,ridge_cross,training_template,24,24,0,6,0.029577893100948716,-0.2500260034153868,0.4194111410384491,Hb_nrmse,arm_better,subject_block_1000_frozen_coordinates_exploratory
eeg_fnirs_single_trial,motor,HbR_hidden,R0_PCA_refit,own_context,24,24,0,6,0.05577754684747721,-0.045871436699746936,0.14107172321249473,Hb_nrmse,arm_better,subject_block_1000_frozen_coordinates_exploratory
eeg_fnirs_single_trial,motor,HbR_hidden,R1_broadband,own_context,24,24,0,6,0.044920948292310296,-0.059508689796100994,0.13066930515501815,Hb_nrmse,arm_better,subject_block_1000_frozen_coordinates_exploratory
eeg_fnirs_single_trial,motor,HbR_hidden,R2_selected,own_context,24,24,0,6,0.04944926554724547,-0.06646175465581868,0.12713331964227387,Hb_nrmse,arm_better,subject_block_1000_frozen_coordinates_exploratory
eeg_fnirs_single_trial,motor,HbR_hidden,R2_zero,own_context,24,24,0,6,0.04600316725362195,-0.06390555982165493,0.1305859799595155,Hb_nrmse,arm_better,subject_block_1000_frozen_coordinates_exploratory
eeg_fnirs_single_trial,motor,HbR_hidden,independent,own_context,24,24,0,6,0.11238484717243147,0.047891947616138165,0.18460233833036443,Hb_nrmse,arm_better,subject_block_1000_frozen_coordinates_exploratory
eeg_fnirs_single_trial,motor,HbR_hidden,ridge_cross,own_context,24,24,0,6,0.029577893100948716,-0.2469396375683765,0.4194111410384491,Hb_nrmse,arm_better,subject_block_1000_frozen_coordinates_exploratory
eeg_fnirs_single_trial,motor,HbR_hidden,training_template,own_context,24,24,0,6,0.0,0.0,0.0,Hb_nrmse,arm_better,subject_block_1000_frozen_coordinates_exploratory
eeg_fnirs_single_trial,motor,HbR_hidden,R0_PCA_refit,ridge_cross,24,24,0,6,0.026199653746528478,-0.4048652870807805,0.3441993391728275,Hb_nrmse,arm_better,subject_block_1000_frozen_coordinates_exploratory
eeg_fnirs_single_trial,motor,HbR_hidden,R1_broadband,ridge_cross,24,24,0,6,0.015343055191361513,-0.4703532433182251,0.3592528252007213,Hb_nrmse,arm_better,subject_block_1000_frozen_coordinates_exploratory
eeg_fnirs_single_trial,motor,HbR_hidden,R2_selected,ridge_cross,24,24,0,6,0.019871372446296737,-0.46822520178938803,0.34543576251681785,Hb_nrmse,arm_better,subject_block_1000_frozen_coordinates_exploratory
eeg_fnirs_single_trial,motor,HbR_hidden,R2_zero,ridge_cross,24,24,0,6,0.016425274152673214,-0.4682961072517558,0.3415873703748778,Hb_nrmse,arm_better,subject_block_1000_frozen_coordinates_exploratory
eeg_fnirs_single_trial,motor,HbR_hidden,independent,ridge_cross,24,24,0,6,0.08280695407148271,-0.31056149541395567,0.3520673477404488,Hb_nrmse,arm_better,subject_block_1000_frozen_coordinates_exploratory
eeg_fnirs_single_trial,motor,HbR_hidden,own_context,ridge_cross,24,24,0,6,-0.029577893100948716,-0.40329490092205855,0.2502396243303874,Hb_nrmse,arm_better,subject_block_1000_frozen_coordinates_exploratory
eeg_fnirs_single_trial,motor,HbR_hidden,training_template,ridge_cross,24,24,0,6,-0.029577893100948716,-0.4017634471335694,0.25155915856690375,Hb_nrmse,arm_better,subject_block_1000_frozen_coordinates_exploratory
eeg_fnirs_single_trial,motor,Hb_hidden,R0_PCA_refit,R1_broadband,24,24,0,6,-0.23397459104095533,-0.4348583481062147,-0.05820052944445035,Hb_nrmse,arm_better,subject_block_1000_frozen_coordinates_exploratory
eeg_fnirs_single_trial,motor,Hb_hidden,R2_selected,R1_broadband,24,24,0,6,0.024039564772135726,-0.0066951797549947316,0.06052889954520093,Hb_nrmse,arm_better,subject_block_1000_frozen_coordinates_exploratory
eeg_fnirs_single_trial,motor,Hb_hidden,R2_zero,R1_broadband,24,24,0,6,-0.0017359394902632305,-0.010724226933596955,0.005062411653151536,Hb_nrmse,arm_better,subject_block_1000_frozen_coordinates_exploratory
eeg_fnirs_single_trial,motor,Hb_hidden,independent,R1_broadband,24,24,0,6,0.17558767874997297,0.016319520265930018,0.34492758524854983,Hb_nrmse,arm_better,subject_block_1000_frozen_coordinates_exploratory
eeg_fnirs_single_trial,motor,Hb_hidden,own_context,R1_broadband,24,24,0,6,0.11516620667961082,0.0027991816307359634,0.2469756520483327,Hb_nrmse,arm_better,subject_block_1000_frozen_coordinates_exploratory
eeg_fnirs_single_trial,motor,Hb_hidden,ridge_cross,R1_broadband,24,24,0,6,0.08835454737906585,-0.014234889653261694,0.2082592562567996,Hb_nrmse,arm_better,subject_block_1000_frozen_coordinates_exploratory
eeg_fnirs_single_trial,motor,Hb_hidden,training_template,R1_broadband,24,24,0,6,0.11516620667961082,0.008840449172419334,0.23615213396156445,Hb_nrmse,arm_better,subject_block_1000_frozen_coordinates_exploratory
eeg_fnirs_single_trial,motor,Hb_hidden,R1_broadband,R0_PCA_refit,24,24,0,6,0.23397459104095533,0.07372054649832546,0.43534727920522576,Hb_nrmse,arm_better,subject_block_1000_frozen_coordinates_exploratory
eeg_fnirs_single_trial,motor,Hb_hidden,R2_selected,R0_PCA_refit,24,24,0,6,0.25801415581309106,0.054367981891235956,0.4994991290427993,Hb_nrmse,arm_better,subject_block_1000_frozen_coordinates_exploratory
eeg_fnirs_single_trial,motor,Hb_hidden,R2_zero,R0_PCA_refit,24,24,0,6,0.23223865155069212,0.059774666640898276,0.4269003127218043,Hb_nrmse,arm_better,subject_block_1000_frozen_coordinates_exploratory
eeg_fnirs_single_trial,motor,Hb_hidden,independent,R0_PCA_refit,24,24,0,6,0.4095622697909284,0.0900797135059741,0.7749511252313335,Hb_nrmse,arm_better,subject_block_1000_frozen_coordinates_exploratory
eeg_fnirs_single_trial,motor,Hb_hidden,own_context,R0_PCA_refit,24,24,0,6,0.3491407977205663,0.08896185678829964,0.7120737488498334,Hb_nrmse,arm_better,subject_block_1000_frozen_coordinates_exploratory
eeg_fnirs_single_trial,motor,Hb_hidden,ridge_cross,R0_PCA_refit,24,24,0,6,0.32232913842002126,0.03802443408328918,0.6782991862909155,Hb_nrmse,arm_better,subject_block_1000_frozen_coordinates_exploratory
eeg_fnirs_single_trial,motor,Hb_hidden,training_template,R0_PCA_refit,24,24,0,6,0.3491407977205663,0.05857586201130493,0.6967479620044248,Hb_nrmse,arm_better,subject_block_1000_frozen_coordinates_exploratory
eeg_fnirs_single_trial,motor,Hb_hidden,R0_PCA_refit,independent,24,24,0,6,-0.4095622697909284,-0.8014596140157593,-0.07735815273495596,Hb_nrmse,arm_better,subject_block_1000_frozen_coordinates_exploratory
eeg_fnirs_single_trial,motor,Hb_hidden,R1_broadband,independent,24,24,0,6,-0.17558767874997297,-0.33729221722400543,-0.021553614402362503,Hb_nrmse,arm_better,subject_block_1000_frozen_coordinates_exploratory
eeg_fnirs_single_trial,motor,Hb_hidden,R2_selected,independent,24,24,0,6,-0.15154811397783727,-0.29319248475620496,-0.027712592404540385,Hb_nrmse,arm_better,subject_block_1000_frozen_coordinates_exploratory
eeg_fnirs_single_trial,motor,Hb_hidden,R2_zero,independent,24,24,0,6,-0.1773236182402362,-0.3524863634121911,-0.026411768997403728,Hb_nrmse,arm_better,subject_block_1000_frozen_coordinates_exploratory
eeg_fnirs_single_trial,motor,Hb_hidden,own_context,independent,24,24,0,6,-0.06042147207036214,-0.10206065341707325,-0.018782290723651035,Hb_nrmse,arm_better,subject_block_1000_frozen_coordinates_exploratory
eeg_fnirs_single_trial,motor,Hb_hidden,ridge_cross,independent,24,24,0,6,-0.08723313137090712,-0.13311945831710484,-0.03933371865166679,Hb_nrmse,arm_better,subject_block_1000_frozen_coordinates_exploratory
eeg_fnirs_single_trial,motor,Hb_hidden,training_template,independent,24,24,0,6,-0.06042147207036214,-0.10226335068695143,-0.017851684285134572,Hb_nrmse,arm_better,subject_block_1000_frozen_coordinates_exploratory
eeg_fnirs_single_trial,motor,Hb_hidden,R0_PCA_refit,training_template,24,24,0,6,-0.3491407977205663,-0.6712129306844169,-0.07411692398409882,Hb_nrmse,arm_better,subject_block_1000_frozen_coordinates_exploratory
eeg_fnirs_single_trial,motor,Hb_hidden,R1_broadband,training_template,24,24,0,6,-0.11516620667961082,-0.2488235084565861,-0.004381374786004301,Hb_nrmse,arm_better,subject_block_1000_frozen_coordinates_exploratory
eeg_fnirs_single_trial,motor,Hb_hidden,R2_selected,training_template,24,24,0,6,-0.0911266419074751,-0.19359936696414254,-0.012111582964677866,Hb_nrmse,arm_better,subject_block_1000_frozen_coordinates_exploratory
eeg_fnirs_single_trial,motor,Hb_hidden,R2_zero,training_template,24,24,0,6,-0.11690214616987409,-0.25954773539018305,-0.0023451848210802365,Hb_nrmse,arm_better,subject_block_1000_frozen_coordinates_exploratory
eeg_fnirs_single_trial,motor,Hb_hidden,independent,training_template,24,24,0,6,0.06042147207036214,0.018782290723651035,0.09574199152714417,Hb_nrmse,arm_better,subject_block_1000_frozen_coordinates_exploratory
eeg_fnirs_single_trial,motor,Hb_hidden,own_context,training_template,24,24,0,6,0.0,0.0,0.0,Hb_nrmse,arm_better,subject_block_1000_frozen_coordinates_exploratory
eeg_fnirs_single_trial,motor,Hb_hidden,ridge_cross,training_template,24,24,0,6,-0.026811659300544962,-0.03332221402248187,-0.01890688349935891,Hb_nrmse,arm_better,subject_block_1000_frozen_coordinates_exploratory
eeg_fnirs_single_trial,motor,Hb_hidden,R0_PCA_refit,own_context,24,24,0,6,-0.3491407977205663,-0.6966628663919653,-0.059442524348533886,Hb_nrmse,arm_better,subject_block_1000_frozen_coordinates_exploratory
eeg_fnirs_single_trial,motor,Hb_hidden,R1_broadband,own_context,24,24,0,6,-0.11516620667961082,-0.23878922117392587,0.00039797336018996366,Hb_nrmse,arm_better,subject_block_1000_frozen_coordinates_exploratory
eeg_fnirs_single_trial,motor,Hb_hidden,R2_selected,own_context,24,24,0,6,-0.0911266419074751,-0.1909145992540727,-0.006847396333755275,Hb_nrmse,arm_better,subject_block_1000_frozen_coordinates_exploratory
eeg_fnirs_single_trial,motor,Hb_hidden,R2_zero,own_context,24,24,0,6,-0.11690214616987409,-0.24293266849538372,-0.0023451848210802365,Hb_nrmse,arm_better,subject_block_1000_frozen_coordinates_exploratory
eeg_fnirs_single_trial,motor,Hb_hidden,independent,own_context,24,24,0,6,0.06042147207036214,0.018782290723651035,0.09549873171660656,Hb_nrmse,arm_better,subject_block_1000_frozen_coordinates_exploratory
eeg_fnirs_single_trial,motor,Hb_hidden,ridge_cross,own_context,24,24,0,6,-0.026811659300544962,-0.03322967342447072,-0.019298100257282545,Hb_nrmse,arm_better,subject_block_1000_frozen_coordinates_exploratory
eeg_fnirs_single_trial,motor,Hb_hidden,training_template,own_context,24,24,0,6,0.0,0.0,0.0,Hb_nrmse,arm_better,subject_block_1000_frozen_coordinates_exploratory
eeg_fnirs_single_trial,motor,Hb_hidden,R0_PCA_refit,ridge_cross,24,24,0,6,-0.32232913842002126,-0.6495668452676614,-0.04015224147229739,Hb_nrmse,arm_better,subject_block_1000_frozen_coordinates_exploratory
eeg_fnirs_single_trial,motor,Hb_hidden,R1_broadband,ridge_cross,24,24,0,6,-0.08835454737906585,-0.22110627257904436,0.01775224629727979,Hb_nrmse,arm_better,subject_block_1000_frozen_coordinates_exploratory
eeg_fnirs_single_trial,motor,Hb_hidden,R2_selected,ridge_cross,24,24,0,6,-0.06431498260693015,-0.16808108793458576,0.012084179177417241,Hb_nrmse,arm_better,subject_block_1000_frozen_coordinates_exploratory
eeg_fnirs_single_trial,motor,Hb_hidden,R2_zero,ridge_cross,24,24,0,6,-0.09009048686932912,-0.21306196170242284,0.01851287771104335,Hb_nrmse,arm_better,subject_block_1000_frozen_coordinates_exploratory
eeg_fnirs_single_trial,motor,Hb_hidden,independent,ridge_cross,24,24,0,6,0.08723313137090712,0.03933371865166679,0.13195740052235766,Hb_nrmse,arm_better,subject_block_1000_frozen_coordinates_exploratory
eeg_fnirs_single_trial,motor,Hb_hidden,own_context,ridge_cross,24,24,0,6,0.026811659300544962,0.018607394760909234,0.03362875791231329,Hb_nrmse,arm_better,subject_block_1000_frozen_coordinates_exploratory
eeg_fnirs_single_trial,motor,Hb_hidden,training_template,ridge_cross,24,24,0,6,0.026811659300544962,0.018600960298389497,0.03332073453457598,Hb_nrmse,arm_better,subject_block_1000_frozen_coordinates_exploratory
eeg_fnirs_single_trial,motor,center_Hb,R0_PCA_refit,R1_broadband,24,24,0,6,-0.06089816870950938,-0.14201356523166503,0.022995346923718896,Hb_nrmse,arm_better,subject_block_1000_frozen_coordinates_exploratory
eeg_fnirs_single_trial,motor,center_Hb,R2_selected,R1_broadband,24,24,0,6,-0.006009529469631815,-0.034443994803129846,0.020221953091127554,Hb_nrmse,arm_better,subject_block_1000_frozen_coordinates_exploratory
eeg_fnirs_single_trial,motor,center_Hb,R2_zero,R1_broadband,24,24,0,6,0.001278704307485505,-0.008635236432453314,0.009617601283380904,Hb_nrmse,arm_better,subject_block_1000_frozen_coordinates_exploratory
eeg_fnirs_single_trial,motor,center_Hb,independent,R1_broadband,24,22,2,6,0.1818021104359926,0.06610547951924586,0.3054385102088821,Hb_nrmse,arm_better,subject_block_1000_frozen_coordinates_exploratory
eeg_fnirs_single_trial,motor,center_Hb,own_context,R1_broadband,24,24,0,6,0.23730586524236022,0.1395684461392091,0.34499981614622843,Hb_nrmse,arm_better,subject_block_1000_frozen_coordinates_exploratory
eeg_fnirs_single_trial,motor,center_Hb,ridge_cross,R1_broadband,24,24,0,6,0.17128623736468726,0.04800548481398009,0.30879610368697463,Hb_nrmse,arm_better,subject_block_1000_frozen_coordinates_exploratory
eeg_fnirs_single_trial,motor,center_Hb,training_template,R1_broadband,24,24,0,6,-0.3021814750705293,-0.6499283826796507,-0.031717137088929356,Hb_nrmse,arm_better,subject_block_1000_frozen_coordinates_exploratory
eeg_fnirs_single_trial,motor,center_Hb,R1_broadband,R0_PCA_refit,24,24,0,6,0.06089816870950938,-0.019694264976108346,0.1368186762351278,Hb_nrmse,arm_better,subject_block_1000_frozen_coordinates_exploratory
eeg_fnirs_single_trial,motor,center_Hb,R2_selected,R0_PCA_refit,24,24,0,6,0.05488863923987758,-0.04085339152740442,0.12377691285086742,Hb_nrmse,arm_better,subject_block_1000_frozen_coordinates_exploratory
eeg_fnirs_single_trial,motor,center_Hb,R2_zero,R0_PCA_refit,24,24,0,6,0.06217687301699489,-0.016413694706175708,0.1415976076117783,Hb_nrmse,arm_better,subject_block_1000_frozen_coordinates_exploratory
eeg_fnirs_single_trial,motor,center_Hb,independent,R0_PCA_refit,24,22,2,6,0.2358692479743855,0.13251337365130966,0.3520644191587563,Hb_nrmse,arm_better,subject_block_1000_frozen_coordinates_exploratory
eeg_fnirs_single_trial,motor,center_Hb,own_context,R0_PCA_refit,24,24,0,6,0.2982040339518696,0.19235484760632532,0.40996403050837765,Hb_nrmse,arm_better,subject_block_1000_frozen_coordinates_exploratory
eeg_fnirs_single_trial,motor,center_Hb,ridge_cross,R0_PCA_refit,24,24,0,6,0.23218440607419666,0.06939203234313514,0.3632545471171167,Hb_nrmse,arm_better,subject_block_1000_frozen_coordinates_exploratory
eeg_fnirs_single_trial,motor,center_Hb,training_template,R0_PCA_refit,24,24,0,6,-0.2412833063610199,-0.6757770811747491,0.09509758007450378,Hb_nrmse,arm_better,subject_block_1000_frozen_coordinates_exploratory
eeg_fnirs_single_trial,motor,center_Hb,R0_PCA_refit,independent,24,22,2,6,-0.2358692479743855,-0.35179710794122754,-0.13641463695188857,Hb_nrmse,arm_better,subject_block_1000_frozen_coordinates_exploratory
eeg_fnirs_single_trial,motor,center_Hb,R1_broadband,independent,24,22,2,6,-0.1818021104359926,-0.29406024924701263,-0.0750381130331547,Hb_nrmse,arm_better,subject_block_1000_frozen_coordinates_exploratory
eeg_fnirs_single_trial,motor,center_Hb,R2_selected,independent,24,22,2,6,-0.1896102229655904,-0.30584340755990364,-0.07514882440755896,Hb_nrmse,arm_better,subject_block_1000_frozen_coordinates_exploratory
eeg_fnirs_single_trial,motor,center_Hb,R2_zero,independent,24,22,2,6,-0.18062848980034363,-0.2911112377719909,-0.08108408818417322,Hb_nrmse,arm_better,subject_block_1000_frozen_coordinates_exploratory
eeg_fnirs_single_trial,motor,center_Hb,own_context,independent,24,22,2,6,0.06418809681910627,0.02323142584847115,0.10020093609898793,Hb_nrmse,arm_better,subject_block_1000_frozen_coordinates_exploratory
eeg_fnirs_single_trial,motor,center_Hb,ridge_cross,independent,24,22,2,6,-0.0057500912835652005,-0.061451234285227946,0.04919362161948308,Hb_nrmse,arm_better,subject_block_1000_frozen_coordinates_exploratory
eeg_fnirs_single_trial,motor,center_Hb,training_template,independent,24,22,2,6,-0.5210098495714816,-0.9921753027838264,-0.213209242266696,Hb_nrmse,arm_better,subject_block_1000_frozen_coordinates_exploratory
eeg_fnirs_single_trial,motor,center_Hb,R0_PCA_refit,training_template,24,24,0,6,0.2412833063610199,-0.09364897806208373,0.6595076748340072,Hb_nrmse,arm_better,subject_block_1000_frozen_coordinates_exploratory
eeg_fnirs_single_trial,motor,center_Hb,R1_broadband,training_template,24,24,0,6,0.3021814750705293,0.03198398608100645,0.653555151210152,Hb_nrmse,arm_better,subject_block_1000_frozen_coordinates_exploratory
eeg_fnirs_single_trial,motor,center_Hb,R2_selected,training_template,24,24,0,6,0.2961719456008975,0.01808378588583237,0.6343595921980945,Hb_nrmse,arm_better,subject_block_1000_frozen_coordinates_exploratory
eeg_fnirs_single_trial,motor,center_Hb,R2_zero,training_template,24,24,0,6,0.3034601793780148,0.016056068745704893,0.6635707020517866,Hb_nrmse,arm_better,subject_block_1000_frozen_coordinates_exploratory
eeg_fnirs_single_trial,motor,center_Hb,independent,training_template,24,22,2,6,0.5210098495714816,0.22401234127037664,0.9921753027838262,Hb_nrmse,arm_better,subject_block_1000_frozen_coordinates_exploratory
eeg_fnirs_single_trial,motor,center_Hb,own_context,training_template,24,24,0,6,0.5394873403128895,0.2509848980270675,0.9559576701978164,Hb_nrmse,arm_better,subject_block_1000_frozen_coordinates_exploratory
eeg_fnirs_single_trial,motor,center_Hb,ridge_cross,training_template,24,24,0,6,0.4734677124352165,0.21867205692054426,0.8634847562588678,Hb_nrmse,arm_better,subject_block_1000_frozen_coordinates_exploratory
eeg_fnirs_single_trial,motor,center_Hb,R0_PCA_refit,own_context,24,24,0,6,-0.2982040339518696,-0.4113920800197605,-0.1923841075688415,Hb_nrmse,arm_better,subject_block_1000_frozen_coordinates_exploratory
eeg_fnirs_single_trial,motor,center_Hb,R1_broadband,own_context,24,24,0,6,-0.23730586524236022,-0.35268623943884325,-0.1406705226586429,Hb_nrmse,arm_better,subject_block_1000_frozen_coordinates_exploratory
eeg_fnirs_single_trial,motor,center_Hb,R2_selected,own_context,24,24,0,6,-0.24331539471199204,-0.35438939789828944,-0.12256955533356352,Hb_nrmse,arm_better,subject_block_1000_frozen_coordinates_exploratory
eeg_fnirs_single_trial,motor,center_Hb,R2_zero,own_context,24,24,0,6,-0.23602716093487475,-0.344899595704302,-0.14135789815018138,Hb_nrmse,arm_better,subject_block_1000_frozen_coordinates_exploratory
eeg_fnirs_single_trial,motor,center_Hb,independent,own_context,24,22,2,6,-0.06418809681910627,-0.10040222123831598,-0.022959811998782977,Hb_nrmse,arm_better,subject_block_1000_frozen_coordinates_exploratory
eeg_fnirs_single_trial,motor,center_Hb,ridge_cross,own_context,24,24,0,6,-0.06601962787767295,-0.1374617462044154,-0.021050911832025142,Hb_nrmse,arm_better,subject_block_1000_frozen_coordinates_exploratory
eeg_fnirs_single_trial,motor,center_Hb,training_template,own_context,24,24,0,6,-0.5394873403128895,-0.9815064493311025,-0.23791264922248964,Hb_nrmse,arm_better,subject_block_1000_frozen_coordinates_exploratory
eeg_fnirs_single_trial,motor,center_Hb,R0_PCA_refit,ridge_cross,24,24,0,6,-0.23218440607419666,-0.3626703060709058,-0.08869821926980008,Hb_nrmse,arm_better,subject_block_1000_frozen_coordinates_exploratory
eeg_fnirs_single_trial,motor,center_Hb,R1_broadband,ridge_cross,24,24,0,6,-0.17128623736468726,-0.302522058584971,-0.04800548481398009,Hb_nrmse,arm_better,subject_block_1000_frozen_coordinates_exploratory
eeg_fnirs_single_trial,motor,center_Hb,R2_selected,ridge_cross,24,24,0,6,-0.1772957668343191,-0.30875733624768636,-0.03525267679372421,Hb_nrmse,arm_better,subject_block_1000_frozen_coordinates_exploratory
eeg_fnirs_single_trial,motor,center_Hb,R2_zero,ridge_cross,24,24,0,6,-0.17000753305720173,-0.3005500269505217,-0.04642457465136117,Hb_nrmse,arm_better,subject_block_1000_frozen_coordinates_exploratory
eeg_fnirs_single_trial,motor,center_Hb,independent,ridge_cross,24,22,2,6,0.0057500912835652005,-0.04918467819180955,0.06194055746970206,Hb_nrmse,arm_better,subject_block_1000_frozen_coordinates_exploratory
eeg_fnirs_single_trial,motor,center_Hb,own_context,ridge_cross,24,24,0,6,0.06601962787767295,0.018862465398475765,0.13605424197545338,Hb_nrmse,arm_better,subject_block_1000_frozen_coordinates_exploratory
eeg_fnirs_single_trial,motor,center_Hb,training_template,ridge_cross,24,24,0,6,-0.4734677124352165,-0.8670772866157127,-0.21867205692054428,Hb_nrmse,arm_better,subject_block_1000_frozen_coordinates_exploratory
eeg_fnirs_single_trial,motor,full,R0_PCA_refit,R1_broadband,24,24,0,6,0.02069565623935592,-0.02357303970236212,0.06782602206786513,Hb_nrmse,arm_better,subject_block_1000_frozen_coordinates_exploratory
eeg_fnirs_single_trial,motor,full,R2_selected,R1_broadband,24,24,0,6,-0.007271059175656895,-0.0174695431306357,0.0019577793627694757,Hb_nrmse,arm_better,subject_block_1000_frozen_coordinates_exploratory
eeg_fnirs_single_trial,motor,full,R2_zero,R1_broadband,24,24,0,6,0.0011433243664157797,-0.001405804685675827,0.0034968809084536703,Hb_nrmse,arm_better,subject_block_1000_frozen_coordinates_exploratory
eeg_fnirs_single_trial,motor,full,independent,R1_broadband,24,22,2,6,0.10047643142745544,0.07841983596388008,0.12966378958473646,Hb_nrmse,arm_better,subject_block_1000_frozen_coordinates_exploratory
eeg_fnirs_single_trial,motor,full,training_template,R1_broadband,24,24,0,6,-0.6164825869205653,-1.1495415792020516,-0.30099375700614434,Hb_nrmse,arm_better,subject_block_1000_frozen_coordinates_exploratory
eeg_fnirs_single_trial,motor,full,R1_broadband,R0_PCA_refit,24,24,0,6,-0.02069565623935592,-0.0633388350053108,0.024013917804120485,Hb_nrmse,arm_better,subject_block_1000_frozen_coordinates_exploratory
eeg_fnirs_single_trial,motor,full,R2_selected,R0_PCA_refit,24,24,0,6,-0.02796671541501281,-0.07809039179884981,0.013121083767337248,Hb_nrmse,arm_better,subject_block_1000_frozen_coordinates_exploratory
eeg_fnirs_single_trial,motor,full,R2_zero,R0_PCA_refit,24,24,0,6,-0.01955233187294014,-0.061279936678028286,0.020916086884461945,Hb_nrmse,arm_better,subject_block_1000_frozen_coordinates_exploratory
eeg_fnirs_single_trial,motor,full,independent,R0_PCA_refit,24,22,2,6,0.08924909024874243,0.06872144214652579,0.11291663540021422,Hb_nrmse,arm_better,subject_block_1000_frozen_coordinates_exploratory
eeg_fnirs_single_trial,motor,full,training_template,R0_PCA_refit,24,24,0,6,-0.6371782431599213,-1.1936121847002523,-0.3093526899090323,Hb_nrmse,arm_better,subject_block_1000_frozen_coordinates_exploratory
eeg_fnirs_single_trial,motor,full,R0_PCA_refit,independent,24,22,2,6,-0.08924909024874243,-0.11347228507728856,-0.06882818734246482,Hb_nrmse,arm_better,subject_block_1000_frozen_coordinates_exploratory
eeg_fnirs_single_trial,motor,full,R1_broadband,independent,24,22,2,6,-0.10047643142745544,-0.13069376748900893,-0.07795127996053618,Hb_nrmse,arm_better,subject_block_1000_frozen_coordinates_exploratory
eeg_fnirs_single_trial,motor,full,R2_selected,independent,24,22,2,6,-0.10590231551862034,-0.13969042505089055,-0.0817563923801801,Hb_nrmse,arm_better,subject_block_1000_frozen_coordinates_exploratory
eeg_fnirs_single_trial,motor,full,R2_zero,independent,24,22,2,6,-0.09981125305005083,-0.12850734714910803,-0.07810488399461572,Hb_nrmse,arm_better,subject_block_1000_frozen_coordinates_exploratory
eeg_fnirs_single_trial,motor,full,training_template,independent,24,22,2,6,-0.5923437205127087,-0.8779519032192421,-0.39553687574465135,Hb_nrmse,arm_better,subject_block_1000_frozen_coordinates_exploratory
eeg_fnirs_single_trial,motor,full,R0_PCA_refit,training_template,24,24,0,6,0.6371782431599213,0.30031707692405024,1.20273219794839,Hb_nrmse,arm_better,subject_block_1000_frozen_coordinates_exploratory
eeg_fnirs_single_trial,motor,full,R1_broadband,training_template,24,24,0,6,0.6164825869205653,0.30823702263575387,1.130697119183546,Hb_nrmse,arm_better,subject_block_1000_frozen_coordinates_exploratory
eeg_fnirs_single_trial,motor,full,R2_selected,training_template,24,24,0,6,0.6092115277449085,0.3047613394031188,1.113257884821551,Hb_nrmse,arm_better,subject_block_1000_frozen_coordinates_exploratory
eeg_fnirs_single_trial,motor,full,R2_zero,training_template,24,24,0,6,0.6176259112869812,0.3143120301708821,1.128385998381463,Hb_nrmse,arm_better,subject_block_1000_frozen_coordinates_exploratory
eeg_fnirs_single_trial,motor,full,independent,training_template,24,22,2,6,0.5923437205127087,0.39553687574465135,0.8904042588003627,Hb_nrmse,arm_better,subject_block_1000_frozen_coordinates_exploratory
eeg_fnirs_single_trial,motor,full,R0_PCA_refit,own_context,0,0,0,0,,,,Hb_nrmse,arm_better,subject_block_1000_frozen_coordinates_exploratory
eeg_fnirs_single_trial,motor,full,R1_broadband,own_context,0,0,0,0,,,,Hb_nrmse,arm_better,subject_block_1000_frozen_coordinates_exploratory
eeg_fnirs_single_trial,motor,full,R2_selected,own_context,0,0,0,0,,,,Hb_nrmse,arm_better,subject_block_1000_frozen_coordinates_exploratory
eeg_fnirs_single_trial,motor,full,R2_zero,own_context,0,0,0,0,,,,Hb_nrmse,arm_better,subject_block_1000_frozen_coordinates_exploratory
eeg_fnirs_single_trial,motor,full,independent,own_context,0,0,0,0,,,,Hb_nrmse,arm_better,subject_block_1000_frozen_coordinates_exploratory
eeg_fnirs_single_trial,motor,full,training_template,own_context,0,0,0,0,,,,Hb_nrmse,arm_better,subject_block_1000_frozen_coordinates_exploratory
eeg_fnirs_single_trial,motor,full,R0_PCA_refit,ridge_cross,0,0,0,0,,,,Hb_nrmse,arm_better,subject_block_1000_frozen_coordinates_exploratory
eeg_fnirs_single_trial,motor,full,R1_broadband,ridge_cross,0,0,0,0,,,,Hb_nrmse,arm_better,subject_block_1000_frozen_coordinates_exploratory
eeg_fnirs_single_trial,motor,full,R2_selected,ridge_cross,0,0,0,0,,,,Hb_nrmse,arm_better,subject_block_1000_frozen_coordinates_exploratory
eeg_fnirs_single_trial,motor,full,R2_zero,ridge_cross,0,0,0,0,,,,Hb_nrmse,arm_better,subject_block_1000_frozen_coordinates_exploratory
eeg_fnirs_single_trial,motor,full,independent,ridge_cross,0,0,0,0,,,,Hb_nrmse,arm_better,subject_block_1000_frozen_coordinates_exploratory
eeg_fnirs_single_trial,motor,full,training_template,ridge_cross,0,0,0,0,,,,Hb_nrmse,arm_better,subject_block_1000_frozen_coordinates_exploratory
eeg_fnirs_single_trial,posterior,HbO_hidden,R0_PCA_refit,R1_broadband,24,24,0,6,-0.085347082150597,-0.22547078476946195,0.0038139226909699848,Hb_nrmse,arm_better,subject_block_1000_frozen_coordinates_exploratory
eeg_fnirs_single_trial,posterior,HbO_hidden,R2_selected,R1_broadband,24,24,0,6,0.015614727806080498,-0.004322655579773557,0.029583148103513215,Hb_nrmse,arm_better,subject_block_1000_frozen_coordinates_exploratory
eeg_fnirs_single_trial,posterior,HbO_hidden,R2_zero,R1_broadband,24,24,0,6,-0.00016723588870078362,-0.00490156426358188,0.0032471708477025095,Hb_nrmse,arm_better,subject_block_1000_frozen_coordinates_exploratory
eeg_fnirs_single_trial,posterior,HbO_hidden,independent,R1_broadband,24,24,0,6,0.14676326134446943,0.05805746239782289,0.23409259569972085,Hb_nrmse,arm_better,subject_block_1000_frozen_coordinates_exploratory
eeg_fnirs_single_trial,posterior,HbO_hidden,own_context,R1_broadband,24,24,0,6,0.05115555536910382,-0.02466929290682197,0.10199927434224916,Hb_nrmse,arm_better,subject_block_1000_frozen_coordinates_exploratory
eeg_fnirs_single_trial,posterior,HbO_hidden,ridge_cross,R1_broadband,24,24,0,6,0.07124051747202,-0.011048628618488092,0.1569151460478538,Hb_nrmse,arm_better,subject_block_1000_frozen_coordinates_exploratory
eeg_fnirs_single_trial,posterior,HbO_hidden,training_template,R1_broadband,24,24,0,6,0.05115555536910382,-0.024722534633487944,0.10311626012496404,Hb_nrmse,arm_better,subject_block_1000_frozen_coordinates_exploratory
eeg_fnirs_single_trial,posterior,HbO_hidden,R1_broadband,R0_PCA_refit,24,24,0,6,0.085347082150597,-0.0019651555604634674,0.22547078476946192,Hb_nrmse,arm_better,subject_block_1000_frozen_coordinates_exploratory
eeg_fnirs_single_trial,posterior,HbO_hidden,R2_selected,R0_PCA_refit,24,24,0,6,0.10096180995667749,0.025396110143344405,0.22539118703086233,Hb_nrmse,arm_better,subject_block_1000_frozen_coordinates_exploratory
eeg_fnirs_single_trial,posterior,HbO_hidden,R2_zero,R0_PCA_refit,24,24,0,6,0.08517984626189623,-0.002269781788459819,0.22026607119011699,Hb_nrmse,arm_better,subject_block_1000_frozen_coordinates_exploratory
eeg_fnirs_single_trial,posterior,HbO_hidden,independent,R0_PCA_refit,24,24,0,6,0.23211034349506646,0.12127657723434226,0.34669314680860214,Hb_nrmse,arm_better,subject_block_1000_frozen_coordinates_exploratory
eeg_fnirs_single_trial,posterior,HbO_hidden,own_context,R0_PCA_refit,24,24,0,6,0.13650263751970082,-0.015989815829123833,0.2885242312737333,Hb_nrmse,arm_better,subject_block_1000_frozen_coordinates_exploratory
eeg_fnirs_single_trial,posterior,HbO_hidden,ridge_cross,R0_PCA_refit,24,24,0,6,0.15658759962261698,0.0344844539966674,0.2792401865262249,Hb_nrmse,arm_better,subject_block_1000_frozen_coordinates_exploratory
eeg_fnirs_single_trial,posterior,HbO_hidden,training_template,R0_PCA_refit,24,24,0,6,0.13650263751970082,-0.012105773766639688,0.2879694842079401,Hb_nrmse,arm_better,subject_block_1000_frozen_coordinates_exploratory
eeg_fnirs_single_trial,posterior,HbO_hidden,R0_PCA_refit,independent,24,24,0,6,-0.23211034349506646,-0.34748327477635804,-0.1168469216590937,Hb_nrmse,arm_better,subject_block_1000_frozen_coordinates_exploratory
eeg_fnirs_single_trial,posterior,HbO_hidden,R1_broadband,independent,24,24,0,6,-0.14676326134446943,-0.2256754140284588,-0.06188521903175561,Hb_nrmse,arm_better,subject_block_1000_frozen_coordinates_exploratory
eeg_fnirs_single_trial,posterior,HbO_hidden,R2_selected,independent,24,24,0,6,-0.13114853353838896,-0.21738352353731483,-0.050775906174250124,Hb_nrmse,arm_better,subject_block_1000_frozen_coordinates_exploratory
eeg_fnirs_single_trial,posterior,HbO_hidden,R2_zero,independent,24,24,0,6,-0.1469304972331702,-0.2297589511820543,-0.06432263970240089,Hb_nrmse,arm_better,subject_block_1000_frozen_coordinates_exploratory
eeg_fnirs_single_trial,posterior,HbO_hidden,own_context,independent,24,24,0,6,-0.09560770597536562,-0.22600389620587336,0.017931244444227654,Hb_nrmse,arm_better,subject_block_1000_frozen_coordinates_exploratory
eeg_fnirs_single_trial,posterior,HbO_hidden,ridge_cross,independent,24,24,0,6,-0.07552274387244944,-0.10222998216743372,-0.04899741029995572,Hb_nrmse,arm_better,subject_block_1000_frozen_coordinates_exploratory
eeg_fnirs_single_trial,posterior,HbO_hidden,training_template,independent,24,24,0,6,-0.09560770597536562,-0.22375604528111728,0.013609242106637063,Hb_nrmse,arm_better,subject_block_1000_frozen_coordinates_exploratory
eeg_fnirs_single_trial,posterior,HbO_hidden,R0_PCA_refit,training_template,24,24,0,6,-0.13650263751970082,-0.3033364910402065,0.009264612034674638,Hb_nrmse,arm_better,subject_block_1000_frozen_coordinates_exploratory
eeg_fnirs_single_trial,posterior,HbO_hidden,R1_broadband,training_template,24,24,0,6,-0.05115555536910382,-0.10199927434224916,0.027950786094522676,Hb_nrmse,arm_better,subject_block_1000_frozen_coordinates_exploratory
eeg_fnirs_single_trial,posterior,HbO_hidden,R2_selected,training_template,24,24,0,6,-0.035540827563023326,-0.09710326502250888,0.04758088864251761,Hb_nrmse,arm_better,subject_block_1000_frozen_coordinates_exploratory
eeg_fnirs_single_trial,posterior,HbO_hidden,R2_zero,training_template,24,24,0,6,-0.05132279125780461,-0.10167004849377383,0.026504496912647824,Hb_nrmse,arm_better,subject_block_1000_frozen_coordinates_exploratory
eeg_fnirs_single_trial,posterior,HbO_hidden,independent,training_template,24,24,0,6,0.09560770597536562,-0.015068818506245599,0.22580139850556205,Hb_nrmse,arm_better,subject_block_1000_frozen_coordinates_exploratory
eeg_fnirs_single_trial,posterior,HbO_hidden,own_context,training_template,24,24,0,6,0.0,0.0,0.0,Hb_nrmse,arm_better,subject_block_1000_frozen_coordinates_exploratory
eeg_fnirs_single_trial,posterior,HbO_hidden,ridge_cross,training_template,24,24,0,6,0.020084962102916173,-0.0791719762722204,0.14951892901652056,Hb_nrmse,arm_better,subject_block_1000_frozen_coordinates_exploratory
eeg_fnirs_single_trial,posterior,HbO_hidden,R0_PCA_refit,own_context,24,24,0,6,-0.13650263751970082,-0.31820924478019236,0.011611520674359069,Hb_nrmse,arm_better,subject_block_1000_frozen_coordinates_exploratory
eeg_fnirs_single_trial,posterior,HbO_hidden,R1_broadband,own_context,24,24,0,6,-0.05115555536910382,-0.10155963629118532,0.026523781841632652,Hb_nrmse,arm_better,subject_block_1000_frozen_coordinates_exploratory
eeg_fnirs_single_trial,posterior,HbO_hidden,R2_selected,own_context,24,24,0,6,-0.035540827563023326,-0.09738687059037036,0.049473748096381484,Hb_nrmse,arm_better,subject_block_1000_frozen_coordinates_exploratory
eeg_fnirs_single_trial,posterior,HbO_hidden,R2_zero,own_context,24,24,0,6,-0.05132279125780461,-0.10167004849377383,0.02702294199592078,Hb_nrmse,arm_better,subject_block_1000_frozen_coordinates_exploratory
eeg_fnirs_single_trial,posterior,HbO_hidden,independent,own_context,24,24,0,6,0.09560770597536562,-0.018039294502667412,0.22458123689937992,Hb_nrmse,arm_better,subject_block_1000_frozen_coordinates_exploratory
eeg_fnirs_single_trial,posterior,HbO_hidden,ridge_cross,own_context,24,24,0,6,0.020084962102916173,-0.09051347656445069,0.15171666575927487,Hb_nrmse,arm_better,subject_block_1000_frozen_coordinates_exploratory
eeg_fnirs_single_trial,posterior,HbO_hidden,training_template,own_context,24,24,0,6,0.0,0.0,0.0,Hb_nrmse,arm_better,subject_block_1000_frozen_coordinates_exploratory
eeg_fnirs_single_trial,posterior,HbO_hidden,R0_PCA_refit,ridge_cross,24,24,0,6,-0.15658759962261698,-0.2797264812673185,-0.036572361351628384,Hb_nrmse,arm_better,subject_block_1000_frozen_coordinates_exploratory
eeg_fnirs_single_trial,posterior,HbO_hidden,R1_broadband,ridge_cross,24,24,0,6,-0.07124051747202,-0.15426007207367237,0.005850142510404753,Hb_nrmse,arm_better,subject_block_1000_frozen_coordinates_exploratory
eeg_fnirs_single_trial,posterior,HbO_hidden,R2_selected,ridge_cross,24,24,0,6,-0.05562578966593951,-0.13372967005042244,0.028097310544199856,Hb_nrmse,arm_better,subject_block_1000_frozen_coordinates_exploratory
eeg_fnirs_single_trial,posterior,HbO_hidden,R2_zero,ridge_cross,24,24,0,6,-0.07140775336072079,-0.15327939983730746,0.006609070832090715,Hb_nrmse,arm_better,subject_block_1000_frozen_coordinates_exploratory
eeg_fnirs_single_trial,posterior,HbO_hidden,independent,ridge_cross,24,24,0,6,0.07552274387244944,0.04912551789007839,0.10296228316978137,Hb_nrmse,arm_better,subject_block_1000_frozen_coordinates_exploratory
eeg_fnirs_single_trial,posterior,HbO_hidden,own_context,ridge_cross,24,24,0,6,-0.020084962102916173,-0.1550612410115575,0.08682027583928868,Hb_nrmse,arm_better,subject_block_1000_frozen_coordinates_exploratory
eeg_fnirs_single_trial,posterior,HbO_hidden,training_template,ridge_cross,24,24,0,6,-0.020084962102916173,-0.1381158753788709,0.08805134274767602,Hb_nrmse,arm_better,subject_block_1000_frozen_coordinates_exploratory
eeg_fnirs_single_trial,posterior,HbR_hidden,R0_PCA_refit,R1_broadband,24,24,0,6,-0.039378276118807724,-0.10740499286198181,-0.0006313559037249722,Hb_nrmse,arm_better,subject_block_1000_frozen_coordinates_exploratory
eeg_fnirs_single_trial,posterior,HbR_hidden,R2_selected,R1_broadband,24,24,0,6,0.011580288418933243,-0.013158466413877296,0.03735828957870329,Hb_nrmse,arm_better,subject_block_1000_frozen_coordinates_exploratory
eeg_fnirs_single_trial,posterior,HbR_hidden,R2_zero,R1_broadband,24,24,0,6,0.0008475399041467727,-0.00404915168730888,0.004978408120134978,Hb_nrmse,arm_better,subject_block_1000_frozen_coordinates_exploratory
eeg_fnirs_single_trial,posterior,HbR_hidden,independent,R1_broadband,24,24,0,6,0.05311626115888591,0.018145721600151862,0.08623441007613397,Hb_nrmse,arm_better,subject_block_1000_frozen_coordinates_exploratory
eeg_fnirs_single_trial,posterior,HbR_hidden,own_context,R1_broadband,24,24,0,6,0.020192445233573247,-0.0696774854838938,0.10127859338530255,Hb_nrmse,arm_better,subject_block_1000_frozen_coordinates_exploratory
eeg_fnirs_single_trial,posterior,HbR_hidden,ridge_cross,R1_broadband,24,24,0,6,-0.018335328384797123,-0.06038021512305284,0.028457737603578576,Hb_nrmse,arm_better,subject_block_1000_frozen_coordinates_exploratory
eeg_fnirs_single_trial,posterior,HbR_hidden,training_template,R1_broadband,24,24,0,6,0.020192445233573247,-0.0696774854838938,0.10684742726543003,Hb_nrmse,arm_better,subject_block_1000_frozen_coordinates_exploratory
eeg_fnirs_single_trial,posterior,HbR_hidden,R1_broadband,R0_PCA_refit,24,24,0,6,0.039378276118807724,0.0005174300275151395,0.10561327417303949,Hb_nrmse,arm_better,subject_block_1000_frozen_coordinates_exploratory
eeg_fnirs_single_trial,posterior,HbR_hidden,R2_selected,R0_PCA_refit,24,24,0,6,0.050958564537740975,0.004259955703583372,0.11460695941538925,Hb_nrmse,arm_better,subject_block_1000_frozen_coordinates_exploratory
eeg_fnirs_single_trial,posterior,HbR_hidden,R2_zero,R0_PCA_refit,24,24,0,6,0.040225816022954504,0.0020258287531551714,0.10288318958103795,Hb_nrmse,arm_better,subject_block_1000_frozen_coordinates_exploratory
eeg_fnirs_single_trial,posterior,HbR_hidden,independent,R0_PCA_refit,24,24,0,6,0.09249453727769365,0.032947966843799296,0.16490000684745787,Hb_nrmse,arm_better,subject_block_1000_frozen_coordinates_exploratory
eeg_fnirs_single_trial,posterior,HbR_hidden,own_context,R0_PCA_refit,24,24,0,6,0.05957072135238098,-0.0579284371883619,0.20521583641581642,Hb_nrmse,arm_better,subject_block_1000_frozen_coordinates_exploratory
eeg_fnirs_single_trial,posterior,HbR_hidden,ridge_cross,R0_PCA_refit,24,24,0,6,0.02104294773401061,-0.03989184320220217,0.08292241237741596,Hb_nrmse,arm_better,subject_block_1000_frozen_coordinates_exploratory
eeg_fnirs_single_trial,posterior,HbR_hidden,training_template,R0_PCA_refit,24,24,0,6,0.05957072135238098,-0.05593308037853744,0.20046953492492345,Hb_nrmse,arm_better,subject_block_1000_frozen_coordinates_exploratory
eeg_fnirs_single_trial,posterior,HbR_hidden,R0_PCA_refit,independent,24,24,0,6,-0.09249453727769365,-0.16490390852802023,-0.025801944181205017,Hb_nrmse,arm_better,subject_block_1000_frozen_coordinates_exploratory
eeg_fnirs_single_trial,posterior,HbR_hidden,R1_broadband,independent,24,24,0,6,-0.05311626115888591,-0.0881319775959617,-0.018158414604630746,Hb_nrmse,arm_better,subject_block_1000_frozen_coordinates_exploratory
eeg_fnirs_single_trial,posterior,HbR_hidden,R2_selected,independent,24,24,0,6,-0.041535972739952666,-0.08724621721489083,0.0018560886724905644,Hb_nrmse,arm_better,subject_block_1000_frozen_coordinates_exploratory
eeg_fnirs_single_trial,posterior,HbR_hidden,R2_zero,independent,24,24,0,6,-0.05226872125473914,-0.08865890635013009,-0.01872594984367937,Hb_nrmse,arm_better,subject_block_1000_frozen_coordinates_exploratory
eeg_fnirs_single_trial,posterior,HbR_hidden,own_context,independent,24,24,0,6,-0.03292381592531266,-0.14081875142832684,0.06222815982732438,Hb_nrmse,arm_better,subject_block_1000_frozen_coordinates_exploratory
eeg_fnirs_single_trial,posterior,HbR_hidden,ridge_cross,independent,24,24,0,6,-0.07145158954368304,-0.13273744448957656,-0.022061687828561244,Hb_nrmse,arm_better,subject_block_1000_frozen_coordinates_exploratory
eeg_fnirs_single_trial,posterior,HbR_hidden,training_template,independent,24,24,0,6,-0.03292381592531266,-0.1432751280535444,0.05940886227020925,Hb_nrmse,arm_better,subject_block_1000_frozen_coordinates_exploratory
eeg_fnirs_single_trial,posterior,HbR_hidden,R0_PCA_refit,training_template,24,24,0,6,-0.05957072135238098,-0.19099843022065208,0.06261507550628866,Hb_nrmse,arm_better,subject_block_1000_frozen_coordinates_exploratory
eeg_fnirs_single_trial,posterior,HbR_hidden,R1_broadband,training_template,24,24,0,6,-0.020192445233573247,-0.10459872325554824,0.0696774854838938,Hb_nrmse,arm_better,subject_block_1000_frozen_coordinates_exploratory
eeg_fnirs_single_trial,posterior,HbR_hidden,R2_selected,training_template,24,24,0,6,-0.008612156814640016,-0.10755951758939322,0.09649953299125902,Hb_nrmse,arm_better,subject_block_1000_frozen_coordinates_exploratory
eeg_fnirs_single_trial,posterior,HbR_hidden,R2_zero,training_template,24,24,0,6,-0.01934490532942647,-0.10117520252740934,0.06493953571568988,Hb_nrmse,arm_better,subject_block_1000_frozen_coordinates_exploratory
eeg_fnirs_single_trial,posterior,HbR_hidden,independent,training_template,24,24,0,6,0.03292381592531266,-0.06167811185003242,0.15057308282392518,Hb_nrmse,arm_better,subject_block_1000_frozen_coordinates_exploratory
eeg_fnirs_single_trial,posterior,HbR_hidden,own_context,training_template,24,24,0,6,0.0,0.0,0.0,Hb_nrmse,arm_better,subject_block_1000_frozen_coordinates_exploratory
eeg_fnirs_single_trial,posterior,HbR_hidden,ridge_cross,training_template,24,24,0,6,-0.03852777361837038,-0.15418692841298537,0.08587508796708089,Hb_nrmse,arm_better,subject_block_1000_frozen_coordinates_exploratory
eeg_fnirs_single_trial,posterior,HbR_hidden,R0_PCA_refit,own_context,24,24,0,6,-0.05957072135238098,-0.20456178726159233,0.0626498228503336,Hb_nrmse,arm_better,subject_block_1000_frozen_coordinates_exploratory
eeg_fnirs_single_trial,posterior,HbR_hidden,R1_broadband,own_context,24,24,0,6,-0.020192445233573247,-0.10449667548801284,0.0667085536466626,Hb_nrmse,arm_better,subject_block_1000_frozen_coordinates_exploratory
eeg_fnirs_single_trial,posterior,HbR_hidden,R2_selected,own_context,24,24,0,6,-0.008612156814640016,-0.10146790473577985,0.09907515141906947,Hb_nrmse,arm_better,subject_block_1000_frozen_coordinates_exploratory
eeg_fnirs_single_trial,posterior,HbR_hidden,R2_zero,own_context,24,24,0,6,-0.01934490532942647,-0.10572476241005327,0.0683262210080409,Hb_nrmse,arm_better,subject_block_1000_frozen_coordinates_exploratory
eeg_fnirs_single_trial,posterior,HbR_hidden,independent,own_context,24,24,0,6,0.03292381592531266,-0.06585170415613768,0.14216236474385202,Hb_nrmse,arm_better,subject_block_1000_frozen_coordinates_exploratory
eeg_fnirs_single_trial,posterior,HbR_hidden,ridge_cross,own_context,24,24,0,6,-0.03852777361837038,-0.14788401976457244,0.10159817257576557,Hb_nrmse,arm_better,subject_block_1000_frozen_coordinates_exploratory
eeg_fnirs_single_trial,posterior,HbR_hidden,training_template,own_context,24,24,0,6,0.0,0.0,0.0,Hb_nrmse,arm_better,subject_block_1000_frozen_coordinates_exploratory
eeg_fnirs_single_trial,posterior,HbR_hidden,R0_PCA_refit,ridge_cross,24,24,0,6,-0.02104294773401061,-0.08294831122976636,0.039615822004242914,Hb_nrmse,arm_better,subject_block_1000_frozen_coordinates_exploratory
eeg_fnirs_single_trial,posterior,HbR_hidden,R1_broadband,ridge_cross,24,24,0,6,0.018335328384797123,-0.028809862149160814,0.06395211347121409,Hb_nrmse,arm_better,subject_block_1000_frozen_coordinates_exploratory
eeg_fnirs_single_trial,posterior,HbR_hidden,R2_selected,ridge_cross,24,24,0,6,0.029915616803730366,0.002266984132898185,0.053337087641326664,Hb_nrmse,arm_better,subject_block_1000_frozen_coordinates_exploratory
eeg_fnirs_single_trial,posterior,HbR_hidden,R2_zero,ridge_cross,24,24,0,6,0.019182868288943895,-0.031763736185521044,0.06530700108146707,Hb_nrmse,arm_better,subject_block_1000_frozen_coordinates_exploratory
eeg_fnirs_single_trial,posterior,HbR_hidden,independent,ridge_cross,24,24,0,6,0.07145158954368304,0.02467888186307281,0.12955892512472372,Hb_nrmse,arm_better,subject_block_1000_frozen_coordinates_exploratory
eeg_fnirs_single_trial,posterior,HbR_hidden,own_context,ridge_cross,24,24,0,6,0.03852777361837038,-0.10062289326792613,0.15418461385641993,Hb_nrmse,arm_better,subject_block_1000_frozen_coordinates_exploratory
eeg_fnirs_single_trial,posterior,HbR_hidden,training_template,ridge_cross,24,24,0,6,0.03852777361837038,-0.09093026873544936,0.14693080788286353,Hb_nrmse,arm_better,subject_block_1000_frozen_coordinates_exploratory
eeg_fnirs_single_trial,posterior,Hb_hidden,R0_PCA_refit,R1_broadband,24,24,0,6,-0.16437145477926396,-0.39541640522564286,-0.02995128777742444,Hb_nrmse,arm_better,subject_block_1000_frozen_coordinates_exploratory
eeg_fnirs_single_trial,posterior,Hb_hidden,R2_selected,R1_broadband,24,24,0,6,0.034174172931832086,0.016108477065083157,0.05116779978800541,Hb_nrmse,arm_better,subject_block_1000_frozen_coordinates_exploratory
eeg_fnirs_single_trial,posterior,Hb_hidden,R2_zero,R1_broadband,24,24,0,6,-0.00047558436323864167,-0.007884028291050083,0.004508545771452336,Hb_nrmse,arm_better,subject_block_1000_frozen_coordinates_exploratory
eeg_fnirs_single_trial,posterior,Hb_hidden,independent,R1_broadband,24,24,0,6,0.17924412649574115,0.06024146396371241,0.3545378447085179,Hb_nrmse,arm_better,subject_block_1000_frozen_coordinates_exploratory
eeg_fnirs_single_trial,posterior,Hb_hidden,own_context,R1_broadband,24,24,0,6,0.12601294722715659,-0.04624549040264533,0.3689835552439451,Hb_nrmse,arm_better,subject_block_1000_frozen_coordinates_exploratory
eeg_fnirs_single_trial,posterior,Hb_hidden,ridge_cross,R1_broadband,24,24,0,6,0.0409456183751906,-0.08902686868744708,0.2148844056413555,Hb_nrmse,arm_better,subject_block_1000_frozen_coordinates_exploratory
eeg_fnirs_single_trial,posterior,Hb_hidden,training_template,R1_broadband,24,24,0,6,0.12601294722715659,-0.03447723660981921,0.3485954535514614,Hb_nrmse,arm_better,subject_block_1000_frozen_coordinates_exploratory
eeg_fnirs_single_trial,posterior,Hb_hidden,R1_broadband,R0_PCA_refit,24,24,0,6,0.16437145477926396,0.025971165401253538,0.3993650185534819,Hb_nrmse,arm_better,subject_block_1000_frozen_coordinates_exploratory
eeg_fnirs_single_trial,posterior,Hb_hidden,R2_selected,R0_PCA_refit,24,24,0,6,0.19854562771109607,0.05960890632554686,0.43776323225688457,Hb_nrmse,arm_better,subject_block_1000_frozen_coordinates_exploratory
eeg_fnirs_single_trial,posterior,Hb_hidden,R2_zero,R0_PCA_refit,24,24,0,6,0.16389587041602532,0.030947316914731144,0.3829980608302372,Hb_nrmse,arm_better,subject_block_1000_frozen_coordinates_exploratory
eeg_fnirs_single_trial,posterior,Hb_hidden,independent,R0_PCA_refit,24,24,0,6,0.3436155812750052,0.09474270334710354,0.7442704036110741,Hb_nrmse,arm_better,subject_block_1000_frozen_coordinates_exploratory
eeg_fnirs_single_trial,posterior,Hb_hidden,own_context,R0_PCA_refit,24,24,0,6,0.2903844020064205,-0.007743839615762481,0.7441415719976657,Hb_nrmse,arm_better,subject_block_1000_frozen_coordinates_exploratory
eeg_fnirs_single_trial,posterior,Hb_hidden,ridge_cross,R0_PCA_refit,24,24,0,6,0.20531707315445458,-0.059659586576099655,0.612752091435283,Hb_nrmse,arm_better,subject_block_1000_frozen_coordinates_exploratory
eeg_fnirs_single_trial,posterior,Hb_hidden,training_template,R0_PCA_refit,24,24,0,6,0.2903844020064205,0.003077728472466392,0.7036021150835469,Hb_nrmse,arm_better,subject_block_1000_frozen_coordinates_exploratory
eeg_fnirs_single_trial,posterior,Hb_hidden,R0_PCA_refit,independent,24,24,0,6,-0.3436155812750052,-0.729504547313998,-0.0968720408432819,Hb_nrmse,arm_better,subject_block_1000_frozen_coordinates_exploratory
eeg_fnirs_single_trial,posterior,Hb_hidden,R1_broadband,independent,24,24,0,6,-0.17924412649574115,-0.35453784470851796,-0.056870553957947136,Hb_nrmse,arm_better,subject_block_1000_frozen_coordinates_exploratory
eeg_fnirs_single_trial,posterior,Hb_hidden,R2_selected,independent,24,24,0,6,-0.14506995356390906,-0.3140519123146354,-0.0318619992802168,Hb_nrmse,arm_better,subject_block_1000_frozen_coordinates_exploratory
eeg_fnirs_single_trial,posterior,Hb_hidden,R2_zero,independent,24,24,0,6,-0.17971971085897978,-0.3643687113293142,-0.06479858981983473,Hb_nrmse,arm_better,subject_block_1000_frozen_coordinates_exploratory
eeg_fnirs_single_trial,posterior,Hb_hidden,own_context,independent,24,24,0,6,-0.053231179268584616,-0.13716591193009703,-0.003916236020030064,Hb_nrmse,arm_better,subject_block_1000_frozen_coordinates_exploratory
eeg_fnirs_single_trial,posterior,Hb_hidden,ridge_cross,independent,24,24,0,6,-0.13829850812055056,-0.20171364799709138,-0.09174709491796547,Hb_nrmse,arm_better,subject_block_1000_frozen_coordinates_exploratory
eeg_fnirs_single_trial,posterior,Hb_hidden,training_template,independent,24,24,0,6,-0.053231179268584616,-0.13715588598045667,-0.0019153648010692807,Hb_nrmse,arm_better,subject_block_1000_frozen_coordinates_exploratory
eeg_fnirs_single_trial,posterior,Hb_hidden,R0_PCA_refit,training_template,24,24,0,6,-0.2903844020064205,-0.7187812044255998,0.012881470039200803,Hb_nrmse,arm_better,subject_block_1000_frozen_coordinates_exploratory
eeg_fnirs_single_trial,posterior,Hb_hidden,R1_broadband,training_template,24,24,0,6,-0.12601294722715659,-0.33798862839156946,0.03448722535313381,Hb_nrmse,arm_better,subject_block_1000_frozen_coordinates_exploratory
eeg_fnirs_single_trial,posterior,Hb_hidden,R2_selected,training_template,24,24,0,6,-0.09183877429532444,-0.2931222042486118,0.07288512351596968,Hb_nrmse,arm_better,subject_block_1000_frozen_coordinates_exploratory
eeg_fnirs_single_trial,posterior,Hb_hidden,R2_zero,training_template,24,24,0,6,-0.1264885315903952,-0.356349418677165,0.037005265125217915,Hb_nrmse,arm_better,subject_block_1000_frozen_coordinates_exploratory
eeg_fnirs_single_trial,posterior,Hb_hidden,independent,training_template,24,24,0,6,0.053231179268584616,0.001503744798415091,0.13756750598311085,Hb_nrmse,arm_better,subject_block_1000_frozen_coordinates_exploratory
eeg_fnirs_single_trial,posterior,Hb_hidden,own_context,training_template,24,24,0,6,0.0,0.0,0.0,Hb_nrmse,arm_better,subject_block_1000_frozen_coordinates_exploratory
eeg_fnirs_single_trial,posterior,Hb_hidden,ridge_cross,training_template,24,24,0,6,-0.08506732885196594,-0.13054601426672277,-0.04593038610226503,Hb_nrmse,arm_better,subject_block_1000_frozen_coordinates_exploratory
eeg_fnirs_single_trial,posterior,Hb_hidden,R0_PCA_refit,own_context,24,24,0,6,-0.2903844020064205,-0.7288145391657866,0.003953211605723231,Hb_nrmse,arm_better,subject_block_1000_frozen_coordinates_exploratory
eeg_fnirs_single_trial,posterior,Hb_hidden,R1_broadband,own_context,24,24,0,6,-0.12601294722715659,-0.3507748443015759,0.03501501438843164,Hb_nrmse,arm_better,subject_block_1000_frozen_coordinates_exploratory
eeg_fnirs_single_trial,posterior,Hb_hidden,R2_selected,own_context,24,24,0,6,-0.09183877429532444,-0.27593683409851993,0.06366927797132842,Hb_nrmse,arm_better,subject_block_1000_frozen_coordinates_exploratory
eeg_fnirs_single_trial,posterior,Hb_hidden,R2_zero,own_context,24,24,0,6,-0.1264885315903952,-0.3341728929534558,0.03603401805819758,Hb_nrmse,arm_better,subject_block_1000_frozen_coordinates_exploratory
eeg_fnirs_single_trial,posterior,Hb_hidden,independent,own_context,24,24,0,6,0.053231179268584616,0.0026967801365033184,0.1363521752798931,Hb_nrmse,arm_better,subject_block_1000_frozen_coordinates_exploratory
eeg_fnirs_single_trial,posterior,Hb_hidden,ridge_cross,own_context,24,24,0,6,-0.08506732885196594,-0.12922111066150765,-0.04472321158011236,Hb_nrmse,arm_better,subject_block_1000_frozen_coordinates_exploratory
eeg_fnirs_single_trial,posterior,Hb_hidden,training_template,own_context,24,24,0,6,0.0,0.0,0.0,Hb_nrmse,arm_better,subject_block_1000_frozen_coordinates_exploratory
eeg_fnirs_single_trial,posterior,Hb_hidden,R0_PCA_refit,ridge_cross,24,24,0,6,-0.20531707315445458,-0.6056969110283813,0.07368112186239216,Hb_nrmse,arm_better,subject_block_1000_frozen_coordinates_exploratory
eeg_fnirs_single_trial,posterior,Hb_hidden,R1_broadband,ridge_cross,24,24,0,6,-0.0409456183751906,-0.21483371797880302,0.0958348684154212,Hb_nrmse,arm_better,subject_block_1000_frozen_coordinates_exploratory
eeg_fnirs_single_trial,posterior,Hb_hidden,R2_selected,ridge_cross,24,24,0,6,-0.0067714454433585244,-0.16982883753194733,0.12512455199922298,Hb_nrmse,arm_better,subject_block_1000_frozen_coordinates_exploratory
eeg_fnirs_single_trial,posterior,Hb_hidden,R2_zero,ridge_cross,24,24,0,6,-0.04142120273842924,-0.21935324538231799,0.08608301690746122,Hb_nrmse,arm_better,subject_block_1000_frozen_coordinates_exploratory
eeg_fnirs_single_trial,posterior,Hb_hidden,independent,ridge_cross,24,24,0,6,0.13829850812055056,0.0928641223949425,0.1957009679146736,Hb_nrmse,arm_better,subject_block_1000_frozen_coordinates_exploratory
eeg_fnirs_single_trial,posterior,Hb_hidden,own_context,ridge_cross,24,24,0,6,0.08506732885196594,0.046104246717857476,0.13325195300968296,Hb_nrmse,arm_better,subject_block_1000_frozen_coordinates_exploratory
eeg_fnirs_single_trial,posterior,Hb_hidden,training_template,ridge_cross,24,24,0,6,0.08506732885196594,0.04460803218184575,0.13054601426672274,Hb_nrmse,arm_better,subject_block_1000_frozen_coordinates_exploratory
eeg_fnirs_single_trial,posterior,center_Hb,R0_PCA_refit,R1_broadband,24,24,0,6,-0.056124910003680056,-0.10370493319607783,-0.02007737744874777,Hb_nrmse,arm_better,subject_block_1000_frozen_coordinates_exploratory
eeg_fnirs_single_trial,posterior,center_Hb,R2_selected,R1_broadband,24,24,0,6,-0.010228465218212255,-0.03685365744612148,0.008364089667957052,Hb_nrmse,arm_better,subject_block_1000_frozen_coordinates_exploratory
eeg_fnirs_single_trial,posterior,center_Hb,R2_zero,R1_broadband,24,24,0,6,0.001055808394271645,-0.0051666387635440165,0.007342974321906976,Hb_nrmse,arm_better,subject_block_1000_frozen_coordinates_exploratory
eeg_fnirs_single_trial,posterior,center_Hb,independent,R1_broadband,24,24,0,6,0.11840641246082952,0.05416676991893323,0.18965472419004917,Hb_nrmse,arm_better,subject_block_1000_frozen_coordinates_exploratory
eeg_fnirs_single_trial,posterior,center_Hb,own_context,R1_broadband,24,24,0,6,0.18316608222681063,0.12380508064957882,0.24895941011671516,Hb_nrmse,arm_better,subject_block_1000_frozen_coordinates_exploratory
eeg_fnirs_single_trial,posterior,center_Hb,ridge_cross,R1_broadband,24,24,0,6,0.16346896033130373,0.10408413431826204,0.23621910729243425,Hb_nrmse,arm_better,subject_block_1000_frozen_coordinates_exploratory
eeg_fnirs_single_trial,posterior,center_Hb,training_template,R1_broadband,24,24,0,6,-0.1078195127224502,-0.184549182116305,-0.03108984332859537,Hb_nrmse,arm_better,subject_block_1000_frozen_coordinates_exploratory
eeg_fnirs_single_trial,posterior,center_Hb,R1_broadband,R0_PCA_refit,24,24,0,6,0.056124910003680056,0.019454794365694722,0.10727154880924454,Hb_nrmse,arm_better,subject_block_1000_frozen_coordinates_exploratory
eeg_fnirs_single_trial,posterior,center_Hb,R2_selected,R0_PCA_refit,24,24,0,6,0.0458964447854678,0.02405339628719431,0.07110771786298731,Hb_nrmse,arm_better,subject_block_1000_frozen_coordinates_exploratory
eeg_fnirs_single_trial,posterior,center_Hb,R2_zero,R0_PCA_refit,24,24,0,6,0.0571807183979517,0.017865619328839434,0.09944983524599244,Hb_nrmse,arm_better,subject_block_1000_frozen_coordinates_exploratory
eeg_fnirs_single_trial,posterior,center_Hb,independent,R0_PCA_refit,24,24,0,6,0.17453132246450961,0.08560554605883537,0.268035274879942,Hb_nrmse,arm_better,subject_block_1000_frozen_coordinates_exploratory
eeg_fnirs_single_trial,posterior,center_Hb,own_context,R0_PCA_refit,24,24,0,6,0.23929099223049066,0.16916604682172964,0.3150986814980972,Hb_nrmse,arm_better,subject_block_1000_frozen_coordinates_exploratory
eeg_fnirs_single_trial,posterior,center_Hb,ridge_cross,R0_PCA_refit,24,24,0,6,0.2195938703349838,0.13636883327671798,0.30563437700738605,Hb_nrmse,arm_better,subject_block_1000_frozen_coordinates_exploratory
eeg_fnirs_single_trial,posterior,center_Hb,training_template,R0_PCA_refit,24,24,0,6,-0.05169460271877013,-0.15774970349394613,0.07602624364347353,Hb_nrmse,arm_better,subject_block_1000_frozen_coordinates_exploratory
eeg_fnirs_single_trial,posterior,center_Hb,R0_PCA_refit,independent,24,24,0,6,-0.17453132246450961,-0.26735179407563936,-0.09437607197008176,Hb_nrmse,arm_better,subject_block_1000_frozen_coordinates_exploratory
eeg_fnirs_single_trial,posterior,center_Hb,R1_broadband,independent,24,24,0,6,-0.11840641246082952,-0.18040113115428705,-0.05300211034670044,Hb_nrmse,arm_better,subject_block_1000_frozen_coordinates_exploratory
eeg_fnirs_single_trial,posterior,center_Hb,R2_selected,independent,24,24,0,6,-0.12863487767904178,-0.20340911442579798,-0.045828416463239145,Hb_nrmse,arm_better,subject_block_1000_frozen_coordinates_exploratory
eeg_fnirs_single_trial,posterior,center_Hb,R2_zero,independent,24,24,0,6,-0.11735060406655791,-0.17932561158671229,-0.05390538608600913,Hb_nrmse,arm_better,subject_block_1000_frozen_coordinates_exploratory
eeg_fnirs_single_trial,posterior,center_Hb,own_context,independent,24,24,0,6,0.06475966976598109,0.043033345016160074,0.08186229075233704,Hb_nrmse,arm_better,subject_block_1000_frozen_coordinates_exploratory
eeg_fnirs_single_trial,posterior,center_Hb,ridge_cross,independent,24,24,0,6,0.045062547870474194,0.026469529383548362,0.06574707463673456,Hb_nrmse,arm_better,subject_block_1000_frozen_coordinates_exploratory
eeg_fnirs_single_trial,posterior,center_Hb,training_template,independent,24,24,0,6,-0.22622592518327975,-0.27448202321846255,-0.17268248646327175,Hb_nrmse,arm_better,subject_block_1000_frozen_coordinates_exploratory
eeg_fnirs_single_trial,posterior,center_Hb,R0_PCA_refit,training_template,24,24,0,6,0.05169460271877013,-0.07602624364347353,0.15487140030899563,Hb_nrmse,arm_better,subject_block_1000_frozen_coordinates_exploratory
eeg_fnirs_single_trial,posterior,center_Hb,R1_broadband,training_template,24,24,0,6,0.1078195127224502,0.028984846274961173,0.18836985323080455,Hb_nrmse,arm_better,subject_block_1000_frozen_coordinates_exploratory
eeg_fnirs_single_trial,posterior,center_Hb,R2_selected,training_template,24,24,0,6,0.09759104750423793,-0.011727843226936083,0.19167812605153886,Hb_nrmse,arm_better,subject_block_1000_frozen_coordinates_exploratory
eeg_fnirs_single_trial,posterior,center_Hb,R2_zero,training_template,24,24,0,6,0.10887532111672182,0.019924273906486028,0.1898742002676785,Hb_nrmse,arm_better,subject_block_1000_frozen_coordinates_exploratory
eeg_fnirs_single_trial,posterior,center_Hb,independent,training_template,24,24,0,6,0.22622592518327975,0.1698849233181957,0.27300417123097276,Hb_nrmse,arm_better,subject_block_1000_frozen_coordinates_exploratory
eeg_fnirs_single_trial,posterior,center_Hb,own_context,training_template,24,24,0,6,0.2909855949492608,0.22065782621589933,0.3555679579017062,Hb_nrmse,arm_better,subject_block_1000_frozen_coordinates_exploratory
eeg_fnirs_single_trial,posterior,center_Hb,ridge_cross,training_template,24,24,0,6,0.2712884730537539,0.20515682974182706,0.3377342924453617,Hb_nrmse,arm_better,subject_block_1000_frozen_coordinates_exploratory
eeg_fnirs_single_trial,posterior,center_Hb,R0_PCA_refit,own_context,24,24,0,6,-0.23929099223049066,-0.319744475006025,-0.16795950632835735,Hb_nrmse,arm_better,subject_block_1000_frozen_coordinates_exploratory
eeg_fnirs_single_trial,posterior,center_Hb,R1_broadband,own_context,24,24,0,6,-0.18316608222681063,-0.24591538494063736,-0.12083203987754838,Hb_nrmse,arm_better,subject_block_1000_frozen_coordinates_exploratory
eeg_fnirs_single_trial,posterior,center_Hb,R2_selected,own_context,24,24,0,6,-0.19339454744502285,-0.26791341547109065,-0.1254270048066485,Hb_nrmse,arm_better,subject_block_1000_frozen_coordinates_exploratory
eeg_fnirs_single_trial,posterior,center_Hb,R2_zero,own_context,24,24,0,6,-0.18211027383253897,-0.24253224735811588,-0.12596398895512081,Hb_nrmse,arm_better,subject_block_1000_frozen_coordinates_exploratory
eeg_fnirs_single_trial,posterior,center_Hb,independent,own_context,24,24,0,6,-0.06475966976598109,-0.08284032098480584,-0.04447432491006909,Hb_nrmse,arm_better,subject_block_1000_frozen_coordinates_exploratory
eeg_fnirs_single_trial,posterior,center_Hb,ridge_cross,own_context,24,24,0,6,-0.0196971218955069,-0.0386407212115565,-0.0025971073147520495,Hb_nrmse,arm_better,subject_block_1000_frozen_coordinates_exploratory
eeg_fnirs_single_trial,posterior,center_Hb,training_template,own_context,24,24,0,6,-0.2909855949492608,-0.3555679579017062,-0.21977965822567755,Hb_nrmse,arm_better,subject_block_1000_frozen_coordinates_exploratory
eeg_fnirs_single_trial,posterior,center_Hb,R0_PCA_refit,ridge_cross,24,24,0,6,-0.2195938703349838,-0.3032983041051702,-0.13356534858037958,Hb_nrmse,arm_better,subject_block_1000_frozen_coordinates_exploratory
eeg_fnirs_single_trial,posterior,center_Hb,R1_broadband,ridge_cross,24,24,0,6,-0.16346896033130373,-0.24276931842134,-0.10267060682997838,Hb_nrmse,arm_better,subject_block_1000_frozen_coordinates_exploratory
eeg_fnirs_single_trial,posterior,center_Hb,R2_selected,ridge_cross,24,24,0,6,-0.17369742554951598,-0.24765042829454828,-0.10541509799598525,Hb_nrmse,arm_better,subject_block_1000_frozen_coordinates_exploratory
eeg_fnirs_single_trial,posterior,center_Hb,R2_zero,ridge_cross,24,24,0,6,-0.16241315193703207,-0.23668297056663942,-0.10499318403735303,Hb_nrmse,arm_better,subject_block_1000_frozen_coordinates_exploratory
eeg_fnirs_single_trial,posterior,center_Hb,independent,ridge_cross,24,24,0,6,-0.045062547870474194,-0.06575496945236646,-0.025075006933498466,Hb_nrmse,arm_better,subject_block_1000_frozen_coordinates_exploratory
eeg_fnirs_single_trial,posterior,center_Hb,own_context,ridge_cross,24,24,0,6,0.0196971218955069,0.0026955336555413755,0.038631340569405655,Hb_nrmse,arm_better,subject_block_1000_frozen_coordinates_exploratory
eeg_fnirs_single_trial,posterior,center_Hb,training_template,ridge_cross,24,24,0,6,-0.2712884730537539,-0.33927184848566333,-0.20025243781737748,Hb_nrmse,arm_better,subject_block_1000_frozen_coordinates_exploratory
eeg_fnirs_single_trial,posterior,full,R0_PCA_refit,R1_broadband,24,24,0,6,-0.0068489187074171134,-0.034785666103581435,0.00869725291222961,Hb_nrmse,arm_better,subject_block_1000_frozen_coordinates_exploratory
eeg_fnirs_single_trial,posterior,full,R2_selected,R1_broadband,24,24,0,6,-0.0033945917677365516,-0.01281074116616795,0.0047986080170230785,Hb_nrmse,arm_better,subject_block_1000_frozen_coordinates_exploratory
eeg_fnirs_single_trial,posterior,full,R2_zero,R1_broadband,24,24,0,6,0.00044994600722564397,-0.0015024783470354516,0.0021659639777230396,Hb_nrmse,arm_better,subject_block_1000_frozen_coordinates_exploratory
eeg_fnirs_single_trial,posterior,full,independent,R1_broadband,24,24,0,6,0.06316448380916335,0.047727063701376186,0.08119097604296299,Hb_nrmse,arm_better,subject_block_1000_frozen_coordinates_exploratory
eeg_fnirs_single_trial,posterior,full,training_template,R1_broadband,24,24,0,6,-0.3286049454835796,-0.45657586439528053,-0.22123949832657444,Hb_nrmse,arm_better,subject_block_1000_frozen_coordinates_exploratory
eeg_fnirs_single_trial,posterior,full,R1_broadband,R0_PCA_refit,24,24,0,6,0.0068489187074171134,-0.008587103389177949,0.03415828038343047,Hb_nrmse,arm_better,subject_block_1000_frozen_coordinates_exploratory
eeg_fnirs_single_trial,posterior,full,R2_selected,R0_PCA_refit,24,24,0,6,0.0034543269396805627,-0.011370463203407719,0.02300874103504147,Hb_nrmse,arm_better,subject_block_1000_frozen_coordinates_exploratory
eeg_fnirs_single_trial,posterior,full,R2_zero,R0_PCA_refit,24,24,0,6,0.007298864714642758,-0.007163030560226308,0.03266450566199967,Hb_nrmse,arm_better,subject_block_1000_frozen_coordinates_exploratory
eeg_fnirs_single_trial,posterior,full,independent,R0_PCA_refit,24,24,0,6,0.07001340251658046,0.046001889694746036,0.09980799594684164,Hb_nrmse,arm_better,subject_block_1000_frozen_coordinates_exploratory
eeg_fnirs_single_trial,posterior,full,training_template,R0_PCA_refit,24,24,0,6,-0.32175602677616255,-0.4498836441006813,-0.19698266562573039,Hb_nrmse,arm_better,subject_block_1000_frozen_coordinates_exploratory
eeg_fnirs_single_trial,posterior,full,R0_PCA_refit,independent,24,24,0,6,-0.07001340251658046,-0.1017831475738834,-0.046001889694746036,Hb_nrmse,arm_better,subject_block_1000_frozen_coordinates_exploratory
eeg_fnirs_single_trial,posterior,full,R1_broadband,independent,24,24,0,6,-0.06316448380916335,-0.08060556673082156,-0.0474014805279361,Hb_nrmse,arm_better,subject_block_1000_frozen_coordinates_exploratory
eeg_fnirs_single_trial,posterior,full,R2_selected,independent,24,24,0,6,-0.0665590755768999,-0.08789623254267206,-0.04291689718843998,Hb_nrmse,arm_better,subject_block_1000_frozen_coordinates_exploratory
eeg_fnirs_single_trial,posterior,full,R2_zero,independent,24,24,0,6,-0.06271453780193771,-0.0793971755418843,-0.04822113276795282,Hb_nrmse,arm_better,subject_block_1000_frozen_coordinates_exploratory
eeg_fnirs_single_trial,posterior,full,training_template,independent,24,24,0,6,-0.391769429292743,-0.5079359048598014,-0.28192686174066045,Hb_nrmse,arm_better,subject_block_1000_frozen_coordinates_exploratory
eeg_fnirs_single_trial,posterior,full,R0_PCA_refit,training_template,24,24,0,6,0.32175602677616255,0.19698266562573039,0.46002897941187904,Hb_nrmse,arm_better,subject_block_1000_frozen_coordinates_exploratory
eeg_fnirs_single_trial,posterior,full,R1_broadband,training_template,24,24,0,6,0.3286049454835796,0.21853425002098126,0.44936006191494277,Hb_nrmse,arm_better,subject_block_1000_frozen_coordinates_exploratory
eeg_fnirs_single_trial,posterior,full,R2_selected,training_template,24,24,0,6,0.3252103537158431,0.21017061373365473,0.4587562777387627,Hb_nrmse,arm_better,subject_block_1000_frozen_coordinates_exploratory
eeg_fnirs_single_trial,posterior,full,R2_zero,training_template,24,24,0,6,0.3290548914908053,0.22009816534477275,0.4508191936907369,Hb_nrmse,arm_better,subject_block_1000_frozen_coordinates_exploratory
eeg_fnirs_single_trial,posterior,full,independent,training_template,24,24,0,6,0.391769429292743,0.2847625732984061,0.5051299213448024,Hb_nrmse,arm_better,subject_block_1000_frozen_coordinates_exploratory
eeg_fnirs_single_trial,posterior,full,R0_PCA_refit,own_context,0,0,0,0,,,,Hb_nrmse,arm_better,subject_block_1000_frozen_coordinates_exploratory
eeg_fnirs_single_trial,posterior,full,R1_broadband,own_context,0,0,0,0,,,,Hb_nrmse,arm_better,subject_block_1000_frozen_coordinates_exploratory
eeg_fnirs_single_trial,posterior,full,R2_selected,own_context,0,0,0,0,,,,Hb_nrmse,arm_better,subject_block_1000_frozen_coordinates_exploratory
eeg_fnirs_single_trial,posterior,full,R2_zero,own_context,0,0,0,0,,,,Hb_nrmse,arm_better,subject_block_1000_frozen_coordinates_exploratory
eeg_fnirs_single_trial,posterior,full,independent,own_context,0,0,0,0,,,,Hb_nrmse,arm_better,subject_block_1000_frozen_coordinates_exploratory
eeg_fnirs_single_trial,posterior,full,training_template,own_context,0,0,0,0,,,,Hb_nrmse,arm_better,subject_block_1000_frozen_coordinates_exploratory
eeg_fnirs_single_trial,posterior,full,R0_PCA_refit,ridge_cross,0,0,0,0,,,,Hb_nrmse,arm_better,subject_block_1000_frozen_coordinates_exploratory
eeg_fnirs_single_trial,posterior,full,R1_broadband,ridge_cross,0,0,0,0,,,,Hb_nrmse,arm_better,subject_block_1000_frozen_coordinates_exploratory
eeg_fnirs_single_trial,posterior,full,R2_selected,ridge_cross,0,0,0,0,,,,Hb_nrmse,arm_better,subject_block_1000_frozen_coordinates_exploratory
eeg_fnirs_single_trial,posterior,full,R2_zero,ridge_cross,0,0,0,0,,,,Hb_nrmse,arm_better,subject_block_1000_frozen_coordinates_exploratory
eeg_fnirs_single_trial,posterior,full,independent,ridge_cross,0,0,0,0,,,,Hb_nrmse,arm_better,subject_block_1000_frozen_coordinates_exploratory
eeg_fnirs_single_trial,posterior,full,training_template,ridge_cross,0,0,0,0,,,,Hb_nrmse,arm_better,subject_block_1000_frozen_coordinates_exploratory
eeg_fnirs_single_trial,prefrontal,HbO_hidden,R0_PCA_refit,R1_broadband,24,24,0,6,-0.07535105289162182,-0.30087956129233784,0.09535598810520392,Hb_nrmse,arm_better,subject_block_1000_frozen_coordinates_exploratory
eeg_fnirs_single_trial,prefrontal,HbO_hidden,R2_selected,R1_broadband,24,24,0,6,0.046719990327502514,0.010324678628055915,0.0797643656490953,Hb_nrmse,arm_better,subject_block_1000_frozen_coordinates_exploratory
eeg_fnirs_single_trial,prefrontal,HbO_hidden,R2_zero,R1_broadband,24,24,0,6,-0.005351612340242055,-0.02187539605251278,0.007652459618685978,Hb_nrmse,arm_better,subject_block_1000_frozen_coordinates_exploratory
eeg_fnirs_single_trial,prefrontal,HbO_hidden,independent,R1_broadband,24,24,0,6,0.086880216533098,-0.13978512087341655,0.3197101489462429,Hb_nrmse,arm_better,subject_block_1000_frozen_coordinates_exploratory
eeg_fnirs_single_trial,prefrontal,HbO_hidden,own_context,R1_broadband,24,24,0,6,0.02771750884471551,-0.1737123213228604,0.25867571211613644,Hb_nrmse,arm_better,subject_block_1000_frozen_coordinates_exploratory
eeg_fnirs_single_trial,prefrontal,HbO_hidden,ridge_cross,R1_broadband,24,24,0,6,-0.05416926628139871,-0.2035156726633033,0.07423561101418484,Hb_nrmse,arm_better,subject_block_1000_frozen_coordinates_exploratory
eeg_fnirs_single_trial,prefrontal,HbO_hidden,training_template,R1_broadband,24,24,0,6,0.02771750884471551,-0.17583326066691876,0.25638462052748234,Hb_nrmse,arm_better,subject_block_1000_frozen_coordinates_exploratory
eeg_fnirs_single_trial,prefrontal,HbO_hidden,R1_broadband,R0_PCA_refit,24,24,0,6,0.07535105289162182,-0.09618188967939317,0.30773138647721443,Hb_nrmse,arm_better,subject_block_1000_frozen_coordinates_exploratory
eeg_fnirs_single_trial,prefrontal,HbO_hidden,R2_selected,R0_PCA_refit,24,24,0,6,0.12207104321912432,-0.06722968068317288,0.3392321694481849,Hb_nrmse,arm_better,subject_block_1000_frozen_coordinates_exploratory
eeg_fnirs_single_trial,prefrontal,HbO_hidden,R2_zero,R0_PCA_refit,24,24,0,6,0.06999944055137974,-0.10046649681512915,0.27175589152875296,Hb_nrmse,arm_better,subject_block_1000_frozen_coordinates_exploratory
eeg_fnirs_single_trial,prefrontal,HbO_hidden,independent,R0_PCA_refit,24,24,0,6,0.1622312694247198,-0.008745692897826316,0.30695998243443784,Hb_nrmse,arm_better,subject_block_1000_frozen_coordinates_exploratory
eeg_fnirs_single_trial,prefrontal,HbO_hidden,own_context,R0_PCA_refit,24,24,0,6,0.10306856173633733,-0.15677827869644156,0.3299739927482478,Hb_nrmse,arm_better,subject_block_1000_frozen_coordinates_exploratory
eeg_fnirs_single_trial,prefrontal,HbO_hidden,ridge_cross,R0_PCA_refit,24,24,0,6,0.021181786610223113,-0.14406832399024394,0.1731998278942509,Hb_nrmse,arm_better,subject_block_1000_frozen_coordinates_exploratory
eeg_fnirs_single_trial,prefrontal,HbO_hidden,training_template,R0_PCA_refit,24,24,0,6,0.10306856173633733,-0.14961136517613371,0.3557484886488084,Hb_nrmse,arm_better,subject_block_1000_frozen_coordinates_exploratory
eeg_fnirs_single_trial,prefrontal,HbO_hidden,R0_PCA_refit,independent,24,24,0,6,-0.1622312694247198,-0.30704260603075373,0.012714534026076264,Hb_nrmse,arm_better,subject_block_1000_frozen_coordinates_exploratory
eeg_fnirs_single_trial,prefrontal,HbO_hidden,R1_broadband,independent,24,24,0,6,-0.086880216533098,-0.2985795375069062,0.12481397696278625,Hb_nrmse,arm_better,subject_block_1000_frozen_coordinates_exploratory
eeg_fnirs_single_trial,prefrontal,HbO_hidden,R2_selected,independent,24,24,0,6,-0.04016022620559548,-0.25861466192442945,0.15860295686570078,Hb_nrmse,arm_better,subject_block_1000_frozen_coordinates_exploratory
eeg_fnirs_single_trial,prefrontal,HbO_hidden,R2_zero,independent,24,24,0,6,-0.09223182887334007,-0.30815268343607016,0.12364664371943641,Hb_nrmse,arm_better,subject_block_1000_frozen_coordinates_exploratory
eeg_fnirs_single_trial,prefrontal,HbO_hidden,own_context,independent,24,24,0,6,-0.05916270768838248,-0.38819586612890217,0.31226899044922085,Hb_nrmse,arm_better,subject_block_1000_frozen_coordinates_exploratory
eeg_fnirs_single_trial,prefrontal,HbO_hidden,ridge_cross,independent,24,24,0,6,-0.14104948281449667,-0.3885668442136177,0.10910858264345168,Hb_nrmse,arm_better,subject_block_1000_frozen_coordinates_exploratory
eeg_fnirs_single_trial,prefrontal,HbO_hidden,training_template,independent,24,24,0,6,-0.05916270768838248,-0.39190242733458475,0.32552833415623494,Hb_nrmse,arm_better,subject_block_1000_frozen_coordinates_exploratory
eeg_fnirs_single_trial,prefrontal,HbO_hidden,R0_PCA_refit,training_template,24,24,0,6,-0.10306856173633733,-0.34606967763167146,0.15218270583104013,Hb_nrmse,arm_better,subject_block_1000_frozen_coordinates_exploratory
eeg_fnirs_single_trial,prefrontal,HbO_hidden,R1_broadband,training_template,24,24,0,6,-0.02771750884471551,-0.2513016447559169,0.17365793826275636,Hb_nrmse,arm_better,subject_block_1000_frozen_coordinates_exploratory
eeg_fnirs_single_trial,prefrontal,HbO_hidden,R2_selected,training_template,24,24,0,6,0.019002481482786996,-0.19394314638771287,0.23237346389731642,Hb_nrmse,arm_better,subject_block_1000_frozen_coordinates_exploratory
eeg_fnirs_single_trial,prefrontal,HbO_hidden,R2_zero,training_template,24,24,0,6,-0.03306912118495757,-0.25650389503647264,0.17415222658211088,Hb_nrmse,arm_better,subject_block_1000_frozen_coordinates_exploratory
eeg_fnirs_single_trial,prefrontal,HbO_hidden,independent,training_template,24,24,0,6,0.05916270768838248,-0.3185320946031096,0.38608303492195145,Hb_nrmse,arm_better,subject_block_1000_frozen_coordinates_exploratory
eeg_fnirs_single_trial,prefrontal,HbO_hidden,own_context,training_template,24,24,0,6,0.0,0.0,0.0,Hb_nrmse,arm_better,subject_block_1000_frozen_coordinates_exploratory
eeg_fnirs_single_trial,prefrontal,HbO_hidden,ridge_cross,training_template,24,24,0,6,-0.08188677512611421,-0.1892982159278563,0.021399275093252717,Hb_nrmse,arm_better,subject_block_1000_frozen_coordinates_exploratory
eeg_fnirs_single_trial,prefrontal,HbO_hidden,R0_PCA_refit,own_context,24,24,0,6,-0.10306856173633733,-0.3396528037653847,0.16610364908176103,Hb_nrmse,arm_better,subject_block_1000_frozen_coordinates_exploratory
eeg_fnirs_single_trial,prefrontal,HbO_hidden,R1_broadband,own_context,24,24,0,6,-0.02771750884471551,-0.25876064892853334,0.1792307331627944,Hb_nrmse,arm_better,subject_block_1000_frozen_coordinates_exploratory
eeg_fnirs_single_trial,prefrontal,HbO_hidden,R2_selected,own_context,24,24,0,6,0.019002481482786996,-0.2057384187786846,0.22406185971471584,Hb_nrmse,arm_better,subject_block_1000_frozen_coordinates_exploratory
eeg_fnirs_single_trial,prefrontal,HbO_hidden,R2_zero,own_context,24,24,0,6,-0.03306912118495757,-0.2545236058469679,0.16713207550438006,Hb_nrmse,arm_better,subject_block_1000_frozen_coordinates_exploratory
eeg_fnirs_single_trial,prefrontal,HbO_hidden,independent,own_context,24,24,0,6,0.05916270768838248,-0.34664931135594973,0.40262542734303586,Hb_nrmse,arm_better,subject_block_1000_frozen_coordinates_exploratory
eeg_fnirs_single_trial,prefrontal,HbO_hidden,ridge_cross,own_context,24,24,0,6,-0.08188677512611421,-0.2082411455157016,0.01879427076524366,Hb_nrmse,arm_better,subject_block_1000_frozen_coordinates_exploratory
eeg_fnirs_single_trial,prefrontal,HbO_hidden,training_template,own_context,24,24,0,6,0.0,0.0,0.0,Hb_nrmse,arm_better,subject_block_1000_frozen_coordinates_exploratory
eeg_fnirs_single_trial,prefrontal,HbO_hidden,R0_PCA_refit,ridge_cross,24,24,0,6,-0.021181786610223113,-0.1731998278942509,0.14358749423515846,Hb_nrmse,arm_better,subject_block_1000_frozen_coordinates_exploratory
eeg_fnirs_single_trial,prefrontal,HbO_hidden,R1_broadband,ridge_cross,24,24,0,6,0.05416926628139871,-0.06969190857620872,0.20893806714653596,Hb_nrmse,arm_better,subject_block_1000_frozen_coordinates_exploratory
eeg_fnirs_single_trial,prefrontal,HbO_hidden,R2_selected,ridge_cross,24,24,0,6,0.1008892566089012,-0.029814751705067827,0.25823533187663905,Hb_nrmse,arm_better,subject_block_1000_frozen_coordinates_exploratory
eeg_fnirs_single_trial,prefrontal,HbO_hidden,R2_zero,ridge_cross,24,24,0,6,0.04881765394115665,-0.0896724240687149,0.19510523639908367,Hb_nrmse,arm_better,subject_block_1000_frozen_coordinates_exploratory
eeg_fnirs_single_trial,prefrontal,HbO_hidden,independent,ridge_cross,24,24,0,6,0.14104948281449667,-0.1013832654406789,0.37148851978786374,Hb_nrmse,arm_better,subject_block_1000_frozen_coordinates_exploratory
eeg_fnirs_single_trial,prefrontal,HbO_hidden,own_context,ridge_cross,24,24,0,6,0.08188677512611421,-0.021418435356167314,0.18521035599526742,Hb_nrmse,arm_better,subject_block_1000_frozen_coordinates_exploratory
eeg_fnirs_single_trial,prefrontal,HbO_hidden,training_template,ridge_cross,24,24,0,6,0.08188677512611421,-0.016170106174320038,0.1892982159278563,Hb_nrmse,arm_better,subject_block_1000_frozen_coordinates_exploratory
eeg_fnirs_single_trial,prefrontal,HbR_hidden,R0_PCA_refit,R1_broadband,24,24,0,6,-0.074335544250794,-0.17109266984634083,0.05069192127082097,Hb_nrmse,arm_better,subject_block_1000_frozen_coordinates_exploratory
eeg_fnirs_single_trial,prefrontal,HbR_hidden,R2_selected,R1_broadband,24,24,0,6,0.049787742245136934,0.0014677890205339757,0.1196482720309709,Hb_nrmse,arm_better,subject_block_1000_frozen_coordinates_exploratory
eeg_fnirs_single_trial,prefrontal,HbR_hidden,R2_zero,R1_broadband,24,24,0,6,-0.0011955239818359751,-0.009916154257432112,0.008872623358511302,Hb_nrmse,arm_better,subject_block_1000_frozen_coordinates_exploratory
eeg_fnirs_single_trial,prefrontal,HbR_hidden,independent,R1_broadband,24,24,0,6,-0.13439824685530768,-0.5279599578771779,0.25827648873872516,Hb_nrmse,arm_better,subject_block_1000_frozen_coordinates_exploratory
eeg_fnirs_single_trial,prefrontal,HbR_hidden,own_context,R1_broadband,24,24,0,6,0.1342581694433684,-0.05470717316671345,0.3586211888430183,Hb_nrmse,arm_better,subject_block_1000_frozen_coordinates_exploratory
eeg_fnirs_single_trial,prefrontal,HbR_hidden,ridge_cross,R1_broadband,24,24,0,6,-0.10761601331836156,-0.35461176770860603,0.12629867967633826,Hb_nrmse,arm_better,subject_block_1000_frozen_coordinates_exploratory
eeg_fnirs_single_trial,prefrontal,HbR_hidden,training_template,R1_broadband,24,24,0,6,0.1342581694433684,-0.05779936537442729,0.32349576269813846,Hb_nrmse,arm_better,subject_block_1000_frozen_coordinates_exploratory
eeg_fnirs_single_trial,prefrontal,HbR_hidden,R1_broadband,R0_PCA_refit,24,24,0,6,0.074335544250794,-0.054983049850640904,0.17109266984634078,Hb_nrmse,arm_better,subject_block_1000_frozen_coordinates_exploratory
eeg_fnirs_single_trial,prefrontal,HbR_hidden,R2_selected,R0_PCA_refit,24,24,0,6,0.12412328649593095,-0.024101187273984404,0.2539490029647864,Hb_nrmse,arm_better,subject_block_1000_frozen_coordinates_exploratory
eeg_fnirs_single_trial,prefrontal,HbR_hidden,R2_zero,R0_PCA_refit,24,24,0,6,0.07314002026895801,-0.04927907604788234,0.16953231698388493,Hb_nrmse,arm_better,subject_block_1000_frozen_coordinates_exploratory
eeg_fnirs_single_trial,prefrontal,HbR_hidden,independent,R0_PCA_refit,24,24,0,6,-0.06006270260451371,-0.38338551563129425,0.24516115006883407,Hb_nrmse,arm_better,subject_block_1000_frozen_coordinates_exploratory
eeg_fnirs_single_trial,prefrontal,HbR_hidden,own_context,R0_PCA_refit,24,24,0,6,0.20859371369416238,-0.044382378376416565,0.454433648541848,Hb_nrmse,arm_better,subject_block_1000_frozen_coordinates_exploratory
eeg_fnirs_single_trial,prefrontal,HbR_hidden,ridge_cross,R0_PCA_refit,24,24,0,6,-0.03328046906756755,-0.2567405118569825,0.23019444885718893,Hb_nrmse,arm_better,subject_block_1000_frozen_coordinates_exploratory
eeg_fnirs_single_trial,prefrontal,HbR_hidden,training_template,R0_PCA_refit,24,24,0,6,0.20859371369416238,-0.050937225029723844,0.47178044542002595,Hb_nrmse,arm_better,subject_block_1000_frozen_coordinates_exploratory
eeg_fnirs_single_trial,prefrontal,HbR_hidden,R0_PCA_refit,independent,24,24,0,6,0.06006270260451371,-0.2451611500688341,0.38338551563129425,Hb_nrmse,arm_better,subject_block_1000_frozen_coordinates_exploratory
eeg_fnirs_single_trial,prefrontal,HbR_hidden,R1_broadband,independent,24,24,0,6,0.13439824685530768,-0.2266999752451307,0.5387105422348932,Hb_nrmse,arm_better,subject_block_1000_frozen_coordinates_exploratory
eeg_fnirs_single_trial,prefrontal,HbR_hidden,R2_selected,independent,24,24,0,6,0.18418598910044462,-0.1874117239133314,0.5752844461356345,Hb_nrmse,arm_better,subject_block_1000_frozen_coordinates_exploratory
eeg_fnirs_single_trial,prefrontal,HbR_hidden,R2_zero,independent,24,24,0,6,0.13320272287347176,-0.25664788803720345,0.5230533337841469,Hb_nrmse,arm_better,subject_block_1000_frozen_coordinates_exploratory
eeg_fnirs_single_trial,prefrontal,HbR_hidden,own_context,independent,24,24,0,6,0.26865641629867615,-0.17994714378228974,0.7507181774833503,Hb_nrmse,arm_better,subject_block_1000_frozen_coordinates_exploratory
eeg_fnirs_single_trial,prefrontal,HbR_hidden,ridge_cross,independent,24,24,0,6,0.02678223353694617,-0.22430017263173135,0.24996077013967463,Hb_nrmse,arm_better,subject_block_1000_frozen_coordinates_exploratory
eeg_fnirs_single_trial,prefrontal,HbR_hidden,training_template,independent,24,24,0,6,0.26865641629867615,-0.14957955823387542,0.7633821410890855,Hb_nrmse,arm_better,subject_block_1000_frozen_coordinates_exploratory
eeg_fnirs_single_trial,prefrontal,HbR_hidden,R0_PCA_refit,training_template,24,24,0,6,-0.20859371369416238,-0.4788608682600572,0.030540254693757724,Hb_nrmse,arm_better,subject_block_1000_frozen_coordinates_exploratory
eeg_fnirs_single_trial,prefrontal,HbR_hidden,R1_broadband,training_template,24,24,0,6,-0.1342581694433684,-0.346900274683175,0.0547198930171113,Hb_nrmse,arm_better,subject_block_1000_frozen_coordinates_exploratory
eeg_fnirs_single_trial,prefrontal,HbR_hidden,R2_selected,training_template,24,24,0,6,-0.08447042719823146,-0.24781975228115752,0.06541586425587104,Hb_nrmse,arm_better,subject_block_1000_frozen_coordinates_exploratory
eeg_fnirs_single_trial,prefrontal,HbR_hidden,R2_zero,training_template,24,24,0,6,-0.13545369342520439,-0.32997797811659235,0.060835021144656054,Hb_nrmse,arm_better,subject_block_1000_frozen_coordinates_exploratory
eeg_fnirs_single_trial,prefrontal,HbR_hidden,independent,training_template,24,24,0,6,-0.26865641629867615,-0.740766847105959,0.1799471437822897,Hb_nrmse,arm_better,subject_block_1000_frozen_coordinates_exploratory
eeg_fnirs_single_trial,prefrontal,HbR_hidden,own_context,training_template,24,24,0,6,0.0,0.0,0.0,Hb_nrmse,arm_better,subject_block_1000_frozen_coordinates_exploratory
eeg_fnirs_single_trial,prefrontal,HbR_hidden,ridge_cross,training_template,24,24,0,6,-0.24187418276172992,-0.48395858109093026,-0.02427648544328928,Hb_nrmse,arm_better,subject_block_1000_frozen_coordinates_exploratory
eeg_fnirs_single_trial,prefrontal,HbR_hidden,R0_PCA_refit,own_context,24,24,0,6,-0.20859371369416238,-0.471691279737051,0.04706598997253122,Hb_nrmse,arm_better,subject_block_1000_frozen_coordinates_exploratory
eeg_fnirs_single_trial,prefrontal,HbR_hidden,R1_broadband,own_context,24,24,0,6,-0.1342581694433684,-0.3229579016683886,0.058295439539943684,Hb_nrmse,arm_better,subject_block_1000_frozen_coordinates_exploratory
eeg_fnirs_single_trial,prefrontal,HbR_hidden,R2_selected,own_context,24,24,0,6,-0.08447042719823146,-0.23196072650512461,0.07480143555453808,Hb_nrmse,arm_better,subject_block_1000_frozen_coordinates_exploratory
eeg_fnirs_single_trial,prefrontal,HbR_hidden,R2_zero,own_context,24,24,0,6,-0.13545369342520439,-0.32997797811659235,0.059068200336717704,Hb_nrmse,arm_better,subject_block_1000_frozen_coordinates_exploratory
eeg_fnirs_single_trial,prefrontal,HbR_hidden,independent,own_context,24,24,0,6,-0.26865641629867615,-0.7852813245471927,0.15971673013531756,Hb_nrmse,arm_better,subject_block_1000_frozen_coordinates_exploratory
eeg_fnirs_single_trial,prefrontal,HbR_hidden,ridge_cross,own_context,24,24,0,6,-0.24187418276172992,-0.49616804017004856,-0.029088840131181824,Hb_nrmse,arm_better,subject_block_1000_frozen_coordinates_exploratory
eeg_fnirs_single_trial,prefrontal,HbR_hidden,training_template,own_context,24,24,0,6,0.0,0.0,0.0,Hb_nrmse,arm_better,subject_block_1000_frozen_coordinates_exploratory
eeg_fnirs_single_trial,prefrontal,HbR_hidden,R0_PCA_refit,ridge_cross,24,24,0,6,0.03328046906756755,-0.23322461022987553,0.2484994029515932,Hb_nrmse,arm_better,subject_block_1000_frozen_coordinates_exploratory
eeg_fnirs_single_trial,prefrontal,HbR_hidden,R1_broadband,ridge_cross,24,24,0,6,0.10761601331836156,-0.14658071361287206,0.3561444629626737,Hb_nrmse,arm_better,subject_block_1000_frozen_coordinates_exploratory
eeg_fnirs_single_trial,prefrontal,HbR_hidden,R2_selected,ridge_cross,24,24,0,6,0.1574037555634985,-0.045388066342083706,0.39016231546681635,Hb_nrmse,arm_better,subject_block_1000_frozen_coordinates_exploratory
eeg_fnirs_single_trial,prefrontal,HbR_hidden,R2_zero,ridge_cross,24,24,0,6,0.10642048933652555,-0.14460017242751558,0.3655397415431641,Hb_nrmse,arm_better,subject_block_1000_frozen_coordinates_exploratory
eeg_fnirs_single_trial,prefrontal,HbR_hidden,independent,ridge_cross,24,24,0,6,-0.02678223353694617,-0.27278591092124255,0.2405095769916449,Hb_nrmse,arm_better,subject_block_1000_frozen_coordinates_exploratory
eeg_fnirs_single_trial,prefrontal,HbR_hidden,own_context,ridge_cross,24,24,0,6,0.24187418276172992,0.02427648544328928,0.49641781778267474,Hb_nrmse,arm_better,subject_block_1000_frozen_coordinates_exploratory
eeg_fnirs_single_trial,prefrontal,HbR_hidden,training_template,ridge_cross,24,24,0,6,0.24187418276172992,0.029124898442140546,0.5365136538788837,Hb_nrmse,arm_better,subject_block_1000_frozen_coordinates_exploratory
eeg_fnirs_single_trial,prefrontal,Hb_hidden,R0_PCA_refit,R1_broadband,24,24,0,6,-0.4157889660002458,-0.7241236219558066,-0.1583351729918853,Hb_nrmse,arm_better,subject_block_1000_frozen_coordinates_exploratory
eeg_fnirs_single_trial,prefrontal,Hb_hidden,R2_selected,R1_broadband,24,24,0,6,0.08338758336955847,0.004176175927835336,0.16364303763277527,Hb_nrmse,arm_better,subject_block_1000_frozen_coordinates_exploratory
eeg_fnirs_single_trial,prefrontal,Hb_hidden,R2_zero,R1_broadband,24,24,0,6,-0.006417230217273963,-0.014001485770631502,0.001836345193957859,Hb_nrmse,arm_better,subject_block_1000_frozen_coordinates_exploratory
eeg_fnirs_single_trial,prefrontal,Hb_hidden,independent,R1_broadband,24,24,0,6,0.22936415541140706,0.03887124003191541,0.43294155813501134,Hb_nrmse,arm_better,subject_block_1000_frozen_coordinates_exploratory
eeg_fnirs_single_trial,prefrontal,Hb_hidden,own_context,R1_broadband,24,24,0,6,0.16982521193946631,-0.034960493882162706,0.40074529518920166,Hb_nrmse,arm_better,subject_block_1000_frozen_coordinates_exploratory
eeg_fnirs_single_trial,prefrontal,Hb_hidden,ridge_cross,R1_broadband,24,24,0,6,0.14568977455093868,-0.053525813552276424,0.387809805675979,Hb_nrmse,arm_better,subject_block_1000_frozen_coordinates_exploratory
eeg_fnirs_single_trial,prefrontal,Hb_hidden,training_template,R1_broadband,24,24,0,6,0.16982521193946631,-0.035222383840165204,0.4025028598999998,Hb_nrmse,arm_better,subject_block_1000_frozen_coordinates_exploratory
eeg_fnirs_single_trial,prefrontal,Hb_hidden,R1_broadband,R0_PCA_refit,24,24,0,6,0.4157889660002458,0.15053887193232368,0.7053424732776684,Hb_nrmse,arm_better,subject_block_1000_frozen_coordinates_exploratory
eeg_fnirs_single_trial,prefrontal,Hb_hidden,R2_selected,R0_PCA_refit,24,24,0,6,0.49917654936980416,0.17473652133372908,0.912283080048228,Hb_nrmse,arm_better,subject_block_1000_frozen_coordinates_exploratory
eeg_fnirs_single_trial,prefrontal,Hb_hidden,R2_zero,R0_PCA_refit,24,24,0,6,0.40937173578297176,0.15946558929785326,0.7144025109171153,Hb_nrmse,arm_better,subject_block_1000_frozen_coordinates_exploratory
eeg_fnirs_single_trial,prefrontal,Hb_hidden,independent,R0_PCA_refit,24,24,0,6,0.6451531214116527,0.1972064130238007,1.1795317027265995,Hb_nrmse,arm_better,subject_block_1000_frozen_coordinates_exploratory
eeg_fnirs_single_trial,prefrontal,Hb_hidden,own_context,R0_PCA_refit,24,24,0,6,0.585614177939712,0.1273010743057303,1.1580089420268622,Hb_nrmse,arm_better,subject_block_1000_frozen_coordinates_exploratory
eeg_fnirs_single_trial,prefrontal,Hb_hidden,ridge_cross,R0_PCA_refit,24,24,0,6,0.5614787405511844,0.11469634475566198,1.0951787713164969,Hb_nrmse,arm_better,subject_block_1000_frozen_coordinates_exploratory
eeg_fnirs_single_trial,prefrontal,Hb_hidden,training_template,R0_PCA_refit,24,24,0,6,0.585614177939712,0.1437558733361021,1.1580065650005709,Hb_nrmse,arm_better,subject_block_1000_frozen_coordinates_exploratory
eeg_fnirs_single_trial,prefrontal,Hb_hidden,R0_PCA_refit,independent,24,24,0,6,-0.6451531214116527,-1.1578372546350684,-0.18232749787409508,Hb_nrmse,arm_better,subject_block_1000_frozen_coordinates_exploratory
eeg_fnirs_single_trial,prefrontal,Hb_hidden,R1_broadband,independent,24,24,0,6,-0.22936415541140706,-0.4329415581350114,-0.03377928145434704,Hb_nrmse,arm_better,subject_block_1000_frozen_coordinates_exploratory
eeg_fnirs_single_trial,prefrontal,Hb_hidden,R2_selected,independent,24,24,0,6,-0.14597657204184858,-0.27898824914555576,-0.02707014906246019,Hb_nrmse,arm_better,subject_block_1000_frozen_coordinates_exploratory
eeg_fnirs_single_trial,prefrontal,Hb_hidden,R2_zero,independent,24,24,0,6,-0.23578138562868103,-0.4396307204692751,-0.044159039702695246,Hb_nrmse,arm_better,subject_block_1000_frozen_coordinates_exploratory
eeg_fnirs_single_trial,prefrontal,Hb_hidden,own_context,independent,24,24,0,6,-0.05953894347194072,-0.08970076149201653,-0.03373283673546725,Hb_nrmse,arm_better,subject_block_1000_frozen_coordinates_exploratory
eeg_fnirs_single_trial,prefrontal,Hb_hidden,ridge_cross,independent,24,24,0,6,-0.08367438086046834,-0.1408534195361246,-0.030895952408895623,Hb_nrmse,arm_better,subject_block_1000_frozen_coordinates_exploratory
eeg_fnirs_single_trial,prefrontal,Hb_hidden,training_template,independent,24,24,0,6,-0.05953894347194072,-0.09058121927193681,-0.03400785040201939,Hb_nrmse,arm_better,subject_block_1000_frozen_coordinates_exploratory
eeg_fnirs_single_trial,prefrontal,Hb_hidden,R0_PCA_refit,training_template,24,24,0,6,-0.585614177939712,-1.1369665518679686,-0.12730345133202173,Hb_nrmse,arm_better,subject_block_1000_frozen_coordinates_exploratory
eeg_fnirs_single_trial,prefrontal,Hb_hidden,R1_broadband,training_template,24,24,0,6,-0.16982521193946631,-0.38982777381271555,0.03952540962816715,Hb_nrmse,arm_better,subject_block_1000_frozen_coordinates_exploratory
eeg_fnirs_single_trial,prefrontal,Hb_hidden,R2_selected,training_template,24,24,0,6,-0.08643762856990785,-0.24271981640536952,0.046398330102979536,Hb_nrmse,arm_better,subject_block_1000_frozen_coordinates_exploratory
eeg_fnirs_single_trial,prefrontal,Hb_hidden,R2_zero,training_template,24,24,0,6,-0.17624244215674026,-0.39187256431685896,0.03216541090839274,Hb_nrmse,arm_better,subject_block_1000_frozen_coordinates_exploratory
eeg_fnirs_single_trial,prefrontal,Hb_hidden,independent,training_template,24,24,0,6,0.05953894347194072,0.034598993993944255,0.08970076149201653,Hb_nrmse,arm_better,subject_block_1000_frozen_coordinates_exploratory
eeg_fnirs_single_trial,prefrontal,Hb_hidden,own_context,training_template,24,24,0,6,0.0,0.0,0.0,Hb_nrmse,arm_better,subject_block_1000_frozen_coordinates_exploratory
eeg_fnirs_single_trial,prefrontal,Hb_hidden,ridge_cross,training_template,24,24,0,6,-0.024135437388527605,-0.06600977362795153,0.010459399337170357,Hb_nrmse,arm_better,subject_block_1000_frozen_coordinates_exploratory
eeg_fnirs_single_trial,prefrontal,Hb_hidden,R0_PCA_refit,own_context,24,24,0,6,-0.585614177939712,-1.1102412813928475,-0.12739615535738674,Hb_nrmse,arm_better,subject_block_1000_frozen_coordinates_exploratory
eeg_fnirs_single_trial,prefrontal,Hb_hidden,R1_broadband,own_context,24,24,0,6,-0.16982521193946631,-0.394743534760959,0.039151156062464325,Hb_nrmse,arm_better,subject_block_1000_frozen_coordinates_exploratory
eeg_fnirs_single_trial,prefrontal,Hb_hidden,R2_selected,own_context,24,24,0,6,-0.08643762856990785,-0.23645311904390698,0.046398330102979536,Hb_nrmse,arm_better,subject_block_1000_frozen_coordinates_exploratory
eeg_fnirs_single_trial,prefrontal,Hb_hidden,R2_zero,own_context,24,24,0,6,-0.17624244215674026,-0.40852282496807263,0.0311113696354496,Hb_nrmse,arm_better,subject_block_1000_frozen_coordinates_exploratory
eeg_fnirs_single_trial,prefrontal,Hb_hidden,independent,own_context,24,24,0,6,0.05953894347194072,0.03373283673546725,0.0902955922184358,Hb_nrmse,arm_better,subject_block_1000_frozen_coordinates_exploratory
eeg_fnirs_single_trial,prefrontal,Hb_hidden,ridge_cross,own_context,24,24,0,6,-0.024135437388527605,-0.06422156199302903,0.012317108258310075,Hb_nrmse,arm_better,subject_block_1000_frozen_coordinates_exploratory
eeg_fnirs_single_trial,prefrontal,Hb_hidden,training_template,own_context,24,24,0,6,0.0,0.0,0.0,Hb_nrmse,arm_better,subject_block_1000_frozen_coordinates_exploratory
eeg_fnirs_single_trial,prefrontal,Hb_hidden,R0_PCA_refit,ridge_cross,24,24,0,6,-0.5614787405511844,-1.123905951372861,-0.11163602869951987,Hb_nrmse,arm_better,subject_block_1000_frozen_coordinates_exploratory
eeg_fnirs_single_trial,prefrontal,Hb_hidden,R1_broadband,ridge_cross,24,24,0,6,-0.14568977455093868,-0.3955212419900578,0.06137934324493776,Hb_nrmse,arm_better,subject_block_1000_frozen_coordinates_exploratory
eeg_fnirs_single_trial,prefrontal,Hb_hidden,R2_selected,ridge_cross,24,24,0,6,-0.062302191181380244,-0.22517688382392212,0.06937346232641904,Hb_nrmse,arm_better,subject_block_1000_frozen_coordinates_exploratory
eeg_fnirs_single_trial,prefrontal,Hb_hidden,R2_zero,ridge_cross,24,24,0,6,-0.15210700476821268,-0.3960817662773682,0.06098645013527834,Hb_nrmse,arm_better,subject_block_1000_frozen_coordinates_exploratory
eeg_fnirs_single_trial,prefrontal,Hb_hidden,independent,ridge_cross,24,24,0,6,0.08367438086046834,0.026216641315677025,0.1355497745383276,Hb_nrmse,arm_better,subject_block_1000_frozen_coordinates_exploratory
eeg_fnirs_single_trial,prefrontal,Hb_hidden,own_context,ridge_cross,24,24,0,6,0.024135437388527605,-0.01254296319987698,0.069896372911209,Hb_nrmse,arm_better,subject_block_1000_frozen_coordinates_exploratory
eeg_fnirs_single_trial,prefrontal,Hb_hidden,training_template,ridge_cross,24,24,0,6,0.024135437388527605,-0.009844879158919316,0.06742353782341252,Hb_nrmse,arm_better,subject_block_1000_frozen_coordinates_exploratory
eeg_fnirs_single_trial,prefrontal,center_Hb,R0_PCA_refit,R1_broadband,24,24,0,6,-0.012474812518065629,-0.06854571371170325,0.03593638108296396,Hb_nrmse,arm_better,subject_block_1000_frozen_coordinates_exploratory
eeg_fnirs_single_trial,prefrontal,center_Hb,R2_selected,R1_broadband,24,24,0,6,0.010481895422895189,-0.021476199640014196,0.05905541994869112,Hb_nrmse,arm_better,subject_block_1000_frozen_coordinates_exploratory
eeg_fnirs_single_trial,prefrontal,center_Hb,R2_zero,R1_broadband,24,24,0,6,0.0053800960702149875,-0.0004872501642513803,0.010017550992369504,Hb_nrmse,arm_better,subject_block_1000_frozen_coordinates_exploratory
eeg_fnirs_single_trial,prefrontal,center_Hb,independent,R1_broadband,24,24,0,6,0.1721215336984642,0.06430756029104842,0.30988121398690394,Hb_nrmse,arm_better,subject_block_1000_frozen_coordinates_exploratory
eeg_fnirs_single_trial,prefrontal,center_Hb,own_context,R1_broadband,24,24,0,6,0.333384259305328,0.1894478402206789,0.48038375869384126,Hb_nrmse,arm_better,subject_block_1000_frozen_coordinates_exploratory
eeg_fnirs_single_trial,prefrontal,center_Hb,ridge_cross,R1_broadband,24,24,0,6,0.25749751720411757,0.14278536708250555,0.4019315215745173,Hb_nrmse,arm_better,subject_block_1000_frozen_coordinates_exploratory
eeg_fnirs_single_trial,prefrontal,center_Hb,training_template,R1_broadband,24,24,0,6,-0.7078616980582685,-1.171615286255963,-0.25273221999326834,Hb_nrmse,arm_better,subject_block_1000_frozen_coordinates_exploratory
eeg_fnirs_single_trial,prefrontal,center_Hb,R1_broadband,R0_PCA_refit,24,24,0,6,0.012474812518065629,-0.038736631916598,0.0686949038796314,Hb_nrmse,arm_better,subject_block_1000_frozen_coordinates_exploratory
eeg_fnirs_single_trial,prefrontal,center_Hb,R2_selected,R0_PCA_refit,24,24,0,6,0.02295670794096082,-0.03923159520735204,0.08263554936816168,Hb_nrmse,arm_better,subject_block_1000_frozen_coordinates_exploratory
eeg_fnirs_single_trial,prefrontal,center_Hb,R2_zero,R0_PCA_refit,24,24,0,6,0.017854908588280618,-0.03126313664324781,0.07673779863355823,Hb_nrmse,arm_better,subject_block_1000_frozen_coordinates_exploratory
eeg_fnirs_single_trial,prefrontal,center_Hb,independent,R0_PCA_refit,24,24,0,6,0.18459634621652987,0.08002944128294458,0.2985298373788848,Hb_nrmse,arm_better,subject_block_1000_frozen_coordinates_exploratory
eeg_fnirs_single_trial,prefrontal,center_Hb,own_context,R0_PCA_refit,24,24,0,6,0.34585907182339365,0.2068775214158002,0.4818122920744434,Hb_nrmse,arm_better,subject_block_1000_frozen_coordinates_exploratory
eeg_fnirs_single_trial,prefrontal,center_Hb,ridge_cross,R0_PCA_refit,24,24,0,6,0.26997232972218316,0.15981478018061027,0.3887699148526162,Hb_nrmse,arm_better,subject_block_1000_frozen_coordinates_exploratory
eeg_fnirs_single_trial,prefrontal,center_Hb,training_template,R0_PCA_refit,24,24,0,6,-0.695386885540203,-1.19164004720589,-0.2377672036722114,Hb_nrmse,arm_better,subject_block_1000_frozen_coordinates_exploratory
eeg_fnirs_single_trial,prefrontal,center_Hb,R0_PCA_refit,independent,24,24,0,6,-0.18459634621652987,-0.29720687242899907,-0.0828127033258841,Hb_nrmse,arm_better,subject_block_1000_frozen_coordinates_exploratory
eeg_fnirs_single_trial,prefrontal,center_Hb,R1_broadband,independent,24,24,0,6,-0.1721215336984642,-0.30772445593587266,-0.06957660298533593,Hb_nrmse,arm_better,subject_block_1000_frozen_coordinates_exploratory
eeg_fnirs_single_trial,prefrontal,center_Hb,R2_selected,independent,24,24,0,6,-0.16163963827556904,-0.24880445104242274,-0.08162840325776168,Hb_nrmse,arm_better,subject_block_1000_frozen_coordinates_exploratory
eeg_fnirs_single_trial,prefrontal,center_Hb,R2_zero,independent,24,24,0,6,-0.16674143762824925,-0.29817353579164113,-0.06747341409141601,Hb_nrmse,arm_better,subject_block_1000_frozen_coordinates_exploratory
eeg_fnirs_single_trial,prefrontal,center_Hb,own_context,independent,24,24,0,6,0.1612627256068638,0.04851556228987279,0.30604125552383854,Hb_nrmse,arm_better,subject_block_1000_frozen_coordinates_exploratory
eeg_fnirs_single_trial,prefrontal,center_Hb,ridge_cross,independent,24,24,0,6,0.08537598350565333,0.022556449049723103,0.15426319123839707,Hb_nrmse,arm_better,subject_block_1000_frozen_coordinates_exploratory
eeg_fnirs_single_trial,prefrontal,center_Hb,training_template,independent,24,24,0,6,-0.8799832317567327,-1.3193880561593143,-0.46298517378960674,Hb_nrmse,arm_better,subject_block_1000_frozen_coordinates_exploratory
eeg_fnirs_single_trial,prefrontal,center_Hb,R0_PCA_refit,training_template,24,24,0,6,0.695386885540203,0.263358371519127,1.1962329545529071,Hb_nrmse,arm_better,subject_block_1000_frozen_coordinates_exploratory
eeg_fnirs_single_trial,prefrontal,center_Hb,R1_broadband,training_template,24,24,0,6,0.7078616980582685,0.2527322199932684,1.214801818162798,Hb_nrmse,arm_better,subject_block_1000_frozen_coordinates_exploratory
eeg_fnirs_single_trial,prefrontal,center_Hb,R2_selected,training_template,24,24,0,6,0.7183435934811637,0.2730895064484056,1.1910199809937019,Hb_nrmse,arm_better,subject_block_1000_frozen_coordinates_exploratory
eeg_fnirs_single_trial,prefrontal,center_Hb,R2_zero,training_template,24,24,0,6,0.7132417941284835,0.2567925227545697,1.1696910655023973,Hb_nrmse,arm_better,subject_block_1000_frozen_coordinates_exploratory
eeg_fnirs_single_trial,prefrontal,center_Hb,independent,training_template,24,24,0,6,0.8799832317567327,0.46292958260388095,1.3584876486518493,Hb_nrmse,arm_better,subject_block_1000_frozen_coordinates_exploratory
eeg_fnirs_single_trial,prefrontal,center_Hb,own_context,training_template,24,24,0,6,1.0412459573635966,0.5022399445626994,1.6103308790722524,Hb_nrmse,arm_better,subject_block_1000_frozen_coordinates_exploratory
eeg_fnirs_single_trial,prefrontal,center_Hb,ridge_cross,training_template,24,24,0,6,0.965359215262386,0.4806474811117127,1.4589925794329306,Hb_nrmse,arm_better,subject_block_1000_frozen_coordinates_exploratory
eeg_fnirs_single_trial,prefrontal,center_Hb,R0_PCA_refit,own_context,24,24,0,6,-0.34585907182339365,-0.48734297521602143,-0.2086805013913194,Hb_nrmse,arm_better,subject_block_1000_frozen_coordinates_exploratory
eeg_fnirs_single_trial,prefrontal,center_Hb,R1_broadband,own_context,24,24,0,6,-0.333384259305328,-0.49039500313094114,-0.18096922036189403,Hb_nrmse,arm_better,subject_block_1000_frozen_coordinates_exploratory
eeg_fnirs_single_trial,prefrontal,center_Hb,R2_selected,own_context,24,24,0,6,-0.3229023638824328,-0.45770442512696413,-0.18810030263790153,Hb_nrmse,arm_better,subject_block_1000_frozen_coordinates_exploratory
eeg_fnirs_single_trial,prefrontal,center_Hb,R2_zero,own_context,24,24,0,6,-0.32800416323511306,-0.477036830547865,-0.17897149592236106,Hb_nrmse,arm_better,subject_block_1000_frozen_coordinates_exploratory
eeg_fnirs_single_trial,prefrontal,center_Hb,independent,own_context,24,24,0,6,-0.1612627256068638,-0.30823417217536364,-0.04546857987041162,Hb_nrmse,arm_better,subject_block_1000_frozen_coordinates_exploratory
eeg_fnirs_single_trial,prefrontal,center_Hb,ridge_cross,own_context,24,24,0,6,-0.07588674210121048,-0.15421938381690561,-0.017969218674359015,Hb_nrmse,arm_better,subject_block_1000_frozen_coordinates_exploratory
eeg_fnirs_single_trial,prefrontal,center_Hb,training_template,own_context,24,24,0,6,-1.0412459573635966,-1.589084350281545,-0.5075213244571881,Hb_nrmse,arm_better,subject_block_1000_frozen_coordinates_exploratory
eeg_fnirs_single_trial,prefrontal,center_Hb,R0_PCA_refit,ridge_cross,24,24,0,6,-0.26997232972218316,-0.3886637449328992,-0.15552771130014634,Hb_nrmse,arm_better,subject_block_1000_frozen_coordinates_exploratory
eeg_fnirs_single_trial,prefrontal,center_Hb,R1_broadband,ridge_cross,24,24,0,6,-0.25749751720411757,-0.3972953467482352,-0.14729425099226762,Hb_nrmse,arm_better,subject_block_1000_frozen_coordinates_exploratory
eeg_fnirs_single_trial,prefrontal,center_Hb,R2_selected,ridge_cross,24,24,0,6,-0.24701562178122236,-0.34110454166761545,-0.15152933231979063,Hb_nrmse,arm_better,subject_block_1000_frozen_coordinates_exploratory
eeg_fnirs_single_trial,prefrontal,center_Hb,R2_zero,ridge_cross,24,24,0,6,-0.25211742113390256,-0.39336161239140494,-0.1530227961055313,Hb_nrmse,arm_better,subject_block_1000_frozen_coordinates_exploratory
eeg_fnirs_single_trial,prefrontal,center_Hb,independent,ridge_cross,24,24,0,6,-0.08537598350565333,-0.15430744819715622,-0.022548009933779978,Hb_nrmse,arm_better,subject_block_1000_frozen_coordinates_exploratory
eeg_fnirs_single_trial,prefrontal,center_Hb,own_context,ridge_cross,24,24,0,6,0.07588674210121048,0.01795656343790179,0.15412511227752837,Hb_nrmse,arm_better,subject_block_1000_frozen_coordinates_exploratory
eeg_fnirs_single_trial,prefrontal,center_Hb,training_template,ridge_cross,24,24,0,6,-0.965359215262386,-1.5025427330505026,-0.5267264932425675,Hb_nrmse,arm_better,subject_block_1000_frozen_coordinates_exploratory
eeg_fnirs_single_trial,prefrontal,full,R0_PCA_refit,R1_broadband,24,24,0,6,0.04305008136683452,0.028893941056592723,0.0622738183002986,Hb_nrmse,arm_better,subject_block_1000_frozen_coordinates_exploratory
eeg_fnirs_single_trial,prefrontal,full,R2_selected,R1_broadband,24,24,0,6,-0.006118431799142557,-0.018187285321939597,0.006601754228309029,Hb_nrmse,arm_better,subject_block_1000_frozen_coordinates_exploratory
eeg_fnirs_single_trial,prefrontal,full,R2_zero,R1_broadband,24,24,0,6,0.004214877351471299,0.0032949087610604586,0.0052823779327517365,Hb_nrmse,arm_better,subject_block_1000_frozen_coordinates_exploratory
eeg_fnirs_single_trial,prefrontal,full,independent,R1_broadband,24,24,0,6,0.11598068968310132,0.08057968822171424,0.15224698796090952,Hb_nrmse,arm_better,subject_block_1000_frozen_coordinates_exploratory
eeg_fnirs_single_trial,prefrontal,full,training_template,R1_broadband,24,24,0,6,-0.9299788540626533,-1.3917330880843026,-0.5795693712651161,Hb_nrmse,arm_better,subject_block_1000_frozen_coordinates_exploratory
eeg_fnirs_single_trial,prefrontal,full,R1_broadband,R0_PCA_refit,24,24,0,6,-0.04305008136683452,-0.061093188400968744,-0.029395333292819504,Hb_nrmse,arm_better,subject_block_1000_frozen_coordinates_exploratory
eeg_fnirs_single_trial,prefrontal,full,R2_selected,R0_PCA_refit,24,24,0,6,-0.04916851316597707,-0.06476256352238552,-0.033432198846264194,Hb_nrmse,arm_better,subject_block_1000_frozen_coordinates_exploratory
eeg_fnirs_single_trial,prefrontal,full,R2_zero,R0_PCA_refit,24,24,0,6,-0.038835204015363216,-0.05764758457389255,-0.02498013876332336,Hb_nrmse,arm_better,subject_block_1000_frozen_coordinates_exploratory
eeg_fnirs_single_trial,prefrontal,full,independent,R0_PCA_refit,24,24,0,6,0.0729306083162668,0.050888481919003616,0.09303955230000734,Hb_nrmse,arm_better,subject_block_1000_frozen_coordinates_exploratory
eeg_fnirs_single_trial,prefrontal,full,training_template,R0_PCA_refit,24,24,0,6,-0.973028935429488,-1.4595149276479111,-0.6295389671843387,Hb_nrmse,arm_better,subject_block_1000_frozen_coordinates_exploratory
eeg_fnirs_single_trial,prefrontal,full,R0_PCA_refit,independent,24,24,0,6,-0.0729306083162668,-0.09443237060516275,-0.05130234411125122,Hb_nrmse,arm_better,subject_block_1000_frozen_coordinates_exploratory
eeg_fnirs_single_trial,prefrontal,full,R1_broadband,independent,24,24,0,6,-0.11598068968310132,-0.15122142017677886,-0.0803163233117049,Hb_nrmse,arm_better,subject_block_1000_frozen_coordinates_exploratory
eeg_fnirs_single_trial,prefrontal,full,R2_selected,independent,24,24,0,6,-0.12209912148224387,-0.15747598857727377,-0.08852150691613019,Hb_nrmse,arm_better,subject_block_1000_frozen_coordinates_exploratory
eeg_fnirs_single_trial,prefrontal,full,R2_zero,independent,24,24,0,6,-0.11176581233163001,-0.14774398192483806,-0.07916073238424604,Hb_nrmse,arm_better,subject_block_1000_frozen_coordinates_exploratory
eeg_fnirs_single_trial,prefrontal,full,training_template,independent,24,24,0,6,-1.0459595437457547,-1.5085083097895213,-0.6759867918680832,Hb_nrmse,arm_better,subject_block_1000_frozen_coordinates_exploratory
eeg_fnirs_single_trial,prefrontal,full,R0_PCA_refit,training_template,24,24,0,6,0.973028935429488,0.6151370079506504,1.415895258097762,Hb_nrmse,arm_better,subject_block_1000_frozen_coordinates_exploratory
eeg_fnirs_single_trial,prefrontal,full,R1_broadband,training_template,24,24,0,6,0.9299788540626533,0.5697065442996628,1.3770570869020367,Hb_nrmse,arm_better,subject_block_1000_frozen_coordinates_exploratory
eeg_fnirs_single_trial,prefrontal,full,R2_selected,training_template,24,24,0,6,0.9238604222635107,0.5713478072488174,1.333850702945834,Hb_nrmse,arm_better,subject_block_1000_frozen_coordinates_exploratory
eeg_fnirs_single_trial,prefrontal,full,R2_zero,training_template,24,24,0,6,0.9341937314141248,0.5600656090885795,1.3967768693574758,Hb_nrmse,arm_better,subject_block_1000_frozen_coordinates_exploratory
eeg_fnirs_single_trial,prefrontal,full,independent,training_template,24,24,0,6,1.0459595437457547,0.6780884980105543,1.5104271150182191,Hb_nrmse,arm_better,subject_block_1000_frozen_coordinates_exploratory
eeg_fnirs_single_trial,prefrontal,full,R0_PCA_refit,own_context,0,0,0,0,,,,Hb_nrmse,arm_better,subject_block_1000_frozen_coordinates_exploratory
eeg_fnirs_single_trial,prefrontal,full,R1_broadband,own_context,0,0,0,0,,,,Hb_nrmse,arm_better,subject_block_1000_frozen_coordinates_exploratory
eeg_fnirs_single_trial,prefrontal,full,R2_selected,own_context,0,0,0,0,,,,Hb_nrmse,arm_better,subject_block_1000_frozen_coordinates_exploratory
eeg_fnirs_single_trial,prefrontal,full,R2_zero,own_context,0,0,0,0,,,,Hb_nrmse,arm_better,subject_block_1000_frozen_coordinates_exploratory
eeg_fnirs_single_trial,prefrontal,full,independent,own_context,0,0,0,0,,,,Hb_nrmse,arm_better,subject_block_1000_frozen_coordinates_exploratory
eeg_fnirs_single_trial,prefrontal,full,training_template,own_context,0,0,0,0,,,,Hb_nrmse,arm_better,subject_block_1000_frozen_coordinates_exploratory
eeg_fnirs_single_trial,prefrontal,full,R0_PCA_refit,ridge_cross,0,0,0,0,,,,Hb_nrmse,arm_better,subject_block_1000_frozen_coordinates_exploratory
eeg_fnirs_single_trial,prefrontal,full,R1_broadband,ridge_cross,0,0,0,0,,,,Hb_nrmse,arm_better,subject_block_1000_frozen_coordinates_exploratory
eeg_fnirs_single_trial,prefrontal,full,R2_selected,ridge_cross,0,0,0,0,,,,Hb_nrmse,arm_better,subject_block_1000_frozen_coordinates_exploratory
eeg_fnirs_single_trial,prefrontal,full,R2_zero,ridge_cross,0,0,0,0,,,,Hb_nrmse,arm_better,subject_block_1000_frozen_coordinates_exploratory
eeg_fnirs_single_trial,prefrontal,full,independent,ridge_cross,0,0,0,0,,,,Hb_nrmse,arm_better,subject_block_1000_frozen_coordinates_exploratory
eeg_fnirs_single_trial,prefrontal,full,training_template,ridge_cross,0,0,0,0,,,,Hb_nrmse,arm_better,subject_block_1000_frozen_coordinates_exploratory
simultaneous_eeg_nirs,motor,HbO_hidden,R0_PCA_refit,R1_broadband,24,24,0,6,0.09787168590240986,-0.013914208600691738,0.22894445934336902,Hb_nrmse,arm_better,subject_block_1000_frozen_coordinates_exploratory
simultaneous_eeg_nirs,motor,HbO_hidden,R2_selected,R1_broadband,24,24,0,6,0.015848716172468875,-0.01139908080873,0.04892703479771787,Hb_nrmse,arm_better,subject_block_1000_frozen_coordinates_exploratory
simultaneous_eeg_nirs,motor,HbO_hidden,R2_zero,R1_broadband,24,24,0,6,0.005302366085774751,-0.0008221423131350529,0.011557522617414473,Hb_nrmse,arm_better,subject_block_1000_frozen_coordinates_exploratory
simultaneous_eeg_nirs,motor,HbO_hidden,independent,R1_broadband,24,24,0,6,0.16142035909922384,-0.10948393574138814,0.4503013788220806,Hb_nrmse,arm_better,subject_block_1000_frozen_coordinates_exploratory
simultaneous_eeg_nirs,motor,HbO_hidden,own_context,R1_broadband,24,24,0,6,0.2099484435102763,0.085209849297556,0.34158588564441184,Hb_nrmse,arm_better,subject_block_1000_frozen_coordinates_exploratory
simultaneous_eeg_nirs,motor,HbO_hidden,ridge_cross,R1_broadband,24,24,0,6,0.2824412451374962,0.08362426418778166,0.45785007333044325,Hb_nrmse,arm_better,subject_block_1000_frozen_coordinates_exploratory
simultaneous_eeg_nirs,motor,HbO_hidden,training_template,R1_broadband,24,24,0,6,0.2099484435102763,0.06731827932577247,0.3426934997498476,Hb_nrmse,arm_better,subject_block_1000_frozen_coordinates_exploratory
simultaneous_eeg_nirs,motor,HbO_hidden,R1_broadband,R0_PCA_refit,24,24,0,6,-0.09787168590240986,-0.21309626497941067,0.01381068666332935,Hb_nrmse,arm_better,subject_block_1000_frozen_coordinates_exploratory
simultaneous_eeg_nirs,motor,HbO_hidden,R2_selected,R0_PCA_refit,24,24,0,6,-0.08202296972994096,-0.18822781927749774,0.03530066708526037,Hb_nrmse,arm_better,subject_block_1000_frozen_coordinates_exploratory
simultaneous_eeg_nirs,motor,HbO_hidden,R2_zero,R0_PCA_refit,24,24,0,6,-0.09256931981663508,-0.21855291037125568,0.017200830664504268,Hb_nrmse,arm_better,subject_block_1000_frozen_coordinates_exploratory
simultaneous_eeg_nirs,motor,HbO_hidden,independent,R0_PCA_refit,24,24,0,6,0.063548673196814,-0.14851436523459188,0.28197949051981197,Hb_nrmse,arm_better,subject_block_1000_frozen_coordinates_exploratory
simultaneous_eeg_nirs,motor,HbO_hidden,own_context,R0_PCA_refit,24,24,0,6,0.11207675760786645,0.02209190597421858,0.18690278944704633,Hb_nrmse,arm_better,subject_block_1000_frozen_coordinates_exploratory
simultaneous_eeg_nirs,motor,HbO_hidden,ridge_cross,R0_PCA_refit,24,24,0,6,0.1845695592350863,0.032135332834177605,0.32242555811887313,Hb_nrmse,arm_better,subject_block_1000_frozen_coordinates_exploratory
simultaneous_eeg_nirs,motor,HbO_hidden,training_template,R0_PCA_refit,24,24,0,6,0.11207675760786645,0.01844980904514653,0.18690278944704633,Hb_nrmse,arm_better,subject_block_1000_frozen_coordinates_exploratory
simultaneous_eeg_nirs,motor,HbO_hidden,R0_PCA_refit,independent,24,24,0,6,-0.063548673196814,-0.28541561823820205,0.1720671239983507,Hb_nrmse,arm_better,subject_block_1000_frozen_coordinates_exploratory
simultaneous_eeg_nirs,motor,HbO_hidden,R1_broadband,independent,24,24,0,6,-0.16142035909922384,-0.4503013788220807,0.11558094837329441,Hb_nrmse,arm_better,subject_block_1000_frozen_coordinates_exploratory
simultaneous_eeg_nirs,motor,HbO_hidden,R2_selected,independent,24,24,0,6,-0.14557164292675492,-0.4313036641359287,0.14148435693022302,Hb_nrmse,arm_better,subject_block_1000_frozen_coordinates_exploratory
simultaneous_eeg_nirs,motor,HbO_hidden,R2_zero,independent,24,24,0,6,-0.1561179930134491,-0.42188208579831477,0.1425315046376409,Hb_nrmse,arm_better,subject_block_1000_frozen_coordinates_exploratory
simultaneous_eeg_nirs,motor,HbO_hidden,own_context,independent,24,24,0,6,0.04852808441105246,-0.13475142783676775,0.24838317271539023,Hb_nrmse,arm_better,subject_block_1000_frozen_coordinates_exploratory
simultaneous_eeg_nirs,motor,HbO_hidden,ridge_cross,independent,24,24,0,6,0.12102088603827232,-0.008937861202820354,0.3066975902023098,Hb_nrmse,arm_better,subject_block_1000_frozen_coordinates_exploratory
simultaneous_eeg_nirs,motor,HbO_hidden,training_template,independent,24,24,0,6,0.04852808441105246,-0.12785230732677721,0.26635952866213997,Hb_nrmse,arm_better,subject_block_1000_frozen_coordinates_exploratory
simultaneous_eeg_nirs,motor,HbO_hidden,R0_PCA_refit,training_template,24,24,0,6,-0.11207675760786645,-0.2023652234216829,-0.03416502576803577,Hb_nrmse,arm_better,subject_block_1000_frozen_coordinates_exploratory
simultaneous_eeg_nirs,motor,HbO_hidden,R1_broadband,training_template,24,24,0,6,-0.2099484435102763,-0.34158588564441184,-0.06450492183418896,Hb_nrmse,arm_better,subject_block_1000_frozen_coordinates_exploratory
simultaneous_eeg_nirs,motor,HbO_hidden,R2_selected,training_template,24,24,0,6,-0.19409972733780742,-0.32079362681877005,-0.06667641981679799,Hb_nrmse,arm_better,subject_block_1000_frozen_coordinates_exploratory
simultaneous_eeg_nirs,motor,HbO_hidden,R2_zero,training_template,24,24,0,6,-0.2046460774245015,-0.32667904754063576,-0.07776150169241204,Hb_nrmse,arm_better,subject_block_1000_frozen_coordinates_exploratory
simultaneous_eeg_nirs,motor,HbO_hidden,independent,training_template,24,24,0,6,-0.04852808441105246,-0.2783722815498669,0.13795162318361287,Hb_nrmse,arm_better,subject_block_1000_frozen_coordinates_exploratory
simultaneous_eeg_nirs,motor,HbO_hidden,own_context,training_template,24,24,0,6,0.0,0.0,0.0,Hb_nrmse,arm_better,subject_block_1000_frozen_coordinates_exploratory
simultaneous_eeg_nirs,motor,HbO_hidden,ridge_cross,training_template,24,24,0,6,0.07249280162721987,-0.0030442796049086457,0.1367613404182431,Hb_nrmse,arm_better,subject_block_1000_frozen_coordinates_exploratory
simultaneous_eeg_nirs,motor,HbO_hidden,R0_PCA_refit,own_context,24,24,0,6,-0.11207675760786645,-0.20078765202620408,-0.03330962846053832,Hb_nrmse,arm_better,subject_block_1000_frozen_coordinates_exploratory
simultaneous_eeg_nirs,motor,HbO_hidden,R1_broadband,own_context,24,24,0,6,-0.2099484435102763,-0.34158588564441184,-0.07171551945411299,Hb_nrmse,arm_better,subject_block_1000_frozen_coordinates_exploratory
simultaneous_eeg_nirs,motor,HbO_hidden,R2_selected,own_context,24,24,0,6,-0.19409972733780742,-0.3160772532571421,-0.06420897307372339,Hb_nrmse,arm_better,subject_block_1000_frozen_coordinates_exploratory
simultaneous_eeg_nirs,motor,HbO_hidden,R2_zero,own_context,24,24,0,6,-0.2046460774245015,-0.3351425950951805,-0.07768643300123586,Hb_nrmse,arm_better,subject_block_1000_frozen_coordinates_exploratory
simultaneous_eeg_nirs,motor,HbO_hidden,independent,own_context,24,24,0,6,-0.04852808441105246,-0.26250781011734353,0.13795162318361287,Hb_nrmse,arm_better,subject_block_1000_frozen_coordinates_exploratory
simultaneous_eeg_nirs,motor,HbO_hidden,ridge_cross,own_context,24,24,0,6,0.07249280162721987,0.0012008588047794468,0.13617210510111108,Hb_nrmse,arm_better,subject_block_1000_frozen_coordinates_exploratory
simultaneous_eeg_nirs,motor,HbO_hidden,training_template,own_context,24,24,0,6,0.0,0.0,0.0,Hb_nrmse,arm_better,subject_block_1000_frozen_coordinates_exploratory
simultaneous_eeg_nirs,motor,HbO_hidden,R0_PCA_refit,ridge_cross,24,24,0,6,-0.1845695592350863,-0.3158270758941321,-0.040585477994836604,Hb_nrmse,arm_better,subject_block_1000_frozen_coordinates_exploratory
simultaneous_eeg_nirs,motor,HbO_hidden,R1_broadband,ridge_cross,24,24,0,6,-0.2824412451374962,-0.46481671724216517,-0.07584889806047307,Hb_nrmse,arm_better,subject_block_1000_frozen_coordinates_exploratory
simultaneous_eeg_nirs,motor,HbO_hidden,R2_selected,ridge_cross,24,24,0,6,-0.26659252896502733,-0.4433209952963712,-0.08018949997374698,Hb_nrmse,arm_better,subject_block_1000_frozen_coordinates_exploratory
simultaneous_eeg_nirs,motor,HbO_hidden,R2_zero,ridge_cross,24,24,0,6,-0.27713887905172147,-0.4528081799790709,-0.07928864686520169,Hb_nrmse,arm_better,subject_block_1000_frozen_coordinates_exploratory
simultaneous_eeg_nirs,motor,HbO_hidden,independent,ridge_cross,24,24,0,6,-0.12102088603827232,-0.28888000487185356,0.00890855223899034,Hb_nrmse,arm_better,subject_block_1000_frozen_coordinates_exploratory
simultaneous_eeg_nirs,motor,HbO_hidden,own_context,ridge_cross,24,24,0,6,-0.07249280162721987,-0.1349217433530616,-0.0011934337592178334,Hb_nrmse,arm_better,subject_block_1000_frozen_coordinates_exploratory
simultaneous_eeg_nirs,motor,HbO_hidden,training_template,ridge_cross,24,24,0,6,-0.07249280162721987,-0.1367613404182431,-0.0015106458012845584,Hb_nrmse,arm_better,subject_block_1000_frozen_coordinates_exploratory
simultaneous_eeg_nirs,motor,HbR_hidden,R0_PCA_refit,R1_broadband,24,24,0,6,0.08062987294610026,-0.026498650174637595,0.23041259374666337,Hb_nrmse,arm_better,subject_block_1000_frozen_coordinates_exploratory
simultaneous_eeg_nirs,motor,HbR_hidden,R2_selected,R1_broadband,24,24,0,6,0.0054642384718667876,-0.07379519477622243,0.08227445814548957,Hb_nrmse,arm_better,subject_block_1000_frozen_coordinates_exploratory
simultaneous_eeg_nirs,motor,HbR_hidden,R2_zero,R1_broadband,24,24,0,6,-0.005572216334884803,-0.01854953201717019,0.0040714543438152935,Hb_nrmse,arm_better,subject_block_1000_frozen_coordinates_exploratory
simultaneous_eeg_nirs,motor,HbR_hidden,independent,R1_broadband,24,24,0,6,0.22559287607512754,0.030124556699733723,0.4328744130760289,Hb_nrmse,arm_better,subject_block_1000_frozen_coordinates_exploratory
simultaneous_eeg_nirs,motor,HbR_hidden,own_context,R1_broadband,24,24,0,6,0.08530912748829213,-0.03430615954756158,0.1882909265503835,Hb_nrmse,arm_better,subject_block_1000_frozen_coordinates_exploratory
simultaneous_eeg_nirs,motor,HbR_hidden,ridge_cross,R1_broadband,24,24,0,6,0.15649986790613651,0.03684673333243951,0.26451900565148795,Hb_nrmse,arm_better,subject_block_1000_frozen_coordinates_exploratory
simultaneous_eeg_nirs,motor,HbR_hidden,training_template,R1_broadband,24,24,0,6,0.08530912748829213,-0.028864315442391684,0.19151193953986134,Hb_nrmse,arm_better,subject_block_1000_frozen_coordinates_exploratory
simultaneous_eeg_nirs,motor,HbR_hidden,R1_broadband,R0_PCA_refit,24,24,0,6,-0.08062987294610026,-0.22494226006627155,0.023068618444925717,Hb_nrmse,arm_better,subject_block_1000_frozen_coordinates_exploratory
simultaneous_eeg_nirs,motor,HbR_hidden,R2_selected,R0_PCA_refit,24,24,0,6,-0.07516563447423348,-0.16065142810373895,-0.0021142207758913685,Hb_nrmse,arm_better,subject_block_1000_frozen_coordinates_exploratory
simultaneous_eeg_nirs,motor,HbR_hidden,R2_zero,R0_PCA_refit,24,24,0,6,-0.08620208928098506,-0.23138902747305848,0.011762776320255353,Hb_nrmse,arm_better,subject_block_1000_frozen_coordinates_exploratory
simultaneous_eeg_nirs,motor,HbR_hidden,independent,R0_PCA_refit,24,24,0,6,0.14496300312902724,0.016956099875152883,0.2789080125273629,Hb_nrmse,arm_better,subject_block_1000_frozen_coordinates_exploratory
simultaneous_eeg_nirs,motor,HbR_hidden,own_context,R0_PCA_refit,24,24,0,6,0.004679254542191878,-0.1397850356068449,0.14097443711692093,Hb_nrmse,arm_better,subject_block_1000_frozen_coordinates_exploratory
simultaneous_eeg_nirs,motor,HbR_hidden,ridge_cross,R0_PCA_refit,24,24,0,6,0.07586999496003625,-0.040370966401207284,0.20902131357256779,Hb_nrmse,arm_better,subject_block_1000_frozen_coordinates_exploratory
simultaneous_eeg_nirs,motor,HbR_hidden,training_template,R0_PCA_refit,24,24,0,6,0.004679254542191878,-0.1316159280325372,0.14097443711692093,Hb_nrmse,arm_better,subject_block_1000_frozen_coordinates_exploratory
simultaneous_eeg_nirs,motor,HbR_hidden,R0_PCA_refit,independent,24,24,0,6,-0.14496300312902724,-0.27832911807530314,-0.01233665383505421,Hb_nrmse,arm_better,subject_block_1000_frozen_coordinates_exploratory
simultaneous_eeg_nirs,motor,HbR_hidden,R1_broadband,independent,24,24,0,6,-0.22559287607512754,-0.43135279466418136,-0.03419306954517046,Hb_nrmse,arm_better,subject_block_1000_frozen_coordinates_exploratory
simultaneous_eeg_nirs,motor,HbR_hidden,R2_selected,independent,24,24,0,6,-0.22012863760326074,-0.3758605302211297,-0.08335481138872615,Hb_nrmse,arm_better,subject_block_1000_frozen_coordinates_exploratory
simultaneous_eeg_nirs,motor,HbR_hidden,R2_zero,independent,24,24,0,6,-0.23116509241001235,-0.4410389466611468,-0.04483843083774992,Hb_nrmse,arm_better,subject_block_1000_frozen_coordinates_exploratory
simultaneous_eeg_nirs,motor,HbR_hidden,own_context,independent,24,24,0,6,-0.14028374858683543,-0.37108155378736885,0.08387580448926936,Hb_nrmse,arm_better,subject_block_1000_frozen_coordinates_exploratory
simultaneous_eeg_nirs,motor,HbR_hidden,ridge_cross,independent,24,24,0,6,-0.069093008168991,-0.23490681591069806,0.13405640815996225,Hb_nrmse,arm_better,subject_block_1000_frozen_coordinates_exploratory
simultaneous_eeg_nirs,motor,HbR_hidden,training_template,independent,24,24,0,6,-0.14028374858683543,-0.38166764943214854,0.0979004123546013,Hb_nrmse,arm_better,subject_block_1000_frozen_coordinates_exploratory
simultaneous_eeg_nirs,motor,HbR_hidden,R0_PCA_refit,training_template,24,24,0,6,-0.004679254542191878,-0.13790018716897293,0.12059621348655086,Hb_nrmse,arm_better,subject_block_1000_frozen_coordinates_exploratory
simultaneous_eeg_nirs,motor,HbR_hidden,R1_broadband,training_template,24,24,0,6,-0.08530912748829213,-0.19260813342745423,0.029645291126434156,Hb_nrmse,arm_better,subject_block_1000_frozen_coordinates_exploratory
simultaneous_eeg_nirs,motor,HbR_hidden,R2_selected,training_template,24,24,0,6,-0.07984488901642535,-0.2125843178774095,0.05474002510582954,Hb_nrmse,arm_better,subject_block_1000_frozen_coordinates_exploratory
simultaneous_eeg_nirs,motor,HbR_hidden,R2_zero,training_template,24,24,0,6,-0.09088134382317696,-0.20679361517684872,0.03160285529255553,Hb_nrmse,arm_better,subject_block_1000_frozen_coordinates_exploratory
simultaneous_eeg_nirs,motor,HbR_hidden,independent,training_template,24,24,0,6,0.14028374858683543,-0.11840654464060606,0.3495195727558114,Hb_nrmse,arm_better,subject_block_1000_frozen_coordinates_exploratory
simultaneous_eeg_nirs,motor,HbR_hidden,own_context,training_template,24,24,0,6,0.0,0.0,0.0,Hb_nrmse,arm_better,subject_block_1000_frozen_coordinates_exploratory
simultaneous_eeg_nirs,motor,HbR_hidden,ridge_cross,training_template,24,24,0,6,0.07119074041784439,-0.036953152468066235,0.15680908589822465,Hb_nrmse,arm_better,subject_block_1000_frozen_coordinates_exploratory
simultaneous_eeg_nirs,motor,HbR_hidden,R0_PCA_refit,own_context,24,24,0,6,-0.004679254542191878,-0.13552550285482737,0.13524527917034065,Hb_nrmse,arm_better,subject_block_1000_frozen_coordinates_exploratory
simultaneous_eeg_nirs,motor,HbR_hidden,R1_broadband,own_context,24,24,0,6,-0.08530912748829213,-0.18839886511743342,0.029645291126434156,Hb_nrmse,arm_better,subject_block_1000_frozen_coordinates_exploratory
simultaneous_eeg_nirs,motor,HbR_hidden,R2_selected,own_context,24,24,0,6,-0.07984488901642535,-0.21876376374253212,0.05474002510582954,Hb_nrmse,arm_better,subject_block_1000_frozen_coordinates_exploratory
simultaneous_eeg_nirs,motor,HbR_hidden,R2_zero,own_context,24,24,0,6,-0.09088134382317696,-0.19478203367728322,0.02228880920403087,Hb_nrmse,arm_better,subject_block_1000_frozen_coordinates_exploratory
simultaneous_eeg_nirs,motor,HbR_hidden,independent,own_context,24,24,0,6,0.14028374858683543,-0.1011001522584778,0.3783858649153522,Hb_nrmse,arm_better,subject_block_1000_frozen_coordinates_exploratory
simultaneous_eeg_nirs,motor,HbR_hidden,ridge_cross,own_context,24,24,0,6,0.07119074041784439,-0.04683970313295354,0.1573899197666179,Hb_nrmse,arm_better,subject_block_1000_frozen_coordinates_exploratory
simultaneous_eeg_nirs,motor,HbR_hidden,training_template,own_context,24,24,0,6,0.0,0.0,0.0,Hb_nrmse,arm_better,subject_block_1000_frozen_coordinates_exploratory
simultaneous_eeg_nirs,motor,HbR_hidden,R0_PCA_refit,ridge_cross,24,24,0,6,-0.07586999496003625,-0.21126904153075987,0.04487810272126149,Hb_nrmse,arm_better,subject_block_1000_frozen_coordinates_exploratory
simultaneous_eeg_nirs,motor,HbR_hidden,R1_broadband,ridge_cross,24,24,0,6,-0.15649986790613651,-0.2728438432802431,-0.042942657376837785,Hb_nrmse,arm_better,subject_block_1000_frozen_coordinates_exploratory
simultaneous_eeg_nirs,motor,HbR_hidden,R2_selected,ridge_cross,24,24,0,6,-0.15103562943426974,-0.2881759485215153,-0.019285308090092487,Hb_nrmse,arm_better,subject_block_1000_frozen_coordinates_exploratory
simultaneous_eeg_nirs,motor,HbR_hidden,R2_zero,ridge_cross,24,24,0,6,-0.16207208424102135,-0.2756203927655036,-0.040431859773232846,Hb_nrmse,arm_better,subject_block_1000_frozen_coordinates_exploratory
simultaneous_eeg_nirs,motor,HbR_hidden,independent,ridge_cross,24,24,0,6,0.069093008168991,-0.14111333182674388,0.23010236323548192,Hb_nrmse,arm_better,subject_block_1000_frozen_coordinates_exploratory
simultaneous_eeg_nirs,motor,HbR_hidden,own_context,ridge_cross,24,24,0,6,-0.07119074041784439,-0.15415709206539763,0.056593392377790375,Hb_nrmse,arm_better,subject_block_1000_frozen_coordinates_exploratory
simultaneous_eeg_nirs,motor,HbR_hidden,training_template,ridge_cross,24,24,0,6,-0.07119074041784439,-0.15336613285131362,0.04746776782323391,Hb_nrmse,arm_better,subject_block_1000_frozen_coordinates_exploratory
simultaneous_eeg_nirs,motor,Hb_hidden,R0_PCA_refit,R1_broadband,24,24,0,6,-0.005733526961910505,-0.11107454479022087,0.13449903588931475,Hb_nrmse,arm_better,subject_block_1000_frozen_coordinates_exploratory
simultaneous_eeg_nirs,motor,Hb_hidden,R2_selected,R1_broadband,24,24,0,6,0.04663071705697764,0.0014800616776420412,0.10362253589597645,Hb_nrmse,arm_better,subject_block_1000_frozen_coordinates_exploratory
simultaneous_eeg_nirs,motor,Hb_hidden,R2_zero,R1_broadband,24,24,0,6,-0.0008545813358524593,-0.007661643424445437,0.006341755131055213,Hb_nrmse,arm_better,subject_block_1000_frozen_coordinates_exploratory
simultaneous_eeg_nirs,motor,Hb_hidden,independent,R1_broadband,24,24,0,6,0.20539709430125053,0.11012288238394768,0.37696669149399703,Hb_nrmse,arm_better,subject_block_1000_frozen_coordinates_exploratory
simultaneous_eeg_nirs,motor,Hb_hidden,own_context,R1_broadband,24,24,0,6,0.17801150630283288,0.06339721597653965,0.34120394642995594,Hb_nrmse,arm_better,subject_block_1000_frozen_coordinates_exploratory
simultaneous_eeg_nirs,motor,Hb_hidden,ridge_cross,R1_broadband,24,24,0,6,0.1587605677518358,0.03966630294907902,0.3308841206399068,Hb_nrmse,arm_better,subject_block_1000_frozen_coordinates_exploratory
simultaneous_eeg_nirs,motor,Hb_hidden,training_template,R1_broadband,24,24,0,6,0.17801150630283288,0.057751993190636765,0.3339900583016995,Hb_nrmse,arm_better,subject_block_1000_frozen_coordinates_exploratory
simultaneous_eeg_nirs,motor,Hb_hidden,R1_broadband,R0_PCA_refit,24,24,0,6,0.005733526961910505,-0.13192293199235308,0.1272674477344526,Hb_nrmse,arm_better,subject_block_1000_frozen_coordinates_exploratory
simultaneous_eeg_nirs,motor,Hb_hidden,R2_selected,R0_PCA_refit,24,24,0,6,0.05236424401888815,-0.03545178587524059,0.1401802739130169,Hb_nrmse,arm_better,subject_block_1000_frozen_coordinates_exploratory
simultaneous_eeg_nirs,motor,Hb_hidden,R2_zero,R0_PCA_refit,24,24,0,6,0.004878945626058055,-0.124548213328098,0.10843588641157369,Hb_nrmse,arm_better,subject_block_1000_frozen_coordinates_exploratory
simultaneous_eeg_nirs,motor,Hb_hidden,independent,R0_PCA_refit,24,24,0,6,0.21113062126316107,0.14236289085435003,0.2797459956837675,Hb_nrmse,arm_better,subject_block_1000_frozen_coordinates_exploratory
simultaneous_eeg_nirs,motor,Hb_hidden,own_context,R0_PCA_refit,24,24,0,6,0.18374503326474337,0.0734249105769124,0.2687921773095852,Hb_nrmse,arm_better,subject_block_1000_frozen_coordinates_exploratory
simultaneous_eeg_nirs,motor,Hb_hidden,ridge_cross,R0_PCA_refit,24,24,0,6,0.16449409471374635,0.07450003334762506,0.24934842865441442,Hb_nrmse,arm_better,subject_block_1000_frozen_coordinates_exploratory
simultaneous_eeg_nirs,motor,Hb_hidden,training_template,R0_PCA_refit,24,24,0,6,0.18374503326474337,0.07640246079177415,0.26885299899576515,Hb_nrmse,arm_better,subject_block_1000_frozen_coordinates_exploratory
simultaneous_eeg_nirs,motor,Hb_hidden,R0_PCA_refit,independent,24,24,0,6,-0.21113062126316107,-0.2808889488217506,-0.13563431952127103,Hb_nrmse,arm_better,subject_block_1000_frozen_coordinates_exploratory
simultaneous_eeg_nirs,motor,Hb_hidden,R1_broadband,independent,24,24,0,6,-0.20539709430125053,-0.3762412884066892,-0.10939747929663983,Hb_nrmse,arm_better,subject_block_1000_frozen_coordinates_exploratory
simultaneous_eeg_nirs,motor,Hb_hidden,R2_selected,independent,24,24,0,6,-0.15876637724427292,-0.2732693332584375,-0.08751256674972957,Hb_nrmse,arm_better,subject_block_1000_frozen_coordinates_exploratory
simultaneous_eeg_nirs,motor,Hb_hidden,R2_zero,independent,24,24,0,6,-0.20625167563710303,-0.3726494436263704,-0.1110192757955759,Hb_nrmse,arm_better,subject_block_1000_frozen_coordinates_exploratory
simultaneous_eeg_nirs,motor,Hb_hidden,own_context,independent,24,24,0,6,-0.02738558799841768,-0.07594027680119274,0.02299313446078736,Hb_nrmse,arm_better,subject_block_1000_frozen_coordinates_exploratory
simultaneous_eeg_nirs,motor,Hb_hidden,ridge_cross,independent,24,24,0,6,-0.04663652654941475,-0.08887303148492452,0.0005287274865357248,Hb_nrmse,arm_better,subject_block_1000_frozen_coordinates_exploratory
simultaneous_eeg_nirs,motor,Hb_hidden,training_template,independent,24,24,0,6,-0.02738558799841768,-0.07070546286720594,0.023059631192990884,Hb_nrmse,arm_better,subject_block_1000_frozen_coordinates_exploratory
simultaneous_eeg_nirs,motor,Hb_hidden,R0_PCA_refit,training_template,24,24,0,6,-0.18374503326474337,-0.2712401818274557,-0.0667427272016965,Hb_nrmse,arm_better,subject_block_1000_frozen_coordinates_exploratory
simultaneous_eeg_nirs,motor,Hb_hidden,R1_broadband,training_template,24,24,0,6,-0.17801150630283288,-0.3391423149243687,-0.057768258813018135,Hb_nrmse,arm_better,subject_block_1000_frozen_coordinates_exploratory
simultaneous_eeg_nirs,motor,Hb_hidden,R2_selected,training_template,24,24,0,6,-0.13138078924585525,-0.23003662753598714,-0.04157883247935272,Hb_nrmse,arm_better,subject_block_1000_frozen_coordinates_exploratory
simultaneous_eeg_nirs,motor,Hb_hidden,R2_zero,training_template,24,24,0,6,-0.17886608763868536,-0.3443184443084822,-0.06020278416814482,Hb_nrmse,arm_better,subject_block_1000_frozen_coordinates_exploratory
simultaneous_eeg_nirs,motor,Hb_hidden,independent,training_template,24,24,0,6,0.02738558799841768,-0.015663991838998203,0.07228101598715143,Hb_nrmse,arm_better,subject_block_1000_frozen_coordinates_exploratory
simultaneous_eeg_nirs,motor,Hb_hidden,own_context,training_template,24,24,0,6,0.0,0.0,0.0,Hb_nrmse,arm_better,subject_block_1000_frozen_coordinates_exploratory
simultaneous_eeg_nirs,motor,Hb_hidden,ridge_cross,training_template,24,24,0,6,-0.019250938550997063,-0.03575827614947975,-0.005262440561904229,Hb_nrmse,arm_better,subject_block_1000_frozen_coordinates_exploratory
simultaneous_eeg_nirs,motor,Hb_hidden,R0_PCA_refit,own_context,24,24,0,6,-0.18374503326474337,-0.27183052758372284,-0.08063446190667473,Hb_nrmse,arm_better,subject_block_1000_frozen_coordinates_exploratory
simultaneous_eeg_nirs,motor,Hb_hidden,R1_broadband,own_context,24,24,0,6,-0.17801150630283288,-0.34120394642995594,-0.07004888445066632,Hb_nrmse,arm_better,subject_block_1000_frozen_coordinates_exploratory
simultaneous_eeg_nirs,motor,Hb_hidden,R2_selected,own_context,24,24,0,6,-0.13138078924585525,-0.23827527584173797,-0.03705681910618844,Hb_nrmse,arm_better,subject_block_1000_frozen_coordinates_exploratory
simultaneous_eeg_nirs,motor,Hb_hidden,R2_zero,own_context,24,24,0,6,-0.17886608763868536,-0.3485736145696506,-0.055938328646539075,Hb_nrmse,arm_better,subject_block_1000_frozen_coordinates_exploratory
simultaneous_eeg_nirs,motor,Hb_hidden,independent,own_context,24,24,0,6,0.02738558799841768,-0.02545289870143319,0.07011522612375683,Hb_nrmse,arm_better,subject_block_1000_frozen_coordinates_exploratory
simultaneous_eeg_nirs,motor,Hb_hidden,ridge_cross,own_context,24,24,0,6,-0.019250938550997063,-0.03426594483267406,-0.006892655365549116,Hb_nrmse,arm_better,subject_block_1000_frozen_coordinates_exploratory
simultaneous_eeg_nirs,motor,Hb_hidden,training_template,own_context,24,24,0,6,0.0,0.0,0.0,Hb_nrmse,arm_better,subject_block_1000_frozen_coordinates_exploratory
simultaneous_eeg_nirs,motor,Hb_hidden,R0_PCA_refit,ridge_cross,24,24,0,6,-0.16449409471374635,-0.2487188181548186,-0.07001777153921845,Hb_nrmse,arm_better,subject_block_1000_frozen_coordinates_exploratory
simultaneous_eeg_nirs,motor,Hb_hidden,R1_broadband,ridge_cross,24,24,0,6,-0.1587605677518358,-0.32024525013799493,-0.04544967084048125,Hb_nrmse,arm_better,subject_block_1000_frozen_coordinates_exploratory
simultaneous_eeg_nirs,motor,Hb_hidden,R2_selected,ridge_cross,24,24,0,6,-0.11212985069485819,-0.2214920233763183,-0.022358754693540452,Hb_nrmse,arm_better,subject_block_1000_frozen_coordinates_exploratory
simultaneous_eeg_nirs,motor,Hb_hidden,R2_zero,ridge_cross,24,24,0,6,-0.15961514908768829,-0.32670931946462994,-0.041015091376080844,Hb_nrmse,arm_better,subject_block_1000_frozen_coordinates_exploratory
simultaneous_eeg_nirs,motor,Hb_hidden,independent,ridge_cross,24,24,0,6,0.04663652654941475,-0.00010380723783882401,0.08427197188795689,Hb_nrmse,arm_better,subject_block_1000_frozen_coordinates_exploratory
simultaneous_eeg_nirs,motor,Hb_hidden,own_context,ridge_cross,24,24,0,6,0.019250938550997063,0.006877562702772599,0.032962813036395554,Hb_nrmse,arm_better,subject_block_1000_frozen_coordinates_exploratory
simultaneous_eeg_nirs,motor,Hb_hidden,training_template,ridge_cross,24,24,0,6,0.019250938550997063,0.005521833790307971,0.03426898257621317,Hb_nrmse,arm_better,subject_block_1000_frozen_coordinates_exploratory
simultaneous_eeg_nirs,motor,center_Hb,R0_PCA_refit,R1_broadband,24,24,0,6,0.0482392344871204,0.0191907691177477,0.08202796870180286,Hb_nrmse,arm_better,subject_block_1000_frozen_coordinates_exploratory
simultaneous_eeg_nirs,motor,center_Hb,R2_selected,R1_broadband,24,24,0,6,0.023889009467969607,-0.013075856069135477,0.06360606520781076,Hb_nrmse,arm_better,subject_block_1000_frozen_coordinates_exploratory
simultaneous_eeg_nirs,motor,center_Hb,R2_zero,R1_broadband,24,24,0,6,0.0022931823964341537,-0.0005656541264908033,0.006079801372874339,Hb_nrmse,arm_better,subject_block_1000_frozen_coordinates_exploratory
simultaneous_eeg_nirs,motor,center_Hb,independent,R1_broadband,24,24,0,6,0.0915141416439294,-0.005361336475856505,0.20245621524501048,Hb_nrmse,arm_better,subject_block_1000_frozen_coordinates_exploratory
simultaneous_eeg_nirs,motor,center_Hb,own_context,R1_broadband,24,24,0,6,0.18308231164447242,0.08964018042331028,0.2927652938636457,Hb_nrmse,arm_better,subject_block_1000_frozen_coordinates_exploratory
simultaneous_eeg_nirs,motor,center_Hb,ridge_cross,R1_broadband,24,24,0,6,0.15760993332682482,0.06599345000299124,0.26213129931902424,Hb_nrmse,arm_better,subject_block_1000_frozen_coordinates_exploratory
simultaneous_eeg_nirs,motor,center_Hb,training_template,R1_broadband,24,24,0,6,-0.42356371092481937,-0.5796865750551897,-0.2575012921345843,Hb_nrmse,arm_better,subject_block_1000_frozen_coordinates_exploratory
simultaneous_eeg_nirs,motor,center_Hb,R1_broadband,R0_PCA_refit,24,24,0,6,-0.0482392344871204,-0.07849480716721398,-0.02071243056289575,Hb_nrmse,arm_better,subject_block_1000_frozen_coordinates_exploratory
simultaneous_eeg_nirs,motor,center_Hb,R2_selected,R0_PCA_refit,24,24,0,6,-0.024350225019150795,-0.05611812497194968,0.0069882082847262635,Hb_nrmse,arm_better,subject_block_1000_frozen_coordinates_exploratory
simultaneous_eeg_nirs,motor,center_Hb,R2_zero,R0_PCA_refit,24,24,0,6,-0.045946052090686244,-0.07754822067111855,-0.016012868944955457,Hb_nrmse,arm_better,subject_block_1000_frozen_coordinates_exploratory
simultaneous_eeg_nirs,motor,center_Hb,independent,R0_PCA_refit,24,24,0,6,0.043274907156809005,-0.03294370721528008,0.13315354748795064,Hb_nrmse,arm_better,subject_block_1000_frozen_coordinates_exploratory
simultaneous_eeg_nirs,motor,center_Hb,own_context,R0_PCA_refit,24,24,0,6,0.13484307715735203,0.054360577389462976,0.22589400519121147,Hb_nrmse,arm_better,subject_block_1000_frozen_coordinates_exploratory
simultaneous_eeg_nirs,motor,center_Hb,ridge_cross,R0_PCA_refit,24,24,0,6,0.10937069883970445,0.03379953062016931,0.19674077298219583,Hb_nrmse,arm_better,subject_block_1000_frozen_coordinates_exploratory
simultaneous_eeg_nirs,motor,center_Hb,training_template,R0_PCA_refit,24,24,0,6,-0.47180294541193973,-0.6435647980300345,-0.3430175928452453,Hb_nrmse,arm_better,subject_block_1000_frozen_coordinates_exploratory
simultaneous_eeg_nirs,motor,center_Hb,R0_PCA_refit,independent,24,24,0,6,-0.043274907156809005,-0.13778520814680614,0.0384857923236679,Hb_nrmse,arm_better,subject_block_1000_frozen_coordinates_exploratory
simultaneous_eeg_nirs,motor,center_Hb,R1_broadband,independent,24,24,0,6,-0.0915141416439294,-0.21699490689625034,-0.005374592705190637,Hb_nrmse,arm_better,subject_block_1000_frozen_coordinates_exploratory
simultaneous_eeg_nirs,motor,center_Hb,R2_selected,independent,24,24,0,6,-0.06762513217595982,-0.15345070919742762,-0.0042109400360295325,Hb_nrmse,arm_better,subject_block_1000_frozen_coordinates_exploratory
simultaneous_eeg_nirs,motor,center_Hb,R2_zero,independent,24,24,0,6,-0.08922095924749528,-0.20326859583986,0.008741288674658766,Hb_nrmse,arm_better,subject_block_1000_frozen_coordinates_exploratory
simultaneous_eeg_nirs,motor,center_Hb,own_context,independent,24,24,0,6,0.091568170000543,0.06840529516449798,0.11803855145027518,Hb_nrmse,arm_better,subject_block_1000_frozen_coordinates_exploratory
simultaneous_eeg_nirs,motor,center_Hb,ridge_cross,independent,24,24,0,6,0.06609579168289544,0.035924336001923865,0.09997288004250854,Hb_nrmse,arm_better,subject_block_1000_frozen_coordinates_exploratory
simultaneous_eeg_nirs,motor,center_Hb,training_template,independent,24,24,0,6,-0.5150778525687487,-0.643648734691127,-0.42033601882109867,Hb_nrmse,arm_better,subject_block_1000_frozen_coordinates_exploratory
simultaneous_eeg_nirs,motor,center_Hb,R0_PCA_refit,training_template,24,24,0,6,0.47180294541193973,0.3458749105227841,0.6217445748661302,Hb_nrmse,arm_better,subject_block_1000_frozen_coordinates_exploratory
simultaneous_eeg_nirs,motor,center_Hb,R1_broadband,training_template,24,24,0,6,0.42356371092481937,0.26277972426361496,0.5895846849113368,Hb_nrmse,arm_better,subject_block_1000_frozen_coordinates_exploratory
simultaneous_eeg_nirs,motor,center_Hb,R2_selected,training_template,24,24,0,6,0.447452720392789,0.3178931287035791,0.5888961647364088,Hb_nrmse,arm_better,subject_block_1000_frozen_coordinates_exploratory
simultaneous_eeg_nirs,motor,center_Hb,R2_zero,training_template,24,24,0,6,0.4258568933212535,0.2625294258755806,0.589502363214225,Hb_nrmse,arm_better,subject_block_1000_frozen_coordinates_exploratory
simultaneous_eeg_nirs,motor,center_Hb,independent,training_template,24,24,0,6,0.5150778525687487,0.42433836714158807,0.6453657354559906,Hb_nrmse,arm_better,subject_block_1000_frozen_coordinates_exploratory
simultaneous_eeg_nirs,motor,center_Hb,own_context,training_template,24,24,0,6,0.6066460225692918,0.5375268966165304,0.7214709073433166,Hb_nrmse,arm_better,subject_block_1000_frozen_coordinates_exploratory
simultaneous_eeg_nirs,motor,center_Hb,ridge_cross,training_template,24,24,0,6,0.5811736442516442,0.5190808488870984,0.6849264679571533,Hb_nrmse,arm_better,subject_block_1000_frozen_coordinates_exploratory
simultaneous_eeg_nirs,motor,center_Hb,R0_PCA_refit,own_context,24,24,0,6,-0.13484307715735203,-0.22380171637653964,-0.058126110462730474,Hb_nrmse,arm_better,subject_block_1000_frozen_coordinates_exploratory
simultaneous_eeg_nirs,motor,center_Hb,R1_broadband,own_context,24,24,0,6,-0.18308231164447242,-0.28788723231215324,-0.09055564551723974,Hb_nrmse,arm_better,subject_block_1000_frozen_coordinates_exploratory
simultaneous_eeg_nirs,motor,center_Hb,R2_selected,own_context,24,24,0,6,-0.15919330217650282,-0.2357453115939552,-0.10043752720146433,Hb_nrmse,arm_better,subject_block_1000_frozen_coordinates_exploratory
simultaneous_eeg_nirs,motor,center_Hb,R2_zero,own_context,24,24,0,6,-0.18078912924803825,-0.3015629900132313,-0.08810397268166036,Hb_nrmse,arm_better,subject_block_1000_frozen_coordinates_exploratory
simultaneous_eeg_nirs,motor,center_Hb,independent,own_context,24,24,0,6,-0.091568170000543,-0.12068328897479215,-0.06886133938200839,Hb_nrmse,arm_better,subject_block_1000_frozen_coordinates_exploratory
simultaneous_eeg_nirs,motor,center_Hb,ridge_cross,own_context,24,24,0,6,-0.025472378317647554,-0.03734246504037496,-0.012034274969287776,Hb_nrmse,arm_better,subject_block_1000_frozen_coordinates_exploratory
simultaneous_eeg_nirs,motor,center_Hb,training_template,own_context,24,24,0,6,-0.6066460225692918,-0.7234275394659359,-0.535570264493911,Hb_nrmse,arm_better,subject_block_1000_frozen_coordinates_exploratory
simultaneous_eeg_nirs,motor,center_Hb,R0_PCA_refit,ridge_cross,24,24,0,6,-0.10937069883970445,-0.19348043140111543,-0.030889457111615864,Hb_nrmse,arm_better,subject_block_1000_frozen_coordinates_exploratory
simultaneous_eeg_nirs,motor,center_Hb,R1_broadband,ridge_cross,24,24,0,6,-0.15760993332682482,-0.2746932581403038,-0.06564358653128827,Hb_nrmse,arm_better,subject_block_1000_frozen_coordinates_exploratory
simultaneous_eeg_nirs,motor,center_Hb,R2_selected,ridge_cross,24,24,0,6,-0.13372092385885523,-0.21097850292088288,-0.07343379156073819,Hb_nrmse,arm_better,subject_block_1000_frozen_coordinates_exploratory
simultaneous_eeg_nirs,motor,center_Hb,R2_zero,ridge_cross,24,24,0,6,-0.15531675093039068,-0.2732552846064026,-0.06375070384852541,Hb_nrmse,arm_better,subject_block_1000_frozen_coordinates_exploratory
simultaneous_eeg_nirs,motor,center_Hb,independent,ridge_cross,24,24,0,6,-0.06609579168289544,-0.0978153857209666,-0.03598298932941888,Hb_nrmse,arm_better,subject_block_1000_frozen_coordinates_exploratory
simultaneous_eeg_nirs,motor,center_Hb,own_context,ridge_cross,24,24,0,6,0.025472378317647554,0.0106578477196127,0.036954133475939906,Hb_nrmse,arm_better,subject_block_1000_frozen_coordinates_exploratory
simultaneous_eeg_nirs,motor,center_Hb,training_template,ridge_cross,24,24,0,6,-0.5811736442516442,-0.6890118067898304,-0.5190808488870983,Hb_nrmse,arm_better,subject_block_1000_frozen_coordinates_exploratory
simultaneous_eeg_nirs,motor,full,R0_PCA_refit,R1_broadband,24,24,0,6,0.025667403345482925,0.007806463743083099,0.052422046967043945,Hb_nrmse,arm_better,subject_block_1000_frozen_coordinates_exploratory
simultaneous_eeg_nirs,motor,full,R2_selected,R1_broadband,24,24,0,6,0.002453040918075814,-0.0010494991792256354,0.006272578039230766,Hb_nrmse,arm_better,subject_block_1000_frozen_coordinates_exploratory
simultaneous_eeg_nirs,motor,full,R2_zero,R1_broadband,24,24,0,6,0.0013425133542686908,0.0005100533292252389,0.0023679610150087343,Hb_nrmse,arm_better,subject_block_1000_frozen_coordinates_exploratory
simultaneous_eeg_nirs,motor,full,independent,R1_broadband,24,24,0,6,0.057678036896612495,0.030124830285894046,0.10080811211089924,Hb_nrmse,arm_better,subject_block_1000_frozen_coordinates_exploratory
simultaneous_eeg_nirs,motor,full,training_template,R1_broadband,24,24,0,6,-0.6795009080847768,-0.7379202914517863,-0.623007803992392,Hb_nrmse,arm_better,subject_block_1000_frozen_coordinates_exploratory
simultaneous_eeg_nirs,motor,full,R1_broadband,R0_PCA_refit,24,24,0,6,-0.025667403345482925,-0.05179237425391249,-0.0075716900026965754,Hb_nrmse,arm_better,subject_block_1000_frozen_coordinates_exploratory
simultaneous_eeg_nirs,motor,full,R2_selected,R0_PCA_refit,24,24,0,6,-0.02321436242740711,-0.049639746080239855,-0.006308707429805151,Hb_nrmse,arm_better,subject_block_1000_frozen_coordinates_exploratory
simultaneous_eeg_nirs,motor,full,R2_zero,R0_PCA_refit,24,24,0,6,-0.024324889991214228,-0.049870451469720405,-0.007437108039065158,Hb_nrmse,arm_better,subject_block_1000_frozen_coordinates_exploratory
simultaneous_eeg_nirs,motor,full,independent,R0_PCA_refit,24,24,0,6,0.03201063355112957,0.022498147425463518,0.0460398730513539,Hb_nrmse,arm_better,subject_block_1000_frozen_coordinates_exploratory
simultaneous_eeg_nirs,motor,full,training_template,R0_PCA_refit,24,24,0,6,-0.7051683114302598,-0.7864277860253542,-0.6345724065297285,Hb_nrmse,arm_better,subject_block_1000_frozen_coordinates_exploratory
simultaneous_eeg_nirs,motor,full,R0_PCA_refit,independent,24,24,0,6,-0.03201063355112957,-0.045948512625529105,-0.022182800383256002,Hb_nrmse,arm_better,subject_block_1000_frozen_coordinates_exploratory
simultaneous_eeg_nirs,motor,full,R1_broadband,independent,24,24,0,6,-0.057678036896612495,-0.09742640213820376,-0.030458862976521266,Hb_nrmse,arm_better,subject_block_1000_frozen_coordinates_exploratory
simultaneous_eeg_nirs,motor,full,R2_selected,independent,24,24,0,6,-0.055224995978536674,-0.09385041847373558,-0.029254443842784434,Hb_nrmse,arm_better,subject_block_1000_frozen_coordinates_exploratory
simultaneous_eeg_nirs,motor,full,R2_zero,independent,24,24,0,6,-0.0563355235423438,-0.09502054167377233,-0.030747318088055534,Hb_nrmse,arm_better,subject_block_1000_frozen_coordinates_exploratory
simultaneous_eeg_nirs,motor,full,training_template,independent,24,24,0,6,-0.7371789449813893,-0.8403666392530279,-0.649491710930457,Hb_nrmse,arm_better,subject_block_1000_frozen_coordinates_exploratory
simultaneous_eeg_nirs,motor,full,R0_PCA_refit,training_template,24,24,0,6,0.7051683114302598,0.630143581146181,0.7810419447791918,Hb_nrmse,arm_better,subject_block_1000_frozen_coordinates_exploratory
simultaneous_eeg_nirs,motor,full,R1_broadband,training_template,24,24,0,6,0.6795009080847768,0.6213260490839225,0.7385806482375011,Hb_nrmse,arm_better,subject_block_1000_frozen_coordinates_exploratory
simultaneous_eeg_nirs,motor,full,R2_selected,training_template,24,24,0,6,0.6819539490028527,0.6229752390871259,0.7409151098674154,Hb_nrmse,arm_better,subject_block_1000_frozen_coordinates_exploratory
simultaneous_eeg_nirs,motor,full,R2_zero,training_template,24,24,0,6,0.6808434214390454,0.6233993447678674,0.7402220062840207,Hb_nrmse,arm_better,subject_block_1000_frozen_coordinates_exploratory
simultaneous_eeg_nirs,motor,full,independent,training_template,24,24,0,6,0.7371789449813893,0.6489356047574015,0.8354256536144992,Hb_nrmse,arm_better,subject_block_1000_frozen_coordinates_exploratory
simultaneous_eeg_nirs,motor,full,R0_PCA_refit,own_context,0,0,0,0,,,,Hb_nrmse,arm_better,subject_block_1000_frozen_coordinates_exploratory
simultaneous_eeg_nirs,motor,full,R1_broadband,own_context,0,0,0,0,,,,Hb_nrmse,arm_better,subject_block_1000_frozen_coordinates_exploratory
simultaneous_eeg_nirs,motor,full,R2_selected,own_context,0,0,0,0,,,,Hb_nrmse,arm_better,subject_block_1000_frozen_coordinates_exploratory
simultaneous_eeg_nirs,motor,full,R2_zero,own_context,0,0,0,0,,,,Hb_nrmse,arm_better,subject_block_1000_frozen_coordinates_exploratory
simultaneous_eeg_nirs,motor,full,independent,own_context,0,0,0,0,,,,Hb_nrmse,arm_better,subject_block_1000_frozen_coordinates_exploratory
simultaneous_eeg_nirs,motor,full,training_template,own_context,0,0,0,0,,,,Hb_nrmse,arm_better,subject_block_1000_frozen_coordinates_exploratory
simultaneous_eeg_nirs,motor,full,R0_PCA_refit,ridge_cross,0,0,0,0,,,,Hb_nrmse,arm_better,subject_block_1000_frozen_coordinates_exploratory
simultaneous_eeg_nirs,motor,full,R1_broadband,ridge_cross,0,0,0,0,,,,Hb_nrmse,arm_better,subject_block_1000_frozen_coordinates_exploratory
simultaneous_eeg_nirs,motor,full,R2_selected,ridge_cross,0,0,0,0,,,,Hb_nrmse,arm_better,subject_block_1000_frozen_coordinates_exploratory
simultaneous_eeg_nirs,motor,full,R2_zero,ridge_cross,0,0,0,0,,,,Hb_nrmse,arm_better,subject_block_1000_frozen_coordinates_exploratory
simultaneous_eeg_nirs,motor,full,independent,ridge_cross,0,0,0,0,,,,Hb_nrmse,arm_better,subject_block_1000_frozen_coordinates_exploratory
simultaneous_eeg_nirs,motor,full,training_template,ridge_cross,0,0,0,0,,,,Hb_nrmse,arm_better,subject_block_1000_frozen_coordinates_exploratory
simultaneous_eeg_nirs,posterior,HbO_hidden,R0_PCA_refit,R1_broadband,24,24,0,6,-0.011329268878467693,-0.07909986185756755,0.08129355792336462,Hb_nrmse,arm_better,subject_block_1000_frozen_coordinates_exploratory
simultaneous_eeg_nirs,posterior,HbO_hidden,R2_selected,R1_broadband,24,24,0,6,0.03425695738217851,-0.022741298229254168,0.10252400411551399,Hb_nrmse,arm_better,subject_block_1000_frozen_coordinates_exploratory
simultaneous_eeg_nirs,posterior,HbO_hidden,R2_zero,R1_broadband,24,24,0,6,-0.0020018318687826087,-0.005509838371716786,0.0013343733131350802,Hb_nrmse,arm_better,subject_block_1000_frozen_coordinates_exploratory
simultaneous_eeg_nirs,posterior,HbO_hidden,independent,R1_broadband,24,24,0,6,-0.13721359860227045,-0.3731370045951999,0.060455901956181814,Hb_nrmse,arm_better,subject_block_1000_frozen_coordinates_exploratory
simultaneous_eeg_nirs,posterior,HbO_hidden,own_context,R1_broadband,24,24,0,6,0.1289122881950875,0.04859406353921062,0.2459346351502766,Hb_nrmse,arm_better,subject_block_1000_frozen_coordinates_exploratory
simultaneous_eeg_nirs,posterior,HbO_hidden,ridge_cross,R1_broadband,24,24,0,6,0.11044991620327103,0.02451155712056162,0.2163146422908436,Hb_nrmse,arm_better,subject_block_1000_frozen_coordinates_exploratory
simultaneous_eeg_nirs,posterior,HbO_hidden,training_template,R1_broadband,24,24,0,6,0.1289122881950875,0.048594063539210634,0.2512344844134973,Hb_nrmse,arm_better,subject_block_1000_frozen_coordinates_exploratory
simultaneous_eeg_nirs,posterior,HbO_hidden,R1_broadband,R0_PCA_refit,24,24,0,6,0.011329268878467693,-0.08198703686066643,0.07909032687324509,Hb_nrmse,arm_better,subject_block_1000_frozen_coordinates_exploratory
simultaneous_eeg_nirs,posterior,HbO_hidden,R2_selected,R0_PCA_refit,24,24,0,6,0.0455862262606462,-0.00843509333215283,0.10159327912991432,Hb_nrmse,arm_better,subject_block_1000_frozen_coordinates_exploratory
simultaneous_eeg_nirs,posterior,HbO_hidden,R2_zero,R0_PCA_refit,24,24,0,6,0.009327437009685085,-0.08757601774398667,0.0741242416228632,Hb_nrmse,arm_better,subject_block_1000_frozen_coordinates_exploratory
simultaneous_eeg_nirs,posterior,HbO_hidden,independent,R0_PCA_refit,24,24,0,6,-0.12588432972380278,-0.342965014983691,0.049495533034221224,Hb_nrmse,arm_better,subject_block_1000_frozen_coordinates_exploratory
simultaneous_eeg_nirs,posterior,HbO_hidden,own_context,R0_PCA_refit,24,24,0,6,0.14024155707355515,0.03242181474694478,0.29075971516401894,Hb_nrmse,arm_better,subject_block_1000_frozen_coordinates_exploratory
simultaneous_eeg_nirs,posterior,HbO_hidden,ridge_cross,R0_PCA_refit,24,24,0,6,0.12177918508173873,0.01607860404705934,0.25360220326114474,Hb_nrmse,arm_better,subject_block_1000_frozen_coordinates_exploratory
simultaneous_eeg_nirs,posterior,HbO_hidden,training_template,R0_PCA_refit,24,24,0,6,0.14024155707355515,0.037414434939974324,0.28576709497098945,Hb_nrmse,arm_better,subject_block_1000_frozen_coordinates_exploratory
simultaneous_eeg_nirs,posterior,HbO_hidden,R0_PCA_refit,independent,24,24,0,6,0.12588432972380278,-0.05031867664463136,0.333616950685019,Hb_nrmse,arm_better,subject_block_1000_frozen_coordinates_exploratory
simultaneous_eeg_nirs,posterior,HbO_hidden,R1_broadband,independent,24,24,0,6,0.13721359860227045,-0.060455901956181814,0.39544525669296826,Hb_nrmse,arm_better,subject_block_1000_frozen_coordinates_exploratory
simultaneous_eeg_nirs,posterior,HbO_hidden,R2_selected,independent,24,24,0,6,0.17147055598444894,-0.0008593833147319819,0.3962945061091058,Hb_nrmse,arm_better,subject_block_1000_frozen_coordinates_exploratory
simultaneous_eeg_nirs,posterior,HbO_hidden,R2_zero,independent,24,24,0,6,0.13521176673348786,-0.06715248568885841,0.3597531120051922,Hb_nrmse,arm_better,subject_block_1000_frozen_coordinates_exploratory
simultaneous_eeg_nirs,posterior,HbO_hidden,own_context,independent,24,24,0,6,0.2661258867973579,0.09683611322453246,0.4542023268380714,Hb_nrmse,arm_better,subject_block_1000_frozen_coordinates_exploratory
simultaneous_eeg_nirs,posterior,HbO_hidden,ridge_cross,independent,24,24,0,6,0.2476635148055415,0.07541927957534765,0.4399228351727218,Hb_nrmse,arm_better,subject_block_1000_frozen_coordinates_exploratory
simultaneous_eeg_nirs,posterior,HbO_hidden,training_template,independent,24,24,0,6,0.2661258867973579,0.09198984652433327,0.45201072555402927,Hb_nrmse,arm_better,subject_block_1000_frozen_coordinates_exploratory
simultaneous_eeg_nirs,posterior,HbO_hidden,R0_PCA_refit,training_template,24,24,0,6,-0.14024155707355515,-0.28578039751321976,-0.03740387732765108,Hb_nrmse,arm_better,subject_block_1000_frozen_coordinates_exploratory
simultaneous_eeg_nirs,posterior,HbO_hidden,R1_broadband,training_template,24,24,0,6,-0.1289122881950875,-0.24253142744219935,-0.045343995574836496,Hb_nrmse,arm_better,subject_block_1000_frozen_coordinates_exploratory
simultaneous_eeg_nirs,posterior,HbO_hidden,R2_selected,training_template,24,24,0,6,-0.09465533081290896,-0.19639357231641025,-0.018325044499343236,Hb_nrmse,arm_better,subject_block_1000_frozen_coordinates_exploratory
simultaneous_eeg_nirs,posterior,HbO_hidden,R2_zero,training_template,24,24,0,6,-0.1309141200638701,-0.24847065063569027,-0.049659891935613015,Hb_nrmse,arm_better,subject_block_1000_frozen_coordinates_exploratory
simultaneous_eeg_nirs,posterior,HbO_hidden,independent,training_template,24,24,0,6,-0.2661258867973579,-0.4520107255540293,-0.09193655692633937,Hb_nrmse,arm_better,subject_block_1000_frozen_coordinates_exploratory
simultaneous_eeg_nirs,posterior,HbO_hidden,own_context,training_template,24,24,0,6,0.0,0.0,0.0,Hb_nrmse,arm_better,subject_block_1000_frozen_coordinates_exploratory
simultaneous_eeg_nirs,posterior,HbO_hidden,ridge_cross,training_template,24,24,0,6,-0.018462371991816464,-0.03975312567269491,0.001074328542536545,Hb_nrmse,arm_better,subject_block_1000_frozen_coordinates_exploratory
simultaneous_eeg_nirs,posterior,HbO_hidden,R0_PCA_refit,own_context,24,24,0,6,-0.14024155707355515,-0.27356545208007627,-0.03688233325076178,Hb_nrmse,arm_better,subject_block_1000_frozen_coordinates_exploratory
simultaneous_eeg_nirs,posterior,HbO_hidden,R1_broadband,own_context,24,24,0,6,-0.1289122881950875,-0.24276974812843577,-0.046349258572991554,Hb_nrmse,arm_better,subject_block_1000_frozen_coordinates_exploratory
simultaneous_eeg_nirs,posterior,HbO_hidden,R2_selected,own_context,24,24,0,6,-0.09465533081290896,-0.20609025241303372,-0.017130264831843833,Hb_nrmse,arm_better,subject_block_1000_frozen_coordinates_exploratory
simultaneous_eeg_nirs,posterior,HbO_hidden,R2_zero,own_context,24,24,0,6,-0.1309141200638701,-0.2484706506356903,-0.04799553742934948,Hb_nrmse,arm_better,subject_block_1000_frozen_coordinates_exploratory
simultaneous_eeg_nirs,posterior,HbO_hidden,independent,own_context,24,24,0,6,-0.2661258867973579,-0.45236230395063903,-0.09193655692633937,Hb_nrmse,arm_better,subject_block_1000_frozen_coordinates_exploratory
simultaneous_eeg_nirs,posterior,HbO_hidden,ridge_cross,own_context,24,24,0,6,-0.018462371991816464,-0.040153376633741,0.0006956043432494957,Hb_nrmse,arm_better,subject_block_1000_frozen_coordinates_exploratory
simultaneous_eeg_nirs,posterior,HbO_hidden,training_template,own_context,24,24,0,6,0.0,0.0,0.0,Hb_nrmse,arm_better,subject_block_1000_frozen_coordinates_exploratory
simultaneous_eeg_nirs,posterior,HbO_hidden,R0_PCA_refit,ridge_cross,24,24,0,6,-0.12177918508173873,-0.2583790682358303,-0.015273715966641252,Hb_nrmse,arm_better,subject_block_1000_frozen_coordinates_exploratory
simultaneous_eeg_nirs,posterior,HbO_hidden,R1_broadband,ridge_cross,24,24,0,6,-0.11044991620327103,-0.220464798976015,-0.023499182257116596,Hb_nrmse,arm_better,subject_block_1000_frozen_coordinates_exploratory
simultaneous_eeg_nirs,posterior,HbO_hidden,R2_selected,ridge_cross,24,24,0,6,-0.0761929588210925,-0.1641756658163195,-0.0013823039715633758,Hb_nrmse,arm_better,subject_block_1000_frozen_coordinates_exploratory
simultaneous_eeg_nirs,posterior,HbO_hidden,R2_zero,ridge_cross,24,24,0,6,-0.11245174807205364,-0.2226798332987813,-0.024120117127688384,Hb_nrmse,arm_better,subject_block_1000_frozen_coordinates_exploratory
simultaneous_eeg_nirs,posterior,HbO_hidden,independent,ridge_cross,24,24,0,6,-0.2476635148055415,-0.43739925272264585,-0.0863795105535319,Hb_nrmse,arm_better,subject_block_1000_frozen_coordinates_exploratory
simultaneous_eeg_nirs,posterior,HbO_hidden,own_context,ridge_cross,24,24,0,6,0.018462371991816464,-0.003016576249665861,0.03935756575150036,Hb_nrmse,arm_better,subject_block_1000_frozen_coordinates_exploratory
simultaneous_eeg_nirs,posterior,HbO_hidden,training_template,ridge_cross,24,24,0,6,0.018462371991816464,-0.0019594137668684807,0.03957460040943072,Hb_nrmse,arm_better,subject_block_1000_frozen_coordinates_exploratory
simultaneous_eeg_nirs,posterior,HbR_hidden,R0_PCA_refit,R1_broadband,24,24,0,6,0.021740221479327276,-0.04023635320090189,0.11385822495502629,Hb_nrmse,arm_better,subject_block_1000_frozen_coordinates_exploratory
simultaneous_eeg_nirs,posterior,HbR_hidden,R2_selected,R1_broadband,24,24,0,6,0.04470885726538875,-0.012082739511276076,0.10220746197466785,Hb_nrmse,arm_better,subject_block_1000_frozen_coordinates_exploratory
simultaneous_eeg_nirs,posterior,HbR_hidden,R2_zero,R1_broadband,24,24,0,6,-0.0007390518756865139,-0.002333422298451773,0.0008372857850163727,Hb_nrmse,arm_better,subject_block_1000_frozen_coordinates_exploratory
simultaneous_eeg_nirs,posterior,HbR_hidden,independent,R1_broadband,24,24,0,6,0.026300582249410925,-0.1147722687849422,0.171192565840288,Hb_nrmse,arm_better,subject_block_1000_frozen_coordinates_exploratory
simultaneous_eeg_nirs,posterior,HbR_hidden,own_context,R1_broadband,24,24,0,6,0.07156745112674882,0.016732612530476098,0.13918792966589924,Hb_nrmse,arm_better,subject_block_1000_frozen_coordinates_exploratory
simultaneous_eeg_nirs,posterior,HbR_hidden,ridge_cross,R1_broadband,24,24,0,6,0.0003227459477173113,-0.11391037466093805,0.110166062062749,Hb_nrmse,arm_better,subject_block_1000_frozen_coordinates_exploratory
simultaneous_eeg_nirs,posterior,HbR_hidden,training_template,R1_broadband,24,24,0,6,0.07156745112674882,0.016570797984799587,0.1418911392039929,Hb_nrmse,arm_better,subject_block_1000_frozen_coordinates_exploratory
simultaneous_eeg_nirs,posterior,HbR_hidden,R1_broadband,R0_PCA_refit,24,24,0,6,-0.021740221479327276,-0.1156443567326952,0.03948284462192414,Hb_nrmse,arm_better,subject_block_1000_frozen_coordinates_exploratory
simultaneous_eeg_nirs,posterior,HbR_hidden,R2_selected,R0_PCA_refit,24,24,0,6,0.02296863578606147,-0.03281336411061621,0.07904384398661408,Hb_nrmse,arm_better,subject_block_1000_frozen_coordinates_exploratory
simultaneous_eeg_nirs,posterior,HbR_hidden,R2_zero,R0_PCA_refit,24,24,0,6,-0.02247927335501379,-0.11781292402049869,0.03982863974957449,Hb_nrmse,arm_better,subject_block_1000_frozen_coordinates_exploratory
simultaneous_eeg_nirs,posterior,HbR_hidden,independent,R0_PCA_refit,24,24,0,6,0.004560360770083663,-0.10519990702013764,0.13680912582048158,Hb_nrmse,arm_better,subject_block_1000_frozen_coordinates_exploratory
simultaneous_eeg_nirs,posterior,HbR_hidden,own_context,R0_PCA_refit,24,24,0,6,0.049827229647421534,-0.060858104318876304,0.14064641553534696,Hb_nrmse,arm_better,subject_block_1000_frozen_coordinates_exploratory
simultaneous_eeg_nirs,posterior,HbR_hidden,ridge_cross,R0_PCA_refit,24,24,0,6,-0.02141747553160997,-0.12512604954404408,0.09194575053183589,Hb_nrmse,arm_better,subject_block_1000_frozen_coordinates_exploratory
simultaneous_eeg_nirs,posterior,HbR_hidden,training_template,R0_PCA_refit,24,24,0,6,0.049827229647421534,-0.06085810431887631,0.13702792734919,Hb_nrmse,arm_better,subject_block_1000_frozen_coordinates_exploratory
simultaneous_eeg_nirs,posterior,HbR_hidden,R0_PCA_refit,independent,24,24,0,6,-0.004560360770083663,-0.14413161757467322,0.11370002362878107,Hb_nrmse,arm_better,subject_block_1000_frozen_coordinates_exploratory
simultaneous_eeg_nirs,posterior,HbR_hidden,R1_broadband,independent,24,24,0,6,-0.026300582249410925,-0.16941349833343047,0.11472501462317213,Hb_nrmse,arm_better,subject_block_1000_frozen_coordinates_exploratory
simultaneous_eeg_nirs,posterior,HbR_hidden,R2_selected,independent,24,24,0,6,0.018408275015977808,-0.0810991190416152,0.11976865492853683,Hb_nrmse,arm_better,subject_block_1000_frozen_coordinates_exploratory
simultaneous_eeg_nirs,posterior,HbR_hidden,R2_zero,independent,24,24,0,6,-0.02703963412509745,-0.16433322472218387,0.10918143395926343,Hb_nrmse,arm_better,subject_block_1000_frozen_coordinates_exploratory
simultaneous_eeg_nirs,posterior,HbR_hidden,own_context,independent,24,24,0,6,0.045266868877337885,-0.054796442244166216,0.1511593916812427,Hb_nrmse,arm_better,subject_block_1000_frozen_coordinates_exploratory
simultaneous_eeg_nirs,posterior,HbR_hidden,ridge_cross,independent,24,24,0,6,-0.025977836301693622,-0.10214297391896257,0.06701865454535345,Hb_nrmse,arm_better,subject_block_1000_frozen_coordinates_exploratory
simultaneous_eeg_nirs,posterior,HbR_hidden,training_template,independent,24,24,0,6,0.045266868877337885,-0.05879146642762358,0.15556874379443922,Hb_nrmse,arm_better,subject_block_1000_frozen_coordinates_exploratory
simultaneous_eeg_nirs,posterior,HbR_hidden,R0_PCA_refit,training_template,24,24,0,6,-0.049827229647421534,-0.14845307156510235,0.057740984886529734,Hb_nrmse,arm_better,subject_block_1000_frozen_coordinates_exploratory
simultaneous_eeg_nirs,posterior,HbR_hidden,R1_broadband,training_template,24,24,0,6,-0.07156745112674882,-0.1422065405352603,-0.016947380783851287,Hb_nrmse,arm_better,subject_block_1000_frozen_coordinates_exploratory
simultaneous_eeg_nirs,posterior,HbR_hidden,R2_selected,training_template,24,24,0,6,-0.02685859386136007,-0.09140424273979188,0.03918559846047725,Hb_nrmse,arm_better,subject_block_1000_frozen_coordinates_exploratory
simultaneous_eeg_nirs,posterior,HbR_hidden,R2_zero,training_template,24,24,0,6,-0.07230650300243534,-0.14377771776571052,-0.016768640810187238,Hb_nrmse,arm_better,subject_block_1000_frozen_coordinates_exploratory
simultaneous_eeg_nirs,posterior,HbR_hidden,independent,training_template,24,24,0,6,-0.045266868877337885,-0.15556874379443925,0.05676866937270845,Hb_nrmse,arm_better,subject_block_1000_frozen_coordinates_exploratory
simultaneous_eeg_nirs,posterior,HbR_hidden,own_context,training_template,24,24,0,6,0.0,0.0,0.0,Hb_nrmse,arm_better,subject_block_1000_frozen_coordinates_exploratory
simultaneous_eeg_nirs,posterior,HbR_hidden,ridge_cross,training_template,24,24,0,6,-0.07124470517903149,-0.14015039272899138,-0.019816877344769227,Hb_nrmse,arm_better,subject_block_1000_frozen_coordinates_exploratory
simultaneous_eeg_nirs,posterior,HbR_hidden,R0_PCA_refit,own_context,24,24,0,6,-0.049827229647421534,-0.13702792734919,0.05779105402385299,Hb_nrmse,arm_better,subject_block_1000_frozen_coordinates_exploratory
simultaneous_eeg_nirs,posterior,HbR_hidden,R1_broadband,own_context,24,24,0,6,-0.07156745112674882,-0.13808719790262441,-0.017116854404751188,Hb_nrmse,arm_better,subject_block_1000_frozen_coordinates_exploratory
simultaneous_eeg_nirs,posterior,HbR_hidden,R2_selected,own_context,24,24,0,6,-0.02685859386136007,-0.09440419717904731,0.03865235194548707,Hb_nrmse,arm_better,subject_block_1000_frozen_coordinates_exploratory
simultaneous_eeg_nirs,posterior,HbR_hidden,R2_zero,own_context,24,24,0,6,-0.07230650300243534,-0.14383186482994892,-0.01717370928935031,Hb_nrmse,arm_better,subject_block_1000_frozen_coordinates_exploratory
simultaneous_eeg_nirs,posterior,HbR_hidden,independent,own_context,24,24,0,6,-0.045266868877337885,-0.15773421506667584,0.05250003403246712,Hb_nrmse,arm_better,subject_block_1000_frozen_coordinates_exploratory
simultaneous_eeg_nirs,posterior,HbR_hidden,ridge_cross,own_context,24,24,0,6,-0.07124470517903149,-0.14045227357600168,-0.019528810245163796,Hb_nrmse,arm_better,subject_block_1000_frozen_coordinates_exploratory
simultaneous_eeg_nirs,posterior,HbR_hidden,training_template,own_context,24,24,0,6,0.0,0.0,0.0,Hb_nrmse,arm_better,subject_block_1000_frozen_coordinates_exploratory
simultaneous_eeg_nirs,posterior,HbR_hidden,R0_PCA_refit,ridge_cross,24,24,0,6,0.02141747553160997,-0.09183392802167156,0.13219668145163196,Hb_nrmse,arm_better,subject_block_1000_frozen_coordinates_exploratory
simultaneous_eeg_nirs,posterior,HbR_hidden,R1_broadband,ridge_cross,24,24,0,6,-0.0003227459477173113,-0.12218536272427304,0.10944190617546397,Hb_nrmse,arm_better,subject_block_1000_frozen_coordinates_exploratory
simultaneous_eeg_nirs,posterior,HbR_hidden,R2_selected,ridge_cross,24,24,0,6,0.04438611131767143,-0.048576020696071746,0.13254533945449157,Hb_nrmse,arm_better,subject_block_1000_frozen_coordinates_exploratory
simultaneous_eeg_nirs,posterior,HbR_hidden,R2_zero,ridge_cross,24,24,0,6,-0.0010617978234038251,-0.11292430862263711,0.10347656519143918,Hb_nrmse,arm_better,subject_block_1000_frozen_coordinates_exploratory
simultaneous_eeg_nirs,posterior,HbR_hidden,independent,ridge_cross,24,24,0,6,0.025977836301693622,-0.06682560400160391,0.10847401352773826,Hb_nrmse,arm_better,subject_block_1000_frozen_coordinates_exploratory
simultaneous_eeg_nirs,posterior,HbR_hidden,own_context,ridge_cross,24,24,0,6,0.07124470517903149,0.020184523456028784,0.14581241027704564,Hb_nrmse,arm_better,subject_block_1000_frozen_coordinates_exploratory
simultaneous_eeg_nirs,posterior,HbR_hidden,training_template,ridge_cross,24,24,0,6,0.07124470517903149,0.019528810245163796,0.1455169568415529,Hb_nrmse,arm_better,subject_block_1000_frozen_coordinates_exploratory
simultaneous_eeg_nirs,posterior,Hb_hidden,R0_PCA_refit,R1_broadband,24,24,0,6,-0.004609101845521611,-0.05575774863889238,0.06810237421399855,Hb_nrmse,arm_better,subject_block_1000_frozen_coordinates_exploratory
simultaneous_eeg_nirs,posterior,Hb_hidden,R2_selected,R1_broadband,24,24,0,6,0.057428100297750466,0.02214658282216386,0.09655513198724751,Hb_nrmse,arm_better,subject_block_1000_frozen_coordinates_exploratory
simultaneous_eeg_nirs,posterior,Hb_hidden,R2_zero,R1_broadband,24,24,0,6,0.001118103620682864,-0.0010025028386326442,0.0035961786498745207,Hb_nrmse,arm_better,subject_block_1000_frozen_coordinates_exploratory
simultaneous_eeg_nirs,posterior,Hb_hidden,independent,R1_broadband,24,24,0,6,0.10671126636815274,0.029744181663317885,0.1931196810566672,Hb_nrmse,arm_better,subject_block_1000_frozen_coordinates_exploratory
simultaneous_eeg_nirs,posterior,Hb_hidden,own_context,R1_broadband,24,24,0,6,0.08606371777272825,0.030767405546910192,0.17768453626499914,Hb_nrmse,arm_better,subject_block_1000_frozen_coordinates_exploratory
simultaneous_eeg_nirs,posterior,Hb_hidden,ridge_cross,R1_broadband,24,24,0,6,0.04498261566255293,-0.022647619940588472,0.13694849220540012,Hb_nrmse,arm_better,subject_block_1000_frozen_coordinates_exploratory
simultaneous_eeg_nirs,posterior,Hb_hidden,training_template,R1_broadband,24,24,0,6,0.08606371777272825,0.031160215347135634,0.1712089530746109,Hb_nrmse,arm_better,subject_block_1000_frozen_coordinates_exploratory
simultaneous_eeg_nirs,posterior,Hb_hidden,R1_broadband,R0_PCA_refit,24,24,0,6,0.004609101845521611,-0.05892686318609292,0.05719164921536569,Hb_nrmse,arm_better,subject_block_1000_frozen_coordinates_exploratory
simultaneous_eeg_nirs,posterior,Hb_hidden,R2_selected,R0_PCA_refit,24,24,0,6,0.062037202143272074,0.019424187211306416,0.0998055482022668,Hb_nrmse,arm_better,subject_block_1000_frozen_coordinates_exploratory
simultaneous_eeg_nirs,posterior,Hb_hidden,R2_zero,R0_PCA_refit,24,24,0,6,0.005727205466204474,-0.06628210011666322,0.05418123933000805,Hb_nrmse,arm_better,subject_block_1000_frozen_coordinates_exploratory
simultaneous_eeg_nirs,posterior,Hb_hidden,independent,R0_PCA_refit,24,24,0,6,0.11132036821367436,0.05160020074386367,0.16633704815201353,Hb_nrmse,arm_better,subject_block_1000_frozen_coordinates_exploratory
simultaneous_eeg_nirs,posterior,Hb_hidden,own_context,R0_PCA_refit,24,24,0,6,0.09067281961824986,0.06518009745701275,0.11504210010609772,Hb_nrmse,arm_better,subject_block_1000_frozen_coordinates_exploratory
simultaneous_eeg_nirs,posterior,Hb_hidden,ridge_cross,R0_PCA_refit,24,24,0,6,0.04959171750807454,0.017678883363878482,0.07952131953499825,Hb_nrmse,arm_better,subject_block_1000_frozen_coordinates_exploratory
simultaneous_eeg_nirs,posterior,Hb_hidden,training_template,R0_PCA_refit,24,24,0,6,0.09067281961824986,0.06628847525893689,0.11282489591325855,Hb_nrmse,arm_better,subject_block_1000_frozen_coordinates_exploratory
simultaneous_eeg_nirs,posterior,Hb_hidden,R0_PCA_refit,independent,24,24,0,6,-0.11132036821367436,-0.16491712485384602,-0.05611840906595682,Hb_nrmse,arm_better,subject_block_1000_frozen_coordinates_exploratory
simultaneous_eeg_nirs,posterior,Hb_hidden,R1_broadband,independent,24,24,0,6,-0.10671126636815274,-0.19671435059704404,-0.029499165140109168,Hb_nrmse,arm_better,subject_block_1000_frozen_coordinates_exploratory
simultaneous_eeg_nirs,posterior,Hb_hidden,R2_selected,independent,24,24,0,6,-0.04928316607040229,-0.10332368449570484,-0.0003145364873687781,Hb_nrmse,arm_better,subject_block_1000_frozen_coordinates_exploratory
simultaneous_eeg_nirs,posterior,Hb_hidden,R2_zero,independent,24,24,0,6,-0.10559316274746988,-0.19467337982852395,-0.026630131044140137,Hb_nrmse,arm_better,subject_block_1000_frozen_coordinates_exploratory
simultaneous_eeg_nirs,posterior,Hb_hidden,own_context,independent,24,24,0,6,-0.02064754859542451,-0.06902083853918159,0.02258919408182113,Hb_nrmse,arm_better,subject_block_1000_frozen_coordinates_exploratory
simultaneous_eeg_nirs,posterior,Hb_hidden,ridge_cross,independent,24,24,0,6,-0.06172865070559982,-0.09848705911079363,-0.022002780106669995,Hb_nrmse,arm_better,subject_block_1000_frozen_coordinates_exploratory
simultaneous_eeg_nirs,posterior,Hb_hidden,training_template,independent,24,24,0,6,-0.02064754859542451,-0.07015243706928055,0.021428678704017424,Hb_nrmse,arm_better,subject_block_1000_frozen_coordinates_exploratory
simultaneous_eeg_nirs,posterior,Hb_hidden,R0_PCA_refit,training_template,24,24,0,6,-0.09067281961824986,-0.11504210010609772,-0.06518668701904379,Hb_nrmse,arm_better,subject_block_1000_frozen_coordinates_exploratory
simultaneous_eeg_nirs,posterior,Hb_hidden,R1_broadband,training_template,24,24,0,6,-0.08606371777272825,-0.17275215085266293,-0.026610819490019224,Hb_nrmse,arm_better,subject_block_1000_frozen_coordinates_exploratory
simultaneous_eeg_nirs,posterior,Hb_hidden,R2_selected,training_template,24,24,0,6,-0.028635617474977785,-0.08633950932635137,0.018834008608245575,Hb_nrmse,arm_better,subject_block_1000_frozen_coordinates_exploratory
simultaneous_eeg_nirs,posterior,Hb_hidden,R2_zero,training_template,24,24,0,6,-0.08494561415204538,-0.1672208143340916,-0.025181716656986406,Hb_nrmse,arm_better,subject_block_1000_frozen_coordinates_exploratory
simultaneous_eeg_nirs,posterior,Hb_hidden,independent,training_template,24,24,0,6,0.02064754859542451,-0.01996778245638127,0.07030609585381341,Hb_nrmse,arm_better,subject_block_1000_frozen_coordinates_exploratory
simultaneous_eeg_nirs,posterior,Hb_hidden,own_context,training_template,24,24,0,6,0.0,0.0,0.0,Hb_nrmse,arm_better,subject_block_1000_frozen_coordinates_exploratory
simultaneous_eeg_nirs,posterior,Hb_hidden,ridge_cross,training_template,24,24,0,6,-0.04108110211017532,-0.05522698034189547,-0.026543115510003306,Hb_nrmse,arm_better,subject_block_1000_frozen_coordinates_exploratory
simultaneous_eeg_nirs,posterior,Hb_hidden,R0_PCA_refit,own_context,24,24,0,6,-0.09067281961824986,-0.11384705402345573,-0.06630353913040199,Hb_nrmse,arm_better,subject_block_1000_frozen_coordinates_exploratory
simultaneous_eeg_nirs,posterior,Hb_hidden,R1_broadband,own_context,24,24,0,6,-0.08606371777272825,-0.17078664614674893,-0.028790906935481836,Hb_nrmse,arm_better,subject_block_1000_frozen_coordinates_exploratory
simultaneous_eeg_nirs,posterior,Hb_hidden,R2_selected,own_context,24,24,0,6,-0.028635617474977785,-0.0866412150236839,0.018697840167032763,Hb_nrmse,arm_better,subject_block_1000_frozen_coordinates_exploratory
simultaneous_eeg_nirs,posterior,Hb_hidden,R2_zero,own_context,24,24,0,6,-0.08494561415204538,-0.16407843165875916,-0.025899227434353758,Hb_nrmse,arm_better,subject_block_1000_frozen_coordinates_exploratory
simultaneous_eeg_nirs,posterior,Hb_hidden,independent,own_context,24,24,0,6,0.02064754859542451,-0.016186425300527395,0.07015243706928054,Hb_nrmse,arm_better,subject_block_1000_frozen_coordinates_exploratory
simultaneous_eeg_nirs,posterior,Hb_hidden,ridge_cross,own_context,24,24,0,6,-0.04108110211017532,-0.056532169109242594,-0.026694358470316155,Hb_nrmse,arm_better,subject_block_1000_frozen_coordinates_exploratory
simultaneous_eeg_nirs,posterior,Hb_hidden,training_template,own_context,24,24,0,6,0.0,0.0,0.0,Hb_nrmse,arm_better,subject_block_1000_frozen_coordinates_exploratory
simultaneous_eeg_nirs,posterior,Hb_hidden,R0_PCA_refit,ridge_cross,24,24,0,6,-0.04959171750807454,-0.0795139998699501,-0.01740457697183627,Hb_nrmse,arm_better,subject_block_1000_frozen_coordinates_exploratory
simultaneous_eeg_nirs,posterior,Hb_hidden,R1_broadband,ridge_cross,24,24,0,6,-0.04498261566255293,-0.1319417251358598,0.025510670737118823,Hb_nrmse,arm_better,subject_block_1000_frozen_coordinates_exploratory
simultaneous_eeg_nirs,posterior,Hb_hidden,R2_selected,ridge_cross,24,24,0,6,0.012445484635197535,-0.04946041246219981,0.06081587465158248,Hb_nrmse,arm_better,subject_block_1000_frozen_coordinates_exploratory
simultaneous_eeg_nirs,posterior,Hb_hidden,R2_zero,ridge_cross,24,24,0,6,-0.043864512041870064,-0.12859633031379986,0.027114633219452268,Hb_nrmse,arm_better,subject_block_1000_frozen_coordinates_exploratory
simultaneous_eeg_nirs,posterior,Hb_hidden,independent,ridge_cross,24,24,0,6,0.06172865070559982,0.021994866534727653,0.09817051623309986,Hb_nrmse,arm_better,subject_block_1000_frozen_coordinates_exploratory
simultaneous_eeg_nirs,posterior,Hb_hidden,own_context,ridge_cross,24,24,0,6,0.04108110211017532,0.026612930622739426,0.05507548551994815,Hb_nrmse,arm_better,subject_block_1000_frozen_coordinates_exploratory
simultaneous_eeg_nirs,posterior,Hb_hidden,training_template,ridge_cross,24,24,0,6,0.04108110211017532,0.02579890525934163,0.055711655365159866,Hb_nrmse,arm_better,subject_block_1000_frozen_coordinates_exploratory
simultaneous_eeg_nirs,posterior,center_Hb,R0_PCA_refit,R1_broadband,24,24,0,6,0.0243351146005433,-0.006035111194237634,0.050532387998293286,Hb_nrmse,arm_better,subject_block_1000_frozen_coordinates_exploratory
simultaneous_eeg_nirs,posterior,center_Hb,R2_selected,R1_broadband,24,24,0,6,0.03441332044845576,0.013512691413120823,0.059335702373553054,Hb_nrmse,arm_better,subject_block_1000_frozen_coordinates_exploratory
simultaneous_eeg_nirs,posterior,center_Hb,R2_zero,R1_broadband,24,24,0,6,0.0009999792539435004,-8.128224117335003e-05,0.002189387008823304,Hb_nrmse,arm_better,subject_block_1000_frozen_coordinates_exploratory
simultaneous_eeg_nirs,posterior,center_Hb,independent,R1_broadband,24,24,0,6,0.10762270437078465,0.057068002858358745,0.15616128349660888,Hb_nrmse,arm_better,subject_block_1000_frozen_coordinates_exploratory
simultaneous_eeg_nirs,posterior,center_Hb,own_context,R1_broadband,24,24,0,6,0.21467958393368647,0.15310640136755255,0.28599097866077666,Hb_nrmse,arm_better,subject_block_1000_frozen_coordinates_exploratory
simultaneous_eeg_nirs,posterior,center_Hb,ridge_cross,R1_broadband,24,24,0,6,0.20309793006933508,0.1508952589431914,0.2815444232366885,Hb_nrmse,arm_better,subject_block_1000_frozen_coordinates_exploratory
simultaneous_eeg_nirs,posterior,center_Hb,training_template,R1_broadband,24,24,0,6,-0.16409279819538156,-0.24100375229716173,-0.07250867848362029,Hb_nrmse,arm_better,subject_block_1000_frozen_coordinates_exploratory
simultaneous_eeg_nirs,posterior,center_Hb,R1_broadband,R0_PCA_refit,24,24,0,6,-0.0243351146005433,-0.05035839484417085,0.006231698698412053,Hb_nrmse,arm_better,subject_block_1000_frozen_coordinates_exploratory
simultaneous_eeg_nirs,posterior,center_Hb,R2_selected,R0_PCA_refit,24,24,0,6,0.010078205847912462,-0.020996233393537383,0.039354027917652516,Hb_nrmse,arm_better,subject_block_1000_frozen_coordinates_exploratory
simultaneous_eeg_nirs,posterior,center_Hb,R2_zero,R0_PCA_refit,24,24,0,6,-0.0233351353465998,-0.04997399168786146,0.006562139119495089,Hb_nrmse,arm_better,subject_block_1000_frozen_coordinates_exploratory
simultaneous_eeg_nirs,posterior,center_Hb,independent,R0_PCA_refit,24,24,0,6,0.08328758977024135,0.045206578104880664,0.12375903933792377,Hb_nrmse,arm_better,subject_block_1000_frozen_coordinates_exploratory
simultaneous_eeg_nirs,posterior,center_Hb,own_context,R0_PCA_refit,24,24,0,6,0.19034446933314317,0.14777672485869411,0.25718817367165686,Hb_nrmse,arm_better,subject_block_1000_frozen_coordinates_exploratory
simultaneous_eeg_nirs,posterior,center_Hb,ridge_cross,R0_PCA_refit,24,24,0,6,0.1787628154687918,0.1381398589766975,0.24193196770181674,Hb_nrmse,arm_better,subject_block_1000_frozen_coordinates_exploratory
simultaneous_eeg_nirs,posterior,center_Hb,training_template,R0_PCA_refit,24,24,0,6,-0.18842791279592488,-0.27721350714791315,-0.11525736154521077,Hb_nrmse,arm_better,subject_block_1000_frozen_coordinates_exploratory
simultaneous_eeg_nirs,posterior,center_Hb,R0_PCA_refit,independent,24,24,0,6,-0.08328758977024135,-0.12266550406847022,-0.03694874435037928,Hb_nrmse,arm_better,subject_block_1000_frozen_coordinates_exploratory
simultaneous_eeg_nirs,posterior,center_Hb,R1_broadband,independent,24,24,0,6,-0.10762270437078465,-0.16017079532871928,-0.06008182281307361,Hb_nrmse,arm_better,subject_block_1000_frozen_coordinates_exploratory
simultaneous_eeg_nirs,posterior,center_Hb,R2_selected,independent,24,24,0,6,-0.07320938392232891,-0.11626072778424663,-0.03602041737419539,Hb_nrmse,arm_better,subject_block_1000_frozen_coordinates_exploratory
simultaneous_eeg_nirs,posterior,center_Hb,R2_zero,independent,24,24,0,6,-0.10662272511684116,-0.1604677431190784,-0.059847559591224765,Hb_nrmse,arm_better,subject_block_1000_frozen_coordinates_exploratory
simultaneous_eeg_nirs,posterior,center_Hb,own_context,independent,24,24,0,6,0.10705687956290179,0.05797729957183524,0.15448877475313244,Hb_nrmse,arm_better,subject_block_1000_frozen_coordinates_exploratory
simultaneous_eeg_nirs,posterior,center_Hb,ridge_cross,independent,24,24,0,6,0.09547522569855042,0.05494797256916078,0.1371752889086741,Hb_nrmse,arm_better,subject_block_1000_frozen_coordinates_exploratory
simultaneous_eeg_nirs,posterior,center_Hb,training_template,independent,24,24,0,6,-0.2717155025661662,-0.3377087465186675,-0.2007086358580359,Hb_nrmse,arm_better,subject_block_1000_frozen_coordinates_exploratory
simultaneous_eeg_nirs,posterior,center_Hb,R0_PCA_refit,training_template,24,24,0,6,0.18842791279592488,0.11577060350619328,0.27478555569261515,Hb_nrmse,arm_better,subject_block_1000_frozen_coordinates_exploratory
simultaneous_eeg_nirs,posterior,center_Hb,R1_broadband,training_template,24,24,0,6,0.16409279819538156,0.0796503824952804,0.24103860534115193,Hb_nrmse,arm_better,subject_block_1000_frozen_coordinates_exploratory
simultaneous_eeg_nirs,posterior,center_Hb,R2_selected,training_template,24,24,0,6,0.19850611864383735,0.12723976152891103,0.2741578759425577,Hb_nrmse,arm_better,subject_block_1000_frozen_coordinates_exploratory
simultaneous_eeg_nirs,posterior,center_Hb,R2_zero,training_template,24,24,0,6,0.16509277744932507,0.07509350749664405,0.24210258276692342,Hb_nrmse,arm_better,subject_block_1000_frozen_coordinates_exploratory
simultaneous_eeg_nirs,posterior,center_Hb,independent,training_template,24,24,0,6,0.2717155025661662,0.2056862694967649,0.3425270338040415,Hb_nrmse,arm_better,subject_block_1000_frozen_coordinates_exploratory
simultaneous_eeg_nirs,posterior,center_Hb,own_context,training_template,24,24,0,6,0.37877238212906805,0.33204087618850514,0.4368582382888339,Hb_nrmse,arm_better,subject_block_1000_frozen_coordinates_exploratory
simultaneous_eeg_nirs,posterior,center_Hb,ridge_cross,training_template,24,24,0,6,0.36719072826471666,0.3274272614387721,0.4147910928047212,Hb_nrmse,arm_better,subject_block_1000_frozen_coordinates_exploratory
simultaneous_eeg_nirs,posterior,center_Hb,R0_PCA_refit,own_context,24,24,0,6,-0.19034446933314317,-0.2558923207267434,-0.14873427354517288,Hb_nrmse,arm_better,subject_block_1000_frozen_coordinates_exploratory
simultaneous_eeg_nirs,posterior,center_Hb,R1_broadband,own_context,24,24,0,6,-0.21467958393368647,-0.29777160010855824,-0.15376410648728397,Hb_nrmse,arm_better,subject_block_1000_frozen_coordinates_exploratory
simultaneous_eeg_nirs,posterior,center_Hb,R2_selected,own_context,24,24,0,6,-0.18026626348523067,-0.23861232050977432,-0.1301768845327016,Hb_nrmse,arm_better,subject_block_1000_frozen_coordinates_exploratory
simultaneous_eeg_nirs,posterior,center_Hb,R2_zero,own_context,24,24,0,6,-0.21367960467974298,-0.2975987785442104,-0.15151849383443167,Hb_nrmse,arm_better,subject_block_1000_frozen_coordinates_exploratory
simultaneous_eeg_nirs,posterior,center_Hb,independent,own_context,24,24,0,6,-0.10705687956290179,-0.15237542137675145,-0.058952510769589184,Hb_nrmse,arm_better,subject_block_1000_frozen_coordinates_exploratory
simultaneous_eeg_nirs,posterior,center_Hb,ridge_cross,own_context,24,24,0,6,-0.011581653864351386,-0.025457309189619182,0.0020204431057741956,Hb_nrmse,arm_better,subject_block_1000_frozen_coordinates_exploratory
simultaneous_eeg_nirs,posterior,center_Hb,training_template,own_context,24,24,0,6,-0.37877238212906805,-0.4368318869133372,-0.33309493120837463,Hb_nrmse,arm_better,subject_block_1000_frozen_coordinates_exploratory
simultaneous_eeg_nirs,posterior,center_Hb,R0_PCA_refit,ridge_cross,24,24,0,6,-0.1787628154687918,-0.24282579747766528,-0.1369869534498718,Hb_nrmse,arm_better,subject_block_1000_frozen_coordinates_exploratory
simultaneous_eeg_nirs,posterior,center_Hb,R1_broadband,ridge_cross,24,24,0,6,-0.20309793006933508,-0.27384455234184507,-0.1508952589431914,Hb_nrmse,arm_better,subject_block_1000_frozen_coordinates_exploratory
simultaneous_eeg_nirs,posterior,center_Hb,R2_selected,ridge_cross,24,24,0,6,-0.16868460962087936,-0.2221746713327701,-0.11959238199537768,Hb_nrmse,arm_better,subject_block_1000_frozen_coordinates_exploratory
simultaneous_eeg_nirs,posterior,center_Hb,R2_zero,ridge_cross,24,24,0,6,-0.20209795081539159,-0.27994728924871676,-0.14717484443003007,Hb_nrmse,arm_better,subject_block_1000_frozen_coordinates_exploratory
simultaneous_eeg_nirs,posterior,center_Hb,independent,ridge_cross,24,24,0,6,-0.09547522569855042,-0.1389360753870658,-0.0539241590274665,Hb_nrmse,arm_better,subject_block_1000_frozen_coordinates_exploratory
simultaneous_eeg_nirs,posterior,center_Hb,own_context,ridge_cross,24,24,0,6,0.011581653864351386,-0.0010766042778611396,0.02555265225973169,Hb_nrmse,arm_better,subject_block_1000_frozen_coordinates_exploratory
simultaneous_eeg_nirs,posterior,center_Hb,training_template,ridge_cross,24,24,0,6,-0.36719072826471666,-0.414850444329355,-0.3326166699809441,Hb_nrmse,arm_better,subject_block_1000_frozen_coordinates_exploratory
simultaneous_eeg_nirs,posterior,full,R0_PCA_refit,R1_broadband,24,24,0,6,0.010444626366500996,0.0015264524576165857,0.02313792989716558,Hb_nrmse,arm_better,subject_block_1000_frozen_coordinates_exploratory
simultaneous_eeg_nirs,posterior,full,R2_selected,R1_broadband,24,24,0,6,0.004810186596668848,0.0019054050904147816,0.008813837802505746,Hb_nrmse,arm_better,subject_block_1000_frozen_coordinates_exploratory
simultaneous_eeg_nirs,posterior,full,R2_zero,R1_broadband,24,24,0,6,0.0003851725927784498,0.00020605196173958894,0.0005754921324681063,Hb_nrmse,arm_better,subject_block_1000_frozen_coordinates_exploratory
simultaneous_eeg_nirs,posterior,full,independent,R1_broadband,24,24,0,6,0.03957068594587656,0.028670724053374844,0.05771974221333138,Hb_nrmse,arm_better,subject_block_1000_frozen_coordinates_exploratory
simultaneous_eeg_nirs,posterior,full,training_template,R1_broadband,24,24,0,6,-0.426085959815042,-0.4719616334187338,-0.3768131100920153,Hb_nrmse,arm_better,subject_block_1000_frozen_coordinates_exploratory
simultaneous_eeg_nirs,posterior,full,R1_broadband,R0_PCA_refit,24,24,0,6,-0.010444626366500996,-0.024025199172998783,-0.0015264524576165857,Hb_nrmse,arm_better,subject_block_1000_frozen_coordinates_exploratory
simultaneous_eeg_nirs,posterior,full,R2_selected,R0_PCA_refit,24,24,0,6,-0.00563443976983215,-0.015456413982440334,0.0012343450462335333,Hb_nrmse,arm_better,subject_block_1000_frozen_coordinates_exploratory
simultaneous_eeg_nirs,posterior,full,R2_zero,R0_PCA_refit,24,24,0,6,-0.010059453773722547,-0.02311754987626875,-0.0006592943418006984,Hb_nrmse,arm_better,subject_block_1000_frozen_coordinates_exploratory
simultaneous_eeg_nirs,posterior,full,independent,R0_PCA_refit,24,24,0,6,0.02912605957937556,0.022934330506027098,0.035625489216955464,Hb_nrmse,arm_better,subject_block_1000_frozen_coordinates_exploratory
simultaneous_eeg_nirs,posterior,full,training_template,R0_PCA_refit,24,24,0,6,-0.43653058618154295,-0.48176376422853795,-0.385828319515028,Hb_nrmse,arm_better,subject_block_1000_frozen_coordinates_exploratory
simultaneous_eeg_nirs,posterior,full,R0_PCA_refit,independent,24,24,0,6,-0.02912605957937556,-0.03561802459370272,-0.022919587875102922,Hb_nrmse,arm_better,subject_block_1000_frozen_coordinates_exploratory
simultaneous_eeg_nirs,posterior,full,R1_broadband,independent,24,24,0,6,-0.03957068594587656,-0.05784125986031304,-0.029013947098217727,Hb_nrmse,arm_better,subject_block_1000_frozen_coordinates_exploratory
simultaneous_eeg_nirs,posterior,full,R2_selected,independent,24,24,0,6,-0.03476049934920771,-0.04927848845604297,-0.025762275863031845,Hb_nrmse,arm_better,subject_block_1000_frozen_coordinates_exploratory
simultaneous_eeg_nirs,posterior,full,R2_zero,independent,24,24,0,6,-0.03918551335309811,-0.05771693081602061,-0.02840918723941114,Hb_nrmse,arm_better,subject_block_1000_frozen_coordinates_exploratory
simultaneous_eeg_nirs,posterior,full,training_template,independent,24,24,0,6,-0.46565664576091853,-0.514358197244137,-0.412695895475274,Hb_nrmse,arm_better,subject_block_1000_frozen_coordinates_exploratory
simultaneous_eeg_nirs,posterior,full,R0_PCA_refit,training_template,24,24,0,6,0.43653058618154295,0.38965066349684563,0.48235126094334485,Hb_nrmse,arm_better,subject_block_1000_frozen_coordinates_exploratory
simultaneous_eeg_nirs,posterior,full,R1_broadband,training_template,24,24,0,6,0.426085959815042,0.3793777729437091,0.47805598536635113,Hb_nrmse,arm_better,subject_block_1000_frozen_coordinates_exploratory
simultaneous_eeg_nirs,posterior,full,R2_selected,training_template,24,24,0,6,0.43089614641171076,0.3811350461155883,0.47773223276606785,Hb_nrmse,arm_better,subject_block_1000_frozen_coordinates_exploratory
simultaneous_eeg_nirs,posterior,full,R2_zero,training_template,24,24,0,6,0.4264711324078205,0.37881936294562607,0.47225161313622516,Hb_nrmse,arm_better,subject_block_1000_frozen_coordinates_exploratory
simultaneous_eeg_nirs,posterior,full,independent,training_template,24,24,0,6,0.46565664576091853,0.41352283900310305,0.5151793230563584,Hb_nrmse,arm_better,subject_block_1000_frozen_coordinates_exploratory
simultaneous_eeg_nirs,posterior,full,R0_PCA_refit,own_context,0,0,0,0,,,,Hb_nrmse,arm_better,subject_block_1000_frozen_coordinates_exploratory
simultaneous_eeg_nirs,posterior,full,R1_broadband,own_context,0,0,0,0,,,,Hb_nrmse,arm_better,subject_block_1000_frozen_coordinates_exploratory
simultaneous_eeg_nirs,posterior,full,R2_selected,own_context,0,0,0,0,,,,Hb_nrmse,arm_better,subject_block_1000_frozen_coordinates_exploratory
simultaneous_eeg_nirs,posterior,full,R2_zero,own_context,0,0,0,0,,,,Hb_nrmse,arm_better,subject_block_1000_frozen_coordinates_exploratory
simultaneous_eeg_nirs,posterior,full,independent,own_context,0,0,0,0,,,,Hb_nrmse,arm_better,subject_block_1000_frozen_coordinates_exploratory
simultaneous_eeg_nirs,posterior,full,training_template,own_context,0,0,0,0,,,,Hb_nrmse,arm_better,subject_block_1000_frozen_coordinates_exploratory
simultaneous_eeg_nirs,posterior,full,R0_PCA_refit,ridge_cross,0,0,0,0,,,,Hb_nrmse,arm_better,subject_block_1000_frozen_coordinates_exploratory
simultaneous_eeg_nirs,posterior,full,R1_broadband,ridge_cross,0,0,0,0,,,,Hb_nrmse,arm_better,subject_block_1000_frozen_coordinates_exploratory
simultaneous_eeg_nirs,posterior,full,R2_selected,ridge_cross,0,0,0,0,,,,Hb_nrmse,arm_better,subject_block_1000_frozen_coordinates_exploratory
simultaneous_eeg_nirs,posterior,full,R2_zero,ridge_cross,0,0,0,0,,,,Hb_nrmse,arm_better,subject_block_1000_frozen_coordinates_exploratory
simultaneous_eeg_nirs,posterior,full,independent,ridge_cross,0,0,0,0,,,,Hb_nrmse,arm_better,subject_block_1000_frozen_coordinates_exploratory
simultaneous_eeg_nirs,posterior,full,training_template,ridge_cross,0,0,0,0,,,,Hb_nrmse,arm_better,subject_block_1000_frozen_coordinates_exploratory
simultaneous_eeg_nirs,prefrontal,HbO_hidden,R0_PCA_refit,R1_broadband,24,24,0,6,-0.0167308506663176,-0.07944643664038648,0.04597921815238509,Hb_nrmse,arm_better,subject_block_1000_frozen_coordinates_exploratory
simultaneous_eeg_nirs,prefrontal,HbO_hidden,R2_selected,R1_broadband,24,24,0,6,0.029062797777891804,0.00667902231302519,0.052546805468241996,Hb_nrmse,arm_better,subject_block_1000_frozen_coordinates_exploratory
simultaneous_eeg_nirs,prefrontal,HbO_hidden,R2_zero,R1_broadband,24,24,0,6,1.4108836143206412e-05,-0.00790175146945028,0.006110754039860122,Hb_nrmse,arm_better,subject_block_1000_frozen_coordinates_exploratory
simultaneous_eeg_nirs,prefrontal,HbO_hidden,independent,R1_broadband,24,24,0,6,-0.09173174882373565,-0.3028990120431399,0.08951952297845416,Hb_nrmse,arm_better,subject_block_1000_frozen_coordinates_exploratory
simultaneous_eeg_nirs,prefrontal,HbO_hidden,own_context,R1_broadband,24,24,0,6,0.16587153981773362,-0.03712858058233027,0.37787291729555456,Hb_nrmse,arm_better,subject_block_1000_frozen_coordinates_exploratory
simultaneous_eeg_nirs,prefrontal,HbO_hidden,ridge_cross,R1_broadband,24,24,0,6,0.17280548343901847,-0.12381773334985387,0.5290644657865148,Hb_nrmse,arm_better,subject_block_1000_frozen_coordinates_exploratory
simultaneous_eeg_nirs,prefrontal,HbO_hidden,training_template,R1_broadband,24,24,0,6,0.16587153981773362,-0.0498506451537192,0.3865374275206506,Hb_nrmse,arm_better,subject_block_1000_frozen_coordinates_exploratory
simultaneous_eeg_nirs,prefrontal,HbO_hidden,R1_broadband,R0_PCA_refit,24,24,0,6,0.0167308506663176,-0.059564201916927295,0.08075037309465884,Hb_nrmse,arm_better,subject_block_1000_frozen_coordinates_exploratory
simultaneous_eeg_nirs,prefrontal,HbO_hidden,R2_selected,R0_PCA_refit,24,24,0,6,0.04579364844420941,-0.03221735721489557,0.12990981687694883,Hb_nrmse,arm_better,subject_block_1000_frozen_coordinates_exploratory
simultaneous_eeg_nirs,prefrontal,HbO_hidden,R2_zero,R0_PCA_refit,24,24,0,6,0.01674495950246081,-0.053967759408944625,0.07808808548333125,Hb_nrmse,arm_better,subject_block_1000_frozen_coordinates_exploratory
simultaneous_eeg_nirs,prefrontal,HbO_hidden,independent,R0_PCA_refit,24,24,0,6,-0.07500089815741805,-0.24167345403342477,0.07850990679135234,Hb_nrmse,arm_better,subject_block_1000_frozen_coordinates_exploratory
simultaneous_eeg_nirs,prefrontal,HbO_hidden,own_context,R0_PCA_refit,24,24,0,6,0.18260239048405122,-0.02084197501207759,0.43826347540058114,Hb_nrmse,arm_better,subject_block_1000_frozen_coordinates_exploratory
simultaneous_eeg_nirs,prefrontal,HbO_hidden,ridge_cross,R0_PCA_refit,24,24,0,6,0.18953633410533602,-0.10926914556782408,0.5366790782293532,Hb_nrmse,arm_better,subject_block_1000_frozen_coordinates_exploratory
simultaneous_eeg_nirs,prefrontal,HbO_hidden,training_template,R0_PCA_refit,24,24,0,6,0.18260239048405122,-0.03264261371174353,0.4386555440719899,Hb_nrmse,arm_better,subject_block_1000_frozen_coordinates_exploratory
simultaneous_eeg_nirs,prefrontal,HbO_hidden,R0_PCA_refit,independent,24,24,0,6,0.07500089815741805,-0.07868195134258736,0.235927062502063,Hb_nrmse,arm_better,subject_block_1000_frozen_coordinates_exploratory
simultaneous_eeg_nirs,prefrontal,HbO_hidden,R1_broadband,independent,24,24,0,6,0.09173174882373565,-0.08699549160805325,0.31935771480498676,Hb_nrmse,arm_better,subject_block_1000_frozen_coordinates_exploratory
simultaneous_eeg_nirs,prefrontal,HbO_hidden,R2_selected,independent,24,24,0,6,0.12079454660162743,-0.06586992469346628,0.35483864267396803,Hb_nrmse,arm_better,subject_block_1000_frozen_coordinates_exploratory
simultaneous_eeg_nirs,prefrontal,HbO_hidden,R2_zero,independent,24,24,0,6,0.09174585765987885,-0.09159970084536447,0.29509434302135323,Hb_nrmse,arm_better,subject_block_1000_frozen_coordinates_exploratory
simultaneous_eeg_nirs,prefrontal,HbO_hidden,own_context,independent,24,24,0,6,0.25760328864146925,-0.07714193587696246,0.6332016032936267,Hb_nrmse,arm_better,subject_block_1000_frozen_coordinates_exploratory
simultaneous_eeg_nirs,prefrontal,HbO_hidden,ridge_cross,independent,24,24,0,6,0.2645372322627541,-0.14556354328537574,0.7801196560603393,Hb_nrmse,arm_better,subject_block_1000_frozen_coordinates_exploratory
simultaneous_eeg_nirs,prefrontal,HbO_hidden,training_template,independent,24,24,0,6,0.25760328864146925,-0.08640062375369022,0.6591348615537207,Hb_nrmse,arm_better,subject_block_1000_frozen_coordinates_exploratory
simultaneous_eeg_nirs,prefrontal,HbO_hidden,R0_PCA_refit,training_template,24,24,0,6,-0.18260239048405122,-0.43865554407198987,0.027494393330004484,Hb_nrmse,arm_better,subject_block_1000_frozen_coordinates_exploratory
simultaneous_eeg_nirs,prefrontal,HbO_hidden,R1_broadband,training_template,24,24,0,6,-0.16587153981773362,-0.381093632458628,0.0498001859270091,Hb_nrmse,arm_better,subject_block_1000_frozen_coordinates_exploratory
simultaneous_eeg_nirs,prefrontal,HbO_hidden,R2_selected,training_template,24,24,0,6,-0.13680874203984178,-0.338210662252162,0.05251678904713678,Hb_nrmse,arm_better,subject_block_1000_frozen_coordinates_exploratory
simultaneous_eeg_nirs,prefrontal,HbO_hidden,R2_zero,training_template,24,24,0,6,-0.16585743098159045,-0.38837750695337,0.052640370846303526,Hb_nrmse,arm_better,subject_block_1000_frozen_coordinates_exploratory
simultaneous_eeg_nirs,prefrontal,HbO_hidden,independent,training_template,24,24,0,6,-0.25760328864146925,-0.6589921641261788,0.09340382426895107,Hb_nrmse,arm_better,subject_block_1000_frozen_coordinates_exploratory
simultaneous_eeg_nirs,prefrontal,HbO_hidden,own_context,training_template,24,24,0,6,0.0,0.0,0.0,Hb_nrmse,arm_better,subject_block_1000_frozen_coordinates_exploratory
simultaneous_eeg_nirs,prefrontal,HbO_hidden,ridge_cross,training_template,24,24,0,6,0.00693394362128479,-0.08273289683738616,0.14434214435814935,Hb_nrmse,arm_better,subject_block_1000_frozen_coordinates_exploratory
simultaneous_eeg_nirs,prefrontal,HbO_hidden,R0_PCA_refit,own_context,24,24,0,6,-0.18260239048405122,-0.4040976912835074,0.020841975012077598,Hb_nrmse,arm_better,subject_block_1000_frozen_coordinates_exploratory
simultaneous_eeg_nirs,prefrontal,HbO_hidden,R1_broadband,own_context,24,24,0,6,-0.16587153981773362,-0.3952960492397703,0.03681594228915091,Hb_nrmse,arm_better,subject_block_1000_frozen_coordinates_exploratory
simultaneous_eeg_nirs,prefrontal,HbO_hidden,R2_selected,own_context,24,24,0,6,-0.13680874203984178,-0.33594424021899894,0.055576127115703755,Hb_nrmse,arm_better,subject_block_1000_frozen_coordinates_exploratory
simultaneous_eeg_nirs,prefrontal,HbO_hidden,R2_zero,own_context,24,24,0,6,-0.16585743098159045,-0.39554797251124413,0.052640370846303526,Hb_nrmse,arm_better,subject_block_1000_frozen_coordinates_exploratory
simultaneous_eeg_nirs,prefrontal,HbO_hidden,independent,own_context,24,24,0,6,-0.25760328864146925,-0.6591741482885709,0.10634707684660878,Hb_nrmse,arm_better,subject_block_1000_frozen_coordinates_exploratory
simultaneous_eeg_nirs,prefrontal,HbO_hidden,ridge_cross,own_context,24,24,0,6,0.00693394362128479,-0.08270746651664897,0.14434214435814935,Hb_nrmse,arm_better,subject_block_1000_frozen_coordinates_exploratory
simultaneous_eeg_nirs,prefrontal,HbO_hidden,training_template,own_context,24,24,0,6,0.0,0.0,0.0,Hb_nrmse,arm_better,subject_block_1000_frozen_coordinates_exploratory
simultaneous_eeg_nirs,prefrontal,HbO_hidden,R0_PCA_refit,ridge_cross,24,24,0,6,-0.18953633410533602,-0.5711995505070117,0.10097618706782184,Hb_nrmse,arm_better,subject_block_1000_frozen_coordinates_exploratory
simultaneous_eeg_nirs,prefrontal,HbO_hidden,R1_broadband,ridge_cross,24,24,0,6,-0.17280548343901847,-0.5069571116684976,0.1417570472565788,Hb_nrmse,arm_better,subject_block_1000_frozen_coordinates_exploratory
simultaneous_eeg_nirs,prefrontal,HbO_hidden,R2_selected,ridge_cross,24,24,0,6,-0.1437426856611266,-0.4546178539031228,0.1517715930748006,Hb_nrmse,arm_better,subject_block_1000_frozen_coordinates_exploratory
simultaneous_eeg_nirs,prefrontal,HbO_hidden,R2_zero,ridge_cross,24,24,0,6,-0.17279137460287522,-0.5500346633443487,0.11830998259293346,Hb_nrmse,arm_better,subject_block_1000_frozen_coordinates_exploratory
simultaneous_eeg_nirs,prefrontal,HbO_hidden,independent,ridge_cross,24,24,0,6,-0.2645372322627541,-0.825601979319141,0.15020624601075938,Hb_nrmse,arm_better,subject_block_1000_frozen_coordinates_exploratory
simultaneous_eeg_nirs,prefrontal,HbO_hidden,own_context,ridge_cross,24,24,0,6,-0.00693394362128479,-0.13615459595223228,0.08273227658566086,Hb_nrmse,arm_better,subject_block_1000_frozen_coordinates_exploratory
simultaneous_eeg_nirs,prefrontal,HbO_hidden,training_template,ridge_cross,24,24,0,6,-0.00693394362128479,-0.13306768472894168,0.08275770690639804,Hb_nrmse,arm_better,subject_block_1000_frozen_coordinates_exploratory
simultaneous_eeg_nirs,prefrontal,HbR_hidden,R0_PCA_refit,R1_broadband,24,24,0,6,-0.07771473588921725,-0.20623253905026498,0.05360808285575771,Hb_nrmse,arm_better,subject_block_1000_frozen_coordinates_exploratory
simultaneous_eeg_nirs,prefrontal,HbR_hidden,R2_selected,R1_broadband,24,24,0,6,0.03616287322725628,0.0071980892582475696,0.07306993666288492,Hb_nrmse,arm_better,subject_block_1000_frozen_coordinates_exploratory
simultaneous_eeg_nirs,prefrontal,HbR_hidden,R2_zero,R1_broadband,24,24,0,6,0.0007976031480523375,-0.007214153733193229,0.007275669483074472,Hb_nrmse,arm_better,subject_block_1000_frozen_coordinates_exploratory
simultaneous_eeg_nirs,prefrontal,HbR_hidden,independent,R1_broadband,24,24,0,6,-0.427206450296548,-0.8617837086464348,-0.08600169634612635,Hb_nrmse,arm_better,subject_block_1000_frozen_coordinates_exploratory
simultaneous_eeg_nirs,prefrontal,HbR_hidden,own_context,R1_broadband,24,24,0,6,0.160065131616935,-0.0648878116809312,0.4276715832674918,Hb_nrmse,arm_better,subject_block_1000_frozen_coordinates_exploratory
simultaneous_eeg_nirs,prefrontal,HbR_hidden,ridge_cross,R1_broadband,24,24,0,6,0.14163139902650976,-0.10235239223453618,0.4354332442298963,Hb_nrmse,arm_better,subject_block_1000_frozen_coordinates_exploratory
simultaneous_eeg_nirs,prefrontal,HbR_hidden,training_template,R1_broadband,24,24,0,6,0.160065131616935,-0.06025798134715673,0.4276715832674918,Hb_nrmse,arm_better,subject_block_1000_frozen_coordinates_exploratory
simultaneous_eeg_nirs,prefrontal,HbR_hidden,R1_broadband,R0_PCA_refit,24,24,0,6,0.07771473588921725,-0.053608082855757695,0.19170047926834435,Hb_nrmse,arm_better,subject_block_1000_frozen_coordinates_exploratory
simultaneous_eeg_nirs,prefrontal,HbR_hidden,R2_selected,R0_PCA_refit,24,24,0,6,0.11387760911647354,-0.010763957484101458,0.22714775510265553,Hb_nrmse,arm_better,subject_block_1000_frozen_coordinates_exploratory
simultaneous_eeg_nirs,prefrontal,HbR_hidden,R2_zero,R0_PCA_refit,24,24,0,6,0.0785123390372696,-0.07221053534746152,0.207061794890298,Hb_nrmse,arm_better,subject_block_1000_frozen_coordinates_exploratory
simultaneous_eeg_nirs,prefrontal,HbR_hidden,independent,R0_PCA_refit,24,24,0,6,-0.3494917144073308,-0.6913675353001004,-0.0802657250247113,Hb_nrmse,arm_better,subject_block_1000_frozen_coordinates_exploratory
simultaneous_eeg_nirs,prefrontal,HbR_hidden,own_context,R0_PCA_refit,24,24,0,6,0.2377798675061522,0.044816404520414944,0.4220166749148546,Hb_nrmse,arm_better,subject_block_1000_frozen_coordinates_exploratory
simultaneous_eeg_nirs,prefrontal,HbR_hidden,ridge_cross,R0_PCA_refit,24,24,0,6,0.219346134915727,-0.005794790299398684,0.4399421991364499,Hb_nrmse,arm_better,subject_block_1000_frozen_coordinates_exploratory
simultaneous_eeg_nirs,prefrontal,HbR_hidden,training_template,R0_PCA_refit,24,24,0,6,0.2377798675061522,0.04478820455288607,0.4222220431336907,Hb_nrmse,arm_better,subject_block_1000_frozen_coordinates_exploratory
simultaneous_eeg_nirs,prefrontal,HbR_hidden,R0_PCA_refit,independent,24,24,0,6,0.3494917144073308,0.0802657250247113,0.6913034524015543,Hb_nrmse,arm_better,subject_block_1000_frozen_coordinates_exploratory
simultaneous_eeg_nirs,prefrontal,HbR_hidden,R1_broadband,independent,24,24,0,6,0.427206450296548,0.08600169634612637,0.8806411844371357,Hb_nrmse,arm_better,subject_block_1000_frozen_coordinates_exploratory
simultaneous_eeg_nirs,prefrontal,HbR_hidden,R2_selected,independent,24,24,0,6,0.46336932352380433,0.1228691686549724,0.8924372179386215,Hb_nrmse,arm_better,subject_block_1000_frozen_coordinates_exploratory
simultaneous_eeg_nirs,prefrontal,HbR_hidden,R2_zero,independent,24,24,0,6,0.42800405344460035,0.08487511303171268,0.8528401994029148,Hb_nrmse,arm_better,subject_block_1000_frozen_coordinates_exploratory
simultaneous_eeg_nirs,prefrontal,HbR_hidden,own_context,independent,24,24,0,6,0.5872715819134829,0.18440650929691596,1.0476545323013973,Hb_nrmse,arm_better,subject_block_1000_frozen_coordinates_exploratory
simultaneous_eeg_nirs,prefrontal,HbR_hidden,ridge_cross,independent,24,24,0,6,0.5688378493230577,0.17183329233220027,0.9615553932419342,Hb_nrmse,arm_better,subject_block_1000_frozen_coordinates_exploratory
simultaneous_eeg_nirs,prefrontal,HbR_hidden,training_template,independent,24,24,0,6,0.5872715819134829,0.17443184272713996,1.0784947562216523,Hb_nrmse,arm_better,subject_block_1000_frozen_coordinates_exploratory
simultaneous_eeg_nirs,prefrontal,HbR_hidden,R0_PCA_refit,training_template,24,24,0,6,-0.2377798675061522,-0.4221499596934349,-0.047638281033144644,Hb_nrmse,arm_better,subject_block_1000_frozen_coordinates_exploratory
simultaneous_eeg_nirs,prefrontal,HbR_hidden,R1_broadband,training_template,24,24,0,6,-0.160065131616935,-0.4545655616127225,0.07333863694884134,Hb_nrmse,arm_better,subject_block_1000_frozen_coordinates_exploratory
simultaneous_eeg_nirs,prefrontal,HbR_hidden,R2_selected,training_template,24,24,0,6,-0.12390225838967872,-0.38574878503821014,0.08614733898059121,Hb_nrmse,arm_better,subject_block_1000_frozen_coordinates_exploratory
simultaneous_eeg_nirs,prefrontal,HbR_hidden,R2_zero,training_template,24,24,0,6,-0.15926752846888262,-0.4285594491893862,0.05693470644056067,Hb_nrmse,arm_better,subject_block_1000_frozen_coordinates_exploratory
simultaneous_eeg_nirs,prefrontal,HbR_hidden,independent,training_template,24,24,0,6,-0.5872715819134829,-1.0638565607993722,-0.17947896484347034,Hb_nrmse,arm_better,subject_block_1000_frozen_coordinates_exploratory
simultaneous_eeg_nirs,prefrontal,HbR_hidden,own_context,training_template,24,24,0,6,0.0,0.0,0.0,Hb_nrmse,arm_better,subject_block_1000_frozen_coordinates_exploratory
simultaneous_eeg_nirs,prefrontal,HbR_hidden,ridge_cross,training_template,24,24,0,6,-0.018433732590425234,-0.10968111062488266,0.08967066318219293,Hb_nrmse,arm_better,subject_block_1000_frozen_coordinates_exploratory
simultaneous_eeg_nirs,prefrontal,HbR_hidden,R0_PCA_refit,own_context,24,24,0,6,-0.2377798675061522,-0.4221781596609638,-0.0478455465963483,Hb_nrmse,arm_better,subject_block_1000_frozen_coordinates_exploratory
simultaneous_eeg_nirs,prefrontal,HbR_hidden,R1_broadband,own_context,24,24,0,6,-0.160065131616935,-0.4276715832674918,0.05956735097443918,Hb_nrmse,arm_better,subject_block_1000_frozen_coordinates_exploratory
simultaneous_eeg_nirs,prefrontal,HbR_hidden,R2_selected,own_context,24,24,0,6,-0.12390225838967872,-0.36428743415678,0.08482432360751678,Hb_nrmse,arm_better,subject_block_1000_frozen_coordinates_exploratory
simultaneous_eeg_nirs,prefrontal,HbR_hidden,R2_zero,own_context,24,24,0,6,-0.15926752846888262,-0.41492627333891474,0.06655561105985486,Hb_nrmse,arm_better,subject_block_1000_frozen_coordinates_exploratory
simultaneous_eeg_nirs,prefrontal,HbR_hidden,independent,own_context,24,24,0,6,-0.5872715819134829,-1.0310061542581288,-0.17947896484347034,Hb_nrmse,arm_better,subject_block_1000_frozen_coordinates_exploratory
simultaneous_eeg_nirs,prefrontal,HbR_hidden,ridge_cross,own_context,24,24,0,6,-0.018433732590425234,-0.11402797390442096,0.08964023709105713,Hb_nrmse,arm_better,subject_block_1000_frozen_coordinates_exploratory
simultaneous_eeg_nirs,prefrontal,HbR_hidden,training_template,own_context,24,24,0,6,0.0,0.0,0.0,Hb_nrmse,arm_better,subject_block_1000_frozen_coordinates_exploratory
simultaneous_eeg_nirs,prefrontal,HbR_hidden,R0_PCA_refit,ridge_cross,24,24,0,6,-0.219346134915727,-0.4567953668601506,-0.0016351440804871266,Hb_nrmse,arm_better,subject_block_1000_frozen_coordinates_exploratory
simultaneous_eeg_nirs,prefrontal,HbR_hidden,R1_broadband,ridge_cross,24,24,0,6,-0.14163139902650976,-0.4164230094028805,0.10222969618557771,Hb_nrmse,arm_better,subject_block_1000_frozen_coordinates_exploratory
simultaneous_eeg_nirs,prefrontal,HbR_hidden,R2_selected,ridge_cross,24,24,0,6,-0.10546852579925348,-0.35352062325969225,0.11940726033735742,Hb_nrmse,arm_better,subject_block_1000_frozen_coordinates_exploratory
simultaneous_eeg_nirs,prefrontal,HbR_hidden,R2_zero,ridge_cross,24,24,0,6,-0.1408337958784574,-0.4409521341016061,0.11496756409921839,Hb_nrmse,arm_better,subject_block_1000_frozen_coordinates_exploratory
simultaneous_eeg_nirs,prefrontal,HbR_hidden,independent,ridge_cross,24,24,0,6,-0.5688378493230577,-1.0131861343625705,-0.16893824037115,Hb_nrmse,arm_better,subject_block_1000_frozen_coordinates_exploratory
simultaneous_eeg_nirs,prefrontal,HbR_hidden,own_context,ridge_cross,24,24,0,6,0.018433732590425234,-0.07911909341836061,0.11305497223621667,Hb_nrmse,arm_better,subject_block_1000_frozen_coordinates_exploratory
simultaneous_eeg_nirs,prefrontal,HbR_hidden,training_template,ridge_cross,24,24,0,6,0.018433732590425234,-0.08967066318219295,0.10850257312330211,Hb_nrmse,arm_better,subject_block_1000_frozen_coordinates_exploratory
simultaneous_eeg_nirs,prefrontal,Hb_hidden,R0_PCA_refit,R1_broadband,24,24,0,6,-0.06651634693399038,-0.12856116719867047,0.006551207937286997,Hb_nrmse,arm_better,subject_block_1000_frozen_coordinates_exploratory
simultaneous_eeg_nirs,prefrontal,Hb_hidden,R2_selected,R1_broadband,24,24,0,6,0.04823344732709237,0.02342989446646018,0.0844050536375652,Hb_nrmse,arm_better,subject_block_1000_frozen_coordinates_exploratory
simultaneous_eeg_nirs,prefrontal,Hb_hidden,R2_zero,R1_broadband,24,24,0,6,-0.005366740989888219,-0.010557933738135983,-2.91629775227457e-05,Hb_nrmse,arm_better,subject_block_1000_frozen_coordinates_exploratory
simultaneous_eeg_nirs,prefrontal,Hb_hidden,independent,R1_broadband,24,24,0,6,0.09896476157711005,0.03732765964836925,0.1871011290803245,Hb_nrmse,arm_better,subject_block_1000_frozen_coordinates_exploratory
simultaneous_eeg_nirs,prefrontal,Hb_hidden,own_context,R1_broadband,24,24,0,6,0.08211734799959204,0.027106829209444166,0.17171283681452565,Hb_nrmse,arm_better,subject_block_1000_frozen_coordinates_exploratory
simultaneous_eeg_nirs,prefrontal,Hb_hidden,ridge_cross,R1_broadband,24,24,0,6,0.057190566257888154,0.0007979317229921679,0.13171943765208963,Hb_nrmse,arm_better,subject_block_1000_frozen_coordinates_exploratory
simultaneous_eeg_nirs,prefrontal,Hb_hidden,training_template,R1_broadband,24,24,0,6,0.08211734799959204,0.024764016627569458,0.174055390318264,Hb_nrmse,arm_better,subject_block_1000_frozen_coordinates_exploratory
simultaneous_eeg_nirs,prefrontal,Hb_hidden,R1_broadband,R0_PCA_refit,24,24,0,6,0.06651634693399038,-0.003919681212548351,0.12886011631734887,Hb_nrmse,arm_better,subject_block_1000_frozen_coordinates_exploratory
simultaneous_eeg_nirs,prefrontal,Hb_hidden,R2_selected,R0_PCA_refit,24,24,0,6,0.11474979426108274,0.06521449217541612,0.1713031209374475,Hb_nrmse,arm_better,subject_block_1000_frozen_coordinates_exploratory
simultaneous_eeg_nirs,prefrontal,Hb_hidden,R2_zero,R0_PCA_refit,24,24,0,6,0.06114960594410216,-0.013495568328227445,0.12130814565963473,Hb_nrmse,arm_better,subject_block_1000_frozen_coordinates_exploratory
simultaneous_eeg_nirs,prefrontal,Hb_hidden,independent,R0_PCA_refit,24,24,0,6,0.16548110851110046,0.11437084561820916,0.22159289935671506,Hb_nrmse,arm_better,subject_block_1000_frozen_coordinates_exploratory
simultaneous_eeg_nirs,prefrontal,Hb_hidden,own_context,R0_PCA_refit,24,24,0,6,0.14863369493358242,0.1135620822362741,0.1800430565713629,Hb_nrmse,arm_better,subject_block_1000_frozen_coordinates_exploratory
simultaneous_eeg_nirs,prefrontal,Hb_hidden,ridge_cross,R0_PCA_refit,24,24,0,6,0.12370691319187856,0.09256870489921333,0.14842506958498528,Hb_nrmse,arm_better,subject_block_1000_frozen_coordinates_exploratory
simultaneous_eeg_nirs,prefrontal,Hb_hidden,training_template,R0_PCA_refit,24,24,0,6,0.14863369493358242,0.11392667069084121,0.18114645819349598,Hb_nrmse,arm_better,subject_block_1000_frozen_coordinates_exploratory
simultaneous_eeg_nirs,prefrontal,Hb_hidden,R0_PCA_refit,independent,24,24,0,6,-0.16548110851110046,-0.2250417087024589,-0.1143478866495566,Hb_nrmse,arm_better,subject_block_1000_frozen_coordinates_exploratory
simultaneous_eeg_nirs,prefrontal,Hb_hidden,R1_broadband,independent,24,24,0,6,-0.09896476157711005,-0.18999286421944653,-0.0346081658438449,Hb_nrmse,arm_better,subject_block_1000_frozen_coordinates_exploratory
simultaneous_eeg_nirs,prefrontal,Hb_hidden,R2_selected,independent,24,24,0,6,-0.050731314250017666,-0.11110439583698085,-0.00871170306286764,Hb_nrmse,arm_better,subject_block_1000_frozen_coordinates_exploratory
simultaneous_eeg_nirs,prefrontal,Hb_hidden,R2_zero,independent,24,24,0,6,-0.10433150256699825,-0.19542971946188117,-0.040957812538908095,Hb_nrmse,arm_better,subject_block_1000_frozen_coordinates_exploratory
simultaneous_eeg_nirs,prefrontal,Hb_hidden,own_context,independent,24,24,0,6,-0.016847413577518008,-0.05089466485861713,0.009259201664144692,Hb_nrmse,arm_better,subject_block_1000_frozen_coordinates_exploratory
simultaneous_eeg_nirs,prefrontal,Hb_hidden,ridge_cross,independent,24,24,0,6,-0.041774195319221885,-0.07964068662202589,-0.009689565890566867,Hb_nrmse,arm_better,subject_block_1000_frozen_coordinates_exploratory
simultaneous_eeg_nirs,prefrontal,Hb_hidden,training_template,independent,24,24,0,6,-0.016847413577518008,-0.05150936674104468,0.009222657443663847,Hb_nrmse,arm_better,subject_block_1000_frozen_coordinates_exploratory
simultaneous_eeg_nirs,prefrontal,Hb_hidden,R0_PCA_refit,training_template,24,24,0,6,-0.14863369493358242,-0.1800430565713629,-0.11485840278839164,Hb_nrmse,arm_better,subject_block_1000_frozen_coordinates_exploratory
simultaneous_eeg_nirs,prefrontal,Hb_hidden,R1_broadband,training_template,24,24,0,6,-0.08211734799959204,-0.17184953096071115,-0.026279081215962535,Hb_nrmse,arm_better,subject_block_1000_frozen_coordinates_exploratory
simultaneous_eeg_nirs,prefrontal,Hb_hidden,R2_selected,training_template,24,24,0,6,-0.03388390067249966,-0.09051658871297578,0.010466963178405462,Hb_nrmse,arm_better,subject_block_1000_frozen_coordinates_exploratory
simultaneous_eeg_nirs,prefrontal,Hb_hidden,R2_zero,training_template,24,24,0,6,-0.08748408898948024,-0.1824052433055162,-0.03174128898482489,Hb_nrmse,arm_better,subject_block_1000_frozen_coordinates_exploratory
simultaneous_eeg_nirs,prefrontal,Hb_hidden,independent,training_template,24,24,0,6,0.016847413577518008,-0.009894435775688012,0.04896111105577792,Hb_nrmse,arm_better,subject_block_1000_frozen_coordinates_exploratory
simultaneous_eeg_nirs,prefrontal,Hb_hidden,own_context,training_template,24,24,0,6,0.0,0.0,0.0,Hb_nrmse,arm_better,subject_block_1000_frozen_coordinates_exploratory
simultaneous_eeg_nirs,prefrontal,Hb_hidden,ridge_cross,training_template,24,24,0,6,-0.02492678174170387,-0.03904567796488455,-0.009907837672006951,Hb_nrmse,arm_better,subject_block_1000_frozen_coordinates_exploratory
simultaneous_eeg_nirs,prefrontal,Hb_hidden,R0_PCA_refit,own_context,24,24,0,6,-0.14863369493358242,-0.18166190399151402,-0.11152694851659062,Hb_nrmse,arm_better,subject_block_1000_frozen_coordinates_exploratory
simultaneous_eeg_nirs,prefrontal,Hb_hidden,R1_broadband,own_context,24,24,0,6,-0.08211734799959204,-0.17580272783139717,-0.027106829209444166,Hb_nrmse,arm_better,subject_block_1000_frozen_coordinates_exploratory
simultaneous_eeg_nirs,prefrontal,Hb_hidden,R2_selected,own_context,24,24,0,6,-0.03388390067249966,-0.09247621220368593,0.011450288834981523,Hb_nrmse,arm_better,subject_block_1000_frozen_coordinates_exploratory
simultaneous_eeg_nirs,prefrontal,Hb_hidden,R2_zero,own_context,24,24,0,6,-0.08748408898948024,-0.18006903435717567,-0.03072428834399566,Hb_nrmse,arm_better,subject_block_1000_frozen_coordinates_exploratory
simultaneous_eeg_nirs,prefrontal,Hb_hidden,independent,own_context,24,24,0,6,0.016847413577518008,-0.009412546107843832,0.05204436257569255,Hb_nrmse,arm_better,subject_block_1000_frozen_coordinates_exploratory
simultaneous_eeg_nirs,prefrontal,Hb_hidden,ridge_cross,own_context,24,24,0,6,-0.02492678174170387,-0.039280006704946704,-0.010958101111695885,Hb_nrmse,arm_better,subject_block_1000_frozen_coordinates_exploratory
simultaneous_eeg_nirs,prefrontal,Hb_hidden,training_template,own_context,24,24,0,6,0.0,0.0,0.0,Hb_nrmse,arm_better,subject_block_1000_frozen_coordinates_exploratory
simultaneous_eeg_nirs,prefrontal,Hb_hidden,R0_PCA_refit,ridge_cross,24,24,0,6,-0.12370691319187856,-0.1462025281336371,-0.09592270507513244,Hb_nrmse,arm_better,subject_block_1000_frozen_coordinates_exploratory
simultaneous_eeg_nirs,prefrontal,Hb_hidden,R1_broadband,ridge_cross,24,24,0,6,-0.057190566257888154,-0.13667120424186763,-0.0010681032705644783,Hb_nrmse,arm_better,subject_block_1000_frozen_coordinates_exploratory
simultaneous_eeg_nirs,prefrontal,Hb_hidden,R2_selected,ridge_cross,24,24,0,6,-0.008957118930795795,-0.05236368335965447,0.032468215936113785,Hb_nrmse,arm_better,subject_block_1000_frozen_coordinates_exploratory
simultaneous_eeg_nirs,prefrontal,Hb_hidden,R2_zero,ridge_cross,24,24,0,6,-0.06255730724777638,-0.14518551934787194,-0.005673404481198419,Hb_nrmse,arm_better,subject_block_1000_frozen_coordinates_exploratory
simultaneous_eeg_nirs,prefrontal,Hb_hidden,independent,ridge_cross,24,24,0,6,0.041774195319221885,0.007120608157351359,0.07964068662202588,Hb_nrmse,arm_better,subject_block_1000_frozen_coordinates_exploratory
simultaneous_eeg_nirs,prefrontal,Hb_hidden,own_context,ridge_cross,24,24,0,6,0.02492678174170387,0.010817886621603365,0.039720323226463496,Hb_nrmse,arm_better,subject_block_1000_frozen_coordinates_exploratory
simultaneous_eeg_nirs,prefrontal,Hb_hidden,training_template,ridge_cross,24,24,0,6,0.02492678174170387,0.010809997438857747,0.040393931515663194,Hb_nrmse,arm_better,subject_block_1000_frozen_coordinates_exploratory
simultaneous_eeg_nirs,prefrontal,center_Hb,R0_PCA_refit,R1_broadband,24,24,0,6,0.006561367384371017,-0.03338955237553499,0.0474339186972317,Hb_nrmse,arm_better,subject_block_1000_frozen_coordinates_exploratory
simultaneous_eeg_nirs,prefrontal,center_Hb,R2_selected,R1_broadband,24,24,0,6,0.0073814172937325005,-0.0062248445971666705,0.023630722800639076,Hb_nrmse,arm_better,subject_block_1000_frozen_coordinates_exploratory
simultaneous_eeg_nirs,prefrontal,center_Hb,R2_zero,R1_broadband,24,24,0,6,0.0019661596090770343,2.027307108234369e-05,0.004064949365652011,Hb_nrmse,arm_better,subject_block_1000_frozen_coordinates_exploratory
simultaneous_eeg_nirs,prefrontal,center_Hb,independent,R1_broadband,24,23,1,6,0.09882618130522813,0.035202521658294,0.1723472761809692,Hb_nrmse,arm_better,subject_block_1000_frozen_coordinates_exploratory
simultaneous_eeg_nirs,prefrontal,center_Hb,own_context,R1_broadband,24,24,0,6,0.3133125850608747,0.15963889708300025,0.48456132491254067,Hb_nrmse,arm_better,subject_block_1000_frozen_coordinates_exploratory
simultaneous_eeg_nirs,prefrontal,center_Hb,ridge_cross,R1_broadband,24,24,0,6,0.2578223922779739,0.1071796433025023,0.40127591899778725,Hb_nrmse,arm_better,subject_block_1000_frozen_coordinates_exploratory
simultaneous_eeg_nirs,prefrontal,center_Hb,training_template,R1_broadband,24,24,0,6,-0.5706017816678145,-0.7381860760882547,-0.43222505528828936,Hb_nrmse,arm_better,subject_block_1000_frozen_coordinates_exploratory
simultaneous_eeg_nirs,prefrontal,center_Hb,R1_broadband,R0_PCA_refit,24,24,0,6,-0.006561367384371017,-0.0474339186972317,0.034119136855490596,Hb_nrmse,arm_better,subject_block_1000_frozen_coordinates_exploratory
simultaneous_eeg_nirs,prefrontal,center_Hb,R2_selected,R0_PCA_refit,24,24,0,6,0.0008200499093614805,-0.04242972199993858,0.04126117354475693,Hb_nrmse,arm_better,subject_block_1000_frozen_coordinates_exploratory
simultaneous_eeg_nirs,prefrontal,center_Hb,R2_zero,R0_PCA_refit,24,24,0,6,-0.004595207775293983,-0.04329384774228399,0.03410343219169602,Hb_nrmse,arm_better,subject_block_1000_frozen_coordinates_exploratory
simultaneous_eeg_nirs,prefrontal,center_Hb,independent,R0_PCA_refit,24,23,1,6,0.09109745170169488,0.018922698434463255,0.16777904540080904,Hb_nrmse,arm_better,subject_block_1000_frozen_coordinates_exploratory
simultaneous_eeg_nirs,prefrontal,center_Hb,own_context,R0_PCA_refit,24,24,0,6,0.30675121767650376,0.16925307837118958,0.46390190211382354,Hb_nrmse,arm_better,subject_block_1000_frozen_coordinates_exploratory
simultaneous_eeg_nirs,prefrontal,center_Hb,ridge_cross,R0_PCA_refit,24,24,0,6,0.2512610248936029,0.12328498857654185,0.42308772976504677,Hb_nrmse,arm_better,subject_block_1000_frozen_coordinates_exploratory
simultaneous_eeg_nirs,prefrontal,center_Hb,training_template,R0_PCA_refit,24,24,0,6,-0.5771631490521856,-0.7264688278226717,-0.4303034014814726,Hb_nrmse,arm_better,subject_block_1000_frozen_coordinates_exploratory
simultaneous_eeg_nirs,prefrontal,center_Hb,R0_PCA_refit,independent,24,23,1,6,-0.09109745170169488,-0.16877590748328664,-0.01930629079761749,Hb_nrmse,arm_better,subject_block_1000_frozen_coordinates_exploratory
simultaneous_eeg_nirs,prefrontal,center_Hb,R1_broadband,independent,24,23,1,6,-0.09882618130522813,-0.16759366149790722,-0.03062653835733996,Hb_nrmse,arm_better,subject_block_1000_frozen_coordinates_exploratory
simultaneous_eeg_nirs,prefrontal,center_Hb,R2_selected,independent,24,23,1,6,-0.09074175550277282,-0.1502281523670818,-0.029855356588434644,Hb_nrmse,arm_better,subject_block_1000_frozen_coordinates_exploratory
simultaneous_eeg_nirs,prefrontal,center_Hb,R2_zero,independent,24,23,1,6,-0.09691176164817521,-0.16487898104843385,-0.03138997695660332,Hb_nrmse,arm_better,subject_block_1000_frozen_coordinates_exploratory
simultaneous_eeg_nirs,prefrontal,center_Hb,own_context,independent,24,23,1,6,0.20021883595393156,0.07127476942258071,0.34960545078048494,Hb_nrmse,arm_better,subject_block_1000_frozen_coordinates_exploratory
simultaneous_eeg_nirs,prefrontal,center_Hb,ridge_cross,independent,24,23,1,6,0.14048494694723887,0.023927396735994158,0.2670381541376647,Hb_nrmse,arm_better,subject_block_1000_frozen_coordinates_exploratory
simultaneous_eeg_nirs,prefrontal,center_Hb,training_template,independent,24,23,1,6,-0.7437404218315858,-0.9359772907533255,-0.51279588957654,Hb_nrmse,arm_better,subject_block_1000_frozen_coordinates_exploratory
simultaneous_eeg_nirs,prefrontal,center_Hb,R0_PCA_refit,training_template,24,24,0,6,0.5771631490521856,0.40759806630311846,0.7425079250620024,Hb_nrmse,arm_better,subject_block_1000_frozen_coordinates_exploratory
simultaneous_eeg_nirs,prefrontal,center_Hb,R1_broadband,training_template,24,24,0,6,0.5706017816678145,0.4137993180887549,0.7197603388887202,Hb_nrmse,arm_better,subject_block_1000_frozen_coordinates_exploratory
simultaneous_eeg_nirs,prefrontal,center_Hb,R2_selected,training_template,24,24,0,6,0.577983198961547,0.4348397092487726,0.7409166837863329,Hb_nrmse,arm_better,subject_block_1000_frozen_coordinates_exploratory
simultaneous_eeg_nirs,prefrontal,center_Hb,R2_zero,training_template,24,24,0,6,0.5725679412768916,0.4231096147144111,0.7233218531836615,Hb_nrmse,arm_better,subject_block_1000_frozen_coordinates_exploratory
simultaneous_eeg_nirs,prefrontal,center_Hb,independent,training_template,24,23,1,6,0.7437404218315858,0.5350857996805095,0.9359604220282257,Hb_nrmse,arm_better,subject_block_1000_frozen_coordinates_exploratory
simultaneous_eeg_nirs,prefrontal,center_Hb,own_context,training_template,24,24,0,6,0.8839143667286894,0.6492220042749836,1.1315385498497845,Hb_nrmse,arm_better,subject_block_1000_frozen_coordinates_exploratory
simultaneous_eeg_nirs,prefrontal,center_Hb,ridge_cross,training_template,24,24,0,6,0.8284241739457885,0.5961471460284563,1.0814293185007189,Hb_nrmse,arm_better,subject_block_1000_frozen_coordinates_exploratory
simultaneous_eeg_nirs,prefrontal,center_Hb,R0_PCA_refit,own_context,24,24,0,6,-0.30675121767650376,-0.4674091920874251,-0.15608814251794206,Hb_nrmse,arm_better,subject_block_1000_frozen_coordinates_exploratory
simultaneous_eeg_nirs,prefrontal,center_Hb,R1_broadband,own_context,24,24,0,6,-0.3133125850608747,-0.48707700787321734,-0.15963889708300025,Hb_nrmse,arm_better,subject_block_1000_frozen_coordinates_exploratory
simultaneous_eeg_nirs,prefrontal,center_Hb,R2_selected,own_context,24,24,0,6,-0.3059311677671422,-0.45862037087795166,-0.15324196465633283,Hb_nrmse,arm_better,subject_block_1000_frozen_coordinates_exploratory
simultaneous_eeg_nirs,prefrontal,center_Hb,R2_zero,own_context,24,24,0,6,-0.31134642545179775,-0.49173303207294944,-0.14349783079872513,Hb_nrmse,arm_better,subject_block_1000_frozen_coordinates_exploratory
simultaneous_eeg_nirs,prefrontal,center_Hb,independent,own_context,24,23,1,6,-0.20021883595393156,-0.3532711290468666,-0.06962125727825218,Hb_nrmse,arm_better,subject_block_1000_frozen_coordinates_exploratory
simultaneous_eeg_nirs,prefrontal,center_Hb,ridge_cross,own_context,24,24,0,6,-0.05549019278290085,-0.07135733374823017,-0.035493541952823955,Hb_nrmse,arm_better,subject_block_1000_frozen_coordinates_exploratory
simultaneous_eeg_nirs,prefrontal,center_Hb,training_template,own_context,24,24,0,6,-0.8839143667286894,-1.1511003381278893,-0.6367966315171942,Hb_nrmse,arm_better,subject_block_1000_frozen_coordinates_exploratory
simultaneous_eeg_nirs,prefrontal,center_Hb,R0_PCA_refit,ridge_cross,24,24,0,6,-0.2512610248936029,-0.3900017911249317,-0.10957662769885979,Hb_nrmse,arm_better,subject_block_1000_frozen_coordinates_exploratory
simultaneous_eeg_nirs,prefrontal,center_Hb,R1_broadband,ridge_cross,24,24,0,6,-0.2578223922779739,-0.4350087070683385,-0.10381179199655526,Hb_nrmse,arm_better,subject_block_1000_frozen_coordinates_exploratory
simultaneous_eeg_nirs,prefrontal,center_Hb,R2_selected,ridge_cross,24,24,0,6,-0.2504409749842414,-0.4006241854810673,-0.10701390828078676,Hb_nrmse,arm_better,subject_block_1000_frozen_coordinates_exploratory
simultaneous_eeg_nirs,prefrontal,center_Hb,R2_zero,ridge_cross,24,24,0,6,-0.25585623266889684,-0.41915782293313714,-0.11059398900073221,Hb_nrmse,arm_better,subject_block_1000_frozen_coordinates_exploratory
simultaneous_eeg_nirs,prefrontal,center_Hb,independent,ridge_cross,24,23,1,6,-0.14048494694723887,-0.26943992584854337,-0.030740956858626337,Hb_nrmse,arm_better,subject_block_1000_frozen_coordinates_exploratory
simultaneous_eeg_nirs,prefrontal,center_Hb,own_context,ridge_cross,24,24,0,6,0.05549019278290085,0.03545444612961688,0.07135733374823015,Hb_nrmse,arm_better,subject_block_1000_frozen_coordinates_exploratory
simultaneous_eeg_nirs,prefrontal,center_Hb,training_template,ridge_cross,24,24,0,6,-0.8284241739457885,-1.0696818086716693,-0.574828964995954,Hb_nrmse,arm_better,subject_block_1000_frozen_coordinates_exploratory
simultaneous_eeg_nirs,prefrontal,full,R0_PCA_refit,R1_broadband,24,24,0,6,0.032260467430746016,0.011867706762515182,0.056621421253168755,Hb_nrmse,arm_better,subject_block_1000_frozen_coordinates_exploratory
simultaneous_eeg_nirs,prefrontal,full,R2_selected,R1_broadband,24,24,0,6,0.0024739609865354344,-0.003934586028441238,0.011240758689435882,Hb_nrmse,arm_better,subject_block_1000_frozen_coordinates_exploratory
simultaneous_eeg_nirs,prefrontal,full,R2_zero,R1_broadband,24,24,0,6,0.0027319425702169524,0.0008975496628043193,0.004540940810903287,Hb_nrmse,arm_better,subject_block_1000_frozen_coordinates_exploratory
simultaneous_eeg_nirs,prefrontal,full,independent,R1_broadband,24,23,1,6,0.07602717229704904,0.051800865293968795,0.10833561203297636,Hb_nrmse,arm_better,subject_block_1000_frozen_coordinates_exploratory
simultaneous_eeg_nirs,prefrontal,full,training_template,R1_broadband,24,24,0,6,-0.6430215563924663,-0.806919094571094,-0.48754606190587463,Hb_nrmse,arm_better,subject_block_1000_frozen_coordinates_exploratory
simultaneous_eeg_nirs,prefrontal,full,R1_broadband,R0_PCA_refit,24,24,0,6,-0.032260467430746016,-0.05637689675062446,-0.012347504027799947,Hb_nrmse,arm_better,subject_block_1000_frozen_coordinates_exploratory
simultaneous_eeg_nirs,prefrontal,full,R2_selected,R0_PCA_refit,24,24,0,6,-0.02978650644421058,-0.05247064920469315,-0.013005698490505563,Hb_nrmse,arm_better,subject_block_1000_frozen_coordinates_exploratory
simultaneous_eeg_nirs,prefrontal,full,R2_zero,R0_PCA_refit,24,24,0,6,-0.029528524860529065,-0.05389326236120758,-0.010265091153000762,Hb_nrmse,arm_better,subject_block_1000_frozen_coordinates_exploratory
simultaneous_eeg_nirs,prefrontal,full,independent,R0_PCA_refit,24,23,1,6,0.043871423740864245,0.035912316116650765,0.05238960215240717,Hb_nrmse,arm_better,subject_block_1000_frozen_coordinates_exploratory
simultaneous_eeg_nirs,prefrontal,full,training_template,R0_PCA_refit,24,24,0,6,-0.6752820238232121,-0.8417030846346907,-0.5132252005798356,Hb_nrmse,arm_better,subject_block_1000_frozen_coordinates_exploratory
simultaneous_eeg_nirs,prefrontal,full,R0_PCA_refit,independent,24,23,1,6,-0.043871423740864245,-0.05202805650343701,-0.03607971077775817,Hb_nrmse,arm_better,subject_block_1000_frozen_coordinates_exploratory
simultaneous_eeg_nirs,prefrontal,full,R1_broadband,independent,24,23,1,6,-0.07602717229704904,-0.10835822446937374,-0.051800865293968795,Hb_nrmse,arm_better,subject_block_1000_frozen_coordinates_exploratory
simultaneous_eeg_nirs,prefrontal,full,R2_selected,independent,24,23,1,6,-0.07313456824062187,-0.10176308091721636,-0.0503321430236823,Hb_nrmse,arm_better,subject_block_1000_frozen_coordinates_exploratory
simultaneous_eeg_nirs,prefrontal,full,R2_zero,independent,24,23,1,6,-0.07337641487258419,-0.10130554890140331,-0.05014233200761827,Hb_nrmse,arm_better,subject_block_1000_frozen_coordinates_exploratory
simultaneous_eeg_nirs,prefrontal,full,training_template,independent,24,23,1,6,-0.6836684203409352,-0.8467367150716822,-0.5610410794253478,Hb_nrmse,arm_better,subject_block_1000_frozen_coordinates_exploratory
simultaneous_eeg_nirs,prefrontal,full,R0_PCA_refit,training_template,24,24,0,6,0.6752820238232121,0.5092825258054474,0.8530897925185457,Hb_nrmse,arm_better,subject_block_1000_frozen_coordinates_exploratory
simultaneous_eeg_nirs,prefrontal,full,R1_broadband,training_template,24,24,0,6,0.6430215563924663,0.48988763171527433,0.8104340655829646,Hb_nrmse,arm_better,subject_block_1000_frozen_coordinates_exploratory
simultaneous_eeg_nirs,prefrontal,full,R2_selected,training_template,24,24,0,6,0.6454955173790017,0.4985454196622926,0.8132983917875279,Hb_nrmse,arm_better,subject_block_1000_frozen_coordinates_exploratory
simultaneous_eeg_nirs,prefrontal,full,R2_zero,training_template,24,24,0,6,0.6457534989626832,0.5115259732959212,0.8240287415556629,Hb_nrmse,arm_better,subject_block_1000_frozen_coordinates_exploratory
simultaneous_eeg_nirs,prefrontal,full,independent,training_template,24,23,1,6,0.6836684203409352,0.5497336876127734,0.8467367150716822,Hb_nrmse,arm_better,subject_block_1000_frozen_coordinates_exploratory
simultaneous_eeg_nirs,prefrontal,full,R0_PCA_refit,own_context,0,0,0,0,,,,Hb_nrmse,arm_better,subject_block_1000_frozen_coordinates_exploratory
simultaneous_eeg_nirs,prefrontal,full,R1_broadband,own_context,0,0,0,0,,,,Hb_nrmse,arm_better,subject_block_1000_frozen_coordinates_exploratory
simultaneous_eeg_nirs,prefrontal,full,R2_selected,own_context,0,0,0,0,,,,Hb_nrmse,arm_better,subject_block_1000_frozen_coordinates_exploratory
simultaneous_eeg_nirs,prefrontal,full,R2_zero,own_context,0,0,0,0,,,,Hb_nrmse,arm_better,subject_block_1000_frozen_coordinates_exploratory
simultaneous_eeg_nirs,prefrontal,full,independent,own_context,0,0,0,0,,,,Hb_nrmse,arm_better,subject_block_1000_frozen_coordinates_exploratory
simultaneous_eeg_nirs,prefrontal,full,training_template,own_context,0,0,0,0,,,,Hb_nrmse,arm_better,subject_block_1000_frozen_coordinates_exploratory
simultaneous_eeg_nirs,prefrontal,full,R0_PCA_refit,ridge_cross,0,0,0,0,,,,Hb_nrmse,arm_better,subject_block_1000_frozen_coordinates_exploratory
simultaneous_eeg_nirs,prefrontal,full,R1_broadband,ridge_cross,0,0,0,0,,,,Hb_nrmse,arm_better,subject_block_1000_frozen_coordinates_exploratory
simultaneous_eeg_nirs,prefrontal,full,R2_selected,ridge_cross,0,0,0,0,,,,Hb_nrmse,arm_better,subject_block_1000_frozen_coordinates_exploratory
simultaneous_eeg_nirs,prefrontal,full,R2_zero,ridge_cross,0,0,0,0,,,,Hb_nrmse,arm_better,subject_block_1000_frozen_coordinates_exploratory
simultaneous_eeg_nirs,prefrontal,full,independent,ridge_cross,0,0,0,0,,,,Hb_nrmse,arm_better,subject_block_1000_frozen_coordinates_exploratory
simultaneous_eeg_nirs,prefrontal,full,training_template,ridge_cross,0,0,0,0,,,,Hb_nrmse,arm_better,subject_block_1000_frozen_coordinates_exploratory
visual_cognitive_motivation,motor,HbO_hidden,R0_PCA_refit,R1_broadband,24,24,0,6,0.07055277417935979,-0.10132216622338504,0.2954277033734853,Hb_nrmse,arm_better,subject_block_1000_frozen_coordinates_exploratory
visual_cognitive_motivation,motor,HbO_hidden,R2_selected,R1_broadband,24,24,0,6,0.016451153991617312,-0.02832674716457002,0.07041504123422201,Hb_nrmse,arm_better,subject_block_1000_frozen_coordinates_exploratory
visual_cognitive_motivation,motor,HbO_hidden,R2_zero,R1_broadband,24,24,0,6,-0.006643031202358624,-0.01604858069711406,0.0035351110795630537,Hb_nrmse,arm_better,subject_block_1000_frozen_coordinates_exploratory
visual_cognitive_motivation,motor,HbO_hidden,independent,R1_broadband,24,24,0,6,0.007156056896567287,-0.17730518897600497,0.23904763695671688,Hb_nrmse,arm_better,subject_block_1000_frozen_coordinates_exploratory
visual_cognitive_motivation,motor,HbO_hidden,own_context,R1_broadband,24,24,0,6,0.38047667672267244,0.000864566987989804,0.8963559060014195,Hb_nrmse,arm_better,subject_block_1000_frozen_coordinates_exploratory
visual_cognitive_motivation,motor,HbO_hidden,ridge_cross,R1_broadband,24,24,0,6,0.41420848446669584,-0.013297928488584165,1.0124306023914496,Hb_nrmse,arm_better,subject_block_1000_frozen_coordinates_exploratory
visual_cognitive_motivation,motor,HbO_hidden,training_template,R1_broadband,24,24,0,6,0.38047667672267244,-0.0029680365272665475,0.8963111288201405,Hb_nrmse,arm_better,subject_block_1000_frozen_coordinates_exploratory
visual_cognitive_motivation,motor,HbO_hidden,R1_broadband,R0_PCA_refit,24,24,0,6,-0.07055277417935979,-0.2574968458607595,0.10132216622338502,Hb_nrmse,arm_better,subject_block_1000_frozen_coordinates_exploratory
visual_cognitive_motivation,motor,HbO_hidden,R2_selected,R0_PCA_refit,24,24,0,6,-0.05410162018774248,-0.24644202879114274,0.1033578436813815,Hb_nrmse,arm_better,subject_block_1000_frozen_coordinates_exploratory
visual_cognitive_motivation,motor,HbO_hidden,R2_zero,R0_PCA_refit,24,24,0,6,-0.07719580538171841,-0.2560548411484545,0.09498079922837616,Hb_nrmse,arm_better,subject_block_1000_frozen_coordinates_exploratory
visual_cognitive_motivation,motor,HbO_hidden,independent,R0_PCA_refit,24,24,0,6,-0.0633967172827925,-0.34793506355077314,0.13836203919824278,Hb_nrmse,arm_better,subject_block_1000_frozen_coordinates_exploratory
visual_cognitive_motivation,motor,HbO_hidden,own_context,R0_PCA_refit,24,24,0,6,0.30992390254331265,0.08632495929126117,0.6461922616502651,Hb_nrmse,arm_better,subject_block_1000_frozen_coordinates_exploratory
visual_cognitive_motivation,motor,HbO_hidden,ridge_cross,R0_PCA_refit,24,24,0,6,0.3436557102873361,0.0883043420481618,0.7728037124151006,Hb_nrmse,arm_better,subject_block_1000_frozen_coordinates_exploratory
visual_cognitive_motivation,motor,HbO_hidden,training_template,R0_PCA_refit,24,24,0,6,0.30992390254331265,0.08632495929126117,0.6293640695931106,Hb_nrmse,arm_better,subject_block_1000_frozen_coordinates_exploratory
visual_cognitive_motivation,motor,HbO_hidden,R0_PCA_refit,independent,24,24,0,6,0.0633967172827925,-0.1345562179220687,0.3625455625616641,Hb_nrmse,arm_better,subject_block_1000_frozen_coordinates_exploratory
visual_cognitive_motivation,motor,HbO_hidden,R1_broadband,independent,24,24,0,6,-0.007156056896567287,-0.23885184531980483,0.16947352349951553,Hb_nrmse,arm_better,subject_block_1000_frozen_coordinates_exploratory
visual_cognitive_motivation,motor,HbO_hidden,R2_selected,independent,24,24,0,6,0.009295097095050017,-0.15625063309837692,0.15803012285832424,Hb_nrmse,arm_better,subject_block_1000_frozen_coordinates_exploratory
visual_cognitive_motivation,motor,HbO_hidden,R2_zero,independent,24,24,0,6,-0.01379908809892591,-0.23379192792236825,0.17849321393640205,Hb_nrmse,arm_better,subject_block_1000_frozen_coordinates_exploratory
visual_cognitive_motivation,motor,HbO_hidden,own_context,independent,24,24,0,6,0.37332061982610515,0.03913078075867094,0.9773176665937761,Hb_nrmse,arm_better,subject_block_1000_frozen_coordinates_exploratory
visual_cognitive_motivation,motor,HbO_hidden,ridge_cross,independent,24,24,0,6,0.40705242757012866,0.009003384693746305,1.11209095943385,Hb_nrmse,arm_better,subject_block_1000_frozen_coordinates_exploratory
visual_cognitive_motivation,motor,HbO_hidden,training_template,independent,24,24,0,6,0.37332061982610515,0.042315282241818825,0.96761704354645,Hb_nrmse,arm_better,subject_block_1000_frozen_coordinates_exploratory
visual_cognitive_motivation,motor,HbO_hidden,R0_PCA_refit,training_template,24,24,0,6,-0.30992390254331265,-0.6465033979791888,-0.09659984177165026,Hb_nrmse,arm_better,subject_block_1000_frozen_coordinates_exploratory
visual_cognitive_motivation,motor,HbO_hidden,R1_broadband,training_template,24,24,0,6,-0.38047667672267244,-0.9036811296564368,-0.0008645669879898029,Hb_nrmse,arm_better,subject_block_1000_frozen_coordinates_exploratory
visual_cognitive_motivation,motor,HbO_hidden,R2_selected,training_template,24,24,0,6,-0.36402552273105515,-0.8920428216399393,-0.0026274821355003596,Hb_nrmse,arm_better,subject_block_1000_frozen_coordinates_exploratory
visual_cognitive_motivation,motor,HbO_hidden,R2_zero,training_template,24,24,0,6,-0.38711970792503103,-0.893644652105398,-0.004275399488602456,Hb_nrmse,arm_better,subject_block_1000_frozen_coordinates_exploratory
visual_cognitive_motivation,motor,HbO_hidden,independent,training_template,24,24,0,6,-0.37332061982610515,-0.9676270294015429,-0.039130780758670936,Hb_nrmse,arm_better,subject_block_1000_frozen_coordinates_exploratory
visual_cognitive_motivation,motor,HbO_hidden,own_context,training_template,24,24,0,6,0.0,0.0,0.0,Hb_nrmse,arm_better,subject_block_1000_frozen_coordinates_exploratory
visual_cognitive_motivation,motor,HbO_hidden,ridge_cross,training_template,24,24,0,6,0.033731807744023436,-0.03673958720984311,0.14275043832993117,Hb_nrmse,arm_better,subject_block_1000_frozen_coordinates_exploratory
visual_cognitive_motivation,motor,HbO_hidden,R0_PCA_refit,own_context,24,24,0,6,-0.30992390254331265,-0.629044955409599,-0.0856947087788259,Hb_nrmse,arm_better,subject_block_1000_frozen_coordinates_exploratory
visual_cognitive_motivation,motor,HbO_hidden,R1_broadband,own_context,24,24,0,6,-0.38047667672267244,-0.9036811296564368,0.0029232593459875625,Hb_nrmse,arm_better,subject_block_1000_frozen_coordinates_exploratory
visual_cognitive_motivation,motor,HbO_hidden,R2_selected,own_context,24,24,0,6,-0.36402552273105515,-0.8730213177724883,-0.0031799404322308475,Hb_nrmse,arm_better,subject_block_1000_frozen_coordinates_exploratory
visual_cognitive_motivation,motor,HbO_hidden,R2_zero,own_context,24,24,0,6,-0.38711970792503103,-0.8906243629866589,-0.004199892260634045,Hb_nrmse,arm_better,subject_block_1000_frozen_coordinates_exploratory
visual_cognitive_motivation,motor,HbO_hidden,independent,own_context,24,24,0,6,-0.37332061982610515,-0.9715904275819433,-0.037294924998255534,Hb_nrmse,arm_better,subject_block_1000_frozen_coordinates_exploratory
visual_cognitive_motivation,motor,HbO_hidden,ridge_cross,own_context,24,24,0,6,0.033731807744023436,-0.03748319933526949,0.14185443125459843,Hb_nrmse,arm_better,subject_block_1000_frozen_coordinates_exploratory
visual_cognitive_motivation,motor,HbO_hidden,training_template,own_context,24,24,0,6,0.0,0.0,0.0,Hb_nrmse,arm_better,subject_block_1000_frozen_coordinates_exploratory
visual_cognitive_motivation,motor,HbO_hidden,R0_PCA_refit,ridge_cross,24,24,0,6,-0.3436557102873361,-0.775386089980847,-0.08833036335891647,Hb_nrmse,arm_better,subject_block_1000_frozen_coordinates_exploratory
visual_cognitive_motivation,motor,HbO_hidden,R1_broadband,ridge_cross,24,24,0,6,-0.41420848446669584,-1.0064143130026937,0.013297928488584165,Hb_nrmse,arm_better,subject_block_1000_frozen_coordinates_exploratory
visual_cognitive_motivation,motor,HbO_hidden,R2_selected,ridge_cross,24,24,0,6,-0.39775733047507855,-1.013790632377555,0.005097515835090727,Hb_nrmse,arm_better,subject_block_1000_frozen_coordinates_exploratory
visual_cognitive_motivation,motor,HbO_hidden,R2_zero,ridge_cross,24,24,0,6,-0.4208515156690546,-1.009688618448739,0.004004896537082208,Hb_nrmse,arm_better,subject_block_1000_frozen_coordinates_exploratory
visual_cognitive_motivation,motor,HbO_hidden,independent,ridge_cross,24,24,0,6,-0.40705242757012866,-1.0982956378370894,-0.012469541617373613,Hb_nrmse,arm_better,subject_block_1000_frozen_coordinates_exploratory
visual_cognitive_motivation,motor,HbO_hidden,own_context,ridge_cross,24,24,0,6,-0.033731807744023436,-0.13973429498790052,0.03837724645279942,Hb_nrmse,arm_better,subject_block_1000_frozen_coordinates_exploratory
visual_cognitive_motivation,motor,HbO_hidden,training_template,ridge_cross,24,24,0,6,-0.033731807744023436,-0.14276175538205182,0.03884124558974533,Hb_nrmse,arm_better,subject_block_1000_frozen_coordinates_exploratory
visual_cognitive_motivation,motor,HbR_hidden,R0_PCA_refit,R1_broadband,24,24,0,6,0.10231063396794537,0.02227169141955105,0.1933252539865582,Hb_nrmse,arm_better,subject_block_1000_frozen_coordinates_exploratory
visual_cognitive_motivation,motor,HbR_hidden,R2_selected,R1_broadband,24,24,0,6,0.019171188087178968,-0.029834276186390247,0.0678372478217619,Hb_nrmse,arm_better,subject_block_1000_frozen_coordinates_exploratory
visual_cognitive_motivation,motor,HbR_hidden,R2_zero,R1_broadband,24,24,0,6,0.003405877065250745,-0.002314905079226024,0.010340350100830757,Hb_nrmse,arm_better,subject_block_1000_frozen_coordinates_exploratory
visual_cognitive_motivation,motor,HbR_hidden,independent,R1_broadband,24,24,0,6,0.1858264124896312,0.04204035833528514,0.3271910145643589,Hb_nrmse,arm_better,subject_block_1000_frozen_coordinates_exploratory
visual_cognitive_motivation,motor,HbR_hidden,own_context,R1_broadband,24,24,0,6,0.14407096211602435,-0.011302937129880015,0.30286171966068504,Hb_nrmse,arm_better,subject_block_1000_frozen_coordinates_exploratory
visual_cognitive_motivation,motor,HbR_hidden,ridge_cross,R1_broadband,24,24,0,6,0.051085114124413585,-0.0887659853626593,0.2518044188111567,Hb_nrmse,arm_better,subject_block_1000_frozen_coordinates_exploratory
visual_cognitive_motivation,motor,HbR_hidden,training_template,R1_broadband,24,24,0,6,0.14407096211602435,-0.016411315028379815,0.30021928275175075,Hb_nrmse,arm_better,subject_block_1000_frozen_coordinates_exploratory
visual_cognitive_motivation,motor,HbR_hidden,R1_broadband,R0_PCA_refit,24,24,0,6,-0.10231063396794537,-0.1933761172902019,-0.019598783473788715,Hb_nrmse,arm_better,subject_block_1000_frozen_coordinates_exploratory
visual_cognitive_motivation,motor,HbR_hidden,R2_selected,R0_PCA_refit,24,24,0,6,-0.08313944588076642,-0.20619639928847078,-0.0010212946399917678,Hb_nrmse,arm_better,subject_block_1000_frozen_coordinates_exploratory
visual_cognitive_motivation,motor,HbR_hidden,R2_zero,R0_PCA_refit,24,24,0,6,-0.09890475690269467,-0.18810876163493312,-0.021043906890214435,Hb_nrmse,arm_better,subject_block_1000_frozen_coordinates_exploratory
visual_cognitive_motivation,motor,HbR_hidden,independent,R0_PCA_refit,24,24,0,6,0.0835157785216858,0.00599751858736499,0.16220298142427703,Hb_nrmse,arm_better,subject_block_1000_frozen_coordinates_exploratory
visual_cognitive_motivation,motor,HbR_hidden,own_context,R0_PCA_refit,24,24,0,6,0.04176032814807896,-0.05860926706122843,0.1649202934111285,Hb_nrmse,arm_better,subject_block_1000_frozen_coordinates_exploratory
visual_cognitive_motivation,motor,HbR_hidden,ridge_cross,R0_PCA_refit,24,24,0,6,-0.051225519843531804,-0.13974019400797247,0.06929908447869049,Hb_nrmse,arm_better,subject_block_1000_frozen_coordinates_exploratory
visual_cognitive_motivation,motor,HbR_hidden,training_template,R0_PCA_refit,24,24,0,6,0.04176032814807896,-0.06301568891152068,0.1597328863791453,Hb_nrmse,arm_better,subject_block_1000_frozen_coordinates_exploratory
visual_cognitive_motivation,motor,HbR_hidden,R0_PCA_refit,independent,24,24,0,6,-0.0835157785216858,-0.16220298142427703,0.002505908331691778,Hb_nrmse,arm_better,subject_block_1000_frozen_coordinates_exploratory
visual_cognitive_motivation,motor,HbR_hidden,R1_broadband,independent,24,24,0,6,-0.1858264124896312,-0.3272098587089519,-0.04806927185388246,Hb_nrmse,arm_better,subject_block_1000_frozen_coordinates_exploratory
visual_cognitive_motivation,motor,HbR_hidden,R2_selected,independent,24,24,0,6,-0.16665522440245226,-0.32323560017741404,-0.019450600196984805,Hb_nrmse,arm_better,subject_block_1000_frozen_coordinates_exploratory
visual_cognitive_motivation,motor,HbR_hidden,R2_zero,independent,24,24,0,6,-0.18242053542438044,-0.32740190449981477,-0.04473038531087287,Hb_nrmse,arm_better,subject_block_1000_frozen_coordinates_exploratory
visual_cognitive_motivation,motor,HbR_hidden,own_context,independent,24,24,0,6,-0.04175545037360686,-0.11215179525811159,0.026677979957228353,Hb_nrmse,arm_better,subject_block_1000_frozen_coordinates_exploratory
visual_cognitive_motivation,motor,HbR_hidden,ridge_cross,independent,24,24,0,6,-0.13474129836521762,-0.2918161000251492,0.0012695108804078815,Hb_nrmse,arm_better,subject_block_1000_frozen_coordinates_exploratory
visual_cognitive_motivation,motor,HbR_hidden,training_template,independent,24,24,0,6,-0.04175545037360686,-0.1130045338780885,0.022274657288217408,Hb_nrmse,arm_better,subject_block_1000_frozen_coordinates_exploratory
visual_cognitive_motivation,motor,HbR_hidden,R0_PCA_refit,training_template,24,24,0,6,-0.04176032814807896,-0.15972190648485796,0.060689276560414694,Hb_nrmse,arm_better,subject_block_1000_frozen_coordinates_exploratory
visual_cognitive_motivation,motor,HbR_hidden,R1_broadband,training_template,24,24,0,6,-0.14407096211602435,-0.3030716573978215,0.012600004291689445,Hb_nrmse,arm_better,subject_block_1000_frozen_coordinates_exploratory
visual_cognitive_motivation,motor,HbR_hidden,R2_selected,training_template,24,24,0,6,-0.12489977402884538,-0.3193049169479403,0.04473812517956588,Hb_nrmse,arm_better,subject_block_1000_frozen_coordinates_exploratory
visual_cognitive_motivation,motor,HbR_hidden,R2_zero,training_template,24,24,0,6,-0.1406650850507736,-0.30019479579153757,0.011120454281534568,Hb_nrmse,arm_better,subject_block_1000_frozen_coordinates_exploratory
visual_cognitive_motivation,motor,HbR_hidden,independent,training_template,24,24,0,6,0.04175545037360686,-0.026677979957228353,0.11215179525811159,Hb_nrmse,arm_better,subject_block_1000_frozen_coordinates_exploratory
visual_cognitive_motivation,motor,HbR_hidden,own_context,training_template,24,24,0,6,0.0,0.0,0.0,Hb_nrmse,arm_better,subject_block_1000_frozen_coordinates_exploratory
visual_cognitive_motivation,motor,HbR_hidden,ridge_cross,training_template,24,24,0,6,-0.09298584799161073,-0.2611995327170317,0.04162234059342965,Hb_nrmse,arm_better,subject_block_1000_frozen_coordinates_exploratory
visual_cognitive_motivation,motor,HbR_hidden,R0_PCA_refit,own_context,24,24,0,6,-0.04176032814807896,-0.1649202934111285,0.05706555058207909,Hb_nrmse,arm_better,subject_block_1000_frozen_coordinates_exploratory
visual_cognitive_motivation,motor,HbR_hidden,R1_broadband,own_context,24,24,0,6,-0.14407096211602435,-0.303636141050507,0.011302937129880017,Hb_nrmse,arm_better,subject_block_1000_frozen_coordinates_exploratory
visual_cognitive_motivation,motor,HbR_hidden,R2_selected,own_context,24,24,0,6,-0.12489977402884538,-0.31928907393274636,0.04835866692221761,Hb_nrmse,arm_better,subject_block_1000_frozen_coordinates_exploratory
visual_cognitive_motivation,motor,HbR_hidden,R2_zero,own_context,24,24,0,6,-0.1406650850507736,-0.29610859850968346,0.00977728292770684,Hb_nrmse,arm_better,subject_block_1000_frozen_coordinates_exploratory
visual_cognitive_motivation,motor,HbR_hidden,independent,own_context,24,24,0,6,0.04175545037360686,-0.02643703734544516,0.11239827939142188,Hb_nrmse,arm_better,subject_block_1000_frozen_coordinates_exploratory
visual_cognitive_motivation,motor,HbR_hidden,ridge_cross,own_context,24,24,0,6,-0.09298584799161073,-0.24803079084216215,0.05140158061834214,Hb_nrmse,arm_better,subject_block_1000_frozen_coordinates_exploratory
visual_cognitive_motivation,motor,HbR_hidden,training_template,own_context,24,24,0,6,0.0,0.0,0.0,Hb_nrmse,arm_better,subject_block_1000_frozen_coordinates_exploratory
visual_cognitive_motivation,motor,HbR_hidden,R0_PCA_refit,ridge_cross,24,24,0,6,0.051225519843531804,-0.07792176457343959,0.1382648921470252,Hb_nrmse,arm_better,subject_block_1000_frozen_coordinates_exploratory
visual_cognitive_motivation,motor,HbR_hidden,R1_broadband,ridge_cross,24,24,0,6,-0.051085114124413585,-0.2627725691877838,0.08418088566698122,Hb_nrmse,arm_better,subject_block_1000_frozen_coordinates_exploratory
visual_cognitive_motivation,motor,HbR_hidden,R2_selected,ridge_cross,24,24,0,6,-0.03191392603723461,-0.28112013863163093,0.11521791865460262,Hb_nrmse,arm_better,subject_block_1000_frozen_coordinates_exploratory
visual_cognitive_motivation,motor,HbR_hidden,R2_zero,ridge_cross,24,24,0,6,-0.04767923705916285,-0.24262681592088953,0.08453823548105008,Hb_nrmse,arm_better,subject_block_1000_frozen_coordinates_exploratory
visual_cognitive_motivation,motor,HbR_hidden,independent,ridge_cross,24,24,0,6,0.13474129836521762,-0.0014719784603195545,0.2800407375847929,Hb_nrmse,arm_better,subject_block_1000_frozen_coordinates_exploratory
visual_cognitive_motivation,motor,HbR_hidden,own_context,ridge_cross,24,24,0,6,0.09298584799161073,-0.0548118287805663,0.2609731529325739,Hb_nrmse,arm_better,subject_block_1000_frozen_coordinates_exploratory
visual_cognitive_motivation,motor,HbR_hidden,training_template,ridge_cross,24,24,0,6,0.09298584799161073,-0.041622340593429674,0.27311206833918344,Hb_nrmse,arm_better,subject_block_1000_frozen_coordinates_exploratory
visual_cognitive_motivation,motor,Hb_hidden,R0_PCA_refit,R1_broadband,24,24,0,6,-0.05872502873756278,-0.11466942972667003,0.012531478342234769,Hb_nrmse,arm_better,subject_block_1000_frozen_coordinates_exploratory
visual_cognitive_motivation,motor,Hb_hidden,R2_selected,R1_broadband,24,24,0,6,0.07994034786949901,0.011412520601190634,0.17098711422126017,Hb_nrmse,arm_better,subject_block_1000_frozen_coordinates_exploratory
visual_cognitive_motivation,motor,Hb_hidden,R2_zero,R1_broadband,24,24,0,6,-0.021700321772646552,-0.030599818497655158,-0.013835446242429793,Hb_nrmse,arm_better,subject_block_1000_frozen_coordinates_exploratory
visual_cognitive_motivation,motor,Hb_hidden,independent,R1_broadband,24,24,0,6,0.186989768623713,0.006336628038658556,0.3675623680191382,Hb_nrmse,arm_better,subject_block_1000_frozen_coordinates_exploratory
visual_cognitive_motivation,motor,Hb_hidden,own_context,R1_broadband,24,24,0,6,0.16510330421598288,-0.026658410218405402,0.3915188199664066,Hb_nrmse,arm_better,subject_block_1000_frozen_coordinates_exploratory
visual_cognitive_motivation,motor,Hb_hidden,ridge_cross,R1_broadband,24,24,0,6,0.11658622464684147,-0.09014357900187352,0.35592364336488713,Hb_nrmse,arm_better,subject_block_1000_frozen_coordinates_exploratory
visual_cognitive_motivation,motor,Hb_hidden,training_template,R1_broadband,24,24,0,6,0.16510330421598288,-0.030961421543894377,0.3723930371867791,Hb_nrmse,arm_better,subject_block_1000_frozen_coordinates_exploratory
visual_cognitive_motivation,motor,Hb_hidden,R1_broadband,R0_PCA_refit,24,24,0,6,0.05872502873756278,-0.01762444111261986,0.11576979229322647,Hb_nrmse,arm_better,subject_block_1000_frozen_coordinates_exploratory
visual_cognitive_motivation,motor,Hb_hidden,R2_selected,R0_PCA_refit,24,24,0,6,0.1386653766070618,0.04576808220841366,0.21895472025864407,Hb_nrmse,arm_better,subject_block_1000_frozen_coordinates_exploratory
visual_cognitive_motivation,motor,Hb_hidden,R2_zero,R0_PCA_refit,24,24,0,6,0.03702470696491623,-0.044476731306448795,0.10102549806752938,Hb_nrmse,arm_better,subject_block_1000_frozen_coordinates_exploratory
visual_cognitive_motivation,motor,Hb_hidden,independent,R0_PCA_refit,24,24,0,6,0.2457147973612758,0.11782973475479143,0.383171934923638,Hb_nrmse,arm_better,subject_block_1000_frozen_coordinates_exploratory
visual_cognitive_motivation,motor,Hb_hidden,own_context,R0_PCA_refit,24,24,0,6,0.22382833295354562,0.08718061338497834,0.40450794363362585,Hb_nrmse,arm_better,subject_block_1000_frozen_coordinates_exploratory
visual_cognitive_motivation,motor,Hb_hidden,ridge_cross,R0_PCA_refit,24,24,0,6,0.17531125338440426,0.010912048773777341,0.35939472366543435,Hb_nrmse,arm_better,subject_block_1000_frozen_coordinates_exploratory
visual_cognitive_motivation,motor,Hb_hidden,training_template,R0_PCA_refit,24,24,0,6,0.22382833295354562,0.0862690756308545,0.39597902944959235,Hb_nrmse,arm_better,subject_block_1000_frozen_coordinates_exploratory
visual_cognitive_motivation,motor,Hb_hidden,R0_PCA_refit,independent,24,24,0,6,-0.2457147973612758,-0.40490729193992253,-0.11925698234478876,Hb_nrmse,arm_better,subject_block_1000_frozen_coordinates_exploratory
visual_cognitive_motivation,motor,Hb_hidden,R1_broadband,independent,24,24,0,6,-0.186989768623713,-0.3817047940021654,-0.002994497888976934,Hb_nrmse,arm_better,subject_block_1000_frozen_coordinates_exploratory
visual_cognitive_motivation,motor,Hb_hidden,R2_selected,independent,24,24,0,6,-0.10704942075421402,-0.25843931238211976,0.014635767875314417,Hb_nrmse,arm_better,subject_block_1000_frozen_coordinates_exploratory
visual_cognitive_motivation,motor,Hb_hidden,R2_zero,independent,24,24,0,6,-0.20869009039635955,-0.40602755581648187,-0.025130526936115106,Hb_nrmse,arm_better,subject_block_1000_frozen_coordinates_exploratory
visual_cognitive_motivation,motor,Hb_hidden,own_context,independent,24,24,0,6,-0.021886464407730136,-0.03773875998547376,-0.008622762220111628,Hb_nrmse,arm_better,subject_block_1000_frozen_coordinates_exploratory
visual_cognitive_motivation,motor,Hb_hidden,ridge_cross,independent,24,24,0,6,-0.07040354397687154,-0.10110194607451509,-0.024884243105057397,Hb_nrmse,arm_better,subject_block_1000_frozen_coordinates_exploratory
visual_cognitive_motivation,motor,Hb_hidden,training_template,independent,24,24,0,6,-0.021886464407730136,-0.03608117019148734,-0.008795359139961724,Hb_nrmse,arm_better,subject_block_1000_frozen_coordinates_exploratory
visual_cognitive_motivation,motor,Hb_hidden,R0_PCA_refit,training_template,24,24,0,6,-0.22382833295354562,-0.38524330493946873,-0.08289982315909657,Hb_nrmse,arm_better,subject_block_1000_frozen_coordinates_exploratory
visual_cognitive_motivation,motor,Hb_hidden,R1_broadband,training_template,24,24,0,6,-0.16510330421598288,-0.37667133418541204,0.02716911477292232,Hb_nrmse,arm_better,subject_block_1000_frozen_coordinates_exploratory
visual_cognitive_motivation,motor,Hb_hidden,R2_selected,training_template,24,24,0,6,-0.08516295634648385,-0.2452172640029454,0.046483202368316844,Hb_nrmse,arm_better,subject_block_1000_frozen_coordinates_exploratory
visual_cognitive_motivation,motor,Hb_hidden,R2_zero,training_template,24,24,0,6,-0.18680362598862943,-0.391539381019709,0.01995364288437608,Hb_nrmse,arm_better,subject_block_1000_frozen_coordinates_exploratory
visual_cognitive_motivation,motor,Hb_hidden,independent,training_template,24,24,0,6,0.021886464407730136,0.008791044216965471,0.036952607050604526,Hb_nrmse,arm_better,subject_block_1000_frozen_coordinates_exploratory
visual_cognitive_motivation,motor,Hb_hidden,own_context,training_template,24,24,0,6,0.0,0.0,0.0,Hb_nrmse,arm_better,subject_block_1000_frozen_coordinates_exploratory
visual_cognitive_motivation,motor,Hb_hidden,ridge_cross,training_template,24,24,0,6,-0.0485170795691414,-0.07085512068724893,-0.013935405100120785,Hb_nrmse,arm_better,subject_block_1000_frozen_coordinates_exploratory
visual_cognitive_motivation,motor,Hb_hidden,R0_PCA_refit,own_context,24,24,0,6,-0.22382833295354562,-0.3958962456719623,-0.08289580930858736,Hb_nrmse,arm_better,subject_block_1000_frozen_coordinates_exploratory
visual_cognitive_motivation,motor,Hb_hidden,R1_broadband,own_context,24,24,0,6,-0.16510330421598288,-0.39580560674364834,0.02707187613776928,Hb_nrmse,arm_better,subject_block_1000_frozen_coordinates_exploratory
visual_cognitive_motivation,motor,Hb_hidden,R2_selected,own_context,24,24,0,6,-0.08516295634648385,-0.2461067632283445,0.04964191774103276,Hb_nrmse,arm_better,subject_block_1000_frozen_coordinates_exploratory
visual_cognitive_motivation,motor,Hb_hidden,R2_zero,own_context,24,24,0,6,-0.18680362598862943,-0.4125454069836537,0.008776771409577925,Hb_nrmse,arm_better,subject_block_1000_frozen_coordinates_exploratory
visual_cognitive_motivation,motor,Hb_hidden,independent,own_context,24,24,0,6,0.021886464407730136,0.008791044216965471,0.03712520397045463,Hb_nrmse,arm_better,subject_block_1000_frozen_coordinates_exploratory
visual_cognitive_motivation,motor,Hb_hidden,ridge_cross,own_context,24,24,0,6,-0.0485170795691414,-0.07145428506025363,-0.014630352716611672,Hb_nrmse,arm_better,subject_block_1000_frozen_coordinates_exploratory
visual_cognitive_motivation,motor,Hb_hidden,training_template,own_context,24,24,0,6,0.0,0.0,0.0,Hb_nrmse,arm_better,subject_block_1000_frozen_coordinates_exploratory
visual_cognitive_motivation,motor,Hb_hidden,R0_PCA_refit,ridge_cross,24,24,0,6,-0.17531125338440426,-0.35750089805840446,-0.029000062910166335,Hb_nrmse,arm_better,subject_block_1000_frozen_coordinates_exploratory
visual_cognitive_motivation,motor,Hb_hidden,R1_broadband,ridge_cross,24,24,0,6,-0.11658622464684147,-0.3432531358493251,0.08402197649958104,Hb_nrmse,arm_better,subject_block_1000_frozen_coordinates_exploratory
visual_cognitive_motivation,motor,Hb_hidden,R2_selected,ridge_cross,24,24,0,6,-0.03664587677734248,-0.19099994951165644,0.10894126519406261,Hb_nrmse,arm_better,subject_block_1000_frozen_coordinates_exploratory
visual_cognitive_motivation,motor,Hb_hidden,R2_zero,ridge_cross,24,24,0,6,-0.13828654641948804,-0.3775305144215034,0.07627651186793459,Hb_nrmse,arm_better,subject_block_1000_frozen_coordinates_exploratory
visual_cognitive_motivation,motor,Hb_hidden,independent,ridge_cross,24,24,0,6,0.07040354397687154,0.02608489331515099,0.09987596850955854,Hb_nrmse,arm_better,subject_block_1000_frozen_coordinates_exploratory
visual_cognitive_motivation,motor,Hb_hidden,own_context,ridge_cross,24,24,0,6,0.0485170795691414,0.01343240464263444,0.07090650172592407,Hb_nrmse,arm_better,subject_block_1000_frozen_coordinates_exploratory
visual_cognitive_motivation,motor,Hb_hidden,training_template,ridge_cross,24,24,0,6,0.0485170795691414,0.01587367201839991,0.07140478716737819,Hb_nrmse,arm_better,subject_block_1000_frozen_coordinates_exploratory
visual_cognitive_motivation,motor,center_Hb,R0_PCA_refit,R1_broadband,24,24,0,6,0.0069297039275774104,-0.037988136328608674,0.042009863172351475,Hb_nrmse,arm_better,subject_block_1000_frozen_coordinates_exploratory
visual_cognitive_motivation,motor,center_Hb,R2_selected,R1_broadband,24,24,0,6,0.013065131319560927,-0.0004271319316664068,0.029203320336109517,Hb_nrmse,arm_better,subject_block_1000_frozen_coordinates_exploratory
visual_cognitive_motivation,motor,center_Hb,R2_zero,R1_broadband,24,24,0,6,-0.0029349270186997526,-0.0075274958934273715,0.0016909624734693987,Hb_nrmse,arm_better,subject_block_1000_frozen_coordinates_exploratory
visual_cognitive_motivation,motor,center_Hb,independent,R1_broadband,24,24,0,6,0.08977398384389368,0.03810946845224481,0.14857676008036613,Hb_nrmse,arm_better,subject_block_1000_frozen_coordinates_exploratory
visual_cognitive_motivation,motor,center_Hb,own_context,R1_broadband,24,24,0,6,0.17133818135162796,0.1373756634575294,0.2153628092508769,Hb_nrmse,arm_better,subject_block_1000_frozen_coordinates_exploratory
visual_cognitive_motivation,motor,center_Hb,ridge_cross,R1_broadband,24,24,0,6,0.12999071730413628,0.09011848158453241,0.17425418953602095,Hb_nrmse,arm_better,subject_block_1000_frozen_coordinates_exploratory
visual_cognitive_motivation,motor,center_Hb,training_template,R1_broadband,24,24,0,6,-0.22859197773484255,-0.4371072868419203,-0.10765026722002975,Hb_nrmse,arm_better,subject_block_1000_frozen_coordinates_exploratory
visual_cognitive_motivation,motor,center_Hb,R1_broadband,R0_PCA_refit,24,24,0,6,-0.0069297039275774104,-0.0427575491294086,0.03990951545501942,Hb_nrmse,arm_better,subject_block_1000_frozen_coordinates_exploratory
visual_cognitive_motivation,motor,center_Hb,R2_selected,R0_PCA_refit,24,24,0,6,0.006135427391983517,-0.0315477687022394,0.04500864304997219,Hb_nrmse,arm_better,subject_block_1000_frozen_coordinates_exploratory
visual_cognitive_motivation,motor,center_Hb,R2_zero,R0_PCA_refit,24,24,0,6,-0.00986463094627716,-0.041163927487975246,0.03230773605066659,Hb_nrmse,arm_better,subject_block_1000_frozen_coordinates_exploratory
visual_cognitive_motivation,motor,center_Hb,independent,R0_PCA_refit,24,24,0,6,0.08284427991631628,0.023949988125076677,0.13398979946220935,Hb_nrmse,arm_better,subject_block_1000_frozen_coordinates_exploratory
visual_cognitive_motivation,motor,center_Hb,own_context,R0_PCA_refit,24,24,0,6,0.16440847742405054,0.12530979507868098,0.2001345047863151,Hb_nrmse,arm_better,subject_block_1000_frozen_coordinates_exploratory
visual_cognitive_motivation,motor,center_Hb,ridge_cross,R0_PCA_refit,24,24,0,6,0.12306101337655885,0.07611470336259928,0.16741043546588522,Hb_nrmse,arm_better,subject_block_1000_frozen_coordinates_exploratory
visual_cognitive_motivation,motor,center_Hb,training_template,R0_PCA_refit,24,24,0,6,-0.23552168166241996,-0.4563596793367682,-0.11047272123163716,Hb_nrmse,arm_better,subject_block_1000_frozen_coordinates_exploratory
visual_cognitive_motivation,motor,center_Hb,R0_PCA_refit,independent,24,24,0,6,-0.08284427991631628,-0.13460656938201968,-0.01874434114553039,Hb_nrmse,arm_better,subject_block_1000_frozen_coordinates_exploratory
visual_cognitive_motivation,motor,center_Hb,R1_broadband,independent,24,24,0,6,-0.08977398384389368,-0.14645666363133833,-0.0380213000009015,Hb_nrmse,arm_better,subject_block_1000_frozen_coordinates_exploratory
visual_cognitive_motivation,motor,center_Hb,R2_selected,independent,24,24,0,6,-0.07670885252433275,-0.13166900630261677,-0.025292891694872772,Hb_nrmse,arm_better,subject_block_1000_frozen_coordinates_exploratory
visual_cognitive_motivation,motor,center_Hb,R2_zero,independent,24,24,0,6,-0.09270891086259342,-0.15058881495681187,-0.038232304181365195,Hb_nrmse,arm_better,subject_block_1000_frozen_coordinates_exploratory
visual_cognitive_motivation,motor,center_Hb,own_context,independent,24,24,0,6,0.08156419750773426,0.051323600906773154,0.11975994852750665,Hb_nrmse,arm_better,subject_block_1000_frozen_coordinates_exploratory
visual_cognitive_motivation,motor,center_Hb,ridge_cross,independent,24,24,0,6,0.040216733460242564,0.004917536457764132,0.07302566579964055,Hb_nrmse,arm_better,subject_block_1000_frozen_coordinates_exploratory
visual_cognitive_motivation,motor,center_Hb,training_template,independent,24,24,0,6,-0.3183659615787362,-0.48288198854674963,-0.21472939770926067,Hb_nrmse,arm_better,subject_block_1000_frozen_coordinates_exploratory
visual_cognitive_motivation,motor,center_Hb,R0_PCA_refit,training_template,24,24,0,6,0.23552168166241996,0.10613493144519495,0.45992450778482746,Hb_nrmse,arm_better,subject_block_1000_frozen_coordinates_exploratory
visual_cognitive_motivation,motor,center_Hb,R1_broadband,training_template,24,24,0,6,0.22859197773484255,0.10495657390914977,0.43477974638646355,Hb_nrmse,arm_better,subject_block_1000_frozen_coordinates_exploratory
visual_cognitive_motivation,motor,center_Hb,R2_selected,training_template,24,24,0,6,0.24165710905440352,0.11837368567811693,0.44941174070328815,Hb_nrmse,arm_better,subject_block_1000_frozen_coordinates_exploratory
visual_cognitive_motivation,motor,center_Hb,R2_zero,training_template,24,24,0,6,0.22565705071614284,0.10721905346116328,0.43750151472575555,Hb_nrmse,arm_better,subject_block_1000_frozen_coordinates_exploratory
visual_cognitive_motivation,motor,center_Hb,independent,training_template,24,24,0,6,0.3183659615787362,0.2152778104558549,0.4844025187758066,Hb_nrmse,arm_better,subject_block_1000_frozen_coordinates_exploratory
visual_cognitive_motivation,motor,center_Hb,own_context,training_template,24,24,0,6,0.39993015908647056,0.27877678837448755,0.6031723592009666,Hb_nrmse,arm_better,subject_block_1000_frozen_coordinates_exploratory
visual_cognitive_motivation,motor,center_Hb,ridge_cross,training_template,24,24,0,6,0.3585826950389788,0.24021769009896335,0.5545157293073046,Hb_nrmse,arm_better,subject_block_1000_frozen_coordinates_exploratory
visual_cognitive_motivation,motor,center_Hb,R0_PCA_refit,own_context,24,24,0,6,-0.16440847742405054,-0.2001345047863151,-0.12526783030483557,Hb_nrmse,arm_better,subject_block_1000_frozen_coordinates_exploratory
visual_cognitive_motivation,motor,center_Hb,R1_broadband,own_context,24,24,0,6,-0.17133818135162796,-0.21210177043864734,-0.1373877089270281,Hb_nrmse,arm_better,subject_block_1000_frozen_coordinates_exploratory
visual_cognitive_motivation,motor,center_Hb,R2_selected,own_context,24,24,0,6,-0.15827305003206701,-0.19897732924869868,-0.12707818880494032,Hb_nrmse,arm_better,subject_block_1000_frozen_coordinates_exploratory
visual_cognitive_motivation,motor,center_Hb,R2_zero,own_context,24,24,0,6,-0.1742731083703277,-0.21651123326168686,-0.1412590673549582,Hb_nrmse,arm_better,subject_block_1000_frozen_coordinates_exploratory
visual_cognitive_motivation,motor,center_Hb,independent,own_context,24,24,0,6,-0.08156419750773426,-0.11975972598195919,-0.05174544283818632,Hb_nrmse,arm_better,subject_block_1000_frozen_coordinates_exploratory
visual_cognitive_motivation,motor,center_Hb,ridge_cross,own_context,24,24,0,6,-0.04134746404749171,-0.0574326046601045,-0.026855655323946553,Hb_nrmse,arm_better,subject_block_1000_frozen_coordinates_exploratory
visual_cognitive_motivation,motor,center_Hb,training_template,own_context,24,24,0,6,-0.39993015908647056,-0.6031624199491633,-0.27917435844661986,Hb_nrmse,arm_better,subject_block_1000_frozen_coordinates_exploratory
visual_cognitive_motivation,motor,center_Hb,R0_PCA_refit,ridge_cross,24,24,0,6,-0.12306101337655885,-0.16911716521032447,-0.0760808930864631,Hb_nrmse,arm_better,subject_block_1000_frozen_coordinates_exploratory
visual_cognitive_motivation,motor,center_Hb,R1_broadband,ridge_cross,24,24,0,6,-0.12999071730413628,-0.17619063997901177,-0.09124298097306283,Hb_nrmse,arm_better,subject_block_1000_frozen_coordinates_exploratory
visual_cognitive_motivation,motor,center_Hb,R2_selected,ridge_cross,24,24,0,6,-0.11692558598457535,-0.15440090795006522,-0.08335738839120257,Hb_nrmse,arm_better,subject_block_1000_frozen_coordinates_exploratory
visual_cognitive_motivation,motor,center_Hb,R2_zero,ridge_cross,24,24,0,6,-0.13292564432283602,-0.17615680803448155,-0.09164457579168232,Hb_nrmse,arm_better,subject_block_1000_frozen_coordinates_exploratory
visual_cognitive_motivation,motor,center_Hb,independent,ridge_cross,24,24,0,6,-0.040216733460242564,-0.0727242046532019,-0.008514448813450613,Hb_nrmse,arm_better,subject_block_1000_frozen_coordinates_exploratory
visual_cognitive_motivation,motor,center_Hb,own_context,ridge_cross,24,24,0,6,0.04134746404749171,0.025211788226687255,0.05684333235118282,Hb_nrmse,arm_better,subject_block_1000_frozen_coordinates_exploratory
visual_cognitive_motivation,motor,center_Hb,training_template,ridge_cross,24,24,0,6,-0.3585826950389788,-0.5481600271385965,-0.2452864715126407,Hb_nrmse,arm_better,subject_block_1000_frozen_coordinates_exploratory
visual_cognitive_motivation,motor,full,R0_PCA_refit,R1_broadband,24,24,0,6,0.022101426242997917,0.004425494340828717,0.04201758804653923,Hb_nrmse,arm_better,subject_block_1000_frozen_coordinates_exploratory
visual_cognitive_motivation,motor,full,R2_selected,R1_broadband,24,24,0,6,0.007677469482531531,0.000591277897998615,0.018254277749342976,Hb_nrmse,arm_better,subject_block_1000_frozen_coordinates_exploratory
visual_cognitive_motivation,motor,full,R2_zero,R1_broadband,24,24,0,6,0.00020078388816850267,-0.0011776884249134483,0.0017157743953404385,Hb_nrmse,arm_better,subject_block_1000_frozen_coordinates_exploratory
visual_cognitive_motivation,motor,full,independent,R1_broadband,24,24,0,6,0.07590255991340095,0.0545138753479114,0.09713859817914214,Hb_nrmse,arm_better,subject_block_1000_frozen_coordinates_exploratory
visual_cognitive_motivation,motor,full,training_template,R1_broadband,24,24,0,6,-0.45180436506718413,-0.6947101735934256,-0.3054089075597057,Hb_nrmse,arm_better,subject_block_1000_frozen_coordinates_exploratory
visual_cognitive_motivation,motor,full,R1_broadband,R0_PCA_refit,24,24,0,6,-0.022101426242997917,-0.042540326640013996,-0.0039037226800820307,Hb_nrmse,arm_better,subject_block_1000_frozen_coordinates_exploratory
visual_cognitive_motivation,motor,full,R2_selected,R0_PCA_refit,24,24,0,6,-0.014423956760466386,-0.02844546787408145,0.0011166254342810508,Hb_nrmse,arm_better,subject_block_1000_frozen_coordinates_exploratory
visual_cognitive_motivation,motor,full,R2_zero,R0_PCA_refit,24,24,0,6,-0.021900642354829417,-0.040173784696237266,-0.005152726660030269,Hb_nrmse,arm_better,subject_block_1000_frozen_coordinates_exploratory
visual_cognitive_motivation,motor,full,independent,R0_PCA_refit,24,24,0,6,0.05380113367040303,0.0443777874358859,0.06340264512131426,Hb_nrmse,arm_better,subject_block_1000_frozen_coordinates_exploratory
visual_cognitive_motivation,motor,full,training_template,R0_PCA_refit,24,24,0,6,-0.4739057913101821,-0.7212455715252256,-0.31575142470366924,Hb_nrmse,arm_better,subject_block_1000_frozen_coordinates_exploratory
visual_cognitive_motivation,motor,full,R0_PCA_refit,independent,24,24,0,6,-0.05380113367040303,-0.06330788546145771,-0.04437814871557124,Hb_nrmse,arm_better,subject_block_1000_frozen_coordinates_exploratory
visual_cognitive_motivation,motor,full,R1_broadband,independent,24,24,0,6,-0.07590255991340095,-0.09728215814943854,-0.05452296167736336,Hb_nrmse,arm_better,subject_block_1000_frozen_coordinates_exploratory
visual_cognitive_motivation,motor,full,R2_selected,independent,24,24,0,6,-0.06822509043086943,-0.08640477673363382,-0.05108909736437336,Hb_nrmse,arm_better,subject_block_1000_frozen_coordinates_exploratory
visual_cognitive_motivation,motor,full,R2_zero,independent,24,24,0,6,-0.07570177602523244,-0.09568047344046315,-0.055723078610001746,Hb_nrmse,arm_better,subject_block_1000_frozen_coordinates_exploratory
visual_cognitive_motivation,motor,full,training_template,independent,24,24,0,6,-0.5277069249805851,-0.7593877068672336,-0.36739822655029303,Hb_nrmse,arm_better,subject_block_1000_frozen_coordinates_exploratory
visual_cognitive_motivation,motor,full,R0_PCA_refit,training_template,24,24,0,6,0.4739057913101821,0.3116105112893453,0.7161096342822897,Hb_nrmse,arm_better,subject_block_1000_frozen_coordinates_exploratory
visual_cognitive_motivation,motor,full,R1_broadband,training_template,24,24,0,6,0.45180436506718413,0.3022707505755311,0.6933425678539864,Hb_nrmse,arm_better,subject_block_1000_frozen_coordinates_exploratory
visual_cognitive_motivation,motor,full,R2_selected,training_template,24,24,0,6,0.45948183454971575,0.3122734129512958,0.6984678100601194,Hb_nrmse,arm_better,subject_block_1000_frozen_coordinates_exploratory
visual_cognitive_motivation,motor,full,R2_zero,training_template,24,24,0,6,0.4520051489553527,0.3013866829412508,0.6888088487604694,Hb_nrmse,arm_better,subject_block_1000_frozen_coordinates_exploratory
visual_cognitive_motivation,motor,full,independent,training_template,24,24,0,6,0.5277069249805851,0.36750138648816766,0.7624102338098091,Hb_nrmse,arm_better,subject_block_1000_frozen_coordinates_exploratory
visual_cognitive_motivation,motor,full,R0_PCA_refit,own_context,0,0,0,0,,,,Hb_nrmse,arm_better,subject_block_1000_frozen_coordinates_exploratory
visual_cognitive_motivation,motor,full,R1_broadband,own_context,0,0,0,0,,,,Hb_nrmse,arm_better,subject_block_1000_frozen_coordinates_exploratory
visual_cognitive_motivation,motor,full,R2_selected,own_context,0,0,0,0,,,,Hb_nrmse,arm_better,subject_block_1000_frozen_coordinates_exploratory
visual_cognitive_motivation,motor,full,R2_zero,own_context,0,0,0,0,,,,Hb_nrmse,arm_better,subject_block_1000_frozen_coordinates_exploratory
visual_cognitive_motivation,motor,full,independent,own_context,0,0,0,0,,,,Hb_nrmse,arm_better,subject_block_1000_frozen_coordinates_exploratory
visual_cognitive_motivation,motor,full,training_template,own_context,0,0,0,0,,,,Hb_nrmse,arm_better,subject_block_1000_frozen_coordinates_exploratory
visual_cognitive_motivation,motor,full,R0_PCA_refit,ridge_cross,0,0,0,0,,,,Hb_nrmse,arm_better,subject_block_1000_frozen_coordinates_exploratory
visual_cognitive_motivation,motor,full,R1_broadband,ridge_cross,0,0,0,0,,,,Hb_nrmse,arm_better,subject_block_1000_frozen_coordinates_exploratory
visual_cognitive_motivation,motor,full,R2_selected,ridge_cross,0,0,0,0,,,,Hb_nrmse,arm_better,subject_block_1000_frozen_coordinates_exploratory
visual_cognitive_motivation,motor,full,R2_zero,ridge_cross,0,0,0,0,,,,Hb_nrmse,arm_better,subject_block_1000_frozen_coordinates_exploratory
visual_cognitive_motivation,motor,full,independent,ridge_cross,0,0,0,0,,,,Hb_nrmse,arm_better,subject_block_1000_frozen_coordinates_exploratory
visual_cognitive_motivation,motor,full,training_template,ridge_cross,0,0,0,0,,,,Hb_nrmse,arm_better,subject_block_1000_frozen_coordinates_exploratory
visual_cognitive_motivation,posterior,HbO_hidden,R0_PCA_refit,R1_broadband,24,20,4,5,-0.1759636965208985,-0.3869633978776675,-0.02281588712354965,Hb_nrmse,arm_better,subject_block_1000_frozen_coordinates_exploratory
visual_cognitive_motivation,posterior,HbO_hidden,R2_selected,R1_broadband,24,20,4,5,0.12064101245449828,0.04800150291614503,0.21976126822668504,Hb_nrmse,arm_better,subject_block_1000_frozen_coordinates_exploratory
visual_cognitive_motivation,posterior,HbO_hidden,R2_zero,R1_broadband,24,20,4,5,-0.00942774052890738,-0.018727480888576013,0.0016478488053357568,Hb_nrmse,arm_better,subject_block_1000_frozen_coordinates_exploratory
visual_cognitive_motivation,posterior,HbO_hidden,independent,R1_broadband,24,20,4,5,0.2575104678173745,-0.01142535630529675,0.5555329583920099,Hb_nrmse,arm_better,subject_block_1000_frozen_coordinates_exploratory
visual_cognitive_motivation,posterior,HbO_hidden,own_context,R1_broadband,24,20,4,5,0.2529479342394237,0.006172317945435791,0.6133697668497495,Hb_nrmse,arm_better,subject_block_1000_frozen_coordinates_exploratory
visual_cognitive_motivation,posterior,HbO_hidden,ridge_cross,R1_broadband,24,20,4,5,0.3498993378123071,0.1526069434945707,0.6396211581514608,Hb_nrmse,arm_better,subject_block_1000_frozen_coordinates_exploratory
visual_cognitive_motivation,posterior,HbO_hidden,training_template,R1_broadband,24,20,4,5,0.2529479342394237,0.0061723179454357905,0.6133697668497494,Hb_nrmse,arm_better,subject_block_1000_frozen_coordinates_exploratory
visual_cognitive_motivation,posterior,HbO_hidden,R1_broadband,R0_PCA_refit,24,20,4,5,0.1759636965208985,0.004517546914359161,0.37447560413615594,Hb_nrmse,arm_better,subject_block_1000_frozen_coordinates_exploratory
visual_cognitive_motivation,posterior,HbO_hidden,R2_selected,R0_PCA_refit,24,20,4,5,0.2966047089753968,0.07490571499480615,0.6208259390360269,Hb_nrmse,arm_better,subject_block_1000_frozen_coordinates_exploratory
visual_cognitive_motivation,posterior,HbO_hidden,R2_zero,R0_PCA_refit,24,21,3,6,0.3422583260826075,0.0328463178122683,0.7338929443254644,Hb_nrmse,arm_better,subject_block_1000_frozen_coordinates_exploratory
visual_cognitive_motivation,posterior,HbO_hidden,independent,R0_PCA_refit,24,20,4,5,0.433474164338273,0.0627516963377185,0.9816025804435597,Hb_nrmse,arm_better,subject_block_1000_frozen_coordinates_exploratory
visual_cognitive_motivation,posterior,HbO_hidden,own_context,R0_PCA_refit,24,21,3,6,0.5676328230909131,0.1219739700696399,1.0714448664222338,Hb_nrmse,arm_better,subject_block_1000_frozen_coordinates_exploratory
visual_cognitive_motivation,posterior,HbO_hidden,ridge_cross,R0_PCA_refit,24,21,3,6,0.8192216987216674,0.23454988793704667,1.5063777064863244,Hb_nrmse,arm_better,subject_block_1000_frozen_coordinates_exploratory
visual_cognitive_motivation,posterior,HbO_hidden,training_template,R0_PCA_refit,24,21,3,6,0.5676328230909131,0.13777528297690458,1.0519931990386628,Hb_nrmse,arm_better,subject_block_1000_frozen_coordinates_exploratory
visual_cognitive_motivation,posterior,HbO_hidden,R0_PCA_refit,independent,24,20,4,5,-0.433474164338273,-0.9816025804435597,-0.0627516963377185,Hb_nrmse,arm_better,subject_block_1000_frozen_coordinates_exploratory
visual_cognitive_motivation,posterior,HbO_hidden,R1_broadband,independent,24,20,4,5,-0.2575104678173745,-0.5764509296196079,0.021630495417273642,Hb_nrmse,arm_better,subject_block_1000_frozen_coordinates_exploratory
visual_cognitive_motivation,posterior,HbO_hidden,R2_selected,independent,24,20,4,5,-0.13686945536287623,-0.3424554304894145,0.06566413208414039,Hb_nrmse,arm_better,subject_block_1000_frozen_coordinates_exploratory
visual_cognitive_motivation,posterior,HbO_hidden,R2_zero,independent,24,20,4,5,-0.26693820834628185,-0.5848179477339489,-0.02214103019086398,Hb_nrmse,arm_better,subject_block_1000_frozen_coordinates_exploratory
visual_cognitive_motivation,posterior,HbO_hidden,own_context,independent,24,20,4,5,-0.004562533577950822,-0.10113469921556861,0.09200963205966696,Hb_nrmse,arm_better,subject_block_1000_frozen_coordinates_exploratory
visual_cognitive_motivation,posterior,HbO_hidden,ridge_cross,independent,24,20,4,5,0.0923888699949326,-0.003309511684366287,0.24047075052843764,Hb_nrmse,arm_better,subject_block_1000_frozen_coordinates_exploratory
visual_cognitive_motivation,posterior,HbO_hidden,training_template,independent,24,20,4,5,-0.004562533577950822,-0.10113469921556859,0.08835501175750005,Hb_nrmse,arm_better,subject_block_1000_frozen_coordinates_exploratory
visual_cognitive_motivation,posterior,HbO_hidden,R0_PCA_refit,training_template,24,21,3,6,-0.5676328230909131,-1.0600975715051555,-0.10547917262946907,Hb_nrmse,arm_better,subject_block_1000_frozen_coordinates_exploratory
visual_cognitive_motivation,posterior,HbO_hidden,R1_broadband,training_template,24,20,4,5,-0.2529479342394237,-0.6133937872535612,-0.007133134097902366,Hb_nrmse,arm_better,subject_block_1000_frozen_coordinates_exploratory
visual_cognitive_motivation,posterior,HbO_hidden,R2_selected,training_template,24,20,4,5,-0.1323069217849254,-0.394569314775531,0.04182918497070924,Hb_nrmse,arm_better,subject_block_1000_frozen_coordinates_exploratory
visual_cognitive_motivation,posterior,HbO_hidden,R2_zero,training_template,24,21,3,6,-0.2253744970083057,-0.5207923703121453,-0.02478173057252268,Hb_nrmse,arm_better,subject_block_1000_frozen_coordinates_exploratory
visual_cognitive_motivation,posterior,HbO_hidden,independent,training_template,24,20,4,5,0.004562533577950822,-0.09200963205966696,0.10113469921556859,Hb_nrmse,arm_better,subject_block_1000_frozen_coordinates_exploratory
visual_cognitive_motivation,posterior,HbO_hidden,own_context,training_template,24,24,0,6,0.0,0.0,0.0,Hb_nrmse,arm_better,subject_block_1000_frozen_coordinates_exploratory
visual_cognitive_motivation,posterior,HbO_hidden,ridge_cross,training_template,24,24,0,6,0.56241797583964,0.05236170478955641,1.5093837649313697,Hb_nrmse,arm_better,subject_block_1000_frozen_coordinates_exploratory
visual_cognitive_motivation,posterior,HbO_hidden,R0_PCA_refit,own_context,24,21,3,6,-0.5676328230909131,-1.0598938554922952,-0.1138253295552248,Hb_nrmse,arm_better,subject_block_1000_frozen_coordinates_exploratory
visual_cognitive_motivation,posterior,HbO_hidden,R1_broadband,own_context,24,20,4,5,-0.2529479342394237,-0.6133697668497495,-0.0061723179454357905,Hb_nrmse,arm_better,subject_block_1000_frozen_coordinates_exploratory
visual_cognitive_motivation,posterior,HbO_hidden,R2_selected,own_context,24,20,4,5,-0.1323069217849254,-0.39456931477553103,0.04182918497070924,Hb_nrmse,arm_better,subject_block_1000_frozen_coordinates_exploratory
visual_cognitive_motivation,posterior,HbO_hidden,R2_zero,own_context,24,21,3,6,-0.2253744970083057,-0.5336766126594649,-0.024787914779240954,Hb_nrmse,arm_better,subject_block_1000_frozen_coordinates_exploratory
visual_cognitive_motivation,posterior,HbO_hidden,independent,own_context,24,20,4,5,0.004562533577950822,-0.09200963205966696,0.10113469921556859,Hb_nrmse,arm_better,subject_block_1000_frozen_coordinates_exploratory
visual_cognitive_motivation,posterior,HbO_hidden,ridge_cross,own_context,24,24,0,6,0.56241797583964,0.049151288390471476,1.5002931583462913,Hb_nrmse,arm_better,subject_block_1000_frozen_coordinates_exploratory
visual_cognitive_motivation,posterior,HbO_hidden,training_template,own_context,24,24,0,6,0.0,0.0,0.0,Hb_nrmse,arm_better,subject_block_1000_frozen_coordinates_exploratory
visual_cognitive_motivation,posterior,HbO_hidden,R0_PCA_refit,ridge_cross,24,21,3,6,-0.8192216987216674,-1.5684977476939617,-0.2510813138793046,Hb_nrmse,arm_better,subject_block_1000_frozen_coordinates_exploratory
visual_cognitive_motivation,posterior,HbO_hidden,R1_broadband,ridge_cross,24,20,4,5,-0.3498993378123071,-0.6396211581514609,-0.1599751887402036,Hb_nrmse,arm_better,subject_block_1000_frozen_coordinates_exploratory
visual_cognitive_motivation,posterior,HbO_hidden,R2_selected,ridge_cross,24,20,4,5,-0.2292583253578088,-0.42779193304943597,-0.09027704627487895,Hb_nrmse,arm_better,subject_block_1000_frozen_coordinates_exploratory
visual_cognitive_motivation,posterior,HbO_hidden,R2_zero,ridge_cross,24,21,3,6,-0.4769633726390599,-0.7767733697593003,-0.19629747491808028,Hb_nrmse,arm_better,subject_block_1000_frozen_coordinates_exploratory
visual_cognitive_motivation,posterior,HbO_hidden,independent,ridge_cross,24,20,4,5,-0.0923888699949326,-0.23890791050206966,0.003309511684366286,Hb_nrmse,arm_better,subject_block_1000_frozen_coordinates_exploratory
visual_cognitive_motivation,posterior,HbO_hidden,own_context,ridge_cross,24,24,0,6,-0.56241797583964,-1.5093837649313697,-0.043869159183848726,Hb_nrmse,arm_better,subject_block_1000_frozen_coordinates_exploratory
visual_cognitive_motivation,posterior,HbO_hidden,training_template,ridge_cross,24,24,0,6,-0.56241797583964,-1.5179208773727344,-0.042450195322007694,Hb_nrmse,arm_better,subject_block_1000_frozen_coordinates_exploratory
visual_cognitive_motivation,posterior,HbR_hidden,R0_PCA_refit,R1_broadband,24,21,3,6,-0.07061237909059233,-0.1818383277611219,0.024808269148660245,Hb_nrmse,arm_better,subject_block_1000_frozen_coordinates_exploratory
visual_cognitive_motivation,posterior,HbR_hidden,R2_selected,R1_broadband,24,21,3,6,0.017241090157554716,-0.005104677300731359,0.038427059360233135,Hb_nrmse,arm_better,subject_block_1000_frozen_coordinates_exploratory
visual_cognitive_motivation,posterior,HbR_hidden,R2_zero,R1_broadband,24,21,3,6,-0.008050811390720706,-0.020496640309679796,0.00252717752236171,Hb_nrmse,arm_better,subject_block_1000_frozen_coordinates_exploratory
visual_cognitive_motivation,posterior,HbR_hidden,independent,R1_broadband,24,20,4,5,0.13603570497800796,0.04563770555207608,0.3015174978652452,Hb_nrmse,arm_better,subject_block_1000_frozen_coordinates_exploratory
visual_cognitive_motivation,posterior,HbR_hidden,own_context,R1_broadband,24,21,3,6,-0.053207826437062546,-0.20957487964773128,0.1319642163466943,Hb_nrmse,arm_better,subject_block_1000_frozen_coordinates_exploratory
visual_cognitive_motivation,posterior,HbR_hidden,ridge_cross,R1_broadband,24,21,3,6,0.13623524411717763,0.015354428382814816,0.2636071755471549,Hb_nrmse,arm_better,subject_block_1000_frozen_coordinates_exploratory
visual_cognitive_motivation,posterior,HbR_hidden,training_template,R1_broadband,24,21,3,6,-0.053207826437062546,-0.1984209264285052,0.1260093878596188,Hb_nrmse,arm_better,subject_block_1000_frozen_coordinates_exploratory
visual_cognitive_motivation,posterior,HbR_hidden,R1_broadband,R0_PCA_refit,24,21,3,6,0.07061237909059233,-0.024808269148660248,0.19372901568106685,Hb_nrmse,arm_better,subject_block_1000_frozen_coordinates_exploratory
visual_cognitive_motivation,posterior,HbR_hidden,R2_selected,R0_PCA_refit,24,21,3,6,0.08785346924814706,-0.026598563328005635,0.2124991019450345,Hb_nrmse,arm_better,subject_block_1000_frozen_coordinates_exploratory
visual_cognitive_motivation,posterior,HbR_hidden,R2_zero,R0_PCA_refit,24,21,3,6,0.06256156769987163,-0.023490845779513946,0.16268009879075013,Hb_nrmse,arm_better,subject_block_1000_frozen_coordinates_exploratory
visual_cognitive_motivation,posterior,HbR_hidden,independent,R0_PCA_refit,24,20,4,5,0.18076504736801322,0.020784582322097,0.47507075024164563,Hb_nrmse,arm_better,subject_block_1000_frozen_coordinates_exploratory
visual_cognitive_motivation,posterior,HbR_hidden,own_context,R0_PCA_refit,24,22,2,6,-0.041655504716026394,-0.30596030288200915,0.26359216702513255,Hb_nrmse,arm_better,subject_block_1000_frozen_coordinates_exploratory
visual_cognitive_motivation,posterior,HbR_hidden,ridge_cross,R0_PCA_refit,24,22,2,6,0.17256082405810003,0.0018690470036982528,0.3813756518448282,Hb_nrmse,arm_better,subject_block_1000_frozen_coordinates_exploratory
visual_cognitive_motivation,posterior,HbR_hidden,training_template,R0_PCA_refit,24,22,2,6,-0.041655504716026394,-0.2949234286499611,0.2577089109698496,Hb_nrmse,arm_better,subject_block_1000_frozen_coordinates_exploratory
visual_cognitive_motivation,posterior,HbR_hidden,R0_PCA_refit,independent,24,20,4,5,-0.18076504736801322,-0.4750707502416457,-0.018196709429751462,Hb_nrmse,arm_better,subject_block_1000_frozen_coordinates_exploratory
visual_cognitive_motivation,posterior,HbR_hidden,R1_broadband,independent,24,20,4,5,-0.13603570497800796,-0.30073795958424204,-0.04558516647441445,Hb_nrmse,arm_better,subject_block_1000_frozen_coordinates_exploratory
visual_cognitive_motivation,posterior,HbR_hidden,R2_selected,independent,24,20,4,5,-0.1271794966134263,-0.281702747092229,-0.035090874557001675,Hb_nrmse,arm_better,subject_block_1000_frozen_coordinates_exploratory
visual_cognitive_motivation,posterior,HbR_hidden,R2_zero,independent,24,20,4,5,-0.14281455946185545,-0.32256232259078566,-0.04450146096419898,Hb_nrmse,arm_better,subject_block_1000_frozen_coordinates_exploratory
visual_cognitive_motivation,posterior,HbR_hidden,own_context,independent,24,20,4,5,-0.1292761891346172,-0.17858744668465398,-0.07997555265650783,Hb_nrmse,arm_better,subject_block_1000_frozen_coordinates_exploratory
visual_cognitive_motivation,posterior,HbR_hidden,ridge_cross,independent,24,20,4,5,-0.049621471384468076,-0.11448083001204602,0.020308871405962187,Hb_nrmse,arm_better,subject_block_1000_frozen_coordinates_exploratory
visual_cognitive_motivation,posterior,HbR_hidden,training_template,independent,24,20,4,5,-0.1292761891346172,-0.17857682561272653,-0.07997555265650783,Hb_nrmse,arm_better,subject_block_1000_frozen_coordinates_exploratory
visual_cognitive_motivation,posterior,HbR_hidden,R0_PCA_refit,training_template,24,22,2,6,0.041655504716026394,-0.27378880387120685,0.28881718060164147,Hb_nrmse,arm_better,subject_block_1000_frozen_coordinates_exploratory
visual_cognitive_motivation,posterior,HbR_hidden,R1_broadband,training_template,24,21,3,6,0.053207826437062546,-0.1260093878596188,0.20354965127145627,Hb_nrmse,arm_better,subject_block_1000_frozen_coordinates_exploratory
visual_cognitive_motivation,posterior,HbR_hidden,R2_selected,training_template,24,21,3,6,0.07044891659461726,-0.1204702650160927,0.25436561919532635,Hb_nrmse,arm_better,subject_block_1000_frozen_coordinates_exploratory
visual_cognitive_motivation,posterior,HbR_hidden,R2_zero,training_template,24,21,3,6,0.045157015046341835,-0.15181924927813129,0.20269019277978184,Hb_nrmse,arm_better,subject_block_1000_frozen_coordinates_exploratory
visual_cognitive_motivation,posterior,HbR_hidden,independent,training_template,24,20,4,5,0.1292761891346172,0.07997555265650783,0.17858744668465398,Hb_nrmse,arm_better,subject_block_1000_frozen_coordinates_exploratory
visual_cognitive_motivation,posterior,HbR_hidden,own_context,training_template,24,24,0,6,0.0,0.0,0.0,Hb_nrmse,arm_better,subject_block_1000_frozen_coordinates_exploratory
visual_cognitive_motivation,posterior,HbR_hidden,ridge_cross,training_template,24,24,0,6,0.36460383441530575,0.02827534251098537,0.9529004215540787,Hb_nrmse,arm_better,subject_block_1000_frozen_coordinates_exploratory
visual_cognitive_motivation,posterior,HbR_hidden,R0_PCA_refit,own_context,24,22,2,6,0.041655504716026394,-0.2577089109698497,0.30007704682672626,Hb_nrmse,arm_better,subject_block_1000_frozen_coordinates_exploratory
visual_cognitive_motivation,posterior,HbR_hidden,R1_broadband,own_context,24,21,3,6,0.053207826437062546,-0.14259989014452717,0.2096177791234962,Hb_nrmse,arm_better,subject_block_1000_frozen_coordinates_exploratory
visual_cognitive_motivation,posterior,HbR_hidden,R2_selected,own_context,24,21,3,6,0.07044891659461726,-0.12694511687338936,0.24287170407255074,Hb_nrmse,arm_better,subject_block_1000_frozen_coordinates_exploratory
visual_cognitive_motivation,posterior,HbR_hidden,R2_zero,own_context,24,21,3,6,0.045157015046341835,-0.1514624913936716,0.21490819547232853,Hb_nrmse,arm_better,subject_block_1000_frozen_coordinates_exploratory
visual_cognitive_motivation,posterior,HbR_hidden,independent,own_context,24,20,4,5,0.1292761891346172,0.07992487754832475,0.17857682561272653,Hb_nrmse,arm_better,subject_block_1000_frozen_coordinates_exploratory
visual_cognitive_motivation,posterior,HbR_hidden,ridge_cross,own_context,24,24,0,6,0.36460383441530575,0.02971624893743934,0.960609997978759,Hb_nrmse,arm_better,subject_block_1000_frozen_coordinates_exploratory
visual_cognitive_motivation,posterior,HbR_hidden,training_template,own_context,24,24,0,6,0.0,0.0,0.0,Hb_nrmse,arm_better,subject_block_1000_frozen_coordinates_exploratory
visual_cognitive_motivation,posterior,HbR_hidden,R0_PCA_refit,ridge_cross,24,22,2,6,-0.17256082405810003,-0.37397660293346363,-0.003165276687060238,Hb_nrmse,arm_better,subject_block_1000_frozen_coordinates_exploratory
visual_cognitive_motivation,posterior,HbR_hidden,R1_broadband,ridge_cross,24,21,3,6,-0.13623524411717763,-0.26360717554715496,-0.023728548873753336,Hb_nrmse,arm_better,subject_block_1000_frozen_coordinates_exploratory
visual_cognitive_motivation,posterior,HbR_hidden,R2_selected,ridge_cross,24,21,3,6,-0.11899415395962291,-0.24141892723929304,-0.01088100762691229,Hb_nrmse,arm_better,subject_block_1000_frozen_coordinates_exploratory
visual_cognitive_motivation,posterior,HbR_hidden,R2_zero,ridge_cross,24,21,3,6,-0.14428605550789833,-0.28950639494722724,-0.01830336167877162,Hb_nrmse,arm_better,subject_block_1000_frozen_coordinates_exploratory
visual_cognitive_motivation,posterior,HbR_hidden,independent,ridge_cross,24,20,4,5,0.049621471384468076,-0.010548737450352584,0.11477702126812725,Hb_nrmse,arm_better,subject_block_1000_frozen_coordinates_exploratory
visual_cognitive_motivation,posterior,HbR_hidden,own_context,ridge_cross,24,24,0,6,-0.36460383441530575,-0.9507107847608601,-0.03179009553030851,Hb_nrmse,arm_better,subject_block_1000_frozen_coordinates_exploratory
visual_cognitive_motivation,posterior,HbR_hidden,training_template,ridge_cross,24,24,0,6,-0.36460383441530575,-0.9529004215540787,-0.03188180710847766,Hb_nrmse,arm_better,subject_block_1000_frozen_coordinates_exploratory
visual_cognitive_motivation,posterior,Hb_hidden,R0_PCA_refit,R1_broadband,24,24,0,6,-0.28396481432586745,-0.7281361403586067,-0.002309319504112501,Hb_nrmse,arm_better,subject_block_1000_frozen_coordinates_exploratory
visual_cognitive_motivation,posterior,Hb_hidden,R2_selected,R1_broadband,24,24,0,6,0.10133637064846111,0.04457285323669365,0.1688873577301842,Hb_nrmse,arm_better,subject_block_1000_frozen_coordinates_exploratory
visual_cognitive_motivation,posterior,Hb_hidden,R2_zero,R1_broadband,24,24,0,6,-0.01626640289953387,-0.027299400733183283,-0.006059660710407861,Hb_nrmse,arm_better,subject_block_1000_frozen_coordinates_exploratory
visual_cognitive_motivation,posterior,Hb_hidden,independent,R1_broadband,24,24,0,6,0.3881040257803127,0.08340420796696361,0.872492175281558,Hb_nrmse,arm_better,subject_block_1000_frozen_coordinates_exploratory
visual_cognitive_motivation,posterior,Hb_hidden,own_context,R1_broadband,24,24,0,6,0.31099459385434103,0.012889028174238407,0.7920772000537019,Hb_nrmse,arm_better,subject_block_1000_frozen_coordinates_exploratory
visual_cognitive_motivation,posterior,Hb_hidden,ridge_cross,R1_broadband,24,24,0,6,0.2504973927912572,-0.037803957796044584,0.7423249507633082,Hb_nrmse,arm_better,subject_block_1000_frozen_coordinates_exploratory
visual_cognitive_motivation,posterior,Hb_hidden,training_template,R1_broadband,24,24,0,6,0.31099459385434103,0.01283886512760049,0.7968260653311422,Hb_nrmse,arm_better,subject_block_1000_frozen_coordinates_exploratory
visual_cognitive_motivation,posterior,Hb_hidden,R1_broadband,R0_PCA_refit,24,24,0,6,0.28396481432586745,-0.0051966271304136795,0.7456525929740984,Hb_nrmse,arm_better,subject_block_1000_frozen_coordinates_exploratory
visual_cognitive_motivation,posterior,Hb_hidden,R2_selected,R0_PCA_refit,24,24,0,6,0.38530118497432847,0.04566373250641163,0.9126874930939439,Hb_nrmse,arm_better,subject_block_1000_frozen_coordinates_exploratory
visual_cognitive_motivation,posterior,Hb_hidden,R2_zero,R0_PCA_refit,24,24,0,6,0.2676984114263336,-0.004344280753454668,0.719710566340471,Hb_nrmse,arm_better,subject_block_1000_frozen_coordinates_exploratory
visual_cognitive_motivation,posterior,Hb_hidden,independent,R0_PCA_refit,24,24,0,6,0.6720688401061801,0.100407951199401,1.6199496362637307,Hb_nrmse,arm_better,subject_block_1000_frozen_coordinates_exploratory
visual_cognitive_motivation,posterior,Hb_hidden,own_context,R0_PCA_refit,24,24,0,6,0.5949594081802084,0.0322978222639148,1.5532468033717786,Hb_nrmse,arm_better,subject_block_1000_frozen_coordinates_exploratory
visual_cognitive_motivation,posterior,Hb_hidden,ridge_cross,R0_PCA_refit,24,24,0,6,0.5344622071171247,-0.020659028728788057,1.4602118631419612,Hb_nrmse,arm_better,subject_block_1000_frozen_coordinates_exploratory
visual_cognitive_motivation,posterior,Hb_hidden,training_template,R0_PCA_refit,24,24,0,6,0.5949594081802084,0.0322978222639148,1.5511816797850608,Hb_nrmse,arm_better,subject_block_1000_frozen_coordinates_exploratory
visual_cognitive_motivation,posterior,Hb_hidden,R0_PCA_refit,independent,24,24,0,6,-0.6720688401061801,-1.6307915698670825,-0.10047700266478303,Hb_nrmse,arm_better,subject_block_1000_frozen_coordinates_exploratory
visual_cognitive_motivation,posterior,Hb_hidden,R1_broadband,independent,24,24,0,6,-0.3881040257803127,-0.8912403734578598,-0.08342302041671197,Hb_nrmse,arm_better,subject_block_1000_frozen_coordinates_exploratory
visual_cognitive_motivation,posterior,Hb_hidden,R2_selected,independent,24,24,0,6,-0.2867676551318516,-0.725038129645364,-0.03622710838932802,Hb_nrmse,arm_better,subject_block_1000_frozen_coordinates_exploratory
visual_cognitive_motivation,posterior,Hb_hidden,R2_zero,independent,24,24,0,6,-0.40437042867984657,-0.924207551693228,-0.09557467183325631,Hb_nrmse,arm_better,subject_block_1000_frozen_coordinates_exploratory
visual_cognitive_motivation,posterior,Hb_hidden,own_context,independent,24,24,0,6,-0.07710943192597165,-0.12510452545030548,-0.026297431803754958,Hb_nrmse,arm_better,subject_block_1000_frozen_coordinates_exploratory
visual_cognitive_motivation,posterior,Hb_hidden,ridge_cross,independent,24,24,0,6,-0.13760663298905548,-0.18949689299730027,-0.07974938692603822,Hb_nrmse,arm_better,subject_block_1000_frozen_coordinates_exploratory
visual_cognitive_motivation,posterior,Hb_hidden,training_template,independent,24,24,0,6,-0.07710943192597165,-0.12990766714841628,-0.028795334207238,Hb_nrmse,arm_better,subject_block_1000_frozen_coordinates_exploratory
visual_cognitive_motivation,posterior,Hb_hidden,R0_PCA_refit,training_template,24,24,0,6,-0.5949594081802084,-1.53055338144495,-0.03441589773747139,Hb_nrmse,arm_better,subject_block_1000_frozen_coordinates_exploratory
visual_cognitive_motivation,posterior,Hb_hidden,R1_broadband,training_template,24,24,0,6,-0.31099459385434103,-0.7970501472576038,-0.015161757066860246,Hb_nrmse,arm_better,subject_block_1000_frozen_coordinates_exploratory
visual_cognitive_motivation,posterior,Hb_hidden,R2_selected,training_template,24,24,0,6,-0.20965822320587993,-0.6302199774171476,0.040916396744596795,Hb_nrmse,arm_better,subject_block_1000_frozen_coordinates_exploratory
visual_cognitive_motivation,posterior,Hb_hidden,R2_zero,training_template,24,24,0,6,-0.3272609967538749,-0.821755381583139,-0.023981373170852256,Hb_nrmse,arm_better,subject_block_1000_frozen_coordinates_exploratory
visual_cognitive_motivation,posterior,Hb_hidden,independent,training_template,24,24,0,6,0.07710943192597165,0.031401146480645785,0.12669689881760424,Hb_nrmse,arm_better,subject_block_1000_frozen_coordinates_exploratory
visual_cognitive_motivation,posterior,Hb_hidden,own_context,training_template,24,24,0,6,0.0,0.0,0.0,Hb_nrmse,arm_better,subject_block_1000_frozen_coordinates_exploratory
visual_cognitive_motivation,posterior,Hb_hidden,ridge_cross,training_template,24,24,0,6,-0.060497201063083816,-0.07846376626374783,-0.04561922409463091,Hb_nrmse,arm_better,subject_block_1000_frozen_coordinates_exploratory
visual_cognitive_motivation,posterior,Hb_hidden,R0_PCA_refit,own_context,24,24,0,6,-0.5949594081802084,-1.551128727898222,-0.04168268154005169,Hb_nrmse,arm_better,subject_block_1000_frozen_coordinates_exploratory
visual_cognitive_motivation,posterior,Hb_hidden,R1_broadband,own_context,24,24,0,6,-0.31099459385434103,-0.8058461606119209,-0.015161757066860246,Hb_nrmse,arm_better,subject_block_1000_frozen_coordinates_exploratory
visual_cognitive_motivation,posterior,Hb_hidden,R2_selected,own_context,24,24,0,6,-0.20965822320587993,-0.6405988805064524,0.040882221833094756,Hb_nrmse,arm_better,subject_block_1000_frozen_coordinates_exploratory
visual_cognitive_motivation,posterior,Hb_hidden,R2_zero,own_context,24,24,0,6,-0.3272609967538749,-0.8331945452224533,-0.02443499753214832,Hb_nrmse,arm_better,subject_block_1000_frozen_coordinates_exploratory
visual_cognitive_motivation,posterior,Hb_hidden,independent,own_context,24,24,0,6,0.07710943192597165,0.028795334207238,0.13031704057512503,Hb_nrmse,arm_better,subject_block_1000_frozen_coordinates_exploratory
visual_cognitive_motivation,posterior,Hb_hidden,ridge_cross,own_context,24,24,0,6,-0.060497201063083816,-0.07846376626374783,-0.04487326149177196,Hb_nrmse,arm_better,subject_block_1000_frozen_coordinates_exploratory
visual_cognitive_motivation,posterior,Hb_hidden,training_template,own_context,24,24,0,6,0.0,0.0,0.0,Hb_nrmse,arm_better,subject_block_1000_frozen_coordinates_exploratory
visual_cognitive_motivation,posterior,Hb_hidden,R0_PCA_refit,ridge_cross,24,24,0,6,-0.5344622071171247,-1.465142047466263,0.022193035392329,Hb_nrmse,arm_better,subject_block_1000_frozen_coordinates_exploratory
visual_cognitive_motivation,posterior,Hb_hidden,R1_broadband,ridge_cross,24,24,0,6,-0.2504973927912572,-0.7414820484759976,0.037795093925842606,Hb_nrmse,arm_better,subject_block_1000_frozen_coordinates_exploratory
visual_cognitive_motivation,posterior,Hb_hidden,R2_selected,ridge_cross,24,24,0,6,-0.14916102214279614,-0.5744936200086056,0.09166658916082561,Hb_nrmse,arm_better,subject_block_1000_frozen_coordinates_exploratory
visual_cognitive_motivation,posterior,Hb_hidden,R2_zero,ridge_cross,24,24,0,6,-0.2667637956907911,-0.7757505103284694,0.026302915395808316,Hb_nrmse,arm_better,subject_block_1000_frozen_coordinates_exploratory
visual_cognitive_motivation,posterior,Hb_hidden,independent,ridge_cross,24,24,0,6,0.13760663298905548,0.0794555113456006,0.18675363418853377,Hb_nrmse,arm_better,subject_block_1000_frozen_coordinates_exploratory
visual_cognitive_motivation,posterior,Hb_hidden,own_context,ridge_cross,24,24,0,6,0.060497201063083816,0.045871736935044975,0.07638592165195197,Hb_nrmse,arm_better,subject_block_1000_frozen_coordinates_exploratory
visual_cognitive_motivation,posterior,Hb_hidden,training_template,ridge_cross,24,24,0,6,0.060497201063083816,0.04581941283472942,0.07712458463124833,Hb_nrmse,arm_better,subject_block_1000_frozen_coordinates_exploratory
visual_cognitive_motivation,posterior,center_Hb,R0_PCA_refit,R1_broadband,24,20,4,5,-0.04154829707005446,-0.08961645459177395,-0.008606326652678594,Hb_nrmse,arm_better,subject_block_1000_frozen_coordinates_exploratory
visual_cognitive_motivation,posterior,center_Hb,R2_selected,R1_broadband,24,20,4,5,0.014452991473830296,-0.011755846542028657,0.0436027861217916,Hb_nrmse,arm_better,subject_block_1000_frozen_coordinates_exploratory
visual_cognitive_motivation,posterior,center_Hb,R2_zero,R1_broadband,24,20,4,5,-0.005464876910796112,-0.017842892074461804,0.006236506094403146,Hb_nrmse,arm_better,subject_block_1000_frozen_coordinates_exploratory
visual_cognitive_motivation,posterior,center_Hb,independent,R1_broadband,24,20,4,5,0.10391500606364064,0.05766524305437894,0.16253317555762478,Hb_nrmse,arm_better,subject_block_1000_frozen_coordinates_exploratory
visual_cognitive_motivation,posterior,center_Hb,own_context,R1_broadband,24,20,4,5,0.13657441470157228,0.07313037231903115,0.22490166500690942,Hb_nrmse,arm_better,subject_block_1000_frozen_coordinates_exploratory
visual_cognitive_motivation,posterior,center_Hb,ridge_cross,R1_broadband,24,20,4,5,0.11222145844004265,0.055075978900388914,0.19805003143084884,Hb_nrmse,arm_better,subject_block_1000_frozen_coordinates_exploratory
visual_cognitive_motivation,posterior,center_Hb,training_template,R1_broadband,24,20,4,5,-0.006093082970612548,-0.04675946644776497,0.034910496618119194,Hb_nrmse,arm_better,subject_block_1000_frozen_coordinates_exploratory
visual_cognitive_motivation,posterior,center_Hb,R1_broadband,R0_PCA_refit,24,20,4,5,0.04154829707005446,0.008606326652678596,0.08961645459177395,Hb_nrmse,arm_better,subject_block_1000_frozen_coordinates_exploratory
visual_cognitive_motivation,posterior,center_Hb,R2_selected,R0_PCA_refit,24,20,4,5,0.05600128854388475,0.007453409460213141,0.09490882182202916,Hb_nrmse,arm_better,subject_block_1000_frozen_coordinates_exploratory
visual_cognitive_motivation,posterior,center_Hb,R2_zero,R0_PCA_refit,24,20,4,5,0.03608342015925835,0.01401064060506461,0.0727319034413975,Hb_nrmse,arm_better,subject_block_1000_frozen_coordinates_exploratory
visual_cognitive_motivation,posterior,center_Hb,independent,R0_PCA_refit,24,20,4,5,0.1454633031336951,0.08251085140074556,0.25542956586067006,Hb_nrmse,arm_better,subject_block_1000_frozen_coordinates_exploratory
visual_cognitive_motivation,posterior,center_Hb,own_context,R0_PCA_refit,24,21,3,6,0.3711849532782335,0.10705766616748076,0.7789207839091765,Hb_nrmse,arm_better,subject_block_1000_frozen_coordinates_exploratory
visual_cognitive_motivation,posterior,center_Hb,ridge_cross,R0_PCA_refit,24,21,3,6,0.34289346277796695,0.07997998756824158,0.7427482307118441,Hb_nrmse,arm_better,subject_block_1000_frozen_coordinates_exploratory
visual_cognitive_motivation,posterior,center_Hb,training_template,R0_PCA_refit,24,21,3,6,0.17356405371549896,-0.013419011753711433,0.4627684005486313,Hb_nrmse,arm_better,subject_block_1000_frozen_coordinates_exploratory
visual_cognitive_motivation,posterior,center_Hb,R0_PCA_refit,independent,24,20,4,5,-0.1454633031336951,-0.25100814479023537,-0.08201977838442745,Hb_nrmse,arm_better,subject_block_1000_frozen_coordinates_exploratory
visual_cognitive_motivation,posterior,center_Hb,R1_broadband,independent,24,20,4,5,-0.10391500606364064,-0.16813967903778626,-0.05766524305437894,Hb_nrmse,arm_better,subject_block_1000_frozen_coordinates_exploratory
visual_cognitive_motivation,posterior,center_Hb,R2_selected,independent,24,20,4,5,-0.08946201458981036,-0.17175063292794884,-0.021224135418282688,Hb_nrmse,arm_better,subject_block_1000_frozen_coordinates_exploratory
visual_cognitive_motivation,posterior,center_Hb,R2_zero,independent,24,20,4,5,-0.10937988297443675,-0.1787051082654983,-0.06157703639063022,Hb_nrmse,arm_better,subject_block_1000_frozen_coordinates_exploratory
visual_cognitive_motivation,posterior,center_Hb,own_context,independent,24,20,4,5,0.032659408637931625,0.004603867934697539,0.06356311637228809,Hb_nrmse,arm_better,subject_block_1000_frozen_coordinates_exploratory
visual_cognitive_motivation,posterior,center_Hb,ridge_cross,independent,24,20,4,5,0.008306452376401995,-0.016355021712896354,0.03490232186058107,Hb_nrmse,arm_better,subject_block_1000_frozen_coordinates_exploratory
visual_cognitive_motivation,posterior,center_Hb,training_template,independent,24,20,4,5,-0.11000808903425321,-0.148762301766034,-0.0712538763024724,Hb_nrmse,arm_better,subject_block_1000_frozen_coordinates_exploratory
visual_cognitive_motivation,posterior,center_Hb,R0_PCA_refit,training_template,24,21,3,6,-0.17356405371549896,-0.46342460873877145,0.013708564507569463,Hb_nrmse,arm_better,subject_block_1000_frozen_coordinates_exploratory
visual_cognitive_motivation,posterior,center_Hb,R1_broadband,training_template,24,20,4,5,0.006093082970612548,-0.03847021573185718,0.04749219827679642,Hb_nrmse,arm_better,subject_block_1000_frozen_coordinates_exploratory
visual_cognitive_motivation,posterior,center_Hb,R2_selected,training_template,24,20,4,5,0.020546074444442845,-0.04632914704856853,0.08742129593745422,Hb_nrmse,arm_better,subject_block_1000_frozen_coordinates_exploratory
visual_cognitive_motivation,posterior,center_Hb,R2_zero,training_template,24,20,4,5,0.0006282060598164386,-0.046460647485497476,0.04435517204400798,Hb_nrmse,arm_better,subject_block_1000_frozen_coordinates_exploratory
visual_cognitive_motivation,posterior,center_Hb,independent,training_template,24,20,4,5,0.11000808903425321,0.0712538763024724,0.14850165928505138,Hb_nrmse,arm_better,subject_block_1000_frozen_coordinates_exploratory
visual_cognitive_motivation,posterior,center_Hb,own_context,training_template,24,24,0,6,3.3717525477488652,0.10015868656393839,9.837583774841917,Hb_nrmse,arm_better,subject_block_1000_frozen_coordinates_exploratory
visual_cognitive_motivation,posterior,center_Hb,ridge_cross,training_template,24,24,0,6,3.128461180681969,0.07650167704279516,9.15706219482714,Hb_nrmse,arm_better,subject_block_1000_frozen_coordinates_exploratory
visual_cognitive_motivation,posterior,center_Hb,R0_PCA_refit,own_context,24,21,3,6,-0.3711849532782335,-0.788286202623555,-0.10706874503071473,Hb_nrmse,arm_better,subject_block_1000_frozen_coordinates_exploratory
visual_cognitive_motivation,posterior,center_Hb,R1_broadband,own_context,24,20,4,5,-0.13657441470157228,-0.22490166500690942,-0.07391221848386248,Hb_nrmse,arm_better,subject_block_1000_frozen_coordinates_exploratory
visual_cognitive_motivation,posterior,center_Hb,R2_selected,own_context,24,20,4,5,-0.12212142322774197,-0.2240477476037956,-0.050870576394197765,Hb_nrmse,arm_better,subject_block_1000_frozen_coordinates_exploratory
visual_cognitive_motivation,posterior,center_Hb,R2_zero,own_context,24,20,4,5,-0.1420392916123684,-0.24133906475324135,-0.07744618908008025,Hb_nrmse,arm_better,subject_block_1000_frozen_coordinates_exploratory
visual_cognitive_motivation,posterior,center_Hb,independent,own_context,24,20,4,5,-0.032659408637931625,-0.06297574392859036,-0.004603867934697539,Hb_nrmse,arm_better,subject_block_1000_frozen_coordinates_exploratory
visual_cognitive_motivation,posterior,center_Hb,ridge_cross,own_context,24,24,0,6,-0.24329136706689514,-0.6820680964214197,-0.01692749825292995,Hb_nrmse,arm_better,subject_block_1000_frozen_coordinates_exploratory
visual_cognitive_motivation,posterior,center_Hb,training_template,own_context,24,24,0,6,-3.3717525477488652,-9.838087462172345,-0.10560633143109248,Hb_nrmse,arm_better,subject_block_1000_frozen_coordinates_exploratory
visual_cognitive_motivation,posterior,center_Hb,R0_PCA_refit,ridge_cross,24,21,3,6,-0.34289346277796695,-0.7335728729749563,-0.0793085856809314,Hb_nrmse,arm_better,subject_block_1000_frozen_coordinates_exploratory
visual_cognitive_motivation,posterior,center_Hb,R1_broadband,ridge_cross,24,20,4,5,-0.11222145844004265,-0.19805003143084893,-0.05371834175104029,Hb_nrmse,arm_better,subject_block_1000_frozen_coordinates_exploratory
visual_cognitive_motivation,posterior,center_Hb,R2_selected,ridge_cross,24,20,4,5,-0.09776846696621236,-0.20286584932554197,-0.0285823179191393,Hb_nrmse,arm_better,subject_block_1000_frozen_coordinates_exploratory
visual_cognitive_motivation,posterior,center_Hb,R2_zero,ridge_cross,24,20,4,5,-0.11768633535083875,-0.21460447969780647,-0.05440266895311704,Hb_nrmse,arm_better,subject_block_1000_frozen_coordinates_exploratory
visual_cognitive_motivation,posterior,center_Hb,independent,ridge_cross,24,20,4,5,-0.008306452376401995,-0.038875083831849795,0.016355021712896354,Hb_nrmse,arm_better,subject_block_1000_frozen_coordinates_exploratory
visual_cognitive_motivation,posterior,center_Hb,own_context,ridge_cross,24,24,0,6,0.24329136706689514,0.016925302414396715,0.6842450105245746,Hb_nrmse,arm_better,subject_block_1000_frozen_coordinates_exploratory
visual_cognitive_motivation,posterior,center_Hb,training_template,ridge_cross,24,24,0,6,-3.128461180681969,-9.158028835297705,-0.07616625909741986,Hb_nrmse,arm_better,subject_block_1000_frozen_coordinates_exploratory
visual_cognitive_motivation,posterior,full,R0_PCA_refit,R1_broadband,24,21,3,6,0.04168811967938971,-0.004646711990119795,0.1228672462899193,Hb_nrmse,arm_better,subject_block_1000_frozen_coordinates_exploratory
visual_cognitive_motivation,posterior,full,R2_selected,R1_broadband,24,20,4,5,0.010438601745172266,0.003225153612942999,0.017652049877401533,Hb_nrmse,arm_better,subject_block_1000_frozen_coordinates_exploratory
visual_cognitive_motivation,posterior,full,R2_zero,R1_broadband,24,21,3,6,0.00016063159969791942,-0.0021517399488306587,0.0033627505386608614,Hb_nrmse,arm_better,subject_block_1000_frozen_coordinates_exploratory
visual_cognitive_motivation,posterior,full,independent,R1_broadband,24,20,4,5,0.049589088715049884,0.036388435437660564,0.06283432799257564,Hb_nrmse,arm_better,subject_block_1000_frozen_coordinates_exploratory
visual_cognitive_motivation,posterior,full,training_template,R1_broadband,24,21,3,6,-0.9368528519632641,-2.4664012392446844,-0.11603034634350277,Hb_nrmse,arm_better,subject_block_1000_frozen_coordinates_exploratory
visual_cognitive_motivation,posterior,full,R1_broadband,R0_PCA_refit,24,21,3,6,-0.04168811967938971,-0.1246486750979506,0.004646711990119795,Hb_nrmse,arm_better,subject_block_1000_frozen_coordinates_exploratory
visual_cognitive_motivation,posterior,full,R2_selected,R0_PCA_refit,24,20,4,5,0.009204716373048667,0.004851670627725302,0.014206443601854224,Hb_nrmse,arm_better,subject_block_1000_frozen_coordinates_exploratory
visual_cognitive_motivation,posterior,full,R2_zero,R0_PCA_refit,24,21,3,6,-0.04152748807969178,-0.1229861832387019,0.003730623992086695,Hb_nrmse,arm_better,subject_block_1000_frozen_coordinates_exploratory
visual_cognitive_motivation,posterior,full,independent,R0_PCA_refit,24,20,4,5,0.04835520334292629,0.03797737815800427,0.06039528120428293,Hb_nrmse,arm_better,subject_block_1000_frozen_coordinates_exploratory
visual_cognitive_motivation,posterior,full,training_template,R0_PCA_refit,24,21,3,6,-0.9785409716426537,-2.6065281681074617,-0.11761830146853537,Hb_nrmse,arm_better,subject_block_1000_frozen_coordinates_exploratory
visual_cognitive_motivation,posterior,full,R0_PCA_refit,independent,24,20,4,5,-0.04835520334292629,-0.060395281204282926,-0.03797737815800427,Hb_nrmse,arm_better,subject_block_1000_frozen_coordinates_exploratory
visual_cognitive_motivation,posterior,full,R1_broadband,independent,24,20,4,5,-0.049589088715049884,-0.06284679923236414,-0.035540837146824746,Hb_nrmse,arm_better,subject_block_1000_frozen_coordinates_exploratory
visual_cognitive_motivation,posterior,full,R2_selected,independent,24,20,4,5,-0.039150486969877614,-0.04884106575092443,-0.03203122298186999,Hb_nrmse,arm_better,subject_block_1000_frozen_coordinates_exploratory
visual_cognitive_motivation,posterior,full,R2_zero,independent,24,20,4,5,-0.05089225806416525,-0.06398528557562638,-0.037026686294837394,Hb_nrmse,arm_better,subject_block_1000_frozen_coordinates_exploratory
visual_cognitive_motivation,posterior,full,training_template,independent,24,20,4,5,-0.22281907046716407,-0.3067113499288088,-0.12822644127721256,Hb_nrmse,arm_better,subject_block_1000_frozen_coordinates_exploratory
visual_cognitive_motivation,posterior,full,R0_PCA_refit,training_template,24,21,3,6,0.9785409716426537,0.12038945721452239,2.609395870220026,Hb_nrmse,arm_better,subject_block_1000_frozen_coordinates_exploratory
visual_cognitive_motivation,posterior,full,R1_broadband,training_template,24,21,3,6,0.9368528519632641,0.10768775669667296,2.4701778383215585,Hb_nrmse,arm_better,subject_block_1000_frozen_coordinates_exploratory
visual_cognitive_motivation,posterior,full,R2_selected,training_template,24,20,4,5,0.1836685834972865,0.09364824078440012,0.264258500989954,Hb_nrmse,arm_better,subject_block_1000_frozen_coordinates_exploratory
visual_cognitive_motivation,posterior,full,R2_zero,training_template,24,21,3,6,0.9370134835629619,0.11087513702935708,2.488831730596628,Hb_nrmse,arm_better,subject_block_1000_frozen_coordinates_exploratory
visual_cognitive_motivation,posterior,full,independent,training_template,24,20,4,5,0.22281907046716407,0.1334234651115488,0.31000584739148634,Hb_nrmse,arm_better,subject_block_1000_frozen_coordinates_exploratory
visual_cognitive_motivation,posterior,full,R0_PCA_refit,own_context,0,0,0,0,,,,Hb_nrmse,arm_better,subject_block_1000_frozen_coordinates_exploratory
visual_cognitive_motivation,posterior,full,R1_broadband,own_context,0,0,0,0,,,,Hb_nrmse,arm_better,subject_block_1000_frozen_coordinates_exploratory
visual_cognitive_motivation,posterior,full,R2_selected,own_context,0,0,0,0,,,,Hb_nrmse,arm_better,subject_block_1000_frozen_coordinates_exploratory
visual_cognitive_motivation,posterior,full,R2_zero,own_context,0,0,0,0,,,,Hb_nrmse,arm_better,subject_block_1000_frozen_coordinates_exploratory
visual_cognitive_motivation,posterior,full,independent,own_context,0,0,0,0,,,,Hb_nrmse,arm_better,subject_block_1000_frozen_coordinates_exploratory
visual_cognitive_motivation,posterior,full,training_template,own_context,0,0,0,0,,,,Hb_nrmse,arm_better,subject_block_1000_frozen_coordinates_exploratory
visual_cognitive_motivation,posterior,full,R0_PCA_refit,ridge_cross,0,0,0,0,,,,Hb_nrmse,arm_better,subject_block_1000_frozen_coordinates_exploratory
visual_cognitive_motivation,posterior,full,R1_broadband,ridge_cross,0,0,0,0,,,,Hb_nrmse,arm_better,subject_block_1000_frozen_coordinates_exploratory
visual_cognitive_motivation,posterior,full,R2_selected,ridge_cross,0,0,0,0,,,,Hb_nrmse,arm_better,subject_block_1000_frozen_coordinates_exploratory
visual_cognitive_motivation,posterior,full,R2_zero,ridge_cross,0,0,0,0,,,,Hb_nrmse,arm_better,subject_block_1000_frozen_coordinates_exploratory
visual_cognitive_motivation,posterior,full,independent,ridge_cross,0,0,0,0,,,,Hb_nrmse,arm_better,subject_block_1000_frozen_coordinates_exploratory
visual_cognitive_motivation,posterior,full,training_template,ridge_cross,0,0,0,0,,,,Hb_nrmse,arm_better,subject_block_1000_frozen_coordinates_exploratory
visual_cognitive_motivation,prefrontal,HbO_hidden,R0_PCA_refit,R1_broadband,24,24,0,6,0.016815031620778177,-0.07586849407492598,0.10854965720498626,Hb_nrmse,arm_better,subject_block_1000_frozen_coordinates_exploratory
visual_cognitive_motivation,prefrontal,HbO_hidden,R2_selected,R1_broadband,24,24,0,6,0.043184384084520834,-0.004558965638526251,0.09997084668377404,Hb_nrmse,arm_better,subject_block_1000_frozen_coordinates_exploratory
visual_cognitive_motivation,prefrontal,HbO_hidden,R2_zero,R1_broadband,24,24,0,6,-0.002946728666752251,-0.008890523588295103,0.006433400734437556,Hb_nrmse,arm_better,subject_block_1000_frozen_coordinates_exploratory
visual_cognitive_motivation,prefrontal,HbO_hidden,independent,R1_broadband,24,24,0,6,0.05996170084492,-0.09853359307077773,0.22861446426889545,Hb_nrmse,arm_better,subject_block_1000_frozen_coordinates_exploratory
visual_cognitive_motivation,prefrontal,HbO_hidden,own_context,R1_broadband,24,24,0,6,0.11264718937400063,-0.07609433005243814,0.29245200847785574,Hb_nrmse,arm_better,subject_block_1000_frozen_coordinates_exploratory
visual_cognitive_motivation,prefrontal,HbO_hidden,ridge_cross,R1_broadband,24,24,0,6,0.17078527504700847,0.03856845243584651,0.3059330143331569,Hb_nrmse,arm_better,subject_block_1000_frozen_coordinates_exploratory
visual_cognitive_motivation,prefrontal,HbO_hidden,training_template,R1_broadband,24,24,0,6,0.11264718937400063,-0.05469990183769768,0.28219390248492804,Hb_nrmse,arm_better,subject_block_1000_frozen_coordinates_exploratory
visual_cognitive_motivation,prefrontal,HbO_hidden,R1_broadband,R0_PCA_refit,24,24,0,6,-0.016815031620778177,-0.10636355484060235,0.0910674026889437,Hb_nrmse,arm_better,subject_block_1000_frozen_coordinates_exploratory
visual_cognitive_motivation,prefrontal,HbO_hidden,R2_selected,R0_PCA_refit,24,24,0,6,0.02636935246374268,-0.03885779384837351,0.09974573601463202,Hb_nrmse,arm_better,subject_block_1000_frozen_coordinates_exploratory
visual_cognitive_motivation,prefrontal,HbO_hidden,R2_zero,R0_PCA_refit,24,24,0,6,-0.01976176028753042,-0.10117503142329883,0.07773317202214707,Hb_nrmse,arm_better,subject_block_1000_frozen_coordinates_exploratory
visual_cognitive_motivation,prefrontal,HbO_hidden,independent,R0_PCA_refit,24,24,0,6,0.04314666922414184,-0.10596288461797941,0.18495410921011837,Hb_nrmse,arm_better,subject_block_1000_frozen_coordinates_exploratory
visual_cognitive_motivation,prefrontal,HbO_hidden,own_context,R0_PCA_refit,24,24,0,6,0.09583215775322246,-0.08168737148104464,0.2517394393003532,Hb_nrmse,arm_better,subject_block_1000_frozen_coordinates_exploratory
visual_cognitive_motivation,prefrontal,HbO_hidden,ridge_cross,R0_PCA_refit,24,24,0,6,0.15397024342623028,-0.0139943200998361,0.28531162262922793,Hb_nrmse,arm_better,subject_block_1000_frozen_coordinates_exploratory
visual_cognitive_motivation,prefrontal,HbO_hidden,training_template,R0_PCA_refit,24,24,0,6,0.09583215775322246,-0.07932020857267927,0.25466430126954986,Hb_nrmse,arm_better,subject_block_1000_frozen_coordinates_exploratory
visual_cognitive_motivation,prefrontal,HbO_hidden,R0_PCA_refit,independent,24,24,0,6,-0.04314666922414184,-0.19100384234060744,0.10858361958518964,Hb_nrmse,arm_better,subject_block_1000_frozen_coordinates_exploratory
visual_cognitive_motivation,prefrontal,HbO_hidden,R1_broadband,independent,24,24,0,6,-0.05996170084492,-0.22038677503301596,0.09853359307077773,Hb_nrmse,arm_better,subject_block_1000_frozen_coordinates_exploratory
visual_cognitive_motivation,prefrontal,HbO_hidden,R2_selected,independent,24,24,0,6,-0.016777316760399175,-0.13441644143243447,0.09974070650697527,Hb_nrmse,arm_better,subject_block_1000_frozen_coordinates_exploratory
visual_cognitive_motivation,prefrontal,HbO_hidden,R2_zero,independent,24,24,0,6,-0.06290842951167228,-0.22416991557906382,0.09078170479249463,Hb_nrmse,arm_better,subject_block_1000_frozen_coordinates_exploratory
visual_cognitive_motivation,prefrontal,HbO_hidden,own_context,independent,24,24,0,6,0.052685488529080615,-0.16078504729798054,0.25161363377793133,Hb_nrmse,arm_better,subject_block_1000_frozen_coordinates_exploratory
visual_cognitive_motivation,prefrontal,HbO_hidden,ridge_cross,independent,24,24,0,6,0.11082357420208844,-0.10365887773566529,0.3095719444408519,Hb_nrmse,arm_better,subject_block_1000_frozen_coordinates_exploratory
visual_cognitive_motivation,prefrontal,HbO_hidden,training_template,independent,24,24,0,6,0.052685488529080615,-0.17501432055221702,0.24336264662756107,Hb_nrmse,arm_better,subject_block_1000_frozen_coordinates_exploratory
visual_cognitive_motivation,prefrontal,HbO_hidden,R0_PCA_refit,training_template,24,24,0,6,-0.09583215775322246,-0.25458769169119844,0.08488160960867501,Hb_nrmse,arm_better,subject_block_1000_frozen_coordinates_exploratory
visual_cognitive_motivation,prefrontal,HbO_hidden,R1_broadband,training_template,24,24,0,6,-0.11264718937400063,-0.28207889259954705,0.05683796544164441,Hb_nrmse,arm_better,subject_block_1000_frozen_coordinates_exploratory
visual_cognitive_motivation,prefrontal,HbO_hidden,R2_selected,training_template,24,24,0,6,-0.06946280528947978,-0.21617395595166508,0.08002962054097951,Hb_nrmse,arm_better,subject_block_1000_frozen_coordinates_exploratory
visual_cognitive_motivation,prefrontal,HbO_hidden,R2_zero,training_template,24,24,0,6,-0.11559391804075288,-0.2959784935100259,0.07281914071667503,Hb_nrmse,arm_better,subject_block_1000_frozen_coordinates_exploratory
visual_cognitive_motivation,prefrontal,HbO_hidden,independent,training_template,24,24,0,6,-0.052685488529080615,-0.25161363377793133,0.17501432055221702,Hb_nrmse,arm_better,subject_block_1000_frozen_coordinates_exploratory
visual_cognitive_motivation,prefrontal,HbO_hidden,own_context,training_template,24,24,0,6,0.0,0.0,0.0,Hb_nrmse,arm_better,subject_block_1000_frozen_coordinates_exploratory
visual_cognitive_motivation,prefrontal,HbO_hidden,ridge_cross,training_template,24,24,0,6,0.05813808567300782,-0.04024250780684415,0.1703828476056513,Hb_nrmse,arm_better,subject_block_1000_frozen_coordinates_exploratory
visual_cognitive_motivation,prefrontal,HbO_hidden,R0_PCA_refit,own_context,24,24,0,6,-0.09583215775322246,-0.2517394393003532,0.08168737148104464,Hb_nrmse,arm_better,subject_block_1000_frozen_coordinates_exploratory
visual_cognitive_motivation,prefrontal,HbO_hidden,R1_broadband,own_context,24,24,0,6,-0.11264718937400063,-0.28881735161873756,0.056784513851545794,Hb_nrmse,arm_better,subject_block_1000_frozen_coordinates_exploratory
visual_cognitive_motivation,prefrontal,HbO_hidden,R2_selected,own_context,24,24,0,6,-0.06946280528947978,-0.20361683807946793,0.0797806337428198,Hb_nrmse,arm_better,subject_block_1000_frozen_coordinates_exploratory
visual_cognitive_motivation,prefrontal,HbO_hidden,R2_zero,own_context,24,24,0,6,-0.11559391804075288,-0.2830326702285067,0.05134516886008572,Hb_nrmse,arm_better,subject_block_1000_frozen_coordinates_exploratory
visual_cognitive_motivation,prefrontal,HbO_hidden,independent,own_context,24,24,0,6,-0.052685488529080615,-0.251665943393492,0.17402356900728838,Hb_nrmse,arm_better,subject_block_1000_frozen_coordinates_exploratory
visual_cognitive_motivation,prefrontal,HbO_hidden,ridge_cross,own_context,24,24,0,6,0.05813808567300782,-0.040741737574729146,0.16360419138244853,Hb_nrmse,arm_better,subject_block_1000_frozen_coordinates_exploratory
visual_cognitive_motivation,prefrontal,HbO_hidden,training_template,own_context,24,24,0,6,0.0,0.0,0.0,Hb_nrmse,arm_better,subject_block_1000_frozen_coordinates_exploratory
visual_cognitive_motivation,prefrontal,HbO_hidden,R0_PCA_refit,ridge_cross,24,24,0,6,-0.15397024342623028,-0.27957246573744754,0.0090091256911526,Hb_nrmse,arm_better,subject_block_1000_frozen_coordinates_exploratory
visual_cognitive_motivation,prefrontal,HbO_hidden,R1_broadband,ridge_cross,24,24,0,6,-0.17078527504700847,-0.30879397067090536,-0.038512347663802536,Hb_nrmse,arm_better,subject_block_1000_frozen_coordinates_exploratory
visual_cognitive_motivation,prefrontal,HbO_hidden,R2_selected,ridge_cross,24,24,0,6,-0.12760089096248764,-0.2555505031853743,0.011997352383143233,Hb_nrmse,arm_better,subject_block_1000_frozen_coordinates_exploratory
visual_cognitive_motivation,prefrontal,HbO_hidden,R2_zero,ridge_cross,24,24,0,6,-0.1737320037137607,-0.32502490843428583,-0.03264436499608308,Hb_nrmse,arm_better,subject_block_1000_frozen_coordinates_exploratory
visual_cognitive_motivation,prefrontal,HbO_hidden,independent,ridge_cross,24,24,0,6,-0.11082357420208844,-0.29477354987434795,0.08913536786924502,Hb_nrmse,arm_better,subject_block_1000_frozen_coordinates_exploratory
visual_cognitive_motivation,prefrontal,HbO_hidden,own_context,ridge_cross,24,24,0,6,-0.05813808567300782,-0.16116501518436843,0.040741737574729146,Hb_nrmse,arm_better,subject_block_1000_frozen_coordinates_exploratory
visual_cognitive_motivation,prefrontal,HbO_hidden,training_template,ridge_cross,24,24,0,6,-0.05813808567300782,-0.16661732427768372,0.040741737574729146,Hb_nrmse,arm_better,subject_block_1000_frozen_coordinates_exploratory
visual_cognitive_motivation,prefrontal,HbR_hidden,R0_PCA_refit,R1_broadband,24,24,0,6,0.04028199970525326,-0.01897045278117623,0.08985863955834178,Hb_nrmse,arm_better,subject_block_1000_frozen_coordinates_exploratory
visual_cognitive_motivation,prefrontal,HbR_hidden,R2_selected,R1_broadband,24,24,0,6,0.04061195816293054,0.017948655123556242,0.0645772981111052,Hb_nrmse,arm_better,subject_block_1000_frozen_coordinates_exploratory
visual_cognitive_motivation,prefrontal,HbR_hidden,R2_zero,R1_broadband,24,24,0,6,0.004388672027197148,-0.0012520633106943761,0.009708916098122937,Hb_nrmse,arm_better,subject_block_1000_frozen_coordinates_exploratory
visual_cognitive_motivation,prefrontal,HbR_hidden,independent,R1_broadband,24,24,0,6,0.12605075392908136,-0.007426405913698017,0.26743277311348507,Hb_nrmse,arm_better,subject_block_1000_frozen_coordinates_exploratory
visual_cognitive_motivation,prefrontal,HbR_hidden,own_context,R1_broadband,24,24,0,6,0.0805618558703164,-0.06818417353569668,0.263191520390787,Hb_nrmse,arm_better,subject_block_1000_frozen_coordinates_exploratory
visual_cognitive_motivation,prefrontal,HbR_hidden,ridge_cross,R1_broadband,24,24,0,6,0.07841374516281564,-0.06837668693084167,0.22190566264431838,Hb_nrmse,arm_better,subject_block_1000_frozen_coordinates_exploratory
visual_cognitive_motivation,prefrontal,HbR_hidden,training_template,R1_broadband,24,24,0,6,0.0805618558703164,-0.06735561434940833,0.24943089248172012,Hb_nrmse,arm_better,subject_block_1000_frozen_coordinates_exploratory
visual_cognitive_motivation,prefrontal,HbR_hidden,R1_broadband,R0_PCA_refit,24,24,0,6,-0.04028199970525326,-0.09208617435849116,0.024594039178858565,Hb_nrmse,arm_better,subject_block_1000_frozen_coordinates_exploratory
visual_cognitive_motivation,prefrontal,HbR_hidden,R2_selected,R0_PCA_refit,24,24,0,6,0.0003299584576772809,-0.04112064692276441,0.04711261548098383,Hb_nrmse,arm_better,subject_block_1000_frozen_coordinates_exploratory
visual_cognitive_motivation,prefrontal,HbR_hidden,R2_zero,R0_PCA_refit,24,24,0,6,-0.035893327678056114,-0.08707352736292362,0.024383827870388917,Hb_nrmse,arm_better,subject_block_1000_frozen_coordinates_exploratory
visual_cognitive_motivation,prefrontal,HbR_hidden,independent,R0_PCA_refit,24,24,0,6,0.08576875422382813,-0.02943418224203731,0.2023854486585023,Hb_nrmse,arm_better,subject_block_1000_frozen_coordinates_exploratory
visual_cognitive_motivation,prefrontal,HbR_hidden,own_context,R0_PCA_refit,24,24,0,6,0.04027985616506316,-0.10245472009619623,0.1835890497362627,Hb_nrmse,arm_better,subject_block_1000_frozen_coordinates_exploratory
visual_cognitive_motivation,prefrontal,HbR_hidden,ridge_cross,R0_PCA_refit,24,24,0,6,0.038131745457562385,-0.09440564500758551,0.1716678156510828,Hb_nrmse,arm_better,subject_block_1000_frozen_coordinates_exploratory
visual_cognitive_motivation,prefrontal,HbR_hidden,training_template,R0_PCA_refit,24,24,0,6,0.04027985616506316,-0.09949603705289148,0.20367092287150218,Hb_nrmse,arm_better,subject_block_1000_frozen_coordinates_exploratory
visual_cognitive_motivation,prefrontal,HbR_hidden,R0_PCA_refit,independent,24,24,0,6,-0.08576875422382813,-0.19921345595632023,0.025198582020849375,Hb_nrmse,arm_better,subject_block_1000_frozen_coordinates_exploratory
visual_cognitive_motivation,prefrontal,HbR_hidden,R1_broadband,independent,24,24,0,6,-0.12605075392908136,-0.26743277311348507,0.016409826702131255,Hb_nrmse,arm_better,subject_block_1000_frozen_coordinates_exploratory
visual_cognitive_motivation,prefrontal,HbR_hidden,R2_selected,independent,24,24,0,6,-0.08543879576615084,-0.2132951525596348,0.04018744178856454,Hb_nrmse,arm_better,subject_block_1000_frozen_coordinates_exploratory
visual_cognitive_motivation,prefrontal,HbR_hidden,R2_zero,independent,24,24,0,6,-0.12166208190188425,-0.28073597205596745,0.019957656934134153,Hb_nrmse,arm_better,subject_block_1000_frozen_coordinates_exploratory
visual_cognitive_motivation,prefrontal,HbR_hidden,own_context,independent,24,24,0,6,-0.04548889805876497,-0.17598938342059767,0.11046001702640164,Hb_nrmse,arm_better,subject_block_1000_frozen_coordinates_exploratory
visual_cognitive_motivation,prefrontal,HbR_hidden,ridge_cross,independent,24,24,0,6,-0.04763700876626573,-0.16065368575549943,0.04536455321296636,Hb_nrmse,arm_better,subject_block_1000_frozen_coordinates_exploratory
visual_cognitive_motivation,prefrontal,HbR_hidden,training_template,independent,24,24,0,6,-0.04548889805876497,-0.17845661010348368,0.10790967955729669,Hb_nrmse,arm_better,subject_block_1000_frozen_coordinates_exploratory
visual_cognitive_motivation,prefrontal,HbR_hidden,R0_PCA_refit,training_template,24,24,0,6,-0.04027985616506316,-0.18237215410178773,0.09876388021378202,Hb_nrmse,arm_better,subject_block_1000_frozen_coordinates_exploratory
visual_cognitive_motivation,prefrontal,HbR_hidden,R1_broadband,training_template,24,24,0,6,-0.0805618558703164,-0.24927702862065004,0.06744557622859276,Hb_nrmse,arm_better,subject_block_1000_frozen_coordinates_exploratory
visual_cognitive_motivation,prefrontal,HbR_hidden,R2_selected,training_template,24,24,0,6,-0.03994989770738588,-0.17677260172423415,0.09921636652888728,Hb_nrmse,arm_better,subject_block_1000_frozen_coordinates_exploratory
visual_cognitive_motivation,prefrontal,HbR_hidden,R2_zero,training_template,24,24,0,6,-0.07617318384311926,-0.2529616240858321,0.08045615571468957,Hb_nrmse,arm_better,subject_block_1000_frozen_coordinates_exploratory
visual_cognitive_motivation,prefrontal,HbR_hidden,independent,training_template,24,24,0,6,0.04548889805876497,-0.08756538070771011,0.18453500971128148,Hb_nrmse,arm_better,subject_block_1000_frozen_coordinates_exploratory
visual_cognitive_motivation,prefrontal,HbR_hidden,own_context,training_template,24,24,0,6,0.0,0.0,0.0,Hb_nrmse,arm_better,subject_block_1000_frozen_coordinates_exploratory
visual_cognitive_motivation,prefrontal,HbR_hidden,ridge_cross,training_template,24,24,0,6,-0.0021481107075007728,-0.16042841744652137,0.15191749009588526,Hb_nrmse,arm_better,subject_block_1000_frozen_coordinates_exploratory
visual_cognitive_motivation,prefrontal,HbR_hidden,R0_PCA_refit,own_context,24,24,0,6,-0.04027985616506316,-0.18298181973910022,0.11663390596096683,Hb_nrmse,arm_better,subject_block_1000_frozen_coordinates_exploratory
visual_cognitive_motivation,prefrontal,HbR_hidden,R1_broadband,own_context,24,24,0,6,-0.0805618558703164,-0.25690643888905607,0.07102133834633872,Hb_nrmse,arm_better,subject_block_1000_frozen_coordinates_exploratory
visual_cognitive_motivation,prefrontal,HbR_hidden,R2_selected,own_context,24,24,0,6,-0.03994989770738588,-0.19760646077785418,0.11196618235413924,Hb_nrmse,arm_better,subject_block_1000_frozen_coordinates_exploratory
visual_cognitive_motivation,prefrontal,HbR_hidden,R2_zero,own_context,24,24,0,6,-0.07617318384311926,-0.2538514783585483,0.0761026082879382,Hb_nrmse,arm_better,subject_block_1000_frozen_coordinates_exploratory
visual_cognitive_motivation,prefrontal,HbR_hidden,independent,own_context,24,24,0,6,0.04548889805876497,-0.09094148285620803,0.17593509878967054,Hb_nrmse,arm_better,subject_block_1000_frozen_coordinates_exploratory
visual_cognitive_motivation,prefrontal,HbR_hidden,ridge_cross,own_context,24,24,0,6,-0.0021481107075007728,-0.15255828763817764,0.14818437097234458,Hb_nrmse,arm_better,subject_block_1000_frozen_coordinates_exploratory
visual_cognitive_motivation,prefrontal,HbR_hidden,training_template,own_context,24,24,0,6,0.0,0.0,0.0,Hb_nrmse,arm_better,subject_block_1000_frozen_coordinates_exploratory
visual_cognitive_motivation,prefrontal,HbR_hidden,R0_PCA_refit,ridge_cross,24,24,0,6,-0.038131745457562385,-0.1696199408558097,0.0964286116368529,Hb_nrmse,arm_better,subject_block_1000_frozen_coordinates_exploratory
visual_cognitive_motivation,prefrontal,HbR_hidden,R1_broadband,ridge_cross,24,24,0,6,-0.07841374516281564,-0.21335282804536337,0.07117293352043476,Hb_nrmse,arm_better,subject_block_1000_frozen_coordinates_exploratory
visual_cognitive_motivation,prefrontal,HbR_hidden,R2_selected,ridge_cross,24,24,0,6,-0.0378017869998851,-0.16143152081372478,0.09030981797507055,Hb_nrmse,arm_better,subject_block_1000_frozen_coordinates_exploratory
visual_cognitive_motivation,prefrontal,HbR_hidden,R2_zero,ridge_cross,24,24,0,6,-0.0740250731356185,-0.22417176691148735,0.07619421766965466,Hb_nrmse,arm_better,subject_block_1000_frozen_coordinates_exploratory
visual_cognitive_motivation,prefrontal,HbR_hidden,independent,ridge_cross,24,24,0,6,0.04763700876626573,-0.050517973445149286,0.1529049667551168,Hb_nrmse,arm_better,subject_block_1000_frozen_coordinates_exploratory
visual_cognitive_motivation,prefrontal,HbR_hidden,own_context,ridge_cross,24,24,0,6,0.0021481107075007728,-0.16343230334838674,0.1638559036163309,Hb_nrmse,arm_better,subject_block_1000_frozen_coordinates_exploratory
visual_cognitive_motivation,prefrontal,HbR_hidden,training_template,ridge_cross,24,24,0,6,0.0021481107075007728,-0.15525813013074952,0.17178743485514603,Hb_nrmse,arm_better,subject_block_1000_frozen_coordinates_exploratory
visual_cognitive_motivation,prefrontal,Hb_hidden,R0_PCA_refit,R1_broadband,24,24,0,6,-0.0775827957431821,-0.12782433401891136,-0.03171186722797388,Hb_nrmse,arm_better,subject_block_1000_frozen_coordinates_exploratory
visual_cognitive_motivation,prefrontal,Hb_hidden,R2_selected,R1_broadband,24,24,0,6,0.03392114851856622,-0.004315567544784652,0.08185078370570154,Hb_nrmse,arm_better,subject_block_1000_frozen_coordinates_exploratory
visual_cognitive_motivation,prefrontal,Hb_hidden,R2_zero,R1_broadband,24,24,0,6,-0.0064895811822397115,-0.010877543021738647,-0.002296170938437389,Hb_nrmse,arm_better,subject_block_1000_frozen_coordinates_exploratory
visual_cognitive_motivation,prefrontal,Hb_hidden,independent,R1_broadband,24,24,0,6,0.09013487201318919,-0.0352864074194462,0.22080375370548114,Hb_nrmse,arm_better,subject_block_1000_frozen_coordinates_exploratory
visual_cognitive_motivation,prefrontal,Hb_hidden,own_context,R1_broadband,24,24,0,6,0.11403400034963497,-0.03776953182361211,0.26583753252288206,Hb_nrmse,arm_better,subject_block_1000_frozen_coordinates_exploratory
visual_cognitive_motivation,prefrontal,Hb_hidden,ridge_cross,R1_broadband,24,24,0,6,0.05178386732874396,-0.08814262039289615,0.20437274985780737,Hb_nrmse,arm_better,subject_block_1000_frozen_coordinates_exploratory
visual_cognitive_motivation,prefrontal,Hb_hidden,training_template,R1_broadband,24,24,0,6,0.11403400034963497,-0.03776953182361211,0.2565916571796291,Hb_nrmse,arm_better,subject_block_1000_frozen_coordinates_exploratory
visual_cognitive_motivation,prefrontal,Hb_hidden,R1_broadband,R0_PCA_refit,24,24,0,6,0.0775827957431821,0.0315090842291414,0.12782433401891133,Hb_nrmse,arm_better,subject_block_1000_frozen_coordinates_exploratory
visual_cognitive_motivation,prefrontal,Hb_hidden,R2_selected,R0_PCA_refit,24,24,0,6,0.11150394426174831,0.058879458281510505,0.15559003113291575,Hb_nrmse,arm_better,subject_block_1000_frozen_coordinates_exploratory
visual_cognitive_motivation,prefrontal,Hb_hidden,R2_zero,R0_PCA_refit,24,24,0,6,0.07109321456094239,0.022070254073337875,0.12467415505703522,Hb_nrmse,arm_better,subject_block_1000_frozen_coordinates_exploratory
visual_cognitive_motivation,prefrontal,Hb_hidden,independent,R0_PCA_refit,24,24,0,6,0.16771766775637129,0.03992911261937714,0.290432185195802,Hb_nrmse,arm_better,subject_block_1000_frozen_coordinates_exploratory
visual_cognitive_motivation,prefrontal,Hb_hidden,own_context,R0_PCA_refit,24,24,0,6,0.1916167960928171,0.0480162106286084,0.3323324638195893,Hb_nrmse,arm_better,subject_block_1000_frozen_coordinates_exploratory
visual_cognitive_motivation,prefrontal,Hb_hidden,ridge_cross,R0_PCA_refit,24,24,0,6,0.12936666307192604,-0.007856178348897395,0.2582853411834085,Hb_nrmse,arm_better,subject_block_1000_frozen_coordinates_exploratory
visual_cognitive_motivation,prefrontal,Hb_hidden,training_template,R0_PCA_refit,24,24,0,6,0.1916167960928171,0.053218788517556424,0.32631945271542434,Hb_nrmse,arm_better,subject_block_1000_frozen_coordinates_exploratory
visual_cognitive_motivation,prefrontal,Hb_hidden,R0_PCA_refit,independent,24,24,0,6,-0.16771766775637129,-0.290432185195802,-0.03992911261937714,Hb_nrmse,arm_better,subject_block_1000_frozen_coordinates_exploratory
visual_cognitive_motivation,prefrontal,Hb_hidden,R1_broadband,independent,24,24,0,6,-0.09013487201318919,-0.22821271514928076,0.03674652209108817,Hb_nrmse,arm_better,subject_block_1000_frozen_coordinates_exploratory
visual_cognitive_motivation,prefrontal,Hb_hidden,R2_selected,independent,24,24,0,6,-0.05621372349462295,-0.14490093600491777,0.033131521279725344,Hb_nrmse,arm_better,subject_block_1000_frozen_coordinates_exploratory
visual_cognitive_motivation,prefrontal,Hb_hidden,R2_zero,independent,24,24,0,6,-0.09662445319542888,-0.22664995487798203,0.033401048487124274,Hb_nrmse,arm_better,subject_block_1000_frozen_coordinates_exploratory
visual_cognitive_motivation,prefrontal,Hb_hidden,own_context,independent,24,24,0,6,0.023899128336445804,-0.008875044744714906,0.052215819998324475,Hb_nrmse,arm_better,subject_block_1000_frozen_coordinates_exploratory
visual_cognitive_motivation,prefrontal,Hb_hidden,ridge_cross,independent,24,24,0,6,-0.038351004684445224,-0.09586454374552648,0.012783769109791355,Hb_nrmse,arm_better,subject_block_1000_frozen_coordinates_exploratory
visual_cognitive_motivation,prefrontal,Hb_hidden,training_template,independent,24,24,0,6,0.023899128336445804,-0.01126026974538762,0.052215819998324475,Hb_nrmse,arm_better,subject_block_1000_frozen_coordinates_exploratory
visual_cognitive_motivation,prefrontal,Hb_hidden,R0_PCA_refit,training_template,24,24,0,6,-0.1916167960928171,-0.32246500415285,-0.049370214894552705,Hb_nrmse,arm_better,subject_block_1000_frozen_coordinates_exploratory
visual_cognitive_motivation,prefrontal,Hb_hidden,R1_broadband,training_template,24,24,0,6,-0.11403400034963497,-0.2745908419306101,0.025570565274837295,Hb_nrmse,arm_better,subject_block_1000_frozen_coordinates_exploratory
visual_cognitive_motivation,prefrontal,Hb_hidden,R2_selected,training_template,24,24,0,6,-0.08011285183106874,-0.19376415800925936,0.02461390026879404,Hb_nrmse,arm_better,subject_block_1000_frozen_coordinates_exploratory
visual_cognitive_motivation,prefrontal,Hb_hidden,R2_zero,training_template,24,24,0,6,-0.12052358153187469,-0.2785938950772675,0.03130138442577831,Hb_nrmse,arm_better,subject_block_1000_frozen_coordinates_exploratory
visual_cognitive_motivation,prefrontal,Hb_hidden,independent,training_template,24,24,0,6,-0.023899128336445804,-0.05278946651409811,0.007114730935932735,Hb_nrmse,arm_better,subject_block_1000_frozen_coordinates_exploratory
visual_cognitive_motivation,prefrontal,Hb_hidden,own_context,training_template,24,24,0,6,0.0,0.0,0.0,Hb_nrmse,arm_better,subject_block_1000_frozen_coordinates_exploratory
visual_cognitive_motivation,prefrontal,Hb_hidden,ridge_cross,training_template,24,24,0,6,-0.06225013302089103,-0.09238165067744249,-0.033609563217020785,Hb_nrmse,arm_better,subject_block_1000_frozen_coordinates_exploratory
visual_cognitive_motivation,prefrontal,Hb_hidden,R0_PCA_refit,own_context,24,24,0,6,-0.1916167960928171,-0.32120148616139943,-0.04704667980347046,Hb_nrmse,arm_better,subject_block_1000_frozen_coordinates_exploratory
visual_cognitive_motivation,prefrontal,Hb_hidden,R1_broadband,own_context,24,24,0,6,-0.11403400034963497,-0.26583753252288206,0.03776953182361211,Hb_nrmse,arm_better,subject_block_1000_frozen_coordinates_exploratory
visual_cognitive_motivation,prefrontal,Hb_hidden,R2_selected,own_context,24,24,0,6,-0.08011285183106874,-0.1937533529888178,0.03348346969660633,Hb_nrmse,arm_better,subject_block_1000_frozen_coordinates_exploratory
visual_cognitive_motivation,prefrontal,Hb_hidden,R2_zero,own_context,24,24,0,6,-0.12052358153187469,-0.2765350249991371,0.02571125867501635,Hb_nrmse,arm_better,subject_block_1000_frozen_coordinates_exploratory
visual_cognitive_motivation,prefrontal,Hb_hidden,independent,own_context,24,24,0,6,-0.023899128336445804,-0.05286000614265318,0.008246963253994408,Hb_nrmse,arm_better,subject_block_1000_frozen_coordinates_exploratory
visual_cognitive_motivation,prefrontal,Hb_hidden,ridge_cross,own_context,24,24,0,6,-0.06225013302089103,-0.09133565477254516,-0.03211861536433959,Hb_nrmse,arm_better,subject_block_1000_frozen_coordinates_exploratory
visual_cognitive_motivation,prefrontal,Hb_hidden,training_template,own_context,24,24,0,6,0.0,0.0,0.0,Hb_nrmse,arm_better,subject_block_1000_frozen_coordinates_exploratory
visual_cognitive_motivation,prefrontal,Hb_hidden,R0_PCA_refit,ridge_cross,24,24,0,6,-0.12936666307192604,-0.2697992750940253,0.00790570893914971,Hb_nrmse,arm_better,subject_block_1000_frozen_coordinates_exploratory
visual_cognitive_motivation,prefrontal,Hb_hidden,R1_broadband,ridge_cross,24,24,0,6,-0.05178386732874396,-0.2242855332035786,0.10266947392077559,Hb_nrmse,arm_better,subject_block_1000_frozen_coordinates_exploratory
visual_cognitive_motivation,prefrontal,Hb_hidden,R2_selected,ridge_cross,24,24,0,6,-0.01786271881017772,-0.12393831880284983,0.10137933496895268,Hb_nrmse,arm_better,subject_block_1000_frozen_coordinates_exploratory
visual_cognitive_motivation,prefrontal,Hb_hidden,R2_zero,ridge_cross,24,24,0,6,-0.05827344851098366,-0.21170973924073921,0.09941291551860923,Hb_nrmse,arm_better,subject_block_1000_frozen_coordinates_exploratory
visual_cognitive_motivation,prefrontal,Hb_hidden,independent,ridge_cross,24,24,0,6,0.038351004684445224,-0.007892436655928365,0.09855184575104593,Hb_nrmse,arm_better,subject_block_1000_frozen_coordinates_exploratory
visual_cognitive_motivation,prefrontal,Hb_hidden,own_context,ridge_cross,24,24,0,6,0.06225013302089103,0.03211861536433958,0.09395407198970344,Hb_nrmse,arm_better,subject_block_1000_frozen_coordinates_exploratory
visual_cognitive_motivation,prefrontal,Hb_hidden,training_template,ridge_cross,24,24,0,6,0.06225013302089103,0.03178872116349405,0.09395407198970344,Hb_nrmse,arm_better,subject_block_1000_frozen_coordinates_exploratory
visual_cognitive_motivation,prefrontal,center_Hb,R0_PCA_refit,R1_broadband,24,24,0,6,0.0018110275569526689,-0.05281812244550269,0.03545273381419192,Hb_nrmse,arm_better,subject_block_1000_frozen_coordinates_exploratory
visual_cognitive_motivation,prefrontal,center_Hb,R2_selected,R1_broadband,24,24,0,6,0.023560721674545818,0.007419977956298296,0.04238554720241459,Hb_nrmse,arm_better,subject_block_1000_frozen_coordinates_exploratory
visual_cognitive_motivation,prefrontal,center_Hb,R2_zero,R1_broadband,24,24,0,6,0.002870894315976412,-0.0023689405364172612,0.009711011823784532,Hb_nrmse,arm_better,subject_block_1000_frozen_coordinates_exploratory
visual_cognitive_motivation,prefrontal,center_Hb,independent,R1_broadband,24,24,0,6,0.12633541601669493,0.07616515831467767,0.17166186317595303,Hb_nrmse,arm_better,subject_block_1000_frozen_coordinates_exploratory
visual_cognitive_motivation,prefrontal,center_Hb,own_context,R1_broadband,24,24,0,6,0.22040045502086067,0.15842695251479344,0.28178734436363434,Hb_nrmse,arm_better,subject_block_1000_frozen_coordinates_exploratory
visual_cognitive_motivation,prefrontal,center_Hb,ridge_cross,R1_broadband,24,24,0,6,0.18914443525003552,0.141410099005621,0.24337819072053396,Hb_nrmse,arm_better,subject_block_1000_frozen_coordinates_exploratory
visual_cognitive_motivation,prefrontal,center_Hb,training_template,R1_broadband,24,24,0,6,-0.330927178608939,-0.5724460794661791,-0.13945195054273085,Hb_nrmse,arm_better,subject_block_1000_frozen_coordinates_exploratory
visual_cognitive_motivation,prefrontal,center_Hb,R1_broadband,R0_PCA_refit,24,24,0,6,-0.0018110275569526689,-0.03545001169579234,0.04818419563520187,Hb_nrmse,arm_better,subject_block_1000_frozen_coordinates_exploratory
visual_cognitive_motivation,prefrontal,center_Hb,R2_selected,R0_PCA_refit,24,24,0,6,0.021749694117593147,-0.019309050150037473,0.07982588230739542,Hb_nrmse,arm_better,subject_block_1000_frozen_coordinates_exploratory
visual_cognitive_motivation,prefrontal,center_Hb,R2_zero,R0_PCA_refit,24,24,0,6,0.0010598667590237438,-0.032521612793936144,0.05263812358668842,Hb_nrmse,arm_better,subject_block_1000_frozen_coordinates_exploratory
visual_cognitive_motivation,prefrontal,center_Hb,independent,R0_PCA_refit,24,24,0,6,0.12452438845974227,0.05918045786978109,0.19519606112952026,Hb_nrmse,arm_better,subject_block_1000_frozen_coordinates_exploratory
visual_cognitive_motivation,prefrontal,center_Hb,own_context,R0_PCA_refit,24,24,0,6,0.21858942746390797,0.15332788983859194,0.28132757186560126,Hb_nrmse,arm_better,subject_block_1000_frozen_coordinates_exploratory
visual_cognitive_motivation,prefrontal,center_Hb,ridge_cross,R0_PCA_refit,24,24,0,6,0.18733340769308285,0.13659669428615276,0.24007745271879358,Hb_nrmse,arm_better,subject_block_1000_frozen_coordinates_exploratory
visual_cognitive_motivation,prefrontal,center_Hb,training_template,R0_PCA_refit,24,24,0,6,-0.3327382061658916,-0.5819420390633437,-0.1522310837893499,Hb_nrmse,arm_better,subject_block_1000_frozen_coordinates_exploratory
visual_cognitive_motivation,prefrontal,center_Hb,R0_PCA_refit,independent,24,24,0,6,-0.12452438845974227,-0.19425997209889911,-0.060768685070882324,Hb_nrmse,arm_better,subject_block_1000_frozen_coordinates_exploratory
visual_cognitive_motivation,prefrontal,center_Hb,R1_broadband,independent,24,24,0,6,-0.12633541601669493,-0.17838425843300057,-0.07812378795733863,Hb_nrmse,arm_better,subject_block_1000_frozen_coordinates_exploratory
visual_cognitive_motivation,prefrontal,center_Hb,R2_selected,independent,24,24,0,6,-0.10277469434214909,-0.13898431386249008,-0.06887636375540518,Hb_nrmse,arm_better,subject_block_1000_frozen_coordinates_exploratory
visual_cognitive_motivation,prefrontal,center_Hb,R2_zero,independent,24,24,0,6,-0.12346452170071849,-0.1718921436834249,-0.08247713938519859,Hb_nrmse,arm_better,subject_block_1000_frozen_coordinates_exploratory
visual_cognitive_motivation,prefrontal,center_Hb,own_context,independent,24,24,0,6,0.0940650390041657,0.04334866908939022,0.1422829094859721,Hb_nrmse,arm_better,subject_block_1000_frozen_coordinates_exploratory
visual_cognitive_motivation,prefrontal,center_Hb,ridge_cross,independent,24,24,0,6,0.0628090192333406,0.02105605748346409,0.09871998882233544,Hb_nrmse,arm_better,subject_block_1000_frozen_coordinates_exploratory
visual_cognitive_motivation,prefrontal,center_Hb,training_template,independent,24,24,0,6,-0.4572625946256339,-0.7318716793939409,-0.23869552975469976,Hb_nrmse,arm_better,subject_block_1000_frozen_coordinates_exploratory
visual_cognitive_motivation,prefrontal,center_Hb,R0_PCA_refit,training_template,24,24,0,6,0.3327382061658916,0.1522310837893499,0.5832324304786821,Hb_nrmse,arm_better,subject_block_1000_frozen_coordinates_exploratory
visual_cognitive_motivation,prefrontal,center_Hb,R1_broadband,training_template,24,24,0,6,0.330927178608939,0.1384587745270354,0.5565214222600195,Hb_nrmse,arm_better,subject_block_1000_frozen_coordinates_exploratory
visual_cognitive_motivation,prefrontal,center_Hb,R2_selected,training_template,24,24,0,6,0.3544879002834847,0.15782086855388308,0.6204013392359928,Hb_nrmse,arm_better,subject_block_1000_frozen_coordinates_exploratory
visual_cognitive_motivation,prefrontal,center_Hb,R2_zero,training_template,24,24,0,6,0.3337980729249153,0.14095164933970086,0.5778204510539324,Hb_nrmse,arm_better,subject_block_1000_frozen_coordinates_exploratory
visual_cognitive_motivation,prefrontal,center_Hb,independent,training_template,24,24,0,6,0.4572625946256339,0.23766978774497072,0.7385054799436376,Hb_nrmse,arm_better,subject_block_1000_frozen_coordinates_exploratory
visual_cognitive_motivation,prefrontal,center_Hb,own_context,training_template,24,24,0,6,0.5513276336297996,0.32048392690306415,0.8404344952525964,Hb_nrmse,arm_better,subject_block_1000_frozen_coordinates_exploratory
visual_cognitive_motivation,prefrontal,center_Hb,ridge_cross,training_template,24,24,0,6,0.5200716138589745,0.3103779855980722,0.7930540943183045,Hb_nrmse,arm_better,subject_block_1000_frozen_coordinates_exploratory
visual_cognitive_motivation,prefrontal,center_Hb,R0_PCA_refit,own_context,24,24,0,6,-0.21858942746390797,-0.28130879752489696,-0.15086675498314986,Hb_nrmse,arm_better,subject_block_1000_frozen_coordinates_exploratory
visual_cognitive_motivation,prefrontal,center_Hb,R1_broadband,own_context,24,24,0,6,-0.22040045502086067,-0.2890045417719061,-0.15804730539241055,Hb_nrmse,arm_better,subject_block_1000_frozen_coordinates_exploratory
visual_cognitive_motivation,prefrontal,center_Hb,R2_selected,own_context,24,24,0,6,-0.19683973334631485,-0.2486587691848658,-0.1433778519743091,Hb_nrmse,arm_better,subject_block_1000_frozen_coordinates_exploratory
visual_cognitive_motivation,prefrontal,center_Hb,R2_zero,own_context,24,24,0,6,-0.21752956070488425,-0.27833133709924274,-0.15916325545115012,Hb_nrmse,arm_better,subject_block_1000_frozen_coordinates_exploratory
visual_cognitive_motivation,prefrontal,center_Hb,independent,own_context,24,24,0,6,-0.0940650390041657,-0.14134798029375376,-0.04506598745101583,Hb_nrmse,arm_better,subject_block_1000_frozen_coordinates_exploratory
visual_cognitive_motivation,prefrontal,center_Hb,ridge_cross,own_context,24,24,0,6,-0.031256019770825115,-0.049203494202023836,-0.013330117744101753,Hb_nrmse,arm_better,subject_block_1000_frozen_coordinates_exploratory
visual_cognitive_motivation,prefrontal,center_Hb,training_template,own_context,24,24,0,6,-0.5513276336297996,-0.8504692827432144,-0.3285262654175104,Hb_nrmse,arm_better,subject_block_1000_frozen_coordinates_exploratory
visual_cognitive_motivation,prefrontal,center_Hb,R0_PCA_refit,ridge_cross,24,24,0,6,-0.18733340769308285,-0.24031906814920828,-0.134537915653256,Hb_nrmse,arm_better,subject_block_1000_frozen_coordinates_exploratory
visual_cognitive_motivation,prefrontal,center_Hb,R1_broadband,ridge_cross,24,24,0,6,-0.18914443525003552,-0.24864226223759758,-0.14388058379581356,Hb_nrmse,arm_better,subject_block_1000_frozen_coordinates_exploratory
visual_cognitive_motivation,prefrontal,center_Hb,R2_selected,ridge_cross,24,24,0,6,-0.1655837135754897,-0.2076397075352839,-0.12654082312850826,Hb_nrmse,arm_better,subject_block_1000_frozen_coordinates_exploratory
visual_cognitive_motivation,prefrontal,center_Hb,R2_zero,ridge_cross,24,24,0,6,-0.1862735409340591,-0.2344320610683106,-0.13876004233240857,Hb_nrmse,arm_better,subject_block_1000_frozen_coordinates_exploratory
visual_cognitive_motivation,prefrontal,center_Hb,independent,ridge_cross,24,24,0,6,-0.0628090192333406,-0.09960463925509373,-0.02226608799329677,Hb_nrmse,arm_better,subject_block_1000_frozen_coordinates_exploratory
visual_cognitive_motivation,prefrontal,center_Hb,own_context,ridge_cross,24,24,0,6,0.031256019770825115,0.014663379554433137,0.04694899696607357,Hb_nrmse,arm_better,subject_block_1000_frozen_coordinates_exploratory
visual_cognitive_motivation,prefrontal,center_Hb,training_template,ridge_cross,24,24,0,6,-0.5200716138589745,-0.8144100612604903,-0.3031212176349921,Hb_nrmse,arm_better,subject_block_1000_frozen_coordinates_exploratory
visual_cognitive_motivation,prefrontal,full,R0_PCA_refit,R1_broadband,24,24,0,6,0.03205008924693593,0.011515453953338752,0.04984477325494908,Hb_nrmse,arm_better,subject_block_1000_frozen_coordinates_exploratory
visual_cognitive_motivation,prefrontal,full,R2_selected,R1_broadband,24,24,0,6,0.014674479046525859,0.010553769121010125,0.02068833850342262,Hb_nrmse,arm_better,subject_block_1000_frozen_coordinates_exploratory
visual_cognitive_motivation,prefrontal,full,R2_zero,R1_broadband,24,24,0,6,0.00299261569688399,0.00139261483616918,0.005257175735913837,Hb_nrmse,arm_better,subject_block_1000_frozen_coordinates_exploratory
visual_cognitive_motivation,prefrontal,full,independent,R1_broadband,24,24,0,6,0.08480616808002205,0.06371584109825688,0.107738550302723,Hb_nrmse,arm_better,subject_block_1000_frozen_coordinates_exploratory
visual_cognitive_motivation,prefrontal,full,training_template,R1_broadband,24,24,0,6,-0.5025817521534349,-0.7848137308067953,-0.31277861938457274,Hb_nrmse,arm_better,subject_block_1000_frozen_coordinates_exploratory
visual_cognitive_motivation,prefrontal,full,R1_broadband,R0_PCA_refit,24,24,0,6,-0.03205008924693593,-0.05064410258807768,-0.011373905247006127,Hb_nrmse,arm_better,subject_block_1000_frozen_coordinates_exploratory
visual_cognitive_motivation,prefrontal,full,R2_selected,R0_PCA_refit,24,24,0,6,-0.017375610200410067,-0.03202812277358551,0.00029253441344197104,Hb_nrmse,arm_better,subject_block_1000_frozen_coordinates_exploratory
visual_cognitive_motivation,prefrontal,full,R2_zero,R0_PCA_refit,24,24,0,6,-0.02905747355005194,-0.04633021032385932,-0.011173628973962653,Hb_nrmse,arm_better,subject_block_1000_frozen_coordinates_exploratory
visual_cognitive_motivation,prefrontal,full,independent,R0_PCA_refit,24,24,0,6,0.05275607883308611,0.04457975025817429,0.06112602944887142,Hb_nrmse,arm_better,subject_block_1000_frozen_coordinates_exploratory
visual_cognitive_motivation,prefrontal,full,training_template,R0_PCA_refit,24,24,0,6,-0.5346318414003709,-0.8357726626464974,-0.3388720812888353,Hb_nrmse,arm_better,subject_block_1000_frozen_coordinates_exploratory
visual_cognitive_motivation,prefrontal,full,R0_PCA_refit,independent,24,24,0,6,-0.05275607883308611,-0.06103513427877562,-0.04429060321647881,Hb_nrmse,arm_better,subject_block_1000_frozen_coordinates_exploratory
visual_cognitive_motivation,prefrontal,full,R1_broadband,independent,24,24,0,6,-0.08480616808002205,-0.107738550302723,-0.06248632316400917,Hb_nrmse,arm_better,subject_block_1000_frozen_coordinates_exploratory
visual_cognitive_motivation,prefrontal,full,R2_selected,independent,24,24,0,6,-0.07013168903349619,-0.08760501526800549,-0.05121619684332515,Hb_nrmse,arm_better,subject_block_1000_frozen_coordinates_exploratory
visual_cognitive_motivation,prefrontal,full,R2_zero,independent,24,24,0,6,-0.08181355238313805,-0.10226910140787354,-0.06168498802889292,Hb_nrmse,arm_better,subject_block_1000_frozen_coordinates_exploratory
visual_cognitive_motivation,prefrontal,full,training_template,independent,24,24,0,6,-0.587387920233457,-0.8864451061533628,-0.3840543986177335,Hb_nrmse,arm_better,subject_block_1000_frozen_coordinates_exploratory
visual_cognitive_motivation,prefrontal,full,R0_PCA_refit,training_template,24,24,0,6,0.5346318414003709,0.334845463663843,0.8346719459907694,Hb_nrmse,arm_better,subject_block_1000_frozen_coordinates_exploratory
visual_cognitive_motivation,prefrontal,full,R1_broadband,training_template,24,24,0,6,0.5025817521534349,0.3158552111628683,0.7786657968146692,Hb_nrmse,arm_better,subject_block_1000_frozen_coordinates_exploratory
visual_cognitive_motivation,prefrontal,full,R2_selected,training_template,24,24,0,6,0.5172562311999608,0.32342953817633735,0.799563998272813,Hb_nrmse,arm_better,subject_block_1000_frozen_coordinates_exploratory
visual_cognitive_motivation,prefrontal,full,R2_zero,training_template,24,24,0,6,0.505574367850319,0.3147157587624452,0.7900935452627315,Hb_nrmse,arm_better,subject_block_1000_frozen_coordinates_exploratory
visual_cognitive_motivation,prefrontal,full,independent,training_template,24,24,0,6,0.587387920233457,0.3850896792683064,0.889129503633144,Hb_nrmse,arm_better,subject_block_1000_frozen_coordinates_exploratory
visual_cognitive_motivation,prefrontal,full,R0_PCA_refit,own_context,0,0,0,0,,,,Hb_nrmse,arm_better,subject_block_1000_frozen_coordinates_exploratory
visual_cognitive_motivation,prefrontal,full,R1_broadband,own_context,0,0,0,0,,,,Hb_nrmse,arm_better,subject_block_1000_frozen_coordinates_exploratory
visual_cognitive_motivation,prefrontal,full,R2_selected,own_context,0,0,0,0,,,,Hb_nrmse,arm_better,subject_block_1000_frozen_coordinates_exploratory
visual_cognitive_motivation,prefrontal,full,R2_zero,own_context,0,0,0,0,,,,Hb_nrmse,arm_better,subject_block_1000_frozen_coordinates_exploratory
visual_cognitive_motivation,prefrontal,full,independent,own_context,0,0,0,0,,,,Hb_nrmse,arm_better,subject_block_1000_frozen_coordinates_exploratory
visual_cognitive_motivation,prefrontal,full,training_template,own_context,0,0,0,0,,,,Hb_nrmse,arm_better,subject_block_1000_frozen_coordinates_exploratory
visual_cognitive_motivation,prefrontal,full,R0_PCA_refit,ridge_cross,0,0,0,0,,,,Hb_nrmse,arm_better,subject_block_1000_frozen_coordinates_exploratory
visual_cognitive_motivation,prefrontal,full,R1_broadband,ridge_cross,0,0,0,0,,,,Hb_nrmse,arm_better,subject_block_1000_frozen_coordinates_exploratory
visual_cognitive_motivation,prefrontal,full,R2_selected,ridge_cross,0,0,0,0,,,,Hb_nrmse,arm_better,subject_block_1000_frozen_coordinates_exploratory
visual_cognitive_motivation,prefrontal,full,R2_zero,ridge_cross,0,0,0,0,,,,Hb_nrmse,arm_better,subject_block_1000_frozen_coordinates_exploratory
visual_cognitive_motivation,prefrontal,full,independent,ridge_cross,0,0,0,0,,,,Hb_nrmse,arm_better,subject_block_1000_frozen_coordinates_exploratory
visual_cognitive_motivation,prefrontal,full,training_template,ridge_cross,0,0,0,0,,,,Hb_nrmse,arm_better,subject_block_1000_frozen_coordinates_exploratory
eeg_fnirs_single_trial,motor,EEG_channels_hidden,R0_PCA_refit,R1_broadband,24,24,0,6,0.04834730441946223,-0.003124541234106488,0.12064700256268633,EEG_nrmse,arm_better,subject_block_1000_frozen_coordinates_exploratory
eeg_fnirs_single_trial,motor,EEG_channels_hidden,R2_selected,R1_broadband,24,24,0,6,0.03942689635745233,0.02279005798438777,0.06450350408473571,EEG_nrmse,arm_better,subject_block_1000_frozen_coordinates_exploratory
eeg_fnirs_single_trial,motor,EEG_channels_hidden,R2_zero,R1_broadband,24,24,0,6,0.03678414074246872,0.018209891631157663,0.06340111978072883,EEG_nrmse,arm_better,subject_block_1000_frozen_coordinates_exploratory
eeg_fnirs_single_trial,motor,EEG_channels_hidden,independent,R1_broadband,24,22,2,6,0.06663596777764592,0.04577471525468355,0.08811339284973962,EEG_nrmse,arm_better,subject_block_1000_frozen_coordinates_exploratory
eeg_fnirs_single_trial,motor,EEG_channels_hidden,own_context,R1_broadband,24,24,0,6,-0.02667531757650114,-0.12349097204118384,0.09530022335598969,EEG_nrmse,arm_better,subject_block_1000_frozen_coordinates_exploratory
eeg_fnirs_single_trial,motor,EEG_channels_hidden,ridge_cross,R1_broadband,24,24,0,6,0.6322203184507857,0.5033743880891374,0.7907603764074967,EEG_nrmse,arm_better,subject_block_1000_frozen_coordinates_exploratory
eeg_fnirs_single_trial,motor,EEG_channels_hidden,training_template,R1_broadband,24,24,0,6,-0.02667531757650114,-0.12132556638391982,0.10450532708229061,EEG_nrmse,arm_better,subject_block_1000_frozen_coordinates_exploratory
eeg_fnirs_single_trial,motor,EEG_channels_hidden,R1_broadband,R0_PCA_refit,24,24,0,6,-0.04834730441946223,-0.11811974677987411,0.002009270490191021,EEG_nrmse,arm_better,subject_block_1000_frozen_coordinates_exploratory
eeg_fnirs_single_trial,motor,EEG_channels_hidden,R2_selected,R0_PCA_refit,24,24,0,6,-0.008920408062009902,-0.05389075895882702,0.02979130288931657,EEG_nrmse,arm_better,subject_block_1000_frozen_coordinates_exploratory
eeg_fnirs_single_trial,motor,EEG_channels_hidden,R2_zero,R0_PCA_refit,24,24,0,6,-0.011563163676993513,-0.06298246012561397,0.03025051016939755,EEG_nrmse,arm_better,subject_block_1000_frozen_coordinates_exploratory
eeg_fnirs_single_trial,motor,EEG_channels_hidden,independent,R0_PCA_refit,24,22,2,6,0.024708775149657733,-0.03174988961476963,0.06604973021213086,EEG_nrmse,arm_better,subject_block_1000_frozen_coordinates_exploratory
eeg_fnirs_single_trial,motor,EEG_channels_hidden,own_context,R0_PCA_refit,24,24,0,6,-0.07502262199596337,-0.22787080536230064,0.06163521804082544,EEG_nrmse,arm_better,subject_block_1000_frozen_coordinates_exploratory
eeg_fnirs_single_trial,motor,EEG_channels_hidden,ridge_cross,R0_PCA_refit,24,24,0,6,0.5838730140313235,0.47603911579476227,0.6702230698610048,EEG_nrmse,arm_better,subject_block_1000_frozen_coordinates_exploratory
eeg_fnirs_single_trial,motor,EEG_channels_hidden,training_template,R0_PCA_refit,24,24,0,6,-0.07502262199596337,-0.23909946493421838,0.06941774344489345,EEG_nrmse,arm_better,subject_block_1000_frozen_coordinates_exploratory
eeg_fnirs_single_trial,motor,EEG_channels_hidden,R0_PCA_refit,independent,24,22,2,6,-0.024708775149657733,-0.06412298075988865,0.03412948045904631,EEG_nrmse,arm_better,subject_block_1000_frozen_coordinates_exploratory
eeg_fnirs_single_trial,motor,EEG_channels_hidden,R1_broadband,independent,24,22,2,6,-0.06663596777764592,-0.08785787831542999,-0.04511441612752697,EEG_nrmse,arm_better,subject_block_1000_frozen_coordinates_exploratory
eeg_fnirs_single_trial,motor,EEG_channels_hidden,R2_selected,independent,24,22,2,6,-0.029345724075516343,-0.04609188739466215,-0.015754704986892576,EEG_nrmse,arm_better,subject_block_1000_frozen_coordinates_exploratory
eeg_fnirs_single_trial,motor,EEG_channels_hidden,R2_zero,independent,24,22,2,6,-0.028732017646259763,-0.04805134084694456,-0.014050418427979668,EEG_nrmse,arm_better,subject_block_1000_frozen_coordinates_exploratory
eeg_fnirs_single_trial,motor,EEG_channels_hidden,own_context,independent,24,22,2,6,-0.13745018346523155,-0.20940372351146067,-0.08639346978129854,EEG_nrmse,arm_better,subject_block_1000_frozen_coordinates_exploratory
eeg_fnirs_single_trial,motor,EEG_channels_hidden,ridge_cross,independent,24,22,2,6,0.5213664372905781,0.41033301209578504,0.6587901955690193,EEG_nrmse,arm_better,subject_block_1000_frozen_coordinates_exploratory
eeg_fnirs_single_trial,motor,EEG_channels_hidden,training_template,independent,24,22,2,6,-0.13745018346523155,-0.2047136192351712,-0.08639063361720734,EEG_nrmse,arm_better,subject_block_1000_frozen_coordinates_exploratory
eeg_fnirs_single_trial,motor,EEG_channels_hidden,R0_PCA_refit,training_template,24,24,0,6,0.07502262199596337,-0.06943110677452208,0.23497047478403296,EEG_nrmse,arm_better,subject_block_1000_frozen_coordinates_exploratory
eeg_fnirs_single_trial,motor,EEG_channels_hidden,R1_broadband,training_template,24,24,0,6,0.02667531757650114,-0.09987071704897597,0.1276218125624769,EEG_nrmse,arm_better,subject_block_1000_frozen_coordinates_exploratory
eeg_fnirs_single_trial,motor,EEG_channels_hidden,R2_selected,training_template,24,24,0,6,0.06610221393395348,-0.07753098174416413,0.18273243674428288,EEG_nrmse,arm_better,subject_block_1000_frozen_coordinates_exploratory
eeg_fnirs_single_trial,motor,EEG_channels_hidden,R2_zero,training_template,24,24,0,6,0.06345945831896983,-0.08463674121499805,0.186513012658128,EEG_nrmse,arm_better,subject_block_1000_frozen_coordinates_exploratory
eeg_fnirs_single_trial,motor,EEG_channels_hidden,independent,training_template,24,22,2,6,0.13745018346523155,0.08639346978129854,0.2134214984830786,EEG_nrmse,arm_better,subject_block_1000_frozen_coordinates_exploratory
eeg_fnirs_single_trial,motor,EEG_channels_hidden,own_context,training_template,24,24,0,6,0.0,0.0,0.0,EEG_nrmse,arm_better,subject_block_1000_frozen_coordinates_exploratory
eeg_fnirs_single_trial,motor,EEG_channels_hidden,ridge_cross,training_template,24,24,0,6,0.6588956360272871,0.4981210379143577,0.8770950863152536,EEG_nrmse,arm_better,subject_block_1000_frozen_coordinates_exploratory
eeg_fnirs_single_trial,motor,EEG_channels_hidden,R0_PCA_refit,own_context,24,24,0,6,0.07502262199596337,-0.06939368372956116,0.2355050079691781,EEG_nrmse,arm_better,subject_block_1000_frozen_coordinates_exploratory
eeg_fnirs_single_trial,motor,EEG_channels_hidden,R1_broadband,own_context,24,24,0,6,0.02667531757650114,-0.09991225795260703,0.12338531479722437,EEG_nrmse,arm_better,subject_block_1000_frozen_coordinates_exploratory
eeg_fnirs_single_trial,motor,EEG_channels_hidden,R2_selected,own_context,24,24,0,6,0.06610221393395348,-0.0774627289101004,0.1712113241853357,EEG_nrmse,arm_better,subject_block_1000_frozen_coordinates_exploratory
eeg_fnirs_single_trial,motor,EEG_channels_hidden,R2_zero,own_context,24,24,0,6,0.06345945831896983,-0.09001308775966661,0.1789083467731341,EEG_nrmse,arm_better,subject_block_1000_frozen_coordinates_exploratory
eeg_fnirs_single_trial,motor,EEG_channels_hidden,independent,own_context,24,22,2,6,0.13745018346523155,0.0862721958887423,0.20719805282639678,EEG_nrmse,arm_better,subject_block_1000_frozen_coordinates_exploratory
eeg_fnirs_single_trial,motor,EEG_channels_hidden,ridge_cross,own_context,24,24,0,6,0.6588956360272871,0.499214032901411,0.8625065485847412,EEG_nrmse,arm_better,subject_block_1000_frozen_coordinates_exploratory
eeg_fnirs_single_trial,motor,EEG_channels_hidden,training_template,own_context,24,24,0,6,0.0,0.0,0.0,EEG_nrmse,arm_better,subject_block_1000_frozen_coordinates_exploratory
eeg_fnirs_single_trial,motor,EEG_channels_hidden,R0_PCA_refit,ridge_cross,24,24,0,6,-0.5838730140313235,-0.6738472090681727,-0.4868163437265597,EEG_nrmse,arm_better,subject_block_1000_frozen_coordinates_exploratory
eeg_fnirs_single_trial,motor,EEG_channels_hidden,R1_broadband,ridge_cross,24,24,0,6,-0.6322203184507857,-0.7940738935898684,-0.4953157144629522,EEG_nrmse,arm_better,subject_block_1000_frozen_coordinates_exploratory
eeg_fnirs_single_trial,motor,EEG_channels_hidden,R2_selected,ridge_cross,24,24,0,6,-0.5927934220933334,-0.7285888744242406,-0.4629635695954379,EEG_nrmse,arm_better,subject_block_1000_frozen_coordinates_exploratory
eeg_fnirs_single_trial,motor,EEG_channels_hidden,R2_zero,ridge_cross,24,24,0,6,-0.5954361777083171,-0.7354393819501465,-0.46901123728419014,EEG_nrmse,arm_better,subject_block_1000_frozen_coordinates_exploratory
eeg_fnirs_single_trial,motor,EEG_channels_hidden,independent,ridge_cross,24,22,2,6,-0.5213664372905781,-0.6585128333877248,-0.4073686198632922,EEG_nrmse,arm_better,subject_block_1000_frozen_coordinates_exploratory
eeg_fnirs_single_trial,motor,EEG_channels_hidden,own_context,ridge_cross,24,24,0,6,-0.6588956360272871,-0.8887458534136011,-0.4981210379143577,EEG_nrmse,arm_better,subject_block_1000_frozen_coordinates_exploratory
eeg_fnirs_single_trial,motor,EEG_channels_hidden,training_template,ridge_cross,24,24,0,6,-0.6588956360272871,-0.8672081623273495,-0.495894921046448,EEG_nrmse,arm_better,subject_block_1000_frozen_coordinates_exploratory
eeg_fnirs_single_trial,motor,center_EEG,R0_PCA_refit,R1_broadband,24,24,0,6,0.11106202891584604,0.03151866498455103,0.19650362754835363,EEG_nrmse,arm_better,subject_block_1000_frozen_coordinates_exploratory
eeg_fnirs_single_trial,motor,center_EEG,R2_selected,R1_broadband,24,24,0,6,-0.006137198910543373,-0.05381798806659869,0.03693638923239887,EEG_nrmse,arm_better,subject_block_1000_frozen_coordinates_exploratory
eeg_fnirs_single_trial,motor,center_EEG,R2_zero,R1_broadband,24,24,0,6,0.009524398077795685,0.0007914242776333088,0.020300156151277848,EEG_nrmse,arm_better,subject_block_1000_frozen_coordinates_exploratory
eeg_fnirs_single_trial,motor,center_EEG,independent,R1_broadband,24,22,2,6,0.08068229970281908,0.017364065236587335,0.15944698328834828,EEG_nrmse,arm_better,subject_block_1000_frozen_coordinates_exploratory
eeg_fnirs_single_trial,motor,center_EEG,own_context,R1_broadband,24,24,0,6,0.02401095416661173,-0.06422331852061768,0.11440927317685944,EEG_nrmse,arm_better,subject_block_1000_frozen_coordinates_exploratory
eeg_fnirs_single_trial,motor,center_EEG,ridge_cross,R1_broadband,24,24,0,6,0.06412502873855062,-0.023216588343736782,0.14921658539491292,EEG_nrmse,arm_better,subject_block_1000_frozen_coordinates_exploratory
eeg_fnirs_single_trial,motor,center_EEG,training_template,R1_broadband,24,24,0,6,0.06373795756574852,-0.02292425029569831,0.16916537825651423,EEG_nrmse,arm_better,subject_block_1000_frozen_coordinates_exploratory
eeg_fnirs_single_trial,motor,center_EEG,R1_broadband,R0_PCA_refit,24,24,0,6,-0.11106202891584604,-0.1968945823453797,-0.025285496538305398,EEG_nrmse,arm_better,subject_block_1000_frozen_coordinates_exploratory
eeg_fnirs_single_trial,motor,center_EEG,R2_selected,R0_PCA_refit,24,24,0,6,-0.11719922782638943,-0.2334862568804359,-0.03007620255458339,EEG_nrmse,arm_better,subject_block_1000_frozen_coordinates_exploratory
eeg_fnirs_single_trial,motor,center_EEG,R2_zero,R0_PCA_refit,24,24,0,6,-0.10153763083805038,-0.18067475689869766,-0.021866726281814332,EEG_nrmse,arm_better,subject_block_1000_frozen_coordinates_exploratory
eeg_fnirs_single_trial,motor,center_EEG,independent,R0_PCA_refit,24,22,2,6,-0.018397727519857705,-0.11553196436267471,0.04303637352209588,EEG_nrmse,arm_better,subject_block_1000_frozen_coordinates_exploratory
eeg_fnirs_single_trial,motor,center_EEG,own_context,R0_PCA_refit,24,24,0,6,-0.08705107474923435,-0.1157028268729743,-0.060450989957924785,EEG_nrmse,arm_better,subject_block_1000_frozen_coordinates_exploratory
eeg_fnirs_single_trial,motor,center_EEG,ridge_cross,R0_PCA_refit,24,24,0,6,-0.04693700017729544,-0.0757804968351551,-0.021223005762405888,EEG_nrmse,arm_better,subject_block_1000_frozen_coordinates_exploratory
eeg_fnirs_single_trial,motor,center_EEG,training_template,R0_PCA_refit,24,24,0,6,-0.04732407135009753,-0.16704969352336085,0.027649406993685538,EEG_nrmse,arm_better,subject_block_1000_frozen_coordinates_exploratory
eeg_fnirs_single_trial,motor,center_EEG,R0_PCA_refit,independent,24,22,2,6,0.018397727519857705,-0.04033361356786498,0.11940453939374425,EEG_nrmse,arm_better,subject_block_1000_frozen_coordinates_exploratory
eeg_fnirs_single_trial,motor,center_EEG,R1_broadband,independent,24,22,2,6,-0.08068229970281908,-0.14654017505152736,-0.019372953604830837,EEG_nrmse,arm_better,subject_block_1000_frozen_coordinates_exploratory
eeg_fnirs_single_trial,motor,center_EEG,R2_selected,independent,24,22,2,6,-0.0845452844604082,-0.19396655154558423,0.009545278443356712,EEG_nrmse,arm_better,subject_block_1000_frozen_coordinates_exploratory
eeg_fnirs_single_trial,motor,center_EEG,R2_zero,independent,24,22,2,6,-0.07179182049737594,-0.13133992629434973,-0.011573915044851349,EEG_nrmse,arm_better,subject_block_1000_frozen_coordinates_exploratory
eeg_fnirs_single_trial,motor,center_EEG,own_context,independent,24,22,2,6,-0.06518470903847866,-0.12737397687546045,0.023274393200661554,EEG_nrmse,arm_better,subject_block_1000_frozen_coordinates_exploratory
eeg_fnirs_single_trial,motor,center_EEG,ridge_cross,independent,24,22,2,6,-0.025811903527636664,-0.08578476223325228,0.06224303858068161,EEG_nrmse,arm_better,subject_block_1000_frozen_coordinates_exploratory
eeg_fnirs_single_trial,motor,center_EEG,training_template,independent,24,22,2,6,-0.03342692375664525,-0.04706127529479339,-0.020906680200683606,EEG_nrmse,arm_better,subject_block_1000_frozen_coordinates_exploratory
eeg_fnirs_single_trial,motor,center_EEG,R0_PCA_refit,training_template,24,24,0,6,0.04732407135009753,-0.028998432905217572,0.15957339528918277,EEG_nrmse,arm_better,subject_block_1000_frozen_coordinates_exploratory
eeg_fnirs_single_trial,motor,center_EEG,R1_broadband,training_template,24,24,0,6,-0.06373795756574852,-0.1603545905529295,0.023245248498140858,EEG_nrmse,arm_better,subject_block_1000_frozen_coordinates_exploratory
eeg_fnirs_single_trial,motor,center_EEG,R2_selected,training_template,24,24,0,6,-0.06987515647629189,-0.2212890017707628,0.0450158693184056,EEG_nrmse,arm_better,subject_block_1000_frozen_coordinates_exploratory
eeg_fnirs_single_trial,motor,center_EEG,R2_zero,training_template,24,24,0,6,-0.05421355948795283,-0.14853938999776092,0.02793750263728419,EEG_nrmse,arm_better,subject_block_1000_frozen_coordinates_exploratory
eeg_fnirs_single_trial,motor,center_EEG,independent,training_template,24,22,2,6,0.03342692375664525,0.021828184235963277,0.045236291172662646,EEG_nrmse,arm_better,subject_block_1000_frozen_coordinates_exploratory
eeg_fnirs_single_trial,motor,center_EEG,own_context,training_template,24,24,0,6,-0.0397270033991368,-0.10848677385586142,0.056916896042243835,EEG_nrmse,arm_better,subject_block_1000_frozen_coordinates_exploratory
eeg_fnirs_single_trial,motor,center_EEG,ridge_cross,training_template,24,24,0,6,0.0003870711728020994,-0.06853989605843659,0.10090046500518372,EEG_nrmse,arm_better,subject_block_1000_frozen_coordinates_exploratory
eeg_fnirs_single_trial,motor,center_EEG,R0_PCA_refit,own_context,24,24,0,6,0.08705107474923435,0.06117462438927627,0.11649105464081318,EEG_nrmse,arm_better,subject_block_1000_frozen_coordinates_exploratory
eeg_fnirs_single_trial,motor,center_EEG,R1_broadband,own_context,24,24,0,6,-0.02401095416661173,-0.11333765507400607,0.07044617500283872,EEG_nrmse,arm_better,subject_block_1000_frozen_coordinates_exploratory
eeg_fnirs_single_trial,motor,center_EEG,R2_selected,own_context,24,24,0,6,-0.0301481530771551,-0.15130060598881875,0.06645782637556298,EEG_nrmse,arm_better,subject_block_1000_frozen_coordinates_exploratory
eeg_fnirs_single_trial,motor,center_EEG,R2_zero,own_context,24,24,0,6,-0.01448655608881604,-0.09573788600328877,0.06952890435202243,EEG_nrmse,arm_better,subject_block_1000_frozen_coordinates_exploratory
eeg_fnirs_single_trial,motor,center_EEG,independent,own_context,24,22,2,6,0.06518470903847866,-0.0204629481746572,0.11924107220266589,EEG_nrmse,arm_better,subject_block_1000_frozen_coordinates_exploratory
eeg_fnirs_single_trial,motor,center_EEG,ridge_cross,own_context,24,24,0,6,0.04011407457193889,0.03229980044720821,0.04596875044158997,EEG_nrmse,arm_better,subject_block_1000_frozen_coordinates_exploratory
eeg_fnirs_single_trial,motor,center_EEG,training_template,own_context,24,24,0,6,0.0397270033991368,-0.06431533680282205,0.10848677385586142,EEG_nrmse,arm_better,subject_block_1000_frozen_coordinates_exploratory
eeg_fnirs_single_trial,motor,center_EEG,R0_PCA_refit,ridge_cross,24,24,0,6,0.04693700017729544,0.01808114296996196,0.07578731148039218,EEG_nrmse,arm_better,subject_block_1000_frozen_coordinates_exploratory
eeg_fnirs_single_trial,motor,center_EEG,R1_broadband,ridge_cross,24,24,0,6,-0.06412502873855062,-0.14822030832813352,0.02107363523463015,EEG_nrmse,arm_better,subject_block_1000_frozen_coordinates_exploratory
eeg_fnirs_single_trial,motor,center_EEG,R2_selected,ridge_cross,24,24,0,6,-0.070262227649094,-0.19018274235699895,0.020366896882739974,EEG_nrmse,arm_better,subject_block_1000_frozen_coordinates_exploratory
eeg_fnirs_single_trial,motor,center_EEG,R2_zero,ridge_cross,24,24,0,6,-0.054600630660754934,-0.13614068910896646,0.02256458599655761,EEG_nrmse,arm_better,subject_block_1000_frozen_coordinates_exploratory
eeg_fnirs_single_trial,motor,center_EEG,independent,ridge_cross,24,22,2,6,0.025811903527636664,-0.0614223771640208,0.08476181145412168,EEG_nrmse,arm_better,subject_block_1000_frozen_coordinates_exploratory
eeg_fnirs_single_trial,motor,center_EEG,own_context,ridge_cross,24,24,0,6,-0.04011407457193889,-0.04572472288914409,-0.032604566312416615,EEG_nrmse,arm_better,subject_block_1000_frozen_coordinates_exploratory
eeg_fnirs_single_trial,motor,center_EEG,training_template,ridge_cross,24,24,0,6,-0.0003870711728020994,-0.09969593596468593,0.0685398960584366,EEG_nrmse,arm_better,subject_block_1000_frozen_coordinates_exploratory
eeg_fnirs_single_trial,motor,full,R0_PCA_refit,R1_broadband,24,24,0,6,0.04620194268619565,-0.005731358421543912,0.13635968937150625,EEG_nrmse,arm_better,subject_block_1000_frozen_coordinates_exploratory
eeg_fnirs_single_trial,motor,full,R2_selected,R1_broadband,24,24,0,6,0.04239103876224958,0.025808221082823036,0.06707922194168484,EEG_nrmse,arm_better,subject_block_1000_frozen_coordinates_exploratory
eeg_fnirs_single_trial,motor,full,R2_zero,R1_broadband,24,24,0,6,0.039698268521165626,0.02242153159011547,0.06534529018061157,EEG_nrmse,arm_better,subject_block_1000_frozen_coordinates_exploratory
eeg_fnirs_single_trial,motor,full,independent,R1_broadband,24,22,2,6,0.055405073535698214,0.03783949781213138,0.07804373216965081,EEG_nrmse,arm_better,subject_block_1000_frozen_coordinates_exploratory
eeg_fnirs_single_trial,motor,full,training_template,R1_broadband,24,24,0,6,-0.06492467038659701,-0.13018342635603458,0.011890728000702233,EEG_nrmse,arm_better,subject_block_1000_frozen_coordinates_exploratory
eeg_fnirs_single_trial,motor,full,R1_broadband,R0_PCA_refit,24,24,0,6,-0.04620194268619565,-0.1359537246334499,0.004409743878744132,EEG_nrmse,arm_better,subject_block_1000_frozen_coordinates_exploratory
eeg_fnirs_single_trial,motor,full,R2_selected,R0_PCA_refit,24,24,0,6,-0.003810903923946058,-0.06779772778425654,0.03595288707754284,EEG_nrmse,arm_better,subject_block_1000_frozen_coordinates_exploratory
eeg_fnirs_single_trial,motor,full,R2_zero,R0_PCA_refit,24,24,0,6,-0.006503674165030014,-0.07022470172906578,0.03282775434844629,EEG_nrmse,arm_better,subject_block_1000_frozen_coordinates_exploratory
eeg_fnirs_single_trial,motor,full,independent,R0_PCA_refit,24,22,2,6,0.00702584728200598,-0.06348248714528429,0.049755642617905424,EEG_nrmse,arm_better,subject_block_1000_frozen_coordinates_exploratory
eeg_fnirs_single_trial,motor,full,training_template,R0_PCA_refit,24,24,0,6,-0.11112661307279265,-0.26888042656174244,0.015003091149135303,EEG_nrmse,arm_better,subject_block_1000_frozen_coordinates_exploratory
eeg_fnirs_single_trial,motor,full,R0_PCA_refit,independent,24,22,2,6,-0.00702584728200598,-0.05224560535579187,0.06307689709933066,EEG_nrmse,arm_better,subject_block_1000_frozen_coordinates_exploratory
eeg_fnirs_single_trial,motor,full,R1_broadband,independent,24,22,2,6,-0.055405073535698214,-0.08021855508684207,-0.03823011766113063,EEG_nrmse,arm_better,subject_block_1000_frozen_coordinates_exploratory
eeg_fnirs_single_trial,motor,full,R2_selected,independent,24,22,2,6,-0.014782437564399023,-0.022421195913548745,-0.008071898236978646,EEG_nrmse,arm_better,subject_block_1000_frozen_coordinates_exploratory
eeg_fnirs_single_trial,motor,full,R2_zero,independent,24,22,2,6,-0.01506968578912169,-0.023688056733619994,-0.007647959339910887,EEG_nrmse,arm_better,subject_block_1000_frozen_coordinates_exploratory
eeg_fnirs_single_trial,motor,full,training_template,independent,24,22,2,6,-0.146287758690148,-0.21732290082333117,-0.09632283679028002,EEG_nrmse,arm_better,subject_block_1000_frozen_coordinates_exploratory
eeg_fnirs_single_trial,motor,full,R0_PCA_refit,training_template,24,24,0,6,0.11112661307279265,-0.011064939768381197,0.27163230692274704,EEG_nrmse,arm_better,subject_block_1000_frozen_coordinates_exploratory
eeg_fnirs_single_trial,motor,full,R1_broadband,training_template,24,24,0,6,0.06492467038659701,-0.017616168100852838,0.13280543428092162,EEG_nrmse,arm_better,subject_block_1000_frozen_coordinates_exploratory
eeg_fnirs_single_trial,motor,full,R2_selected,training_template,24,24,0,6,0.10731570914884658,0.022324439138571243,0.19730080882233958,EEG_nrmse,arm_better,subject_block_1000_frozen_coordinates_exploratory
eeg_fnirs_single_trial,motor,full,R2_zero,training_template,24,24,0,6,0.1046229389077626,0.007632038864958783,0.19523793260000727,EEG_nrmse,arm_better,subject_block_1000_frozen_coordinates_exploratory
eeg_fnirs_single_trial,motor,full,independent,training_template,24,22,2,6,0.146287758690148,0.09705430531430984,0.2173229008233312,EEG_nrmse,arm_better,subject_block_1000_frozen_coordinates_exploratory
eeg_fnirs_single_trial,motor,full,R0_PCA_refit,own_context,0,0,0,0,,,,EEG_nrmse,arm_better,subject_block_1000_frozen_coordinates_exploratory
eeg_fnirs_single_trial,motor,full,R1_broadband,own_context,0,0,0,0,,,,EEG_nrmse,arm_better,subject_block_1000_frozen_coordinates_exploratory
eeg_fnirs_single_trial,motor,full,R2_selected,own_context,0,0,0,0,,,,EEG_nrmse,arm_better,subject_block_1000_frozen_coordinates_exploratory
eeg_fnirs_single_trial,motor,full,R2_zero,own_context,0,0,0,0,,,,EEG_nrmse,arm_better,subject_block_1000_frozen_coordinates_exploratory
eeg_fnirs_single_trial,motor,full,independent,own_context,0,0,0,0,,,,EEG_nrmse,arm_better,subject_block_1000_frozen_coordinates_exploratory
eeg_fnirs_single_trial,motor,full,training_template,own_context,0,0,0,0,,,,EEG_nrmse,arm_better,subject_block_1000_frozen_coordinates_exploratory
eeg_fnirs_single_trial,motor,full,R0_PCA_refit,ridge_cross,0,0,0,0,,,,EEG_nrmse,arm_better,subject_block_1000_frozen_coordinates_exploratory
eeg_fnirs_single_trial,motor,full,R1_broadband,ridge_cross,0,0,0,0,,,,EEG_nrmse,arm_better,subject_block_1000_frozen_coordinates_exploratory
eeg_fnirs_single_trial,motor,full,R2_selected,ridge_cross,0,0,0,0,,,,EEG_nrmse,arm_better,subject_block_1000_frozen_coordinates_exploratory
eeg_fnirs_single_trial,motor,full,R2_zero,ridge_cross,0,0,0,0,,,,EEG_nrmse,arm_better,subject_block_1000_frozen_coordinates_exploratory
eeg_fnirs_single_trial,motor,full,independent,ridge_cross,0,0,0,0,,,,EEG_nrmse,arm_better,subject_block_1000_frozen_coordinates_exploratory
eeg_fnirs_single_trial,motor,full,training_template,ridge_cross,0,0,0,0,,,,EEG_nrmse,arm_better,subject_block_1000_frozen_coordinates_exploratory
eeg_fnirs_single_trial,posterior,EEG_channels_hidden,R0_PCA_refit,R1_broadband,24,24,0,6,0.031357547347261636,-0.011208728866414904,0.10315479968960023,EEG_nrmse,arm_better,subject_block_1000_frozen_coordinates_exploratory
eeg_fnirs_single_trial,posterior,EEG_channels_hidden,R2_selected,R1_broadband,24,24,0,6,0.03861371173284312,0.021621997426535325,0.062245038688999055,EEG_nrmse,arm_better,subject_block_1000_frozen_coordinates_exploratory
eeg_fnirs_single_trial,posterior,EEG_channels_hidden,R2_zero,R1_broadband,24,24,0,6,0.038970044948995614,0.021770350723959518,0.0656267441144955,EEG_nrmse,arm_better,subject_block_1000_frozen_coordinates_exploratory
eeg_fnirs_single_trial,posterior,EEG_channels_hidden,independent,R1_broadband,24,24,0,6,0.05305278707833011,0.03462478548039737,0.07570696225280202,EEG_nrmse,arm_better,subject_block_1000_frozen_coordinates_exploratory
eeg_fnirs_single_trial,posterior,EEG_channels_hidden,own_context,R1_broadband,24,24,0,6,-0.08504114997808443,-0.13849575122075036,-0.0486861303012652,EEG_nrmse,arm_better,subject_block_1000_frozen_coordinates_exploratory
eeg_fnirs_single_trial,posterior,EEG_channels_hidden,ridge_cross,R1_broadband,24,24,0,6,0.5487717360250416,0.37508213417818825,0.8004857585470029,EEG_nrmse,arm_better,subject_block_1000_frozen_coordinates_exploratory
eeg_fnirs_single_trial,posterior,EEG_channels_hidden,training_template,R1_broadband,24,24,0,6,-0.08504114997808443,-0.1347206549284665,-0.0491409214331645,EEG_nrmse,arm_better,subject_block_1000_frozen_coordinates_exploratory
eeg_fnirs_single_trial,posterior,EEG_channels_hidden,R1_broadband,R0_PCA_refit,24,24,0,6,-0.031357547347261636,-0.1028665355177764,0.011208728866414904,EEG_nrmse,arm_better,subject_block_1000_frozen_coordinates_exploratory
eeg_fnirs_single_trial,posterior,EEG_channels_hidden,R2_selected,R0_PCA_refit,24,24,0,6,0.0072561643855814885,-0.04241194583183,0.04445341589061256,EEG_nrmse,arm_better,subject_block_1000_frozen_coordinates_exploratory
eeg_fnirs_single_trial,posterior,EEG_channels_hidden,R2_zero,R0_PCA_refit,24,24,0,6,0.007612497601733978,-0.04210128553974327,0.04410373250276068,EEG_nrmse,arm_better,subject_block_1000_frozen_coordinates_exploratory
eeg_fnirs_single_trial,posterior,EEG_channels_hidden,independent,R0_PCA_refit,24,24,0,6,0.021695239731068475,-0.03143190760349096,0.06292490977656683,EEG_nrmse,arm_better,subject_block_1000_frozen_coordinates_exploratory
eeg_fnirs_single_trial,posterior,EEG_channels_hidden,own_context,R0_PCA_refit,24,24,0,6,-0.11639869732534606,-0.2349599950290644,-0.04939234776053556,EEG_nrmse,arm_better,subject_block_1000_frozen_coordinates_exploratory
eeg_fnirs_single_trial,posterior,EEG_channels_hidden,ridge_cross,R0_PCA_refit,24,24,0,6,0.51741418867778,0.3722524130777285,0.7072973626800747,EEG_nrmse,arm_better,subject_block_1000_frozen_coordinates_exploratory
eeg_fnirs_single_trial,posterior,EEG_channels_hidden,training_template,R0_PCA_refit,24,24,0,6,-0.11639869732534606,-0.23931736610941798,-0.049040474588464916,EEG_nrmse,arm_better,subject_block_1000_frozen_coordinates_exploratory
eeg_fnirs_single_trial,posterior,EEG_channels_hidden,R0_PCA_refit,independent,24,24,0,6,-0.021695239731068475,-0.061913322618655856,0.03221617400254363,EEG_nrmse,arm_better,subject_block_1000_frozen_coordinates_exploratory
eeg_fnirs_single_trial,posterior,EEG_channels_hidden,R1_broadband,independent,24,24,0,6,-0.05305278707833011,-0.0758317297391023,-0.033430972433101495,EEG_nrmse,arm_better,subject_block_1000_frozen_coordinates_exploratory
eeg_fnirs_single_trial,posterior,EEG_channels_hidden,R2_selected,independent,24,24,0,6,-0.014439075345486987,-0.02504323440073722,-0.006477192323390238,EEG_nrmse,arm_better,subject_block_1000_frozen_coordinates_exploratory
eeg_fnirs_single_trial,posterior,EEG_channels_hidden,R2_zero,independent,24,24,0,6,-0.014082742129334497,-0.022582465284961818,-0.007571933650045076,EEG_nrmse,arm_better,subject_block_1000_frozen_coordinates_exploratory
eeg_fnirs_single_trial,posterior,EEG_channels_hidden,own_context,independent,24,24,0,6,-0.13809393705641454,-0.20980244818925345,-0.08279398993294718,EEG_nrmse,arm_better,subject_block_1000_frozen_coordinates_exploratory
eeg_fnirs_single_trial,posterior,EEG_channels_hidden,ridge_cross,independent,24,24,0,6,0.4957189489467115,0.3371658269286337,0.7304693084129544,EEG_nrmse,arm_better,subject_block_1000_frozen_coordinates_exploratory
eeg_fnirs_single_trial,posterior,EEG_channels_hidden,training_template,independent,24,24,0,6,-0.13809393705641454,-0.21432748095985266,-0.08372594749663209,EEG_nrmse,arm_better,subject_block_1000_frozen_coordinates_exploratory
eeg_fnirs_single_trial,posterior,EEG_channels_hidden,R0_PCA_refit,training_template,24,24,0,6,0.11639869732534606,0.048621877649175194,0.2358888709156252,EEG_nrmse,arm_better,subject_block_1000_frozen_coordinates_exploratory
eeg_fnirs_single_trial,posterior,EEG_channels_hidden,R1_broadband,training_template,24,24,0,6,0.08504114997808443,0.049160751004082036,0.13426920781688784,EEG_nrmse,arm_better,subject_block_1000_frozen_coordinates_exploratory
eeg_fnirs_single_trial,posterior,EEG_channels_hidden,R2_selected,training_template,24,24,0,6,0.12365486171092754,0.07264713720523752,0.20140783390495634,EEG_nrmse,arm_better,subject_block_1000_frozen_coordinates_exploratory
eeg_fnirs_single_trial,posterior,EEG_channels_hidden,R2_zero,training_template,24,24,0,6,0.12401119492708003,0.06960300906583786,0.20217185152309933,EEG_nrmse,arm_better,subject_block_1000_frozen_coordinates_exploratory
eeg_fnirs_single_trial,posterior,EEG_channels_hidden,independent,training_template,24,24,0,6,0.13809393705641454,0.08351603771850714,0.21009402890788423,EEG_nrmse,arm_better,subject_block_1000_frozen_coordinates_exploratory
eeg_fnirs_single_trial,posterior,EEG_channels_hidden,own_context,training_template,24,24,0,6,0.0,0.0,0.0,EEG_nrmse,arm_better,subject_block_1000_frozen_coordinates_exploratory
eeg_fnirs_single_trial,posterior,EEG_channels_hidden,ridge_cross,training_template,24,24,0,6,0.633812886003126,0.424002995496605,0.9402186329415839,EEG_nrmse,arm_better,subject_block_1000_frozen_coordinates_exploratory
eeg_fnirs_single_trial,posterior,EEG_channels_hidden,R0_PCA_refit,own_context,24,24,0,6,0.11639869732534606,0.0491972529547088,0.23537696455939758,EEG_nrmse,arm_better,subject_block_1000_frozen_coordinates_exploratory
eeg_fnirs_single_trial,posterior,EEG_channels_hidden,R1_broadband,own_context,24,24,0,6,0.08504114997808443,0.0497577461365785,0.1336307979428594,EEG_nrmse,arm_better,subject_block_1000_frozen_coordinates_exploratory
eeg_fnirs_single_trial,posterior,EEG_channels_hidden,R2_selected,own_context,24,24,0,6,0.12365486171092754,0.06906320645332938,0.20346274476687032,EEG_nrmse,arm_better,subject_block_1000_frozen_coordinates_exploratory
eeg_fnirs_single_trial,posterior,EEG_channels_hidden,R2_zero,own_context,24,24,0,6,0.12401119492708003,0.07164553515265473,0.19790165850703162,EEG_nrmse,arm_better,subject_block_1000_frozen_coordinates_exploratory
eeg_fnirs_single_trial,posterior,EEG_channels_hidden,independent,own_context,24,24,0,6,0.13809393705641454,0.08278901846696016,0.2101455040994223,EEG_nrmse,arm_better,subject_block_1000_frozen_coordinates_exploratory
eeg_fnirs_single_trial,posterior,EEG_channels_hidden,ridge_cross,own_context,24,24,0,6,0.633812886003126,0.4166879565013159,0.9417137083960863,EEG_nrmse,arm_better,subject_block_1000_frozen_coordinates_exploratory
eeg_fnirs_single_trial,posterior,EEG_channels_hidden,training_template,own_context,24,24,0,6,0.0,0.0,0.0,EEG_nrmse,arm_better,subject_block_1000_frozen_coordinates_exploratory
eeg_fnirs_single_trial,posterior,EEG_channels_hidden,R0_PCA_refit,ridge_cross,24,24,0,6,-0.51741418867778,-0.7060173116148715,-0.37149457404593345,EEG_nrmse,arm_better,subject_block_1000_frozen_coordinates_exploratory
eeg_fnirs_single_trial,posterior,EEG_channels_hidden,R1_broadband,ridge_cross,24,24,0,6,-0.5487717360250416,-0.8030686108125987,-0.3725886596987455,EEG_nrmse,arm_better,subject_block_1000_frozen_coordinates_exploratory
eeg_fnirs_single_trial,posterior,EEG_channels_hidden,R2_selected,ridge_cross,24,24,0,6,-0.5101580242921985,-0.7478521913566446,-0.3529347616861329,EEG_nrmse,arm_better,subject_block_1000_frozen_coordinates_exploratory
eeg_fnirs_single_trial,posterior,EEG_channels_hidden,R2_zero,ridge_cross,24,24,0,6,-0.5098016910760459,-0.7445005111993437,-0.3465390834805319,EEG_nrmse,arm_better,subject_block_1000_frozen_coordinates_exploratory
eeg_fnirs_single_trial,posterior,EEG_channels_hidden,independent,ridge_cross,24,24,0,6,-0.4957189489467115,-0.7304826583703676,-0.3353695493678232,EEG_nrmse,arm_better,subject_block_1000_frozen_coordinates_exploratory
eeg_fnirs_single_trial,posterior,EEG_channels_hidden,own_context,ridge_cross,24,24,0,6,-0.633812886003126,-0.9508780211047471,-0.42048133847746266,EEG_nrmse,arm_better,subject_block_1000_frozen_coordinates_exploratory
eeg_fnirs_single_trial,posterior,EEG_channels_hidden,training_template,ridge_cross,24,24,0,6,-0.633812886003126,-0.9511157215121351,-0.4330866739375912,EEG_nrmse,arm_better,subject_block_1000_frozen_coordinates_exploratory
eeg_fnirs_single_trial,posterior,center_EEG,R0_PCA_refit,R1_broadband,24,24,0,6,0.04555411799706203,0.01730851007777593,0.09334701814315549,EEG_nrmse,arm_better,subject_block_1000_frozen_coordinates_exploratory
eeg_fnirs_single_trial,posterior,center_EEG,R2_selected,R1_broadband,24,24,0,6,0.0035169164410248505,-0.010520623839700372,0.017502165030955363,EEG_nrmse,arm_better,subject_block_1000_frozen_coordinates_exploratory
eeg_fnirs_single_trial,posterior,center_EEG,R2_zero,R1_broadband,24,24,0,6,0.01000995441396653,0.0002392358790095878,0.01996443011768472,EEG_nrmse,arm_better,subject_block_1000_frozen_coordinates_exploratory
eeg_fnirs_single_trial,posterior,center_EEG,independent,R1_broadband,24,24,0,6,0.02992804635057607,-0.016898877598283586,0.07448453289373812,EEG_nrmse,arm_better,subject_block_1000_frozen_coordinates_exploratory
eeg_fnirs_single_trial,posterior,center_EEG,own_context,R1_broadband,24,24,0,6,-0.03290147937278836,-0.10434110181149564,0.0575297395062623,EEG_nrmse,arm_better,subject_block_1000_frozen_coordinates_exploratory
eeg_fnirs_single_trial,posterior,center_EEG,ridge_cross,R1_broadband,24,24,0,6,0.01101933789614698,-0.058974072225748964,0.1008878880494246,EEG_nrmse,arm_better,subject_block_1000_frozen_coordinates_exploratory
eeg_fnirs_single_trial,posterior,center_EEG,training_template,R1_broadband,24,24,0,6,0.004124000654527976,-0.03966699914640683,0.03958461062038531,EEG_nrmse,arm_better,subject_block_1000_frozen_coordinates_exploratory
eeg_fnirs_single_trial,posterior,center_EEG,R1_broadband,R0_PCA_refit,24,24,0,6,-0.04555411799706203,-0.09498412171165438,-0.017786718679972478,EEG_nrmse,arm_better,subject_block_1000_frozen_coordinates_exploratory
eeg_fnirs_single_trial,posterior,center_EEG,R2_selected,R0_PCA_refit,24,24,0,6,-0.042037201556037185,-0.08110740218450953,-0.01462410039278086,EEG_nrmse,arm_better,subject_block_1000_frozen_coordinates_exploratory
eeg_fnirs_single_trial,posterior,center_EEG,R2_zero,R0_PCA_refit,24,24,0,6,-0.03554416358309551,-0.08889768640992397,-0.0008747116449605991,EEG_nrmse,arm_better,subject_block_1000_frozen_coordinates_exploratory
eeg_fnirs_single_trial,posterior,center_EEG,independent,R0_PCA_refit,24,24,0,6,-0.015626071646485967,-0.1067550324320166,0.052064507982242526,EEG_nrmse,arm_better,subject_block_1000_frozen_coordinates_exploratory
eeg_fnirs_single_trial,posterior,center_EEG,own_context,R0_PCA_refit,24,24,0,6,-0.0784555973698504,-0.12830753336323428,-0.02556610738533527,EEG_nrmse,arm_better,subject_block_1000_frozen_coordinates_exploratory
eeg_fnirs_single_trial,posterior,center_EEG,ridge_cross,R0_PCA_refit,24,24,0,6,-0.03453478010091506,-0.08195617383438776,0.016582962113270282,EEG_nrmse,arm_better,subject_block_1000_frozen_coordinates_exploratory
eeg_fnirs_single_trial,posterior,center_EEG,training_template,R0_PCA_refit,24,24,0,6,-0.04143011734253407,-0.1293299652156434,0.013687571219367436,EEG_nrmse,arm_better,subject_block_1000_frozen_coordinates_exploratory
eeg_fnirs_single_trial,posterior,center_EEG,R0_PCA_refit,independent,24,24,0,6,0.015626071646485967,-0.05206845101181426,0.10659731124914813,EEG_nrmse,arm_better,subject_block_1000_frozen_coordinates_exploratory
eeg_fnirs_single_trial,posterior,center_EEG,R1_broadband,independent,24,24,0,6,-0.02992804635057607,-0.0745043025613084,0.013565156300561041,EEG_nrmse,arm_better,subject_block_1000_frozen_coordinates_exploratory
eeg_fnirs_single_trial,posterior,center_EEG,R2_selected,independent,24,24,0,6,-0.02641112990955122,-0.0751943203921589,0.026463444633776177,EEG_nrmse,arm_better,subject_block_1000_frozen_coordinates_exploratory
eeg_fnirs_single_trial,posterior,center_EEG,R2_zero,independent,24,24,0,6,-0.019918091936609542,-0.05403023268726127,0.015639512236667413,EEG_nrmse,arm_better,subject_block_1000_frozen_coordinates_exploratory
eeg_fnirs_single_trial,posterior,center_EEG,own_context,independent,24,24,0,6,-0.06282952572336443,-0.13804467107839272,0.05769166333970821,EEG_nrmse,arm_better,subject_block_1000_frozen_coordinates_exploratory
eeg_fnirs_single_trial,posterior,center_EEG,ridge_cross,independent,24,24,0,6,-0.0189087084544291,-0.08899968326849984,0.09681872508249025,EEG_nrmse,arm_better,subject_block_1000_frozen_coordinates_exploratory
eeg_fnirs_single_trial,posterior,center_EEG,training_template,independent,24,24,0,6,-0.025804045696048095,-0.05378819058646891,-0.0037394288595555287,EEG_nrmse,arm_better,subject_block_1000_frozen_coordinates_exploratory
eeg_fnirs_single_trial,posterior,center_EEG,R0_PCA_refit,training_template,24,24,0,6,0.04143011734253407,-0.013648668602262454,0.1293698653357511,EEG_nrmse,arm_better,subject_block_1000_frozen_coordinates_exploratory
eeg_fnirs_single_trial,posterior,center_EEG,R1_broadband,training_template,24,24,0,6,-0.004124000654527976,-0.03964861558958297,0.0420823030035302,EEG_nrmse,arm_better,subject_block_1000_frozen_coordinates_exploratory
eeg_fnirs_single_trial,posterior,center_EEG,R2_selected,training_template,24,24,0,6,-0.0006070842135031257,-0.037774837214541966,0.0510939773830977,EEG_nrmse,arm_better,subject_block_1000_frozen_coordinates_exploratory
eeg_fnirs_single_trial,posterior,center_EEG,R2_zero,training_template,24,24,0,6,0.005885953759438553,-0.031119477845651458,0.04954968485861664,EEG_nrmse,arm_better,subject_block_1000_frozen_coordinates_exploratory
eeg_fnirs_single_trial,posterior,center_EEG,independent,training_template,24,24,0,6,0.025804045696048095,0.0037336916416287115,0.05051228123817023,EEG_nrmse,arm_better,subject_block_1000_frozen_coordinates_exploratory
eeg_fnirs_single_trial,posterior,center_EEG,own_context,training_template,24,24,0,6,-0.037025480027316336,-0.13482136311050077,0.08886940814971296,EEG_nrmse,arm_better,subject_block_1000_frozen_coordinates_exploratory
eeg_fnirs_single_trial,posterior,center_EEG,ridge_cross,training_template,24,24,0,6,0.006895337241619004,-0.08449378165139682,0.13800411883754735,EEG_nrmse,arm_better,subject_block_1000_frozen_coordinates_exploratory
eeg_fnirs_single_trial,posterior,center_EEG,R0_PCA_refit,own_context,24,24,0,6,0.0784555973698504,0.02301728366125173,0.12822752652819322,EEG_nrmse,arm_better,subject_block_1000_frozen_coordinates_exploratory
eeg_fnirs_single_trial,posterior,center_EEG,R1_broadband,own_context,24,24,0,6,0.03290147937278836,-0.05725423908026293,0.1040656013854963,EEG_nrmse,arm_better,subject_block_1000_frozen_coordinates_exploratory
eeg_fnirs_single_trial,posterior,center_EEG,R2_selected,own_context,24,24,0,6,0.03641839581381321,-0.046117140400231675,0.10981014437676453,EEG_nrmse,arm_better,subject_block_1000_frozen_coordinates_exploratory
eeg_fnirs_single_trial,posterior,center_EEG,R2_zero,own_context,24,24,0,6,0.04291143378675489,-0.04569881444141758,0.11104949289806372,EEG_nrmse,arm_better,subject_block_1000_frozen_coordinates_exploratory
eeg_fnirs_single_trial,posterior,center_EEG,independent,own_context,24,24,0,6,0.06282952572336443,-0.05514270871930053,0.13810530045486571,EEG_nrmse,arm_better,subject_block_1000_frozen_coordinates_exploratory
eeg_fnirs_single_trial,posterior,center_EEG,ridge_cross,own_context,24,24,0,6,0.04392081726893534,0.03584209216203419,0.05335376047091222,EEG_nrmse,arm_better,subject_block_1000_frozen_coordinates_exploratory
eeg_fnirs_single_trial,posterior,center_EEG,training_template,own_context,24,24,0,6,0.037025480027316336,-0.09327869441889797,0.13279779507857906,EEG_nrmse,arm_better,subject_block_1000_frozen_coordinates_exploratory
eeg_fnirs_single_trial,posterior,center_EEG,R0_PCA_refit,ridge_cross,24,24,0,6,0.03453478010091506,-0.013852922201182746,0.08134542206089844,EEG_nrmse,arm_better,subject_block_1000_frozen_coordinates_exploratory
eeg_fnirs_single_trial,posterior,center_EEG,R1_broadband,ridge_cross,24,24,0,6,-0.01101933789614698,-0.09937644988685855,0.05745415504406388,EEG_nrmse,arm_better,subject_block_1000_frozen_coordinates_exploratory
eeg_fnirs_single_trial,posterior,center_EEG,R2_selected,ridge_cross,24,24,0,6,-0.00750242145512212,-0.09049132712307051,0.06740188522560242,EEG_nrmse,arm_better,subject_block_1000_frozen_coordinates_exploratory
eeg_fnirs_single_trial,posterior,center_EEG,R2_zero,ridge_cross,24,24,0,6,-0.001009383482180451,-0.08781254622889416,0.06684135337681814,EEG_nrmse,arm_better,subject_block_1000_frozen_coordinates_exploratory
eeg_fnirs_single_trial,posterior,center_EEG,independent,ridge_cross,24,24,0,6,0.0189087084544291,-0.09620190855651714,0.08911419629589885,EEG_nrmse,arm_better,subject_block_1000_frozen_coordinates_exploratory
eeg_fnirs_single_trial,posterior,center_EEG,own_context,ridge_cross,24,24,0,6,-0.04392081726893534,-0.05218514285098581,-0.035197346779153454,EEG_nrmse,arm_better,subject_block_1000_frozen_coordinates_exploratory
eeg_fnirs_single_trial,posterior,center_EEG,training_template,ridge_cross,24,24,0,6,-0.006895337241619004,-0.1301754400326407,0.08159103631788113,EEG_nrmse,arm_better,subject_block_1000_frozen_coordinates_exploratory
eeg_fnirs_single_trial,posterior,full,R0_PCA_refit,R1_broadband,24,24,0,6,0.0378947448311119,-0.007926628461689128,0.11753415284143202,EEG_nrmse,arm_better,subject_block_1000_frozen_coordinates_exploratory
eeg_fnirs_single_trial,posterior,full,R2_selected,R1_broadband,24,24,0,6,0.04060962232742853,0.023046971031156594,0.0667150925178997,EEG_nrmse,arm_better,subject_block_1000_frozen_coordinates_exploratory
eeg_fnirs_single_trial,posterior,full,R2_zero,R1_broadband,24,24,0,6,0.041111303395257044,0.02371594052795117,0.06723396734939889,EEG_nrmse,arm_better,subject_block_1000_frozen_coordinates_exploratory
eeg_fnirs_single_trial,posterior,full,independent,R1_broadband,24,24,0,6,0.04843550494972968,0.029745015129753822,0.07557480049979422,EEG_nrmse,arm_better,subject_block_1000_frozen_coordinates_exploratory
eeg_fnirs_single_trial,posterior,full,training_template,R1_broadband,24,24,0,6,-0.09864337771735802,-0.15177117075709304,-0.05965594423932461,EEG_nrmse,arm_better,subject_block_1000_frozen_coordinates_exploratory
eeg_fnirs_single_trial,posterior,full,R1_broadband,R0_PCA_refit,24,24,0,6,-0.0378947448311119,-0.11707942099321796,0.007940595198603512,EEG_nrmse,arm_better,subject_block_1000_frozen_coordinates_exploratory
eeg_fnirs_single_trial,posterior,full,R2_selected,R0_PCA_refit,24,24,0,6,0.002714877496316622,-0.05390599612986692,0.041620966517412566,EEG_nrmse,arm_better,subject_block_1000_frozen_coordinates_exploratory
eeg_fnirs_single_trial,posterior,full,R2_zero,R0_PCA_refit,24,24,0,6,0.0032165585641451416,-0.05369181104614002,0.04187377848638615,EEG_nrmse,arm_better,subject_block_1000_frozen_coordinates_exploratory
eeg_fnirs_single_trial,posterior,full,independent,R0_PCA_refit,24,24,0,6,0.010540760118617784,-0.050657294218952244,0.04984527560182085,EEG_nrmse,arm_better,subject_block_1000_frozen_coordinates_exploratory
eeg_fnirs_single_trial,posterior,full,training_template,R0_PCA_refit,24,24,0,6,-0.13653812254846992,-0.26834460802663274,-0.06261572722261459,EEG_nrmse,arm_better,subject_block_1000_frozen_coordinates_exploratory
eeg_fnirs_single_trial,posterior,full,R0_PCA_refit,independent,24,24,0,6,-0.010540760118617784,-0.051636812305014136,0.05007314423466295,EEG_nrmse,arm_better,subject_block_1000_frozen_coordinates_exploratory
eeg_fnirs_single_trial,posterior,full,R1_broadband,independent,24,24,0,6,-0.04843550494972968,-0.0724830822550433,-0.028284457919520358,EEG_nrmse,arm_better,subject_block_1000_frozen_coordinates_exploratory
eeg_fnirs_single_trial,posterior,full,R2_selected,independent,24,24,0,6,-0.007825882622301161,-0.013553881485784935,-0.003337597225807266,EEG_nrmse,arm_better,subject_block_1000_frozen_coordinates_exploratory
eeg_fnirs_single_trial,posterior,full,R2_zero,independent,24,24,0,6,-0.007324201554472641,-0.012320921774361504,-0.003568378394528953,EEG_nrmse,arm_better,subject_block_1000_frozen_coordinates_exploratory
eeg_fnirs_single_trial,posterior,full,training_template,independent,24,24,0,6,-0.14707888266708768,-0.22180510500029887,-0.0905017938166043,EEG_nrmse,arm_better,subject_block_1000_frozen_coordinates_exploratory
eeg_fnirs_single_trial,posterior,full,R0_PCA_refit,training_template,24,24,0,6,0.13653812254846992,0.063662406511298,0.2652953683134589,EEG_nrmse,arm_better,subject_block_1000_frozen_coordinates_exploratory
eeg_fnirs_single_trial,posterior,full,R1_broadband,training_template,24,24,0,6,0.09864337771735802,0.06410111458066355,0.1511347570738748,EEG_nrmse,arm_better,subject_block_1000_frozen_coordinates_exploratory
eeg_fnirs_single_trial,posterior,full,R2_selected,training_template,24,24,0,6,0.13925300004478655,0.08411724924097033,0.21756622170234,EEG_nrmse,arm_better,subject_block_1000_frozen_coordinates_exploratory
eeg_fnirs_single_trial,posterior,full,R2_zero,training_template,24,24,0,6,0.13975468111261505,0.085624328421244,0.21810438473006807,EEG_nrmse,arm_better,subject_block_1000_frozen_coordinates_exploratory
eeg_fnirs_single_trial,posterior,full,independent,training_template,24,24,0,6,0.14707888266708768,0.0905017938166043,0.22696535428504108,EEG_nrmse,arm_better,subject_block_1000_frozen_coordinates_exploratory
eeg_fnirs_single_trial,posterior,full,R0_PCA_refit,own_context,0,0,0,0,,,,EEG_nrmse,arm_better,subject_block_1000_frozen_coordinates_exploratory
eeg_fnirs_single_trial,posterior,full,R1_broadband,own_context,0,0,0,0,,,,EEG_nrmse,arm_better,subject_block_1000_frozen_coordinates_exploratory
eeg_fnirs_single_trial,posterior,full,R2_selected,own_context,0,0,0,0,,,,EEG_nrmse,arm_better,subject_block_1000_frozen_coordinates_exploratory
eeg_fnirs_single_trial,posterior,full,R2_zero,own_context,0,0,0,0,,,,EEG_nrmse,arm_better,subject_block_1000_frozen_coordinates_exploratory
eeg_fnirs_single_trial,posterior,full,independent,own_context,0,0,0,0,,,,EEG_nrmse,arm_better,subject_block_1000_frozen_coordinates_exploratory
eeg_fnirs_single_trial,posterior,full,training_template,own_context,0,0,0,0,,,,EEG_nrmse,arm_better,subject_block_1000_frozen_coordinates_exploratory
eeg_fnirs_single_trial,posterior,full,R0_PCA_refit,ridge_cross,0,0,0,0,,,,EEG_nrmse,arm_better,subject_block_1000_frozen_coordinates_exploratory
eeg_fnirs_single_trial,posterior,full,R1_broadband,ridge_cross,0,0,0,0,,,,EEG_nrmse,arm_better,subject_block_1000_frozen_coordinates_exploratory
eeg_fnirs_single_trial,posterior,full,R2_selected,ridge_cross,0,0,0,0,,,,EEG_nrmse,arm_better,subject_block_1000_frozen_coordinates_exploratory
eeg_fnirs_single_trial,posterior,full,R2_zero,ridge_cross,0,0,0,0,,,,EEG_nrmse,arm_better,subject_block_1000_frozen_coordinates_exploratory
eeg_fnirs_single_trial,posterior,full,independent,ridge_cross,0,0,0,0,,,,EEG_nrmse,arm_better,subject_block_1000_frozen_coordinates_exploratory
eeg_fnirs_single_trial,posterior,full,training_template,ridge_cross,0,0,0,0,,,,EEG_nrmse,arm_better,subject_block_1000_frozen_coordinates_exploratory
eeg_fnirs_single_trial,prefrontal,EEG_channels_hidden,R0_PCA_refit,R1_broadband,24,24,0,6,0.051921058992362934,0.0026139246107905714,0.11571447226716847,EEG_nrmse,arm_better,subject_block_1000_frozen_coordinates_exploratory
eeg_fnirs_single_trial,prefrontal,EEG_channels_hidden,R2_selected,R1_broadband,24,24,0,6,0.022301704674058967,0.009457340161973402,0.03526836010129982,EEG_nrmse,arm_better,subject_block_1000_frozen_coordinates_exploratory
eeg_fnirs_single_trial,prefrontal,EEG_channels_hidden,R2_zero,R1_broadband,24,24,0,6,0.020619905106555897,0.012017559854278782,0.033729414023644266,EEG_nrmse,arm_better,subject_block_1000_frozen_coordinates_exploratory
eeg_fnirs_single_trial,prefrontal,EEG_channels_hidden,independent,R1_broadband,24,24,0,6,0.06157568939505063,0.03693945696705897,0.08862894042139383,EEG_nrmse,arm_better,subject_block_1000_frozen_coordinates_exploratory
eeg_fnirs_single_trial,prefrontal,EEG_channels_hidden,own_context,R1_broadband,24,24,0,6,-0.07649931135097987,-0.10722448390287236,-0.04899416276163899,EEG_nrmse,arm_better,subject_block_1000_frozen_coordinates_exploratory
eeg_fnirs_single_trial,prefrontal,EEG_channels_hidden,ridge_cross,R1_broadband,24,24,0,6,0.46138644860959105,0.3565749689997313,0.5887337825214806,EEG_nrmse,arm_better,subject_block_1000_frozen_coordinates_exploratory
eeg_fnirs_single_trial,prefrontal,EEG_channels_hidden,training_template,R1_broadband,24,24,0,6,-0.07649931135097987,-0.10554267062873372,-0.0479701752538034,EEG_nrmse,arm_better,subject_block_1000_frozen_coordinates_exploratory
eeg_fnirs_single_trial,prefrontal,EEG_channels_hidden,R1_broadband,R0_PCA_refit,24,24,0,6,-0.051921058992362934,-0.11006347591667277,-0.0022641237835632536,EEG_nrmse,arm_better,subject_block_1000_frozen_coordinates_exploratory
eeg_fnirs_single_trial,prefrontal,EEG_channels_hidden,R2_selected,R0_PCA_refit,24,24,0,6,-0.029619354318303964,-0.0875264352894806,0.021583232772848186,EEG_nrmse,arm_better,subject_block_1000_frozen_coordinates_exploratory
eeg_fnirs_single_trial,prefrontal,EEG_channels_hidden,R2_zero,R0_PCA_refit,24,24,0,6,-0.03130115388580703,-0.08320227828126724,0.011008195556481772,EEG_nrmse,arm_better,subject_block_1000_frozen_coordinates_exploratory
eeg_fnirs_single_trial,prefrontal,EEG_channels_hidden,independent,R0_PCA_refit,24,24,0,6,0.009654630402687709,-0.05194794242259696,0.07064693752450452,EEG_nrmse,arm_better,subject_block_1000_frozen_coordinates_exploratory
eeg_fnirs_single_trial,prefrontal,EEG_channels_hidden,own_context,R0_PCA_refit,24,24,0,6,-0.12842037034334278,-0.21641213013836044,-0.06883780710471324,EEG_nrmse,arm_better,subject_block_1000_frozen_coordinates_exploratory
eeg_fnirs_single_trial,prefrontal,EEG_channels_hidden,ridge_cross,R0_PCA_refit,24,24,0,6,0.40946538961722806,0.33469978520983307,0.4912005887594045,EEG_nrmse,arm_better,subject_block_1000_frozen_coordinates_exploratory
eeg_fnirs_single_trial,prefrontal,EEG_channels_hidden,training_template,R0_PCA_refit,24,24,0,6,-0.12842037034334278,-0.21716982516193292,-0.06967958482389809,EEG_nrmse,arm_better,subject_block_1000_frozen_coordinates_exploratory
eeg_fnirs_single_trial,prefrontal,EEG_channels_hidden,R0_PCA_refit,independent,24,24,0,6,-0.009654630402687709,-0.07216418324185908,0.05443220880263582,EEG_nrmse,arm_better,subject_block_1000_frozen_coordinates_exploratory
eeg_fnirs_single_trial,prefrontal,EEG_channels_hidden,R1_broadband,independent,24,24,0,6,-0.06157568939505063,-0.08835562677454534,-0.03780838428798535,EEG_nrmse,arm_better,subject_block_1000_frozen_coordinates_exploratory
eeg_fnirs_single_trial,prefrontal,EEG_channels_hidden,R2_selected,independent,24,24,0,6,-0.039273984720991674,-0.05287406227020528,-0.025104902278469968,EEG_nrmse,arm_better,subject_block_1000_frozen_coordinates_exploratory
eeg_fnirs_single_trial,prefrontal,EEG_channels_hidden,R2_zero,independent,24,24,0,6,-0.040955784288494744,-0.06442124860050044,-0.02318268060651626,EEG_nrmse,arm_better,subject_block_1000_frozen_coordinates_exploratory
eeg_fnirs_single_trial,prefrontal,EEG_channels_hidden,own_context,independent,24,24,0,6,-0.1380750007460305,-0.19112620757082824,-0.08657234766869432,EEG_nrmse,arm_better,subject_block_1000_frozen_coordinates_exploratory
eeg_fnirs_single_trial,prefrontal,EEG_channels_hidden,ridge_cross,independent,24,24,0,6,0.3998107592145404,0.31034343508584666,0.5197456926979375,EEG_nrmse,arm_better,subject_block_1000_frozen_coordinates_exploratory
eeg_fnirs_single_trial,prefrontal,EEG_channels_hidden,training_template,independent,24,24,0,6,-0.1380750007460305,-0.1880532921949682,-0.08859264773788474,EEG_nrmse,arm_better,subject_block_1000_frozen_coordinates_exploratory
eeg_fnirs_single_trial,prefrontal,EEG_channels_hidden,R0_PCA_refit,training_template,24,24,0,6,0.12842037034334278,0.06837506502258804,0.21298661343658148,EEG_nrmse,arm_better,subject_block_1000_frozen_coordinates_exploratory
eeg_fnirs_single_trial,prefrontal,EEG_channels_hidden,R1_broadband,training_template,24,24,0,6,0.07649931135097987,0.04771623413254644,0.11197001653693288,EEG_nrmse,arm_better,subject_block_1000_frozen_coordinates_exploratory
eeg_fnirs_single_trial,prefrontal,EEG_channels_hidden,R2_selected,training_template,24,24,0,6,0.09880101602503884,0.05979634066035438,0.15002259345676738,EEG_nrmse,arm_better,subject_block_1000_frozen_coordinates_exploratory
eeg_fnirs_single_trial,prefrontal,EEG_channels_hidden,R2_zero,training_template,24,24,0,6,0.09711921645753578,0.0618911103118981,0.13997401662262188,EEG_nrmse,arm_better,subject_block_1000_frozen_coordinates_exploratory
eeg_fnirs_single_trial,prefrontal,EEG_channels_hidden,independent,training_template,24,24,0,6,0.1380750007460305,0.08621902091507573,0.19112620757082824,EEG_nrmse,arm_better,subject_block_1000_frozen_coordinates_exploratory
eeg_fnirs_single_trial,prefrontal,EEG_channels_hidden,own_context,training_template,24,24,0,6,0.0,0.0,0.0,EEG_nrmse,arm_better,subject_block_1000_frozen_coordinates_exploratory
eeg_fnirs_single_trial,prefrontal,EEG_channels_hidden,ridge_cross,training_template,24,24,0,6,0.537885759960571,0.4117928755086992,0.6946745362455027,EEG_nrmse,arm_better,subject_block_1000_frozen_coordinates_exploratory
eeg_fnirs_single_trial,prefrontal,EEG_channels_hidden,R0_PCA_refit,own_context,24,24,0,6,0.12842037034334278,0.06883780710471325,0.21707150751478385,EEG_nrmse,arm_better,subject_block_1000_frozen_coordinates_exploratory
eeg_fnirs_single_trial,prefrontal,EEG_channels_hidden,R1_broadband,own_context,24,24,0,6,0.07649931135097987,0.0482306276858618,0.1075334703100246,EEG_nrmse,arm_better,subject_block_1000_frozen_coordinates_exploratory
eeg_fnirs_single_trial,prefrontal,EEG_channels_hidden,R2_selected,own_context,24,24,0,6,0.09880101602503884,0.05743402672657825,0.142492107674468,EEG_nrmse,arm_better,subject_block_1000_frozen_coordinates_exploratory
eeg_fnirs_single_trial,prefrontal,EEG_channels_hidden,R2_zero,own_context,24,24,0,6,0.09711921645753578,0.06262459617247179,0.13629882334862542,EEG_nrmse,arm_better,subject_block_1000_frozen_coordinates_exploratory
eeg_fnirs_single_trial,prefrontal,EEG_channels_hidden,independent,own_context,24,24,0,6,0.1380750007460305,0.09068615823850275,0.19111411151129673,EEG_nrmse,arm_better,subject_block_1000_frozen_coordinates_exploratory
eeg_fnirs_single_trial,prefrontal,EEG_channels_hidden,ridge_cross,own_context,24,24,0,6,0.537885759960571,0.4093815315331577,0.6910582288936882,EEG_nrmse,arm_better,subject_block_1000_frozen_coordinates_exploratory
eeg_fnirs_single_trial,prefrontal,EEG_channels_hidden,training_template,own_context,24,24,0,6,0.0,0.0,0.0,EEG_nrmse,arm_better,subject_block_1000_frozen_coordinates_exploratory
eeg_fnirs_single_trial,prefrontal,EEG_channels_hidden,R0_PCA_refit,ridge_cross,24,24,0,6,-0.40946538961722806,-0.4859860391668021,-0.32619990285768224,EEG_nrmse,arm_better,subject_block_1000_frozen_coordinates_exploratory
eeg_fnirs_single_trial,prefrontal,EEG_channels_hidden,R1_broadband,ridge_cross,24,24,0,6,-0.46138644860959105,-0.5967987254569777,-0.35872061881057,EEG_nrmse,arm_better,subject_block_1000_frozen_coordinates_exploratory
eeg_fnirs_single_trial,prefrontal,EEG_channels_hidden,R2_selected,ridge_cross,24,24,0,6,-0.43908474393553215,-0.5556024566854401,-0.3475788213435604,EEG_nrmse,arm_better,subject_block_1000_frozen_coordinates_exploratory
eeg_fnirs_single_trial,prefrontal,EEG_channels_hidden,R2_zero,ridge_cross,24,24,0,6,-0.44076654350303507,-0.5444732176920234,-0.3485574395391025,EEG_nrmse,arm_better,subject_block_1000_frozen_coordinates_exploratory
eeg_fnirs_single_trial,prefrontal,EEG_channels_hidden,independent,ridge_cross,24,24,0,6,-0.3998107592145404,-0.5275245956894518,-0.3086411131692255,EEG_nrmse,arm_better,subject_block_1000_frozen_coordinates_exploratory
eeg_fnirs_single_trial,prefrontal,EEG_channels_hidden,own_context,ridge_cross,24,24,0,6,-0.537885759960571,-0.7019951680970954,-0.4203219763103934,EEG_nrmse,arm_better,subject_block_1000_frozen_coordinates_exploratory
eeg_fnirs_single_trial,prefrontal,EEG_channels_hidden,training_template,ridge_cross,24,24,0,6,-0.537885759960571,-0.6909854068921671,-0.41747841267724134,EEG_nrmse,arm_better,subject_block_1000_frozen_coordinates_exploratory
eeg_fnirs_single_trial,prefrontal,center_EEG,R0_PCA_refit,R1_broadband,24,24,0,6,0.17318509356563783,0.09195964394763123,0.29391769035226417,EEG_nrmse,arm_better,subject_block_1000_frozen_coordinates_exploratory
eeg_fnirs_single_trial,prefrontal,center_EEG,R2_selected,R1_broadband,24,24,0,6,-0.04449915226368086,-0.08956367734952349,0.014404128133931146,EEG_nrmse,arm_better,subject_block_1000_frozen_coordinates_exploratory
eeg_fnirs_single_trial,prefrontal,center_EEG,R2_zero,R1_broadband,24,24,0,6,-0.00047593677499000825,-0.010104855113348854,0.008904519622527354,EEG_nrmse,arm_better,subject_block_1000_frozen_coordinates_exploratory
eeg_fnirs_single_trial,prefrontal,center_EEG,independent,R1_broadband,24,24,0,6,0.19181279824035383,0.0934496855100806,0.30127592249937274,EEG_nrmse,arm_better,subject_block_1000_frozen_coordinates_exploratory
eeg_fnirs_single_trial,prefrontal,center_EEG,own_context,R1_broadband,24,24,0,6,0.12660140456088734,-0.028258409236511618,0.3075750192447868,EEG_nrmse,arm_better,subject_block_1000_frozen_coordinates_exploratory
eeg_fnirs_single_trial,prefrontal,center_EEG,ridge_cross,R1_broadband,24,24,0,6,0.1679622973775069,0.016132003971780256,0.33765735245013684,EEG_nrmse,arm_better,subject_block_1000_frozen_coordinates_exploratory
eeg_fnirs_single_trial,prefrontal,center_EEG,training_template,R1_broadband,24,24,0,6,0.1465738148398816,0.08272839621060823,0.23074502069835223,EEG_nrmse,arm_better,subject_block_1000_frozen_coordinates_exploratory
eeg_fnirs_single_trial,prefrontal,center_EEG,R1_broadband,R0_PCA_refit,24,24,0,6,-0.17318509356563783,-0.2943033657159479,-0.09184748195053816,EEG_nrmse,arm_better,subject_block_1000_frozen_coordinates_exploratory
eeg_fnirs_single_trial,prefrontal,center_EEG,R2_selected,R0_PCA_refit,24,24,0,6,-0.2176842458293187,-0.374264815851176,-0.10637367841028487,EEG_nrmse,arm_better,subject_block_1000_frozen_coordinates_exploratory
eeg_fnirs_single_trial,prefrontal,center_EEG,R2_zero,R0_PCA_refit,24,24,0,6,-0.17366103034062785,-0.3007103822187493,-0.09155352311169963,EEG_nrmse,arm_better,subject_block_1000_frozen_coordinates_exploratory
eeg_fnirs_single_trial,prefrontal,center_EEG,independent,R0_PCA_refit,24,24,0,6,0.018627704674716025,-0.04536491794365111,0.11490054932425407,EEG_nrmse,arm_better,subject_block_1000_frozen_coordinates_exploratory
eeg_fnirs_single_trial,prefrontal,center_EEG,own_context,R0_PCA_refit,24,24,0,6,-0.046583689004750496,-0.13620462067031727,0.055401330401678384,EEG_nrmse,arm_better,subject_block_1000_frozen_coordinates_exploratory
eeg_fnirs_single_trial,prefrontal,center_EEG,ridge_cross,R0_PCA_refit,24,24,0,6,-0.005222796188130934,-0.08931848446043467,0.09540515510659651,EEG_nrmse,arm_better,subject_block_1000_frozen_coordinates_exploratory
eeg_fnirs_single_trial,prefrontal,center_EEG,training_template,R0_PCA_refit,24,24,0,6,-0.02661127872575622,-0.07350687761274784,0.01919027340154156,EEG_nrmse,arm_better,subject_block_1000_frozen_coordinates_exploratory
eeg_fnirs_single_trial,prefrontal,center_EEG,R0_PCA_refit,independent,24,24,0,6,-0.018627704674716025,-0.1134515634844395,0.04298964738324899,EEG_nrmse,arm_better,subject_block_1000_frozen_coordinates_exploratory
eeg_fnirs_single_trial,prefrontal,center_EEG,R1_broadband,independent,24,24,0,6,-0.19181279824035383,-0.29030387309810307,-0.09151303479833243,EEG_nrmse,arm_better,subject_block_1000_frozen_coordinates_exploratory
eeg_fnirs_single_trial,prefrontal,center_EEG,R2_selected,independent,24,24,0,6,-0.23631195050403472,-0.3649809477826514,-0.14244906401959503,EEG_nrmse,arm_better,subject_block_1000_frozen_coordinates_exploratory
eeg_fnirs_single_trial,prefrontal,center_EEG,R2_zero,independent,24,24,0,6,-0.19228873501534385,-0.28981193894043644,-0.09431754304333492,EEG_nrmse,arm_better,subject_block_1000_frozen_coordinates_exploratory
eeg_fnirs_single_trial,prefrontal,center_EEG,own_context,independent,24,24,0,6,-0.06521139367946653,-0.13635627034757772,0.027083507826835638,EEG_nrmse,arm_better,subject_block_1000_frozen_coordinates_exploratory
eeg_fnirs_single_trial,prefrontal,center_EEG,ridge_cross,independent,24,24,0,6,-0.023850500862846957,-0.08873813609438427,0.05665998151351757,EEG_nrmse,arm_better,subject_block_1000_frozen_coordinates_exploratory
eeg_fnirs_single_trial,prefrontal,center_EEG,training_template,independent,24,24,0,6,-0.04523898340047223,-0.10754308649595583,-0.0004905452472639441,EEG_nrmse,arm_better,subject_block_1000_frozen_coordinates_exploratory
eeg_fnirs_single_trial,prefrontal,center_EEG,R0_PCA_refit,training_template,24,24,0,6,0.02661127872575622,-0.018627784872328072,0.07247629440272144,EEG_nrmse,arm_better,subject_block_1000_frozen_coordinates_exploratory
eeg_fnirs_single_trial,prefrontal,center_EEG,R1_broadband,training_template,24,24,0,6,-0.1465738148398816,-0.23086636596243104,-0.07667922080419154,EEG_nrmse,arm_better,subject_block_1000_frozen_coordinates_exploratory
eeg_fnirs_single_trial,prefrontal,center_EEG,R2_selected,training_template,24,24,0,6,-0.19107296710356247,-0.31077785906563654,-0.10924972542094623,EEG_nrmse,arm_better,subject_block_1000_frozen_coordinates_exploratory
eeg_fnirs_single_trial,prefrontal,center_EEG,R2_zero,training_template,24,24,0,6,-0.14704975161487163,-0.22960494376133922,-0.07419823312160084,EEG_nrmse,arm_better,subject_block_1000_frozen_coordinates_exploratory
eeg_fnirs_single_trial,prefrontal,center_EEG,independent,training_template,24,24,0,6,0.04523898340047223,-0.0025479917322890253,0.10461885323466129,EEG_nrmse,arm_better,subject_block_1000_frozen_coordinates_exploratory
eeg_fnirs_single_trial,prefrontal,center_EEG,own_context,training_template,24,24,0,6,-0.01997241027899428,-0.1112672936755245,0.08765789409772201,EEG_nrmse,arm_better,subject_block_1000_frozen_coordinates_exploratory
eeg_fnirs_single_trial,prefrontal,center_EEG,ridge_cross,training_template,24,24,0,6,0.021388482537625278,-0.06819351417288681,0.12190472801462272,EEG_nrmse,arm_better,subject_block_1000_frozen_coordinates_exploratory
eeg_fnirs_single_trial,prefrontal,center_EEG,R0_PCA_refit,own_context,24,24,0,6,0.046583689004750496,-0.060770822686628,0.13481963848262019,EEG_nrmse,arm_better,subject_block_1000_frozen_coordinates_exploratory
eeg_fnirs_single_trial,prefrontal,center_EEG,R1_broadband,own_context,24,24,0,6,-0.12660140456088734,-0.31088783940045606,0.028258409236511618,EEG_nrmse,arm_better,subject_block_1000_frozen_coordinates_exploratory
eeg_fnirs_single_trial,prefrontal,center_EEG,R2_selected,own_context,24,24,0,6,-0.17110055682456818,-0.3760219298094209,-0.022082992554939222,EEG_nrmse,arm_better,subject_block_1000_frozen_coordinates_exploratory
eeg_fnirs_single_trial,prefrontal,center_EEG,R2_zero,own_context,24,24,0,6,-0.1270773413358773,-0.30898709702374644,0.02946130344781599,EEG_nrmse,arm_better,subject_block_1000_frozen_coordinates_exploratory
eeg_fnirs_single_trial,prefrontal,center_EEG,independent,own_context,24,24,0,6,0.06521139367946653,-0.020465528760778118,0.12938672654669484,EEG_nrmse,arm_better,subject_block_1000_frozen_coordinates_exploratory
eeg_fnirs_single_trial,prefrontal,center_EEG,ridge_cross,own_context,24,24,0,6,0.04136089281661957,0.03633286551836121,0.04637878133644385,EEG_nrmse,arm_better,subject_block_1000_frozen_coordinates_exploratory
eeg_fnirs_single_trial,prefrontal,center_EEG,training_template,own_context,24,24,0,6,0.01997241027899428,-0.08213263142941074,0.10829622233004872,EEG_nrmse,arm_better,subject_block_1000_frozen_coordinates_exploratory
eeg_fnirs_single_trial,prefrontal,center_EEG,R0_PCA_refit,ridge_cross,24,24,0,6,0.005222796188130934,-0.09660353068544651,0.08659635276295657,EEG_nrmse,arm_better,subject_block_1000_frozen_coordinates_exploratory
eeg_fnirs_single_trial,prefrontal,center_EEG,R1_broadband,ridge_cross,24,24,0,6,-0.1679622973775069,-0.327067964041177,-0.013475820655550677,EEG_nrmse,arm_better,subject_block_1000_frozen_coordinates_exploratory
eeg_fnirs_single_trial,prefrontal,center_EEG,R2_selected,ridge_cross,24,24,0,6,-0.21246144964118777,-0.4104985583204109,-0.0646965374396201,EEG_nrmse,arm_better,subject_block_1000_frozen_coordinates_exploratory
eeg_fnirs_single_trial,prefrontal,center_EEG,R2_zero,ridge_cross,24,24,0,6,-0.16843823415249692,-0.3510879363386934,-0.017414913465918086,EEG_nrmse,arm_better,subject_block_1000_frozen_coordinates_exploratory
eeg_fnirs_single_trial,prefrontal,center_EEG,independent,ridge_cross,24,24,0,6,0.023850500862846957,-0.04955531295861807,0.09591037829494638,EEG_nrmse,arm_better,subject_block_1000_frozen_coordinates_exploratory
eeg_fnirs_single_trial,prefrontal,center_EEG,own_context,ridge_cross,24,24,0,6,-0.04136089281661957,-0.04665616201285353,-0.03602026774449581,EEG_nrmse,arm_better,subject_block_1000_frozen_coordinates_exploratory
eeg_fnirs_single_trial,prefrontal,center_EEG,training_template,ridge_cross,24,24,0,6,-0.021388482537625278,-0.12421789569247203,0.06485396376069914,EEG_nrmse,arm_better,subject_block_1000_frozen_coordinates_exploratory
eeg_fnirs_single_trial,prefrontal,full,R0_PCA_refit,R1_broadband,24,24,0,6,0.057966250721417846,0.005308058268112749,0.13194326921212343,EEG_nrmse,arm_better,subject_block_1000_frozen_coordinates_exploratory
eeg_fnirs_single_trial,prefrontal,full,R2_selected,R1_broadband,24,24,0,6,0.028635684048215298,0.01755767996148698,0.04203839962134024,EEG_nrmse,arm_better,subject_block_1000_frozen_coordinates_exploratory
eeg_fnirs_single_trial,prefrontal,full,R2_zero,R1_broadband,24,24,0,6,0.025689247816915298,0.016655688497628635,0.03995382377601277,EEG_nrmse,arm_better,subject_block_1000_frozen_coordinates_exploratory
eeg_fnirs_single_trial,prefrontal,full,independent,R1_broadband,24,24,0,6,0.05034460865143126,0.03487354887861306,0.06610805108062523,EEG_nrmse,arm_better,subject_block_1000_frozen_coordinates_exploratory
eeg_fnirs_single_trial,prefrontal,full,training_template,R1_broadband,24,24,0,6,-0.09610716682687633,-0.13019411215794358,-0.0629904507468459,EEG_nrmse,arm_better,subject_block_1000_frozen_coordinates_exploratory
eeg_fnirs_single_trial,prefrontal,full,R1_broadband,R0_PCA_refit,24,24,0,6,-0.057966250721417846,-0.1392988921791322,-0.005308058268112749,EEG_nrmse,arm_better,subject_block_1000_frozen_coordinates_exploratory
eeg_fnirs_single_trial,prefrontal,full,R2_selected,R0_PCA_refit,24,24,0,6,-0.02933056667320254,-0.09273934008242586,0.027004538128011176,EEG_nrmse,arm_better,subject_block_1000_frozen_coordinates_exploratory
eeg_fnirs_single_trial,prefrontal,full,R2_zero,R0_PCA_refit,24,24,0,6,-0.03227700290450254,-0.08947651312111596,0.017029013853438652,EEG_nrmse,arm_better,subject_block_1000_frozen_coordinates_exploratory
eeg_fnirs_single_trial,prefrontal,full,independent,R0_PCA_refit,24,24,0,6,-0.007621642069986574,-0.06635882117163537,0.05175110196909073,EEG_nrmse,arm_better,subject_block_1000_frozen_coordinates_exploratory
eeg_fnirs_single_trial,prefrontal,full,training_template,R0_PCA_refit,24,24,0,6,-0.15407341754829418,-0.25195135015277326,-0.08581606582302449,EEG_nrmse,arm_better,subject_block_1000_frozen_coordinates_exploratory
eeg_fnirs_single_trial,prefrontal,full,R0_PCA_refit,independent,24,24,0,6,0.007621642069986574,-0.05369704208157412,0.06634343546580317,EEG_nrmse,arm_better,subject_block_1000_frozen_coordinates_exploratory
eeg_fnirs_single_trial,prefrontal,full,R1_broadband,independent,24,24,0,6,-0.05034460865143126,-0.06561841835615673,-0.0339849918061701,EEG_nrmse,arm_better,subject_block_1000_frozen_coordinates_exploratory
eeg_fnirs_single_trial,prefrontal,full,R2_selected,independent,24,24,0,6,-0.021708924603215968,-0.028992045621830383,-0.014273411438240633,EEG_nrmse,arm_better,subject_block_1000_frozen_coordinates_exploratory
eeg_fnirs_single_trial,prefrontal,full,R2_zero,independent,24,24,0,6,-0.024655360834515968,-0.03915694864554945,-0.01445827989870916,EEG_nrmse,arm_better,subject_block_1000_frozen_coordinates_exploratory
eeg_fnirs_single_trial,prefrontal,full,training_template,independent,24,24,0,6,-0.1464517754783076,-0.19759447779313286,-0.10058985874053057,EEG_nrmse,arm_better,subject_block_1000_frozen_coordinates_exploratory
eeg_fnirs_single_trial,prefrontal,full,R0_PCA_refit,training_template,24,24,0,6,0.15407341754829418,0.08643127575012433,0.2519513501527733,EEG_nrmse,arm_better,subject_block_1000_frozen_coordinates_exploratory
eeg_fnirs_single_trial,prefrontal,full,R1_broadband,training_template,24,24,0,6,0.09610716682687633,0.062356301076130306,0.13019232131509695,EEG_nrmse,arm_better,subject_block_1000_frozen_coordinates_exploratory
eeg_fnirs_single_trial,prefrontal,full,R2_selected,training_template,24,24,0,6,0.12474285087509163,0.08041409395558902,0.17073890008768441,EEG_nrmse,arm_better,subject_block_1000_frozen_coordinates_exploratory
eeg_fnirs_single_trial,prefrontal,full,R2_zero,training_template,24,24,0,6,0.12179641464379164,0.08085868074831411,0.16578505673488067,EEG_nrmse,arm_better,subject_block_1000_frozen_coordinates_exploratory
eeg_fnirs_single_trial,prefrontal,full,independent,training_template,24,24,0,6,0.1464517754783076,0.09806319146964444,0.1993421830911304,EEG_nrmse,arm_better,subject_block_1000_frozen_coordinates_exploratory
eeg_fnirs_single_trial,prefrontal,full,R0_PCA_refit,own_context,0,0,0,0,,,,EEG_nrmse,arm_better,subject_block_1000_frozen_coordinates_exploratory
eeg_fnirs_single_trial,prefrontal,full,R1_broadband,own_context,0,0,0,0,,,,EEG_nrmse,arm_better,subject_block_1000_frozen_coordinates_exploratory
eeg_fnirs_single_trial,prefrontal,full,R2_selected,own_context,0,0,0,0,,,,EEG_nrmse,arm_better,subject_block_1000_frozen_coordinates_exploratory
eeg_fnirs_single_trial,prefrontal,full,R2_zero,own_context,0,0,0,0,,,,EEG_nrmse,arm_better,subject_block_1000_frozen_coordinates_exploratory
eeg_fnirs_single_trial,prefrontal,full,independent,own_context,0,0,0,0,,,,EEG_nrmse,arm_better,subject_block_1000_frozen_coordinates_exploratory
eeg_fnirs_single_trial,prefrontal,full,training_template,own_context,0,0,0,0,,,,EEG_nrmse,arm_better,subject_block_1000_frozen_coordinates_exploratory
eeg_fnirs_single_trial,prefrontal,full,R0_PCA_refit,ridge_cross,0,0,0,0,,,,EEG_nrmse,arm_better,subject_block_1000_frozen_coordinates_exploratory
eeg_fnirs_single_trial,prefrontal,full,R1_broadband,ridge_cross,0,0,0,0,,,,EEG_nrmse,arm_better,subject_block_1000_frozen_coordinates_exploratory
eeg_fnirs_single_trial,prefrontal,full,R2_selected,ridge_cross,0,0,0,0,,,,EEG_nrmse,arm_better,subject_block_1000_frozen_coordinates_exploratory
eeg_fnirs_single_trial,prefrontal,full,R2_zero,ridge_cross,0,0,0,0,,,,EEG_nrmse,arm_better,subject_block_1000_frozen_coordinates_exploratory
eeg_fnirs_single_trial,prefrontal,full,independent,ridge_cross,0,0,0,0,,,,EEG_nrmse,arm_better,subject_block_1000_frozen_coordinates_exploratory
eeg_fnirs_single_trial,prefrontal,full,training_template,ridge_cross,0,0,0,0,,,,EEG_nrmse,arm_better,subject_block_1000_frozen_coordinates_exploratory
simultaneous_eeg_nirs,motor,EEG_channels_hidden,R0_PCA_refit,R1_broadband,24,24,0,6,-0.03055219662916668,-0.07186766727945602,0.003577633927676193,EEG_nrmse,arm_better,subject_block_1000_frozen_coordinates_exploratory
simultaneous_eeg_nirs,motor,EEG_channels_hidden,R2_selected,R1_broadband,24,24,0,6,0.017166303040710585,0.01148475357204729,0.023811324534801857,EEG_nrmse,arm_better,subject_block_1000_frozen_coordinates_exploratory
simultaneous_eeg_nirs,motor,EEG_channels_hidden,R2_zero,R1_broadband,24,24,0,6,0.015047542682212306,0.01113887536477376,0.01989887525157966,EEG_nrmse,arm_better,subject_block_1000_frozen_coordinates_exploratory
simultaneous_eeg_nirs,motor,EEG_channels_hidden,independent,R1_broadband,24,24,0,6,0.040669146564862015,0.024462142257615425,0.06121053994054818,EEG_nrmse,arm_better,subject_block_1000_frozen_coordinates_exploratory
simultaneous_eeg_nirs,motor,EEG_channels_hidden,own_context,R1_broadband,24,24,0,6,-0.06020775007849957,-0.10116161462710964,-0.02013748457898534,EEG_nrmse,arm_better,subject_block_1000_frozen_coordinates_exploratory
simultaneous_eeg_nirs,motor,EEG_channels_hidden,ridge_cross,R1_broadband,24,24,0,6,0.4550934370118735,0.384058775801381,0.5396677007175165,EEG_nrmse,arm_better,subject_block_1000_frozen_coordinates_exploratory
simultaneous_eeg_nirs,motor,EEG_channels_hidden,training_template,R1_broadband,24,24,0,6,-0.06020775007849957,-0.10358475184797371,-0.02167013736438565,EEG_nrmse,arm_better,subject_block_1000_frozen_coordinates_exploratory
simultaneous_eeg_nirs,motor,EEG_channels_hidden,R1_broadband,R0_PCA_refit,24,24,0,6,0.03055219662916668,-0.004058745433864201,0.07064138587174353,EEG_nrmse,arm_better,subject_block_1000_frozen_coordinates_exploratory
simultaneous_eeg_nirs,motor,EEG_channels_hidden,R2_selected,R0_PCA_refit,24,24,0,6,0.04771849966987727,0.009946897102798611,0.08910195713653554,EEG_nrmse,arm_better,subject_block_1000_frozen_coordinates_exploratory
simultaneous_eeg_nirs,motor,EEG_channels_hidden,R2_zero,R0_PCA_refit,24,24,0,6,0.045599739311378985,0.009119083662494953,0.08860993080061208,EEG_nrmse,arm_better,subject_block_1000_frozen_coordinates_exploratory
simultaneous_eeg_nirs,motor,EEG_channels_hidden,independent,R0_PCA_refit,24,24,0,6,0.0712213431940287,0.02032842944953421,0.13445447387359508,EEG_nrmse,arm_better,subject_block_1000_frozen_coordinates_exploratory
simultaneous_eeg_nirs,motor,EEG_channels_hidden,own_context,R0_PCA_refit,24,24,0,6,-0.02965555344933288,-0.03993967790620959,-0.02022515546345707,EEG_nrmse,arm_better,subject_block_1000_frozen_coordinates_exploratory
simultaneous_eeg_nirs,motor,EEG_channels_hidden,ridge_cross,R0_PCA_refit,24,24,0,6,0.48564563364104013,0.3782967931588745,0.6113475900145284,EEG_nrmse,arm_better,subject_block_1000_frozen_coordinates_exploratory
simultaneous_eeg_nirs,motor,EEG_channels_hidden,training_template,R0_PCA_refit,24,24,0,6,-0.02965555344933288,-0.03993967790620959,-0.02001004965737631,EEG_nrmse,arm_better,subject_block_1000_frozen_coordinates_exploratory
simultaneous_eeg_nirs,motor,EEG_channels_hidden,R0_PCA_refit,independent,24,24,0,6,-0.0712213431940287,-0.13172089135215267,-0.022910975729239984,EEG_nrmse,arm_better,subject_block_1000_frozen_coordinates_exploratory
simultaneous_eeg_nirs,motor,EEG_channels_hidden,R1_broadband,independent,24,24,0,6,-0.040669146564862015,-0.06153021113097615,-0.025023214760746,EEG_nrmse,arm_better,subject_block_1000_frozen_coordinates_exploratory
simultaneous_eeg_nirs,motor,EEG_channels_hidden,R2_selected,independent,24,24,0,6,-0.023502843524151426,-0.04186082008697415,-0.010695033392547923,EEG_nrmse,arm_better,subject_block_1000_frozen_coordinates_exploratory
simultaneous_eeg_nirs,motor,EEG_channels_hidden,R2_zero,independent,24,24,0,6,-0.025621603882649707,-0.04551505075392318,-0.011817628714663056,EEG_nrmse,arm_better,subject_block_1000_frozen_coordinates_exploratory
simultaneous_eeg_nirs,motor,EEG_channels_hidden,own_context,independent,24,24,0,6,-0.10087689664336158,-0.1593132724678243,-0.04532221787282644,EEG_nrmse,arm_better,subject_block_1000_frozen_coordinates_exploratory
simultaneous_eeg_nirs,motor,EEG_channels_hidden,ridge_cross,independent,24,24,0,6,0.41442429044701146,0.35831775173851566,0.47691984264345,EEG_nrmse,arm_better,subject_block_1000_frozen_coordinates_exploratory
simultaneous_eeg_nirs,motor,EEG_channels_hidden,training_template,independent,24,24,0,6,-0.10087689664336158,-0.16687210351385684,-0.04715725490812398,EEG_nrmse,arm_better,subject_block_1000_frozen_coordinates_exploratory
simultaneous_eeg_nirs,motor,EEG_channels_hidden,R0_PCA_refit,training_template,24,24,0,6,0.02965555344933288,0.019060874975297983,0.03940558721154176,EEG_nrmse,arm_better,subject_block_1000_frozen_coordinates_exploratory
simultaneous_eeg_nirs,motor,EEG_channels_hidden,R1_broadband,training_template,24,24,0,6,0.06020775007849957,0.020991824539032367,0.10269367437558229,EEG_nrmse,arm_better,subject_block_1000_frozen_coordinates_exploratory
simultaneous_eeg_nirs,motor,EEG_channels_hidden,R2_selected,training_template,24,24,0,6,0.07737405311921015,0.033878461595614605,0.12787248844379268,EEG_nrmse,arm_better,subject_block_1000_frozen_coordinates_exploratory
simultaneous_eeg_nirs,motor,EEG_channels_hidden,R2_zero,training_template,24,24,0,6,0.07525529276071186,0.03345664714704891,0.1191321068593234,EEG_nrmse,arm_better,subject_block_1000_frozen_coordinates_exploratory
simultaneous_eeg_nirs,motor,EEG_channels_hidden,independent,training_template,24,24,0,6,0.10087689664336158,0.04712794736425878,0.1642114208690523,EEG_nrmse,arm_better,subject_block_1000_frozen_coordinates_exploratory
simultaneous_eeg_nirs,motor,EEG_channels_hidden,own_context,training_template,24,24,0,6,0.0,0.0,0.0,EEG_nrmse,arm_better,subject_block_1000_frozen_coordinates_exploratory
simultaneous_eeg_nirs,motor,EEG_channels_hidden,ridge_cross,training_template,24,24,0,6,0.5153011870903731,0.4073100436819372,0.6436832933942288,EEG_nrmse,arm_better,subject_block_1000_frozen_coordinates_exploratory
simultaneous_eeg_nirs,motor,EEG_channels_hidden,R0_PCA_refit,own_context,24,24,0,6,0.02965555344933288,0.019905519687124004,0.03994483438443954,EEG_nrmse,arm_better,subject_block_1000_frozen_coordinates_exploratory
simultaneous_eeg_nirs,motor,EEG_channels_hidden,R1_broadband,own_context,24,24,0,6,0.06020775007849957,0.02015479540713661,0.1011517822222539,EEG_nrmse,arm_better,subject_block_1000_frozen_coordinates_exploratory
simultaneous_eeg_nirs,motor,EEG_channels_hidden,R2_selected,own_context,24,24,0,6,0.07737405311921015,0.03344339787843402,0.12494644086612833,EEG_nrmse,arm_better,subject_block_1000_frozen_coordinates_exploratory
simultaneous_eeg_nirs,motor,EEG_channels_hidden,R2_zero,own_context,24,24,0,6,0.07525529276071186,0.031897869692279875,0.1175733294045544,EEG_nrmse,arm_better,subject_block_1000_frozen_coordinates_exploratory
simultaneous_eeg_nirs,motor,EEG_channels_hidden,independent,own_context,24,24,0,6,0.10087689664336158,0.04436985821780396,0.1662341225788555,EEG_nrmse,arm_better,subject_block_1000_frozen_coordinates_exploratory
simultaneous_eeg_nirs,motor,EEG_channels_hidden,ridge_cross,own_context,24,24,0,6,0.5153011870903731,0.4072527361050971,0.6423611630646714,EEG_nrmse,arm_better,subject_block_1000_frozen_coordinates_exploratory
simultaneous_eeg_nirs,motor,EEG_channels_hidden,training_template,own_context,24,24,0,6,0.0,0.0,0.0,EEG_nrmse,arm_better,subject_block_1000_frozen_coordinates_exploratory
simultaneous_eeg_nirs,motor,EEG_channels_hidden,R0_PCA_refit,ridge_cross,24,24,0,6,-0.48564563364104013,-0.6113427806310919,-0.38047287276503644,EEG_nrmse,arm_better,subject_block_1000_frozen_coordinates_exploratory
simultaneous_eeg_nirs,motor,EEG_channels_hidden,R1_broadband,ridge_cross,24,24,0,6,-0.4550934370118735,-0.5426219102613102,-0.3840418135271895,EEG_nrmse,arm_better,subject_block_1000_frozen_coordinates_exploratory
simultaneous_eeg_nirs,motor,EEG_channels_hidden,R2_selected,ridge_cross,24,24,0,6,-0.4379271339711628,-0.5156946755960187,-0.3709277642600129,EEG_nrmse,arm_better,subject_block_1000_frozen_coordinates_exploratory
simultaneous_eeg_nirs,motor,EEG_channels_hidden,R2_zero,ridge_cross,24,24,0,6,-0.44004589432966107,-0.5177344807584761,-0.3731639668694557,EEG_nrmse,arm_better,subject_block_1000_frozen_coordinates_exploratory
simultaneous_eeg_nirs,motor,EEG_channels_hidden,independent,ridge_cross,24,24,0,6,-0.41442429044701146,-0.4804130150205175,-0.35705631630039364,EEG_nrmse,arm_better,subject_block_1000_frozen_coordinates_exploratory
simultaneous_eeg_nirs,motor,EEG_channels_hidden,own_context,ridge_cross,24,24,0,6,-0.5153011870903731,-0.6373777170785834,-0.4042135712085176,EEG_nrmse,arm_better,subject_block_1000_frozen_coordinates_exploratory
simultaneous_eeg_nirs,motor,EEG_channels_hidden,training_template,ridge_cross,24,24,0,6,-0.5153011870903731,-0.6423611630646713,-0.4042135712085176,EEG_nrmse,arm_better,subject_block_1000_frozen_coordinates_exploratory
simultaneous_eeg_nirs,motor,center_EEG,R0_PCA_refit,R1_broadband,24,24,0,6,0.0342500348177625,0.014546857247430739,0.05701965338802515,EEG_nrmse,arm_better,subject_block_1000_frozen_coordinates_exploratory
simultaneous_eeg_nirs,motor,center_EEG,R2_selected,R1_broadband,24,24,0,6,-0.03332251551602309,-0.04718058354092033,-0.0213876122648655,EEG_nrmse,arm_better,subject_block_1000_frozen_coordinates_exploratory
simultaneous_eeg_nirs,motor,center_EEG,R2_zero,R1_broadband,24,24,0,6,-0.015149165091795697,-0.026502657518913227,-0.00472582649006519,EEG_nrmse,arm_better,subject_block_1000_frozen_coordinates_exploratory
simultaneous_eeg_nirs,motor,center_EEG,independent,R1_broadband,24,24,0,6,0.013525562148292878,-0.017797948571073724,0.05386498468715443,EEG_nrmse,arm_better,subject_block_1000_frozen_coordinates_exploratory
simultaneous_eeg_nirs,motor,center_EEG,own_context,R1_broadband,24,24,0,6,-0.1590181233206714,-0.20736979536596278,-0.11066645127537998,EEG_nrmse,arm_better,subject_block_1000_frozen_coordinates_exploratory
simultaneous_eeg_nirs,motor,center_EEG,ridge_cross,R1_broadband,24,24,0,6,-0.10755169083284231,-0.15335410582078746,-0.052877536436253515,EEG_nrmse,arm_better,subject_block_1000_frozen_coordinates_exploratory
simultaneous_eeg_nirs,motor,center_EEG,training_template,R1_broadband,24,24,0,6,0.04436746401629401,0.0029830876316503476,0.08147083335741394,EEG_nrmse,arm_better,subject_block_1000_frozen_coordinates_exploratory
simultaneous_eeg_nirs,motor,center_EEG,R1_broadband,R0_PCA_refit,24,24,0,6,-0.0342500348177625,-0.05652694752017486,-0.012839886997105037,EEG_nrmse,arm_better,subject_block_1000_frozen_coordinates_exploratory
simultaneous_eeg_nirs,motor,center_EEG,R2_selected,R0_PCA_refit,24,24,0,6,-0.06757255033378558,-0.09894702980150663,-0.03807515502301424,EEG_nrmse,arm_better,subject_block_1000_frozen_coordinates_exploratory
simultaneous_eeg_nirs,motor,center_EEG,R2_zero,R0_PCA_refit,24,24,0,6,-0.04939919990955819,-0.06689443675130223,-0.029551962143273932,EEG_nrmse,arm_better,subject_block_1000_frozen_coordinates_exploratory
simultaneous_eeg_nirs,motor,center_EEG,independent,R0_PCA_refit,24,24,0,6,-0.020724472669469623,-0.03417391792315878,-0.00325474264170093,EEG_nrmse,arm_better,subject_block_1000_frozen_coordinates_exploratory
simultaneous_eeg_nirs,motor,center_EEG,own_context,R0_PCA_refit,24,24,0,6,-0.1932681581384339,-0.22354855330207138,-0.16006189643666432,EEG_nrmse,arm_better,subject_block_1000_frozen_coordinates_exploratory
simultaneous_eeg_nirs,motor,center_EEG,ridge_cross,R0_PCA_refit,24,24,0,6,-0.1418017256506048,-0.17143391070212893,-0.10897776004349313,EEG_nrmse,arm_better,subject_block_1000_frozen_coordinates_exploratory
simultaneous_eeg_nirs,motor,center_EEG,training_template,R0_PCA_refit,24,24,0,6,0.010117429198531508,-0.023732227609982573,0.038178879723095464,EEG_nrmse,arm_better,subject_block_1000_frozen_coordinates_exploratory
simultaneous_eeg_nirs,motor,center_EEG,R0_PCA_refit,independent,24,24,0,6,0.020724472669469623,0.0032136000269272122,0.03418521407101325,EEG_nrmse,arm_better,subject_block_1000_frozen_coordinates_exploratory
simultaneous_eeg_nirs,motor,center_EEG,R1_broadband,independent,24,24,0,6,-0.013525562148292878,-0.05447865281523134,0.018411616699150632,EEG_nrmse,arm_better,subject_block_1000_frozen_coordinates_exploratory
simultaneous_eeg_nirs,motor,center_EEG,R2_selected,independent,24,24,0,6,-0.04684807766431597,-0.09223627739412558,-0.006110996432315876,EEG_nrmse,arm_better,subject_block_1000_frozen_coordinates_exploratory
simultaneous_eeg_nirs,motor,center_EEG,R2_zero,independent,24,24,0,6,-0.028674727240088575,-0.05956691050991794,-0.0005866216597108122,EEG_nrmse,arm_better,subject_block_1000_frozen_coordinates_exploratory
simultaneous_eeg_nirs,motor,center_EEG,own_context,independent,24,24,0,6,-0.1725436854689643,-0.1962733235861769,-0.15018741501794444,EEG_nrmse,arm_better,subject_block_1000_frozen_coordinates_exploratory
simultaneous_eeg_nirs,motor,center_EEG,ridge_cross,independent,24,24,0,6,-0.12107725298113518,-0.14138111949288554,-0.10313873934323674,EEG_nrmse,arm_better,subject_block_1000_frozen_coordinates_exploratory
simultaneous_eeg_nirs,motor,center_EEG,training_template,independent,24,24,0,6,0.03084190186800113,-0.006029642075373237,0.06695134844281854,EEG_nrmse,arm_better,subject_block_1000_frozen_coordinates_exploratory
simultaneous_eeg_nirs,motor,center_EEG,R0_PCA_refit,training_template,24,24,0,6,-0.010117429198531508,-0.039368611656798544,0.026215551278017564,EEG_nrmse,arm_better,subject_block_1000_frozen_coordinates_exploratory
simultaneous_eeg_nirs,motor,center_EEG,R1_broadband,training_template,24,24,0,6,-0.04436746401629401,-0.08490593816283407,-0.002196700101706963,EEG_nrmse,arm_better,subject_block_1000_frozen_coordinates_exploratory
simultaneous_eeg_nirs,motor,center_EEG,R2_selected,training_template,24,24,0,6,-0.07768997953231709,-0.12611980022677177,-0.027107309580045258,EEG_nrmse,arm_better,subject_block_1000_frozen_coordinates_exploratory
simultaneous_eeg_nirs,motor,center_EEG,R2_zero,training_template,24,24,0,6,-0.05951662910808971,-0.0963542267659762,-0.019211400686899117,EEG_nrmse,arm_better,subject_block_1000_frozen_coordinates_exploratory
simultaneous_eeg_nirs,motor,center_EEG,independent,training_template,24,24,0,6,-0.03084190186800113,-0.06739147643504394,0.0074428029363033206,EEG_nrmse,arm_better,subject_block_1000_frozen_coordinates_exploratory
simultaneous_eeg_nirs,motor,center_EEG,own_context,training_template,24,24,0,6,-0.2033855873369654,-0.24118445340621977,-0.16918264290198923,EEG_nrmse,arm_better,subject_block_1000_frozen_coordinates_exploratory
simultaneous_eeg_nirs,motor,center_EEG,ridge_cross,training_template,24,24,0,6,-0.15191915484913632,-0.18904782192904285,-0.11802881631167104,EEG_nrmse,arm_better,subject_block_1000_frozen_coordinates_exploratory
simultaneous_eeg_nirs,motor,center_EEG,R0_PCA_refit,own_context,24,24,0,6,0.1932681581384339,0.16325592563195257,0.2255365616102544,EEG_nrmse,arm_better,subject_block_1000_frozen_coordinates_exploratory
simultaneous_eeg_nirs,motor,center_EEG,R1_broadband,own_context,24,24,0,6,0.1590181233206714,0.10537627064616412,0.20563442442358293,EEG_nrmse,arm_better,subject_block_1000_frozen_coordinates_exploratory
simultaneous_eeg_nirs,motor,center_EEG,R2_selected,own_context,24,24,0,6,0.1256956078046483,0.06969648365563498,0.17892232469588823,EEG_nrmse,arm_better,subject_block_1000_frozen_coordinates_exploratory
simultaneous_eeg_nirs,motor,center_EEG,R2_zero,own_context,24,24,0,6,0.1438689582288757,0.099819421942413,0.18281666949782924,EEG_nrmse,arm_better,subject_block_1000_frozen_coordinates_exploratory
simultaneous_eeg_nirs,motor,center_EEG,independent,own_context,24,24,0,6,0.1725436854689643,0.14925301314799658,0.19622963663925225,EEG_nrmse,arm_better,subject_block_1000_frozen_coordinates_exploratory
simultaneous_eeg_nirs,motor,center_EEG,ridge_cross,own_context,24,24,0,6,0.051466432487829096,0.04517644461520326,0.057072957980904976,EEG_nrmse,arm_better,subject_block_1000_frozen_coordinates_exploratory
simultaneous_eeg_nirs,motor,center_EEG,training_template,own_context,24,24,0,6,0.2033855873369654,0.1634410997996297,0.24221764984609348,EEG_nrmse,arm_better,subject_block_1000_frozen_coordinates_exploratory
simultaneous_eeg_nirs,motor,center_EEG,R0_PCA_refit,ridge_cross,24,24,0,6,0.1418017256506048,0.11333333537961165,0.1694352752027568,EEG_nrmse,arm_better,subject_block_1000_frozen_coordinates_exploratory
simultaneous_eeg_nirs,motor,center_EEG,R1_broadband,ridge_cross,24,24,0,6,0.10755169083284231,0.05686319683699311,0.1518043117139519,EEG_nrmse,arm_better,subject_block_1000_frozen_coordinates_exploratory
simultaneous_eeg_nirs,motor,center_EEG,R2_selected,ridge_cross,24,24,0,6,0.0742291753168192,0.01697470466498967,0.12487319185315005,EEG_nrmse,arm_better,subject_block_1000_frozen_coordinates_exploratory
simultaneous_eeg_nirs,motor,center_EEG,R2_zero,ridge_cross,24,24,0,6,0.09240252574104661,0.047906971071865166,0.129321839127174,EEG_nrmse,arm_better,subject_block_1000_frozen_coordinates_exploratory
simultaneous_eeg_nirs,motor,center_EEG,independent,ridge_cross,24,24,0,6,0.12107725298113518,0.1035771812786337,0.14059542059483693,EEG_nrmse,arm_better,subject_block_1000_frozen_coordinates_exploratory
simultaneous_eeg_nirs,motor,center_EEG,own_context,ridge_cross,24,24,0,6,-0.051466432487829096,-0.05725393450301358,-0.04522295575071913,EEG_nrmse,arm_better,subject_block_1000_frozen_coordinates_exploratory
simultaneous_eeg_nirs,motor,center_EEG,training_template,ridge_cross,24,24,0,6,0.15191915484913632,0.11862617712303142,0.1869375339241111,EEG_nrmse,arm_better,subject_block_1000_frozen_coordinates_exploratory
simultaneous_eeg_nirs,motor,full,R0_PCA_refit,R1_broadband,24,24,0,6,-0.03432825820656427,-0.08396683709349963,0.004602114515799389,EEG_nrmse,arm_better,subject_block_1000_frozen_coordinates_exploratory
simultaneous_eeg_nirs,motor,full,R2_selected,R1_broadband,24,24,0,6,0.021203544684736817,0.014593609491272795,0.027967466035489122,EEG_nrmse,arm_better,subject_block_1000_frozen_coordinates_exploratory
simultaneous_eeg_nirs,motor,full,R2_zero,R1_broadband,24,24,0,6,0.01854689929050912,0.014099002583302872,0.024086077841176817,EEG_nrmse,arm_better,subject_block_1000_frozen_coordinates_exploratory
simultaneous_eeg_nirs,motor,full,independent,R1_broadband,24,24,0,6,0.03775472461027773,0.025303937509419613,0.0495366252572427,EEG_nrmse,arm_better,subject_block_1000_frozen_coordinates_exploratory
simultaneous_eeg_nirs,motor,full,training_template,R1_broadband,24,24,0,6,-0.07592790549909191,-0.12635074541038369,-0.030347615874834814,EEG_nrmse,arm_better,subject_block_1000_frozen_coordinates_exploratory
simultaneous_eeg_nirs,motor,full,R1_broadband,R0_PCA_refit,24,24,0,6,0.03432825820656427,-0.004774708326657176,0.08310286419198787,EEG_nrmse,arm_better,subject_block_1000_frozen_coordinates_exploratory
simultaneous_eeg_nirs,motor,full,R2_selected,R0_PCA_refit,24,24,0,6,0.05553180289130109,0.01169795573009803,0.10844644389600232,EEG_nrmse,arm_better,subject_block_1000_frozen_coordinates_exploratory
simultaneous_eeg_nirs,motor,full,R2_zero,R0_PCA_refit,24,24,0,6,0.05287515749707339,0.013106268846482699,0.10306797192746259,EEG_nrmse,arm_better,subject_block_1000_frozen_coordinates_exploratory
simultaneous_eeg_nirs,motor,full,independent,R0_PCA_refit,24,24,0,6,0.072082982816842,0.02166167255299119,0.13473707292141104,EEG_nrmse,arm_better,subject_block_1000_frozen_coordinates_exploratory
simultaneous_eeg_nirs,motor,full,training_template,R0_PCA_refit,24,24,0,6,-0.04159964729252764,-0.051873646857668265,-0.031485569615012914,EEG_nrmse,arm_better,subject_block_1000_frozen_coordinates_exploratory
simultaneous_eeg_nirs,motor,full,R0_PCA_refit,independent,24,24,0,6,-0.072082982816842,-0.13066116906632128,-0.02139109560607053,EEG_nrmse,arm_better,subject_block_1000_frozen_coordinates_exploratory
simultaneous_eeg_nirs,motor,full,R1_broadband,independent,24,24,0,6,-0.03775472461027773,-0.05104221411178291,-0.02563855675628772,EEG_nrmse,arm_better,subject_block_1000_frozen_coordinates_exploratory
simultaneous_eeg_nirs,motor,full,R2_selected,independent,24,24,0,6,-0.01655117992554091,-0.025977417842299472,-0.009638770168091192,EEG_nrmse,arm_better,subject_block_1000_frozen_coordinates_exploratory
simultaneous_eeg_nirs,motor,full,R2_zero,independent,24,24,0,6,-0.019207825319768612,-0.030368062261145155,-0.010102744005862927,EEG_nrmse,arm_better,subject_block_1000_frozen_coordinates_exploratory
simultaneous_eeg_nirs,motor,full,training_template,independent,24,24,0,6,-0.11368263010936965,-0.17791171986220666,-0.05904614726670198,EEG_nrmse,arm_better,subject_block_1000_frozen_coordinates_exploratory
simultaneous_eeg_nirs,motor,full,R0_PCA_refit,training_template,24,24,0,6,0.04159964729252764,0.03209405541659923,0.05222801686014844,EEG_nrmse,arm_better,subject_block_1000_frozen_coordinates_exploratory
simultaneous_eeg_nirs,motor,full,R1_broadband,training_template,24,24,0,6,0.07592790549909191,0.030347615874834814,0.12772069027143812,EEG_nrmse,arm_better,subject_block_1000_frozen_coordinates_exploratory
simultaneous_eeg_nirs,motor,full,R2_selected,training_template,24,24,0,6,0.09713145018382874,0.04969331949300165,0.15201288074484623,EEG_nrmse,arm_better,subject_block_1000_frozen_coordinates_exploratory
simultaneous_eeg_nirs,motor,full,R2_zero,training_template,24,24,0,6,0.09447480478960103,0.04755845533377012,0.14654163587336697,EEG_nrmse,arm_better,subject_block_1000_frozen_coordinates_exploratory
simultaneous_eeg_nirs,motor,full,independent,training_template,24,24,0,6,0.11368263010936965,0.05864868383509401,0.1683191129520373,EEG_nrmse,arm_better,subject_block_1000_frozen_coordinates_exploratory
simultaneous_eeg_nirs,motor,full,R0_PCA_refit,own_context,0,0,0,0,,,,EEG_nrmse,arm_better,subject_block_1000_frozen_coordinates_exploratory
simultaneous_eeg_nirs,motor,full,R1_broadband,own_context,0,0,0,0,,,,EEG_nrmse,arm_better,subject_block_1000_frozen_coordinates_exploratory
simultaneous_eeg_nirs,motor,full,R2_selected,own_context,0,0,0,0,,,,EEG_nrmse,arm_better,subject_block_1000_frozen_coordinates_exploratory
simultaneous_eeg_nirs,motor,full,R2_zero,own_context,0,0,0,0,,,,EEG_nrmse,arm_better,subject_block_1000_frozen_coordinates_exploratory
simultaneous_eeg_nirs,motor,full,independent,own_context,0,0,0,0,,,,EEG_nrmse,arm_better,subject_block_1000_frozen_coordinates_exploratory
simultaneous_eeg_nirs,motor,full,training_template,own_context,0,0,0,0,,,,EEG_nrmse,arm_better,subject_block_1000_frozen_coordinates_exploratory
simultaneous_eeg_nirs,motor,full,R0_PCA_refit,ridge_cross,0,0,0,0,,,,EEG_nrmse,arm_better,subject_block_1000_frozen_coordinates_exploratory
simultaneous_eeg_nirs,motor,full,R1_broadband,ridge_cross,0,0,0,0,,,,EEG_nrmse,arm_better,subject_block_1000_frozen_coordinates_exploratory
simultaneous_eeg_nirs,motor,full,R2_selected,ridge_cross,0,0,0,0,,,,EEG_nrmse,arm_better,subject_block_1000_frozen_coordinates_exploratory
simultaneous_eeg_nirs,motor,full,R2_zero,ridge_cross,0,0,0,0,,,,EEG_nrmse,arm_better,subject_block_1000_frozen_coordinates_exploratory
simultaneous_eeg_nirs,motor,full,independent,ridge_cross,0,0,0,0,,,,EEG_nrmse,arm_better,subject_block_1000_frozen_coordinates_exploratory
simultaneous_eeg_nirs,motor,full,training_template,ridge_cross,0,0,0,0,,,,EEG_nrmse,arm_better,subject_block_1000_frozen_coordinates_exploratory
simultaneous_eeg_nirs,posterior,EEG_channels_hidden,R0_PCA_refit,R1_broadband,24,24,0,6,-0.01887273249062393,-0.056465106734183444,0.009419172423015827,EEG_nrmse,arm_better,subject_block_1000_frozen_coordinates_exploratory
simultaneous_eeg_nirs,posterior,EEG_channels_hidden,R2_selected,R1_broadband,24,24,0,6,0.019530384824196976,0.0146787376747478,0.023614421143725174,EEG_nrmse,arm_better,subject_block_1000_frozen_coordinates_exploratory
simultaneous_eeg_nirs,posterior,EEG_channels_hidden,R2_zero,R1_broadband,24,24,0,6,0.015399028172335558,0.011771394345146203,0.019618304742636608,EEG_nrmse,arm_better,subject_block_1000_frozen_coordinates_exploratory
simultaneous_eeg_nirs,posterior,EEG_channels_hidden,independent,R1_broadband,24,24,0,6,0.03264177626001396,0.0263601626784391,0.04032434552504853,EEG_nrmse,arm_better,subject_block_1000_frozen_coordinates_exploratory
simultaneous_eeg_nirs,posterior,EEG_channels_hidden,own_context,R1_broadband,24,24,0,6,-0.07814190722138026,-0.11916714245926048,-0.04724297563433907,EEG_nrmse,arm_better,subject_block_1000_frozen_coordinates_exploratory
simultaneous_eeg_nirs,posterior,EEG_channels_hidden,ridge_cross,R1_broadband,24,24,0,6,0.41676285963515536,0.3458570838482417,0.49301799210078884,EEG_nrmse,arm_better,subject_block_1000_frozen_coordinates_exploratory
simultaneous_eeg_nirs,posterior,EEG_channels_hidden,training_template,R1_broadband,24,24,0,6,-0.07814190722138026,-0.11798796550319479,-0.04654259030215178,EEG_nrmse,arm_better,subject_block_1000_frozen_coordinates_exploratory
simultaneous_eeg_nirs,posterior,EEG_channels_hidden,R1_broadband,R0_PCA_refit,24,24,0,6,0.01887273249062393,-0.009126500357872245,0.05595996594193867,EEG_nrmse,arm_better,subject_block_1000_frozen_coordinates_exploratory
simultaneous_eeg_nirs,posterior,EEG_channels_hidden,R2_selected,R0_PCA_refit,24,24,0,6,0.038403117314820906,0.009011705861680616,0.07815242560297446,EEG_nrmse,arm_better,subject_block_1000_frozen_coordinates_exploratory
simultaneous_eeg_nirs,posterior,EEG_channels_hidden,R2_zero,R0_PCA_refit,24,24,0,6,0.034271760662959484,0.007575529461460524,0.06929504793065343,EEG_nrmse,arm_better,subject_block_1000_frozen_coordinates_exploratory
simultaneous_eeg_nirs,posterior,EEG_channels_hidden,independent,R0_PCA_refit,24,24,0,6,0.05151450875063788,0.02005797236379976,0.09450020311224164,EEG_nrmse,arm_better,subject_block_1000_frozen_coordinates_exploratory
simultaneous_eeg_nirs,posterior,EEG_channels_hidden,own_context,R0_PCA_refit,24,24,0,6,-0.059269174730756345,-0.06933291131400483,-0.05001824686706271,EEG_nrmse,arm_better,subject_block_1000_frozen_coordinates_exploratory
simultaneous_eeg_nirs,posterior,EEG_channels_hidden,ridge_cross,R0_PCA_refit,24,24,0,6,0.4356355921257793,0.3404452276710823,0.5466177461898604,EEG_nrmse,arm_better,subject_block_1000_frozen_coordinates_exploratory
simultaneous_eeg_nirs,posterior,EEG_channels_hidden,training_template,R0_PCA_refit,24,24,0,6,-0.059269174730756345,-0.0694338931373199,-0.05001764552741339,EEG_nrmse,arm_better,subject_block_1000_frozen_coordinates_exploratory
simultaneous_eeg_nirs,posterior,EEG_channels_hidden,R0_PCA_refit,independent,24,24,0,6,-0.05151450875063788,-0.09449728556773791,-0.020163652021387146,EEG_nrmse,arm_better,subject_block_1000_frozen_coordinates_exploratory
simultaneous_eeg_nirs,posterior,EEG_channels_hidden,R1_broadband,independent,24,24,0,6,-0.03264177626001396,-0.040065303975984685,-0.026010718954149886,EEG_nrmse,arm_better,subject_block_1000_frozen_coordinates_exploratory
simultaneous_eeg_nirs,posterior,EEG_channels_hidden,R2_selected,independent,24,24,0,6,-0.013111391435816985,-0.018347391518357136,-0.009778100707925369,EEG_nrmse,arm_better,subject_block_1000_frozen_coordinates_exploratory
simultaneous_eeg_nirs,posterior,EEG_channels_hidden,R2_zero,independent,24,24,0,6,-0.017242748087678405,-0.024680039791785388,-0.012249481987755273,EEG_nrmse,arm_better,subject_block_1000_frozen_coordinates_exploratory
simultaneous_eeg_nirs,posterior,EEG_channels_hidden,own_context,independent,24,24,0,6,-0.11078368348139424,-0.15624016163503787,-0.07516332580423446,EEG_nrmse,arm_better,subject_block_1000_frozen_coordinates_exploratory
simultaneous_eeg_nirs,posterior,EEG_channels_hidden,ridge_cross,independent,24,24,0,6,0.3841210833751414,0.31403663927906494,0.45147859036459076,EEG_nrmse,arm_better,subject_block_1000_frozen_coordinates_exploratory
simultaneous_eeg_nirs,posterior,EEG_channels_hidden,training_template,independent,24,24,0,6,-0.11078368348139424,-0.156544729761156,-0.07154281579234346,EEG_nrmse,arm_better,subject_block_1000_frozen_coordinates_exploratory
simultaneous_eeg_nirs,posterior,EEG_channels_hidden,R0_PCA_refit,training_template,24,24,0,6,0.059269174730756345,0.04971739084547416,0.06913891422967432,EEG_nrmse,arm_better,subject_block_1000_frozen_coordinates_exploratory
simultaneous_eeg_nirs,posterior,EEG_channels_hidden,R1_broadband,training_template,24,24,0,6,0.07814190722138026,0.046536953824129236,0.11331886511744506,EEG_nrmse,arm_better,subject_block_1000_frozen_coordinates_exploratory
simultaneous_eeg_nirs,posterior,EEG_channels_hidden,R2_selected,training_template,24,24,0,6,0.09767229204557724,0.06376662863778652,0.13592550278969107,EEG_nrmse,arm_better,subject_block_1000_frozen_coordinates_exploratory
simultaneous_eeg_nirs,posterior,EEG_channels_hidden,R2_zero,training_template,24,24,0,6,0.09354093539371583,0.0611465413788815,0.13373450229534842,EEG_nrmse,arm_better,subject_block_1000_frozen_coordinates_exploratory
simultaneous_eeg_nirs,posterior,EEG_channels_hidden,independent,training_template,24,24,0,6,0.11078368348139424,0.0742313469575862,0.15704082635001362,EEG_nrmse,arm_better,subject_block_1000_frozen_coordinates_exploratory
simultaneous_eeg_nirs,posterior,EEG_channels_hidden,own_context,training_template,24,24,0,6,0.0,0.0,0.0,EEG_nrmse,arm_better,subject_block_1000_frozen_coordinates_exploratory
simultaneous_eeg_nirs,posterior,EEG_channels_hidden,ridge_cross,training_template,24,24,0,6,0.49490476685653556,0.3948647979313898,0.6001865685767895,EEG_nrmse,arm_better,subject_block_1000_frozen_coordinates_exploratory
simultaneous_eeg_nirs,posterior,EEG_channels_hidden,R0_PCA_refit,own_context,24,24,0,6,0.059269174730756345,0.04952139598038133,0.06901695348113135,EEG_nrmse,arm_better,subject_block_1000_frozen_coordinates_exploratory
simultaneous_eeg_nirs,posterior,EEG_channels_hidden,R1_broadband,own_context,24,24,0,6,0.07814190722138026,0.047237339156316525,0.1179936019812173,EEG_nrmse,arm_better,subject_block_1000_frozen_coordinates_exploratory
simultaneous_eeg_nirs,posterior,EEG_channels_hidden,R2_selected,own_context,24,24,0,6,0.09767229204557724,0.06137288615124891,0.14034692539514595,EEG_nrmse,arm_better,subject_block_1000_frozen_coordinates_exploratory
simultaneous_eeg_nirs,posterior,EEG_channels_hidden,R2_zero,own_context,24,24,0,6,0.09354093539371583,0.061486876951474444,0.1302315102583271,EEG_nrmse,arm_better,subject_block_1000_frozen_coordinates_exploratory
simultaneous_eeg_nirs,posterior,EEG_channels_hidden,independent,own_context,24,24,0,6,0.11078368348139424,0.07357210727511027,0.15285266975562428,EEG_nrmse,arm_better,subject_block_1000_frozen_coordinates_exploratory
simultaneous_eeg_nirs,posterior,EEG_channels_hidden,ridge_cross,own_context,24,24,0,6,0.49490476685653556,0.39481558489883634,0.6127730347475984,EEG_nrmse,arm_better,subject_block_1000_frozen_coordinates_exploratory
simultaneous_eeg_nirs,posterior,EEG_channels_hidden,training_template,own_context,24,24,0,6,0.0,0.0,0.0,EEG_nrmse,arm_better,subject_block_1000_frozen_coordinates_exploratory
simultaneous_eeg_nirs,posterior,EEG_channels_hidden,R0_PCA_refit,ridge_cross,24,24,0,6,-0.4356355921257793,-0.5437146963359033,-0.33379486914367906,EEG_nrmse,arm_better,subject_block_1000_frozen_coordinates_exploratory
simultaneous_eeg_nirs,posterior,EEG_channels_hidden,R1_broadband,ridge_cross,24,24,0,6,-0.41676285963515536,-0.4928768228584776,-0.34501170941288056,EEG_nrmse,arm_better,subject_block_1000_frozen_coordinates_exploratory
simultaneous_eeg_nirs,posterior,EEG_channels_hidden,R2_selected,ridge_cross,24,24,0,6,-0.39723247481095836,-0.46638724224131756,-0.3310016716011002,EEG_nrmse,arm_better,subject_block_1000_frozen_coordinates_exploratory
simultaneous_eeg_nirs,posterior,EEG_channels_hidden,R2_zero,ridge_cross,24,24,0,6,-0.40136383146281984,-0.4737691481178243,-0.3338286277494561,EEG_nrmse,arm_better,subject_block_1000_frozen_coordinates_exploratory
simultaneous_eeg_nirs,posterior,EEG_channels_hidden,independent,ridge_cross,24,24,0,6,-0.3841210833751414,-0.4514917195765254,-0.31122179355128593,EEG_nrmse,arm_better,subject_block_1000_frozen_coordinates_exploratory
simultaneous_eeg_nirs,posterior,EEG_channels_hidden,own_context,ridge_cross,24,24,0,6,-0.49490476685653556,-0.6119985014239661,-0.3903576057402895,EEG_nrmse,arm_better,subject_block_1000_frozen_coordinates_exploratory
simultaneous_eeg_nirs,posterior,EEG_channels_hidden,training_template,ridge_cross,24,24,0,6,-0.49490476685653556,-0.5991233818167458,-0.3854769485955303,EEG_nrmse,arm_better,subject_block_1000_frozen_coordinates_exploratory
simultaneous_eeg_nirs,posterior,center_EEG,R0_PCA_refit,R1_broadband,24,24,0,6,0.025316964489651882,0.011132285769575373,0.040074484695052634,EEG_nrmse,arm_better,subject_block_1000_frozen_coordinates_exploratory
simultaneous_eeg_nirs,posterior,center_EEG,R2_selected,R1_broadband,24,24,0,6,-0.016108517731610848,-0.03347804361133227,0.0021103783163700742,EEG_nrmse,arm_better,subject_block_1000_frozen_coordinates_exploratory
simultaneous_eeg_nirs,posterior,center_EEG,R2_zero,R1_broadband,24,24,0,6,-0.01096620670647431,-0.024551821674026166,0.0015149005903336357,EEG_nrmse,arm_better,subject_block_1000_frozen_coordinates_exploratory
simultaneous_eeg_nirs,posterior,center_EEG,independent,R1_broadband,24,24,0,6,0.006019125210021986,-0.023562638579964105,0.04070515348785431,EEG_nrmse,arm_better,subject_block_1000_frozen_coordinates_exploratory
simultaneous_eeg_nirs,posterior,center_EEG,own_context,R1_broadband,24,24,0,6,-0.17266577372935069,-0.21614797071379457,-0.13384233904003617,EEG_nrmse,arm_better,subject_block_1000_frozen_coordinates_exploratory
simultaneous_eeg_nirs,posterior,center_EEG,ridge_cross,R1_broadband,24,24,0,6,-0.1219037588267321,-0.16212342868330723,-0.08406556937521906,EEG_nrmse,arm_better,subject_block_1000_frozen_coordinates_exploratory
simultaneous_eeg_nirs,posterior,center_EEG,training_template,R1_broadband,24,24,0,6,-0.0006944547344126251,-0.03405435317113222,0.031071346383422932,EEG_nrmse,arm_better,subject_block_1000_frozen_coordinates_exploratory
simultaneous_eeg_nirs,posterior,center_EEG,R1_broadband,R0_PCA_refit,24,24,0,6,-0.025316964489651882,-0.0400961542231293,-0.010548609520212795,EEG_nrmse,arm_better,subject_block_1000_frozen_coordinates_exploratory
simultaneous_eeg_nirs,posterior,center_EEG,R2_selected,R0_PCA_refit,24,24,0,6,-0.04142548222126273,-0.07099188776331355,-0.018596075462682604,EEG_nrmse,arm_better,subject_block_1000_frozen_coordinates_exploratory
simultaneous_eeg_nirs,posterior,center_EEG,R2_zero,R0_PCA_refit,24,24,0,6,-0.036283171196126195,-0.05911782481561756,-0.013543743873248046,EEG_nrmse,arm_better,subject_block_1000_frozen_coordinates_exploratory
simultaneous_eeg_nirs,posterior,center_EEG,independent,R0_PCA_refit,24,24,0,6,-0.019297839279629896,-0.04815733110407302,0.009562667266817839,EEG_nrmse,arm_better,subject_block_1000_frozen_coordinates_exploratory
simultaneous_eeg_nirs,posterior,center_EEG,own_context,R0_PCA_refit,24,24,0,6,-0.19798273821900256,-0.24788996600759564,-0.15628153231502512,EEG_nrmse,arm_better,subject_block_1000_frozen_coordinates_exploratory
simultaneous_eeg_nirs,posterior,center_EEG,ridge_cross,R0_PCA_refit,24,24,0,6,-0.14722072331638397,-0.19502093618816457,-0.1025365759516494,EEG_nrmse,arm_better,subject_block_1000_frozen_coordinates_exploratory
simultaneous_eeg_nirs,posterior,center_EEG,training_template,R0_PCA_refit,24,24,0,6,-0.026011419224064507,-0.06757073047479865,0.00829319136052136,EEG_nrmse,arm_better,subject_block_1000_frozen_coordinates_exploratory
simultaneous_eeg_nirs,posterior,center_EEG,R0_PCA_refit,independent,24,24,0,6,0.019297839279629896,-0.009559924560196947,0.04938977186318187,EEG_nrmse,arm_better,subject_block_1000_frozen_coordinates_exploratory
simultaneous_eeg_nirs,posterior,center_EEG,R1_broadband,independent,24,24,0,6,-0.006019125210021986,-0.042959937878374384,0.023033063124539052,EEG_nrmse,arm_better,subject_block_1000_frozen_coordinates_exploratory
simultaneous_eeg_nirs,posterior,center_EEG,R2_selected,independent,24,24,0,6,-0.022127642941632834,-0.04418251457541134,-0.002201790759897329,EEG_nrmse,arm_better,subject_block_1000_frozen_coordinates_exploratory
simultaneous_eeg_nirs,posterior,center_EEG,R2_zero,independent,24,24,0,6,-0.0169853319164963,-0.04366428259283431,0.010612990111769138,EEG_nrmse,arm_better,subject_block_1000_frozen_coordinates_exploratory
simultaneous_eeg_nirs,posterior,center_EEG,own_context,independent,24,24,0,6,-0.1786848989393727,-0.20384725802868686,-0.15608977714162897,EEG_nrmse,arm_better,subject_block_1000_frozen_coordinates_exploratory
simultaneous_eeg_nirs,posterior,center_EEG,ridge_cross,independent,24,24,0,6,-0.1279228840367541,-0.15321881154798242,-0.10749377937095073,EEG_nrmse,arm_better,subject_block_1000_frozen_coordinates_exploratory
simultaneous_eeg_nirs,posterior,center_EEG,training_template,independent,24,24,0,6,-0.006713579944434611,-0.02827639550764998,0.02258333648472465,EEG_nrmse,arm_better,subject_block_1000_frozen_coordinates_exploratory
simultaneous_eeg_nirs,posterior,center_EEG,R0_PCA_refit,training_template,24,24,0,6,0.026011419224064507,-0.009236068699366537,0.06543372079563285,EEG_nrmse,arm_better,subject_block_1000_frozen_coordinates_exploratory
simultaneous_eeg_nirs,posterior,center_EEG,R1_broadband,training_template,24,24,0,6,0.0006944547344126251,-0.032639888139633866,0.03355912759427535,EEG_nrmse,arm_better,subject_block_1000_frozen_coordinates_exploratory
simultaneous_eeg_nirs,posterior,center_EEG,R2_selected,training_template,24,24,0,6,-0.015414062997198224,-0.036359704494292495,0.0057664614017516,EEG_nrmse,arm_better,subject_block_1000_frozen_coordinates_exploratory
simultaneous_eeg_nirs,posterior,center_EEG,R2_zero,training_template,24,24,0,6,-0.010271751972061685,-0.03107331963318014,0.013121456166206401,EEG_nrmse,arm_better,subject_block_1000_frozen_coordinates_exploratory
simultaneous_eeg_nirs,posterior,center_EEG,independent,training_template,24,24,0,6,0.006713579944434611,-0.02033100130883141,0.027822994683027052,EEG_nrmse,arm_better,subject_block_1000_frozen_coordinates_exploratory
simultaneous_eeg_nirs,posterior,center_EEG,own_context,training_template,24,24,0,6,-0.17197131899493803,-0.19685642710694157,-0.15037184733956535,EEG_nrmse,arm_better,subject_block_1000_frozen_coordinates_exploratory
simultaneous_eeg_nirs,posterior,center_EEG,ridge_cross,training_template,24,24,0,6,-0.12120930409231949,-0.15012707844810594,-0.09660394914538456,EEG_nrmse,arm_better,subject_block_1000_frozen_coordinates_exploratory
simultaneous_eeg_nirs,posterior,center_EEG,R0_PCA_refit,own_context,24,24,0,6,0.19798273821900256,0.1516641279483305,0.24598999828064919,EEG_nrmse,arm_better,subject_block_1000_frozen_coordinates_exploratory
simultaneous_eeg_nirs,posterior,center_EEG,R1_broadband,own_context,24,24,0,6,0.17266577372935069,0.13123187230405076,0.2151669671324057,EEG_nrmse,arm_better,subject_block_1000_frozen_coordinates_exploratory
simultaneous_eeg_nirs,posterior,center_EEG,R2_selected,own_context,24,24,0,6,0.15655725599773984,0.13553726376465006,0.18150262219903215,EEG_nrmse,arm_better,subject_block_1000_frozen_coordinates_exploratory
simultaneous_eeg_nirs,posterior,center_EEG,R2_zero,own_context,24,24,0,6,0.16169956702287638,0.13224423931515952,0.1935201212789649,EEG_nrmse,arm_better,subject_block_1000_frozen_coordinates_exploratory
simultaneous_eeg_nirs,posterior,center_EEG,independent,own_context,24,24,0,6,0.1786848989393727,0.15609799184232379,0.20418839378838152,EEG_nrmse,arm_better,subject_block_1000_frozen_coordinates_exploratory
simultaneous_eeg_nirs,posterior,center_EEG,ridge_cross,own_context,24,24,0,6,0.050762014902618585,0.04723042673453443,0.05391834577078486,EEG_nrmse,arm_better,subject_block_1000_frozen_coordinates_exploratory
simultaneous_eeg_nirs,posterior,center_EEG,training_template,own_context,24,24,0,6,0.17197131899493803,0.14725578447719506,0.19708042747987867,EEG_nrmse,arm_better,subject_block_1000_frozen_coordinates_exploratory
simultaneous_eeg_nirs,posterior,center_EEG,R0_PCA_refit,ridge_cross,24,24,0,6,0.14722072331638397,0.10789804756522235,0.19440304957952578,EEG_nrmse,arm_better,subject_block_1000_frozen_coordinates_exploratory
simultaneous_eeg_nirs,posterior,center_EEG,R1_broadband,ridge_cross,24,24,0,6,0.1219037588267321,0.0829290643842852,0.16477220420963987,EEG_nrmse,arm_better,subject_block_1000_frozen_coordinates_exploratory
simultaneous_eeg_nirs,posterior,center_EEG,R2_selected,ridge_cross,24,24,0,6,0.10579524109512124,0.08446455086826467,0.1286086481136104,EEG_nrmse,arm_better,subject_block_1000_frozen_coordinates_exploratory
simultaneous_eeg_nirs,posterior,center_EEG,R2_zero,ridge_cross,24,24,0,6,0.1109375521202578,0.08179230734602767,0.14327667326454743,EEG_nrmse,arm_better,subject_block_1000_frozen_coordinates_exploratory
simultaneous_eeg_nirs,posterior,center_EEG,independent,ridge_cross,24,24,0,6,0.1279228840367541,0.10652165699639041,0.1527358102844026,EEG_nrmse,arm_better,subject_block_1000_frozen_coordinates_exploratory
simultaneous_eeg_nirs,posterior,center_EEG,own_context,ridge_cross,24,24,0,6,-0.050762014902618585,-0.054075972470923224,-0.04740336179424969,EEG_nrmse,arm_better,subject_block_1000_frozen_coordinates_exploratory
simultaneous_eeg_nirs,posterior,center_EEG,training_template,ridge_cross,24,24,0,6,0.12120930409231949,0.09933352689141609,0.1458146590392544,EEG_nrmse,arm_better,subject_block_1000_frozen_coordinates_exploratory
simultaneous_eeg_nirs,posterior,full,R0_PCA_refit,R1_broadband,24,24,0,6,-0.022903637607386815,-0.06701926419050579,0.008858569343603058,EEG_nrmse,arm_better,subject_block_1000_frozen_coordinates_exploratory
simultaneous_eeg_nirs,posterior,full,R2_selected,R1_broadband,24,24,0,6,0.023256363221636035,0.018181234896495133,0.027664463339911922,EEG_nrmse,arm_better,subject_block_1000_frozen_coordinates_exploratory
simultaneous_eeg_nirs,posterior,full,R2_zero,R1_broadband,24,24,0,6,0.020261061929667378,0.016091816089902043,0.02450651111838824,EEG_nrmse,arm_better,subject_block_1000_frozen_coordinates_exploratory
simultaneous_eeg_nirs,posterior,full,independent,R1_broadband,24,24,0,6,0.03341732842920442,0.026874145744354795,0.039464353494227666,EEG_nrmse,arm_better,subject_block_1000_frozen_coordinates_exploratory
simultaneous_eeg_nirs,posterior,full,training_template,R1_broadband,24,24,0,6,-0.09132490417283075,-0.13616516191488764,-0.05400504120118677,EEG_nrmse,arm_better,subject_block_1000_frozen_coordinates_exploratory
simultaneous_eeg_nirs,posterior,full,R1_broadband,R0_PCA_refit,24,24,0,6,0.022903637607386815,-0.008855647773088457,0.06701926419050579,EEG_nrmse,arm_better,subject_block_1000_frozen_coordinates_exploratory
simultaneous_eeg_nirs,posterior,full,R2_selected,R0_PCA_refit,24,24,0,6,0.04616000082902285,0.014272870024391893,0.0887163746084666,EEG_nrmse,arm_better,subject_block_1000_frozen_coordinates_exploratory
simultaneous_eeg_nirs,posterior,full,R2_zero,R0_PCA_refit,24,24,0,6,0.04316469953705419,0.011288318027831248,0.08168413229185205,EEG_nrmse,arm_better,subject_block_1000_frozen_coordinates_exploratory
simultaneous_eeg_nirs,posterior,full,independent,R0_PCA_refit,24,24,0,6,0.05632096603659124,0.020788541455163765,0.10240408901049701,EEG_nrmse,arm_better,subject_block_1000_frozen_coordinates_exploratory
simultaneous_eeg_nirs,posterior,full,training_template,R0_PCA_refit,24,24,0,6,-0.06842126656544391,-0.07563215436313063,-0.060545974367615406,EEG_nrmse,arm_better,subject_block_1000_frozen_coordinates_exploratory
simultaneous_eeg_nirs,posterior,full,R0_PCA_refit,independent,24,24,0,6,-0.05632096603659124,-0.10349961878353602,-0.02014528059252062,EEG_nrmse,arm_better,subject_block_1000_frozen_coordinates_exploratory
simultaneous_eeg_nirs,posterior,full,R1_broadband,independent,24,24,0,6,-0.03341732842920442,-0.04033682238472599,-0.026422190201234718,EEG_nrmse,arm_better,subject_block_1000_frozen_coordinates_exploratory
simultaneous_eeg_nirs,posterior,full,R2_selected,independent,24,24,0,6,-0.010160965207568382,-0.01458778654203323,-0.00727429519232468,EEG_nrmse,arm_better,subject_block_1000_frozen_coordinates_exploratory
simultaneous_eeg_nirs,posterior,full,R2_zero,independent,24,24,0,6,-0.013156266499537042,-0.019115827002841302,-0.008757831771797741,EEG_nrmse,arm_better,subject_block_1000_frozen_coordinates_exploratory
simultaneous_eeg_nirs,posterior,full,training_template,independent,24,24,0,6,-0.12474223260203514,-0.17556715683546878,-0.08479353237767669,EEG_nrmse,arm_better,subject_block_1000_frozen_coordinates_exploratory
simultaneous_eeg_nirs,posterior,full,R0_PCA_refit,training_template,24,24,0,6,0.06842126656544391,0.06027011722006459,0.07531425884067387,EEG_nrmse,arm_better,subject_block_1000_frozen_coordinates_exploratory
simultaneous_eeg_nirs,posterior,full,R1_broadband,training_template,24,24,0,6,0.09132490417283075,0.05497522870935672,0.1399786811907913,EEG_nrmse,arm_better,subject_block_1000_frozen_coordinates_exploratory
simultaneous_eeg_nirs,posterior,full,R2_selected,training_template,24,24,0,6,0.11458126739446678,0.07484356894452113,0.16421539079523254,EEG_nrmse,arm_better,subject_block_1000_frozen_coordinates_exploratory
simultaneous_eeg_nirs,posterior,full,R2_zero,training_template,24,24,0,6,0.1115859661024981,0.07422795915533369,0.15905798433342985,EEG_nrmse,arm_better,subject_block_1000_frozen_coordinates_exploratory
simultaneous_eeg_nirs,posterior,full,independent,training_template,24,24,0,6,0.12474223260203514,0.08245183338024258,0.1774554806895593,EEG_nrmse,arm_better,subject_block_1000_frozen_coordinates_exploratory
simultaneous_eeg_nirs,posterior,full,R0_PCA_refit,own_context,0,0,0,0,,,,EEG_nrmse,arm_better,subject_block_1000_frozen_coordinates_exploratory
simultaneous_eeg_nirs,posterior,full,R1_broadband,own_context,0,0,0,0,,,,EEG_nrmse,arm_better,subject_block_1000_frozen_coordinates_exploratory
simultaneous_eeg_nirs,posterior,full,R2_selected,own_context,0,0,0,0,,,,EEG_nrmse,arm_better,subject_block_1000_frozen_coordinates_exploratory
simultaneous_eeg_nirs,posterior,full,R2_zero,own_context,0,0,0,0,,,,EEG_nrmse,arm_better,subject_block_1000_frozen_coordinates_exploratory
simultaneous_eeg_nirs,posterior,full,independent,own_context,0,0,0,0,,,,EEG_nrmse,arm_better,subject_block_1000_frozen_coordinates_exploratory
simultaneous_eeg_nirs,posterior,full,training_template,own_context,0,0,0,0,,,,EEG_nrmse,arm_better,subject_block_1000_frozen_coordinates_exploratory
simultaneous_eeg_nirs,posterior,full,R0_PCA_refit,ridge_cross,0,0,0,0,,,,EEG_nrmse,arm_better,subject_block_1000_frozen_coordinates_exploratory
simultaneous_eeg_nirs,posterior,full,R1_broadband,ridge_cross,0,0,0,0,,,,EEG_nrmse,arm_better,subject_block_1000_frozen_coordinates_exploratory
simultaneous_eeg_nirs,posterior,full,R2_selected,ridge_cross,0,0,0,0,,,,EEG_nrmse,arm_better,subject_block_1000_frozen_coordinates_exploratory
simultaneous_eeg_nirs,posterior,full,R2_zero,ridge_cross,0,0,0,0,,,,EEG_nrmse,arm_better,subject_block_1000_frozen_coordinates_exploratory
simultaneous_eeg_nirs,posterior,full,independent,ridge_cross,0,0,0,0,,,,EEG_nrmse,arm_better,subject_block_1000_frozen_coordinates_exploratory
simultaneous_eeg_nirs,posterior,full,training_template,ridge_cross,0,0,0,0,,,,EEG_nrmse,arm_better,subject_block_1000_frozen_coordinates_exploratory
simultaneous_eeg_nirs,prefrontal,EEG_channels_hidden,R0_PCA_refit,R1_broadband,24,24,0,6,0.004947680696445966,-0.03685437485389249,0.03126611987533399,EEG_nrmse,arm_better,subject_block_1000_frozen_coordinates_exploratory
simultaneous_eeg_nirs,prefrontal,EEG_channels_hidden,R2_selected,R1_broadband,24,24,0,6,0.011101249160531282,0.006091032318461513,0.01648702453433082,EEG_nrmse,arm_better,subject_block_1000_frozen_coordinates_exploratory
simultaneous_eeg_nirs,prefrontal,EEG_channels_hidden,R2_zero,R1_broadband,24,24,0,6,0.008084128306811317,0.003915936973522917,0.012797206809097312,EEG_nrmse,arm_better,subject_block_1000_frozen_coordinates_exploratory
simultaneous_eeg_nirs,prefrontal,EEG_channels_hidden,independent,R1_broadband,24,23,1,6,0.033341438578803735,0.02196873011207001,0.04648080477185949,EEG_nrmse,arm_better,subject_block_1000_frozen_coordinates_exploratory
simultaneous_eeg_nirs,prefrontal,EEG_channels_hidden,own_context,R1_broadband,24,24,0,6,-0.008458781086638742,-0.04523191072765667,0.017895660528396033,EEG_nrmse,arm_better,subject_block_1000_frozen_coordinates_exploratory
simultaneous_eeg_nirs,prefrontal,EEG_channels_hidden,ridge_cross,R1_broadband,24,24,0,6,0.42320066263142636,0.37698072042742287,0.47360661793955156,EEG_nrmse,arm_better,subject_block_1000_frozen_coordinates_exploratory
simultaneous_eeg_nirs,prefrontal,EEG_channels_hidden,training_template,R1_broadband,24,24,0,6,-0.008458781086638742,-0.04414790013552865,0.017705508516430473,EEG_nrmse,arm_better,subject_block_1000_frozen_coordinates_exploratory
simultaneous_eeg_nirs,prefrontal,EEG_channels_hidden,R1_broadband,R0_PCA_refit,24,24,0,6,-0.004947680696445966,-0.031282362664626695,0.03634432745725572,EEG_nrmse,arm_better,subject_block_1000_frozen_coordinates_exploratory
simultaneous_eeg_nirs,prefrontal,EEG_channels_hidden,R2_selected,R0_PCA_refit,24,24,0,6,0.006153568464085314,-0.01950086347042783,0.04806835856404965,EEG_nrmse,arm_better,subject_block_1000_frozen_coordinates_exploratory
simultaneous_eeg_nirs,prefrontal,EEG_channels_hidden,R2_zero,R0_PCA_refit,24,24,0,6,0.0031364476103653512,-0.022845558081062395,0.046035659382965666,EEG_nrmse,arm_better,subject_block_1000_frozen_coordinates_exploratory
simultaneous_eeg_nirs,prefrontal,EEG_channels_hidden,independent,R0_PCA_refit,24,23,1,6,0.023330266541542646,-0.01027336761614222,0.07510426634393053,EEG_nrmse,arm_better,subject_block_1000_frozen_coordinates_exploratory
simultaneous_eeg_nirs,prefrontal,EEG_channels_hidden,own_context,R0_PCA_refit,24,24,0,6,-0.013406461783084708,-0.02242465632742577,-0.0050381060336543914,EEG_nrmse,arm_better,subject_block_1000_frozen_coordinates_exploratory
simultaneous_eeg_nirs,prefrontal,EEG_channels_hidden,ridge_cross,R0_PCA_refit,24,24,0,6,0.41825298193498045,0.3577631866579624,0.47304326748724695,EEG_nrmse,arm_better,subject_block_1000_frozen_coordinates_exploratory
simultaneous_eeg_nirs,prefrontal,EEG_channels_hidden,training_template,R0_PCA_refit,24,24,0,6,-0.013406461783084708,-0.021683022489887915,-0.005028890682646762,EEG_nrmse,arm_better,subject_block_1000_frozen_coordinates_exploratory
simultaneous_eeg_nirs,prefrontal,EEG_channels_hidden,R0_PCA_refit,independent,24,23,1,6,-0.023330266541542646,-0.07825570588817143,0.010682568263215661,EEG_nrmse,arm_better,subject_block_1000_frozen_coordinates_exploratory
simultaneous_eeg_nirs,prefrontal,EEG_channels_hidden,R1_broadband,independent,24,23,1,6,-0.033341438578803735,-0.04649054549995758,-0.0213245131924311,EEG_nrmse,arm_better,subject_block_1000_frozen_coordinates_exploratory
simultaneous_eeg_nirs,prefrontal,EEG_channels_hidden,R2_selected,independent,24,23,1,6,-0.02181342394654769,-0.0306324976207026,-0.013000541560154589,EEG_nrmse,arm_better,subject_block_1000_frozen_coordinates_exploratory
simultaneous_eeg_nirs,prefrontal,EEG_channels_hidden,R2_zero,independent,24,23,1,6,-0.02501876533430499,-0.03412568125768047,-0.015066829915552369,EEG_nrmse,arm_better,subject_block_1000_frozen_coordinates_exploratory
simultaneous_eeg_nirs,prefrontal,EEG_channels_hidden,own_context,independent,24,23,1,6,-0.03939997573259812,-0.08474331480887748,-0.012099046268693526,EEG_nrmse,arm_better,subject_block_1000_frozen_coordinates_exploratory
simultaneous_eeg_nirs,prefrontal,EEG_channels_hidden,ridge_cross,independent,24,23,1,6,0.39055723927847114,0.3450122077518375,0.4424539005515468,EEG_nrmse,arm_better,subject_block_1000_frozen_coordinates_exploratory
simultaneous_eeg_nirs,prefrontal,EEG_channels_hidden,training_template,independent,24,23,1,6,-0.03939997573259812,-0.08467483920848465,-0.01231640242488926,EEG_nrmse,arm_better,subject_block_1000_frozen_coordinates_exploratory
simultaneous_eeg_nirs,prefrontal,EEG_channels_hidden,R0_PCA_refit,training_template,24,24,0,6,0.013406461783084708,0.004635150675275798,0.021437680811350664,EEG_nrmse,arm_better,subject_block_1000_frozen_coordinates_exploratory
simultaneous_eeg_nirs,prefrontal,EEG_channels_hidden,R1_broadband,training_template,24,24,0,6,0.008458781086638742,-0.017705508516430477,0.044784975439296916,EEG_nrmse,arm_better,subject_block_1000_frozen_coordinates_exploratory
simultaneous_eeg_nirs,prefrontal,EEG_channels_hidden,R2_selected,training_template,24,24,0,6,0.019560030247170023,-0.004041467743066256,0.05863751568311683,EEG_nrmse,arm_better,subject_block_1000_frozen_coordinates_exploratory
simultaneous_eeg_nirs,prefrontal,EEG_channels_hidden,R2_zero,training_template,24,24,0,6,0.01654290939345006,-0.009125073868470356,0.053299563598873,EEG_nrmse,arm_better,subject_block_1000_frozen_coordinates_exploratory
simultaneous_eeg_nirs,prefrontal,EEG_channels_hidden,independent,training_template,24,23,1,6,0.03939997573259812,0.01191925274717471,0.08434792091578838,EEG_nrmse,arm_better,subject_block_1000_frozen_coordinates_exploratory
simultaneous_eeg_nirs,prefrontal,EEG_channels_hidden,own_context,training_template,24,24,0,6,0.0,0.0,0.0,EEG_nrmse,arm_better,subject_block_1000_frozen_coordinates_exploratory
simultaneous_eeg_nirs,prefrontal,EEG_channels_hidden,ridge_cross,training_template,24,24,0,6,0.4316594437180652,0.37116450418022967,0.49012066500035695,EEG_nrmse,arm_better,subject_block_1000_frozen_coordinates_exploratory
simultaneous_eeg_nirs,prefrontal,EEG_channels_hidden,R0_PCA_refit,own_context,24,24,0,6,0.013406461783084708,0.005046764835458684,0.021114674502609013,EEG_nrmse,arm_better,subject_block_1000_frozen_coordinates_exploratory
simultaneous_eeg_nirs,prefrontal,EEG_channels_hidden,R1_broadband,own_context,24,24,0,6,0.008458781086638742,-0.017895192662671634,0.04537027919642197,EEG_nrmse,arm_better,subject_block_1000_frozen_coordinates_exploratory
simultaneous_eeg_nirs,prefrontal,EEG_channels_hidden,R2_selected,own_context,24,24,0,6,0.019560030247170023,-0.0045175477706903295,0.056449610100933904,EEG_nrmse,arm_better,subject_block_1000_frozen_coordinates_exploratory
simultaneous_eeg_nirs,prefrontal,EEG_channels_hidden,R2_zero,own_context,24,24,0,6,0.01654290939345006,-0.007466765109945158,0.053312505613079396,EEG_nrmse,arm_better,subject_block_1000_frozen_coordinates_exploratory
simultaneous_eeg_nirs,prefrontal,EEG_channels_hidden,independent,own_context,24,23,1,6,0.03939997573259812,0.012064621733726688,0.087361533894017,EEG_nrmse,arm_better,subject_block_1000_frozen_coordinates_exploratory
simultaneous_eeg_nirs,prefrontal,EEG_channels_hidden,ridge_cross,own_context,24,24,0,6,0.4316594437180652,0.3709253012454384,0.4915039009518172,EEG_nrmse,arm_better,subject_block_1000_frozen_coordinates_exploratory
simultaneous_eeg_nirs,prefrontal,EEG_channels_hidden,training_template,own_context,24,24,0,6,0.0,0.0,0.0,EEG_nrmse,arm_better,subject_block_1000_frozen_coordinates_exploratory
simultaneous_eeg_nirs,prefrontal,EEG_channels_hidden,R0_PCA_refit,ridge_cross,24,24,0,6,-0.41825298193498045,-0.47948801355235876,-0.3577445557494534,EEG_nrmse,arm_better,subject_block_1000_frozen_coordinates_exploratory
simultaneous_eeg_nirs,prefrontal,EEG_channels_hidden,R1_broadband,ridge_cross,24,24,0,6,-0.42320066263142636,-0.47140411236198027,-0.3753604178117647,EEG_nrmse,arm_better,subject_block_1000_frozen_coordinates_exploratory
simultaneous_eeg_nirs,prefrontal,EEG_channels_hidden,R2_selected,ridge_cross,24,24,0,6,-0.41209941347089507,-0.4684807327620755,-0.3644047554658811,EEG_nrmse,arm_better,subject_block_1000_frozen_coordinates_exploratory
simultaneous_eeg_nirs,prefrontal,EEG_channels_hidden,R2_zero,ridge_cross,24,24,0,6,-0.41511653432461504,-0.46567643056774455,-0.36523897606410394,EEG_nrmse,arm_better,subject_block_1000_frozen_coordinates_exploratory
simultaneous_eeg_nirs,prefrontal,EEG_channels_hidden,independent,ridge_cross,24,23,1,6,-0.39055723927847114,-0.44309025316405276,-0.3411109470327735,EEG_nrmse,arm_better,subject_block_1000_frozen_coordinates_exploratory
simultaneous_eeg_nirs,prefrontal,EEG_channels_hidden,own_context,ridge_cross,24,24,0,6,-0.4316594437180652,-0.4867567112493349,-0.37428820763083315,EEG_nrmse,arm_better,subject_block_1000_frozen_coordinates_exploratory
simultaneous_eeg_nirs,prefrontal,EEG_channels_hidden,training_template,ridge_cross,24,24,0,6,-0.4316594437180652,-0.4894812646534501,-0.37116450418022967,EEG_nrmse,arm_better,subject_block_1000_frozen_coordinates_exploratory
simultaneous_eeg_nirs,prefrontal,center_EEG,R0_PCA_refit,R1_broadband,24,24,0,6,0.1030876951010295,0.040194884089049226,0.17613435397482485,EEG_nrmse,arm_better,subject_block_1000_frozen_coordinates_exploratory
simultaneous_eeg_nirs,prefrontal,center_EEG,R2_selected,R1_broadband,24,24,0,6,-0.020966889160874868,-0.05342055422069023,0.0063020188938943305,EEG_nrmse,arm_better,subject_block_1000_frozen_coordinates_exploratory
simultaneous_eeg_nirs,prefrontal,center_EEG,R2_zero,R1_broadband,24,24,0,6,-0.005706583408640613,-0.01306310108040137,0.0015628517645914681,EEG_nrmse,arm_better,subject_block_1000_frozen_coordinates_exploratory
simultaneous_eeg_nirs,prefrontal,center_EEG,independent,R1_broadband,24,23,1,6,0.10278291104986144,0.03303746062833064,0.1748818237639738,EEG_nrmse,arm_better,subject_block_1000_frozen_coordinates_exploratory
simultaneous_eeg_nirs,prefrontal,center_EEG,own_context,R1_broadband,24,24,0,6,-0.0004965931649116295,-0.0616930816465369,0.05749931271952602,EEG_nrmse,arm_better,subject_block_1000_frozen_coordinates_exploratory
simultaneous_eeg_nirs,prefrontal,center_EEG,ridge_cross,R1_broadband,24,24,0,6,0.04588487016259043,-0.0209572418958686,0.10842351111028502,EEG_nrmse,arm_better,subject_block_1000_frozen_coordinates_exploratory
simultaneous_eeg_nirs,prefrontal,center_EEG,training_template,R1_broadband,24,24,0,6,0.1672822747696944,0.10267353571288367,0.23124114597888704,EEG_nrmse,arm_better,subject_block_1000_frozen_coordinates_exploratory
simultaneous_eeg_nirs,prefrontal,center_EEG,R1_broadband,R0_PCA_refit,24,24,0,6,-0.1030876951010295,-0.17210136516372854,-0.03974353911248584,EEG_nrmse,arm_better,subject_block_1000_frozen_coordinates_exploratory
simultaneous_eeg_nirs,prefrontal,center_EEG,R2_selected,R0_PCA_refit,24,24,0,6,-0.12405458426190435,-0.19846977165428814,-0.05553695489272861,EEG_nrmse,arm_better,subject_block_1000_frozen_coordinates_exploratory
simultaneous_eeg_nirs,prefrontal,center_EEG,R2_zero,R0_PCA_refit,24,24,0,6,-0.1087942785096701,-0.1738685988665808,-0.046181014312578345,EEG_nrmse,arm_better,subject_block_1000_frozen_coordinates_exploratory
simultaneous_eeg_nirs,prefrontal,center_EEG,independent,R0_PCA_refit,24,23,1,6,-0.011825316511813844,-0.03109426099379316,0.006611769003443792,EEG_nrmse,arm_better,subject_block_1000_frozen_coordinates_exploratory
simultaneous_eeg_nirs,prefrontal,center_EEG,own_context,R0_PCA_refit,24,24,0,6,-0.10358428826594113,-0.14125438840839036,-0.06194284060928552,EEG_nrmse,arm_better,subject_block_1000_frozen_coordinates_exploratory
simultaneous_eeg_nirs,prefrontal,center_EEG,ridge_cross,R0_PCA_refit,24,24,0,6,-0.05720282493843907,-0.08693640252388647,-0.023053517242208096,EEG_nrmse,arm_better,subject_block_1000_frozen_coordinates_exploratory
simultaneous_eeg_nirs,prefrontal,center_EEG,training_template,R0_PCA_refit,24,24,0,6,0.06419457966866492,0.03441318883384341,0.09438272725296211,EEG_nrmse,arm_better,subject_block_1000_frozen_coordinates_exploratory
simultaneous_eeg_nirs,prefrontal,center_EEG,R0_PCA_refit,independent,24,23,1,6,0.011825316511813844,-0.007579538058301873,0.031643868272944436,EEG_nrmse,arm_better,subject_block_1000_frozen_coordinates_exploratory
simultaneous_eeg_nirs,prefrontal,center_EEG,R1_broadband,independent,24,23,1,6,-0.10278291104986144,-0.17490185320107995,-0.030381231606781207,EEG_nrmse,arm_better,subject_block_1000_frozen_coordinates_exploratory
simultaneous_eeg_nirs,prefrontal,center_EEG,R2_selected,independent,24,23,1,6,-0.11907866093634734,-0.1946627493797296,-0.047953301898734035,EEG_nrmse,arm_better,subject_block_1000_frozen_coordinates_exploratory
simultaneous_eeg_nirs,prefrontal,center_EEG,R2_zero,independent,24,23,1,6,-0.10730415489485241,-0.17590391265019167,-0.031489933951141004,EEG_nrmse,arm_better,subject_block_1000_frozen_coordinates_exploratory
simultaneous_eeg_nirs,prefrontal,center_EEG,own_context,independent,24,23,1,6,-0.09515889899061364,-0.11866172693595194,-0.06950103208472641,EEG_nrmse,arm_better,subject_block_1000_frozen_coordinates_exploratory
simultaneous_eeg_nirs,prefrontal,center_EEG,ridge_cross,independent,24,23,1,6,-0.04854823689370941,-0.06796215474787325,-0.0254765402754802,EEG_nrmse,arm_better,subject_block_1000_frozen_coordinates_exploratory
simultaneous_eeg_nirs,prefrontal,center_EEG,training_template,independent,24,23,1,6,0.07301403897806703,0.05351784378165571,0.09152535203756217,EEG_nrmse,arm_better,subject_block_1000_frozen_coordinates_exploratory
simultaneous_eeg_nirs,prefrontal,center_EEG,R0_PCA_refit,training_template,24,24,0,6,-0.06419457966866492,-0.09215101978988556,-0.03585546389036195,EEG_nrmse,arm_better,subject_block_1000_frozen_coordinates_exploratory
simultaneous_eeg_nirs,prefrontal,center_EEG,R1_broadband,training_template,24,24,0,6,-0.1672822747696944,-0.22687428446752866,-0.103266518096458,EEG_nrmse,arm_better,subject_block_1000_frozen_coordinates_exploratory
simultaneous_eeg_nirs,prefrontal,center_EEG,R2_selected,training_template,24,24,0,6,-0.1882491639305693,-0.25659619558746566,-0.11621683074120714,EEG_nrmse,arm_better,subject_block_1000_frozen_coordinates_exploratory
simultaneous_eeg_nirs,prefrontal,center_EEG,R2_zero,training_template,24,24,0,6,-0.17298885817833498,-0.23524253366125328,-0.10999079527573814,EEG_nrmse,arm_better,subject_block_1000_frozen_coordinates_exploratory
simultaneous_eeg_nirs,prefrontal,center_EEG,independent,training_template,24,23,1,6,-0.07301403897806703,-0.09392446704069407,-0.05156464044344206,EEG_nrmse,arm_better,subject_block_1000_frozen_coordinates_exploratory
simultaneous_eeg_nirs,prefrontal,center_EEG,own_context,training_template,24,24,0,6,-0.16777886793460606,-0.20073439902093385,-0.12709160751428672,EEG_nrmse,arm_better,subject_block_1000_frozen_coordinates_exploratory
simultaneous_eeg_nirs,prefrontal,center_EEG,ridge_cross,training_template,24,24,0,6,-0.12139740460710398,-0.15193778051353884,-0.08355673215197845,EEG_nrmse,arm_better,subject_block_1000_frozen_coordinates_exploratory
simultaneous_eeg_nirs,prefrontal,center_EEG,R0_PCA_refit,own_context,24,24,0,6,0.10358428826594113,0.06194284060928553,0.1421586967168004,EEG_nrmse,arm_better,subject_block_1000_frozen_coordinates_exploratory
simultaneous_eeg_nirs,prefrontal,center_EEG,R1_broadband,own_context,24,24,0,6,0.0004965931649116295,-0.0574837026733977,0.07457021736011372,EEG_nrmse,arm_better,subject_block_1000_frozen_coordinates_exploratory
simultaneous_eeg_nirs,prefrontal,center_EEG,R2_selected,own_context,24,24,0,6,-0.02047029599596324,-0.09015978684530002,0.04649440513576849,EEG_nrmse,arm_better,subject_block_1000_frozen_coordinates_exploratory
simultaneous_eeg_nirs,prefrontal,center_EEG,R2_zero,own_context,24,24,0,6,-0.0052099902437289835,-0.06437655983078493,0.05404384560539835,EEG_nrmse,arm_better,subject_block_1000_frozen_coordinates_exploratory
simultaneous_eeg_nirs,prefrontal,center_EEG,independent,own_context,24,23,1,6,0.09515889899061364,0.06946037134380899,0.11608770220554272,EEG_nrmse,arm_better,subject_block_1000_frozen_coordinates_exploratory
simultaneous_eeg_nirs,prefrontal,center_EEG,ridge_cross,own_context,24,24,0,6,0.04638146332750206,0.035639796155624626,0.05718591645569391,EEG_nrmse,arm_better,subject_block_1000_frozen_coordinates_exploratory
simultaneous_eeg_nirs,prefrontal,center_EEG,training_template,own_context,24,24,0,6,0.16777886793460606,0.12490488382822942,0.20033695531613707,EEG_nrmse,arm_better,subject_block_1000_frozen_coordinates_exploratory
simultaneous_eeg_nirs,prefrontal,center_EEG,R0_PCA_refit,ridge_cross,24,24,0,6,0.05720282493843907,0.023278957383983022,0.08582585184082114,EEG_nrmse,arm_better,subject_block_1000_frozen_coordinates_exploratory
simultaneous_eeg_nirs,prefrontal,center_EEG,R1_broadband,ridge_cross,24,24,0,6,-0.04588487016259043,-0.1097287343297501,0.020957241895868586,EEG_nrmse,arm_better,subject_block_1000_frozen_coordinates_exploratory
simultaneous_eeg_nirs,prefrontal,center_EEG,R2_selected,ridge_cross,24,24,0,6,-0.0668517593234653,-0.1399103504493708,0.0014153769680828553,EEG_nrmse,arm_better,subject_block_1000_frozen_coordinates_exploratory
simultaneous_eeg_nirs,prefrontal,center_EEG,R2_zero,ridge_cross,24,24,0,6,-0.05159145357123104,-0.11061502510849147,0.016178831655117572,EEG_nrmse,arm_better,subject_block_1000_frozen_coordinates_exploratory
simultaneous_eeg_nirs,prefrontal,center_EEG,independent,ridge_cross,24,23,1,6,0.04854823689370941,0.02750590756694634,0.0666539048911977,EEG_nrmse,arm_better,subject_block_1000_frozen_coordinates_exploratory
simultaneous_eeg_nirs,prefrontal,center_EEG,own_context,ridge_cross,24,24,0,6,-0.04638146332750206,-0.05718591645569391,-0.03563822650671677,EEG_nrmse,arm_better,subject_block_1000_frozen_coordinates_exploratory
simultaneous_eeg_nirs,prefrontal,center_EEG,training_template,ridge_cross,24,24,0,6,0.12139740460710398,0.08441893336071073,0.15172985833805883,EEG_nrmse,arm_better,subject_block_1000_frozen_coordinates_exploratory
simultaneous_eeg_nirs,prefrontal,full,R0_PCA_refit,R1_broadband,24,24,0,6,-0.004422965809206092,-0.050444364925680246,0.02679755203278525,EEG_nrmse,arm_better,subject_block_1000_frozen_coordinates_exploratory
simultaneous_eeg_nirs,prefrontal,full,R2_selected,R1_broadband,24,24,0,6,0.018559239256721455,0.013300964648273966,0.023934317329867026,EEG_nrmse,arm_better,subject_block_1000_frozen_coordinates_exploratory
simultaneous_eeg_nirs,prefrontal,full,R2_zero,R1_broadband,24,24,0,6,0.01526602127331276,0.011353037437658059,0.019424354646066025,EEG_nrmse,arm_better,subject_block_1000_frozen_coordinates_exploratory
simultaneous_eeg_nirs,prefrontal,full,independent,R1_broadband,24,23,1,6,0.03418092124738961,0.02226738546603436,0.04699351696067898,EEG_nrmse,arm_better,subject_block_1000_frozen_coordinates_exploratory
simultaneous_eeg_nirs,prefrontal,full,training_template,R1_broadband,24,24,0,6,-0.0442954397490364,-0.08503244466627231,-0.013062254649180316,EEG_nrmse,arm_better,subject_block_1000_frozen_coordinates_exploratory
simultaneous_eeg_nirs,prefrontal,full,R1_broadband,R0_PCA_refit,24,24,0,6,0.004422965809206092,-0.02681076776229941,0.053172425298098486,EEG_nrmse,arm_better,subject_block_1000_frozen_coordinates_exploratory
simultaneous_eeg_nirs,prefrontal,full,R2_selected,R0_PCA_refit,24,24,0,6,0.022982205065927547,-0.009347960890479831,0.07210943755963949,EEG_nrmse,arm_better,subject_block_1000_frozen_coordinates_exploratory
simultaneous_eeg_nirs,prefrontal,full,R2_zero,R0_PCA_refit,24,24,0,6,0.019688987082518854,-0.011850971820026016,0.0684119205376502,EEG_nrmse,arm_better,subject_block_1000_frozen_coordinates_exploratory
simultaneous_eeg_nirs,prefrontal,full,independent,R0_PCA_refit,24,23,1,6,0.031765239120555996,-0.002551353530577278,0.09160815211723225,EEG_nrmse,arm_better,subject_block_1000_frozen_coordinates_exploratory
simultaneous_eeg_nirs,prefrontal,full,training_template,R0_PCA_refit,24,24,0,6,-0.03987247393983031,-0.04934232884885053,-0.029956806816719746,EEG_nrmse,arm_better,subject_block_1000_frozen_coordinates_exploratory
simultaneous_eeg_nirs,prefrontal,full,R0_PCA_refit,independent,24,23,1,6,-0.031765239120555996,-0.09078275826890041,0.002551353530577278,EEG_nrmse,arm_better,subject_block_1000_frozen_coordinates_exploratory
simultaneous_eeg_nirs,prefrontal,full,R1_broadband,independent,24,23,1,6,-0.03418092124738961,-0.047721446014537074,-0.02091369904868481,EEG_nrmse,arm_better,subject_block_1000_frozen_coordinates_exploratory
simultaneous_eeg_nirs,prefrontal,full,R2_selected,independent,24,23,1,6,-0.014897774484206587,-0.0236221263324182,-0.007756379395943246,EEG_nrmse,arm_better,subject_block_1000_frozen_coordinates_exploratory
simultaneous_eeg_nirs,prefrontal,full,R2_zero,independent,24,23,1,6,-0.018678333170127952,-0.02777479246495151,-0.009768916615125202,EEG_nrmse,arm_better,subject_block_1000_frozen_coordinates_exploratory
simultaneous_eeg_nirs,prefrontal,full,training_template,independent,24,23,1,6,-0.07247738010428871,-0.1254149975697607,-0.03803156085788174,EEG_nrmse,arm_better,subject_block_1000_frozen_coordinates_exploratory
simultaneous_eeg_nirs,prefrontal,full,R0_PCA_refit,training_template,24,24,0,6,0.03987247393983031,0.029699024337257723,0.049756408597816736,EEG_nrmse,arm_better,subject_block_1000_frozen_coordinates_exploratory
simultaneous_eeg_nirs,prefrontal,full,R1_broadband,training_template,24,24,0,6,0.0442954397490364,0.012695194567494355,0.08563699644776508,EEG_nrmse,arm_better,subject_block_1000_frozen_coordinates_exploratory
simultaneous_eeg_nirs,prefrontal,full,R2_selected,training_template,24,24,0,6,0.06285467900575785,0.03016365879662722,0.1057729108077609,EEG_nrmse,arm_better,subject_block_1000_frozen_coordinates_exploratory
simultaneous_eeg_nirs,prefrontal,full,R2_zero,training_template,24,24,0,6,0.05956146102234915,0.028174930908315365,0.10217531680717201,EEG_nrmse,arm_better,subject_block_1000_frozen_coordinates_exploratory
simultaneous_eeg_nirs,prefrontal,full,independent,training_template,24,23,1,6,0.07247738010428871,0.03753781538063815,0.1231326342964294,EEG_nrmse,arm_better,subject_block_1000_frozen_coordinates_exploratory
simultaneous_eeg_nirs,prefrontal,full,R0_PCA_refit,own_context,0,0,0,0,,,,EEG_nrmse,arm_better,subject_block_1000_frozen_coordinates_exploratory
simultaneous_eeg_nirs,prefrontal,full,R1_broadband,own_context,0,0,0,0,,,,EEG_nrmse,arm_better,subject_block_1000_frozen_coordinates_exploratory
simultaneous_eeg_nirs,prefrontal,full,R2_selected,own_context,0,0,0,0,,,,EEG_nrmse,arm_better,subject_block_1000_frozen_coordinates_exploratory
simultaneous_eeg_nirs,prefrontal,full,R2_zero,own_context,0,0,0,0,,,,EEG_nrmse,arm_better,subject_block_1000_frozen_coordinates_exploratory
simultaneous_eeg_nirs,prefrontal,full,independent,own_context,0,0,0,0,,,,EEG_nrmse,arm_better,subject_block_1000_frozen_coordinates_exploratory
simultaneous_eeg_nirs,prefrontal,full,training_template,own_context,0,0,0,0,,,,EEG_nrmse,arm_better,subject_block_1000_frozen_coordinates_exploratory
simultaneous_eeg_nirs,prefrontal,full,R0_PCA_refit,ridge_cross,0,0,0,0,,,,EEG_nrmse,arm_better,subject_block_1000_frozen_coordinates_exploratory
simultaneous_eeg_nirs,prefrontal,full,R1_broadband,ridge_cross,0,0,0,0,,,,EEG_nrmse,arm_better,subject_block_1000_frozen_coordinates_exploratory
simultaneous_eeg_nirs,prefrontal,full,R2_selected,ridge_cross,0,0,0,0,,,,EEG_nrmse,arm_better,subject_block_1000_frozen_coordinates_exploratory
simultaneous_eeg_nirs,prefrontal,full,R2_zero,ridge_cross,0,0,0,0,,,,EEG_nrmse,arm_better,subject_block_1000_frozen_coordinates_exploratory
simultaneous_eeg_nirs,prefrontal,full,independent,ridge_cross,0,0,0,0,,,,EEG_nrmse,arm_better,subject_block_1000_frozen_coordinates_exploratory
simultaneous_eeg_nirs,prefrontal,full,training_template,ridge_cross,0,0,0,0,,,,EEG_nrmse,arm_better,subject_block_1000_frozen_coordinates_exploratory
visual_cognitive_motivation,motor,EEG_channels_hidden,R0_PCA_refit,R1_broadband,24,24,0,6,-0.02467401341282482,-0.0623701439015639,0.004008141148826803,EEG_nrmse,arm_better,subject_block_1000_frozen_coordinates_exploratory
visual_cognitive_motivation,motor,EEG_channels_hidden,R2_selected,R1_broadband,24,24,0,6,0.022143824584151345,0.01686976871168068,0.026763021066964075,EEG_nrmse,arm_better,subject_block_1000_frozen_coordinates_exploratory
visual_cognitive_motivation,motor,EEG_channels_hidden,R2_zero,R1_broadband,24,24,0,6,0.014329311203734374,0.011134568745094914,0.017411239055268615,EEG_nrmse,arm_better,subject_block_1000_frozen_coordinates_exploratory
visual_cognitive_motivation,motor,EEG_channels_hidden,independent,R1_broadband,24,24,0,6,0.04627371539588857,0.029139138848318438,0.06405363210969724,EEG_nrmse,arm_better,subject_block_1000_frozen_coordinates_exploratory
visual_cognitive_motivation,motor,EEG_channels_hidden,own_context,R1_broadband,24,24,0,6,-0.09911826371897701,-0.12785249853507874,-0.07255906722148506,EEG_nrmse,arm_better,subject_block_1000_frozen_coordinates_exploratory
visual_cognitive_motivation,motor,EEG_channels_hidden,ridge_cross,R1_broadband,24,24,0,6,0.3536098416173758,0.3193552362087189,0.39284727689268867,EEG_nrmse,arm_better,subject_block_1000_frozen_coordinates_exploratory
visual_cognitive_motivation,motor,EEG_channels_hidden,training_template,R1_broadband,24,24,0,6,-0.09911826371897701,-0.1291175112498121,-0.07261127832455769,EEG_nrmse,arm_better,subject_block_1000_frozen_coordinates_exploratory
visual_cognitive_motivation,motor,EEG_channels_hidden,R1_broadband,R0_PCA_refit,24,24,0,6,0.02467401341282482,-0.005180617811862475,0.06162583508621604,EEG_nrmse,arm_better,subject_block_1000_frozen_coordinates_exploratory
visual_cognitive_motivation,motor,EEG_channels_hidden,R2_selected,R0_PCA_refit,24,24,0,6,0.04681783799697616,0.012176247974227145,0.087655322752457,EEG_nrmse,arm_better,subject_block_1000_frozen_coordinates_exploratory
visual_cognitive_motivation,motor,EEG_channels_hidden,R2_zero,R0_PCA_refit,24,24,0,6,0.03900332461655919,0.006271262304056974,0.07325545483842064,EEG_nrmse,arm_better,subject_block_1000_frozen_coordinates_exploratory
visual_cognitive_motivation,motor,EEG_channels_hidden,independent,R0_PCA_refit,24,24,0,6,0.07094772880871339,0.0257191685167263,0.12712319723255258,EEG_nrmse,arm_better,subject_block_1000_frozen_coordinates_exploratory
visual_cognitive_motivation,motor,EEG_channels_hidden,own_context,R0_PCA_refit,24,24,0,6,-0.07444425030615216,-0.09725342088367578,-0.05373101657090429,EEG_nrmse,arm_better,subject_block_1000_frozen_coordinates_exploratory
visual_cognitive_motivation,motor,EEG_channels_hidden,ridge_cross,R0_PCA_refit,24,24,0,6,0.37828385503020057,0.3213453910553106,0.44720289057553875,EEG_nrmse,arm_better,subject_block_1000_frozen_coordinates_exploratory
visual_cognitive_motivation,motor,EEG_channels_hidden,training_template,R0_PCA_refit,24,24,0,6,-0.07444425030615216,-0.09689154793431598,-0.05358191782813687,EEG_nrmse,arm_better,subject_block_1000_frozen_coordinates_exploratory
visual_cognitive_motivation,motor,EEG_channels_hidden,R0_PCA_refit,independent,24,24,0,6,-0.07094772880871339,-0.1265886902753865,-0.026855086740182804,EEG_nrmse,arm_better,subject_block_1000_frozen_coordinates_exploratory
visual_cognitive_motivation,motor,EEG_channels_hidden,R1_broadband,independent,24,24,0,6,-0.04627371539588857,-0.06405562763361387,-0.02962381389295129,EEG_nrmse,arm_better,subject_block_1000_frozen_coordinates_exploratory
visual_cognitive_motivation,motor,EEG_channels_hidden,R2_selected,independent,24,24,0,6,-0.024129890811737224,-0.03863365208230411,-0.011714690999733705,EEG_nrmse,arm_better,subject_block_1000_frozen_coordinates_exploratory
visual_cognitive_motivation,motor,EEG_channels_hidden,R2_zero,independent,24,24,0,6,-0.0319444041921542,-0.052665274910906126,-0.015118608196994046,EEG_nrmse,arm_better,subject_block_1000_frozen_coordinates_exploratory
visual_cognitive_motivation,motor,EEG_channels_hidden,own_context,independent,24,24,0,6,-0.14539197911486557,-0.19363391077252534,-0.10373770085153045,EEG_nrmse,arm_better,subject_block_1000_frozen_coordinates_exploratory
visual_cognitive_motivation,motor,EEG_channels_hidden,ridge_cross,independent,24,24,0,6,0.30733612622148715,0.28052405518548823,0.343689266978284,EEG_nrmse,arm_better,subject_block_1000_frozen_coordinates_exploratory
visual_cognitive_motivation,motor,EEG_channels_hidden,training_template,independent,24,24,0,6,-0.14539197911486557,-0.19119864290256575,-0.10373770085153045,EEG_nrmse,arm_better,subject_block_1000_frozen_coordinates_exploratory
visual_cognitive_motivation,motor,EEG_channels_hidden,R0_PCA_refit,training_template,24,24,0,6,0.07444425030615216,0.05358191782813687,0.0954311276472619,EEG_nrmse,arm_better,subject_block_1000_frozen_coordinates_exploratory
visual_cognitive_motivation,motor,EEG_channels_hidden,R1_broadband,training_template,24,24,0,6,0.09911826371897701,0.07261127832455769,0.13122821925034608,EEG_nrmse,arm_better,subject_block_1000_frozen_coordinates_exploratory
visual_cognitive_motivation,motor,EEG_channels_hidden,R2_selected,training_template,24,24,0,6,0.12126208830312835,0.09057133792341567,0.16052215370108758,EEG_nrmse,arm_better,subject_block_1000_frozen_coordinates_exploratory
visual_cognitive_motivation,motor,EEG_channels_hidden,R2_zero,training_template,24,24,0,6,0.11344757492271139,0.08554149121562189,0.14599375621263253,EEG_nrmse,arm_better,subject_block_1000_frozen_coordinates_exploratory
visual_cognitive_motivation,motor,EEG_channels_hidden,independent,training_template,24,24,0,6,0.14539197911486557,0.10315814480933753,0.19119864290256575,EEG_nrmse,arm_better,subject_block_1000_frozen_coordinates_exploratory
visual_cognitive_motivation,motor,EEG_channels_hidden,own_context,training_template,24,24,0,6,0.0,0.0,0.0,EEG_nrmse,arm_better,subject_block_1000_frozen_coordinates_exploratory
visual_cognitive_motivation,motor,EEG_channels_hidden,ridge_cross,training_template,24,24,0,6,0.45272810533635277,0.40955943306474446,0.5128864118209645,EEG_nrmse,arm_better,subject_block_1000_frozen_coordinates_exploratory
visual_cognitive_motivation,motor,EEG_channels_hidden,R0_PCA_refit,own_context,24,24,0,6,0.07444425030615216,0.05361611176126806,0.0993173789691789,EEG_nrmse,arm_better,subject_block_1000_frozen_coordinates_exploratory
visual_cognitive_motivation,motor,EEG_channels_hidden,R1_broadband,own_context,24,24,0,6,0.09911826371897701,0.07249539380712919,0.1311167084792467,EEG_nrmse,arm_better,subject_block_1000_frozen_coordinates_exploratory
visual_cognitive_motivation,motor,EEG_channels_hidden,R2_selected,own_context,24,24,0,6,0.12126208830312835,0.0901359064258963,0.15633158551082346,EEG_nrmse,arm_better,subject_block_1000_frozen_coordinates_exploratory
visual_cognitive_motivation,motor,EEG_channels_hidden,R2_zero,own_context,24,24,0,6,0.11344757492271139,0.0853759893388471,0.14424326253095932,EEG_nrmse,arm_better,subject_block_1000_frozen_coordinates_exploratory
visual_cognitive_motivation,motor,EEG_channels_hidden,independent,own_context,24,24,0,6,0.14539197911486557,0.1037525612628687,0.19302209406551493,EEG_nrmse,arm_better,subject_block_1000_frozen_coordinates_exploratory
visual_cognitive_motivation,motor,EEG_channels_hidden,ridge_cross,own_context,24,24,0,6,0.45272810533635277,0.4078229290312057,0.5142268749386789,EEG_nrmse,arm_better,subject_block_1000_frozen_coordinates_exploratory
visual_cognitive_motivation,motor,EEG_channels_hidden,training_template,own_context,24,24,0,6,0.0,0.0,0.0,EEG_nrmse,arm_better,subject_block_1000_frozen_coordinates_exploratory
visual_cognitive_motivation,motor,EEG_channels_hidden,R0_PCA_refit,ridge_cross,24,24,0,6,-0.37828385503020057,-0.4434064179219231,-0.31524342402585337,EEG_nrmse,arm_better,subject_block_1000_frozen_coordinates_exploratory
visual_cognitive_motivation,motor,EEG_channels_hidden,R1_broadband,ridge_cross,24,24,0,6,-0.3536098416173758,-0.3897280772378997,-0.31932598094392034,EEG_nrmse,arm_better,subject_block_1000_frozen_coordinates_exploratory
visual_cognitive_motivation,motor,EEG_channels_hidden,R2_selected,ridge_cross,24,24,0,6,-0.33146601703322437,-0.3647587273214204,-0.2991257648644499,EEG_nrmse,arm_better,subject_block_1000_frozen_coordinates_exploratory
visual_cognitive_motivation,motor,EEG_channels_hidden,R2_zero,ridge_cross,24,24,0,6,-0.3392805304136413,-0.3774980823488736,-0.30494254666596804,EEG_nrmse,arm_better,subject_block_1000_frozen_coordinates_exploratory
visual_cognitive_motivation,motor,EEG_channels_hidden,independent,ridge_cross,24,24,0,6,-0.30733612622148715,-0.343689266978284,-0.2775520490510226,EEG_nrmse,arm_better,subject_block_1000_frozen_coordinates_exploratory
visual_cognitive_motivation,motor,EEG_channels_hidden,own_context,ridge_cross,24,24,0,6,-0.45272810533635277,-0.5118283052867779,-0.4064003288173011,EEG_nrmse,arm_better,subject_block_1000_frozen_coordinates_exploratory
visual_cognitive_motivation,motor,EEG_channels_hidden,training_template,ridge_cross,24,24,0,6,-0.45272810533635277,-0.5149644521596152,-0.4072077549214656,EEG_nrmse,arm_better,subject_block_1000_frozen_coordinates_exploratory
visual_cognitive_motivation,motor,center_EEG,R0_PCA_refit,R1_broadband,24,24,0,6,-0.009313494002139308,-0.04893075176420505,0.02029225103128488,EEG_nrmse,arm_better,subject_block_1000_frozen_coordinates_exploratory
visual_cognitive_motivation,motor,center_EEG,R2_selected,R1_broadband,24,24,0,6,0.019292239218057117,0.00405449851351392,0.03755037752398216,EEG_nrmse,arm_better,subject_block_1000_frozen_coordinates_exploratory
visual_cognitive_motivation,motor,center_EEG,R2_zero,R1_broadband,24,24,0,6,-0.0032872068633205457,-0.011777406587447746,0.006215880640498495,EEG_nrmse,arm_better,subject_block_1000_frozen_coordinates_exploratory
visual_cognitive_motivation,motor,center_EEG,independent,R1_broadband,24,24,0,6,0.052639590562524485,0.017790683943000523,0.08709742347860032,EEG_nrmse,arm_better,subject_block_1000_frozen_coordinates_exploratory
visual_cognitive_motivation,motor,center_EEG,own_context,R1_broadband,24,24,0,6,-0.0065881166859726266,-0.05843736842013046,0.04397432711417843,EEG_nrmse,arm_better,subject_block_1000_frozen_coordinates_exploratory
visual_cognitive_motivation,motor,center_EEG,ridge_cross,R1_broadband,24,24,0,6,0.042368384831582784,-0.017989314731202452,0.09123407882610286,EEG_nrmse,arm_better,subject_block_1000_frozen_coordinates_exploratory
visual_cognitive_motivation,motor,center_EEG,training_template,R1_broadband,24,24,0,6,-0.050644300288986775,-0.09823007360676132,-0.007902581065495228,EEG_nrmse,arm_better,subject_block_1000_frozen_coordinates_exploratory
visual_cognitive_motivation,motor,center_EEG,R1_broadband,R0_PCA_refit,24,24,0,6,0.009313494002139308,-0.01840471924409301,0.04430795597376359,EEG_nrmse,arm_better,subject_block_1000_frozen_coordinates_exploratory
visual_cognitive_motivation,motor,center_EEG,R2_selected,R0_PCA_refit,24,24,0,6,0.028605733220196425,-0.00898925277703567,0.07477007333819662,EEG_nrmse,arm_better,subject_block_1000_frozen_coordinates_exploratory
visual_cognitive_motivation,motor,center_EEG,R2_zero,R0_PCA_refit,24,24,0,6,0.006026287138818763,-0.024051181247888225,0.0421950628141545,EEG_nrmse,arm_better,subject_block_1000_frozen_coordinates_exploratory
visual_cognitive_motivation,motor,center_EEG,independent,R0_PCA_refit,24,24,0,6,0.061953084564663786,0.009052849573602565,0.11355375695574597,EEG_nrmse,arm_better,subject_block_1000_frozen_coordinates_exploratory
visual_cognitive_motivation,motor,center_EEG,own_context,R0_PCA_refit,24,24,0,6,0.002725377316166682,-0.058934434849942575,0.06416098893409539,EEG_nrmse,arm_better,subject_block_1000_frozen_coordinates_exploratory
visual_cognitive_motivation,motor,center_EEG,ridge_cross,R0_PCA_refit,24,24,0,6,0.051681878833722085,-0.017578409336963977,0.11165409235256532,EEG_nrmse,arm_better,subject_block_1000_frozen_coordinates_exploratory
visual_cognitive_motivation,motor,center_EEG,training_template,R0_PCA_refit,24,24,0,6,-0.04133080628684747,-0.07001511227670583,-0.015742728895813435,EEG_nrmse,arm_better,subject_block_1000_frozen_coordinates_exploratory
visual_cognitive_motivation,motor,center_EEG,R0_PCA_refit,independent,24,24,0,6,-0.061953084564663786,-0.11401587364144505,-0.009268115667614896,EEG_nrmse,arm_better,subject_block_1000_frozen_coordinates_exploratory
visual_cognitive_motivation,motor,center_EEG,R1_broadband,independent,24,24,0,6,-0.052639590562524485,-0.09188381191976103,-0.01875475434731019,EEG_nrmse,arm_better,subject_block_1000_frozen_coordinates_exploratory
visual_cognitive_motivation,motor,center_EEG,R2_selected,independent,24,24,0,6,-0.03334735134446736,-0.06510506883607078,-0.012844757568793939,EEG_nrmse,arm_better,subject_block_1000_frozen_coordinates_exploratory
visual_cognitive_motivation,motor,center_EEG,R2_zero,independent,24,24,0,6,-0.05592679742584502,-0.09194017149609146,-0.02311410746107209,EEG_nrmse,arm_better,subject_block_1000_frozen_coordinates_exploratory
visual_cognitive_motivation,motor,center_EEG,own_context,independent,24,24,0,6,-0.05922770724849711,-0.09801042712808673,-0.021315580586092765,EEG_nrmse,arm_better,subject_block_1000_frozen_coordinates_exploratory
visual_cognitive_motivation,motor,center_EEG,ridge_cross,independent,24,24,0,6,-0.010271205730941696,-0.050254287336971924,0.027774394345357594,EEG_nrmse,arm_better,subject_block_1000_frozen_coordinates_exploratory
visual_cognitive_motivation,motor,center_EEG,training_template,independent,24,24,0,6,-0.10328389085151125,-0.15260963222672658,-0.05261578463350974,EEG_nrmse,arm_better,subject_block_1000_frozen_coordinates_exploratory
visual_cognitive_motivation,motor,center_EEG,R0_PCA_refit,training_template,24,24,0,6,0.04133080628684747,0.015742728895813435,0.0669188836778815,EEG_nrmse,arm_better,subject_block_1000_frozen_coordinates_exploratory
visual_cognitive_motivation,motor,center_EEG,R1_broadband,training_template,24,24,0,6,0.050644300288986775,0.01291216588675373,0.09772574806502882,EEG_nrmse,arm_better,subject_block_1000_frozen_coordinates_exploratory
visual_cognitive_motivation,motor,center_EEG,R2_selected,training_template,24,24,0,6,0.06993653950704389,0.024895218941020873,0.123242610122559,EEG_nrmse,arm_better,subject_block_1000_frozen_coordinates_exploratory
visual_cognitive_motivation,motor,center_EEG,R2_zero,training_template,24,24,0,6,0.04735709342566622,0.002859557142349829,0.09735655699675103,EEG_nrmse,arm_better,subject_block_1000_frozen_coordinates_exploratory
visual_cognitive_motivation,motor,center_EEG,independent,training_template,24,24,0,6,0.10328389085151125,0.05371834862875139,0.1525897393220977,EEG_nrmse,arm_better,subject_block_1000_frozen_coordinates_exploratory
visual_cognitive_motivation,motor,center_EEG,own_context,training_template,24,24,0,6,0.044056183603014144,-0.005588136583679762,0.09485032912027731,EEG_nrmse,arm_better,subject_block_1000_frozen_coordinates_exploratory
visual_cognitive_motivation,motor,center_EEG,ridge_cross,training_template,24,24,0,6,0.09301268512056955,0.0387372170396749,0.15574112816208185,EEG_nrmse,arm_better,subject_block_1000_frozen_coordinates_exploratory
visual_cognitive_motivation,motor,center_EEG,R0_PCA_refit,own_context,24,24,0,6,-0.002725377316166682,-0.0577134205987186,0.05905744650596114,EEG_nrmse,arm_better,subject_block_1000_frozen_coordinates_exploratory
visual_cognitive_motivation,motor,center_EEG,R1_broadband,own_context,24,24,0,6,0.0065881166859726266,-0.04394932404649695,0.06020453369412216,EEG_nrmse,arm_better,subject_block_1000_frozen_coordinates_exploratory
visual_cognitive_motivation,motor,center_EEG,R2_selected,own_context,24,24,0,6,0.025880355904029744,-0.008865321624079306,0.06744078629355262,EEG_nrmse,arm_better,subject_block_1000_frozen_coordinates_exploratory
visual_cognitive_motivation,motor,center_EEG,R2_zero,own_context,24,24,0,6,0.003300909822652081,-0.04222247548399265,0.0623635483251452,EEG_nrmse,arm_better,subject_block_1000_frozen_coordinates_exploratory
visual_cognitive_motivation,motor,center_EEG,independent,own_context,24,24,0,6,0.05922770724849711,0.02015860516300301,0.10334372435811277,EEG_nrmse,arm_better,subject_block_1000_frozen_coordinates_exploratory
visual_cognitive_motivation,motor,center_EEG,ridge_cross,own_context,24,24,0,6,0.04895650151755541,0.03975325051256525,0.060047026374109226,EEG_nrmse,arm_better,subject_block_1000_frozen_coordinates_exploratory
visual_cognitive_motivation,motor,center_EEG,training_template,own_context,24,24,0,6,-0.044056183603014144,-0.09192889385639735,0.007260037440195942,EEG_nrmse,arm_better,subject_block_1000_frozen_coordinates_exploratory
visual_cognitive_motivation,motor,center_EEG,R0_PCA_refit,ridge_cross,24,24,0,6,-0.051681878833722085,-0.11352241605694083,0.012422520970561287,EEG_nrmse,arm_better,subject_block_1000_frozen_coordinates_exploratory
visual_cognitive_motivation,motor,center_EEG,R1_broadband,ridge_cross,24,24,0,6,-0.042368384831582784,-0.0951203415867103,0.017989314731202452,EEG_nrmse,arm_better,subject_block_1000_frozen_coordinates_exploratory
visual_cognitive_motivation,motor,center_EEG,R2_selected,ridge_cross,24,24,0,6,-0.023076145613525667,-0.055114377218237205,0.02321903650485577,EEG_nrmse,arm_better,subject_block_1000_frozen_coordinates_exploratory
visual_cognitive_motivation,motor,center_EEG,R2_zero,ridge_cross,24,24,0,6,-0.04565559169490333,-0.09544946387386014,0.018749474361141116,EEG_nrmse,arm_better,subject_block_1000_frozen_coordinates_exploratory
visual_cognitive_motivation,motor,center_EEG,independent,ridge_cross,24,24,0,6,0.010271205730941696,-0.0280266112930598,0.05379085931295361,EEG_nrmse,arm_better,subject_block_1000_frozen_coordinates_exploratory
visual_cognitive_motivation,motor,center_EEG,own_context,ridge_cross,24,24,0,6,-0.04895650151755541,-0.060392693373013194,-0.03974678370835339,EEG_nrmse,arm_better,subject_block_1000_frozen_coordinates_exploratory
visual_cognitive_motivation,motor,center_EEG,training_template,ridge_cross,24,24,0,6,-0.09301268512056955,-0.15345186242144893,-0.03765464457206365,EEG_nrmse,arm_better,subject_block_1000_frozen_coordinates_exploratory
visual_cognitive_motivation,motor,full,R0_PCA_refit,R1_broadband,24,24,0,6,-0.028027871389022824,-0.06445055834340445,0.008162711423621294,EEG_nrmse,arm_better,subject_block_1000_frozen_coordinates_exploratory
visual_cognitive_motivation,motor,full,R2_selected,R1_broadband,24,24,0,6,0.024586626484015116,0.01957275465050711,0.030517495517867862,EEG_nrmse,arm_better,subject_block_1000_frozen_coordinates_exploratory
visual_cognitive_motivation,motor,full,R2_zero,R1_broadband,24,24,0,6,0.018241458065549623,0.015153951220531097,0.020897207661719906,EEG_nrmse,arm_better,subject_block_1000_frozen_coordinates_exploratory
visual_cognitive_motivation,motor,full,independent,R1_broadband,24,24,0,6,0.040668265018624285,0.026090468235857995,0.05633175257506925,EEG_nrmse,arm_better,subject_block_1000_frozen_coordinates_exploratory
visual_cognitive_motivation,motor,full,training_template,R1_broadband,24,24,0,6,-0.11116844593546833,-0.14494058006977018,-0.0820216939406937,EEG_nrmse,arm_better,subject_block_1000_frozen_coordinates_exploratory
visual_cognitive_motivation,motor,full,R1_broadband,R0_PCA_refit,24,24,0,6,0.028027871389022824,-0.006960832899601212,0.06442726213807716,EEG_nrmse,arm_better,subject_block_1000_frozen_coordinates_exploratory
visual_cognitive_motivation,motor,full,R2_selected,R0_PCA_refit,24,24,0,6,0.05261449787303794,0.016949913505333404,0.09304090995856676,EEG_nrmse,arm_better,subject_block_1000_frozen_coordinates_exploratory
visual_cognitive_motivation,motor,full,R2_zero,R0_PCA_refit,24,24,0,6,0.04626932945457244,0.013416524159440732,0.08451222200939955,EEG_nrmse,arm_better,subject_block_1000_frozen_coordinates_exploratory
visual_cognitive_motivation,motor,full,independent,R0_PCA_refit,24,24,0,6,0.06869613640764712,0.023021955123878193,0.12064505266787695,EEG_nrmse,arm_better,subject_block_1000_frozen_coordinates_exploratory
visual_cognitive_motivation,motor,full,training_template,R0_PCA_refit,24,24,0,6,-0.08314057454644552,-0.10607143349492189,-0.06361017056183638,EEG_nrmse,arm_better,subject_block_1000_frozen_coordinates_exploratory
visual_cognitive_motivation,motor,full,R0_PCA_refit,independent,24,24,0,6,-0.06869613640764712,-0.12064505266787694,-0.018920081140627543,EEG_nrmse,arm_better,subject_block_1000_frozen_coordinates_exploratory
visual_cognitive_motivation,motor,full,R1_broadband,independent,24,24,0,6,-0.040668265018624285,-0.055302707418699526,-0.027103117684537412,EEG_nrmse,arm_better,subject_block_1000_frozen_coordinates_exploratory
visual_cognitive_motivation,motor,full,R2_selected,independent,24,24,0,6,-0.01608163853460917,-0.026285118291021887,-0.007243057352661263,EEG_nrmse,arm_better,subject_block_1000_frozen_coordinates_exploratory
visual_cognitive_motivation,motor,full,R2_zero,independent,24,24,0,6,-0.022426806953074665,-0.03725952642347482,-0.010145730719680252,EEG_nrmse,arm_better,subject_block_1000_frozen_coordinates_exploratory
visual_cognitive_motivation,motor,full,training_template,independent,24,24,0,6,-0.15183671095409265,-0.19819628224382677,-0.108422590704894,EEG_nrmse,arm_better,subject_block_1000_frozen_coordinates_exploratory
visual_cognitive_motivation,motor,full,R0_PCA_refit,training_template,24,24,0,6,0.08314057454644552,0.061938996857551276,0.10607143349492189,EEG_nrmse,arm_better,subject_block_1000_frozen_coordinates_exploratory
visual_cognitive_motivation,motor,full,R1_broadband,training_template,24,24,0,6,0.11116844593546833,0.07956554768142651,0.14495070701240814,EEG_nrmse,arm_better,subject_block_1000_frozen_coordinates_exploratory
visual_cognitive_motivation,motor,full,R2_selected,training_template,24,24,0,6,0.13575507241948345,0.1002441288447244,0.17387662241385837,EEG_nrmse,arm_better,subject_block_1000_frozen_coordinates_exploratory
visual_cognitive_motivation,motor,full,R2_zero,training_template,24,24,0,6,0.12940990400101796,0.09637285863642037,0.16271872776433485,EEG_nrmse,arm_better,subject_block_1000_frozen_coordinates_exploratory
visual_cognitive_motivation,motor,full,independent,training_template,24,24,0,6,0.15183671095409265,0.10841478296860678,0.19954306311959785,EEG_nrmse,arm_better,subject_block_1000_frozen_coordinates_exploratory
visual_cognitive_motivation,motor,full,R0_PCA_refit,own_context,0,0,0,0,,,,EEG_nrmse,arm_better,subject_block_1000_frozen_coordinates_exploratory
visual_cognitive_motivation,motor,full,R1_broadband,own_context,0,0,0,0,,,,EEG_nrmse,arm_better,subject_block_1000_frozen_coordinates_exploratory
visual_cognitive_motivation,motor,full,R2_selected,own_context,0,0,0,0,,,,EEG_nrmse,arm_better,subject_block_1000_frozen_coordinates_exploratory
visual_cognitive_motivation,motor,full,R2_zero,own_context,0,0,0,0,,,,EEG_nrmse,arm_better,subject_block_1000_frozen_coordinates_exploratory
visual_cognitive_motivation,motor,full,independent,own_context,0,0,0,0,,,,EEG_nrmse,arm_better,subject_block_1000_frozen_coordinates_exploratory
visual_cognitive_motivation,motor,full,training_template,own_context,0,0,0,0,,,,EEG_nrmse,arm_better,subject_block_1000_frozen_coordinates_exploratory
visual_cognitive_motivation,motor,full,R0_PCA_refit,ridge_cross,0,0,0,0,,,,EEG_nrmse,arm_better,subject_block_1000_frozen_coordinates_exploratory
visual_cognitive_motivation,motor,full,R1_broadband,ridge_cross,0,0,0,0,,,,EEG_nrmse,arm_better,subject_block_1000_frozen_coordinates_exploratory
visual_cognitive_motivation,motor,full,R2_selected,ridge_cross,0,0,0,0,,,,EEG_nrmse,arm_better,subject_block_1000_frozen_coordinates_exploratory
visual_cognitive_motivation,motor,full,R2_zero,ridge_cross,0,0,0,0,,,,EEG_nrmse,arm_better,subject_block_1000_frozen_coordinates_exploratory
visual_cognitive_motivation,motor,full,independent,ridge_cross,0,0,0,0,,,,EEG_nrmse,arm_better,subject_block_1000_frozen_coordinates_exploratory
visual_cognitive_motivation,motor,full,training_template,ridge_cross,0,0,0,0,,,,EEG_nrmse,arm_better,subject_block_1000_frozen_coordinates_exploratory
visual_cognitive_motivation,posterior,EEG_channels_hidden,R0_PCA_refit,R1_broadband,24,21,3,6,0.039395428310584006,-0.03330342045633906,0.15018629029893565,EEG_nrmse,arm_better,subject_block_1000_frozen_coordinates_exploratory
visual_cognitive_motivation,posterior,EEG_channels_hidden,R2_selected,R1_broadband,24,21,3,6,0.021451392154844155,0.014754693754194418,0.02888397034548589,EEG_nrmse,arm_better,subject_block_1000_frozen_coordinates_exploratory
visual_cognitive_motivation,posterior,EEG_channels_hidden,R2_zero,R1_broadband,24,21,3,6,0.016224726899145277,0.00784604354751379,0.02540149403525127,EEG_nrmse,arm_better,subject_block_1000_frozen_coordinates_exploratory
visual_cognitive_motivation,posterior,EEG_channels_hidden,independent,R1_broadband,24,20,4,5,0.029170125714277146,0.020706090965478048,0.0387341996364584,EEG_nrmse,arm_better,subject_block_1000_frozen_coordinates_exploratory
visual_cognitive_motivation,posterior,EEG_channels_hidden,own_context,R1_broadband,24,21,3,6,0.1368475865224542,-0.1094704048844276,0.587712557636859,EEG_nrmse,arm_better,subject_block_1000_frozen_coordinates_exploratory
visual_cognitive_motivation,posterior,EEG_channels_hidden,ridge_cross,R1_broadband,24,21,3,6,0.6799870251547437,0.4115074325671542,1.143475911290076,EEG_nrmse,arm_better,subject_block_1000_frozen_coordinates_exploratory
visual_cognitive_motivation,posterior,EEG_channels_hidden,training_template,R1_broadband,24,21,3,6,0.1368475865224542,-0.10742146509158651,0.5956237745553801,EEG_nrmse,arm_better,subject_block_1000_frozen_coordinates_exploratory
visual_cognitive_motivation,posterior,EEG_channels_hidden,R1_broadband,R0_PCA_refit,24,21,3,6,-0.039395428310584006,-0.14739755050363826,0.033303420456339036,EEG_nrmse,arm_better,subject_block_1000_frozen_coordinates_exploratory
visual_cognitive_motivation,posterior,EEG_channels_hidden,R2_selected,R0_PCA_refit,24,21,3,6,-0.017944036155739848,-0.130450841417289,0.05523602223849334,EEG_nrmse,arm_better,subject_block_1000_frozen_coordinates_exploratory
visual_cognitive_motivation,posterior,EEG_channels_hidden,R2_zero,R0_PCA_refit,24,21,3,6,-0.02317070141143873,-0.14214824002427742,0.05241624714725112,EEG_nrmse,arm_better,subject_block_1000_frozen_coordinates_exploratory
visual_cognitive_motivation,posterior,EEG_channels_hidden,independent,R0_PCA_refit,24,20,4,5,0.043760069090056815,0.02465665655063326,0.061908620638638154,EEG_nrmse,arm_better,subject_block_1000_frozen_coordinates_exploratory
visual_cognitive_motivation,posterior,EEG_channels_hidden,own_context,R0_PCA_refit,24,21,3,6,0.09745215821187021,-0.08885962964613921,0.44280338112800405,EEG_nrmse,arm_better,subject_block_1000_frozen_coordinates_exploratory
visual_cognitive_motivation,posterior,EEG_channels_hidden,ridge_cross,R0_PCA_refit,24,21,3,6,0.6405915968441599,0.42621978151180945,0.9969819498750688,EEG_nrmse,arm_better,subject_block_1000_frozen_coordinates_exploratory
visual_cognitive_motivation,posterior,EEG_channels_hidden,training_template,R0_PCA_refit,24,21,3,6,0.09745215821187021,-0.09075984394500382,0.4435020919658487,EEG_nrmse,arm_better,subject_block_1000_frozen_coordinates_exploratory
visual_cognitive_motivation,posterior,EEG_channels_hidden,R0_PCA_refit,independent,24,20,4,5,-0.043760069090056815,-0.06194139647459938,-0.02465665655063326,EEG_nrmse,arm_better,subject_block_1000_frozen_coordinates_exploratory
visual_cognitive_motivation,posterior,EEG_channels_hidden,R1_broadband,independent,24,20,4,5,-0.029170125714277146,-0.03820305530883778,-0.020548060927945276,EEG_nrmse,arm_better,subject_block_1000_frozen_coordinates_exploratory
visual_cognitive_motivation,posterior,EEG_channels_hidden,R2_selected,independent,24,20,4,5,-0.0050902515858125,-0.009631524986673023,-0.0011125535510845997,EEG_nrmse,arm_better,subject_block_1000_frozen_coordinates_exploratory
visual_cognitive_motivation,posterior,EEG_channels_hidden,R2_zero,independent,24,20,4,5,-0.009213716698740937,-0.016566327984587237,-0.002667462209530208,EEG_nrmse,arm_better,subject_block_1000_frozen_coordinates_exploratory
visual_cognitive_motivation,posterior,EEG_channels_hidden,own_context,independent,24,20,4,5,-0.11714148589900115,-0.13885934693008603,-0.09337371190017274,EEG_nrmse,arm_better,subject_block_1000_frozen_coordinates_exploratory
visual_cognitive_motivation,posterior,EEG_channels_hidden,ridge_cross,independent,24,20,4,5,0.4256412960857734,0.37341574652576404,0.49694180458997883,EEG_nrmse,arm_better,subject_block_1000_frozen_coordinates_exploratory
visual_cognitive_motivation,posterior,EEG_channels_hidden,training_template,independent,24,20,4,5,-0.11714148589900115,-0.13885934693008603,-0.09337371190017274,EEG_nrmse,arm_better,subject_block_1000_frozen_coordinates_exploratory
visual_cognitive_motivation,posterior,EEG_channels_hidden,R0_PCA_refit,training_template,24,21,3,6,-0.09745215821187021,-0.44481274361079814,0.08972271822729774,EEG_nrmse,arm_better,subject_block_1000_frozen_coordinates_exploratory
visual_cognitive_motivation,posterior,EEG_channels_hidden,R1_broadband,training_template,24,21,3,6,-0.1368475865224542,-0.5956237745553802,0.1084152128718957,EEG_nrmse,arm_better,subject_block_1000_frozen_coordinates_exploratory
visual_cognitive_motivation,posterior,EEG_channels_hidden,R2_selected,training_template,24,21,3,6,-0.11539619436761005,-0.5770592652011722,0.12739960679055887,EEG_nrmse,arm_better,subject_block_1000_frozen_coordinates_exploratory
visual_cognitive_motivation,posterior,EEG_channels_hidden,R2_zero,training_template,24,21,3,6,-0.12062285962330893,-0.5845389112713965,0.12402737259753045,EEG_nrmse,arm_better,subject_block_1000_frozen_coordinates_exploratory
visual_cognitive_motivation,posterior,EEG_channels_hidden,independent,training_template,24,20,4,5,0.11714148589900115,0.09337371190017274,0.13885934693008603,EEG_nrmse,arm_better,subject_block_1000_frozen_coordinates_exploratory
visual_cognitive_motivation,posterior,EEG_channels_hidden,own_context,training_template,24,24,0,6,0.0,0.0,0.0,EEG_nrmse,arm_better,subject_block_1000_frozen_coordinates_exploratory
visual_cognitive_motivation,posterior,EEG_channels_hidden,ridge_cross,training_template,24,24,0,6,0.5377997489851514,0.5102508950824821,0.5778657869162993,EEG_nrmse,arm_better,subject_block_1000_frozen_coordinates_exploratory
visual_cognitive_motivation,posterior,EEG_channels_hidden,R0_PCA_refit,own_context,24,21,3,6,-0.09745215821187021,-0.4435166628675488,0.08971152915070296,EEG_nrmse,arm_better,subject_block_1000_frozen_coordinates_exploratory
visual_cognitive_motivation,posterior,EEG_channels_hidden,R1_broadband,own_context,24,21,3,6,-0.1368475865224542,-0.5902002415467712,0.1064287774610961,EEG_nrmse,arm_better,subject_block_1000_frozen_coordinates_exploratory
visual_cognitive_motivation,posterior,EEG_channels_hidden,R2_selected,own_context,24,21,3,6,-0.11539619436761005,-0.5716035286454069,0.12804800677006908,EEG_nrmse,arm_better,subject_block_1000_frozen_coordinates_exploratory
visual_cognitive_motivation,posterior,EEG_channels_hidden,R2_zero,own_context,24,21,3,6,-0.12062285962330893,-0.5823091948007735,0.12398648290850212,EEG_nrmse,arm_better,subject_block_1000_frozen_coordinates_exploratory
visual_cognitive_motivation,posterior,EEG_channels_hidden,independent,own_context,24,20,4,5,0.11714148589900115,0.09332967914161996,0.13926203716852406,EEG_nrmse,arm_better,subject_block_1000_frozen_coordinates_exploratory
visual_cognitive_motivation,posterior,EEG_channels_hidden,ridge_cross,own_context,24,24,0,6,0.5377997489851514,0.5092649482037367,0.5791956299076118,EEG_nrmse,arm_better,subject_block_1000_frozen_coordinates_exploratory
visual_cognitive_motivation,posterior,EEG_channels_hidden,training_template,own_context,24,24,0,6,0.0,0.0,0.0,EEG_nrmse,arm_better,subject_block_1000_frozen_coordinates_exploratory
visual_cognitive_motivation,posterior,EEG_channels_hidden,R0_PCA_refit,ridge_cross,24,21,3,6,-0.6405915968441599,-0.9860339126437626,-0.42900436782693235,EEG_nrmse,arm_better,subject_block_1000_frozen_coordinates_exploratory
visual_cognitive_motivation,posterior,EEG_channels_hidden,R1_broadband,ridge_cross,24,21,3,6,-0.6799870251547437,-1.1381675313760282,-0.4151304450487355,EEG_nrmse,arm_better,subject_block_1000_frozen_coordinates_exploratory
visual_cognitive_motivation,posterior,EEG_channels_hidden,R2_selected,ridge_cross,24,21,3,6,-0.6585356329998997,-1.1204033379283234,-0.3913610282104883,EEG_nrmse,arm_better,subject_block_1000_frozen_coordinates_exploratory
visual_cognitive_motivation,posterior,EEG_channels_hidden,R2_zero,ridge_cross,24,21,3,6,-0.6637622982555986,-1.135259947267619,-0.3935280268894612,EEG_nrmse,arm_better,subject_block_1000_frozen_coordinates_exploratory
visual_cognitive_motivation,posterior,EEG_channels_hidden,independent,ridge_cross,24,20,4,5,-0.4256412960857734,-0.4969457241925532,-0.37325896242279,EEG_nrmse,arm_better,subject_block_1000_frozen_coordinates_exploratory
visual_cognitive_motivation,posterior,EEG_channels_hidden,own_context,ridge_cross,24,24,0,6,-0.5377997489851514,-0.5788651438906993,-0.5092649482037367,EEG_nrmse,arm_better,subject_block_1000_frozen_coordinates_exploratory
visual_cognitive_motivation,posterior,EEG_channels_hidden,training_template,ridge_cross,24,24,0,6,-0.5377997489851514,-0.5792267254229202,-0.5082790013249912,EEG_nrmse,arm_better,subject_block_1000_frozen_coordinates_exploratory
visual_cognitive_motivation,posterior,center_EEG,R0_PCA_refit,R1_broadband,24,20,4,5,-0.019502061590655283,-0.05292263365321222,0.01119650384690971,EEG_nrmse,arm_better,subject_block_1000_frozen_coordinates_exploratory
visual_cognitive_motivation,posterior,center_EEG,R2_selected,R1_broadband,24,20,4,5,0.00325584346590978,-0.008671354681306549,0.016946226340920627,EEG_nrmse,arm_better,subject_block_1000_frozen_coordinates_exploratory
visual_cognitive_motivation,posterior,center_EEG,R2_zero,R1_broadband,24,20,4,5,3.987889555686075e-05,-0.006658417613607331,0.0076789484619851234,EEG_nrmse,arm_better,subject_block_1000_frozen_coordinates_exploratory
visual_cognitive_motivation,posterior,center_EEG,independent,R1_broadband,24,20,4,5,0.0024765114670126263,-0.016047041283485174,0.017006987480535002,EEG_nrmse,arm_better,subject_block_1000_frozen_coordinates_exploratory
visual_cognitive_motivation,posterior,center_EEG,own_context,R1_broadband,24,20,4,5,-0.06211071595855986,-0.10808746783501773,-0.01883533719083644,EEG_nrmse,arm_better,subject_block_1000_frozen_coordinates_exploratory
visual_cognitive_motivation,posterior,center_EEG,ridge_cross,R1_broadband,24,20,4,5,-0.020071659059542113,-0.06623083259332094,0.025700325616040097,EEG_nrmse,arm_better,subject_block_1000_frozen_coordinates_exploratory
visual_cognitive_motivation,posterior,center_EEG,training_template,R1_broadband,24,20,4,5,-0.05053361315167497,-0.07225149451562765,-0.021652620564623054,EEG_nrmse,arm_better,subject_block_1000_frozen_coordinates_exploratory
visual_cognitive_motivation,posterior,center_EEG,R1_broadband,R0_PCA_refit,24,20,4,5,0.019502061590655283,-0.010146573372132796,0.0553690394434627,EEG_nrmse,arm_better,subject_block_1000_frozen_coordinates_exploratory
visual_cognitive_motivation,posterior,center_EEG,R2_selected,R0_PCA_refit,24,20,4,5,0.022757905056565064,-0.013123789156504206,0.058639599269634336,EEG_nrmse,arm_better,subject_block_1000_frozen_coordinates_exploratory
visual_cognitive_motivation,posterior,center_EEG,R2_zero,R0_PCA_refit,24,20,4,5,0.019541940486212144,-0.012926553724681045,0.05201043469710533,EEG_nrmse,arm_better,subject_block_1000_frozen_coordinates_exploratory
visual_cognitive_motivation,posterior,center_EEG,independent,R0_PCA_refit,24,20,4,5,0.02197857305766791,-0.01956888085469554,0.061874902143438916,EEG_nrmse,arm_better,subject_block_1000_frozen_coordinates_exploratory
visual_cognitive_motivation,posterior,center_EEG,own_context,R0_PCA_refit,24,21,3,6,-0.019675794422823578,-0.07737029061525334,0.03974515108788522,EEG_nrmse,arm_better,subject_block_1000_frozen_coordinates_exploratory
visual_cognitive_motivation,posterior,center_EEG,ridge_cross,R0_PCA_refit,24,21,3,6,0.025704284101168595,-0.034583594419006894,0.09002147841604136,EEG_nrmse,arm_better,subject_block_1000_frozen_coordinates_exploratory
visual_cognitive_motivation,posterior,center_EEG,training_template,R0_PCA_refit,24,21,3,6,0.03187754498445129,-0.04532104436205509,0.16277310871444994,EEG_nrmse,arm_better,subject_block_1000_frozen_coordinates_exploratory
visual_cognitive_motivation,posterior,center_EEG,R0_PCA_refit,independent,24,20,4,5,-0.02197857305766791,-0.05988609802471627,0.014266651446518031,EEG_nrmse,arm_better,subject_block_1000_frozen_coordinates_exploratory
visual_cognitive_motivation,posterior,center_EEG,R1_broadband,independent,24,20,4,5,-0.0024765114670126263,-0.017140804473470096,0.017269165412597032,EEG_nrmse,arm_better,subject_block_1000_frozen_coordinates_exploratory
visual_cognitive_motivation,posterior,center_EEG,R2_selected,independent,24,20,4,5,0.0007793319988971537,-0.010336299540155353,0.01189496353794966,EEG_nrmse,arm_better,subject_block_1000_frozen_coordinates_exploratory
visual_cognitive_motivation,posterior,center_EEG,R2_zero,independent,24,20,4,5,-0.0024366325714557657,-0.017307567970588005,0.013615090778490296,EEG_nrmse,arm_better,subject_block_1000_frozen_coordinates_exploratory
visual_cognitive_motivation,posterior,center_EEG,own_context,independent,24,20,4,5,-0.06458722742557248,-0.11731801987805765,-0.014846968892471564,EEG_nrmse,arm_better,subject_block_1000_frozen_coordinates_exploratory
visual_cognitive_motivation,posterior,center_EEG,ridge_cross,independent,24,20,4,5,-0.02254817052655474,-0.0740487531974526,0.028439015015114755,EEG_nrmse,arm_better,subject_block_1000_frozen_coordinates_exploratory
visual_cognitive_motivation,posterior,center_EEG,training_template,independent,24,20,4,5,-0.05301012461868761,-0.0817815687711157,-0.005175622430095445,EEG_nrmse,arm_better,subject_block_1000_frozen_coordinates_exploratory
visual_cognitive_motivation,posterior,center_EEG,R0_PCA_refit,training_template,24,21,3,6,-0.03187754498445129,-0.1653235925874542,0.04693232645155312,EEG_nrmse,arm_better,subject_block_1000_frozen_coordinates_exploratory
visual_cognitive_motivation,posterior,center_EEG,R1_broadband,training_template,24,20,4,5,0.05053361315167497,0.02257860483562757,0.0737432916890998,EEG_nrmse,arm_better,subject_block_1000_frozen_coordinates_exploratory
visual_cognitive_motivation,posterior,center_EEG,R2_selected,training_template,24,20,4,5,0.05378945661758476,0.011371270889853314,0.08660758838124248,EEG_nrmse,arm_better,subject_block_1000_frozen_coordinates_exploratory
visual_cognitive_motivation,posterior,center_EEG,R2_zero,training_template,24,20,4,5,0.05057349204723184,0.01879071320858574,0.0793532288570963,EEG_nrmse,arm_better,subject_block_1000_frozen_coordinates_exploratory
visual_cognitive_motivation,posterior,center_EEG,independent,training_template,24,20,4,5,0.05301012461868761,0.007443941203526022,0.0825116331980986,EEG_nrmse,arm_better,subject_block_1000_frozen_coordinates_exploratory
visual_cognitive_motivation,posterior,center_EEG,own_context,training_template,24,24,0,6,-0.018074779477272738,-0.05187341036752156,0.01754557237818614,EEG_nrmse,arm_better,subject_block_1000_frozen_coordinates_exploratory
visual_cognitive_motivation,posterior,center_EEG,ridge_cross,training_template,24,24,0,6,0.0054905274246710946,-0.04966232724879995,0.05964241624243142,EEG_nrmse,arm_better,subject_block_1000_frozen_coordinates_exploratory
visual_cognitive_motivation,posterior,center_EEG,R0_PCA_refit,own_context,24,21,3,6,0.019675794422823578,-0.040633534984670705,0.07820835603674689,EEG_nrmse,arm_better,subject_block_1000_frozen_coordinates_exploratory
visual_cognitive_motivation,posterior,center_EEG,R1_broadband,own_context,24,20,4,5,0.06211071595855986,0.018835606968157927,0.10809521187427987,EEG_nrmse,arm_better,subject_block_1000_frozen_coordinates_exploratory
visual_cognitive_motivation,posterior,center_EEG,R2_selected,own_context,24,20,4,5,0.06536655942446964,0.01434361605809894,0.11638950279084033,EEG_nrmse,arm_better,subject_block_1000_frozen_coordinates_exploratory
visual_cognitive_motivation,posterior,center_EEG,R2_zero,own_context,24,20,4,5,0.06215059485411671,0.013405573662605003,0.11121284395823143,EEG_nrmse,arm_better,subject_block_1000_frozen_coordinates_exploratory
visual_cognitive_motivation,posterior,center_EEG,independent,own_context,24,20,4,5,0.06458722742557248,0.014856250835977147,0.11731801987805768,EEG_nrmse,arm_better,subject_block_1000_frozen_coordinates_exploratory
visual_cognitive_motivation,posterior,center_EEG,ridge_cross,own_context,24,24,0,6,0.023565306901943833,-0.014023659040440622,0.045137274317706096,EEG_nrmse,arm_better,subject_block_1000_frozen_coordinates_exploratory
visual_cognitive_motivation,posterior,center_EEG,training_template,own_context,24,24,0,6,0.018074779477272738,-0.01941135465304079,0.05265036049723717,EEG_nrmse,arm_better,subject_block_1000_frozen_coordinates_exploratory
visual_cognitive_motivation,posterior,center_EEG,R0_PCA_refit,ridge_cross,24,21,3,6,-0.025704284101168595,-0.08873443268088183,0.03514135485190476,EEG_nrmse,arm_better,subject_block_1000_frozen_coordinates_exploratory
visual_cognitive_motivation,posterior,center_EEG,R1_broadband,ridge_cross,24,20,4,5,0.020071659059542113,-0.025992050962136026,0.06997595428447868,EEG_nrmse,arm_better,subject_block_1000_frozen_coordinates_exploratory
visual_cognitive_motivation,posterior,center_EEG,R2_selected,ridge_cross,24,20,4,5,0.023327502525451894,-0.028229587640308685,0.07484125391947169,EEG_nrmse,arm_better,subject_block_1000_frozen_coordinates_exploratory
visual_cognitive_motivation,posterior,center_EEG,R2_zero,ridge_cross,24,20,4,5,0.020111537955098974,-0.029674004088904537,0.06993257075767378,EEG_nrmse,arm_better,subject_block_1000_frozen_coordinates_exploratory
visual_cognitive_motivation,posterior,center_EEG,independent,ridge_cross,24,20,4,5,0.02254817052655474,-0.02895241214434312,0.07404875319745259,EEG_nrmse,arm_better,subject_block_1000_frozen_coordinates_exploratory
visual_cognitive_motivation,posterior,center_EEG,own_context,ridge_cross,24,24,0,6,-0.023565306901943833,-0.04579511970066404,0.014721446347121886,EEG_nrmse,arm_better,subject_block_1000_frozen_coordinates_exploratory
visual_cognitive_motivation,posterior,center_EEG,training_template,ridge_cross,24,24,0,6,-0.0054905274246710946,-0.060330354154624344,0.05142004251690067,EEG_nrmse,arm_better,subject_block_1000_frozen_coordinates_exploratory
visual_cognitive_motivation,posterior,full,R0_PCA_refit,R1_broadband,24,21,3,6,0.006364788911571856,-0.03275601524969895,0.04834195368071964,EEG_nrmse,arm_better,subject_block_1000_frozen_coordinates_exploratory
visual_cognitive_motivation,posterior,full,R2_selected,R1_broadband,24,20,4,5,0.027654649083090187,0.021633079968953306,0.03487577130621322,EEG_nrmse,arm_better,subject_block_1000_frozen_coordinates_exploratory
visual_cognitive_motivation,posterior,full,R2_zero,R1_broadband,24,21,3,6,0.022628757908972192,0.01671650128627957,0.02993941129586779,EEG_nrmse,arm_better,subject_block_1000_frozen_coordinates_exploratory
visual_cognitive_motivation,posterior,full,independent,R1_broadband,24,20,4,5,0.03272423342694463,0.023959530985686383,0.04197031304556108,EEG_nrmse,arm_better,subject_block_1000_frozen_coordinates_exploratory
visual_cognitive_motivation,posterior,full,training_template,R1_broadband,24,21,3,6,0.05282760724244826,-0.11529188783244648,0.3563818430762474,EEG_nrmse,arm_better,subject_block_1000_frozen_coordinates_exploratory
visual_cognitive_motivation,posterior,full,R1_broadband,R0_PCA_refit,24,21,3,6,-0.006364788911571856,-0.049366633752636724,0.0313704279130145,EEG_nrmse,arm_better,subject_block_1000_frozen_coordinates_exploratory
visual_cognitive_motivation,posterior,full,R2_selected,R0_PCA_refit,24,20,4,5,0.039944858708805854,0.013732112866898644,0.06467307248103422,EEG_nrmse,arm_better,subject_block_1000_frozen_coordinates_exploratory
visual_cognitive_motivation,posterior,full,R2_zero,R0_PCA_refit,24,21,3,6,0.016263968997400336,-0.028732142306966673,0.051255172610470676,EEG_nrmse,arm_better,subject_block_1000_frozen_coordinates_exploratory
visual_cognitive_motivation,posterior,full,independent,R0_PCA_refit,24,20,4,5,0.045014443052660294,0.024210043484132398,0.06655976423845014,EEG_nrmse,arm_better,subject_block_1000_frozen_coordinates_exploratory
visual_cognitive_motivation,posterior,full,training_template,R0_PCA_refit,24,21,3,6,0.0464628183308764,-0.09812402290738798,0.3101652820072666,EEG_nrmse,arm_better,subject_block_1000_frozen_coordinates_exploratory
visual_cognitive_motivation,posterior,full,R0_PCA_refit,independent,24,20,4,5,-0.045014443052660294,-0.0658188426211882,-0.02394646333153867,EEG_nrmse,arm_better,subject_block_1000_frozen_coordinates_exploratory
visual_cognitive_motivation,posterior,full,R1_broadband,independent,24,20,4,5,-0.03272423342694463,-0.041410593525246044,-0.023975093470156427,EEG_nrmse,arm_better,subject_block_1000_frozen_coordinates_exploratory
visual_cognitive_motivation,posterior,full,R2_selected,independent,24,20,4,5,-0.005069584343854444,-0.010255731515027866,-0.0011457701401539678,EEG_nrmse,arm_better,subject_block_1000_frozen_coordinates_exploratory
visual_cognitive_motivation,posterior,full,R2_zero,independent,24,20,4,5,-0.008220897382503884,-0.015018294079772732,-0.002329428912044934,EEG_nrmse,arm_better,subject_block_1000_frozen_coordinates_exploratory
visual_cognitive_motivation,posterior,full,training_template,independent,24,20,4,5,-0.12881817492303607,-0.15033522277492198,-0.10305317134658845,EEG_nrmse,arm_better,subject_block_1000_frozen_coordinates_exploratory
visual_cognitive_motivation,posterior,full,R0_PCA_refit,training_template,24,21,3,6,-0.0464628183308764,-0.3101257072591399,0.1004692056567044,EEG_nrmse,arm_better,subject_block_1000_frozen_coordinates_exploratory
visual_cognitive_motivation,posterior,full,R1_broadband,training_template,24,21,3,6,-0.05282760724244826,-0.3537447347661655,0.11553954003015712,EEG_nrmse,arm_better,subject_block_1000_frozen_coordinates_exploratory
visual_cognitive_motivation,posterior,full,R2_selected,training_template,24,20,4,5,0.12374859057918161,0.10005846290302671,0.14812536900937898,EEG_nrmse,arm_better,subject_block_1000_frozen_coordinates_exploratory
visual_cognitive_motivation,posterior,full,R2_zero,training_template,24,21,3,6,-0.03019884933347607,-0.3343691680935981,0.1368498106275318,EEG_nrmse,arm_better,subject_block_1000_frozen_coordinates_exploratory
visual_cognitive_motivation,posterior,full,independent,training_template,24,20,4,5,0.12881817492303607,0.10730112707115014,0.15033522277492198,EEG_nrmse,arm_better,subject_block_1000_frozen_coordinates_exploratory
visual_cognitive_motivation,posterior,full,R0_PCA_refit,own_context,0,0,0,0,,,,EEG_nrmse,arm_better,subject_block_1000_frozen_coordinates_exploratory
visual_cognitive_motivation,posterior,full,R1_broadband,own_context,0,0,0,0,,,,EEG_nrmse,arm_better,subject_block_1000_frozen_coordinates_exploratory
visual_cognitive_motivation,posterior,full,R2_selected,own_context,0,0,0,0,,,,EEG_nrmse,arm_better,subject_block_1000_frozen_coordinates_exploratory
visual_cognitive_motivation,posterior,full,R2_zero,own_context,0,0,0,0,,,,EEG_nrmse,arm_better,subject_block_1000_frozen_coordinates_exploratory
visual_cognitive_motivation,posterior,full,independent,own_context,0,0,0,0,,,,EEG_nrmse,arm_better,subject_block_1000_frozen_coordinates_exploratory
visual_cognitive_motivation,posterior,full,training_template,own_context,0,0,0,0,,,,EEG_nrmse,arm_better,subject_block_1000_frozen_coordinates_exploratory
visual_cognitive_motivation,posterior,full,R0_PCA_refit,ridge_cross,0,0,0,0,,,,EEG_nrmse,arm_better,subject_block_1000_frozen_coordinates_exploratory
visual_cognitive_motivation,posterior,full,R1_broadband,ridge_cross,0,0,0,0,,,,EEG_nrmse,arm_better,subject_block_1000_frozen_coordinates_exploratory
visual_cognitive_motivation,posterior,full,R2_selected,ridge_cross,0,0,0,0,,,,EEG_nrmse,arm_better,subject_block_1000_frozen_coordinates_exploratory
visual_cognitive_motivation,posterior,full,R2_zero,ridge_cross,0,0,0,0,,,,EEG_nrmse,arm_better,subject_block_1000_frozen_coordinates_exploratory
visual_cognitive_motivation,posterior,full,independent,ridge_cross,0,0,0,0,,,,EEG_nrmse,arm_better,subject_block_1000_frozen_coordinates_exploratory
visual_cognitive_motivation,posterior,full,training_template,ridge_cross,0,0,0,0,,,,EEG_nrmse,arm_better,subject_block_1000_frozen_coordinates_exploratory
visual_cognitive_motivation,prefrontal,EEG_channels_hidden,R0_PCA_refit,R1_broadband,24,24,0,6,-0.025818705528875868,-0.06418047737025678,0.010494796586560917,EEG_nrmse,arm_better,subject_block_1000_frozen_coordinates_exploratory
visual_cognitive_motivation,prefrontal,EEG_channels_hidden,R2_selected,R1_broadband,24,24,0,6,0.01117853779855102,0.006165279035602707,0.015606503186122047,EEG_nrmse,arm_better,subject_block_1000_frozen_coordinates_exploratory
visual_cognitive_motivation,prefrontal,EEG_channels_hidden,R2_zero,R1_broadband,24,24,0,6,0.0061476666609964715,0.002737281900524108,0.009270815057463948,EEG_nrmse,arm_better,subject_block_1000_frozen_coordinates_exploratory
visual_cognitive_motivation,prefrontal,EEG_channels_hidden,independent,R1_broadband,24,24,0,6,0.03859264374185998,0.019113589411455415,0.0619366959352826,EEG_nrmse,arm_better,subject_block_1000_frozen_coordinates_exploratory
visual_cognitive_motivation,prefrontal,EEG_channels_hidden,own_context,R1_broadband,24,24,0,6,-0.09200330113409859,-0.12791219096643125,-0.051338751522992714,EEG_nrmse,arm_better,subject_block_1000_frozen_coordinates_exploratory
visual_cognitive_motivation,prefrontal,EEG_channels_hidden,ridge_cross,R1_broadband,24,24,0,6,0.18522087500018936,0.14731168079916573,0.22599401997307908,EEG_nrmse,arm_better,subject_block_1000_frozen_coordinates_exploratory
visual_cognitive_motivation,prefrontal,EEG_channels_hidden,training_template,R1_broadband,24,24,0,6,-0.09200330113409859,-0.13047946898545476,-0.05092487744889676,EEG_nrmse,arm_better,subject_block_1000_frozen_coordinates_exploratory
visual_cognitive_motivation,prefrontal,EEG_channels_hidden,R1_broadband,R0_PCA_refit,24,24,0,6,0.025818705528875868,-0.010512022362306986,0.06133773724336241,EEG_nrmse,arm_better,subject_block_1000_frozen_coordinates_exploratory
visual_cognitive_motivation,prefrontal,EEG_channels_hidden,R2_selected,R0_PCA_refit,24,24,0,6,0.03699724332742688,-0.0019606621111529963,0.07550094256861996,EEG_nrmse,arm_better,subject_block_1000_frozen_coordinates_exploratory
visual_cognitive_motivation,prefrontal,EEG_channels_hidden,R2_zero,R0_PCA_refit,24,24,0,6,0.03196637218987234,-0.0025739086695560124,0.07171060342638723,EEG_nrmse,arm_better,subject_block_1000_frozen_coordinates_exploratory
visual_cognitive_motivation,prefrontal,EEG_channels_hidden,independent,R0_PCA_refit,24,24,0,6,0.06441134927073584,0.017836687097041108,0.11568788000141478,EEG_nrmse,arm_better,subject_block_1000_frozen_coordinates_exploratory
visual_cognitive_motivation,prefrontal,EEG_channels_hidden,own_context,R0_PCA_refit,24,24,0,6,-0.06618459560522272,-0.08332948560868418,-0.04949452774465701,EEG_nrmse,arm_better,subject_block_1000_frozen_coordinates_exploratory
visual_cognitive_motivation,prefrontal,EEG_channels_hidden,ridge_cross,R0_PCA_refit,24,24,0,6,0.21103958052906524,0.15946762209359702,0.262712239003213,EEG_nrmse,arm_better,subject_block_1000_frozen_coordinates_exploratory
visual_cognitive_motivation,prefrontal,EEG_channels_hidden,training_template,R0_PCA_refit,24,24,0,6,-0.06618459560522272,-0.08255647237889241,-0.04725243394119163,EEG_nrmse,arm_better,subject_block_1000_frozen_coordinates_exploratory
visual_cognitive_motivation,prefrontal,EEG_channels_hidden,R0_PCA_refit,independent,24,24,0,6,-0.06441134927073584,-0.11459033374426132,-0.009816947155960987,EEG_nrmse,arm_better,subject_block_1000_frozen_coordinates_exploratory
visual_cognitive_motivation,prefrontal,EEG_channels_hidden,R1_broadband,independent,24,24,0,6,-0.03859264374185998,-0.06388278691653212,-0.019374426733652278,EEG_nrmse,arm_better,subject_block_1000_frozen_coordinates_exploratory
visual_cognitive_motivation,prefrontal,EEG_channels_hidden,R2_selected,independent,24,24,0,6,-0.027414105943308956,-0.04666157346470249,-0.011909338201198846,EEG_nrmse,arm_better,subject_block_1000_frozen_coordinates_exploratory
visual_cognitive_motivation,prefrontal,EEG_channels_hidden,R2_zero,independent,24,24,0,6,-0.0324449770808635,-0.05276847704135498,-0.015396413126655198,EEG_nrmse,arm_better,subject_block_1000_frozen_coordinates_exploratory
visual_cognitive_motivation,prefrontal,EEG_channels_hidden,own_context,independent,24,24,0,6,-0.13059594487595858,-0.17620107563800758,-0.08436044131149202,EEG_nrmse,arm_better,subject_block_1000_frozen_coordinates_exploratory
visual_cognitive_motivation,prefrontal,EEG_channels_hidden,ridge_cross,independent,24,24,0,6,0.14662823125832938,0.11968942659276206,0.1774336385582981,EEG_nrmse,arm_better,subject_block_1000_frozen_coordinates_exploratory
visual_cognitive_motivation,prefrontal,EEG_channels_hidden,training_template,independent,24,24,0,6,-0.13059594487595858,-0.17619708780417473,-0.08487473666744193,EEG_nrmse,arm_better,subject_block_1000_frozen_coordinates_exploratory
visual_cognitive_motivation,prefrontal,EEG_channels_hidden,R0_PCA_refit,training_template,24,24,0,6,0.06618459560522272,0.048289260713516434,0.08184469960377921,EEG_nrmse,arm_better,subject_block_1000_frozen_coordinates_exploratory
visual_cognitive_motivation,prefrontal,EEG_channels_hidden,R1_broadband,training_template,24,24,0,6,0.09200330113409859,0.049255615424710124,0.12998774994051568,EEG_nrmse,arm_better,subject_block_1000_frozen_coordinates_exploratory
visual_cognitive_motivation,prefrontal,EEG_channels_hidden,R2_selected,training_template,24,24,0,6,0.10318183893264961,0.06252702141289523,0.1406616617310537,EEG_nrmse,arm_better,subject_block_1000_frozen_coordinates_exploratory
visual_cognitive_motivation,prefrontal,EEG_channels_hidden,R2_zero,training_template,24,24,0,6,0.09815096779509506,0.059971887462995366,0.1330277538315561,EEG_nrmse,arm_better,subject_block_1000_frozen_coordinates_exploratory
visual_cognitive_motivation,prefrontal,EEG_channels_hidden,independent,training_template,24,24,0,6,0.13059594487595858,0.08433385062237557,0.17619708780417465,EEG_nrmse,arm_better,subject_block_1000_frozen_coordinates_exploratory
visual_cognitive_motivation,prefrontal,EEG_channels_hidden,own_context,training_template,24,24,0,6,0.0,0.0,0.0,EEG_nrmse,arm_better,subject_block_1000_frozen_coordinates_exploratory
visual_cognitive_motivation,prefrontal,EEG_channels_hidden,ridge_cross,training_template,24,24,0,6,0.27722417613428796,0.23424018265465904,0.32049591242070813,EEG_nrmse,arm_better,subject_block_1000_frozen_coordinates_exploratory
visual_cognitive_motivation,prefrontal,EEG_channels_hidden,R0_PCA_refit,own_context,24,24,0,6,0.06618459560522272,0.04725243394119163,0.0825499251705275,EEG_nrmse,arm_better,subject_block_1000_frozen_coordinates_exploratory
visual_cognitive_motivation,prefrontal,EEG_channels_hidden,R1_broadband,own_context,24,24,0,6,0.09200330113409859,0.05610198842596407,0.1279046138422331,EEG_nrmse,arm_better,subject_block_1000_frozen_coordinates_exploratory
visual_cognitive_motivation,prefrontal,EEG_channels_hidden,R2_selected,own_context,24,24,0,6,0.10318183893264961,0.06239323529001071,0.14013003400212132,EEG_nrmse,arm_better,subject_block_1000_frozen_coordinates_exploratory
visual_cognitive_motivation,prefrontal,EEG_channels_hidden,R2_zero,own_context,24,24,0,6,0.09815096779509506,0.05796153432883294,0.13626226804016978,EEG_nrmse,arm_better,subject_block_1000_frozen_coordinates_exploratory
visual_cognitive_motivation,prefrontal,EEG_channels_hidden,independent,own_context,24,24,0,6,0.13059594487595858,0.08329681374683302,0.1778950760050841,EEG_nrmse,arm_better,subject_block_1000_frozen_coordinates_exploratory
visual_cognitive_motivation,prefrontal,EEG_channels_hidden,ridge_cross,own_context,24,24,0,6,0.27722417613428796,0.23434828080383033,0.3245946567489044,EEG_nrmse,arm_better,subject_block_1000_frozen_coordinates_exploratory
visual_cognitive_motivation,prefrontal,EEG_channels_hidden,training_template,own_context,24,24,0,6,0.0,0.0,0.0,EEG_nrmse,arm_better,subject_block_1000_frozen_coordinates_exploratory
visual_cognitive_motivation,prefrontal,EEG_channels_hidden,R0_PCA_refit,ridge_cross,24,24,0,6,-0.21103958052906524,-0.262712239003213,-0.16328678024241736,EEG_nrmse,arm_better,subject_block_1000_frozen_coordinates_exploratory
visual_cognitive_motivation,prefrontal,EEG_channels_hidden,R1_broadband,ridge_cross,24,24,0,6,-0.18522087500018936,-0.22719359839608066,-0.14780365854731847,EEG_nrmse,arm_better,subject_block_1000_frozen_coordinates_exploratory
visual_cognitive_motivation,prefrontal,EEG_channels_hidden,R2_selected,ridge_cross,24,24,0,6,-0.17404233720163834,-0.21181118671491503,-0.1406692397364088,EEG_nrmse,arm_better,subject_block_1000_frozen_coordinates_exploratory
visual_cognitive_motivation,prefrontal,EEG_channels_hidden,R2_zero,ridge_cross,24,24,0,6,-0.1790732083391929,-0.21846739242637955,-0.14266941202940653,EEG_nrmse,arm_better,subject_block_1000_frozen_coordinates_exploratory
visual_cognitive_motivation,prefrontal,EEG_channels_hidden,independent,ridge_cross,24,24,0,6,-0.14662823125832938,-0.1788326341097485,-0.11814406512551386,EEG_nrmse,arm_better,subject_block_1000_frozen_coordinates_exploratory
visual_cognitive_motivation,prefrontal,EEG_channels_hidden,own_context,ridge_cross,24,24,0,6,-0.27722417613428796,-0.3204415148512943,-0.23421927883612392,EEG_nrmse,arm_better,subject_block_1000_frozen_coordinates_exploratory
visual_cognitive_motivation,prefrontal,EEG_channels_hidden,training_template,ridge_cross,24,24,0,6,-0.27722417613428796,-0.3204415148512943,-0.23435105255124497,EEG_nrmse,arm_better,subject_block_1000_frozen_coordinates_exploratory
visual_cognitive_motivation,prefrontal,center_EEG,R0_PCA_refit,R1_broadband,24,24,0,6,0.03338090997196398,-0.03147517941658347,0.0974299681473143,EEG_nrmse,arm_better,subject_block_1000_frozen_coordinates_exploratory
visual_cognitive_motivation,prefrontal,center_EEG,R2_selected,R1_broadband,24,24,0,6,0.023399589842279755,-0.0017414257811281164,0.048366670401958196,EEG_nrmse,arm_better,subject_block_1000_frozen_coordinates_exploratory
visual_cognitive_motivation,prefrontal,center_EEG,R2_zero,R1_broadband,24,24,0,6,0.00043106747027996106,-0.0041958537705177506,0.006175947167498831,EEG_nrmse,arm_better,subject_block_1000_frozen_coordinates_exploratory
visual_cognitive_motivation,prefrontal,center_EEG,independent,R1_broadband,24,24,0,6,0.10721699787749595,0.024624846705613962,0.21937858666469304,EEG_nrmse,arm_better,subject_block_1000_frozen_coordinates_exploratory
visual_cognitive_motivation,prefrontal,center_EEG,own_context,R1_broadband,24,24,0,6,0.04107272143982372,-0.04534864807868061,0.17584215430469496,EEG_nrmse,arm_better,subject_block_1000_frozen_coordinates_exploratory
visual_cognitive_motivation,prefrontal,center_EEG,ridge_cross,R1_broadband,24,24,0,6,0.09676229223919926,0.0003758639251164349,0.23733825989705623,EEG_nrmse,arm_better,subject_block_1000_frozen_coordinates_exploratory
visual_cognitive_motivation,prefrontal,center_EEG,training_template,R1_broadband,24,24,0,6,0.009451019055832297,-0.07682170000531839,0.10481417487012068,EEG_nrmse,arm_better,subject_block_1000_frozen_coordinates_exploratory
visual_cognitive_motivation,prefrontal,center_EEG,R1_broadband,R0_PCA_refit,24,24,0,6,-0.03338090997196398,-0.09663698649569054,0.0231785230918918,EEG_nrmse,arm_better,subject_block_1000_frozen_coordinates_exploratory
visual_cognitive_motivation,prefrontal,center_EEG,R2_selected,R0_PCA_refit,24,24,0,6,-0.009981320129684229,-0.0549588963757861,0.033193912628295665,EEG_nrmse,arm_better,subject_block_1000_frozen_coordinates_exploratory
visual_cognitive_motivation,prefrontal,center_EEG,R2_zero,R0_PCA_refit,24,24,0,6,-0.03294984250168402,-0.08618782136112772,0.03034647419343611,EEG_nrmse,arm_better,subject_block_1000_frozen_coordinates_exploratory
visual_cognitive_motivation,prefrontal,center_EEG,independent,R0_PCA_refit,24,24,0,6,0.07383608790553198,0.010553781831582695,0.14471394150066064,EEG_nrmse,arm_better,subject_block_1000_frozen_coordinates_exploratory
visual_cognitive_motivation,prefrontal,center_EEG,own_context,R0_PCA_refit,24,24,0,6,0.0076918114678597395,-0.0687779391710143,0.10532057015104053,EEG_nrmse,arm_better,subject_block_1000_frozen_coordinates_exploratory
visual_cognitive_motivation,prefrontal,center_EEG,ridge_cross,R0_PCA_refit,24,24,0,6,0.06338138226723529,-0.010167877495618741,0.1676321207603059,EEG_nrmse,arm_better,subject_block_1000_frozen_coordinates_exploratory
visual_cognitive_motivation,prefrontal,center_EEG,training_template,R0_PCA_refit,24,24,0,6,-0.023929890916131683,-0.05578226300365412,0.008330315663315947,EEG_nrmse,arm_better,subject_block_1000_frozen_coordinates_exploratory
visual_cognitive_motivation,prefrontal,center_EEG,R0_PCA_refit,independent,24,24,0,6,-0.07383608790553198,-0.15256167851199318,-0.008902537065599143,EEG_nrmse,arm_better,subject_block_1000_frozen_coordinates_exploratory
visual_cognitive_motivation,prefrontal,center_EEG,R1_broadband,independent,24,24,0,6,-0.10721699787749595,-0.22961336546764874,-0.025899777253070504,EEG_nrmse,arm_better,subject_block_1000_frozen_coordinates_exploratory
visual_cognitive_motivation,prefrontal,center_EEG,R2_selected,independent,24,24,0,6,-0.0838174080352162,-0.17355621480945102,-0.022653310398322066,EEG_nrmse,arm_better,subject_block_1000_frozen_coordinates_exploratory
visual_cognitive_motivation,prefrontal,center_EEG,R2_zero,independent,24,24,0,6,-0.106785930407216,-0.21167511039791442,-0.03059589413998558,EEG_nrmse,arm_better,subject_block_1000_frozen_coordinates_exploratory
visual_cognitive_motivation,prefrontal,center_EEG,own_context,independent,24,24,0,6,-0.06614427643767223,-0.09401302160349967,-0.03827553127184478,EEG_nrmse,arm_better,subject_block_1000_frozen_coordinates_exploratory
visual_cognitive_motivation,prefrontal,center_EEG,ridge_cross,independent,24,24,0,6,-0.01045470563829668,-0.03793330579134716,0.017587449704976648,EEG_nrmse,arm_better,subject_block_1000_frozen_coordinates_exploratory
visual_cognitive_motivation,prefrontal,center_EEG,training_template,independent,24,24,0,6,-0.09776597882166366,-0.1541336899120488,-0.04041563273790414,EEG_nrmse,arm_better,subject_block_1000_frozen_coordinates_exploratory
visual_cognitive_motivation,prefrontal,center_EEG,R0_PCA_refit,training_template,24,24,0,6,0.023929890916131683,-0.009559761162060323,0.05420843060327051,EEG_nrmse,arm_better,subject_block_1000_frozen_coordinates_exploratory
visual_cognitive_motivation,prefrontal,center_EEG,R1_broadband,training_template,24,24,0,6,-0.009451019055832297,-0.09803711556612987,0.07625140317990915,EEG_nrmse,arm_better,subject_block_1000_frozen_coordinates_exploratory
visual_cognitive_motivation,prefrontal,center_EEG,R2_selected,training_template,24,24,0,6,0.013948570786447456,-0.05644750446816249,0.08065416563134238,EEG_nrmse,arm_better,subject_block_1000_frozen_coordinates_exploratory
visual_cognitive_motivation,prefrontal,center_EEG,R2_zero,training_template,24,24,0,6,-0.009019951585552336,-0.09976213369835045,0.07733364179871577,EEG_nrmse,arm_better,subject_block_1000_frozen_coordinates_exploratory
visual_cognitive_motivation,prefrontal,center_EEG,independent,training_template,24,24,0,6,0.09776597882166366,0.03989875798651172,0.15443195141894955,EEG_nrmse,arm_better,subject_block_1000_frozen_coordinates_exploratory
visual_cognitive_motivation,prefrontal,center_EEG,own_context,training_template,24,24,0,6,0.031621702383991424,-0.03447311818882712,0.10503480648716639,EEG_nrmse,arm_better,subject_block_1000_frozen_coordinates_exploratory
visual_cognitive_motivation,prefrontal,center_EEG,ridge_cross,training_template,24,24,0,6,0.08731127318336697,0.014091697351319807,0.15478543157367966,EEG_nrmse,arm_better,subject_block_1000_frozen_coordinates_exploratory
visual_cognitive_motivation,prefrontal,center_EEG,R0_PCA_refit,own_context,24,24,0,6,-0.0076918114678597395,-0.09796862038766278,0.06212542403331121,EEG_nrmse,arm_better,subject_block_1000_frozen_coordinates_exploratory
visual_cognitive_motivation,prefrontal,center_EEG,R1_broadband,own_context,24,24,0,6,-0.04107272143982372,-0.17256422345846975,0.04753614075305749,EEG_nrmse,arm_better,subject_block_1000_frozen_coordinates_exploratory
visual_cognitive_motivation,prefrontal,center_EEG,R2_selected,own_context,24,24,0,6,-0.017673131597543967,-0.1273562325423132,0.05802154409515791,EEG_nrmse,arm_better,subject_block_1000_frozen_coordinates_exploratory
visual_cognitive_motivation,prefrontal,center_EEG,R2_zero,own_context,24,24,0,6,-0.04064165396954376,-0.17104886292794136,0.04816382478248347,EEG_nrmse,arm_better,subject_block_1000_frozen_coordinates_exploratory
visual_cognitive_motivation,prefrontal,center_EEG,independent,own_context,24,24,0,6,0.06614427643767223,0.03827553127184478,0.09643753295967093,EEG_nrmse,arm_better,subject_block_1000_frozen_coordinates_exploratory
visual_cognitive_motivation,prefrontal,center_EEG,ridge_cross,own_context,24,24,0,6,0.05568957079937555,0.048296214706913955,0.06237680161490262,EEG_nrmse,arm_better,subject_block_1000_frozen_coordinates_exploratory
visual_cognitive_motivation,prefrontal,center_EEG,training_template,own_context,24,24,0,6,-0.031621702383991424,-0.09857217629862716,0.034442782755993794,EEG_nrmse,arm_better,subject_block_1000_frozen_coordinates_exploratory
visual_cognitive_motivation,prefrontal,center_EEG,R0_PCA_refit,ridge_cross,24,24,0,6,-0.06338138226723529,-0.16063547299106629,0.017245899861628645,EEG_nrmse,arm_better,subject_block_1000_frozen_coordinates_exploratory
visual_cognitive_motivation,prefrontal,center_EEG,R1_broadband,ridge_cross,24,24,0,6,-0.09676229223919926,-0.23733779945605782,-0.004812891080304559,EEG_nrmse,arm_better,subject_block_1000_frozen_coordinates_exploratory
visual_cognitive_motivation,prefrontal,center_EEG,R2_selected,ridge_cross,24,24,0,6,-0.07336270239691951,-0.18749724395618952,0.007966228153870308,EEG_nrmse,arm_better,subject_block_1000_frozen_coordinates_exploratory
visual_cognitive_motivation,prefrontal,center_EEG,R2_zero,ridge_cross,24,24,0,6,-0.09633122476891931,-0.22736596035997417,-0.010184809868887307,EEG_nrmse,arm_better,subject_block_1000_frozen_coordinates_exploratory
visual_cognitive_motivation,prefrontal,center_EEG,independent,ridge_cross,24,24,0,6,0.01045470563829668,-0.014578207167538581,0.0389489239893832,EEG_nrmse,arm_better,subject_block_1000_frozen_coordinates_exploratory
visual_cognitive_motivation,prefrontal,center_EEG,own_context,ridge_cross,24,24,0,6,-0.05568957079937555,-0.06278503581921878,-0.04901745838206584,EEG_nrmse,arm_better,subject_block_1000_frozen_coordinates_exploratory
visual_cognitive_motivation,prefrontal,center_EEG,training_template,ridge_cross,24,24,0,6,-0.08731127318336697,-0.16765660109056715,-0.013782527942254184,EEG_nrmse,arm_better,subject_block_1000_frozen_coordinates_exploratory
visual_cognitive_motivation,prefrontal,full,R0_PCA_refit,R1_broadband,24,24,0,6,-0.02889145233672799,-0.06886922394012733,0.011123883703362696,EEG_nrmse,arm_better,subject_block_1000_frozen_coordinates_exploratory
visual_cognitive_motivation,prefrontal,full,R2_selected,R1_broadband,24,24,0,6,0.014649810612258457,0.011581952224762276,0.017851944547489743,EEG_nrmse,arm_better,subject_block_1000_frozen_coordinates_exploratory
visual_cognitive_motivation,prefrontal,full,R2_zero,R1_broadband,24,24,0,6,0.012299920110678061,0.009406494342605246,0.015151412936357639,EEG_nrmse,arm_better,subject_block_1000_frozen_coordinates_exploratory
visual_cognitive_motivation,prefrontal,full,independent,R1_broadband,24,24,0,6,0.03353274830968461,0.021777725411278204,0.04841978746075853,EEG_nrmse,arm_better,subject_block_1000_frozen_coordinates_exploratory
visual_cognitive_motivation,prefrontal,full,training_template,R1_broadband,24,24,0,6,-0.11038703357399626,-0.1449520449119158,-0.06972380044291733,EEG_nrmse,arm_better,subject_block_1000_frozen_coordinates_exploratory
visual_cognitive_motivation,prefrontal,full,R1_broadband,R0_PCA_refit,24,24,0,6,0.02889145233672799,-0.012248065636414271,0.06642957549957214,EEG_nrmse,arm_better,subject_block_1000_frozen_coordinates_exploratory
visual_cognitive_motivation,prefrontal,full,R2_selected,R0_PCA_refit,24,24,0,6,0.04354126294898645,0.0010936873884180144,0.0859008271852901,EEG_nrmse,arm_better,subject_block_1000_frozen_coordinates_exploratory
visual_cognitive_motivation,prefrontal,full,R2_zero,R0_PCA_refit,24,24,0,6,0.041191372447406054,-0.004544372204752335,0.08063237402635562,EEG_nrmse,arm_better,subject_block_1000_frozen_coordinates_exploratory
visual_cognitive_motivation,prefrontal,full,independent,R0_PCA_refit,24,24,0,6,0.062424200646412596,0.011215533698961366,0.1144379528449534,EEG_nrmse,arm_better,subject_block_1000_frozen_coordinates_exploratory
visual_cognitive_motivation,prefrontal,full,training_template,R0_PCA_refit,24,24,0,6,-0.08149558123726829,-0.1010754950932793,-0.06367608334473934,EEG_nrmse,arm_better,subject_block_1000_frozen_coordinates_exploratory
visual_cognitive_motivation,prefrontal,full,R0_PCA_refit,independent,24,24,0,6,-0.062424200646412596,-0.11631281907856622,-0.014444682570912895,EEG_nrmse,arm_better,subject_block_1000_frozen_coordinates_exploratory
visual_cognitive_motivation,prefrontal,full,R1_broadband,independent,24,24,0,6,-0.03353274830968461,-0.049193227057133616,-0.02212218416323449,EEG_nrmse,arm_better,subject_block_1000_frozen_coordinates_exploratory
visual_cognitive_motivation,prefrontal,full,R2_selected,independent,24,24,0,6,-0.018882937697426157,-0.03256152706893056,-0.009225611478529211,EEG_nrmse,arm_better,subject_block_1000_frozen_coordinates_exploratory
visual_cognitive_motivation,prefrontal,full,R2_zero,independent,24,24,0,6,-0.021232828199006553,-0.03552291412087904,-0.011430783329233196,EEG_nrmse,arm_better,subject_block_1000_frozen_coordinates_exploratory
visual_cognitive_motivation,prefrontal,full,training_template,independent,24,24,0,6,-0.1439197818836809,-0.1886193515250611,-0.09922280492701185,EEG_nrmse,arm_better,subject_block_1000_frozen_coordinates_exploratory
visual_cognitive_motivation,prefrontal,full,R0_PCA_refit,training_template,24,24,0,6,0.08149558123726829,0.06501302101506028,0.10113503131955465,EEG_nrmse,arm_better,subject_block_1000_frozen_coordinates_exploratory
visual_cognitive_motivation,prefrontal,full,R1_broadband,training_template,24,24,0,6,0.11038703357399626,0.07312973917797405,0.14362500424550836,EEG_nrmse,arm_better,subject_block_1000_frozen_coordinates_exploratory
visual_cognitive_motivation,prefrontal,full,R2_selected,training_template,24,24,0,6,0.12503684418625471,0.08666526784409077,0.16309737705762065,EEG_nrmse,arm_better,subject_block_1000_frozen_coordinates_exploratory
visual_cognitive_motivation,prefrontal,full,R2_zero,training_template,24,24,0,6,0.12268695368467432,0.0853946231576838,0.15998741222476506,EEG_nrmse,arm_better,subject_block_1000_frozen_coordinates_exploratory
visual_cognitive_motivation,prefrontal,full,independent,training_template,24,24,0,6,0.1439197818836809,0.10113282157699542,0.19081606189606748,EEG_nrmse,arm_better,subject_block_1000_frozen_coordinates_exploratory
visual_cognitive_motivation,prefrontal,full,R0_PCA_refit,own_context,0,0,0,0,,,,EEG_nrmse,arm_better,subject_block_1000_frozen_coordinates_exploratory
visual_cognitive_motivation,prefrontal,full,R1_broadband,own_context,0,0,0,0,,,,EEG_nrmse,arm_better,subject_block_1000_frozen_coordinates_exploratory
visual_cognitive_motivation,prefrontal,full,R2_selected,own_context,0,0,0,0,,,,EEG_nrmse,arm_better,subject_block_1000_frozen_coordinates_exploratory
visual_cognitive_motivation,prefrontal,full,R2_zero,own_context,0,0,0,0,,,,EEG_nrmse,arm_better,subject_block_1000_frozen_coordinates_exploratory
visual_cognitive_motivation,prefrontal,full,independent,own_context,0,0,0,0,,,,EEG_nrmse,arm_better,subject_block_1000_frozen_coordinates_exploratory
visual_cognitive_motivation,prefrontal,full,training_template,own_context,0,0,0,0,,,,EEG_nrmse,arm_better,subject_block_1000_frozen_coordinates_exploratory
visual_cognitive_motivation,prefrontal,full,R0_PCA_refit,ridge_cross,0,0,0,0,,,,EEG_nrmse,arm_better,subject_block_1000_frozen_coordinates_exploratory
visual_cognitive_motivation,prefrontal,full,R1_broadband,ridge_cross,0,0,0,0,,,,EEG_nrmse,arm_better,subject_block_1000_frozen_coordinates_exploratory
visual_cognitive_motivation,prefrontal,full,R2_selected,ridge_cross,0,0,0,0,,,,EEG_nrmse,arm_better,subject_block_1000_frozen_coordinates_exploratory
visual_cognitive_motivation,prefrontal,full,R2_zero,ridge_cross,0,0,0,0,,,,EEG_nrmse,arm_better,subject_block_1000_frozen_coordinates_exploratory
visual_cognitive_motivation,prefrontal,full,independent,ridge_cross,0,0,0,0,,,,EEG_nrmse,arm_better,subject_block_1000_frozen_coordinates_exploratory
visual_cognitive_motivation,prefrontal,full,training_template,ridge_cross,0,0,0,0,,,,EEG_nrmse,arm_better,subject_block_1000_frozen_coordinates_exploratory
