seed,arm,identity,scenario,neural_nrmse,morphology_nrmse,reconstruction_nrmse
11,typed_supervision,0,control,0.09364517778158188,0.010735106654465199,0.11053385585546494
11,typed_supervision,0,common_basis,0.09364517778158188,0.06582695245742798,0.11337839812040329
11,typed_supervision,0,common_correlated,0.09364517778158188,0.06542433798313141,0.1699400246143341
11,typed_supervision,0,common_colored,0.09364517778158188,0.13930743932724,0.23657572269439697
11,typed_supervision,0,common_exchange,0.09364517778158188,0.6304728984832764,0.18301206827163696
11,typed_supervision,0,EEG_gain,0.22543664276599884,0.010735106654465199,0.1642431765794754
11,typed_supervision,0,Hb_gain,0.09364517778158188,0.011409583501517773,0.16533909738063812
11,typed_supervision,0,noise,0.09020332247018814,0.010173696093261242,0.12864094972610474
11,typed_supervision,0,lag_1s,0.09364517778158188,0.07202423363924026,0.18087580800056458
11,typed_supervision,0,driver_amplitude,0.23104263842105865,0.03371955081820488,0.18245546519756317
11,typed_supervision,0,driver_shape,0.0703633576631546,0.013821071945130825,0.09865467250347137
11,typed_supervision,0,physiology_tau,0.09364517778158188,0.2566768229007721,0.21301549673080444
11,typed_supervision,0,unmodeled_dynamics,0.09364517778158188,0.011937395669519901,0.15942363440990448
11,typed_supervision,1,control,0.10670363157987595,0.008494263514876366,0.2521255314350128
11,typed_supervision,1,common_basis,0.10670363157987595,0.14911586046218872,0.2674466669559479
11,typed_supervision,1,common_correlated,0.10670363157987595,0.09863357990980148,0.2884960472583771
11,typed_supervision,1,common_colored,0.10670363157987595,0.5950647592544556,0.36130911111831665
11,typed_supervision,1,common_exchange,0.10670363157987595,1.3440779447555542,0.3613354563713074
11,typed_supervision,1,EEG_gain,0.15752767026424408,0.008494263514876366,0.3166336715221405
11,typed_supervision,1,Hb_gain,0.10670363157987595,0.01760825328528881,0.30950185656547546
11,typed_supervision,1,noise,0.11643727123737335,0.020429670810699463,0.26144078373908997
11,typed_supervision,1,lag_1s,0.10670363157987595,0.03747781366109848,0.30044540762901306
11,typed_supervision,1,driver_amplitude,0.16813412308692932,0.030009793117642403,0.3911580741405487
11,typed_supervision,1,driver_shape,0.08494748920202255,0.0070838406682014465,0.2590164244174957
11,typed_supervision,1,physiology_tau,0.10670363157987595,0.5488097667694092,0.2739091217517853
11,typed_supervision,1,unmodeled_dynamics,0.10670363157987595,0.012370673939585686,0.26266270875930786
11,typed_supervision,2,control,0.11413735896348953,0.07510475814342499,0.09024843573570251
11,typed_supervision,2,common_basis,0.11413735896348953,0.3372948169708252,0.11761408299207687
11,typed_supervision,2,common_correlated,0.11413735896348953,0.2854384481906891,0.14677856862545013
11,typed_supervision,2,common_colored,0.11413735896348953,0.11978915333747864,0.16803428530693054
11,typed_supervision,2,common_exchange,0.11413735896348953,0.7921433448791504,0.146077498793602
11,typed_supervision,2,EEG_gain,0.2245982140302658,0.07510475814342499,0.13797329366207123
11,typed_supervision,2,Hb_gain,0.11413735896348953,0.09581310302019119,0.10279533267021179
11,typed_supervision,2,noise,0.1541784405708313,0.0821751207113266,0.1027756929397583
11,typed_supervision,2,lag_1s,0.11413735896348953,0.0638466328382492,0.13665692508220673
11,typed_supervision,2,driver_amplitude,0.28234782814979553,0.12373130023479462,0.16648519039154053
11,typed_supervision,2,driver_shape,0.07192553579807281,0.07305122166872025,0.0954788327217102
11,typed_supervision,2,physiology_tau,0.11413735896348953,0.252453476190567,0.13759775459766388
11,typed_supervision,2,unmodeled_dynamics,0.11413735896348953,0.06310126185417175,0.10660987347364426
11,typed_supervision,3,control,0.09809217602014542,0.03028855286538601,0.22543226182460785
11,typed_supervision,3,common_basis,0.09809217602014542,0.06983990222215652,0.23357665538787842
11,typed_supervision,3,common_correlated,0.09809217602014542,0.4569014310836792,0.3014942407608032
11,typed_supervision,3,common_colored,0.09809217602014542,0.6391294002532959,0.33002060651779175
11,typed_supervision,3,common_exchange,0.09809217602014542,0.5892691612243652,0.29795047640800476
11,typed_supervision,3,EEG_gain,0.3994574248790741,0.03028855286538601,0.289040207862854
11,typed_supervision,3,Hb_gain,0.09809217602014542,0.028342312201857567,0.23875470459461212
11,typed_supervision,3,noise,0.12354058772325516,0.043606940656900406,0.23959647119045258
11,typed_supervision,3,lag_1s,0.09809217602014542,0.03554805740714073,0.3189240097999573
11,typed_supervision,3,driver_amplitude,0.13050946593284607,0.028981920331716537,0.32933518290519714
11,typed_supervision,3,driver_shape,0.09977296739816666,0.024035746231675148,0.218216672539711
11,typed_supervision,3,physiology_tau,0.09809217602014542,0.14242957532405853,0.23739072680473328
11,typed_supervision,3,unmodeled_dynamics,0.09809217602014542,0.033902041614055634,0.2588758170604706
11,typed_supervision,4,control,0.08100259304046631,0.029591409489512444,0.11093497276306152
11,typed_supervision,4,common_basis,0.08100259304046631,0.10312876105308533,0.13217733800411224
11,typed_supervision,4,common_correlated,0.08100259304046631,0.2520257532596588,0.1723116934299469
11,typed_supervision,4,common_colored,0.08100259304046631,0.050088632851839066,0.1707593947649002
11,typed_supervision,4,common_exchange,0.08100259304046631,0.3051433265209198,0.1463535875082016
11,typed_supervision,4,EEG_gain,0.18195891380310059,0.029591409489512444,0.17316636443138123
11,typed_supervision,4,Hb_gain,0.08100259304046631,0.04267961531877518,0.15714481472969055
11,typed_supervision,4,noise,0.0864281952381134,0.02754700928926468,0.13028809428215027
11,typed_supervision,4,lag_1s,0.08100259304046631,0.016545148566365242,0.22099928557872772
11,typed_supervision,4,driver_amplitude,0.18977582454681396,0.04919233173131943,0.19333630800247192
11,typed_supervision,4,driver_shape,0.06815851479768753,0.020653409883379936,0.11367907375097275
11,typed_supervision,4,physiology_tau,0.08100259304046631,0.35441747307777405,0.17329709231853485
11,typed_supervision,4,unmodeled_dynamics,0.08100259304046631,0.033930301666259766,0.16623757779598236
11,typed_supervision,5,control,0.10804878920316696,0.046369072049856186,0.17228105664253235
11,typed_supervision,5,common_basis,0.10804878920316696,0.2576913833618164,0.17432640492916107
11,typed_supervision,5,common_correlated,0.10804878920316696,0.15478505194187164,0.1989324390888214
11,typed_supervision,5,common_colored,0.10804878920316696,0.44176968932151794,0.2954311668872833
11,typed_supervision,5,common_exchange,0.10804878920316696,0.49960359930992126,0.18345697224140167
11,typed_supervision,5,EEG_gain,0.2551661729812622,0.046369072049856186,0.26209893822669983
11,typed_supervision,5,Hb_gain,0.10804878920316696,0.0449017696082592,0.18547718226909637
11,typed_supervision,5,noise,0.10118488222360611,0.036982275545597076,0.17908687889575958
11,typed_supervision,5,lag_1s,0.10804878920316696,0.05394677445292473,0.3048742413520813
11,typed_supervision,5,driver_amplitude,0.25069883465766907,0.05363839119672775,0.27923980355262756
11,typed_supervision,5,driver_shape,0.0919746607542038,0.04804973676800728,0.18526487052440643
11,typed_supervision,5,physiology_tau,0.10804878920316696,0.7524700164794922,0.22652177512645721
11,typed_supervision,5,unmodeled_dynamics,0.10804878920316696,0.04606623947620392,0.2058297097682953
11,typed_supervision,6,control,0.07300463318824768,0.06853067129850388,0.11533444374799728
11,typed_supervision,6,common_basis,0.07300463318824768,0.14596733450889587,0.10930285602807999
11,typed_supervision,6,common_correlated,0.07300463318824768,0.29929977655410767,0.1294780820608139
11,typed_supervision,6,common_colored,0.07300463318824768,0.8446558713912964,0.23637591302394867
11,typed_supervision,6,common_exchange,0.07300463318824768,0.27692726254463196,0.1255558729171753
11,typed_supervision,6,EEG_gain,0.22440677881240845,0.06853067129850388,0.19606144726276398
11,typed_supervision,6,Hb_gain,0.07300463318824768,0.10498102009296417,0.17632631957530975
11,typed_supervision,6,noise,0.07897461950778961,0.0702115148305893,0.12298592180013657
11,typed_supervision,6,lag_1s,0.07300463318824768,0.08871030062437057,0.149825781583786
11,typed_supervision,6,driver_amplitude,0.16070212423801422,0.08218380063772202,0.1717478632926941
11,typed_supervision,6,driver_shape,0.0742502212524414,0.04709217697381973,0.12292806059122086
11,typed_supervision,6,physiology_tau,0.07300463318824768,0.5928240418434143,0.16313691437244415
11,typed_supervision,6,unmodeled_dynamics,0.07300463318824768,0.06459008902311325,0.1623651534318924
11,typed_supervision,7,control,0.09290968626737595,0.08665265142917633,0.21342727541923523
11,typed_supervision,7,common_basis,0.09290968626737595,0.2749158442020416,0.218241885304451
11,typed_supervision,7,common_correlated,0.09290968626737595,0.328235387802124,0.2641744017601013
11,typed_supervision,7,common_colored,0.09290968626737595,0.2344689965248108,0.22315990924835205
11,typed_supervision,7,common_exchange,0.09290968626737595,0.6967307329177856,0.23552671074867249
11,typed_supervision,7,EEG_gain,0.27093905210494995,0.08665265142917633,0.27244409918785095
11,typed_supervision,7,Hb_gain,0.09290968626737595,0.13670475780963898,0.2411845624446869
11,typed_supervision,7,noise,0.11632496118545532,0.0807153508067131,0.2167735993862152
11,typed_supervision,7,lag_1s,0.09290968626737595,0.07469167560338974,0.24822749197483063
11,typed_supervision,7,driver_amplitude,0.15421746671199799,0.05749284476041794,0.3127683103084564
11,typed_supervision,7,driver_shape,0.06844967603683472,0.09888237714767456,0.19848622381687164
11,typed_supervision,7,physiology_tau,0.09290968626737595,0.33803707361221313,0.24647998809814453
11,typed_supervision,7,unmodeled_dynamics,0.09290968626737595,0.07298274338245392,0.23363250494003296
11,typed_supervision,8,control,0.0634780302643776,0.04709170013666153,0.13672217726707458
11,typed_supervision,8,common_basis,0.0634780302643776,0.27055832743644714,0.14358246326446533
11,typed_supervision,8,common_correlated,0.0634780302643776,0.21834354102611542,0.15971630811691284
11,typed_supervision,8,common_colored,0.0634780302643776,0.29088127613067627,0.28349876403808594
11,typed_supervision,8,common_exchange,0.0634780302643776,0.4144325852394104,0.16666138172149658
11,typed_supervision,8,EEG_gain,0.21144999563694,0.04709170013666153,0.1782795935869217
11,typed_supervision,8,Hb_gain,0.0634780302643776,0.05602718144655228,0.17242804169654846
11,typed_supervision,8,noise,0.097836934030056,0.053330689668655396,0.1543937772512436
11,typed_supervision,8,lag_1s,0.0634780302643776,0.033607471734285355,0.22380022704601288
11,typed_supervision,8,driver_amplitude,0.0968286320567131,0.08973094075918198,0.21218682825565338
11,typed_supervision,8,driver_shape,0.08719988912343979,0.05972837656736374,0.1541123241186142
11,typed_supervision,8,physiology_tau,0.0634780302643776,0.5326540470123291,0.1962258666753769
11,typed_supervision,8,unmodeled_dynamics,0.0634780302643776,0.05110007897019386,0.2017039954662323
11,typed_supervision,9,control,0.08307407051324844,0.03816020116209984,0.16923999786376953
11,typed_supervision,9,common_basis,0.08307407051324844,0.20461899042129517,0.17520779371261597
11,typed_supervision,9,common_correlated,0.08307407051324844,0.1850692331790924,0.19542622566223145
11,typed_supervision,9,common_colored,0.08307407051324844,0.10362996906042099,0.24152128398418427
11,typed_supervision,9,common_exchange,0.08307407051324844,0.4868198335170746,0.17912302911281586
11,typed_supervision,9,EEG_gain,0.1619909703731537,0.03816020116209984,0.2549658715724945
11,typed_supervision,9,Hb_gain,0.08307407051324844,0.054271891713142395,0.19276121258735657
11,typed_supervision,9,noise,0.10080016404390335,0.03766673430800438,0.18062035739421844
11,typed_supervision,9,lag_1s,0.08307407051324844,0.02666878141462803,0.22376230359077454
11,typed_supervision,9,driver_amplitude,0.1902049332857132,0.057725612074136734,0.26676803827285767
11,typed_supervision,9,driver_shape,0.07231978327035904,0.0427151620388031,0.17735689878463745
11,typed_supervision,9,physiology_tau,0.08307407051324844,0.25925886631011963,0.24480117857456207
11,typed_supervision,9,unmodeled_dynamics,0.08307407051324844,0.03834915533661842,0.2123732566833496
11,typed_supervision,10,control,0.12620817124843597,0.07597468048334122,0.13283981382846832
11,typed_supervision,10,common_basis,0.12620817124843597,0.27130869030952454,0.1403229534626007
11,typed_supervision,10,common_correlated,0.12620817124843597,0.10759589821100235,0.15049268305301666
11,typed_supervision,10,common_colored,0.12620817124843597,0.2350020855665207,0.20204564929008484
11,typed_supervision,10,common_exchange,0.12620817124843597,1.5310951471328735,0.2342463880777359
11,typed_supervision,10,EEG_gain,0.13590262830257416,0.07597468048334122,0.1778329312801361
11,typed_supervision,10,Hb_gain,0.12620817124843597,0.10798212885856628,0.1632641702890396
11,typed_supervision,10,noise,0.128569558262825,0.07939508557319641,0.1463674008846283
11,typed_supervision,10,lag_1s,0.12620817124843597,0.01987089030444622,0.13977684080600739
11,typed_supervision,10,driver_amplitude,0.2209540456533432,0.08392781764268875,0.19397297501564026
11,typed_supervision,10,driver_shape,0.11965055018663406,0.06860225647687912,0.13569487631320953
11,typed_supervision,10,physiology_tau,0.12620817124843597,0.2757132947444916,0.162687748670578
11,typed_supervision,10,unmodeled_dynamics,0.12620817124843597,0.07220856100320816,0.16808396577835083
11,typed_supervision,11,control,0.07920920103788376,0.05967513099312782,0.1892145425081253
11,typed_supervision,11,common_basis,0.07920920103788376,0.23708420991897583,0.19306403398513794
11,typed_supervision,11,common_correlated,0.07920920103788376,0.27255359292030334,0.20021991431713104
11,typed_supervision,11,common_colored,0.07920920103788376,0.19948643445968628,0.25374820828437805
11,typed_supervision,11,common_exchange,0.07920920103788376,0.47593313455581665,0.22809548676013947
11,typed_supervision,11,EEG_gain,0.22880539298057556,0.05967513099312782,0.24242183566093445
11,typed_supervision,11,Hb_gain,0.07920920103788376,0.08425956219434738,0.22038953006267548
11,typed_supervision,11,noise,0.08882051706314087,0.05892296880483627,0.20568649470806122
11,typed_supervision,11,lag_1s,0.07920920103788376,0.10202866792678833,0.2275882512331009
11,typed_supervision,11,driver_amplitude,0.19108173251152039,0.07115630060434341,0.2840057909488678
11,typed_supervision,11,driver_shape,0.08067189902067184,0.046479810029268265,0.1902453899383545
11,typed_supervision,11,physiology_tau,0.07920920103788376,0.35387223958969116,0.21826857328414917
11,typed_supervision,11,unmodeled_dynamics,0.07920920103788376,0.05299999564886093,0.1993655115365982
11,typed_supervision,12,control,0.05490105599164963,0.011926576495170593,0.11709492653608322
11,typed_supervision,12,common_basis,0.05490105599164963,0.07404373586177826,0.1263868808746338
11,typed_supervision,12,common_correlated,0.05490105599164963,0.3743548095226288,0.13219453394412994
11,typed_supervision,12,common_colored,0.05490105599164963,0.20690466463565826,0.18574507534503937
11,typed_supervision,12,common_exchange,0.05490105599164963,0.46992528438568115,0.19230732321739197
11,typed_supervision,12,EEG_gain,0.21367426216602325,0.011926576495170593,0.1517784744501114
11,typed_supervision,12,Hb_gain,0.05490105599164963,0.01801808923482895,0.11930271983146667
11,typed_supervision,12,noise,0.075141541659832,0.014106770046055317,0.1345885694026947
11,typed_supervision,12,lag_1s,0.05490105599164963,0.009250233881175518,0.13046588003635406
11,typed_supervision,12,driver_amplitude,0.12028761208057404,0.024328215047717094,0.166221022605896
11,typed_supervision,12,driver_shape,0.06301888078451157,0.02262212708592415,0.12349169701337814
11,typed_supervision,12,physiology_tau,0.05490105599164963,0.17527994513511658,0.1614960879087448
11,typed_supervision,12,unmodeled_dynamics,0.05490105599164963,0.01124235987663269,0.13501834869384766
11,typed_supervision,13,control,0.10030465573072433,0.024104269221425056,0.22151093184947968
11,typed_supervision,13,common_basis,0.10030465573072433,0.12344079464673996,0.22935646772384644
11,typed_supervision,13,common_correlated,0.10030465573072433,0.09247282892465591,0.3283504545688629
11,typed_supervision,13,common_colored,0.10030465573072433,0.3516053557395935,0.36974766850471497
11,typed_supervision,13,common_exchange,0.10030465573072433,1.2464463710784912,0.36120814085006714
11,typed_supervision,13,EEG_gain,0.22509858012199402,0.024104269221425056,0.2960397005081177
11,typed_supervision,13,Hb_gain,0.10030465573072433,0.03299059718847275,0.2307271510362625
11,typed_supervision,13,noise,0.10045046359300613,0.02734891138970852,0.2293621301651001
11,typed_supervision,13,lag_1s,0.10030465573072433,0.034817323088645935,0.3086862564086914
11,typed_supervision,13,driver_amplitude,0.2005971372127533,0.05502649024128914,0.33600276708602905
11,typed_supervision,13,driver_shape,0.11029371619224548,0.02943599782884121,0.231217160820961
11,typed_supervision,13,physiology_tau,0.10030465573072433,0.16037146747112274,0.26402708888053894
11,typed_supervision,13,unmodeled_dynamics,0.10030465573072433,0.022142156958580017,0.26383349299430847
11,typed_supervision,14,control,0.057811859995126724,0.12999790906906128,0.10922356694936752
11,typed_supervision,14,common_basis,0.057811859995126724,0.3368108868598938,0.1149371862411499
11,typed_supervision,14,common_correlated,0.057811859995126724,0.279594749212265,0.1635667383670807
11,typed_supervision,14,common_colored,0.057811859995126724,0.4214313328266144,0.20461024343967438
11,typed_supervision,14,common_exchange,0.057811859995126724,0.9036698341369629,0.14505572617053986
11,typed_supervision,14,EEG_gain,0.2789991497993469,0.12999790906906128,0.14506864547729492
11,typed_supervision,14,Hb_gain,0.057811859995126724,0.20127476751804352,0.14186018705368042
11,typed_supervision,14,noise,0.07493569701910019,0.12566158175468445,0.12751100957393646
11,typed_supervision,14,lag_1s,0.057811859995126724,0.07460562884807587,0.15948104858398438
11,typed_supervision,14,driver_amplitude,0.13386531174182892,0.11892028898000717,0.16922719776630402
11,typed_supervision,14,driver_shape,0.055975522845983505,0.12781374156475067,0.1176462396979332
11,typed_supervision,14,physiology_tau,0.057811859995126724,0.3399367928504944,0.14802488684654236
11,typed_supervision,14,unmodeled_dynamics,0.057811859995126724,0.11994048953056335,0.12495729327201843
11,typed_supervision,15,control,0.0901113748550415,0.019938208162784576,0.15922436118125916
11,typed_supervision,15,common_basis,0.0901113748550415,0.1571863442659378,0.16887296736240387
11,typed_supervision,15,common_correlated,0.0901113748550415,0.22025172412395477,0.2054809033870697
11,typed_supervision,15,common_colored,0.0901113748550415,0.34096816182136536,0.30899354815483093
11,typed_supervision,15,common_exchange,0.0901113748550415,0.8181143403053284,0.21647334098815918
11,typed_supervision,15,EEG_gain,0.20598220825195312,0.019938208162784576,0.21360264718532562
11,typed_supervision,15,Hb_gain,0.0901113748550415,0.026383178308606148,0.19102120399475098
11,typed_supervision,15,noise,0.10422717034816742,0.01756606251001358,0.16699808835983276
11,typed_supervision,15,lag_1s,0.0901113748550415,0.04974702000617981,0.2651614546775818
11,typed_supervision,15,driver_amplitude,0.20254340767860413,0.03567131236195564,0.24704918265342712
11,typed_supervision,15,driver_shape,0.06807059794664383,0.020080531015992165,0.15265116095542908
11,typed_supervision,15,physiology_tau,0.0901113748550415,0.430237352848053,0.20518285036087036
11,typed_supervision,15,unmodeled_dynamics,0.0901113748550415,0.016315527260303497,0.19204409420490265
11,typed_supervision,16,control,0.05088559165596962,0.03634880110621452,0.12084709852933884
11,typed_supervision,16,common_basis,0.05088559165596962,0.2114814966917038,0.142020121216774
11,typed_supervision,16,common_correlated,0.05088559165596962,0.11682389676570892,0.17528676986694336
11,typed_supervision,16,common_colored,0.05088559165596962,0.5479056239128113,0.21147596836090088
11,typed_supervision,16,common_exchange,0.05088559165596962,0.3921765685081482,0.13892735540866852
11,typed_supervision,16,EEG_gain,0.19738315045833588,0.03634880110621452,0.1465887576341629
11,typed_supervision,16,Hb_gain,0.05088559165596962,0.03781171515583992,0.16050197184085846
11,typed_supervision,16,noise,0.07591376453638077,0.04306577146053314,0.129245787858963
11,typed_supervision,16,lag_1s,0.05088559165596962,0.0374508835375309,0.19855833053588867
11,typed_supervision,16,driver_amplitude,0.12509356439113617,0.05967959389090538,0.1942133754491806
11,typed_supervision,16,driver_shape,0.06760434061288834,0.049792490899562836,0.1301323026418686
11,typed_supervision,16,physiology_tau,0.05088559165596962,0.6395989060401917,0.21033038198947906
11,typed_supervision,16,unmodeled_dynamics,0.05088559165596962,0.05198085680603981,0.21770106256008148
11,typed_supervision,17,control,0.0904383659362793,0.035318151116371155,0.17339415848255157
11,typed_supervision,17,common_basis,0.0904383659362793,0.22351062297821045,0.1826183795928955
11,typed_supervision,17,common_correlated,0.0904383659362793,0.3645585775375366,0.21679027378559113
11,typed_supervision,17,common_colored,0.0904383659362793,0.09147698432207108,0.2952496111392975
11,typed_supervision,17,common_exchange,0.0904383659362793,0.7830797433853149,0.2983711361885071
11,typed_supervision,17,EEG_gain,0.19208045303821564,0.035318151116371155,0.22425685822963715
11,typed_supervision,17,Hb_gain,0.0904383659362793,0.048291873186826706,0.1874864399433136
11,typed_supervision,17,noise,0.0811651423573494,0.037060823291540146,0.18696743249893188
11,typed_supervision,17,lag_1s,0.0904383659362793,0.012572046369314194,0.23712076246738434
11,typed_supervision,17,driver_amplitude,0.2195342779159546,0.05678284913301468,0.2630305886268616
11,typed_supervision,17,driver_shape,0.06866198033094406,0.040140874683856964,0.17028594017028809
11,typed_supervision,17,physiology_tau,0.0904383659362793,0.34461432695388794,0.21299831569194794
11,typed_supervision,17,unmodeled_dynamics,0.0904383659362793,0.046973127871751785,0.24378474056720734
11,typed_supervision,18,control,0.050009578466415405,0.049234434962272644,0.096146360039711
11,typed_supervision,18,common_basis,0.050009578466415405,0.0349847637116909,0.11673293262720108
11,typed_supervision,18,common_correlated,0.050009578466415405,0.16884256899356842,0.13096940517425537
11,typed_supervision,18,common_colored,0.050009578466415405,0.4519282281398773,0.26582351326942444
11,typed_supervision,18,common_exchange,0.050009578466415405,0.652458906173706,0.153532013297081
11,typed_supervision,18,EEG_gain,0.1985355019569397,0.049234434962272644,0.13684667646884918
11,typed_supervision,18,Hb_gain,0.050009578466415405,0.05698242783546448,0.13647902011871338
11,typed_supervision,18,noise,0.06440755724906921,0.05101911723613739,0.11687565594911575
11,typed_supervision,18,lag_1s,0.050009578466415405,0.043970219790935516,0.16749511659145355
11,typed_supervision,18,driver_amplitude,0.10609632730484009,0.04021559655666351,0.13719752430915833
11,typed_supervision,18,driver_shape,0.0492573119699955,0.06126813590526581,0.10770642757415771
11,typed_supervision,18,physiology_tau,0.050009578466415405,0.24459277093410492,0.1419660747051239
11,typed_supervision,18,unmodeled_dynamics,0.050009578466415405,0.03713155537843704,0.12904484570026398
11,typed_supervision,19,control,0.13571660220623016,0.0500854030251503,0.2170112133026123
11,typed_supervision,19,common_basis,0.13571660220623016,0.14123773574829102,0.21556313335895538
11,typed_supervision,19,common_correlated,0.13571660220623016,0.23135872185230255,0.23374293744564056
11,typed_supervision,19,common_colored,0.13571660220623016,0.1751091331243515,0.2830253541469574
11,typed_supervision,19,common_exchange,0.13571660220623016,0.4710230827331543,0.2265954464673996
11,typed_supervision,19,EEG_gain,0.128994420170784,0.0500854030251503,0.2758718729019165
11,typed_supervision,19,Hb_gain,0.13571660220623016,0.06800014525651932,0.2636979818344116
11,typed_supervision,19,noise,0.15586425364017487,0.047990310937166214,0.22558647394180298
11,typed_supervision,19,lag_1s,0.13571660220623016,0.02542700618505478,0.24409256875514984
11,typed_supervision,19,driver_amplitude,0.2718305289745331,0.07182685285806656,0.3300584852695465
11,typed_supervision,19,driver_shape,0.10551714897155762,0.03355672210454941,0.2094443291425705
11,typed_supervision,19,physiology_tau,0.13571660220623016,0.3057749569416046,0.22333449125289917
11,typed_supervision,19,unmodeled_dynamics,0.13571660220623016,0.03163487836718559,0.22070227563381195
11,typed_supervision,20,control,0.0384867899119854,0.024472644552588463,0.06877117604017258
11,typed_supervision,20,common_basis,0.0384867899119854,0.06339631974697113,0.07291267067193985
11,typed_supervision,20,common_correlated,0.0384867899119854,0.10679397732019424,0.10957446694374084
11,typed_supervision,20,common_colored,0.0384867899119854,0.07114993035793304,0.14759312570095062
11,typed_supervision,20,common_exchange,0.0384867899119854,0.8465898036956787,0.14759883284568787
11,typed_supervision,20,EEG_gain,0.21427471935749054,0.024472644552588463,0.12457455694675446
11,typed_supervision,20,Hb_gain,0.0384867899119854,0.035363662987947464,0.1164957657456398
11,typed_supervision,20,noise,0.053561143577098846,0.028011875227093697,0.08727086335420609
11,typed_supervision,20,lag_1s,0.0384867899119854,0.026412269100546837,0.21811597049236298
11,typed_supervision,20,driver_amplitude,0.11691325902938843,0.04640495404601097,0.13078321516513824
11,typed_supervision,20,driver_shape,0.0703565925359726,0.023060081526637077,0.10628432780504227
11,typed_supervision,20,physiology_tau,0.0384867899119854,0.3354679048061371,0.1776619553565979
11,typed_supervision,20,unmodeled_dynamics,0.0384867899119854,0.022156495600938797,0.12470923364162445
11,typed_supervision,21,control,0.04651663452386856,0.014362609945237637,0.2396818995475769
11,typed_supervision,21,common_basis,0.04651663452386856,0.26295214891433716,0.2502216398715973
11,typed_supervision,21,common_correlated,0.04651663452386856,0.0359184704720974,0.2726639211177826
11,typed_supervision,21,common_colored,0.04651663452386856,0.2303704470396042,0.4005109965801239
11,typed_supervision,21,common_exchange,0.04651663452386856,0.5556310415267944,0.2940177917480469
11,typed_supervision,21,EEG_gain,0.19133466482162476,0.014362609945237637,0.3362866938114166
11,typed_supervision,21,Hb_gain,0.04651663452386856,0.02431083284318447,0.24551504850387573
11,typed_supervision,21,noise,0.06598300486803055,0.013576053082942963,0.24637965857982635
11,typed_supervision,21,lag_1s,0.04651663452386856,0.03179078921675682,0.3029790222644806
11,typed_supervision,21,driver_amplitude,0.06068872660398483,0.039008527994155884,0.37097814679145813
11,typed_supervision,21,driver_shape,0.08090399205684662,0.015389510430395603,0.23753778636455536
11,typed_supervision,21,physiology_tau,0.04651663452386856,0.38485774397850037,0.2759020924568176
11,typed_supervision,21,unmodeled_dynamics,0.04651663452386856,0.013132438994944096,0.25724732875823975
11,typed_supervision,22,control,0.08734043687582016,0.05662582069635391,0.1530698537826538
11,typed_supervision,22,common_basis,0.08734043687582016,0.15425294637680054,0.15473715960979462
11,typed_supervision,22,common_correlated,0.08734043687582016,0.23954662680625916,0.3012612462043762
11,typed_supervision,22,common_colored,0.08734043687582016,0.34987181425094604,0.23021526634693146
11,typed_supervision,22,common_exchange,0.08734043687582016,1.379921793937683,0.20880116522312164
11,typed_supervision,22,EEG_gain,0.2153865247964859,0.05662582069635391,0.16690200567245483
11,typed_supervision,22,Hb_gain,0.08734043687582016,0.08365202695131302,0.2088557630777359
11,typed_supervision,22,noise,0.09265410900115967,0.05886538326740265,0.16186363995075226
11,typed_supervision,22,lag_1s,0.08734043687582016,0.09218654036521912,0.2259187549352646
11,typed_supervision,22,driver_amplitude,0.1859632283449173,0.07925727218389511,0.23157905042171478
11,typed_supervision,22,driver_shape,0.07314811646938324,0.05457010120153427,0.12300141900777817
11,typed_supervision,22,physiology_tau,0.08734043687582016,0.15155358612537384,0.14753611385822296
11,typed_supervision,22,unmodeled_dynamics,0.08734043687582016,0.0368761271238327,0.16983377933502197
11,typed_supervision,23,control,0.06913750618696213,0.19425563514232635,0.13819295167922974
11,typed_supervision,23,common_basis,0.06913750618696213,0.29147422313690186,0.1403798609972
11,typed_supervision,23,common_correlated,0.06913750618696213,0.2832581102848053,0.17035000026226044
11,typed_supervision,23,common_colored,0.06913750618696213,0.4664856195449829,0.33389583230018616
11,typed_supervision,23,common_exchange,0.06913750618696213,0.30205512046813965,0.18931888043880463
11,typed_supervision,23,EEG_gain,0.14171616733074188,0.19425563514232635,0.1871173083782196
11,typed_supervision,23,Hb_gain,0.06913750618696213,0.2835128903388977,0.14152885973453522
11,typed_supervision,23,noise,0.06671729683876038,0.1885909140110016,0.13892212510108948
11,typed_supervision,23,lag_1s,0.06913750618696213,0.0852929875254631,0.18075916171073914
11,typed_supervision,23,driver_amplitude,0.14374610781669617,0.18114207684993744,0.20974496006965637
11,typed_supervision,23,driver_shape,0.056411731988191605,0.11606419831514359,0.13977910578250885
11,typed_supervision,23,physiology_tau,0.06913750618696213,0.3657517433166504,0.1685539036989212
11,typed_supervision,23,unmodeled_dynamics,0.06913750618696213,0.18107175827026367,0.14991073310375214
11,typed_supervision,24,control,0.09098585695028305,0.009014896117150784,0.14064913988113403
11,typed_supervision,24,common_basis,0.09098585695028305,0.0506422258913517,0.14040519297122955
11,typed_supervision,24,common_correlated,0.09098585695028305,0.07992203533649445,0.15589740872383118
11,typed_supervision,24,common_colored,0.09098585695028305,0.3034690022468567,0.1984117478132248
11,typed_supervision,24,common_exchange,0.09098585695028305,0.3174421191215515,0.157792329788208
11,typed_supervision,24,EEG_gain,0.29023173451423645,0.009014896117150784,0.1862419694662094
11,typed_supervision,24,Hb_gain,0.09098585695028305,0.01255169790238142,0.1679920107126236
11,typed_supervision,24,noise,0.08994335681200027,0.009321768768131733,0.14976543188095093
11,typed_supervision,24,lag_1s,0.09098585695028305,0.02006179839372635,0.1713336855173111
11,typed_supervision,24,driver_amplitude,0.19855983555316925,0.02243518829345703,0.21341519057750702
11,typed_supervision,24,driver_shape,0.09044545888900757,0.02049630507826805,0.14721862971782684
11,typed_supervision,24,physiology_tau,0.09098585695028305,0.2624281048774719,0.16345630586147308
11,typed_supervision,24,unmodeled_dynamics,0.09098585695028305,0.014586186036467552,0.16519635915756226
11,typed_supervision,25,control,0.0921696200966835,0.03456081077456474,0.2390703707933426
11,typed_supervision,25,common_basis,0.0921696200966835,0.27037927508354187,0.24066875874996185
11,typed_supervision,25,common_correlated,0.0921696200966835,0.25298362970352173,0.27099722623825073
11,typed_supervision,25,common_colored,0.0921696200966835,0.14591512084007263,0.3351493179798126
11,typed_supervision,25,common_exchange,0.0921696200966835,0.1415756195783615,0.2505439519882202
11,typed_supervision,25,EEG_gain,0.16469939053058624,0.03456081077456474,0.29342690110206604
11,typed_supervision,25,Hb_gain,0.0921696200966835,0.039404261857271194,0.2799355089664459
11,typed_supervision,25,noise,0.09998300671577454,0.026169350370764732,0.2411624789237976
11,typed_supervision,25,lag_1s,0.0921696200966835,0.030180765315890312,0.29435667395591736
11,typed_supervision,25,driver_amplitude,0.16318297386169434,0.04256347939372063,0.359875351190567
11,typed_supervision,25,driver_shape,0.08791809529066086,0.03874785453081131,0.22646751999855042
11,typed_supervision,25,physiology_tau,0.0921696200966835,0.2811674475669861,0.2471957802772522
11,typed_supervision,25,unmodeled_dynamics,0.0921696200966835,0.01986837200820446,0.23872247338294983
11,typed_supervision,26,control,0.049806710332632065,0.05245104059576988,0.08486337214708328
11,typed_supervision,26,common_basis,0.049806710332632065,0.13380706310272217,0.11478652060031891
11,typed_supervision,26,common_correlated,0.049806710332632065,0.253864049911499,0.11977781355381012
11,typed_supervision,26,common_colored,0.049806710332632065,0.5998754501342773,0.1642489731311798
11,typed_supervision,26,common_exchange,0.049806710332632065,1.136749029159546,0.3594043254852295
11,typed_supervision,26,EEG_gain,0.26137372851371765,0.05245104059576988,0.12685030698776245
11,typed_supervision,26,Hb_gain,0.049806710332632065,0.07490207254886627,0.10132552683353424
11,typed_supervision,26,noise,0.06093280762434006,0.059993062168359756,0.10141728073358536
11,typed_supervision,26,lag_1s,0.049806710332632065,0.03400867059826851,0.17741607129573822
11,typed_supervision,26,driver_amplitude,0.10634137690067291,0.0925423875451088,0.12282200157642365
11,typed_supervision,26,driver_shape,0.08294285088777542,0.044980697333812714,0.10302449762821198
11,typed_supervision,26,physiology_tau,0.049806710332632065,0.2391568273305893,0.1538328230381012
11,typed_supervision,26,unmodeled_dynamics,0.049806710332632065,0.042834192514419556,0.1307600885629654
11,typed_supervision,27,control,0.09121599793434143,0.10442431271076202,0.2823159396648407
11,typed_supervision,27,common_basis,0.09121599793434143,0.2764471471309662,0.2893769443035126
11,typed_supervision,27,common_correlated,0.09121599793434143,0.3174598217010498,0.3065173923969269
11,typed_supervision,27,common_colored,0.09121599793434143,0.34753453731536865,0.296082466840744
11,typed_supervision,27,common_exchange,0.09121599793434143,0.6137718558311462,0.3781481087207794
11,typed_supervision,27,EEG_gain,0.1537638008594513,0.10442431271076202,0.3689495921134949
11,typed_supervision,27,Hb_gain,0.09121599793434143,0.13318230211734772,0.28696855902671814
11,typed_supervision,27,noise,0.09674641489982605,0.11569438129663467,0.29569917917251587
11,typed_supervision,27,lag_1s,0.09121599793434143,0.03507828712463379,0.2915649712085724
11,typed_supervision,27,driver_amplitude,0.1771981418132782,0.0926433727145195,0.419847309589386
11,typed_supervision,27,driver_shape,0.08729837089776993,0.12013287097215652,0.2899121046066284
11,typed_supervision,27,physiology_tau,0.09121599793434143,0.2382209151983261,0.29680582880973816
11,typed_supervision,27,unmodeled_dynamics,0.09121599793434143,0.10315202921628952,0.29302671551704407
11,typed_supervision,28,control,0.04294703155755997,0.028402185067534447,0.1117883026599884
11,typed_supervision,28,common_basis,0.04294703155755997,0.07763729244470596,0.11149023473262787
11,typed_supervision,28,common_correlated,0.04294703155755997,0.222967267036438,0.38345617055892944
11,typed_supervision,28,common_colored,0.04294703155755997,0.14613015949726105,0.25372985005378723
11,typed_supervision,28,common_exchange,0.04294703155755997,0.9875756502151489,0.16892080008983612
11,typed_supervision,28,EEG_gain,0.17832548916339874,0.028402185067534447,0.13618314266204834
11,typed_supervision,28,Hb_gain,0.04294703155755997,0.03719488903880119,0.1394135057926178
11,typed_supervision,28,noise,0.06659197062253952,0.027670392766594887,0.12891855835914612
11,typed_supervision,28,lag_1s,0.04294703155755997,0.02924434281885624,0.18646754324436188
11,typed_supervision,28,driver_amplitude,0.09669343382120132,0.042269449681043625,0.16786380112171173
11,typed_supervision,28,driver_shape,0.05498141422867775,0.03387598693370819,0.12320959568023682
11,typed_supervision,28,physiology_tau,0.04294703155755997,0.14505383372306824,0.14222833514213562
11,typed_supervision,28,unmodeled_dynamics,0.04294703155755997,0.02772323228418827,0.13722683489322662
11,typed_supervision,29,control,0.08162413537502289,0.021850094199180603,0.16932959854602814
11,typed_supervision,29,common_basis,0.08162413537502289,0.10604537278413773,0.16785521805286407
11,typed_supervision,29,common_correlated,0.08162413537502289,0.270224928855896,0.182886004447937
11,typed_supervision,29,common_colored,0.08162413537502289,0.15420572459697723,0.3539709448814392
11,typed_supervision,29,common_exchange,0.08162413537502289,0.3938083350658417,0.17300499975681305
11,typed_supervision,29,EEG_gain,0.23401518166065216,0.021850094199180603,0.2195134311914444
11,typed_supervision,29,Hb_gain,0.08162413537502289,0.03168300539255142,0.17961031198501587
11,typed_supervision,29,noise,0.09549271315336227,0.016853416338562965,0.1854628473520279
11,typed_supervision,29,lag_1s,0.08162413537502289,0.02808717079460621,0.1923285722732544
11,typed_supervision,29,driver_amplitude,0.14895612001419067,0.049187421798706055,0.25373631715774536
11,typed_supervision,29,driver_shape,0.12296244502067566,0.017847899347543716,0.18385538458824158
11,typed_supervision,29,physiology_tau,0.08162413537502289,0.1106145828962326,0.1904871165752411
11,typed_supervision,29,unmodeled_dynamics,0.08162413537502289,0.015306794084608555,0.18152764439582825
11,typed_supervision,30,control,0.06434866786003113,0.024571582674980164,0.11089840531349182
11,typed_supervision,30,common_basis,0.06434866786003113,0.20204100012779236,0.12634068727493286
11,typed_supervision,30,common_correlated,0.06434866786003113,0.10417724400758743,0.2505607306957245
11,typed_supervision,30,common_colored,0.06434866786003113,0.7345287799835205,0.25728899240493774
11,typed_supervision,30,common_exchange,0.06434866786003113,0.9165945053100586,0.18187040090560913
11,typed_supervision,30,EEG_gain,0.1490572839975357,0.024571582674980164,0.160317525267601
11,typed_supervision,30,Hb_gain,0.06434866786003113,0.02652014046907425,0.15063616633415222
11,typed_supervision,30,noise,0.0688697025179863,0.02477019838988781,0.13105005025863647
11,typed_supervision,30,lag_1s,0.06434866786003113,0.01995196007192135,0.22649815678596497
11,typed_supervision,30,driver_amplitude,0.12438257783651352,0.03423173725605011,0.16332775354385376
11,typed_supervision,30,driver_shape,0.06209472939372063,0.03275803476572037,0.10445084422826767
11,typed_supervision,30,physiology_tau,0.06434866786003113,0.25627514719963074,0.19060678780078888
11,typed_supervision,30,unmodeled_dynamics,0.06434866786003113,0.031094662845134735,0.15828962624073029
11,typed_supervision,31,control,0.10020801424980164,0.01880340278148651,0.2221015989780426
11,typed_supervision,31,common_basis,0.10020801424980164,0.28965604305267334,0.23663032054901123
11,typed_supervision,31,common_correlated,0.10020801424980164,0.3819276690483093,0.25951486825942993
11,typed_supervision,31,common_colored,0.10020801424980164,0.11197551339864731,0.2526692748069763
11,typed_supervision,31,common_exchange,0.10020801424980164,1.366492748260498,0.2411011904478073
11,typed_supervision,31,EEG_gain,0.13339076936244965,0.01880340278148651,0.28708308935165405
11,typed_supervision,31,Hb_gain,0.10020801424980164,0.03088846057653427,0.23161357641220093
11,typed_supervision,31,noise,0.11127093434333801,0.015061748214066029,0.2292536497116089
11,typed_supervision,31,lag_1s,0.10020801424980164,0.01744147203862667,0.23914915323257446
11,typed_supervision,31,driver_amplitude,0.16706977784633636,0.029255030676722527,0.33159780502319336
11,typed_supervision,31,driver_shape,0.08013265579938889,0.029702601954340935,0.22134508192539215
11,typed_supervision,31,physiology_tau,0.10020801424980164,0.1524491012096405,0.25478431582450867
11,typed_supervision,31,unmodeled_dynamics,0.10020801424980164,0.03226914256811142,0.23290757834911346
11,typed_supervision,32,control,0.048969365656375885,0.01952158659696579,0.11850720643997192
11,typed_supervision,32,common_basis,0.048969365656375885,0.08431483060121536,0.13165633380413055
11,typed_supervision,32,common_correlated,0.048969365656375885,0.12137272208929062,0.13628879189491272
11,typed_supervision,32,common_colored,0.048969365656375885,0.5858535766601562,0.22791443765163422
11,typed_supervision,32,common_exchange,0.048969365656375885,0.1119464561343193,0.13776275515556335
11,typed_supervision,32,EEG_gain,0.27011746168136597,0.01952158659696579,0.20085033774375916
11,typed_supervision,32,Hb_gain,0.048969365656375885,0.01829811930656433,0.1331375539302826
11,typed_supervision,32,noise,0.056474070996046066,0.017405977472662926,0.13360509276390076
11,typed_supervision,32,lag_1s,0.048969365656375885,0.0473753958940506,0.26857131719589233
11,typed_supervision,32,driver_amplitude,0.14121867716312408,0.04316380247473717,0.18275518715381622
11,typed_supervision,32,driver_shape,0.06703124195337296,0.020259926095604897,0.12040670961141586
11,typed_supervision,32,physiology_tau,0.048969365656375885,0.6093890070915222,0.24294710159301758
11,typed_supervision,32,unmodeled_dynamics,0.048969365656375885,0.01823261007666588,0.19163645803928375
11,typed_supervision,33,control,0.09265552461147308,0.053866028785705566,0.2155199646949768
11,typed_supervision,33,common_basis,0.09265552461147308,0.07754858583211899,0.22802579402923584
11,typed_supervision,33,common_correlated,0.09265552461147308,0.1595439910888672,0.2366200089454651
11,typed_supervision,33,common_colored,0.09265552461147308,0.15622811019420624,0.24502454698085785
11,typed_supervision,33,common_exchange,0.09265552461147308,0.36100268363952637,0.2657173275947571
11,typed_supervision,33,EEG_gain,0.1508396416902542,0.053866028785705566,0.271693617105484
11,typed_supervision,33,Hb_gain,0.09265552461147308,0.062488194555044174,0.237431600689888
11,typed_supervision,33,noise,0.10299345850944519,0.06462755799293518,0.22697167098522186
11,typed_supervision,33,lag_1s,0.09265552461147308,0.07438398152589798,0.24900470674037933
11,typed_supervision,33,driver_amplitude,0.17145809531211853,0.06670340150594711,0.317804217338562
11,typed_supervision,33,driver_shape,0.0742608904838562,0.05164680629968643,0.19936853647232056
11,typed_supervision,33,physiology_tau,0.09265552461147308,0.2018183022737503,0.22414538264274597
11,typed_supervision,33,unmodeled_dynamics,0.09265552461147308,0.0407838374376297,0.2268829345703125
11,typed_supervision,34,control,0.10699731111526489,0.07532519102096558,0.12202971428632736
11,typed_supervision,34,common_basis,0.10699731111526489,0.3821706771850586,0.12171231955289841
11,typed_supervision,34,common_correlated,0.10699731111526489,0.25734612345695496,0.17272746562957764
11,typed_supervision,34,common_colored,0.10699731111526489,0.38038370013237,0.1874668300151825
11,typed_supervision,34,common_exchange,0.10699731111526489,0.40983349084854126,0.18450675904750824
11,typed_supervision,34,EEG_gain,0.2042999416589737,0.07532519102096558,0.16932412981987
11,typed_supervision,34,Hb_gain,0.10699731111526489,0.11705982685089111,0.16403239965438843
11,typed_supervision,34,noise,0.11462856084108353,0.07873649895191193,0.1362907439470291
11,typed_supervision,34,lag_1s,0.10699731111526489,0.06178915500640869,0.2199014127254486
11,typed_supervision,34,driver_amplitude,0.2470463067293167,0.1161714419722557,0.2290736734867096
11,typed_supervision,34,driver_shape,0.10265099257230759,0.061288971453905106,0.1511467844247818
11,typed_supervision,34,physiology_tau,0.10699731111526489,0.6061301231384277,0.20124781131744385
11,typed_supervision,34,unmodeled_dynamics,0.10699731111526489,0.08356405794620514,0.16919048130512238
11,typed_supervision,35,control,0.08632700145244598,0.05130888521671295,0.18827630579471588
11,typed_supervision,35,common_basis,0.08632700145244598,0.09555321931838989,0.18344558775424957
11,typed_supervision,35,common_correlated,0.08632700145244598,0.264203280210495,0.21248622238636017
11,typed_supervision,35,common_colored,0.08632700145244598,0.09235180914402008,0.3174496591091156
11,typed_supervision,35,common_exchange,0.08632700145244598,0.8434409499168396,0.20445509254932404
11,typed_supervision,35,EEG_gain,0.3381776213645935,0.05130888521671295,0.24433788657188416
11,typed_supervision,35,Hb_gain,0.08632700145244598,0.07486460357904434,0.21771566569805145
11,typed_supervision,35,noise,0.1034281924366951,0.05413394421339035,0.20444761216640472
11,typed_supervision,35,lag_1s,0.08632700145244598,0.05229586735367775,0.2461232990026474
11,typed_supervision,35,driver_amplitude,0.10545269399881363,0.07320506125688553,0.27711018919944763
11,typed_supervision,35,driver_shape,0.09550909698009491,0.04104607552289963,0.1942235827445984
11,typed_supervision,35,physiology_tau,0.08632700145244598,0.3430708944797516,0.25017818808555603
11,typed_supervision,35,unmodeled_dynamics,0.08632700145244598,0.05278751999139786,0.2540521025657654
11,typed_supervision,36,control,0.07135330140590668,0.055708110332489014,0.10210297256708145
11,typed_supervision,36,common_basis,0.07135330140590668,0.38920584321022034,0.14061427116394043
11,typed_supervision,36,common_correlated,0.07135330140590668,0.30040931701660156,0.14450179040431976
11,typed_supervision,36,common_colored,0.07135330140590668,0.18604032695293427,0.2437625676393509
11,typed_supervision,36,common_exchange,0.07135330140590668,1.000388741493225,0.1474093198776245
11,typed_supervision,36,EEG_gain,0.24067161977291107,0.055708110332489014,0.15469244122505188
11,typed_supervision,36,Hb_gain,0.07135330140590668,0.06587712466716766,0.13718068599700928
11,typed_supervision,36,noise,0.09438496083021164,0.0572778545320034,0.11905562877655029
11,typed_supervision,36,lag_1s,0.07135330140590668,0.04537039250135422,0.25917157530784607
11,typed_supervision,36,driver_amplitude,0.15802021324634552,0.07712049782276154,0.16686545312404633
11,typed_supervision,36,driver_shape,0.06798791140317917,0.04830985143780708,0.11107003688812256
11,typed_supervision,36,physiology_tau,0.07135330140590668,0.5195692777633667,0.2094157487154007
11,typed_supervision,36,unmodeled_dynamics,0.07135330140590668,0.025905419141054153,0.1894901841878891
11,typed_supervision,37,control,0.08585254848003387,0.04054615646600723,0.18107548356056213
11,typed_supervision,37,common_basis,0.08585254848003387,0.11683367192745209,0.19122231006622314
11,typed_supervision,37,common_correlated,0.08585254848003387,0.4750169813632965,0.31213831901550293
11,typed_supervision,37,common_colored,0.08585254848003387,0.40437012910842896,0.3341686427593231
11,typed_supervision,37,common_exchange,0.08585254848003387,0.6713751554489136,0.21547472476959229
11,typed_supervision,37,EEG_gain,0.2518054246902466,0.04054615646600723,0.25469934940338135
11,typed_supervision,37,Hb_gain,0.08585254848003387,0.06292393058538437,0.18501490354537964
11,typed_supervision,37,noise,0.09176456928253174,0.03298438712954521,0.19400084018707275
11,typed_supervision,37,lag_1s,0.08585254848003387,0.13247960805892944,0.25268179178237915
11,typed_supervision,37,driver_amplitude,0.1643548160791397,0.08742449432611465,0.28373196721076965
11,typed_supervision,37,driver_shape,0.0608915314078331,0.0422348752617836,0.18727874755859375
11,typed_supervision,37,physiology_tau,0.08585254848003387,0.23903405666351318,0.23490817844867706
11,typed_supervision,37,unmodeled_dynamics,0.08585254848003387,0.038535092025995255,0.24721963703632355
11,typed_supervision,38,control,0.07097037136554718,0.0921720415353775,0.14378157258033752
11,typed_supervision,38,common_basis,0.07097037136554718,0.17455118894577026,0.12739354372024536
11,typed_supervision,38,common_correlated,0.07097037136554718,0.37952396273612976,0.12763378024101257
11,typed_supervision,38,common_colored,0.07097037136554718,0.3114844262599945,0.24029844999313354
11,typed_supervision,38,common_exchange,0.07097037136554718,0.4500734210014343,0.16186952590942383
11,typed_supervision,38,EEG_gain,0.2825203239917755,0.0921720415353775,0.17098191380500793
11,typed_supervision,38,Hb_gain,0.07097037136554718,0.11811463534832001,0.21089355647563934
11,typed_supervision,38,noise,0.09125452488660812,0.10367965698242188,0.1660434752702713
11,typed_supervision,38,lag_1s,0.07097037136554718,0.0340171679854393,0.25807300209999084
11,typed_supervision,38,driver_amplitude,0.15081103146076202,0.09416361153125763,0.21344558894634247
11,typed_supervision,38,driver_shape,0.07576344162225723,0.051919955760240555,0.16066840291023254
11,typed_supervision,38,physiology_tau,0.07097037136554718,0.20496946573257446,0.18477416038513184
11,typed_supervision,38,unmodeled_dynamics,0.07097037136554718,0.11707822233438492,0.18381893634796143
11,typed_supervision,39,control,0.11260242015123367,0.06524839252233505,0.19855426251888275
11,typed_supervision,39,common_basis,0.11260242015123367,0.23234298825263977,0.20343135297298431
11,typed_supervision,39,common_correlated,0.11260242015123367,0.19170798361301422,0.3060375154018402
11,typed_supervision,39,common_colored,0.11260242015123367,0.53371262550354,0.25764939188957214
11,typed_supervision,39,common_exchange,0.11260242015123367,0.701378345489502,0.2756812274456024
11,typed_supervision,39,EEG_gain,0.26778000593185425,0.06524839252233505,0.2788507342338562
11,typed_supervision,39,Hb_gain,0.11260242015123367,0.09768995642662048,0.2112695872783661
11,typed_supervision,39,noise,0.11983150243759155,0.063845694065094,0.20786605775356293
11,typed_supervision,39,lag_1s,0.11260242015123367,0.041474197059869766,0.28517448902130127
11,typed_supervision,39,driver_amplitude,0.22656439244747162,0.09778955578804016,0.3039906919002533
11,typed_supervision,39,driver_shape,0.09159798920154572,0.05887340381741524,0.18968304991722107
11,typed_supervision,39,physiology_tau,0.11260242015123367,0.25863367319107056,0.25058746337890625
11,typed_supervision,39,unmodeled_dynamics,0.11260242015123367,0.07548956573009491,0.23888739943504333
11,typed_supervision,40,control,0.036836858838796616,0.0416407510638237,0.1381649225950241
11,typed_supervision,40,common_basis,0.036836858838796616,0.1735166311264038,0.13767220079898834
11,typed_supervision,40,common_correlated,0.036836858838796616,0.09289061278104782,0.16151511669158936
11,typed_supervision,40,common_colored,0.036836858838796616,0.3109261095523834,0.20147767663002014
11,typed_supervision,40,common_exchange,0.036836858838796616,1.3880623579025269,0.3413710594177246
11,typed_supervision,40,EEG_gain,0.18110251426696777,0.0416407510638237,0.18054677546024323
11,typed_supervision,40,Hb_gain,0.036836858838796616,0.051548171788454056,0.14832183718681335
11,typed_supervision,40,noise,0.06964655220508575,0.05788261070847511,0.15243655443191528
11,typed_supervision,40,lag_1s,0.036836858838796616,0.026584694162011147,0.19555851817131042
11,typed_supervision,40,driver_amplitude,0.050901200622320175,0.05925721302628517,0.21124975383281708
11,typed_supervision,40,driver_shape,0.062492214143276215,0.04454641789197922,0.13020536303520203
11,typed_supervision,40,physiology_tau,0.036836858838796616,0.3934721350669861,0.17060647904872894
11,typed_supervision,40,unmodeled_dynamics,0.036836858838796616,0.028937360271811485,0.16597643494606018
11,typed_supervision,41,control,0.07525361329317093,0.049289144575595856,0.16394798457622528
11,typed_supervision,41,common_basis,0.07525361329317093,0.2605472207069397,0.17128463089466095
11,typed_supervision,41,common_correlated,0.07525361329317093,0.17114092409610748,0.18009276688098907
11,typed_supervision,41,common_colored,0.07525361329317093,0.3202672302722931,0.3102003037929535
11,typed_supervision,41,common_exchange,0.07525361329317093,0.8121740221977234,0.22655999660491943
11,typed_supervision,41,EEG_gain,0.20108099281787872,0.049289144575595856,0.2323666661977768
11,typed_supervision,41,Hb_gain,0.07525361329317093,0.08511288464069366,0.1984344869852066
11,typed_supervision,41,noise,0.08900214731693268,0.047890592366456985,0.17325791716575623
11,typed_supervision,41,lag_1s,0.07525361329317093,0.05276572331786156,0.20637547969818115
11,typed_supervision,41,driver_amplitude,0.15228167176246643,0.14605379104614258,0.2562120258808136
11,typed_supervision,41,driver_shape,0.08140784502029419,0.04838091507554054,0.15951532125473022
11,typed_supervision,41,physiology_tau,0.07525361329317093,0.21999871730804443,0.1999429613351822
11,typed_supervision,41,unmodeled_dynamics,0.07525361329317093,0.03158747777342796,0.19219791889190674
11,typed_supervision,42,control,0.05797624588012695,0.0867602676153183,0.10872753709554672
11,typed_supervision,42,common_basis,0.05797624588012695,0.2348913848400116,0.10659482330083847
11,typed_supervision,42,common_correlated,0.05797624588012695,0.46121060848236084,0.20814161002635956
11,typed_supervision,42,common_colored,0.05797624588012695,0.31336212158203125,0.2961980998516083
11,typed_supervision,42,common_exchange,0.05797624588012695,0.6806114912033081,0.14556878805160522
11,typed_supervision,42,EEG_gain,0.24316248297691345,0.0867602676153183,0.14856991171836853
11,typed_supervision,42,Hb_gain,0.05797624588012695,0.13188914954662323,0.12261247634887695
11,typed_supervision,42,noise,0.06793932616710663,0.09978067129850388,0.1218680813908577
11,typed_supervision,42,lag_1s,0.05797624588012695,0.03410148620605469,0.21505393087863922
11,typed_supervision,42,driver_amplitude,0.11067859083414078,0.12084033340215683,0.15674471855163574
11,typed_supervision,42,driver_shape,0.09247530996799469,0.14549995958805084,0.12945932149887085
11,typed_supervision,42,physiology_tau,0.05797624588012695,0.22134265303611755,0.14639025926589966
11,typed_supervision,42,unmodeled_dynamics,0.05797624588012695,0.05952481925487518,0.1364477425813675
11,typed_supervision,43,control,0.06637878715991974,0.030178332701325417,0.20549048483371735
11,typed_supervision,43,common_basis,0.06637878715991974,0.2944812774658203,0.222982719540596
11,typed_supervision,43,common_correlated,0.06637878715991974,0.1793367564678192,0.2262311577796936
11,typed_supervision,43,common_colored,0.06637878715991974,0.5037811994552612,0.3403950333595276
11,typed_supervision,43,common_exchange,0.06637878715991974,0.7294513583183289,0.22227077186107635
11,typed_supervision,43,EEG_gain,0.14621134102344513,0.030178332701325417,0.2863175570964813
11,typed_supervision,43,Hb_gain,0.06637878715991974,0.04301011189818382,0.2502046227455139
11,typed_supervision,43,noise,0.07311512529850006,0.024636154994368553,0.21343199908733368
11,typed_supervision,43,lag_1s,0.06637878715991974,0.05647459626197815,0.28384628891944885
11,typed_supervision,43,driver_amplitude,0.1717352420091629,0.05946527421474457,0.30351269245147705
11,typed_supervision,43,driver_shape,0.04798324406147003,0.019096150994300842,0.20210640132427216
11,typed_supervision,43,physiology_tau,0.06637878715991974,0.512785792350769,0.30067238211631775
11,typed_supervision,43,unmodeled_dynamics,0.06637878715991974,0.020643921568989754,0.2418121099472046
11,typed_supervision,44,control,0.056750569492578506,0.01637658104300499,0.10480654984712601
11,typed_supervision,44,common_basis,0.056750569492578506,0.10758062452077866,0.10549066215753555
11,typed_supervision,44,common_correlated,0.056750569492578506,0.0601339228451252,0.1651492416858673
11,typed_supervision,44,common_colored,0.056750569492578506,0.21818837523460388,0.20756469666957855
11,typed_supervision,44,common_exchange,0.056750569492578506,0.23022103309631348,0.12456262856721878
11,typed_supervision,44,EEG_gain,0.23257698118686676,0.01637658104300499,0.18134598433971405
11,typed_supervision,44,Hb_gain,0.056750569492578506,0.040836822241544724,0.15468403697013855
11,typed_supervision,44,noise,0.07234145700931549,0.01803145371377468,0.12426824122667313
11,typed_supervision,44,lag_1s,0.056750569492578506,0.038568053394556046,0.23099185526371002
11,typed_supervision,44,driver_amplitude,0.1588924080133438,0.05712736397981644,0.17300750315189362
11,typed_supervision,44,driver_shape,0.0690964013338089,0.015612510964274406,0.1183706596493721
11,typed_supervision,44,physiology_tau,0.056750569492578506,0.44958505034446716,0.20908647775650024
11,typed_supervision,44,unmodeled_dynamics,0.056750569492578506,0.006698721554130316,0.15358728170394897
11,typed_supervision,45,control,0.08301032334566116,0.03829699009656906,0.13587036728858948
11,typed_supervision,45,common_basis,0.08301032334566116,0.21879540383815765,0.13922694325447083
11,typed_supervision,45,common_correlated,0.08301032334566116,0.39904677867889404,0.15655189752578735
11,typed_supervision,45,common_colored,0.08301032334566116,0.5048062801361084,0.31533846259117126
11,typed_supervision,45,common_exchange,0.08301032334566116,0.2774076461791992,0.14262694120407104
11,typed_supervision,45,EEG_gain,0.2470293790102005,0.03829699009656906,0.19283412396907806
11,typed_supervision,45,Hb_gain,0.08301032334566116,0.05783194676041603,0.17761355638504028
11,typed_supervision,45,noise,0.08513923734426498,0.03963937982916832,0.1490592211484909
11,typed_supervision,45,lag_1s,0.08301032334566116,0.025498855859041214,0.23260264098644257
11,typed_supervision,45,driver_amplitude,0.20778322219848633,0.07246466726064682,0.21728134155273438
11,typed_supervision,45,driver_shape,0.056675076484680176,0.03092719428241253,0.140414297580719
11,typed_supervision,45,physiology_tau,0.08301032334566116,0.5242047309875488,0.2540469765663147
11,typed_supervision,45,unmodeled_dynamics,0.08301032334566116,0.026501638814806938,0.20973050594329834
11,typed_supervision,46,control,0.08461092412471771,0.04712313041090965,0.14384427666664124
11,typed_supervision,46,common_basis,0.08461092412471771,0.4243142306804657,0.1657637506723404
11,typed_supervision,46,common_correlated,0.08461092412471771,0.35793787240982056,0.12857891619205475
11,typed_supervision,46,common_colored,0.08461092412471771,0.5310090184211731,0.23955628275871277
11,typed_supervision,46,common_exchange,0.08461092412471771,0.6854441165924072,0.11027482897043228
11,typed_supervision,46,EEG_gain,0.20817476511001587,0.04712313041090965,0.13483059406280518
11,typed_supervision,46,Hb_gain,0.08461092412471771,0.06025787815451622,0.26277604699134827
11,typed_supervision,46,noise,0.10752802342176437,0.05380633845925331,0.15479005873203278
11,typed_supervision,46,lag_1s,0.08461092412471771,0.046090759336948395,0.19626349210739136
11,typed_supervision,46,driver_amplitude,0.17652527987957,0.0669386088848114,0.21470250189304352
11,typed_supervision,46,driver_shape,0.08083830773830414,0.03885237127542496,0.12499978393316269
11,typed_supervision,46,physiology_tau,0.08461092412471771,0.3987451493740082,0.14281180500984192
11,typed_supervision,46,unmodeled_dynamics,0.08461092412471771,0.042881887406110764,0.11901846528053284
11,typed_supervision,47,control,0.13272015750408173,0.12208234518766403,0.11742290109395981
11,typed_supervision,47,common_basis,0.13272015750408173,0.2878987789154053,0.1222979947924614
11,typed_supervision,47,common_correlated,0.13272015750408173,0.17581355571746826,0.1481233686208725
11,typed_supervision,47,common_colored,0.13272015750408173,0.9975587129592896,0.23195159435272217
11,typed_supervision,47,common_exchange,0.13272015750408173,1.3508695363998413,0.4365842938423157
11,typed_supervision,47,EEG_gain,0.22531557083129883,0.12208234518766403,0.15837331116199493
11,typed_supervision,47,Hb_gain,0.13272015750408173,0.15852323174476624,0.15207988023757935
11,typed_supervision,47,noise,0.13873544335365295,0.12458812445402145,0.12924566864967346
11,typed_supervision,47,lag_1s,0.13272015750408173,0.2005409151315689,0.17685730755329132
11,typed_supervision,47,driver_amplitude,0.29424044489860535,0.13917206227779388,0.18983452022075653
11,typed_supervision,47,driver_shape,0.10143885761499405,0.08518430590629578,0.123051717877388
11,typed_supervision,47,physiology_tau,0.13272015750408173,0.42096126079559326,0.17551742494106293
11,typed_supervision,47,unmodeled_dynamics,0.13272015750408173,0.09071934223175049,0.13989698886871338
11,typed_supervision,48,control,0.08108633011579514,0.015230152755975723,0.10668984055519104
11,typed_supervision,48,common_basis,0.08108633011579514,0.0816163718700409,0.11221978068351746
11,typed_supervision,48,common_correlated,0.08108633011579514,0.17329390347003937,0.14669163525104523
11,typed_supervision,48,common_colored,0.08108633011579514,0.33237385749816895,0.28031930327415466
11,typed_supervision,48,common_exchange,0.08108633011579514,0.4716933071613312,0.11265462636947632
11,typed_supervision,48,EEG_gain,0.20166857540607452,0.015230152755975723,0.15325458347797394
11,typed_supervision,48,Hb_gain,0.08108633011579514,0.030053557828068733,0.12235337495803833
11,typed_supervision,48,noise,0.1008341908454895,0.02002253383398056,0.1225917637348175
11,typed_supervision,48,lag_1s,0.08108633011579514,0.021444333717226982,0.22071094810962677
11,typed_supervision,48,driver_amplitude,0.13922908902168274,0.04065495729446411,0.16316083073616028
11,typed_supervision,48,driver_shape,0.08217746019363403,0.014896146953105927,0.10511142760515213
11,typed_supervision,48,physiology_tau,0.08108633011579514,0.2723439931869507,0.1265733689069748
11,typed_supervision,48,unmodeled_dynamics,0.08108633011579514,0.00989957619458437,0.1279284805059433
11,typed_supervision,49,control,0.09716563671827316,0.04345785081386566,0.17807424068450928
11,typed_supervision,49,common_basis,0.09716563671827316,0.25536632537841797,0.18449616432189941
11,typed_supervision,49,common_correlated,0.09716563671827316,0.08328529447317123,0.24951530992984772
11,typed_supervision,49,common_colored,0.09716563671827316,0.20518267154693604,0.32322371006011963
11,typed_supervision,49,common_exchange,0.09716563671827316,0.2279694825410843,0.1912750005722046
11,typed_supervision,49,EEG_gain,0.19822362065315247,0.04345785081386566,0.24235588312149048
11,typed_supervision,49,Hb_gain,0.09716563671827316,0.04860008880496025,0.20721523463726044
11,typed_supervision,49,noise,0.11587705463171005,0.032776087522506714,0.1895017921924591
11,typed_supervision,49,lag_1s,0.09716563671827316,0.04355521872639656,0.2747769355773926
11,typed_supervision,49,driver_amplitude,0.23170144855976105,0.04328543692827225,0.2689104974269867
11,typed_supervision,49,driver_shape,0.08286666870117188,0.021052682772278786,0.18152263760566711
11,typed_supervision,49,physiology_tau,0.09716563671827316,0.6619688868522644,0.23671573400497437
11,typed_supervision,49,unmodeled_dynamics,0.09716563671827316,0.031996212899684906,0.21749989688396454
11,typed_supervision,50,control,0.039727646857500076,0.084946408867836,0.10848210752010345
11,typed_supervision,50,common_basis,0.039727646857500076,0.2422369420528412,0.11766835302114487
11,typed_supervision,50,common_correlated,0.039727646857500076,0.19970963895320892,0.12322983145713806
11,typed_supervision,50,common_colored,0.039727646857500076,0.28604331612586975,0.1634877771139145
11,typed_supervision,50,common_exchange,0.039727646857500076,0.6053685545921326,0.13876520097255707
11,typed_supervision,50,EEG_gain,0.18826107680797577,0.084946408867836,0.17203986644744873
11,typed_supervision,50,Hb_gain,0.039727646857500076,0.12334583699703217,0.11024478822946548
11,typed_supervision,50,noise,0.04458361864089966,0.08511323481798172,0.12300807982683182
11,typed_supervision,50,lag_1s,0.039727646857500076,0.06656671315431595,0.25857362151145935
11,typed_supervision,50,driver_amplitude,0.12831947207450867,0.1103910505771637,0.15280978381633759
11,typed_supervision,50,driver_shape,0.04250125586986542,0.06583612412214279,0.11842305958271027
11,typed_supervision,50,physiology_tau,0.039727646857500076,0.7443294525146484,0.22300204634666443
11,typed_supervision,50,unmodeled_dynamics,0.039727646857500076,0.086729995906353,0.21513637900352478
11,typed_supervision,51,control,0.07129983603954315,0.09495069831609726,0.23447707295417786
11,typed_supervision,51,common_basis,0.07129983603954315,0.19856233894824982,0.23671641945838928
11,typed_supervision,51,common_correlated,0.07129983603954315,0.18476244807243347,0.3114335536956787
11,typed_supervision,51,common_colored,0.07129983603954315,0.2641383409500122,0.32150590419769287
11,typed_supervision,51,common_exchange,0.07129983603954315,0.42892950773239136,0.23220503330230713
11,typed_supervision,51,EEG_gain,0.1572904735803604,0.09495069831609726,0.32031282782554626
11,typed_supervision,51,Hb_gain,0.07129983603954315,0.12511049211025238,0.24077855050563812
11,typed_supervision,51,noise,0.08123526722192764,0.09872233122587204,0.2371692657470703
11,typed_supervision,51,lag_1s,0.07129983603954315,0.1311100870370865,0.270873486995697
11,typed_supervision,51,driver_amplitude,0.10631882399320602,0.08207456767559052,0.3516976833343506
11,typed_supervision,51,driver_shape,0.06395314633846283,0.057792555540800095,0.21320179104804993
11,typed_supervision,51,physiology_tau,0.07129983603954315,0.35347139835357666,0.28151533007621765
11,typed_supervision,51,unmodeled_dynamics,0.07129983603954315,0.07695168256759644,0.2672872841358185
11,typed_supervision,52,control,0.07761389762163162,0.03693433105945587,0.12941284477710724
11,typed_supervision,52,common_basis,0.07761389762163162,0.08796551823616028,0.13037022948265076
11,typed_supervision,52,common_correlated,0.07761389762163162,0.3028255105018616,0.20326749980449677
11,typed_supervision,52,common_colored,0.07761389762163162,0.12880566716194153,0.16997405886650085
11,typed_supervision,52,common_exchange,0.07761389762163162,1.6277005672454834,0.28127187490463257
11,typed_supervision,52,EEG_gain,0.15654128789901733,0.03693433105945587,0.18807317316532135
11,typed_supervision,52,Hb_gain,0.07761389762163162,0.0483059398829937,0.17260755598545074
11,typed_supervision,52,noise,0.09293481707572937,0.03732873126864433,0.14089812338352203
11,typed_supervision,52,lag_1s,0.07761389762163162,0.013801763765513897,0.20856478810310364
11,typed_supervision,52,driver_amplitude,0.16301408410072327,0.05387017875909805,0.21506217122077942
11,typed_supervision,52,driver_shape,0.055155765265226364,0.03227264806628227,0.10542360693216324
11,typed_supervision,52,physiology_tau,0.07761389762163162,0.3428405225276947,0.1584058552980423
11,typed_supervision,52,unmodeled_dynamics,0.07761389762163162,0.020475266501307487,0.13679108023643494
11,typed_supervision,53,control,0.08269508183002472,0.024988964200019836,0.1528307944536209
11,typed_supervision,53,common_basis,0.08269508183002472,0.3069322109222412,0.14767923951148987
11,typed_supervision,53,common_correlated,0.08269508183002472,0.10923053324222565,0.1614805907011032
11,typed_supervision,53,common_colored,0.08269508183002472,0.17476479709148407,0.21660050749778748
11,typed_supervision,53,common_exchange,0.08269508183002472,0.3901253640651703,0.1508692353963852
11,typed_supervision,53,EEG_gain,0.18462608754634857,0.024988964200019836,0.1952897012233734
11,typed_supervision,53,Hb_gain,0.08269508183002472,0.018175337463617325,0.1935131996870041
11,typed_supervision,53,noise,0.09002140164375305,0.025706835091114044,0.16394460201263428
11,typed_supervision,53,lag_1s,0.08269508183002472,0.05055239424109459,0.18451355397701263
11,typed_supervision,53,driver_amplitude,0.2071685642004013,0.020202534273266792,0.23898553848266602
11,typed_supervision,53,driver_shape,0.08506675064563751,0.01716690883040428,0.1528046727180481
11,typed_supervision,53,physiology_tau,0.08269508183002472,0.18322665989398956,0.17823229730129242
11,typed_supervision,53,unmodeled_dynamics,0.08269508183002472,0.020635617896914482,0.1767675131559372
11,typed_supervision,54,control,0.06271114945411682,0.044343747198581696,0.14650514721870422
11,typed_supervision,54,common_basis,0.06271114945411682,0.11867593228816986,0.15634997189044952
11,typed_supervision,54,common_correlated,0.06271114945411682,0.33871498703956604,0.30356860160827637
11,typed_supervision,54,common_colored,0.06271114945411682,0.19943822920322418,0.25896239280700684
11,typed_supervision,54,common_exchange,0.06271114945411682,0.5013037919998169,0.13936682045459747
11,typed_supervision,54,EEG_gain,0.12064101547002792,0.044343747198581696,0.18130625784397125
11,typed_supervision,54,Hb_gain,0.06271114945411682,0.06906219571828842,0.1837528645992279
11,typed_supervision,54,noise,0.07634556293487549,0.0422578901052475,0.1525135189294815
11,typed_supervision,54,lag_1s,0.06271114945411682,0.01263341773301363,0.22212255001068115
11,typed_supervision,54,driver_amplitude,0.11528221517801285,0.07427304238080978,0.2168886959552765
11,typed_supervision,54,driver_shape,0.040700580924749374,0.03882485628128052,0.1625862568616867
11,typed_supervision,54,physiology_tau,0.06271114945411682,0.1889231950044632,0.19844749569892883
11,typed_supervision,54,unmodeled_dynamics,0.06271114945411682,0.02445981092751026,0.17280834913253784
11,typed_supervision,55,control,0.09290662407875061,0.031761832535266876,0.1780729442834854
11,typed_supervision,55,common_basis,0.09290662407875061,0.15181632339954376,0.18675248324871063
11,typed_supervision,55,common_correlated,0.09290662407875061,0.08443661034107208,0.22779624164104462
11,typed_supervision,55,common_colored,0.09290662407875061,0.1542847901582718,0.2455839365720749
11,typed_supervision,55,common_exchange,0.09290662407875061,0.994909942150116,0.2909223437309265
11,typed_supervision,55,EEG_gain,0.25103533267974854,0.031761832535266876,0.24438533186912537
11,typed_supervision,55,Hb_gain,0.09290662407875061,0.04034699127078056,0.20158806443214417
11,typed_supervision,55,noise,0.10505395382642746,0.03473583236336708,0.18202625215053558
11,typed_supervision,55,lag_1s,0.09290662407875061,0.038155075162649155,0.2783004641532898
11,typed_supervision,55,driver_amplitude,0.219954714179039,0.04425284266471863,0.2711361050605774
11,typed_supervision,55,driver_shape,0.07888728380203247,0.04601310193538666,0.19009140133857727
11,typed_supervision,55,physiology_tau,0.09290662407875061,0.5708317756652832,0.2315615564584732
11,typed_supervision,55,unmodeled_dynamics,0.09290662407875061,0.043870966881513596,0.2306322604417801
11,typed_supervision,56,control,0.07745124399662018,0.03432856500148773,0.13759715855121613
11,typed_supervision,56,common_basis,0.07745124399662018,0.10273779928684235,0.13898833096027374
11,typed_supervision,56,common_correlated,0.07745124399662018,0.1560579389333725,0.23602716624736786
11,typed_supervision,56,common_colored,0.07745124399662018,0.17761078476905823,0.3765241801738739
11,typed_supervision,56,common_exchange,0.07745124399662018,0.8505744934082031,0.22849127650260925
11,typed_supervision,56,EEG_gain,0.30603891611099243,0.03432856500148773,0.1843050718307495
11,typed_supervision,56,Hb_gain,0.07745124399662018,0.04780019819736481,0.15466417372226715
11,typed_supervision,56,noise,0.08733747154474258,0.03721071407198906,0.15226733684539795
11,typed_supervision,56,lag_1s,0.07745124399662018,0.03986053541302681,0.2354726940393448
11,typed_supervision,56,driver_amplitude,0.14440369606018066,0.05750660225749016,0.22033552825450897
11,typed_supervision,56,driver_shape,0.10482890903949738,0.04080723598599434,0.16020864248275757
11,typed_supervision,56,physiology_tau,0.07745124399662018,0.36607104539871216,0.18474441766738892
11,typed_supervision,56,unmodeled_dynamics,0.07745124399662018,0.014468349516391754,0.19913199543952942
11,typed_supervision,57,control,0.09061656892299652,0.006561672780662775,0.1432420313358307
11,typed_supervision,57,common_basis,0.09061656892299652,0.11039207130670547,0.15629519522190094
11,typed_supervision,57,common_correlated,0.09061656892299652,0.35620275139808655,0.15424665808677673
11,typed_supervision,57,common_colored,0.09061656892299652,0.1792113035917282,0.20443160831928253
11,typed_supervision,57,common_exchange,0.09061656892299652,0.42923271656036377,0.14757201075553894
11,typed_supervision,57,EEG_gain,0.19176015257835388,0.006561672780662775,0.1896265745162964
11,typed_supervision,57,Hb_gain,0.09061656892299652,0.011243821121752262,0.14473822712898254
11,typed_supervision,57,noise,0.10160012543201447,0.009282972663640976,0.15762966871261597
11,typed_supervision,57,lag_1s,0.09061656892299652,0.01011237595230341,0.15959344804286957
11,typed_supervision,57,driver_amplitude,0.1617797464132309,0.015908537432551384,0.21992036700248718
11,typed_supervision,57,driver_shape,0.10217892378568649,0.012609537690877914,0.15622077882289886
11,typed_supervision,57,physiology_tau,0.09061656892299652,0.10145064443349838,0.14437182247638702
11,typed_supervision,57,unmodeled_dynamics,0.09061656892299652,0.004576739389449358,0.14611026644706726
11,typed_supervision,58,control,0.029907502233982086,0.037197865545749664,0.11698602139949799
11,typed_supervision,58,common_basis,0.029907502233982086,0.24507386982440948,0.12210865318775177
11,typed_supervision,58,common_correlated,0.029907502233982086,0.1645052433013916,0.12280020862817764
11,typed_supervision,58,common_colored,0.029907502233982086,0.6655896902084351,0.17238330841064453
11,typed_supervision,58,common_exchange,0.029907502233982086,0.69174724817276,0.13690008223056793
11,typed_supervision,58,EEG_gain,0.226033553481102,0.037197865545749664,0.18520450592041016
11,typed_supervision,58,Hb_gain,0.029907502233982086,0.0664501041173935,0.11818721145391464
11,typed_supervision,58,noise,0.030803319066762924,0.043132636696100235,0.1264832764863968
11,typed_supervision,58,lag_1s,0.029907502233982086,0.030959222465753555,0.1901806890964508
11,typed_supervision,58,driver_amplitude,0.07286445051431656,0.09422888606786728,0.17610295116901398
11,typed_supervision,58,driver_shape,0.04852122813463211,0.04601599648594856,0.12426679581403732
11,typed_supervision,58,physiology_tau,0.029907502233982086,0.17593461275100708,0.1718655377626419
11,typed_supervision,58,unmodeled_dynamics,0.029907502233982086,0.03134429454803467,0.15137718617916107
11,typed_supervision,59,control,0.07950159162282944,0.08680784702301025,0.22449302673339844
11,typed_supervision,59,common_basis,0.07950159162282944,0.4393734037876129,0.23725607991218567
11,typed_supervision,59,common_correlated,0.07950159162282944,0.2120157927274704,0.27849456667900085
11,typed_supervision,59,common_colored,0.07950159162282944,0.5926764011383057,0.2602323293685913
11,typed_supervision,59,common_exchange,0.07950159162282944,0.5155723690986633,0.23303566873073578
11,typed_supervision,59,EEG_gain,0.2679084539413452,0.08680784702301025,0.2894352078437805
11,typed_supervision,59,Hb_gain,0.07950159162282944,0.11596131324768066,0.23710742592811584
11,typed_supervision,59,noise,0.0827682614326477,0.09249568730592728,0.22949574887752533
11,typed_supervision,59,lag_1s,0.07950159162282944,0.07645641267299652,0.2731744647026062
11,typed_supervision,59,driver_amplitude,0.16280095279216766,0.09870608896017075,0.3297675848007202
11,typed_supervision,59,driver_shape,0.10481943190097809,0.06448755413293839,0.23494134843349457
11,typed_supervision,59,physiology_tau,0.07950159162282944,0.3602200448513031,0.2359088957309723
11,typed_supervision,59,unmodeled_dynamics,0.07950159162282944,0.08491447567939758,0.2563494145870209
11,typed_supervision,60,control,0.09699352830648422,0.0462985523045063,0.09531482309103012
11,typed_supervision,60,common_basis,0.09699352830648422,0.19324903190135956,0.10674829035997391
11,typed_supervision,60,common_correlated,0.09699352830648422,0.07081449776887894,0.12831580638885498
11,typed_supervision,60,common_colored,0.09699352830648422,0.6762201189994812,0.18392682075500488
11,typed_supervision,60,common_exchange,0.09699352830648422,0.12328319996595383,0.1117023229598999
11,typed_supervision,60,EEG_gain,0.2308090776205063,0.0462985523045063,0.15664219856262207
11,typed_supervision,60,Hb_gain,0.09699352830648422,0.06077739968895912,0.12869420647621155
11,typed_supervision,60,noise,0.11306096613407135,0.0445367805659771,0.11207889765501022
11,typed_supervision,60,lag_1s,0.09699352830648422,0.049410030245780945,0.21127599477767944
11,typed_supervision,60,driver_amplitude,0.2087096869945526,0.0657324567437172,0.1629820615053177
11,typed_supervision,60,driver_shape,0.0962345153093338,0.033875759690999985,0.11134335398674011
11,typed_supervision,60,physiology_tau,0.09699352830648422,0.17965197563171387,0.1771923154592514
11,typed_supervision,60,unmodeled_dynamics,0.09699352830648422,0.042858708649873734,0.1564611941576004
11,typed_supervision,61,control,0.08847743272781372,0.012866160832345486,0.2332831472158432
11,typed_supervision,61,common_basis,0.08847743272781372,0.08216144144535065,0.23496143519878387
11,typed_supervision,61,common_correlated,0.08847743272781372,0.13466572761535645,0.26546788215637207
11,typed_supervision,61,common_colored,0.08847743272781372,0.18277786672115326,0.3176173269748688
11,typed_supervision,61,common_exchange,0.08847743272781372,1.2038167715072632,0.40126314759254456
11,typed_supervision,61,EEG_gain,0.15773257613182068,0.012866160832345486,0.3040832579135895
11,typed_supervision,61,Hb_gain,0.08847743272781372,0.02379707060754299,0.27028632164001465
11,typed_supervision,61,noise,0.0940655767917633,0.011751706711947918,0.23739516735076904
11,typed_supervision,61,lag_1s,0.08847743272781372,0.025600338354706764,0.27918678522109985
11,typed_supervision,61,driver_amplitude,0.17854216694831848,0.037724364548921585,0.3449082374572754
11,typed_supervision,61,driver_shape,0.10739164799451828,0.009427136741578579,0.23360326886177063
11,typed_supervision,61,physiology_tau,0.08847743272781372,0.4276367425918579,0.27480772137641907
11,typed_supervision,61,unmodeled_dynamics,0.08847743272781372,0.03402126207947731,0.28605028986930847
11,typed_supervision,62,control,0.07979855686426163,0.0577302947640419,0.1415359526872635
11,typed_supervision,62,common_basis,0.07979855686426163,0.6890872716903687,0.17969445884227753
11,typed_supervision,62,common_correlated,0.07979855686426163,0.14985442161560059,0.16524559259414673
11,typed_supervision,62,common_colored,0.07979855686426163,0.21021129190921783,0.25663498044013977
11,typed_supervision,62,common_exchange,0.07979855686426163,1.037631630897522,0.15803010761737823
11,typed_supervision,62,EEG_gain,0.19182661175727844,0.0577302947640419,0.17419153451919556
11,typed_supervision,62,Hb_gain,0.07979855686426163,0.06820332258939743,0.24932070076465607
11,typed_supervision,62,noise,0.09789455682039261,0.041591577231884,0.15486553311347961
11,typed_supervision,62,lag_1s,0.07979855686426163,0.05457994341850281,0.19367365539073944
11,typed_supervision,62,driver_amplitude,0.16470469534397125,0.09538845717906952,0.1968151330947876
11,typed_supervision,62,driver_shape,0.0831119492650032,0.06403177976608276,0.13498003780841827
11,typed_supervision,62,physiology_tau,0.07979855686426163,0.3767518103122711,0.15701571106910706
11,typed_supervision,62,unmodeled_dynamics,0.07979855686426163,0.058044206351041794,0.12472108751535416
11,typed_supervision,63,control,0.09713384509086609,0.06079784408211708,0.2749185264110565
11,typed_supervision,63,common_basis,0.09713384509086609,0.09950718283653259,0.27741923928260803
11,typed_supervision,63,common_correlated,0.09713384509086609,0.2790291905403137,0.29619333148002625
11,typed_supervision,63,common_colored,0.09713384509086609,0.12956823408603668,0.3267061114311218
11,typed_supervision,63,common_exchange,0.09713384509086609,0.49157658219337463,0.29191482067108154
11,typed_supervision,63,EEG_gain,0.20137782394886017,0.06079784408211708,0.35269880294799805
11,typed_supervision,63,Hb_gain,0.09713384509086609,0.0846855565905571,0.28627336025238037
11,typed_supervision,63,noise,0.1185363307595253,0.058777522295713425,0.28052473068237305
11,typed_supervision,63,lag_1s,0.09713384509086609,0.04848787188529968,0.29890480637550354
11,typed_supervision,63,driver_amplitude,0.18672466278076172,0.05815942585468292,0.40850070118904114
11,typed_supervision,63,driver_shape,0.10999231040477753,0.052876196801662445,0.27947646379470825
11,typed_supervision,63,physiology_tau,0.09713384509086609,0.09959889948368073,0.2765970230102539
11,typed_supervision,63,unmodeled_dynamics,0.09713384509086609,0.05981464684009552,0.28976309299468994
11,typed_supervision,64,control,0.07805851846933365,0.044775184243917465,0.07973115146160126
11,typed_supervision,64,common_basis,0.07805851846933365,0.30900710821151733,0.12403649091720581
11,typed_supervision,64,common_correlated,0.07805851846933365,0.23270803689956665,0.12537382543087006
11,typed_supervision,64,common_colored,0.07805851846933365,0.35443052649497986,0.1701299101114273
11,typed_supervision,64,common_exchange,0.07805851846933365,0.26104646921157837,0.13299046456813812
11,typed_supervision,64,EEG_gain,0.16701604425907135,0.044775184243917465,0.12698081135749817
11,typed_supervision,64,Hb_gain,0.07805851846933365,0.054141443222761154,0.11934999376535416
11,typed_supervision,64,noise,0.07193642854690552,0.05854099616408348,0.09678062051534653
11,typed_supervision,64,lag_1s,0.07805851846933365,0.058619897812604904,0.17635144293308258
11,typed_supervision,64,driver_amplitude,0.2156098186969757,0.0486040823161602,0.1461881548166275
11,typed_supervision,64,driver_shape,0.061499591916799545,0.040990717709064484,0.09476208686828613
11,typed_supervision,64,physiology_tau,0.07805851846933365,0.24507825076580048,0.12858876585960388
11,typed_supervision,64,unmodeled_dynamics,0.07805851846933365,0.04417416825890541,0.09151937067508698
11,typed_supervision,65,control,0.07943319529294968,0.02679498866200447,0.17695564031600952
11,typed_supervision,65,common_basis,0.07943319529294968,0.19033822417259216,0.18864989280700684
11,typed_supervision,65,common_correlated,0.07943319529294968,0.14363348484039307,0.19853046536445618
11,typed_supervision,65,common_colored,0.07943319529294968,0.3460654318332672,0.2255551517009735
11,typed_supervision,65,common_exchange,0.07943319529294968,0.26500949263572693,0.17548920214176178
11,typed_supervision,65,EEG_gain,0.2621718943119049,0.02679498866200447,0.25566744804382324
11,typed_supervision,65,Hb_gain,0.07943319529294968,0.0406840480864048,0.18038879334926605
11,typed_supervision,65,noise,0.08911702036857605,0.027968335896730423,0.1861584335565567
11,typed_supervision,65,lag_1s,0.07943319529294968,0.04299366474151611,0.20326685905456543
11,typed_supervision,65,driver_amplitude,0.16681049764156342,0.048077985644340515,0.26377245783805847
11,typed_supervision,65,driver_shape,0.09340189397335052,0.020468322560191154,0.1971277892589569
11,typed_supervision,65,physiology_tau,0.07943319529294968,0.4215608537197113,0.2611050307750702
11,typed_supervision,65,unmodeled_dynamics,0.07943319529294968,0.022881964221596718,0.21325017511844635
11,typed_supervision,66,control,0.05469624325633049,0.01905939355492592,0.11553449183702469
11,typed_supervision,66,common_basis,0.05469624325633049,0.08742375671863556,0.11464308202266693
11,typed_supervision,66,common_correlated,0.05469624325633049,0.22364366054534912,0.2754247784614563
11,typed_supervision,66,common_colored,0.05469624325633049,0.3835175037384033,0.26074346899986267
11,typed_supervision,66,common_exchange,0.05469624325633049,0.41083824634552,0.14576824009418488
11,typed_supervision,66,EEG_gain,0.25103938579559326,0.01905939355492592,0.16378511488437653
11,typed_supervision,66,Hb_gain,0.05469624325633049,0.03066553920507431,0.13893868029117584
11,typed_supervision,66,noise,0.061738260090351105,0.024970736354589462,0.12740042805671692
11,typed_supervision,66,lag_1s,0.05469624325633049,0.02216382510960102,0.2388315200805664
11,typed_supervision,66,driver_amplitude,0.06684327870607376,0.04331909865140915,0.16373498737812042
11,typed_supervision,66,driver_shape,0.08116317540407181,0.029056381434202194,0.13360315561294556
11,typed_supervision,66,physiology_tau,0.05469624325633049,0.20909945666790009,0.1966746598482132
11,typed_supervision,66,unmodeled_dynamics,0.05469624325633049,0.019066786393523216,0.17720140516757965
11,typed_supervision,67,control,0.08089267462491989,0.04077508673071861,0.16956204175949097
11,typed_supervision,67,common_basis,0.08089267462491989,0.12454013526439667,0.16679289937019348
11,typed_supervision,67,common_correlated,0.08089267462491989,0.13387849926948547,0.19722910225391388
11,typed_supervision,67,common_colored,0.08089267462491989,0.22691690921783447,0.17788244783878326
11,typed_supervision,67,common_exchange,0.08089267462491989,0.6136507987976074,0.18481014668941498
11,typed_supervision,67,EEG_gain,0.21460512280464172,0.04077508673071861,0.2046404480934143
11,typed_supervision,67,Hb_gain,0.08089267462491989,0.040741216391325,0.2177126109600067
11,typed_supervision,67,noise,0.08579813688993454,0.04180556535720825,0.17760804295539856
11,typed_supervision,67,lag_1s,0.08089267462491989,0.03197241201996803,0.21669486165046692
11,typed_supervision,67,driver_amplitude,0.19971568882465363,0.0408426895737648,0.2475595325231552
11,typed_supervision,67,driver_shape,0.08312857151031494,0.03742741793394089,0.1776619404554367
11,typed_supervision,67,physiology_tau,0.08089267462491989,0.3677294850349426,0.16276076436042786
11,typed_supervision,67,unmodeled_dynamics,0.08089267462491989,0.03737730160355568,0.16616526246070862
11,typed_supervision,68,control,0.0883447676897049,0.009625278413295746,0.11688192933797836
11,typed_supervision,68,common_basis,0.0883447676897049,0.06452706456184387,0.1266254484653473
11,typed_supervision,68,common_correlated,0.0883447676897049,0.13071124255657196,0.23130857944488525
11,typed_supervision,68,common_colored,0.0883447676897049,0.6196177005767822,0.23061306774616241
11,typed_supervision,68,common_exchange,0.0883447676897049,0.2918946444988251,0.12977741658687592
11,typed_supervision,68,EEG_gain,0.2589334547519684,0.009625278413295746,0.1715593785047531
11,typed_supervision,68,Hb_gain,0.0883447676897049,0.011031226254999638,0.16154523193836212
11,typed_supervision,68,noise,0.11325939744710922,0.010788001120090485,0.1386905163526535
11,typed_supervision,68,lag_1s,0.0883447676897049,0.005958552937954664,0.23021715879440308
11,typed_supervision,68,driver_amplitude,0.1699054092168808,0.01748066209256649,0.1781134456396103
11,typed_supervision,68,driver_shape,0.07643593847751617,0.015859536826610565,0.13202443718910217
11,typed_supervision,68,physiology_tau,0.0883447676897049,0.26891428232192993,0.19764529168605804
11,typed_supervision,68,unmodeled_dynamics,0.0883447676897049,0.011434479616582394,0.1586233675479889
11,typed_supervision,69,control,0.07437524944543839,0.014008142985403538,0.2211325764656067
11,typed_supervision,69,common_basis,0.07437524944543839,0.04240114614367485,0.2286708652973175
11,typed_supervision,69,common_correlated,0.07437524944543839,0.26329419016838074,0.2519903779029846
11,typed_supervision,69,common_colored,0.07437524944543839,0.08681301027536392,0.2881188690662384
11,typed_supervision,69,common_exchange,0.07437524944543839,0.6715704798698425,0.25677260756492615
11,typed_supervision,69,EEG_gain,0.2480073720216751,0.014008142985403538,0.3055103123188019
11,typed_supervision,69,Hb_gain,0.07437524944543839,0.016563208773732185,0.22821961343288422
11,typed_supervision,69,noise,0.07697340101003647,0.018366172909736633,0.23320706188678741
11,typed_supervision,69,lag_1s,0.07437524944543839,0.014098909683525562,0.30016273260116577
11,typed_supervision,69,driver_amplitude,0.105628602206707,0.02134009078145027,0.3349902629852295
11,typed_supervision,69,driver_shape,0.09314417093992233,0.03551939129829407,0.22764985263347626
11,typed_supervision,69,physiology_tau,0.07437524944543839,0.4503309428691864,0.29337331652641296
11,typed_supervision,69,unmodeled_dynamics,0.07437524944543839,0.012438159435987473,0.2664051055908203
11,typed_supervision,70,control,0.09219417721033096,0.12383439391851425,0.12322071939706802
11,typed_supervision,70,common_basis,0.09219417721033096,0.17321377992630005,0.13125436007976532
11,typed_supervision,70,common_correlated,0.09219417721033096,0.568911612033844,0.30779188871383667
11,typed_supervision,70,common_colored,0.09219417721033096,0.3690689504146576,0.31082406640052795
11,typed_supervision,70,common_exchange,0.09219417721033096,1.0757402181625366,0.2404618263244629
11,typed_supervision,70,EEG_gain,0.2520023584365845,0.12383439391851425,0.13177506625652313
11,typed_supervision,70,Hb_gain,0.09219417721033096,0.1845712512731552,0.17223383486270905
11,typed_supervision,70,noise,0.10995741933584213,0.16115620732307434,0.1322016566991806
11,typed_supervision,70,lag_1s,0.09219417721033096,0.07493383437395096,0.18614332377910614
11,typed_supervision,70,driver_amplitude,0.17323116958141327,0.19112516939640045,0.16921603679656982
11,typed_supervision,70,driver_shape,0.07430645823478699,0.07525407522916794,0.11126800626516342
11,typed_supervision,70,physiology_tau,0.09219417721033096,0.29286202788352966,0.15231205523014069
11,typed_supervision,70,unmodeled_dynamics,0.09219417721033096,0.07460366189479828,0.174727663397789
11,typed_supervision,71,control,0.10026924312114716,0.1027364730834961,0.2291000336408615
11,typed_supervision,71,common_basis,0.10026924312114716,0.10956050455570221,0.2385479360818863
11,typed_supervision,71,common_correlated,0.10026924312114716,0.29644760489463806,0.27462315559387207
11,typed_supervision,71,common_colored,0.10026924312114716,0.3343404233455658,0.2947416603565216
11,typed_supervision,71,common_exchange,0.10026924312114716,0.4128851890563965,0.23687122762203217
11,typed_supervision,71,EEG_gain,0.22027266025543213,0.1027364730834961,0.28901407122612
11,typed_supervision,71,Hb_gain,0.10026924312114716,0.141865074634552,0.24533021450042725
11,typed_supervision,71,noise,0.11886041611433029,0.09326069802045822,0.2356894314289093
11,typed_supervision,71,lag_1s,0.10026924312114716,0.016096731647849083,0.28441673517227173
11,typed_supervision,71,driver_amplitude,0.16182857751846313,0.11537832766771317,0.3335905075073242
11,typed_supervision,71,driver_shape,0.0887354388833046,0.08823156356811523,0.22979743778705597
11,typed_supervision,71,physiology_tau,0.10026924312114716,0.23503783345222473,0.24930056929588318
11,typed_supervision,71,unmodeled_dynamics,0.10026924312114716,0.10267412662506104,0.25588753819465637
11,typed_supervision,72,control,0.13158656656742096,0.03400266543030739,0.11241331696510315
11,typed_supervision,72,common_basis,0.13158656656742096,0.25027135014533997,0.11525479704141617
11,typed_supervision,72,common_correlated,0.13158656656742096,0.2187221795320511,0.19831371307373047
11,typed_supervision,72,common_colored,0.13158656656742096,0.2546181380748749,0.1738654524087906
11,typed_supervision,72,common_exchange,0.13158656656742096,0.4127277135848999,0.1838955283164978
11,typed_supervision,72,EEG_gain,0.14570118486881256,0.03400266543030739,0.1879717856645584
11,typed_supervision,72,Hb_gain,0.13158656656742096,0.06087126210331917,0.20135146379470825
11,typed_supervision,72,noise,0.13917000591754913,0.03522714227437973,0.12454189360141754
11,typed_supervision,72,lag_1s,0.13158656656742096,0.05561871826648712,0.19841361045837402
11,typed_supervision,72,driver_amplitude,0.3021666705608368,0.08291959017515182,0.22802399098873138
11,typed_supervision,72,driver_shape,0.09691863507032394,0.05687887221574783,0.11448600888252258
11,typed_supervision,72,physiology_tau,0.13158656656742096,0.29236215353012085,0.25679636001586914
11,typed_supervision,72,unmodeled_dynamics,0.13158656656742096,0.035517770797014236,0.1756509393453598
11,typed_supervision,73,control,0.09804810583591461,0.037283144891262054,0.1714671403169632
11,typed_supervision,73,common_basis,0.09804810583591461,0.03566720336675644,0.17302551865577698
11,typed_supervision,73,common_correlated,0.09804810583591461,0.09776482731103897,0.19656960666179657
11,typed_supervision,73,common_colored,0.09804810583591461,0.2901109457015991,0.32896777987480164
11,typed_supervision,73,common_exchange,0.09804810583591461,0.834905743598938,0.17971254885196686
11,typed_supervision,73,EEG_gain,0.22316543757915497,0.037283144891262054,0.22374333441257477
11,typed_supervision,73,Hb_gain,0.09804810583591461,0.04615585505962372,0.19383053481578827
11,typed_supervision,73,noise,0.0938158929347992,0.04080131649971008,0.18137067556381226
11,typed_supervision,73,lag_1s,0.09804810583591461,0.04670291393995285,0.27704471349716187
11,typed_supervision,73,driver_amplitude,0.24005791544914246,0.056983280926942825,0.2497294396162033
11,typed_supervision,73,driver_shape,0.09090428799390793,0.02122676558792591,0.17306968569755554
11,typed_supervision,73,physiology_tau,0.09804810583591461,0.1449652463197708,0.2154296487569809
11,typed_supervision,73,unmodeled_dynamics,0.09804810583591461,0.037844520062208176,0.17893309891223907
11,typed_supervision,74,control,0.08784205466508865,0.08842366188764572,0.11751197278499603
11,typed_supervision,74,common_basis,0.08784205466508865,0.4030251204967499,0.12822116911411285
11,typed_supervision,74,common_correlated,0.08784205466508865,0.34002789855003357,0.15992288291454315
11,typed_supervision,74,common_colored,0.08784205466508865,0.49358364939689636,0.2345222681760788
11,typed_supervision,74,common_exchange,0.08784205466508865,0.7797138094902039,0.2003847062587738
11,typed_supervision,74,EEG_gain,0.2001669704914093,0.08842366188764572,0.17532971501350403
11,typed_supervision,74,Hb_gain,0.08784205466508865,0.1317969262599945,0.11692354828119278
11,typed_supervision,74,noise,0.09832847118377686,0.08575553447008133,0.12323704361915588
11,typed_supervision,74,lag_1s,0.08784205466508865,0.09672100096940994,0.19072674214839935
11,typed_supervision,74,driver_amplitude,0.1961488425731659,0.14406900107860565,0.18203257024288177
11,typed_supervision,74,driver_shape,0.09100060164928436,0.08853039145469666,0.13020601868629456
11,typed_supervision,74,physiology_tau,0.08784205466508865,0.23374883830547333,0.1790897697210312
11,typed_supervision,74,unmodeled_dynamics,0.08784205466508865,0.08992181718349457,0.16289521753787994
11,typed_supervision,75,control,0.08789574354887009,0.012058173306286335,0.21398796141147614
11,typed_supervision,75,common_basis,0.08789574354887009,0.2344457507133484,0.21244116127490997
11,typed_supervision,75,common_correlated,0.08789574354887009,0.4202244281768799,0.22897528111934662
11,typed_supervision,75,common_colored,0.08789574354887009,0.5396577715873718,0.30143019556999207
11,typed_supervision,75,common_exchange,0.08789574354887009,0.3788919150829315,0.22414055466651917
11,typed_supervision,75,EEG_gain,0.1709924340248108,0.012058173306286335,0.2921678125858307
11,typed_supervision,75,Hb_gain,0.08789574354887009,0.02915261872112751,0.2440066933631897
11,typed_supervision,75,noise,0.07592986524105072,0.017306093126535416,0.21807748079299927
11,typed_supervision,75,lag_1s,0.08789574354887009,0.030026741325855255,0.2300088107585907
11,typed_supervision,75,driver_amplitude,0.21627222001552582,0.04334040358662605,0.33150988817214966
11,typed_supervision,75,driver_shape,0.08405859023332596,0.048344843089580536,0.2222875952720642
11,typed_supervision,75,physiology_tau,0.08789574354887009,0.3923449218273163,0.2821122705936432
11,typed_supervision,75,unmodeled_dynamics,0.08789574354887009,0.02756981924176216,0.230123832821846
11,typed_supervision,76,control,0.0935794934630394,0.03259613737463951,0.10920059680938721
11,typed_supervision,76,common_basis,0.0935794934630394,0.10725220292806625,0.10871365666389465
11,typed_supervision,76,common_correlated,0.0935794934630394,0.19989724457263947,0.22423873841762543
11,typed_supervision,76,common_colored,0.0935794934630394,0.31595733761787415,0.21474049985408783
11,typed_supervision,76,common_exchange,0.0935794934630394,0.5064140558242798,0.13930043578147888
11,typed_supervision,76,EEG_gain,0.1420629471540451,0.03259613737463951,0.1723182648420334
11,typed_supervision,76,Hb_gain,0.0935794934630394,0.05133400857448578,0.20096755027770996
11,typed_supervision,76,noise,0.08748546987771988,0.02920457534492016,0.12268874794244766
11,typed_supervision,76,lag_1s,0.0935794934630394,0.007922695018351078,0.24537630379199982
11,typed_supervision,76,driver_amplitude,0.20539343357086182,0.08161580562591553,0.19443152844905853
11,typed_supervision,76,driver_shape,0.07377700507640839,0.05237480252981186,0.10744097083806992
11,typed_supervision,76,physiology_tau,0.0935794934630394,0.6012606024742126,0.2508718967437744
11,typed_supervision,76,unmodeled_dynamics,0.0935794934630394,0.034479863941669464,0.16313397884368896
11,typed_supervision,77,control,0.11068803071975708,0.038744278252124786,0.28263434767723083
11,typed_supervision,77,common_basis,0.11068803071975708,0.15671412646770477,0.2881281077861786
11,typed_supervision,77,common_correlated,0.11068803071975708,0.23703330755233765,0.31855228543281555
11,typed_supervision,77,common_colored,0.11068803071975708,0.10611291229724884,0.42692044377326965
11,typed_supervision,77,common_exchange,0.11068803071975708,0.6851606965065002,0.3286132216453552
11,typed_supervision,77,EEG_gain,0.33117398619651794,0.038744278252124786,0.3746410608291626
11,typed_supervision,77,Hb_gain,0.11068803071975708,0.041485369205474854,0.2846243679523468
11,typed_supervision,77,noise,0.10205641388893127,0.04204282909631729,0.2850853204727173
11,typed_supervision,77,lag_1s,0.11068803071975708,0.03565870597958565,0.3268600106239319
11,typed_supervision,77,driver_amplitude,0.2099313884973526,0.04602991044521332,0.4291098713874817
11,typed_supervision,77,driver_shape,0.12336911261081696,0.04091871157288551,0.30114832520484924
11,typed_supervision,77,physiology_tau,0.11068803071975708,0.1268017292022705,0.3025384843349457
11,typed_supervision,77,unmodeled_dynamics,0.11068803071975708,0.02626880630850792,0.2991536557674408
11,typed_supervision,78,control,0.07353238761425018,0.04358987137675285,0.10833873599767685
11,typed_supervision,78,common_basis,0.07353238761425018,0.21015864610671997,0.1216278076171875
11,typed_supervision,78,common_correlated,0.07353238761425018,0.15721550583839417,0.19969210028648376
11,typed_supervision,78,common_colored,0.07353238761425018,0.373030424118042,0.21200786530971527
11,typed_supervision,78,common_exchange,0.07353238761425018,0.5256026983261108,0.15579640865325928
11,typed_supervision,78,EEG_gain,0.24312838912010193,0.04358987137675285,0.15722589194774628
11,typed_supervision,78,Hb_gain,0.07353238761425018,0.05245402082800865,0.15210574865341187
11,typed_supervision,78,noise,0.07983072847127914,0.047801047563552856,0.11731160432100296
11,typed_supervision,78,lag_1s,0.07353238761425018,0.021160749718546867,0.2336447834968567
11,typed_supervision,78,driver_amplitude,0.11190825700759888,0.055026110261678696,0.15844440460205078
11,typed_supervision,78,driver_shape,0.0785815492272377,0.04206268861889839,0.11579890549182892
11,typed_supervision,78,physiology_tau,0.07353238761425018,0.29330748319625854,0.19485506415367126
11,typed_supervision,78,unmodeled_dynamics,0.07353238761425018,0.0513717457652092,0.16827526688575745
11,typed_supervision,79,control,0.05670404061675072,0.07450158894062042,0.18748414516448975
11,typed_supervision,79,common_basis,0.05670404061675072,0.25928646326065063,0.19461528956890106
11,typed_supervision,79,common_correlated,0.05670404061675072,0.29345351457595825,0.2664876878261566
11,typed_supervision,79,common_colored,0.05670404061675072,0.09628879278898239,0.2692077159881592
11,typed_supervision,79,common_exchange,0.05670404061675072,0.7518041133880615,0.20930764079093933
11,typed_supervision,79,EEG_gain,0.24517230689525604,0.07450158894062042,0.27525222301483154
11,typed_supervision,79,Hb_gain,0.05670404061675072,0.11983315646648407,0.20748725533485413
11,typed_supervision,79,noise,0.060625363141298294,0.0772760882973671,0.19890770316123962
11,typed_supervision,79,lag_1s,0.05670404061675072,0.05249781534075737,0.3307672142982483
11,typed_supervision,79,driver_amplitude,0.11517144739627838,0.1054924950003624,0.28315746784210205
11,typed_supervision,79,driver_shape,0.059468355029821396,0.10027856379747391,0.18540751934051514
11,typed_supervision,79,physiology_tau,0.05670404061675072,0.4102253019809723,0.28644150495529175
11,typed_supervision,79,unmodeled_dynamics,0.05670404061675072,0.06147175282239914,0.24363507330417633
11,typed_supervision,80,control,0.07139669358730316,0.032766588032245636,0.08156177401542664
11,typed_supervision,80,common_basis,0.07139669358730316,0.11645762622356415,0.1020837053656578
11,typed_supervision,80,common_correlated,0.07139669358730316,0.32152360677719116,0.11037741601467133
11,typed_supervision,80,common_colored,0.07139669358730316,0.29932618141174316,0.272478312253952
11,typed_supervision,80,common_exchange,0.07139669358730316,0.3645321726799011,0.12308257818222046
11,typed_supervision,80,EEG_gain,0.134901225566864,0.032766588032245636,0.11978120356798172
11,typed_supervision,80,Hb_gain,0.07139669358730316,0.05106981471180916,0.14136558771133423
11,typed_supervision,80,noise,0.059234004467725754,0.027459489181637764,0.09748678654432297
11,typed_supervision,80,lag_1s,0.07139669358730316,0.03269154578447342,0.13445179164409637
11,typed_supervision,80,driver_amplitude,0.15417899191379547,0.05290276184678078,0.12202849239110947
11,typed_supervision,80,driver_shape,0.046921953558921814,0.033956531435251236,0.08556337654590607
11,typed_supervision,80,physiology_tau,0.07139669358730316,0.21682672202587128,0.12222488969564438
11,typed_supervision,80,unmodeled_dynamics,0.07139669358730316,0.03286631032824516,0.10352851450443268
11,typed_supervision,81,control,0.07263633608818054,0.0279852282255888,0.22004812955856323
11,typed_supervision,81,common_basis,0.07263633608818054,0.27419692277908325,0.2284383475780487
11,typed_supervision,81,common_correlated,0.07263633608818054,0.03246111795306206,0.2805146276950836
11,typed_supervision,81,common_colored,0.07263633608818054,0.43161922693252563,0.2800062894821167
11,typed_supervision,81,common_exchange,0.07263633608818054,0.4331461489200592,0.2235451191663742
11,typed_supervision,81,EEG_gain,0.17875607311725616,0.0279852282255888,0.2771901488304138
11,typed_supervision,81,Hb_gain,0.07263633608818054,0.03686385229229927,0.2332352101802826
11,typed_supervision,81,noise,0.07742815464735031,0.03170577809214592,0.22483952343463898
11,typed_supervision,81,lag_1s,0.07263633608818054,0.03201238065958023,0.24442875385284424
11,typed_supervision,81,driver_amplitude,0.12061809748411179,0.046269841492176056,0.32579749822616577
11,typed_supervision,81,driver_shape,0.08856059610843658,0.020020034164190292,0.22075101733207703
11,typed_supervision,81,physiology_tau,0.07263633608818054,0.11925355345010757,0.22991801798343658
11,typed_supervision,81,unmodeled_dynamics,0.07263633608818054,0.0056095244362950325,0.2360914796590805
11,typed_supervision,82,control,0.047313906252384186,0.1356215924024582,0.09421418607234955
11,typed_supervision,82,common_basis,0.047313906252384186,0.25893115997314453,0.08486077934503555
11,typed_supervision,82,common_correlated,0.047313906252384186,0.23423634469509125,0.12799197435379028
11,typed_supervision,82,common_colored,0.047313906252384186,0.3192375600337982,0.1843438595533371
11,typed_supervision,82,common_exchange,0.047313906252384186,1.4390054941177368,0.2111148238182068
11,typed_supervision,82,EEG_gain,0.20029757916927338,0.1356215924024582,0.1435314267873764
11,typed_supervision,82,Hb_gain,0.047313906252384186,0.223457470536232,0.16266269981861115
11,typed_supervision,82,noise,0.07130985707044601,0.12371344864368439,0.11254175007343292
11,typed_supervision,82,lag_1s,0.047313906252384186,0.019297396764159203,0.23535670340061188
11,typed_supervision,82,driver_amplitude,0.12452305853366852,0.14432615041732788,0.13209545612335205
11,typed_supervision,82,driver_shape,0.03333458676934242,0.1675051748752594,0.09905581176280975
11,typed_supervision,82,physiology_tau,0.047313906252384186,0.820594847202301,0.21104544401168823
11,typed_supervision,82,unmodeled_dynamics,0.047313906252384186,0.17682375013828278,0.18291184306144714
11,typed_supervision,83,control,0.10398687422275543,0.06378060579299927,0.19707909226417542
11,typed_supervision,83,common_basis,0.10398687422275543,0.2826874554157257,0.19782447814941406
11,typed_supervision,83,common_correlated,0.10398687422275543,0.25457027554512024,0.20325274765491486
11,typed_supervision,83,common_colored,0.10398687422275543,0.0725288838148117,0.27403974533081055
11,typed_supervision,83,common_exchange,0.10398687422275543,0.5220200419425964,0.2138998657464981
11,typed_supervision,83,EEG_gain,0.1886976808309555,0.06378060579299927,0.28172218799591064
11,typed_supervision,83,Hb_gain,0.10398687422275543,0.0868811383843422,0.21510905027389526
11,typed_supervision,83,noise,0.11225259304046631,0.07445523887872696,0.2112562656402588
11,typed_supervision,83,lag_1s,0.10398687422275543,0.040801361203193665,0.2510100305080414
11,typed_supervision,83,driver_amplitude,0.23731468617916107,0.07190990447998047,0.2973240613937378
11,typed_supervision,83,driver_shape,0.1055767759680748,0.06573431193828583,0.22584225237369537
11,typed_supervision,83,physiology_tau,0.10398687422275543,0.595424473285675,0.2728177607059479
11,typed_supervision,83,unmodeled_dynamics,0.10398687422275543,0.07113652676343918,0.23473338782787323
11,typed_supervision,84,control,0.06965377926826477,0.035391371697187424,0.1279817521572113
11,typed_supervision,84,common_basis,0.06965377926826477,0.21905359625816345,0.13571493327617645
11,typed_supervision,84,common_correlated,0.06965377926826477,0.10466427356004715,0.19757556915283203
11,typed_supervision,84,common_colored,0.06965377926826477,0.4470926821231842,0.1869557499885559
11,typed_supervision,84,common_exchange,0.06965377926826477,1.096408486366272,0.2506447732448578
11,typed_supervision,84,EEG_gain,0.19919957220554352,0.035391371697187424,0.15702322125434875
11,typed_supervision,84,Hb_gain,0.06965377926826477,0.04591349512338638,0.18429385125637054
11,typed_supervision,84,noise,0.06720420718193054,0.03771914169192314,0.1414993703365326
11,typed_supervision,84,lag_1s,0.06965377926826477,0.029061073437333107,0.1819683462381363
11,typed_supervision,84,driver_amplitude,0.19241701066493988,0.05829495191574097,0.20989254117012024
11,typed_supervision,84,driver_shape,0.05161016806960106,0.0468224361538887,0.10646111518144608
11,typed_supervision,84,physiology_tau,0.06965377926826477,0.25865310430526733,0.19792583584785461
11,typed_supervision,84,unmodeled_dynamics,0.06965377926826477,0.03244447708129883,0.1985093057155609
11,typed_supervision,85,control,0.09153977781534195,0.025735117495059967,0.2818247973918915
11,typed_supervision,85,common_basis,0.09153977781534195,0.1193545013666153,0.2878340184688568
11,typed_supervision,85,common_correlated,0.09153977781534195,0.07999251037836075,0.32757368683815
11,typed_supervision,85,common_colored,0.09153977781534195,0.11458954960107803,0.3233133554458618
11,typed_supervision,85,common_exchange,0.09153977781534195,0.4011344015598297,0.31401973962783813
11,typed_supervision,85,EEG_gain,0.22375649213790894,0.025735117495059967,0.37053439021110535
11,typed_supervision,85,Hb_gain,0.09153977781534195,0.03494415804743767,0.2955235242843628
11,typed_supervision,85,noise,0.11270193755626678,0.025838632136583328,0.2869463562965393
11,typed_supervision,85,lag_1s,0.09153977781534195,0.04903396964073181,0.31297603249549866
11,typed_supervision,85,driver_amplitude,0.16314421594142914,0.041373565793037415,0.4312412738800049
11,typed_supervision,85,driver_shape,0.09884452074766159,0.024790270254015923,0.2901511788368225
11,typed_supervision,85,physiology_tau,0.09153977781534195,0.19019438326358795,0.29031938314437866
11,typed_supervision,85,unmodeled_dynamics,0.09153977781534195,0.02630765177309513,0.29324525594711304
11,typed_supervision,86,control,0.03942614421248436,0.041707322001457214,0.15247362852096558
11,typed_supervision,86,common_basis,0.03942614421248436,0.034068457782268524,0.15646271407604218
11,typed_supervision,86,common_correlated,0.03942614421248436,0.09456072747707367,0.17221100628376007
11,typed_supervision,86,common_colored,0.03942614421248436,0.29099419713020325,0.24598835408687592
11,typed_supervision,86,common_exchange,0.03942614421248436,0.7286356687545776,0.27965885400772095
11,typed_supervision,86,EEG_gain,0.260968416929245,0.041707322001457214,0.22272461652755737
11,typed_supervision,86,Hb_gain,0.03942614421248436,0.07784415036439896,0.15675972402095795
11,typed_supervision,86,noise,0.046394336968660355,0.048763174563646317,0.1667713075876236
11,typed_supervision,86,lag_1s,0.03942614421248436,0.04503563046455383,0.22195038199424744
11,typed_supervision,86,driver_amplitude,0.11998581141233444,0.09719927608966827,0.21240130066871643
11,typed_supervision,86,driver_shape,0.06531690061092377,0.04634515568614006,0.13958965241909027
11,typed_supervision,86,physiology_tau,0.03942614421248436,0.3465375006198883,0.26529744267463684
11,typed_supervision,86,unmodeled_dynamics,0.03942614421248436,0.03688880801200867,0.2056417316198349
11,typed_supervision,87,control,0.10442446172237396,0.04932991787791252,0.2179904729127884
11,typed_supervision,87,common_basis,0.10442446172237396,0.23036697506904602,0.2152632772922516
11,typed_supervision,87,common_correlated,0.10442446172237396,0.1904015839099884,0.2671991288661957
11,typed_supervision,87,common_colored,0.10442446172237396,0.09735892713069916,0.35569190979003906
11,typed_supervision,87,common_exchange,0.10442446172237396,1.092911720275879,0.36149632930755615
11,typed_supervision,87,EEG_gain,0.13146352767944336,0.04932991787791252,0.27491295337677
11,typed_supervision,87,Hb_gain,0.10442446172237396,0.0770535096526146,0.24216978251934052
11,typed_supervision,87,noise,0.11701808124780655,0.03863769769668579,0.23020493984222412
11,typed_supervision,87,lag_1s,0.10442446172237396,0.034446217119693756,0.24736133217811584
11,typed_supervision,87,driver_amplitude,0.17049212753772736,0.0600973516702652,0.31772086024284363
11,typed_supervision,87,driver_shape,0.08408947288990021,0.027799516916275024,0.2225613296031952
11,typed_supervision,87,physiology_tau,0.10442446172237396,0.2527504861354828,0.22763769328594208
11,typed_supervision,87,unmodeled_dynamics,0.10442446172237396,0.05292772501707077,0.22669517993927002
11,typed_supervision,88,control,0.07520988583564758,0.01563701592385769,0.09458579123020172
11,typed_supervision,88,common_basis,0.07520988583564758,0.19144903123378754,0.09430386126041412
11,typed_supervision,88,common_correlated,0.07520988583564758,0.14559148252010345,0.1346539705991745
11,typed_supervision,88,common_colored,0.07520988583564758,0.28484952449798584,0.2371145486831665
11,typed_supervision,88,common_exchange,0.07520988583564758,0.4394012689590454,0.10999128967523575
11,typed_supervision,88,EEG_gain,0.2575990557670593,0.01563701592385769,0.13522908091545105
11,typed_supervision,88,Hb_gain,0.07520988583564758,0.026110390201210976,0.12006127089262009
11,typed_supervision,88,noise,0.08962047100067139,0.015168368816375732,0.11218724399805069
11,typed_supervision,88,lag_1s,0.07520988583564758,0.01734957844018936,0.1585245579481125
11,typed_supervision,88,driver_amplitude,0.18516647815704346,0.04505990073084831,0.15675202012062073
11,typed_supervision,88,driver_shape,0.07339219748973846,0.014150988310575485,0.10269623249769211
11,typed_supervision,88,physiology_tau,0.07520988583564758,0.23077447712421417,0.1397981345653534
11,typed_supervision,88,unmodeled_dynamics,0.07520988583564758,0.012765595689415932,0.12236209958791733
11,typed_supervision,89,control,0.09595859050750732,0.07205765694379807,0.18588276207447052
11,typed_supervision,89,common_basis,0.09595859050750732,0.1486782282590866,0.20437166094779968
11,typed_supervision,89,common_correlated,0.09595859050750732,0.2558295428752899,0.21639703214168549
11,typed_supervision,89,common_colored,0.09595859050750732,0.5349090099334717,0.23979786038398743
11,typed_supervision,89,common_exchange,0.09595859050750732,0.3795695900917053,0.19644664227962494
11,typed_supervision,89,EEG_gain,0.24427767097949982,0.07205765694379807,0.2398693561553955
11,typed_supervision,89,Hb_gain,0.09595859050750732,0.10621275007724762,0.22081181406974792
11,typed_supervision,89,noise,0.0901254266500473,0.06812592595815659,0.1979067027568817
11,typed_supervision,89,lag_1s,0.09595859050750732,0.044027481228113174,0.2586532533168793
11,typed_supervision,89,driver_amplitude,0.22620679438114166,0.13152456283569336,0.28359925746917725
11,typed_supervision,89,driver_shape,0.09352380037307739,0.03108426183462143,0.19017378985881805
11,typed_supervision,89,physiology_tau,0.09595859050750732,0.5355417132377625,0.2122432440519333
11,typed_supervision,89,unmodeled_dynamics,0.09595859050750732,0.04854779690504074,0.1860991269350052
11,typed_supervision,90,control,0.06233982369303703,0.013849395327270031,0.1079326868057251
11,typed_supervision,90,common_basis,0.06233982369303703,0.09305357187986374,0.10490971803665161
11,typed_supervision,90,common_correlated,0.06233982369303703,0.2482171356678009,0.16473916172981262
11,typed_supervision,90,common_colored,0.06233982369303703,0.4211055338382721,0.2972865700721741
11,typed_supervision,90,common_exchange,0.06233982369303703,0.3911933898925781,0.11191181093454361
11,typed_supervision,90,EEG_gain,0.1539565622806549,0.013849395327270031,0.12733608484268188
11,typed_supervision,90,Hb_gain,0.06233982369303703,0.014161392115056515,0.14287367463111877
11,typed_supervision,90,noise,0.06735740602016449,0.02391323819756508,0.12162960320711136
11,typed_supervision,90,lag_1s,0.06233982369303703,0.006949525326490402,0.1592961698770523
11,typed_supervision,90,driver_amplitude,0.17008545994758606,0.011837425641715527,0.1667153239250183
11,typed_supervision,90,driver_shape,0.049581896513700485,0.028310419991612434,0.11867266148328781
11,typed_supervision,90,physiology_tau,0.06233982369303703,0.06453292816877365,0.1365337371826172
11,typed_supervision,90,unmodeled_dynamics,0.06233982369303703,0.02212502621114254,0.12881216406822205
11,typed_supervision,91,control,0.0867655798792839,0.025570884346961975,0.18659543991088867
11,typed_supervision,91,common_basis,0.0867655798792839,0.13173449039459229,0.19493237137794495
11,typed_supervision,91,common_correlated,0.0867655798792839,0.09645355492830276,0.2624107301235199
11,typed_supervision,91,common_colored,0.0867655798792839,0.1384442001581192,0.45532873272895813
11,typed_supervision,91,common_exchange,0.0867655798792839,0.7988169193267822,0.24832938611507416
11,typed_supervision,91,EEG_gain,0.25696009397506714,0.025570884346961975,0.2540473937988281
11,typed_supervision,91,Hb_gain,0.0867655798792839,0.03815346583724022,0.21542797982692719
11,typed_supervision,91,noise,0.0913611501455307,0.02860485017299652,0.18695621192455292
11,typed_supervision,91,lag_1s,0.0867655798792839,0.033508118242025375,0.31120550632476807
11,typed_supervision,91,driver_amplitude,0.1539408266544342,0.03263139724731445,0.29247575998306274
11,typed_supervision,91,driver_shape,0.08652205765247345,0.018404632806777954,0.19557005167007446
11,typed_supervision,91,physiology_tau,0.0867655798792839,0.34978023171424866,0.219386026263237
11,typed_supervision,91,unmodeled_dynamics,0.0867655798792839,0.018570583313703537,0.21941062808036804
11,typed_supervision,92,control,0.05252119153738022,0.03136754408478737,0.10969298332929611
11,typed_supervision,92,common_basis,0.05252119153738022,0.1761925220489502,0.12606990337371826
11,typed_supervision,92,common_correlated,0.05252119153738022,0.12467578798532486,0.1396837830543518
11,typed_supervision,92,common_colored,0.05252119153738022,0.26927638053894043,0.18235690891742706
11,typed_supervision,92,common_exchange,0.05252119153738022,0.5420393943786621,0.15276241302490234
11,typed_supervision,92,EEG_gain,0.21812212467193604,0.03136754408478737,0.1319587230682373
11,typed_supervision,92,Hb_gain,0.05252119153738022,0.0464588925242424,0.20546720921993256
11,typed_supervision,92,noise,0.0563887320458889,0.03176765516400337,0.12416002154350281
11,typed_supervision,92,lag_1s,0.05252119153738022,0.04731208458542824,0.2435726821422577
11,typed_supervision,92,driver_amplitude,0.11783209443092346,0.059468042105436325,0.17694424092769623
11,typed_supervision,92,driver_shape,0.08004678785800934,0.04079494997859001,0.13444463908672333
11,typed_supervision,92,physiology_tau,0.05252119153738022,0.4637707471847534,0.17775337398052216
11,typed_supervision,92,unmodeled_dynamics,0.05252119153738022,0.019967084750533104,0.14760462939739227
11,typed_supervision,93,control,0.1205529272556305,0.011626701802015305,0.2067963033914566
11,typed_supervision,93,common_basis,0.1205529272556305,0.23514266312122345,0.20357370376586914
11,typed_supervision,93,common_correlated,0.1205529272556305,0.23328708112239838,0.26507851481437683
11,typed_supervision,93,common_colored,0.1205529272556305,0.1922721564769745,0.29933595657348633
11,typed_supervision,93,common_exchange,0.1205529272556305,0.5046542286872864,0.21095502376556396
11,typed_supervision,93,EEG_gain,0.2641858458518982,0.011626701802015305,0.29103487730026245
11,typed_supervision,93,Hb_gain,0.1205529272556305,0.007899760268628597,0.2542100250720978
11,typed_supervision,93,noise,0.12408535927534103,0.016167623922228813,0.21943339705467224
11,typed_supervision,93,lag_1s,0.1205529272556305,0.012944183312356472,0.279751181602478
11,typed_supervision,93,driver_amplitude,0.2428407520055771,0.01651737466454506,0.3175036907196045
11,typed_supervision,93,driver_shape,0.12369218468666077,0.016644353047013283,0.20802773535251617
11,typed_supervision,93,physiology_tau,0.1205529272556305,0.36918917298316956,0.2330399751663208
11,typed_supervision,93,unmodeled_dynamics,0.1205529272556305,0.02898472175002098,0.20308873057365417
11,typed_supervision,94,control,0.06015792489051819,0.0376855842769146,0.10597839206457138
11,typed_supervision,94,common_basis,0.06015792489051819,0.36965903639793396,0.10928678512573242
11,typed_supervision,94,common_correlated,0.06015792489051819,0.23068103194236755,0.13077260553836823
11,typed_supervision,94,common_colored,0.06015792489051819,0.27718013525009155,0.20435428619384766
11,typed_supervision,94,common_exchange,0.06015792489051819,0.6639005541801453,0.24561619758605957
11,typed_supervision,94,EEG_gain,0.2432004064321518,0.0376855842769146,0.1528899222612381
11,typed_supervision,94,Hb_gain,0.06015792489051819,0.05022675544023514,0.13293667137622833
11,typed_supervision,94,noise,0.05725529417395592,0.03767840564250946,0.11694782227277756
11,typed_supervision,94,lag_1s,0.06015792489051819,0.024483555927872658,0.19029194116592407
11,typed_supervision,94,driver_amplitude,0.16855701804161072,0.06795143336057663,0.1663844883441925
11,typed_supervision,94,driver_shape,0.06590823084115982,0.03152569383382797,0.12107417732477188
11,typed_supervision,94,physiology_tau,0.06015792489051819,0.4662644565105438,0.25544121861457825
11,typed_supervision,94,unmodeled_dynamics,0.06015792489051819,0.04007068648934364,0.15427334606647491
11,typed_supervision,95,control,0.11058312654495239,0.0550001785159111,0.295483261346817
11,typed_supervision,95,common_basis,0.11058312654495239,0.15279217064380646,0.29639917612075806
11,typed_supervision,95,common_correlated,0.11058312654495239,0.2749561667442322,0.356406033039093
11,typed_supervision,95,common_colored,0.11058312654495239,0.45763981342315674,0.3852090835571289
11,typed_supervision,95,common_exchange,0.11058312654495239,0.6335948705673218,0.2948199510574341
11,typed_supervision,95,EEG_gain,0.1764955371618271,0.0550001785159111,0.3743216097354889
11,typed_supervision,95,Hb_gain,0.11058312654495239,0.07599002867937088,0.31392332911491394
11,typed_supervision,95,noise,0.11446832865476608,0.052315883338451385,0.3007397949695587
11,typed_supervision,95,lag_1s,0.11058312654495239,0.046240899711847305,0.3072930872440338
11,typed_supervision,95,driver_amplitude,0.17944316565990448,0.06658344715833664,0.43608003854751587
11,typed_supervision,95,driver_shape,0.09809921681880951,0.04898170009255409,0.2972664535045624
11,typed_supervision,95,physiology_tau,0.11058312654495239,0.3148126006126404,0.29841044545173645
11,typed_supervision,95,unmodeled_dynamics,0.11058312654495239,0.0424840971827507,0.29510006308555603
11,typed_supervision,96,control,0.07039526849985123,0.03372809290885925,0.0802534967660904
11,typed_supervision,96,common_basis,0.07039526849985123,0.18362459540367126,0.08793370425701141
11,typed_supervision,96,common_correlated,0.07039526849985123,0.1551879346370697,0.1249583512544632
11,typed_supervision,96,common_colored,0.07039526849985123,0.1750662922859192,0.31109246611595154
11,typed_supervision,96,common_exchange,0.07039526849985123,0.5591764450073242,0.10630650818347931
11,typed_supervision,96,EEG_gain,0.16211505234241486,0.03372809290885925,0.13673801720142365
11,typed_supervision,96,Hb_gain,0.07039526849985123,0.05979229137301445,0.1348918378353119
11,typed_supervision,96,noise,0.08554127812385559,0.03550858795642853,0.09850411117076874
11,typed_supervision,96,lag_1s,0.07039526849985123,0.04987552762031555,0.2843693792819977
11,typed_supervision,96,driver_amplitude,0.14974337816238403,0.0689423456788063,0.14371216297149658
11,typed_supervision,96,driver_shape,0.06782538443803787,0.02956951968371868,0.08628302067518234
11,typed_supervision,96,physiology_tau,0.07039526849985123,0.5282171964645386,0.17676864564418793
11,typed_supervision,96,unmodeled_dynamics,0.07039526849985123,0.02367987297475338,0.1616121530532837
11,typed_supervision,97,control,0.08186257630586624,0.014118213206529617,0.21734128892421722
11,typed_supervision,97,common_basis,0.08186257630586624,0.14226073026657104,0.22218462824821472
11,typed_supervision,97,common_correlated,0.08186257630586624,0.20805341005325317,0.2921564280986786
11,typed_supervision,97,common_colored,0.08186257630586624,0.14537912607192993,0.42194899916648865
11,typed_supervision,97,common_exchange,0.08186257630586624,0.8198010921478271,0.2832290828227997
11,typed_supervision,97,EEG_gain,0.18584778904914856,0.014118213206529617,0.2786557674407959
11,typed_supervision,97,Hb_gain,0.08186257630586624,0.01427204068750143,0.22600142657756805
11,typed_supervision,97,noise,0.0900728851556778,0.023638900369405746,0.2257610559463501
11,typed_supervision,97,lag_1s,0.08186257630586624,0.0063576772809028625,0.2441232055425644
11,typed_supervision,97,driver_amplitude,0.127969428896904,0.014193840324878693,0.32173779606819153
11,typed_supervision,97,driver_shape,0.07700269669294357,0.021283410489559174,0.2086266577243805
11,typed_supervision,97,physiology_tau,0.08186257630586624,0.1870008260011673,0.22856505215168
11,typed_supervision,97,unmodeled_dynamics,0.08186257630586624,0.006523293908685446,0.22660622000694275
11,typed_supervision,98,control,0.06841341406106949,0.12597811222076416,0.13201579451560974
11,typed_supervision,98,common_basis,0.06841341406106949,0.2796170711517334,0.14621645212173462
11,typed_supervision,98,common_correlated,0.06841341406106949,0.48904725909233093,0.1761069893836975
11,typed_supervision,98,common_colored,0.06841341406106949,0.3984866440296173,0.1654125452041626
11,typed_supervision,98,common_exchange,0.06841341406106949,0.6412750482559204,0.2130490392446518
11,typed_supervision,98,EEG_gain,0.20648455619812012,0.12597811222076416,0.1838131695985794
11,typed_supervision,98,Hb_gain,0.06841341406106949,0.17664490640163422,0.147325336933136
11,typed_supervision,98,noise,0.05587483197450638,0.13309238851070404,0.1506335288286209
11,typed_supervision,98,lag_1s,0.06841341406106949,0.08736810833215714,0.15625658631324768
11,typed_supervision,98,driver_amplitude,0.19929072260856628,0.2129296511411667,0.20787711441516876
11,typed_supervision,98,driver_shape,0.044557031244039536,0.15297088027000427,0.14188621938228607
11,typed_supervision,98,physiology_tau,0.06841341406106949,0.4820137321949005,0.20284193754196167
11,typed_supervision,98,unmodeled_dynamics,0.06841341406106949,0.11223285645246506,0.14096567034721375
11,typed_supervision,99,control,0.06771035492420197,0.013818682171404362,0.17491790652275085
11,typed_supervision,99,common_basis,0.06771035492420197,0.12060696631669998,0.16705043613910675
11,typed_supervision,99,common_correlated,0.06771035492420197,0.16971759498119354,0.16745981574058533
11,typed_supervision,99,common_colored,0.06771035492420197,0.6336137056350708,0.26399049162864685
11,typed_supervision,99,common_exchange,0.06771035492420197,0.3697318136692047,0.20973896980285645
11,typed_supervision,99,EEG_gain,0.19412708282470703,0.013818682171404362,0.22868965566158295
11,typed_supervision,99,Hb_gain,0.06771035492420197,0.03670699894428253,0.24768680334091187
11,typed_supervision,99,noise,0.0833645910024643,0.01622820645570755,0.17980101704597473
11,typed_supervision,99,lag_1s,0.06771035492420197,0.03327290713787079,0.20828066766262054
11,typed_supervision,99,driver_amplitude,0.1274140477180481,0.06431534141302109,0.2522806227207184
11,typed_supervision,99,driver_shape,0.050349339842796326,0.018527498468756676,0.17649972438812256
11,typed_supervision,99,physiology_tau,0.06771035492420197,0.5336577296257019,0.2669857144355774
11,typed_supervision,99,unmodeled_dynamics,0.06771035492420197,0.01953505538403988,0.22629308700561523
11,typed_supervision,100,control,0.09846097230911255,0.054522547870874405,0.10655564814805984
11,typed_supervision,100,common_basis,0.09846097230911255,0.20150047540664673,0.13511036336421967
11,typed_supervision,100,common_correlated,0.09846097230911255,0.21228095889091492,0.16542938351631165
11,typed_supervision,100,common_colored,0.09846097230911255,0.4403945505619049,0.3339012563228607
11,typed_supervision,100,common_exchange,0.09846097230911255,0.44235989451408386,0.17569440603256226
11,typed_supervision,100,EEG_gain,0.14531728625297546,0.054522547870874405,0.16286371648311615
11,typed_supervision,100,Hb_gain,0.09846097230911255,0.07978391647338867,0.1363893300294876
11,typed_supervision,100,noise,0.11509812623262405,0.05975071340799332,0.1232883557677269
11,typed_supervision,100,lag_1s,0.09846097230911255,0.038172490894794464,0.2933913469314575
11,typed_supervision,100,driver_amplitude,0.23025496304035187,0.10562428832054138,0.1952083706855774
11,typed_supervision,100,driver_shape,0.09081187099218369,0.03226267918944359,0.12341951578855515
11,typed_supervision,100,physiology_tau,0.09846097230911255,0.41813474893569946,0.1892371028661728
11,typed_supervision,100,unmodeled_dynamics,0.09846097230911255,0.038330383598804474,0.2071014791727066
11,typed_supervision,101,control,0.0935356542468071,0.012810396030545235,0.2123347967863083
11,typed_supervision,101,common_basis,0.0935356542468071,0.37684884667396545,0.2175610363483429
11,typed_supervision,101,common_correlated,0.0935356542468071,0.12692810595035553,0.2320980280637741
11,typed_supervision,101,common_colored,0.0935356542468071,0.28377509117126465,0.27697280049324036
11,typed_supervision,101,common_exchange,0.0935356542468071,0.20368988811969757,0.2365611344575882
11,typed_supervision,101,EEG_gain,0.19290465116500854,0.012810396030545235,0.2858094573020935
11,typed_supervision,101,Hb_gain,0.0935356542468071,0.02298811636865139,0.2422858029603958
11,typed_supervision,101,noise,0.0982181504368782,0.020105641335248947,0.22355760633945465
11,typed_supervision,101,lag_1s,0.0935356542468071,0.025373712182044983,0.23777759075164795
11,typed_supervision,101,driver_amplitude,0.16785497963428497,0.03155519440770149,0.3198183476924896
11,typed_supervision,101,driver_shape,0.09869228303432465,0.017246952280402184,0.21168293058872223
11,typed_supervision,101,physiology_tau,0.0935356542468071,0.3044225573539734,0.2254181206226349
11,typed_supervision,101,unmodeled_dynamics,0.0935356542468071,0.024196509271860123,0.2148142158985138
11,typed_supervision,102,control,0.04809096083045006,0.014867004007101059,0.09765350818634033
11,typed_supervision,102,common_basis,0.04809096083045006,0.12742620706558228,0.12602663040161133
11,typed_supervision,102,common_correlated,0.04809096083045006,0.08854053169488907,0.16111043095588684
11,typed_supervision,102,common_colored,0.04809096083045006,0.23822461068630219,0.2730167806148529
11,typed_supervision,102,common_exchange,0.04809096083045006,0.18495024740695953,0.11898405849933624
11,typed_supervision,102,EEG_gain,0.17956124246120453,0.014867004007101059,0.11915494501590729
11,typed_supervision,102,Hb_gain,0.04809096083045006,0.025924384593963623,0.12052474170923233
11,typed_supervision,102,noise,0.0643310546875,0.015331466682255268,0.11243325471878052
11,typed_supervision,102,lag_1s,0.04809096083045006,0.020570019260048866,0.21331794559955597
11,typed_supervision,102,driver_amplitude,0.13879543542861938,0.03763045743107796,0.12492220103740692
11,typed_supervision,102,driver_shape,0.045851901173591614,0.02602432295680046,0.11530338227748871
11,typed_supervision,102,physiology_tau,0.04809096083045006,0.2604156732559204,0.193346306681633
11,typed_supervision,102,unmodeled_dynamics,0.04809096083045006,0.01389988511800766,0.16795919835567474
11,typed_supervision,103,control,0.0879804864525795,0.05990135297179222,0.2004287987947464
11,typed_supervision,103,common_basis,0.0879804864525795,0.05590479075908661,0.1992379128932953
11,typed_supervision,103,common_correlated,0.0879804864525795,0.18665720522403717,0.22576047480106354
11,typed_supervision,103,common_colored,0.0879804864525795,0.24235385656356812,0.21135391294956207
11,typed_supervision,103,common_exchange,0.0879804864525795,0.8133119940757751,0.20568840205669403
11,typed_supervision,103,EEG_gain,0.18172664940357208,0.05990135297179222,0.26055845618247986
11,typed_supervision,103,Hb_gain,0.0879804864525795,0.08715374022722244,0.23868152499198914
11,typed_supervision,103,noise,0.10430628061294556,0.06278469413518906,0.20887424051761627
11,typed_supervision,103,lag_1s,0.0879804864525795,0.0665794089436531,0.24011924862861633
11,typed_supervision,103,driver_amplitude,0.1971806436777115,0.04954982548952103,0.27870187163352966
11,typed_supervision,103,driver_shape,0.08695843815803528,0.027185117825865746,0.20360983908176422
11,typed_supervision,103,physiology_tau,0.0879804864525795,0.7066652774810791,0.26806536316871643
11,typed_supervision,103,unmodeled_dynamics,0.0879804864525795,0.05299738422036171,0.27397048473358154
11,typed_supervision,104,control,0.13171379268169403,0.05469948425889015,0.14882078766822815
11,typed_supervision,104,common_basis,0.13171379268169403,0.21616970002651215,0.14826996624469757
11,typed_supervision,104,common_correlated,0.13171379268169403,0.24078147113323212,0.26597151160240173
11,typed_supervision,104,common_colored,0.13171379268169403,0.33692196011543274,0.3035256266593933
11,typed_supervision,104,common_exchange,0.13171379268169403,0.22939912974834442,0.14919359982013702
11,typed_supervision,104,EEG_gain,0.23579293489456177,0.05469948425889015,0.26002633571624756
11,typed_supervision,104,Hb_gain,0.13171379268169403,0.09935084730386734,0.15829400718212128
11,typed_supervision,104,noise,0.13777245581150055,0.054392989724874496,0.15360267460346222
11,typed_supervision,104,lag_1s,0.13171379268169403,0.03006373904645443,0.25030839443206787
11,typed_supervision,104,driver_amplitude,0.2264474779367447,0.1188981831073761,0.2711251676082611
11,typed_supervision,104,driver_shape,0.10945931822061539,0.061187244951725006,0.14556439220905304
11,typed_supervision,104,physiology_tau,0.13171379268169403,0.12858206033706665,0.2658051550388336
11,typed_supervision,104,unmodeled_dynamics,0.13171379268169403,0.03795579448342323,0.21874848008155823
11,typed_supervision,105,control,0.07274095714092255,0.04152354598045349,0.13422712683677673
11,typed_supervision,105,common_basis,0.07274095714092255,0.11026119440793991,0.14682933688163757
11,typed_supervision,105,common_correlated,0.07274095714092255,0.28174638748168945,0.2072855681180954
11,typed_supervision,105,common_colored,0.07274095714092255,0.20047727227210999,0.21387431025505066
11,typed_supervision,105,common_exchange,0.07274095714092255,1.0009320974349976,0.23710475862026215
11,typed_supervision,105,EEG_gain,0.20321539044380188,0.04152354598045349,0.1864643543958664
11,typed_supervision,105,Hb_gain,0.07274095714092255,0.05799870193004608,0.16163213551044464
11,typed_supervision,105,noise,0.08903679251670837,0.04117850959300995,0.15125206112861633
11,typed_supervision,105,lag_1s,0.07274095714092255,0.05863872170448303,0.2521057724952698
11,typed_supervision,105,driver_amplitude,0.17978216707706451,0.07123386859893799,0.21666990220546722
11,typed_supervision,105,driver_shape,0.08046966046094894,0.018010973930358887,0.14642073214054108
11,typed_supervision,105,physiology_tau,0.07274095714092255,0.22231553494930267,0.22742198407649994
11,typed_supervision,105,unmodeled_dynamics,0.07274095714092255,0.03848282992839813,0.21922491490840912
11,typed_supervision,106,control,0.09090934693813324,0.07894505560398102,0.1322477161884308
11,typed_supervision,106,common_basis,0.09090934693813324,0.21956025063991547,0.1310691386461258
11,typed_supervision,106,common_correlated,0.09090934693813324,0.2722906768321991,0.1818024069070816
11,typed_supervision,106,common_colored,0.09090934693813324,0.4338122308254242,0.35861459374427795
11,typed_supervision,106,common_exchange,0.09090934693813324,0.6265899538993835,0.18795469403266907
11,typed_supervision,106,EEG_gain,0.18072518706321716,0.07894505560398102,0.19216296076774597
11,typed_supervision,106,Hb_gain,0.09090934693813324,0.106873519718647,0.17790889739990234
11,typed_supervision,106,noise,0.08892601728439331,0.0781061202287674,0.1397377848625183
11,typed_supervision,106,lag_1s,0.09090934693813324,0.1297677457332611,0.20368126034736633
11,typed_supervision,106,driver_amplitude,0.23715290427207947,0.14980514347553253,0.21602968871593475
11,typed_supervision,106,driver_shape,0.07533538341522217,0.08796855062246323,0.15330587327480316
11,typed_supervision,106,physiology_tau,0.09090934693813324,0.5046569108963013,0.1607898771762848
11,typed_supervision,106,unmodeled_dynamics,0.09090934693813324,0.06224798783659935,0.15021753311157227
11,typed_supervision,107,control,0.09066715836524963,0.07279608398675919,0.2295699268579483
11,typed_supervision,107,common_basis,0.09066715836524963,0.12868396937847137,0.23166443407535553
11,typed_supervision,107,common_correlated,0.09066715836524963,0.07331690937280655,0.26814091205596924
11,typed_supervision,107,common_colored,0.09066715836524963,0.340579628944397,0.2817104458808899
11,typed_supervision,107,common_exchange,0.09066715836524963,0.3294405937194824,0.24064552783966064
11,typed_supervision,107,EEG_gain,0.17247730493545532,0.07279608398675919,0.2908397614955902
11,typed_supervision,107,Hb_gain,0.09066715836524963,0.10380031168460846,0.24848100543022156
11,typed_supervision,107,noise,0.09664072841405869,0.07974696159362793,0.24026182293891907
11,typed_supervision,107,lag_1s,0.09066715836524963,0.04518525302410126,0.24302636086940765
11,typed_supervision,107,driver_amplitude,0.15869811177253723,0.07813015580177307,0.33710911870002747
11,typed_supervision,107,driver_shape,0.10699360072612762,0.09818319976329803,0.2333947867155075
11,typed_supervision,107,physiology_tau,0.09066715836524963,0.1543816775083542,0.2240898460149765
11,typed_supervision,107,unmodeled_dynamics,0.09066715836524963,0.06910152733325958,0.23650196194648743
11,typed_supervision,108,control,0.09616556763648987,0.02923211269080639,0.12279698252677917
11,typed_supervision,108,common_basis,0.09616556763648987,0.0819045826792717,0.12361379712820053
11,typed_supervision,108,common_correlated,0.09616556763648987,0.08556470274925232,0.2445744425058365
11,typed_supervision,108,common_colored,0.09616556763648987,0.09513633698225021,0.17417608201503754
11,typed_supervision,108,common_exchange,0.09616556763648987,0.44924303889274597,0.1304592341184616
11,typed_supervision,108,EEG_gain,0.16212448477745056,0.02923211269080639,0.18722930550575256
11,typed_supervision,108,Hb_gain,0.09616556763648987,0.044961679726839066,0.20602628588676453
11,typed_supervision,108,noise,0.10493146628141403,0.033793751150369644,0.1391426920890808
11,typed_supervision,108,lag_1s,0.09616556763648987,0.06347236037254333,0.2564990818500519
11,typed_supervision,108,driver_amplitude,0.19295649230480194,0.06100701168179512,0.20728585124015808
11,typed_supervision,108,driver_shape,0.08387554436922073,0.02943241037428379,0.10973415523767471
11,typed_supervision,108,physiology_tau,0.09616556763648987,0.38688185811042786,0.234653040766716
11,typed_supervision,108,unmodeled_dynamics,0.09616556763648987,0.014646811410784721,0.21170386672019958
11,typed_supervision,109,control,0.11753540486097336,0.03799467161297798,0.2394820898771286
11,typed_supervision,109,common_basis,0.11753540486097336,0.07350092381238937,0.24733109772205353
11,typed_supervision,109,common_correlated,0.11753540486097336,0.18071933090686798,0.26139649748802185
11,typed_supervision,109,common_colored,0.11753540486097336,0.3640258014202118,0.29484841227531433
11,typed_supervision,109,common_exchange,0.11753540486097336,0.3593544065952301,0.24408724904060364
11,typed_supervision,109,EEG_gain,0.2901165783405304,0.03799467161297798,0.3102027177810669
11,typed_supervision,109,Hb_gain,0.11753540486097336,0.05268285050988197,0.2515803575515747
11,typed_supervision,109,noise,0.13049691915512085,0.04919113218784332,0.24408864974975586
11,typed_supervision,109,lag_1s,0.11753540486097336,0.03608209639787674,0.2530938982963562
11,typed_supervision,109,driver_amplitude,0.1989957094192505,0.07173498719930649,0.358678936958313
11,typed_supervision,109,driver_shape,0.1155523881316185,0.025322139263153076,0.2471257597208023
11,typed_supervision,109,physiology_tau,0.11753540486097336,0.3318716883659363,0.25550708174705505
11,typed_supervision,109,unmodeled_dynamics,0.11753540486097336,0.04344818368554115,0.26221057772636414
11,typed_supervision,110,control,0.11846791952848434,0.019898343831300735,0.1502545326948166
11,typed_supervision,110,common_basis,0.11846791952848434,0.12408345192670822,0.1486441195011139
11,typed_supervision,110,common_correlated,0.11846791952848434,0.06576573848724365,0.15347035229206085
11,typed_supervision,110,common_colored,0.11846791952848434,0.016992274671792984,0.16377930343151093
11,typed_supervision,110,common_exchange,0.11846791952848434,0.7899093627929688,0.17180614173412323
11,typed_supervision,110,EEG_gain,0.30452004075050354,0.019898343831300735,0.18675866723060608
11,typed_supervision,110,Hb_gain,0.11846791952848434,0.028908876702189445,0.18530923128128052
11,typed_supervision,110,noise,0.13598182797431946,0.022419989109039307,0.16542799770832062
11,typed_supervision,110,lag_1s,0.11846791952848434,0.03777942433953285,0.19834288954734802
11,typed_supervision,110,driver_amplitude,0.2569834291934967,0.027912044897675514,0.23368141055107117
11,typed_supervision,110,driver_shape,0.11733586341142654,0.020674079656600952,0.15097375214099884
11,typed_supervision,110,physiology_tau,0.11846791952848434,0.22517326474189758,0.1773095577955246
11,typed_supervision,110,unmodeled_dynamics,0.11846791952848434,0.015358521603047848,0.20813146233558655
11,typed_supervision,111,control,0.05916190519928932,0.018866563215851784,0.24359074234962463
11,typed_supervision,111,common_basis,0.05916190519928932,0.10312417149543762,0.24557217955589294
11,typed_supervision,111,common_correlated,0.05916190519928932,0.11492377519607544,0.26527419686317444
11,typed_supervision,111,common_colored,0.05916190519928932,0.34206610918045044,0.26699987053871155
11,typed_supervision,111,common_exchange,0.05916190519928932,1.4661130905151367,0.3221762180328369
11,typed_supervision,111,EEG_gain,0.2193136364221573,0.018866563215851784,0.30172690749168396
11,typed_supervision,111,Hb_gain,0.05916190519928932,0.0120293740183115,0.2704380452632904
11,typed_supervision,111,noise,0.07002049684524536,0.02069970592856407,0.2560734748840332
11,typed_supervision,111,lag_1s,0.05916190519928932,0.025344008579850197,0.26042869687080383
11,typed_supervision,111,driver_amplitude,0.08974114805459976,0.01615324802696705,0.346919447183609
11,typed_supervision,111,driver_shape,0.09268516302108765,0.013176037929952145,0.2541113793849945
11,typed_supervision,111,physiology_tau,0.05916190519928932,0.16419680416584015,0.2292608767747879
11,typed_supervision,111,unmodeled_dynamics,0.05916190519928932,0.020061252638697624,0.25529414415359497
11,typed_supervision,112,control,0.1027299091219902,0.016793007031083107,0.11409555375576019
11,typed_supervision,112,common_basis,0.1027299091219902,0.25724881887435913,0.1358262300491333
11,typed_supervision,112,common_correlated,0.1027299091219902,0.1836894154548645,0.14560526609420776
11,typed_supervision,112,common_colored,0.1027299091219902,0.266773521900177,0.22473683953285217
11,typed_supervision,112,common_exchange,0.1027299091219902,0.6779970526695251,0.15936078131198883
11,typed_supervision,112,EEG_gain,0.22627809643745422,0.016793007031083107,0.17231015861034393
11,typed_supervision,112,Hb_gain,0.1027299091219902,0.026322433724999428,0.16518892347812653
11,typed_supervision,112,noise,0.10259094834327698,0.017369305714964867,0.12669554352760315
11,typed_supervision,112,lag_1s,0.1027299091219902,0.01841321401298046,0.18641284108161926
11,typed_supervision,112,driver_amplitude,0.23670615255832672,0.021604638546705246,0.16848811507225037
11,typed_supervision,112,driver_shape,0.08704906702041626,0.009537008590996265,0.127301424741745
11,typed_supervision,112,physiology_tau,0.1027299091219902,0.24920986592769623,0.1845131814479828
11,typed_supervision,112,unmodeled_dynamics,0.1027299091219902,0.016650313511490822,0.14077578485012054
11,typed_supervision,113,control,0.07347767055034637,0.04218402877449989,0.24871885776519775
11,typed_supervision,113,common_basis,0.07347767055034637,0.25261831283569336,0.2516982853412628
11,typed_supervision,113,common_correlated,0.07347767055034637,0.10490375012159348,0.2630418539047241
11,typed_supervision,113,common_colored,0.07347767055034637,0.10118894279003143,0.30262598395347595
11,typed_supervision,113,common_exchange,0.07347767055034637,0.7200122475624084,0.2663833498954773
11,typed_supervision,113,EEG_gain,0.26604264974594116,0.04218402877449989,0.33433520793914795
11,typed_supervision,113,Hb_gain,0.07347767055034637,0.057543087750673294,0.2703555226325989
11,typed_supervision,113,noise,0.09439536184072495,0.04751867428421974,0.2551603317260742
11,typed_supervision,113,lag_1s,0.07347767055034637,0.04011936113238335,0.2908537685871124
11,typed_supervision,113,driver_amplitude,0.12494859099388123,0.0643913522362709,0.3741329312324524
11,typed_supervision,113,driver_shape,0.06699469685554504,0.03493465483188629,0.24864016473293304
11,typed_supervision,113,physiology_tau,0.07347767055034637,0.36353278160095215,0.2713276147842407
11,typed_supervision,113,unmodeled_dynamics,0.07347767055034637,0.04573903605341911,0.256164014339447
11,typed_supervision,114,control,0.0631697028875351,0.027146948501467705,0.13434068858623505
11,typed_supervision,114,common_basis,0.0631697028875351,0.03408607840538025,0.13501720130443573
11,typed_supervision,114,common_correlated,0.0631697028875351,0.09023380279541016,0.18392549455165863
11,typed_supervision,114,common_colored,0.0631697028875351,0.2984006702899933,0.22952251136302948
11,typed_supervision,114,common_exchange,0.0631697028875351,0.3057198226451874,0.1730763018131256
11,typed_supervision,114,EEG_gain,0.19076062738895416,0.027146948501467705,0.21992860734462738
11,typed_supervision,114,Hb_gain,0.0631697028875351,0.025730030611157417,0.17041268944740295
11,typed_supervision,114,noise,0.07015235722064972,0.03287649527192116,0.1457350254058838
11,typed_supervision,114,lag_1s,0.0631697028875351,0.03431011736392975,0.2852868139743805
11,typed_supervision,114,driver_amplitude,0.13743776082992554,0.027921490371227264,0.21774551272392273
11,typed_supervision,114,driver_shape,0.0679817795753479,0.02753419429063797,0.11872073262929916
11,typed_supervision,114,physiology_tau,0.0631697028875351,0.28048622608184814,0.2408062070608139
11,typed_supervision,114,unmodeled_dynamics,0.0631697028875351,0.03090042993426323,0.19360250234603882
11,typed_supervision,115,control,0.07135967910289764,0.09819009900093079,0.18349051475524902
11,typed_supervision,115,common_basis,0.07135967910289764,0.14098434150218964,0.18074989318847656
11,typed_supervision,115,common_correlated,0.07135967910289764,0.1186239942908287,0.28806471824645996
11,typed_supervision,115,common_colored,0.07135967910289764,0.29273802042007446,0.3755086660385132
11,typed_supervision,115,common_exchange,0.07135967910289764,0.7959464192390442,0.195674866437912
11,typed_supervision,115,EEG_gain,0.2562962472438812,0.09819009900093079,0.21841631829738617
11,typed_supervision,115,Hb_gain,0.07135967910289764,0.1382996141910553,0.23974189162254333
11,typed_supervision,115,noise,0.07775004208087921,0.10354708880186081,0.18947908282279968
11,typed_supervision,115,lag_1s,0.07135967910289764,0.05845664441585541,0.28077787160873413
11,typed_supervision,115,driver_amplitude,0.16236476600170135,0.11473403126001358,0.28195592761039734
11,typed_supervision,115,driver_shape,0.06896833330392838,0.11466170847415924,0.19363482296466827
11,typed_supervision,115,physiology_tau,0.07135967910289764,0.36044690012931824,0.19527846574783325
11,typed_supervision,115,unmodeled_dynamics,0.07135967910289764,0.10839036852121353,0.2033771425485611
11,typed_supervision,116,control,0.11003688722848892,0.030591238290071487,0.10616537183523178
11,typed_supervision,116,common_basis,0.11003688722848892,0.1834605187177658,0.12057346850633621
11,typed_supervision,116,common_correlated,0.11003688722848892,0.23181109130382538,0.1418531984090805
11,typed_supervision,116,common_colored,0.11003688722848892,0.23190420866012573,0.17326030135154724
11,typed_supervision,116,common_exchange,0.11003688722848892,0.38468030095100403,0.12197250127792358
11,typed_supervision,116,EEG_gain,0.20681500434875488,0.030591238290071487,0.16241049766540527
11,typed_supervision,116,Hb_gain,0.11003688722848892,0.02645212784409523,0.12647061049938202
11,typed_supervision,116,noise,0.12824144959449768,0.029578853398561478,0.11865271627902985
11,typed_supervision,116,lag_1s,0.11003688722848892,0.07878310978412628,0.17428895831108093
11,typed_supervision,116,driver_amplitude,0.2565065324306488,0.056749917566776276,0.1935674399137497
11,typed_supervision,116,driver_shape,0.08042778074741364,0.030442312359809875,0.11861295253038406
11,typed_supervision,116,physiology_tau,0.11003688722848892,0.3879702687263489,0.19202037155628204
11,typed_supervision,116,unmodeled_dynamics,0.11003688722848892,0.04321068152785301,0.1357649862766266
11,typed_supervision,117,control,0.06938870996236801,0.015871316194534302,0.17407098412513733
11,typed_supervision,117,common_basis,0.06938870996236801,0.22891247272491455,0.181127667427063
11,typed_supervision,117,common_correlated,0.06938870996236801,0.18518610298633575,0.18223625421524048
11,typed_supervision,117,common_colored,0.06938870996236801,0.06154988333582878,0.20398691296577454
11,typed_supervision,117,common_exchange,0.06938870996236801,1.5727741718292236,0.5558854341506958
11,typed_supervision,117,EEG_gain,0.23210404813289642,0.015871316194534302,0.22920824587345123
11,typed_supervision,117,Hb_gain,0.06938870996236801,0.014897776767611504,0.18102037906646729
11,typed_supervision,117,noise,0.08879214525222778,0.027572130784392357,0.18336084485054016
11,typed_supervision,117,lag_1s,0.06938870996236801,0.019604984670877457,0.1993141621351242
11,typed_supervision,117,driver_amplitude,0.18802453577518463,0.024981021881103516,0.27158883213996887
11,typed_supervision,117,driver_shape,0.09475482255220413,0.040574368089437485,0.18644167482852936
11,typed_supervision,117,physiology_tau,0.06938870996236801,0.11847426742315292,0.19192567467689514
11,typed_supervision,117,unmodeled_dynamics,0.06938870996236801,0.018337268382310867,0.17616380751132965
11,typed_supervision,118,control,0.11984684318304062,0.07507770508527756,0.14623527228832245
11,typed_supervision,118,common_basis,0.11984684318304062,0.23432935774326324,0.1600085347890854
11,typed_supervision,118,common_correlated,0.11984684318304062,0.20511099696159363,0.22339506447315216
11,typed_supervision,118,common_colored,0.11984684318304062,0.5591846108436584,0.22897088527679443
11,typed_supervision,118,common_exchange,0.11984684318304062,0.28088271617889404,0.17948783934116364
11,typed_supervision,118,EEG_gain,0.1989872306585312,0.07507770508527756,0.180292010307312
11,typed_supervision,118,Hb_gain,0.11984684318304062,0.08960465341806412,0.2667093575000763
11,typed_supervision,118,noise,0.11767531931400299,0.07174153625965118,0.15693600475788116
11,typed_supervision,118,lag_1s,0.11984684318304062,0.06548722088336945,0.2436404675245285
11,typed_supervision,118,driver_amplitude,0.2618139684200287,0.09866077452898026,0.22855578362941742
11,typed_supervision,118,driver_shape,0.10475482046604156,0.07370159029960632,0.14149759709835052
11,typed_supervision,118,physiology_tau,0.11984684318304062,0.5745183825492859,0.16522441804409027
11,typed_supervision,118,unmodeled_dynamics,0.11984684318304062,0.07385595887899399,0.18089282512664795
11,typed_supervision,119,control,0.10119402408599854,0.07622325420379639,0.22106145322322845
11,typed_supervision,119,common_basis,0.10119402408599854,0.048630908131599426,0.22275204956531525
11,typed_supervision,119,common_correlated,0.10119402408599854,0.30905601382255554,0.245139479637146
11,typed_supervision,119,common_colored,0.10119402408599854,0.40236860513687134,0.3186241686344147
11,typed_supervision,119,common_exchange,0.10119402408599854,0.24569031596183777,0.2522832155227661
11,typed_supervision,119,EEG_gain,0.17810122668743134,0.07622325420379639,0.2974036633968353
11,typed_supervision,119,Hb_gain,0.10119402408599854,0.10612253844738007,0.23259049654006958
11,typed_supervision,119,noise,0.12300563603639603,0.07766924798488617,0.22685301303863525
11,typed_supervision,119,lag_1s,0.10119402408599854,0.04396035894751549,0.28156277537345886
11,typed_supervision,119,driver_amplitude,0.19213135540485382,0.06268540769815445,0.3403712809085846
11,typed_supervision,119,driver_shape,0.10838866233825684,0.026689473539590836,0.213591068983078
11,typed_supervision,119,physiology_tau,0.10119402408599854,0.5001645088195801,0.2595363259315491
11,typed_supervision,119,unmodeled_dynamics,0.10119402408599854,0.11372582614421844,0.2540114223957062
11,typed_supervision,120,control,0.09701405465602875,0.0609559491276741,0.12367533892393112
11,typed_supervision,120,common_basis,0.09701405465602875,0.3745138347148895,0.18795330822467804
11,typed_supervision,120,common_correlated,0.09701405465602875,0.15270476043224335,0.20233145356178284
11,typed_supervision,120,common_colored,0.09701405465602875,0.6700385808944702,0.2761889100074768
11,typed_supervision,120,common_exchange,0.09701405465602875,0.4627690017223358,0.18110524117946625
11,typed_supervision,120,EEG_gain,0.16412252187728882,0.0609559491276741,0.1906406283378601
11,typed_supervision,120,Hb_gain,0.09701405465602875,0.08984493464231491,0.16202107071876526
11,typed_supervision,120,noise,0.10581803321838379,0.07297128438949585,0.13692700862884521
11,typed_supervision,120,lag_1s,0.09701405465602875,0.028337420895695686,0.23949074745178223
11,typed_supervision,120,driver_amplitude,0.18862520158290863,0.09596839547157288,0.20781627297401428
11,typed_supervision,120,driver_shape,0.10065629333257675,0.07109909504652023,0.141238272190094
11,typed_supervision,120,physiology_tau,0.09701405465602875,0.3724783658981323,0.2762943506240845
11,typed_supervision,120,unmodeled_dynamics,0.09701405465602875,0.04050949215888977,0.22362662851810455
11,typed_supervision,121,control,0.07934580743312836,0.028390010818839073,0.23242248594760895
11,typed_supervision,121,common_basis,0.07934580743312836,0.0783083364367485,0.2356749325990677
11,typed_supervision,121,common_correlated,0.07934580743312836,0.11345788091421127,0.3586926758289337
11,typed_supervision,121,common_colored,0.07934580743312836,0.13599719107151031,0.37236401438713074
11,typed_supervision,121,common_exchange,0.07934580743312836,0.572506844997406,0.24761995673179626
11,typed_supervision,121,EEG_gain,0.259503036737442,0.028390010818839073,0.3251110017299652
11,typed_supervision,121,Hb_gain,0.07934580743312836,0.04802539572119713,0.2385699450969696
11,typed_supervision,121,noise,0.08839534968137741,0.035236649215221405,0.23981468379497528
11,typed_supervision,121,lag_1s,0.07934580743312836,0.0408933199942112,0.2831105887889862
11,typed_supervision,121,driver_amplitude,0.11727908253669739,0.0582713820040226,0.35654619336128235
11,typed_supervision,121,driver_shape,0.07668843120336533,0.008670373819768429,0.24045206606388092
11,typed_supervision,121,physiology_tau,0.07934580743312836,0.2046719193458557,0.29791587591171265
11,typed_supervision,121,unmodeled_dynamics,0.07934580743312836,0.04018377140164375,0.28231361508369446
11,typed_supervision,122,control,0.09436526894569397,0.0302563663572073,0.11506650596857071
11,typed_supervision,122,common_basis,0.09436526894569397,0.10156229138374329,0.14940977096557617
11,typed_supervision,122,common_correlated,0.09436526894569397,0.26394814252853394,0.13439065217971802
11,typed_supervision,122,common_colored,0.09436526894569397,0.20996972918510437,0.16059167683124542
11,typed_supervision,122,common_exchange,0.09436526894569397,0.6299972534179688,0.16752475500106812
11,typed_supervision,122,EEG_gain,0.18839912116527557,0.0302563663572073,0.15315543115139008
11,typed_supervision,122,Hb_gain,0.09436526894569397,0.04694531485438347,0.1308670938014984
11,typed_supervision,122,noise,0.09656257182359695,0.040986403822898865,0.12615543603897095
11,typed_supervision,122,lag_1s,0.09436526894569397,0.02376032993197441,0.20260977745056152
11,typed_supervision,122,driver_amplitude,0.17650429904460907,0.05171483755111694,0.1791343092918396
11,typed_supervision,122,driver_shape,0.08999323099851608,0.020580492913722992,0.11247316747903824
11,typed_supervision,122,physiology_tau,0.09436526894569397,0.1930321455001831,0.11904393136501312
11,typed_supervision,122,unmodeled_dynamics,0.09436526894569397,0.02466612122952938,0.12779128551483154
11,typed_supervision,123,control,0.11649977415800095,0.10712077468633652,0.2579065263271332
11,typed_supervision,123,common_basis,0.11649977415800095,0.4081841707229614,0.2611403167247772
11,typed_supervision,123,common_correlated,0.11649977415800095,0.35495099425315857,0.3434990346431732
11,typed_supervision,123,common_colored,0.11649977415800095,0.2587784230709076,0.2880134582519531
11,typed_supervision,123,common_exchange,0.11649977415800095,1.2515113353729248,0.31138670444488525
11,typed_supervision,123,EEG_gain,0.2113606035709381,0.10712077468633652,0.33423304557800293
11,typed_supervision,123,Hb_gain,0.11649977415800095,0.1520007997751236,0.2806398570537567
11,typed_supervision,123,noise,0.11014990508556366,0.11505508422851562,0.25964075326919556
11,typed_supervision,123,lag_1s,0.11649977415800095,0.022832142189145088,0.2762215733528137
11,typed_supervision,123,driver_amplitude,0.19023475050926208,0.10317264497280121,0.381381630897522
11,typed_supervision,123,driver_shape,0.10885521024465561,0.03293166309595108,0.24527224898338318
11,typed_supervision,123,physiology_tau,0.11649977415800095,0.17154517769813538,0.2739003300666809
11,typed_supervision,123,unmodeled_dynamics,0.11649977415800095,0.07659436017274857,0.28756141662597656
11,typed_supervision,124,control,0.04944482073187828,0.017693068832159042,0.09646666049957275
11,typed_supervision,124,common_basis,0.04944482073187828,0.06628995388746262,0.11906209588050842
11,typed_supervision,124,common_correlated,0.04944482073187828,0.1732834130525589,0.1915607750415802
11,typed_supervision,124,common_colored,0.04944482073187828,0.29926082491874695,0.2298887073993683
11,typed_supervision,124,common_exchange,0.04944482073187828,0.43167510628700256,0.1232503354549408
11,typed_supervision,124,EEG_gain,0.2806168496608734,0.017693068832159042,0.16800737380981445
11,typed_supervision,124,Hb_gain,0.04944482073187828,0.028417745605111122,0.15182805061340332
11,typed_supervision,124,noise,0.06910739094018936,0.014886359684169292,0.11900904029607773
11,typed_supervision,124,lag_1s,0.04944482073187828,0.02385973371565342,0.27822741866111755
11,typed_supervision,124,driver_amplitude,0.09972851723432541,0.038965873420238495,0.15345431864261627
11,typed_supervision,124,driver_shape,0.07981976121664047,0.01639643870294094,0.10568111389875412
11,typed_supervision,124,physiology_tau,0.04944482073187828,0.22163940966129303,0.23242729902267456
11,typed_supervision,124,unmodeled_dynamics,0.04944482073187828,0.015294530428946018,0.2119138389825821
11,typed_supervision,125,control,0.09956203401088715,0.07956814765930176,0.1550367772579193
11,typed_supervision,125,common_basis,0.09956203401088715,0.20787273347377777,0.1564040631055832
11,typed_supervision,125,common_correlated,0.09956203401088715,0.146110400557518,0.3077310025691986
11,typed_supervision,125,common_colored,0.09956203401088715,0.21241047978401184,0.22842703759670258
11,typed_supervision,125,common_exchange,0.09956203401088715,0.5020309686660767,0.15999682247638702
11,typed_supervision,125,EEG_gain,0.17098470032215118,0.07956814765930176,0.20391219854354858
11,typed_supervision,125,Hb_gain,0.09956203401088715,0.09793704003095627,0.17806905508041382
11,typed_supervision,125,noise,0.10533267259597778,0.0818222314119339,0.1658027619123459
11,typed_supervision,125,lag_1s,0.09956203401088715,0.04294894263148308,0.23291057348251343
11,typed_supervision,125,driver_amplitude,0.22235813736915588,0.10642532259225845,0.24171733856201172
11,typed_supervision,125,driver_shape,0.050383713096380234,0.05046252906322479,0.14663396775722504
11,typed_supervision,125,physiology_tau,0.09956203401088715,0.3366921544075012,0.21793241798877716
11,typed_supervision,125,unmodeled_dynamics,0.09956203401088715,0.06286676228046417,0.21276919543743134
11,typed_supervision,126,control,0.055504973977804184,0.04976307228207588,0.11432644724845886
11,typed_supervision,126,common_basis,0.055504973977804184,0.27760061621665955,0.1427004039287567
11,typed_supervision,126,common_correlated,0.055504973977804184,0.30666643381118774,0.1469424068927765
11,typed_supervision,126,common_colored,0.055504973977804184,0.20658206939697266,0.14187321066856384
11,typed_supervision,126,common_exchange,0.055504973977804184,0.4319373369216919,0.2335682362318039
11,typed_supervision,126,EEG_gain,0.17086663842201233,0.04976307228207588,0.11796681582927704
11,typed_supervision,126,Hb_gain,0.055504973977804184,0.052752017974853516,0.17794910073280334
11,typed_supervision,126,noise,0.056203220039606094,0.050769973546266556,0.1260966956615448
11,typed_supervision,126,lag_1s,0.055504973977804184,0.05170021951198578,0.1556517481803894
11,typed_supervision,126,driver_amplitude,0.14083954691886902,0.04185206815600395,0.16583001613616943
11,typed_supervision,126,driver_shape,0.059269897639751434,0.02709902636706829,0.09319997578859329
11,typed_supervision,126,physiology_tau,0.055504973977804184,0.3540031611919403,0.16938595473766327
11,typed_supervision,126,unmodeled_dynamics,0.055504973977804184,0.04680560529232025,0.1750219613313675
11,typed_supervision,127,control,0.06488305330276489,0.03759272024035454,0.1668078899383545
11,typed_supervision,127,common_basis,0.06488305330276489,0.190677210688591,0.17727790772914886
11,typed_supervision,127,common_correlated,0.06488305330276489,0.152020663022995,0.17851398885250092
11,typed_supervision,127,common_colored,0.06488305330276489,0.3918600082397461,0.326071560382843
11,typed_supervision,127,common_exchange,0.06488305330276489,0.9727961421012878,0.22951196134090424
11,typed_supervision,127,EEG_gain,0.17687344551086426,0.03759272024035454,0.22454844415187836
11,typed_supervision,127,Hb_gain,0.06488305330276489,0.049559686332941055,0.21380341053009033
11,typed_supervision,127,noise,0.09289100766181946,0.03057127259671688,0.17737238109111786
11,typed_supervision,127,lag_1s,0.06488305330276489,0.04825890064239502,0.1690911501646042
11,typed_supervision,127,driver_amplitude,0.13533447682857513,0.03786129504442215,0.25991106033325195
11,typed_supervision,127,driver_shape,0.06965648382902145,0.0411616675555706,0.16660785675048828
11,typed_supervision,127,physiology_tau,0.06488305330276489,0.3214898407459259,0.1832854300737381
11,typed_supervision,127,unmodeled_dynamics,0.06488305330276489,0.04295783117413521,0.17294569313526154
22,typed_supervision,0,control,0.06441337615251541,0.03201024979352951,0.10216643661260605
22,typed_supervision,0,common_basis,0.06441337615251541,0.1337083876132965,0.10709700733423233
22,typed_supervision,0,common_correlated,0.06441337615251541,0.1769532561302185,0.1754608154296875
22,typed_supervision,0,common_colored,0.06441337615251541,0.27270373702049255,0.22925487160682678
22,typed_supervision,0,common_exchange,0.06441337615251541,0.5584697723388672,0.12658743560314178
22,typed_supervision,0,EEG_gain,0.22291573882102966,0.03201024979352951,0.15032772719860077
22,typed_supervision,0,Hb_gain,0.06441337615251541,0.05774420499801636,0.1345389038324356
22,typed_supervision,0,noise,0.05902770906686783,0.02867097593843937,0.11741700023412704
22,typed_supervision,0,lag_1s,0.06441337615251541,0.06942173838615417,0.1744764894247055
22,typed_supervision,0,driver_amplitude,0.21016037464141846,0.061207063496112823,0.18842214345932007
22,typed_supervision,0,driver_shape,0.051927585154771805,0.01293626893311739,0.10405458509922028
22,typed_supervision,0,physiology_tau,0.06441337615251541,0.30373600125312805,0.15627868473529816
22,typed_supervision,0,unmodeled_dynamics,0.06441337615251541,0.04905266314744949,0.14786396920681
22,typed_supervision,1,control,0.09014487266540527,0.03173951804637909,0.2171359658241272
22,typed_supervision,1,common_basis,0.09014487266540527,0.15794146060943604,0.23106072843074799
22,typed_supervision,1,common_correlated,0.09014487266540527,0.17448756098747253,0.25232794880867004
22,typed_supervision,1,common_colored,0.09014487266540527,0.6425056457519531,0.33170855045318604
22,typed_supervision,1,common_exchange,0.09014487266540527,1.1599009037017822,0.26296448707580566
22,typed_supervision,1,EEG_gain,0.19846074283123016,0.03173951804637909,0.2802042067050934
22,typed_supervision,1,Hb_gain,0.09014487266540527,0.03536633774638176,0.2265193611383438
22,typed_supervision,1,noise,0.10360803455114365,0.02330276556313038,0.22429274022579193
22,typed_supervision,1,lag_1s,0.09014487266540527,0.011200700886547565,0.24484533071517944
22,typed_supervision,1,driver_amplitude,0.16086097061634064,0.037316832691431046,0.3243914544582367
22,typed_supervision,1,driver_shape,0.10087639093399048,0.02699478529393673,0.21785135567188263
22,typed_supervision,1,physiology_tau,0.09014487266540527,0.5389333367347717,0.24260811507701874
22,typed_supervision,1,unmodeled_dynamics,0.09014487266540527,0.02466174028813839,0.24223360419273376
22,typed_supervision,2,control,0.051111944019794464,0.047650549560785294,0.09992111474275589
22,typed_supervision,2,common_basis,0.051111944019794464,0.16014090180397034,0.14760816097259521
22,typed_supervision,2,common_correlated,0.051111944019794464,0.20958228409290314,0.18593211472034454
22,typed_supervision,2,common_colored,0.051111944019794464,0.03598475828766823,0.19542984664440155
22,typed_supervision,2,common_exchange,0.051111944019794464,0.7308688163757324,0.13852258026599884
22,typed_supervision,2,EEG_gain,0.32554447650909424,0.047650549560785294,0.12177558988332748
22,typed_supervision,2,Hb_gain,0.051111944019794464,0.0690860003232956,0.13412703573703766
22,typed_supervision,2,noise,0.10579308867454529,0.053011853247880936,0.11407774686813354
22,typed_supervision,2,lag_1s,0.051111944019794464,0.05076323822140694,0.12188973277807236
22,typed_supervision,2,driver_amplitude,0.16700685024261475,0.10182149708271027,0.16677987575531006
22,typed_supervision,2,driver_shape,0.04679761081933975,0.05007210001349449,0.10621504485607147
22,typed_supervision,2,physiology_tau,0.051111944019794464,0.240578293800354,0.12811420857906342
22,typed_supervision,2,unmodeled_dynamics,0.051111944019794464,0.04576403275132179,0.11857952177524567
22,typed_supervision,3,control,0.09717588871717453,0.035148389637470245,0.22885876893997192
22,typed_supervision,3,common_basis,0.09717588871717453,0.14331941306591034,0.2292218655347824
22,typed_supervision,3,common_correlated,0.09717588871717453,0.35081520676612854,0.33130618929862976
22,typed_supervision,3,common_colored,0.09717588871717453,0.6347286701202393,0.31601837277412415
22,typed_supervision,3,common_exchange,0.09717588871717453,0.5755856037139893,0.23792415857315063
22,typed_supervision,3,EEG_gain,0.39024654030799866,0.035148389637470245,0.31691184639930725
22,typed_supervision,3,Hb_gain,0.09717588871717453,0.032547298818826675,0.23429740965366364
22,typed_supervision,3,noise,0.1177203357219696,0.044124845415353775,0.2409796118736267
22,typed_supervision,3,lag_1s,0.09717588871717453,0.023232392966747284,0.2994479835033417
22,typed_supervision,3,driver_amplitude,0.11399674415588379,0.027855688706040382,0.3551296889781952
22,typed_supervision,3,driver_shape,0.09854241460561752,0.025715086609125137,0.24508929252624512
22,typed_supervision,3,physiology_tau,0.09717588871717453,0.13769440352916718,0.2826770842075348
22,typed_supervision,3,unmodeled_dynamics,0.09717588871717453,0.03073810413479805,0.2955075204372406
22,typed_supervision,4,control,0.05958402156829834,0.03422810509800911,0.11851708590984344
22,typed_supervision,4,common_basis,0.05958402156829834,0.4129602015018463,0.14609044790267944
22,typed_supervision,4,common_correlated,0.05958402156829834,0.08068165183067322,0.15691663324832916
22,typed_supervision,4,common_colored,0.05958402156829834,0.49410802125930786,0.17562909424304962
22,typed_supervision,4,common_exchange,0.05958402156829834,0.35033494234085083,0.12986542284488678
22,typed_supervision,4,EEG_gain,0.21772027015686035,0.03422810509800911,0.1665923297405243
22,typed_supervision,4,Hb_gain,0.05958402156829834,0.048375967890024185,0.13747921586036682
22,typed_supervision,4,noise,0.06852322816848755,0.033413805067539215,0.13858970999717712
22,typed_supervision,4,lag_1s,0.05958402156829834,0.055521704256534576,0.17497456073760986
22,typed_supervision,4,driver_amplitude,0.14858068525791168,0.05080418661236763,0.18140755593776703
22,typed_supervision,4,driver_shape,0.04639332368969917,0.026836823672056198,0.10844681411981583
22,typed_supervision,4,physiology_tau,0.05958402156829834,0.3601711690425873,0.161642923951149
22,typed_supervision,4,unmodeled_dynamics,0.05958402156829834,0.028694922104477882,0.13380911946296692
22,typed_supervision,5,control,0.06625408679246902,0.0266194436699152,0.1642569601535797
22,typed_supervision,5,common_basis,0.06625408679246902,0.29979637265205383,0.17081178724765778
22,typed_supervision,5,common_correlated,0.06625408679246902,0.14897820353507996,0.19374145567417145
22,typed_supervision,5,common_colored,0.06625408679246902,0.4111807346343994,0.31785568594932556
22,typed_supervision,5,common_exchange,0.06625408679246902,0.46402809023857117,0.16809773445129395
22,typed_supervision,5,EEG_gain,0.3454214036464691,0.0266194436699152,0.22616925835609436
22,typed_supervision,5,Hb_gain,0.06625408679246902,0.03566383942961693,0.2034236490726471
22,typed_supervision,5,noise,0.0795220136642456,0.02079850807785988,0.17409856617450714
22,typed_supervision,5,lag_1s,0.06625408679246902,0.04193294048309326,0.19824965298175812
22,typed_supervision,5,driver_amplitude,0.13096214830875397,0.049498479813337326,0.25224339962005615
22,typed_supervision,5,driver_shape,0.0792166143655777,0.02659197896718979,0.1569487452507019
22,typed_supervision,5,physiology_tau,0.06625408679246902,0.7166488170623779,0.21535326540470123
22,typed_supervision,5,unmodeled_dynamics,0.06625408679246902,0.018466824665665627,0.17254793643951416
22,typed_supervision,6,control,0.06960789114236832,0.02703259512782097,0.13299420475959778
22,typed_supervision,6,common_basis,0.06960789114236832,0.09526161849498749,0.1349286288022995
22,typed_supervision,6,common_correlated,0.06960789114236832,0.1693485975265503,0.16623064875602722
22,typed_supervision,6,common_colored,0.06960789114236832,0.5777603387832642,0.22949811816215515
22,typed_supervision,6,common_exchange,0.06960789114236832,0.22445103526115417,0.14845480024814606
22,typed_supervision,6,EEG_gain,0.18831320106983185,0.02703259512782097,0.17079703509807587
22,typed_supervision,6,Hb_gain,0.06960789114236832,0.03755517676472664,0.14463910460472107
22,typed_supervision,6,noise,0.08036947250366211,0.03194616734981537,0.14057183265686035
22,typed_supervision,6,lag_1s,0.06960789114236832,0.0471067875623703,0.16758014261722565
22,typed_supervision,6,driver_amplitude,0.18882983922958374,0.039113011211156845,0.18709583580493927
22,typed_supervision,6,driver_shape,0.050041016191244125,0.0403229184448719,0.13628512620925903
22,typed_supervision,6,physiology_tau,0.06960789114236832,0.5975999236106873,0.13821546733379364
22,typed_supervision,6,unmodeled_dynamics,0.06960789114236832,0.02337462268769741,0.1456039994955063
22,typed_supervision,7,control,0.11588681489229202,0.14379844069480896,0.22337733209133148
22,typed_supervision,7,common_basis,0.11588681489229202,0.3260549008846283,0.21676090359687805
22,typed_supervision,7,common_correlated,0.11588681489229202,0.46425390243530273,0.27619901299476624
22,typed_supervision,7,common_colored,0.11588681489229202,0.30798763036727905,0.22705776989459991
22,typed_supervision,7,common_exchange,0.11588681489229202,0.7495338916778564,0.22521163523197174
22,typed_supervision,7,EEG_gain,0.24394282698631287,0.14379844069480896,0.28455960750579834
22,typed_supervision,7,Hb_gain,0.11588681489229202,0.1933491826057434,0.24330675601959229
22,typed_supervision,7,noise,0.13482683897018433,0.14029917120933533,0.22809180617332458
22,typed_supervision,7,lag_1s,0.11588681489229202,0.09544891864061356,0.24933280050754547
22,typed_supervision,7,driver_amplitude,0.18860875070095062,0.0936247929930687,0.33795905113220215
22,typed_supervision,7,driver_shape,0.06478099524974823,0.1298295259475708,0.21185724437236786
22,typed_supervision,7,physiology_tau,0.11588681489229202,0.39157822728157043,0.23519054055213928
22,typed_supervision,7,unmodeled_dynamics,0.11588681489229202,0.11360631883144379,0.23754046857357025
22,typed_supervision,8,control,0.059565480798482895,0.057338450103998184,0.11183708161115646
22,typed_supervision,8,common_basis,0.059565480798482895,0.18643945455551147,0.11940058320760727
22,typed_supervision,8,common_correlated,0.059565480798482895,0.16940978169441223,0.1524496227502823
22,typed_supervision,8,common_colored,0.059565480798482895,0.38132214546203613,0.29973843693733215
22,typed_supervision,8,common_exchange,0.059565480798482895,0.42201727628707886,0.12295752763748169
22,typed_supervision,8,EEG_gain,0.23821841180324554,0.057338450103998184,0.16998744010925293
22,typed_supervision,8,Hb_gain,0.059565480798482895,0.07175852358341217,0.12652386724948883
22,typed_supervision,8,noise,0.08344695717096329,0.06780778616666794,0.1301795244216919
22,typed_supervision,8,lag_1s,0.059565480798482895,0.030595604330301285,0.16617423295974731
22,typed_supervision,8,driver_amplitude,0.11126159131526947,0.11422139406204224,0.18487346172332764
22,typed_supervision,8,driver_shape,0.07410941272974014,0.06031256914138794,0.1330692023038864
22,typed_supervision,8,physiology_tau,0.059565480798482895,0.5523845553398132,0.16051752865314484
22,typed_supervision,8,unmodeled_dynamics,0.059565480798482895,0.05104612186551094,0.13556168973445892
22,typed_supervision,9,control,0.11132588237524033,0.03607138246297836,0.161738783121109
22,typed_supervision,9,common_basis,0.11132588237524033,0.1880386918783188,0.1681240200996399
22,typed_supervision,9,common_correlated,0.11132588237524033,0.23205600678920746,0.19732996821403503
22,typed_supervision,9,common_colored,0.11132588237524033,0.1398501843214035,0.21679316461086273
22,typed_supervision,9,common_exchange,0.11132588237524033,0.4456201493740082,0.17337580025196075
22,typed_supervision,9,EEG_gain,0.1365545392036438,0.03607138246297836,0.2073613703250885
22,typed_supervision,9,Hb_gain,0.11132588237524033,0.038188036531209946,0.19411438703536987
22,typed_supervision,9,noise,0.11807441711425781,0.035006433725357056,0.1728828102350235
22,typed_supervision,9,lag_1s,0.11132588237524033,0.02965579740703106,0.19561409950256348
22,typed_supervision,9,driver_amplitude,0.2121853083372116,0.039409030228853226,0.25071993470191956
22,typed_supervision,9,driver_shape,0.07234058529138565,0.02634310908615589,0.16887186467647552
22,typed_supervision,9,physiology_tau,0.11132588237524033,0.2970218360424042,0.18702882528305054
22,typed_supervision,9,unmodeled_dynamics,0.11132588237524033,0.03017570450901985,0.17850469052791595
22,typed_supervision,10,control,0.08364985138177872,0.05541924014687538,0.12162026762962341
22,typed_supervision,10,common_basis,0.08364985138177872,0.2223270833492279,0.128209188580513
22,typed_supervision,10,common_correlated,0.08364985138177872,0.18772345781326294,0.15165135264396667
22,typed_supervision,10,common_colored,0.08364985138177872,0.13040873408317566,0.17274001240730286
22,typed_supervision,10,common_exchange,0.08364985138177872,1.5327949523925781,0.15082469582557678
22,typed_supervision,10,EEG_gain,0.17176106572151184,0.05541924014687538,0.14557912945747375
22,typed_supervision,10,Hb_gain,0.08364985138177872,0.06732870638370514,0.16580067574977875
22,typed_supervision,10,noise,0.09013111144304276,0.05895382538437843,0.13590534031391144
22,typed_supervision,10,lag_1s,0.08364985138177872,0.026942230761051178,0.15169864892959595
22,typed_supervision,10,driver_amplitude,0.14888477325439453,0.043398499488830566,0.17969779670238495
22,typed_supervision,10,driver_shape,0.07324335724115372,0.050034161657094955,0.1193263977766037
22,typed_supervision,10,physiology_tau,0.08364985138177872,0.2872874438762665,0.1439271867275238
22,typed_supervision,10,unmodeled_dynamics,0.08364985138177872,0.05244366452097893,0.14983828365802765
22,typed_supervision,11,control,0.08065273612737656,0.08358938246965408,0.1905319094657898
22,typed_supervision,11,common_basis,0.08065273612737656,0.14840620756149292,0.19289955496788025
22,typed_supervision,11,common_correlated,0.08065273612737656,0.24441546201705933,0.2205786257982254
22,typed_supervision,11,common_colored,0.08065273612737656,0.23380045592784882,0.24106699228286743
22,typed_supervision,11,common_exchange,0.08065273612737656,0.5821019411087036,0.19913092255592346
22,typed_supervision,11,EEG_gain,0.2302781343460083,0.08358938246965408,0.2495056688785553
22,typed_supervision,11,Hb_gain,0.08065273612737656,0.1149037778377533,0.1947723925113678
22,typed_supervision,11,noise,0.08646205067634583,0.08492936193943024,0.2048531472682953
22,typed_supervision,11,lag_1s,0.08065273612737656,0.12190950661897659,0.22287827730178833
22,typed_supervision,11,driver_amplitude,0.1753823310136795,0.09254119545221329,0.28450071811676025
22,typed_supervision,11,driver_shape,0.06042148172855377,0.06485916674137115,0.1874164193868637
22,typed_supervision,11,physiology_tau,0.08065273612737656,0.374741792678833,0.2107923924922943
22,typed_supervision,11,unmodeled_dynamics,0.08065273612737656,0.07856516540050507,0.20278425514698029
22,typed_supervision,12,control,0.03522782027721405,0.0195184163749218,0.10804847627878189
22,typed_supervision,12,common_basis,0.03522782027721405,0.10500313341617584,0.1147066205739975
22,typed_supervision,12,common_correlated,0.03522782027721405,0.2965549826622009,0.13166196644306183
22,typed_supervision,12,common_colored,0.03522782027721405,0.12315616756677628,0.17971979081630707
22,typed_supervision,12,common_exchange,0.03522782027721405,0.4836748242378235,0.14830364286899567
22,typed_supervision,12,EEG_gain,0.2518620789051056,0.0195184163749218,0.1510998159646988
22,typed_supervision,12,Hb_gain,0.03522782027721405,0.02518484555184841,0.1115167960524559
22,typed_supervision,12,noise,0.05647285282611847,0.026421664282679558,0.12753254175186157
22,typed_supervision,12,lag_1s,0.03522782027721405,0.01851089671254158,0.12312795966863632
22,typed_supervision,12,driver_amplitude,0.06039420887827873,0.031139230355620384,0.173318549990654
22,typed_supervision,12,driver_shape,0.05410551279783249,0.023929448798298836,0.1256246119737625
22,typed_supervision,12,physiology_tau,0.03522782027721405,0.20432737469673157,0.13937565684318542
22,typed_supervision,12,unmodeled_dynamics,0.03522782027721405,0.02014961652457714,0.12613481283187866
22,typed_supervision,13,control,0.09236300736665726,0.03764311224222183,0.23623155057430267
22,typed_supervision,13,common_basis,0.09236300736665726,0.11429896205663681,0.24796688556671143
22,typed_supervision,13,common_correlated,0.09236300736665726,0.35205453634262085,0.36138060688972473
22,typed_supervision,13,common_colored,0.09236300736665726,0.18774349987506866,0.3707685172557831
22,typed_supervision,13,common_exchange,0.09236300736665726,1.1579684019088745,0.2616848945617676
22,typed_supervision,13,EEG_gain,0.24132265150547028,0.03764311224222183,0.3196360170841217
22,typed_supervision,13,Hb_gain,0.09236300736665726,0.05669395253062248,0.2376871407032013
22,typed_supervision,13,noise,0.10398239642381668,0.0347541943192482,0.24251629412174225
22,typed_supervision,13,lag_1s,0.09236300736665726,0.017803821712732315,0.30753353238105774
22,typed_supervision,13,driver_amplitude,0.18247941136360168,0.07118089497089386,0.35571086406707764
22,typed_supervision,13,driver_shape,0.0906134694814682,0.03404584154486656,0.24333976209163666
22,typed_supervision,13,physiology_tau,0.09236300736665726,0.12300229072570801,0.3046330511569977
22,typed_supervision,13,unmodeled_dynamics,0.09236300736665726,0.024507852271199226,0.2861519455909729
22,typed_supervision,14,control,0.0786731094121933,0.0897398293018341,0.12856625020503998
22,typed_supervision,14,common_basis,0.0786731094121933,0.31169626116752625,0.12411631643772125
22,typed_supervision,14,common_correlated,0.0786731094121933,0.24788904190063477,0.16544906795024872
22,typed_supervision,14,common_colored,0.0786731094121933,0.281955748796463,0.17486093938350677
22,typed_supervision,14,common_exchange,0.0786731094121933,0.851309061050415,0.13799048960208893
22,typed_supervision,14,EEG_gain,0.30388709902763367,0.0897398293018341,0.16904042661190033
22,typed_supervision,14,Hb_gain,0.0786731094121933,0.13656781613826752,0.1458510458469391
22,typed_supervision,14,noise,0.07684715837240219,0.08938436955213547,0.1425493061542511
22,typed_supervision,14,lag_1s,0.0786731094121933,0.08342555910348892,0.1462833136320114
22,typed_supervision,14,driver_amplitude,0.13849259912967682,0.0575639046728611,0.18701426684856415
22,typed_supervision,14,driver_shape,0.08908910304307938,0.07366235554218292,0.12264084815979004
22,typed_supervision,14,physiology_tau,0.0786731094121933,0.28106802701950073,0.19003622233867645
22,typed_supervision,14,unmodeled_dynamics,0.0786731094121933,0.0709080845117569,0.14575828611850739
22,typed_supervision,15,control,0.05862722918391228,0.03988628461956978,0.1503838747739792
22,typed_supervision,15,common_basis,0.05862722918391228,0.13967841863632202,0.15629909932613373
22,typed_supervision,15,common_correlated,0.05862722918391228,0.1881343275308609,0.1904115229845047
22,typed_supervision,15,common_colored,0.05862722918391228,0.2288041114807129,0.30874767899513245
22,typed_supervision,15,common_exchange,0.05862722918391228,0.78497713804245,0.17120017111301422
22,typed_supervision,15,EEG_gain,0.19791050255298615,0.03988628461956978,0.19154812395572662
22,typed_supervision,15,Hb_gain,0.05862722918391228,0.045531969517469406,0.19436846673488617
22,typed_supervision,15,noise,0.07652021199464798,0.04233109951019287,0.1638982892036438
22,typed_supervision,15,lag_1s,0.05862722918391228,0.01784869097173214,0.20925039052963257
22,typed_supervision,15,driver_amplitude,0.178134024143219,0.03865839168429375,0.23525290191173553
22,typed_supervision,15,driver_shape,0.08049895614385605,0.04736938700079918,0.1484544575214386
22,typed_supervision,15,physiology_tau,0.05862722918391228,0.5062561631202698,0.18822692334651947
22,typed_supervision,15,unmodeled_dynamics,0.05862722918391228,0.04078551381826401,0.1898692101240158
22,typed_supervision,16,control,0.08636471629142761,0.04957278072834015,0.12653684616088867
22,typed_supervision,16,common_basis,0.08636471629142761,0.07816754281520844,0.1341843456029892
22,typed_supervision,16,common_correlated,0.08636471629142761,0.20958617329597473,0.16460946202278137
22,typed_supervision,16,common_colored,0.08636471629142761,0.587040901184082,0.21608155965805054
22,typed_supervision,16,common_exchange,0.08636471629142761,0.39439982175827026,0.1394559144973755
22,typed_supervision,16,EEG_gain,0.1814320832490921,0.04957278072834015,0.18117806315422058
22,typed_supervision,16,Hb_gain,0.08636471629142761,0.05563800036907196,0.15784968435764313
22,typed_supervision,16,noise,0.11090296506881714,0.056339822709560394,0.13240741193294525
22,typed_supervision,16,lag_1s,0.08636471629142761,0.03993336483836174,0.16053223609924316
22,typed_supervision,16,driver_amplitude,0.16912737488746643,0.08522889018058777,0.20759455859661102
22,typed_supervision,16,driver_shape,0.113864004611969,0.053320568054914474,0.13789060711860657
22,typed_supervision,16,physiology_tau,0.08636471629142761,0.6444593071937561,0.17075218260288239
22,typed_supervision,16,unmodeled_dynamics,0.08636471629142761,0.0625959038734436,0.15512126684188843
22,typed_supervision,17,control,0.07495400309562683,0.034759700298309326,0.16426199674606323
22,typed_supervision,17,common_basis,0.07495400309562683,0.13233539462089539,0.16969789564609528
22,typed_supervision,17,common_correlated,0.07495400309562683,0.3214534819126129,0.1997443288564682
22,typed_supervision,17,common_colored,0.07495400309562683,0.12616188824176788,0.3093891441822052
22,typed_supervision,17,common_exchange,0.07495400309562683,0.6762004494667053,0.1803516298532486
22,typed_supervision,17,EEG_gain,0.24816690385341644,0.034759700298309326,0.22833234071731567
22,typed_supervision,17,Hb_gain,0.07495400309562683,0.03428897261619568,0.1770821511745453
22,typed_supervision,17,noise,0.0907449796795845,0.03904037922620773,0.18020887672901154
22,typed_supervision,17,lag_1s,0.07495400309562683,0.08054686337709427,0.23247459530830383
22,typed_supervision,17,driver_amplitude,0.16521097719669342,0.03816566616296768,0.26888203620910645
22,typed_supervision,17,driver_shape,0.06906639039516449,0.04312579706311226,0.16843408346176147
22,typed_supervision,17,physiology_tau,0.07495400309562683,0.3146953582763672,0.19610890746116638
22,typed_supervision,17,unmodeled_dynamics,0.07495400309562683,0.031931690871715546,0.20563456416130066
22,typed_supervision,18,control,0.06429953873157501,0.048849161714315414,0.08924568444490433
22,typed_supervision,18,common_basis,0.06429953873157501,0.22953186929225922,0.1104157418012619
22,typed_supervision,18,common_correlated,0.06429953873157501,0.185075044631958,0.13980868458747864
22,typed_supervision,18,common_colored,0.06429953873157501,0.5804088115692139,0.2814413905143738
22,typed_supervision,18,common_exchange,0.06429953873157501,0.6088048815727234,0.1303340345621109
22,typed_supervision,18,EEG_gain,0.2006019949913025,0.048849161714315414,0.14228925108909607
22,typed_supervision,18,Hb_gain,0.06429953873157501,0.060430653393268585,0.13481295108795166
22,typed_supervision,18,noise,0.08056845515966415,0.04825406149029732,0.10727081447839737
22,typed_supervision,18,lag_1s,0.06429953873157501,0.05322631448507309,0.16031372547149658
22,typed_supervision,18,driver_amplitude,0.14708521962165833,0.04819638654589653,0.13401177525520325
22,typed_supervision,18,driver_shape,0.05761311575770378,0.03610018268227577,0.1016077995300293
22,typed_supervision,18,physiology_tau,0.06429953873157501,0.2841000258922577,0.16373971104621887
22,typed_supervision,18,unmodeled_dynamics,0.06429953873157501,0.03727508708834648,0.1317867934703827
22,typed_supervision,19,control,0.12718571722507477,0.04019087180495262,0.2124621570110321
22,typed_supervision,19,common_basis,0.12718571722507477,0.20640452206134796,0.20837324857711792
22,typed_supervision,19,common_correlated,0.12718571722507477,0.41448771953582764,0.23581556975841522
22,typed_supervision,19,common_colored,0.12718571722507477,0.2919278144836426,0.29384079575538635
22,typed_supervision,19,common_exchange,0.12718571722507477,0.4986346662044525,0.23266154527664185
22,typed_supervision,19,EEG_gain,0.15748873353004456,0.04019087180495262,0.2877267301082611
22,typed_supervision,19,Hb_gain,0.12718571722507477,0.044951729476451874,0.21991930902004242
22,typed_supervision,19,noise,0.16136512160301208,0.04177942872047424,0.21973618865013123
22,typed_supervision,19,lag_1s,0.12718571722507477,0.01904376409947872,0.24077878892421722
22,typed_supervision,19,driver_amplitude,0.27152296900749207,0.052402839064598083,0.3233884274959564
22,typed_supervision,19,driver_shape,0.08006539195775986,0.027094105258584023,0.19946475327014923
22,typed_supervision,19,physiology_tau,0.12718571722507477,0.33510860800743103,0.23321935534477234
22,typed_supervision,19,unmodeled_dynamics,0.12718571722507477,0.04103894159197807,0.22893188893795013
22,typed_supervision,20,control,0.02092449925839901,0.02270304597914219,0.11013633757829666
22,typed_supervision,20,common_basis,0.02092449925839901,0.10213228315114975,0.12393975257873535
22,typed_supervision,20,common_correlated,0.02092449925839901,0.14603225886821747,0.15688113868236542
22,typed_supervision,20,common_colored,0.02092449925839901,0.19378411769866943,0.18745072185993195
22,typed_supervision,20,common_exchange,0.02092449925839901,0.7722179889678955,0.1670335829257965
22,typed_supervision,20,EEG_gain,0.241057887673378,0.02270304597914219,0.18673542141914368
22,typed_supervision,20,Hb_gain,0.02092449925839901,0.03948076814413071,0.12310240417718887
22,typed_supervision,20,noise,0.036291830241680145,0.024292198941111565,0.1252935230731964
22,typed_supervision,20,lag_1s,0.02092449925839901,0.014372328296303749,0.23267479240894318
22,typed_supervision,20,driver_amplitude,0.08010344207286835,0.047211937606334686,0.17428314685821533
22,typed_supervision,20,driver_shape,0.04597294703125954,0.032790590077638626,0.12388764321804047
22,typed_supervision,20,physiology_tau,0.02092449925839901,0.29624322056770325,0.2326085865497589
22,typed_supervision,20,unmodeled_dynamics,0.02092449925839901,0.021459393203258514,0.1580396592617035
22,typed_supervision,21,control,0.10833967477083206,0.01852557435631752,0.24759407341480255
22,typed_supervision,21,common_basis,0.10833967477083206,0.3231440484523773,0.24945878982543945
22,typed_supervision,21,common_correlated,0.10833967477083206,0.13252905011177063,0.27081453800201416
22,typed_supervision,21,common_colored,0.10833967477083206,0.5061802864074707,0.4250676929950714
22,typed_supervision,21,common_exchange,0.10833967477083206,0.6264010667800903,0.2985800504684448
22,typed_supervision,21,EEG_gain,0.2694915235042572,0.01852557435631752,0.3512625992298126
22,typed_supervision,21,Hb_gain,0.10833967477083206,0.02389826998114586,0.2375945746898651
22,typed_supervision,21,noise,0.12827016413211823,0.01694251038134098,0.25547555088996887
22,typed_supervision,21,lag_1s,0.10833967477083206,0.04048379510641098,0.2728756070137024
22,typed_supervision,21,driver_amplitude,0.12752336263656616,0.037613436579704285,0.3588272035121918
22,typed_supervision,21,driver_shape,0.10358332842588425,0.018396804109215736,0.24057461321353912
22,typed_supervision,21,physiology_tau,0.10833967477083206,0.384854793548584,0.2965860366821289
22,typed_supervision,21,unmodeled_dynamics,0.10833967477083206,0.014691373333334923,0.26455044746398926
22,typed_supervision,22,control,0.061046041548252106,0.04509478807449341,0.12663647532463074
22,typed_supervision,22,common_basis,0.061046041548252106,0.13067734241485596,0.12970086932182312
22,typed_supervision,22,common_correlated,0.061046041548252106,0.192376047372818,0.30556970834732056
22,typed_supervision,22,common_colored,0.061046041548252106,0.27148759365081787,0.22281745076179504
22,typed_supervision,22,common_exchange,0.061046041548252106,1.4246972799301147,0.17192299664020538
22,typed_supervision,22,EEG_gain,0.2146906554698944,0.04509478807449341,0.16327287256717682
22,typed_supervision,22,Hb_gain,0.061046041548252106,0.06298637390136719,0.17180630564689636
22,typed_supervision,22,noise,0.06463810801506042,0.047374941408634186,0.1350831836462021
22,typed_supervision,22,lag_1s,0.061046041548252106,0.027267897501587868,0.20969921350479126
22,typed_supervision,22,driver_amplitude,0.16132988035678864,0.07124634832143784,0.1987827569246292
22,typed_supervision,22,driver_shape,0.054053228348493576,0.043485190719366074,0.10638495534658432
22,typed_supervision,22,physiology_tau,0.061046041548252106,0.17210106551647186,0.18227875232696533
22,typed_supervision,22,unmodeled_dynamics,0.061046041548252106,0.03708662837743759,0.17697344720363617
22,typed_supervision,23,control,0.05113644525408745,0.20721350610256195,0.14041019976139069
22,typed_supervision,23,common_basis,0.05113644525408745,0.283165842294693,0.1387098729610443
22,typed_supervision,23,common_correlated,0.05113644525408745,0.2991102635860443,0.1590571403503418
22,typed_supervision,23,common_colored,0.05113644525408745,0.4924008250236511,0.3378251791000366
22,typed_supervision,23,common_exchange,0.05113644525408745,0.3445846438407898,0.16622009873390198
22,typed_supervision,23,EEG_gain,0.16518105566501617,0.20721350610256195,0.1832052618265152
22,typed_supervision,23,Hb_gain,0.05113644525408745,0.2780231237411499,0.14553894102573395
22,typed_supervision,23,noise,0.05044247582554817,0.20282664895057678,0.14208047091960907
22,typed_supervision,23,lag_1s,0.05113644525408745,0.08322758972644806,0.1684030145406723
22,typed_supervision,23,driver_amplitude,0.11073590815067291,0.14520035684108734,0.2085241824388504
22,typed_supervision,23,driver_shape,0.05094446614384651,0.1026972234249115,0.14261801540851593
22,typed_supervision,23,physiology_tau,0.05113644525408745,0.385807067155838,0.14661045372486115
22,typed_supervision,23,unmodeled_dynamics,0.05113644525408745,0.18889005482196808,0.14399085938930511
22,typed_supervision,24,control,0.05940534919500351,0.011197645217180252,0.11979025602340698
22,typed_supervision,24,common_basis,0.05940534919500351,0.1786504089832306,0.12736016511917114
22,typed_supervision,24,common_correlated,0.05940534919500351,0.08865395188331604,0.1365853250026703
22,typed_supervision,24,common_colored,0.05940534919500351,0.1466730833053589,0.167122021317482
22,typed_supervision,24,common_exchange,0.05940534919500351,0.28981590270996094,0.13641783595085144
22,typed_supervision,24,EEG_gain,0.32307320833206177,0.011197645217180252,0.188402459025383
22,typed_supervision,24,Hb_gain,0.05940534919500351,0.018194789066910744,0.13804146647453308
22,typed_supervision,24,noise,0.05663303658366203,0.013012566603720188,0.1274663209915161
22,typed_supervision,24,lag_1s,0.05940534919500351,0.01193299051374197,0.1372450590133667
22,typed_supervision,24,driver_amplitude,0.1592375785112381,0.027156779542565346,0.20690350234508514
22,typed_supervision,24,driver_shape,0.06864331662654877,0.016357947140932083,0.1355615109205246
22,typed_supervision,24,physiology_tau,0.05940534919500351,0.2975710332393646,0.18082456290721893
22,typed_supervision,24,unmodeled_dynamics,0.05940534919500351,0.012179596349596977,0.1436634510755539
22,typed_supervision,25,control,0.08246099203824997,0.04558312147855759,0.21961694955825806
22,typed_supervision,25,common_basis,0.08246099203824997,0.33364546298980713,0.2252008467912674
22,typed_supervision,25,common_correlated,0.08246099203824997,0.28637605905532837,0.27057573199272156
22,typed_supervision,25,common_colored,0.08246099203824997,0.07333281636238098,0.3338887393474579
22,typed_supervision,25,common_exchange,0.08246099203824997,0.16182349622249603,0.23295800387859344
22,typed_supervision,25,EEG_gain,0.1340954601764679,0.04558312147855759,0.28622567653656006
22,typed_supervision,25,Hb_gain,0.08246099203824997,0.05144880712032318,0.22740837931632996
22,typed_supervision,25,noise,0.08712946623563766,0.0361580029129982,0.22535642981529236
22,typed_supervision,25,lag_1s,0.08246099203824997,0.025575080886483192,0.2605089545249939
22,typed_supervision,25,driver_amplitude,0.18246369063854218,0.05099683627486229,0.3395054042339325
22,typed_supervision,25,driver_shape,0.06270144134759903,0.03154763579368591,0.22043848037719727
22,typed_supervision,25,physiology_tau,0.08246099203824997,0.29111313819885254,0.226445734500885
22,typed_supervision,25,unmodeled_dynamics,0.08246099203824997,0.02312661148607731,0.227767676115036
22,typed_supervision,26,control,0.051339082419872284,0.04711561277508736,0.10597622394561768
22,typed_supervision,26,common_basis,0.051339082419872284,0.2750474214553833,0.12053762376308441
22,typed_supervision,26,common_correlated,0.051339082419872284,0.3898196816444397,0.1552368700504303
22,typed_supervision,26,common_colored,0.051339082419872284,0.7143250107765198,0.19941557943820953
22,typed_supervision,26,common_exchange,0.051339082419872284,1.0570250749588013,0.24831831455230713
22,typed_supervision,26,EEG_gain,0.2199733406305313,0.04711561277508736,0.16299349069595337
22,typed_supervision,26,Hb_gain,0.051339082419872284,0.06737498193979263,0.11047263443470001
22,typed_supervision,26,noise,0.057420603930950165,0.05529767647385597,0.11755266040563583
22,typed_supervision,26,lag_1s,0.051339082419872284,0.02521110139787197,0.16863499581813812
22,typed_supervision,26,driver_amplitude,0.12622417509555817,0.0721205323934555,0.16036604344844818
22,typed_supervision,26,driver_shape,0.054311249405145645,0.03908859193325043,0.1203179880976677
22,typed_supervision,26,physiology_tau,0.051339082419872284,0.20519700646400452,0.21493469178676605
22,typed_supervision,26,unmodeled_dynamics,0.051339082419872284,0.04431518167257309,0.1878456324338913
22,typed_supervision,27,control,0.08409208804368973,0.11468347162008286,0.28055068850517273
22,typed_supervision,27,common_basis,0.08409208804368973,0.4154767692089081,0.28137147426605225
22,typed_supervision,27,common_correlated,0.08409208804368973,0.31229957938194275,0.3148246109485626
22,typed_supervision,27,common_colored,0.08409208804368973,0.37348711490631104,0.3041578531265259
22,typed_supervision,27,common_exchange,0.08409208804368973,0.6442129015922546,0.3051275610923767
22,typed_supervision,27,EEG_gain,0.16161145269870758,0.11468347162008286,0.36003226041793823
22,typed_supervision,27,Hb_gain,0.08409208804368973,0.12376540899276733,0.29059335589408875
22,typed_supervision,27,noise,0.09410955011844635,0.12330113351345062,0.2942880690097809
22,typed_supervision,27,lag_1s,0.08409208804368973,0.06093601509928703,0.27824172377586365
22,typed_supervision,27,driver_amplitude,0.1603207141160965,0.10288897901773453,0.4173153340816498
22,typed_supervision,27,driver_shape,0.09116124361753464,0.08479408174753189,0.2903953194618225
22,typed_supervision,27,physiology_tau,0.08409208804368973,0.2524963319301605,0.2914319336414337
22,typed_supervision,27,unmodeled_dynamics,0.08409208804368973,0.11007530242204666,0.29370126128196716
22,typed_supervision,28,control,0.05028286203742027,0.025691036134958267,0.1024860143661499
22,typed_supervision,28,common_basis,0.05028286203742027,0.086161307990551,0.0987909734249115
22,typed_supervision,28,common_correlated,0.05028286203742027,0.06528574228286743,0.40096190571784973
22,typed_supervision,28,common_colored,0.05028286203742027,0.10679401457309723,0.19956406950950623
22,typed_supervision,28,common_exchange,0.05028286203742027,1.0643584728240967,0.13455724716186523
22,typed_supervision,28,EEG_gain,0.15341205894947052,0.025691036134958267,0.11578619480133057
22,typed_supervision,28,Hb_gain,0.05028286203742027,0.03448798134922981,0.14359773695468903
22,typed_supervision,28,noise,0.05274639278650284,0.02536947652697563,0.11831772327423096
22,typed_supervision,28,lag_1s,0.05028286203742027,0.059582214802503586,0.1952648162841797
22,typed_supervision,28,driver_amplitude,0.09639666974544525,0.038781601935625076,0.14537730813026428
22,typed_supervision,28,driver_shape,0.04107891768217087,0.032174184918403625,0.10513203591108322
22,typed_supervision,28,physiology_tau,0.05028286203742027,0.18569383025169373,0.1306062489748001
22,typed_supervision,28,unmodeled_dynamics,0.05028286203742027,0.014192178845405579,0.11925902217626572
22,typed_supervision,29,control,0.08442182838916779,0.03156096488237381,0.17839916050434113
22,typed_supervision,29,common_basis,0.08442182838916779,0.14438088238239288,0.18431861698627472
22,typed_supervision,29,common_correlated,0.08442182838916779,0.18122370541095734,0.19962552189826965
22,typed_supervision,29,common_colored,0.08442182838916779,0.23772801458835602,0.4151150584220886
22,typed_supervision,29,common_exchange,0.08442182838916779,0.3944854438304901,0.18599370121955872
22,typed_supervision,29,EEG_gain,0.24069654941558838,0.03156096488237381,0.23291729390621185
22,typed_supervision,29,Hb_gain,0.08442182838916779,0.03767330199480057,0.18520475924015045
22,typed_supervision,29,noise,0.09578054398298264,0.024387463927268982,0.19334660470485687
22,typed_supervision,29,lag_1s,0.08442182838916779,0.02440822497010231,0.20531058311462402
22,typed_supervision,29,driver_amplitude,0.11444243788719177,0.05207829549908638,0.26843178272247314
22,typed_supervision,29,driver_shape,0.1003701463341713,0.03248808905482292,0.18649274110794067
22,typed_supervision,29,physiology_tau,0.08442182838916779,0.1143617257475853,0.19202940165996552
22,typed_supervision,29,unmodeled_dynamics,0.08442182838916779,0.028170473873615265,0.18977446854114532
22,typed_supervision,30,control,0.05161399394273758,0.033000051975250244,0.11265800893306732
22,typed_supervision,30,common_basis,0.05161399394273758,0.24590425193309784,0.13430911302566528
22,typed_supervision,30,common_correlated,0.05161399394273758,0.22190506756305695,0.27530616521835327
22,typed_supervision,30,common_colored,0.05161399394273758,0.9872401356697083,0.2591198682785034
22,typed_supervision,30,common_exchange,0.05161399394273758,0.9090903401374817,0.1408652514219284
22,typed_supervision,30,EEG_gain,0.13315199315547943,0.033000051975250244,0.15333019196987152
22,typed_supervision,30,Hb_gain,0.05161399394273758,0.037537138909101486,0.1396043598651886
22,typed_supervision,30,noise,0.05692528188228607,0.033370241522789,0.13126885890960693
22,typed_supervision,30,lag_1s,0.05161399394273758,0.030083823949098587,0.2222074419260025
22,typed_supervision,30,driver_amplitude,0.12521393597126007,0.038851503282785416,0.17657159268856049
22,typed_supervision,30,driver_shape,0.046380724757909775,0.04165209084749222,0.1085221990942955
22,typed_supervision,30,physiology_tau,0.05161399394273758,0.2559760808944702,0.15611186623573303
22,typed_supervision,30,unmodeled_dynamics,0.05161399394273758,0.04160940274596214,0.1518162339925766
22,typed_supervision,31,control,0.08822973072528839,0.05735912546515465,0.19392475485801697
22,typed_supervision,31,common_basis,0.08822973072528839,0.22128544747829437,0.20223768055438995
22,typed_supervision,31,common_correlated,0.08822973072528839,0.3863825500011444,0.22209113836288452
22,typed_supervision,31,common_colored,0.08822973072528839,0.21348068118095398,0.23656286299228668
22,typed_supervision,31,common_exchange,0.08822973072528839,1.2532122135162354,0.20683564245700836
22,typed_supervision,31,EEG_gain,0.14757995307445526,0.05735912546515465,0.24815499782562256
22,typed_supervision,31,Hb_gain,0.08822973072528839,0.06607646495103836,0.20364442467689514
22,typed_supervision,31,noise,0.11050452291965485,0.06334850192070007,0.1985584944486618
22,typed_supervision,31,lag_1s,0.08822973072528839,0.047129832208156586,0.20416021347045898
22,typed_supervision,31,driver_amplitude,0.1530880182981491,0.06079838424921036,0.28371042013168335
22,typed_supervision,31,driver_shape,0.08388069272041321,0.04436971992254257,0.19320392608642578
22,typed_supervision,31,physiology_tau,0.08822973072528839,0.1878003627061844,0.20351137220859528
22,typed_supervision,31,unmodeled_dynamics,0.08822973072528839,0.018054114654660225,0.20070157945156097
22,typed_supervision,32,control,0.08113552629947662,0.023938745260238647,0.1178714707493782
22,typed_supervision,32,common_basis,0.08113552629947662,0.21147558093070984,0.12953278422355652
22,typed_supervision,32,common_correlated,0.08113552629947662,0.12337358295917511,0.12618114054203033
22,typed_supervision,32,common_colored,0.08113552629947662,0.21245770156383514,0.20199060440063477
22,typed_supervision,32,common_exchange,0.08113552629947662,0.09319666773080826,0.1336018443107605
22,typed_supervision,32,EEG_gain,0.19660112261772156,0.023938745260238647,0.19281348586082458
22,typed_supervision,32,Hb_gain,0.08113552629947662,0.0302117969840765,0.11547741293907166
22,typed_supervision,32,noise,0.0763617530465126,0.03226665034890175,0.1328323483467102
22,typed_supervision,32,lag_1s,0.08113552629947662,0.021654371172189713,0.28688180446624756
22,typed_supervision,32,driver_amplitude,0.2166977971792221,0.027909807860851288,0.19270332157611847
22,typed_supervision,32,driver_shape,0.07193734496831894,0.02047988399863243,0.13062795996665955
22,typed_supervision,32,physiology_tau,0.08113552629947662,0.5886794924736023,0.1653374284505844
22,typed_supervision,32,unmodeled_dynamics,0.08113552629947662,0.0236661434173584,0.12677548825740814
22,typed_supervision,33,control,0.06779105961322784,0.03365321084856987,0.20082226395606995
22,typed_supervision,33,common_basis,0.06779105961322784,0.26251310110092163,0.22094012796878815
22,typed_supervision,33,common_correlated,0.06779105961322784,0.2914414405822754,0.22489553689956665
22,typed_supervision,33,common_colored,0.06779105961322784,0.17623449862003326,0.269966185092926
22,typed_supervision,33,common_exchange,0.06779105961322784,0.3955706059932709,0.20994430780410767
22,typed_supervision,33,EEG_gain,0.1460200399160385,0.03365321084856987,0.26348015666007996
22,typed_supervision,33,Hb_gain,0.06779105961322784,0.04858766868710518,0.20172564685344696
22,typed_supervision,33,noise,0.09633829444646835,0.045195937156677246,0.21332217752933502
22,typed_supervision,33,lag_1s,0.06779105961322784,0.04378575459122658,0.23956339061260223
22,typed_supervision,33,driver_amplitude,0.12361573427915573,0.05544593930244446,0.3006107807159424
22,typed_supervision,33,driver_shape,0.062141161412000656,0.027564004063606262,0.19118590652942657
22,typed_supervision,33,physiology_tau,0.06779105961322784,0.23805896937847137,0.21533401310443878
22,typed_supervision,33,unmodeled_dynamics,0.06779105961322784,0.03974601626396179,0.21049651503562927
22,typed_supervision,34,control,0.05235978588461876,0.10104161500930786,0.11952061951160431
22,typed_supervision,34,common_basis,0.05235978588461876,0.3332997262477875,0.11714760214090347
22,typed_supervision,34,common_correlated,0.05235978588461876,0.24115949869155884,0.18000847101211548
22,typed_supervision,34,common_colored,0.05235978588461876,0.37897416949272156,0.21005071699619293
22,typed_supervision,34,common_exchange,0.05235978588461876,0.42332935333251953,0.12409130483865738
22,typed_supervision,34,EEG_gain,0.297094464302063,0.10104161500930786,0.18872232735157013
22,typed_supervision,34,Hb_gain,0.05235978588461876,0.15232810378074646,0.13314342498779297
22,typed_supervision,34,noise,0.05600621551275253,0.10231276601552963,0.13277627527713776
22,typed_supervision,34,lag_1s,0.05235978588461876,0.0480104424059391,0.1879877895116806
22,typed_supervision,34,driver_amplitude,0.15784363448619843,0.12456467747688293,0.20308783650398254
22,typed_supervision,34,driver_shape,0.06525228917598724,0.08068399876356125,0.13426890969276428
22,typed_supervision,34,physiology_tau,0.05235978588461876,0.7035343647003174,0.2366175502538681
22,typed_supervision,34,unmodeled_dynamics,0.05235978588461876,0.11152342706918716,0.18890565633773804
22,typed_supervision,35,control,0.08942198008298874,0.016210071742534637,0.19040319323539734
22,typed_supervision,35,common_basis,0.08942198008298874,0.08825328946113586,0.19202116131782532
22,typed_supervision,35,common_correlated,0.08942198008298874,0.31062814593315125,0.21586981415748596
22,typed_supervision,35,common_colored,0.08942198008298874,0.17711485922336578,0.33606985211372375
22,typed_supervision,35,common_exchange,0.08942198008298874,1.0748980045318604,0.21949824690818787
22,typed_supervision,35,EEG_gain,0.3284512162208557,0.016210071742534637,0.251686692237854
22,typed_supervision,35,Hb_gain,0.08942198008298874,0.029201939702033997,0.20824751257896423
22,typed_supervision,35,noise,0.10011336207389832,0.014991974458098412,0.20654529333114624
22,typed_supervision,35,lag_1s,0.08942198008298874,0.022562071681022644,0.24297359585762024
22,typed_supervision,35,driver_amplitude,0.14993634819984436,0.043292801827192307,0.28337258100509644
22,typed_supervision,35,driver_shape,0.1010286957025528,0.031796690076589584,0.211025670170784
22,typed_supervision,35,physiology_tau,0.08942198008298874,0.3509930968284607,0.24212142825126648
22,typed_supervision,35,unmodeled_dynamics,0.08942198008298874,0.017154553905129433,0.24465495347976685
22,typed_supervision,36,control,0.04406402260065079,0.024415209889411926,0.10209082067012787
22,typed_supervision,36,common_basis,0.04406402260065079,0.2715243697166443,0.13412506878376007
22,typed_supervision,36,common_correlated,0.04406402260065079,0.30874112248420715,0.1477220058441162
22,typed_supervision,36,common_colored,0.04406402260065079,0.30373531579971313,0.24868836998939514
22,typed_supervision,36,common_exchange,0.04406402260065079,0.972521960735321,0.13508673012256622
22,typed_supervision,36,EEG_gain,0.24296648800373077,0.024415209889411926,0.1572490632534027
22,typed_supervision,36,Hb_gain,0.04406402260065079,0.02453579008579254,0.15701252222061157
22,typed_supervision,36,noise,0.06087800860404968,0.024736450985074043,0.1164259985089302
22,typed_supervision,36,lag_1s,0.04406402260065079,0.018230432644486427,0.23834097385406494
22,typed_supervision,36,driver_amplitude,0.11977491527795792,0.029431190341711044,0.15319985151290894
22,typed_supervision,36,driver_shape,0.0511123351752758,0.02626468427479267,0.11631625145673752
22,typed_supervision,36,physiology_tau,0.04406402260065079,0.5101854801177979,0.21544624865055084
22,typed_supervision,36,unmodeled_dynamics,0.04406402260065079,0.014734534546732903,0.15828965604305267
22,typed_supervision,37,control,0.06355343759059906,0.04098895192146301,0.17404049634933472
22,typed_supervision,37,common_basis,0.06355343759059906,0.1043059453368187,0.18124447762966156
22,typed_supervision,37,common_correlated,0.06355343759059906,0.5272409319877625,0.31144747138023376
22,typed_supervision,37,common_colored,0.06355343759059906,0.5853129625320435,0.304141640663147
22,typed_supervision,37,common_exchange,0.06355343759059906,0.6462284922599792,0.1838766485452652
22,typed_supervision,37,EEG_gain,0.22799614071846008,0.04098895192146301,0.2272104173898697
22,typed_supervision,37,Hb_gain,0.06355343759059906,0.05543455481529236,0.2029748558998108
22,typed_supervision,37,noise,0.07097424566745758,0.030079729855060577,0.18798433244228363
22,typed_supervision,37,lag_1s,0.06355343759059906,0.1245870366692543,0.22721879184246063
22,typed_supervision,37,driver_amplitude,0.13375310599803925,0.06935936212539673,0.2684996724128723
22,typed_supervision,37,driver_shape,0.08862040936946869,0.047700200229883194,0.1826428920030594
22,typed_supervision,37,physiology_tau,0.06355343759059906,0.24976946413516998,0.21250858902931213
22,typed_supervision,37,unmodeled_dynamics,0.06355343759059906,0.014979739673435688,0.22572098672389984
22,typed_supervision,38,control,0.08864251524209976,0.030944684520363808,0.13123652338981628
22,typed_supervision,38,common_basis,0.08864251524209976,0.22486111521720886,0.12125502526760101
22,typed_supervision,38,common_correlated,0.08864251524209976,0.32398638129234314,0.15825629234313965
22,typed_supervision,38,common_colored,0.08864251524209976,0.2362034171819687,0.23749302327632904
22,typed_supervision,38,common_exchange,0.08864251524209976,0.476037859916687,0.19112858176231384
22,typed_supervision,38,EEG_gain,0.22341793775558472,0.030944684520363808,0.180507093667984
22,typed_supervision,38,Hb_gain,0.08864251524209976,0.042540036141872406,0.1647399514913559
22,typed_supervision,38,noise,0.11702779680490494,0.031822722405195236,0.1477280557155609
22,typed_supervision,38,lag_1s,0.08864251524209976,0.05390532314777374,0.184426948428154
22,typed_supervision,38,driver_amplitude,0.19358190894126892,0.04981137067079544,0.18628571927547455
22,typed_supervision,38,driver_shape,0.07241937518119812,0.047486811876297,0.14092187583446503
22,typed_supervision,38,physiology_tau,0.08864251524209976,0.25265228748321533,0.22556261718273163
22,typed_supervision,38,unmodeled_dynamics,0.08864251524209976,0.04861893132328987,0.20660652220249176
22,typed_supervision,39,control,0.08408702909946442,0.07630117982625961,0.17552655935287476
22,typed_supervision,39,common_basis,0.08408702909946442,0.16787505149841309,0.17237043380737305
22,typed_supervision,39,common_correlated,0.08408702909946442,0.11976468563079834,0.2963935136795044
22,typed_supervision,39,common_colored,0.08408702909946442,0.5611894130706787,0.24982425570487976
22,typed_supervision,39,common_exchange,0.08408702909946442,0.746634304523468,0.20829254388809204
22,typed_supervision,39,EEG_gain,0.1985715627670288,0.07630117982625961,0.22098125517368317
22,typed_supervision,39,Hb_gain,0.08408702909946442,0.09913031756877899,0.20307615399360657
22,typed_supervision,39,noise,0.09652654081583023,0.07581115514039993,0.18809427320957184
22,typed_supervision,39,lag_1s,0.08408702909946442,0.012941029854118824,0.24521006643772125
22,typed_supervision,39,driver_amplitude,0.16814696788787842,0.08849470317363739,0.2552156448364258
22,typed_supervision,39,driver_shape,0.07702957093715668,0.0720241591334343,0.18071669340133667
22,typed_supervision,39,physiology_tau,0.08408702909946442,0.3215489983558655,0.2181369513273239
22,typed_supervision,39,unmodeled_dynamics,0.08408702909946442,0.10486768931150436,0.21080869436264038
22,typed_supervision,40,control,0.04920313507318497,0.0663001760840416,0.10358142852783203
22,typed_supervision,40,common_basis,0.04920313507318497,0.1783979833126068,0.1158260926604271
22,typed_supervision,40,common_correlated,0.04920313507318497,0.1376945525407791,0.14767688512802124
22,typed_supervision,40,common_colored,0.04920313507318497,0.2545655071735382,0.20208702981472015
22,typed_supervision,40,common_exchange,0.04920313507318497,1.3504221439361572,0.1347503662109375
22,typed_supervision,40,EEG_gain,0.17219460010528564,0.0663001760840416,0.14198388159275055
22,typed_supervision,40,Hb_gain,0.04920313507318497,0.07746264338493347,0.11899334192276001
22,typed_supervision,40,noise,0.06365203857421875,0.0861116498708725,0.11794645339250565
22,typed_supervision,40,lag_1s,0.04920313507318497,0.015808509662747383,0.15962955355644226
22,typed_supervision,40,driver_amplitude,0.06524493545293808,0.08518999814987183,0.142584428191185
22,typed_supervision,40,driver_shape,0.06626950204372406,0.0671747699379921,0.123846635222435
22,typed_supervision,40,physiology_tau,0.04920313507318497,0.4736710786819458,0.13926388323307037
22,typed_supervision,40,unmodeled_dynamics,0.04920313507318497,0.03600618615746498,0.11330624669790268
22,typed_supervision,41,control,0.10395214706659317,0.014499138109385967,0.16413158178329468
22,typed_supervision,41,common_basis,0.10395214706659317,0.29389604926109314,0.16450978815555573
22,typed_supervision,41,common_correlated,0.10395214706659317,0.10197146236896515,0.16815677285194397
22,typed_supervision,41,common_colored,0.10395214706659317,0.5815547704696655,0.30889877676963806
22,typed_supervision,41,common_exchange,0.10395214706659317,0.8218945264816284,0.16768793761730194
22,typed_supervision,41,EEG_gain,0.1402132511138916,0.014499138109385967,0.22218166291713715
22,typed_supervision,41,Hb_gain,0.10395214706659317,0.018379434943199158,0.2014029622077942
22,typed_supervision,41,noise,0.1376628428697586,0.01477725151926279,0.17350997030735016
22,typed_supervision,41,lag_1s,0.10395214706659317,0.025101976469159126,0.17734931409358978
22,typed_supervision,41,driver_amplitude,0.21281296014785767,0.03142720088362694,0.274476021528244
22,typed_supervision,41,driver_shape,0.08635426312685013,0.01828242838382721,0.1810654103755951
22,typed_supervision,41,physiology_tau,0.10395214706659317,0.18467216193675995,0.2102450132369995
22,typed_supervision,41,unmodeled_dynamics,0.10395214706659317,0.012009945698082447,0.20510415732860565
22,typed_supervision,42,control,0.027836112305521965,0.04481758922338486,0.09182272106409073
22,typed_supervision,42,common_basis,0.027836112305521965,0.1940254122018814,0.08927885442972183
22,typed_supervision,42,common_correlated,0.027836112305521965,0.5020292401313782,0.22515971958637238
22,typed_supervision,42,common_colored,0.027836112305521965,0.4685934782028198,0.30372175574302673
22,typed_supervision,42,common_exchange,0.027836112305521965,0.6881653070449829,0.13418781757354736
22,typed_supervision,42,EEG_gain,0.21467559039592743,0.04481758922338486,0.13539059460163116
22,typed_supervision,42,Hb_gain,0.027836112305521965,0.05452834069728851,0.10347767919301987
22,typed_supervision,42,noise,0.04384715482592583,0.05592809244990349,0.11055053025484085
22,typed_supervision,42,lag_1s,0.027836112305521965,0.022208621725440025,0.17680495977401733
22,typed_supervision,42,driver_amplitude,0.07113739103078842,0.04710870981216431,0.1374920755624771
22,typed_supervision,42,driver_shape,0.04586336016654968,0.04668083414435387,0.11603562533855438
22,typed_supervision,42,physiology_tau,0.027836112305521965,0.21482856571674347,0.12561045587062836
22,typed_supervision,42,unmodeled_dynamics,0.027836112305521965,0.04100945219397545,0.12299387156963348
22,typed_supervision,43,control,0.07775169610977173,0.04144028201699257,0.21013092994689941
22,typed_supervision,43,common_basis,0.07775169610977173,0.099370077252388,0.20474664866924286
22,typed_supervision,43,common_correlated,0.07775169610977173,0.10161133855581284,0.2361329048871994
22,typed_supervision,43,common_colored,0.07775169610977173,0.29851874709129333,0.3466048836708069
22,typed_supervision,43,common_exchange,0.07775169610977173,0.6867753863334656,0.23484894633293152
22,typed_supervision,43,EEG_gain,0.1819257140159607,0.04144028201699257,0.2609599530696869
22,typed_supervision,43,Hb_gain,0.07775169610977173,0.06526834517717361,0.24177248775959015
22,typed_supervision,43,noise,0.09290114045143127,0.03686259686946869,0.21909448504447937
22,typed_supervision,43,lag_1s,0.07775169610977173,0.04257708787918091,0.24826116859912872
22,typed_supervision,43,driver_amplitude,0.1527785360813141,0.07213141769170761,0.3081032931804657
22,typed_supervision,43,driver_shape,0.08144514262676239,0.03128770366311073,0.2067425400018692
22,typed_supervision,43,physiology_tau,0.07775169610977173,0.5099717974662781,0.21596838533878326
22,typed_supervision,43,unmodeled_dynamics,0.07775169610977173,0.03729876130819321,0.2203931361436844
22,typed_supervision,44,control,0.04561137035489082,0.013284987770020962,0.09119357913732529
22,typed_supervision,44,common_basis,0.04561137035489082,0.17201672494411469,0.1275627464056015
22,typed_supervision,44,common_correlated,0.04561137035489082,0.08070551604032516,0.1321730762720108
22,typed_supervision,44,common_colored,0.04561137035489082,0.07429973036050797,0.251056969165802
22,typed_supervision,44,common_exchange,0.04561137035489082,0.1624240279197693,0.12195339053869247
22,typed_supervision,44,EEG_gain,0.2575090527534485,0.013284987770020962,0.187040776014328
22,typed_supervision,44,Hb_gain,0.04561137035489082,0.014870680868625641,0.14170223474502563
22,typed_supervision,44,noise,0.07261376082897186,0.012400129809975624,0.10923372954130173
22,typed_supervision,44,lag_1s,0.04561137035489082,0.03639969974756241,0.1875142604112625
22,typed_supervision,44,driver_amplitude,0.14989566802978516,0.018252979964017868,0.15126051008701324
22,typed_supervision,44,driver_shape,0.06916690617799759,0.007680859416723251,0.10136840492486954
22,typed_supervision,44,physiology_tau,0.04561137035489082,0.4549199640750885,0.20581212639808655
22,typed_supervision,44,unmodeled_dynamics,0.04561137035489082,0.013006861321628094,0.12761911749839783
22,typed_supervision,45,control,0.07766153663396835,0.028783554211258888,0.13917046785354614
22,typed_supervision,45,common_basis,0.07766153663396835,0.09207865595817566,0.14268988370895386
22,typed_supervision,45,common_correlated,0.07766153663396835,0.2887015640735626,0.1677163541316986
22,typed_supervision,45,common_colored,0.07766153663396835,0.8240763545036316,0.277769535779953
22,typed_supervision,45,common_exchange,0.07766153663396835,0.2093861997127533,0.15164266526699066
22,typed_supervision,45,EEG_gain,0.2760075032711029,0.028783554211258888,0.1904734969139099
22,typed_supervision,45,Hb_gain,0.07766153663396835,0.026867464184761047,0.1508689671754837
22,typed_supervision,45,noise,0.0930904671549797,0.030345244333148003,0.15275099873542786
22,typed_supervision,45,lag_1s,0.07766153663396835,0.039566684514284134,0.23479917645454407
22,typed_supervision,45,driver_amplitude,0.17602863907814026,0.02593385800719261,0.2210719883441925
22,typed_supervision,45,driver_shape,0.08736872673034668,0.017879946157336235,0.15069369971752167
22,typed_supervision,45,physiology_tau,0.07766153663396835,0.49079859256744385,0.17395338416099548
22,typed_supervision,45,unmodeled_dynamics,0.07766153663396835,0.022006692364811897,0.17903804779052734
22,typed_supervision,46,control,0.09851959347724915,0.01550914067775011,0.1292213499546051
22,typed_supervision,46,common_basis,0.09851959347724915,0.3579409122467041,0.1430094689130783
22,typed_supervision,46,common_correlated,0.09851959347724915,0.6252718567848206,0.17563892900943756
22,typed_supervision,46,common_colored,0.09851959347724915,0.6678924560546875,0.2704513370990753
22,typed_supervision,46,common_exchange,0.09851959347724915,0.6785869598388672,0.14418095350265503
22,typed_supervision,46,EEG_gain,0.17477808892726898,0.01550914067775011,0.17523662745952606
22,typed_supervision,46,Hb_gain,0.09851959347724915,0.0199557077139616,0.14741145074367523
22,typed_supervision,46,noise,0.11669442057609558,0.008551344275474548,0.13635623455047607
22,typed_supervision,46,lag_1s,0.09851959347724915,0.015661360695958138,0.16771796345710754
22,typed_supervision,46,driver_amplitude,0.22159557044506073,0.02186286635696888,0.2035498470067978
22,typed_supervision,46,driver_shape,0.08192811906337738,0.015863483771681786,0.13373719155788422
22,typed_supervision,46,physiology_tau,0.09851959347724915,0.45273149013519287,0.15523165464401245
22,typed_supervision,46,unmodeled_dynamics,0.09851959347724915,0.015946265310049057,0.1415601372718811
22,typed_supervision,47,control,0.08255012333393097,0.12515588104724884,0.11752951145172119
22,typed_supervision,47,common_basis,0.08255012333393097,0.2586232125759125,0.12758763134479523
22,typed_supervision,47,common_correlated,0.08255012333393097,0.18875020742416382,0.1690194308757782
22,typed_supervision,47,common_colored,0.08255012333393097,1.086613655090332,0.2226833552122116
22,typed_supervision,47,common_exchange,0.08255012333393097,1.2882951498031616,0.21974556148052216
22,typed_supervision,47,EEG_gain,0.2500699758529663,0.12515588104724884,0.1553683876991272
22,typed_supervision,47,Hb_gain,0.08255012333393097,0.1782609075307846,0.1305161416530609
22,typed_supervision,47,noise,0.07841498404741287,0.13026048243045807,0.13199658691883087
22,typed_supervision,47,lag_1s,0.08255012333393097,0.18953937292099,0.15272963047027588
22,typed_supervision,47,driver_amplitude,0.24741783738136292,0.1611371487379074,0.18575811386108398
22,typed_supervision,47,driver_shape,0.06060059368610382,0.07544293254613876,0.12065789848566055
22,typed_supervision,47,physiology_tau,0.08255012333393097,0.4214628338813782,0.1418776959180832
22,typed_supervision,47,unmodeled_dynamics,0.08255012333393097,0.10751092433929443,0.11899040639400482
22,typed_supervision,48,control,0.06132635474205017,0.02769319899380207,0.07719628512859344
22,typed_supervision,48,common_basis,0.06132635474205017,0.1352790743112564,0.08864525705575943
22,typed_supervision,48,common_correlated,0.06132635474205017,0.19232283532619476,0.12411675602197647
22,typed_supervision,48,common_colored,0.06132635474205017,0.3991505205631256,0.26330891251564026
22,typed_supervision,48,common_exchange,0.06132635474205017,0.4165336787700653,0.0981379970908165
22,typed_supervision,48,EEG_gain,0.1560424119234085,0.02769319899380207,0.10811690241098404
22,typed_supervision,48,Hb_gain,0.06132635474205017,0.02418346516788006,0.10061057657003403
22,typed_supervision,48,noise,0.06980855017900467,0.0370279885828495,0.0960700660943985
22,typed_supervision,48,lag_1s,0.06132635474205017,0.02378295734524727,0.12097212672233582
22,typed_supervision,48,driver_amplitude,0.1250087320804596,0.028127118945121765,0.12755656242370605
22,typed_supervision,48,driver_shape,0.050093114376068115,0.0158911794424057,0.089027538895607
22,typed_supervision,48,physiology_tau,0.06132635474205017,0.2695823311805725,0.10196217149496078
22,typed_supervision,48,unmodeled_dynamics,0.06132635474205017,0.027364889159798622,0.09149549901485443
22,typed_supervision,49,control,0.09511322528123856,0.026818815618753433,0.18195490539073944
22,typed_supervision,49,common_basis,0.09511322528123856,0.28375890851020813,0.18887780606746674
22,typed_supervision,49,common_correlated,0.09511322528123856,0.17154854536056519,0.24463996291160583
22,typed_supervision,49,common_colored,0.09511322528123856,0.25158241391181946,0.3236127197742462
22,typed_supervision,49,common_exchange,0.09511322528123856,0.23591293394565582,0.18474464118480682
22,typed_supervision,49,EEG_gain,0.20449098944664001,0.026818815618753433,0.23641903698444366
22,typed_supervision,49,Hb_gain,0.09511322528123856,0.03738850727677345,0.23508532345294952
22,typed_supervision,49,noise,0.11041366308927536,0.0162702277302742,0.19610852003097534
22,typed_supervision,49,lag_1s,0.09511322528123856,0.030219605192542076,0.22383078932762146
22,typed_supervision,49,driver_amplitude,0.22597374022006989,0.04409392178058624,0.2803612947463989
22,typed_supervision,49,driver_shape,0.09157269448041916,0.02368033118546009,0.1819826066493988
22,typed_supervision,49,physiology_tau,0.09511322528123856,0.7897902727127075,0.22083748877048492
22,typed_supervision,49,unmodeled_dynamics,0.09511322528123856,0.012100722640752792,0.19680969417095184
22,typed_supervision,50,control,0.040377769619226456,0.15474535524845123,0.10551048815250397
22,typed_supervision,50,common_basis,0.040377769619226456,0.24178464710712433,0.12303843349218369
22,typed_supervision,50,common_correlated,0.040377769619226456,0.2752596437931061,0.12135913223028183
22,typed_supervision,50,common_colored,0.040377769619226456,0.2990866005420685,0.1992274969816208
22,typed_supervision,50,common_exchange,0.040377769619226456,0.6621597409248352,0.1038796603679657
22,typed_supervision,50,EEG_gain,0.21586290001869202,0.15474535524845123,0.16457253694534302
22,typed_supervision,50,Hb_gain,0.040377769619226456,0.21306554973125458,0.11111044883728027
22,typed_supervision,50,noise,0.04987633228302002,0.16701266169548035,0.12051400542259216
22,typed_supervision,50,lag_1s,0.040377769619226456,0.06627394258975983,0.13559214770793915
22,typed_supervision,50,driver_amplitude,0.09947724640369415,0.11797042936086655,0.15312686562538147
22,typed_supervision,50,driver_shape,0.06531038135290146,0.10988900810480118,0.12115166336297989
22,typed_supervision,50,physiology_tau,0.040377769619226456,0.8296752572059631,0.15192072093486786
22,typed_supervision,50,unmodeled_dynamics,0.040377769619226456,0.1786375492811203,0.12974967062473297
22,typed_supervision,51,control,0.07213424891233444,0.08755128085613251,0.22537067532539368
22,typed_supervision,51,common_basis,0.07213424891233444,0.1678866744041443,0.2352355569601059
22,typed_supervision,51,common_correlated,0.07213424891233444,0.24835960566997528,0.32020971179008484
22,typed_supervision,51,common_colored,0.07213424891233444,0.27154088020324707,0.32625612616539
22,typed_supervision,51,common_exchange,0.07213424891233444,0.3737463653087616,0.22818027436733246
22,typed_supervision,51,EEG_gain,0.18206201493740082,0.08755128085613251,0.29375553131103516
22,typed_supervision,51,Hb_gain,0.07213424891233444,0.09021567553281784,0.24864448606967926
22,typed_supervision,51,noise,0.08780855685472488,0.09182147681713104,0.2293420433998108
22,typed_supervision,51,lag_1s,0.07213424891233444,0.1730714738368988,0.25098150968551636
22,typed_supervision,51,driver_amplitude,0.11932016164064407,0.04538879916071892,0.3436395525932312
22,typed_supervision,51,driver_shape,0.06503748893737793,0.0423191674053669,0.21804340183734894
22,typed_supervision,51,physiology_tau,0.07213424891233444,0.3750026524066925,0.25569409132003784
22,typed_supervision,51,unmodeled_dynamics,0.07213424891233444,0.05409573018550873,0.2402857542037964
22,typed_supervision,52,control,0.1516515463590622,0.02818736806511879,0.12858924269676208
22,typed_supervision,52,common_basis,0.1516515463590622,0.08738406002521515,0.12998811900615692
22,typed_supervision,52,common_correlated,0.1516515463590622,0.5695818662643433,0.21913094818592072
22,typed_supervision,52,common_colored,0.1516515463590622,0.15788160264492035,0.17388901114463806
22,typed_supervision,52,common_exchange,0.1516515463590622,1.461763858795166,0.16868646442890167
22,typed_supervision,52,EEG_gain,0.09464911371469498,0.02818736806511879,0.1771935522556305
22,typed_supervision,52,Hb_gain,0.1516515463590622,0.024967432022094727,0.14254553616046906
22,typed_supervision,52,noise,0.16471482813358307,0.026884038001298904,0.14107279479503632
22,typed_supervision,52,lag_1s,0.1516515463590622,0.06327398866415024,0.1859762966632843
22,typed_supervision,52,driver_amplitude,0.274840772151947,0.027666088193655014,0.20895206928253174
22,typed_supervision,52,driver_shape,0.07567232847213745,0.018423890694975853,0.09131789952516556
22,typed_supervision,52,physiology_tau,0.1516515463590622,0.3377566933631897,0.16664867103099823
22,typed_supervision,52,unmodeled_dynamics,0.1516515463590622,0.013604555279016495,0.15736548602581024
22,typed_supervision,53,control,0.07342123240232468,0.05025900527834892,0.15184850990772247
22,typed_supervision,53,common_basis,0.07342123240232468,0.3558064103126526,0.151243656873703
22,typed_supervision,53,common_correlated,0.07342123240232468,0.3326265215873718,0.1820424497127533
22,typed_supervision,53,common_colored,0.07342123240232468,0.17321424186229706,0.19482113420963287
22,typed_supervision,53,common_exchange,0.07342123240232468,0.42390531301498413,0.16790606081485748
22,typed_supervision,53,EEG_gain,0.19090288877487183,0.05025900527834892,0.19714763760566711
22,typed_supervision,53,Hb_gain,0.07342123240232468,0.0715939998626709,0.17609819769859314
22,typed_supervision,53,noise,0.08290459215641022,0.052278317511081696,0.16720159351825714
22,typed_supervision,53,lag_1s,0.07342123240232468,0.04202475771307945,0.18476110696792603
22,typed_supervision,53,driver_amplitude,0.20413489639759064,0.07485613226890564,0.2422429770231247
22,typed_supervision,53,driver_shape,0.05010099709033966,0.02291971631348133,0.14683932065963745
22,typed_supervision,53,physiology_tau,0.07342123240232468,0.22652560472488403,0.16709306836128235
22,typed_supervision,53,unmodeled_dynamics,0.07342123240232468,0.052322521805763245,0.16481798887252808
22,typed_supervision,54,control,0.0640779659152031,0.049709539860486984,0.1605570763349533
22,typed_supervision,54,common_basis,0.0640779659152031,0.17311736941337585,0.17310304939746857
22,typed_supervision,54,common_correlated,0.0640779659152031,0.3233936131000519,0.2992973029613495
22,typed_supervision,54,common_colored,0.0640779659152031,0.13538503646850586,0.3451170325279236
22,typed_supervision,54,common_exchange,0.0640779659152031,0.5085789561271667,0.162888765335083
22,typed_supervision,54,EEG_gain,0.19602292776107788,0.049709539860486984,0.23737668991088867
22,typed_supervision,54,Hb_gain,0.0640779659152031,0.06720975786447525,0.17761172354221344
22,typed_supervision,54,noise,0.07610243558883667,0.049817752093076706,0.167992502450943
22,typed_supervision,54,lag_1s,0.0640779659152031,0.04152669757604599,0.23552510142326355
22,typed_supervision,54,driver_amplitude,0.11222925037145615,0.062295101583004,0.23225434124469757
22,typed_supervision,54,driver_shape,0.06192444637417793,0.03854696825146675,0.17360757291316986
22,typed_supervision,54,physiology_tau,0.0640779659152031,0.2313816398382187,0.25025540590286255
22,typed_supervision,54,unmodeled_dynamics,0.0640779659152031,0.024508189409971237,0.19704994559288025
22,typed_supervision,55,control,0.04215128719806671,0.027900949120521545,0.16357526183128357
22,typed_supervision,55,common_basis,0.04215128719806671,0.23252452909946442,0.17235799133777618
22,typed_supervision,55,common_correlated,0.04215128719806671,0.0548328198492527,0.26069265604019165
22,typed_supervision,55,common_colored,0.04215128719806671,0.07658527791500092,0.2729513347148895
22,typed_supervision,55,common_exchange,0.04215128719806671,1.0129188299179077,0.20920968055725098
22,typed_supervision,55,EEG_gain,0.30205070972442627,0.027900949120521545,0.2229972928762436
22,typed_supervision,55,Hb_gain,0.04215128719806671,0.03633393719792366,0.17168988287448883
22,typed_supervision,55,noise,0.05094469338655472,0.026652976870536804,0.165970116853714
22,typed_supervision,55,lag_1s,0.04215128719806671,0.0248419102281332,0.21402989327907562
22,typed_supervision,55,driver_amplitude,0.15084537863731384,0.025538846850395203,0.25342994928359985
22,typed_supervision,55,driver_shape,0.0487959198653698,0.04030382260680199,0.17392896115779877
22,typed_supervision,55,physiology_tau,0.04215128719806671,0.56817227602005,0.20454087853431702
22,typed_supervision,55,unmodeled_dynamics,0.04215128719806671,0.02417212724685669,0.19172047078609467
22,typed_supervision,56,control,0.07981815189123154,0.04415574669837952,0.13959136605262756
22,typed_supervision,56,common_basis,0.07981815189123154,0.17490971088409424,0.1453593671321869
22,typed_supervision,56,common_correlated,0.07981815189123154,0.17206190526485443,0.264229953289032
22,typed_supervision,56,common_colored,0.07981815189123154,0.32681605219841003,0.39017587900161743
22,typed_supervision,56,common_exchange,0.07981815189123154,0.9109057188034058,0.21425430476665497
22,typed_supervision,56,EEG_gain,0.23576821386814117,0.04415574669837952,0.1847655326128006
22,typed_supervision,56,Hb_gain,0.07981815189123154,0.07082907855510712,0.14966347813606262
22,typed_supervision,56,noise,0.08592874556779861,0.04193443804979324,0.15076173841953278
22,typed_supervision,56,lag_1s,0.07981815189123154,0.06094876676797867,0.2211409956216812
22,typed_supervision,56,driver_amplitude,0.18336889147758484,0.08997184038162231,0.2146041840314865
22,typed_supervision,56,driver_shape,0.0840248093008995,0.030680561438202858,0.1506119817495346
22,typed_supervision,56,physiology_tau,0.07981815189123154,0.3327162265777588,0.17922142148017883
22,typed_supervision,56,unmodeled_dynamics,0.07981815189123154,0.02672530896961689,0.18038572371006012
22,typed_supervision,57,control,0.0670560747385025,0.00916651077568531,0.13847707211971283
22,typed_supervision,57,common_basis,0.0670560747385025,0.14921249449253082,0.1578807383775711
22,typed_supervision,57,common_correlated,0.0670560747385025,0.253678560256958,0.1576622724533081
22,typed_supervision,57,common_colored,0.0670560747385025,0.26214200258255005,0.17639485001564026
22,typed_supervision,57,common_exchange,0.0670560747385025,0.40011337399482727,0.14781765639781952
22,typed_supervision,57,EEG_gain,0.13473351299762726,0.00916651077568531,0.18046244978904724
22,typed_supervision,57,Hb_gain,0.0670560747385025,0.01567622646689415,0.1458389312028885
22,typed_supervision,57,noise,0.062313470989465714,0.015224351547658443,0.15031622350215912
22,typed_supervision,57,lag_1s,0.0670560747385025,0.03905678167939186,0.15201395750045776
22,typed_supervision,57,driver_amplitude,0.15130069851875305,0.026753494516015053,0.21670007705688477
22,typed_supervision,57,driver_shape,0.04864557832479477,0.012618913315236568,0.14536847174167633
22,typed_supervision,57,physiology_tau,0.0670560747385025,0.09937536716461182,0.1466434895992279
22,typed_supervision,57,unmodeled_dynamics,0.0670560747385025,0.0015503218164667487,0.15135817229747772
22,typed_supervision,58,control,0.07787028700113297,0.05917228013277054,0.09921363741159439
22,typed_supervision,58,common_basis,0.07787028700113297,0.20513412356376648,0.10030362010002136
22,typed_supervision,58,common_correlated,0.07787028700113297,0.3280468285083771,0.14076624810695648
22,typed_supervision,58,common_colored,0.07787028700113297,0.8204014301300049,0.148061603307724
22,typed_supervision,58,common_exchange,0.07787028700113297,0.8975488543510437,0.12760844826698303
22,typed_supervision,58,EEG_gain,0.15637852251529694,0.05917228013277054,0.143435537815094
22,typed_supervision,58,Hb_gain,0.07787028700113297,0.09123755991458893,0.12781108915805817
22,typed_supervision,58,noise,0.08827205002307892,0.06263148784637451,0.1138579398393631
22,typed_supervision,58,lag_1s,0.07787028700113297,0.07436655461788177,0.16164825856685638
22,typed_supervision,58,driver_amplitude,0.18295131623744965,0.10322794318199158,0.17066362500190735
22,typed_supervision,58,driver_shape,0.0615733377635479,0.04731716960668564,0.11703655123710632
22,typed_supervision,58,physiology_tau,0.07787028700113297,0.1487674117088318,0.1699461191892624
22,typed_supervision,58,unmodeled_dynamics,0.07787028700113297,0.03883814439177513,0.134617879986763
22,typed_supervision,59,control,0.07108505070209503,0.10743770748376846,0.22868052124977112
22,typed_supervision,59,common_basis,0.07108505070209503,0.29425927996635437,0.2282983362674713
22,typed_supervision,59,common_correlated,0.07108505070209503,0.19225262105464935,0.31967639923095703
22,typed_supervision,59,common_colored,0.07108505070209503,0.5635873079299927,0.27277979254722595
22,typed_supervision,59,common_exchange,0.07108505070209503,0.49447765946388245,0.23589502274990082
22,typed_supervision,59,EEG_gain,0.2737075686454773,0.10743770748376846,0.31191912293434143
22,typed_supervision,59,Hb_gain,0.07108505070209503,0.11810298264026642,0.2386089414358139
22,typed_supervision,59,noise,0.07318118214607239,0.11381738632917404,0.23443321883678436
22,typed_supervision,59,lag_1s,0.07108505070209503,0.09272350370883942,0.25990551710128784
22,typed_supervision,59,driver_amplitude,0.14968915283679962,0.08469155430793762,0.34638795256614685
22,typed_supervision,59,driver_shape,0.10890303552150726,0.07880985736846924,0.25150659680366516
22,typed_supervision,59,physiology_tau,0.07108505070209503,0.409402996301651,0.27775025367736816
22,typed_supervision,59,unmodeled_dynamics,0.07108505070209503,0.11286672949790955,0.28211337327957153
22,typed_supervision,60,control,0.06532440334558487,0.03661079332232475,0.0931563451886177
22,typed_supervision,60,common_basis,0.06532440334558487,0.3111576735973358,0.10777298361063004
22,typed_supervision,60,common_correlated,0.06532440334558487,0.1507417857646942,0.1412847340106964
22,typed_supervision,60,common_colored,0.06532440334558487,0.9235942959785461,0.22337083518505096
22,typed_supervision,60,common_exchange,0.06532440334558487,0.09827525168657303,0.11289027333259583
22,typed_supervision,60,EEG_gain,0.25174325704574585,0.03661079332232475,0.13648124039173126
22,typed_supervision,60,Hb_gain,0.06532440334558487,0.036420103162527084,0.12348487973213196
22,typed_supervision,60,noise,0.07583645731210709,0.040103793144226074,0.10920656472444534
22,typed_supervision,60,lag_1s,0.06532440334558487,0.03460080176591873,0.19369971752166748
22,typed_supervision,60,driver_amplitude,0.15806438028812408,0.05538564175367355,0.13595527410507202
22,typed_supervision,60,driver_shape,0.061477918177843094,0.044189512729644775,0.11348184198141098
22,typed_supervision,60,physiology_tau,0.06532440334558487,0.1834733635187149,0.18334127962589264
22,typed_supervision,60,unmodeled_dynamics,0.06532440334558487,0.03457457944750786,0.14949250221252441
22,typed_supervision,61,control,0.0824553444981575,0.025442179292440414,0.21312019228935242
22,typed_supervision,61,common_basis,0.0824553444981575,0.12361952662467957,0.22019775211811066
22,typed_supervision,61,common_correlated,0.0824553444981575,0.16082945466041565,0.2496805489063263
22,typed_supervision,61,common_colored,0.0824553444981575,0.40299010276794434,0.33892586827278137
22,typed_supervision,61,common_exchange,0.0824553444981575,1.1590955257415771,0.26577702164649963
22,typed_supervision,61,EEG_gain,0.20732925832271576,0.025442179292440414,0.29049909114837646
22,typed_supervision,61,Hb_gain,0.0824553444981575,0.027993639931082726,0.21596044301986694
22,typed_supervision,61,noise,0.0901731625199318,0.029706289991736412,0.21989713609218597
22,typed_supervision,61,lag_1s,0.0824553444981575,0.032382816076278687,0.2420562207698822
22,typed_supervision,61,driver_amplitude,0.17843563854694366,0.039546310901641846,0.3252458870410919
22,typed_supervision,61,driver_shape,0.09459682554006577,0.03001338616013527,0.21117398142814636
22,typed_supervision,61,physiology_tau,0.0824553444981575,0.39960163831710815,0.2556670606136322
22,typed_supervision,61,unmodeled_dynamics,0.0824553444981575,0.0295803751796484,0.24454183876514435
22,typed_supervision,62,control,0.05856891721487045,0.02414044924080372,0.13411356508731842
22,typed_supervision,62,common_basis,0.05856891721487045,0.5885149836540222,0.17722108960151672
22,typed_supervision,62,common_correlated,0.05856891721487045,0.5196669101715088,0.14500769972801208
22,typed_supervision,62,common_colored,0.05856891721487045,0.43194109201431274,0.22304823994636536
22,typed_supervision,62,common_exchange,0.05856891721487045,1.0085608959197998,0.15319015085697174
22,typed_supervision,62,EEG_gain,0.1939285695552826,0.02414044924080372,0.15928830206394196
22,typed_supervision,62,Hb_gain,0.05856891721487045,0.04207933694124222,0.17853930592536926
22,typed_supervision,62,noise,0.07304499298334122,0.039887867867946625,0.15127088129520416
22,typed_supervision,62,lag_1s,0.05856891721487045,0.013117150403559208,0.1477859765291214
22,typed_supervision,62,driver_amplitude,0.14129851758480072,0.06921539455652237,0.19240137934684753
22,typed_supervision,62,driver_shape,0.06343618035316467,0.03397868201136589,0.140745609998703
22,typed_supervision,62,physiology_tau,0.05856891721487045,0.4333260655403137,0.14963509142398834
22,typed_supervision,62,unmodeled_dynamics,0.05856891721487045,0.023326916620135307,0.14656615257263184
22,typed_supervision,63,control,0.07463175803422928,0.10862419009208679,0.2683905363082886
22,typed_supervision,63,common_basis,0.07463175803422928,0.16800791025161743,0.2687194347381592
22,typed_supervision,63,common_correlated,0.07463175803422928,0.17678427696228027,0.30505135655403137
22,typed_supervision,63,common_colored,0.07463175803422928,0.1634659767150879,0.32823067903518677
22,typed_supervision,63,common_exchange,0.07463175803422928,0.49331778287887573,0.27401649951934814
22,typed_supervision,63,EEG_gain,0.2475363165140152,0.10862419009208679,0.3463399410247803
22,typed_supervision,63,Hb_gain,0.07463175803422928,0.1531386375427246,0.27522486448287964
22,typed_supervision,63,noise,0.06901010870933533,0.0989413857460022,0.27363327145576477
22,typed_supervision,63,lag_1s,0.07463175803422928,0.03623972833156586,0.291408509016037
22,typed_supervision,63,driver_amplitude,0.1565365493297577,0.11916518956422806,0.4034980535507202
22,typed_supervision,63,driver_shape,0.089861661195755,0.08088479191064835,0.2795781195163727
22,typed_supervision,63,physiology_tau,0.07463175803422928,0.1207038015127182,0.2654134929180145
22,typed_supervision,63,unmodeled_dynamics,0.07463175803422928,0.10110268741846085,0.2832984924316406
22,typed_supervision,64,control,0.06052495166659355,0.03682155907154083,0.08448208123445511
22,typed_supervision,64,common_basis,0.06052495166659355,0.21975314617156982,0.13602368533611298
22,typed_supervision,64,common_correlated,0.06052495166659355,0.08623465895652771,0.1314057856798172
22,typed_supervision,64,common_colored,0.06052495166659355,0.2338479459285736,0.13549308478832245
22,typed_supervision,64,common_exchange,0.06052495166659355,0.291556179523468,0.12844252586364746
22,typed_supervision,64,EEG_gain,0.22623993456363678,0.03682155907154083,0.12376385182142258
22,typed_supervision,64,Hb_gain,0.06052495166659355,0.03303053230047226,0.11499016731977463
22,typed_supervision,64,noise,0.06696175038814545,0.04624677821993828,0.10236621648073196
22,typed_supervision,64,lag_1s,0.06052495166659355,0.03348544239997864,0.15286794304847717
22,typed_supervision,64,driver_amplitude,0.16545292735099792,0.03402573615312576,0.14420178532600403
22,typed_supervision,64,driver_shape,0.0488959401845932,0.03154265508055687,0.09374376386404037
22,typed_supervision,64,physiology_tau,0.06052495166659355,0.20853908360004425,0.15137669444084167
22,typed_supervision,64,unmodeled_dynamics,0.06052495166659355,0.037298329174518585,0.11546482145786285
22,typed_supervision,65,control,0.06698960810899734,0.022079594433307648,0.15781395137310028
22,typed_supervision,65,common_basis,0.06698960810899734,0.2244933396577835,0.16677016019821167
22,typed_supervision,65,common_correlated,0.06698960810899734,0.10695694386959076,0.181117981672287
22,typed_supervision,65,common_colored,0.06698960810899734,0.398665189743042,0.18796831369400024
22,typed_supervision,65,common_exchange,0.06698960810899734,0.2119094282388687,0.1668982356786728
22,typed_supervision,65,EEG_gain,0.21023976802825928,0.022079594433307648,0.2014862447977066
22,typed_supervision,65,Hb_gain,0.06698960810899734,0.03406905755400658,0.1639682799577713
22,typed_supervision,65,noise,0.08096164464950562,0.022447096183896065,0.1690458506345749
22,typed_supervision,65,lag_1s,0.06698960810899734,0.03486781567335129,0.1819734275341034
22,typed_supervision,65,driver_amplitude,0.15568284690380096,0.03584197163581848,0.24173827469348907
22,typed_supervision,65,driver_shape,0.06887583434581757,0.014644967392086983,0.1624503880739212
22,typed_supervision,65,physiology_tau,0.06698960810899734,0.38733071088790894,0.1704183667898178
22,typed_supervision,65,unmodeled_dynamics,0.06698960810899734,0.01771146059036255,0.17270530760288239
22,typed_supervision,66,control,0.06463998556137085,0.029224952682852745,0.097127765417099
22,typed_supervision,66,common_basis,0.06463998556137085,0.06164395064115524,0.09797033667564392
22,typed_supervision,66,common_correlated,0.06463998556137085,0.31806543469429016,0.2715130150318146
22,typed_supervision,66,common_colored,0.06463998556137085,0.42684975266456604,0.27139970660209656
22,typed_supervision,66,common_exchange,0.06463998556137085,0.44540926814079285,0.10768230259418488
22,typed_supervision,66,EEG_gain,0.1918923407793045,0.029224952682852745,0.14665885269641876
22,typed_supervision,66,Hb_gain,0.06463998556137085,0.016523310914635658,0.11691450327634811
22,typed_supervision,66,noise,0.09236632287502289,0.03206074610352516,0.11416137218475342
22,typed_supervision,66,lag_1s,0.06463998556137085,0.014399871230125427,0.2177487462759018
22,typed_supervision,66,driver_amplitude,0.09889715909957886,0.020486896857619286,0.15201351046562195
22,typed_supervision,66,driver_shape,0.06508136540651321,0.0384652279317379,0.1223762035369873
22,typed_supervision,66,physiology_tau,0.06463998556137085,0.17966428399085999,0.1837674081325531
22,typed_supervision,66,unmodeled_dynamics,0.06463998556137085,0.03861568868160248,0.15326234698295593
22,typed_supervision,67,control,0.04748490825295448,0.02963865175843239,0.1809234321117401
22,typed_supervision,67,common_basis,0.04748490825295448,0.12170198559761047,0.17627990245819092
22,typed_supervision,67,common_correlated,0.04748490825295448,0.19098985195159912,0.19526652991771698
22,typed_supervision,67,common_colored,0.04748490825295448,0.2146710604429245,0.1950601041316986
22,typed_supervision,67,common_exchange,0.04748490825295448,0.6070208549499512,0.1674196571111679
22,typed_supervision,67,EEG_gain,0.2862289249897003,0.02963865175843239,0.21699383854866028
22,typed_supervision,67,Hb_gain,0.04748490825295448,0.03113396279513836,0.2243308126926422
22,typed_supervision,67,noise,0.05642259865999222,0.030633075162768364,0.1921808421611786
22,typed_supervision,67,lag_1s,0.04748490825295448,0.02706807292997837,0.2162945419549942
22,typed_supervision,67,driver_amplitude,0.11204131692647934,0.015496893785893917,0.26182103157043457
22,typed_supervision,67,driver_shape,0.06111999228596687,0.03739095851778984,0.1932392716407776
22,typed_supervision,67,physiology_tau,0.04748490825295448,0.37844038009643555,0.1832488477230072
22,typed_supervision,67,unmodeled_dynamics,0.04748490825295448,0.026843085885047913,0.1643637716770172
22,typed_supervision,68,control,0.09170801192522049,0.020047828555107117,0.10039522498846054
22,typed_supervision,68,common_basis,0.09170801192522049,0.07525260001420975,0.10524063557386398
22,typed_supervision,68,common_correlated,0.09170801192522049,0.1986372470855713,0.22227592766284943
22,typed_supervision,68,common_colored,0.09170801192522049,0.7128234505653381,0.202264204621315
22,typed_supervision,68,common_exchange,0.09170801192522049,0.3078387677669525,0.11565633118152618
22,typed_supervision,68,EEG_gain,0.19383768737316132,0.020047828555107117,0.14761017262935638
22,typed_supervision,68,Hb_gain,0.09170801192522049,0.03295734152197838,0.147569477558136
22,typed_supervision,68,noise,0.11590159684419632,0.02224823459982872,0.12217392772436142
22,typed_supervision,68,lag_1s,0.09170801192522049,0.014990152791142464,0.21539373695850372
22,typed_supervision,68,driver_amplitude,0.20378151535987854,0.03445679694414139,0.17539119720458984
22,typed_supervision,68,driver_shape,0.07448945194482803,0.02327549457550049,0.12174192070960999
22,typed_supervision,68,physiology_tau,0.09170801192522049,0.3168947100639343,0.17357182502746582
22,typed_supervision,68,unmodeled_dynamics,0.09170801192522049,0.015235823579132557,0.1303633451461792
22,typed_supervision,69,control,0.05110365152359009,0.022184737026691437,0.2223239690065384
22,typed_supervision,69,common_basis,0.05110365152359009,0.1503746509552002,0.2290424108505249
22,typed_supervision,69,common_correlated,0.05110365152359009,0.3618409037590027,0.24477297067642212
22,typed_supervision,69,common_colored,0.05110365152359009,0.38787907361984253,0.2771337330341339
22,typed_supervision,69,common_exchange,0.05110365152359009,0.6679611802101135,0.22845059633255005
22,typed_supervision,69,EEG_gain,0.16891269385814667,0.022184737026691437,0.2900214195251465
22,typed_supervision,69,Hb_gain,0.05110365152359009,0.022785324603319168,0.23142963647842407
22,typed_supervision,69,noise,0.05916544422507286,0.015506543219089508,0.23281453549861908
22,typed_supervision,69,lag_1s,0.05110365152359009,0.021814391016960144,0.25511616468429565
22,typed_supervision,69,driver_amplitude,0.09813348948955536,0.024444088339805603,0.3315075635910034
22,typed_supervision,69,driver_shape,0.06227562576532364,0.03242895007133484,0.22718484699726105
22,typed_supervision,69,physiology_tau,0.05110365152359009,0.4723227620124817,0.2324124574661255
22,typed_supervision,69,unmodeled_dynamics,0.05110365152359009,0.013827156275510788,0.23264922201633453
22,typed_supervision,70,control,0.1137973964214325,0.11629550904035568,0.1637110412120819
22,typed_supervision,70,common_basis,0.1137973964214325,0.17075283825397491,0.15298087894916534
22,typed_supervision,70,common_correlated,0.1137973964214325,0.31480276584625244,0.3144910931587219
22,typed_supervision,70,common_colored,0.1137973964214325,0.22450360655784607,0.3368271291255951
22,typed_supervision,70,common_exchange,0.1137973964214325,1.1040316820144653,0.17766670882701874
22,typed_supervision,70,EEG_gain,0.16813525557518005,0.11629550904035568,0.19393540918827057
22,typed_supervision,70,Hb_gain,0.1137973964214325,0.17339549958705902,0.22891391813755035
22,typed_supervision,70,noise,0.1272638738155365,0.1553838700056076,0.17140235006809235
22,typed_supervision,70,lag_1s,0.1137973964214325,0.058887824416160583,0.20197710394859314
22,typed_supervision,70,driver_amplitude,0.20933210849761963,0.17721377313137054,0.2674171030521393
22,typed_supervision,70,driver_shape,0.04148341715335846,0.05992106348276138,0.12359832972288132
22,typed_supervision,70,physiology_tau,0.1137973964214325,0.3549796938896179,0.1811922937631607
22,typed_supervision,70,unmodeled_dynamics,0.1137973964214325,0.08885179460048676,0.19017216563224792
22,typed_supervision,71,control,0.07337304204702377,0.16000118851661682,0.22415691614151
22,typed_supervision,71,common_basis,0.07337304204702377,0.29422783851623535,0.23355022072792053
22,typed_supervision,71,common_correlated,0.07337304204702377,0.3348712623119354,0.3051447868347168
22,typed_supervision,71,common_colored,0.07337304204702377,0.6629396080970764,0.3149646818637848
22,typed_supervision,71,common_exchange,0.07337304204702377,0.4609675705432892,0.22583182156085968
22,typed_supervision,71,EEG_gain,0.19214235246181488,0.16000118851661682,0.2925175130367279
22,typed_supervision,71,Hb_gain,0.07337304204702377,0.1980355978012085,0.2383008897304535
22,typed_supervision,71,noise,0.09447424113750458,0.1491633951663971,0.23192739486694336
22,typed_supervision,71,lag_1s,0.07337304204702377,0.034738022834062576,0.26566940546035767
22,typed_supervision,71,driver_amplitude,0.11562333256006241,0.16530588269233704,0.3314814269542694
22,typed_supervision,71,driver_shape,0.07346172630786896,0.11547556519508362,0.2284107357263565
22,typed_supervision,71,physiology_tau,0.07337304204702377,0.2720795273780823,0.2668698728084564
22,typed_supervision,71,unmodeled_dynamics,0.07337304204702377,0.15829268097877502,0.25591909885406494
22,typed_supervision,72,control,0.10312770307064056,0.044534940272569656,0.12593179941177368
22,typed_supervision,72,common_basis,0.10312770307064056,0.19803188741207123,0.13150806725025177
22,typed_supervision,72,common_correlated,0.10312770307064056,0.21545465290546417,0.19109511375427246
22,typed_supervision,72,common_colored,0.10312770307064056,0.11134453117847443,0.171892911195755
22,typed_supervision,72,common_exchange,0.10312770307064056,0.3780342638492584,0.15060938894748688
22,typed_supervision,72,EEG_gain,0.19436337053775787,0.044534940272569656,0.16940362751483917
22,typed_supervision,72,Hb_gain,0.10312770307064056,0.05538525432348251,0.1851811558008194
22,typed_supervision,72,noise,0.10182574391365051,0.038203638046979904,0.12916290760040283
22,typed_supervision,72,lag_1s,0.10312770307064056,0.03250957652926445,0.17293092608451843
22,typed_supervision,72,driver_amplitude,0.2576371133327484,0.06512057036161423,0.233405202627182
22,typed_supervision,72,driver_shape,0.08275686204433441,0.02629079855978489,0.12014105916023254
22,typed_supervision,72,physiology_tau,0.10312770307064056,0.3563101291656494,0.20504304766654968
22,typed_supervision,72,unmodeled_dynamics,0.10312770307064056,0.04422614723443985,0.17823471128940582
22,typed_supervision,73,control,0.07629135996103287,0.01483441237360239,0.1619812250137329
22,typed_supervision,73,common_basis,0.07629135996103287,0.07397763431072235,0.1755857765674591
22,typed_supervision,73,common_correlated,0.07629135996103287,0.14200633764266968,0.19991807639598846
22,typed_supervision,73,common_colored,0.07629135996103287,0.19471503794193268,0.32097485661506653
22,typed_supervision,73,common_exchange,0.07629135996103287,0.850265383720398,0.17667698860168457
22,typed_supervision,73,EEG_gain,0.2678719460964203,0.01483441237360239,0.23129434883594513
22,typed_supervision,73,Hb_gain,0.07629135996103287,0.023437265306711197,0.1875535100698471
22,typed_supervision,73,noise,0.07574872672557831,0.013300449587404728,0.17670777440071106
22,typed_supervision,73,lag_1s,0.07629135996103287,0.03129122778773308,0.22296704351902008
22,typed_supervision,73,driver_amplitude,0.21159382164478302,0.03681549057364464,0.258444607257843
22,typed_supervision,73,driver_shape,0.0824364498257637,0.012669024989008904,0.1703389286994934
22,typed_supervision,73,physiology_tau,0.07629135996103287,0.14120268821716309,0.24855676293373108
22,typed_supervision,73,unmodeled_dynamics,0.07629135996103287,0.016232330352067947,0.1943219155073166
22,typed_supervision,74,control,0.04732167720794678,0.025366291403770447,0.09817621856927872
22,typed_supervision,74,common_basis,0.04732167720794678,0.3620791733264923,0.09934575855731964
22,typed_supervision,74,common_correlated,0.04732167720794678,0.14675259590148926,0.12688007950782776
22,typed_supervision,74,common_colored,0.04732167720794678,0.5933439135551453,0.2168491780757904
22,typed_supervision,74,common_exchange,0.04732167720794678,0.8174794912338257,0.17337223887443542
22,typed_supervision,74,EEG_gain,0.2172289341688156,0.025366291403770447,0.158089280128479
22,typed_supervision,74,Hb_gain,0.04732167720794678,0.039328981190919876,0.107036292552948
22,typed_supervision,74,noise,0.07489706575870514,0.026076417416334152,0.10718658566474915
22,typed_supervision,74,lag_1s,0.04732167720794678,0.0374121256172657,0.18599523603916168
22,typed_supervision,74,driver_amplitude,0.10391122102737427,0.04068731144070625,0.15713272988796234
22,typed_supervision,74,driver_shape,0.07376798987388611,0.027628080919384956,0.11601685732603073
22,typed_supervision,74,physiology_tau,0.04732167720794678,0.15754009783267975,0.15984714031219482
22,typed_supervision,74,unmodeled_dynamics,0.04732167720794678,0.023549754172563553,0.11630735546350479
22,typed_supervision,75,control,0.10176793485879898,0.028173256665468216,0.2092105895280838
22,typed_supervision,75,common_basis,0.10176793485879898,0.25646892189979553,0.2104797512292862
22,typed_supervision,75,common_correlated,0.10176793485879898,0.1776830554008484,0.2152472585439682
22,typed_supervision,75,common_colored,0.10176793485879898,0.3134046196937561,0.2875829041004181
22,typed_supervision,75,common_exchange,0.10176793485879898,0.3462190628051758,0.21187107264995575
22,typed_supervision,75,EEG_gain,0.22205211222171783,0.028173256665468216,0.27701708674430847
22,typed_supervision,75,Hb_gain,0.10176793485879898,0.043255724012851715,0.21663601696491241
22,typed_supervision,75,noise,0.1010294109582901,0.03158598393201828,0.2132660150527954
22,typed_supervision,75,lag_1s,0.10176793485879898,0.02930702082812786,0.21630160510540009
22,typed_supervision,75,driver_amplitude,0.22221682965755463,0.045857153832912445,0.31836557388305664
22,typed_supervision,75,driver_shape,0.0930667519569397,0.022224418818950653,0.22239699959754944
22,typed_supervision,75,physiology_tau,0.10176793485879898,0.39416933059692383,0.23032648861408234
22,typed_supervision,75,unmodeled_dynamics,0.10176793485879898,0.026071246713399887,0.2202749252319336
22,typed_supervision,76,control,0.0732228085398674,0.024191947653889656,0.09918597340583801
22,typed_supervision,76,common_basis,0.0732228085398674,0.12565818428993225,0.09590078145265579
22,typed_supervision,76,common_correlated,0.0732228085398674,0.14279614388942719,0.21319571137428284
22,typed_supervision,76,common_colored,0.0732228085398674,0.18066203594207764,0.18657663464546204
22,typed_supervision,76,common_exchange,0.0732228085398674,0.4746626615524292,0.11726497858762741
22,typed_supervision,76,EEG_gain,0.13192881643772125,0.024191947653889656,0.13078266382217407
22,typed_supervision,76,Hb_gain,0.0732228085398674,0.03867249935865402,0.12428571283817291
22,typed_supervision,76,noise,0.08704376965761185,0.027654731646180153,0.11848874390125275
22,typed_supervision,76,lag_1s,0.0732228085398674,0.02388957142829895,0.19261303544044495
22,typed_supervision,76,driver_amplitude,0.15391229093074799,0.059449952095746994,0.1520782709121704
22,typed_supervision,76,driver_shape,0.07546655088663101,0.03853534162044525,0.10857480764389038
22,typed_supervision,76,physiology_tau,0.0732228085398674,0.6017836332321167,0.15298615396022797
22,typed_supervision,76,unmodeled_dynamics,0.0732228085398674,0.012344316579401493,0.1519639492034912
22,typed_supervision,77,control,0.10993427783250809,0.030461231246590614,0.2629850208759308
22,typed_supervision,77,common_basis,0.10993427783250809,0.1694248914718628,0.2652733325958252
22,typed_supervision,77,common_correlated,0.10993427783250809,0.15078742802143097,0.32554903626441956
22,typed_supervision,77,common_colored,0.10993427783250809,0.18489497900009155,0.41542690992355347
22,typed_supervision,77,common_exchange,0.10993427783250809,0.6238542795181274,0.27820244431495667
22,typed_supervision,77,EEG_gain,0.3288317620754242,0.030461231246590614,0.3519113063812256
22,typed_supervision,77,Hb_gain,0.10993427783250809,0.036802586168050766,0.2642758786678314
22,typed_supervision,77,noise,0.11856198310852051,0.0328405387699604,0.26710057258605957
22,typed_supervision,77,lag_1s,0.10993427783250809,0.02243173122406006,0.3147478699684143
22,typed_supervision,77,driver_amplitude,0.16098849475383759,0.04238462448120117,0.39468106627464294
22,typed_supervision,77,driver_shape,0.08273380249738693,0.03554372861981392,0.27359914779663086
22,typed_supervision,77,physiology_tau,0.10993427783250809,0.12714502215385437,0.2923050820827484
22,typed_supervision,77,unmodeled_dynamics,0.10993427783250809,0.024102061986923218,0.2806788384914398
22,typed_supervision,78,control,0.028931114822626114,0.026716910302639008,0.09425231069326401
22,typed_supervision,78,common_basis,0.028931114822626114,0.278594970703125,0.12389819324016571
22,typed_supervision,78,common_correlated,0.028931114822626114,0.16170082986354828,0.19962485134601593
22,typed_supervision,78,common_colored,0.028931114822626114,0.44537797570228577,0.23967832326889038
22,typed_supervision,78,common_exchange,0.028931114822626114,0.5678130388259888,0.16187456250190735
22,typed_supervision,78,EEG_gain,0.208108589053154,0.026716910302639008,0.1443575620651245
22,typed_supervision,78,Hb_gain,0.028931114822626114,0.027032146230340004,0.15893776714801788
22,typed_supervision,78,noise,0.03536011278629303,0.031098036095499992,0.10422289371490479
22,typed_supervision,78,lag_1s,0.028931114822626114,0.02218247391283512,0.2236320823431015
22,typed_supervision,78,driver_amplitude,0.08851389586925507,0.032737839967012405,0.1708899885416031
22,typed_supervision,78,driver_shape,0.03371398523449898,0.03526144102215767,0.1141059473156929
22,typed_supervision,78,physiology_tau,0.028931114822626114,0.336140900850296,0.2033119648694992
22,typed_supervision,78,unmodeled_dynamics,0.028931114822626114,0.018622098490595818,0.1548992395401001
22,typed_supervision,79,control,0.07190626859664917,0.044190943241119385,0.17940470576286316
22,typed_supervision,79,common_basis,0.07190626859664917,0.31050482392311096,0.17730790376663208
22,typed_supervision,79,common_correlated,0.07190626859664917,0.2682185471057892,0.29109111428260803
22,typed_supervision,79,common_colored,0.07190626859664917,0.1167762354016304,0.250832200050354
22,typed_supervision,79,common_exchange,0.07190626859664917,0.6859807372093201,0.1864222139120102
22,typed_supervision,79,EEG_gain,0.2232585996389389,0.044190943241119385,0.25291886925697327
22,typed_supervision,79,Hb_gain,0.07190626859664917,0.0589771494269371,0.23574219644069672
22,typed_supervision,79,noise,0.08793408423662186,0.04317106679081917,0.19126659631729126
22,typed_supervision,79,lag_1s,0.07190626859664917,0.022642793133854866,0.31265002489089966
22,typed_supervision,79,driver_amplitude,0.15194810926914215,0.046910546720027924,0.27907004952430725
22,typed_supervision,79,driver_shape,0.0865008682012558,0.04210849851369858,0.1907937377691269
22,typed_supervision,79,physiology_tau,0.07190626859664917,0.4255097806453705,0.29390713572502136
22,typed_supervision,79,unmodeled_dynamics,0.07190626859664917,0.046692024916410446,0.2268826812505722
22,typed_supervision,80,control,0.06303299218416214,0.017993470653891563,0.08503115922212601
22,typed_supervision,80,common_basis,0.06303299218416214,0.16778814792633057,0.10186492651700974
22,typed_supervision,80,common_correlated,0.06303299218416214,0.22383975982666016,0.13047830760478973
22,typed_supervision,80,common_colored,0.06303299218416214,0.4561348557472229,0.2869373857975006
22,typed_supervision,80,common_exchange,0.06303299218416214,0.33724382519721985,0.10592839866876602
22,typed_supervision,80,EEG_gain,0.20719197392463684,0.017993470653891563,0.13738690316677094
22,typed_supervision,80,Hb_gain,0.06303299218416214,0.024204064160585403,0.09203898161649704
22,typed_supervision,80,noise,0.06386066228151321,0.020327217876911163,0.10189509391784668
22,typed_supervision,80,lag_1s,0.06303299218416214,0.026425227522850037,0.13127759099006653
22,typed_supervision,80,driver_amplitude,0.1262054294347763,0.02981061488389969,0.13843300938606262
22,typed_supervision,80,driver_shape,0.06634601950645447,0.02089545875787735,0.10090132057666779
22,typed_supervision,80,physiology_tau,0.06303299218416214,0.19679132103919983,0.13791212439537048
22,typed_supervision,80,unmodeled_dynamics,0.06303299218416214,0.018190603703260422,0.12207567691802979
22,typed_supervision,81,control,0.06748984009027481,0.021949246525764465,0.2167997658252716
22,typed_supervision,81,common_basis,0.06748984009027481,0.17774850130081177,0.23737797141075134
22,typed_supervision,81,common_correlated,0.06748984009027481,0.11517592519521713,0.29477837681770325
22,typed_supervision,81,common_colored,0.06748984009027481,0.23057234287261963,0.36106395721435547
22,typed_supervision,81,common_exchange,0.06748984009027481,0.5018609166145325,0.21901272237300873
22,typed_supervision,81,EEG_gain,0.18748322129249573,0.021949246525764465,0.28053373098373413
22,typed_supervision,81,Hb_gain,0.06748984009027481,0.025359945371747017,0.23709313571453094
22,typed_supervision,81,noise,0.07775995135307312,0.028401851654052734,0.21981462836265564
22,typed_supervision,81,lag_1s,0.06748984009027481,0.0480976440012455,0.2559213638305664
22,typed_supervision,81,driver_amplitude,0.10776747018098831,0.03174302726984024,0.33222496509552
22,typed_supervision,81,driver_shape,0.06248789280653,0.022849896922707558,0.21906645596027374
22,typed_supervision,81,physiology_tau,0.06748984009027481,0.1394519805908203,0.23376482725143433
22,typed_supervision,81,unmodeled_dynamics,0.06748984009027481,0.01830586977303028,0.2265743613243103
22,typed_supervision,82,control,0.06975448876619339,0.1375834047794342,0.08236852288246155
22,typed_supervision,82,common_basis,0.06975448876619339,0.24530260264873505,0.09397353231906891
22,typed_supervision,82,common_correlated,0.06975448876619339,0.35168126225471497,0.16841065883636475
22,typed_supervision,82,common_colored,0.06975448876619339,0.3207397758960724,0.1812385767698288
22,typed_supervision,82,common_exchange,0.06975448876619339,1.5693618059158325,0.1502314656972885
22,typed_supervision,82,EEG_gain,0.1995105892419815,0.1375834047794342,0.13509555160999298
22,typed_supervision,82,Hb_gain,0.06975448876619339,0.19260811805725098,0.15411610901355743
22,typed_supervision,82,noise,0.0898575559258461,0.13398434221744537,0.09938504546880722
22,typed_supervision,82,lag_1s,0.06975448876619339,0.030068812891840935,0.21690082550048828
22,typed_supervision,82,driver_amplitude,0.1637847125530243,0.1287323236465454,0.1471516638994217
22,typed_supervision,82,driver_shape,0.06410256773233414,0.1310797780752182,0.09037579596042633
22,typed_supervision,82,physiology_tau,0.06975448876619339,0.8541382551193237,0.13050657510757446
22,typed_supervision,82,unmodeled_dynamics,0.06975448876619339,0.1851959377527237,0.1234145238995552
22,typed_supervision,83,control,0.06172213330864906,0.032478295266628265,0.19576571881771088
22,typed_supervision,83,common_basis,0.06172213330864906,0.1435018926858902,0.197238489985466
22,typed_supervision,83,common_correlated,0.06172213330864906,0.13087943196296692,0.21194083988666534
22,typed_supervision,83,common_colored,0.06172213330864906,0.2666221857070923,0.3101784586906433
22,typed_supervision,83,common_exchange,0.06172213330864906,0.47390395402908325,0.2070544809103012
22,typed_supervision,83,EEG_gain,0.2562117576599121,0.032478295266628265,0.28482505679130554
22,typed_supervision,83,Hb_gain,0.06172213330864906,0.043667908757925034,0.19708223640918732
22,typed_supervision,83,noise,0.08592572063207626,0.03591615706682205,0.21070773899555206
22,typed_supervision,83,lag_1s,0.06172213330864906,0.024003826081752777,0.2450459897518158
22,typed_supervision,83,driver_amplitude,0.15626749396324158,0.0402238555252552,0.2887028455734253
22,typed_supervision,83,driver_shape,0.06766939163208008,0.03174977004528046,0.21509402990341187
22,typed_supervision,83,physiology_tau,0.06172213330864906,0.5023276209831238,0.29045361280441284
22,typed_supervision,83,unmodeled_dynamics,0.06172213330864906,0.03476570174098015,0.2341132014989853
22,typed_supervision,84,control,0.07595236599445343,0.019250107929110527,0.12616753578186035
22,typed_supervision,84,common_basis,0.07595236599445343,0.20273800194263458,0.15205079317092896
22,typed_supervision,84,common_correlated,0.07595236599445343,0.10164237767457962,0.18757587671279907
22,typed_supervision,84,common_colored,0.07595236599445343,0.4216536283493042,0.19170722365379333
22,typed_supervision,84,common_exchange,0.07595236599445343,1.1142293214797974,0.2092420607805252
22,typed_supervision,84,EEG_gain,0.1952926367521286,0.019250107929110527,0.1359214037656784
22,typed_supervision,84,Hb_gain,0.07595236599445343,0.033708423376083374,0.1867111474275589
22,typed_supervision,84,noise,0.08375416696071625,0.020392553880810738,0.1388099193572998
22,typed_supervision,84,lag_1s,0.07595236599445343,0.04083482176065445,0.18108084797859192
22,typed_supervision,84,driver_amplitude,0.2069808840751648,0.041045598685741425,0.1918025016784668
22,typed_supervision,84,driver_shape,0.061939917504787445,0.03170028328895569,0.12303697317838669
22,typed_supervision,84,physiology_tau,0.07595236599445343,0.26410335302352905,0.1602226048707962
22,typed_supervision,84,unmodeled_dynamics,0.07595236599445343,0.03254619613289833,0.14968301355838776
22,typed_supervision,85,control,0.06888279318809509,0.03423044830560684,0.28187480568885803
22,typed_supervision,85,common_basis,0.06888279318809509,0.03715641051530838,0.29257631301879883
22,typed_supervision,85,common_correlated,0.06888279318809509,0.09919088333845139,0.34837624430656433
22,typed_supervision,85,common_colored,0.06888279318809509,0.1328866332769394,0.3560604751110077
22,typed_supervision,85,common_exchange,0.06888279318809509,0.43135422468185425,0.30369022488594055
22,typed_supervision,85,EEG_gain,0.16294310986995697,0.03423044830560684,0.3588988482952118
22,typed_supervision,85,Hb_gain,0.06888279318809509,0.03670895844697952,0.303215354681015
22,typed_supervision,85,noise,0.08116286247968674,0.0355369932949543,0.28769686818122864
22,typed_supervision,85,lag_1s,0.06888279318809509,0.03511694073677063,0.3128291070461273
22,typed_supervision,85,driver_amplitude,0.12362959235906601,0.03959883004426956,0.42786136269569397
22,typed_supervision,85,driver_shape,0.08676387369632721,0.01853758655488491,0.28559422492980957
22,typed_supervision,85,physiology_tau,0.06888279318809509,0.20223082602024078,0.280139297246933
22,typed_supervision,85,unmodeled_dynamics,0.06888279318809509,0.027133936062455177,0.2820260524749756
22,typed_supervision,86,control,0.0642620325088501,0.02071710303425789,0.13418987393379211
22,typed_supervision,86,common_basis,0.0642620325088501,0.06972971558570862,0.14265353977680206
22,typed_supervision,86,common_correlated,0.0642620325088501,0.14522765576839447,0.17354346811771393
22,typed_supervision,86,common_colored,0.0642620325088501,0.32238784432411194,0.23026899993419647
22,typed_supervision,86,common_exchange,0.0642620325088501,0.6397697925567627,0.19005917012691498
22,typed_supervision,86,EEG_gain,0.2660437226295471,0.02071710303425789,0.1854822039604187
22,typed_supervision,86,Hb_gain,0.0642620325088501,0.023248666897416115,0.16278627514839172
22,typed_supervision,86,noise,0.07201649993658066,0.025493836030364037,0.14641694724559784
22,typed_supervision,86,lag_1s,0.0642620325088501,0.034055158495903015,0.19025737047195435
22,typed_supervision,86,driver_amplitude,0.13279718160629272,0.02929854951798916,0.19911827147006989
22,typed_supervision,86,driver_shape,0.06886519491672516,0.022992337122559547,0.14077933132648468
22,typed_supervision,86,physiology_tau,0.0642620325088501,0.387111097574234,0.22093871235847473
22,typed_supervision,86,unmodeled_dynamics,0.0642620325088501,0.015770865604281425,0.19293227791786194
22,typed_supervision,87,control,0.09642039984464645,0.061720553785562515,0.22152720391750336
22,typed_supervision,87,common_basis,0.09642039984464645,0.21348440647125244,0.22282177209854126
22,typed_supervision,87,common_correlated,0.09642039984464645,0.1680600643157959,0.28851646184921265
22,typed_supervision,87,common_colored,0.09642039984464645,0.12022827565670013,0.3612722158432007
22,typed_supervision,87,common_exchange,0.09642039984464645,0.9884130358695984,0.27190253138542175
22,typed_supervision,87,EEG_gain,0.15473982691764832,0.061720553785562515,0.29108545184135437
22,typed_supervision,87,Hb_gain,0.09642039984464645,0.0873686671257019,0.24062366783618927
22,typed_supervision,87,noise,0.08757728338241577,0.050047073513269424,0.23356428742408752
22,typed_supervision,87,lag_1s,0.09642039984464645,0.03237036615610123,0.25715452432632446
22,typed_supervision,87,driver_amplitude,0.17126628756523132,0.0605912022292614,0.32676756381988525
22,typed_supervision,87,driver_shape,0.06075133755803108,0.04239339008927345,0.23278318345546722
22,typed_supervision,87,physiology_tau,0.09642039984464645,0.24706855416297913,0.25151577591896057
22,typed_supervision,87,unmodeled_dynamics,0.09642039984464645,0.05911298841238022,0.23792308568954468
22,typed_supervision,88,control,0.07997749745845795,0.021063348278403282,0.10811147838830948
22,typed_supervision,88,common_basis,0.07997749745845795,0.16398051381111145,0.11131893843412399
22,typed_supervision,88,common_correlated,0.07997749745845795,0.10194672644138336,0.1349809616804123
22,typed_supervision,88,common_colored,0.07997749745845795,0.31181666254997253,0.24411258101463318
22,typed_supervision,88,common_exchange,0.07997749745845795,0.48696422576904297,0.10895929485559464
22,typed_supervision,88,EEG_gain,0.2620851397514343,0.021063348278403282,0.1490943282842636
22,typed_supervision,88,Hb_gain,0.07997749745845795,0.025814220309257507,0.12274914234876633
22,typed_supervision,88,noise,0.10698902606964111,0.022530442103743553,0.12349883466959
22,typed_supervision,88,lag_1s,0.07997749745845795,0.03716805577278137,0.14787417650222778
22,typed_supervision,88,driver_amplitude,0.1825796514749527,0.0375455766916275,0.15459033846855164
22,typed_supervision,88,driver_shape,0.06319458037614822,0.026723191142082214,0.11974699795246124
22,typed_supervision,88,physiology_tau,0.07997749745845795,0.26426926255226135,0.17180900275707245
22,typed_supervision,88,unmodeled_dynamics,0.07997749745845795,0.02210620790719986,0.13913704454898834
22,typed_supervision,89,control,0.07565993815660477,0.046090953052043915,0.19082537293434143
22,typed_supervision,89,common_basis,0.07565993815660477,0.09259021282196045,0.2013670951128006
22,typed_supervision,89,common_correlated,0.07565993815660477,0.16163615882396698,0.21997153759002686
22,typed_supervision,89,common_colored,0.07565993815660477,0.45269742608070374,0.22368808090686798
22,typed_supervision,89,common_exchange,0.07565993815660477,0.41670024394989014,0.22020769119262695
22,typed_supervision,89,EEG_gain,0.30527645349502563,0.046090953052043915,0.2505795955657959
22,typed_supervision,89,Hb_gain,0.07565993815660477,0.0825657919049263,0.2533223628997803
22,typed_supervision,89,noise,0.07735399901866913,0.04034015163779259,0.2010708898305893
22,typed_supervision,89,lag_1s,0.07565993815660477,0.016378002241253853,0.2337738424539566
22,typed_supervision,89,driver_amplitude,0.17015206813812256,0.11620360612869263,0.29599955677986145
22,typed_supervision,89,driver_shape,0.06495767831802368,0.012794188223779202,0.19271808862686157
22,typed_supervision,89,physiology_tau,0.07565993815660477,0.674872100353241,0.24636901915073395
22,typed_supervision,89,unmodeled_dynamics,0.07565993815660477,0.03108379803597927,0.1966470330953598
22,typed_supervision,90,control,0.06614691019058228,0.009451148100197315,0.125530406832695
22,typed_supervision,90,common_basis,0.06614691019058228,0.07896038144826889,0.1265445053577423
22,typed_supervision,90,common_correlated,0.06614691019058228,0.1932539939880371,0.18911097943782806
22,typed_supervision,90,common_colored,0.06614691019058228,0.37000423669815063,0.3055967688560486
22,typed_supervision,90,common_exchange,0.06614691019058228,0.44484567642211914,0.12869016826152802
22,typed_supervision,90,EEG_gain,0.18741677701473236,0.009451148100197315,0.16738709807395935
22,typed_supervision,90,Hb_gain,0.06614691019058228,0.013999933376908302,0.15499190986156464
22,typed_supervision,90,noise,0.06805378198623657,0.02828504517674446,0.13442231714725494
22,typed_supervision,90,lag_1s,0.06614691019058228,0.017449254170060158,0.20049917697906494
22,typed_supervision,90,driver_amplitude,0.1638159155845642,0.033211469650268555,0.20605213940143585
22,typed_supervision,90,driver_shape,0.06111101061105728,0.023874180391430855,0.12969408929347992
22,typed_supervision,90,physiology_tau,0.06614691019058228,0.1009083017706871,0.15696202218532562
22,typed_supervision,90,unmodeled_dynamics,0.06614691019058228,0.015870172530412674,0.12323673069477081
22,typed_supervision,91,control,0.0516909621655941,0.04557742178440094,0.2174757719039917
22,typed_supervision,91,common_basis,0.0516909621655941,0.10630874335765839,0.2216128259897232
22,typed_supervision,91,common_correlated,0.0516909621655941,0.294616162776947,0.34961041808128357
22,typed_supervision,91,common_colored,0.0516909621655941,0.1265336573123932,0.5428520441055298
22,typed_supervision,91,common_exchange,0.0516909621655941,0.6997092962265015,0.23542386293411255
22,typed_supervision,91,EEG_gain,0.19795306026935577,0.04557742178440094,0.3019968271255493
22,typed_supervision,91,Hb_gain,0.0516909621655941,0.05649522319436073,0.222061425447464
22,typed_supervision,91,noise,0.07843758165836334,0.049553032964468,0.21816271543502808
22,typed_supervision,91,lag_1s,0.0516909621655941,0.04421141743659973,0.2944748103618622
22,typed_supervision,91,driver_amplitude,0.14058147370815277,0.056552764028310776,0.3376750349998474
22,typed_supervision,91,driver_shape,0.061422910541296005,0.0373038724064827,0.22749371826648712
22,typed_supervision,91,physiology_tau,0.0516909621655941,0.35397663712501526,0.28008756041526794
22,typed_supervision,91,unmodeled_dynamics,0.0516909621655941,0.028550470247864723,0.2797531485557556
22,typed_supervision,92,control,0.08605939894914627,0.02358156628906727,0.1014895811676979
22,typed_supervision,92,common_basis,0.08605939894914627,0.16632714867591858,0.0984807163476944
22,typed_supervision,92,common_correlated,0.08605939894914627,0.122703418135643,0.14331714808940887
22,typed_supervision,92,common_colored,0.08605939894914627,0.1611255407333374,0.148809015750885
22,typed_supervision,92,common_exchange,0.08605939894914627,0.4854935109615326,0.14573857188224792
22,typed_supervision,92,EEG_gain,0.1745271384716034,0.02358156628906727,0.13467209041118622
22,typed_supervision,92,Hb_gain,0.08605939894914627,0.040761373937129974,0.11630967259407043
22,typed_supervision,92,noise,0.10866100341081619,0.02106236293911934,0.11462131887674332
22,typed_supervision,92,lag_1s,0.08605939894914627,0.01807960867881775,0.23605294525623322
22,typed_supervision,92,driver_amplitude,0.18131564557552338,0.06233551353216171,0.1583951860666275
22,typed_supervision,92,driver_shape,0.10519284754991531,0.034666743129491806,0.10872162133455276
22,typed_supervision,92,physiology_tau,0.08605939894914627,0.4367784261703491,0.15784798562526703
22,typed_supervision,92,unmodeled_dynamics,0.08605939894914627,0.015376001596450806,0.1537850946187973
22,typed_supervision,93,control,0.13919779658317566,0.02152569778263569,0.21215344965457916
22,typed_supervision,93,common_basis,0.13919779658317566,0.15690532326698303,0.21211016178131104
22,typed_supervision,93,common_correlated,0.13919779658317566,0.21041759848594666,0.23754999041557312
22,typed_supervision,93,common_colored,0.13919779658317566,0.07748114317655563,0.2962785065174103
22,typed_supervision,93,common_exchange,0.13919779658317566,0.5096408724784851,0.2670772671699524
22,typed_supervision,93,EEG_gain,0.21155031025409698,0.02152569778263569,0.2574846148490906
22,typed_supervision,93,Hb_gain,0.13919779658317566,0.0353551022708416,0.3039407432079315
22,typed_supervision,93,noise,0.14101222157478333,0.024705490097403526,0.22888599336147308
22,typed_supervision,93,lag_1s,0.13919779658317566,0.021705469116568565,0.2544345557689667
22,typed_supervision,93,driver_amplitude,0.30302080512046814,0.04066293686628342,0.3368348181247711
22,typed_supervision,93,driver_shape,0.1372499167919159,0.027643684297800064,0.21871136128902435
22,typed_supervision,93,physiology_tau,0.13919779658317566,0.39325451850891113,0.2305823117494583
22,typed_supervision,93,unmodeled_dynamics,0.13919779658317566,0.02895476296544075,0.20335637032985687
22,typed_supervision,94,control,0.06289482861757278,0.016894996166229248,0.10491837561130524
22,typed_supervision,94,common_basis,0.06289482861757278,0.4715811610221863,0.10943742096424103
22,typed_supervision,94,common_correlated,0.06289482861757278,0.049816783517599106,0.11868909001350403
22,typed_supervision,94,common_colored,0.06289482861757278,0.17764806747436523,0.2073972225189209
22,typed_supervision,94,common_exchange,0.06289482861757278,0.6883754730224609,0.13842715322971344
22,typed_supervision,94,EEG_gain,0.2325499951839447,0.016894996166229248,0.13153128325939178
22,typed_supervision,94,Hb_gain,0.06289482861757278,0.025298917666077614,0.11789795756340027
22,typed_supervision,94,noise,0.07765870541334152,0.020571153610944748,0.11900818347930908
22,typed_supervision,94,lag_1s,0.06289482861757278,0.015546024776995182,0.12582530081272125
22,typed_supervision,94,driver_amplitude,0.17348995804786682,0.031542129814624786,0.1474471092224121
22,typed_supervision,94,driver_shape,0.0438200980424881,0.029410356655716896,0.12168432772159576
22,typed_supervision,94,physiology_tau,0.06289482861757278,0.47040286660194397,0.1666417270898819
22,typed_supervision,94,unmodeled_dynamics,0.06289482861757278,0.015656765550374985,0.12293090671300888
22,typed_supervision,95,control,0.0866674855351448,0.0552486926317215,0.29183489084243774
22,typed_supervision,95,common_basis,0.0866674855351448,0.12161001563072205,0.294050395488739
22,typed_supervision,95,common_correlated,0.0866674855351448,0.29662007093429565,0.3359668552875519
22,typed_supervision,95,common_colored,0.0866674855351448,0.39018580317497253,0.401744544506073
22,typed_supervision,95,common_exchange,0.0866674855351448,0.6634727120399475,0.2923291325569153
22,typed_supervision,95,EEG_gain,0.14504997432231903,0.0552486926317215,0.3752342462539673
22,typed_supervision,95,Hb_gain,0.0866674855351448,0.0759081169962883,0.29783615469932556
22,typed_supervision,95,noise,0.10018585622310638,0.04429854452610016,0.29909008741378784
22,typed_supervision,95,lag_1s,0.0866674855351448,0.06738979369401932,0.30246949195861816
22,typed_supervision,95,driver_amplitude,0.1484157145023346,0.05228248983621597,0.43031254410743713
22,typed_supervision,95,driver_shape,0.07893737405538559,0.03548096492886543,0.3032929003238678
22,typed_supervision,95,physiology_tau,0.0866674855351448,0.37318524718284607,0.2949393689632416
22,typed_supervision,95,unmodeled_dynamics,0.0866674855351448,0.04430917650461197,0.29458802938461304
22,typed_supervision,96,control,0.07202780991792679,0.023408271372318268,0.07950273901224136
22,typed_supervision,96,common_basis,0.07202780991792679,0.21903939545154572,0.09389084577560425
22,typed_supervision,96,common_correlated,0.07202780991792679,0.10198215395212173,0.12203316390514374
22,typed_supervision,96,common_colored,0.07202780991792679,0.2636602520942688,0.31852132081985474
22,typed_supervision,96,common_exchange,0.07202780991792679,0.40583130717277527,0.10175663232803345
22,typed_supervision,96,EEG_gain,0.1947241574525833,0.023408271372318268,0.1314016431570053
22,typed_supervision,96,Hb_gain,0.07202780991792679,0.03901274502277374,0.1448434293270111
22,typed_supervision,96,noise,0.08804814517498016,0.03193821385502815,0.09411044418811798
22,typed_supervision,96,lag_1s,0.07202780991792679,0.021434985101222992,0.15184585750102997
22,typed_supervision,96,driver_amplitude,0.15056370198726654,0.04617032781243324,0.15360933542251587
22,typed_supervision,96,driver_shape,0.05355660989880562,0.014254750683903694,0.09669165313243866
22,typed_supervision,96,physiology_tau,0.07202780991792679,0.49955517053604126,0.18094635009765625
22,typed_supervision,96,unmodeled_dynamics,0.07202780991792679,0.02790798991918564,0.13846684992313385
22,typed_supervision,97,control,0.05604053661227226,0.030074311420321465,0.21934019029140472
22,typed_supervision,97,common_basis,0.05604053661227226,0.1257898062467575,0.2261943817138672
22,typed_supervision,97,common_correlated,0.05604053661227226,0.13248780369758606,0.3010115325450897
22,typed_supervision,97,common_colored,0.05604053661227226,0.1999838650226593,0.4206102788448334
22,typed_supervision,97,common_exchange,0.05604053661227226,0.7770854234695435,0.2399284988641739
22,typed_supervision,97,EEG_gain,0.18077769875526428,0.030074311420321465,0.2909236252307892
22,typed_supervision,97,Hb_gain,0.05604053661227226,0.03539201617240906,0.22281566262245178
22,typed_supervision,97,noise,0.0682666078209877,0.04103311151266098,0.2311093509197235
22,typed_supervision,97,lag_1s,0.05604053661227226,0.02198011614382267,0.24820230901241302
22,typed_supervision,97,driver_amplitude,0.09150761365890503,0.037627290934324265,0.3261340260505676
22,typed_supervision,97,driver_shape,0.06975459307432175,0.031892191618680954,0.219790518283844
22,typed_supervision,97,physiology_tau,0.05604053661227226,0.2412858009338379,0.241844043135643
22,typed_supervision,97,unmodeled_dynamics,0.05604053661227226,0.01538203563541174,0.23408813774585724
22,typed_supervision,98,control,0.07940677553415298,0.07988659292459488,0.1203441247344017
22,typed_supervision,98,common_basis,0.07940677553415298,0.1454748809337616,0.13607725501060486
22,typed_supervision,98,common_correlated,0.07940677553415298,0.29850441217422485,0.1624184399843216
22,typed_supervision,98,common_colored,0.07940677553415298,0.9400947093963623,0.18490618467330933
22,typed_supervision,98,common_exchange,0.07940677553415298,0.6349436640739441,0.13357330858707428
22,typed_supervision,98,EEG_gain,0.26425284147262573,0.07988659292459488,0.1635216325521469
22,typed_supervision,98,Hb_gain,0.07940677553415298,0.11451462656259537,0.12164788693189621
22,typed_supervision,98,noise,0.09379209578037262,0.08414379507303238,0.1343950480222702
22,typed_supervision,98,lag_1s,0.07940677553415298,0.09321299195289612,0.15042346715927124
22,typed_supervision,98,driver_amplitude,0.16358433663845062,0.142466202378273,0.17566116154193878
22,typed_supervision,98,driver_shape,0.07623378932476044,0.11519300937652588,0.14243771135807037
22,typed_supervision,98,physiology_tau,0.07940677553415298,0.40725475549697876,0.17514164745807648
22,typed_supervision,98,unmodeled_dynamics,0.07940677553415298,0.08022094517946243,0.1380845308303833
22,typed_supervision,99,control,0.09712295234203339,0.06631268560886383,0.1624913513660431
22,typed_supervision,99,common_basis,0.09712295234203339,0.1752990186214447,0.14234328269958496
22,typed_supervision,99,common_correlated,0.09712295234203339,0.22175002098083496,0.17221927642822266
22,typed_supervision,99,common_colored,0.09712295234203339,0.8445538878440857,0.2747531235218048
22,typed_supervision,99,common_exchange,0.09712295234203339,0.4203187823295593,0.15980280935764313
22,typed_supervision,99,EEG_gain,0.14468859136104584,0.06631268560886383,0.19927559792995453
22,typed_supervision,99,Hb_gain,0.09712295234203339,0.09048369526863098,0.1862163096666336
22,typed_supervision,99,noise,0.11133243888616562,0.06738822162151337,0.16599392890930176
22,typed_supervision,99,lag_1s,0.09712295234203339,0.045981135219335556,0.1905273050069809
22,typed_supervision,99,driver_amplitude,0.18016980588436127,0.0953904390335083,0.2229125052690506
22,typed_supervision,99,driver_shape,0.07850417494773865,0.05364108830690384,0.17887988686561584
22,typed_supervision,99,physiology_tau,0.09712295234203339,0.5303525328636169,0.18911603093147278
22,typed_supervision,99,unmodeled_dynamics,0.09712295234203339,0.04011138901114464,0.19777515530586243
22,typed_supervision,100,control,0.08664728701114655,0.03421611711382866,0.09193958342075348
22,typed_supervision,100,common_basis,0.08664728701114655,0.28268852829933167,0.10885994136333466
22,typed_supervision,100,common_correlated,0.08664728701114655,0.3313967287540436,0.15295319259166718
22,typed_supervision,100,common_colored,0.08664728701114655,0.480461984872818,0.34605398774147034
22,typed_supervision,100,common_exchange,0.08664728701114655,0.4525650143623352,0.1294260174036026
22,typed_supervision,100,EEG_gain,0.16351257264614105,0.03421611711382866,0.12602193653583527
22,typed_supervision,100,Hb_gain,0.08664728701114655,0.043220844119787216,0.12137062102556229
22,typed_supervision,100,noise,0.10193806141614914,0.040395338088274,0.10252806544303894
22,typed_supervision,100,lag_1s,0.08664728701114655,0.04685181751847267,0.14596784114837646
22,typed_supervision,100,driver_amplitude,0.21075096726417542,0.06615565717220306,0.15697328746318817
22,typed_supervision,100,driver_shape,0.045835770666599274,0.034087713807821274,0.10620877146720886
22,typed_supervision,100,physiology_tau,0.08664728701114655,0.4281867742538452,0.146418035030365
22,typed_supervision,100,unmodeled_dynamics,0.08664728701114655,0.031739648431539536,0.14276981353759766
22,typed_supervision,101,control,0.06724388897418976,0.021077968180179596,0.20699669420719147
22,typed_supervision,101,common_basis,0.06724388897418976,0.5023499131202698,0.21001559495925903
22,typed_supervision,101,common_correlated,0.06724388897418976,0.1500384360551834,0.23203355073928833
22,typed_supervision,101,common_colored,0.06724388897418976,0.3664935529232025,0.26320552825927734
22,typed_supervision,101,common_exchange,0.06724388897418976,0.20570385456085205,0.23824501037597656
22,typed_supervision,101,EEG_gain,0.184127077460289,0.021077968180179596,0.273796945810318
22,typed_supervision,101,Hb_gain,0.06724388897418976,0.03281581774353981,0.22940874099731445
22,typed_supervision,101,noise,0.07552065700292587,0.02297872118651867,0.21967589855194092
22,typed_supervision,101,lag_1s,0.06724388897418976,0.02005264349281788,0.2185513973236084
22,typed_supervision,101,driver_amplitude,0.1430475413799286,0.04654115438461304,0.3182232081890106
22,typed_supervision,101,driver_shape,0.068010613322258,0.020904293283820152,0.21073521673679352
22,typed_supervision,101,physiology_tau,0.06724388897418976,0.3196030855178833,0.21843081712722778
22,typed_supervision,101,unmodeled_dynamics,0.06724388897418976,0.022457990795373917,0.21141773462295532
22,typed_supervision,102,control,0.03931007534265518,0.01577092334628105,0.09591478854417801
22,typed_supervision,102,common_basis,0.03931007534265518,0.14300371706485748,0.13438688218593597
22,typed_supervision,102,common_correlated,0.03931007534265518,0.12271886318922043,0.1692747175693512
22,typed_supervision,102,common_colored,0.03931007534265518,0.43956008553504944,0.3738022446632385
22,typed_supervision,102,common_exchange,0.03931007534265518,0.20372776687145233,0.09203279763460159
22,typed_supervision,102,EEG_gain,0.17565588653087616,0.01577092334628105,0.1383606344461441
22,typed_supervision,102,Hb_gain,0.03931007534265518,0.018317991867661476,0.134171262383461
22,typed_supervision,102,noise,0.05936460196971893,0.008761421777307987,0.10699789971113205
22,typed_supervision,102,lag_1s,0.03931007534265518,0.02127041295170784,0.23242630064487457
22,typed_supervision,102,driver_amplitude,0.147319495677948,0.02430030331015587,0.14010357856750488
22,typed_supervision,102,driver_shape,0.028497900813817978,0.026568159461021423,0.09407135844230652
22,typed_supervision,102,physiology_tau,0.03931007534265518,0.2937706708908081,0.17035013437271118
22,typed_supervision,102,unmodeled_dynamics,0.03931007534265518,0.020198620855808258,0.13697534799575806
22,typed_supervision,103,control,0.09412894397974014,0.09678230434656143,0.18703658878803253
22,typed_supervision,103,common_basis,0.09412894397974014,0.07704108208417892,0.1868470013141632
22,typed_supervision,103,common_correlated,0.09412894397974014,0.314195841550827,0.23741312325000763
22,typed_supervision,103,common_colored,0.09412894397974014,0.1615254431962967,0.2383650690317154
22,typed_supervision,103,common_exchange,0.09412894397974014,0.8868005275726318,0.21794739365577698
22,typed_supervision,103,EEG_gain,0.23150388896465302,0.09678230434656143,0.2516450881958008
22,typed_supervision,103,Hb_gain,0.09412894397974014,0.13495758175849915,0.1958727389574051
22,typed_supervision,103,noise,0.10504841804504395,0.10003247857093811,0.19548803567886353
22,typed_supervision,103,lag_1s,0.09412894397974014,0.05172894522547722,0.21618378162384033
22,typed_supervision,103,driver_amplitude,0.18166759610176086,0.07283996045589447,0.26328223943710327
22,typed_supervision,103,driver_shape,0.10189951956272125,0.0553278923034668,0.1994391828775406
22,typed_supervision,103,physiology_tau,0.09412894397974014,0.6796389222145081,0.25655224919319153
22,typed_supervision,103,unmodeled_dynamics,0.09412894397974014,0.10203853249549866,0.24353726208209991
22,typed_supervision,104,control,0.08767250925302505,0.051744405180215836,0.13043297827243805
22,typed_supervision,104,common_basis,0.08767250925302505,0.2110767364501953,0.13744042813777924
22,typed_supervision,104,common_correlated,0.08767250925302505,0.19634637236595154,0.2635596692562103
22,typed_supervision,104,common_colored,0.08767250925302505,0.6062002182006836,0.3131459057331085
22,typed_supervision,104,common_exchange,0.08767250925302505,0.2502398192882538,0.1313232183456421
22,typed_supervision,104,EEG_gain,0.22501182556152344,0.051744405180215836,0.19018328189849854
22,typed_supervision,104,Hb_gain,0.08767250925302505,0.07035823911428452,0.1530032902956009
22,typed_supervision,104,noise,0.10395617038011551,0.05294431000947952,0.13767583668231964
22,typed_supervision,104,lag_1s,0.08767250925302505,0.04649605602025986,0.2323998212814331
22,typed_supervision,104,driver_amplitude,0.15689091384410858,0.09733423590660095,0.19832079112529755
22,typed_supervision,104,driver_shape,0.11720254272222519,0.06913410127162933,0.15724731981754303
22,typed_supervision,104,physiology_tau,0.08767250925302505,0.09689442068338394,0.2573092579841614
22,typed_supervision,104,unmodeled_dynamics,0.08767250925302505,0.04709611460566521,0.22213241457939148
22,typed_supervision,105,control,0.057835064828395844,0.015862446278333664,0.13265351951122284
22,typed_supervision,105,common_basis,0.057835064828395844,0.0224431324750185,0.13984830677509308
22,typed_supervision,105,common_correlated,0.057835064828395844,0.3648601472377777,0.230021134018898
22,typed_supervision,105,common_colored,0.057835064828395844,0.5599197745323181,0.2515539228916168
22,typed_supervision,105,common_exchange,0.057835064828395844,0.8704811930656433,0.18591906130313873
22,typed_supervision,105,EEG_gain,0.25018230080604553,0.015862446278333664,0.18526838719844818
22,typed_supervision,105,Hb_gain,0.057835064828395844,0.016471683979034424,0.18255992233753204
22,typed_supervision,105,noise,0.06559016555547714,0.015400045551359653,0.14844371378421783
22,typed_supervision,105,lag_1s,0.057835064828395844,0.0260198712348938,0.2831854522228241
22,typed_supervision,105,driver_amplitude,0.1404578685760498,0.013532024808228016,0.21039055287837982
22,typed_supervision,105,driver_shape,0.08028469979763031,0.0230062585324049,0.14609237015247345
22,typed_supervision,105,physiology_tau,0.057835064828395844,0.2328808754682541,0.22775912284851074
22,typed_supervision,105,unmodeled_dynamics,0.057835064828395844,0.011551450937986374,0.1886928230524063
22,typed_supervision,106,control,0.04605720192193985,0.022844387218356133,0.1477486789226532
22,typed_supervision,106,common_basis,0.04605720192193985,0.424121618270874,0.14632923901081085
22,typed_supervision,106,common_correlated,0.04605720192193985,0.15988966822624207,0.15169326961040497
22,typed_supervision,106,common_colored,0.04605720192193985,0.3729734420776367,0.3140329122543335
22,typed_supervision,106,common_exchange,0.04605720192193985,0.5896070003509521,0.1687469184398651
22,typed_supervision,106,EEG_gain,0.26847198605537415,0.022844387218356133,0.18245700001716614
22,typed_supervision,106,Hb_gain,0.04605720192193985,0.039982523769140244,0.2113995999097824
22,typed_supervision,106,noise,0.06009509414434433,0.02610212005674839,0.1525508612394333
22,typed_supervision,106,lag_1s,0.04605720192193985,0.034495916217565536,0.21061551570892334
22,typed_supervision,106,driver_amplitude,0.13423331081867218,0.043346893042325974,0.22449171543121338
22,typed_supervision,106,driver_shape,0.06346762925386429,0.031174413859844208,0.14859721064567566
22,typed_supervision,106,physiology_tau,0.04605720192193985,0.3376850187778473,0.17361284792423248
22,typed_supervision,106,unmodeled_dynamics,0.04605720192193985,0.02515546604990959,0.1568031758069992
22,typed_supervision,107,control,0.05338650941848755,0.06479789316654205,0.22374305129051208
22,typed_supervision,107,common_basis,0.05338650941848755,0.2678773105144501,0.22644582390785217
22,typed_supervision,107,common_correlated,0.05338650941848755,0.12696613371372223,0.2601778209209442
22,typed_supervision,107,common_colored,0.05338650941848755,0.5104665160179138,0.31009840965270996
22,typed_supervision,107,common_exchange,0.05338650941848755,0.2842327654361725,0.22975626587867737
22,typed_supervision,107,EEG_gain,0.13465631008148193,0.06479789316654205,0.2838592529296875
22,typed_supervision,107,Hb_gain,0.05338650941848755,0.08631265163421631,0.2382849156856537
22,typed_supervision,107,noise,0.07218117266893387,0.06890597939491272,0.23577378690242767
22,typed_supervision,107,lag_1s,0.05338650941848755,0.05022729933261871,0.2306637167930603
22,typed_supervision,107,driver_amplitude,0.11036834120750427,0.06404495239257812,0.33119437098503113
22,typed_supervision,107,driver_shape,0.039660487323999405,0.05199350416660309,0.22651013731956482
22,typed_supervision,107,physiology_tau,0.05338650941848755,0.19983677566051483,0.227280855178833
22,typed_supervision,107,unmodeled_dynamics,0.05338650941848755,0.07458440214395523,0.22924011945724487
22,typed_supervision,108,control,0.07229843735694885,0.015900393947958946,0.10352250933647156
22,typed_supervision,108,common_basis,0.07229843735694885,0.10441462695598602,0.11513292789459229
22,typed_supervision,108,common_correlated,0.07229843735694885,0.20959477126598358,0.2433767318725586
22,typed_supervision,108,common_colored,0.07229843735694885,0.283037394285202,0.15483371913433075
22,typed_supervision,108,common_exchange,0.07229843735694885,0.4375992715358734,0.1434120535850525
22,typed_supervision,108,EEG_gain,0.19912804663181305,0.015900393947958946,0.15790051221847534
22,typed_supervision,108,Hb_gain,0.07229843735694885,0.015192670747637749,0.1303190290927887
22,typed_supervision,108,noise,0.07707571238279343,0.018510963767766953,0.12200327962636948
22,typed_supervision,108,lag_1s,0.07229843735694885,0.024776916950941086,0.22916018962860107
22,typed_supervision,108,driver_amplitude,0.15395469963550568,0.014677867293357849,0.18152590095996857
22,typed_supervision,108,driver_shape,0.07893423736095428,0.013924764469265938,0.12161765992641449
22,typed_supervision,108,physiology_tau,0.07229843735694885,0.39917096495628357,0.21491380035877228
22,typed_supervision,108,unmodeled_dynamics,0.07229843735694885,0.018836472183465958,0.1991591602563858
22,typed_supervision,109,control,0.11179280281066895,0.03216024488210678,0.2686457335948944
22,typed_supervision,109,common_basis,0.11179280281066895,0.08697595447301865,0.2745096683502197
22,typed_supervision,109,common_correlated,0.11179280281066895,0.21677608788013458,0.2927481234073639
22,typed_supervision,109,common_colored,0.11179280281066895,0.6026503443717957,0.3755934238433838
22,typed_supervision,109,common_exchange,0.11179280281066895,0.42025843262672424,0.28906509280204773
22,typed_supervision,109,EEG_gain,0.36729905009269714,0.03216024488210678,0.35706886649131775
22,typed_supervision,109,Hb_gain,0.11179280281066895,0.032132603228092194,0.2682754695415497
22,typed_supervision,109,noise,0.12437378615140915,0.0409182645380497,0.27388831973075867
22,typed_supervision,109,lag_1s,0.11179280281066895,0.0361538827419281,0.3037162721157074
22,typed_supervision,109,driver_amplitude,0.12006925791501999,0.0376112163066864,0.40686920285224915
22,typed_supervision,109,driver_shape,0.10094749182462692,0.016833124682307243,0.2764735817909241
22,typed_supervision,109,physiology_tau,0.11179280281066895,0.34604671597480774,0.28764021396636963
22,typed_supervision,109,unmodeled_dynamics,0.11179280281066895,0.0266819279640913,0.2662350833415985
22,typed_supervision,110,control,0.09827539324760437,0.0054112751968204975,0.13324715197086334
22,typed_supervision,110,common_basis,0.09827539324760437,0.05240924283862114,0.13751471042633057
22,typed_supervision,110,common_correlated,0.09827539324760437,0.09323669970035553,0.14848044514656067
22,typed_supervision,110,common_colored,0.09827539324760437,0.21348366141319275,0.16693805158138275
22,typed_supervision,110,common_exchange,0.09827539324760437,0.7277488112449646,0.12921810150146484
22,typed_supervision,110,EEG_gain,0.33278200030326843,0.0054112751968204975,0.18795178830623627
22,typed_supervision,110,Hb_gain,0.09827539324760437,0.010287394747138023,0.17466582357883453
22,typed_supervision,110,noise,0.1177714616060257,0.006086999084800482,0.14071275293827057
22,typed_supervision,110,lag_1s,0.09827539324760437,0.022188397124409676,0.1767161339521408
22,typed_supervision,110,driver_amplitude,0.23418256640434265,0.010989011265337467,0.23751582205295563
22,typed_supervision,110,driver_shape,0.10391990840435028,0.0033749197609722614,0.12993012368679047
22,typed_supervision,110,physiology_tau,0.09827539324760437,0.24702025949954987,0.16981184482574463
22,typed_supervision,110,unmodeled_dynamics,0.09827539324760437,0.007095721084624529,0.1750982403755188
22,typed_supervision,111,control,0.07894723117351532,0.027226902544498444,0.24760806560516357
22,typed_supervision,111,common_basis,0.07894723117351532,0.10666206479072571,0.2503906488418579
22,typed_supervision,111,common_correlated,0.07894723117351532,0.09221665561199188,0.2673860490322113
22,typed_supervision,111,common_colored,0.07894723117351532,0.39176028966903687,0.2600642144680023
22,typed_supervision,111,common_exchange,0.07894723117351532,1.3316770792007446,0.2654419243335724
22,typed_supervision,111,EEG_gain,0.2219403237104416,0.027226902544498444,0.3109573423862457
22,typed_supervision,111,Hb_gain,0.07894723117351532,0.038037627935409546,0.2718471884727478
22,typed_supervision,111,noise,0.09608650952577591,0.0295051708817482,0.25818461179733276
22,typed_supervision,111,lag_1s,0.07894723117351532,0.032746825367212296,0.2625010907649994
22,typed_supervision,111,driver_amplitude,0.12788590788841248,0.0327502116560936,0.35773423314094543
22,typed_supervision,111,driver_shape,0.09033577889204025,0.020464958623051643,0.25483638048171997
22,typed_supervision,111,physiology_tau,0.07894723117351532,0.16732892394065857,0.2344478964805603
22,typed_supervision,111,unmodeled_dynamics,0.07894723117351532,0.02556147612631321,0.25113701820373535
22,typed_supervision,112,control,0.09895004332065582,0.031474415212869644,0.12188715487718582
22,typed_supervision,112,common_basis,0.09895004332065582,0.1306001991033554,0.14301797747612
22,typed_supervision,112,common_correlated,0.09895004332065582,0.10950912535190582,0.14503920078277588
22,typed_supervision,112,common_colored,0.09895004332065582,0.5437058210372925,0.22396329045295715
22,typed_supervision,112,common_exchange,0.09895004332065582,0.6998687982559204,0.1416948437690735
22,typed_supervision,112,EEG_gain,0.20299871265888214,0.031474415212869644,0.1768132895231247
22,typed_supervision,112,Hb_gain,0.09895004332065582,0.05246470868587494,0.15705952048301697
22,typed_supervision,112,noise,0.09810792654752731,0.03173748031258583,0.14197273552417755
22,typed_supervision,112,lag_1s,0.09895004332065582,0.02220527082681656,0.1693982034921646
22,typed_supervision,112,driver_amplitude,0.24285931885242462,0.07536863535642624,0.20495930314064026
22,typed_supervision,112,driver_shape,0.11747053265571594,0.027480220422148705,0.13013550639152527
22,typed_supervision,112,physiology_tau,0.09895004332065582,0.26920223236083984,0.1817389875650406
22,typed_supervision,112,unmodeled_dynamics,0.09895004332065582,0.03172595426440239,0.15561413764953613
22,typed_supervision,113,control,0.08322793990373611,0.02707708813250065,0.23849476873874664
22,typed_supervision,113,common_basis,0.08322793990373611,0.37689679861068726,0.24526287615299225
22,typed_supervision,113,common_correlated,0.08322793990373611,0.18733324110507965,0.2527550756931305
22,typed_supervision,113,common_colored,0.08322793990373611,0.15414229035377502,0.2937397062778473
22,typed_supervision,113,common_exchange,0.08322793990373611,0.5325252413749695,0.24799233675003052
22,typed_supervision,113,EEG_gain,0.2679212689399719,0.02707708813250065,0.31577783823013306
22,typed_supervision,113,Hb_gain,0.08322793990373611,0.04026299715042114,0.25085341930389404
22,typed_supervision,113,noise,0.09304983913898468,0.02991085685789585,0.24596835672855377
22,typed_supervision,113,lag_1s,0.08322793990373611,0.02673337608575821,0.27850064635276794
22,typed_supervision,113,driver_amplitude,0.15476936101913452,0.047200094908475876,0.3640807271003723
22,typed_supervision,113,driver_shape,0.08276189863681793,0.03188786283135414,0.23919562995433807
22,typed_supervision,113,physiology_tau,0.08322793990373611,0.34105291962623596,0.2587125301361084
22,typed_supervision,113,unmodeled_dynamics,0.08322793990373611,0.02729431353509426,0.24327228963375092
22,typed_supervision,114,control,0.09224693477153778,0.028634384274482727,0.12919998168945312
22,typed_supervision,114,common_basis,0.09224693477153778,0.3439606726169586,0.12544116377830505
22,typed_supervision,114,common_correlated,0.09224693477153778,0.2365197092294693,0.21308739483356476
22,typed_supervision,114,common_colored,0.09224693477153778,0.27066129446029663,0.24933233857154846
22,typed_supervision,114,common_exchange,0.09224693477153778,0.32023102045059204,0.1458989530801773
22,typed_supervision,114,EEG_gain,0.1243656575679779,0.028634384274482727,0.17967140674591064
22,typed_supervision,114,Hb_gain,0.09224693477153778,0.02495613507926464,0.15271757543087006
22,typed_supervision,114,noise,0.10954603552818298,0.03875627741217613,0.13998942077159882
22,typed_supervision,114,lag_1s,0.09224693477153778,0.023439664393663406,0.24263836443424225
22,typed_supervision,114,driver_amplitude,0.2038739025592804,0.036852460354566574,0.21614190936088562
22,typed_supervision,114,driver_shape,0.06508418917655945,0.025970755144953728,0.12535032629966736
22,typed_supervision,114,physiology_tau,0.09224693477153778,0.2860489785671234,0.20598186552524567
22,typed_supervision,114,unmodeled_dynamics,0.09224693477153778,0.024308376014232635,0.17424346506595612
22,typed_supervision,115,control,0.0831529051065445,0.14099200069904327,0.17946696281433105
22,typed_supervision,115,common_basis,0.0831529051065445,0.1525246500968933,0.17618630826473236
22,typed_supervision,115,common_correlated,0.0831529051065445,0.13136190176010132,0.28694891929626465
22,typed_supervision,115,common_colored,0.0831529051065445,0.3278157114982605,0.3822690546512604
22,typed_supervision,115,common_exchange,0.0831529051065445,0.905771017074585,0.1977560967206955
22,typed_supervision,115,EEG_gain,0.24560731649398804,0.14099200069904327,0.2384149730205536
22,typed_supervision,115,Hb_gain,0.0831529051065445,0.17767256498336792,0.215020090341568
22,typed_supervision,115,noise,0.09156874567270279,0.14773541688919067,0.18620111048221588
22,typed_supervision,115,lag_1s,0.0831529051065445,0.08329687267541885,0.26373177766799927
22,typed_supervision,115,driver_amplitude,0.17376917600631714,0.14269688725471497,0.28094610571861267
22,typed_supervision,115,driver_shape,0.08530519157648087,0.13016261160373688,0.18890783190727234
22,typed_supervision,115,physiology_tau,0.0831529051065445,0.40231725573539734,0.2573298215866089
22,typed_supervision,115,unmodeled_dynamics,0.0831529051065445,0.15729744732379913,0.22619616985321045
22,typed_supervision,116,control,0.06436723470687866,0.03575119376182556,0.131339892745018
22,typed_supervision,116,common_basis,0.06436723470687866,0.22319383919239044,0.1532622128725052
22,typed_supervision,116,common_correlated,0.06436723470687866,0.0930851623415947,0.1581518054008484
22,typed_supervision,116,common_colored,0.06436723470687866,0.2911049425601959,0.18996767699718475
22,typed_supervision,116,common_exchange,0.06436723470687866,0.3820333480834961,0.13903874158859253
22,typed_supervision,116,EEG_gain,0.2663438618183136,0.03575119376182556,0.17172658443450928
22,typed_supervision,116,Hb_gain,0.06436723470687866,0.048235226422548294,0.15588127076625824
22,typed_supervision,116,noise,0.07882262766361237,0.03366023302078247,0.13989704847335815
22,typed_supervision,116,lag_1s,0.06436723470687866,0.05433545261621475,0.18914850056171417
22,typed_supervision,116,driver_amplitude,0.16719737648963928,0.08160743862390518,0.19570375978946686
22,typed_supervision,116,driver_shape,0.04540079087018967,0.041396208107471466,0.15011410415172577
22,typed_supervision,116,physiology_tau,0.06436723470687866,0.3612680435180664,0.21547478437423706
22,typed_supervision,116,unmodeled_dynamics,0.06436723470687866,0.0516691580414772,0.15985316038131714
22,typed_supervision,117,control,0.11138937622308731,0.027948439121246338,0.18694399297237396
22,typed_supervision,117,common_basis,0.11138937622308731,0.207482248544693,0.19137343764305115
22,typed_supervision,117,common_correlated,0.11138937622308731,0.18975454568862915,0.19265764951705933
22,typed_supervision,117,common_colored,0.11138937622308731,0.06909985095262527,0.21650773286819458
22,typed_supervision,117,common_exchange,0.11138937622308731,1.7375850677490234,0.37459877133369446
22,typed_supervision,117,EEG_gain,0.2618149220943451,0.027948439121246338,0.24438703060150146
22,typed_supervision,117,Hb_gain,0.11138937622308731,0.03227236866950989,0.19896237552165985
22,typed_supervision,117,noise,0.1339847892522812,0.04451369121670723,0.19509872794151306
22,typed_supervision,117,lag_1s,0.11138937622308731,0.03431525081396103,0.19850562512874603
22,typed_supervision,117,driver_amplitude,0.22555981576442719,0.03044968470931053,0.29240691661834717
22,typed_supervision,117,driver_shape,0.10297013819217682,0.03995659947395325,0.19053110480308533
22,typed_supervision,117,physiology_tau,0.11138937622308731,0.13087746500968933,0.20625488460063934
22,typed_supervision,117,unmodeled_dynamics,0.11138937622308731,0.03169049322605133,0.19170643389225006
22,typed_supervision,118,control,0.03820076212286949,0.04379652068018913,0.12118485569953918
22,typed_supervision,118,common_basis,0.03820076212286949,0.1807432472705841,0.15741075575351715
22,typed_supervision,118,common_correlated,0.03820076212286949,0.14301759004592896,0.13873957097530365
22,typed_supervision,118,common_colored,0.03820076212286949,0.5940298438072205,0.23749376833438873
22,typed_supervision,118,common_exchange,0.03820076212286949,0.2931639850139618,0.16253086924552917
22,typed_supervision,118,EEG_gain,0.2860890328884125,0.04379652068018913,0.1404251754283905
22,typed_supervision,118,Hb_gain,0.03820076212286949,0.06715837121009827,0.19188442826271057
22,typed_supervision,118,noise,0.04421025887131691,0.04369473457336426,0.13633790612220764
22,typed_supervision,118,lag_1s,0.03820076212286949,0.034770116209983826,0.15898942947387695
22,typed_supervision,118,driver_amplitude,0.11470423638820648,0.07806183397769928,0.15985463559627533
22,typed_supervision,118,driver_shape,0.048009295016527176,0.03626394644379616,0.12355244159698486
22,typed_supervision,118,physiology_tau,0.03820076212286949,0.5658299922943115,0.14885930716991425
22,typed_supervision,118,unmodeled_dynamics,0.03820076212286949,0.04180844873189926,0.11648564040660858
22,typed_supervision,119,control,0.05181947723031044,0.10106204450130463,0.22852011024951935
22,typed_supervision,119,common_basis,0.05181947723031044,0.028249099850654602,0.23057755827903748
22,typed_supervision,119,common_correlated,0.05181947723031044,0.3005348742008209,0.24795743823051453
22,typed_supervision,119,common_colored,0.05181947723031044,0.31681352853775024,0.3478012681007385
22,typed_supervision,119,common_exchange,0.05181947723031044,0.26426997780799866,0.2262686789035797
22,typed_supervision,119,EEG_gain,0.1990067958831787,0.10106204450130463,0.32158899307250977
22,typed_supervision,119,Hb_gain,0.05181947723031044,0.13325507938861847,0.2203599065542221
22,typed_supervision,119,noise,0.05686212331056595,0.10599137842655182,0.23432552814483643
22,typed_supervision,119,lag_1s,0.05181947723031044,0.107246994972229,0.2779026925563812
22,typed_supervision,119,driver_amplitude,0.11806218326091766,0.09964569658041,0.3371036648750305
22,typed_supervision,119,driver_shape,0.05751539766788483,0.053788796067237854,0.23146556317806244
22,typed_supervision,119,physiology_tau,0.05181947723031044,0.5237226486206055,0.26871705055236816
22,typed_supervision,119,unmodeled_dynamics,0.05181947723031044,0.10861320793628693,0.2293127179145813
22,typed_supervision,120,control,0.08029494434595108,0.021861067041754723,0.11050806194543839
22,typed_supervision,120,common_basis,0.08029494434595108,0.17688384652137756,0.14313596487045288
22,typed_supervision,120,common_correlated,0.08029494434595108,0.2174244076013565,0.1965632140636444
22,typed_supervision,120,common_colored,0.08029494434595108,0.35664403438568115,0.27447259426116943
22,typed_supervision,120,common_exchange,0.08029494434595108,0.5044955015182495,0.13724064826965332
22,typed_supervision,120,EEG_gain,0.14723339676856995,0.021861067041754723,0.1634681671857834
22,typed_supervision,120,Hb_gain,0.08029494434595108,0.035277582705020905,0.1742035299539566
22,typed_supervision,120,noise,0.09500772505998611,0.03551728278398514,0.12167607992887497
22,typed_supervision,120,lag_1s,0.08029494434595108,0.023147359490394592,0.2054031938314438
22,typed_supervision,120,driver_amplitude,0.16713112592697144,0.030680494382977486,0.19167912006378174
22,typed_supervision,120,driver_shape,0.05776377022266388,0.019096696749329567,0.11656109988689423
22,typed_supervision,120,physiology_tau,0.08029494434595108,0.42678073048591614,0.23983146250247955
22,typed_supervision,120,unmodeled_dynamics,0.08029494434595108,0.015071860514581203,0.1864292472600937
22,typed_supervision,121,control,0.09810391068458557,0.05793276056647301,0.2187303602695465
22,typed_supervision,121,common_basis,0.09810391068458557,0.11074990779161453,0.22394926846027374
22,typed_supervision,121,common_correlated,0.09810391068458557,0.2032976597547531,0.37874799966812134
22,typed_supervision,121,common_colored,0.09810391068458557,0.08067982643842697,0.37614670395851135
22,typed_supervision,121,common_exchange,0.09810391068458557,0.6287267804145813,0.22445733845233917
22,typed_supervision,121,EEG_gain,0.20814281702041626,0.05793276056647301,0.2977685034275055
22,typed_supervision,121,Hb_gain,0.09810391068458557,0.07861591130495071,0.2259504795074463
22,typed_supervision,121,noise,0.10834779590368271,0.06943458318710327,0.2270592600107193
22,typed_supervision,121,lag_1s,0.09810391068458557,0.021723229438066483,0.2971481382846832
22,typed_supervision,121,driver_amplitude,0.18112412095069885,0.0857810229063034,0.32692664861679077
22,typed_supervision,121,driver_shape,0.10299448668956757,0.02309991419315338,0.22141341865062714
22,typed_supervision,121,physiology_tau,0.09810391068458557,0.18987900018692017,0.25376906991004944
22,typed_supervision,121,unmodeled_dynamics,0.09810391068458557,0.0714045986533165,0.25335320830345154
22,typed_supervision,122,control,0.08260117471218109,0.04027797281742096,0.11324369162321091
22,typed_supervision,122,common_basis,0.08260117471218109,0.19076456129550934,0.1289876103401184
22,typed_supervision,122,common_correlated,0.08260117471218109,0.0956025943160057,0.1348835825920105
22,typed_supervision,122,common_colored,0.08260117471218109,0.12985576689243317,0.16927555203437805
22,typed_supervision,122,common_exchange,0.08260117471218109,0.725940465927124,0.12959127128124237
22,typed_supervision,122,EEG_gain,0.18195340037345886,0.04027797281742096,0.14275510609149933
22,typed_supervision,122,Hb_gain,0.08260117471218109,0.046293359249830246,0.1376001089811325
22,typed_supervision,122,noise,0.09180298447608948,0.052112873643636703,0.12905782461166382
22,typed_supervision,122,lag_1s,0.08260117471218109,0.06314913928508759,0.13907846808433533
22,typed_supervision,122,driver_amplitude,0.1639605164527893,0.04991642013192177,0.1800009161233902
22,typed_supervision,122,driver_shape,0.07314305752515793,0.020825956016778946,0.10070373862981796
22,typed_supervision,122,physiology_tau,0.08260117471218109,0.21615639328956604,0.11366340517997742
22,typed_supervision,122,unmodeled_dynamics,0.08260117471218109,0.023043783381581306,0.11933093518018723
22,typed_supervision,123,control,0.12536823749542236,0.10525303333997726,0.25646787881851196
22,typed_supervision,123,common_basis,0.12536823749542236,0.3361437916755676,0.2644297778606415
22,typed_supervision,123,common_correlated,0.12536823749542236,0.23489509522914886,0.36312049627304077
22,typed_supervision,123,common_colored,0.12536823749542236,0.33506086468696594,0.31110551953315735
22,typed_supervision,123,common_exchange,0.12536823749542236,1.212915062904358,0.2870244085788727
22,typed_supervision,123,EEG_gain,0.12994053959846497,0.10525303333997726,0.32110607624053955
22,typed_supervision,123,Hb_gain,0.12536823749542236,0.1152675449848175,0.2849806547164917
22,typed_supervision,123,noise,0.14038290083408356,0.11187304556369781,0.26144400238990784
22,typed_supervision,123,lag_1s,0.12536823749542236,0.026198020204901695,0.2950632870197296
22,typed_supervision,123,driver_amplitude,0.22274714708328247,0.06246226653456688,0.3816647231578827
22,typed_supervision,123,driver_shape,0.09187563508749008,0.040923260152339935,0.2569834589958191
22,typed_supervision,123,physiology_tau,0.12536823749542236,0.20150315761566162,0.25347262620925903
22,typed_supervision,123,unmodeled_dynamics,0.12536823749542236,0.07764968276023865,0.26006242632865906
22,typed_supervision,124,control,0.07288001477718353,0.02897033840417862,0.09954085201025009
22,typed_supervision,124,common_basis,0.07288001477718353,0.11651661992073059,0.12121989578008652
22,typed_supervision,124,common_correlated,0.07288001477718353,0.33843475580215454,0.22941477596759796
22,typed_supervision,124,common_colored,0.07288001477718353,0.17159393429756165,0.28714191913604736
22,typed_supervision,124,common_exchange,0.07288001477718353,0.3937171399593353,0.142564058303833
22,typed_supervision,124,EEG_gain,0.2154383510351181,0.02897033840417862,0.14742115139961243
22,typed_supervision,124,Hb_gain,0.07288001477718353,0.03226668760180473,0.1751924306154251
22,typed_supervision,124,noise,0.08085820078849792,0.028471985831856728,0.11777035146951675
22,typed_supervision,124,lag_1s,0.07288001477718353,0.03098071552813053,0.2871119976043701
22,typed_supervision,124,driver_amplitude,0.17422723770141602,0.03803866356611252,0.1745748221874237
22,typed_supervision,124,driver_shape,0.06487463414669037,0.022373458370566368,0.11206009984016418
22,typed_supervision,124,physiology_tau,0.07288001477718353,0.19037017226219177,0.22833777964115143
22,typed_supervision,124,unmodeled_dynamics,0.07288001477718353,0.017795948311686516,0.207048237323761
22,typed_supervision,125,control,0.08626203238964081,0.09851929545402527,0.15804561972618103
22,typed_supervision,125,common_basis,0.08626203238964081,0.21044617891311646,0.15914392471313477
22,typed_supervision,125,common_correlated,0.08626203238964081,0.10629019141197205,0.28193432092666626
22,typed_supervision,125,common_colored,0.08626203238964081,0.14871913194656372,0.1949039250612259
22,typed_supervision,125,common_exchange,0.08626203238964081,0.5888866782188416,0.16464495658874512
22,typed_supervision,125,EEG_gain,0.25236451625823975,0.09851929545402527,0.2203265130519867
22,typed_supervision,125,Hb_gain,0.08626203238964081,0.11438950896263123,0.16959308087825775
22,typed_supervision,125,noise,0.09258665144443512,0.10152999311685562,0.16704358160495758
22,typed_supervision,125,lag_1s,0.08626203238964081,0.06131518632173538,0.22174392640590668
22,typed_supervision,125,driver_amplitude,0.18632398545742035,0.12246972322463989,0.24728421866893768
22,typed_supervision,125,driver_shape,0.07449008524417877,0.05835246294736862,0.1544910967350006
22,typed_supervision,125,physiology_tau,0.08626203238964081,0.37079015374183655,0.22409510612487793
22,typed_supervision,125,unmodeled_dynamics,0.08626203238964081,0.07332075387239456,0.20754417777061462
22,typed_supervision,126,control,0.053357429802417755,0.07015889883041382,0.10819137096405029
22,typed_supervision,126,common_basis,0.053357429802417755,0.41367122530937195,0.14099761843681335
22,typed_supervision,126,common_correlated,0.053357429802417755,0.3683929145336151,0.1398993581533432
22,typed_supervision,126,common_colored,0.053357429802417755,0.48189854621887207,0.1297600120306015
22,typed_supervision,126,common_exchange,0.053357429802417755,0.45730212330818176,0.12231148034334183
22,typed_supervision,126,EEG_gain,0.194398432970047,0.07015889883041382,0.13993273675441742
22,typed_supervision,126,Hb_gain,0.053357429802417755,0.07602056115865707,0.1533726453781128
22,typed_supervision,126,noise,0.060855425894260406,0.0659501925110817,0.12041543424129486
22,typed_supervision,126,lag_1s,0.053357429802417755,0.06259732693433762,0.1802997887134552
22,typed_supervision,126,driver_amplitude,0.11011344194412231,0.05482922121882439,0.16083411872386932
22,typed_supervision,126,driver_shape,0.04393324628472328,0.04133031517267227,0.10073984414339066
22,typed_supervision,126,physiology_tau,0.053357429802417755,0.3399815857410431,0.13600148260593414
22,typed_supervision,126,unmodeled_dynamics,0.053357429802417755,0.06889433413743973,0.1197369173169136
22,typed_supervision,127,control,0.08739050477743149,0.05966274440288544,0.1743018925189972
22,typed_supervision,127,common_basis,0.08739050477743149,0.2500246465206146,0.19372980296611786
22,typed_supervision,127,common_correlated,0.08739050477743149,0.41133612394332886,0.1973389983177185
22,typed_supervision,127,common_colored,0.08739050477743149,0.18759866058826447,0.3591943085193634
22,typed_supervision,127,common_exchange,0.08739050477743149,0.9333717823028564,0.19477435946464539
22,typed_supervision,127,EEG_gain,0.12080743163824081,0.05966274440288544,0.22705495357513428
22,typed_supervision,127,Hb_gain,0.08739050477743149,0.08290568739175797,0.19178923964500427
22,typed_supervision,127,noise,0.10360997915267944,0.05416807159781456,0.18281954526901245
22,typed_supervision,127,lag_1s,0.08739050477743149,0.05621347948908806,0.17735238373279572
22,typed_supervision,127,driver_amplitude,0.17654182016849518,0.06900929659605026,0.2752137780189514
22,typed_supervision,127,driver_shape,0.09547904878854752,0.036912865936756134,0.16425737738609314
22,typed_supervision,127,physiology_tau,0.08739050477743149,0.3215276598930359,0.1778120994567871
22,typed_supervision,127,unmodeled_dynamics,0.08739050477743149,0.059538837522268295,0.1787334531545639
33,typed_supervision,0,control,0.06746452301740646,0.07495449483394623,0.10593387484550476
33,typed_supervision,0,common_basis,0.06746452301740646,0.4361558258533478,0.1091441810131073
33,typed_supervision,0,common_correlated,0.06746452301740646,0.27911415696144104,0.14886371791362762
33,typed_supervision,0,common_colored,0.06746452301740646,0.3063161075115204,0.21931053698062897
33,typed_supervision,0,common_exchange,0.06746452301740646,0.4707598388195038,0.12435360997915268
33,typed_supervision,0,EEG_gain,0.25160548090934753,0.07495449483394623,0.1611478328704834
33,typed_supervision,0,Hb_gain,0.06746452301740646,0.09990280121564865,0.14234621822834015
33,typed_supervision,0,noise,0.06721192598342896,0.0707743763923645,0.12588481605052948
33,typed_supervision,0,lag_1s,0.06746452301740646,0.09675996750593185,0.15183506906032562
33,typed_supervision,0,driver_amplitude,0.1894921213388443,0.11403992772102356,0.17096580564975739
33,typed_supervision,0,driver_shape,0.07109129428863525,0.0747714415192604,0.09640809148550034
33,typed_supervision,0,physiology_tau,0.06746452301740646,0.2843773663043976,0.2107716053724289
33,typed_supervision,0,unmodeled_dynamics,0.06746452301740646,0.04978923872113228,0.16983912885189056
33,typed_supervision,1,control,0.11197828501462936,0.02114572562277317,0.2166140228509903
33,typed_supervision,1,common_basis,0.11197828501462936,0.11685251444578171,0.22057399153709412
33,typed_supervision,1,common_correlated,0.11197828501462936,0.13431435823440552,0.25180432200431824
33,typed_supervision,1,common_colored,0.11197828501462936,0.7020003199577332,0.3507089614868164
33,typed_supervision,1,common_exchange,0.11197828501462936,1.2241719961166382,0.2654019892215729
33,typed_supervision,1,EEG_gain,0.16563330590724945,0.02114572562277317,0.2841130793094635
33,typed_supervision,1,Hb_gain,0.11197828501462936,0.03558475896716118,0.22964614629745483
33,typed_supervision,1,noise,0.11148570477962494,0.029657041653990746,0.22285565733909607
33,typed_supervision,1,lag_1s,0.11197828501462936,0.010430760681629181,0.25103023648262024
33,typed_supervision,1,driver_amplitude,0.20258080959320068,0.04397249594330788,0.34252801537513733
33,typed_supervision,1,driver_shape,0.08520098030567169,0.011164703406393528,0.21560652554035187
33,typed_supervision,1,physiology_tau,0.11197828501462936,0.48462486267089844,0.22243572771549225
33,typed_supervision,1,unmodeled_dynamics,0.11197828501462936,0.020731378346681595,0.21777288615703583
33,typed_supervision,2,control,0.09147229790687561,0.03317876532673836,0.10592866688966751
33,typed_supervision,2,common_basis,0.09147229790687561,0.13696737587451935,0.12836529314517975
33,typed_supervision,2,common_correlated,0.09147229790687561,0.13519813120365143,0.1679917424917221
33,typed_supervision,2,common_colored,0.09147229790687561,0.22124020755290985,0.21085160970687866
33,typed_supervision,2,common_exchange,0.09147229790687561,0.7177316546440125,0.1088562160730362
33,typed_supervision,2,EEG_gain,0.29478275775909424,0.03317876532673836,0.13978493213653564
33,typed_supervision,2,Hb_gain,0.09147229790687561,0.052395403385162354,0.14638687670230865
33,typed_supervision,2,noise,0.13181474804878235,0.03743794932961464,0.11549631506204605
33,typed_supervision,2,lag_1s,0.09147229790687561,0.03144139423966408,0.09883297234773636
33,typed_supervision,2,driver_amplitude,0.2231454998254776,0.0738254189491272,0.19110798835754395
33,typed_supervision,2,driver_shape,0.08506304025650024,0.042397838085889816,0.11054608970880508
33,typed_supervision,2,physiology_tau,0.09147229790687561,0.23431278765201569,0.1557060182094574
33,typed_supervision,2,unmodeled_dynamics,0.09147229790687561,0.02510860748589039,0.1376609206199646
33,typed_supervision,3,control,0.08202815800905228,0.028747940436005592,0.23810632526874542
33,typed_supervision,3,common_basis,0.08202815800905228,0.16759856045246124,0.2406163364648819
33,typed_supervision,3,common_correlated,0.08202815800905228,0.25240638852119446,0.3618130087852478
33,typed_supervision,3,common_colored,0.08202815800905228,0.7168310284614563,0.31767481565475464
33,typed_supervision,3,common_exchange,0.08202815800905228,0.6361913084983826,0.2502383887767792
33,typed_supervision,3,EEG_gain,0.3629208207130432,0.028747940436005592,0.30849704146385193
33,typed_supervision,3,Hb_gain,0.08202815800905228,0.038706593215465546,0.2610204517841339
33,typed_supervision,3,noise,0.10546134412288666,0.025847556069493294,0.2519788146018982
33,typed_supervision,3,lag_1s,0.08202815800905228,0.04325350001454353,0.3195730745792389
33,typed_supervision,3,driver_amplitude,0.135555237531662,0.05217012017965317,0.3710436522960663
33,typed_supervision,3,driver_shape,0.08401060104370117,0.04830373823642731,0.2561607360839844
33,typed_supervision,3,physiology_tau,0.08202815800905228,0.16001474857330322,0.24979552626609802
33,typed_supervision,3,unmodeled_dynamics,0.08202815800905228,0.02899101935327053,0.2717832624912262
33,typed_supervision,4,control,0.06538906693458557,0.016853438690304756,0.09878499805927277
33,typed_supervision,4,common_basis,0.06538906693458557,0.3157194256782532,0.13941890001296997
33,typed_supervision,4,common_correlated,0.06538906693458557,0.10273773968219757,0.13152267038822174
33,typed_supervision,4,common_colored,0.06538906693458557,0.4074205458164215,0.16650979220867157
33,typed_supervision,4,common_exchange,0.06538906693458557,0.33654510974884033,0.11761593073606491
33,typed_supervision,4,EEG_gain,0.20412467420101166,0.016853438690304756,0.15024279057979584
33,typed_supervision,4,Hb_gain,0.06538906693458557,0.013721613213419914,0.1393713802099228
33,typed_supervision,4,noise,0.06487945467233658,0.018866948783397675,0.11654910445213318
33,typed_supervision,4,lag_1s,0.06538906693458557,0.023099148645997047,0.14390508830547333
33,typed_supervision,4,driver_amplitude,0.14832577109336853,0.020598191767930984,0.16678176820278168
33,typed_supervision,4,driver_shape,0.0626067966222763,0.014244874939322472,0.08459246158599854
33,typed_supervision,4,physiology_tau,0.06538906693458557,0.36213669180870056,0.13758738338947296
33,typed_supervision,4,unmodeled_dynamics,0.06538906693458557,0.0204134751111269,0.11464967578649521
33,typed_supervision,5,control,0.08171945065259933,0.022487636655569077,0.16006839275360107
33,typed_supervision,5,common_basis,0.08171945065259933,0.3184379041194916,0.1779700666666031
33,typed_supervision,5,common_correlated,0.08171945065259933,0.27641189098358154,0.1842128336429596
33,typed_supervision,5,common_colored,0.08171945065259933,0.35609349608421326,0.3107108771800995
33,typed_supervision,5,common_exchange,0.08171945065259933,0.4212077558040619,0.16629384458065033
33,typed_supervision,5,EEG_gain,0.31244584918022156,0.022487636655569077,0.22597281634807587
33,typed_supervision,5,Hb_gain,0.08171945065259933,0.036226414144039154,0.20193295180797577
33,typed_supervision,5,noise,0.0794655904173851,0.02486537955701351,0.16634435951709747
33,typed_supervision,5,lag_1s,0.08171945065259933,0.014083202928304672,0.19161491096019745
33,typed_supervision,5,driver_amplitude,0.172339528799057,0.041183795779943466,0.25529173016548157
33,typed_supervision,5,driver_shape,0.08119101822376251,0.035237494856119156,0.15263986587524414
33,typed_supervision,5,physiology_tau,0.08171945065259933,0.6532696485519409,0.23891621828079224
33,typed_supervision,5,unmodeled_dynamics,0.08171945065259933,0.02703372947871685,0.1698717474937439
33,typed_supervision,6,control,0.05736280232667923,0.04722039774060249,0.13874493539333344
33,typed_supervision,6,common_basis,0.05736280232667923,0.08274327218532562,0.14005035161972046
33,typed_supervision,6,common_correlated,0.05736280232667923,0.1615699976682663,0.1647340953350067
33,typed_supervision,6,common_colored,0.05736280232667923,0.7312077283859253,0.24849486351013184
33,typed_supervision,6,common_exchange,0.05736280232667923,0.20821215212345123,0.16356796026229858
33,typed_supervision,6,EEG_gain,0.2765486240386963,0.04722039774060249,0.16771826148033142
33,typed_supervision,6,Hb_gain,0.05736280232667923,0.06594931334257126,0.16359581053256989
33,typed_supervision,6,noise,0.04863233491778374,0.04183034971356392,0.1472903937101364
33,typed_supervision,6,lag_1s,0.05736280232667923,0.07794203609228134,0.16485629975795746
33,typed_supervision,6,driver_amplitude,0.12646138668060303,0.05882672220468521,0.20696157217025757
33,typed_supervision,6,driver_shape,0.05451158061623573,0.04754495993256569,0.1417873352766037
33,typed_supervision,6,physiology_tau,0.05736280232667923,0.5774926543235779,0.1331735998392105
33,typed_supervision,6,unmodeled_dynamics,0.05736280232667923,0.033971939235925674,0.14769504964351654
33,typed_supervision,7,control,0.09432815760374069,0.13155841827392578,0.21612313389778137
33,typed_supervision,7,common_basis,0.09432815760374069,0.26830190420150757,0.21631786227226257
33,typed_supervision,7,common_correlated,0.09432815760374069,0.45063334703445435,0.2844749689102173
33,typed_supervision,7,common_colored,0.09432815760374069,0.3066999018192291,0.21430398523807526
33,typed_supervision,7,common_exchange,0.09432815760374069,0.7086611986160278,0.21602573990821838
33,typed_supervision,7,EEG_gain,0.2841748297214508,0.13155841827392578,0.27973392605781555
33,typed_supervision,7,Hb_gain,0.09432815760374069,0.20068442821502686,0.23750825226306915
33,typed_supervision,7,noise,0.10096243768930435,0.12780368328094482,0.22293534874916077
33,typed_supervision,7,lag_1s,0.09432815760374069,0.09508679062128067,0.25136783719062805
33,typed_supervision,7,driver_amplitude,0.13441485166549683,0.10948894917964935,0.3246774971485138
33,typed_supervision,7,driver_shape,0.07934737205505371,0.11785012483596802,0.19687460362911224
33,typed_supervision,7,physiology_tau,0.09432815760374069,0.33819064497947693,0.2286672443151474
33,typed_supervision,7,unmodeled_dynamics,0.09432815760374069,0.10916630178689957,0.22504092752933502
33,typed_supervision,8,control,0.050923559814691544,0.044753145426511765,0.11277107894420624
33,typed_supervision,8,common_basis,0.050923559814691544,0.2269555628299713,0.11849741637706757
33,typed_supervision,8,common_correlated,0.050923559814691544,0.24490320682525635,0.1813560277223587
33,typed_supervision,8,common_colored,0.050923559814691544,0.40036845207214355,0.23165325820446014
33,typed_supervision,8,common_exchange,0.050923559814691544,0.41336244344711304,0.11617892980575562
33,typed_supervision,8,EEG_gain,0.15394675731658936,0.044753145426511765,0.13662801682949066
33,typed_supervision,8,Hb_gain,0.050923559814691544,0.05293377861380577,0.16194778680801392
33,typed_supervision,8,noise,0.06743503361940384,0.05433952063322067,0.13043540716171265
33,typed_supervision,8,lag_1s,0.050923559814691544,0.02736569009721279,0.15466412901878357
33,typed_supervision,8,driver_amplitude,0.11011585593223572,0.08690273016691208,0.18094395101070404
33,typed_supervision,8,driver_shape,0.058213405311107635,0.0662962794303894,0.12630362808704376
33,typed_supervision,8,physiology_tau,0.050923559814691544,0.525955855846405,0.13744407892227173
33,typed_supervision,8,unmodeled_dynamics,0.050923559814691544,0.04042808338999748,0.10828892886638641
33,typed_supervision,9,control,0.07689029723405838,0.057331133633852005,0.17770177125930786
33,typed_supervision,9,common_basis,0.07689029723405838,0.22980539500713348,0.18733568489551544
33,typed_supervision,9,common_correlated,0.07689029723405838,0.17260409891605377,0.1954829841852188
33,typed_supervision,9,common_colored,0.07689029723405838,0.11673355102539062,0.2530952990055084
33,typed_supervision,9,common_exchange,0.07689029723405838,0.5024665594100952,0.17357994616031647
33,typed_supervision,9,EEG_gain,0.21722100675106049,0.057331133633852005,0.22897979617118835
33,typed_supervision,9,Hb_gain,0.07689029723405838,0.07443669438362122,0.21157494187355042
33,typed_supervision,9,noise,0.08832159638404846,0.05572519078850746,0.18918952345848083
33,typed_supervision,9,lag_1s,0.07689029723405838,0.04411010444164276,0.21879158914089203
33,typed_supervision,9,driver_amplitude,0.15837357938289642,0.07406111061573029,0.2809081971645355
33,typed_supervision,9,driver_shape,0.07183407247066498,0.057020530104637146,0.17058487236499786
33,typed_supervision,9,physiology_tau,0.07689029723405838,0.27071407437324524,0.1976911723613739
33,typed_supervision,9,unmodeled_dynamics,0.07689029723405838,0.0445028655230999,0.18414044380187988
33,typed_supervision,10,control,0.11808938533067703,0.05455375090241432,0.12940403819084167
33,typed_supervision,10,common_basis,0.11808938533067703,0.25913116335868835,0.14154578745365143
33,typed_supervision,10,common_correlated,0.11808938533067703,0.19622834026813507,0.19758674502372742
33,typed_supervision,10,common_colored,0.11808938533067703,0.2932807505130768,0.2432810217142105
33,typed_supervision,10,common_exchange,0.11808938533067703,1.4640347957611084,0.20912185311317444
33,typed_supervision,10,EEG_gain,0.11311418563127518,0.05455375090241432,0.15478047728538513
33,typed_supervision,10,Hb_gain,0.11808938533067703,0.06681167334318161,0.15932808816432953
33,typed_supervision,10,noise,0.13129077851772308,0.05573228374123573,0.1434982419013977
33,typed_supervision,10,lag_1s,0.11808938533067703,0.024372680112719536,0.15582017600536346
33,typed_supervision,10,driver_amplitude,0.2073356658220291,0.06171779707074165,0.18966081738471985
33,typed_supervision,10,driver_shape,0.09813425689935684,0.05698763206601143,0.11836335062980652
33,typed_supervision,10,physiology_tau,0.11808938533067703,0.2672455906867981,0.1355210691690445
33,typed_supervision,10,unmodeled_dynamics,0.11808938533067703,0.055496130138635635,0.1509401947259903
33,typed_supervision,11,control,0.11328313499689102,0.12354884296655655,0.1844993531703949
33,typed_supervision,11,common_basis,0.11328313499689102,0.2426331788301468,0.19395050406455994
33,typed_supervision,11,common_correlated,0.11328313499689102,0.46081575751304626,0.20119071006774902
33,typed_supervision,11,common_colored,0.11328313499689102,0.4032588601112366,0.25483837723731995
33,typed_supervision,11,common_exchange,0.11328313499689102,0.624255359172821,0.2083330750465393
33,typed_supervision,11,EEG_gain,0.23745881021022797,0.12354884296655655,0.23314185440540314
33,typed_supervision,11,Hb_gain,0.11328313499689102,0.16526459157466888,0.1993752419948578
33,typed_supervision,11,noise,0.11277884244918823,0.12254795432090759,0.19511759281158447
33,typed_supervision,11,lag_1s,0.11328313499689102,0.1565302312374115,0.23769302666187286
33,typed_supervision,11,driver_amplitude,0.21522685885429382,0.1526581197977066,0.2793924808502197
33,typed_supervision,11,driver_shape,0.09533778578042984,0.08606980741024017,0.1797674000263214
33,typed_supervision,11,physiology_tau,0.11328313499689102,0.34458160400390625,0.18890659511089325
33,typed_supervision,11,unmodeled_dynamics,0.11328313499689102,0.10285304486751556,0.18221715092658997
33,typed_supervision,12,control,0.05199888348579407,0.019328860566020012,0.091437429189682
33,typed_supervision,12,common_basis,0.05199888348579407,0.13175633549690247,0.10271430015563965
33,typed_supervision,12,common_correlated,0.05199888348579407,0.33525487780570984,0.12182067334651947
33,typed_supervision,12,common_colored,0.05199888348579407,0.1931144893169403,0.16570161283016205
33,typed_supervision,12,common_exchange,0.05199888348579407,0.4726158380508423,0.11881625652313232
33,typed_supervision,12,EEG_gain,0.24113775789737701,0.019328860566020012,0.13629409670829773
33,typed_supervision,12,Hb_gain,0.05199888348579407,0.01367717981338501,0.09451086074113846
33,typed_supervision,12,noise,0.07300752401351929,0.027259521186351776,0.11070889234542847
33,typed_supervision,12,lag_1s,0.05199888348579407,0.0379679873585701,0.11459816247224808
33,typed_supervision,12,driver_amplitude,0.11205145716667175,0.016843510791659355,0.16359832882881165
33,typed_supervision,12,driver_shape,0.065465547144413,0.0317508727312088,0.09705490618944168
33,typed_supervision,12,physiology_tau,0.05199888348579407,0.1782604604959488,0.1103966236114502
33,typed_supervision,12,unmodeled_dynamics,0.05199888348579407,0.02580755390226841,0.10425831377506256
33,typed_supervision,13,control,0.10708176344633102,0.02018309384584427,0.23027031123638153
33,typed_supervision,13,common_basis,0.10708176344633102,0.16864798963069916,0.2399841994047165
33,typed_supervision,13,common_correlated,0.10708176344633102,0.16222666203975677,0.3636212944984436
33,typed_supervision,13,common_colored,0.10708176344633102,0.3557741045951843,0.3531038463115692
33,typed_supervision,13,common_exchange,0.10708176344633102,1.2139558792114258,0.2637864649295807
33,typed_supervision,13,EEG_gain,0.22607854008674622,0.02018309384584427,0.29454919695854187
33,typed_supervision,13,Hb_gain,0.10708176344633102,0.024948053061962128,0.25676828622817993
33,typed_supervision,13,noise,0.10783111304044724,0.025206005200743675,0.2386334091424942
33,typed_supervision,13,lag_1s,0.10708176344633102,0.03120650164783001,0.27345287799835205
33,typed_supervision,13,driver_amplitude,0.17189593613147736,0.022683780640363693,0.35389047861099243
33,typed_supervision,13,driver_shape,0.08627115190029144,0.031152335926890373,0.23138654232025146
33,typed_supervision,13,physiology_tau,0.10708176344633102,0.17696364223957062,0.27835533022880554
33,typed_supervision,13,unmodeled_dynamics,0.10708176344633102,0.02489660680294037,0.2765892744064331
33,typed_supervision,14,control,0.06395760923624039,0.0769694596529007,0.14241081476211548
33,typed_supervision,14,common_basis,0.06395760923624039,0.3386199474334717,0.1334078013896942
33,typed_supervision,14,common_correlated,0.06395760923624039,0.2923346161842346,0.19464509189128876
33,typed_supervision,14,common_colored,0.06395760923624039,0.32350558042526245,0.23091331124305725
33,typed_supervision,14,common_exchange,0.06395760923624039,0.8307977318763733,0.15334147214889526
33,typed_supervision,14,EEG_gain,0.3090175688266754,0.0769694596529007,0.18664678931236267
33,typed_supervision,14,Hb_gain,0.06395760923624039,0.1151580959558487,0.1609337478876114
33,typed_supervision,14,noise,0.07263386249542236,0.07121719419956207,0.15411339700222015
33,typed_supervision,14,lag_1s,0.06395760923624039,0.10241859406232834,0.17227552831172943
33,typed_supervision,14,driver_amplitude,0.13003773987293243,0.0688156858086586,0.1851256936788559
33,typed_supervision,14,driver_shape,0.06408312171697617,0.0841909646987915,0.13881851732730865
33,typed_supervision,14,physiology_tau,0.06395760923624039,0.2742561399936676,0.19164404273033142
33,typed_supervision,14,unmodeled_dynamics,0.06395760923624039,0.06593465805053711,0.15167514979839325
33,typed_supervision,15,control,0.07457414269447327,0.026604942977428436,0.17132610082626343
33,typed_supervision,15,common_basis,0.07457414269447327,0.1727513074874878,0.1808871626853943
33,typed_supervision,15,common_correlated,0.07457414269447327,0.1020713523030281,0.22131864726543427
33,typed_supervision,15,common_colored,0.07457414269447327,0.2754230797290802,0.31670257449150085
33,typed_supervision,15,common_exchange,0.07457414269447327,0.7875716090202332,0.18886910378932953
33,typed_supervision,15,EEG_gain,0.242190420627594,0.026604942977428436,0.22322550415992737
33,typed_supervision,15,Hb_gain,0.07457414269447327,0.04107600077986717,0.1894666999578476
33,typed_supervision,15,noise,0.09190410375595093,0.027313560247421265,0.17779512703418732
33,typed_supervision,15,lag_1s,0.07457414269447327,0.06144822761416435,0.25926464796066284
33,typed_supervision,15,driver_amplitude,0.15121948719024658,0.061452385038137436,0.24572058022022247
33,typed_supervision,15,driver_shape,0.07338643819093704,0.021653367206454277,0.15838083624839783
33,typed_supervision,15,physiology_tau,0.07457414269447327,0.4780831038951874,0.19920614361763
33,typed_supervision,15,unmodeled_dynamics,0.07457414269447327,0.020840073004364967,0.1805618554353714
33,typed_supervision,16,control,0.07446666806936264,0.032328613102436066,0.11850904673337936
33,typed_supervision,16,common_basis,0.07446666806936264,0.12920574843883514,0.1379488706588745
33,typed_supervision,16,common_correlated,0.07446666806936264,0.1624685674905777,0.18533068895339966
33,typed_supervision,16,common_colored,0.07446666806936264,0.5149605870246887,0.21565110981464386
33,typed_supervision,16,common_exchange,0.07446666806936264,0.3836131691932678,0.11831226944923401
33,typed_supervision,16,EEG_gain,0.14818808436393738,0.032328613102436066,0.15261049568653107
33,typed_supervision,16,Hb_gain,0.07446666806936264,0.03447062149643898,0.17347969114780426
33,typed_supervision,16,noise,0.09464903920888901,0.03792962059378624,0.13063672184944153
33,typed_supervision,16,lag_1s,0.07446666806936264,0.029410753399133682,0.1458013951778412
33,typed_supervision,16,driver_amplitude,0.16332928836345673,0.04387851804494858,0.20168514549732208
33,typed_supervision,16,driver_shape,0.0715944766998291,0.03729289397597313,0.1241668090224266
33,typed_supervision,16,physiology_tau,0.07446666806936264,0.6133843064308167,0.13531015813350677
33,typed_supervision,16,unmodeled_dynamics,0.07446666806936264,0.0414290688931942,0.12666213512420654
33,typed_supervision,17,control,0.0652843564748764,0.024207616224884987,0.16170662641525269
33,typed_supervision,17,common_basis,0.0652843564748764,0.14525482058525085,0.17074348032474518
33,typed_supervision,17,common_correlated,0.0652843564748764,0.2893885672092438,0.20831678807735443
33,typed_supervision,17,common_colored,0.0652843564748764,0.12762799859046936,0.28295159339904785
33,typed_supervision,17,common_exchange,0.0652843564748764,0.6616384387016296,0.1794603317975998
33,typed_supervision,17,EEG_gain,0.23760291934013367,0.024207616224884987,0.22435356676578522
33,typed_supervision,17,Hb_gain,0.0652843564748764,0.024344587698578835,0.1802029013633728
33,typed_supervision,17,noise,0.07870251685380936,0.02822047658264637,0.1761016845703125
33,typed_supervision,17,lag_1s,0.0652843564748764,0.0537390261888504,0.2087923288345337
33,typed_supervision,17,driver_amplitude,0.1617976725101471,0.028598539531230927,0.2599636912345886
33,typed_supervision,17,driver_shape,0.0651983693242073,0.026382604613900185,0.1609397828578949
33,typed_supervision,17,physiology_tau,0.0652843564748764,0.28858643770217896,0.18731515109539032
33,typed_supervision,17,unmodeled_dynamics,0.0652843564748764,0.02319824881851673,0.1864316165447235
33,typed_supervision,18,control,0.056730207055807114,0.051510147750377655,0.08067476004362106
33,typed_supervision,18,common_basis,0.056730207055807114,0.34432727098464966,0.10474143177270889
33,typed_supervision,18,common_correlated,0.056730207055807114,0.3200107514858246,0.13055936992168427
33,typed_supervision,18,common_colored,0.056730207055807114,0.36880266666412354,0.28099745512008667
33,typed_supervision,18,common_exchange,0.056730207055807114,0.6513923406600952,0.10309789329767227
33,typed_supervision,18,EEG_gain,0.17740678787231445,0.051510147750377655,0.12330947071313858
33,typed_supervision,18,Hb_gain,0.056730207055807114,0.053367506712675095,0.10075602680444717
33,typed_supervision,18,noise,0.0755811408162117,0.052698031067848206,0.09954284876585007
33,typed_supervision,18,lag_1s,0.056730207055807114,0.05191698297858238,0.1393374353647232
33,typed_supervision,18,driver_amplitude,0.12148300558328629,0.03437534347176552,0.12254578620195389
33,typed_supervision,18,driver_shape,0.05954267457127571,0.041432738304138184,0.10058974474668503
33,typed_supervision,18,physiology_tau,0.056730207055807114,0.2644696533679962,0.1327683925628662
33,typed_supervision,18,unmodeled_dynamics,0.056730207055807114,0.0365547239780426,0.12640807032585144
33,typed_supervision,19,control,0.10337631404399872,0.04506659135222435,0.21175694465637207
33,typed_supervision,19,common_basis,0.10337631404399872,0.16117727756500244,0.20895810425281525
33,typed_supervision,19,common_correlated,0.10337631404399872,0.4259378910064697,0.23699913918972015
33,typed_supervision,19,common_colored,0.10337631404399872,0.41070181131362915,0.2716330289840698
33,typed_supervision,19,common_exchange,0.10337631404399872,0.4273890554904938,0.22464428842067719
33,typed_supervision,19,EEG_gain,0.1767684668302536,0.04506659135222435,0.2758021950721741
33,typed_supervision,19,Hb_gain,0.10337631404399872,0.051805850118398666,0.22844980657100677
33,typed_supervision,19,noise,0.1308804601430893,0.04567980393767357,0.21647708117961884
33,typed_supervision,19,lag_1s,0.10337631404399872,0.05542158707976341,0.23865750432014465
33,typed_supervision,19,driver_amplitude,0.21155016124248505,0.05362342670559883,0.32065311074256897
33,typed_supervision,19,driver_shape,0.12008755654096603,0.042628660798072815,0.2075510025024414
33,typed_supervision,19,physiology_tau,0.10337631404399872,0.3106272220611572,0.22126160562038422
33,typed_supervision,19,unmodeled_dynamics,0.10337631404399872,0.04676103591918945,0.21618381142616272
33,typed_supervision,20,control,0.051877085119485855,0.02880503423511982,0.08353840559720993
33,typed_supervision,20,common_basis,0.051877085119485855,0.07023528963327408,0.08178761601448059
33,typed_supervision,20,common_correlated,0.051877085119485855,0.13174985349178314,0.13374221324920654
33,typed_supervision,20,common_colored,0.051877085119485855,0.3348773717880249,0.17677715420722961
33,typed_supervision,20,common_exchange,0.051877085119485855,0.741430401802063,0.17645083367824554
33,typed_supervision,20,EEG_gain,0.2601151168346405,0.02880503423511982,0.15649783611297607
33,typed_supervision,20,Hb_gain,0.051877085119485855,0.040863316506147385,0.11747413128614426
33,typed_supervision,20,noise,0.0671469196677208,0.029732557013630867,0.10033053904771805
33,typed_supervision,20,lag_1s,0.051877085119485855,0.022652411833405495,0.19714033603668213
33,typed_supervision,20,driver_amplitude,0.11652974039316177,0.05008755996823311,0.15651534497737885
33,typed_supervision,20,driver_shape,0.06324493885040283,0.029706118628382683,0.10804173350334167
33,typed_supervision,20,physiology_tau,0.051877085119485855,0.29628637433052063,0.21743378043174744
33,typed_supervision,20,unmodeled_dynamics,0.051877085119485855,0.016012609004974365,0.15331047773361206
33,typed_supervision,21,control,0.11032207310199738,0.023406872525811195,0.24348612129688263
33,typed_supervision,21,common_basis,0.11032207310199738,0.34133145213127136,0.2523101568222046
33,typed_supervision,21,common_correlated,0.11032207310199738,0.24731244146823883,0.2959868609905243
33,typed_supervision,21,common_colored,0.11032207310199738,0.4057217240333557,0.42511364817619324
33,typed_supervision,21,common_exchange,0.11032207310199738,0.6138462424278259,0.26021382212638855
33,typed_supervision,21,EEG_gain,0.24532674252986908,0.023406872525811195,0.33210641145706177
33,typed_supervision,21,Hb_gain,0.11032207310199738,0.01957969181239605,0.2433411031961441
33,typed_supervision,21,noise,0.12472038716077805,0.026649875566363335,0.25400087237358093
33,typed_supervision,21,lag_1s,0.11032207310199738,0.016141247004270554,0.2597637176513672
33,typed_supervision,21,driver_amplitude,0.15171104669570923,0.02031603641808033,0.36940819025039673
33,typed_supervision,21,driver_shape,0.12124130874872208,0.0368039608001709,0.2244463711977005
33,typed_supervision,21,physiology_tau,0.11032207310199738,0.38166821002960205,0.27728956937789917
33,typed_supervision,21,unmodeled_dynamics,0.11032207310199738,0.018527250736951828,0.2616560459136963
33,typed_supervision,22,control,0.06533752381801605,0.07664741575717926,0.12762725353240967
33,typed_supervision,22,common_basis,0.06533752381801605,0.059781741350889206,0.13476429879665375
33,typed_supervision,22,common_correlated,0.06533752381801605,0.14042624831199646,0.3399428427219391
33,typed_supervision,22,common_colored,0.06533752381801605,0.2531459629535675,0.22190949320793152
33,typed_supervision,22,common_exchange,0.06533752381801605,1.3840010166168213,0.15248700976371765
33,typed_supervision,22,EEG_gain,0.27330508828163147,0.07664741575717926,0.1414075344800949
33,typed_supervision,22,Hb_gain,0.06533752381801605,0.1165512278676033,0.17709115147590637
33,typed_supervision,22,noise,0.0806129053235054,0.07687363028526306,0.13911078870296478
33,typed_supervision,22,lag_1s,0.06533752381801605,0.083625927567482,0.1994030624628067
33,typed_supervision,22,driver_amplitude,0.10779199004173279,0.10354309529066086,0.18029551208019257
33,typed_supervision,22,driver_shape,0.05886711925268173,0.0602150484919548,0.12445350736379623
33,typed_supervision,22,physiology_tau,0.06533752381801605,0.14357168972492218,0.1621120125055313
33,typed_supervision,22,unmodeled_dynamics,0.06533752381801605,0.057845164090394974,0.1686590611934662
33,typed_supervision,23,control,0.08152502775192261,0.2333078384399414,0.13688190281391144
33,typed_supervision,23,common_basis,0.08152502775192261,0.28167852759361267,0.13749617338180542
33,typed_supervision,23,common_correlated,0.08152502775192261,0.28070566058158875,0.1632540374994278
33,typed_supervision,23,common_colored,0.08152502775192261,0.42932558059692383,0.3368677496910095
33,typed_supervision,23,common_exchange,0.08152502775192261,0.35002565383911133,0.1591930389404297
33,typed_supervision,23,EEG_gain,0.19585533440113068,0.2333078384399414,0.1738073080778122
33,typed_supervision,23,Hb_gain,0.08152502775192261,0.33303728699684143,0.1469745934009552
33,typed_supervision,23,noise,0.08115758746862411,0.22850845754146576,0.13827738165855408
33,typed_supervision,23,lag_1s,0.08152502775192261,0.11559704691171646,0.15711984038352966
33,typed_supervision,23,driver_amplitude,0.14426656067371368,0.22351160645484924,0.20328305661678314
33,typed_supervision,23,driver_shape,0.07784534990787506,0.13703414797782898,0.14611637592315674
33,typed_supervision,23,physiology_tau,0.08152502775192261,0.3593383729457855,0.1317664235830307
33,typed_supervision,23,unmodeled_dynamics,0.08152502775192261,0.21180713176727295,0.13933242857456207
33,typed_supervision,24,control,0.06528417766094208,0.040595315396785736,0.1284184604883194
33,typed_supervision,24,common_basis,0.06528417766094208,0.12977372109889984,0.13014309108257294
33,typed_supervision,24,common_correlated,0.06528417766094208,0.133764386177063,0.1547105759382248
33,typed_supervision,24,common_colored,0.06528417766094208,0.10859650373458862,0.21098963916301727
33,typed_supervision,24,common_exchange,0.06528417766094208,0.3364700973033905,0.1484181433916092
33,typed_supervision,24,EEG_gain,0.32490426301956177,0.040595315396785736,0.18488271534442902
33,typed_supervision,24,Hb_gain,0.06528417766094208,0.03350695222616196,0.13834598660469055
33,typed_supervision,24,noise,0.0743742436170578,0.04524393752217293,0.13777625560760498
33,typed_supervision,24,lag_1s,0.06528417766094208,0.05951439216732979,0.1417609006166458
33,typed_supervision,24,driver_amplitude,0.15244431793689728,0.028305575251579285,0.2240699976682663
33,typed_supervision,24,driver_shape,0.06681277602910995,0.02994876354932785,0.14372529089450836
33,typed_supervision,24,physiology_tau,0.06528417766094208,0.26264503598213196,0.15845882892608643
33,typed_supervision,24,unmodeled_dynamics,0.06528417766094208,0.03830742463469505,0.1474314033985138
33,typed_supervision,25,control,0.10082640498876572,0.0374518558382988,0.2262825071811676
33,typed_supervision,25,common_basis,0.10082640498876572,0.3548138737678528,0.2277403175830841
33,typed_supervision,25,common_correlated,0.10082640498876572,0.26113468408584595,0.2794734537601471
33,typed_supervision,25,common_colored,0.10082640498876572,0.11141879856586456,0.33667612075805664
33,typed_supervision,25,common_exchange,0.10082640498876572,0.17618657648563385,0.23433507978916168
33,typed_supervision,25,EEG_gain,0.24896374344825745,0.0374518558382988,0.2943974435329437
33,typed_supervision,25,Hb_gain,0.10082640498876572,0.032754506915807724,0.23065197467803955
33,typed_supervision,25,noise,0.10934270918369293,0.030272800475358963,0.23293977975845337
33,typed_supervision,25,lag_1s,0.10082640498876572,0.02939179539680481,0.28255027532577515
33,typed_supervision,25,driver_amplitude,0.15519216656684875,0.026695122942328453,0.33631041646003723
33,typed_supervision,25,driver_shape,0.10097416490316391,0.025293726474046707,0.2238536924123764
33,typed_supervision,25,physiology_tau,0.10082640498876572,0.2737516164779663,0.23673197627067566
33,typed_supervision,25,unmodeled_dynamics,0.10082640498876572,0.01742328517138958,0.2289140224456787
33,typed_supervision,26,control,0.04945933073759079,0.026374366134405136,0.0942608192563057
33,typed_supervision,26,common_basis,0.04945933073759079,0.05957026407122612,0.17351777851581573
33,typed_supervision,26,common_correlated,0.04945933073759079,0.2602667510509491,0.1554630696773529
33,typed_supervision,26,common_colored,0.04945933073759079,0.7940536737442017,0.18996593356132507
33,typed_supervision,26,common_exchange,0.04945933073759079,1.1119097471237183,0.270368754863739
33,typed_supervision,26,EEG_gain,0.23075181245803833,0.026374366134405136,0.1214580312371254
33,typed_supervision,26,Hb_gain,0.04945933073759079,0.04774470627307892,0.1337306648492813
33,typed_supervision,26,noise,0.053769685328006744,0.03283434361219406,0.11386235058307648
33,typed_supervision,26,lag_1s,0.04945933073759079,0.014319834299385548,0.15619774162769318
33,typed_supervision,26,driver_amplitude,0.11066939681768417,0.054680172353982925,0.15147864818572998
33,typed_supervision,26,driver_shape,0.05674642324447632,0.025516452267766,0.11147481948137283
33,typed_supervision,26,physiology_tau,0.04945933073759079,0.2684612274169922,0.17600944638252258
33,typed_supervision,26,unmodeled_dynamics,0.04945933073759079,0.0237097330391407,0.15652354061603546
33,typed_supervision,27,control,0.07535680383443832,0.098016656935215,0.2866852283477783
33,typed_supervision,27,common_basis,0.07535680383443832,0.31847554445266724,0.30643999576568604
33,typed_supervision,27,common_correlated,0.07535680383443832,0.2559796869754791,0.3263404667377472
33,typed_supervision,27,common_colored,0.07535680383443832,0.24991975724697113,0.310685396194458
33,typed_supervision,27,common_exchange,0.07535680383443832,0.5915729403495789,0.2957594096660614
33,typed_supervision,27,EEG_gain,0.16559405624866486,0.098016656935215,0.36460405588150024
33,typed_supervision,27,Hb_gain,0.07535680383443832,0.1010240837931633,0.29653072357177734
33,typed_supervision,27,noise,0.05907934531569481,0.10599686950445175,0.2983844578266144
33,typed_supervision,27,lag_1s,0.07535680383443832,0.0306322630494833,0.2964925467967987
33,typed_supervision,27,driver_amplitude,0.15305335819721222,0.07098134607076645,0.42024317383766174
33,typed_supervision,27,driver_shape,0.08417078107595444,0.058303941041231155,0.2968665361404419
33,typed_supervision,27,physiology_tau,0.07535680383443832,0.2359493374824524,0.28698039054870605
33,typed_supervision,27,unmodeled_dynamics,0.07535680383443832,0.09915799647569656,0.2859908640384674
33,typed_supervision,28,control,0.07747243344783783,0.03231722116470337,0.15062160789966583
33,typed_supervision,28,common_basis,0.07747243344783783,0.10638440400362015,0.14657849073410034
33,typed_supervision,28,common_correlated,0.07747243344783783,0.22926917672157288,0.4159342646598816
33,typed_supervision,28,common_colored,0.07747243344783783,0.1910337656736374,0.2317846417427063
33,typed_supervision,28,common_exchange,0.07747243344783783,0.9852440357208252,0.1924896389245987
33,typed_supervision,28,EEG_gain,0.1495293229818344,0.03231722116470337,0.19126050174236298
33,typed_supervision,28,Hb_gain,0.07747243344783783,0.050121698528528214,0.17745499312877655
33,typed_supervision,28,noise,0.09218534082174301,0.03532438725233078,0.16380055248737335
33,typed_supervision,28,lag_1s,0.07747243344783783,0.03263384848833084,0.19872598350048065
33,typed_supervision,28,driver_amplitude,0.13942424952983856,0.06247761473059654,0.2281385362148285
33,typed_supervision,28,driver_shape,0.061118125915527344,0.04346678406000137,0.1473839282989502
33,typed_supervision,28,physiology_tau,0.07747243344783783,0.16960538923740387,0.1923101395368576
33,typed_supervision,28,unmodeled_dynamics,0.07747243344783783,0.02195730432868004,0.1839713603258133
33,typed_supervision,29,control,0.07808808982372284,0.047638751566410065,0.16787154972553253
33,typed_supervision,29,common_basis,0.07808808982372284,0.15699295699596405,0.1732155680656433
33,typed_supervision,29,common_correlated,0.07808808982372284,0.23440669476985931,0.1968977302312851
33,typed_supervision,29,common_colored,0.07808808982372284,0.22024765610694885,0.414014607667923
33,typed_supervision,29,common_exchange,0.07808808982372284,0.4045208692550659,0.17962029576301575
33,typed_supervision,29,EEG_gain,0.1690826714038849,0.047638751566410065,0.22332842648029327
33,typed_supervision,29,Hb_gain,0.07808808982372284,0.054787777364254,0.17590461671352386
33,typed_supervision,29,noise,0.08335957676172256,0.041300222277641296,0.18170903623104095
33,typed_supervision,29,lag_1s,0.07808808982372284,0.03522023186087608,0.19857366383075714
33,typed_supervision,29,driver_amplitude,0.10670896619558334,0.06474649906158447,0.25524237751960754
33,typed_supervision,29,driver_shape,0.06659691035747528,0.057968687266111374,0.17945364117622375
33,typed_supervision,29,physiology_tau,0.07808808982372284,0.109897181391716,0.18139247596263885
33,typed_supervision,29,unmodeled_dynamics,0.07808808982372284,0.04485735669732094,0.1773090958595276
33,typed_supervision,30,control,0.06045154854655266,0.033412981778383255,0.11646395921707153
33,typed_supervision,30,common_basis,0.06045154854655266,0.12407276779413223,0.1504645049571991
33,typed_supervision,30,common_correlated,0.06045154854655266,0.12760956585407257,0.2594158947467804
33,typed_supervision,30,common_colored,0.06045154854655266,0.8891215920448303,0.22978030145168304
33,typed_supervision,30,common_exchange,0.06045154854655266,0.9126883745193481,0.15079735219478607
33,typed_supervision,30,EEG_gain,0.2226201742887497,0.033412981778383255,0.18844285607337952
33,typed_supervision,30,Hb_gain,0.06045154854655266,0.03375576436519623,0.10764478892087936
33,typed_supervision,30,noise,0.0778220146894455,0.03730526566505432,0.13237975537776947
33,typed_supervision,30,lag_1s,0.06045154854655266,0.025363417342305183,0.22421033680438995
33,typed_supervision,30,driver_amplitude,0.09348403662443161,0.03322472423315048,0.1672351211309433
33,typed_supervision,30,driver_shape,0.05862882733345032,0.032468173652887344,0.09776090085506439
33,typed_supervision,30,physiology_tau,0.06045154854655266,0.22792595624923706,0.20150114595890045
33,typed_supervision,30,unmodeled_dynamics,0.06045154854655266,0.03422705829143524,0.18347731232643127
33,typed_supervision,31,control,0.08834879100322723,0.06289514899253845,0.2024497240781784
33,typed_supervision,31,common_basis,0.08834879100322723,0.2633098065853119,0.20064638555049896
33,typed_supervision,31,common_correlated,0.08834879100322723,0.335305392742157,0.22982172667980194
33,typed_supervision,31,common_colored,0.08834879100322723,0.2212730199098587,0.2642340362071991
33,typed_supervision,31,common_exchange,0.08834879100322723,1.1231223344802856,0.20248281955718994
33,typed_supervision,31,EEG_gain,0.17813673615455627,0.06289514899253845,0.2639729976654053
33,typed_supervision,31,Hb_gain,0.08834879100322723,0.0492645800113678,0.20891958475112915
33,typed_supervision,31,noise,0.10004781186580658,0.06835667788982391,0.2101670354604721
33,typed_supervision,31,lag_1s,0.08834879100322723,0.049276676028966904,0.21966415643692017
33,typed_supervision,31,driver_amplitude,0.1589682400226593,0.046086251735687256,0.2931276857852936
33,typed_supervision,31,driver_shape,0.08955858647823334,0.03335556015372276,0.21612711250782013
33,typed_supervision,31,physiology_tau,0.08834879100322723,0.18459059298038483,0.2025923877954483
33,typed_supervision,31,unmodeled_dynamics,0.08834879100322723,0.037047043442726135,0.20498476922512054
33,typed_supervision,32,control,0.04356135427951813,0.08503961563110352,0.14530907571315765
33,typed_supervision,32,common_basis,0.04356135427951813,0.06191128119826317,0.14927703142166138
33,typed_supervision,32,common_correlated,0.04356135427951813,0.3283326327800751,0.1422242969274521
33,typed_supervision,32,common_colored,0.04356135427951813,0.40609654784202576,0.2420477569103241
33,typed_supervision,32,common_exchange,0.04356135427951813,0.1083550900220871,0.16559752821922302
33,typed_supervision,32,EEG_gain,0.3158504366874695,0.08503961563110352,0.22057953476905823
33,typed_supervision,32,Hb_gain,0.04356135427951813,0.10870920866727829,0.14011435210704803
33,typed_supervision,32,noise,0.04805600643157959,0.08376666158437729,0.1519501954317093
33,typed_supervision,32,lag_1s,0.04356135427951813,0.054960452020168304,0.29524075984954834
33,typed_supervision,32,driver_amplitude,0.08724211156368256,0.1438027024269104,0.229656383395195
33,typed_supervision,32,driver_shape,0.06886337697505951,0.0642906054854393,0.161604106426239
33,typed_supervision,32,physiology_tau,0.04356135427951813,0.637091875076294,0.17939507961273193
33,typed_supervision,32,unmodeled_dynamics,0.04356135427951813,0.06904832273721695,0.1351838856935501
33,typed_supervision,33,control,0.0701049342751503,0.07344677299261093,0.20710425078868866
33,typed_supervision,33,common_basis,0.0701049342751503,0.1217043399810791,0.23572494089603424
33,typed_supervision,33,common_correlated,0.0701049342751503,0.17331570386886597,0.236649289727211
33,typed_supervision,33,common_colored,0.0701049342751503,0.2329510599374771,0.24908237159252167
33,typed_supervision,33,common_exchange,0.0701049342751503,0.36405259370803833,0.2174619734287262
33,typed_supervision,33,EEG_gain,0.1958128958940506,0.07344677299261093,0.28152137994766235
33,typed_supervision,33,Hb_gain,0.0701049342751503,0.09095428884029388,0.20314739644527435
33,typed_supervision,33,noise,0.10617779195308685,0.08443854749202728,0.2179504632949829
33,typed_supervision,33,lag_1s,0.0701049342751503,0.07052595168352127,0.24161164462566376
33,typed_supervision,33,driver_amplitude,0.1262950301170349,0.10092969238758087,0.3120594918727875
33,typed_supervision,33,driver_shape,0.058781981468200684,0.05626658722758293,0.18502363562583923
33,typed_supervision,33,physiology_tau,0.0701049342751503,0.2393127679824829,0.2417413294315338
33,typed_supervision,33,unmodeled_dynamics,0.0701049342751503,0.06297718733549118,0.2279060184955597
33,typed_supervision,34,control,0.0645049586892128,0.09200531244277954,0.11729742586612701
33,typed_supervision,34,common_basis,0.0645049586892128,0.35341161489486694,0.11669963598251343
33,typed_supervision,34,common_correlated,0.0645049586892128,0.35648226737976074,0.1551979035139084
33,typed_supervision,34,common_colored,0.0645049586892128,0.42359867691993713,0.18806885182857513
33,typed_supervision,34,common_exchange,0.0645049586892128,0.4670143127441406,0.13021184504032135
33,typed_supervision,34,EEG_gain,0.29727938771247864,0.09200531244277954,0.19027070701122284
33,typed_supervision,34,Hb_gain,0.0645049586892128,0.15353678166866302,0.1332140564918518
33,typed_supervision,34,noise,0.07427160441875458,0.09617549926042557,0.12181850522756577
33,typed_supervision,34,lag_1s,0.0645049586892128,0.06724411994218826,0.188387930393219
33,typed_supervision,34,driver_amplitude,0.15449215471744537,0.1490572690963745,0.19025377929210663
33,typed_supervision,34,driver_shape,0.08947640657424927,0.06571610271930695,0.12718935310840607
33,typed_supervision,34,physiology_tau,0.0645049586892128,0.5589744448661804,0.2570204734802246
33,typed_supervision,34,unmodeled_dynamics,0.0645049586892128,0.10617724061012268,0.19339224696159363
33,typed_supervision,35,control,0.09586843848228455,0.05357421562075615,0.1813732087612152
33,typed_supervision,35,common_basis,0.09586843848228455,0.10385885834693909,0.1867705136537552
33,typed_supervision,35,common_correlated,0.09586843848228455,0.39604705572128296,0.22924676537513733
33,typed_supervision,35,common_colored,0.09586843848228455,0.10052663832902908,0.30178287625312805
33,typed_supervision,35,common_exchange,0.09586843848228455,0.9151562452316284,0.20110835134983063
33,typed_supervision,35,EEG_gain,0.339397132396698,0.05357421562075615,0.24584795534610748
33,typed_supervision,35,Hb_gain,0.09586843848228455,0.06868208199739456,0.197108194231987
33,typed_supervision,35,noise,0.11136092990636826,0.05394631624221802,0.19765514135360718
33,typed_supervision,35,lag_1s,0.09586843848228455,0.05613983795046806,0.25576651096343994
33,typed_supervision,35,driver_amplitude,0.1329268217086792,0.07005364447832108,0.2822900712490082
33,typed_supervision,35,driver_shape,0.10002504289150238,0.06088773533701897,0.2041650265455246
33,typed_supervision,35,physiology_tau,0.09586843848228455,0.3157949149608612,0.22369469702243805
33,typed_supervision,35,unmodeled_dynamics,0.09586843848228455,0.059556350111961365,0.22311492264270782
33,typed_supervision,36,control,0.05801652744412422,0.044961437582969666,0.10240281373262405
33,typed_supervision,36,common_basis,0.05801652744412422,0.24924734234809875,0.1316251903772354
33,typed_supervision,36,common_correlated,0.05801652744412422,0.1635056436061859,0.1622023731470108
33,typed_supervision,36,common_colored,0.05801652744412422,0.24360841512680054,0.23949860036373138
33,typed_supervision,36,common_exchange,0.05801652744412422,0.8534815311431885,0.13081154227256775
33,typed_supervision,36,EEG_gain,0.20162595808506012,0.044961437582969666,0.14769217371940613
33,typed_supervision,36,Hb_gain,0.05801652744412422,0.05427629128098488,0.18523043394088745
33,typed_supervision,36,noise,0.08510912209749222,0.045758578926324844,0.11935616284608841
33,typed_supervision,36,lag_1s,0.05801652744412422,0.03544371575117111,0.2172643393278122
33,typed_supervision,36,driver_amplitude,0.17177951335906982,0.060770075768232346,0.16227605938911438
33,typed_supervision,36,driver_shape,0.0786910355091095,0.03536228463053703,0.12717024981975555
33,typed_supervision,36,physiology_tau,0.05801652744412422,0.4557480812072754,0.18927209079265594
33,typed_supervision,36,unmodeled_dynamics,0.05801652744412422,0.03296549245715141,0.14602647721767426
33,typed_supervision,37,control,0.07852663099765778,0.05560940504074097,0.18193325400352478
33,typed_supervision,37,common_basis,0.07852663099765778,0.1502380073070526,0.1859048306941986
33,typed_supervision,37,common_correlated,0.07852663099765778,0.24878273904323578,0.30106422305107117
33,typed_supervision,37,common_colored,0.07852663099765778,0.5134280323982239,0.33190274238586426
33,typed_supervision,37,common_exchange,0.07852663099765778,0.6577762365341187,0.19010616838932037
33,typed_supervision,37,EEG_gain,0.24714960157871246,0.05560940504074097,0.25049206614494324
33,typed_supervision,37,Hb_gain,0.07852663099765778,0.072716623544693,0.19878913462162018
33,typed_supervision,37,noise,0.08713667839765549,0.0463033989071846,0.1937415599822998
33,typed_supervision,37,lag_1s,0.07852663099765778,0.14670820534229279,0.22827547788619995
33,typed_supervision,37,driver_amplitude,0.13761478662490845,0.08814003318548203,0.2735840678215027
33,typed_supervision,37,driver_shape,0.07694954425096512,0.04911043867468834,0.17245927453041077
33,typed_supervision,37,physiology_tau,0.07852663099765778,0.23490041494369507,0.23978985846042633
33,typed_supervision,37,unmodeled_dynamics,0.07852663099765778,0.029169628396630287,0.23566053807735443
33,typed_supervision,38,control,0.08489108830690384,0.03031647391617298,0.1478128731250763
33,typed_supervision,38,common_basis,0.08489108830690384,0.20858009159564972,0.13424071669578552
33,typed_supervision,38,common_correlated,0.08489108830690384,0.32748469710350037,0.18465887010097504
33,typed_supervision,38,common_colored,0.08489108830690384,0.2308855503797531,0.24837037920951843
33,typed_supervision,38,common_exchange,0.08489108830690384,0.4553488492965698,0.16938099265098572
33,typed_supervision,38,EEG_gain,0.27724602818489075,0.03031647391617298,0.17453135550022125
33,typed_supervision,38,Hb_gain,0.08489108830690384,0.05637431517243385,0.20896606147289276
33,typed_supervision,38,noise,0.10600887984037399,0.029258815571665764,0.16359731554985046
33,typed_supervision,38,lag_1s,0.08489108830690384,0.06970582902431488,0.21797406673431396
33,typed_supervision,38,driver_amplitude,0.17449018359184265,0.08048819750547409,0.23028115928173065
33,typed_supervision,38,driver_shape,0.07029935717582703,0.06060389429330826,0.1583726704120636
33,typed_supervision,38,physiology_tau,0.08489108830690384,0.24178546667099,0.17443536221981049
33,typed_supervision,38,unmodeled_dynamics,0.08489108830690384,0.038929425179958344,0.17581959068775177
33,typed_supervision,39,control,0.051226526498794556,0.07302475720643997,0.168966606259346
33,typed_supervision,39,common_basis,0.051226526498794556,0.1450279951095581,0.1818668693304062
33,typed_supervision,39,common_correlated,0.051226526498794556,0.24567918479442596,0.2925459146499634
33,typed_supervision,39,common_colored,0.051226526498794556,0.5805439949035645,0.2141556739807129
33,typed_supervision,39,common_exchange,0.051226526498794556,0.6775098443031311,0.1809999942779541
33,typed_supervision,39,EEG_gain,0.26098182797431946,0.07302475720643997,0.23433496057987213
33,typed_supervision,39,Hb_gain,0.051226526498794556,0.10696055740118027,0.19444145262241364
33,typed_supervision,39,noise,0.05166942626237869,0.06999422609806061,0.18216697871685028
33,typed_supervision,39,lag_1s,0.051226526498794556,0.05334445461630821,0.23794205486774445
33,typed_supervision,39,driver_amplitude,0.08985720574855804,0.10805724561214447,0.25485581159591675
33,typed_supervision,39,driver_shape,0.07000204920768738,0.05406179279088974,0.1730612963438034
33,typed_supervision,39,physiology_tau,0.051226526498794556,0.318631112575531,0.24608473479747772
33,typed_supervision,39,unmodeled_dynamics,0.051226526498794556,0.09538907557725906,0.21940423548221588
33,typed_supervision,40,control,0.03514598682522774,0.05304665490984917,0.11055518686771393
33,typed_supervision,40,common_basis,0.03514598682522774,0.13937349617481232,0.11668634414672852
33,typed_supervision,40,common_correlated,0.03514598682522774,0.19887568056583405,0.16179533302783966
33,typed_supervision,40,common_colored,0.03514598682522774,0.19311748445034027,0.2035214900970459
33,typed_supervision,40,common_exchange,0.03514598682522774,1.3834311962127686,0.15227556228637695
33,typed_supervision,40,EEG_gain,0.15623421967029572,0.05304665490984917,0.15417733788490295
33,typed_supervision,40,Hb_gain,0.03514598682522774,0.06389731913805008,0.13347795605659485
33,typed_supervision,40,noise,0.034795671701431274,0.06346587836742401,0.12379469722509384
33,typed_supervision,40,lag_1s,0.03514598682522774,0.050441574305295944,0.13994421064853668
33,typed_supervision,40,driver_amplitude,0.08417251706123352,0.06981775164604187,0.1753169149160385
33,typed_supervision,40,driver_shape,0.035247303545475006,0.05179230123758316,0.10991787910461426
33,typed_supervision,40,physiology_tau,0.03514598682522774,0.41861456632614136,0.15046611428260803
33,typed_supervision,40,unmodeled_dynamics,0.03514598682522774,0.026874108240008354,0.12986747920513153
33,typed_supervision,41,control,0.08618070185184479,0.043868377804756165,0.15941476821899414
33,typed_supervision,41,common_basis,0.08618070185184479,0.18984730541706085,0.15920224785804749
33,typed_supervision,41,common_correlated,0.08618070185184479,0.14317944645881653,0.16458095610141754
33,typed_supervision,41,common_colored,0.08618070185184479,0.3268320858478546,0.3280021548271179
33,typed_supervision,41,common_exchange,0.08618070185184479,0.8608570694923401,0.16591204702854156
33,typed_supervision,41,EEG_gain,0.21865598857402802,0.043868377804756165,0.22253279387950897
33,typed_supervision,41,Hb_gain,0.08618070185184479,0.057367078959941864,0.1893792599439621
33,typed_supervision,41,noise,0.10368354618549347,0.04545750468969345,0.16708479821681976
33,typed_supervision,41,lag_1s,0.08618070185184479,0.018127359449863434,0.1985216736793518
33,typed_supervision,41,driver_amplitude,0.17852939665317535,0.07326283305883408,0.27554216980934143
33,typed_supervision,41,driver_shape,0.0824408084154129,0.02524222619831562,0.16398337483406067
33,typed_supervision,41,physiology_tau,0.08618070185184479,0.26603367924690247,0.1888081431388855
33,typed_supervision,41,unmodeled_dynamics,0.08618070185184479,0.06087303161621094,0.18513883650302887
33,typed_supervision,42,control,0.03110182285308838,0.06341288983821869,0.10922550410032272
33,typed_supervision,42,common_basis,0.03110182285308838,0.2601107060909271,0.10991162806749344
33,typed_supervision,42,common_correlated,0.03110182285308838,0.32366159558296204,0.21064846217632294
33,typed_supervision,42,common_colored,0.03110182285308838,0.26157283782958984,0.3055471181869507
33,typed_supervision,42,common_exchange,0.03110182285308838,0.6896104216575623,0.13469314575195312
33,typed_supervision,42,EEG_gain,0.18966583907604218,0.06341288983821869,0.14712533354759216
33,typed_supervision,42,Hb_gain,0.03110182285308838,0.07920490950345993,0.12021691352128983
33,typed_supervision,42,noise,0.04229163005948067,0.07415410131216049,0.12171999365091324
33,typed_supervision,42,lag_1s,0.03110182285308838,0.025764260441064835,0.17365209758281708
33,typed_supervision,42,driver_amplitude,0.07424343377351761,0.0620434507727623,0.16165423393249512
33,typed_supervision,42,driver_shape,0.03876486048102379,0.07349831610918045,0.13811860978603363
33,typed_supervision,42,physiology_tau,0.03110182285308838,0.23065979778766632,0.13676176965236664
33,typed_supervision,42,unmodeled_dynamics,0.03110182285308838,0.053804367780685425,0.13477377593517303
33,typed_supervision,43,control,0.06350333243608475,0.03526218980550766,0.22349797189235687
33,typed_supervision,43,common_basis,0.06350333243608475,0.11336332559585571,0.22652283310890198
33,typed_supervision,43,common_correlated,0.06350333243608475,0.15141429007053375,0.23770004510879517
33,typed_supervision,43,common_colored,0.06350333243608475,0.4151301681995392,0.346881628036499
33,typed_supervision,43,common_exchange,0.06350333243608475,0.48917052149772644,0.2246922254562378
33,typed_supervision,43,EEG_gain,0.20351755619049072,0.03526218980550766,0.2919207811355591
33,typed_supervision,43,Hb_gain,0.06350333243608475,0.059041477739810944,0.23843981325626373
33,typed_supervision,43,noise,0.07711973041296005,0.029905004426836967,0.2296590507030487
33,typed_supervision,43,lag_1s,0.06350333243608475,0.04303547367453575,0.2814033031463623
33,typed_supervision,43,driver_amplitude,0.1301736682653427,0.06889753043651581,0.32394301891326904
33,typed_supervision,43,driver_shape,0.056585345417261124,0.025492290034890175,0.2058783769607544
33,typed_supervision,43,physiology_tau,0.06350333243608475,0.4544098377227783,0.2532888352870941
33,typed_supervision,43,unmodeled_dynamics,0.06350333243608475,0.01648157276213169,0.23463042080402374
33,typed_supervision,44,control,0.05746076628565788,0.05947298929095268,0.09381984919309616
33,typed_supervision,44,common_basis,0.05746076628565788,0.20974944531917572,0.1219143345952034
33,typed_supervision,44,common_correlated,0.05746076628565788,0.16547077894210815,0.14157284796237946
33,typed_supervision,44,common_colored,0.05746076628565788,0.13641612231731415,0.22604849934577942
33,typed_supervision,44,common_exchange,0.05746076628565788,0.22197440266609192,0.11860794574022293
33,typed_supervision,44,EEG_gain,0.2390807718038559,0.05947298929095268,0.16805055737495422
33,typed_supervision,44,Hb_gain,0.05746076628565788,0.07800346612930298,0.09930771589279175
33,typed_supervision,44,noise,0.07552018761634827,0.05462459474802017,0.11274231970310211
33,typed_supervision,44,lag_1s,0.05746076628565788,0.07766442000865936,0.21023423969745636
33,typed_supervision,44,driver_amplitude,0.15398703515529633,0.09550542384386063,0.13802698254585266
33,typed_supervision,44,driver_shape,0.07234050333499908,0.06458730250597,0.0963926762342453
33,typed_supervision,44,physiology_tau,0.05746076628565788,0.41323453187942505,0.16954120993614197
33,typed_supervision,44,unmodeled_dynamics,0.05746076628565788,0.050395771861076355,0.12135045230388641
33,typed_supervision,45,control,0.07549800723791122,0.015494167804718018,0.15320970118045807
33,typed_supervision,45,common_basis,0.07549800723791122,0.1179826632142067,0.16939647495746613
33,typed_supervision,45,common_correlated,0.07549800723791122,0.27478402853012085,0.16969479620456696
33,typed_supervision,45,common_colored,0.07549800723791122,1.0204784870147705,0.2965281903743744
33,typed_supervision,45,common_exchange,0.07549800723791122,0.21605651080608368,0.15634746849536896
33,typed_supervision,45,EEG_gain,0.24044150114059448,0.015494167804718018,0.21152092516422272
33,typed_supervision,45,Hb_gain,0.07549800723791122,0.021586410701274872,0.15335632860660553
33,typed_supervision,45,noise,0.09376081079244614,0.01625167392194271,0.1666267067193985
33,typed_supervision,45,lag_1s,0.07549800723791122,0.029831446707248688,0.17882545292377472
33,typed_supervision,45,driver_amplitude,0.19728679955005646,0.029341867193579674,0.23618987202644348
33,typed_supervision,45,driver_shape,0.05685332790017128,0.023651432245969772,0.1440875381231308
33,typed_supervision,45,physiology_tau,0.07549800723791122,0.480081170797348,0.1831015646457672
33,typed_supervision,45,unmodeled_dynamics,0.07549800723791122,0.014754579402506351,0.19838279485702515
33,typed_supervision,46,control,0.06613056361675262,0.019157441332936287,0.14775696396827698
33,typed_supervision,46,common_basis,0.06613056361675262,0.3573581576347351,0.1750117689371109
33,typed_supervision,46,common_correlated,0.06613056361675262,0.5292826294898987,0.18819761276245117
33,typed_supervision,46,common_colored,0.06613056361675262,0.40053069591522217,0.33816519379615784
33,typed_supervision,46,common_exchange,0.06613056361675262,0.7012178301811218,0.1497574746608734
33,typed_supervision,46,EEG_gain,0.19687817990779877,0.019157441332936287,0.16374686360359192
33,typed_supervision,46,Hb_gain,0.06613056361675262,0.007548716850578785,0.19982217252254486
33,typed_supervision,46,noise,0.10019221156835556,0.017274849116802216,0.1627272367477417
33,typed_supervision,46,lag_1s,0.06613056361675262,0.018573792651295662,0.1929076761007309
33,typed_supervision,46,driver_amplitude,0.1735929399728775,0.008893811143934727,0.22675882279872894
33,typed_supervision,46,driver_shape,0.0568724125623703,0.014340306632220745,0.1282152682542801
33,typed_supervision,46,physiology_tau,0.06613056361675262,0.4479195177555084,0.13976922631263733
33,typed_supervision,46,unmodeled_dynamics,0.06613056361675262,0.020674847066402435,0.13293007016181946
33,typed_supervision,47,control,0.07480788230895996,0.14627042412757874,0.12663505971431732
33,typed_supervision,47,common_basis,0.07480788230895996,0.34331369400024414,0.14060217142105103
33,typed_supervision,47,common_correlated,0.07480788230895996,0.3665401041507721,0.16244864463806152
33,typed_supervision,47,common_colored,0.07480788230895996,0.957219660282135,0.24200095236301422
33,typed_supervision,47,common_exchange,0.07480788230895996,1.3364417552947998,0.1848888099193573
33,typed_supervision,47,EEG_gain,0.28843915462493896,0.14627042412757874,0.1542634516954422
33,typed_supervision,47,Hb_gain,0.07480788230895996,0.19004714488983154,0.16533493995666504
33,typed_supervision,47,noise,0.0664832592010498,0.14975744485855103,0.13774028420448303
33,typed_supervision,47,lag_1s,0.07480788230895996,0.19445477426052094,0.1596643626689911
33,typed_supervision,47,driver_amplitude,0.20436407625675201,0.17665067315101624,0.19262255728244781
33,typed_supervision,47,driver_shape,0.07354456931352615,0.10671829432249069,0.13064593076705933
33,typed_supervision,47,physiology_tau,0.07480788230895996,0.37965962290763855,0.16645444929599762
33,typed_supervision,47,unmodeled_dynamics,0.07480788230895996,0.12200283259153366,0.13972103595733643
33,typed_supervision,48,control,0.07355906069278717,0.03423754870891571,0.10850224643945694
33,typed_supervision,48,common_basis,0.07355906069278717,0.17903630435466766,0.11772386729717255
33,typed_supervision,48,common_correlated,0.07355906069278717,0.22715279459953308,0.1542973518371582
33,typed_supervision,48,common_colored,0.07355906069278717,0.4191283583641052,0.2728336453437805
33,typed_supervision,48,common_exchange,0.07355906069278717,0.39685162901878357,0.13484174013137817
33,typed_supervision,48,EEG_gain,0.13105954229831696,0.03423754870891571,0.1468314528465271
33,typed_supervision,48,Hb_gain,0.07355906069278717,0.029805637896060944,0.12006375193595886
33,typed_supervision,48,noise,0.07837498188018799,0.045166242867708206,0.11816192418336868
33,typed_supervision,48,lag_1s,0.07355906069278717,0.02776806242763996,0.14245223999023438
33,typed_supervision,48,driver_amplitude,0.14964205026626587,0.030764127150177956,0.17380984127521515
33,typed_supervision,48,driver_shape,0.05321086570620537,0.03681327775120735,0.08727657049894333
33,typed_supervision,48,physiology_tau,0.07355906069278717,0.2643969655036926,0.12729404866695404
33,typed_supervision,48,unmodeled_dynamics,0.07355906069278717,0.039289794862270355,0.12445555627346039
33,typed_supervision,49,control,0.09197017550468445,0.03067253716289997,0.178168386220932
33,typed_supervision,49,common_basis,0.09197017550468445,0.27594494819641113,0.1859900951385498
33,typed_supervision,49,common_correlated,0.09197017550468445,0.11219602823257446,0.25901347398757935
33,typed_supervision,49,common_colored,0.09197017550468445,0.2590029537677765,0.3144494593143463
33,typed_supervision,49,common_exchange,0.09197017550468445,0.22824236750602722,0.18907389044761658
33,typed_supervision,49,EEG_gain,0.2555893063545227,0.03067253716289997,0.24304915964603424
33,typed_supervision,49,Hb_gain,0.09197017550468445,0.03019081801176071,0.19990824162960052
33,typed_supervision,49,noise,0.11110115051269531,0.030773909762501717,0.19004496932029724
33,typed_supervision,49,lag_1s,0.09197017550468445,0.052889566868543625,0.22011646628379822
33,typed_supervision,49,driver_amplitude,0.20126836001873016,0.028549088165163994,0.2781246602535248
33,typed_supervision,49,driver_shape,0.08871524780988693,0.032236527651548386,0.18041901290416718
33,typed_supervision,49,physiology_tau,0.09197017550468445,0.7304573655128479,0.2328920215368271
33,typed_supervision,49,unmodeled_dynamics,0.09197017550468445,0.038050927221775055,0.20103628933429718
33,typed_supervision,50,control,0.07351046055555344,0.15212905406951904,0.1193913072347641
33,typed_supervision,50,common_basis,0.07351046055555344,0.3342725932598114,0.1306229531764984
33,typed_supervision,50,common_correlated,0.07351046055555344,0.38684678077697754,0.17163345217704773
33,typed_supervision,50,common_colored,0.07351046055555344,0.559767484664917,0.2633441686630249
33,typed_supervision,50,common_exchange,0.07351046055555344,0.6494388580322266,0.1386786252260208
33,typed_supervision,50,EEG_gain,0.23289771378040314,0.15212905406951904,0.17751185595989227
33,typed_supervision,50,Hb_gain,0.07351046055555344,0.21243056654930115,0.14876767992973328
33,typed_supervision,50,noise,0.08986302465200424,0.15687447786331177,0.13342511653900146
33,typed_supervision,50,lag_1s,0.07351046055555344,0.060649335384368896,0.12067380547523499
33,typed_supervision,50,driver_amplitude,0.13364888727664948,0.1552828699350357,0.18864595890045166
33,typed_supervision,50,driver_shape,0.08240772038698196,0.12297610938549042,0.11893574148416519
33,typed_supervision,50,physiology_tau,0.07351046055555344,0.7520495057106018,0.15765275061130524
33,typed_supervision,50,unmodeled_dynamics,0.07351046055555344,0.15948455035686493,0.12940530478954315
33,typed_supervision,51,control,0.1419101357460022,0.08479931950569153,0.2208886295557022
33,typed_supervision,51,common_basis,0.1419101357460022,0.15376204252243042,0.22522872686386108
33,typed_supervision,51,common_correlated,0.1419101357460022,0.18599875271320343,0.3224828839302063
33,typed_supervision,51,common_colored,0.1419101357460022,0.1898290514945984,0.3065233528614044
33,typed_supervision,51,common_exchange,0.1419101357460022,0.4253404140472412,0.21777555346488953
33,typed_supervision,51,EEG_gain,0.17584507167339325,0.08479931950569153,0.2891111373901367
33,typed_supervision,51,Hb_gain,0.1419101357460022,0.09128250181674957,0.23064135015010834
33,typed_supervision,51,noise,0.16002152860164642,0.08988475054502487,0.22771428525447845
33,typed_supervision,51,lag_1s,0.1419101357460022,0.14290402829647064,0.2444961965084076
33,typed_supervision,51,driver_amplitude,0.2116929143667221,0.05617610737681389,0.32796263694763184
33,typed_supervision,51,driver_shape,0.1199059784412384,0.0544985756278038,0.1958962380886078
33,typed_supervision,51,physiology_tau,0.1419101357460022,0.38048824667930603,0.26728111505508423
33,typed_supervision,51,unmodeled_dynamics,0.1419101357460022,0.06336341053247452,0.25016412138938904
33,typed_supervision,52,control,0.06767210364341736,0.03851437196135521,0.09494451433420181
33,typed_supervision,52,common_basis,0.06767210364341736,0.07763940840959549,0.09657822549343109
33,typed_supervision,52,common_correlated,0.06767210364341736,0.7394377589225769,0.19875916838645935
33,typed_supervision,52,common_colored,0.06767210364341736,0.26776280999183655,0.13953204452991486
33,typed_supervision,52,common_exchange,0.06767210364341736,1.591532826423645,0.14908894896507263
33,typed_supervision,52,EEG_gain,0.1742711365222931,0.03851437196135521,0.11801763623952866
33,typed_supervision,52,Hb_gain,0.06767210364341736,0.039331965148448944,0.11142362654209137
33,typed_supervision,52,noise,0.07902800291776657,0.03750855103135109,0.11513783782720566
33,typed_supervision,52,lag_1s,0.06767210364341736,0.06566137820482254,0.17051512002944946
33,typed_supervision,52,driver_amplitude,0.13841333985328674,0.04336902126669884,0.1388874650001526
33,typed_supervision,52,driver_shape,0.0845666453242302,0.0334356315433979,0.09595050662755966
33,typed_supervision,52,physiology_tau,0.06767210364341736,0.3340078294277191,0.11936634033918381
33,typed_supervision,52,unmodeled_dynamics,0.06767210364341736,0.02163909189403057,0.11256059259176254
33,typed_supervision,53,control,0.04138053581118584,0.07302545756101608,0.15319114923477173
33,typed_supervision,53,common_basis,0.04138053581118584,0.4482075870037079,0.1494608074426651
33,typed_supervision,53,common_correlated,0.04138053581118584,0.3143865168094635,0.16898074746131897
33,typed_supervision,53,common_colored,0.04138053581118584,0.42983755469322205,0.19643008708953857
33,typed_supervision,53,common_exchange,0.04138053581118584,0.34290218353271484,0.1556137055158615
33,typed_supervision,53,EEG_gain,0.2482931762933731,0.07302545756101608,0.20182791352272034
33,typed_supervision,53,Hb_gain,0.04138053581118584,0.08050121366977692,0.18554630875587463
33,typed_supervision,53,noise,0.05336632952094078,0.07410971075296402,0.17084001004695892
33,typed_supervision,53,lag_1s,0.04138053581118584,0.07673734426498413,0.1765107661485672
33,typed_supervision,53,driver_amplitude,0.11415664106607437,0.0786103904247284,0.23892620205879211
33,typed_supervision,53,driver_shape,0.05349506810307503,0.07356706261634827,0.15379725396633148
33,typed_supervision,53,physiology_tau,0.04138053581118584,0.22605451941490173,0.18966291844844818
33,typed_supervision,53,unmodeled_dynamics,0.04138053581118584,0.05833087116479874,0.17638260126113892
33,typed_supervision,54,control,0.055460892617702484,0.039508115500211716,0.18368254601955414
33,typed_supervision,54,common_basis,0.055460892617702484,0.13752779364585876,0.19847922027111053
33,typed_supervision,54,common_correlated,0.055460892617702484,0.2643860876560211,0.319983571767807
33,typed_supervision,54,common_colored,0.055460892617702484,0.2347543090581894,0.3274671137332916
33,typed_supervision,54,common_exchange,0.055460892617702484,0.5084146857261658,0.1747596710920334
33,typed_supervision,54,EEG_gain,0.15494605898857117,0.039508115500211716,0.24595476686954498
33,typed_supervision,54,Hb_gain,0.055460892617702484,0.04169166833162308,0.22036761045455933
33,typed_supervision,54,noise,0.0713493600487709,0.040341634303331375,0.18840864300727844
33,typed_supervision,54,lag_1s,0.055460892617702484,0.03430776298046112,0.24506217241287231
33,typed_supervision,54,driver_amplitude,0.10862099379301071,0.04241956025362015,0.28000468015670776
33,typed_supervision,54,driver_shape,0.043404895812273026,0.02240787260234356,0.17060448229312897
33,typed_supervision,54,physiology_tau,0.055460892617702484,0.1887298971414566,0.21658200025558472
33,typed_supervision,54,unmodeled_dynamics,0.055460892617702484,0.019289275631308556,0.18200768530368805
33,typed_supervision,55,control,0.09174516797065735,0.05128197371959686,0.1814589500427246
33,typed_supervision,55,common_basis,0.09174516797065735,0.193339541554451,0.18847393989562988
33,typed_supervision,55,common_correlated,0.09174516797065735,0.3246585726737976,0.24792304635047913
33,typed_supervision,55,common_colored,0.09174516797065735,0.39177125692367554,0.2656777501106262
33,typed_supervision,55,common_exchange,0.09174516797065735,0.9025803804397583,0.25766927003860474
33,typed_supervision,55,EEG_gain,0.29917359352111816,0.05128197371959686,0.2384076863527298
33,typed_supervision,55,Hb_gain,0.09174516797065735,0.06966067105531693,0.2086547464132309
33,typed_supervision,55,noise,0.09171677380800247,0.047793783247470856,0.1816694140434265
33,typed_supervision,55,lag_1s,0.09174516797065735,0.03398093953728676,0.22398054599761963
33,typed_supervision,55,driver_amplitude,0.20407499372959137,0.07334558665752411,0.28071075677871704
33,typed_supervision,55,driver_shape,0.0833093598484993,0.046408794820308685,0.1831168830394745
33,typed_supervision,55,physiology_tau,0.09174516797065735,0.502004086971283,0.2357281893491745
33,typed_supervision,55,unmodeled_dynamics,0.09174516797065735,0.06228693947196007,0.20317184925079346
33,typed_supervision,56,control,0.1026589497923851,0.010808044113218784,0.12610498070716858
33,typed_supervision,56,common_basis,0.1026589497923851,0.1025465726852417,0.12667913734912872
33,typed_supervision,56,common_correlated,0.1026589497923851,0.09425950050354004,0.26467078924179077
33,typed_supervision,56,common_colored,0.1026589497923851,0.25415560603141785,0.3825971484184265
33,typed_supervision,56,common_exchange,0.1026589497923851,0.805148720741272,0.2105838656425476
33,typed_supervision,56,EEG_gain,0.19602815806865692,0.010808044113218784,0.15913283824920654
33,typed_supervision,56,Hb_gain,0.1026589497923851,0.025104355067014694,0.14621782302856445
33,typed_supervision,56,noise,0.10463429242372513,0.014647080563008785,0.1427096277475357
33,typed_supervision,56,lag_1s,0.1026589497923851,0.06393538415431976,0.20183226466178894
33,typed_supervision,56,driver_amplitude,0.21661335229873657,0.03939517214894295,0.1948634386062622
33,typed_supervision,56,driver_shape,0.08574929088354111,0.02880008891224861,0.1394512951374054
33,typed_supervision,56,physiology_tau,0.1026589497923851,0.35827675461769104,0.13145770132541656
33,typed_supervision,56,unmodeled_dynamics,0.1026589497923851,0.01979202590882778,0.14393843710422516
33,typed_supervision,57,control,0.05841559171676636,0.020646190270781517,0.13198429346084595
33,typed_supervision,57,common_basis,0.05841559171676636,0.16726724803447723,0.14723579585552216
33,typed_supervision,57,common_correlated,0.05841559171676636,0.22877724468708038,0.13771894574165344
33,typed_supervision,57,common_colored,0.05841559171676636,0.25893691182136536,0.1928057074546814
33,typed_supervision,57,common_exchange,0.05841559171676636,0.40169620513916016,0.13501161336898804
33,typed_supervision,57,EEG_gain,0.1777137964963913,0.020646190270781517,0.17571695148944855
33,typed_supervision,57,Hb_gain,0.05841559171676636,0.03650777414441109,0.13411559164524078
33,typed_supervision,57,noise,0.06199905648827553,0.027582932263612747,0.14439809322357178
33,typed_supervision,57,lag_1s,0.05841559171676636,0.04274138808250427,0.14696069061756134
33,typed_supervision,57,driver_amplitude,0.12909510731697083,0.04967869073152542,0.2072812020778656
33,typed_supervision,57,driver_shape,0.06834641844034195,0.013819901272654533,0.13179808855056763
33,typed_supervision,57,physiology_tau,0.05841559171676636,0.12029826641082764,0.13467594981193542
33,typed_supervision,57,unmodeled_dynamics,0.05841559171676636,0.0212843157351017,0.13752251863479614
33,typed_supervision,58,control,0.07216300815343857,0.04220573231577873,0.09756801277399063
33,typed_supervision,58,common_basis,0.07216300815343857,0.2633826732635498,0.10798731446266174
33,typed_supervision,58,common_correlated,0.07216300815343857,0.17366506159305573,0.11815354973077774
33,typed_supervision,58,common_colored,0.07216300815343857,0.7028988599777222,0.1412348747253418
33,typed_supervision,58,common_exchange,0.07216300815343857,0.587647020816803,0.14340931177139282
33,typed_supervision,58,EEG_gain,0.15336528420448303,0.04220573231577873,0.13824817538261414
33,typed_supervision,58,Hb_gain,0.07216300815343857,0.060944557189941406,0.12522824108600616
33,typed_supervision,58,noise,0.07785884290933609,0.04893351346254349,0.10803433507680893
33,typed_supervision,58,lag_1s,0.07216300815343857,0.037033841013908386,0.16960442066192627
33,typed_supervision,58,driver_amplitude,0.16708023846149445,0.07788924127817154,0.1585989147424698
33,typed_supervision,58,driver_shape,0.0617813840508461,0.045137882232666016,0.11353879421949387
33,typed_supervision,58,physiology_tau,0.07216300815343857,0.22245021164417267,0.13277681171894073
33,typed_supervision,58,unmodeled_dynamics,0.07216300815343857,0.023040330037474632,0.1097792387008667
33,typed_supervision,59,control,0.06876569986343384,0.09218638390302658,0.21807357668876648
33,typed_supervision,59,common_basis,0.06876569986343384,0.3344896137714386,0.2271125614643097
33,typed_supervision,59,common_correlated,0.06876569986343384,0.20135001838207245,0.3158680200576782
33,typed_supervision,59,common_colored,0.06876569986343384,0.643339991569519,0.25738993287086487
33,typed_supervision,59,common_exchange,0.06876569986343384,0.5094723105430603,0.21632950007915497
33,typed_supervision,59,EEG_gain,0.20545125007629395,0.09218638390302658,0.2882198095321655
33,typed_supervision,59,Hb_gain,0.06876569986343384,0.08786812424659729,0.23740297555923462
33,typed_supervision,59,noise,0.07941737025976181,0.0995461568236351,0.22470872104167938
33,typed_supervision,59,lag_1s,0.06876569986343384,0.09522698074579239,0.26717615127563477
33,typed_supervision,59,driver_amplitude,0.1572079360485077,0.06293710321187973,0.32503071427345276
33,typed_supervision,59,driver_shape,0.08773379027843475,0.07044219225645065,0.2176886647939682
33,typed_supervision,59,physiology_tau,0.06876569986343384,0.41198423504829407,0.24743394553661346
33,typed_supervision,59,unmodeled_dynamics,0.06876569986343384,0.11827748268842697,0.25866395235061646
33,typed_supervision,60,control,0.07019509375095367,0.03456341475248337,0.09850792586803436
33,typed_supervision,60,common_basis,0.07019509375095367,0.34559398889541626,0.12907586991786957
33,typed_supervision,60,common_correlated,0.07019509375095367,0.08724948018789291,0.14508996903896332
33,typed_supervision,60,common_colored,0.07019509375095367,0.9084870219230652,0.20423424243927002
33,typed_supervision,60,common_exchange,0.07019509375095367,0.0901898518204689,0.11468174308538437
33,typed_supervision,60,EEG_gain,0.2326253056526184,0.03456341475248337,0.15919756889343262
33,typed_supervision,60,Hb_gain,0.07019509375095367,0.04249286651611328,0.12142029404640198
33,typed_supervision,60,noise,0.08423242717981339,0.03510235249996185,0.11587385088205338
33,typed_supervision,60,lag_1s,0.07019509375095367,0.026600027456879616,0.21105438470840454
33,typed_supervision,60,driver_amplitude,0.16475006937980652,0.06413113325834274,0.15003176033496857
33,typed_supervision,60,driver_shape,0.0643979012966156,0.026496680453419685,0.10154447704553604
33,typed_supervision,60,physiology_tau,0.07019509375095367,0.1770595908164978,0.18851357698440552
33,typed_supervision,60,unmodeled_dynamics,0.07019509375095367,0.04413962736725807,0.14625266194343567
33,typed_supervision,61,control,0.07908070832490921,0.01744963601231575,0.21706482768058777
33,typed_supervision,61,common_basis,0.07908070832490921,0.11313261091709137,0.22280560433864594
33,typed_supervision,61,common_correlated,0.07908070832490921,0.17155654728412628,0.25041306018829346
33,typed_supervision,61,common_colored,0.07908070832490921,0.3947025537490845,0.3352247476577759
33,typed_supervision,61,common_exchange,0.07908070832490921,1.1083110570907593,0.27284592390060425
33,typed_supervision,61,EEG_gain,0.19363509118556976,0.01744963601231575,0.2877805531024933
33,typed_supervision,61,Hb_gain,0.07908070832490921,0.02393527887761593,0.22925609350204468
33,typed_supervision,61,noise,0.09090030938386917,0.021508103236556053,0.2240602970123291
33,typed_supervision,61,lag_1s,0.07908070832490921,0.01027693785727024,0.2407994270324707
33,typed_supervision,61,driver_amplitude,0.16032001376152039,0.03149348869919777,0.32927677035331726
33,typed_supervision,61,driver_shape,0.09803412109613419,0.026052234694361687,0.22121848165988922
33,typed_supervision,61,physiology_tau,0.07908070832490921,0.4266693890094757,0.25847259163856506
33,typed_supervision,61,unmodeled_dynamics,0.07908070832490921,0.011972656473517418,0.23776914179325104
33,typed_supervision,62,control,0.05095099285244942,0.027963964268565178,0.1697625070810318
33,typed_supervision,62,common_basis,0.05095099285244942,0.60013347864151,0.2272895723581314
33,typed_supervision,62,common_correlated,0.05095099285244942,0.4102526903152466,0.17142890393733978
33,typed_supervision,62,common_colored,0.05095099285244942,0.23561488091945648,0.2579176127910614
33,typed_supervision,62,common_exchange,0.05095099285244942,1.0023047924041748,0.1263900250196457
33,typed_supervision,62,EEG_gain,0.24481017887592316,0.027963964268565178,0.18247129023075104
33,typed_supervision,62,Hb_gain,0.05095099285244942,0.02920260839164257,0.23045195639133453
33,typed_supervision,62,noise,0.06614932417869568,0.034814756363630295,0.1804995983839035
33,typed_supervision,62,lag_1s,0.05095099285244942,0.024387788027524948,0.18070822954177856
33,typed_supervision,62,driver_amplitude,0.10779613256454468,0.054137032479047775,0.23293624818325043
33,typed_supervision,62,driver_shape,0.0478210374712944,0.03689901530742645,0.16412094235420227
33,typed_supervision,62,physiology_tau,0.05095099285244942,0.4359873831272125,0.16540029644966125
33,typed_supervision,62,unmodeled_dynamics,0.05095099285244942,0.03251593932509422,0.17728887498378754
33,typed_supervision,63,control,0.07676029205322266,0.09303143620491028,0.2767263948917389
33,typed_supervision,63,common_basis,0.07676029205322266,0.11776096373796463,0.27726230025291443
33,typed_supervision,63,common_correlated,0.07676029205322266,0.2668628692626953,0.305726021528244
33,typed_supervision,63,common_colored,0.07676029205322266,0.37488797307014465,0.35420170426368713
33,typed_supervision,63,common_exchange,0.07676029205322266,0.4948108196258545,0.2791006863117218
33,typed_supervision,63,EEG_gain,0.2487337440252304,0.09303143620491028,0.35869744420051575
33,typed_supervision,63,Hb_gain,0.07676029205322266,0.1355983465909958,0.28021204471588135
33,typed_supervision,63,noise,0.10045469552278519,0.09297991544008255,0.28482159972190857
33,typed_supervision,63,lag_1s,0.07676029205322266,0.059188857674598694,0.3081435263156891
33,typed_supervision,63,driver_amplitude,0.14889109134674072,0.12388359755277634,0.40742701292037964
33,typed_supervision,63,driver_shape,0.08040071278810501,0.08389279991388321,0.29189956188201904
33,typed_supervision,63,physiology_tau,0.07676029205322266,0.1274057775735855,0.28987976908683777
33,typed_supervision,63,unmodeled_dynamics,0.07676029205322266,0.08493974059820175,0.2867881655693054
33,typed_supervision,64,control,0.06595172733068466,0.02667105756700039,0.09234727174043655
33,typed_supervision,64,common_basis,0.06595172733068466,0.34664976596832275,0.14231045544147491
33,typed_supervision,64,common_correlated,0.06595172733068466,0.17119501531124115,0.16828854382038116
33,typed_supervision,64,common_colored,0.06595172733068466,0.15755322575569153,0.17904819548130035
33,typed_supervision,64,common_exchange,0.06595172733068466,0.2638586163520813,0.1843491643667221
33,typed_supervision,64,EEG_gain,0.263919472694397,0.02667105756700039,0.12388335913419724
33,typed_supervision,64,Hb_gain,0.06595172733068466,0.01707049459218979,0.13332998752593994
33,typed_supervision,64,noise,0.07126222550868988,0.036550674587488174,0.1087578684091568
33,typed_supervision,64,lag_1s,0.06595172733068466,0.02831469103693962,0.1589028239250183
33,typed_supervision,64,driver_amplitude,0.1535055935382843,0.02241920679807663,0.15200848877429962
33,typed_supervision,64,driver_shape,0.04630708694458008,0.024767551571130753,0.08006630092859268
33,typed_supervision,64,physiology_tau,0.06595172733068466,0.22495533525943756,0.1441584676504135
33,typed_supervision,64,unmodeled_dynamics,0.06595172733068466,0.021871179342269897,0.1151779517531395
33,typed_supervision,65,control,0.07361947000026703,0.01636594533920288,0.16521328687667847
33,typed_supervision,65,common_basis,0.07361947000026703,0.25904056429862976,0.17057812213897705
33,typed_supervision,65,common_correlated,0.07361947000026703,0.1101146936416626,0.18037892878055573
33,typed_supervision,65,common_colored,0.07361947000026703,0.3682471513748169,0.2101399302482605
33,typed_supervision,65,common_exchange,0.07361947000026703,0.1844099909067154,0.17125581204891205
33,typed_supervision,65,EEG_gain,0.22202718257904053,0.01636594533920288,0.21176446974277496
33,typed_supervision,65,Hb_gain,0.07361947000026703,0.02620297111570835,0.1746307760477066
33,typed_supervision,65,noise,0.08950000256299973,0.01729457452893257,0.17711763083934784
33,typed_supervision,65,lag_1s,0.07361947000026703,0.019981231540441513,0.17578905820846558
33,typed_supervision,65,driver_amplitude,0.15374499559402466,0.03674342483282089,0.2580322027206421
33,typed_supervision,65,driver_shape,0.07961538434028625,0.0260015781968832,0.1760265827178955
33,typed_supervision,65,physiology_tau,0.07361947000026703,0.38138115406036377,0.1734420508146286
33,typed_supervision,65,unmodeled_dynamics,0.07361947000026703,0.026254408061504364,0.18843482434749603
33,typed_supervision,66,control,0.03682241588830948,0.015475327149033546,0.09710896015167236
33,typed_supervision,66,common_basis,0.03682241588830948,0.08236344903707504,0.1046537384390831
33,typed_supervision,66,common_correlated,0.03682241588830948,0.26978519558906555,0.27139171957969666
33,typed_supervision,66,common_colored,0.03682241588830948,0.6078147888183594,0.2729659378528595
33,typed_supervision,66,common_exchange,0.03682241588830948,0.3887861967086792,0.10761311650276184
33,typed_supervision,66,EEG_gain,0.19539141654968262,0.015475327149033546,0.15199032425880432
33,typed_supervision,66,Hb_gain,0.03682241588830948,0.012791992165148258,0.1302439123392105
33,typed_supervision,66,noise,0.05665970966219902,0.019198298454284668,0.10968879610300064
33,typed_supervision,66,lag_1s,0.03682241588830948,0.0037701267283409834,0.21115487813949585
33,typed_supervision,66,driver_amplitude,0.06722740828990936,0.023334259167313576,0.1613711714744568
33,typed_supervision,66,driver_shape,0.04119113087654114,0.009010063484311104,0.1342419534921646
33,typed_supervision,66,physiology_tau,0.03682241588830948,0.20089957118034363,0.17966538667678833
33,typed_supervision,66,unmodeled_dynamics,0.03682241588830948,0.019883813336491585,0.15765351057052612
33,typed_supervision,67,control,0.0665554329752922,0.03864976391196251,0.1755671501159668
33,typed_supervision,67,common_basis,0.0665554329752922,0.1299714297056198,0.1784610003232956
33,typed_supervision,67,common_correlated,0.0665554329752922,0.3357340395450592,0.18142394721508026
33,typed_supervision,67,common_colored,0.0665554329752922,0.5298346281051636,0.1880529224872589
33,typed_supervision,67,common_exchange,0.0665554329752922,0.6560840606689453,0.17163226008415222
33,typed_supervision,67,EEG_gain,0.2824243903160095,0.03864976391196251,0.21590131521224976
33,typed_supervision,67,Hb_gain,0.0665554329752922,0.04528585448861122,0.22372542321681976
33,typed_supervision,67,noise,0.08096729218959808,0.03811207413673401,0.18737947940826416
33,typed_supervision,67,lag_1s,0.0665554329752922,0.03391708433628082,0.19279645383358002
33,typed_supervision,67,driver_amplitude,0.13776043057441711,0.03521746024489403,0.2620084285736084
33,typed_supervision,67,driver_shape,0.07219889014959335,0.033324163407087326,0.17005421221256256
33,typed_supervision,67,physiology_tau,0.0665554329752922,0.37213370203971863,0.19421625137329102
33,typed_supervision,67,unmodeled_dynamics,0.0665554329752922,0.031959664076566696,0.16639816761016846
33,typed_supervision,68,control,0.05384719744324684,0.025143226608633995,0.09822756052017212
33,typed_supervision,68,common_basis,0.05384719744324684,0.12135395407676697,0.10461193323135376
33,typed_supervision,68,common_correlated,0.05384719744324684,0.10291235148906708,0.22188448905944824
33,typed_supervision,68,common_colored,0.05384719744324684,0.7947755455970764,0.21171438694000244
33,typed_supervision,68,common_exchange,0.05384719744324684,0.31326186656951904,0.1358463317155838
33,typed_supervision,68,EEG_gain,0.2541038393974304,0.025143226608633995,0.15241456031799316
33,typed_supervision,68,Hb_gain,0.05384719744324684,0.03335406631231308,0.11488504707813263
33,typed_supervision,68,noise,0.08294159919023514,0.028436923399567604,0.12262146919965744
33,typed_supervision,68,lag_1s,0.05384719744324684,0.012707133777439594,0.18727076053619385
33,typed_supervision,68,driver_amplitude,0.12845946848392487,0.03800571709871292,0.16175971925258636
33,typed_supervision,68,driver_shape,0.07045679539442062,0.014819049276411533,0.10534018278121948
33,typed_supervision,68,physiology_tau,0.05384719744324684,0.298617422580719,0.19419565796852112
33,typed_supervision,68,unmodeled_dynamics,0.05384719744324684,0.031791068613529205,0.1708042174577713
33,typed_supervision,69,control,0.09376202523708344,0.013268827460706234,0.2279154360294342
33,typed_supervision,69,common_basis,0.09376202523708344,0.174114391207695,0.24038517475128174
33,typed_supervision,69,common_correlated,0.09376202523708344,0.3089558184146881,0.2575697898864746
33,typed_supervision,69,common_colored,0.09376202523708344,0.39794719219207764,0.2790648937225342
33,typed_supervision,69,common_exchange,0.09376202523708344,0.6194952130317688,0.23520319163799286
33,typed_supervision,69,EEG_gain,0.2195173054933548,0.013268827460706234,0.30063071846961975
33,typed_supervision,69,Hb_gain,0.09376202523708344,0.01768781617283821,0.23451988399028778
33,typed_supervision,69,noise,0.10422506928443909,0.021933965384960175,0.23911236226558685
33,typed_supervision,69,lag_1s,0.09376202523708344,0.020845573395490646,0.25836509466171265
33,typed_supervision,69,driver_amplitude,0.15074114501476288,0.02220337651669979,0.34067046642303467
33,typed_supervision,69,driver_shape,0.092948779463768,0.028301268815994263,0.23366416990756989
33,typed_supervision,69,physiology_tau,0.09376202523708344,0.4245767891407013,0.24203847348690033
33,typed_supervision,69,unmodeled_dynamics,0.09376202523708344,0.02577989548444748,0.23430216312408447
33,typed_supervision,70,control,0.07191378623247147,0.07726821303367615,0.14503733813762665
33,typed_supervision,70,common_basis,0.07191378623247147,0.16603080928325653,0.12725085020065308
33,typed_supervision,70,common_correlated,0.07191378623247147,0.49124863743782043,0.3165437877178192
33,typed_supervision,70,common_colored,0.07191378623247147,0.30529990792274475,0.3122744858264923
33,typed_supervision,70,common_exchange,0.07191378623247147,1.1953990459442139,0.18486234545707703
33,typed_supervision,70,EEG_gain,0.27238062024116516,0.07726821303367615,0.17052437365055084
33,typed_supervision,70,Hb_gain,0.07191378623247147,0.10792507231235504,0.19913150370121002
33,typed_supervision,70,noise,0.09880310297012329,0.10492609441280365,0.15652166306972504
33,typed_supervision,70,lag_1s,0.07191378623247147,0.03602668270468712,0.20715025067329407
33,typed_supervision,70,driver_amplitude,0.10996896028518677,0.11280767619609833,0.22071143984794617
33,typed_supervision,70,driver_shape,0.07460862398147583,0.043950170278549194,0.12548960745334625
33,typed_supervision,70,physiology_tau,0.07191378623247147,0.30618083477020264,0.1571951061487198
33,typed_supervision,70,unmodeled_dynamics,0.07191378623247147,0.0699729472398758,0.1546788513660431
33,typed_supervision,71,control,0.06403015553951263,0.1182691901922226,0.23252388834953308
33,typed_supervision,71,common_basis,0.06403015553951263,0.0603334903717041,0.23534633219242096
33,typed_supervision,71,common_correlated,0.06403015553951263,0.2403060793876648,0.3314032554626465
33,typed_supervision,71,common_colored,0.06403015553951263,0.3481060266494751,0.2915664315223694
33,typed_supervision,71,common_exchange,0.06403015553951263,0.40918707847595215,0.22805356979370117
33,typed_supervision,71,EEG_gain,0.13426516950130463,0.1182691901922226,0.2895503640174866
33,typed_supervision,71,Hb_gain,0.06403015553951263,0.1386524885892868,0.26811301708221436
33,typed_supervision,71,noise,0.061574023216962814,0.10902334749698639,0.23765750229358673
33,typed_supervision,71,lag_1s,0.06403015553951263,0.031483057886362076,0.26607123017311096
33,typed_supervision,71,driver_amplitude,0.1340269148349762,0.08922584354877472,0.3444133400917053
33,typed_supervision,71,driver_shape,0.08243265002965927,0.049664631485939026,0.24224504828453064
33,typed_supervision,71,physiology_tau,0.06403015553951263,0.25322791934013367,0.24870143830776215
33,typed_supervision,71,unmodeled_dynamics,0.06403015553951263,0.12161311507225037,0.24419595301151276
33,typed_supervision,72,control,0.07503854483366013,0.014789199456572533,0.09433531016111374
33,typed_supervision,72,common_basis,0.07503854483366013,0.29528841376304626,0.11056751757860184
33,typed_supervision,72,common_correlated,0.07503854483366013,0.2033422887325287,0.13869509100914001
33,typed_supervision,72,common_colored,0.07503854483366013,0.29406312108039856,0.14446328580379486
33,typed_supervision,72,common_exchange,0.07503854483366013,0.3740331828594208,0.13727924227714539
33,typed_supervision,72,EEG_gain,0.2818979024887085,0.014789199456572533,0.1639862060546875
33,typed_supervision,72,Hb_gain,0.07503854483366013,0.02247341349720955,0.16550497710704803
33,typed_supervision,72,noise,0.09217966347932816,0.01981567032635212,0.10436952859163284
33,typed_supervision,72,lag_1s,0.07503854483366013,0.020700376480817795,0.20162273943424225
33,typed_supervision,72,driver_amplitude,0.16969582438468933,0.02649124711751938,0.15839405357837677
33,typed_supervision,72,driver_shape,0.07799994200468063,0.02677370235323906,0.08741774410009384
33,typed_supervision,72,physiology_tau,0.07503854483366013,0.3180231750011444,0.23413687944412231
33,typed_supervision,72,unmodeled_dynamics,0.07503854483366013,0.013264458626508713,0.14827291667461395
33,typed_supervision,73,control,0.06696487218141556,0.05333993211388588,0.16774527728557587
33,typed_supervision,73,common_basis,0.06696487218141556,0.13988761603832245,0.1767241656780243
33,typed_supervision,73,common_correlated,0.06696487218141556,0.13640014827251434,0.21522819995880127
33,typed_supervision,73,common_colored,0.06696487218141556,0.20442388951778412,0.3174666166305542
33,typed_supervision,73,common_exchange,0.06696487218141556,0.8727176189422607,0.17605292797088623
33,typed_supervision,73,EEG_gain,0.2783205807209015,0.05333993211388588,0.2296471893787384
33,typed_supervision,73,Hb_gain,0.06696487218141556,0.0744849368929863,0.19097675383090973
33,typed_supervision,73,noise,0.07118792831897736,0.04672122001647949,0.18142618238925934
33,typed_supervision,73,lag_1s,0.06696487218141556,0.07454457879066467,0.24463310837745667
33,typed_supervision,73,driver_amplitude,0.18452340364456177,0.09590034186840057,0.2672838270664215
33,typed_supervision,73,driver_shape,0.07439365237951279,0.08111617714166641,0.16850821673870087
33,typed_supervision,73,physiology_tau,0.06696487218141556,0.13907352089881897,0.23306803405284882
33,typed_supervision,73,unmodeled_dynamics,0.06696487218141556,0.03825990483164787,0.1881709098815918
33,typed_supervision,74,control,0.10062792152166367,0.031406328082084656,0.10411594808101654
33,typed_supervision,74,common_basis,0.10062792152166367,0.40438657999038696,0.14158770442008972
33,typed_supervision,74,common_correlated,0.10062792152166367,0.09069303423166275,0.14340315759181976
33,typed_supervision,74,common_colored,0.10062792152166367,0.5287705659866333,0.24945630133152008
33,typed_supervision,74,common_exchange,0.10062792152166367,0.8112162351608276,0.1593516618013382
33,typed_supervision,74,EEG_gain,0.16498981416225433,0.031406328082084656,0.16334308683872223
33,typed_supervision,74,Hb_gain,0.10062792152166367,0.036865271627902985,0.11577694118022919
33,typed_supervision,74,noise,0.09862620383501053,0.031848564743995667,0.11110486090183258
33,typed_supervision,74,lag_1s,0.10062792152166367,0.0362202487885952,0.18076500296592712
33,typed_supervision,74,driver_amplitude,0.20437020063400269,0.04403451457619667,0.17589427530765533
33,typed_supervision,74,driver_shape,0.08411598950624466,0.038584575057029724,0.11002082377672195
33,typed_supervision,74,physiology_tau,0.10062792152166367,0.15223141014575958,0.14088289439678192
33,typed_supervision,74,unmodeled_dynamics,0.10062792152166367,0.024300701916217804,0.12587831914424896
33,typed_supervision,75,control,0.09462708979845047,0.030076036229729652,0.21135364472866058
33,typed_supervision,75,common_basis,0.09462708979845047,0.2433333843946457,0.21059143543243408
33,typed_supervision,75,common_correlated,0.09462708979845047,0.16000200808048248,0.22377069294452667
33,typed_supervision,75,common_colored,0.09462708979845047,0.2079508751630783,0.31628307700157166
33,typed_supervision,75,common_exchange,0.09462708979845047,0.3841741681098938,0.22025936841964722
33,typed_supervision,75,EEG_gain,0.24580499529838562,0.030076036229729652,0.2753291428089142
33,typed_supervision,75,Hb_gain,0.09462708979845047,0.044701822102069855,0.2205900251865387
33,typed_supervision,75,noise,0.10284896194934845,0.03803848847746849,0.21739748120307922
33,typed_supervision,75,lag_1s,0.09462708979845047,0.010357402265071869,0.2222105711698532
33,typed_supervision,75,driver_amplitude,0.1811293065547943,0.0417347177863121,0.3178921341896057
33,typed_supervision,75,driver_shape,0.10720452666282654,0.031431809067726135,0.21085913479328156
33,typed_supervision,75,physiology_tau,0.09462708979845047,0.3864685893058777,0.22827814519405365
33,typed_supervision,75,unmodeled_dynamics,0.09462708979845047,0.031186144798994064,0.21846313774585724
33,typed_supervision,76,control,0.06975363940000534,0.02005728706717491,0.11326104402542114
33,typed_supervision,76,common_basis,0.06975363940000534,0.1386350691318512,0.12188969552516937
33,typed_supervision,76,common_correlated,0.06975363940000534,0.1651417762041092,0.18870823085308075
33,typed_supervision,76,common_colored,0.06975363940000534,0.4755345284938812,0.20574869215488434
33,typed_supervision,76,common_exchange,0.06975363940000534,0.3530879318714142,0.11273009330034256
33,typed_supervision,76,EEG_gain,0.19456030428409576,0.02005728706717491,0.17038312554359436
33,typed_supervision,76,Hb_gain,0.06975363940000534,0.03235303983092308,0.1153910756111145
33,typed_supervision,76,noise,0.08563816547393799,0.02593962475657463,0.13250035047531128
33,typed_supervision,76,lag_1s,0.06975363940000534,0.028245026245713234,0.2174793779850006
33,typed_supervision,76,driver_amplitude,0.1563195288181305,0.04588833078742027,0.174535870552063
33,typed_supervision,76,driver_shape,0.07886014133691788,0.023213228210806847,0.09615198522806168
33,typed_supervision,76,physiology_tau,0.06975363940000534,0.5340505838394165,0.19119879603385925
33,typed_supervision,76,unmodeled_dynamics,0.06975363940000534,0.013335831463336945,0.16734255850315094
33,typed_supervision,77,control,0.14893198013305664,0.040402285754680634,0.2701228857040405
33,typed_supervision,77,common_basis,0.14893198013305664,0.23552925884723663,0.2731991112232208
33,typed_supervision,77,common_correlated,0.14893198013305664,0.13301590085029602,0.3068144917488098
33,typed_supervision,77,common_colored,0.14893198013305664,0.1491219699382782,0.4223274290561676
33,typed_supervision,77,common_exchange,0.14893198013305664,0.6011590957641602,0.28402429819107056
33,typed_supervision,77,EEG_gain,0.24713261425495148,0.040402285754680634,0.36405766010284424
33,typed_supervision,77,Hb_gain,0.14893198013305664,0.04192628711462021,0.27045729756355286
33,typed_supervision,77,noise,0.14169369637966156,0.04290734604001045,0.27077946066856384
33,typed_supervision,77,lag_1s,0.14893198013305664,0.014827321283519268,0.3020353317260742
33,typed_supervision,77,driver_amplitude,0.26647311449050903,0.045177262276411057,0.40404272079467773
33,typed_supervision,77,driver_shape,0.15312045812606812,0.052338141947984695,0.27686718106269836
33,typed_supervision,77,physiology_tau,0.14893198013305664,0.1219148263335228,0.3195526897907257
33,typed_supervision,77,unmodeled_dynamics,0.14893198013305664,0.04022602364420891,0.307189404964447
33,typed_supervision,78,control,0.04669054225087166,0.009835945442318916,0.1152181476354599
33,typed_supervision,78,common_basis,0.04669054225087166,0.2682289481163025,0.17820952832698822
33,typed_supervision,78,common_correlated,0.04669054225087166,0.14022202789783478,0.2041715532541275
33,typed_supervision,78,common_colored,0.04669054225087166,0.43420514464378357,0.2148033231496811
33,typed_supervision,78,common_exchange,0.04669054225087166,0.490273654460907,0.1661449670791626
33,typed_supervision,78,EEG_gain,0.20139259099960327,0.009835945442318916,0.1663106381893158
33,typed_supervision,78,Hb_gain,0.04669054225087166,0.030263030901551247,0.13854482769966125
33,typed_supervision,78,noise,0.06132868677377701,0.012944422662258148,0.12923529744148254
33,typed_supervision,78,lag_1s,0.04669054225087166,0.010527416132390499,0.17622584104537964
33,typed_supervision,78,driver_amplitude,0.10262782126665115,0.03701816499233246,0.20168504118919373
33,typed_supervision,78,driver_shape,0.049974825233221054,0.014531100168824196,0.13039450347423553
33,typed_supervision,78,physiology_tau,0.04669054225087166,0.3083213269710541,0.1816197633743286
33,typed_supervision,78,unmodeled_dynamics,0.04669054225087166,0.014523539692163467,0.17252574861049652
33,typed_supervision,79,control,0.09189902245998383,0.047691017389297485,0.1659131497144699
33,typed_supervision,79,common_basis,0.09189902245998383,0.35880300402641296,0.16749078035354614
33,typed_supervision,79,common_correlated,0.09189902245998383,0.44825971126556396,0.2963365912437439
33,typed_supervision,79,common_colored,0.09189902245998383,0.15856438875198364,0.25707539916038513
33,typed_supervision,79,common_exchange,0.09189902245998383,0.6428149342536926,0.16970227658748627
33,typed_supervision,79,EEG_gain,0.20323757827281952,0.047691017389297485,0.23824140429496765
33,typed_supervision,79,Hb_gain,0.09189902245998383,0.06222018226981163,0.19257646799087524
33,typed_supervision,79,noise,0.09762294590473175,0.04829106479883194,0.17707033455371857
33,typed_supervision,79,lag_1s,0.09189902245998383,0.02392653189599514,0.3001643419265747
33,typed_supervision,79,driver_amplitude,0.19066037237644196,0.055895786732435226,0.25098317861557007
33,typed_supervision,79,driver_shape,0.0935480147600174,0.0406939722597599,0.1763123720884323
33,typed_supervision,79,physiology_tau,0.09189902245998383,0.4425050616264343,0.25246691703796387
33,typed_supervision,79,unmodeled_dynamics,0.09189902245998383,0.04008917137980461,0.22981874644756317
33,typed_supervision,80,control,0.07216686010360718,0.026516849175095558,0.09087720513343811
33,typed_supervision,80,common_basis,0.07216686010360718,0.06635522097349167,0.10661090165376663
33,typed_supervision,80,common_correlated,0.07216686010360718,0.26558777689933777,0.1423022449016571
33,typed_supervision,80,common_colored,0.07216686010360718,0.3401702344417572,0.26849234104156494
33,typed_supervision,80,common_exchange,0.07216686010360718,0.31484705209732056,0.11696770042181015
33,typed_supervision,80,EEG_gain,0.15335921943187714,0.026516849175095558,0.12829060852527618
33,typed_supervision,80,Hb_gain,0.07216686010360718,0.03201640024781227,0.1212054193019867
33,typed_supervision,80,noise,0.07154523581266403,0.0321660041809082,0.10930074006319046
33,typed_supervision,80,lag_1s,0.07216686010360718,0.02052704617381096,0.13675832748413086
33,typed_supervision,80,driver_amplitude,0.1621669977903366,0.04969348385930061,0.1639280915260315
33,typed_supervision,80,driver_shape,0.07678274810314178,0.03757400065660477,0.1031516045331955
33,typed_supervision,80,physiology_tau,0.07216686010360718,0.22469313442707062,0.11651796102523804
33,typed_supervision,80,unmodeled_dynamics,0.07216686010360718,0.027308247983455658,0.10543463379144669
33,typed_supervision,81,control,0.08537972718477249,0.03810446709394455,0.23109987378120422
33,typed_supervision,81,common_basis,0.08537972718477249,0.28290241956710815,0.23298229277133942
33,typed_supervision,81,common_correlated,0.08537972718477249,0.08936230838298798,0.3114301562309265
33,typed_supervision,81,common_colored,0.08537972718477249,0.39715835452079773,0.33684009313583374
33,typed_supervision,81,common_exchange,0.08537972718477249,0.4475075900554657,0.22937940061092377
33,typed_supervision,81,EEG_gain,0.22179800271987915,0.03810446709394455,0.28564587235450745
33,typed_supervision,81,Hb_gain,0.08537972718477249,0.04675433784723282,0.26148003339767456
33,typed_supervision,81,noise,0.08454141765832901,0.04374842718243599,0.23394238948822021
33,typed_supervision,81,lag_1s,0.08537972718477249,0.048410944640636444,0.2645283341407776
33,typed_supervision,81,driver_amplitude,0.1428680419921875,0.05692339316010475,0.3446277976036072
33,typed_supervision,81,driver_shape,0.0715460553765297,0.02195216715335846,0.22316302359104156
33,typed_supervision,81,physiology_tau,0.08537972718477249,0.13426311314105988,0.23172076046466827
33,typed_supervision,81,unmodeled_dynamics,0.08537972718477249,0.005135901737958193,0.2303667515516281
33,typed_supervision,82,control,0.06729414314031601,0.09016861766576767,0.12558159232139587
33,typed_supervision,82,common_basis,0.06729414314031601,0.3338041305541992,0.12613554298877716
33,typed_supervision,82,common_correlated,0.06729414314031601,0.35648098587989807,0.18023233115673065
33,typed_supervision,82,common_colored,0.06729414314031601,0.26360785961151123,0.20086157321929932
33,typed_supervision,82,common_exchange,0.06729414314031601,1.3855198621749878,0.17297230660915375
33,typed_supervision,82,EEG_gain,0.26378798484802246,0.09016861766576767,0.188981831073761
33,typed_supervision,82,Hb_gain,0.06729414314031601,0.11575451493263245,0.12967701256275177
33,typed_supervision,82,noise,0.07037071138620377,0.08635518699884415,0.13465817272663116
33,typed_supervision,82,lag_1s,0.06729414314031601,0.012734603136777878,0.2430463284254074
33,typed_supervision,82,driver_amplitude,0.10096076130867004,0.05968059226870537,0.16517145931720734
33,typed_supervision,82,driver_shape,0.0636349692940712,0.08628951013088226,0.12845152616500854
33,typed_supervision,82,physiology_tau,0.06729414314031601,0.7881957292556763,0.17794525623321533
33,typed_supervision,82,unmodeled_dynamics,0.06729414314031601,0.1336664855480194,0.1567065566778183
33,typed_supervision,83,control,0.08646468818187714,0.02814144641160965,0.19812583923339844
33,typed_supervision,83,common_basis,0.08646468818187714,0.18610118329524994,0.19495178759098053
33,typed_supervision,83,common_correlated,0.08646468818187714,0.11033216863870621,0.20338425040245056
33,typed_supervision,83,common_colored,0.08646468818187714,0.32033947110176086,0.31163614988327026
33,typed_supervision,83,common_exchange,0.08646468818187714,0.4276568591594696,0.21273186802864075
33,typed_supervision,83,EEG_gain,0.21523301303386688,0.02814144641160965,0.278410941362381
33,typed_supervision,83,Hb_gain,0.08646468818187714,0.028545062988996506,0.2220916599035263
33,typed_supervision,83,noise,0.10154658555984497,0.03121793083846569,0.21264347434043884
33,typed_supervision,83,lag_1s,0.08646468818187714,0.011086947284638882,0.21775367856025696
33,typed_supervision,83,driver_amplitude,0.20335455238819122,0.02475241757929325,0.2925926446914673
33,typed_supervision,83,driver_shape,0.08247695118188858,0.025981994345784187,0.2145567238330841
33,typed_supervision,83,physiology_tau,0.08646468818187714,0.5171113610267639,0.29643332958221436
33,typed_supervision,83,unmodeled_dynamics,0.08646468818187714,0.030439360067248344,0.22394166886806488
33,typed_supervision,84,control,0.05973123013973236,0.024241195991635323,0.11772481352090836
33,typed_supervision,84,common_basis,0.05973123013973236,0.12317400425672531,0.1339753270149231
33,typed_supervision,84,common_correlated,0.05973123013973236,0.22783248126506805,0.16731902956962585
33,typed_supervision,84,common_colored,0.05973123013973236,0.38364526629447937,0.2580612003803253
33,typed_supervision,84,common_exchange,0.05973123013973236,1.1239545345306396,0.23380689322948456
33,typed_supervision,84,EEG_gain,0.25558027625083923,0.024241195991635323,0.15915703773498535
33,typed_supervision,84,Hb_gain,0.05973123013973236,0.027903500944375992,0.19341322779655457
33,typed_supervision,84,noise,0.07811782509088516,0.022802487015724182,0.13513532280921936
33,typed_supervision,84,lag_1s,0.05973123013973236,0.036876048892736435,0.1796571910381317
33,typed_supervision,84,driver_amplitude,0.14951583743095398,0.03344426676630974,0.20367945730686188
33,typed_supervision,84,driver_shape,0.07103434950113297,0.0193324014544487,0.0957508534193039
33,typed_supervision,84,physiology_tau,0.05973123013973236,0.25932934880256653,0.17520645260810852
33,typed_supervision,84,unmodeled_dynamics,0.05973123013973236,0.025006119161844254,0.13794082403182983
33,typed_supervision,85,control,0.12186507880687714,0.0342731773853302,0.27338021993637085
33,typed_supervision,85,common_basis,0.12186507880687714,0.15445886552333832,0.2813055217266083
33,typed_supervision,85,common_correlated,0.12186507880687714,0.09455626457929611,0.34197670221328735
33,typed_supervision,85,common_colored,0.12186507880687714,0.14754100143909454,0.3212767243385315
33,typed_supervision,85,common_exchange,0.12186507880687714,0.4028957188129425,0.2789227366447449
33,typed_supervision,85,EEG_gain,0.2591884732246399,0.0342731773853302,0.36130955815315247
33,typed_supervision,85,Hb_gain,0.12186507880687714,0.03715820983052254,0.28203025460243225
33,typed_supervision,85,noise,0.140081524848938,0.03320431336760521,0.27927133440971375
33,typed_supervision,85,lag_1s,0.12186507880687714,0.05458689108490944,0.3031977713108063
33,typed_supervision,85,driver_amplitude,0.17193689942359924,0.03943953663110733,0.42103812098503113
33,typed_supervision,85,driver_shape,0.12435218691825867,0.04569261521100998,0.2705426812171936
33,typed_supervision,85,physiology_tau,0.12186507880687714,0.208154559135437,0.2825433015823364
33,typed_supervision,85,unmodeled_dynamics,0.12186507880687714,0.008711238391697407,0.28633376955986023
33,typed_supervision,86,control,0.041154928505420685,0.018499651923775673,0.18575771152973175
33,typed_supervision,86,common_basis,0.041154928505420685,0.12997718155384064,0.19794274866580963
33,typed_supervision,86,common_correlated,0.041154928505420685,0.12495996803045273,0.22544452548027039
33,typed_supervision,86,common_colored,0.041154928505420685,0.187686488032341,0.26590242981910706
33,typed_supervision,86,common_exchange,0.041154928505420685,0.6123179793357849,0.20967143774032593
33,typed_supervision,86,EEG_gain,0.27084246277809143,0.018499651923775673,0.26698556542396545
33,typed_supervision,86,Hb_gain,0.041154928505420685,0.023024318739771843,0.1914636194705963
33,typed_supervision,86,noise,0.05604506656527519,0.02170609124004841,0.18886029720306396
33,typed_supervision,86,lag_1s,0.041154928505420685,0.024040967226028442,0.2264169305562973
33,typed_supervision,86,driver_amplitude,0.09373516589403152,0.030748508870601654,0.29997768998146057
33,typed_supervision,86,driver_shape,0.05704095959663391,0.02835947275161743,0.17419780790805817
33,typed_supervision,86,physiology_tau,0.041154928505420685,0.32918235659599304,0.20897892117500305
33,typed_supervision,86,unmodeled_dynamics,0.041154928505420685,0.01944066397845745,0.21694442629814148
33,typed_supervision,87,control,0.07103411108255386,0.07053179293870926,0.22642017900943756
33,typed_supervision,87,common_basis,0.07103411108255386,0.2017664760351181,0.2241029143333435
33,typed_supervision,87,common_correlated,0.07103411108255386,0.2882249653339386,0.31274962425231934
33,typed_supervision,87,common_colored,0.07103411108255386,0.11703301221132278,0.36316215991973877
33,typed_supervision,87,common_exchange,0.07103411108255386,1.0083775520324707,0.24458560347557068
33,typed_supervision,87,EEG_gain,0.19767366349697113,0.07053179293870926,0.27999353408813477
33,typed_supervision,87,Hb_gain,0.07103411108255386,0.09123492985963821,0.25538143515586853
33,typed_supervision,87,noise,0.07282108068466187,0.05969301611185074,0.23738473653793335
33,typed_supervision,87,lag_1s,0.07103411108255386,0.05103323981165886,0.2444913685321808
33,typed_supervision,87,driver_amplitude,0.11761482059955597,0.0758601576089859,0.3211987018585205
33,typed_supervision,87,driver_shape,0.07657449692487717,0.07422362267971039,0.23304107785224915
33,typed_supervision,87,physiology_tau,0.07103411108255386,0.24576601386070251,0.23444102704524994
33,typed_supervision,87,unmodeled_dynamics,0.07103411108255386,0.056942492723464966,0.23537327349185944
33,typed_supervision,88,control,0.048585325479507446,0.04872436076402664,0.08594102412462234
33,typed_supervision,88,common_basis,0.048585325479507446,0.2079240083694458,0.08816055953502655
33,typed_supervision,88,common_correlated,0.048585325479507446,0.11631067097187042,0.130120187997818
33,typed_supervision,88,common_colored,0.048585325479507446,0.37372249364852905,0.215301975607872
33,typed_supervision,88,common_exchange,0.048585325479507446,0.5168712139129639,0.0995640829205513
33,typed_supervision,88,EEG_gain,0.2887326776981354,0.04872436076402664,0.12534992396831512
33,typed_supervision,88,Hb_gain,0.048585325479507446,0.05836644023656845,0.09435734897851944
33,typed_supervision,88,noise,0.0607367604970932,0.04686187952756882,0.10549061745405197
33,typed_supervision,88,lag_1s,0.048585325479507446,0.04310044273734093,0.15033602714538574
33,typed_supervision,88,driver_amplitude,0.14211894571781158,0.07348229736089706,0.12360528111457825
33,typed_supervision,88,driver_shape,0.05173114687204361,0.05667491257190704,0.08248934894800186
33,typed_supervision,88,physiology_tau,0.048585325479507446,0.21356260776519775,0.1442991942167282
33,typed_supervision,88,unmodeled_dynamics,0.048585325479507446,0.0376441515982151,0.11898870766162872
33,typed_supervision,89,control,0.0560087114572525,0.03687446564435959,0.18275342881679535
33,typed_supervision,89,common_basis,0.0560087114572525,0.041082706302404404,0.20093731582164764
33,typed_supervision,89,common_correlated,0.0560087114572525,0.11865910142660141,0.2221960425376892
33,typed_supervision,89,common_colored,0.0560087114572525,0.44824159145355225,0.21112710237503052
33,typed_supervision,89,common_exchange,0.0560087114572525,0.4124525487422943,0.18703491985797882
33,typed_supervision,89,EEG_gain,0.2698274850845337,0.03687446564435959,0.2514442503452301
33,typed_supervision,89,Hb_gain,0.0560087114572525,0.0436197966337204,0.2017497569322586
33,typed_supervision,89,noise,0.05762817710638046,0.029511433094739914,0.19248546659946442
33,typed_supervision,89,lag_1s,0.0560087114572525,0.0337044857442379,0.23943616449832916
33,typed_supervision,89,driver_amplitude,0.15318763256072998,0.05883941426873207,0.28780803084373474
33,typed_supervision,89,driver_shape,0.06837768852710724,0.0177916307002306,0.19502127170562744
33,typed_supervision,89,physiology_tau,0.0560087114572525,0.5803711414337158,0.23197433352470398
33,typed_supervision,89,unmodeled_dynamics,0.0560087114572525,0.03194784000515938,0.19768594205379486
33,typed_supervision,90,control,0.05801597237586975,0.022772815078496933,0.0988701730966568
33,typed_supervision,90,common_basis,0.05801597237586975,0.1080884039402008,0.10942799597978592
33,typed_supervision,90,common_correlated,0.05801597237586975,0.2423848956823349,0.1573597490787506
33,typed_supervision,90,common_colored,0.05801597237586975,0.38569319248199463,0.2941000759601593
33,typed_supervision,90,common_exchange,0.05801597237586975,0.4036587178707123,0.10528682917356491
33,typed_supervision,90,EEG_gain,0.21966756880283356,0.022772815078496933,0.12821461260318756
33,typed_supervision,90,Hb_gain,0.05801597237586975,0.03760689124464989,0.12636379897594452
33,typed_supervision,90,noise,0.06339948624372482,0.024874132126569748,0.11447559297084808
33,typed_supervision,90,lag_1s,0.05801597237586975,0.015586328692734241,0.14638680219650269
33,typed_supervision,90,driver_amplitude,0.14974412322044373,0.04743138700723648,0.15554894506931305
33,typed_supervision,90,driver_shape,0.045462582260370255,0.025808654725551605,0.11453749239444733
33,typed_supervision,90,physiology_tau,0.05801597237586975,0.07977259904146194,0.1512773185968399
33,typed_supervision,90,unmodeled_dynamics,0.05801597237586975,0.03089919127523899,0.1167047843337059
33,typed_supervision,91,control,0.13175004720687866,0.022892875596880913,0.18315938115119934
33,typed_supervision,91,common_basis,0.13175004720687866,0.13716205954551697,0.19144432246685028
33,typed_supervision,91,common_correlated,0.13175004720687866,0.32506683468818665,0.3669099807739258
33,typed_supervision,91,common_colored,0.13175004720687866,0.3524051308631897,0.4859997034072876
33,typed_supervision,91,common_exchange,0.13175004720687866,0.7630952000617981,0.19314366579055786
33,typed_supervision,91,EEG_gain,0.1314207762479782,0.022892875596880913,0.24121375381946564
33,typed_supervision,91,Hb_gain,0.13175004720687866,0.025473473593592644,0.20945025980472565
33,typed_supervision,91,noise,0.15234939754009247,0.026564080268144608,0.18454237282276154
33,typed_supervision,91,lag_1s,0.13175004720687866,0.05265751853585243,0.262185275554657
33,typed_supervision,91,driver_amplitude,0.2558406889438629,0.024019652977585793,0.286779522895813
33,typed_supervision,91,driver_shape,0.1320076286792755,0.007012999150902033,0.19380605220794678
33,typed_supervision,91,physiology_tau,0.13175004720687866,0.35110872983932495,0.23072411119937897
33,typed_supervision,91,unmodeled_dynamics,0.13175004720687866,0.013933197595179081,0.2329435497522354
33,typed_supervision,92,control,0.07826468348503113,0.03234858810901642,0.1044648066163063
33,typed_supervision,92,common_basis,0.07826468348503113,0.15649732947349548,0.10377201437950134
33,typed_supervision,92,common_correlated,0.07826468348503113,0.13953976333141327,0.1307988166809082
33,typed_supervision,92,common_colored,0.07826468348503113,0.2866988778114319,0.14681603014469147
33,typed_supervision,92,common_exchange,0.07826468348503113,0.5479886531829834,0.1380646973848343
33,typed_supervision,92,EEG_gain,0.18600332736968994,0.03234858810901642,0.15032830834388733
33,typed_supervision,92,Hb_gain,0.07826468348503113,0.04263928905129433,0.11724694073200226
33,typed_supervision,92,noise,0.09085837751626968,0.03026256337761879,0.11503418534994125
33,typed_supervision,92,lag_1s,0.07826468348503113,0.027630817145109177,0.23350298404693604
33,typed_supervision,92,driver_amplitude,0.17105025053024292,0.0640401765704155,0.173547625541687
33,typed_supervision,92,driver_shape,0.08114739507436752,0.0442323312163353,0.1242373064160347
33,typed_supervision,92,physiology_tau,0.07826468348503113,0.42286217212677,0.15292108058929443
33,typed_supervision,92,unmodeled_dynamics,0.07826468348503113,0.040306173264980316,0.14918991923332214
33,typed_supervision,93,control,0.08911076188087463,0.038617536425590515,0.20313486456871033
33,typed_supervision,93,common_basis,0.08911076188087463,0.17289115488529205,0.20776771008968353
33,typed_supervision,93,common_correlated,0.08911076188087463,0.2225016951560974,0.24006693065166473
33,typed_supervision,93,common_colored,0.08911076188087463,0.47291749715805054,0.2985164225101471
33,typed_supervision,93,common_exchange,0.08911076188087463,0.46664518117904663,0.20864035189151764
33,typed_supervision,93,EEG_gain,0.3211168348789215,0.038617536425590515,0.26432064175605774
33,typed_supervision,93,Hb_gain,0.08911076188087463,0.04506275802850723,0.24270392954349518
33,typed_supervision,93,noise,0.09446272253990173,0.039840761572122574,0.21923324465751648
33,typed_supervision,93,lag_1s,0.08911076188087463,0.03639855235815048,0.2717468738555908
33,typed_supervision,93,driver_amplitude,0.18153098225593567,0.05110715329647064,0.3094256520271301
33,typed_supervision,93,driver_shape,0.0987917110323906,0.043360937386751175,0.20499764382839203
33,typed_supervision,93,physiology_tau,0.08911076188087463,0.3420318067073822,0.22963298857212067
33,typed_supervision,93,unmodeled_dynamics,0.08911076188087463,0.03877659887075424,0.19751736521720886
33,typed_supervision,94,control,0.06328413635492325,0.01606719009578228,0.1395636796951294
33,typed_supervision,94,common_basis,0.06328413635492325,0.45285502076148987,0.1524820178747177
33,typed_supervision,94,common_correlated,0.06328413635492325,0.1207597479224205,0.17334125936031342
33,typed_supervision,94,common_colored,0.06328413635492325,0.2576353847980499,0.2047959864139557
33,typed_supervision,94,common_exchange,0.06328413635492325,0.6046399474143982,0.14770011603832245
33,typed_supervision,94,EEG_gain,0.2683198153972626,0.01606719009578228,0.16379453241825104
33,typed_supervision,94,Hb_gain,0.06328413635492325,0.03176923096179962,0.17404618859291077
33,typed_supervision,94,noise,0.06670280545949936,0.018034476786851883,0.15439057350158691
33,typed_supervision,94,lag_1s,0.06328413635492325,0.015512646175920963,0.18319615721702576
33,typed_supervision,94,driver_amplitude,0.14798566699028015,0.04861930385231972,0.20874972641468048
33,typed_supervision,94,driver_shape,0.08395223319530487,0.008662265725433826,0.15254148840904236
33,typed_supervision,94,physiology_tau,0.06328413635492325,0.42787832021713257,0.138599693775177
33,typed_supervision,94,unmodeled_dynamics,0.06328413635492325,0.007292794529348612,0.12377285212278366
33,typed_supervision,95,control,0.0926765725016594,0.052832745015621185,0.3064333200454712
33,typed_supervision,95,common_basis,0.0926765725016594,0.12733513116836548,0.30734017491340637
33,typed_supervision,95,common_correlated,0.0926765725016594,0.2639230489730835,0.3491247296333313
33,typed_supervision,95,common_colored,0.0926765725016594,0.35821858048439026,0.4240029454231262
33,typed_supervision,95,common_exchange,0.0926765725016594,0.6101542115211487,0.3093733489513397
33,typed_supervision,95,EEG_gain,0.22353707253932953,0.052832745015621185,0.40002715587615967
33,typed_supervision,95,Hb_gain,0.0926765725016594,0.06886722147464752,0.30769726634025574
33,typed_supervision,95,noise,0.09054264426231384,0.046303749084472656,0.3110957741737366
33,typed_supervision,95,lag_1s,0.0926765725016594,0.06121722236275673,0.3194264769554138
33,typed_supervision,95,driver_amplitude,0.14290867745876312,0.05167189612984657,0.45743656158447266
33,typed_supervision,95,driver_shape,0.09090130776166916,0.05571299046278,0.3162349760532379
33,typed_supervision,95,physiology_tau,0.0926765725016594,0.31729841232299805,0.3185630738735199
33,typed_supervision,95,unmodeled_dynamics,0.0926765725016594,0.047606028616428375,0.3095030188560486
33,typed_supervision,96,control,0.0451391376554966,0.010970829986035824,0.0992259830236435
33,typed_supervision,96,common_basis,0.0451391376554966,0.3185080885887146,0.12796850502490997
33,typed_supervision,96,common_correlated,0.0451391376554966,0.17956353724002838,0.1443614661693573
33,typed_supervision,96,common_colored,0.0451391376554966,0.19388951361179352,0.3162404000759125
33,typed_supervision,96,common_exchange,0.0451391376554966,0.43837806582450867,0.14084626734256744
33,typed_supervision,96,EEG_gain,0.2057507038116455,0.010970829986035824,0.17330418527126312
33,typed_supervision,96,Hb_gain,0.0451391376554966,0.02430412732064724,0.11405827850103378
33,typed_supervision,96,noise,0.059904247522354126,0.013450603000819683,0.10826148092746735
33,typed_supervision,96,lag_1s,0.0451391376554966,0.02364949695765972,0.14398448169231415
33,typed_supervision,96,driver_amplitude,0.1133609265089035,0.0290727149695158,0.15393909811973572
33,typed_supervision,96,driver_shape,0.05538938567042351,0.02501574158668518,0.09580225497484207
33,typed_supervision,96,physiology_tau,0.0451391376554966,0.4518475830554962,0.20149081945419312
33,typed_supervision,96,unmodeled_dynamics,0.0451391376554966,0.022967102006077766,0.17158439755439758
33,typed_supervision,97,control,0.1018291488289833,0.02120434306561947,0.2236916720867157
33,typed_supervision,97,common_basis,0.1018291488289833,0.10993112623691559,0.23571790754795074
33,typed_supervision,97,common_correlated,0.1018291488289833,0.14332236349582672,0.30360180139541626
33,typed_supervision,97,common_colored,0.1018291488289833,0.1790556013584137,0.4363493025302887
33,typed_supervision,97,common_exchange,0.1018291488289833,0.6964062452316284,0.24078895151615143
33,typed_supervision,97,EEG_gain,0.21292108297348022,0.02120434306561947,0.29883086681365967
33,typed_supervision,97,Hb_gain,0.1018291488289833,0.02664206549525261,0.2255852073431015
33,typed_supervision,97,noise,0.10370052605867386,0.028439903631806374,0.2352263331413269
33,typed_supervision,97,lag_1s,0.1018291488289833,0.027424698695540428,0.25569844245910645
33,typed_supervision,97,driver_amplitude,0.14283667504787445,0.029699604958295822,0.3373393416404724
33,typed_supervision,97,driver_shape,0.07806805521249771,0.014890315942466259,0.22431963682174683
33,typed_supervision,97,physiology_tau,0.1018291488289833,0.18324416875839233,0.24104687571525574
33,typed_supervision,97,unmodeled_dynamics,0.1018291488289833,0.01613347791135311,0.2338346242904663
33,typed_supervision,98,control,0.06396222859621048,0.02112545631825924,0.1295168399810791
33,typed_supervision,98,common_basis,0.06396222859621048,0.16399887204170227,0.1379026472568512
33,typed_supervision,98,common_correlated,0.06396222859621048,0.119644396007061,0.16479237377643585
33,typed_supervision,98,common_colored,0.06396222859621048,1.158446192741394,0.2447383552789688
33,typed_supervision,98,common_exchange,0.06396222859621048,0.5782938003540039,0.1410810500383377
33,typed_supervision,98,EEG_gain,0.28320562839508057,0.02112545631825924,0.18069078028202057
33,typed_supervision,98,Hb_gain,0.06396222859621048,0.030991164967417717,0.1279458999633789
33,typed_supervision,98,noise,0.09160755574703217,0.021052464842796326,0.144814595580101
33,typed_supervision,98,lag_1s,0.06396222859621048,0.0918228030204773,0.14506880939006805
33,typed_supervision,98,driver_amplitude,0.12507963180541992,0.035761021077632904,0.1851412057876587
33,typed_supervision,98,driver_shape,0.05152599513530731,0.05358273163437843,0.13309212028980255
33,typed_supervision,98,physiology_tau,0.06396222859621048,0.3533596098423004,0.19542600214481354
33,typed_supervision,98,unmodeled_dynamics,0.06396222859621048,0.031801559031009674,0.13712117075920105
33,typed_supervision,99,control,0.05867600068449974,0.03922329097986221,0.1682290881872177
33,typed_supervision,99,common_basis,0.05867600068449974,0.2099095731973648,0.15581773221492767
33,typed_supervision,99,common_correlated,0.05867600068449974,0.20181049406528473,0.18048083782196045
33,typed_supervision,99,common_colored,0.05867600068449974,0.7134529948234558,0.2644975781440735
33,typed_supervision,99,common_exchange,0.05867600068449974,0.43560341000556946,0.1666836142539978
33,typed_supervision,99,EEG_gain,0.21257847547531128,0.03922329097986221,0.20420166850090027
33,typed_supervision,99,Hb_gain,0.05867600068449974,0.04965656250715256,0.18452733755111694
33,typed_supervision,99,noise,0.07321938127279282,0.04135836288332939,0.17633430659770966
33,typed_supervision,99,lag_1s,0.05867600068449974,0.03478998318314552,0.20969733595848083
33,typed_supervision,99,driver_amplitude,0.11457575112581253,0.053284622728824615,0.22475647926330566
33,typed_supervision,99,driver_shape,0.04997584968805313,0.03530110791325569,0.17048899829387665
33,typed_supervision,99,physiology_tau,0.05867600068449974,0.48746156692504883,0.1781528741121292
33,typed_supervision,99,unmodeled_dynamics,0.05867600068449974,0.027843739837408066,0.1973080188035965
33,typed_supervision,100,control,0.0882810577750206,0.0620044469833374,0.10768526047468185
33,typed_supervision,100,common_basis,0.0882810577750206,0.28190240263938904,0.11558859795331955
33,typed_supervision,100,common_correlated,0.0882810577750206,0.18931305408477783,0.1614590436220169
33,typed_supervision,100,common_colored,0.0882810577750206,0.2459896355867386,0.2829362750053406
33,typed_supervision,100,common_exchange,0.0882810577750206,0.450611412525177,0.1459699124097824
33,typed_supervision,100,EEG_gain,0.18905986845493317,0.0620044469833374,0.15470200777053833
33,typed_supervision,100,Hb_gain,0.0882810577750206,0.06943665444850922,0.1336710900068283
33,typed_supervision,100,noise,0.11249561607837677,0.06841984391212463,0.12293614447116852
33,typed_supervision,100,lag_1s,0.0882810577750206,0.04705150052905083,0.1624356061220169
33,typed_supervision,100,driver_amplitude,0.18201832473278046,0.08781097084283829,0.16617648303508759
33,typed_supervision,100,driver_shape,0.07741717994213104,0.05900447070598602,0.10880684852600098
33,typed_supervision,100,physiology_tau,0.0882810577750206,0.3949959874153137,0.16151690483093262
33,typed_supervision,100,unmodeled_dynamics,0.0882810577750206,0.07292315363883972,0.13208144903182983
33,typed_supervision,101,control,0.11590803414583206,0.0326804518699646,0.20721830427646637
33,typed_supervision,101,common_basis,0.11590803414583206,0.5064241886138916,0.21472252905368805
33,typed_supervision,101,common_correlated,0.11590803414583206,0.06554806977510452,0.2220688760280609
33,typed_supervision,101,common_colored,0.11590803414583206,0.24048137664794922,0.2684168517589569
33,typed_supervision,101,common_exchange,0.11590803414583206,0.19239859282970428,0.22394979000091553
33,typed_supervision,101,EEG_gain,0.13840526342391968,0.0326804518699646,0.2751599848270416
33,typed_supervision,101,Hb_gain,0.11590803414583206,0.040180761367082596,0.21424272656440735
33,typed_supervision,101,noise,0.12987367808818817,0.033751294016838074,0.21947599947452545
33,typed_supervision,101,lag_1s,0.11590803414583206,0.05035444349050522,0.22124746441841125
33,typed_supervision,101,driver_amplitude,0.2083282470703125,0.04714597761631012,0.31639501452445984
33,typed_supervision,101,driver_shape,0.11329680681228638,0.0359167605638504,0.20168030261993408
33,typed_supervision,101,physiology_tau,0.11590803414583206,0.3129041790962219,0.21597255766391754
33,typed_supervision,101,unmodeled_dynamics,0.11590803414583206,0.028041699901223183,0.20786318182945251
33,typed_supervision,102,control,0.06070341542363167,0.02997528202831745,0.11455146223306656
33,typed_supervision,102,common_basis,0.06070341542363167,0.05840810015797615,0.13082630932331085
33,typed_supervision,102,common_correlated,0.06070341542363167,0.11533039063215256,0.19758324325084686
33,typed_supervision,102,common_colored,0.06070341542363167,0.8174803256988525,0.36781206727027893
33,typed_supervision,102,common_exchange,0.06070341542363167,0.16624529659748077,0.12901733815670013
33,typed_supervision,102,EEG_gain,0.19588111340999603,0.02997528202831745,0.1300632804632187
33,typed_supervision,102,Hb_gain,0.06070341542363167,0.035624682903289795,0.18720699846744537
33,typed_supervision,102,noise,0.0690341591835022,0.02434197999536991,0.12977416813373566
33,typed_supervision,102,lag_1s,0.06070341542363167,0.008198185823857784,0.22347785532474518
33,typed_supervision,102,driver_amplitude,0.15796411037445068,0.040116146206855774,0.19036193192005157
33,typed_supervision,102,driver_shape,0.03102518618106842,0.0378606915473938,0.09504878520965576
33,typed_supervision,102,physiology_tau,0.06070341542363167,0.25153934955596924,0.13555240631103516
33,typed_supervision,102,unmodeled_dynamics,0.06070341542363167,0.029397744685411453,0.11553787440061569
33,typed_supervision,103,control,0.12276960164308548,0.05538412928581238,0.21734581887722015
33,typed_supervision,103,common_basis,0.12276960164308548,0.04995756596326828,0.22185030579566956
33,typed_supervision,103,common_correlated,0.12276960164308548,0.10872373729944229,0.26704925298690796
33,typed_supervision,103,common_colored,0.12276960164308548,0.23087213933467865,0.23673027753829956
33,typed_supervision,103,common_exchange,0.12276960164308548,0.8244021534919739,0.22030094265937805
33,typed_supervision,103,EEG_gain,0.1891098916530609,0.05538412928581238,0.2842712104320526
33,typed_supervision,103,Hb_gain,0.12276960164308548,0.07403961569070816,0.23834462463855743
33,typed_supervision,103,noise,0.136177659034729,0.05180346593260765,0.22498568892478943
33,typed_supervision,103,lag_1s,0.12276960164308548,0.024391695857048035,0.23251527547836304
33,typed_supervision,103,driver_amplitude,0.24289116263389587,0.041998837143182755,0.31376752257347107
33,typed_supervision,103,driver_shape,0.10792535543441772,0.025426937267184258,0.21811702847480774
33,typed_supervision,103,physiology_tau,0.12276960164308548,0.669170618057251,0.2771335244178772
33,typed_supervision,103,unmodeled_dynamics,0.12276960164308548,0.0501442477107048,0.2514789402484894
33,typed_supervision,104,control,0.07585258036851883,0.046079814434051514,0.1306847631931305
33,typed_supervision,104,common_basis,0.07585258036851883,0.2824123501777649,0.14339607954025269
33,typed_supervision,104,common_correlated,0.07585258036851883,0.3152734041213989,0.29781168699264526
33,typed_supervision,104,common_colored,0.07585258036851883,0.6084972023963928,0.30855390429496765
33,typed_supervision,104,common_exchange,0.07585258036851883,0.21183611452579498,0.12999394536018372
33,typed_supervision,104,EEG_gain,0.18719404935836792,0.046079814434051514,0.18894720077514648
33,typed_supervision,104,Hb_gain,0.07585258036851883,0.0648973286151886,0.17632204294204712
33,typed_supervision,104,noise,0.08037314563989639,0.046286072582006454,0.13662098348140717
33,typed_supervision,104,lag_1s,0.07585258036851883,0.03136792033910751,0.2721204459667206
33,typed_supervision,104,driver_amplitude,0.15851905941963196,0.08534500002861023,0.22059953212738037
33,typed_supervision,104,driver_shape,0.04761205613613129,0.04902886971831322,0.14627324044704437
33,typed_supervision,104,physiology_tau,0.07585258036851883,0.1275719404220581,0.22480203211307526
33,typed_supervision,104,unmodeled_dynamics,0.07585258036851883,0.04254089668393135,0.18254883587360382
33,typed_supervision,105,control,0.04952756687998772,0.023320766165852547,0.13722433149814606
33,typed_supervision,105,common_basis,0.04952756687998772,0.15475770831108093,0.15315215289592743
33,typed_supervision,105,common_correlated,0.04952756687998772,0.16005201637744904,0.23731517791748047
33,typed_supervision,105,common_colored,0.04952756687998772,0.8300192952156067,0.28949809074401855
33,typed_supervision,105,common_exchange,0.04952756687998772,0.7607951164245605,0.1794421523809433
33,typed_supervision,105,EEG_gain,0.2507575452327728,0.023320766165852547,0.16984231770038605
33,typed_supervision,105,Hb_gain,0.04952756687998772,0.030431775376200676,0.21031223237514496
33,typed_supervision,105,noise,0.0702197402715683,0.02286577597260475,0.1575116664171219
33,typed_supervision,105,lag_1s,0.04952756687998772,0.015108196996152401,0.2510749101638794
33,typed_supervision,105,driver_amplitude,0.12578459084033966,0.03168889507651329,0.22153860330581665
33,typed_supervision,105,driver_shape,0.059825025498867035,0.01858372427523136,0.14097025990486145
33,typed_supervision,105,physiology_tau,0.04952756687998772,0.18825142085552216,0.2116449922323227
33,typed_supervision,105,unmodeled_dynamics,0.04952756687998772,0.02681494504213333,0.18036288022994995
33,typed_supervision,106,control,0.050906166434288025,0.02030033990740776,0.1383657604455948
33,typed_supervision,106,common_basis,0.050906166434288025,0.45644479990005493,0.12337999790906906
33,typed_supervision,106,common_correlated,0.050906166434288025,0.21122606098651886,0.14444509148597717
33,typed_supervision,106,common_colored,0.050906166434288025,0.5608084201812744,0.33033761382102966
33,typed_supervision,106,common_exchange,0.050906166434288025,0.5700737237930298,0.15079621970653534
33,typed_supervision,106,EEG_gain,0.2488873451948166,0.02030033990740776,0.1669175624847412
33,typed_supervision,106,Hb_gain,0.050906166434288025,0.03224598616361618,0.21388953924179077
33,typed_supervision,106,noise,0.07262963801622391,0.018823914229869843,0.14426769316196442
33,typed_supervision,106,lag_1s,0.050906166434288025,0.032309647649526596,0.17789947986602783
33,typed_supervision,106,driver_amplitude,0.15501514077186584,0.037874992936849594,0.20413856208324432
33,typed_supervision,106,driver_shape,0.045739032328128815,0.028475163504481316,0.12905728816986084
33,typed_supervision,106,physiology_tau,0.050906166434288025,0.3389319181442261,0.17334306240081787
33,typed_supervision,106,unmodeled_dynamics,0.050906166434288025,0.0225068386644125,0.14523279666900635
33,typed_supervision,107,control,0.09493917226791382,0.08668223023414612,0.24171721935272217
33,typed_supervision,107,common_basis,0.09493917226791382,0.3070327639579773,0.24758122861385345
33,typed_supervision,107,common_correlated,0.09493917226791382,0.2172725647687912,0.293243944644928
33,typed_supervision,107,common_colored,0.09493917226791382,0.522758960723877,0.32947635650634766
33,typed_supervision,107,common_exchange,0.09493917226791382,0.2995903789997101,0.24692611396312714
33,typed_supervision,107,EEG_gain,0.1426665484905243,0.08668223023414612,0.31426501274108887
33,typed_supervision,107,Hb_gain,0.09493917226791382,0.11611393839120865,0.2576276957988739
33,typed_supervision,107,noise,0.10005727410316467,0.0923365131020546,0.2503291964530945
33,typed_supervision,107,lag_1s,0.09493917226791382,0.057600755244493484,0.25503531098365784
33,typed_supervision,107,driver_amplitude,0.16033019125461578,0.08507955819368362,0.37463876605033875
33,typed_supervision,107,driver_shape,0.08259601891040802,0.06367716938257217,0.2429625689983368
33,typed_supervision,107,physiology_tau,0.09493917226791382,0.18517504632472992,0.2329137921333313
33,typed_supervision,107,unmodeled_dynamics,0.09493917226791382,0.10053082555532455,0.2401355803012848
33,typed_supervision,108,control,0.07234199345111847,0.024673830717802048,0.12015071511268616
33,typed_supervision,108,common_basis,0.07234199345111847,0.11014743149280548,0.13879422843456268
33,typed_supervision,108,common_correlated,0.07234199345111847,0.19101782143115997,0.2532713711261749
33,typed_supervision,108,common_colored,0.07234199345111847,0.29383164644241333,0.17890754342079163
33,typed_supervision,108,common_exchange,0.07234199345111847,0.39961346983909607,0.13029658794403076
33,typed_supervision,108,EEG_gain,0.20208722352981567,0.024673830717802048,0.17446312308311462
33,typed_supervision,108,Hb_gain,0.07234199345111847,0.03203458711504936,0.15703488886356354
33,typed_supervision,108,noise,0.07723229378461838,0.01991334743797779,0.13685917854309082
33,typed_supervision,108,lag_1s,0.07234199345111847,0.017774684354662895,0.23776459693908691
33,typed_supervision,108,driver_amplitude,0.1517254263162613,0.029534470289945602,0.19013121724128723
33,typed_supervision,108,driver_shape,0.0919448584318161,0.024434201419353485,0.11878973245620728
33,typed_supervision,108,physiology_tau,0.07234199345111847,0.40114662051200867,0.22483690083026886
33,typed_supervision,108,unmodeled_dynamics,0.07234199345111847,0.017611918970942497,0.1963420957326889
33,typed_supervision,109,control,0.1309059113264084,0.016567721962928772,0.264726847410202
33,typed_supervision,109,common_basis,0.1309059113264084,0.16123750805854797,0.2784624695777893
33,typed_supervision,109,common_correlated,0.1309059113264084,0.09717259556055069,0.2902319133281708
33,typed_supervision,109,common_colored,0.1309059113264084,0.5400824546813965,0.3604831099510193
33,typed_supervision,109,common_exchange,0.1309059113264084,0.36338961124420166,0.27804723381996155
33,typed_supervision,109,EEG_gain,0.321502149105072,0.016567721962928772,0.3480566143989563
33,typed_supervision,109,Hb_gain,0.1309059113264084,0.022792747244238853,0.2652663588523865
33,typed_supervision,109,noise,0.1490614414215088,0.016291877254843712,0.2704412639141083
33,typed_supervision,109,lag_1s,0.1309059113264084,0.0273884367197752,0.2875966727733612
33,typed_supervision,109,driver_amplitude,0.17641058564186096,0.03009132109582424,0.3959658443927765
33,typed_supervision,109,driver_shape,0.12224841862916946,0.021360427141189575,0.2790459990501404
33,typed_supervision,109,physiology_tau,0.1309059113264084,0.2911106050014496,0.2817307710647583
33,typed_supervision,109,unmodeled_dynamics,0.1309059113264084,0.01881713792681694,0.2624233067035675
33,typed_supervision,110,control,0.09793335944414139,0.06227730214595795,0.11467017978429794
33,typed_supervision,110,common_basis,0.09793335944414139,0.11829758435487747,0.1264873892068863
33,typed_supervision,110,common_correlated,0.09793335944414139,0.09537622332572937,0.1570146232843399
33,typed_supervision,110,common_colored,0.09793335944414139,0.07142161577939987,0.1420663595199585
33,typed_supervision,110,common_exchange,0.09793335944414139,0.7724992632865906,0.14836564660072327
33,typed_supervision,110,EEG_gain,0.3162268400192261,0.06227730214595795,0.16382716596126556
33,typed_supervision,110,Hb_gain,0.09793335944414139,0.08127209544181824,0.14301802217960358
33,typed_supervision,110,noise,0.11962918937206268,0.06722525507211685,0.12977460026741028
33,typed_supervision,110,lag_1s,0.09793335944414139,0.06469918042421341,0.18069115281105042
33,typed_supervision,110,driver_amplitude,0.22666865587234497,0.07098885625600815,0.19345702230930328
33,typed_supervision,110,driver_shape,0.09465119987726212,0.07175128161907196,0.12869766354560852
33,typed_supervision,110,physiology_tau,0.09793335944414139,0.22750718891620636,0.15618173778057098
33,typed_supervision,110,unmodeled_dynamics,0.09793335944414139,0.06187613308429718,0.15327927470207214
33,typed_supervision,111,control,0.11437208950519562,0.030024033039808273,0.24337857961654663
33,typed_supervision,111,common_basis,0.11437208950519562,0.1539568305015564,0.24626590311527252
33,typed_supervision,111,common_correlated,0.11437208950519562,0.17412295937538147,0.25096872448921204
33,typed_supervision,111,common_colored,0.11437208950519562,0.2875935733318329,0.2696796953678131
33,typed_supervision,111,common_exchange,0.11437208950519562,1.3299719095230103,0.26896828413009644
33,typed_supervision,111,EEG_gain,0.24260510504245758,0.030024033039808273,0.2987128496170044
33,typed_supervision,111,Hb_gain,0.11437208950519562,0.02911410853266716,0.26285943388938904
33,typed_supervision,111,noise,0.13221777975559235,0.02800528146326542,0.2570878863334656
33,typed_supervision,111,lag_1s,0.11437208950519562,0.05556418374180794,0.25643739104270935
33,typed_supervision,111,driver_amplitude,0.1880587786436081,0.030584542080760002,0.3405652642250061
33,typed_supervision,111,driver_shape,0.11104494333267212,0.031526871025562286,0.24183213710784912
33,typed_supervision,111,physiology_tau,0.11437208950519562,0.17308197915554047,0.2275409996509552
33,typed_supervision,111,unmodeled_dynamics,0.11437208950519562,0.033766970038414,0.246638685464859
33,typed_supervision,112,control,0.07506683468818665,0.044007718563079834,0.1094450056552887
33,typed_supervision,112,common_basis,0.07506683468818665,0.1767946481704712,0.14340072870254517
33,typed_supervision,112,common_correlated,0.07506683468818665,0.07652079313993454,0.14780405163764954
33,typed_supervision,112,common_colored,0.07506683468818665,0.460957795381546,0.2467503398656845
33,typed_supervision,112,common_exchange,0.07506683468818665,0.7323676943778992,0.13820341229438782
33,typed_supervision,112,EEG_gain,0.28109559416770935,0.044007718563079834,0.15598183870315552
33,typed_supervision,112,Hb_gain,0.07506683468818665,0.05244814231991768,0.1398799866437912
33,typed_supervision,112,noise,0.08268693089485168,0.04272050783038139,0.12017577886581421
33,typed_supervision,112,lag_1s,0.07506683468818665,0.02977008931338787,0.1843007206916809
33,typed_supervision,112,driver_amplitude,0.18231135606765747,0.07401727139949799,0.18645751476287842
33,typed_supervision,112,driver_shape,0.054794810712337494,0.0202605240046978,0.10349664092063904
33,typed_supervision,112,physiology_tau,0.07506683468818665,0.27143874764442444,0.1576637625694275
33,typed_supervision,112,unmodeled_dynamics,0.07506683468818665,0.0324622206389904,0.1259893774986267
33,typed_supervision,113,control,0.1105247363448143,0.026923414319753647,0.25182318687438965
33,typed_supervision,113,common_basis,0.1105247363448143,0.39584481716156006,0.26110008358955383
33,typed_supervision,113,common_correlated,0.1105247363448143,0.1235114187002182,0.26246875524520874
33,typed_supervision,113,common_colored,0.1105247363448143,0.20911335945129395,0.325846791267395
33,typed_supervision,113,common_exchange,0.1105247363448143,0.5576820969581604,0.2550094723701477
33,typed_supervision,113,EEG_gain,0.2994253635406494,0.026923414319753647,0.33131036162376404
33,typed_supervision,113,Hb_gain,0.1105247363448143,0.03878758102655411,0.26319432258605957
33,typed_supervision,113,noise,0.10097328573465347,0.024035926908254623,0.2590268850326538
33,typed_supervision,113,lag_1s,0.1105247363448143,0.017938723787665367,0.27577370405197144
33,typed_supervision,113,driver_amplitude,0.19855713844299316,0.04751059040427208,0.39311298727989197
33,typed_supervision,113,driver_shape,0.13005147874355316,0.03650251775979996,0.2715582847595215
33,typed_supervision,113,physiology_tau,0.1105247363448143,0.3371860682964325,0.25858649611473083
33,typed_supervision,113,unmodeled_dynamics,0.1105247363448143,0.029036078602075577,0.25816959142684937
33,typed_supervision,114,control,0.05285340175032616,0.011756286956369877,0.15187519788742065
33,typed_supervision,114,common_basis,0.05285340175032616,0.25776058435440063,0.16093385219573975
33,typed_supervision,114,common_correlated,0.05285340175032616,0.22502771019935608,0.2036980837583542
33,typed_supervision,114,common_colored,0.05285340175032616,0.4107809364795685,0.2486523687839508
33,typed_supervision,114,common_exchange,0.05285340175032616,0.2922728955745697,0.16736729443073273
33,typed_supervision,114,EEG_gain,0.2324814647436142,0.011756286956369877,0.23324182629585266
33,typed_supervision,114,Hb_gain,0.05285340175032616,0.02153201401233673,0.1282230019569397
33,typed_supervision,114,noise,0.061561234295368195,0.014529520645737648,0.1567232459783554
33,typed_supervision,114,lag_1s,0.05285340175032616,0.01007138192653656,0.2779744565486908
33,typed_supervision,114,driver_amplitude,0.0986221581697464,0.02643038146197796,0.20438739657402039
33,typed_supervision,114,driver_shape,0.038321152329444885,0.01537085697054863,0.12479257583618164
33,typed_supervision,114,physiology_tau,0.05285340175032616,0.25995832681655884,0.2637292444705963
33,typed_supervision,114,unmodeled_dynamics,0.05285340175032616,0.013412057422101498,0.21861402690410614
33,typed_supervision,115,control,0.06794410198926926,0.0987219512462616,0.1576760709285736
33,typed_supervision,115,common_basis,0.06794410198926926,0.10522931814193726,0.15755179524421692
33,typed_supervision,115,common_correlated,0.06794410198926926,0.10051292181015015,0.3164826035499573
33,typed_supervision,115,common_colored,0.06794410198926926,0.3266547918319702,0.38742366433143616
33,typed_supervision,115,common_exchange,0.06794410198926926,0.7751019597053528,0.16873423755168915
33,typed_supervision,115,EEG_gain,0.2502844035625458,0.0987219512462616,0.20335282385349274
33,typed_supervision,115,Hb_gain,0.06794410198926926,0.12413865327835083,0.20102368295192719
33,typed_supervision,115,noise,0.07076768577098846,0.10840943455696106,0.16376420855522156
33,typed_supervision,115,lag_1s,0.06794410198926926,0.06497564911842346,0.26465946435928345
33,typed_supervision,115,driver_amplitude,0.15810556709766388,0.09006045758724213,0.23644278943538666
33,typed_supervision,115,driver_shape,0.06682326644659042,0.10544397681951523,0.15818555653095245
33,typed_supervision,115,physiology_tau,0.06794410198926926,0.3487488627433777,0.22425149381160736
33,typed_supervision,115,unmodeled_dynamics,0.06794410198926926,0.13317139446735382,0.2005598396062851
33,typed_supervision,116,control,0.06802348792552948,0.021600862964987755,0.093351811170578
33,typed_supervision,116,common_basis,0.06802348792552948,0.20195132493972778,0.14207448065280914
33,typed_supervision,116,common_correlated,0.06802348792552948,0.10277844220399857,0.1427200734615326
33,typed_supervision,116,common_colored,0.06802348792552948,0.21476517617702484,0.18291249871253967
33,typed_supervision,116,common_exchange,0.06802348792552948,0.3471667170524597,0.10141696780920029
33,typed_supervision,116,EEG_gain,0.22915604710578918,0.021600862964987755,0.12993809580802917
33,typed_supervision,116,Hb_gain,0.06802348792552948,0.02670644223690033,0.13817745447158813
33,typed_supervision,116,noise,0.08483026921749115,0.02250548079609871,0.10789122432470322
33,typed_supervision,116,lag_1s,0.06802348792552948,0.063768669962883,0.16055357456207275
33,typed_supervision,116,driver_amplitude,0.20189285278320312,0.037431925535202026,0.1535021811723709
33,typed_supervision,116,driver_shape,0.055403318256139755,0.03346707299351692,0.11062505841255188
33,typed_supervision,116,physiology_tau,0.06802348792552948,0.35194942355155945,0.18775129318237305
33,typed_supervision,116,unmodeled_dynamics,0.06802348792552948,0.019694024696946144,0.119486965239048
33,typed_supervision,117,control,0.10039395838975906,0.025720449164509773,0.18217617273330688
33,typed_supervision,117,common_basis,0.10039395838975906,0.19345907866954803,0.1855873316526413
33,typed_supervision,117,common_correlated,0.10039395838975906,0.21530820429325104,0.19026412069797516
33,typed_supervision,117,common_colored,0.10039395838975906,0.13529664278030396,0.21879622340202332
33,typed_supervision,117,common_exchange,0.10039395838975906,1.4989283084869385,0.4004572927951813
33,typed_supervision,117,EEG_gain,0.25519609451293945,0.025720449164509773,0.24286432564258575
33,typed_supervision,117,Hb_gain,0.10039395838975906,0.028332192450761795,0.18971669673919678
33,typed_supervision,117,noise,0.10422205924987793,0.042993027716875076,0.18747125566005707
33,typed_supervision,117,lag_1s,0.10039395838975906,0.03952167555689812,0.20174594223499298
33,typed_supervision,117,driver_amplitude,0.23077543079853058,0.02389226295053959,0.2834388315677643
33,typed_supervision,117,driver_shape,0.11309018731117249,0.038327962160110474,0.18677830696105957
33,typed_supervision,117,physiology_tau,0.10039395838975906,0.1369243711233139,0.20571757853031158
33,typed_supervision,117,unmodeled_dynamics,0.10039395838975906,0.029130667448043823,0.1853787750005722
33,typed_supervision,118,control,0.06237068027257919,0.050662312656641006,0.124457448720932
33,typed_supervision,118,common_basis,0.06237068027257919,0.1257566660642624,0.13357986509799957
33,typed_supervision,118,common_correlated,0.06237068027257919,0.18835623562335968,0.14108461141586304
33,typed_supervision,118,common_colored,0.06237068027257919,0.3600514531135559,0.3051645755767822
33,typed_supervision,118,common_exchange,0.06237068027257919,0.26378440856933594,0.15801198780536652
33,typed_supervision,118,EEG_gain,0.23598679900169373,0.050662312656641006,0.1329018622636795
33,typed_supervision,118,Hb_gain,0.06237068027257919,0.07999726384878159,0.20769065618515015
33,typed_supervision,118,noise,0.07528362423181534,0.04783768951892853,0.13936790823936462
33,typed_supervision,118,lag_1s,0.06237068027257919,0.017547328025102615,0.13920867443084717
33,typed_supervision,118,driver_amplitude,0.16882188618183136,0.11054391413927078,0.20112662017345428
33,typed_supervision,118,driver_shape,0.06418779492378235,0.05304403603076935,0.13251295685768127
33,typed_supervision,118,physiology_tau,0.06237068027257919,0.5688557624816895,0.14223018288612366
33,typed_supervision,118,unmodeled_dynamics,0.06237068027257919,0.05551517382264137,0.12024489790201187
33,typed_supervision,119,control,0.1106707900762558,0.09760944545269012,0.21831020712852478
33,typed_supervision,119,common_basis,0.1106707900762558,0.13809257745742798,0.21890698373317719
33,typed_supervision,119,common_correlated,0.1106707900762558,0.2465301901102066,0.23943069577217102
33,typed_supervision,119,common_colored,0.1106707900762558,0.3914654552936554,0.31690549850463867
33,typed_supervision,119,common_exchange,0.1106707900762558,0.2168409824371338,0.2203383445739746
33,typed_supervision,119,EEG_gain,0.1668776422739029,0.09760944545269012,0.2931579053401947
33,typed_supervision,119,Hb_gain,0.1106707900762558,0.1385372132062912,0.24200430512428284
33,typed_supervision,119,noise,0.12371581047773361,0.10407103598117828,0.22345441579818726
33,typed_supervision,119,lag_1s,0.1106707900762558,0.066941037774086,0.26367318630218506
33,typed_supervision,119,driver_amplitude,0.20701487362384796,0.10179248452186584,0.32299575209617615
33,typed_supervision,119,driver_shape,0.07696577906608582,0.04479362815618515,0.2160554826259613
33,typed_supervision,119,physiology_tau,0.1106707900762558,0.40486329793930054,0.24723494052886963
33,typed_supervision,119,unmodeled_dynamics,0.1106707900762558,0.12523260712623596,0.20810365676879883
33,typed_supervision,120,control,0.07760023325681686,0.017318569123744965,0.11888522654771805
33,typed_supervision,120,common_basis,0.07760023325681686,0.05831460654735565,0.17169606685638428
33,typed_supervision,120,common_correlated,0.07760023325681686,0.1831769049167633,0.20263051986694336
33,typed_supervision,120,common_colored,0.07760023325681686,0.23844680190086365,0.2664770781993866
33,typed_supervision,120,common_exchange,0.07760023325681686,0.42597827315330505,0.12617632746696472
33,typed_supervision,120,EEG_gain,0.19917146861553192,0.017318569123744965,0.19448734819889069
33,typed_supervision,120,Hb_gain,0.07760023325681686,0.021457916125655174,0.16649731993675232
33,typed_supervision,120,noise,0.08788007497787476,0.02737654745578766,0.12929463386535645
33,typed_supervision,120,lag_1s,0.07760023325681686,0.020625879988074303,0.20396341383457184
33,typed_supervision,120,driver_amplitude,0.15023785829544067,0.02211906388401985,0.19670914113521576
33,typed_supervision,120,driver_shape,0.09577804058790207,0.024414438754320145,0.1341158151626587
33,typed_supervision,120,physiology_tau,0.07760023325681686,0.34910425543785095,0.25484395027160645
33,typed_supervision,120,unmodeled_dynamics,0.07760023325681686,0.009429684840142727,0.1993216872215271
33,typed_supervision,121,control,0.08735870569944382,0.023887794464826584,0.22188247740268707
33,typed_supervision,121,common_basis,0.08735870569944382,0.07507159560918808,0.22687576711177826
33,typed_supervision,121,common_correlated,0.08735870569944382,0.25048333406448364,0.3647298216819763
33,typed_supervision,121,common_colored,0.08735870569944382,0.07309373468160629,0.3711696267127991
33,typed_supervision,121,common_exchange,0.08735870569944382,0.5522617101669312,0.2273779660463333
33,typed_supervision,121,EEG_gain,0.19021190702915192,0.023887794464826584,0.2950911819934845
33,typed_supervision,121,Hb_gain,0.08735870569944382,0.04421156272292137,0.23681946098804474
33,typed_supervision,121,noise,0.0863855853676796,0.030292147770524025,0.22971707582473755
33,typed_supervision,121,lag_1s,0.08735870569944382,0.05332259461283684,0.2828275263309479
33,typed_supervision,121,driver_amplitude,0.1674243062734604,0.058255381882190704,0.3300866484642029
33,typed_supervision,121,driver_shape,0.10046753287315369,0.01562545821070671,0.23425568640232086
33,typed_supervision,121,physiology_tau,0.08735870569944382,0.19347921013832092,0.27483072876930237
33,typed_supervision,121,unmodeled_dynamics,0.08735870569944382,0.028157077729701996,0.2618865668773651
33,typed_supervision,122,control,0.03954052925109863,0.04776722565293312,0.11354552954435349
33,typed_supervision,122,common_basis,0.03954052925109863,0.2548014223575592,0.12100203335285187
33,typed_supervision,122,common_correlated,0.03954052925109863,0.17449049651622772,0.14952926337718964
33,typed_supervision,122,common_colored,0.03954052925109863,0.4016712009906769,0.18490172922611237
33,typed_supervision,122,common_exchange,0.03954052925109863,0.612972617149353,0.12072642147541046
33,typed_supervision,122,EEG_gain,0.17843183875083923,0.04776722565293312,0.14133672416210175
33,typed_supervision,122,Hb_gain,0.03954052925109863,0.05691336467862129,0.141468808054924
33,typed_supervision,122,noise,0.04002024605870247,0.05846866965293884,0.12788715958595276
33,typed_supervision,122,lag_1s,0.03954052925109863,0.050347231328487396,0.1499001383781433
33,typed_supervision,122,driver_amplitude,0.10971298068761826,0.07186046987771988,0.17828936874866486
33,typed_supervision,122,driver_shape,0.06490782648324966,0.03387230262160301,0.10938353836536407
33,typed_supervision,122,physiology_tau,0.03954052925109863,0.22270840406417847,0.10223138332366943
33,typed_supervision,122,unmodeled_dynamics,0.03954052925109863,0.028458958491683006,0.11392074823379517
33,typed_supervision,123,control,0.07587230950593948,0.1375565379858017,0.2513916492462158
33,typed_supervision,123,common_basis,0.07587230950593948,0.5133267045021057,0.26007822155952454
33,typed_supervision,123,common_correlated,0.07587230950593948,0.31470271944999695,0.3720901310443878
33,typed_supervision,123,common_colored,0.07587230950593948,0.5509976148605347,0.275288462638855
33,typed_supervision,123,common_exchange,0.07587230950593948,1.2567354440689087,0.2797233760356903
33,typed_supervision,123,EEG_gain,0.17877408862113953,0.1375565379858017,0.3127073645591736
33,typed_supervision,123,Hb_gain,0.07587230950593948,0.14758823812007904,0.28078797459602356
33,typed_supervision,123,noise,0.07999984174966812,0.146278977394104,0.254218190908432
33,typed_supervision,123,lag_1s,0.07587230950593948,0.05191792547702789,0.28178560733795166
33,typed_supervision,123,driver_amplitude,0.12053137272596359,0.10027631372213364,0.36844855546951294
33,typed_supervision,123,driver_shape,0.10183212161064148,0.045430492609739304,0.25282207131385803
33,typed_supervision,123,physiology_tau,0.07587230950593948,0.20225785672664642,0.24913354218006134
33,typed_supervision,123,unmodeled_dynamics,0.07587230950593948,0.10184313356876373,0.2634211778640747
33,typed_supervision,124,control,0.06198614463210106,0.025950267910957336,0.13185736536979675
33,typed_supervision,124,common_basis,0.06198614463210106,0.12581957876682281,0.14156442880630493
33,typed_supervision,124,common_correlated,0.06198614463210106,0.10648581385612488,0.24089087545871735
33,typed_supervision,124,common_colored,0.06198614463210106,0.3654370903968811,0.3174508810043335
33,typed_supervision,124,common_exchange,0.06198614463210106,0.4098481833934784,0.1259840726852417
33,typed_supervision,124,EEG_gain,0.27845150232315063,0.025950267910957336,0.1902511864900589
33,typed_supervision,124,Hb_gain,0.06198614463210106,0.026780905202031136,0.17922666668891907
33,typed_supervision,124,noise,0.07617231458425522,0.035005539655685425,0.1492941975593567
33,typed_supervision,124,lag_1s,0.06198614463210106,0.04083327576518059,0.3251544237136841
33,typed_supervision,124,driver_amplitude,0.13764578104019165,0.03008244000375271,0.20203794538974762
33,typed_supervision,124,driver_shape,0.05886462330818176,0.0455346442759037,0.13220375776290894
33,typed_supervision,124,physiology_tau,0.06198614463210106,0.19579316675662994,0.2469908893108368
33,typed_supervision,124,unmodeled_dynamics,0.06198614463210106,0.03100183792412281,0.20584657788276672
33,typed_supervision,125,control,0.09232547134160995,0.05857723206281662,0.15573576092720032
33,typed_supervision,125,common_basis,0.09232547134160995,0.2359939068555832,0.15717394649982452
33,typed_supervision,125,common_correlated,0.09232547134160995,0.11423435062170029,0.296291321516037
33,typed_supervision,125,common_colored,0.09232547134160995,0.21711347997188568,0.197726309299469
33,typed_supervision,125,common_exchange,0.09232547134160995,0.45332130789756775,0.1674284189939499
33,typed_supervision,125,EEG_gain,0.22445468604564667,0.05857723206281662,0.20098431408405304
33,typed_supervision,125,Hb_gain,0.09232547134160995,0.061346907168626785,0.18679575622081757
33,typed_supervision,125,noise,0.08564887195825577,0.06275072693824768,0.15911900997161865
33,typed_supervision,125,lag_1s,0.09232547134160995,0.029363255947828293,0.2067698836326599
33,typed_supervision,125,driver_amplitude,0.20206968486309052,0.05755246430635452,0.23915722966194153
33,typed_supervision,125,driver_shape,0.06147138774394989,0.020656853914260864,0.14982722699642181
33,typed_supervision,125,physiology_tau,0.09232547134160995,0.35173600912094116,0.1941230446100235
33,typed_supervision,125,unmodeled_dynamics,0.09232547134160995,0.052767232060432434,0.1849415898323059
33,typed_supervision,126,control,0.03990913927555084,0.061025042086839676,0.10630340129137039
33,typed_supervision,126,common_basis,0.03990913927555084,0.36866316199302673,0.12013298273086548
33,typed_supervision,126,common_correlated,0.03990913927555084,0.3719070255756378,0.11916891485452652
33,typed_supervision,126,common_colored,0.03990913927555084,0.30950915813446045,0.13777029514312744
33,typed_supervision,126,common_exchange,0.03990913927555084,0.42325541377067566,0.14050813019275665
33,typed_supervision,126,EEG_gain,0.21378374099731445,0.061025042086839676,0.13406801223754883
33,typed_supervision,126,Hb_gain,0.03990913927555084,0.05817795544862747,0.1687803715467453
33,typed_supervision,126,noise,0.039393845945596695,0.058940354734659195,0.1199655830860138
33,typed_supervision,126,lag_1s,0.03990913927555084,0.056379154324531555,0.1494564712047577
33,typed_supervision,126,driver_amplitude,0.09802225977182388,0.045891448855400085,0.16841518878936768
33,typed_supervision,126,driver_shape,0.02595316432416439,0.01716339774429798,0.0907461866736412
33,typed_supervision,126,physiology_tau,0.03990913927555084,0.3267628252506256,0.13606926798820496
33,typed_supervision,126,unmodeled_dynamics,0.03990913927555084,0.04735110327601433,0.11623084545135498
33,typed_supervision,127,control,0.0625881552696228,0.06740604341030121,0.16690050065517426
33,typed_supervision,127,common_basis,0.0625881552696228,0.29666462540626526,0.1745256781578064
33,typed_supervision,127,common_correlated,0.0625881552696228,0.3866761028766632,0.18259616196155548
33,typed_supervision,127,common_colored,0.0625881552696228,0.2377273589372635,0.32945719361305237
33,typed_supervision,127,common_exchange,0.0625881552696228,1.0157493352890015,0.19246959686279297
33,typed_supervision,127,EEG_gain,0.1967398077249527,0.06740604341030121,0.2153887152671814
33,typed_supervision,127,Hb_gain,0.0625881552696228,0.07969401776790619,0.1765792816877365
33,typed_supervision,127,noise,0.08747942000627518,0.062569759786129,0.171651229262352
33,typed_supervision,127,lag_1s,0.0625881552696228,0.08529407531023026,0.1666610687971115
33,typed_supervision,127,driver_amplitude,0.1070103794336319,0.07193798571825027,0.25152620673179626
33,typed_supervision,127,driver_shape,0.05815700814127922,0.0401994064450264,0.17395219206809998
33,typed_supervision,127,physiology_tau,0.0625881552696228,0.3392466902732849,0.1729297935962677
33,typed_supervision,127,unmodeled_dynamics,0.0625881552696228,0.06185345724225044,0.17408795654773712
11,reconstruction_only,0,control,0.5010099411010742,0.2293546497821808,0.11136353760957718
11,reconstruction_only,0,common_basis,0.5010099411010742,0.6340185403823853,0.11453912407159805
11,reconstruction_only,0,common_correlated,0.5010099411010742,1.3080973625183105,0.16010227799415588
11,reconstruction_only,0,common_colored,0.5010099411010742,0.831903874874115,0.2378414273262024
11,reconstruction_only,0,common_exchange,0.5010099411010742,0.12027543783187866,0.13615843653678894
11,reconstruction_only,0,EEG_gain,0.5026617646217346,0.2293546497821808,0.1342877894639969
11,reconstruction_only,0,Hb_gain,0.5010099411010742,0.28857648372650146,0.1588248759508133
11,reconstruction_only,0,noise,0.49498263001441956,0.22239351272583008,0.12257727235555649
11,reconstruction_only,0,lag_1s,0.5010099411010742,0.24590066075325012,0.17594951391220093
11,reconstruction_only,0,driver_amplitude,0.7495245933532715,0.3497532308101654,0.17549344897270203
11,reconstruction_only,0,driver_shape,0.43677833676338196,0.24156060814857483,0.10900881886482239
11,reconstruction_only,0,physiology_tau,0.5010099411010742,0.28966882824897766,0.16890397667884827
11,reconstruction_only,0,unmodeled_dynamics,0.5010099411010742,0.21259674429893494,0.1254996508359909
11,reconstruction_only,1,control,0.3561914265155792,0.33454975485801697,0.23783254623413086
11,reconstruction_only,1,common_basis,0.3561914265155792,0.950639009475708,0.2797706425189972
11,reconstruction_only,1,common_correlated,0.3561914265155792,2.5817630290985107,0.25087931752204895
11,reconstruction_only,1,common_colored,0.3561914265155792,5.687405586242676,0.5471605062484741
11,reconstruction_only,1,common_exchange,0.3561914265155792,0.5942928194999695,0.29369649291038513
11,reconstruction_only,1,EEG_gain,0.44218018651008606,0.33454975485801697,0.305370956659317
11,reconstruction_only,1,Hb_gain,0.3561914265155792,0.43931636214256287,0.267555832862854
11,reconstruction_only,1,noise,0.3621181845664978,0.3429272174835205,0.2439170926809311
11,reconstruction_only,1,lag_1s,0.3561914265155792,0.4416116178035736,0.2487441599369049
11,reconstruction_only,1,driver_amplitude,0.592962920665741,0.5136458873748779,0.3657205104827881
11,reconstruction_only,1,driver_shape,0.4242289364337921,0.4201533794403076,0.23390881717205048
11,reconstruction_only,1,physiology_tau,0.3561914265155792,0.26690152287483215,0.24184155464172363
11,reconstruction_only,1,unmodeled_dynamics,0.3561914265155792,0.3204053044319153,0.23436212539672852
11,reconstruction_only,2,control,0.5562734007835388,0.16214781999588013,0.081863172352314
11,reconstruction_only,2,common_basis,0.5562734007835388,0.796576201915741,0.11353617906570435
11,reconstruction_only,2,common_correlated,0.5562734007835388,1.2577214241027832,0.1294436752796173
11,reconstruction_only,2,common_colored,0.5562734007835388,2.1127641201019287,0.21699751913547516
11,reconstruction_only,2,common_exchange,0.5562734007835388,0.40214401483535767,0.10943590849637985
11,reconstruction_only,2,EEG_gain,0.4186939597129822,0.16214781999588013,0.10473501682281494
11,reconstruction_only,2,Hb_gain,0.5562734007835388,0.18886642158031464,0.09957706928253174
11,reconstruction_only,2,noise,0.5947088599205017,0.16168971359729767,0.09698469191789627
11,reconstruction_only,2,lag_1s,0.5562734007835388,0.24612970650196075,0.12386374175548553
11,reconstruction_only,2,driver_amplitude,0.866266131401062,0.24501964449882507,0.121810682117939
11,reconstruction_only,2,driver_shape,0.4542006254196167,0.10553716123104095,0.08532613515853882
11,reconstruction_only,2,physiology_tau,0.5562734007835388,0.17775297164916992,0.1408565789461136
11,reconstruction_only,2,unmodeled_dynamics,0.5562734007835388,0.16362552344799042,0.10367400199174881
11,reconstruction_only,3,control,0.34012436866760254,0.2867635190486908,0.20546944439411163
11,reconstruction_only,3,common_basis,0.34012436866760254,1.2000024318695068,0.22233176231384277
11,reconstruction_only,3,common_correlated,0.34012436866760254,1.578134536743164,0.26366111636161804
11,reconstruction_only,3,common_colored,0.34012436866760254,1.9095945358276367,0.31272026896476746
11,reconstruction_only,3,common_exchange,0.34012436866760254,0.40084007382392883,0.2236730307340622
11,reconstruction_only,3,EEG_gain,0.32140225172042847,0.2867635190486908,0.2706132233142853
11,reconstruction_only,3,Hb_gain,0.34012436866760254,0.4222933053970337,0.2172539383172989
11,reconstruction_only,3,noise,0.3307771682739258,0.2782297432422638,0.22049269080162048
11,reconstruction_only,3,lag_1s,0.34012436866760254,0.386550635099411,0.25438541173934937
11,reconstruction_only,3,driver_amplitude,0.5582050681114197,0.5596994757652283,0.31038257479667664
11,reconstruction_only,3,driver_shape,0.4142286777496338,0.3869319558143616,0.21051079034805298
11,reconstruction_only,3,physiology_tau,0.34012436866760254,0.1576535850763321,0.23081697523593903
11,reconstruction_only,3,unmodeled_dynamics,0.34012436866760254,0.29128167033195496,0.22912025451660156
11,reconstruction_only,4,control,0.33496400713920593,0.08870398998260498,0.12429837137460709
11,reconstruction_only,4,common_basis,0.33496400713920593,1.644393801689148,0.18619392812252045
11,reconstruction_only,4,common_correlated,0.33496400713920593,2.090853452682495,0.16602803766727448
11,reconstruction_only,4,common_colored,0.33496400713920593,1.5000168085098267,0.19725073873996735
11,reconstruction_only,4,common_exchange,0.33496400713920593,0.23832625150680542,0.13035555183887482
11,reconstruction_only,4,EEG_gain,0.4512317180633545,0.08870398998260498,0.17350324988365173
11,reconstruction_only,4,Hb_gain,0.33496400713920593,0.15637581050395966,0.12995824217796326
11,reconstruction_only,4,noise,0.3449069559574127,0.0902891606092453,0.1396491527557373
11,reconstruction_only,4,lag_1s,0.33496400713920593,0.16181790828704834,0.1709596961736679
11,reconstruction_only,4,driver_amplitude,0.5871848464012146,0.19961073994636536,0.19228053092956543
11,reconstruction_only,4,driver_shape,0.34996405243873596,0.10342537611722946,0.10872533172369003
11,reconstruction_only,4,physiology_tau,0.33496400713920593,0.19867120683193207,0.16216810047626495
11,reconstruction_only,4,unmodeled_dynamics,0.33496400713920593,0.06025317683815956,0.13838662207126617
11,reconstruction_only,5,control,0.23896753787994385,0.25126132369041443,0.17884187400341034
11,reconstruction_only,5,common_basis,0.23896753787994385,0.9287910461425781,0.18667110800743103
11,reconstruction_only,5,common_correlated,0.23896753787994385,1.6443971395492554,0.20230033993721008
11,reconstruction_only,5,common_colored,0.23896753787994385,2.5703866481781006,0.36889660358428955
11,reconstruction_only,5,common_exchange,0.23896753787994385,0.39657464623451233,0.17994290590286255
11,reconstruction_only,5,EEG_gain,0.30538320541381836,0.25126132369041443,0.23797255754470825
11,reconstruction_only,5,Hb_gain,0.23896753787994385,0.36286333203315735,0.18938076496124268
11,reconstruction_only,5,noise,0.2384233921766281,0.25196850299835205,0.18342386186122894
11,reconstruction_only,5,lag_1s,0.23896753787994385,0.35444405674934387,0.19980865716934204
11,reconstruction_only,5,driver_amplitude,0.37734586000442505,0.44890621304512024,0.2755281925201416
11,reconstruction_only,5,driver_shape,0.2841860353946686,0.28604623675346375,0.1725536286830902
11,reconstruction_only,5,physiology_tau,0.23896753787994385,0.23757003247737885,0.20255185663700104
11,reconstruction_only,5,unmodeled_dynamics,0.23896753787994385,0.2442520707845688,0.1922776699066162
11,reconstruction_only,6,control,0.5152912735939026,0.49166369438171387,0.14234310388565063
11,reconstruction_only,6,common_basis,0.5152912735939026,0.7607197761535645,0.1501372903585434
11,reconstruction_only,6,common_correlated,0.5152912735939026,1.862273931503296,0.15431122481822968
11,reconstruction_only,6,common_colored,0.5152912735939026,2.4773569107055664,0.2673187851905823
11,reconstruction_only,6,common_exchange,0.5152912735939026,0.6261827945709229,0.1439824104309082
11,reconstruction_only,6,EEG_gain,0.5426143407821655,0.49166369438171387,0.1770804226398468
11,reconstruction_only,6,Hb_gain,0.5152912735939026,0.6663569808006287,0.21571733057498932
11,reconstruction_only,6,noise,0.5244828462600708,0.48859304189682007,0.14699435234069824
11,reconstruction_only,6,lag_1s,0.5152912735939026,0.5566689968109131,0.1596411019563675
11,reconstruction_only,6,driver_amplitude,0.7807751297950745,0.7087392807006836,0.22057922184467316
11,reconstruction_only,6,driver_shape,0.5049766302108765,0.5969721078872681,0.13665416836738586
11,reconstruction_only,6,physiology_tau,0.5152912735939026,0.4026895761489868,0.1524408459663391
11,reconstruction_only,6,unmodeled_dynamics,0.5152912735939026,0.4805822968482971,0.14474976062774658
11,reconstruction_only,7,control,0.612564206123352,0.1994757056236267,0.23094426095485687
11,reconstruction_only,7,common_basis,0.612564206123352,0.4673851430416107,0.22921252250671387
11,reconstruction_only,7,common_correlated,0.612564206123352,1.9719583988189697,0.2988002598285675
11,reconstruction_only,7,common_colored,0.612564206123352,1.4706635475158691,0.24233540892601013
11,reconstruction_only,7,common_exchange,0.612564206123352,0.18750448524951935,0.23503758013248444
11,reconstruction_only,7,EEG_gain,0.584064781665802,0.1994757056236267,0.2922953963279724
11,reconstruction_only,7,Hb_gain,0.612564206123352,0.316786527633667,0.24246421456336975
11,reconstruction_only,7,noise,0.6005735397338867,0.19689147174358368,0.23474232852458954
11,reconstruction_only,7,lag_1s,0.612564206123352,0.07217225432395935,0.274693101644516
11,reconstruction_only,7,driver_amplitude,0.9278395771980286,0.28122246265411377,0.34055936336517334
11,reconstruction_only,7,driver_shape,0.4776926636695862,0.307609885931015,0.21060633659362793
11,reconstruction_only,7,physiology_tau,0.612564206123352,0.18360327184200287,0.2297871857881546
11,reconstruction_only,7,unmodeled_dynamics,0.612564206123352,0.1953221559524536,0.22885368764400482
11,reconstruction_only,8,control,0.6671434640884399,0.2064892053604126,0.13734661042690277
11,reconstruction_only,8,common_basis,0.6671434640884399,0.38311469554901123,0.1444830298423767
11,reconstruction_only,8,common_correlated,0.6671434640884399,1.2717260122299194,0.17467565834522247
11,reconstruction_only,8,common_colored,0.6671434640884399,4.056026458740234,0.37008193135261536
11,reconstruction_only,8,common_exchange,0.6671434640884399,0.17790651321411133,0.14236342906951904
11,reconstruction_only,8,EEG_gain,0.7211342453956604,0.2064892053604126,0.18235906958580017
11,reconstruction_only,8,Hb_gain,0.6671434640884399,0.3208237290382385,0.14422941207885742
11,reconstruction_only,8,noise,0.6511744260787964,0.21443785727024078,0.15468046069145203
11,reconstruction_only,8,lag_1s,0.6671434640884399,0.2027442902326584,0.16621218621730804
11,reconstruction_only,8,driver_amplitude,0.971863329410553,0.4238589107990265,0.20095142722129822
11,reconstruction_only,8,driver_shape,0.6794692873954773,0.29041531682014465,0.14728915691375732
11,reconstruction_only,8,physiology_tau,0.6671434640884399,0.15785759687423706,0.1824369579553604
11,reconstruction_only,8,unmodeled_dynamics,0.6671434640884399,0.21367114782333374,0.16829447448253632
11,reconstruction_only,9,control,0.36273351311683655,0.2299814671278,0.18154731392860413
11,reconstruction_only,9,common_basis,0.36273351311683655,0.2200813591480255,0.18507304787635803
11,reconstruction_only,9,common_correlated,0.36273351311683655,1.0016268491744995,0.19689002633094788
11,reconstruction_only,9,common_colored,0.36273351311683655,1.923787236213684,0.23921416699886322
11,reconstruction_only,9,common_exchange,0.36273351311683655,0.35825589299201965,0.18880464136600494
11,reconstruction_only,9,EEG_gain,0.3375460207462311,0.2299814671278,0.24016724526882172
11,reconstruction_only,9,Hb_gain,0.36273351311683655,0.2628324627876282,0.19982078671455383
11,reconstruction_only,9,noise,0.37897631525993347,0.23481042683124542,0.19309282302856445
11,reconstruction_only,9,lag_1s,0.36273351311683655,0.17510975897312164,0.22349874675273895
11,reconstruction_only,9,driver_amplitude,0.5445070266723633,0.2980824410915375,0.27767401933670044
11,reconstruction_only,9,driver_shape,0.4345533847808838,0.189040407538414,0.18459583818912506
11,reconstruction_only,9,physiology_tau,0.36273351311683655,0.3230266273021698,0.21545855700969696
11,reconstruction_only,9,unmodeled_dynamics,0.36273351311683655,0.25421497225761414,0.20520253479480743
11,reconstruction_only,10,control,0.420756995677948,0.39917874336242676,0.14113879203796387
11,reconstruction_only,10,common_basis,0.420756995677948,0.34978145360946655,0.14902719855308533
11,reconstruction_only,10,common_correlated,0.420756995677948,2.5585641860961914,0.22788721323013306
11,reconstruction_only,10,common_colored,0.420756995677948,3.1394989490509033,0.23692940175533295
11,reconstruction_only,10,common_exchange,0.420756995677948,0.7264113426208496,0.16531866788864136
11,reconstruction_only,10,EEG_gain,0.5747937560081482,0.39917874336242676,0.18080434203147888
11,reconstruction_only,10,Hb_gain,0.420756995677948,0.5105185508728027,0.16563238203525543
11,reconstruction_only,10,noise,0.42159467935562134,0.3991564214229584,0.15265478193759918
11,reconstruction_only,10,lag_1s,0.420756995677948,0.3545863628387451,0.1516565978527069
11,reconstruction_only,10,driver_amplitude,0.6675525903701782,0.5606000423431396,0.21411244571208954
11,reconstruction_only,10,driver_shape,0.4903639554977417,0.3389463424682617,0.15473857522010803
11,reconstruction_only,10,physiology_tau,0.420756995677948,0.22790053486824036,0.14356768131256104
11,reconstruction_only,10,unmodeled_dynamics,0.420756995677948,0.3387816250324249,0.14495666325092316
11,reconstruction_only,11,control,0.6087840795516968,0.397091805934906,0.18305224180221558
11,reconstruction_only,11,common_basis,0.6087840795516968,0.7039757370948792,0.1874133199453354
11,reconstruction_only,11,common_correlated,0.6087840795516968,2.1317150592803955,0.21893160045146942
11,reconstruction_only,11,common_colored,0.6087840795516968,3.6046602725982666,0.303775429725647
11,reconstruction_only,11,common_exchange,0.6087840795516968,0.598118782043457,0.1965416818857193
11,reconstruction_only,11,EEG_gain,0.5021182298660278,0.397091805934906,0.2374006062746048
11,reconstruction_only,11,Hb_gain,0.6087840795516968,0.5132197141647339,0.19513118267059326
11,reconstruction_only,11,noise,0.6042139530181885,0.39812636375427246,0.19687774777412415
11,reconstruction_only,11,lag_1s,0.6087840795516968,0.28682392835617065,0.2234870195388794
11,reconstruction_only,11,driver_amplitude,0.9324982762336731,0.5812236070632935,0.2771325409412384
11,reconstruction_only,11,driver_shape,0.4927026629447937,0.42493119835853577,0.18155412375926971
11,reconstruction_only,11,physiology_tau,0.6087840795516968,0.4308032989501953,0.1918143779039383
11,reconstruction_only,11,unmodeled_dynamics,0.6087840795516968,0.38081711530685425,0.1890241652727127
11,reconstruction_only,12,control,0.6888502240180969,0.34739941358566284,0.11845681071281433
11,reconstruction_only,12,common_basis,0.6888502240180969,0.7765917778015137,0.13563983142375946
11,reconstruction_only,12,common_correlated,0.6888502240180969,1.2040156126022339,0.14772266149520874
11,reconstruction_only,12,common_colored,0.6888502240180969,1.3808619976043701,0.20996715128421783
11,reconstruction_only,12,common_exchange,0.6888502240180969,0.4430774450302124,0.13701774179935455
11,reconstruction_only,12,EEG_gain,0.6108202338218689,0.34739941358566284,0.1547192931175232
11,reconstruction_only,12,Hb_gain,0.6888502240180969,0.4122164845466614,0.12773685157299042
11,reconstruction_only,12,noise,0.6713768243789673,0.34391289949417114,0.1347283571958542
11,reconstruction_only,12,lag_1s,0.6888502240180969,0.3467014729976654,0.13495080173015594
11,reconstruction_only,12,driver_amplitude,0.9818980097770691,0.4518006443977356,0.18136756122112274
11,reconstruction_only,12,driver_shape,0.7465247511863708,0.2737603187561035,0.13218675553798676
11,reconstruction_only,12,physiology_tau,0.6888502240180969,0.2567230463027954,0.13065165281295776
11,reconstruction_only,12,unmodeled_dynamics,0.6888502240180969,0.3183378577232361,0.12483260780572891
11,reconstruction_only,13,control,0.23701812326908112,0.2318602353334427,0.22741040587425232
11,reconstruction_only,13,common_basis,0.23701812326908112,0.9186156988143921,0.24178922176361084
11,reconstruction_only,13,common_correlated,0.23701812326908112,1.626468300819397,0.31756219267845154
11,reconstruction_only,13,common_colored,0.23701812326908112,2.3189799785614014,0.36296743154525757
11,reconstruction_only,13,common_exchange,0.23701812326908112,0.4817187786102295,0.24605654180049896
11,reconstruction_only,13,EEG_gain,0.3102431297302246,0.2318602353334427,0.30594104528427124
11,reconstruction_only,13,Hb_gain,0.23701812326908112,0.33729612827301025,0.22851404547691345
11,reconstruction_only,13,noise,0.22996455430984497,0.23610901832580566,0.23534883558750153
11,reconstruction_only,13,lag_1s,0.23701812326908112,0.27765828371047974,0.3076118230819702
11,reconstruction_only,13,driver_amplitude,0.3677471876144409,0.41756922006607056,0.3467576801776886
11,reconstruction_only,13,driver_shape,0.32443326711654663,0.2925683557987213,0.21593497693538666
11,reconstruction_only,13,physiology_tau,0.23701812326908112,0.18070578575134277,0.27742794156074524
11,reconstruction_only,13,unmodeled_dynamics,0.23701812326908112,0.21409407258033752,0.26514142751693726
11,reconstruction_only,14,control,0.6248157024383545,0.4083597958087921,0.11901336163282394
11,reconstruction_only,14,common_basis,0.6248157024383545,1.087129831314087,0.12604278326034546
11,reconstruction_only,14,common_correlated,0.6248157024383545,0.6927080750465393,0.1612885296344757
11,reconstruction_only,14,common_colored,0.6248157024383545,2.5095489025115967,0.16860069334506989
11,reconstruction_only,14,common_exchange,0.6248157024383545,0.8045769929885864,0.14442585408687592
11,reconstruction_only,14,EEG_gain,0.5654425621032715,0.4083597958087921,0.1554529368877411
11,reconstruction_only,14,Hb_gain,0.6248157024383545,0.5754164457321167,0.1238783523440361
11,reconstruction_only,14,noise,0.6318423748016357,0.40574029088020325,0.13745342195034027
11,reconstruction_only,14,lag_1s,0.6248157024383545,0.19304300844669342,0.16233812272548676
11,reconstruction_only,14,driver_amplitude,0.8904467225074768,0.5887634754180908,0.1673266440629959
11,reconstruction_only,14,driver_shape,0.7537062168121338,0.46305298805236816,0.109147809445858
11,reconstruction_only,14,physiology_tau,0.6248157024383545,0.38862940669059753,0.1490582376718521
11,reconstruction_only,14,unmodeled_dynamics,0.6248157024383545,0.43345537781715393,0.1354488581418991
11,reconstruction_only,15,control,0.21494032442569733,0.33185017108917236,0.18503084778785706
11,reconstruction_only,15,common_basis,0.21494032442569733,0.821643054485321,0.19619885087013245
11,reconstruction_only,15,common_correlated,0.21494032442569733,2.016686201095581,0.20503267645835876
11,reconstruction_only,15,common_colored,0.21494032442569733,1.9292080402374268,0.3408290445804596
11,reconstruction_only,15,common_exchange,0.21494032442569733,0.7710874080657959,0.23223304748535156
11,reconstruction_only,15,EEG_gain,0.2980632185935974,0.33185017108917236,0.23863887786865234
11,reconstruction_only,15,Hb_gain,0.21494032442569733,0.43295231461524963,0.20897218585014343
11,reconstruction_only,15,noise,0.2132444828748703,0.33198222517967224,0.19407382607460022
11,reconstruction_only,15,lag_1s,0.21494032442569733,0.44446322321891785,0.24032843112945557
11,reconstruction_only,15,driver_amplitude,0.33372804522514343,0.5014109015464783,0.2819949984550476
11,reconstruction_only,15,driver_shape,0.42632055282592773,0.3863574266433716,0.18867939710617065
11,reconstruction_only,15,physiology_tau,0.21494032442569733,0.21364320814609528,0.20234164595603943
11,reconstruction_only,15,unmodeled_dynamics,0.21494032442569733,0.2915421426296234,0.18914487957954407
11,reconstruction_only,16,control,0.4693208336830139,0.1813969910144806,0.11708904057741165
11,reconstruction_only,16,common_basis,0.4693208336830139,0.9362828731536865,0.15644602477550507
11,reconstruction_only,16,common_correlated,0.4693208336830139,1.3826112747192383,0.18206477165222168
11,reconstruction_only,16,common_colored,0.4693208336830139,1.8265380859375,0.2087981253862381
11,reconstruction_only,16,common_exchange,0.4693208336830139,0.19402851164340973,0.1317564845085144
11,reconstruction_only,16,EEG_gain,0.4974515736103058,0.1813969910144806,0.15723851323127747
11,reconstruction_only,16,Hb_gain,0.4693208336830139,0.25115716457366943,0.14215590059757233
11,reconstruction_only,16,noise,0.4927530288696289,0.17873501777648926,0.12953795492649078
11,reconstruction_only,16,lag_1s,0.4693208336830139,0.3260609209537506,0.16614127159118652
11,reconstruction_only,16,driver_amplitude,0.7120880484580994,0.3053470551967621,0.18439465761184692
11,reconstruction_only,16,driver_shape,0.5240163803100586,0.17217303812503815,0.1275474578142166
11,reconstruction_only,16,physiology_tau,0.4693208336830139,0.15206411480903625,0.1772347241640091
11,reconstruction_only,16,unmodeled_dynamics,0.4693208336830139,0.15523916482925415,0.14890582859516144
11,reconstruction_only,17,control,0.555312991142273,0.44146808981895447,0.17936086654663086
11,reconstruction_only,17,common_basis,0.555312991142273,1.0730583667755127,0.2103884071111679
11,reconstruction_only,17,common_correlated,0.555312991142273,2.505279302597046,0.2238987535238266
11,reconstruction_only,17,common_colored,0.555312991142273,0.7341987490653992,0.32006484270095825
11,reconstruction_only,17,common_exchange,0.555312991142273,0.4735923111438751,0.1913895606994629
11,reconstruction_only,17,EEG_gain,0.6827262043952942,0.44146808981895447,0.23002608120441437
11,reconstruction_only,17,Hb_gain,0.555312991142273,0.5386471748352051,0.19362320005893707
11,reconstruction_only,17,noise,0.5536594390869141,0.4395146071910858,0.18972836434841156
11,reconstruction_only,17,lag_1s,0.555312991142273,0.5754702687263489,0.21319462358951569
11,reconstruction_only,17,driver_amplitude,0.8036155700683594,0.6027253866195679,0.27125734090805054
11,reconstruction_only,17,driver_shape,0.5987828373908997,0.33887436985969543,0.18339239060878754
11,reconstruction_only,17,physiology_tau,0.555312991142273,0.3177730143070221,0.19188833236694336
11,reconstruction_only,17,unmodeled_dynamics,0.555312991142273,0.37906309962272644,0.19576936960220337
11,reconstruction_only,18,control,0.40710771083831787,0.2703777849674225,0.09650827199220657
11,reconstruction_only,18,common_basis,0.40710771083831787,0.5419273376464844,0.12951558828353882
11,reconstruction_only,18,common_correlated,0.40710771083831787,1.3961234092712402,0.12305539101362228
11,reconstruction_only,18,common_colored,0.40710771083831787,2.0275650024414062,0.2829369306564331
11,reconstruction_only,18,common_exchange,0.40710771083831787,0.1375637650489807,0.11617585271596909
11,reconstruction_only,18,EEG_gain,0.43850934505462646,0.2703777849674225,0.13468550145626068
11,reconstruction_only,18,Hb_gain,0.40710771083831787,0.2895013093948364,0.10712320357561111
11,reconstruction_only,18,noise,0.40655818581581116,0.2722799777984619,0.11158957332372665
11,reconstruction_only,18,lag_1s,0.40710771083831787,0.2527630925178528,0.147818461060524
11,reconstruction_only,18,driver_amplitude,0.6207736134529114,0.2806999981403351,0.15451079607009888
11,reconstruction_only,18,driver_shape,0.4279283881187439,0.20553584396839142,0.11278534680604935
11,reconstruction_only,18,physiology_tau,0.40710771083831787,0.21935869753360748,0.12774087488651276
11,reconstruction_only,18,unmodeled_dynamics,0.40710771083831787,0.28518983721733093,0.1060011088848114
11,reconstruction_only,19,control,0.5899229049682617,0.13120070099830627,0.2198469191789627
11,reconstruction_only,19,common_basis,0.5899229049682617,0.6509850025177002,0.22351542115211487
11,reconstruction_only,19,common_correlated,0.5899229049682617,2.0582499504089355,0.24950934946537018
11,reconstruction_only,19,common_colored,0.5899229049682617,2.2925350666046143,0.2894357442855835
11,reconstruction_only,19,common_exchange,0.5899229049682617,0.41228729486465454,0.233589768409729
11,reconstruction_only,19,EEG_gain,0.6042726635932922,0.13120070099830627,0.2833705246448517
11,reconstruction_only,19,Hb_gain,0.5899229049682617,0.18927812576293945,0.23694725334644318
11,reconstruction_only,19,noise,0.5965266227722168,0.13677993416786194,0.2240641713142395
11,reconstruction_only,19,lag_1s,0.5899229049682617,0.22144527733325958,0.2258892059326172
11,reconstruction_only,19,driver_amplitude,0.9243462681770325,0.26940295100212097,0.3314726650714874
11,reconstruction_only,19,driver_shape,0.4781076908111572,0.20690761506557465,0.21499234437942505
11,reconstruction_only,19,physiology_tau,0.5899229049682617,0.20303204655647278,0.23291954398155212
11,reconstruction_only,19,unmodeled_dynamics,0.5899229049682617,0.12221813201904297,0.23404374718666077
11,reconstruction_only,20,control,0.30159831047058105,0.40912771224975586,0.09710153937339783
11,reconstruction_only,20,common_basis,0.30159831047058105,0.6507591009140015,0.11187943071126938
11,reconstruction_only,20,common_correlated,0.30159831047058105,2.1415863037109375,0.13829725980758667
11,reconstruction_only,20,common_colored,0.30159831047058105,2.449613094329834,0.22381560504436493
11,reconstruction_only,20,common_exchange,0.30159831047058105,0.8249598145484924,0.14292486011981964
11,reconstruction_only,20,EEG_gain,0.3025105595588684,0.40912771224975586,0.13539540767669678
11,reconstruction_only,20,Hb_gain,0.30159831047058105,0.5277798771858215,0.15881292521953583
11,reconstruction_only,20,noise,0.29858213663101196,0.4072786271572113,0.1108863353729248
11,reconstruction_only,20,lag_1s,0.30159831047058105,0.5168020129203796,0.17387311160564423
11,reconstruction_only,20,driver_amplitude,0.5150479674339294,0.6089754700660706,0.1700124740600586
11,reconstruction_only,20,driver_shape,0.23000580072402954,0.36122286319732666,0.10797691345214844
11,reconstruction_only,20,physiology_tau,0.30159831047058105,0.20784421265125275,0.13614319264888763
11,reconstruction_only,20,unmodeled_dynamics,0.30159831047058105,0.3027147054672241,0.1253444403409958
11,reconstruction_only,21,control,0.419096440076828,0.227847620844841,0.23543591797351837
11,reconstruction_only,21,common_basis,0.419096440076828,1.0415972471237183,0.24412208795547485
11,reconstruction_only,21,common_correlated,0.419096440076828,2.384021282196045,0.2686402499675751
11,reconstruction_only,21,common_colored,0.419096440076828,1.904746174812317,0.4055072069168091
11,reconstruction_only,21,common_exchange,0.419096440076828,0.08919279277324677,0.2542583644390106
11,reconstruction_only,21,EEG_gain,0.4564313590526581,0.227847620844841,0.30349066853523254
11,reconstruction_only,21,Hb_gain,0.419096440076828,0.20726656913757324,0.23987291753292084
11,reconstruction_only,21,noise,0.4259015917778015,0.22437483072280884,0.2403889298439026
11,reconstruction_only,21,lag_1s,0.419096440076828,0.2666963040828705,0.24868649244308472
11,reconstruction_only,21,driver_amplitude,0.6129464507102966,0.19073502719402313,0.35155317187309265
11,reconstruction_only,21,driver_shape,0.6055241227149963,0.13238218426704407,0.23767727613449097
11,reconstruction_only,21,physiology_tau,0.419096440076828,0.13029925525188446,0.249890998005867
11,reconstruction_only,21,unmodeled_dynamics,0.419096440076828,0.22884336113929749,0.24542374908924103
11,reconstruction_only,22,control,0.24890394508838654,0.20460352301597595,0.1478080302476883
11,reconstruction_only,22,common_basis,0.24890394508838654,0.3879765272140503,0.17171281576156616
11,reconstruction_only,22,common_correlated,0.24890394508838654,1.860597848892212,0.24986836314201355
11,reconstruction_only,22,common_colored,0.24890394508838654,2.3235690593719482,0.27115461230278015
11,reconstruction_only,22,common_exchange,0.24890394508838654,1.0703730583190918,0.17604094743728638
11,reconstruction_only,22,EEG_gain,0.18091674149036407,0.20460352301597595,0.17421263456344604
11,reconstruction_only,22,Hb_gain,0.24890394508838654,0.2117849439382553,0.18932265043258667
11,reconstruction_only,22,noise,0.2477933168411255,0.20269662141799927,0.15593339502811432
11,reconstruction_only,22,lag_1s,0.24890394508838654,0.1342310905456543,0.23736856877803802
11,reconstruction_only,22,driver_amplitude,0.3657490015029907,0.21771599352359772,0.22245851159095764
11,reconstruction_only,22,driver_shape,0.46247801184654236,0.17821469902992249,0.12487584352493286
11,reconstruction_only,22,physiology_tau,0.24890394508838654,0.23882663249969482,0.15478233993053436
11,reconstruction_only,22,unmodeled_dynamics,0.24890394508838654,0.23502343893051147,0.15353450179100037
11,reconstruction_only,23,control,0.33376067876815796,0.3590642511844635,0.140212282538414
11,reconstruction_only,23,common_basis,0.33376067876815796,0.5641787648200989,0.1428980678319931
11,reconstruction_only,23,common_correlated,0.33376067876815796,1.744555950164795,0.17194391787052155
11,reconstruction_only,23,common_colored,0.33376067876815796,1.015970230102539,0.3346927762031555
11,reconstruction_only,23,common_exchange,0.33376067876815796,0.3909240961074829,0.14298927783966064
11,reconstruction_only,23,EEG_gain,0.41230955719947815,0.3590642511844635,0.18378475308418274
11,reconstruction_only,23,Hb_gain,0.33376067876815796,0.541244387626648,0.14292341470718384
11,reconstruction_only,23,noise,0.3391745984554291,0.3556390404701233,0.14176690578460693
11,reconstruction_only,23,lag_1s,0.33376067876815796,0.3977468013763428,0.16106116771697998
11,reconstruction_only,23,driver_amplitude,0.5215831398963928,0.6279978156089783,0.20746378600597382
11,reconstruction_only,23,driver_shape,0.20006783306598663,0.4588514268398285,0.13441278040409088
11,reconstruction_only,23,physiology_tau,0.33376067876815796,0.29398202896118164,0.14915408194065094
11,reconstruction_only,23,unmodeled_dynamics,0.33376067876815796,0.3278721570968628,0.14523915946483612
11,reconstruction_only,24,control,0.7797505259513855,0.21839077770709991,0.1867840588092804
11,reconstruction_only,24,common_basis,0.7797505259513855,0.7331111431121826,0.18901221454143524
11,reconstruction_only,24,common_correlated,0.7797505259513855,0.7513958811759949,0.2064930498600006
11,reconstruction_only,24,common_colored,0.7797505259513855,1.7203459739685059,0.23351161181926727
11,reconstruction_only,24,common_exchange,0.7797505259513855,0.3486177921295166,0.18887408077716827
11,reconstruction_only,24,EEG_gain,0.66744065284729,0.21839077770709991,0.2510175108909607
11,reconstruction_only,24,Hb_gain,0.7797505259513855,0.24668319523334503,0.18901315331459045
11,reconstruction_only,24,noise,0.7691152095794678,0.21683654189109802,0.19657984375953674
11,reconstruction_only,24,lag_1s,0.7797505259513855,0.07357344776391983,0.22631917893886566
11,reconstruction_only,24,driver_amplitude,1.1323556900024414,0.2710067331790924,0.2816521227359772
11,reconstruction_only,24,driver_shape,0.8144556283950806,0.15312205255031586,0.19440887868404388
11,reconstruction_only,24,physiology_tau,0.7797505259513855,0.21712325513362885,0.1981678009033203
11,reconstruction_only,24,unmodeled_dynamics,0.7797505259513855,0.20592635869979858,0.18765996396541595
11,reconstruction_only,25,control,0.47626394033432007,0.2767082154750824,0.25251996517181396
11,reconstruction_only,25,common_basis,0.47626394033432007,0.423845112323761,0.25258731842041016
11,reconstruction_only,25,common_correlated,0.47626394033432007,2.2457997798919678,0.2870422899723053
11,reconstruction_only,25,common_colored,0.47626394033432007,1.5734598636627197,0.3352885842323303
11,reconstruction_only,25,common_exchange,0.47626394033432007,0.33665549755096436,0.25671353936195374
11,reconstruction_only,25,EEG_gain,0.4615094065666199,0.2767082154750824,0.3270980417728424
11,reconstruction_only,25,Hb_gain,0.47626394033432007,0.33857616782188416,0.2627873420715332
11,reconstruction_only,25,noise,0.4992813766002655,0.27928781509399414,0.2574818730354309
11,reconstruction_only,25,lag_1s,0.47626394033432007,0.2789832353591919,0.2702571451663971
11,reconstruction_only,25,driver_amplitude,0.7057010531425476,0.3864153325557709,0.38252708315849304
11,reconstruction_only,25,driver_shape,0.6163867115974426,0.32179194688796997,0.25619736313819885
11,reconstruction_only,25,physiology_tau,0.47626394033432007,0.273030161857605,0.25272345542907715
11,reconstruction_only,25,unmodeled_dynamics,0.47626394033432007,0.26998645067214966,0.2529407739639282
11,reconstruction_only,26,control,0.6385274529457092,0.3956187665462494,0.08702150732278824
11,reconstruction_only,26,common_basis,0.6385274529457092,1.7708150148391724,0.11588570475578308
11,reconstruction_only,26,common_correlated,0.6385274529457092,0.9141704440116882,0.1081802248954773
11,reconstruction_only,26,common_colored,0.6385274529457092,1.4896427392959595,0.17683209478855133
11,reconstruction_only,26,common_exchange,0.6385274529457092,0.6102197170257568,0.16561207175254822
11,reconstruction_only,26,EEG_gain,0.6265448331832886,0.3956187665462494,0.11389535665512085
11,reconstruction_only,26,Hb_gain,0.6385274529457092,0.5506765246391296,0.10658486187458038
11,reconstruction_only,26,noise,0.6387259364128113,0.38900816440582275,0.10685351490974426
11,reconstruction_only,26,lag_1s,0.6385274529457092,0.3850453197956085,0.14622080326080322
11,reconstruction_only,26,driver_amplitude,0.9826491475105286,0.6314682364463806,0.13644731044769287
11,reconstruction_only,26,driver_shape,0.5437410473823547,0.4628872573375702,0.11278429627418518
11,reconstruction_only,26,physiology_tau,0.6385274529457092,0.31763020157814026,0.13267339766025543
11,reconstruction_only,26,unmodeled_dynamics,0.6385274529457092,0.41864681243896484,0.11015360802412033
11,reconstruction_only,27,control,0.3883669674396515,0.2097768932580948,0.27848726511001587
11,reconstruction_only,27,common_basis,0.3883669674396515,1.4258588552474976,0.2996296286582947
11,reconstruction_only,27,common_correlated,0.3883669674396515,2.2764358520507812,0.2912577688694
11,reconstruction_only,27,common_colored,0.3883669674396515,2.198834180831909,0.3125305473804474
11,reconstruction_only,27,common_exchange,0.3883669674396515,0.24184861779212952,0.2800593674182892
11,reconstruction_only,27,EEG_gain,0.37468764185905457,0.2097768932580948,0.3560244143009186
11,reconstruction_only,27,Hb_gain,0.3883669674396515,0.27692973613739014,0.2868434488773346
11,reconstruction_only,27,noise,0.3802875578403473,0.21123091876506805,0.28903359174728394
11,reconstruction_only,27,lag_1s,0.3883669674396515,0.25594937801361084,0.2824033796787262
11,reconstruction_only,27,driver_amplitude,0.5956736207008362,0.2975500822067261,0.41085752844810486
11,reconstruction_only,27,driver_shape,0.35787901282310486,0.2778395116329193,0.28157952427864075
11,reconstruction_only,27,physiology_tau,0.3883669674396515,0.20523612201213837,0.2781316339969635
11,reconstruction_only,27,unmodeled_dynamics,0.3883669674396515,0.20553547143936157,0.27835196256637573
11,reconstruction_only,28,control,0.13276328146457672,0.16755826771259308,0.13245266675949097
11,reconstruction_only,28,common_basis,0.13276328146457672,0.3519379496574402,0.1369561105966568
11,reconstruction_only,28,common_correlated,0.13276328146457672,2.528568983078003,0.37989550828933716
11,reconstruction_only,28,common_colored,0.13276328146457672,2.0154316425323486,0.25933483242988586
11,reconstruction_only,28,common_exchange,0.13276328146457672,0.5141443014144897,0.16046039760112762
11,reconstruction_only,28,EEG_gain,0.1521635204553604,0.16755826771259308,0.16868636012077332
11,reconstruction_only,28,Hb_gain,0.13276328146457672,0.15402615070343018,0.15781384706497192
11,reconstruction_only,28,noise,0.1282089203596115,0.16891977190971375,0.14368321001529694
11,reconstruction_only,28,lag_1s,0.13276328146457672,0.15745551884174347,0.20757067203521729
11,reconstruction_only,28,driver_amplitude,0.1938571333885193,0.1488639861345291,0.19971956312656403
11,reconstruction_only,28,driver_shape,0.1894555687904358,0.08216643333435059,0.12838006019592285
11,reconstruction_only,28,physiology_tau,0.13276328146457672,0.19164368510246277,0.15769369900226593
11,reconstruction_only,28,unmodeled_dynamics,0.13276328146457672,0.19438579678535461,0.1457972377538681
11,reconstruction_only,29,control,0.5072004795074463,0.24760231375694275,0.17047972977161407
11,reconstruction_only,29,common_basis,0.5072004795074463,0.43202313780784607,0.169935941696167
11,reconstruction_only,29,common_correlated,0.5072004795074463,1.40151047706604,0.19192469120025635
11,reconstruction_only,29,common_colored,0.5072004795074463,1.1941686868667603,0.36025476455688477
11,reconstruction_only,29,common_exchange,0.5072004795074463,0.3508821427822113,0.17947553098201752
11,reconstruction_only,29,EEG_gain,0.5758892297744751,0.24760231375694275,0.22262172400951385
11,reconstruction_only,29,Hb_gain,0.5072004795074463,0.28193557262420654,0.1747434437274933
11,reconstruction_only,29,noise,0.5015060901641846,0.24807266891002655,0.1855786293745041
11,reconstruction_only,29,lag_1s,0.5072004795074463,0.2600073218345642,0.18408142030239105
11,reconstruction_only,29,driver_amplitude,0.7353801727294922,0.30395519733428955,0.2552364468574524
11,reconstruction_only,29,driver_shape,0.664903998374939,0.20221802592277527,0.16924424469470978
11,reconstruction_only,29,physiology_tau,0.5072004795074463,0.23452283442020416,0.18250715732574463
11,reconstruction_only,29,unmodeled_dynamics,0.5072004795074463,0.248819038271904,0.18181899189949036
11,reconstruction_only,30,control,0.4181748330593109,0.3357659876346588,0.15193025767803192
11,reconstruction_only,30,common_basis,0.4181748330593109,1.6175256967544556,0.16294987499713898
11,reconstruction_only,30,common_correlated,0.4181748330593109,1.592565655708313,0.28270891308784485
11,reconstruction_only,30,common_colored,0.4181748330593109,3.7676007747650146,0.288302481174469
11,reconstruction_only,30,common_exchange,0.4181748330593109,0.566043496131897,0.17469672858715057
11,reconstruction_only,30,EEG_gain,0.4588414132595062,0.3357659876346588,0.20029540359973907
11,reconstruction_only,30,Hb_gain,0.4181748330593109,0.41413381695747375,0.16673459112644196
11,reconstruction_only,30,noise,0.41391995549201965,0.33514299988746643,0.166172593832016
11,reconstruction_only,30,lag_1s,0.4181748330593109,0.27715325355529785,0.23085035383701324
11,reconstruction_only,30,driver_amplitude,0.5638896822929382,0.44427695870399475,0.22526654601097107
11,reconstruction_only,30,driver_shape,0.5359657406806946,0.3584536015987396,0.1301097571849823
11,reconstruction_only,30,physiology_tau,0.4181748330593109,0.3023828864097595,0.17164532840251923
11,reconstruction_only,30,unmodeled_dynamics,0.4181748330593109,0.3116835951805115,0.1715315282344818
11,reconstruction_only,31,control,0.4915010333061218,0.2026001513004303,0.21377898752689362
11,reconstruction_only,31,common_basis,0.4915010333061218,1.2583177089691162,0.24414218962192535
11,reconstruction_only,31,common_correlated,0.4915010333061218,1.8129624128341675,0.241981640458107
11,reconstruction_only,31,common_colored,0.4915010333061218,2.8517236709594727,0.3703889548778534
11,reconstruction_only,31,common_exchange,0.4915010333061218,0.9289351105690002,0.23641157150268555
11,reconstruction_only,31,EEG_gain,0.5093976259231567,0.2026001513004303,0.27622270584106445
11,reconstruction_only,31,Hb_gain,0.4915010333061218,0.2111537903547287,0.2230316698551178
11,reconstruction_only,31,noise,0.48046794533729553,0.20045754313468933,0.22237245738506317
11,reconstruction_only,31,lag_1s,0.4915010333061218,0.23557260632514954,0.2216624766588211
11,reconstruction_only,31,driver_amplitude,0.7224238514900208,0.25274208188056946,0.31879132986068726
11,reconstruction_only,31,driver_shape,0.5697436332702637,0.09957090765237808,0.19329975545406342
11,reconstruction_only,31,physiology_tau,0.4915010333061218,0.198701873421669,0.21435746550559998
11,reconstruction_only,31,unmodeled_dynamics,0.4915010333061218,0.18383774161338806,0.21637976169586182
11,reconstruction_only,32,control,0.3706272542476654,0.6610472202301025,0.12216945737600327
11,reconstruction_only,32,common_basis,0.3706272542476654,1.2449556589126587,0.13527032732963562
11,reconstruction_only,32,common_correlated,0.3706272542476654,3.112841844558716,0.1654575616121292
11,reconstruction_only,32,common_colored,0.3706272542476654,3.5701000690460205,0.3827853202819824
11,reconstruction_only,32,common_exchange,0.3706272542476654,0.6251809000968933,0.12399157881736755
11,reconstruction_only,32,EEG_gain,0.5955235362052917,0.6610472202301025,0.16721700131893158
11,reconstruction_only,32,Hb_gain,0.3706272542476654,0.9006637930870056,0.13720236718654633
11,reconstruction_only,32,noise,0.37961941957473755,0.6589034199714661,0.13402502238750458
11,reconstruction_only,32,lag_1s,0.3706272542476654,0.837022602558136,0.17046533524990082
11,reconstruction_only,32,driver_amplitude,0.5304853320121765,1.0708194971084595,0.2035088837146759
11,reconstruction_only,32,driver_shape,0.38746050000190735,0.7705777287483215,0.11818515509366989
11,reconstruction_only,32,physiology_tau,0.3706272542476654,0.2740063965320587,0.1516478955745697
11,reconstruction_only,32,unmodeled_dynamics,0.3706272542476654,0.5295016765594482,0.1332954466342926
11,reconstruction_only,33,control,0.2714344561100006,0.1837553232908249,0.2030312418937683
11,reconstruction_only,33,common_basis,0.2714344561100006,1.4038500785827637,0.23176275193691254
11,reconstruction_only,33,common_correlated,0.2714344561100006,2.676628828048706,0.24137108027935028
11,reconstruction_only,33,common_colored,0.2714344561100006,2.2961835861206055,0.29850438237190247
11,reconstruction_only,33,common_exchange,0.2714344561100006,0.315733402967453,0.21241949498653412
11,reconstruction_only,33,EEG_gain,0.30672487616539,0.1837553232908249,0.2621839642524719
11,reconstruction_only,33,Hb_gain,0.2714344561100006,0.25019997358322144,0.21505974233150482
11,reconstruction_only,33,noise,0.2830108106136322,0.18063727021217346,0.216607004404068
11,reconstruction_only,33,lag_1s,0.2714344561100006,0.1806585192680359,0.23285652697086334
11,reconstruction_only,33,driver_amplitude,0.4619494080543518,0.30298975110054016,0.303141325712204
11,reconstruction_only,33,driver_shape,0.18656273186206818,0.23695963621139526,0.20318010449409485
11,reconstruction_only,33,physiology_tau,0.2714344561100006,0.20249934494495392,0.2175508290529251
11,reconstruction_only,33,unmodeled_dynamics,0.2714344561100006,0.14447776973247528,0.2132977992296219
11,reconstruction_only,34,control,0.8751747608184814,0.5993830561637878,0.10216768085956573
11,reconstruction_only,34,common_basis,0.8751747608184814,1.0836186408996582,0.10504088550806046
11,reconstruction_only,34,common_correlated,0.8751747608184814,1.54755699634552,0.17107200622558594
11,reconstruction_only,34,common_colored,0.8751747608184814,2.722891092300415,0.21101520955562592
11,reconstruction_only,34,common_exchange,0.8751747608184814,0.3874219059944153,0.10999058932065964
11,reconstruction_only,34,EEG_gain,0.8467788100242615,0.5993830561637878,0.14210279285907745
11,reconstruction_only,34,Hb_gain,0.8751747608184814,0.80451899766922,0.13114847242832184
11,reconstruction_only,34,noise,0.886274516582489,0.593034565448761,0.11737846583127975
11,reconstruction_only,34,lag_1s,0.8751747608184814,0.479076087474823,0.17014296352863312
11,reconstruction_only,34,driver_amplitude,1.359296441078186,0.916080117225647,0.17876257002353668
11,reconstruction_only,34,driver_shape,0.7244547009468079,0.6422461271286011,0.11865929514169693
11,reconstruction_only,34,physiology_tau,0.8751747608184814,0.5211518406867981,0.17154479026794434
11,reconstruction_only,34,unmodeled_dynamics,0.8751747608184814,0.6160669326782227,0.14517469704151154
11,reconstruction_only,35,control,0.45096224546432495,0.2822180390357971,0.17143823206424713
11,reconstruction_only,35,common_basis,0.45096224546432495,0.24229088425636292,0.17327821254730225
11,reconstruction_only,35,common_correlated,0.45096224546432495,1.7076032161712646,0.19828195869922638
11,reconstruction_only,35,common_colored,0.45096224546432495,1.9490807056427002,0.29954391717910767
11,reconstruction_only,35,common_exchange,0.45096224546432495,0.7654286026954651,0.19202660024166107
11,reconstruction_only,35,EEG_gain,0.3877539336681366,0.2822180390357971,0.22241908311843872
11,reconstruction_only,35,Hb_gain,0.45096224546432495,0.35908186435699463,0.1902226358652115
11,reconstruction_only,35,noise,0.44530823826789856,0.28297898173332214,0.18617506325244904
11,reconstruction_only,35,lag_1s,0.45096224546432495,0.26069125533103943,0.20667071640491486
11,reconstruction_only,35,driver_amplitude,0.6393967270851135,0.42124077677726746,0.2620169520378113
11,reconstruction_only,35,driver_shape,0.6497811675071716,0.35020408034324646,0.17972332239151
11,reconstruction_only,35,physiology_tau,0.45096224546432495,0.2826462984085083,0.18646150827407837
11,reconstruction_only,35,unmodeled_dynamics,0.45096224546432495,0.30808737874031067,0.1848181039094925
11,reconstruction_only,36,control,0.46074751019477844,0.4628669321537018,0.10378517955541611
11,reconstruction_only,36,common_basis,0.46074751019477844,0.6585342884063721,0.1545996218919754
11,reconstruction_only,36,common_correlated,0.46074751019477844,2.423496961593628,0.1827382594347
11,reconstruction_only,36,common_colored,0.46074751019477844,1.623860478401184,0.2913765013217926
11,reconstruction_only,36,common_exchange,0.46074751019477844,0.6538883447647095,0.11512096226215363
11,reconstruction_only,36,EEG_gain,0.523408830165863,0.4628669321537018,0.1355581134557724
11,reconstruction_only,36,Hb_gain,0.46074751019477844,0.6025756001472473,0.14622288942337036
11,reconstruction_only,36,noise,0.45476752519607544,0.4616785943508148,0.1215260922908783
11,reconstruction_only,36,lag_1s,0.46074751019477844,0.5764859318733215,0.1847963184118271
11,reconstruction_only,36,driver_amplitude,0.7356855869293213,0.6959351897239685,0.16089919209480286
11,reconstruction_only,36,driver_shape,0.4351549744606018,0.411355197429657,0.11132314056158066
11,reconstruction_only,36,physiology_tau,0.46074751019477844,0.2017599195241928,0.12151661515235901
11,reconstruction_only,36,unmodeled_dynamics,0.46074751019477844,0.32989999651908875,0.11900432407855988
11,reconstruction_only,37,control,0.31763067841529846,0.3818977177143097,0.17709366977214813
11,reconstruction_only,37,common_basis,0.31763067841529846,0.778594434261322,0.18581406772136688
11,reconstruction_only,37,common_correlated,0.31763067841529846,3.6012959480285645,0.30936574935913086
11,reconstruction_only,37,common_colored,0.31763067841529846,1.7185643911361694,0.36594143509864807
11,reconstruction_only,37,common_exchange,0.31763067841529846,0.5228897333145142,0.18788956105709076
11,reconstruction_only,37,EEG_gain,0.3664030134677887,0.3818977177143097,0.22813737392425537
11,reconstruction_only,37,Hb_gain,0.31763067841529846,0.422027051448822,0.19530710577964783
11,reconstruction_only,37,noise,0.3322180509567261,0.3772014379501343,0.19107408821582794
11,reconstruction_only,37,lag_1s,0.31763067841529846,0.4723203778266907,0.20777983963489532
11,reconstruction_only,37,driver_amplitude,0.45416080951690674,0.451081782579422,0.270307332277298
11,reconstruction_only,37,driver_shape,0.47210460901260376,0.2992946207523346,0.17409057915210724
11,reconstruction_only,37,physiology_tau,0.31763067841529846,0.31524980068206787,0.20995523035526276
11,reconstruction_only,37,unmodeled_dynamics,0.31763067841529846,0.37383660674095154,0.20146510004997253
11,reconstruction_only,38,control,0.29999178647994995,0.535747766494751,0.13012872636318207
11,reconstruction_only,38,common_basis,0.29999178647994995,0.7264016270637512,0.13544216752052307
11,reconstruction_only,38,common_correlated,0.29999178647994995,1.3705604076385498,0.1322714239358902
11,reconstruction_only,38,common_colored,0.29999178647994995,2.9600934982299805,0.3149549961090088
11,reconstruction_only,38,common_exchange,0.29999178647994995,0.6536175012588501,0.15864817798137665
11,reconstruction_only,38,EEG_gain,0.4777664244174957,0.535747766494751,0.16364453732967377
11,reconstruction_only,38,Hb_gain,0.29999178647994995,0.7499554753303528,0.17092105746269226
11,reconstruction_only,38,noise,0.28984352946281433,0.536609947681427,0.14258036017417908
11,reconstruction_only,38,lag_1s,0.29999178647994995,0.596025288105011,0.16919541358947754
11,reconstruction_only,38,driver_amplitude,0.494605153799057,0.8793067932128906,0.1987946778535843
11,reconstruction_only,38,driver_shape,0.26950985193252563,0.6236190795898438,0.1263938844203949
11,reconstruction_only,38,physiology_tau,0.29999178647994995,0.35615813732147217,0.18793350458145142
11,reconstruction_only,38,unmodeled_dynamics,0.29999178647994995,0.5306223630905151,0.16731373965740204
11,reconstruction_only,39,control,0.3622528314590454,0.11012611538171768,0.17824353277683258
11,reconstruction_only,39,common_basis,0.3622528314590454,1.4320942163467407,0.18126872181892395
11,reconstruction_only,39,common_correlated,0.3622528314590454,0.6526030898094177,0.3007194995880127
11,reconstruction_only,39,common_colored,0.3622528314590454,1.7687917947769165,0.22232702374458313
11,reconstruction_only,39,common_exchange,0.3622528314590454,0.35119709372520447,0.21473363041877747
11,reconstruction_only,39,EEG_gain,0.36597317457199097,0.11012611538171768,0.22065812349319458
11,reconstruction_only,39,Hb_gain,0.3622528314590454,0.1590050607919693,0.2152206301689148
11,reconstruction_only,39,noise,0.3487400412559509,0.11120405793190002,0.18951937556266785
11,reconstruction_only,39,lag_1s,0.3622528314590454,0.1454751044511795,0.25705257058143616
11,reconstruction_only,39,driver_amplitude,0.6005750298500061,0.15260371565818787,0.275382399559021
11,reconstruction_only,39,driver_shape,0.2846905291080475,0.18229475617408752,0.18140271306037903
11,reconstruction_only,39,physiology_tau,0.3622528314590454,0.1183210015296936,0.19913172721862793
11,reconstruction_only,39,unmodeled_dynamics,0.3622528314590454,0.13067764043807983,0.18910308182239532
11,reconstruction_only,40,control,0.3553575277328491,0.2654098570346832,0.12797760963439941
11,reconstruction_only,40,common_basis,0.3553575277328491,0.4715100824832916,0.13630099594593048
11,reconstruction_only,40,common_correlated,0.3553575277328491,1.8197849988937378,0.15999652445316315
11,reconstruction_only,40,common_colored,0.3553575277328491,1.9542512893676758,0.1857416331768036
11,reconstruction_only,40,common_exchange,0.3553575277328491,0.6236772537231445,0.18523935973644257
11,reconstruction_only,40,EEG_gain,0.44578880071640015,0.2654098570346832,0.16055843234062195
11,reconstruction_only,40,Hb_gain,0.3553575277328491,0.36615437269210815,0.13976018130779266
11,reconstruction_only,40,noise,0.3488308787345886,0.2659352123737335,0.14327363669872284
11,reconstruction_only,40,lag_1s,0.3553575277328491,0.3280368447303772,0.14383336901664734
11,reconstruction_only,40,driver_amplitude,0.5189232230186462,0.4440286457538605,0.18729044497013092
11,reconstruction_only,40,driver_shape,0.4013037085533142,0.2763044536113739,0.1236782968044281
11,reconstruction_only,40,physiology_tau,0.3553575277328491,0.18117885291576385,0.13350413739681244
11,reconstruction_only,40,unmodeled_dynamics,0.3553575277328491,0.22310197353363037,0.12733985483646393
11,reconstruction_only,41,control,0.4636930525302887,0.5114831924438477,0.18084143102169037
11,reconstruction_only,41,common_basis,0.4636930525302887,0.7471528649330139,0.18272456526756287
11,reconstruction_only,41,common_correlated,0.4636930525302887,0.746780276298523,0.18970750272274017
11,reconstruction_only,41,common_colored,0.4636930525302887,2.81622314453125,0.32075604796409607
11,reconstruction_only,41,common_exchange,0.4636930525302887,0.4948081970214844,0.1897437423467636
11,reconstruction_only,41,EEG_gain,0.6261871457099915,0.5114831924438477,0.23870597779750824
11,reconstruction_only,41,Hb_gain,0.4636930525302887,0.7126859426498413,0.19420666992664337
11,reconstruction_only,41,noise,0.46799248456954956,0.5148153901100159,0.1911361962556839
11,reconstruction_only,41,lag_1s,0.4636930525302887,0.44805246591567993,0.19878409802913666
11,reconstruction_only,41,driver_amplitude,0.6930743455886841,0.8671702146530151,0.27521076798439026
11,reconstruction_only,41,driver_shape,0.40193989872932434,0.5921481251716614,0.17430749535560608
11,reconstruction_only,41,physiology_tau,0.4636930525302887,0.4767189621925354,0.20861655473709106
11,reconstruction_only,41,unmodeled_dynamics,0.4636930525302887,0.5024941563606262,0.20494070649147034
11,reconstruction_only,42,control,0.3486398756504059,0.17833474278450012,0.10429481416940689
11,reconstruction_only,42,common_basis,0.3486398756504059,0.40994614362716675,0.11055728048086166
11,reconstruction_only,42,common_correlated,0.3486398756504059,1.6475037336349487,0.20034131407737732
11,reconstruction_only,42,common_colored,0.3486398756504059,1.3452924489974976,0.3188129961490631
11,reconstruction_only,42,common_exchange,0.3486398756504059,0.07386799156665802,0.14020904898643494
11,reconstruction_only,42,EEG_gain,0.417264848947525,0.17833474278450012,0.13758549094200134
11,reconstruction_only,42,Hb_gain,0.3486398756504059,0.17012977600097656,0.12050920724868774
11,reconstruction_only,42,noise,0.349529504776001,0.17921066284179688,0.11769798398017883
11,reconstruction_only,42,lag_1s,0.3486398756504059,0.1533016413450241,0.1742716282606125
11,reconstruction_only,42,driver_amplitude,0.5154934525489807,0.1743551343679428,0.16062529385089874
11,reconstruction_only,42,driver_shape,0.3360058665275574,0.1453033983707428,0.12744218111038208
11,reconstruction_only,42,physiology_tau,0.3486398756504059,0.15617869794368744,0.13012756407260895
11,reconstruction_only,42,unmodeled_dynamics,0.3486398756504059,0.1878054141998291,0.13251429796218872
11,reconstruction_only,43,control,0.34680166840553284,0.3718903958797455,0.1977585107088089
11,reconstruction_only,43,common_basis,0.34680166840553284,0.7359342575073242,0.21815231442451477
11,reconstruction_only,43,common_correlated,0.34680166840553284,2.031139612197876,0.2250770777463913
11,reconstruction_only,43,common_colored,0.34680166840553284,0.8899363875389099,0.3548210859298706
11,reconstruction_only,43,common_exchange,0.34680166840553284,0.5333647727966309,0.20910406112670898
11,reconstruction_only,43,EEG_gain,0.33618199825286865,0.3718903958797455,0.26309189200401306
11,reconstruction_only,43,Hb_gain,0.34680166840553284,0.46831098198890686,0.2243526130914688
11,reconstruction_only,43,noise,0.3385108709335327,0.3716839849948883,0.2048322856426239
11,reconstruction_only,43,lag_1s,0.34680166840553284,0.4266568124294281,0.2271302044391632
11,reconstruction_only,43,driver_amplitude,0.5450500845909119,0.5145254135131836,0.29869166016578674
11,reconstruction_only,43,driver_shape,0.41673967242240906,0.4183790683746338,0.1987273246049881
11,reconstruction_only,43,physiology_tau,0.34680166840553284,0.30129560828208923,0.21997973322868347
11,reconstruction_only,43,unmodeled_dynamics,0.34680166840553284,0.299114853143692,0.2106572538614273
11,reconstruction_only,44,control,0.44999757409095764,0.394829124212265,0.11319677531719208
11,reconstruction_only,44,common_basis,0.44999757409095764,0.7885832786560059,0.1294451653957367
11,reconstruction_only,44,common_correlated,0.44999757409095764,1.4976732730865479,0.1569501757621765
11,reconstruction_only,44,common_colored,0.44999757409095764,2.117591619491577,0.22714120149612427
11,reconstruction_only,44,common_exchange,0.44999757409095764,0.4649112820625305,0.12039671838283539
11,reconstruction_only,44,EEG_gain,0.45280471444129944,0.394829124212265,0.14337345957756042
11,reconstruction_only,44,Hb_gain,0.44999757409095764,0.48417311906814575,0.1235945001244545
11,reconstruction_only,44,noise,0.4383051097393036,0.3956019878387451,0.13035498559474945
11,reconstruction_only,44,lag_1s,0.44999757409095764,0.37482699751853943,0.1806100457906723
11,reconstruction_only,44,driver_amplitude,0.6289862394332886,0.5345921516418457,0.1613350510597229
11,reconstruction_only,44,driver_shape,0.6227637529373169,0.3848434090614319,0.11534076929092407
11,reconstruction_only,44,physiology_tau,0.44999757409095764,0.32428061962127686,0.14308810234069824
11,reconstruction_only,44,unmodeled_dynamics,0.44999757409095764,0.3593244254589081,0.12246526032686234
11,reconstruction_only,45,control,0.7138047814369202,0.48329707980155945,0.16419489681720734
11,reconstruction_only,45,common_basis,0.7138047814369202,0.7530489563941956,0.1940416544675827
11,reconstruction_only,45,common_correlated,0.7138047814369202,2.2016899585723877,0.18314620852470398
11,reconstruction_only,45,common_colored,0.7138047814369202,2.9108498096466064,0.3245928883552551
11,reconstruction_only,45,common_exchange,0.7138047814369202,0.5978448987007141,0.1677265167236328
11,reconstruction_only,45,EEG_gain,0.6760721206665039,0.48329707980155945,0.21564526855945587
11,reconstruction_only,45,Hb_gain,0.7138047814369202,0.6012940406799316,0.18584024906158447
11,reconstruction_only,45,noise,0.7159119844436646,0.4814068675041199,0.17348076403141022
11,reconstruction_only,45,lag_1s,0.7138047814369202,0.49395114183425903,0.18721480667591095
11,reconstruction_only,45,driver_amplitude,1.1347919702529907,0.6727440357208252,0.24786542356014252
11,reconstruction_only,45,driver_shape,0.7330931425094604,0.40467482805252075,0.15890347957611084
11,reconstruction_only,45,physiology_tau,0.7138047814369202,0.2329590618610382,0.17462638020515442
11,reconstruction_only,45,unmodeled_dynamics,0.7138047814369202,0.42659881711006165,0.17217794060707092
11,reconstruction_only,46,control,0.5358564853668213,0.19127315282821655,0.1169268935918808
11,reconstruction_only,46,common_basis,0.5358564853668213,0.7101277112960815,0.1341334879398346
11,reconstruction_only,46,common_correlated,0.5358564853668213,1.8461610078811646,0.13981661200523376
11,reconstruction_only,46,common_colored,0.5358564853668213,3.482619285583496,0.3487910330295563
11,reconstruction_only,46,common_exchange,0.5358564853668213,0.2514466345310211,0.13022825121879578
11,reconstruction_only,46,EEG_gain,0.4973439574241638,0.19127315282821655,0.14552095532417297
11,reconstruction_only,46,Hb_gain,0.5358564853668213,0.2825220823287964,0.15408888459205627
11,reconstruction_only,46,noise,0.5456826686859131,0.19374412298202515,0.12786726653575897
11,reconstruction_only,46,lag_1s,0.5358564853668213,0.15326452255249023,0.12578044831752777
11,reconstruction_only,46,driver_amplitude,0.8475203514099121,0.4268522560596466,0.19489340484142303
11,reconstruction_only,46,driver_shape,0.5237609148025513,0.28777432441711426,0.12348608672618866
11,reconstruction_only,46,physiology_tau,0.5358564853668213,0.27989551424980164,0.11204441636800766
11,reconstruction_only,46,unmodeled_dynamics,0.5358564853668213,0.1920984387397766,0.12091342359781265
11,reconstruction_only,47,control,0.745802640914917,0.3808482587337494,0.11419128626585007
11,reconstruction_only,47,common_basis,0.745802640914917,1.3699767589569092,0.13155582547187805
11,reconstruction_only,47,common_correlated,0.745802640914917,1.008047103881836,0.15468403697013855
11,reconstruction_only,47,common_colored,0.745802640914917,1.9549874067306519,0.20931069552898407
11,reconstruction_only,47,common_exchange,0.745802640914917,0.45247069001197815,0.18173056840896606
11,reconstruction_only,47,EEG_gain,0.6670892238616943,0.3808482587337494,0.14340780675411224
11,reconstruction_only,47,Hb_gain,0.745802640914917,0.476193368434906,0.1480811983346939
11,reconstruction_only,47,noise,0.7550838589668274,0.38002973794937134,0.1268061250448227
11,reconstruction_only,47,lag_1s,0.745802640914917,0.3106876611709595,0.1616826355457306
11,reconstruction_only,47,driver_amplitude,1.1556872129440308,0.49619102478027344,0.18521948158740997
11,reconstruction_only,47,driver_shape,0.643654465675354,0.369040310382843,0.11679195612668991
11,reconstruction_only,47,physiology_tau,0.745802640914917,0.47027456760406494,0.14474043250083923
11,reconstruction_only,47,unmodeled_dynamics,0.745802640914917,0.3758789896965027,0.11646545678377151
11,reconstruction_only,48,control,0.21191197633743286,0.3599839210510254,0.10441174358129501
11,reconstruction_only,48,common_basis,0.21191197633743286,0.7322182059288025,0.1248251423239708
11,reconstruction_only,48,common_correlated,0.21191197633743286,2.444359540939331,0.14100868999958038
11,reconstruction_only,48,common_colored,0.21191197633743286,2.401461601257324,0.3017638027667999
11,reconstruction_only,48,common_exchange,0.21191197633743286,0.5085353851318359,0.09819518774747849
11,reconstruction_only,48,EEG_gain,0.2215760350227356,0.3599839210510254,0.13119721412658691
11,reconstruction_only,48,Hb_gain,0.21191197633743286,0.42233049869537354,0.12191124260425568
11,reconstruction_only,48,noise,0.2239198237657547,0.35526546835899353,0.11883499473333359
11,reconstruction_only,48,lag_1s,0.21191197633743286,0.3201729953289032,0.15640448033809662
11,reconstruction_only,48,driver_amplitude,0.29107582569122314,0.45825663208961487,0.1547914445400238
11,reconstruction_only,48,driver_shape,0.35527297854423523,0.27609819173812866,0.09698754549026489
11,reconstruction_only,48,physiology_tau,0.21191197633743286,0.2644905149936676,0.13166998326778412
11,reconstruction_only,48,unmodeled_dynamics,0.21191197633743286,0.34027159214019775,0.13422514498233795
11,reconstruction_only,49,control,0.41761836409568787,0.1813376545906067,0.18286491930484772
11,reconstruction_only,49,common_basis,0.41761836409568787,0.33679887652397156,0.18324647843837738
11,reconstruction_only,49,common_correlated,0.41761836409568787,1.1998133659362793,0.2592175602912903
11,reconstruction_only,49,common_colored,0.41761836409568787,1.4568208456039429,0.3202364146709442
11,reconstruction_only,49,common_exchange,0.41761836409568787,0.3477596938610077,0.1869605928659439
11,reconstruction_only,49,EEG_gain,0.36748671531677246,0.1813376545906067,0.2439284473657608
11,reconstruction_only,49,Hb_gain,0.41761836409568787,0.2095123678445816,0.20621898770332336
11,reconstruction_only,49,noise,0.4165375232696533,0.18010975420475006,0.1962854266166687
11,reconstruction_only,49,lag_1s,0.41761836409568787,0.3398963510990143,0.22676341235637665
11,reconstruction_only,49,driver_amplitude,0.6237221956253052,0.22949126362800598,0.27741703391075134
11,reconstruction_only,49,driver_shape,0.4412826895713806,0.20334435999393463,0.19126439094543457
11,reconstruction_only,49,physiology_tau,0.41761836409568787,0.250555157661438,0.2247374951839447
11,reconstruction_only,49,unmodeled_dynamics,0.41761836409568787,0.21015667915344238,0.20703107118606567
11,reconstruction_only,50,control,0.37188881635665894,0.3628767430782318,0.08991865068674088
11,reconstruction_only,50,common_basis,0.37188881635665894,0.813432514667511,0.10217621922492981
11,reconstruction_only,50,common_correlated,0.37188881635665894,2.2175471782684326,0.12105749547481537
11,reconstruction_only,50,common_colored,0.37188881635665894,3.432215452194214,0.2696957290172577
11,reconstruction_only,50,common_exchange,0.37188881635665894,0.6859303116798401,0.10153951495885849
11,reconstruction_only,50,EEG_gain,0.3563893437385559,0.3628767430782318,0.13026657700538635
11,reconstruction_only,50,Hb_gain,0.37188881635665894,0.5409040451049805,0.10950874537229538
11,reconstruction_only,50,noise,0.37794986367225647,0.36604660749435425,0.10508134961128235
11,reconstruction_only,50,lag_1s,0.37188881635665894,0.315767765045166,0.15131014585494995
11,reconstruction_only,50,driver_amplitude,0.6436949372291565,0.5974165201187134,0.14087265729904175
11,reconstruction_only,50,driver_shape,0.32804977893829346,0.43337130546569824,0.08024396747350693
11,reconstruction_only,50,physiology_tau,0.37188881635665894,0.26609519124031067,0.15195734798908234
11,reconstruction_only,50,unmodeled_dynamics,0.37188881635665894,0.35576319694519043,0.13686639070510864
11,reconstruction_only,51,control,0.31788015365600586,0.1520959734916687,0.23289069533348083
11,reconstruction_only,51,common_basis,0.31788015365600586,1.3102842569351196,0.2602444589138031
11,reconstruction_only,51,common_correlated,0.31788015365600586,0.6707656979560852,0.30773645639419556
11,reconstruction_only,51,common_colored,0.31788015365600586,1.03347909450531,0.34270304441452026
11,reconstruction_only,51,common_exchange,0.31788015365600586,0.10404501855373383,0.23542502522468567
11,reconstruction_only,51,EEG_gain,0.4884737730026245,0.1520959734916687,0.31312936544418335
11,reconstruction_only,51,Hb_gain,0.31788015365600586,0.16736379265785217,0.24386940896511078
11,reconstruction_only,51,noise,0.320501446723938,0.14943233132362366,0.23498396575450897
11,reconstruction_only,51,lag_1s,0.31788015365600586,0.1060560941696167,0.2641895115375519
11,reconstruction_only,51,driver_amplitude,0.552975594997406,0.18432292342185974,0.3642879128456116
11,reconstruction_only,51,driver_shape,0.2737680971622467,0.08068195730447769,0.21253027021884918
11,reconstruction_only,51,physiology_tau,0.31788015365600586,0.17841459810733795,0.26362353563308716
11,reconstruction_only,51,unmodeled_dynamics,0.31788015365600586,0.17016316950321198,0.26613733172416687
11,reconstruction_only,52,control,0.6590153574943542,0.3897257447242737,0.14320115745067596
11,reconstruction_only,52,common_basis,0.6590153574943542,0.3853984773159027,0.14251017570495605
11,reconstruction_only,52,common_correlated,0.6590153574943542,4.8963727951049805,0.2635994851589203
11,reconstruction_only,52,common_colored,0.6590153574943542,1.9648044109344482,0.20910733938217163
11,reconstruction_only,52,common_exchange,0.6590153574943542,0.5330019593238831,0.21440920233726501
11,reconstruction_only,52,EEG_gain,0.720563530921936,0.3897257447242737,0.19495300948619843
11,reconstruction_only,52,Hb_gain,0.6590153574943542,0.5449451208114624,0.15737994015216827
11,reconstruction_only,52,noise,0.6765555143356323,0.3885277807712555,0.15173643827438354
11,reconstruction_only,52,lag_1s,0.6590153574943542,0.3885302245616913,0.2007577121257782
11,reconstruction_only,52,driver_amplitude,0.9980641603469849,0.65237957239151,0.21659184992313385
11,reconstruction_only,52,driver_shape,0.4848311245441437,0.4942191541194916,0.11814626306295395
11,reconstruction_only,52,physiology_tau,0.6590153574943542,0.20611989498138428,0.158223494887352
11,reconstruction_only,52,unmodeled_dynamics,0.6590153574943542,0.352013498544693,0.14747193455696106
11,reconstruction_only,53,control,0.5959135890007019,0.20892176032066345,0.14276474714279175
11,reconstruction_only,53,common_basis,0.5959135890007019,0.7888076901435852,0.1459217071533203
11,reconstruction_only,53,common_correlated,0.5959135890007019,1.3547859191894531,0.1689411699771881
11,reconstruction_only,53,common_colored,0.5959135890007019,2.06253719329834,0.21518480777740479
11,reconstruction_only,53,common_exchange,0.5959135890007019,0.2216896116733551,0.1496037393808365
11,reconstruction_only,53,EEG_gain,0.5791821479797363,0.20892176032066345,0.18394452333450317
11,reconstruction_only,53,Hb_gain,0.5959135890007019,0.2593604624271393,0.16610893607139587
11,reconstruction_only,53,noise,0.6067264676094055,0.2109823226928711,0.15775975584983826
11,reconstruction_only,53,lag_1s,0.5959135890007019,0.2185792624950409,0.18192030489444733
11,reconstruction_only,53,driver_amplitude,0.9119033813476562,0.30778732895851135,0.21832391619682312
11,reconstruction_only,53,driver_shape,0.5168117880821228,0.20972280204296112,0.14666546881198883
11,reconstruction_only,53,physiology_tau,0.5959135890007019,0.2624529004096985,0.17003780603408813
11,reconstruction_only,53,unmodeled_dynamics,0.5959135890007019,0.19096030294895172,0.14711782336235046
11,reconstruction_only,54,control,0.190945565700531,0.39632096886634827,0.15748567879199982
11,reconstruction_only,54,common_basis,0.190945565700531,1.1263989210128784,0.16785597801208496
11,reconstruction_only,54,common_correlated,0.190945565700531,2.2996463775634766,0.3237072825431824
11,reconstruction_only,54,common_colored,0.190945565700531,2.900428533554077,0.38760918378829956
11,reconstruction_only,54,common_exchange,0.190945565700531,0.42800018191337585,0.17019501328468323
11,reconstruction_only,54,EEG_gain,0.25629016757011414,0.39632096886634827,0.21247369050979614
11,reconstruction_only,54,Hb_gain,0.190945565700531,0.47226184606552124,0.17785190045833588
11,reconstruction_only,54,noise,0.18112468719482422,0.39135780930519104,0.1649833619594574
11,reconstruction_only,54,lag_1s,0.190945565700531,0.3968731760978699,0.21488763391971588
11,reconstruction_only,54,driver_amplitude,0.286388099193573,0.532529354095459,0.24349762499332428
11,reconstruction_only,54,driver_shape,0.3193773329257965,0.2980096638202667,0.1604592204093933
11,reconstruction_only,54,physiology_tau,0.190945565700531,0.29886847734451294,0.19628047943115234
11,reconstruction_only,54,unmodeled_dynamics,0.190945565700531,0.37576666474342346,0.18632078170776367
11,reconstruction_only,55,control,0.33486950397491455,0.26073533296585083,0.1790149062871933
11,reconstruction_only,55,common_basis,0.33486950397491455,1.4352904558181763,0.1981629878282547
11,reconstruction_only,55,common_correlated,0.33486950397491455,1.9802073240280151,0.2297801673412323
11,reconstruction_only,55,common_colored,0.33486950397491455,1.0983351469039917,0.2469051629304886
11,reconstruction_only,55,common_exchange,0.33486950397491455,0.8034263849258423,0.2070285975933075
11,reconstruction_only,55,EEG_gain,0.2937168478965759,0.26073533296585083,0.23436954617500305
11,reconstruction_only,55,Hb_gain,0.33486950397491455,0.3702707886695862,0.19693638384342194
11,reconstruction_only,55,noise,0.3530387878417969,0.2536050081253052,0.18334174156188965
11,reconstruction_only,55,lag_1s,0.33486950397491455,0.16792617738246918,0.24165141582489014
11,reconstruction_only,55,driver_amplitude,0.5460439920425415,0.4684814512729645,0.26611512899398804
11,reconstruction_only,55,driver_shape,0.33670032024383545,0.30880019068717957,0.17888255417346954
11,reconstruction_only,55,physiology_tau,0.33486950397491455,0.30798861384391785,0.21818768978118896
11,reconstruction_only,55,unmodeled_dynamics,0.33486950397491455,0.27789604663848877,0.2108805924654007
11,reconstruction_only,56,control,0.3465391993522644,0.39159929752349854,0.21166327595710754
11,reconstruction_only,56,common_basis,0.3465391993522644,0.8338258266448975,0.21699506044387817
11,reconstruction_only,56,common_correlated,0.3465391993522644,2.2601399421691895,0.28665441274642944
11,reconstruction_only,56,common_colored,0.3465391993522644,1.0701059103012085,0.4114478528499603
11,reconstruction_only,56,common_exchange,0.3465391993522644,0.5757465958595276,0.23772898316383362
11,reconstruction_only,56,EEG_gain,0.4773392677307129,0.39159929752349854,0.28198546171188354
11,reconstruction_only,56,Hb_gain,0.3465391993522644,0.5557426810264587,0.2177511304616928
11,reconstruction_only,56,noise,0.35150963068008423,0.3916204571723938,0.22089117765426636
11,reconstruction_only,56,lag_1s,0.3465391993522644,0.5225749611854553,0.254545658826828
11,reconstruction_only,56,driver_amplitude,0.5424003601074219,0.6656008958816528,0.32599300146102905
11,reconstruction_only,56,driver_shape,0.3188612461090088,0.513103187084198,0.2180023491382599
11,reconstruction_only,56,physiology_tau,0.3465391993522644,0.17416536808013916,0.2348119616508484
11,reconstruction_only,56,unmodeled_dynamics,0.3465391993522644,0.3497416079044342,0.23529504239559174
11,reconstruction_only,57,control,0.6965100765228271,0.3008836805820465,0.1421786993741989
11,reconstruction_only,57,common_basis,0.6965100765228271,1.2602611780166626,0.15135625004768372
11,reconstruction_only,57,common_correlated,0.6965100765228271,1.3178893327713013,0.157719224691391
11,reconstruction_only,57,common_colored,0.6965100765228271,3.0281496047973633,0.26316240429878235
11,reconstruction_only,57,common_exchange,0.6965100765228271,0.41889283061027527,0.14904557168483734
11,reconstruction_only,57,EEG_gain,0.7345370054244995,0.3008836805820465,0.17888037860393524
11,reconstruction_only,57,Hb_gain,0.6965100765228271,0.42161697149276733,0.14680716395378113
11,reconstruction_only,57,noise,0.7036126255989075,0.3025664687156677,0.15461759269237518
11,reconstruction_only,57,lag_1s,0.6965100765228271,0.2912675738334656,0.1528944969177246
11,reconstruction_only,57,driver_amplitude,1.0883262157440186,0.5061225891113281,0.20956137776374817
11,reconstruction_only,57,driver_shape,0.5674729347229004,0.3716493546962738,0.15123498439788818
11,reconstruction_only,57,physiology_tau,0.6965100765228271,0.19128283858299255,0.1442347764968872
11,reconstruction_only,57,unmodeled_dynamics,0.6965100765228271,0.2922159433364868,0.14458714425563812
11,reconstruction_only,58,control,0.6800366640090942,0.3260234594345093,0.10148095339536667
11,reconstruction_only,58,common_basis,0.6800366640090942,0.6966094374656677,0.11608726531267166
11,reconstruction_only,58,common_correlated,0.6800366640090942,0.657286524772644,0.12166523933410645
11,reconstruction_only,58,common_colored,0.6800366640090942,2.345639705657959,0.1799052208662033
11,reconstruction_only,58,common_exchange,0.6800366640090942,0.8312053680419922,0.13527825474739075
11,reconstruction_only,58,EEG_gain,0.7070504426956177,0.3260234594345093,0.13567350804805756
11,reconstruction_only,58,Hb_gain,0.6800366640090942,0.4438105821609497,0.12221646308898926
11,reconstruction_only,58,noise,0.6706035137176514,0.31989461183547974,0.11215483397245407
11,reconstruction_only,58,lag_1s,0.6800366640090942,0.28870612382888794,0.13481128215789795
11,reconstruction_only,58,driver_amplitude,1.059417963027954,0.47307440638542175,0.16094541549682617
11,reconstruction_only,58,driver_shape,0.5864017009735107,0.3709414601325989,0.10739539563655853
11,reconstruction_only,58,physiology_tau,0.6800366640090942,0.29808083176612854,0.12433867901563644
11,reconstruction_only,58,unmodeled_dynamics,0.6800366640090942,0.36555078625679016,0.11974649131298065
11,reconstruction_only,59,control,0.2910298705101013,0.07602118700742722,0.22796210646629333
11,reconstruction_only,59,common_basis,0.2910298705101013,0.813198447227478,0.24828429520130157
11,reconstruction_only,59,common_correlated,0.2910298705101013,0.8269829154014587,0.27331969141960144
11,reconstruction_only,59,common_colored,0.2910298705101013,2.5789082050323486,0.2953566014766693
11,reconstruction_only,59,common_exchange,0.2910298705101013,0.14780482649803162,0.22549578547477722
11,reconstruction_only,59,EEG_gain,0.2849065363407135,0.07602118700742722,0.29931169748306274
11,reconstruction_only,59,Hb_gain,0.2910298705101013,0.13368429243564606,0.2336045205593109
11,reconstruction_only,59,noise,0.29168975353240967,0.07925116270780563,0.23581741750240326
11,reconstruction_only,59,lag_1s,0.2910298705101013,0.11367595940828323,0.267087459564209
11,reconstruction_only,59,driver_amplitude,0.4295876622200012,0.1657223105430603,0.33561503887176514
11,reconstruction_only,59,driver_shape,0.39225804805755615,0.16304287314414978,0.23797886073589325
11,reconstruction_only,59,physiology_tau,0.2910298705101013,0.1507067084312439,0.2477007955312729
11,reconstruction_only,59,unmodeled_dynamics,0.2910298705101013,0.14014007151126862,0.2351815551519394
11,reconstruction_only,60,control,0.33318156003952026,0.3782164454460144,0.0912848487496376
11,reconstruction_only,60,common_basis,0.33318156003952026,0.7449145913124084,0.11780764907598495
11,reconstruction_only,60,common_correlated,0.33318156003952026,1.4771044254302979,0.13086190819740295
11,reconstruction_only,60,common_colored,0.33318156003952026,1.540907382965088,0.18365967273712158
11,reconstruction_only,60,common_exchange,0.33318156003952026,0.23295144736766815,0.09731073677539825
11,reconstruction_only,60,EEG_gain,0.2839747369289398,0.3782164454460144,0.13223987817764282
11,reconstruction_only,60,Hb_gain,0.33318156003952026,0.4811907112598419,0.10373840481042862
11,reconstruction_only,60,noise,0.33648815751075745,0.3764072358608246,0.10794590413570404
11,reconstruction_only,60,lag_1s,0.33318156003952026,0.3644416928291321,0.1866995394229889
11,reconstruction_only,60,driver_amplitude,0.4875287711620331,0.5404752492904663,0.1431320458650589
11,reconstruction_only,60,driver_shape,0.4283568561077118,0.3605669140815735,0.11619944870471954
11,reconstruction_only,60,physiology_tau,0.33318156003952026,0.32645586133003235,0.12685705721378326
11,reconstruction_only,60,unmodeled_dynamics,0.33318156003952026,0.34570643305778503,0.12004947662353516
11,reconstruction_only,61,control,0.4911314845085144,0.03610892593860626,0.21982690691947937
11,reconstruction_only,61,common_basis,0.4911314845085144,1.0221213102340698,0.2285357266664505
11,reconstruction_only,61,common_correlated,0.4911314845085144,1.561221718788147,0.25463756918907166
11,reconstruction_only,61,common_colored,0.4911314845085144,1.6444522142410278,0.3187689781188965
11,reconstruction_only,61,common_exchange,0.4911314845085144,1.1437616348266602,0.27141574025154114
11,reconstruction_only,61,EEG_gain,0.6086801290512085,0.03610892593860626,0.2888808846473694
11,reconstruction_only,61,Hb_gain,0.4911314845085144,0.09816014766693115,0.22474844753742218
11,reconstruction_only,61,noise,0.47895774245262146,0.03502096235752106,0.2269039899110794
11,reconstruction_only,61,lag_1s,0.4911314845085144,0.1433330476284027,0.24402683973312378
11,reconstruction_only,61,driver_amplitude,0.7703986763954163,0.1419927030801773,0.3357488512992859
11,reconstruction_only,61,driver_shape,0.5436521172523499,0.11478309333324432,0.21987958252429962
11,reconstruction_only,61,physiology_tau,0.4911314845085144,0.23166777193546295,0.23694828152656555
11,reconstruction_only,61,unmodeled_dynamics,0.4911314845085144,0.04902568459510803,0.24395523965358734
11,reconstruction_only,62,control,0.571187436580658,0.1183130070567131,0.11212264746427536
11,reconstruction_only,62,common_basis,0.571187436580658,1.2367287874221802,0.1562786102294922
11,reconstruction_only,62,common_correlated,0.571187436580658,1.3888764381408691,0.151826411485672
11,reconstruction_only,62,common_colored,0.571187436580658,2.5919740200042725,0.27520254254341125
11,reconstruction_only,62,common_exchange,0.571187436580658,0.6133562326431274,0.13726848363876343
11,reconstruction_only,62,EEG_gain,0.7519602179527283,0.1183130070567131,0.14739319682121277
11,reconstruction_only,62,Hb_gain,0.571187436580658,0.19105283915996552,0.14713335037231445
11,reconstruction_only,62,noise,0.5534961223602295,0.11496581137180328,0.1280091106891632
11,reconstruction_only,62,lag_1s,0.571187436580658,0.04964342713356018,0.1500612199306488
11,reconstruction_only,62,driver_amplitude,0.8426603078842163,0.249234139919281,0.18405769765377045
11,reconstruction_only,62,driver_shape,0.597543478012085,0.22249017655849457,0.11464287340641022
11,reconstruction_only,62,physiology_tau,0.571187436580658,0.24833591282367706,0.13293445110321045
11,reconstruction_only,62,unmodeled_dynamics,0.571187436580658,0.12002187967300415,0.1435287743806839
11,reconstruction_only,63,control,0.4523492157459259,0.13640858232975006,0.26903513073921204
11,reconstruction_only,63,common_basis,0.4523492157459259,0.48495662212371826,0.2718461751937866
11,reconstruction_only,63,common_correlated,0.4523492157459259,1.507852554321289,0.30976805090904236
11,reconstruction_only,63,common_colored,0.4523492157459259,1.7669481039047241,0.36515748500823975
11,reconstruction_only,63,common_exchange,0.4523492157459259,0.2778482139110565,0.2726844847202301
11,reconstruction_only,63,EEG_gain,0.40487030148506165,0.13640858232975006,0.34897512197494507
11,reconstruction_only,63,Hb_gain,0.4523492157459259,0.15804588794708252,0.2756426930427551
11,reconstruction_only,63,noise,0.4667016863822937,0.13581213355064392,0.2751718759536743
11,reconstruction_only,63,lag_1s,0.4523492157459259,0.17184725403785706,0.29045289754867554
11,reconstruction_only,63,driver_amplitude,0.6746755242347717,0.21943968534469604,0.40351828932762146
11,reconstruction_only,63,driver_shape,0.37807291746139526,0.17201516032218933,0.26573801040649414
11,reconstruction_only,63,physiology_tau,0.4523492157459259,0.14539597928524017,0.27647796273231506
11,reconstruction_only,63,unmodeled_dynamics,0.4523492157459259,0.1369098424911499,0.285173237323761
11,reconstruction_only,64,control,0.2170042097568512,0.2708408534526825,0.08734709769487381
11,reconstruction_only,64,common_basis,0.2170042097568512,1.9222216606140137,0.1662978231906891
11,reconstruction_only,64,common_correlated,0.2170042097568512,1.737465262413025,0.11110404878854752
11,reconstruction_only,64,common_colored,0.2170042097568512,2.1577558517456055,0.1603378802537918
11,reconstruction_only,64,common_exchange,0.2170042097568512,0.5658665895462036,0.09326042234897614
11,reconstruction_only,64,EEG_gain,0.16999346017837524,0.2708408534526825,0.11357463151216507
11,reconstruction_only,64,Hb_gain,0.2170042097568512,0.3184684216976166,0.10611208528280258
11,reconstruction_only,64,noise,0.21356436610221863,0.26418444514274597,0.1078609824180603
11,reconstruction_only,64,lag_1s,0.2170042097568512,0.3862265348434448,0.14999540150165558
11,reconstruction_only,64,driver_amplitude,0.33579233288764954,0.35340312123298645,0.1343921422958374
11,reconstruction_only,64,driver_shape,0.30183783173561096,0.18607178330421448,0.09232942014932632
11,reconstruction_only,64,physiology_tau,0.2170042097568512,0.2605573236942291,0.1272069811820984
11,reconstruction_only,64,unmodeled_dynamics,0.2170042097568512,0.2144346684217453,0.12083890289068222
11,reconstruction_only,65,control,0.5303857326507568,0.30819740891456604,0.18370573222637177
11,reconstruction_only,65,common_basis,0.5303857326507568,0.9237754344940186,0.19446587562561035
11,reconstruction_only,65,common_correlated,0.5303857326507568,0.9095877408981323,0.20050875842571259
11,reconstruction_only,65,common_colored,0.5303857326507568,1.202591061592102,0.2213013768196106
11,reconstruction_only,65,common_exchange,0.5303857326507568,0.33257341384887695,0.1817239373922348
11,reconstruction_only,65,EEG_gain,0.6186148524284363,0.30819740891456604,0.24354615807533264
11,reconstruction_only,65,Hb_gain,0.5303857326507568,0.45369505882263184,0.18771427869796753
11,reconstruction_only,65,noise,0.5472066402435303,0.3072766065597534,0.19376835227012634
11,reconstruction_only,65,lag_1s,0.5303857326507568,0.34552648663520813,0.21024946868419647
11,reconstruction_only,65,driver_amplitude,0.8736667037010193,0.5645802617073059,0.27573052048683167
11,reconstruction_only,65,driver_shape,0.4278566241264343,0.36182457208633423,0.17469236254692078
11,reconstruction_only,65,physiology_tau,0.5303857326507568,0.24720047414302826,0.19593684375286102
11,reconstruction_only,65,unmodeled_dynamics,0.5303857326507568,0.2885664403438568,0.19237291812896729
11,reconstruction_only,66,control,0.3590756356716156,0.17216823995113373,0.1111183911561966
11,reconstruction_only,66,common_basis,0.3590756356716156,0.5256984233856201,0.1152396872639656
11,reconstruction_only,66,common_correlated,0.3590756356716156,1.1331976652145386,0.2791944444179535
11,reconstruction_only,66,common_colored,0.3590756356716156,2.735170602798462,0.31335654854774475
11,reconstruction_only,66,common_exchange,0.3590756356716156,0.3114173412322998,0.11662784963846207
11,reconstruction_only,66,EEG_gain,0.44812801480293274,0.17216823995113373,0.14603248238563538
11,reconstruction_only,66,Hb_gain,0.3590756356716156,0.21765996515750885,0.14209972321987152
11,reconstruction_only,66,noise,0.3677254617214203,0.17396105825901031,0.1254037767648697
11,reconstruction_only,66,lag_1s,0.3590756356716156,0.1354980170726776,0.2192627191543579
11,reconstruction_only,66,driver_amplitude,0.524948000907898,0.2740786373615265,0.1589765101671219
11,reconstruction_only,66,driver_shape,0.44620364904403687,0.20184355974197388,0.11929101496934891
11,reconstruction_only,66,physiology_tau,0.3590756356716156,0.22938673198223114,0.1701442152261734
11,reconstruction_only,66,unmodeled_dynamics,0.3590756356716156,0.20449009537696838,0.15769584476947784
11,reconstruction_only,67,control,0.6765384078025818,0.13829155266284943,0.16526426374912262
11,reconstruction_only,67,common_basis,0.6765384078025818,0.35350140929222107,0.1640593260526657
11,reconstruction_only,67,common_correlated,0.6765384078025818,1.2083662748336792,0.18091538548469543
11,reconstruction_only,67,common_colored,0.6765384078025818,1.839371681213379,0.20237886905670166
11,reconstruction_only,67,common_exchange,0.6765384078025818,0.14786678552627563,0.17396889626979828
11,reconstruction_only,67,EEG_gain,0.6185010671615601,0.13829155266284943,0.21647565066814423
11,reconstruction_only,67,Hb_gain,0.6765384078025818,0.24152591824531555,0.17239484190940857
11,reconstruction_only,67,noise,0.663762092590332,0.13796895742416382,0.17621977627277374
11,reconstruction_only,67,lag_1s,0.6765384078025818,0.15711486339569092,0.17481589317321777
11,reconstruction_only,67,driver_amplitude,1.0276471376419067,0.3144596219062805,0.25045904517173767
11,reconstruction_only,67,driver_shape,0.5573303699493408,0.2385728806257248,0.16873283684253693
11,reconstruction_only,67,physiology_tau,0.6765384078025818,0.12309812754392624,0.17620810866355896
11,reconstruction_only,67,unmodeled_dynamics,0.6765384078025818,0.16480469703674316,0.169544517993927
11,reconstruction_only,68,control,0.3676148056983948,0.16852334141731262,0.12356215715408325
11,reconstruction_only,68,common_basis,0.3676148056983948,0.728522539138794,0.12667976319789886
11,reconstruction_only,68,common_correlated,0.3676148056983948,0.3555278480052948,0.23489300906658173
11,reconstruction_only,68,common_colored,0.3676148056983948,1.1006685495376587,0.19614173471927643
11,reconstruction_only,68,common_exchange,0.3676148056983948,0.216910719871521,0.1229039654135704
11,reconstruction_only,68,EEG_gain,0.4725055694580078,0.16852334141731262,0.1713140308856964
11,reconstruction_only,68,Hb_gain,0.3676148056983948,0.2385818064212799,0.14788304269313812
11,reconstruction_only,68,noise,0.36224547028541565,0.16865482926368713,0.14322131872177124
11,reconstruction_only,68,lag_1s,0.3676148056983948,0.17918960750102997,0.19761312007904053
11,reconstruction_only,68,driver_amplitude,0.5723455548286438,0.310298889875412,0.19117428362369537
11,reconstruction_only,68,driver_shape,0.43791013956069946,0.1866254210472107,0.13216271996498108
11,reconstruction_only,68,physiology_tau,0.3676148056983948,0.15697123110294342,0.17036154866218567
11,reconstruction_only,68,unmodeled_dynamics,0.3676148056983948,0.18082833290100098,0.15370513498783112
11,reconstruction_only,69,control,0.28111883997917175,0.2788887917995453,0.2274979203939438
11,reconstruction_only,69,common_basis,0.28111883997917175,1.1459991931915283,0.23642107844352722
11,reconstruction_only,69,common_correlated,0.28111883997917175,2.0573337078094482,0.24913698434829712
11,reconstruction_only,69,common_colored,0.28111883997917175,2.8373825550079346,0.3694044351577759
11,reconstruction_only,69,common_exchange,0.28111883997917175,0.2717103064060211,0.2417321801185608
11,reconstruction_only,69,EEG_gain,0.2477957308292389,0.2788887917995453,0.295822411775589
11,reconstruction_only,69,Hb_gain,0.28111883997917175,0.326326459646225,0.2348412275314331
11,reconstruction_only,69,noise,0.26943308115005493,0.2803458273410797,0.2382831871509552
11,reconstruction_only,69,lag_1s,0.28111883997917175,0.2763136923313141,0.24396736919879913
11,reconstruction_only,69,driver_amplitude,0.3918893337249756,0.36577892303466797,0.34232115745544434
11,reconstruction_only,69,driver_shape,0.475517213344574,0.29224517941474915,0.2288953810930252
11,reconstruction_only,69,physiology_tau,0.28111883997917175,0.2517959177494049,0.23564255237579346
11,reconstruction_only,69,unmodeled_dynamics,0.28111883997917175,0.2778400480747223,0.23205791413784027
11,reconstruction_only,70,control,0.20599421858787537,0.4123309552669525,0.16419443488121033
11,reconstruction_only,70,common_basis,0.20599421858787537,0.9508185982704163,0.16295914351940155
11,reconstruction_only,70,common_correlated,0.20599421858787537,1.6152511835098267,0.3058314323425293
11,reconstruction_only,70,common_colored,0.20599421858787537,1.1284600496292114,0.35028156638145447
11,reconstruction_only,70,common_exchange,0.20599421858787537,0.5751428604125977,0.18616318702697754
11,reconstruction_only,70,EEG_gain,0.30350345373153687,0.4123309552669525,0.1972903460264206
11,reconstruction_only,70,Hb_gain,0.20599421858787537,0.4767122268676758,0.19968262314796448
11,reconstruction_only,70,noise,0.1983860433101654,0.4049898684024811,0.1729217916727066
11,reconstruction_only,70,lag_1s,0.20599421858787537,0.27265089750289917,0.210078164935112
11,reconstruction_only,70,driver_amplitude,0.2859484553337097,0.4658631980419159,0.24118207395076752
11,reconstruction_only,70,driver_shape,0.28530922532081604,0.31644493341445923,0.1298694759607315
11,reconstruction_only,70,physiology_tau,0.20599421858787537,0.3668605089187622,0.1832130402326584
11,reconstruction_only,70,unmodeled_dynamics,0.20599421858787537,0.4527357220649719,0.18827389180660248
11,reconstruction_only,71,control,0.2256603240966797,0.15102075040340424,0.22104939818382263
11,reconstruction_only,71,common_basis,0.2256603240966797,1.466843843460083,0.22507575154304504
11,reconstruction_only,71,common_correlated,0.2256603240966797,1.662868857383728,0.2621295154094696
11,reconstruction_only,71,common_colored,0.2256603240966797,3.145374059677124,0.3865635395050049
11,reconstruction_only,71,common_exchange,0.2256603240966797,0.33283230662345886,0.2186061143875122
11,reconstruction_only,71,EEG_gain,0.24655704200267792,0.15102075040340424,0.2831197679042816
11,reconstruction_only,71,Hb_gain,0.2256603240966797,0.20515114068984985,0.23295658826828003
11,reconstruction_only,71,noise,0.22661738097667694,0.15114381909370422,0.2308257818222046
11,reconstruction_only,71,lag_1s,0.2256603240966797,0.22324253618717194,0.2504369616508484
11,reconstruction_only,71,driver_amplitude,0.36444395780563354,0.26043328642845154,0.32463157176971436
11,reconstruction_only,71,driver_shape,0.26308193802833557,0.16001026332378387,0.2236638218164444
11,reconstruction_only,71,physiology_tau,0.2256603240966797,0.21376366913318634,0.2356421947479248
11,reconstruction_only,71,unmodeled_dynamics,0.2256603240966797,0.12678630650043488,0.23350279033184052
11,reconstruction_only,72,control,0.13310833275318146,0.15051531791687012,0.10866664350032806
11,reconstruction_only,72,common_basis,0.13310833275318146,0.8453196883201599,0.13065558671951294
11,reconstruction_only,72,common_correlated,0.13310833275318146,1.0217845439910889,0.15466733276844025
11,reconstruction_only,72,common_colored,0.13310833275318146,1.448868989944458,0.17209400236606598
11,reconstruction_only,72,common_exchange,0.13310833275318146,0.3326724171638489,0.10904685407876968
11,reconstruction_only,72,EEG_gain,0.3075408637523651,0.15051531791687012,0.14837123453617096
11,reconstruction_only,72,Hb_gain,0.13310833275318146,0.1729668527841568,0.1630944013595581
11,reconstruction_only,72,noise,0.13362634181976318,0.14660480618476868,0.11980129778385162
11,reconstruction_only,72,lag_1s,0.13310833275318146,0.17689476907253265,0.20477840304374695
11,reconstruction_only,72,driver_amplitude,0.2778039574623108,0.20888100564479828,0.18603485822677612
11,reconstruction_only,72,driver_shape,0.18088068068027496,0.06375010311603546,0.11645281314849854
11,reconstruction_only,72,physiology_tau,0.13310833275318146,0.31398648023605347,0.2023148387670517
11,reconstruction_only,72,unmodeled_dynamics,0.13310833275318146,0.17966748774051666,0.13468345999717712
11,reconstruction_only,73,control,0.310763418674469,0.332001268863678,0.18173658847808838
11,reconstruction_only,73,common_basis,0.310763418674469,0.9708927273750305,0.1888265758752823
11,reconstruction_only,73,common_correlated,0.310763418674469,1.1103821992874146,0.21191143989562988
11,reconstruction_only,73,common_colored,0.310763418674469,0.7196474075317383,0.3218025863170624
11,reconstruction_only,73,common_exchange,0.310763418674469,0.3060915172100067,0.19563336670398712
11,reconstruction_only,73,EEG_gain,0.4446488618850708,0.332001268863678,0.24353928864002228
11,reconstruction_only,73,Hb_gain,0.310763418674469,0.479047954082489,0.19588595628738403
11,reconstruction_only,73,noise,0.31136366724967957,0.3325689136981964,0.193349227309227
11,reconstruction_only,73,lag_1s,0.310763418674469,0.34193775057792664,0.23583298921585083
11,reconstruction_only,73,driver_amplitude,0.41097524762153625,0.5789594650268555,0.27478280663490295
11,reconstruction_only,73,driver_shape,0.42742663621902466,0.43726634979248047,0.18616238236427307
11,reconstruction_only,73,physiology_tau,0.310763418674469,0.2208644300699234,0.21911410987377167
11,reconstruction_only,73,unmodeled_dynamics,0.310763418674469,0.3523809611797333,0.20908071100711823
11,reconstruction_only,74,control,0.6617339849472046,0.5251112580299377,0.10576379299163818
11,reconstruction_only,74,common_basis,0.6617339849472046,0.32584428787231445,0.11405187100172043
11,reconstruction_only,74,common_correlated,0.6617339849472046,1.4020355939865112,0.15364427864551544
11,reconstruction_only,74,common_colored,0.6617339849472046,3.0844380855560303,0.36372309923171997
11,reconstruction_only,74,common_exchange,0.6617339849472046,0.3780219256877899,0.14166072010993958
11,reconstruction_only,74,EEG_gain,0.7684080600738525,0.5251112580299377,0.14618223905563354
11,reconstruction_only,74,Hb_gain,0.6617339849472046,0.6539127826690674,0.11747001111507416
11,reconstruction_only,74,noise,0.6787720918655396,0.5256045460700989,0.11017864942550659
11,reconstruction_only,74,lag_1s,0.6617339849472046,0.595981240272522,0.15099138021469116
11,reconstruction_only,74,driver_amplitude,0.9639111161231995,0.7123008966445923,0.1668706238269806
11,reconstruction_only,74,driver_shape,0.7647252678871155,0.4446859061717987,0.09803114831447601
11,reconstruction_only,74,physiology_tau,0.6617339849472046,0.40117353200912476,0.13947726786136627
11,reconstruction_only,74,unmodeled_dynamics,0.6617339849472046,0.4825173318386078,0.11115694791078568
11,reconstruction_only,75,control,0.34997496008872986,0.1446489542722702,0.20348858833312988
11,reconstruction_only,75,common_basis,0.34997496008872986,0.5670766830444336,0.20471704006195068
11,reconstruction_only,75,common_correlated,0.34997496008872986,1.0933467149734497,0.21485117077827454
11,reconstruction_only,75,common_colored,0.34997496008872986,0.7263044714927673,0.31488466262817383
11,reconstruction_only,75,common_exchange,0.34997496008872986,0.08813678473234177,0.206236332654953
11,reconstruction_only,75,EEG_gain,0.29190829396247864,0.1446489542722702,0.26585856080055237
11,reconstruction_only,75,Hb_gain,0.34997496008872986,0.17685376107692719,0.21712110936641693
11,reconstruction_only,75,noise,0.3572782874107361,0.146989643573761,0.20788955688476562
11,reconstruction_only,75,lag_1s,0.34997496008872986,0.13848789036273956,0.2120976448059082
11,reconstruction_only,75,driver_amplitude,0.48571252822875977,0.18731731176376343,0.3123822510242462
11,reconstruction_only,75,driver_shape,0.47675350308418274,0.20281191170215607,0.2118701934814453
11,reconstruction_only,75,physiology_tau,0.34997496008872986,0.20996063947677612,0.2250637710094452
11,reconstruction_only,75,unmodeled_dynamics,0.34997496008872986,0.14042288064956665,0.20972630381584167
11,reconstruction_only,76,control,0.28161656856536865,0.32573115825653076,0.09982554614543915
11,reconstruction_only,76,common_basis,0.28161656856536865,0.3754792809486389,0.10144168883562088
11,reconstruction_only,76,common_correlated,0.28161656856536865,2.291332483291626,0.20901307463645935
11,reconstruction_only,76,common_colored,0.28161656856536865,1.4371387958526611,0.26476168632507324
11,reconstruction_only,76,common_exchange,0.28161656856536865,0.6946390867233276,0.10606985539197922
11,reconstruction_only,76,EEG_gain,0.3052857518196106,0.32573115825653076,0.12364934384822845
11,reconstruction_only,76,Hb_gain,0.28161656856536865,0.4058989882469177,0.1673181653022766
11,reconstruction_only,76,noise,0.2850075960159302,0.3227057158946991,0.11502829194068909
11,reconstruction_only,76,lag_1s,0.28161656856536865,0.36711642146110535,0.18108785152435303
11,reconstruction_only,76,driver_amplitude,0.3919779658317566,0.4653734266757965,0.16404137015342712
11,reconstruction_only,76,driver_shape,0.4446994364261627,0.37894073128700256,0.10852475464344025
11,reconstruction_only,76,physiology_tau,0.28161656856536865,0.31738919019699097,0.1494801789522171
11,reconstruction_only,76,unmodeled_dynamics,0.28161656856536865,0.26373374462127686,0.14016194641590118
11,reconstruction_only,77,control,0.6277668476104736,0.12065533548593521,0.27205124497413635
11,reconstruction_only,77,common_basis,0.6277668476104736,0.3681861460208893,0.2757909297943115
11,reconstruction_only,77,common_correlated,0.6277668476104736,1.6304442882537842,0.3186805248260498
11,reconstruction_only,77,common_colored,0.6277668476104736,1.8537408113479614,0.3942611813545227
11,reconstruction_only,77,common_exchange,0.6277668476104736,0.34496501088142395,0.2880455255508423
11,reconstruction_only,77,EEG_gain,0.5337839722633362,0.12065533548593521,0.3584795594215393
11,reconstruction_only,77,Hb_gain,0.6277668476104736,0.12221846729516983,0.2768697738647461
11,reconstruction_only,77,noise,0.6377555131912231,0.12179072946310043,0.27470552921295166
11,reconstruction_only,77,lag_1s,0.6277668476104736,0.169417142868042,0.3022036552429199
11,reconstruction_only,77,driver_amplitude,0.9154247641563416,0.12644265592098236,0.4138072431087494
11,reconstruction_only,77,driver_shape,0.5498859882354736,0.029672879725694656,0.2762422561645508
11,reconstruction_only,77,physiology_tau,0.6277668476104736,0.10585394501686096,0.29873716831207275
11,reconstruction_only,77,unmodeled_dynamics,0.6277668476104736,0.09291664510965347,0.2960204780101776
11,reconstruction_only,78,control,0.5193513631820679,0.44333329796791077,0.09569612145423889
11,reconstruction_only,78,common_basis,0.5193513631820679,1.5074537992477417,0.16328996419906616
11,reconstruction_only,78,common_correlated,0.5193513631820679,3.334036111831665,0.23405282199382782
11,reconstruction_only,78,common_colored,0.5193513631820679,2.4963488578796387,0.3279208838939667
11,reconstruction_only,78,common_exchange,0.5193513631820679,0.743057131767273,0.1346689909696579
11,reconstruction_only,78,EEG_gain,0.5392617583274841,0.44333329796791077,0.14642298221588135
11,reconstruction_only,78,Hb_gain,0.5193513631820679,0.53579181432724,0.12372078001499176
11,reconstruction_only,78,noise,0.5149378180503845,0.44466063380241394,0.10834859311580658
11,reconstruction_only,78,lag_1s,0.5193513631820679,0.33854204416275024,0.20612327754497528
11,reconstruction_only,78,driver_amplitude,0.8036240339279175,0.6209214925765991,0.1551092267036438
11,reconstruction_only,78,driver_shape,0.6074209809303284,0.34018823504447937,0.11536984145641327
11,reconstruction_only,78,physiology_tau,0.5193513631820679,0.25983843207359314,0.14698383212089539
11,reconstruction_only,78,unmodeled_dynamics,0.5193513631820679,0.4149264991283417,0.13185255229473114
11,reconstruction_only,79,control,0.22720031440258026,0.06406492739915848,0.19784408807754517
11,reconstruction_only,79,common_basis,0.22720031440258026,0.37144365906715393,0.20625120401382446
11,reconstruction_only,79,common_correlated,0.22720031440258026,0.6940352320671082,0.2536749839782715
11,reconstruction_only,79,common_colored,0.22720031440258026,1.68001127243042,0.2729857265949249
11,reconstruction_only,79,common_exchange,0.22720031440258026,0.2731163203716278,0.20675143599510193
11,reconstruction_only,79,EEG_gain,0.2887607216835022,0.06406492739915848,0.264911413192749
11,reconstruction_only,79,Hb_gain,0.22720031440258026,0.13936983048915863,0.20894116163253784
11,reconstruction_only,79,noise,0.2323683649301529,0.0672469213604927,0.20582586526870728
11,reconstruction_only,79,lag_1s,0.22720031440258026,0.1656133085489273,0.28552675247192383
11,reconstruction_only,79,driver_amplitude,0.4333154857158661,0.18715712428092957,0.29728659987449646
11,reconstruction_only,79,driver_shape,0.18720777332782745,0.1391126960515976,0.19167298078536987
11,reconstruction_only,79,physiology_tau,0.22720031440258026,0.11243725568056107,0.2493501752614975
11,reconstruction_only,79,unmodeled_dynamics,0.22720031440258026,0.11784148216247559,0.23646366596221924
11,reconstruction_only,80,control,0.6193363070487976,0.36510169506073,0.11328428238630295
11,reconstruction_only,80,common_basis,0.6193363070487976,1.5981781482696533,0.135079488158226
11,reconstruction_only,80,common_correlated,0.6193363070487976,0.7985627055168152,0.1284877210855484
11,reconstruction_only,80,common_colored,0.6193363070487976,0.9617059826850891,0.27187269926071167
11,reconstruction_only,80,common_exchange,0.6193363070487976,0.20957835018634796,0.1195937991142273
11,reconstruction_only,80,EEG_gain,0.6725894808769226,0.36510169506073,0.1473764032125473
11,reconstruction_only,80,Hb_gain,0.6193363070487976,0.46530404686927795,0.1260344684123993
11,reconstruction_only,80,noise,0.6305574178695679,0.36486902832984924,0.12528951466083527
11,reconstruction_only,80,lag_1s,0.6193363070487976,0.3039226531982422,0.13834145665168762
11,reconstruction_only,80,driver_amplitude,0.9030705690383911,0.5261261463165283,0.1693936139345169
11,reconstruction_only,80,driver_shape,0.7056971192359924,0.3514319956302643,0.11006169766187668
11,reconstruction_only,80,physiology_tau,0.6193363070487976,0.37174832820892334,0.12769067287445068
11,reconstruction_only,80,unmodeled_dynamics,0.6193363070487976,0.38361501693725586,0.11830542981624603
11,reconstruction_only,81,control,0.32554441690444946,0.13934017717838287,0.25404077768325806
11,reconstruction_only,81,common_basis,0.32554441690444946,1.3342036008834839,0.25372275710105896
11,reconstruction_only,81,common_correlated,0.32554441690444946,1.6618081331253052,0.30490952730178833
11,reconstruction_only,81,common_colored,0.32554441690444946,2.0127387046813965,0.3300144076347351
11,reconstruction_only,81,common_exchange,0.32554441690444946,0.4542785882949829,0.2524328827857971
11,reconstruction_only,81,EEG_gain,0.31998348236083984,0.13934017717838287,0.3217604160308838
11,reconstruction_only,81,Hb_gain,0.32554441690444946,0.15646867454051971,0.2641659379005432
11,reconstruction_only,81,noise,0.33382636308670044,0.14097800850868225,0.25482121109962463
11,reconstruction_only,81,lag_1s,0.32554441690444946,0.188174769282341,0.2738001048564911
11,reconstruction_only,81,driver_amplitude,0.5344251394271851,0.17910657823085785,0.37459826469421387
11,reconstruction_only,81,driver_shape,0.23086273670196533,0.08411012589931488,0.25347885489463806
11,reconstruction_only,81,physiology_tau,0.32554441690444946,0.14527365565299988,0.2570880353450775
11,reconstruction_only,81,unmodeled_dynamics,0.32554441690444946,0.12312839180231094,0.2612815797328949
11,reconstruction_only,82,control,0.30194297432899475,0.4692675471305847,0.12225555628538132
11,reconstruction_only,82,common_basis,0.30194297432899475,0.5635678768157959,0.11746859550476074
11,reconstruction_only,82,common_correlated,0.30194297432899475,2.1386938095092773,0.17179211974143982
11,reconstruction_only,82,common_colored,0.30194297432899475,1.7760531902313232,0.19378086924552917
11,reconstruction_only,82,common_exchange,0.30194297432899475,0.8993242383003235,0.1830325871706009
11,reconstruction_only,82,EEG_gain,0.5116910338401794,0.4692675471305847,0.15334168076515198
11,reconstruction_only,82,Hb_gain,0.30194297432899475,0.5814954042434692,0.16907624900341034
11,reconstruction_only,82,noise,0.28748056292533875,0.47292715311050415,0.12919902801513672
11,reconstruction_only,82,lag_1s,0.30194297432899475,0.5432056188583374,0.18446272611618042
11,reconstruction_only,82,driver_amplitude,0.4706759750843048,0.6326629519462585,0.18566849827766418
11,reconstruction_only,82,driver_shape,0.33907750248908997,0.469429075717926,0.11587277799844742
11,reconstruction_only,82,physiology_tau,0.30194297432899475,0.35340097546577454,0.1480734497308731
11,reconstruction_only,82,unmodeled_dynamics,0.30194297432899475,0.4062575697898865,0.12411259114742279
11,reconstruction_only,83,control,0.24961477518081665,0.10386008024215698,0.1877109855413437
11,reconstruction_only,83,common_basis,0.24961477518081665,0.8122565746307373,0.20017723739147186
11,reconstruction_only,83,common_correlated,0.24961477518081665,0.8892177939414978,0.1959764063358307
11,reconstruction_only,83,common_colored,0.24961477518081665,1.2359539270401,0.2781865894794464
11,reconstruction_only,83,common_exchange,0.24961477518081665,0.4150654077529907,0.19026300311088562
11,reconstruction_only,83,EEG_gain,0.3388555943965912,0.10386008024215698,0.2377033233642578
11,reconstruction_only,83,Hb_gain,0.24961477518081665,0.18346595764160156,0.2075553983449936
11,reconstruction_only,83,noise,0.2515765130519867,0.10439511388540268,0.19747492671012878
11,reconstruction_only,83,lag_1s,0.24961477518081665,0.2988151013851166,0.19505345821380615
11,reconstruction_only,83,driver_amplitude,0.338571161031723,0.2393200844526291,0.27326980233192444
11,reconstruction_only,83,driver_shape,0.3790532946586609,0.15478026866912842,0.20127128064632416
11,reconstruction_only,83,physiology_tau,0.24961477518081665,0.1227685734629631,0.20306438207626343
11,reconstruction_only,83,unmodeled_dynamics,0.24961477518081665,0.09429848939180374,0.1876310110092163
11,reconstruction_only,84,control,0.25913602113723755,0.23728497326374054,0.1273929625749588
11,reconstruction_only,84,common_basis,0.25913602113723755,0.8452211022377014,0.14430373907089233
11,reconstruction_only,84,common_correlated,0.25913602113723755,1.4989811182022095,0.18153445422649384
11,reconstruction_only,84,common_colored,0.25913602113723755,2.448497772216797,0.19545459747314453
11,reconstruction_only,84,common_exchange,0.25913602113723755,0.7171743512153625,0.1594722419977188
11,reconstruction_only,84,EEG_gain,0.2357969731092453,0.23728497326374054,0.17679168283939362
11,reconstruction_only,84,Hb_gain,0.25913602113723755,0.302908718585968,0.14413222670555115
11,reconstruction_only,84,noise,0.25262540578842163,0.23532436788082123,0.1407325714826584
11,reconstruction_only,84,lag_1s,0.25913602113723755,0.28702765703201294,0.1867029070854187
11,reconstruction_only,84,driver_amplitude,0.41323357820510864,0.35287055373191833,0.2007133662700653
11,reconstruction_only,84,driver_shape,0.24251490831375122,0.18008919060230255,0.1144520491361618
11,reconstruction_only,84,physiology_tau,0.25913602113723755,0.2699337899684906,0.1851106733083725
11,reconstruction_only,84,unmodeled_dynamics,0.25913602113723755,0.2003600001335144,0.14151839911937714
11,reconstruction_only,85,control,0.512989342212677,0.31114286184310913,0.2869478166103363
11,reconstruction_only,85,common_basis,0.512989342212677,1.2848280668258667,0.30007031559944153
11,reconstruction_only,85,common_correlated,0.512989342212677,1.2723897695541382,0.34725865721702576
11,reconstruction_only,85,common_colored,0.512989342212677,2.3461670875549316,0.370454341173172
11,reconstruction_only,85,common_exchange,0.512989342212677,0.5268723964691162,0.30000585317611694
11,reconstruction_only,85,EEG_gain,0.4913187325000763,0.31114286184310913,0.36824753880500793
11,reconstruction_only,85,Hb_gain,0.512989342212677,0.3230031132698059,0.2951889634132385
11,reconstruction_only,85,noise,0.5350969433784485,0.31043919920921326,0.29485705494880676
11,reconstruction_only,85,lag_1s,0.512989342212677,0.3389875590801239,0.3107384145259857
11,reconstruction_only,85,driver_amplitude,0.752336859703064,0.3301834166049957,0.42840853333473206
11,reconstruction_only,85,driver_shape,0.5096975564956665,0.2156929075717926,0.29357194900512695
11,reconstruction_only,85,physiology_tau,0.512989342212677,0.19788020849227905,0.2888416647911072
11,reconstruction_only,85,unmodeled_dynamics,0.512989342212677,0.32691770792007446,0.28680849075317383
11,reconstruction_only,86,control,0.5501953959465027,0.6000548601150513,0.15306678414344788
11,reconstruction_only,86,common_basis,0.5501953959465027,1.2917989492416382,0.17391332983970642
11,reconstruction_only,86,common_correlated,0.5501953959465027,2.6506407260894775,0.21384306252002716
11,reconstruction_only,86,common_colored,0.5501953959465027,1.5383974313735962,0.23026008903980255
11,reconstruction_only,86,common_exchange,0.5501953959465027,0.5963050127029419,0.16226351261138916
11,reconstruction_only,86,EEG_gain,0.5110546350479126,0.6000548601150513,0.1969507336616516
11,reconstruction_only,86,Hb_gain,0.5501953959465027,0.7277125716209412,0.17305035889148712
11,reconstruction_only,86,noise,0.5473923683166504,0.6000011563301086,0.16076797246932983
11,reconstruction_only,86,lag_1s,0.5501953959465027,0.5693848729133606,0.1903727650642395
11,reconstruction_only,86,driver_amplitude,0.8455098271369934,0.7741416096687317,0.23260509967803955
11,reconstruction_only,86,driver_shape,0.5813549757003784,0.5139663815498352,0.16174305975437164
11,reconstruction_only,86,physiology_tau,0.5501953959465027,0.3885425627231598,0.16658435761928558
11,reconstruction_only,86,unmodeled_dynamics,0.5501953959465027,0.5637462139129639,0.15854805707931519
11,reconstruction_only,87,control,0.638740599155426,0.35556381940841675,0.22812969982624054
11,reconstruction_only,87,common_basis,0.638740599155426,0.6320402026176453,0.23049859702587128
11,reconstruction_only,87,common_correlated,0.638740599155426,1.5957995653152466,0.2791088819503784
11,reconstruction_only,87,common_colored,0.638740599155426,1.4837604761123657,0.36371245980262756
11,reconstruction_only,87,common_exchange,0.638740599155426,0.42941632866859436,0.25004133582115173
11,reconstruction_only,87,EEG_gain,0.6691294312477112,0.35556381940841675,0.297725111246109
11,reconstruction_only,87,Hb_gain,0.638740599155426,0.38873422145843506,0.23718078434467316
11,reconstruction_only,87,noise,0.6463532447814941,0.3581801652908325,0.23992930352687836
11,reconstruction_only,87,lag_1s,0.638740599155426,0.35876068472862244,0.2520751357078552
11,reconstruction_only,87,driver_amplitude,0.9345663189888,0.3905129134654999,0.34094956517219543
11,reconstruction_only,87,driver_shape,0.74460768699646,0.25639840960502625,0.23215405642986298
11,reconstruction_only,87,physiology_tau,0.638740599155426,0.27062827348709106,0.25199460983276367
11,reconstruction_only,87,unmodeled_dynamics,0.638740599155426,0.38134992122650146,0.23845092952251434
11,reconstruction_only,88,control,0.760068953037262,0.4546489715576172,0.0996091291308403
11,reconstruction_only,88,common_basis,0.760068953037262,0.33710384368896484,0.10414399206638336
11,reconstruction_only,88,common_correlated,0.760068953037262,1.5899081230163574,0.12690885365009308
11,reconstruction_only,88,common_colored,0.760068953037262,2.901564836502075,0.23144085705280304
11,reconstruction_only,88,common_exchange,0.760068953037262,0.5183145999908447,0.11129943281412125
11,reconstruction_only,88,EEG_gain,0.6645859479904175,0.4546489715576172,0.1359175592660904
11,reconstruction_only,88,Hb_gain,0.760068953037262,0.5582202076911926,0.10475075989961624
11,reconstruction_only,88,noise,0.7440580129623413,0.4550952613353729,0.1129227727651596
11,reconstruction_only,88,lag_1s,0.760068953037262,0.4070456624031067,0.15896466374397278
11,reconstruction_only,88,driver_amplitude,1.1408286094665527,0.6221733689308167,0.1366252601146698
11,reconstruction_only,88,driver_shape,0.8214993476867676,0.40012630820274353,0.09777141362428665
11,reconstruction_only,88,physiology_tau,0.760068953037262,0.34357526898384094,0.14607973396778107
11,reconstruction_only,88,unmodeled_dynamics,0.760068953037262,0.4252921938896179,0.127205953001976
11,reconstruction_only,89,control,0.3336436450481415,0.30001702904701233,0.20558981597423553
11,reconstruction_only,89,common_basis,0.3336436450481415,0.757499635219574,0.2180425375699997
11,reconstruction_only,89,common_correlated,0.3336436450481415,1.058464765548706,0.23555190861225128
11,reconstruction_only,89,common_colored,0.3336436450481415,2.301475763320923,0.24801971018314362
11,reconstruction_only,89,common_exchange,0.3336436450481415,0.34182992577552795,0.20936524868011475
11,reconstruction_only,89,EEG_gain,0.3316754698753357,0.30001702904701233,0.27094677090644836
11,reconstruction_only,89,Hb_gain,0.3336436450481415,0.3623288571834564,0.22195640206336975
11,reconstruction_only,89,noise,0.3007424473762512,0.29877811670303345,0.21588373184204102
11,reconstruction_only,89,lag_1s,0.3336436450481415,0.35331764817237854,0.22098101675510406
11,reconstruction_only,89,driver_amplitude,0.5006014108657837,0.3967016041278839,0.3101136088371277
11,reconstruction_only,89,driver_shape,0.38166549801826477,0.28622448444366455,0.2145836353302002
11,reconstruction_only,89,physiology_tau,0.3336436450481415,0.32308849692344666,0.23459647595882416
11,reconstruction_only,89,unmodeled_dynamics,0.3336436450481415,0.3451361358165741,0.2146720290184021
11,reconstruction_only,90,control,0.6102661490440369,0.3148150146007538,0.103794626891613
11,reconstruction_only,90,common_basis,0.6102661490440369,0.4851091504096985,0.12153565883636475
11,reconstruction_only,90,common_correlated,0.6102661490440369,0.7285693883895874,0.17026832699775696
11,reconstruction_only,90,common_colored,0.6102661490440369,0.8831556439399719,0.28707221150398254
11,reconstruction_only,90,common_exchange,0.6102661490440369,0.606413722038269,0.12102925777435303
11,reconstruction_only,90,EEG_gain,0.6197517514228821,0.3148150146007538,0.14593537151813507
11,reconstruction_only,90,Hb_gain,0.6102661490440369,0.3728870749473572,0.1134476587176323
11,reconstruction_only,90,noise,0.6027622222900391,0.3129148483276367,0.11930899322032928
11,reconstruction_only,90,lag_1s,0.6102661490440369,0.272896409034729,0.16442759335041046
11,reconstruction_only,90,driver_amplitude,0.957896888256073,0.42416486144065857,0.1602620631456375
11,reconstruction_only,90,driver_shape,0.4829134941101074,0.23620599508285522,0.12846983969211578
11,reconstruction_only,90,physiology_tau,0.6102661490440369,0.21172542870044708,0.14598967134952545
11,reconstruction_only,90,unmodeled_dynamics,0.6102661490440369,0.3193187415599823,0.13110199570655823
11,reconstruction_only,91,control,0.38334083557128906,0.2424800992012024,0.1941196769475937
11,reconstruction_only,91,common_basis,0.38334083557128906,0.684554934501648,0.2010982483625412
11,reconstruction_only,91,common_correlated,0.38334083557128906,1.7905532121658325,0.2544768452644348
11,reconstruction_only,91,common_colored,0.38334083557128906,1.783294439315796,0.4430132508277893
11,reconstruction_only,91,common_exchange,0.38334083557128906,0.5211386680603027,0.21816694736480713
11,reconstruction_only,91,EEG_gain,0.38032832741737366,0.2424800992012024,0.25770893692970276
11,reconstruction_only,91,Hb_gain,0.38334083557128906,0.3604673147201538,0.20104072988033295
11,reconstruction_only,91,noise,0.3898574411869049,0.2387450933456421,0.1962755173444748
11,reconstruction_only,91,lag_1s,0.38334083557128906,0.27651551365852356,0.2346484512090683
11,reconstruction_only,91,driver_amplitude,0.6052318215370178,0.45117101073265076,0.29381996393203735
11,reconstruction_only,91,driver_shape,0.42482396960258484,0.36377617716789246,0.19864581525325775
11,reconstruction_only,91,physiology_tau,0.38334083557128906,0.17563045024871826,0.2196372151374817
11,reconstruction_only,91,unmodeled_dynamics,0.38334083557128906,0.28930360078811646,0.2037440836429596
11,reconstruction_only,92,control,0.43181201815605164,0.4639381468296051,0.14201009273529053
11,reconstruction_only,92,common_basis,0.43181201815605164,1.0629029273986816,0.1452375054359436
11,reconstruction_only,92,common_correlated,0.43181201815605164,1.8571454286575317,0.17433208227157593
11,reconstruction_only,92,common_colored,0.43181201815605164,2.343968391418457,0.18247473239898682
11,reconstruction_only,92,common_exchange,0.43181201815605164,0.5051928162574768,0.14559713006019592
11,reconstruction_only,92,EEG_gain,0.4539083242416382,0.4639381468296051,0.19707393646240234
11,reconstruction_only,92,Hb_gain,0.43181201815605164,0.6201242208480835,0.15779800713062286
11,reconstruction_only,92,noise,0.4324951767921448,0.46610501408576965,0.15009525418281555
11,reconstruction_only,92,lag_1s,0.43181201815605164,0.4285784959793091,0.17154450714588165
11,reconstruction_only,92,driver_amplitude,0.6330515742301941,0.7248836755752563,0.223952054977417
11,reconstruction_only,92,driver_shape,0.581129789352417,0.5671558380126953,0.15223658084869385
11,reconstruction_only,92,physiology_tau,0.43181201815605164,0.31534436345100403,0.1586158722639084
11,reconstruction_only,92,unmodeled_dynamics,0.43181201815605164,0.4294435679912567,0.16493840515613556
11,reconstruction_only,93,control,0.4366063177585602,0.2892291247844696,0.18899637460708618
11,reconstruction_only,93,common_basis,0.4366063177585602,1.470203161239624,0.21453635394573212
11,reconstruction_only,93,common_correlated,0.4366063177585602,1.3890597820281982,0.21189336478710175
11,reconstruction_only,93,common_colored,0.4366063177585602,2.0376622676849365,0.31394609808921814
11,reconstruction_only,93,common_exchange,0.4366063177585602,0.4597534239292145,0.2161702960729599
11,reconstruction_only,93,EEG_gain,0.40152573585510254,0.2892291247844696,0.24986110627651215
11,reconstruction_only,93,Hb_gain,0.4366063177585602,0.3448089063167572,0.20882771909236908
11,reconstruction_only,93,noise,0.4454454779624939,0.28938722610473633,0.20285554230213165
11,reconstruction_only,93,lag_1s,0.4366063177585602,0.23207925260066986,0.23836496472358704
11,reconstruction_only,93,driver_amplitude,0.6410325765609741,0.3740067183971405,0.28157639503479004
11,reconstruction_only,93,driver_shape,0.5821773409843445,0.2541961073875427,0.18705466389656067
11,reconstruction_only,93,physiology_tau,0.4366063177585602,0.22354409098625183,0.22084647417068481
11,reconstruction_only,93,unmodeled_dynamics,0.4366063177585602,0.2496427446603775,0.20574449002742767
11,reconstruction_only,94,control,0.4336024224758148,0.22497597336769104,0.11821463704109192
11,reconstruction_only,94,common_basis,0.4336024224758148,0.8451888561248779,0.13535699248313904
11,reconstruction_only,94,common_correlated,0.4336024224758148,1.2896851301193237,0.12836958467960358
11,reconstruction_only,94,common_colored,0.4336024224758148,1.127083420753479,0.2397208958864212
11,reconstruction_only,94,common_exchange,0.4336024224758148,0.3904862403869629,0.14580923318862915
11,reconstruction_only,94,EEG_gain,0.3087410032749176,0.22497597336769104,0.15897545218467712
11,reconstruction_only,94,Hb_gain,0.4336024224758148,0.2685721516609192,0.13293473422527313
11,reconstruction_only,94,noise,0.42052263021469116,0.2305382341146469,0.12743687629699707
11,reconstruction_only,94,lag_1s,0.4336024224758148,0.20881302654743195,0.14114166796207428
11,reconstruction_only,94,driver_amplitude,0.6763170957565308,0.2782711386680603,0.18429788947105408
11,reconstruction_only,94,driver_shape,0.41525858640670776,0.21898575127124786,0.12152132391929626
11,reconstruction_only,94,physiology_tau,0.4336024224758148,0.18036599457263947,0.1621469110250473
11,reconstruction_only,94,unmodeled_dynamics,0.4336024224758148,0.2360086739063263,0.13380952179431915
11,reconstruction_only,95,control,0.3699720501899719,0.22235709428787231,0.3253222703933716
11,reconstruction_only,95,common_basis,0.3699720501899719,0.2694377601146698,0.32330960035324097
11,reconstruction_only,95,common_correlated,0.3699720501899719,2.2570180892944336,0.3873409628868103
11,reconstruction_only,95,common_colored,0.3699720501899719,2.2996420860290527,0.42363524436950684
11,reconstruction_only,95,common_exchange,0.3699720501899719,0.43294453620910645,0.3239735960960388
11,reconstruction_only,95,EEG_gain,0.3752804398536682,0.22235709428787231,0.4203451871871948
11,reconstruction_only,95,Hb_gain,0.3699720501899719,0.2489604949951172,0.3315501809120178
11,reconstruction_only,95,noise,0.37354305386543274,0.22382529079914093,0.33151912689208984
11,reconstruction_only,95,lag_1s,0.3699720501899719,0.21987169981002808,0.33548662066459656
11,reconstruction_only,95,driver_amplitude,0.5637637972831726,0.2709091603755951,0.4846920669078827
11,reconstruction_only,95,driver_shape,0.41544079780578613,0.22098195552825928,0.3297557532787323
11,reconstruction_only,95,physiology_tau,0.3699720501899719,0.2574709355831146,0.3258809745311737
11,reconstruction_only,95,unmodeled_dynamics,0.3699720501899719,0.2514227330684662,0.32397663593292236
11,reconstruction_only,96,control,0.2606379985809326,0.5944306254386902,0.11707883328199387
11,reconstruction_only,96,common_basis,0.2606379985809326,0.4192160665988922,0.12474071234464645
11,reconstruction_only,96,common_correlated,0.2606379985809326,3.404522657394409,0.1694057285785675
11,reconstruction_only,96,common_colored,0.2606379985809326,2.0370004177093506,0.3365764021873474
11,reconstruction_only,96,common_exchange,0.2606379985809326,0.7757207751274109,0.15843646228313446
11,reconstruction_only,96,EEG_gain,0.23274610936641693,0.5944306254386902,0.1547681838274002
11,reconstruction_only,96,Hb_gain,0.2606379985809326,0.7263476848602295,0.14658427238464355
11,reconstruction_only,96,noise,0.2712576389312744,0.5898582339286804,0.13338924944400787
11,reconstruction_only,96,lag_1s,0.2606379985809326,0.5503699779510498,0.19919076561927795
11,reconstruction_only,96,driver_amplitude,0.3992283046245575,0.8050381541252136,0.19108335673809052
11,reconstruction_only,96,driver_shape,0.4793434143066406,0.5062238574028015,0.10400888323783875
11,reconstruction_only,96,physiology_tau,0.2606379985809326,0.4093230664730072,0.18021748960018158
11,reconstruction_only,96,unmodeled_dynamics,0.2606379985809326,0.5806176066398621,0.14782552421092987
11,reconstruction_only,97,control,0.3369361460208893,0.316762238740921,0.2323177605867386
11,reconstruction_only,97,common_basis,0.3369361460208893,0.5411501526832581,0.23168179392814636
11,reconstruction_only,97,common_correlated,0.3369361460208893,0.6840044856071472,0.3079780340194702
11,reconstruction_only,97,common_colored,0.3369361460208893,2.3010828495025635,0.4234648048877716
11,reconstruction_only,97,common_exchange,0.3369361460208893,0.7018495202064514,0.2434413880109787
11,reconstruction_only,97,EEG_gain,0.29446589946746826,0.316762238740921,0.2921816408634186
11,reconstruction_only,97,Hb_gain,0.3369361460208893,0.3526313304901123,0.23770849406719208
11,reconstruction_only,97,noise,0.33820420503616333,0.3173735737800598,0.23966635763645172
11,reconstruction_only,97,lag_1s,0.3369361460208893,0.304915189743042,0.2424629181623459
11,reconstruction_only,97,driver_amplitude,0.47918829321861267,0.37739327549934387,0.3373262286186218
11,reconstruction_only,97,driver_shape,0.48377490043640137,0.2524847686290741,0.2313043624162674
11,reconstruction_only,97,physiology_tau,0.3369361460208893,0.29375341534614563,0.23346468806266785
11,reconstruction_only,97,unmodeled_dynamics,0.3369361460208893,0.32428351044654846,0.23527655005455017
11,reconstruction_only,98,control,0.42127618193626404,0.29089465737342834,0.14261455833911896
11,reconstruction_only,98,common_basis,0.42127618193626404,1.256087303161621,0.16496463119983673
11,reconstruction_only,98,common_correlated,0.42127618193626404,1.144229769706726,0.15712861716747284
11,reconstruction_only,98,common_colored,0.42127618193626404,3.738833427429199,0.37802040576934814
11,reconstruction_only,98,common_exchange,0.42127618193626404,0.35328608751296997,0.15826374292373657
11,reconstruction_only,98,EEG_gain,0.5874804854393005,0.29089465737342834,0.17566700279712677
11,reconstruction_only,98,Hb_gain,0.42127618193626404,0.3509540557861328,0.17489518225193024
11,reconstruction_only,98,noise,0.4297058880329132,0.29092246294021606,0.15575164556503296
11,reconstruction_only,98,lag_1s,0.42127618193626404,0.4142363667488098,0.14699994027614594
11,reconstruction_only,98,driver_amplitude,0.5579102635383606,0.37913960218429565,0.22326044738292694
11,reconstruction_only,98,driver_shape,0.5401322841644287,0.21234238147735596,0.12354898452758789
11,reconstruction_only,98,physiology_tau,0.42127618193626404,0.28486037254333496,0.19629830121994019
11,reconstruction_only,98,unmodeled_dynamics,0.42127618193626404,0.3031822443008423,0.1498282551765442
11,reconstruction_only,99,control,0.30007582902908325,0.28505879640579224,0.14538100361824036
11,reconstruction_only,99,common_basis,0.30007582902908325,0.8659695982933044,0.15568678081035614
11,reconstruction_only,99,common_correlated,0.30007582902908325,1.5225014686584473,0.16651101410388947
11,reconstruction_only,99,common_colored,0.30007582902908325,3.659433603286743,0.28697672486305237
11,reconstruction_only,99,common_exchange,0.30007582902908325,0.36926090717315674,0.1687621921300888
11,reconstruction_only,99,EEG_gain,0.4124051332473755,0.28505879640579224,0.1833348423242569
11,reconstruction_only,99,Hb_gain,0.30007582902908325,0.3594193160533905,0.1863175332546234
11,reconstruction_only,99,noise,0.3107256591320038,0.28354164958000183,0.1539885252714157
11,reconstruction_only,99,lag_1s,0.30007582902908325,0.19665807485580444,0.16016452014446259
11,reconstruction_only,99,driver_amplitude,0.5053934454917908,0.36277613043785095,0.23464709520339966
11,reconstruction_only,99,driver_shape,0.39513087272644043,0.35026824474334717,0.15386323630809784
11,reconstruction_only,99,physiology_tau,0.30007582902908325,0.3324854373931885,0.1505865901708603
11,reconstruction_only,99,unmodeled_dynamics,0.30007582902908325,0.29460906982421875,0.14332866668701172
11,reconstruction_only,100,control,0.15096399188041687,0.33918553590774536,0.12980376183986664
11,reconstruction_only,100,common_basis,0.15096399188041687,0.6925193071365356,0.14725293219089508
11,reconstruction_only,100,common_correlated,0.15096399188041687,1.9616634845733643,0.16435787081718445
11,reconstruction_only,100,common_colored,0.15096399188041687,2.5007097721099854,0.359458863735199
11,reconstruction_only,100,common_exchange,0.15096399188041687,0.45657938718795776,0.14984995126724243
11,reconstruction_only,100,EEG_gain,0.2290535271167755,0.33918553590774536,0.1748858541250229
11,reconstruction_only,100,Hb_gain,0.15096399188041687,0.4050242602825165,0.15136335790157318
11,reconstruction_only,100,noise,0.1520451456308365,0.33702903985977173,0.1397157609462738
11,reconstruction_only,100,lag_1s,0.15096399188041687,0.23986811935901642,0.2170822024345398
11,reconstruction_only,100,driver_amplitude,0.24093328416347504,0.4363827705383301,0.1962389051914215
11,reconstruction_only,100,driver_shape,0.2764851748943329,0.3066900372505188,0.11698853969573975
11,reconstruction_only,100,physiology_tau,0.15096399188041687,0.34677937626838684,0.1847936511039734
11,reconstruction_only,100,unmodeled_dynamics,0.15096399188041687,0.3525214195251465,0.1790340542793274
11,reconstruction_only,101,control,0.2227962762117386,0.24835625290870667,0.2117396891117096
11,reconstruction_only,101,common_basis,0.2227962762117386,0.68076092004776,0.2131829559803009
11,reconstruction_only,101,common_correlated,0.2227962762117386,1.9014675617218018,0.23198898136615753
11,reconstruction_only,101,common_colored,0.2227962762117386,2.2555418014526367,0.3032248616218567
11,reconstruction_only,101,common_exchange,0.2227962762117386,0.24692335724830627,0.2227628529071808
11,reconstruction_only,101,EEG_gain,0.2195633500814438,0.24835625290870667,0.28078368306159973
11,reconstruction_only,101,Hb_gain,0.2227962762117386,0.27426692843437195,0.22518134117126465
11,reconstruction_only,101,noise,0.23635445535182953,0.2521311342716217,0.2256864309310913
11,reconstruction_only,101,lag_1s,0.2227962762117386,0.27261751890182495,0.21992547810077667
11,reconstruction_only,101,driver_amplitude,0.33629557490348816,0.2940903902053833,0.3207489550113678
11,reconstruction_only,101,driver_shape,0.35494136810302734,0.14721150696277618,0.21746209263801575
11,reconstruction_only,101,physiology_tau,0.2227962762117386,0.11201751977205276,0.2252855896949768
11,reconstruction_only,101,unmodeled_dynamics,0.2227962762117386,0.22471728920936584,0.21456067264080048
11,reconstruction_only,102,control,0.4143640697002411,0.4372939467430115,0.10815655440092087
11,reconstruction_only,102,common_basis,0.4143640697002411,0.8859221935272217,0.1177062839269638
11,reconstruction_only,102,common_correlated,0.4143640697002411,1.7396684885025024,0.16633470356464386
11,reconstruction_only,102,common_colored,0.4143640697002411,3.959808349609375,0.4724585711956024
11,reconstruction_only,102,common_exchange,0.4143640697002411,0.4271499216556549,0.10809845477342606
11,reconstruction_only,102,EEG_gain,0.4285748302936554,0.4372939467430115,0.15361572802066803
11,reconstruction_only,102,Hb_gain,0.4143640697002411,0.5367748141288757,0.12279754877090454
11,reconstruction_only,102,noise,0.4084296226501465,0.43696752190589905,0.12166479229927063
11,reconstruction_only,102,lag_1s,0.4143640697002411,0.4573633670806885,0.1979321986436844
11,reconstruction_only,102,driver_amplitude,0.7075810432434082,0.5809978246688843,0.17761462926864624
11,reconstruction_only,102,driver_shape,0.2429424524307251,0.3511010706424713,0.10628735274076462
11,reconstruction_only,102,physiology_tau,0.4143640697002411,0.30873560905456543,0.12015710026025772
11,reconstruction_only,102,unmodeled_dynamics,0.4143640697002411,0.36174264550209045,0.13254790008068085
11,reconstruction_only,103,control,0.35330700874328613,0.31149712204933167,0.18744802474975586
11,reconstruction_only,103,common_basis,0.35330700874328613,0.3585731089115143,0.19015583395957947
11,reconstruction_only,103,common_correlated,0.35330700874328613,1.7017768621444702,0.24054932594299316
11,reconstruction_only,103,common_colored,0.35330700874328613,2.385563611984253,0.29476964473724365
11,reconstruction_only,103,common_exchange,0.35330700874328613,0.9778397679328918,0.19766142964363098
11,reconstruction_only,103,EEG_gain,0.38782280683517456,0.31149712204933167,0.24393603205680847
11,reconstruction_only,103,Hb_gain,0.35330700874328613,0.40670323371887207,0.20436666905879974
11,reconstruction_only,103,noise,0.3537885546684265,0.31553909182548523,0.1936824917793274
11,reconstruction_only,103,lag_1s,0.35330700874328613,0.08561445027589798,0.21717175841331482
11,reconstruction_only,103,driver_amplitude,0.5364837646484375,0.4123395085334778,0.28244316577911377
11,reconstruction_only,103,driver_shape,0.41280439496040344,0.3674362599849701,0.18830665946006775
11,reconstruction_only,103,physiology_tau,0.35330700874328613,0.37809595465660095,0.21359370648860931
11,reconstruction_only,103,unmodeled_dynamics,0.35330700874328613,0.3701784312725067,0.20890498161315918
11,reconstruction_only,104,control,0.5426565408706665,0.5288633704185486,0.14361508190631866
11,reconstruction_only,104,common_basis,0.5426565408706665,0.8310196399688721,0.15796640515327454
11,reconstruction_only,104,common_correlated,0.5426565408706665,1.065974235534668,0.25023674964904785
11,reconstruction_only,104,common_colored,0.5426565408706665,2.0211639404296875,0.3835776150226593
11,reconstruction_only,104,common_exchange,0.5426565408706665,0.5601868033409119,0.14956006407737732
11,reconstruction_only,104,EEG_gain,0.5625760555267334,0.5288633704185486,0.19289174675941467
11,reconstruction_only,104,Hb_gain,0.5426565408706665,0.6896605491638184,0.17832736670970917
11,reconstruction_only,104,noise,0.5501015782356262,0.5301797986030579,0.1497243195772171
11,reconstruction_only,104,lag_1s,0.5426565408706665,0.44347259402275085,0.2389713078737259
11,reconstruction_only,104,driver_amplitude,0.8155736327171326,0.7668644189834595,0.24271228909492493
11,reconstruction_only,104,driver_shape,0.714908242225647,0.5377357006072998,0.1478203982114792
11,reconstruction_only,104,physiology_tau,0.5426565408706665,0.4493004083633423,0.2023550420999527
11,reconstruction_only,104,unmodeled_dynamics,0.5426565408706665,0.5139076113700867,0.19291241466999054
11,reconstruction_only,105,control,0.22515922784805298,0.563163697719574,0.14050985872745514
11,reconstruction_only,105,common_basis,0.22515922784805298,0.6533163189888,0.1540602296590805
11,reconstruction_only,105,common_correlated,0.22515922784805298,2.546265125274658,0.22090740501880646
11,reconstruction_only,105,common_colored,0.22515922784805298,4.186877727508545,0.4557883143424988
11,reconstruction_only,105,common_exchange,0.22515922784805298,0.8648204207420349,0.16970190405845642
11,reconstruction_only,105,EEG_gain,0.221584752202034,0.563163697719574,0.19777147471904755
11,reconstruction_only,105,Hb_gain,0.22515922784805298,0.7066916227340698,0.15954677760601044
11,reconstruction_only,105,noise,0.22753237187862396,0.5645021796226501,0.15608526766300201
11,reconstruction_only,105,lag_1s,0.22515922784805298,0.5825682878494263,0.2532396912574768
11,reconstruction_only,105,driver_amplitude,0.3937135934829712,0.8004170656204224,0.21094714105129242
11,reconstruction_only,105,driver_shape,0.1876019388437271,0.48123741149902344,0.14627502858638763
11,reconstruction_only,105,physiology_tau,0.22515922784805298,0.3383333086967468,0.1887674331665039
11,reconstruction_only,105,unmodeled_dynamics,0.22515922784805298,0.48719626665115356,0.1776202917098999
11,reconstruction_only,106,control,0.4206729531288147,0.5061231851577759,0.14451000094413757
11,reconstruction_only,106,common_basis,0.4206729531288147,1.2648522853851318,0.16904419660568237
11,reconstruction_only,106,common_correlated,0.4206729531288147,1.3794512748718262,0.16100448369979858
11,reconstruction_only,106,common_colored,0.4206729531288147,1.198877215385437,0.31552454829216003
11,reconstruction_only,106,common_exchange,0.4206729531288147,0.6170108914375305,0.1630205363035202
11,reconstruction_only,106,EEG_gain,0.49294835329055786,0.5061231851577759,0.1921619325876236
11,reconstruction_only,106,Hb_gain,0.4206729531288147,0.6331042051315308,0.1697535216808319
11,reconstruction_only,106,noise,0.43241819739341736,0.5051396489143372,0.15549862384796143
11,reconstruction_only,106,lag_1s,0.4206729531288147,0.6562406420707703,0.1829722374677658
11,reconstruction_only,106,driver_amplitude,0.6334730386734009,0.6927379965782166,0.2237095981836319
11,reconstruction_only,106,driver_shape,0.5808283686637878,0.4074488580226898,0.14124417304992676
11,reconstruction_only,106,physiology_tau,0.4206729531288147,0.4505748748779297,0.18073417246341705
11,reconstruction_only,106,unmodeled_dynamics,0.4206729531288147,0.41950199007987976,0.15442214906215668
11,reconstruction_only,107,control,0.483428955078125,0.2737685739994049,0.24526453018188477
11,reconstruction_only,107,common_basis,0.483428955078125,0.4167119562625885,0.24421055614948273
11,reconstruction_only,107,common_correlated,0.483428955078125,1.2551584243774414,0.28318846225738525
11,reconstruction_only,107,common_colored,0.483428955078125,1.7516834735870361,0.3368147313594818
11,reconstruction_only,107,common_exchange,0.483428955078125,0.29989907145500183,0.2487662136554718
11,reconstruction_only,107,EEG_gain,0.5447434782981873,0.2737685739994049,0.30991390347480774
11,reconstruction_only,107,Hb_gain,0.483428955078125,0.2989013195037842,0.25872182846069336
11,reconstruction_only,107,noise,0.47699183225631714,0.273069828748703,0.2528742253780365
11,reconstruction_only,107,lag_1s,0.483428955078125,0.2686493992805481,0.2578594982624054
11,reconstruction_only,107,driver_amplitude,0.7380218505859375,0.29144585132598877,0.3615416884422302
11,reconstruction_only,107,driver_shape,0.4055432677268982,0.17793074250221252,0.245282381772995
11,reconstruction_only,107,physiology_tau,0.483428955078125,0.20858195424079895,0.24257175624370575
11,reconstruction_only,107,unmodeled_dynamics,0.483428955078125,0.2886366844177246,0.24322499334812164
11,reconstruction_only,108,control,0.3378406763076782,0.3080170452594757,0.1270846128463745
11,reconstruction_only,108,common_basis,0.3378406763076782,1.1585547924041748,0.14678989350795746
11,reconstruction_only,108,common_correlated,0.3378406763076782,1.3799045085906982,0.2653517723083496
11,reconstruction_only,108,common_colored,0.3378406763076782,1.5438239574432373,0.18540635704994202
11,reconstruction_only,108,common_exchange,0.3378406763076782,0.6226495504379272,0.13291992247104645
11,reconstruction_only,108,EEG_gain,0.4492851495742798,0.3080170452594757,0.16578800976276398
11,reconstruction_only,108,Hb_gain,0.3378406763076782,0.4278852343559265,0.1558697521686554
11,reconstruction_only,108,noise,0.3459836542606354,0.30916106700897217,0.14042392373085022
11,reconstruction_only,108,lag_1s,0.3378406763076782,0.10387728363275528,0.23115064203739166
11,reconstruction_only,108,driver_amplitude,0.45819512009620667,0.5155521035194397,0.1904105246067047
11,reconstruction_only,108,driver_shape,0.5025007724761963,0.41053834557533264,0.11381863057613373
11,reconstruction_only,108,physiology_tau,0.3378406763076782,0.3083120286464691,0.1755632907152176
11,reconstruction_only,108,unmodeled_dynamics,0.3378406763076782,0.30552437901496887,0.1738087683916092
11,reconstruction_only,109,control,0.20401248335838318,0.3919219374656677,0.26296892762184143
11,reconstruction_only,109,common_basis,0.20401248335838318,0.9229131937026978,0.2739819586277008
11,reconstruction_only,109,common_correlated,0.20401248335838318,1.9453020095825195,0.2993597984313965
11,reconstruction_only,109,common_colored,0.20401248335838318,2.344527244567871,0.3872949481010437
11,reconstruction_only,109,common_exchange,0.20401248335838318,0.6611528396606445,0.2697262167930603
11,reconstruction_only,109,EEG_gain,0.23037540912628174,0.3919219374656677,0.3451073467731476
11,reconstruction_only,109,Hb_gain,0.20401248335838318,0.47668159008026123,0.2712390720844269
11,reconstruction_only,109,noise,0.21680301427841187,0.3905913531780243,0.267779141664505
11,reconstruction_only,109,lag_1s,0.20401248335838318,0.5089248418807983,0.265906423330307
11,reconstruction_only,109,driver_amplitude,0.3473258316516876,0.5367624163627625,0.3941993713378906
11,reconstruction_only,109,driver_shape,0.2432115226984024,0.308463990688324,0.2673880457878113
11,reconstruction_only,109,physiology_tau,0.20401248335838318,0.24318212270736694,0.2695797383785248
11,reconstruction_only,109,unmodeled_dynamics,0.20401248335838318,0.34489038586616516,0.26346439123153687
11,reconstruction_only,110,control,0.7397527098655701,0.15087369084358215,0.15938504040241241
11,reconstruction_only,110,common_basis,0.7397527098655701,0.6754160523414612,0.17486052215099335
11,reconstruction_only,110,common_correlated,0.7397527098655701,0.9041104316711426,0.18494834005832672
11,reconstruction_only,110,common_colored,0.7397527098655701,1.054801106452942,0.19453845918178558
11,reconstruction_only,110,common_exchange,0.7397527098655701,0.6114732027053833,0.17406290769577026
11,reconstruction_only,110,EEG_gain,0.5785004496574402,0.15087369084358215,0.19729244709014893
11,reconstruction_only,110,Hb_gain,0.7397527098655701,0.21013206243515015,0.1760668307542801
11,reconstruction_only,110,noise,0.7611696124076843,0.15163148939609528,0.17419925332069397
11,reconstruction_only,110,lag_1s,0.7397527098655701,0.23027516901493073,0.2227315902709961
11,reconstruction_only,110,driver_amplitude,1.0814342498779297,0.2470598816871643,0.22365228831768036
11,reconstruction_only,110,driver_shape,0.8166321516036987,0.22640866041183472,0.14747901260852814
11,reconstruction_only,110,physiology_tau,0.7397527098655701,0.20853719115257263,0.18328361213207245
11,reconstruction_only,110,unmodeled_dynamics,0.7397527098655701,0.1886633336544037,0.17468231916427612
11,reconstruction_only,111,control,0.2893611788749695,0.30134764313697815,0.24921557307243347
11,reconstruction_only,111,common_basis,0.2893611788749695,0.3680807948112488,0.2531890869140625
11,reconstruction_only,111,common_correlated,0.2893611788749695,1.8076242208480835,0.27917763590812683
11,reconstruction_only,111,common_colored,0.2893611788749695,1.6323684453964233,0.3027311861515045
11,reconstruction_only,111,common_exchange,0.2893611788749695,0.44957318902015686,0.2532098889350891
11,reconstruction_only,111,EEG_gain,0.23973652720451355,0.30134764313697815,0.32376882433891296
11,reconstruction_only,111,Hb_gain,0.2893611788749695,0.32087358832359314,0.2555474638938904
11,reconstruction_only,111,noise,0.2752116620540619,0.3029942214488983,0.2613838016986847
11,reconstruction_only,111,lag_1s,0.2893611788749695,0.26689088344573975,0.2697180211544037
11,reconstruction_only,111,driver_amplitude,0.37501323223114014,0.30799251794815063,0.37174227833747864
11,reconstruction_only,111,driver_shape,0.4486103057861328,0.18963509798049927,0.25443241000175476
11,reconstruction_only,111,physiology_tau,0.2893611788749695,0.2334306538105011,0.25149771571159363
11,reconstruction_only,111,unmodeled_dynamics,0.2893611788749695,0.2518465220928192,0.2534855008125305
11,reconstruction_only,112,control,0.292439341545105,0.41137105226516724,0.1148352101445198
11,reconstruction_only,112,common_basis,0.292439341545105,0.890913724899292,0.125016450881958
11,reconstruction_only,112,common_correlated,0.292439341545105,0.7206891179084778,0.13585199415683746
11,reconstruction_only,112,common_colored,0.292439341545105,2.9757063388824463,0.22505949437618256
11,reconstruction_only,112,common_exchange,0.292439341545105,0.6433334350585938,0.12214114516973495
11,reconstruction_only,112,EEG_gain,0.23673267662525177,0.41137105226516724,0.15045581758022308
11,reconstruction_only,112,Hb_gain,0.292439341545105,0.5869824886322021,0.13777343928813934
11,reconstruction_only,112,noise,0.2858380079269409,0.41634607315063477,0.13003022968769073
11,reconstruction_only,112,lag_1s,0.292439341545105,0.43752703070640564,0.14180907607078552
11,reconstruction_only,112,driver_amplitude,0.4795145094394684,0.7461985349655151,0.18914541602134705
11,reconstruction_only,112,driver_shape,0.3449346721172333,0.4872637093067169,0.11673448979854584
11,reconstruction_only,112,physiology_tau,0.292439341545105,0.3306443691253662,0.1372734159231186
11,reconstruction_only,112,unmodeled_dynamics,0.292439341545105,0.3744174838066101,0.13556770980358124
11,reconstruction_only,113,control,0.17064528167247772,0.22975777089595795,0.24645884335041046
11,reconstruction_only,113,common_basis,0.17064528167247772,0.7045761346817017,0.25615766644477844
11,reconstruction_only,113,common_correlated,0.17064528167247772,1.417415976524353,0.2611093819141388
11,reconstruction_only,113,common_colored,0.17064528167247772,3.0044848918914795,0.3233819603919983
11,reconstruction_only,113,common_exchange,0.17064528167247772,0.50542151927948,0.2654552161693573
11,reconstruction_only,113,EEG_gain,0.35159584879875183,0.22975777089595795,0.3307565450668335
11,reconstruction_only,113,Hb_gain,0.17064528167247772,0.2928880751132965,0.25859925150871277
11,reconstruction_only,113,noise,0.16644707322120667,0.2317628562450409,0.25088033080101013
11,reconstruction_only,113,lag_1s,0.17064528167247772,0.20043034851551056,0.2747471332550049
11,reconstruction_only,113,driver_amplitude,0.28053006529808044,0.34270668029785156,0.3794713616371155
11,reconstruction_only,113,driver_shape,0.289165735244751,0.19105108082294464,0.25286275148391724
11,reconstruction_only,113,physiology_tau,0.17064528167247772,0.15537644922733307,0.25580430030822754
11,reconstruction_only,113,unmodeled_dynamics,0.17064528167247772,0.1548212468624115,0.24874451756477356
11,reconstruction_only,114,control,0.6214401125907898,0.3090669810771942,0.12797583639621735
11,reconstruction_only,114,common_basis,0.6214401125907898,0.5286285877227783,0.13694967329502106
11,reconstruction_only,114,common_correlated,0.6214401125907898,1.5924921035766602,0.16670991480350494
11,reconstruction_only,114,common_colored,0.6214401125907898,3.102450132369995,0.34651875495910645
11,reconstruction_only,114,common_exchange,0.6214401125907898,0.4393065571784973,0.13742542266845703
11,reconstruction_only,114,EEG_gain,0.7507773637771606,0.3090669810771942,0.18543106317520142
11,reconstruction_only,114,Hb_gain,0.6214401125907898,0.42290621995925903,0.15833018720149994
11,reconstruction_only,114,noise,0.612930178642273,0.30839523673057556,0.13680535554885864
11,reconstruction_only,114,lag_1s,0.6214401125907898,0.3195311725139618,0.24149566888809204
11,reconstruction_only,114,driver_amplitude,0.9321779608726501,0.4801734983921051,0.2089899182319641
11,reconstruction_only,114,driver_shape,0.6068536043167114,0.37337180972099304,0.1345657855272293
11,reconstruction_only,114,physiology_tau,0.6214401125907898,0.3117232918739319,0.19067104160785675
11,reconstruction_only,114,unmodeled_dynamics,0.6214401125907898,0.26301437616348267,0.17447887361049652
11,reconstruction_only,115,control,0.16821253299713135,0.2682190537452698,0.19618287682533264
11,reconstruction_only,115,common_basis,0.16821253299713135,0.26676803827285767,0.2012578696012497
11,reconstruction_only,115,common_correlated,0.16821253299713135,0.9645782709121704,0.25961142778396606
11,reconstruction_only,115,common_colored,0.16821253299713135,0.6142281889915466,0.3610852062702179
11,reconstruction_only,115,common_exchange,0.16821253299713135,0.38430479168891907,0.20760808885097504
11,reconstruction_only,115,EEG_gain,0.2596484422683716,0.2682190537452698,0.25364184379577637
11,reconstruction_only,115,Hb_gain,0.16821253299713135,0.38973918557167053,0.220469668507576
11,reconstruction_only,115,noise,0.16539035737514496,0.27041542530059814,0.20405304431915283
11,reconstruction_only,115,lag_1s,0.16821253299713135,0.16462069749832153,0.2266012728214264
11,reconstruction_only,115,driver_amplitude,0.21691645681858063,0.45267581939697266,0.2916421592235565
11,reconstruction_only,115,driver_shape,0.31679245829582214,0.37954607605934143,0.1929829865694046
11,reconstruction_only,115,physiology_tau,0.16821253299713135,0.2203492969274521,0.22086553275585175
11,reconstruction_only,115,unmodeled_dynamics,0.16821253299713135,0.30775579810142517,0.22222495079040527
11,reconstruction_only,116,control,0.21685786545276642,0.2918700873851776,0.10599290579557419
11,reconstruction_only,116,common_basis,0.21685786545276642,0.8789361119270325,0.13328950107097626
11,reconstruction_only,116,common_correlated,0.21685786545276642,1.768219232559204,0.12661969661712646
11,reconstruction_only,116,common_colored,0.21685786545276642,1.225783109664917,0.2019502967596054
11,reconstruction_only,116,common_exchange,0.21685786545276642,0.4947725534439087,0.10690994560718536
11,reconstruction_only,116,EEG_gain,0.33079108595848083,0.2918700873851776,0.13411445915699005
11,reconstruction_only,116,Hb_gain,0.21685786545276642,0.3687150776386261,0.15003591775894165
11,reconstruction_only,116,noise,0.22083747386932373,0.29272985458374023,0.11964713037014008
11,reconstruction_only,116,lag_1s,0.21685786545276642,0.47622138261795044,0.15829798579216003
11,reconstruction_only,116,driver_amplitude,0.3216666877269745,0.4137677848339081,0.17255619168281555
11,reconstruction_only,116,driver_shape,0.2520023584365845,0.20929700136184692,0.1003437340259552
11,reconstruction_only,116,physiology_tau,0.21685786545276642,0.13166525959968567,0.14344246685504913
11,reconstruction_only,116,unmodeled_dynamics,0.21685786545276642,0.2529519200325012,0.12803570926189423
11,reconstruction_only,117,control,0.8066786527633667,0.18123480677604675,0.17642420530319214
11,reconstruction_only,117,common_basis,0.8066786527633667,0.386269211769104,0.1843140870332718
11,reconstruction_only,117,common_correlated,0.8066786527633667,0.7541946768760681,0.1806115359067917
11,reconstruction_only,117,common_colored,0.8066786527633667,1.5923572778701782,0.2191554605960846
11,reconstruction_only,117,common_exchange,0.8066786527633667,1.2680342197418213,0.28472068905830383
11,reconstruction_only,117,EEG_gain,0.70906001329422,0.18123480677604675,0.23397253453731537
11,reconstruction_only,117,Hb_gain,0.8066786527633667,0.20704425871372223,0.1804567128419876
11,reconstruction_only,117,noise,0.8290387392044067,0.1834985464811325,0.1809954047203064
11,reconstruction_only,117,lag_1s,0.8066786527633667,0.22268058359622955,0.18905846774578094
11,reconstruction_only,117,driver_amplitude,1.1819275617599487,0.22723890841007233,0.27105459570884705
11,reconstruction_only,117,driver_shape,0.66524738073349,0.1219923123717308,0.1822475790977478
11,reconstruction_only,117,physiology_tau,0.8066786527633667,0.12002172321081161,0.1874585747718811
11,reconstruction_only,117,unmodeled_dynamics,0.8066786527633667,0.1895148605108261,0.18596409261226654
11,reconstruction_only,118,control,0.3117719888687134,0.14897184073925018,0.11831782013177872
11,reconstruction_only,118,common_basis,0.3117719888687134,1.4014689922332764,0.1356552392244339
11,reconstruction_only,118,common_correlated,0.3117719888687134,1.545196771621704,0.14415819942951202
11,reconstruction_only,118,common_colored,0.3117719888687134,2.2706260681152344,0.28344881534576416
11,reconstruction_only,118,common_exchange,0.3117719888687134,0.2017354965209961,0.12237776070833206
11,reconstruction_only,118,EEG_gain,0.45731571316719055,0.14897184073925018,0.1550232470035553
11,reconstruction_only,118,Hb_gain,0.3117719888687134,0.2562197148799896,0.1407747119665146
11,reconstruction_only,118,noise,0.3110596239566803,0.14977829158306122,0.13299918174743652
11,reconstruction_only,118,lag_1s,0.3117719888687134,0.223739892244339,0.1395142376422882
11,reconstruction_only,118,driver_amplitude,0.4833429753780365,0.3313286602497101,0.1858118325471878
11,reconstruction_only,118,driver_shape,0.3483952581882477,0.20969173312187195,0.12723205983638763
11,reconstruction_only,118,physiology_tau,0.3117719888687134,0.2117505520582199,0.13199758529663086
11,reconstruction_only,118,unmodeled_dynamics,0.3117719888687134,0.11598389595746994,0.1428508311510086
11,reconstruction_only,119,control,0.5334287285804749,0.4020901322364807,0.22733503580093384
11,reconstruction_only,119,common_basis,0.5334287285804749,0.9267235994338989,0.2314264327287674
11,reconstruction_only,119,common_correlated,0.5334287285804749,1.760404348373413,0.24515993893146515
11,reconstruction_only,119,common_colored,0.5334287285804749,3.983285665512085,0.3459707498550415
11,reconstruction_only,119,common_exchange,0.5334287285804749,0.19606569409370422,0.23031046986579895
11,reconstruction_only,119,EEG_gain,0.638290286064148,0.4020901322364807,0.29495227336883545
11,reconstruction_only,119,Hb_gain,0.5334287285804749,0.4999596178531647,0.23683707416057587
11,reconstruction_only,119,noise,0.5411641001701355,0.40271061658859253,0.2311026006937027
11,reconstruction_only,119,lag_1s,0.5334287285804749,0.39961886405944824,0.24461610615253448
11,reconstruction_only,119,driver_amplitude,0.8663730025291443,0.49440798163414,0.34010764956474304
11,reconstruction_only,119,driver_shape,0.5213160514831543,0.36123499274253845,0.22572584450244904
11,reconstruction_only,119,physiology_tau,0.5334287285804749,0.4030936658382416,0.24266818165779114
11,reconstruction_only,119,unmodeled_dynamics,0.5334287285804749,0.3840414881706238,0.2308417558670044
11,reconstruction_only,120,control,0.677796483039856,0.4396716058254242,0.13665907084941864
11,reconstruction_only,120,common_basis,0.677796483039856,1.8953452110290527,0.23442620038986206
11,reconstruction_only,120,common_correlated,0.677796483039856,1.1378742456436157,0.1955300271511078
11,reconstruction_only,120,common_colored,0.677796483039856,1.2568663358688354,0.32761114835739136
11,reconstruction_only,120,common_exchange,0.677796483039856,0.6138724684715271,0.16602890193462372
11,reconstruction_only,120,EEG_gain,0.7728964686393738,0.4396716058254242,0.18831320106983185
11,reconstruction_only,120,Hb_gain,0.677796483039856,0.5344107151031494,0.16756989061832428
11,reconstruction_only,120,noise,0.6731423139572144,0.43620288372039795,0.14748159050941467
11,reconstruction_only,120,lag_1s,0.677796483039856,0.38488897681236267,0.19674572348594666
11,reconstruction_only,120,driver_amplitude,1.0169912576675415,0.6061378717422485,0.19970153272151947
11,reconstruction_only,120,driver_shape,0.7096352577209473,0.37015199661254883,0.13902875781059265
11,reconstruction_only,120,physiology_tau,0.677796483039856,0.4468716084957123,0.2356991171836853
11,reconstruction_only,120,unmodeled_dynamics,0.677796483039856,0.484564870595932,0.18677985668182373
11,reconstruction_only,121,control,0.5246695876121521,0.268012136220932,0.22060750424861908
11,reconstruction_only,121,common_basis,0.5246695876121521,0.910139799118042,0.23049645125865936
11,reconstruction_only,121,common_correlated,0.5246695876121521,1.547635793685913,0.36040839552879333
11,reconstruction_only,121,common_colored,0.5246695876121521,0.8295131325721741,0.37123939394950867
11,reconstruction_only,121,common_exchange,0.5246695876121521,0.35454487800598145,0.23581242561340332
11,reconstruction_only,121,EEG_gain,0.5545133948326111,0.268012136220932,0.2870991826057434
11,reconstruction_only,121,Hb_gain,0.5246695876121521,0.30776447057724,0.23576630651950836
11,reconstruction_only,121,noise,0.5257762670516968,0.26681140065193176,0.22935642302036285
11,reconstruction_only,121,lag_1s,0.5246695876121521,0.2963028848171234,0.282182514667511
11,reconstruction_only,121,driver_amplitude,0.7995637655258179,0.3380376994609833,0.33372652530670166
11,reconstruction_only,121,driver_shape,0.5251986980438232,0.2647014856338501,0.22927971184253693
11,reconstruction_only,121,physiology_tau,0.5246695876121521,0.21971020102500916,0.24429713189601898
11,reconstruction_only,121,unmodeled_dynamics,0.5246695876121521,0.2458740621805191,0.24056674540042877
11,reconstruction_only,122,control,0.8998348116874695,0.5267512202262878,0.14755098521709442
11,reconstruction_only,122,common_basis,0.8998348116874695,0.863565981388092,0.17037229239940643
11,reconstruction_only,122,common_correlated,0.8998348116874695,2.502018690109253,0.18589434027671814
11,reconstruction_only,122,common_colored,0.8998348116874695,0.9400147795677185,0.1904752105474472
11,reconstruction_only,122,common_exchange,0.8998348116874695,0.822875440120697,0.16425946354866028
11,reconstruction_only,122,EEG_gain,1.0228334665298462,0.5267512202262878,0.19341827929019928
11,reconstruction_only,122,Hb_gain,0.8998348116874695,0.6478651165962219,0.15407133102416992
11,reconstruction_only,122,noise,0.8835590481758118,0.5303551554679871,0.15832719206809998
11,reconstruction_only,122,lag_1s,0.8998348116874695,0.5325432419776917,0.19280296564102173
11,reconstruction_only,122,driver_amplitude,1.3401727676391602,0.719918966293335,0.2220308780670166
11,reconstruction_only,122,driver_shape,0.933711051940918,0.4392596483230591,0.12918725609779358
11,reconstruction_only,122,physiology_tau,0.8998348116874695,0.37894222140312195,0.1627236306667328
11,reconstruction_only,122,unmodeled_dynamics,0.8998348116874695,0.478142112493515,0.1618661731481552
11,reconstruction_only,123,control,0.22911690175533295,0.12743529677391052,0.249182790517807
11,reconstruction_only,123,common_basis,0.22911690175533295,1.400415062904358,0.26194313168525696
11,reconstruction_only,123,common_correlated,0.22911690175533295,0.8535046577453613,0.3395848274230957
11,reconstruction_only,123,common_colored,0.22911690175533295,2.5653114318847656,0.30670997500419617
11,reconstruction_only,123,common_exchange,0.22911690175533295,0.318024605512619,0.27170246839523315
11,reconstruction_only,123,EEG_gain,0.3154708743095398,0.12743529677391052,0.3253763020038605
11,reconstruction_only,123,Hb_gain,0.22911690175533295,0.1397317498922348,0.26159730553627014
11,reconstruction_only,123,noise,0.23141944408416748,0.12281718850135803,0.2528335750102997
11,reconstruction_only,123,lag_1s,0.22911690175533295,0.09777665138244629,0.28243789076805115
11,reconstruction_only,123,driver_amplitude,0.33967125415802,0.17021113634109497,0.373730331659317
11,reconstruction_only,123,driver_shape,0.3343397378921509,0.08537320047616959,0.242704838514328
11,reconstruction_only,123,physiology_tau,0.22911690175533295,0.059222254902124405,0.26028499007225037
11,reconstruction_only,123,unmodeled_dynamics,0.22911690175533295,0.10011083632707596,0.2656014859676361
11,reconstruction_only,124,control,0.628027617931366,0.48671823740005493,0.1374179869890213
11,reconstruction_only,124,common_basis,0.628027617931366,0.9144617319107056,0.14350083470344543
11,reconstruction_only,124,common_correlated,0.628027617931366,2.0825016498565674,0.21109560132026672
11,reconstruction_only,124,common_colored,0.628027617931366,1.0974706411361694,0.24986490607261658
11,reconstruction_only,124,common_exchange,0.628027617931366,0.6979754567146301,0.15225645899772644
11,reconstruction_only,124,EEG_gain,0.8572543263435364,0.48671823740005493,0.18584312498569489
11,reconstruction_only,124,Hb_gain,0.628027617931366,0.6708124279975891,0.17595161497592926
11,reconstruction_only,124,noise,0.6302568316459656,0.488907128572464,0.15295447409152985
11,reconstruction_only,124,lag_1s,0.628027617931366,0.4078611135482788,0.23981569707393646
11,reconstruction_only,124,driver_amplitude,0.929058849811554,0.7887790203094482,0.21239173412322998
11,reconstruction_only,124,driver_shape,0.593450665473938,0.5854565501213074,0.13380272686481476
11,reconstruction_only,124,physiology_tau,0.628027617931366,0.3248640298843384,0.19372326135635376
11,reconstruction_only,124,unmodeled_dynamics,0.628027617931366,0.49995359778404236,0.1782829463481903
11,reconstruction_only,125,control,0.4002186357975006,0.09421920776367188,0.17094090580940247
11,reconstruction_only,125,common_basis,0.4002186357975006,0.19702257215976715,0.17123939096927643
11,reconstruction_only,125,common_correlated,0.4002186357975006,1.983377456665039,0.2604931592941284
11,reconstruction_only,125,common_colored,0.4002186357975006,1.8084499835968018,0.1982428878545761
11,reconstruction_only,125,common_exchange,0.4002186357975006,0.424337774515152,0.17600329220294952
11,reconstruction_only,125,EEG_gain,0.3568839132785797,0.09421920776367188,0.2165164053440094
11,reconstruction_only,125,Hb_gain,0.4002186357975006,0.06528205424547195,0.1982632577419281
11,reconstruction_only,125,noise,0.3939357101917267,0.09366191923618317,0.17976093292236328
11,reconstruction_only,125,lag_1s,0.4002186357975006,0.18693839013576508,0.2303316742181778
11,reconstruction_only,125,driver_amplitude,0.597782552242279,0.05606043338775635,0.2618085741996765
11,reconstruction_only,125,driver_shape,0.46943140029907227,0.022202352061867714,0.16665485501289368
11,reconstruction_only,125,physiology_tau,0.4002186357975006,0.13414962589740753,0.2079605907201767
11,reconstruction_only,125,unmodeled_dynamics,0.4002186357975006,0.07744112610816956,0.19720348715782166
11,reconstruction_only,126,control,0.4634639620780945,0.18831762671470642,0.11603105813264847
11,reconstruction_only,126,common_basis,0.4634639620780945,0.5805321931838989,0.12869654595851898
11,reconstruction_only,126,common_correlated,0.4634639620780945,1.710379719734192,0.12275983393192291
11,reconstruction_only,126,common_colored,0.4634639620780945,1.5850292444229126,0.13666823506355286
11,reconstruction_only,126,common_exchange,0.4634639620780945,0.2250867635011673,0.11145137995481491
11,reconstruction_only,126,EEG_gain,0.4586386978626251,0.18831762671470642,0.15240395069122314
11,reconstruction_only,126,Hb_gain,0.4634639620780945,0.22555771470069885,0.11720360070466995
11,reconstruction_only,126,noise,0.4572370648384094,0.18583722412586212,0.1319185346364975
11,reconstruction_only,126,lag_1s,0.4634639620780945,0.16476595401763916,0.14258231222629547
11,reconstruction_only,126,driver_amplitude,0.7260340452194214,0.2279350906610489,0.15710537135601044
11,reconstruction_only,126,driver_shape,0.4050178825855255,0.11921922862529755,0.10815209895372391
11,reconstruction_only,126,physiology_tau,0.4634639620780945,0.2854865491390228,0.13437330722808838
11,reconstruction_only,126,unmodeled_dynamics,0.4634639620780945,0.15131224691867828,0.13381746411323547
11,reconstruction_only,127,control,0.44834238290786743,0.42161157727241516,0.20202794671058655
11,reconstruction_only,127,common_basis,0.44834238290786743,0.8212547898292542,0.20309783518314362
11,reconstruction_only,127,common_correlated,0.44834238290786743,2.079585313796997,0.21502837538719177
11,reconstruction_only,127,common_colored,0.44834238290786743,4.033207416534424,0.4212280511856079
11,reconstruction_only,127,common_exchange,0.44834238290786743,0.6376523971557617,0.25064465403556824
11,reconstruction_only,127,EEG_gain,0.47653284668922424,0.42161157727241516,0.2575417459011078
11,reconstruction_only,127,Hb_gain,0.44834238290786743,0.5683789849281311,0.23243728280067444
11,reconstruction_only,127,noise,0.4327828288078308,0.42725279927253723,0.2052488625049591
11,reconstruction_only,127,lag_1s,0.44834238290786743,0.47101759910583496,0.20354360342025757
11,reconstruction_only,127,driver_amplitude,0.737146258354187,0.645271360874176,0.3056983947753906
11,reconstruction_only,127,driver_shape,0.3447735607624054,0.4919809401035309,0.20155160129070282
11,reconstruction_only,127,physiology_tau,0.44834238290786743,0.293963760137558,0.20281097292900085
11,reconstruction_only,127,unmodeled_dynamics,0.44834238290786743,0.34610897302627563,0.200938418507576
22,reconstruction_only,0,control,0.5057307481765747,0.17579132318496704,0.11519390344619751
22,reconstruction_only,0,common_basis,0.5057307481765747,0.3646835684776306,0.11933603137731552
22,reconstruction_only,0,common_correlated,0.5057307481765747,1.3998504877090454,0.1489924043416977
22,reconstruction_only,0,common_colored,0.5057307481765747,1.6162337064743042,0.23421114683151245
22,reconstruction_only,0,common_exchange,0.5057307481765747,0.40666884183883667,0.1308467537164688
22,reconstruction_only,0,EEG_gain,0.5368754267692566,0.17579132318496704,0.15640221536159515
22,reconstruction_only,0,Hb_gain,0.5057307481765747,0.2786809504032135,0.14260707795619965
22,reconstruction_only,0,noise,0.48419609665870667,0.17612408101558685,0.12703204154968262
22,reconstruction_only,0,lag_1s,0.5057307481765747,0.23970957100391388,0.19360697269439697
22,reconstruction_only,0,driver_amplitude,0.9599748253822327,0.3599863648414612,0.18435287475585938
22,reconstruction_only,0,driver_shape,0.4488408863544464,0.16435478627681732,0.10605844110250473
22,reconstruction_only,0,physiology_tau,0.5057307481765747,0.13940885663032532,0.13797713816165924
22,reconstruction_only,0,unmodeled_dynamics,0.5057307481765747,0.20485061407089233,0.13685855269432068
22,reconstruction_only,1,control,0.3881693482398987,0.19912207126617432,0.2285248190164566
22,reconstruction_only,1,common_basis,0.3881693482398987,0.898546576499939,0.24931968748569489
22,reconstruction_only,1,common_correlated,0.3881693482398987,2.715590715408325,0.26217618584632874
22,reconstruction_only,1,common_colored,0.3881693482398987,5.641808032989502,0.39492958784103394
22,reconstruction_only,1,common_exchange,0.3881693482398987,0.8558521270751953,0.2670765817165375
22,reconstruction_only,1,EEG_gain,0.3714613914489746,0.19912207126617432,0.30090954899787903
22,reconstruction_only,1,Hb_gain,0.3881693482398987,0.25930196046829224,0.24111966788768768
22,reconstruction_only,1,noise,0.39259567856788635,0.20464937388896942,0.236787348985672
22,reconstruction_only,1,lag_1s,0.3881693482398987,0.1843513697385788,0.2364434450864792
22,reconstruction_only,1,driver_amplitude,0.47885215282440186,0.3132160007953644,0.34572985768318176
22,reconstruction_only,1,driver_shape,0.3972000777721405,0.19336076080799103,0.228677898645401
22,reconstruction_only,1,physiology_tau,0.3881693482398987,0.31432104110717773,0.24184705317020416
22,reconstruction_only,1,unmodeled_dynamics,0.3881693482398987,0.22066918015480042,0.2352491319179535
22,reconstruction_only,2,control,0.42495232820510864,0.2698993384838104,0.10586337000131607
22,reconstruction_only,2,common_basis,0.42495232820510864,1.2831228971481323,0.10694572329521179
22,reconstruction_only,2,common_correlated,0.42495232820510864,0.9147253036499023,0.1504659354686737
22,reconstruction_only,2,common_colored,0.42495232820510864,2.24379825592041,0.25209537148475647
22,reconstruction_only,2,common_exchange,0.42495232820510864,0.22405707836151123,0.15156547725200653
22,reconstruction_only,2,EEG_gain,0.3140004873275757,0.2698993384838104,0.13465461134910583
22,reconstruction_only,2,Hb_gain,0.42495232820510864,0.3996088206768036,0.12686514854431152
22,reconstruction_only,2,noise,0.4473460614681244,0.27230706810951233,0.11664479225873947
22,reconstruction_only,2,lag_1s,0.42495232820510864,0.4290628433227539,0.14139790832996368
22,reconstruction_only,2,driver_amplitude,0.7565321326255798,0.5684952735900879,0.17089851200580597
22,reconstruction_only,2,driver_shape,0.33963921666145325,0.27143481373786926,0.10285452753305435
22,reconstruction_only,2,physiology_tau,0.42495232820510864,0.23913180828094482,0.11282097548246384
22,reconstruction_only,2,unmodeled_dynamics,0.42495232820510864,0.2717180550098419,0.11831308901309967
22,reconstruction_only,3,control,0.21971125900745392,0.24435047805309296,0.22266243398189545
22,reconstruction_only,3,common_basis,0.21971125900745392,0.8626717925071716,0.22706034779548645
22,reconstruction_only,3,common_correlated,0.21971125900745392,2.2546169757843018,0.2943706512451172
22,reconstruction_only,3,common_colored,0.21971125900745392,1.764750599861145,0.28811463713645935
22,reconstruction_only,3,common_exchange,0.21971125900745392,0.04520314186811447,0.22741064429283142
22,reconstruction_only,3,EEG_gain,0.4385785758495331,0.24435047805309296,0.29852160811424255
22,reconstruction_only,3,Hb_gain,0.21971125900745392,0.22482524812221527,0.22412414848804474
22,reconstruction_only,3,noise,0.2287023961544037,0.24689683318138123,0.2387504279613495
22,reconstruction_only,3,lag_1s,0.21971125900745392,0.1883198618888855,0.2789751887321472
22,reconstruction_only,3,driver_amplitude,0.47570323944091797,0.19905155897140503,0.3302684724330902
22,reconstruction_only,3,driver_shape,0.30838948488235474,0.21800737082958221,0.2216923087835312
22,reconstruction_only,3,physiology_tau,0.21971125900745392,0.31237441301345825,0.27165794372558594
22,reconstruction_only,3,unmodeled_dynamics,0.21971125900745392,0.3208724856376648,0.25336146354675293
22,reconstruction_only,4,control,0.39028415083885193,0.34081462025642395,0.12086449563503265
22,reconstruction_only,4,common_basis,0.39028415083885193,1.6228861808776855,0.17363932728767395
22,reconstruction_only,4,common_correlated,0.39028415083885193,1.878719449043274,0.16649103164672852
22,reconstruction_only,4,common_colored,0.39028415083885193,1.321427583694458,0.18292748928070068
22,reconstruction_only,4,common_exchange,0.39028415083885193,0.251616507768631,0.12763063609600067
22,reconstruction_only,4,EEG_gain,0.4786122143268585,0.34081462025642395,0.16162389516830444
22,reconstruction_only,4,Hb_gain,0.39028415083885193,0.49799391627311707,0.13249395787715912
22,reconstruction_only,4,noise,0.38917115330696106,0.340913325548172,0.13526691496372223
22,reconstruction_only,4,lag_1s,0.39028415083885193,0.29292869567871094,0.17374137043952942
22,reconstruction_only,4,driver_amplitude,0.7245279550552368,0.5862408876419067,0.18371254205703735
22,reconstruction_only,4,driver_shape,0.2971886694431305,0.3151948153972626,0.12214260548353195
22,reconstruction_only,4,physiology_tau,0.39028415083885193,0.31327879428863525,0.13247300684452057
22,reconstruction_only,4,unmodeled_dynamics,0.39028415083885193,0.3822965919971466,0.13176682591438293
22,reconstruction_only,5,control,0.24781100451946259,0.5704182386398315,0.152518168091774
22,reconstruction_only,5,common_basis,0.24781100451946259,1.127266526222229,0.16208042204380035
22,reconstruction_only,5,common_correlated,0.24781100451946259,1.3485996723175049,0.1806369125843048
22,reconstruction_only,5,common_colored,0.24781100451946259,2.9815316200256348,0.26789507269859314
22,reconstruction_only,5,common_exchange,0.24781100451946259,0.7699082493782043,0.1590791642665863
22,reconstruction_only,5,EEG_gain,0.22729821503162384,0.5704182386398315,0.20204541087150574
22,reconstruction_only,5,Hb_gain,0.24781100451946259,0.794349193572998,0.1596357822418213
22,reconstruction_only,5,noise,0.25637370347976685,0.5697751045227051,0.15810565650463104
22,reconstruction_only,5,lag_1s,0.24781100451946259,0.6668373942375183,0.16961504518985748
22,reconstruction_only,5,driver_amplitude,0.5357397198677063,0.9533457159996033,0.22767086327075958
22,reconstruction_only,5,driver_shape,0.18476450443267822,0.5650461912155151,0.1549592912197113
22,reconstruction_only,5,physiology_tau,0.24781100451946259,0.3797132968902588,0.17651578783988953
22,reconstruction_only,5,unmodeled_dynamics,0.24781100451946259,0.5183525085449219,0.16370153427124023
22,reconstruction_only,6,control,0.49840477108955383,0.460871160030365,0.12697680294513702
22,reconstruction_only,6,common_basis,0.49840477108955383,0.4869972765445709,0.12849047780036926
22,reconstruction_only,6,common_correlated,0.49840477108955383,2.013902187347412,0.14491552114486694
22,reconstruction_only,6,common_colored,0.49840477108955383,2.256133556365967,0.2559283375740051
22,reconstruction_only,6,common_exchange,0.49840477108955383,0.5019866824150085,0.13699646294116974
22,reconstruction_only,6,EEG_gain,0.3532636761665344,0.460871160030365,0.16056007146835327
22,reconstruction_only,6,Hb_gain,0.49840477108955383,0.5982181429862976,0.16723982989788055
22,reconstruction_only,6,noise,0.5125987529754639,0.45901262760162354,0.13571523129940033
22,reconstruction_only,6,lag_1s,0.49840477108955383,0.378435879945755,0.14561250805854797
22,reconstruction_only,6,driver_amplitude,0.59218829870224,0.6677770614624023,0.1986929327249527
22,reconstruction_only,6,driver_shape,0.5396823883056641,0.44769972562789917,0.12604571878910065
22,reconstruction_only,6,physiology_tau,0.49840477108955383,0.47534167766571045,0.1315053254365921
22,reconstruction_only,6,unmodeled_dynamics,0.49840477108955383,0.45858460664749146,0.1275845766067505
22,reconstruction_only,7,control,0.11412233859300613,0.11007929593324661,0.21640868484973907
22,reconstruction_only,7,common_basis,0.11412233859300613,0.47995737195014954,0.21793529391288757
22,reconstruction_only,7,common_correlated,0.11412233859300613,2.105273723602295,0.2609110474586487
22,reconstruction_only,7,common_colored,0.11412233859300613,1.5244694948196411,0.23299536108970642
22,reconstruction_only,7,common_exchange,0.11412233859300613,0.18736323714256287,0.22595615684986115
22,reconstruction_only,7,EEG_gain,0.13861282169818878,0.11007929593324661,0.2812126576900482
22,reconstruction_only,7,Hb_gain,0.11412233859300613,0.13082918524742126,0.23479071259498596
22,reconstruction_only,7,noise,0.13484223186969757,0.10547935217618942,0.22294653952121735
22,reconstruction_only,7,lag_1s,0.11412233859300613,0.28761595487594604,0.24154137074947357
22,reconstruction_only,7,driver_amplitude,0.3207814395427704,0.17737284302711487,0.32727324962615967
22,reconstruction_only,7,driver_shape,0.08998477458953857,0.12321411073207855,0.19570839405059814
22,reconstruction_only,7,physiology_tau,0.11412233859300613,0.18417593836784363,0.24110840260982513
22,reconstruction_only,7,unmodeled_dynamics,0.11412233859300613,0.11297830939292908,0.23703405261039734
22,reconstruction_only,8,control,0.19143477082252502,0.2374059110879898,0.1270706057548523
22,reconstruction_only,8,common_basis,0.19143477082252502,0.44019877910614014,0.13119208812713623
22,reconstruction_only,8,common_correlated,0.19143477082252502,0.803398072719574,0.1520809829235077
22,reconstruction_only,8,common_colored,0.19143477082252502,4.508548736572266,0.31143495440483093
22,reconstruction_only,8,common_exchange,0.19143477082252502,0.2899929881095886,0.1283959150314331
22,reconstruction_only,8,EEG_gain,0.3867282569408417,0.2374059110879898,0.17339956760406494
22,reconstruction_only,8,Hb_gain,0.19143477082252502,0.3406746983528137,0.12990078330039978
22,reconstruction_only,8,noise,0.20487089455127716,0.24478478729724884,0.14589543640613556
22,reconstruction_only,8,lag_1s,0.19143477082252502,0.2144097238779068,0.15175150334835052
22,reconstruction_only,8,driver_amplitude,0.3543592691421509,0.43084466457366943,0.18382687866687775
22,reconstruction_only,8,driver_shape,0.20484988391399384,0.2510438561439514,0.12767241895198822
22,reconstruction_only,8,physiology_tau,0.19143477082252502,0.1550600528717041,0.15643136203289032
22,reconstruction_only,8,unmodeled_dynamics,0.19143477082252502,0.22197431325912476,0.1434580236673355
22,reconstruction_only,9,control,0.46737465262413025,0.30909138917922974,0.16967308521270752
22,reconstruction_only,9,common_basis,0.46737465262413025,0.7883004546165466,0.1727997362613678
22,reconstruction_only,9,common_correlated,0.46737465262413025,2.1020491123199463,0.1936214715242386
22,reconstruction_only,9,common_colored,0.46737465262413025,1.0833765268325806,0.22088274359703064
22,reconstruction_only,9,common_exchange,0.46737465262413025,0.6514349579811096,0.1864142268896103
22,reconstruction_only,9,EEG_gain,0.5148402452468872,0.30909138917922974,0.233341246843338
22,reconstruction_only,9,Hb_gain,0.46737465262413025,0.475104421377182,0.18700288236141205
22,reconstruction_only,9,noise,0.4728221893310547,0.3159653842449188,0.17976555228233337
22,reconstruction_only,9,lag_1s,0.46737465262413025,0.30866777896881104,0.19665203988552094
22,reconstruction_only,9,driver_amplitude,0.6184886693954468,0.5892085433006287,0.26590806245803833
22,reconstruction_only,9,driver_shape,0.4789697527885437,0.25591155886650085,0.17152906954288483
22,reconstruction_only,9,physiology_tau,0.46737465262413025,0.045696381479501724,0.20475724339485168
22,reconstruction_only,9,unmodeled_dynamics,0.46737465262413025,0.24404223263263702,0.19086408615112305
22,reconstruction_only,10,control,0.47394824028015137,0.3569013476371765,0.1768222153186798
22,reconstruction_only,10,common_basis,0.47394824028015137,0.7856222987174988,0.18981391191482544
22,reconstruction_only,10,common_correlated,0.47394824028015137,2.6345574855804443,0.20246504247188568
22,reconstruction_only,10,common_colored,0.47394824028015137,3.1056392192840576,0.230435311794281
22,reconstruction_only,10,common_exchange,0.47394824028015137,0.7132745385169983,0.20771270990371704
22,reconstruction_only,10,EEG_gain,0.47585633397102356,0.3569013476371765,0.23357221484184265
22,reconstruction_only,10,Hb_gain,0.47394824028015137,0.4525568187236786,0.19049443304538727
22,reconstruction_only,10,noise,0.48105597496032715,0.3574448525905609,0.18506380915641785
22,reconstruction_only,10,lag_1s,0.47394824028015137,0.2528734505176544,0.18288587033748627
22,reconstruction_only,10,driver_amplitude,0.6523494124412537,0.43945932388305664,0.27956563234329224
22,reconstruction_only,10,driver_shape,0.4550451636314392,0.3345174789428711,0.17472459375858307
22,reconstruction_only,10,physiology_tau,0.47394824028015137,0.23393265902996063,0.18364660441875458
22,reconstruction_only,10,unmodeled_dynamics,0.47394824028015137,0.3271787762641907,0.17930789291858673
22,reconstruction_only,11,control,0.27149415016174316,0.2862260937690735,0.17905142903327942
22,reconstruction_only,11,common_basis,0.27149415016174316,1.0607035160064697,0.19004639983177185
22,reconstruction_only,11,common_correlated,0.27149415016174316,2.3379967212677,0.2020314633846283
22,reconstruction_only,11,common_colored,0.27149415016174316,3.7297065258026123,0.2610388398170471
22,reconstruction_only,11,common_exchange,0.27149415016174316,0.5118789076805115,0.18484628200531006
22,reconstruction_only,11,EEG_gain,0.26571375131607056,0.2862260937690735,0.23067735135555267
22,reconstruction_only,11,Hb_gain,0.27149415016174316,0.40727078914642334,0.1834292858839035
22,reconstruction_only,11,noise,0.2821791172027588,0.28719907999038696,0.19206327199935913
22,reconstruction_only,11,lag_1s,0.27149415016174316,0.31029191613197327,0.20596157014369965
22,reconstruction_only,11,driver_amplitude,0.5718207955360413,0.46936899423599243,0.2639792561531067
22,reconstruction_only,11,driver_shape,0.2770765423774719,0.2998991906642914,0.1866423785686493
22,reconstruction_only,11,physiology_tau,0.27149415016174316,0.30177608132362366,0.18379688262939453
22,reconstruction_only,11,unmodeled_dynamics,0.27149415016174316,0.20803645253181458,0.1838691681623459
22,reconstruction_only,12,control,0.4310789108276367,0.14093784987926483,0.11657268553972244
22,reconstruction_only,12,common_basis,0.4310789108276367,0.528061032295227,0.12705464661121368
22,reconstruction_only,12,common_correlated,0.4310789108276367,1.4242782592773438,0.13092447817325592
22,reconstruction_only,12,common_colored,0.4310789108276367,1.4058935642242432,0.17002086341381073
22,reconstruction_only,12,common_exchange,0.4310789108276367,0.45720750093460083,0.13780058920383453
22,reconstruction_only,12,EEG_gain,0.25247621536254883,0.14093784987926483,0.154290571808815
22,reconstruction_only,12,Hb_gain,0.4310789108276367,0.1238587349653244,0.1195259541273117
22,reconstruction_only,12,noise,0.42015254497528076,0.13539385795593262,0.13496096432209015
22,reconstruction_only,12,lag_1s,0.4310789108276367,0.22278784215450287,0.12998034060001373
22,reconstruction_only,12,driver_amplitude,0.5070762634277344,0.11952656507492065,0.17462146282196045
22,reconstruction_only,12,driver_shape,0.4243534505367279,0.14322234690189362,0.1300003081560135
22,reconstruction_only,12,physiology_tau,0.4310789108276367,0.05533422902226448,0.1338171809911728
22,reconstruction_only,12,unmodeled_dynamics,0.4310789108276367,0.13482420146465302,0.1282792091369629
22,reconstruction_only,13,control,0.19211609661579132,0.27015212178230286,0.21887975931167603
22,reconstruction_only,13,common_basis,0.19211609661579132,0.8256692290306091,0.23251838982105255
22,reconstruction_only,13,common_correlated,0.19211609661579132,0.9114057421684265,0.3213336169719696
22,reconstruction_only,13,common_colored,0.19211609661579132,2.403177261352539,0.36782464385032654
22,reconstruction_only,13,common_exchange,0.19211609661579132,0.6631372570991516,0.2362166941165924
22,reconstruction_only,13,EEG_gain,0.3411453068256378,0.27015212178230286,0.2934803068637848
22,reconstruction_only,13,Hb_gain,0.19211609661579132,0.3353802263736725,0.229348286986351
22,reconstruction_only,13,noise,0.2082005739212036,0.2674321234226227,0.22637255489826202
22,reconstruction_only,13,lag_1s,0.19211609661579132,0.2577507495880127,0.2609546482563019
22,reconstruction_only,13,driver_amplitude,0.37128111720085144,0.3919656574726105,0.33500319719314575
22,reconstruction_only,13,driver_shape,0.2187034636735916,0.2560645639896393,0.2226356863975525
22,reconstruction_only,13,physiology_tau,0.19211609661579132,0.29106077551841736,0.28512808680534363
22,reconstruction_only,13,unmodeled_dynamics,0.19211609661579132,0.2664357125759125,0.25993821024894714
22,reconstruction_only,14,control,0.7780835032463074,0.259261816740036,0.10208388417959213
22,reconstruction_only,14,common_basis,0.7780835032463074,0.775455117225647,0.10083514451980591
22,reconstruction_only,14,common_correlated,0.7780835032463074,0.36797037720680237,0.14217543601989746
22,reconstruction_only,14,common_colored,0.7780835032463074,2.445204973220825,0.1576748639345169
22,reconstruction_only,14,common_exchange,0.7780835032463074,0.4753732979297638,0.10718651115894318
22,reconstruction_only,14,EEG_gain,0.6533103585243225,0.259261816740036,0.1279851347208023
22,reconstruction_only,14,Hb_gain,0.7780835032463074,0.3347064256668091,0.12018142640590668
22,reconstruction_only,14,noise,0.7938514351844788,0.26155373454093933,0.11958029121160507
22,reconstruction_only,14,lag_1s,0.7780835032463074,0.19158197939395905,0.14342087507247925
22,reconstruction_only,14,driver_amplitude,1.0199000835418701,0.3267141878604889,0.13660934567451477
22,reconstruction_only,14,driver_shape,0.7017275094985962,0.22738415002822876,0.09499213099479675
22,reconstruction_only,14,physiology_tau,0.7780835032463074,0.3647645115852356,0.1442893147468567
22,reconstruction_only,14,unmodeled_dynamics,0.7780835032463074,0.2921268343925476,0.11763443797826767
22,reconstruction_only,15,control,0.26674166321754456,0.41414034366607666,0.15991635620594025
22,reconstruction_only,15,common_basis,0.26674166321754456,0.445288747549057,0.16243363916873932
22,reconstruction_only,15,common_correlated,0.26674166321754456,1.79906165599823,0.19512957334518433
22,reconstruction_only,15,common_colored,0.26674166321754456,1.6087110042572021,0.3241645097732544
22,reconstruction_only,15,common_exchange,0.26674166321754456,0.5755521655082703,0.17742466926574707
22,reconstruction_only,15,EEG_gain,0.380173921585083,0.41414034366607666,0.2107701450586319
22,reconstruction_only,15,Hb_gain,0.26674166321754456,0.4844352602958679,0.17480486631393433
22,reconstruction_only,15,noise,0.2710845470428467,0.41477370262145996,0.16909988224506378
22,reconstruction_only,15,lag_1s,0.26674166321754456,0.35659176111221313,0.1952187716960907
22,reconstruction_only,15,driver_amplitude,0.4351947009563446,0.5373996496200562,0.24928435683250427
22,reconstruction_only,15,driver_shape,0.2976686954498291,0.3934824764728546,0.15210820734500885
22,reconstruction_only,15,physiology_tau,0.26674166321754456,0.38839033246040344,0.1875597983598709
22,reconstruction_only,15,unmodeled_dynamics,0.26674166321754456,0.41964948177337646,0.186412513256073
22,reconstruction_only,16,control,0.2653564214706421,0.22431990504264832,0.11322416365146637
22,reconstruction_only,16,common_basis,0.2653564214706421,1.0947797298431396,0.12653088569641113
22,reconstruction_only,16,common_correlated,0.2653564214706421,1.01730477809906,0.14900556206703186
22,reconstruction_only,16,common_colored,0.2653564214706421,1.9341609477996826,0.18416360020637512
22,reconstruction_only,16,common_exchange,0.2653564214706421,0.36171042919158936,0.13035805523395538
22,reconstruction_only,16,EEG_gain,0.2964455187320709,0.22431990504264832,0.15084198117256165
22,reconstruction_only,16,Hb_gain,0.2653564214706421,0.32694515585899353,0.12756994366645813
22,reconstruction_only,16,noise,0.2645767629146576,0.22304973006248474,0.12164060771465302
22,reconstruction_only,16,lag_1s,0.2653564214706421,0.19196471571922302,0.1402212381362915
22,reconstruction_only,16,driver_amplitude,0.39209333062171936,0.4212068021297455,0.17044681310653687
22,reconstruction_only,16,driver_shape,0.23304785788059235,0.23252156376838684,0.11829318106174469
22,reconstruction_only,16,physiology_tau,0.2653564214706421,0.20063772797584534,0.15824337303638458
22,reconstruction_only,16,unmodeled_dynamics,0.2653564214706421,0.2583388388156891,0.14124779403209686
22,reconstruction_only,17,control,0.32343748211860657,0.21436849236488342,0.16332301497459412
22,reconstruction_only,17,common_basis,0.32343748211860657,0.8789281249046326,0.17985805869102478
22,reconstruction_only,17,common_correlated,0.32343748211860657,2.852707624435425,0.19357790052890778
22,reconstruction_only,17,common_colored,0.32343748211860657,1.3988044261932373,0.29038217663764954
22,reconstruction_only,17,common_exchange,0.32343748211860657,0.5644679069519043,0.18052123486995697
22,reconstruction_only,17,EEG_gain,0.3717949092388153,0.21436849236488342,0.21685044467449188
22,reconstruction_only,17,Hb_gain,0.32343748211860657,0.3400340974330902,0.17692823708057404
22,reconstruction_only,17,noise,0.3358558714389801,0.21121729910373688,0.17538747191429138
22,reconstruction_only,17,lag_1s,0.32343748211860657,0.11888225376605988,0.19835369288921356
22,reconstruction_only,17,driver_amplitude,0.43224501609802246,0.43664640188217163,0.24985502660274506
22,reconstruction_only,17,driver_shape,0.32231974601745605,0.20115520060062408,0.16743384301662445
22,reconstruction_only,17,physiology_tau,0.32343748211860657,0.2490595281124115,0.18900743126869202
22,reconstruction_only,17,unmodeled_dynamics,0.32343748211860657,0.36947670578956604,0.18312598764896393
22,reconstruction_only,18,control,0.3429119884967804,0.315507173538208,0.10150951892137527
22,reconstruction_only,18,common_basis,0.3429119884967804,1.2608202695846558,0.1285940259695053
22,reconstruction_only,18,common_correlated,0.3429119884967804,1.1785343885421753,0.1191977858543396
22,reconstruction_only,18,common_colored,0.3429119884967804,1.5021547079086304,0.29577264189720154
22,reconstruction_only,18,common_exchange,0.3429119884967804,0.6243212223052979,0.11734699457883835
22,reconstruction_only,18,EEG_gain,0.4117707908153534,0.315507173538208,0.1453562080860138
22,reconstruction_only,18,Hb_gain,0.3429119884967804,0.34119799733161926,0.11412110924720764
22,reconstruction_only,18,noise,0.34756970405578613,0.31757989525794983,0.11526928842067719
22,reconstruction_only,18,lag_1s,0.3429119884967804,0.3469252586364746,0.1374107301235199
22,reconstruction_only,18,driver_amplitude,0.5694766640663147,0.3515416383743286,0.1598522812128067
22,reconstruction_only,18,driver_shape,0.4023132622241974,0.28602635860443115,0.09577180445194244
22,reconstruction_only,18,physiology_tau,0.3429119884967804,0.21719197928905487,0.13786864280700684
22,reconstruction_only,18,unmodeled_dynamics,0.3429119884967804,0.2821011245250702,0.11683833599090576
22,reconstruction_only,19,control,0.29033783078193665,0.1579047590494156,0.2050449401140213
22,reconstruction_only,19,common_basis,0.29033783078193665,0.8107056021690369,0.2045266032218933
22,reconstruction_only,19,common_correlated,0.29033783078193665,2.35524320602417,0.23904068768024445
22,reconstruction_only,19,common_colored,0.29033783078193665,2.1903789043426514,0.26450037956237793
22,reconstruction_only,19,common_exchange,0.29033783078193665,0.19023114442825317,0.21499337255954742
22,reconstruction_only,19,EEG_gain,0.2982659637928009,0.1579047590494156,0.2721829116344452
22,reconstruction_only,19,Hb_gain,0.29033783078193665,0.24904081225395203,0.21564188599586487
22,reconstruction_only,19,noise,0.28151455521583557,0.14871393144130707,0.2102803885936737
22,reconstruction_only,19,lag_1s,0.29033783078193665,0.15736980736255646,0.21785709261894226
22,reconstruction_only,19,driver_amplitude,0.49906018376350403,0.28408363461494446,0.3145930767059326
22,reconstruction_only,19,driver_shape,0.3586510419845581,0.12088657915592194,0.20354050397872925
22,reconstruction_only,19,physiology_tau,0.29033783078193665,0.18376028537750244,0.2143935114145279
22,reconstruction_only,19,unmodeled_dynamics,0.29033783078193665,0.11918069422245026,0.21756048500537872
22,reconstruction_only,20,control,0.15102796256542206,0.4349883198738098,0.10276678204536438
22,reconstruction_only,20,common_basis,0.15102796256542206,0.9733783006668091,0.11544325947761536
22,reconstruction_only,20,common_correlated,0.15102796256542206,2.2004599571228027,0.14157262444496155
22,reconstruction_only,20,common_colored,0.15102796256542206,1.9722824096679688,0.28954073786735535
22,reconstruction_only,20,common_exchange,0.15102796256542206,0.7773701548576355,0.1466004103422165
22,reconstruction_only,20,EEG_gain,0.2542143762111664,0.4349883198738098,0.1370626837015152
22,reconstruction_only,20,Hb_gain,0.15102796256542206,0.5821423530578613,0.1166410967707634
22,reconstruction_only,20,noise,0.15776190161705017,0.43321681022644043,0.11563331633806229
22,reconstruction_only,20,lag_1s,0.15102796256542206,0.4345248341560364,0.17939364910125732
22,reconstruction_only,20,driver_amplitude,0.24429182708263397,0.6823000311851501,0.1547291874885559
22,reconstruction_only,20,driver_shape,0.2687566578388214,0.41494959592819214,0.10059435665607452
22,reconstruction_only,20,physiology_tau,0.15102796256542206,0.29918813705444336,0.1448189914226532
22,reconstruction_only,20,unmodeled_dynamics,0.15102796256542206,0.34651273488998413,0.1359829306602478
22,reconstruction_only,21,control,0.6462352275848389,0.26849454641342163,0.2240452617406845
22,reconstruction_only,21,common_basis,0.6462352275848389,1.2346138954162598,0.23150835931301117
22,reconstruction_only,21,common_correlated,0.6462352275848389,2.2713124752044678,0.24440577626228333
22,reconstruction_only,21,common_colored,0.6462352275848389,2.0326850414276123,0.3653589189052582
22,reconstruction_only,21,common_exchange,0.6462352275848389,0.11236671358346939,0.2391083985567093
22,reconstruction_only,21,EEG_gain,0.6581894159317017,0.26849454641342163,0.2941517233848572
22,reconstruction_only,21,Hb_gain,0.6462352275848389,0.30627501010894775,0.23215176165103912
22,reconstruction_only,21,noise,0.6319732069969177,0.2678508162498474,0.22963324189186096
22,reconstruction_only,21,lag_1s,0.6462352275848389,0.25518643856048584,0.2468051016330719
22,reconstruction_only,21,driver_amplitude,0.8466742038726807,0.34419336915016174,0.3424051105976105
22,reconstruction_only,21,driver_shape,0.5989148020744324,0.25864529609680176,0.2321700155735016
22,reconstruction_only,21,physiology_tau,0.6462352275848389,0.2560025751590729,0.23548661172389984
22,reconstruction_only,21,unmodeled_dynamics,0.6462352275848389,0.290902316570282,0.227267786860466
22,reconstruction_only,22,control,0.41740626096725464,0.28471118211746216,0.1254337728023529
22,reconstruction_only,22,common_basis,0.41740626096725464,1.2197922468185425,0.12346218526363373
22,reconstruction_only,22,common_correlated,0.41740626096725464,1.4559775590896606,0.3032774329185486
22,reconstruction_only,22,common_colored,0.41740626096725464,2.2914183139801025,0.2390442192554474
22,reconstruction_only,22,common_exchange,0.41740626096725464,0.6216548681259155,0.14339731633663177
22,reconstruction_only,22,EEG_gain,0.3445492684841156,0.28471118211746216,0.1612177938222885
22,reconstruction_only,22,Hb_gain,0.41740626096725464,0.29340213537216187,0.16072708368301392
22,reconstruction_only,22,noise,0.42048144340515137,0.28716400265693665,0.1373804360628128
22,reconstruction_only,22,lag_1s,0.41740626096725464,0.253757119178772,0.2027222067117691
22,reconstruction_only,22,driver_amplitude,0.4632994830608368,0.29722025990486145,0.18799418210983276
22,reconstruction_only,22,driver_shape,0.4490349292755127,0.2816111743450165,0.11666009575128555
22,reconstruction_only,22,physiology_tau,0.41740626096725464,0.29902318120002747,0.18388505280017853
22,reconstruction_only,22,unmodeled_dynamics,0.41740626096725464,0.29805633425712585,0.174581378698349
22,reconstruction_only,23,control,0.34257668256759644,0.2833021879196167,0.13890458643436432
22,reconstruction_only,23,common_basis,0.34257668256759644,0.47613075375556946,0.14530569314956665
22,reconstruction_only,23,common_correlated,0.34257668256759644,2.342315435409546,0.16313637793064117
22,reconstruction_only,23,common_colored,0.34257668256759644,0.7463123202323914,0.32272040843963623
22,reconstruction_only,23,common_exchange,0.34257668256759644,0.1328721046447754,0.14603407680988312
22,reconstruction_only,23,EEG_gain,0.5567659139633179,0.2833021879196167,0.18025600910186768
22,reconstruction_only,23,Hb_gain,0.34257668256759644,0.29310575127601624,0.14338168501853943
22,reconstruction_only,23,noise,0.3632817268371582,0.28481432795524597,0.1421251744031906
22,reconstruction_only,23,lag_1s,0.34257668256759644,0.27766233682632446,0.15666058659553528
22,reconstruction_only,23,driver_amplitude,0.6660482883453369,0.2540358901023865,0.2088596224784851
22,reconstruction_only,23,driver_shape,0.31594106554985046,0.27061325311660767,0.145913228392601
22,reconstruction_only,23,physiology_tau,0.34257668256759644,0.3080980181694031,0.1417379528284073
22,reconstruction_only,23,unmodeled_dynamics,0.34257668256759644,0.30565252900123596,0.14066161215305328
22,reconstruction_only,24,control,0.45852306485176086,0.38336843252182007,0.16930100321769714
22,reconstruction_only,24,common_basis,0.45852306485176086,0.9224545359611511,0.17784491181373596
22,reconstruction_only,24,common_correlated,0.45852306485176086,0.9378482699394226,0.17941616475582123
22,reconstruction_only,24,common_colored,0.45852306485176086,2.194326162338257,0.23210135102272034
22,reconstruction_only,24,common_exchange,0.45852306485176086,0.38029050827026367,0.17531587183475494
22,reconstruction_only,24,EEG_gain,0.26532837748527527,0.38336843252182007,0.22088539600372314
22,reconstruction_only,24,Hb_gain,0.45852306485176086,0.4352623522281647,0.1730147749185562
22,reconstruction_only,24,noise,0.4452987313270569,0.3817175030708313,0.17923478782176971
22,reconstruction_only,24,lag_1s,0.45852306485176086,0.3709738552570343,0.19220812618732452
22,reconstruction_only,24,driver_amplitude,0.5295372009277344,0.46771669387817383,0.2521217465400696
22,reconstruction_only,24,driver_shape,0.395499587059021,0.346333384513855,0.18378207087516785
22,reconstruction_only,24,physiology_tau,0.45852306485176086,0.2500136196613312,0.1888645738363266
22,reconstruction_only,24,unmodeled_dynamics,0.45852306485176086,0.3858591318130493,0.1791263222694397
22,reconstruction_only,25,control,0.4091581702232361,0.16385094821453094,0.239646777510643
22,reconstruction_only,25,common_basis,0.4091581702232361,0.5760158896446228,0.24154604971408844
22,reconstruction_only,25,common_correlated,0.4091581702232361,2.312307119369507,0.2650945782661438
22,reconstruction_only,25,common_colored,0.4091581702232361,1.4118894338607788,0.3246270716190338
22,reconstruction_only,25,common_exchange,0.4091581702232361,0.31566357612609863,0.24053697288036346
22,reconstruction_only,25,EEG_gain,0.42616280913352966,0.16385094821453094,0.3122365474700928
22,reconstruction_only,25,Hb_gain,0.4091581702232361,0.18458910286426544,0.2468610554933548
22,reconstruction_only,25,noise,0.40777429938316345,0.1646030694246292,0.24406902492046356
22,reconstruction_only,25,lag_1s,0.4091581702232361,0.1419534981250763,0.2580692172050476
22,reconstruction_only,25,driver_amplitude,0.6044198870658875,0.21545904874801636,0.36468416452407837
22,reconstruction_only,25,driver_shape,0.49845683574676514,0.1769261658191681,0.243011474609375
22,reconstruction_only,25,physiology_tau,0.4091581702232361,0.2906518280506134,0.25126469135284424
22,reconstruction_only,25,unmodeled_dynamics,0.4091581702232361,0.1849500834941864,0.24878302216529846
22,reconstruction_only,26,control,0.2512550950050354,0.2860151529312134,0.08988257497549057
22,reconstruction_only,26,common_basis,0.2512550950050354,1.6613789796829224,0.1409180760383606
22,reconstruction_only,26,common_correlated,0.2512550950050354,1.0836237668991089,0.10673999786376953
22,reconstruction_only,26,common_colored,0.2512550950050354,1.5755444765090942,0.18052704632282257
22,reconstruction_only,26,common_exchange,0.2512550950050354,0.7758957743644714,0.21272189915180206
22,reconstruction_only,26,EEG_gain,0.2973065972328186,0.2860151529312134,0.11355607956647873
22,reconstruction_only,26,Hb_gain,0.2512550950050354,0.34947478771209717,0.11125409603118896
22,reconstruction_only,26,noise,0.24479687213897705,0.28254714608192444,0.10945193469524384
22,reconstruction_only,26,lag_1s,0.2512550950050354,0.3103233873844147,0.1286873072385788
22,reconstruction_only,26,driver_amplitude,0.4902786314487457,0.3976350426673889,0.13203300535678864
22,reconstruction_only,26,driver_shape,0.3109065890312195,0.2931964695453644,0.09610437601804733
22,reconstruction_only,26,physiology_tau,0.2512550950050354,0.3334897458553314,0.1511632800102234
22,reconstruction_only,26,unmodeled_dynamics,0.2512550950050354,0.27409183979034424,0.12367093563079834
22,reconstruction_only,27,control,0.27021703124046326,0.22607065737247467,0.28256556391716003
22,reconstruction_only,27,common_basis,0.27021703124046326,1.4256983995437622,0.2998640537261963
22,reconstruction_only,27,common_correlated,0.27021703124046326,2.3414318561553955,0.294380784034729
22,reconstruction_only,27,common_colored,0.27021703124046326,2.3601646423339844,0.3201826810836792
22,reconstruction_only,27,common_exchange,0.27021703124046326,0.5324652791023254,0.28780803084373474
22,reconstruction_only,27,EEG_gain,0.2859170734882355,0.22607065737247467,0.3621349632740021
22,reconstruction_only,27,Hb_gain,0.27021703124046326,0.23805759847164154,0.2909619212150574
22,reconstruction_only,27,noise,0.26878541707992554,0.22633515298366547,0.2944507896900177
22,reconstruction_only,27,lag_1s,0.27021703124046326,0.15534615516662598,0.28449708223342896
22,reconstruction_only,27,driver_amplitude,0.5202509164810181,0.2015315592288971,0.4172876179218292
22,reconstruction_only,27,driver_shape,0.3018794655799866,0.1856832653284073,0.27929168939590454
22,reconstruction_only,27,physiology_tau,0.27021703124046326,0.29978200793266296,0.28685787320137024
22,reconstruction_only,27,unmodeled_dynamics,0.27021703124046326,0.25715118646621704,0.28516703844070435
22,reconstruction_only,28,control,0.18049608170986176,0.22060297429561615,0.14127124845981598
22,reconstruction_only,28,common_basis,0.18049608170986176,0.7345405220985413,0.15994581580162048
22,reconstruction_only,28,common_correlated,0.18049608170986176,2.3982367515563965,0.35521599650382996
22,reconstruction_only,28,common_colored,0.18049608170986176,2.54012131690979,0.2261480838060379
22,reconstruction_only,28,common_exchange,0.18049608170986176,0.22100041806697845,0.1553495228290558
22,reconstruction_only,28,EEG_gain,0.2627096176147461,0.22060297429561615,0.18404614925384521
22,reconstruction_only,28,Hb_gain,0.18049608170986176,0.19687475264072418,0.1644216775894165
22,reconstruction_only,28,noise,0.2057594507932663,0.21997256577014923,0.15641291439533234
22,reconstruction_only,28,lag_1s,0.18049608170986176,0.20914790034294128,0.2061174362897873
22,reconstruction_only,28,driver_amplitude,0.29268908500671387,0.17885027825832367,0.21362023055553436
22,reconstruction_only,28,driver_shape,0.1808289736509323,0.18110936880111694,0.14400023221969604
22,reconstruction_only,28,physiology_tau,0.18049608170986176,0.25051531195640564,0.16734084486961365
22,reconstruction_only,28,unmodeled_dynamics,0.18049608170986176,0.24054788053035736,0.1615489274263382
22,reconstruction_only,29,control,0.42395108938217163,0.12007812410593033,0.16801148653030396
22,reconstruction_only,29,common_basis,0.42395108938217163,0.41185909509658813,0.16938196122646332
22,reconstruction_only,29,common_correlated,0.42395108938217163,0.97891765832901,0.20053604245185852
22,reconstruction_only,29,common_colored,0.42395108938217163,0.6852720975875854,0.38158082962036133
22,reconstruction_only,29,common_exchange,0.42395108938217163,0.27792876958847046,0.17206542193889618
22,reconstruction_only,29,EEG_gain,0.4045303463935852,0.12007812410593033,0.2202964723110199
22,reconstruction_only,29,Hb_gain,0.42395108938217163,0.21496912837028503,0.17385022342205048
22,reconstruction_only,29,noise,0.4096810519695282,0.12011667340993881,0.1831417679786682
22,reconstruction_only,29,lag_1s,0.42395108938217163,0.15581580996513367,0.19358891248703003
22,reconstruction_only,29,driver_amplitude,0.5315884947776794,0.28419506549835205,0.24977394938468933
22,reconstruction_only,29,driver_shape,0.3546607196331024,0.14559918642044067,0.1718234121799469
22,reconstruction_only,29,physiology_tau,0.42395108938217163,0.18547168374061584,0.18178626894950867
22,reconstruction_only,29,unmodeled_dynamics,0.42395108938217163,0.0945701077580452,0.17519263923168182
22,reconstruction_only,30,control,0.40081658959388733,0.24061721563339233,0.11587265133857727
22,reconstruction_only,30,common_basis,0.40081658959388733,1.0607492923736572,0.14942488074302673
22,reconstruction_only,30,common_correlated,0.40081658959388733,1.2211412191390991,0.24308697879314423
22,reconstruction_only,30,common_colored,0.40081658959388733,4.278001308441162,0.22626084089279175
22,reconstruction_only,30,common_exchange,0.40081658959388733,0.4318755567073822,0.16835933923721313
22,reconstruction_only,30,EEG_gain,0.41417548060417175,0.24061721563339233,0.15403325855731964
22,reconstruction_only,30,Hb_gain,0.40081658959388733,0.27496224641799927,0.12880879640579224
22,reconstruction_only,30,noise,0.4127522110939026,0.238687202334404,0.13165432214736938
22,reconstruction_only,30,lag_1s,0.40081658959388733,0.21807265281677246,0.214464470744133
22,reconstruction_only,30,driver_amplitude,0.49432945251464844,0.320101261138916,0.17063872516155243
22,reconstruction_only,30,driver_shape,0.3874933123588562,0.24519893527030945,0.11382003873586655
22,reconstruction_only,30,physiology_tau,0.40081658959388733,0.3159141540527344,0.16715916991233826
22,reconstruction_only,30,unmodeled_dynamics,0.40081658959388733,0.23710530996322632,0.1639660745859146
22,reconstruction_only,31,control,0.3997069001197815,0.21262317895889282,0.20777277648448944
22,reconstruction_only,31,common_basis,0.3997069001197815,0.9339853525161743,0.21662186086177826
22,reconstruction_only,31,common_correlated,0.3997069001197815,1.6008632183074951,0.23647451400756836
22,reconstruction_only,31,common_colored,0.3997069001197815,2.149080991744995,0.3407191038131714
22,reconstruction_only,31,common_exchange,0.3997069001197815,0.5462245941162109,0.24029524624347687
22,reconstruction_only,31,EEG_gain,0.3608354330062866,0.21262317895889282,0.26603278517723083
22,reconstruction_only,31,Hb_gain,0.3997069001197815,0.1943923383951187,0.2174556851387024
22,reconstruction_only,31,noise,0.4241598844528198,0.21379701793193817,0.2138214260339737
22,reconstruction_only,31,lag_1s,0.3997069001197815,0.22133181989192963,0.22872041165828705
22,reconstruction_only,31,driver_amplitude,0.48530369997024536,0.1746646761894226,0.31117624044418335
22,reconstruction_only,31,driver_shape,0.3681580424308777,0.19850796461105347,0.19345034658908844
22,reconstruction_only,31,physiology_tau,0.3997069001197815,0.12116287648677826,0.20912449061870575
22,reconstruction_only,31,unmodeled_dynamics,0.3997069001197815,0.18904227018356323,0.21166203916072845
22,reconstruction_only,32,control,0.1173786148428917,0.42355164885520935,0.10670547187328339
22,reconstruction_only,32,common_basis,0.1173786148428917,1.3387200832366943,0.12884119153022766
22,reconstruction_only,32,common_correlated,0.1173786148428917,3.6774497032165527,0.15390659868717194
22,reconstruction_only,32,common_colored,0.1173786148428917,3.0831716060638428,0.3115314245223999
22,reconstruction_only,32,common_exchange,0.1173786148428917,0.3619506359100342,0.10535748302936554
22,reconstruction_only,32,EEG_gain,0.3842548727989197,0.42355164885520935,0.1476493924856186
22,reconstruction_only,32,Hb_gain,0.1173786148428917,0.5116025805473328,0.1074734628200531
22,reconstruction_only,32,noise,0.11269225180149078,0.42429736256599426,0.11697826534509659
22,reconstruction_only,32,lag_1s,0.1173786148428917,0.36287277936935425,0.1613435298204422
22,reconstruction_only,32,driver_amplitude,0.13916748762130737,0.5987715125083923,0.15507422387599945
22,reconstruction_only,32,driver_shape,0.14863356947898865,0.42018938064575195,0.09449548274278641
22,reconstruction_only,32,physiology_tau,0.1173786148428917,0.4721779525279999,0.14518001675605774
22,reconstruction_only,32,unmodeled_dynamics,0.1173786148428917,0.4716601073741913,0.12749697268009186
22,reconstruction_only,33,control,0.22388412058353424,0.1880815178155899,0.1967097967863083
22,reconstruction_only,33,common_basis,0.22388412058353424,1.8516720533370972,0.23668991029262543
22,reconstruction_only,33,common_correlated,0.22388412058353424,2.7435343265533447,0.2539142370223999
22,reconstruction_only,33,common_colored,0.22388412058353424,1.95516836643219,0.22686168551445007
22,reconstruction_only,33,common_exchange,0.22388412058353424,0.28741881251335144,0.199576735496521
22,reconstruction_only,33,EEG_gain,0.27815109491348267,0.1880815178155899,0.25310423970222473
22,reconstruction_only,33,Hb_gain,0.22388412058353424,0.22745028138160706,0.1996472328901291
22,reconstruction_only,33,noise,0.2561836838722229,0.18953277170658112,0.20735372602939606
22,reconstruction_only,33,lag_1s,0.22388412058353424,0.19828689098358154,0.23314633965492249
22,reconstruction_only,33,driver_amplitude,0.28933611512184143,0.26833975315093994,0.291613906621933
22,reconstruction_only,33,driver_shape,0.25650596618652344,0.18217359483242035,0.18877677619457245
22,reconstruction_only,33,physiology_tau,0.22388412058353424,0.19897794723510742,0.2026064693927765
22,reconstruction_only,33,unmodeled_dynamics,0.22388412058353424,0.1740405410528183,0.20334488153457642
22,reconstruction_only,34,control,0.48111987113952637,0.45991867780685425,0.13791276514530182
22,reconstruction_only,34,common_basis,0.48111987113952637,0.9009319543838501,0.13788112998008728
22,reconstruction_only,34,common_correlated,0.48111987113952637,1.8329386711120605,0.17440755665302277
22,reconstruction_only,34,common_colored,0.48111987113952637,2.217777729034424,0.2813187539577484
22,reconstruction_only,34,common_exchange,0.48111987113952637,0.37109053134918213,0.13803674280643463
22,reconstruction_only,34,EEG_gain,0.44391781091690063,0.45991867780685425,0.17570674419403076
22,reconstruction_only,34,Hb_gain,0.48111987113952637,0.619874894618988,0.18053194880485535
22,reconstruction_only,34,noise,0.4765670895576477,0.4574180245399475,0.14981628954410553
22,reconstruction_only,34,lag_1s,0.48111987113952637,0.47102653980255127,0.1843404471874237
22,reconstruction_only,34,driver_amplitude,0.871880829334259,0.6846328973770142,0.22648976743221283
22,reconstruction_only,34,driver_shape,0.4403323829174042,0.48951584100723267,0.14685766398906708
22,reconstruction_only,34,physiology_tau,0.48111987113952637,0.4536091983318329,0.1903461366891861
22,reconstruction_only,34,unmodeled_dynamics,0.48111987113952637,0.4098637104034424,0.16791649162769318
22,reconstruction_only,35,control,0.3493049442768097,0.16787077486515045,0.17293822765350342
22,reconstruction_only,35,common_basis,0.3493049442768097,0.7850026488304138,0.17369402945041656
22,reconstruction_only,35,common_correlated,0.3493049442768097,1.4197567701339722,0.198686420917511
22,reconstruction_only,35,common_colored,0.3493049442768097,2.2856123447418213,0.28362327814102173
22,reconstruction_only,35,common_exchange,0.3493049442768097,0.3178705871105194,0.19912895560264587
22,reconstruction_only,35,EEG_gain,0.3780817985534668,0.16787077486515045,0.23815064132213593
22,reconstruction_only,35,Hb_gain,0.3493049442768097,0.16399021446704865,0.17989514768123627
22,reconstruction_only,35,noise,0.3392259180545807,0.16990651190280914,0.18624429404735565
22,reconstruction_only,35,lag_1s,0.3493049442768097,0.06589511036872864,0.21346014738082886
22,reconstruction_only,35,driver_amplitude,0.3876091241836548,0.17194339632987976,0.259212464094162
22,reconstruction_only,35,driver_shape,0.3001902103424072,0.1852664202451706,0.17832928895950317
22,reconstruction_only,35,physiology_tau,0.3493049442768097,0.32191023230552673,0.22334003448486328
22,reconstruction_only,35,unmodeled_dynamics,0.3493049442768097,0.21867676079273224,0.20553484559059143
22,reconstruction_only,36,control,0.3264697790145874,0.42068254947662354,0.10157608240842819
22,reconstruction_only,36,common_basis,0.3264697790145874,1.23963463306427,0.13110972940921783
22,reconstruction_only,36,common_correlated,0.3264697790145874,2.3364741802215576,0.17100965976715088
22,reconstruction_only,36,common_colored,0.3264697790145874,1.4637898206710815,0.29206353425979614
22,reconstruction_only,36,common_exchange,0.3264697790145874,0.21776235103607178,0.11203216761350632
22,reconstruction_only,36,EEG_gain,0.3289433717727661,0.42068254947662354,0.135513037443161
22,reconstruction_only,36,Hb_gain,0.3264697790145874,0.5840641856193542,0.1268320530653
22,reconstruction_only,36,noise,0.3272871673107147,0.4193808436393738,0.11620190739631653
22,reconstruction_only,36,lag_1s,0.3264697790145874,0.3825180232524872,0.21054846048355103
22,reconstruction_only,36,driver_amplitude,0.6477757692337036,0.6947439312934875,0.16828924417495728
22,reconstruction_only,36,driver_shape,0.3163587749004364,0.4101403057575226,0.09931513667106628
22,reconstruction_only,36,physiology_tau,0.3264697790145874,0.29156357049942017,0.1292395144701004
22,reconstruction_only,36,unmodeled_dynamics,0.3264697790145874,0.3578057587146759,0.12576977908611298
22,reconstruction_only,37,control,0.15790069103240967,0.12841682136058807,0.18351370096206665
22,reconstruction_only,37,common_basis,0.15790069103240967,0.8103775978088379,0.18661153316497803
22,reconstruction_only,37,common_correlated,0.15790069103240967,4.11747932434082,0.25394487380981445
22,reconstruction_only,37,common_colored,0.15790069103240967,0.9756812453269958,0.3622719347476959
22,reconstruction_only,37,common_exchange,0.15790069103240967,0.34554436802864075,0.1858217418193817
22,reconstruction_only,37,EEG_gain,0.17689450085163116,0.12841682136058807,0.24029593169689178
22,reconstruction_only,37,Hb_gain,0.15790069103240967,0.1209392324090004,0.20124530792236328
22,reconstruction_only,37,noise,0.17803090810775757,0.13575945794582367,0.19633057713508606
22,reconstruction_only,37,lag_1s,0.15790069103240967,0.16452860832214355,0.21711012721061707
22,reconstruction_only,37,driver_amplitude,0.2530088424682617,0.13728636503219604,0.2804238796234131
22,reconstruction_only,37,driver_shape,0.20752225816249847,0.1572558432817459,0.18863733112812042
22,reconstruction_only,37,physiology_tau,0.15790069103240967,0.19244256615638733,0.21017278730869293
22,reconstruction_only,37,unmodeled_dynamics,0.15790069103240967,0.11338822543621063,0.21088793873786926
22,reconstruction_only,38,control,0.249596506357193,0.2445157915353775,0.1180756464600563
22,reconstruction_only,38,common_basis,0.249596506357193,0.517964243888855,0.11427852511405945
22,reconstruction_only,38,common_correlated,0.249596506357193,2.3060495853424072,0.12333912402391434
22,reconstruction_only,38,common_colored,0.249596506357193,2.8849761486053467,0.21445731818675995
22,reconstruction_only,38,common_exchange,0.249596506357193,0.3274412751197815,0.13549581170082092
22,reconstruction_only,38,EEG_gain,0.57545405626297,0.2445157915353775,0.15994298458099365
22,reconstruction_only,38,Hb_gain,0.249596506357193,0.24757207930088043,0.141792431473732
22,reconstruction_only,38,noise,0.22680418193340302,0.24853621423244476,0.13468101620674133
22,reconstruction_only,38,lag_1s,0.249596506357193,0.19908513128757477,0.16826049983501434
22,reconstruction_only,38,driver_amplitude,0.4988977313041687,0.2271105945110321,0.1903502345085144
22,reconstruction_only,38,driver_shape,0.2801997661590576,0.2544233500957489,0.12867137789726257
22,reconstruction_only,38,physiology_tau,0.249596506357193,0.20396578311920166,0.17209510505199432
22,reconstruction_only,38,unmodeled_dynamics,0.249596506357193,0.2787795066833496,0.13750647008419037
22,reconstruction_only,39,control,0.33797669410705566,0.2504408061504364,0.17388947308063507
22,reconstruction_only,39,common_basis,0.33797669410705566,1.259773850440979,0.18695665895938873
22,reconstruction_only,39,common_correlated,0.33797669410705566,0.16489389538764954,0.27980369329452515
22,reconstruction_only,39,common_colored,0.33797669410705566,0.7140856385231018,0.21349941194057465
22,reconstruction_only,39,common_exchange,0.33797669410705566,0.4750283658504486,0.2041824907064438
22,reconstruction_only,39,EEG_gain,0.31693798303604126,0.2504408061504364,0.22453394532203674
22,reconstruction_only,39,Hb_gain,0.33797669410705566,0.32062238454818726,0.20776261389255524
22,reconstruction_only,39,noise,0.3642194867134094,0.2551693916320801,0.18718624114990234
22,reconstruction_only,39,lag_1s,0.33797669410705566,0.2716546356678009,0.25098517537117004
22,reconstruction_only,39,driver_amplitude,0.6258286237716675,0.3817065358161926,0.264181524515152
22,reconstruction_only,39,driver_shape,0.29205015301704407,0.2776613235473633,0.1788351982831955
22,reconstruction_only,39,physiology_tau,0.33797669410705566,0.2849876284599304,0.22023628652095795
22,reconstruction_only,39,unmodeled_dynamics,0.33797669410705566,0.25508901476860046,0.20184046030044556
22,reconstruction_only,40,control,0.25178471207618713,0.2299008071422577,0.12150148302316666
22,reconstruction_only,40,common_basis,0.25178471207618713,0.6112463474273682,0.12449490278959274
22,reconstruction_only,40,common_correlated,0.25178471207618713,1.4440299272537231,0.1566627323627472
22,reconstruction_only,40,common_colored,0.25178471207618713,1.6595263481140137,0.1797528862953186
22,reconstruction_only,40,common_exchange,0.25178471207618713,0.6242712736129761,0.15971876680850983
22,reconstruction_only,40,EEG_gain,0.3054604232311249,0.2299008071422577,0.1526331901550293
22,reconstruction_only,40,Hb_gain,0.25178471207618713,0.299360990524292,0.1304447501897812
22,reconstruction_only,40,noise,0.2357700765132904,0.2300609052181244,0.1339031606912613
22,reconstruction_only,40,lag_1s,0.25178471207618713,0.2290835678577423,0.147884801030159
22,reconstruction_only,40,driver_amplitude,0.4615590274333954,0.36233726143836975,0.18239343166351318
22,reconstruction_only,40,driver_shape,0.30329951643943787,0.22778256237506866,0.12225081771612167
22,reconstruction_only,40,physiology_tau,0.25178471207618713,0.19353803992271423,0.12483197450637817
22,reconstruction_only,40,unmodeled_dynamics,0.25178471207618713,0.20338961482048035,0.1261451244354248
22,reconstruction_only,41,control,0.35879236459732056,0.31209808588027954,0.16756832599639893
22,reconstruction_only,41,common_basis,0.35879236459732056,0.4358697533607483,0.16643986105918884
22,reconstruction_only,41,common_correlated,0.35879236459732056,1.8442072868347168,0.1849685162305832
22,reconstruction_only,41,common_colored,0.35879236459732056,2.042004108428955,0.3155885338783264
22,reconstruction_only,41,common_exchange,0.35879236459732056,0.17530320584774017,0.16374829411506653
22,reconstruction_only,41,EEG_gain,0.580500066280365,0.31209808588027954,0.21173134446144104
22,reconstruction_only,41,Hb_gain,0.35879236459732056,0.3407271206378937,0.19132021069526672
22,reconstruction_only,41,noise,0.3416677713394165,0.31251418590545654,0.1752789467573166
22,reconstruction_only,41,lag_1s,0.35879236459732056,0.30282676219940186,0.17671461403369904
22,reconstruction_only,41,driver_amplitude,0.6786176562309265,0.3833128809928894,0.2604886293411255
22,reconstruction_only,41,driver_shape,0.38754791021347046,0.30539608001708984,0.169401615858078
22,reconstruction_only,41,physiology_tau,0.35879236459732056,0.26054462790489197,0.18220464885234833
22,reconstruction_only,41,unmodeled_dynamics,0.35879236459732056,0.29250019788742065,0.18792113661766052
22,reconstruction_only,42,control,0.15599767863750458,0.1917116641998291,0.0851367935538292
22,reconstruction_only,42,common_basis,0.15599767863750458,0.38015633821487427,0.08093396574258804
22,reconstruction_only,42,common_correlated,0.15599767863750458,0.8393359184265137,0.19570273160934448
22,reconstruction_only,42,common_colored,0.15599767863750458,0.9092305302619934,0.26623305678367615
22,reconstruction_only,42,common_exchange,0.15599767863750458,0.23244060575962067,0.09900834411382675
22,reconstruction_only,42,EEG_gain,0.16851991415023804,0.1917116641998291,0.12005561590194702
22,reconstruction_only,42,Hb_gain,0.15599767863750458,0.20582686364650726,0.09918148815631866
22,reconstruction_only,42,noise,0.14740924537181854,0.19422383606433868,0.10291822999715805
22,reconstruction_only,42,lag_1s,0.15599767863750458,0.16098658740520477,0.17816194891929626
22,reconstruction_only,42,driver_amplitude,0.206758514046669,0.2094668447971344,0.12126563489437103
22,reconstruction_only,42,driver_shape,0.16793306171894073,0.17982348799705505,0.10420112311840057
22,reconstruction_only,42,physiology_tau,0.15599767863750458,0.2521168291568756,0.12575964629650116
22,reconstruction_only,42,unmodeled_dynamics,0.15599767863750458,0.24036000669002533,0.11935324221849442
22,reconstruction_only,43,control,0.19391950964927673,0.4048267900943756,0.1972694993019104
22,reconstruction_only,43,common_basis,0.19391950964927673,1.139542818069458,0.23110449314117432
22,reconstruction_only,43,common_correlated,0.19391950964927673,2.270664930343628,0.22475884854793549
22,reconstruction_only,43,common_colored,0.19391950964927673,1.0572423934936523,0.32258155941963196
22,reconstruction_only,43,common_exchange,0.19391950964927673,0.6388978958129883,0.21053890883922577
22,reconstruction_only,43,EEG_gain,0.2762952446937561,0.4048267900943756,0.2537267804145813
22,reconstruction_only,43,Hb_gain,0.19391950964927673,0.5109568238258362,0.21456797420978546
22,reconstruction_only,43,noise,0.20783892273902893,0.4015711843967438,0.20433668792247772
22,reconstruction_only,43,lag_1s,0.19391950964927673,0.3905448019504547,0.24098031222820282
22,reconstruction_only,43,driver_amplitude,0.2535170018672943,0.5451643466949463,0.2931559681892395
22,reconstruction_only,43,driver_shape,0.22129172086715698,0.40601813793182373,0.18567922711372375
22,reconstruction_only,43,physiology_tau,0.19391950964927673,0.3184864819049835,0.21117140352725983
22,reconstruction_only,43,unmodeled_dynamics,0.19391950964927673,0.31722480058670044,0.2169923633337021
22,reconstruction_only,44,control,0.5892577767372131,0.3386712670326233,0.09891251474618912
22,reconstruction_only,44,common_basis,0.5892577767372131,0.6883153915405273,0.1067565307021141
22,reconstruction_only,44,common_correlated,0.5892577767372131,1.156195044517517,0.1456466168165207
22,reconstruction_only,44,common_colored,0.5892577767372131,1.8777000904083252,0.19576941430568695
22,reconstruction_only,44,common_exchange,0.5892577767372131,0.3610471189022064,0.1105552613735199
22,reconstruction_only,44,EEG_gain,0.4185713529586792,0.3386712670326233,0.1303500533103943
22,reconstruction_only,44,Hb_gain,0.5892577767372131,0.4080428183078766,0.1216607615351677
22,reconstruction_only,44,noise,0.5978403091430664,0.34012269973754883,0.1153395026922226
22,reconstruction_only,44,lag_1s,0.5892577767372131,0.331102192401886,0.18651646375656128
22,reconstruction_only,44,driver_amplitude,0.6903151273727417,0.45201927423477173,0.1633061170578003
22,reconstruction_only,44,driver_shape,0.5339698791503906,0.33057019114494324,0.10902267694473267
22,reconstruction_only,44,physiology_tau,0.5892577767372131,0.2509029805660248,0.12857775390148163
22,reconstruction_only,44,unmodeled_dynamics,0.5892577767372131,0.3635985851287842,0.11928605288267136
22,reconstruction_only,45,control,0.3439096510410309,0.20619626343250275,0.1515805423259735
22,reconstruction_only,45,common_basis,0.3439096510410309,0.5063182711601257,0.171214297413826
22,reconstruction_only,45,common_correlated,0.3439096510410309,2.338059425354004,0.17274723947048187
22,reconstruction_only,45,common_colored,0.3439096510410309,2.712498664855957,0.3391805589199066
22,reconstruction_only,45,common_exchange,0.3439096510410309,0.3556772470474243,0.15371911227703094
22,reconstruction_only,45,EEG_gain,0.39666152000427246,0.20619626343250275,0.1923179030418396
22,reconstruction_only,45,Hb_gain,0.3439096510410309,0.2095291018486023,0.1736181378364563
22,reconstruction_only,45,noise,0.3374769389629364,0.2045426368713379,0.16431787610054016
22,reconstruction_only,45,lag_1s,0.3439096510410309,0.28807705640792847,0.18068204820156097
22,reconstruction_only,45,driver_amplitude,0.4914630651473999,0.22156786918640137,0.2305860072374344
22,reconstruction_only,45,driver_shape,0.334856241941452,0.19014905393123627,0.14085133373737335
22,reconstruction_only,45,physiology_tau,0.3439096510410309,0.20051254332065582,0.1636069416999817
22,reconstruction_only,45,unmodeled_dynamics,0.3439096510410309,0.176767960190773,0.155216783285141
22,reconstruction_only,46,control,0.3438642919063568,0.34333115816116333,0.13154278695583344
22,reconstruction_only,46,common_basis,0.3438642919063568,0.7677405476570129,0.13948111236095428
22,reconstruction_only,46,common_correlated,0.3438642919063568,2.1866400241851807,0.1355244517326355
22,reconstruction_only,46,common_colored,0.3438642919063568,3.0358402729034424,0.32084205746650696
22,reconstruction_only,46,common_exchange,0.3438642919063568,0.7587498426437378,0.14618222415447235
22,reconstruction_only,46,EEG_gain,0.40097278356552124,0.34333115816116333,0.16998454928398132
22,reconstruction_only,46,Hb_gain,0.3438642919063568,0.513658881187439,0.15890105068683624
22,reconstruction_only,46,noise,0.3413730263710022,0.3440294861793518,0.13845691084861755
22,reconstruction_only,46,lag_1s,0.3438642919063568,0.3719463646411896,0.12829585373401642
22,reconstruction_only,46,driver_amplitude,0.5258772373199463,0.6065165996551514,0.20843283832073212
22,reconstruction_only,46,driver_shape,0.38522258400917053,0.323197603225708,0.12603944540023804
22,reconstruction_only,46,physiology_tau,0.3438642919063568,0.11358156055212021,0.141204372048378
22,reconstruction_only,46,unmodeled_dynamics,0.3438642919063568,0.29918134212493896,0.13308432698249817
22,reconstruction_only,47,control,0.38746556639671326,0.37909790873527527,0.12320797145366669
22,reconstruction_only,47,common_basis,0.38746556639671326,1.2300803661346436,0.14113134145736694
22,reconstruction_only,47,common_correlated,0.38746556639671326,1.0688340663909912,0.15596126019954681
22,reconstruction_only,47,common_colored,0.38746556639671326,2.155723810195923,0.1646845042705536
22,reconstruction_only,47,common_exchange,0.38746556639671326,0.9211462736129761,0.1934778392314911
22,reconstruction_only,47,EEG_gain,0.35125231742858887,0.37909790873527527,0.16323567926883698
22,reconstruction_only,47,Hb_gain,0.38746556639671326,0.5362995266914368,0.13937315344810486
22,reconstruction_only,47,noise,0.3846472203731537,0.37666139006614685,0.13225960731506348
22,reconstruction_only,47,lag_1s,0.38746556639671326,0.31418952345848083,0.17534539103507996
22,reconstruction_only,47,driver_amplitude,0.8028019666671753,0.6010810136795044,0.19223421812057495
22,reconstruction_only,47,driver_shape,0.34607940912246704,0.3826947808265686,0.12896330654621124
22,reconstruction_only,47,physiology_tau,0.38746556639671326,0.3353894054889679,0.13494206964969635
22,reconstruction_only,47,unmodeled_dynamics,0.38746556639671326,0.41944319009780884,0.12816736102104187
22,reconstruction_only,48,control,0.3285920321941376,0.21949774026870728,0.10355095565319061
22,reconstruction_only,48,common_basis,0.3285920321941376,0.7822406888008118,0.1293555647134781
22,reconstruction_only,48,common_correlated,0.3285920321941376,2.4514787197113037,0.133937805891037
22,reconstruction_only,48,common_colored,0.3285920321941376,2.620396614074707,0.3008759021759033
22,reconstruction_only,48,common_exchange,0.3285920321941376,0.262107789516449,0.11250586807727814
22,reconstruction_only,48,EEG_gain,0.27298855781555176,0.21949774026870728,0.12829537689685822
22,reconstruction_only,48,Hb_gain,0.3285920321941376,0.28086674213409424,0.12315733730792999
22,reconstruction_only,48,noise,0.3354010283946991,0.2165975421667099,0.1149623841047287
22,reconstruction_only,48,lag_1s,0.3285920321941376,0.1754184067249298,0.11800049245357513
22,reconstruction_only,48,driver_amplitude,0.38880088925361633,0.32105812430381775,0.16424867510795593
22,reconstruction_only,48,driver_shape,0.31683897972106934,0.21243779361248016,0.11481968313455582
22,reconstruction_only,48,physiology_tau,0.3285920321941376,0.17612597346305847,0.11505623161792755
22,reconstruction_only,48,unmodeled_dynamics,0.3285920321941376,0.22651517391204834,0.12008889764547348
22,reconstruction_only,49,control,0.2546413540840149,0.43675705790519714,0.18653473258018494
22,reconstruction_only,49,common_basis,0.2546413540840149,0.6070281863212585,0.19787302613258362
22,reconstruction_only,49,common_correlated,0.2546413540840149,1.0926854610443115,0.23766613006591797
22,reconstruction_only,49,common_colored,0.2546413540840149,1.3184860944747925,0.3523752987384796
22,reconstruction_only,49,common_exchange,0.2546413540840149,0.47682395577430725,0.18817630410194397
22,reconstruction_only,49,EEG_gain,0.205026313662529,0.43675705790519714,0.24148733913898468
22,reconstruction_only,49,Hb_gain,0.2546413540840149,0.5148215293884277,0.20650428533554077
22,reconstruction_only,49,noise,0.26955094933509827,0.43917641043663025,0.1993798017501831
22,reconstruction_only,49,lag_1s,0.2546413540840149,0.40507277846336365,0.22571824491024017
22,reconstruction_only,49,driver_amplitude,0.2655406594276428,0.5674400329589844,0.2812025249004364
22,reconstruction_only,49,driver_shape,0.28166601061820984,0.40321141481399536,0.19058334827423096
22,reconstruction_only,49,physiology_tau,0.2546413540840149,0.3955831527709961,0.2200431227684021
22,reconstruction_only,49,unmodeled_dynamics,0.2546413540840149,0.47225120663642883,0.19399791955947876
22,reconstruction_only,50,control,0.1638202667236328,0.25002312660217285,0.0866234302520752
22,reconstruction_only,50,common_basis,0.1638202667236328,0.8429915904998779,0.09786996990442276
22,reconstruction_only,50,common_correlated,0.1638202667236328,2.249237298965454,0.10637965798377991
22,reconstruction_only,50,common_colored,0.1638202667236328,3.6257810592651367,0.19365788996219635
22,reconstruction_only,50,common_exchange,0.1638202667236328,0.35291630029678345,0.10676603019237518
22,reconstruction_only,50,EEG_gain,0.16189144551753998,0.25002312660217285,0.11926019191741943
22,reconstruction_only,50,Hb_gain,0.1638202667236328,0.33723118901252747,0.1004224568605423
22,reconstruction_only,50,noise,0.1518801748752594,0.25277745723724365,0.1019427478313446
22,reconstruction_only,50,lag_1s,0.1638202667236328,0.28713488578796387,0.10861201584339142
22,reconstruction_only,50,driver_amplitude,0.4034298062324524,0.4178556203842163,0.13678495585918427
22,reconstruction_only,50,driver_shape,0.15464486181735992,0.2543291747570038,0.08236821740865707
22,reconstruction_only,50,physiology_tau,0.1638202667236328,0.19084441661834717,0.09853380918502808
22,reconstruction_only,50,unmodeled_dynamics,0.1638202667236328,0.26302051544189453,0.10305247455835342
22,reconstruction_only,51,control,0.2637304961681366,0.3840550184249878,0.21056509017944336
22,reconstruction_only,51,common_basis,0.2637304961681366,1.2309476137161255,0.21560803055763245
22,reconstruction_only,51,common_correlated,0.2637304961681366,1.0426419973373413,0.2861717939376831
22,reconstruction_only,51,common_colored,0.2637304961681366,1.0457409620285034,0.2784980237483978
22,reconstruction_only,51,common_exchange,0.2637304961681366,0.4666183888912201,0.21040895581245422
22,reconstruction_only,51,EEG_gain,0.33608394861221313,0.3840550184249878,0.2729654610157013
22,reconstruction_only,51,Hb_gain,0.2637304961681366,0.44228595495224,0.22896157205104828
22,reconstruction_only,51,noise,0.26835259795188904,0.38272222876548767,0.21579641103744507
22,reconstruction_only,51,lag_1s,0.2637304961681366,0.30955368280410767,0.22881771624088287
22,reconstruction_only,51,driver_amplitude,0.38072699308395386,0.4605922996997833,0.32473087310791016
22,reconstruction_only,51,driver_shape,0.2644791305065155,0.3445919454097748,0.20583924651145935
22,reconstruction_only,51,physiology_tau,0.2637304961681366,0.3271131217479706,0.22664207220077515
22,reconstruction_only,51,unmodeled_dynamics,0.2637304961681366,0.39565372467041016,0.21786712110042572
22,reconstruction_only,52,control,0.3297337293624878,0.17540358006954193,0.12000361829996109
22,reconstruction_only,52,common_basis,0.3297337293624878,0.35684528946876526,0.12433342635631561
22,reconstruction_only,52,common_correlated,0.3297337293624878,5.367060661315918,0.22118492424488068
22,reconstruction_only,52,common_colored,0.3297337293624878,2.667341947555542,0.18477225303649902
22,reconstruction_only,52,common_exchange,0.3297337293624878,0.898389458656311,0.18411356210708618
22,reconstruction_only,52,EEG_gain,0.36073097586631775,0.17540358006954193,0.16491179168224335
22,reconstruction_only,52,Hb_gain,0.3297337293624878,0.2085263878107071,0.13478036224842072
22,reconstruction_only,52,noise,0.32935425639152527,0.17448173463344574,0.13407938182353973
22,reconstruction_only,52,lag_1s,0.3297337293624878,0.23154233396053314,0.16634045541286469
22,reconstruction_only,52,driver_amplitude,0.4630156457424164,0.2481122761964798,0.18513897061347961
22,reconstruction_only,52,driver_shape,0.3156874477863312,0.18768242001533508,0.09471022337675095
22,reconstruction_only,52,physiology_tau,0.3297337293624878,0.2912438213825226,0.14366473257541656
22,reconstruction_only,52,unmodeled_dynamics,0.3297337293624878,0.22918088734149933,0.12878848612308502
22,reconstruction_only,53,control,0.3984273076057434,0.15800027549266815,0.14924383163452148
22,reconstruction_only,53,common_basis,0.3984273076057434,0.7489776611328125,0.15505315363407135
22,reconstruction_only,53,common_correlated,0.3984273076057434,1.1742860078811646,0.1693706065416336
22,reconstruction_only,53,common_colored,0.3984273076057434,2.3163998126983643,0.20780891180038452
22,reconstruction_only,53,common_exchange,0.3984273076057434,0.19481876492500305,0.1626262366771698
22,reconstruction_only,53,EEG_gain,0.4247611165046692,0.15800027549266815,0.20133566856384277
22,reconstruction_only,53,Hb_gain,0.3984273076057434,0.24046579003334045,0.15316027402877808
22,reconstruction_only,53,noise,0.40853044390678406,0.15759357810020447,0.16000129282474518
22,reconstruction_only,53,lag_1s,0.3984273076057434,0.1699889749288559,0.1963627189397812
22,reconstruction_only,53,driver_amplitude,0.798628032207489,0.3067208528518677,0.21979910135269165
22,reconstruction_only,53,driver_shape,0.35295918583869934,0.13580845296382904,0.15155380964279175
22,reconstruction_only,53,physiology_tau,0.3984273076057434,0.15547209978103638,0.15910358726978302
22,reconstruction_only,53,unmodeled_dynamics,0.3984273076057434,0.16903957724571228,0.1551755964756012
22,reconstruction_only,54,control,0.23284316062927246,0.17640194296836853,0.14634329080581665
22,reconstruction_only,54,common_basis,0.23284316062927246,0.804817795753479,0.15577538311481476
22,reconstruction_only,54,common_correlated,0.23284316062927246,2.437070608139038,0.28464075922966003
22,reconstruction_only,54,common_colored,0.23284316062927246,2.578606367111206,0.3572623133659363
22,reconstruction_only,54,common_exchange,0.23284316062927246,0.21523605287075043,0.16273172199726105
22,reconstruction_only,54,EEG_gain,0.3235454261302948,0.17640194296836853,0.20175637304782867
22,reconstruction_only,54,Hb_gain,0.23284316062927246,0.18653228878974915,0.16552767157554626
22,reconstruction_only,54,noise,0.22604596614837646,0.17708851397037506,0.15458106994628906
22,reconstruction_only,54,lag_1s,0.23284316062927246,0.1945021003484726,0.21068347990512848
22,reconstruction_only,54,driver_amplitude,0.5042598843574524,0.23298510909080505,0.2242666333913803
22,reconstruction_only,54,driver_shape,0.16475649178028107,0.1681063026189804,0.14610664546489716
22,reconstruction_only,54,physiology_tau,0.23284316062927246,0.16813643276691437,0.19903171062469482
22,reconstruction_only,54,unmodeled_dynamics,0.23284316062927246,0.18532514572143555,0.18842212855815887
22,reconstruction_only,55,control,0.46446359157562256,0.5514717102050781,0.18204474449157715
22,reconstruction_only,55,common_basis,0.46446359157562256,1.2267743349075317,0.22268833220005035
22,reconstruction_only,55,common_correlated,0.46446359157562256,1.9728984832763672,0.23884785175323486
22,reconstruction_only,55,common_colored,0.46446359157562256,0.3073684871196747,0.25365781784057617
22,reconstruction_only,55,common_exchange,0.46446359157562256,0.8353975415229797,0.19346508383750916
22,reconstruction_only,55,EEG_gain,0.40243494510650635,0.5514717102050781,0.23029488325119019
22,reconstruction_only,55,Hb_gain,0.46446359157562256,0.7512018084526062,0.20913662016391754
22,reconstruction_only,55,noise,0.4702519178390503,0.5468549728393555,0.18400603532791138
22,reconstruction_only,55,lag_1s,0.46446359157562256,0.4796164333820343,0.2253083437681198
22,reconstruction_only,55,driver_amplitude,0.8666560649871826,0.8282784819602966,0.2709932327270508
22,reconstruction_only,55,driver_shape,0.41120588779449463,0.5628666877746582,0.18696773052215576
22,reconstruction_only,55,physiology_tau,0.46446359157562256,0.3829328715801239,0.19507047533988953
22,reconstruction_only,55,unmodeled_dynamics,0.46446359157562256,0.5109731554985046,0.18691250681877136
22,reconstruction_only,56,control,0.26442962884902954,0.16427494585514069,0.18447616696357727
22,reconstruction_only,56,common_basis,0.26442962884902954,0.349868506193161,0.18290190398693085
22,reconstruction_only,56,common_correlated,0.26442962884902954,2.20438814163208,0.30861252546310425
22,reconstruction_only,56,common_colored,0.26442962884902954,0.3692222833633423,0.3560843765735626
22,reconstruction_only,56,common_exchange,0.26442962884902954,0.16822294890880585,0.19512048363685608
22,reconstruction_only,56,EEG_gain,0.3296319246292114,0.16427494585514069,0.24437543749809265
22,reconstruction_only,56,Hb_gain,0.26442962884902954,0.14694076776504517,0.1905621737241745
22,reconstruction_only,56,noise,0.26459425687789917,0.16186334192752838,0.19416449964046478
22,reconstruction_only,56,lag_1s,0.26442962884902954,0.14137348532676697,0.2169034481048584
22,reconstruction_only,56,driver_amplitude,0.5408164262771606,0.15874959528446198,0.2813970148563385
22,reconstruction_only,56,driver_shape,0.3060465157032013,0.16471374034881592,0.16230103373527527
22,reconstruction_only,56,physiology_tau,0.26442962884902954,0.35721495747566223,0.21217501163482666
22,reconstruction_only,56,unmodeled_dynamics,0.26442962884902954,0.2790505290031433,0.20272943377494812
22,reconstruction_only,57,control,0.2962616980075836,0.2309788167476654,0.13518820703029633
22,reconstruction_only,57,common_basis,0.2962616980075836,0.845568835735321,0.1443544179201126
22,reconstruction_only,57,common_correlated,0.2962616980075836,1.711287498474121,0.15461137890815735
22,reconstruction_only,57,common_colored,0.2962616980075836,3.46695613861084,0.26956990361213684
22,reconstruction_only,57,common_exchange,0.2962616980075836,0.3660370111465454,0.1417066603899002
22,reconstruction_only,57,EEG_gain,0.3406655490398407,0.2309788167476654,0.1746266633272171
22,reconstruction_only,57,Hb_gain,0.2962616980075836,0.22520141303539276,0.14189040660858154
22,reconstruction_only,57,noise,0.3065475523471832,0.2322344183921814,0.14585895836353302
22,reconstruction_only,57,lag_1s,0.2962616980075836,0.23737573623657227,0.15039514005184174
22,reconstruction_only,57,driver_amplitude,0.5594564080238342,0.23072944581508636,0.20279106497764587
22,reconstruction_only,57,driver_shape,0.3142184019088745,0.2226475179195404,0.14045768976211548
22,reconstruction_only,57,physiology_tau,0.2962616980075836,0.2813352942466736,0.1439247727394104
22,reconstruction_only,57,unmodeled_dynamics,0.2962616980075836,0.25153541564941406,0.14237645268440247
22,reconstruction_only,58,control,0.360023558139801,0.28586018085479736,0.11161074042320251
22,reconstruction_only,58,common_basis,0.360023558139801,0.4134451150894165,0.1183018833398819
22,reconstruction_only,58,common_correlated,0.360023558139801,0.7628250122070312,0.12163486331701279
22,reconstruction_only,58,common_colored,0.360023558139801,2.9580583572387695,0.18235374987125397
22,reconstruction_only,58,common_exchange,0.360023558139801,0.4939822256565094,0.1422029733657837
22,reconstruction_only,58,EEG_gain,0.36403200030326843,0.28586018085479736,0.1484663337469101
22,reconstruction_only,58,Hb_gain,0.360023558139801,0.3404824733734131,0.1283065527677536
22,reconstruction_only,58,noise,0.3561645448207855,0.28412503004074097,0.12233661115169525
22,reconstruction_only,58,lag_1s,0.360023558139801,0.2861922085285187,0.1485559493303299
22,reconstruction_only,58,driver_amplitude,0.6775249242782593,0.381641149520874,0.18060095608234406
22,reconstruction_only,58,driver_shape,0.34214767813682556,0.2981076240539551,0.12590311467647552
22,reconstruction_only,58,physiology_tau,0.360023558139801,0.34561970829963684,0.13705572485923767
22,reconstruction_only,58,unmodeled_dynamics,0.360023558139801,0.2838975191116333,0.12699641287326813
22,reconstruction_only,59,control,0.4010044038295746,0.23140916228294373,0.22745326161384583
22,reconstruction_only,59,common_basis,0.4010044038295746,1.3626344203948975,0.2452453374862671
22,reconstruction_only,59,common_correlated,0.4010044038295746,0.42473104596138,0.27336618304252625
22,reconstruction_only,59,common_colored,0.4010044038295746,2.5684356689453125,0.2538844347000122
22,reconstruction_only,59,common_exchange,0.4010044038295746,0.4617394506931305,0.22972489893436432
22,reconstruction_only,59,EEG_gain,0.32968205213546753,0.23140916228294373,0.3028455674648285
22,reconstruction_only,59,Hb_gain,0.4010044038295746,0.25504475831985474,0.2324669361114502
22,reconstruction_only,59,noise,0.3948011100292206,0.2262326031923294,0.23341864347457886
22,reconstruction_only,59,lag_1s,0.4010044038295746,0.2144758403301239,0.262239009141922
22,reconstruction_only,59,driver_amplitude,0.5195643305778503,0.21454231441020966,0.33500993251800537
22,reconstruction_only,59,driver_shape,0.41258323192596436,0.2488016039133072,0.23014135658740997
22,reconstruction_only,59,physiology_tau,0.4010044038295746,0.2618884742259979,0.26324644684791565
22,reconstruction_only,59,unmodeled_dynamics,0.4010044038295746,0.2948056161403656,0.2490917444229126
22,reconstruction_only,60,control,0.19591876864433289,0.4061639904975891,0.09333647042512894
22,reconstruction_only,60,common_basis,0.19591876864433289,0.926417887210846,0.10378926247358322
22,reconstruction_only,60,common_correlated,0.19591876864433289,2.2892398834228516,0.13788719475269318
22,reconstruction_only,60,common_colored,0.19591876864433289,1.5719088315963745,0.17793624103069305
22,reconstruction_only,60,common_exchange,0.19591876864433289,0.36883315443992615,0.09705803543329239
22,reconstruction_only,60,EEG_gain,0.25585314631462097,0.4061639904975891,0.13414596021175385
22,reconstruction_only,60,Hb_gain,0.19591876864433289,0.6017695069313049,0.12317090481519699
22,reconstruction_only,60,noise,0.2018052339553833,0.40733563899993896,0.11007077246904373
22,reconstruction_only,60,lag_1s,0.19591876864433289,0.43186432123184204,0.1731441617012024
22,reconstruction_only,60,driver_amplitude,0.26977136731147766,0.7107896208763123,0.16119936108589172
22,reconstruction_only,60,driver_shape,0.2572973370552063,0.39627015590667725,0.10049181431531906
22,reconstruction_only,60,physiology_tau,0.19591876864433289,0.19709064066410065,0.13906186819076538
22,reconstruction_only,60,unmodeled_dynamics,0.19591876864433289,0.31211069226264954,0.11478575319051743
22,reconstruction_only,61,control,0.45799168944358826,0.36195263266563416,0.2160881906747818
22,reconstruction_only,61,common_basis,0.45799168944358826,0.8259415030479431,0.22487866878509521
22,reconstruction_only,61,common_correlated,0.45799168944358826,1.450667381286621,0.23896554112434387
22,reconstruction_only,61,common_colored,0.45799168944358826,1.3689844608306885,0.3238474428653717
22,reconstruction_only,61,common_exchange,0.45799168944358826,1.1690717935562134,0.2693263292312622
22,reconstruction_only,61,EEG_gain,0.5378338694572449,0.36195263266563416,0.28195831179618835
22,reconstruction_only,61,Hb_gain,0.45799168944358826,0.535162091255188,0.22307033836841583
22,reconstruction_only,61,noise,0.44660717248916626,0.3587627410888672,0.22262056171894073
22,reconstruction_only,61,lag_1s,0.45799168944358826,0.3176942467689514,0.22771885991096497
22,reconstruction_only,61,driver_amplitude,0.8192770481109619,0.6400599479675293,0.32095542550086975
22,reconstruction_only,61,driver_shape,0.41646310687065125,0.3439919054508209,0.21718794107437134
22,reconstruction_only,61,physiology_tau,0.45799168944358826,0.22903531789779663,0.24382171034812927
22,reconstruction_only,61,unmodeled_dynamics,0.45799168944358826,0.43105801939964294,0.23640687763690948
22,reconstruction_only,62,control,0.33467286825180054,0.39687755703926086,0.11056936532258987
22,reconstruction_only,62,common_basis,0.33467286825180054,1.5366837978363037,0.12871338427066803
22,reconstruction_only,62,common_correlated,0.33467286825180054,1.7647050619125366,0.13794052600860596
22,reconstruction_only,62,common_colored,0.33467286825180054,2.5977699756622314,0.24542124569416046
22,reconstruction_only,62,common_exchange,0.33467286825180054,0.14855502545833588,0.14314496517181396
22,reconstruction_only,62,EEG_gain,0.3192727565765381,0.39687755703926086,0.13484835624694824
22,reconstruction_only,62,Hb_gain,0.33467286825180054,0.5803569555282593,0.13743554055690765
22,reconstruction_only,62,noise,0.30221644043922424,0.3973328173160553,0.12818820774555206
22,reconstruction_only,62,lag_1s,0.33467286825180054,0.3992825448513031,0.12536601722240448
22,reconstruction_only,62,driver_amplitude,0.4407612681388855,0.6869185566902161,0.17231601476669312
22,reconstruction_only,62,driver_shape,0.32845616340637207,0.3725646734237671,0.10593252629041672
22,reconstruction_only,62,physiology_tau,0.33467286825180054,0.2335377186536789,0.129542276263237
22,reconstruction_only,62,unmodeled_dynamics,0.33467286825180054,0.3893572688102722,0.14230777323246002
22,reconstruction_only,63,control,0.45085862278938293,0.22949902713298798,0.2782554030418396
22,reconstruction_only,63,common_basis,0.45085862278938293,0.5336873531341553,0.27939462661743164
22,reconstruction_only,63,common_correlated,0.45085862278938293,1.6075314283370972,0.3144097626209259
22,reconstruction_only,63,common_colored,0.45085862278938293,1.5669190883636475,0.3714189827442169
22,reconstruction_only,63,common_exchange,0.45085862278938293,0.38990071415901184,0.2823019325733185
22,reconstruction_only,63,EEG_gain,0.47232162952423096,0.22949902713298798,0.35410454869270325
22,reconstruction_only,63,Hb_gain,0.45085862278938293,0.23654431104660034,0.28479471802711487
22,reconstruction_only,63,noise,0.4471411406993866,0.22780978679656982,0.28482192754745483
22,reconstruction_only,63,lag_1s,0.45085862278938293,0.25654545426368713,0.3018888235092163
22,reconstruction_only,63,driver_amplitude,0.8589122295379639,0.2611766457557678,0.4085310697555542
22,reconstruction_only,63,driver_shape,0.45946380496025085,0.230038121342659,0.2812524437904358
22,reconstruction_only,63,physiology_tau,0.45085862278938293,0.23098266124725342,0.2761184573173523
22,reconstruction_only,63,unmodeled_dynamics,0.45085862278938293,0.16325481235980988,0.28357797861099243
22,reconstruction_only,64,control,0.23605665564537048,0.3941366672515869,0.08441878855228424
22,reconstruction_only,64,common_basis,0.23605665564537048,1.1871649026870728,0.13069425523281097
22,reconstruction_only,64,common_correlated,0.23605665564537048,2.7321107387542725,0.11444438993930817
22,reconstruction_only,64,common_colored,0.23605665564537048,2.253424882888794,0.14515133202075958
22,reconstruction_only,64,common_exchange,0.23605665564537048,0.4816148281097412,0.09088996797800064
22,reconstruction_only,64,EEG_gain,0.22048838436603546,0.3941366672515869,0.11186375468969345
22,reconstruction_only,64,Hb_gain,0.23605665564537048,0.5852310657501221,0.09897976368665695
22,reconstruction_only,64,noise,0.23968666791915894,0.3955806791782379,0.10329847037792206
22,reconstruction_only,64,lag_1s,0.23605665564537048,0.4109749495983124,0.13424022495746613
22,reconstruction_only,64,driver_amplitude,0.38791918754577637,0.724336564540863,0.12720637023448944
22,reconstruction_only,64,driver_shape,0.22906456887722015,0.3609572947025299,0.07898958772420883
22,reconstruction_only,64,physiology_tau,0.23605665564537048,0.25018975138664246,0.13849884271621704
22,reconstruction_only,64,unmodeled_dynamics,0.23605665564537048,0.4198686480522156,0.11644573509693146
22,reconstruction_only,65,control,0.24332015216350555,0.2702406942844391,0.1634579747915268
22,reconstruction_only,65,common_basis,0.24332015216350555,0.7115124464035034,0.17918886244297028
22,reconstruction_only,65,common_correlated,0.24332015216350555,1.5524828433990479,0.18344375491142273
22,reconstruction_only,65,common_colored,0.24332015216350555,1.3463530540466309,0.21456849575042725
22,reconstruction_only,65,common_exchange,0.24332015216350555,0.31134650111198425,0.16690653562545776
22,reconstruction_only,65,EEG_gain,0.41281983256340027,0.2702406942844391,0.2104148268699646
22,reconstruction_only,65,Hb_gain,0.24332015216350555,0.28151822090148926,0.17302446067333221
22,reconstruction_only,65,noise,0.25018513202667236,0.27318882942199707,0.17236514389514923
22,reconstruction_only,65,lag_1s,0.24332015216350555,0.30715253949165344,0.17546799778938293
22,reconstruction_only,65,driver_amplitude,0.4645507335662842,0.29266172647476196,0.2487913817167282
22,reconstruction_only,65,driver_shape,0.2960872948169708,0.23931127786636353,0.16782782971858978
22,reconstruction_only,65,physiology_tau,0.24332015216350555,0.20317253470420837,0.1714085340499878
22,reconstruction_only,65,unmodeled_dynamics,0.24332015216350555,0.26010245084762573,0.17422381043434143
22,reconstruction_only,66,control,0.4245983064174652,0.12435873597860336,0.10097473114728928
22,reconstruction_only,66,common_basis,0.4245983064174652,0.32326406240463257,0.09875722974538803
22,reconstruction_only,66,common_correlated,0.4245983064174652,1.0699883699417114,0.26968246698379517
22,reconstruction_only,66,common_colored,0.4245983064174652,2.916151762008667,0.2812406122684479
22,reconstruction_only,66,common_exchange,0.4245983064174652,0.18016676604747772,0.11106473952531815
22,reconstruction_only,66,EEG_gain,0.3861103951931,0.12435873597860336,0.13094371557235718
22,reconstruction_only,66,Hb_gain,0.4245983064174652,0.19606807827949524,0.14850357174873352
22,reconstruction_only,66,noise,0.4394749402999878,0.12302569299936295,0.11614692211151123
22,reconstruction_only,66,lag_1s,0.4245983064174652,0.09176686406135559,0.20548108220100403
22,reconstruction_only,66,driver_amplitude,0.4985502064228058,0.2387123554944992,0.15900357067584991
22,reconstruction_only,66,driver_shape,0.3307613730430603,0.12843430042266846,0.13071037828922272
22,reconstruction_only,66,physiology_tau,0.4245983064174652,0.11309494078159332,0.15250086784362793
22,reconstruction_only,66,unmodeled_dynamics,0.4245983064174652,0.16495658457279205,0.12512105703353882
22,reconstruction_only,67,control,0.2386777549982071,0.2808976173400879,0.16151726245880127
22,reconstruction_only,67,common_basis,0.2386777549982071,0.5305489301681519,0.1648218333721161
22,reconstruction_only,67,common_correlated,0.2386777549982071,1.4936572313308716,0.17895984649658203
22,reconstruction_only,67,common_colored,0.2386777549982071,0.8111929297447205,0.18529509007930756
22,reconstruction_only,67,common_exchange,0.2386777549982071,0.6767321228981018,0.16752436757087708
22,reconstruction_only,67,EEG_gain,0.24579143524169922,0.2808976173400879,0.2080097198486328
22,reconstruction_only,67,Hb_gain,0.2386777549982071,0.42187047004699707,0.17438767850399017
22,reconstruction_only,67,noise,0.24035359919071198,0.2820931077003479,0.17651915550231934
22,reconstruction_only,67,lag_1s,0.2386777549982071,0.3540022373199463,0.1763339787721634
22,reconstruction_only,67,driver_amplitude,0.5107148289680481,0.5195907950401306,0.23455023765563965
22,reconstruction_only,67,driver_shape,0.13251499831676483,0.27042508125305176,0.152646005153656
22,reconstruction_only,67,physiology_tau,0.2386777549982071,0.13156579434871674,0.18257275223731995
22,reconstruction_only,67,unmodeled_dynamics,0.2386777549982071,0.18200796842575073,0.16885344684123993
22,reconstruction_only,68,control,0.22750972211360931,0.32162347435951233,0.12092813104391098
22,reconstruction_only,68,common_basis,0.22750972211360931,0.481209933757782,0.12550321221351624
22,reconstruction_only,68,common_correlated,0.22750972211360931,1.2208843231201172,0.20534144341945648
22,reconstruction_only,68,common_colored,0.22750972211360931,1.3986337184906006,0.1997855007648468
22,reconstruction_only,68,common_exchange,0.22750972211360931,0.3997146785259247,0.11928914487361908
22,reconstruction_only,68,EEG_gain,0.4133201837539673,0.32162347435951233,0.1631421148777008
22,reconstruction_only,68,Hb_gain,0.22750972211360931,0.3429195284843445,0.15146012604236603
22,reconstruction_only,68,noise,0.22591328620910645,0.32391661405563354,0.13890963792800903
22,reconstruction_only,68,lag_1s,0.22750972211360931,0.3006359040737152,0.19432984292507172
22,reconstruction_only,68,driver_amplitude,0.34802716970443726,0.35594630241394043,0.19039878249168396
22,reconstruction_only,68,driver_shape,0.2190995216369629,0.2795052230358124,0.13646571338176727
22,reconstruction_only,68,physiology_tau,0.22750972211360931,0.23133032023906708,0.1780088245868683
22,reconstruction_only,68,unmodeled_dynamics,0.22750972211360931,0.33670032024383545,0.15211354196071625
22,reconstruction_only,69,control,0.2801476716995239,0.17201122641563416,0.2154555320739746
22,reconstruction_only,69,common_basis,0.2801476716995239,1.379055142402649,0.21810312569141388
22,reconstruction_only,69,common_correlated,0.2801476716995239,1.6310136318206787,0.2401660829782486
22,reconstruction_only,69,common_colored,0.2801476716995239,1.9557271003723145,0.2773403823375702
22,reconstruction_only,69,common_exchange,0.2801476716995239,0.45226550102233887,0.22103136777877808
22,reconstruction_only,69,EEG_gain,0.28474971652030945,0.17201122641563416,0.27735039591789246
22,reconstruction_only,69,Hb_gain,0.2801476716995239,0.2185538113117218,0.2224964201450348
22,reconstruction_only,69,noise,0.2943153381347656,0.17565806210041046,0.22752925753593445
22,reconstruction_only,69,lag_1s,0.2801476716995239,0.13354644179344177,0.2430916726589203
22,reconstruction_only,69,driver_amplitude,0.3179266154766083,0.26307839155197144,0.319250226020813
22,reconstruction_only,69,driver_shape,0.3144691288471222,0.18999725580215454,0.21467258036136627
22,reconstruction_only,69,physiology_tau,0.2801476716995239,0.298902690410614,0.2227904051542282
22,reconstruction_only,69,unmodeled_dynamics,0.2801476716995239,0.21431641280651093,0.21957479417324066
22,reconstruction_only,70,control,0.39277660846710205,0.3285033702850342,0.15021656453609467
22,reconstruction_only,70,common_basis,0.39277660846710205,0.8084383010864258,0.1418326050043106
22,reconstruction_only,70,common_correlated,0.39277660846710205,1.2982500791549683,0.3044825494289398
22,reconstruction_only,70,common_colored,0.39277660846710205,0.7199371457099915,0.3643820583820343
22,reconstruction_only,70,common_exchange,0.39277660846710205,0.9354171752929688,0.15407797694206238
22,reconstruction_only,70,EEG_gain,0.6031383872032166,0.3285033702850342,0.1761115938425064
22,reconstruction_only,70,Hb_gain,0.39277660846710205,0.3502075672149658,0.1904207020998001
22,reconstruction_only,70,noise,0.42549628019332886,0.3323720693588257,0.16156895458698273
22,reconstruction_only,70,lag_1s,0.39277660846710205,0.34149202704429626,0.19324088096618652
22,reconstruction_only,70,driver_amplitude,0.6254505515098572,0.38384220004081726,0.2255362570285797
22,reconstruction_only,70,driver_shape,0.3914712369441986,0.3312124013900757,0.11598000675439835
22,reconstruction_only,70,physiology_tau,0.39277660846710205,0.2609919309616089,0.16585485637187958
22,reconstruction_only,70,unmodeled_dynamics,0.39277660846710205,0.23884496092796326,0.17598044872283936
22,reconstruction_only,71,control,0.19669874012470245,0.2141585499048233,0.22984661161899567
22,reconstruction_only,71,common_basis,0.19669874012470245,0.9351047873497009,0.24223454296588898
22,reconstruction_only,71,common_correlated,0.19669874012470245,1.7951513528823853,0.30957552790641785
22,reconstruction_only,71,common_colored,0.19669874012470245,3.41430926322937,0.29622960090637207
22,reconstruction_only,71,common_exchange,0.19669874012470245,0.24050742387771606,0.2341831475496292
22,reconstruction_only,71,EEG_gain,0.21791653335094452,0.2141585499048233,0.3061525821685791
22,reconstruction_only,71,Hb_gain,0.19669874012470245,0.2623617351055145,0.24095004796981812
22,reconstruction_only,71,noise,0.20880144834518433,0.21316033601760864,0.24186934530735016
22,reconstruction_only,71,lag_1s,0.19669874012470245,0.24598506093025208,0.2722535729408264
22,reconstruction_only,71,driver_amplitude,0.3131195902824402,0.271821528673172,0.3477330207824707
22,reconstruction_only,71,driver_shape,0.23451441526412964,0.20212896168231964,0.23039071261882782
22,reconstruction_only,71,physiology_tau,0.19669874012470245,0.180455282330513,0.25911441445350647
22,reconstruction_only,71,unmodeled_dynamics,0.19669874012470245,0.17536376416683197,0.24993936717510223
22,reconstruction_only,72,control,0.20973718166351318,0.4150972366333008,0.09892045706510544
22,reconstruction_only,72,common_basis,0.20973718166351318,1.0117725133895874,0.12533365190029144
22,reconstruction_only,72,common_correlated,0.20973718166351318,1.9201359748840332,0.14618562161922455
22,reconstruction_only,72,common_colored,0.20973718166351318,1.5582833290100098,0.1872825026512146
22,reconstruction_only,72,common_exchange,0.20973718166351318,0.7314783930778503,0.11634206026792526
22,reconstruction_only,72,EEG_gain,0.20076045393943787,0.4150972366333008,0.14367550611495972
22,reconstruction_only,72,Hb_gain,0.20973718166351318,0.6114298105239868,0.14374731481075287
22,reconstruction_only,72,noise,0.19368043541908264,0.4131360352039337,0.1123025193810463
22,reconstruction_only,72,lag_1s,0.20973718166351318,0.4248231053352356,0.19985158741474152
22,reconstruction_only,72,driver_amplitude,0.4937283396720886,0.7496724724769592,0.16171938180923462
22,reconstruction_only,72,driver_shape,0.18971049785614014,0.37608012557029724,0.10589229315519333
22,reconstruction_only,72,physiology_tau,0.20973718166351318,0.1931905597448349,0.12192420661449432
22,reconstruction_only,72,unmodeled_dynamics,0.20973718166351318,0.4602312445640564,0.1050434485077858
22,reconstruction_only,73,control,0.5121902823448181,0.34867626428604126,0.1811988800764084
22,reconstruction_only,73,common_basis,0.5121902823448181,0.7558165192604065,0.18363291025161743
22,reconstruction_only,73,common_correlated,0.5121902823448181,1.7990185022354126,0.20780521631240845
22,reconstruction_only,73,common_colored,0.5121902823448181,0.9037216901779175,0.3094395399093628
22,reconstruction_only,73,common_exchange,0.5121902823448181,0.35976848006248474,0.18600237369537354
22,reconstruction_only,73,EEG_gain,0.42562082409858704,0.34867626428604126,0.23855853080749512
22,reconstruction_only,73,Hb_gain,0.5121902823448181,0.38748201727867126,0.19928386807441711
22,reconstruction_only,73,noise,0.519382655620575,0.3500814735889435,0.1950063705444336
22,reconstruction_only,73,lag_1s,0.5121902823448181,0.31525495648384094,0.21204520761966705
22,reconstruction_only,73,driver_amplitude,0.6373867988586426,0.40623652935028076,0.27143195271492004
22,reconstruction_only,73,driver_shape,0.47082144021987915,0.32828429341316223,0.17314058542251587
22,reconstruction_only,73,physiology_tau,0.5121902823448181,0.29825830459594727,0.23000936210155487
22,reconstruction_only,73,unmodeled_dynamics,0.5121902823448181,0.39733219146728516,0.20201162993907928
22,reconstruction_only,74,control,0.4831450581550598,0.3982590138912201,0.10284696519374847
22,reconstruction_only,74,common_basis,0.4831450581550598,0.9042200446128845,0.1002245619893074
22,reconstruction_only,74,common_correlated,0.4831450581550598,2.10962176322937,0.12356440722942352
22,reconstruction_only,74,common_colored,0.4831450581550598,2.8038697242736816,0.3407668471336365
22,reconstruction_only,74,common_exchange,0.4831450581550598,0.4447363615036011,0.12889663875102997
22,reconstruction_only,74,EEG_gain,0.4348178803920746,0.3982590138912201,0.13336747884750366
22,reconstruction_only,74,Hb_gain,0.4831450581550598,0.5930490493774414,0.12778015434741974
22,reconstruction_only,74,noise,0.48142361640930176,0.39839428663253784,0.11196492612361908
22,reconstruction_only,74,lag_1s,0.4831450581550598,0.3311462104320526,0.14653857052326202
22,reconstruction_only,74,driver_amplitude,0.6277576088905334,0.6511350274085999,0.153333842754364
22,reconstruction_only,74,driver_shape,0.45351070165634155,0.36407923698425293,0.11480828374624252
22,reconstruction_only,74,physiology_tau,0.4831450581550598,0.3679566979408264,0.1234063133597374
22,reconstruction_only,74,unmodeled_dynamics,0.4831450581550598,0.4666474163532257,0.10291068255901337
22,reconstruction_only,75,control,0.36563700437545776,0.3007620573043823,0.20994316041469574
22,reconstruction_only,75,common_basis,0.36563700437545776,0.36126509308815,0.21140341460704803
22,reconstruction_only,75,common_correlated,0.36563700437545776,2.0861408710479736,0.23045821487903595
22,reconstruction_only,75,common_colored,0.36563700437545776,1.0570143461227417,0.3022262454032898
22,reconstruction_only,75,common_exchange,0.36563700437545776,0.5212768912315369,0.21568088233470917
22,reconstruction_only,75,EEG_gain,0.4845500588417053,0.3007620573043823,0.27448225021362305
22,reconstruction_only,75,Hb_gain,0.36563700437545776,0.44060489535331726,0.22073529660701752
22,reconstruction_only,75,noise,0.3787926435470581,0.3016176223754883,0.2126559317111969
22,reconstruction_only,75,lag_1s,0.36563700437545776,0.3434656858444214,0.21900208294391632
22,reconstruction_only,75,driver_amplitude,0.5413413047790527,0.5317772030830383,0.31938496232032776
22,reconstruction_only,75,driver_shape,0.40354031324386597,0.3246510624885559,0.21052362024784088
22,reconstruction_only,75,physiology_tau,0.36563700437545776,0.28041377663612366,0.213872492313385
22,reconstruction_only,75,unmodeled_dynamics,0.36563700437545776,0.29254236817359924,0.2131960391998291
22,reconstruction_only,76,control,0.22672384977340698,0.2781715989112854,0.10703503340482712
22,reconstruction_only,76,common_basis,0.22672384977340698,0.18866722285747528,0.10580190271139145
22,reconstruction_only,76,common_correlated,0.22672384977340698,2.591996192932129,0.18150745332241058
22,reconstruction_only,76,common_colored,0.22672384977340698,1.6680810451507568,0.27139773964881897
22,reconstruction_only,76,common_exchange,0.22672384977340698,0.38594183325767517,0.12166573107242584
22,reconstruction_only,76,EEG_gain,0.30843618512153625,0.2781715989112854,0.1419026106595993
22,reconstruction_only,76,Hb_gain,0.22672384977340698,0.38955357670783997,0.14114052057266235
22,reconstruction_only,76,noise,0.23934592306613922,0.2758868336677551,0.12274898588657379
22,reconstruction_only,76,lag_1s,0.22672384977340698,0.330189049243927,0.18691468238830566
22,reconstruction_only,76,driver_amplitude,0.4336735010147095,0.47052547335624695,0.17425081133842468
22,reconstruction_only,76,driver_shape,0.25705769658088684,0.2848779559135437,0.11891091614961624
22,reconstruction_only,76,physiology_tau,0.22672384977340698,0.24838614463806152,0.13451354205608368
22,reconstruction_only,76,unmodeled_dynamics,0.22672384977340698,0.1652330458164215,0.15422342717647552
22,reconstruction_only,77,control,0.3888046443462372,0.1733943521976471,0.2753578722476959
22,reconstruction_only,77,common_basis,0.3888046443462372,0.6335321068763733,0.2763702869415283
22,reconstruction_only,77,common_correlated,0.3888046443462372,0.9607255458831787,0.3186183571815491
22,reconstruction_only,77,common_colored,0.3888046443462372,1.5970661640167236,0.4330460727214813
22,reconstruction_only,77,common_exchange,0.3888046443462372,0.32501330971717834,0.2924189567565918
22,reconstruction_only,77,EEG_gain,0.46491965651512146,0.1733943521976471,0.36109909415245056
22,reconstruction_only,77,Hb_gain,0.3888046443462372,0.24995920062065125,0.2769771218299866
22,reconstruction_only,77,noise,0.37069079279899597,0.1724381148815155,0.2796681225299835
22,reconstruction_only,77,lag_1s,0.3888046443462372,0.18188051879405975,0.30844566226005554
22,reconstruction_only,77,driver_amplitude,0.5606964826583862,0.31161752343177795,0.4073779284954071
22,reconstruction_only,77,driver_shape,0.46220383048057556,0.1707472801208496,0.28772997856140137
22,reconstruction_only,77,physiology_tau,0.3888046443462372,0.22540317475795746,0.30069175362586975
22,reconstruction_only,77,unmodeled_dynamics,0.3888046443462372,0.1601024866104126,0.2915950417518616
22,reconstruction_only,78,control,0.2123098373413086,0.32279255986213684,0.09269057959318161
22,reconstruction_only,78,common_basis,0.2123098373413086,1.2985786199569702,0.1085558831691742
22,reconstruction_only,78,common_correlated,0.2123098373413086,3.6253485679626465,0.19174440205097198
22,reconstruction_only,78,common_colored,0.2123098373413086,2.3427720069885254,0.25804322957992554
22,reconstruction_only,78,common_exchange,0.2123098373413086,0.407774955034256,0.110645592212677
22,reconstruction_only,78,EEG_gain,0.17271526157855988,0.32279255986213684,0.12086856365203857
22,reconstruction_only,78,Hb_gain,0.2123098373413086,0.371166855096817,0.12965667247772217
22,reconstruction_only,78,noise,0.22372524440288544,0.3224567472934723,0.10172197967767715
22,reconstruction_only,78,lag_1s,0.2123098373413086,0.378311425447464,0.14850342273712158
22,reconstruction_only,78,driver_amplitude,0.23498106002807617,0.43700286746025085,0.15464822947978973
22,reconstruction_only,78,driver_shape,0.25597137212753296,0.2878846228122711,0.10822756588459015
22,reconstruction_only,78,physiology_tau,0.2123098373413086,0.17216528952121735,0.1449611485004425
22,reconstruction_only,78,unmodeled_dynamics,0.2123098373413086,0.28951960802078247,0.10990213602781296
22,reconstruction_only,79,control,0.13160784542560577,0.3508895933628082,0.18600168824195862
22,reconstruction_only,79,common_basis,0.13160784542560577,0.45202499628067017,0.1859743744134903
22,reconstruction_only,79,common_correlated,0.13160784542560577,1.0160973072052002,0.22070685029029846
22,reconstruction_only,79,common_colored,0.13160784542560577,0.7102433443069458,0.26400476694107056
22,reconstruction_only,79,common_exchange,0.13160784542560577,0.5192975401878357,0.19162851572036743
22,reconstruction_only,79,EEG_gain,0.3375709354877472,0.3508895933628082,0.2551349699497223
22,reconstruction_only,79,Hb_gain,0.13160784542560577,0.4104808568954468,0.21458397805690765
22,reconstruction_only,79,noise,0.14084741473197937,0.34904417395591736,0.195439875125885
22,reconstruction_only,79,lag_1s,0.13160784542560577,0.37970229983329773,0.2703533172607422
22,reconstruction_only,79,driver_amplitude,0.25609681010246277,0.4103944003582001,0.29029974341392517
22,reconstruction_only,79,driver_shape,0.12512636184692383,0.31913164258003235,0.18968752026557922
22,reconstruction_only,79,physiology_tau,0.13160784542560577,0.2975042462348938,0.25465619564056396
22,reconstruction_only,79,unmodeled_dynamics,0.13160784542560577,0.34607023000717163,0.21605107188224792
22,reconstruction_only,80,control,0.3634399473667145,0.30820414423942566,0.10118653625249863
22,reconstruction_only,80,common_basis,0.3634399473667145,1.140328288078308,0.14527183771133423
22,reconstruction_only,80,common_correlated,0.3634399473667145,1.2936606407165527,0.11112440377473831
22,reconstruction_only,80,common_colored,0.3634399473667145,1.0358831882476807,0.2954064607620239
22,reconstruction_only,80,common_exchange,0.3634399473667145,0.5418056845664978,0.10952535271644592
22,reconstruction_only,80,EEG_gain,0.26459255814552307,0.30820414423942566,0.14362111687660217
22,reconstruction_only,80,Hb_gain,0.3634399473667145,0.46018192172050476,0.1126519963145256
22,reconstruction_only,80,noise,0.3542059659957886,0.3051503300666809,0.11133100092411041
22,reconstruction_only,80,lag_1s,0.3634399473667145,0.2782609164714813,0.12485497444868088
22,reconstruction_only,80,driver_amplitude,0.3868134617805481,0.5341764092445374,0.16697949171066284
22,reconstruction_only,80,driver_shape,0.34774357080459595,0.2694065272808075,0.10621977597475052
22,reconstruction_only,80,physiology_tau,0.3634399473667145,0.26825833320617676,0.1416543424129486
22,reconstruction_only,80,unmodeled_dynamics,0.3634399473667145,0.2901356816291809,0.11734131723642349
22,reconstruction_only,81,control,0.2634461224079132,0.1970478743314743,0.24564969539642334
22,reconstruction_only,81,common_basis,0.2634461224079132,0.8949708938598633,0.2541486620903015
22,reconstruction_only,81,common_correlated,0.2634461224079132,1.6142560243606567,0.30924487113952637
22,reconstruction_only,81,common_colored,0.2634461224079132,2.5671815872192383,0.326870858669281
22,reconstruction_only,81,common_exchange,0.2634461224079132,0.31237614154815674,0.25326281785964966
22,reconstruction_only,81,EEG_gain,0.33307644724845886,0.1970478743314743,0.32595714926719666
22,reconstruction_only,81,Hb_gain,0.2634461224079132,0.20477119088172913,0.24958555400371552
22,reconstruction_only,81,noise,0.2624335289001465,0.1961643099784851,0.2476702332496643
22,reconstruction_only,81,lag_1s,0.2634461224079132,0.18558289110660553,0.2842685878276825
22,reconstruction_only,81,driver_amplitude,0.5150235295295715,0.22002434730529785,0.36635062098503113
22,reconstruction_only,81,driver_shape,0.2204153686761856,0.18063171207904816,0.24658457934856415
22,reconstruction_only,81,physiology_tau,0.2634461224079132,0.20698347687721252,0.27176496386528015
22,reconstruction_only,81,unmodeled_dynamics,0.2634461224079132,0.19360306859016418,0.2642580568790436
22,reconstruction_only,82,control,0.16964364051818848,0.357931524515152,0.10518979281187057
22,reconstruction_only,82,common_basis,0.16964364051818848,0.9662948846817017,0.10209207981824875
22,reconstruction_only,82,common_correlated,0.16964364051818848,2.1484904289245605,0.15615352988243103
22,reconstruction_only,82,common_colored,0.16964364051818848,0.8774529099464417,0.15316030383110046
22,reconstruction_only,82,common_exchange,0.16964364051818848,0.43902352452278137,0.14416727423667908
22,reconstruction_only,82,EEG_gain,0.4317706227302551,0.357931524515152,0.14317777752876282
22,reconstruction_only,82,Hb_gain,0.16964364051818848,0.4308735728263855,0.1220579668879509
22,reconstruction_only,82,noise,0.14687788486480713,0.35554423928260803,0.11648799479007721
22,reconstruction_only,82,lag_1s,0.16964364051818848,0.36642956733703613,0.1962566077709198
22,reconstruction_only,82,driver_amplitude,0.38933154940605164,0.5296345353126526,0.15639469027519226
22,reconstruction_only,82,driver_shape,0.1466711461544037,0.33901330828666687,0.09428511559963226
22,reconstruction_only,82,physiology_tau,0.16964364051818848,0.3379707336425781,0.12793943285942078
22,reconstruction_only,82,unmodeled_dynamics,0.16964364051818848,0.3230469822883606,0.13364678621292114
22,reconstruction_only,83,control,0.2818940281867981,0.5600767135620117,0.17646163702011108
22,reconstruction_only,83,common_basis,0.2818940281867981,1.1017427444458008,0.182674378156662
22,reconstruction_only,83,common_correlated,0.2818940281867981,1.3469626903533936,0.18412040174007416
22,reconstruction_only,83,common_colored,0.2818940281867981,0.949627161026001,0.3117026388645172
22,reconstruction_only,83,common_exchange,0.2818940281867981,0.6800159215927124,0.18514126539230347
22,reconstruction_only,83,EEG_gain,0.29995107650756836,0.5600767135620117,0.23694463074207306
22,reconstruction_only,83,Hb_gain,0.2818940281867981,0.7770719528198242,0.18496881425380707
22,reconstruction_only,83,noise,0.28784552216529846,0.5676574110984802,0.1908147931098938
22,reconstruction_only,83,lag_1s,0.2818940281867981,0.5147218704223633,0.20795845985412598
22,reconstruction_only,83,driver_amplitude,0.5733312368392944,0.8787428736686707,0.261281818151474
22,reconstruction_only,83,driver_shape,0.26010310649871826,0.5729078054428101,0.19038787484169006
22,reconstruction_only,83,physiology_tau,0.2818940281867981,0.42614760994911194,0.22204247117042542
22,reconstruction_only,83,unmodeled_dynamics,0.2818940281867981,0.6253973841667175,0.19810441136360168
22,reconstruction_only,84,control,0.19701330363750458,0.3125969469547272,0.11708419024944305
22,reconstruction_only,84,common_basis,0.19701330363750458,1.0259885787963867,0.141759991645813
22,reconstruction_only,84,common_correlated,0.19701330363750458,1.4157118797302246,0.17769739031791687
22,reconstruction_only,84,common_colored,0.19701330363750458,2.9274864196777344,0.23884062469005585
22,reconstruction_only,84,common_exchange,0.19701330363750458,0.6244974136352539,0.1547727733850479
22,reconstruction_only,84,EEG_gain,0.31208816170692444,0.3125969469547272,0.1557053178548813
22,reconstruction_only,84,Hb_gain,0.19701330363750458,0.4652657210826874,0.13177929818630219
22,reconstruction_only,84,noise,0.1984262317419052,0.31283462047576904,0.13153937458992004
22,reconstruction_only,84,lag_1s,0.19701330363750458,0.25664272904396057,0.20254676043987274
22,reconstruction_only,84,driver_amplitude,0.4303952157497406,0.5680392980575562,0.16780655086040497
22,reconstruction_only,84,driver_shape,0.15866369009017944,0.2758956849575043,0.1145143210887909
22,reconstruction_only,84,physiology_tau,0.19701330363750458,0.2560592591762543,0.13028806447982788
22,reconstruction_only,84,unmodeled_dynamics,0.19701330363750458,0.3602410852909088,0.12907011806964874
22,reconstruction_only,85,control,0.3418330252170563,0.20141752064228058,0.2547342777252197
22,reconstruction_only,85,common_basis,0.3418330252170563,1.1229848861694336,0.26413077116012573
22,reconstruction_only,85,common_correlated,0.3418330252170563,1.0283876657485962,0.2972986698150635
22,reconstruction_only,85,common_colored,0.3418330252170563,2.061824321746826,0.32917100191116333
22,reconstruction_only,85,common_exchange,0.3418330252170563,0.29135361313819885,0.2590237259864807
22,reconstruction_only,85,EEG_gain,0.3754482865333557,0.20141752064228058,0.3338426947593689
22,reconstruction_only,85,Hb_gain,0.3418330252170563,0.20284317433834076,0.25926750898361206
22,reconstruction_only,85,noise,0.3463880121707916,0.2037511169910431,0.26037871837615967
22,reconstruction_only,85,lag_1s,0.3418330252170563,0.15138162672519684,0.28035879135131836
22,reconstruction_only,85,driver_amplitude,0.4963650107383728,0.21507768332958221,0.3858920931816101
22,reconstruction_only,85,driver_shape,0.32734397053718567,0.21079431474208832,0.26044735312461853
22,reconstruction_only,85,physiology_tau,0.3418330252170563,0.25268056988716125,0.2637363076210022
22,reconstruction_only,85,unmodeled_dynamics,0.3418330252170563,0.18740665912628174,0.26392707228660583
22,reconstruction_only,86,control,0.5948879718780518,0.22462283074855804,0.13817405700683594
22,reconstruction_only,86,common_basis,0.5948879718780518,0.968031108379364,0.1485646516084671
22,reconstruction_only,86,common_correlated,0.5948879718780518,3.0694499015808105,0.16877970099449158
22,reconstruction_only,86,common_colored,0.5948879718780518,1.440063238143921,0.21799182891845703
22,reconstruction_only,86,common_exchange,0.5948879718780518,0.6636845469474792,0.16886289417743683
22,reconstruction_only,86,EEG_gain,0.5123017430305481,0.22462283074855804,0.18747855722904205
22,reconstruction_only,86,Hb_gain,0.5948879718780518,0.28589463233947754,0.1502041518688202
22,reconstruction_only,86,noise,0.6001548171043396,0.2212415188550949,0.14907293021678925
22,reconstruction_only,86,lag_1s,0.5948879718780518,0.33195629715919495,0.17948389053344727
22,reconstruction_only,86,driver_amplitude,0.7122877240180969,0.29734092950820923,0.20949111878871918
22,reconstruction_only,86,driver_shape,0.5928829312324524,0.20384635031223297,0.11971619725227356
22,reconstruction_only,86,physiology_tau,0.5948879718780518,0.1372310072183609,0.1850755214691162
22,reconstruction_only,86,unmodeled_dynamics,0.5948879718780518,0.17275014519691467,0.14715352654457092
22,reconstruction_only,87,control,0.5819419622421265,0.1872362345457077,0.22879117727279663
22,reconstruction_only,87,common_basis,0.5819419622421265,0.5499909520149231,0.22877433896064758
22,reconstruction_only,87,common_correlated,0.5819419622421265,1.1991734504699707,0.2572407126426697
22,reconstruction_only,87,common_colored,0.5819419622421265,2.029848098754883,0.27479833364486694
22,reconstruction_only,87,common_exchange,0.5819419622421265,0.5081844925880432,0.2584579885005951
22,reconstruction_only,87,EEG_gain,0.5406606793403625,0.1872362345457077,0.2987475097179413
22,reconstruction_only,87,Hb_gain,0.5819419622421265,0.20436471700668335,0.23669084906578064
22,reconstruction_only,87,noise,0.5838950276374817,0.1829933077096939,0.24017399549484253
22,reconstruction_only,87,lag_1s,0.5819419622421265,0.11758749932050705,0.2565425634384155
22,reconstruction_only,87,driver_amplitude,0.7218004465103149,0.18774525821208954,0.3405473232269287
22,reconstruction_only,87,driver_shape,0.5109156370162964,0.20004571974277496,0.2342408448457718
22,reconstruction_only,87,physiology_tau,0.5819419622421265,0.2538498044013977,0.24835935235023499
22,reconstruction_only,87,unmodeled_dynamics,0.5819419622421265,0.18954215943813324,0.23973533511161804
22,reconstruction_only,88,control,0.664029598236084,0.1990109235048294,0.10183045268058777
22,reconstruction_only,88,common_basis,0.664029598236084,0.5163391828536987,0.10184488445520401
22,reconstruction_only,88,common_correlated,0.664029598236084,1.8539707660675049,0.11787132918834686
22,reconstruction_only,88,common_colored,0.664029598236084,2.975468873977661,0.21031266450881958
22,reconstruction_only,88,common_exchange,0.664029598236084,0.2376987189054489,0.1061285212635994
22,reconstruction_only,88,EEG_gain,0.4572516977787018,0.1990109235048294,0.13570746779441833
22,reconstruction_only,88,Hb_gain,0.664029598236084,0.24183061718940735,0.10954485088586807
22,reconstruction_only,88,noise,0.66133713722229,0.1977449208498001,0.11334804445505142
22,reconstruction_only,88,lag_1s,0.664029598236084,0.2622655928134918,0.16888506710529327
22,reconstruction_only,88,driver_amplitude,0.8306521773338318,0.2697208523750305,0.1478789895772934
22,reconstruction_only,88,driver_shape,0.6313839554786682,0.18459105491638184,0.09786815941333771
22,reconstruction_only,88,physiology_tau,0.664029598236084,0.09296528995037079,0.1358889937400818
22,reconstruction_only,88,unmodeled_dynamics,0.664029598236084,0.18837931752204895,0.13120055198669434
22,reconstruction_only,89,control,0.4197646975517273,0.4889538288116455,0.20596709847450256
22,reconstruction_only,89,common_basis,0.4197646975517273,1.2370855808258057,0.22223585844039917
22,reconstruction_only,89,common_correlated,0.4197646975517273,0.9222881197929382,0.22634416818618774
22,reconstruction_only,89,common_colored,0.4197646975517273,2.4401845932006836,0.24199821054935455
22,reconstruction_only,89,common_exchange,0.4197646975517273,0.6057260036468506,0.21510417759418488
22,reconstruction_only,89,EEG_gain,0.35168594121932983,0.4889538288116455,0.26182055473327637
22,reconstruction_only,89,Hb_gain,0.4197646975517273,0.5905815958976746,0.22315949201583862
22,reconstruction_only,89,noise,0.3983170688152313,0.4892737865447998,0.2155492901802063
22,reconstruction_only,89,lag_1s,0.4197646975517273,0.49971914291381836,0.24086715281009674
22,reconstruction_only,89,driver_amplitude,0.5086439251899719,0.6486019492149353,0.30859479308128357
22,reconstruction_only,89,driver_shape,0.447389155626297,0.4549641013145447,0.21739549934864044
22,reconstruction_only,89,physiology_tau,0.4197646975517273,0.3653032183647156,0.22679466009140015
22,reconstruction_only,89,unmodeled_dynamics,0.4197646975517273,0.42246943712234497,0.20979125797748566
22,reconstruction_only,90,control,0.3886098265647888,0.2347315102815628,0.09728452563285828
22,reconstruction_only,90,common_basis,0.3886098265647888,0.6663363575935364,0.11284910887479782
22,reconstruction_only,90,common_correlated,0.3886098265647888,0.7357407808303833,0.15687768161296844
22,reconstruction_only,90,common_colored,0.3886098265647888,0.9313375353813171,0.24028924107551575
22,reconstruction_only,90,common_exchange,0.3886098265647888,0.29527342319488525,0.12216683477163315
22,reconstruction_only,90,EEG_gain,0.4357837736606598,0.2347315102815628,0.13358141481876373
22,reconstruction_only,90,Hb_gain,0.3886098265647888,0.22870606184005737,0.11119706928730011
22,reconstruction_only,90,noise,0.3835410475730896,0.23418690264225006,0.11042410880327225
22,reconstruction_only,90,lag_1s,0.3886098265647888,0.22769348323345184,0.15349383652210236
22,reconstruction_only,90,driver_amplitude,0.7918469309806824,0.23799727857112885,0.14944009482860565
22,reconstruction_only,90,driver_shape,0.32458874583244324,0.20991437137126923,0.11011285334825516
22,reconstruction_only,90,physiology_tau,0.3886098265647888,0.24795855581760406,0.1293567568063736
22,reconstruction_only,90,unmodeled_dynamics,0.3886098265647888,0.23582050204277039,0.12190540134906769
22,reconstruction_only,91,control,0.4171270728111267,0.1209462434053421,0.19801250100135803
22,reconstruction_only,91,common_basis,0.4171270728111267,0.43311432003974915,0.20063148438930511
22,reconstruction_only,91,common_correlated,0.4171270728111267,2.0938291549682617,0.28222835063934326
22,reconstruction_only,91,common_colored,0.4171270728111267,1.0725317001342773,0.42181307077407837
22,reconstruction_only,91,common_exchange,0.4171270728111267,0.3596011996269226,0.19955244660377502
22,reconstruction_only,91,EEG_gain,0.40354835987091064,0.1209462434053421,0.26980504393577576
22,reconstruction_only,91,Hb_gain,0.4171270728111267,0.15889084339141846,0.21084322035312653
22,reconstruction_only,91,noise,0.4365729093551636,0.1176731139421463,0.19831052422523499
22,reconstruction_only,91,lag_1s,0.4171270728111267,0.18920841813087463,0.21980151534080505
22,reconstruction_only,91,driver_amplitude,0.5841610431671143,0.16599075496196747,0.31118062138557434
22,reconstruction_only,91,driver_shape,0.43142011761665344,0.15129663050174713,0.2015557885169983
22,reconstruction_only,91,physiology_tau,0.4171270728111267,0.26336348056793213,0.24352948367595673
22,reconstruction_only,91,unmodeled_dynamics,0.4171270728111267,0.1894720047712326,0.2307610809803009
22,reconstruction_only,92,control,0.4923114776611328,0.2766741216182709,0.10569658875465393
22,reconstruction_only,92,common_basis,0.4923114776611328,0.7485659122467041,0.119875468313694
22,reconstruction_only,92,common_correlated,0.4923114776611328,2.1436281204223633,0.13274706900119781
22,reconstruction_only,92,common_colored,0.4923114776611328,2.5051331520080566,0.15158896148204803
22,reconstruction_only,92,common_exchange,0.4923114776611328,0.4293398857116699,0.11638610810041428
22,reconstruction_only,92,EEG_gain,0.36317604780197144,0.2766741216182709,0.13954798877239227
22,reconstruction_only,92,Hb_gain,0.4923114776611328,0.37282878160476685,0.15250401198863983
22,reconstruction_only,92,noise,0.5152902007102966,0.27789631485939026,0.11711518466472626
22,reconstruction_only,92,lag_1s,0.4923114776611328,0.21277883648872375,0.1523454785346985
22,reconstruction_only,92,driver_amplitude,0.6348532438278198,0.44590967893600464,0.18090179562568665
22,reconstruction_only,92,driver_shape,0.46857118606567383,0.2908377945423126,0.11506589502096176
22,reconstruction_only,92,physiology_tau,0.4923114776611328,0.3143574893474579,0.14377005398273468
22,reconstruction_only,92,unmodeled_dynamics,0.4923114776611328,0.2873384654521942,0.13486064970493317
22,reconstruction_only,93,control,0.29507216811180115,0.3469353914260864,0.19608180224895477
22,reconstruction_only,93,common_basis,0.29507216811180115,1.202244520187378,0.20678295195102692
22,reconstruction_only,93,common_correlated,0.29507216811180115,1.760725975036621,0.22425492107868195
22,reconstruction_only,93,common_colored,0.29507216811180115,2.088416576385498,0.29442834854125977
22,reconstruction_only,93,common_exchange,0.29507216811180115,0.5520939826965332,0.21113267540931702
22,reconstruction_only,93,EEG_gain,0.4320041835308075,0.3469353914260864,0.25942128896713257
22,reconstruction_only,93,Hb_gain,0.29507216811180115,0.3949108421802521,0.21205748617649078
22,reconstruction_only,93,noise,0.30885276198387146,0.35009679198265076,0.2095949500799179
22,reconstruction_only,93,lag_1s,0.29507216811180115,0.38859960436820984,0.25447291135787964
22,reconstruction_only,93,driver_amplitude,0.40118393301963806,0.4262622892856598,0.2996898293495178
22,reconstruction_only,93,driver_shape,0.2839393615722656,0.33427944779396057,0.20044539868831635
22,reconstruction_only,93,physiology_tau,0.29507216811180115,0.18887212872505188,0.2236809879541397
22,reconstruction_only,93,unmodeled_dynamics,0.29507216811180115,0.3446745276451111,0.21162016689777374
22,reconstruction_only,94,control,0.23365198075771332,0.31391096115112305,0.1128678172826767
22,reconstruction_only,94,common_basis,0.23365198075771332,1.0187511444091797,0.13076244294643402
22,reconstruction_only,94,common_correlated,0.23365198075771332,1.3843753337860107,0.12371120601892471
22,reconstruction_only,94,common_colored,0.23365198075771332,1.500231146812439,0.22756046056747437
22,reconstruction_only,94,common_exchange,0.23365198075771332,0.33379659056663513,0.12384539097547531
22,reconstruction_only,94,EEG_gain,0.20259501039981842,0.31391096115112305,0.1423952728509903
22,reconstruction_only,94,Hb_gain,0.23365198075771332,0.4692842364311218,0.12690213322639465
22,reconstruction_only,94,noise,0.23645558953285217,0.311615526676178,0.12519647181034088
22,reconstruction_only,94,lag_1s,0.23365198075771332,0.4182421863079071,0.12283316254615784
22,reconstruction_only,94,driver_amplitude,0.4912171959877014,0.5933188199996948,0.16504691541194916
22,reconstruction_only,94,driver_shape,0.21255603432655334,0.3305618166923523,0.1112985759973526
22,reconstruction_only,94,physiology_tau,0.23365198075771332,0.3492230474948883,0.137550950050354
22,reconstruction_only,94,unmodeled_dynamics,0.23365198075771332,0.31024307012557983,0.1200573742389679
22,reconstruction_only,95,control,0.5801835656166077,0.29685115814208984,0.31757813692092896
22,reconstruction_only,95,common_basis,0.5801835656166077,0.2537745237350464,0.3188753128051758
22,reconstruction_only,95,common_correlated,0.5801835656166077,2.1077961921691895,0.365528404712677
22,reconstruction_only,95,common_colored,0.5801835656166077,2.342485189437866,0.39519941806793213
22,reconstruction_only,95,common_exchange,0.5801835656166077,0.5116704106330872,0.3164330720901489
22,reconstruction_only,95,EEG_gain,0.5589774250984192,0.29685115814208984,0.41281720995903015
22,reconstruction_only,95,Hb_gain,0.5801835656166077,0.3218177855014801,0.3207148313522339
22,reconstruction_only,95,noise,0.5962010025978088,0.2930339574813843,0.32277238368988037
22,reconstruction_only,95,lag_1s,0.5801835656166077,0.28608381748199463,0.324402391910553
22,reconstruction_only,95,driver_amplitude,0.7400771975517273,0.31713584065437317,0.476231187582016
22,reconstruction_only,95,driver_shape,0.5463894009590149,0.2882220447063446,0.3220645785331726
22,reconstruction_only,95,physiology_tau,0.5801835656166077,0.28328296542167664,0.31963050365448
22,reconstruction_only,95,unmodeled_dynamics,0.5801835656166077,0.2782841920852661,0.3191792666912079
22,reconstruction_only,96,control,0.24961790442466736,0.27347609400749207,0.10209248960018158
22,reconstruction_only,96,common_basis,0.24961790442466736,0.4183378219604492,0.10599387437105179
22,reconstruction_only,96,common_correlated,0.24961790442466736,4.042110443115234,0.12909725308418274
22,reconstruction_only,96,common_colored,0.24961790442466736,1.5332177877426147,0.3315097987651825
22,reconstruction_only,96,common_exchange,0.24961790442466736,0.43298542499542236,0.10889866203069687
22,reconstruction_only,96,EEG_gain,0.18843869864940643,0.27347609400749207,0.13525454699993134
22,reconstruction_only,96,Hb_gain,0.24961790442466736,0.3789241313934326,0.13894619047641754
22,reconstruction_only,96,noise,0.27425724267959595,0.2669399082660675,0.11755422502756119
22,reconstruction_only,96,lag_1s,0.24961790442466736,0.32603344321250916,0.14704634249210358
22,reconstruction_only,96,driver_amplitude,0.2816740572452545,0.44818177819252014,0.1720210462808609
22,reconstruction_only,96,driver_shape,0.25527581572532654,0.2544316351413727,0.10168606787919998
22,reconstruction_only,96,physiology_tau,0.24961790442466736,0.14455965161323547,0.14781178534030914
22,reconstruction_only,96,unmodeled_dynamics,0.24961790442466736,0.24877966940402985,0.1163395345211029
22,reconstruction_only,97,control,0.471815824508667,0.2342916876077652,0.22644534707069397
22,reconstruction_only,97,common_basis,0.471815824508667,0.4327247440814972,0.22839459776878357
22,reconstruction_only,97,common_correlated,0.471815824508667,0.8831106424331665,0.29327788949012756
22,reconstruction_only,97,common_colored,0.471815824508667,2.435025215148926,0.377397745847702
22,reconstruction_only,97,common_exchange,0.471815824508667,0.39882004261016846,0.2335144728422165
22,reconstruction_only,97,EEG_gain,0.37002626061439514,0.2342916876077652,0.29147064685821533
22,reconstruction_only,97,Hb_gain,0.471815824508667,0.24463243782520294,0.22813542187213898
22,reconstruction_only,97,noise,0.4819086790084839,0.23216277360916138,0.2335250973701477
22,reconstruction_only,97,lag_1s,0.471815824508667,0.23540571331977844,0.24311110377311707
22,reconstruction_only,97,driver_amplitude,0.5391302704811096,0.2572672367095947,0.33507049083709717
22,reconstruction_only,97,driver_shape,0.47327935695648193,0.2284040004014969,0.22645172476768494
22,reconstruction_only,97,physiology_tau,0.471815824508667,0.17801451683044434,0.232542484998703
22,reconstruction_only,97,unmodeled_dynamics,0.471815824508667,0.19310657680034637,0.23236581683158875
22,reconstruction_only,98,control,0.2252381294965744,0.5371444821357727,0.14507994055747986
22,reconstruction_only,98,common_basis,0.2252381294965744,1.2202696800231934,0.16935400664806366
22,reconstruction_only,98,common_correlated,0.2252381294965744,1.8756378889083862,0.17742250859737396
22,reconstruction_only,98,common_colored,0.2252381294965744,3.6365954875946045,0.27079787850379944
22,reconstruction_only,98,common_exchange,0.2252381294965744,0.4433872103691101,0.15013387799263
22,reconstruction_only,98,EEG_gain,0.37084299325942993,0.5371444821357727,0.18792030215263367
22,reconstruction_only,98,Hb_gain,0.2252381294965744,0.7488147020339966,0.1645534187555313
22,reconstruction_only,98,noise,0.24429045617580414,0.5392767786979675,0.1566442847251892
22,reconstruction_only,98,lag_1s,0.2252381294965744,0.5103003978729248,0.1613525003194809
22,reconstruction_only,98,driver_amplitude,0.3397150933742523,0.8587576746940613,0.22599858045578003
22,reconstruction_only,98,driver_shape,0.2474452406167984,0.542989194393158,0.14275676012039185
22,reconstruction_only,98,physiology_tau,0.2252381294965744,0.47737714648246765,0.15982307493686676
22,reconstruction_only,98,unmodeled_dynamics,0.2252381294965744,0.5696894526481628,0.14487618207931519
22,reconstruction_only,99,control,0.3590185344219208,0.2547776401042938,0.1467849165201187
22,reconstruction_only,99,common_basis,0.3590185344219208,0.7859342694282532,0.14953666925430298
22,reconstruction_only,99,common_correlated,0.3590185344219208,2.2488133907318115,0.1820179671049118
22,reconstruction_only,99,common_colored,0.3590185344219208,3.9123306274414062,0.3121057450771332
22,reconstruction_only,99,common_exchange,0.3590185344219208,0.5169054269790649,0.17125870287418365
22,reconstruction_only,99,EEG_gain,0.39345601201057434,0.2547776401042938,0.19174586236476898
22,reconstruction_only,99,Hb_gain,0.3590185344219208,0.39218035340309143,0.17518578469753265
22,reconstruction_only,99,noise,0.3682505488395691,0.2516963481903076,0.15484890341758728
22,reconstruction_only,99,lag_1s,0.3590185344219208,0.32451945543289185,0.14459063112735748
22,reconstruction_only,99,driver_amplitude,0.43678924441337585,0.47983527183532715,0.22881831228733063
22,reconstruction_only,99,driver_shape,0.40724557638168335,0.2768368422985077,0.1484021097421646
22,reconstruction_only,99,physiology_tau,0.3590185344219208,0.31873035430908203,0.16597074270248413
22,reconstruction_only,99,unmodeled_dynamics,0.3590185344219208,0.2156122475862503,0.1597183793783188
22,reconstruction_only,100,control,0.1281164586544037,0.23985818028450012,0.11468355357646942
22,reconstruction_only,100,common_basis,0.1281164586544037,1.0007973909378052,0.12750256061553955
22,reconstruction_only,100,common_correlated,0.1281164586544037,1.7254067659378052,0.1667666882276535
22,reconstruction_only,100,common_colored,0.1281164586544037,1.7410660982131958,0.29235586524009705
22,reconstruction_only,100,common_exchange,0.1281164586544037,0.22646895051002502,0.1391282081604004
22,reconstruction_only,100,EEG_gain,0.21965298056602478,0.23985818028450012,0.15203620493412018
22,reconstruction_only,100,Hb_gain,0.1281164586544037,0.3470713496208191,0.1413799524307251
22,reconstruction_only,100,noise,0.14942608773708344,0.23251201212406158,0.1245480626821518
22,reconstruction_only,100,lag_1s,0.1281164586544037,0.1645367592573166,0.1430135816335678
22,reconstruction_only,100,driver_amplitude,0.3892195224761963,0.3990515172481537,0.19046323001384735
22,reconstruction_only,100,driver_shape,0.1933864951133728,0.2229495495557785,0.11075086146593094
22,reconstruction_only,100,physiology_tau,0.1281164586544037,0.21032878756523132,0.16832996904850006
22,reconstruction_only,100,unmodeled_dynamics,0.1281164586544037,0.2555212378501892,0.1526680737733841
22,reconstruction_only,101,control,0.44126206636428833,0.2504742443561554,0.2090267539024353
22,reconstruction_only,101,common_basis,0.44126206636428833,0.6704172492027283,0.21016736328601837
22,reconstruction_only,101,common_correlated,0.44126206636428833,1.7511613368988037,0.22355608642101288
22,reconstruction_only,101,common_colored,0.44126206636428833,2.796701431274414,0.26555135846138
22,reconstruction_only,101,common_exchange,0.44126206636428833,0.34472936391830444,0.21684271097183228
22,reconstruction_only,101,EEG_gain,0.3651433289051056,0.2504742443561554,0.2728114724159241
22,reconstruction_only,101,Hb_gain,0.44126206636428833,0.2875763475894928,0.21642959117889404
22,reconstruction_only,101,noise,0.4478380084037781,0.2517800033092499,0.21984167397022247
22,reconstruction_only,101,lag_1s,0.44126206636428833,0.24500645697116852,0.22429290413856506
22,reconstruction_only,101,driver_amplitude,0.5212321877479553,0.31959739327430725,0.3139824867248535
22,reconstruction_only,101,driver_shape,0.3849285840988159,0.25147563219070435,0.2015243023633957
22,reconstruction_only,101,physiology_tau,0.44126206636428833,0.2261916697025299,0.21862956881523132
22,reconstruction_only,101,unmodeled_dynamics,0.44126206636428833,0.2646898627281189,0.2154291868209839
22,reconstruction_only,102,control,0.13903909921646118,0.20516198873519897,0.09032751619815826
22,reconstruction_only,102,common_basis,0.13903909921646118,1.459100365638733,0.11742056906223297
22,reconstruction_only,102,common_correlated,0.13903909921646118,1.5902326107025146,0.17368149757385254
22,reconstruction_only,102,common_colored,0.13903909921646118,3.933079481124878,0.302627295255661
22,reconstruction_only,102,common_exchange,0.13903909921646118,0.23662127554416656,0.09863301366567612
22,reconstruction_only,102,EEG_gain,0.22732743620872498,0.20516198873519897,0.12392648309469223
22,reconstruction_only,102,Hb_gain,0.13903909921646118,0.26462146639823914,0.11624635010957718
22,reconstruction_only,102,noise,0.15345360338687897,0.20842404663562775,0.10846196860074997
22,reconstruction_only,102,lag_1s,0.13903909921646118,0.19829143583774567,0.16645720601081848
22,reconstruction_only,102,driver_amplitude,0.3362025022506714,0.32593461871147156,0.13973382115364075
22,reconstruction_only,102,driver_shape,0.18730361759662628,0.19719448685646057,0.08404795825481415
22,reconstruction_only,102,physiology_tau,0.13903909921646118,0.21318647265434265,0.13298730552196503
22,reconstruction_only,102,unmodeled_dynamics,0.13903909921646118,0.21538373827934265,0.1305050253868103
22,reconstruction_only,103,control,0.35273274779319763,0.5438883900642395,0.1898442804813385
22,reconstruction_only,103,common_basis,0.35273274779319763,0.4844397008419037,0.19049817323684692
22,reconstruction_only,103,common_correlated,0.35273274779319763,1.9084820747375488,0.2248581200838089
22,reconstruction_only,103,common_colored,0.35273274779319763,2.6954827308654785,0.20467247068881989
22,reconstruction_only,103,common_exchange,0.35273274779319763,0.7618702054023743,0.19363363087177277
22,reconstruction_only,103,EEG_gain,0.32651957869529724,0.5438883900642395,0.24329273402690887
22,reconstruction_only,103,Hb_gain,0.35273274779319763,0.7410574555397034,0.2228715866804123
22,reconstruction_only,103,noise,0.35086870193481445,0.5504624843597412,0.1952318549156189
22,reconstruction_only,103,lag_1s,0.35273274779319763,0.5039149522781372,0.1995466649532318
22,reconstruction_only,103,driver_amplitude,0.6688715219497681,0.8210535049438477,0.28439944982528687
22,reconstruction_only,103,driver_shape,0.3091734051704407,0.5650418400764465,0.19183184206485748
22,reconstruction_only,103,physiology_tau,0.35273274779319763,0.48426294326782227,0.22902069985866547
22,reconstruction_only,103,unmodeled_dynamics,0.35273274779319763,0.49238255620002747,0.2054329663515091
22,reconstruction_only,104,control,0.4257518947124481,0.3294174075126648,0.1404169201850891
22,reconstruction_only,104,common_basis,0.4257518947124481,0.8255027532577515,0.14826242625713348
22,reconstruction_only,104,common_correlated,0.4257518947124481,1.5692495107650757,0.23250794410705566
22,reconstruction_only,104,common_colored,0.4257518947124481,2.036919116973877,0.32476291060447693
22,reconstruction_only,104,common_exchange,0.4257518947124481,0.4185168743133545,0.13989852368831635
22,reconstruction_only,104,EEG_gain,0.3503071963787079,0.3294174075126648,0.2042967826128006
22,reconstruction_only,104,Hb_gain,0.4257518947124481,0.48022782802581787,0.162855863571167
22,reconstruction_only,104,noise,0.4367978572845459,0.33014997839927673,0.14781728386878967
22,reconstruction_only,104,lag_1s,0.4257518947124481,0.2369123101234436,0.25651493668556213
22,reconstruction_only,104,driver_amplitude,0.5571064949035645,0.5478648543357849,0.22825564444065094
22,reconstruction_only,104,driver_shape,0.3914458751678467,0.3071534037590027,0.15163521468639374
22,reconstruction_only,104,physiology_tau,0.4257518947124481,0.2544962465763092,0.2332725077867508
22,reconstruction_only,104,unmodeled_dynamics,0.4257518947124481,0.33715397119522095,0.19169051945209503
22,reconstruction_only,105,control,0.19324184954166412,0.3415323495864868,0.13504523038864136
22,reconstruction_only,105,common_basis,0.19324184954166412,1.0156258344650269,0.14818286895751953
22,reconstruction_only,105,common_correlated,0.19324184954166412,3.01203989982605,0.2078808844089508
22,reconstruction_only,105,common_colored,0.19324184954166412,3.898923635482788,0.25647249817848206
22,reconstruction_only,105,common_exchange,0.19324184954166412,0.5454921722412109,0.16217702627182007
22,reconstruction_only,105,EEG_gain,0.28897541761398315,0.3415323495864868,0.18685953319072723
22,reconstruction_only,105,Hb_gain,0.19324184954166412,0.4741400480270386,0.1498757004737854
22,reconstruction_only,105,noise,0.18278902769088745,0.3489534258842468,0.14908647537231445
22,reconstruction_only,105,lag_1s,0.19324184954166412,0.183407723903656,0.21968573331832886
22,reconstruction_only,105,driver_amplitude,0.3194013833999634,0.5678079724311829,0.19846753776073456
22,reconstruction_only,105,driver_shape,0.2375257909297943,0.322058767080307,0.14408886432647705
22,reconstruction_only,105,physiology_tau,0.19324184954166412,0.27238956093788147,0.19872845709323883
22,reconstruction_only,105,unmodeled_dynamics,0.19324184954166412,0.38058188557624817,0.17660461366176605
22,reconstruction_only,106,control,0.6163337230682373,0.6751583814620972,0.0967073142528534
22,reconstruction_only,106,common_basis,0.6163337230682373,0.9800561666488647,0.12028899788856506
22,reconstruction_only,106,common_correlated,0.6163337230682373,2.36053204536438,0.10953723639249802
22,reconstruction_only,106,common_colored,0.6163337230682373,1.5419883728027344,0.3372951149940491
22,reconstruction_only,106,common_exchange,0.6163337230682373,0.47843191027641296,0.1229860708117485
22,reconstruction_only,106,EEG_gain,0.6439121961593628,0.6751583814620972,0.12895458936691284
22,reconstruction_only,106,Hb_gain,0.6163337230682373,0.9423766732215881,0.11588772386312485
22,reconstruction_only,106,noise,0.6213150024414062,0.6749173998832703,0.11173265427350998
22,reconstruction_only,106,lag_1s,0.6163337230682373,0.6426662802696228,0.16501158475875854
22,reconstruction_only,106,driver_amplitude,0.8041762113571167,1.0638772249221802,0.13964161276817322
22,reconstruction_only,106,driver_shape,0.5857080817222595,0.6224502325057983,0.10904157906770706
22,reconstruction_only,106,physiology_tau,0.6163337230682373,0.46764805912971497,0.1316635012626648
22,reconstruction_only,106,unmodeled_dynamics,0.6163337230682373,0.7179540991783142,0.1083899587392807
22,reconstruction_only,107,control,0.46365848183631897,0.24072284996509552,0.23041373491287231
22,reconstruction_only,107,common_basis,0.46365848183631897,0.8596640229225159,0.2365022748708725
22,reconstruction_only,107,common_correlated,0.46365848183631897,1.3339554071426392,0.2674323320388794
22,reconstruction_only,107,common_colored,0.46365848183631897,2.0530431270599365,0.3125706613063812
22,reconstruction_only,107,common_exchange,0.46365848183631897,0.28084927797317505,0.23374469578266144
22,reconstruction_only,107,EEG_gain,0.6204907894134521,0.24072284996509552,0.3052774965763092
22,reconstruction_only,107,Hb_gain,0.46365848183631897,0.2652049958705902,0.23886041343212128
22,reconstruction_only,107,noise,0.5028720498085022,0.24170589447021484,0.2380436360836029
22,reconstruction_only,107,lag_1s,0.46365848183631897,0.22247491776943207,0.24514847993850708
22,reconstruction_only,107,driver_amplitude,0.8811785578727722,0.2750723659992218,0.35471275448799133
22,reconstruction_only,107,driver_shape,0.4163084924221039,0.23483391106128693,0.22521165013313293
22,reconstruction_only,107,physiology_tau,0.46365848183631897,0.24757817387580872,0.24113358557224274
22,reconstruction_only,107,unmodeled_dynamics,0.46365848183631897,0.23207895457744598,0.2399032711982727
22,reconstruction_only,108,control,0.22058841586112976,0.39167553186416626,0.12435755133628845
22,reconstruction_only,108,common_basis,0.22058841586112976,0.8031156659126282,0.14673322439193726
22,reconstruction_only,108,common_correlated,0.22058841586112976,1.869199514389038,0.24006006121635437
22,reconstruction_only,108,common_colored,0.22058841586112976,0.2649073004722595,0.17203915119171143
22,reconstruction_only,108,common_exchange,0.22058841586112976,0.5449318885803223,0.12505844235420227
22,reconstruction_only,108,EEG_gain,0.23661404848098755,0.39167553186416626,0.16931606829166412
22,reconstruction_only,108,Hb_gain,0.22058841586112976,0.5565066337585449,0.17147602140903473
22,reconstruction_only,108,noise,0.21598948538303375,0.39709389209747314,0.13819193840026855
22,reconstruction_only,108,lag_1s,0.22058841586112976,0.4445447325706482,0.19131143391132355
22,reconstruction_only,108,driver_amplitude,0.4822781980037689,0.6692498326301575,0.20275750756263733
22,reconstruction_only,108,driver_shape,0.20084993541240692,0.4107414484024048,0.12617875635623932
22,reconstruction_only,108,physiology_tau,0.22058841586112976,0.3466450273990631,0.22289440035820007
22,reconstruction_only,108,unmodeled_dynamics,0.22058841586112976,0.3368011713027954,0.19478346407413483
22,reconstruction_only,109,control,0.3283441364765167,0.25404679775238037,0.28289541602134705
22,reconstruction_only,109,common_basis,0.3283441364765167,1.745500922203064,0.2877637445926666
22,reconstruction_only,109,common_correlated,0.3283441364765167,1.9015140533447266,0.29622581601142883
22,reconstruction_only,109,common_colored,0.3283441364765167,2.4140377044677734,0.34915849566459656
22,reconstruction_only,109,common_exchange,0.3283441364765167,0.4429420828819275,0.28920453786849976
22,reconstruction_only,109,EEG_gain,0.33320581912994385,0.25404679775238037,0.366687148809433
22,reconstruction_only,109,Hb_gain,0.3283441364765167,0.34911787509918213,0.28276342153549194
22,reconstruction_only,109,noise,0.3346353769302368,0.2552746534347534,0.28718921542167664
22,reconstruction_only,109,lag_1s,0.3283441364765167,0.22216445207595825,0.2873503863811493
22,reconstruction_only,109,driver_amplitude,0.5787321329116821,0.41791367530822754,0.4161438047885895
22,reconstruction_only,109,driver_shape,0.2982335388660431,0.2559363842010498,0.2764836251735687
22,reconstruction_only,109,physiology_tau,0.3283441364765167,0.27704235911369324,0.29313477873802185
22,reconstruction_only,109,unmodeled_dynamics,0.3283441364765167,0.2760431468486786,0.28783100843429565
22,reconstruction_only,110,control,0.5561493635177612,0.40449967980384827,0.14372116327285767
22,reconstruction_only,110,common_basis,0.5561493635177612,0.6264519095420837,0.15593121945858002
22,reconstruction_only,110,common_correlated,0.5561493635177612,0.5581749081611633,0.1560955047607422
22,reconstruction_only,110,common_colored,0.5561493635177612,1.5545926094055176,0.18106195330619812
22,reconstruction_only,110,common_exchange,0.5561493635177612,0.7609463334083557,0.15564388036727905
22,reconstruction_only,110,EEG_gain,0.2798989415168762,0.40449967980384827,0.1933751404285431
22,reconstruction_only,110,Hb_gain,0.5561493635177612,0.4687310755252838,0.15333424508571625
22,reconstruction_only,110,noise,0.5902824997901917,0.4023798108100891,0.1566055715084076
22,reconstruction_only,110,lag_1s,0.5561493635177612,0.3339559733867645,0.18624794483184814
22,reconstruction_only,110,driver_amplitude,0.682214617729187,0.5007933974266052,0.2159559726715088
22,reconstruction_only,110,driver_shape,0.5054662227630615,0.3629465699195862,0.16103462874889374
22,reconstruction_only,110,physiology_tau,0.5561493635177612,0.3303671181201935,0.18588444590568542
22,reconstruction_only,110,unmodeled_dynamics,0.5561493635177612,0.42261168360710144,0.17868028581142426
22,reconstruction_only,111,control,0.5461997389793396,0.2551449239253998,0.24060796201229095
22,reconstruction_only,111,common_basis,0.5461997389793396,0.5196136236190796,0.23983706533908844
22,reconstruction_only,111,common_correlated,0.5461997389793396,1.677311897277832,0.26545020937919617
22,reconstruction_only,111,common_colored,0.5461997389793396,1.5853149890899658,0.2891797423362732
22,reconstruction_only,111,common_exchange,0.5461997389793396,0.7751634120941162,0.2530236840248108
22,reconstruction_only,111,EEG_gain,0.4721558392047882,0.2551449239253998,0.30675673484802246
22,reconstruction_only,111,Hb_gain,0.5461997389793396,0.2632766366004944,0.24805662035942078
22,reconstruction_only,111,noise,0.5445072650909424,0.2580762207508087,0.2519282102584839
22,reconstruction_only,111,lag_1s,0.5461997389793396,0.24896763265132904,0.25202932953834534
22,reconstruction_only,111,driver_amplitude,0.6481737494468689,0.26865988969802856,0.353992760181427
22,reconstruction_only,111,driver_shape,0.4619065821170807,0.22873035073280334,0.25554314255714417
22,reconstruction_only,111,physiology_tau,0.5461997389793396,0.23550944030284882,0.23760804533958435
22,reconstruction_only,111,unmodeled_dynamics,0.5461997389793396,0.27685627341270447,0.24318671226501465
22,reconstruction_only,112,control,0.34090495109558105,0.35488349199295044,0.13427011668682098
22,reconstruction_only,112,common_basis,0.34090495109558105,1.2038145065307617,0.162699893116951
22,reconstruction_only,112,common_correlated,0.34090495109558105,1.6784714460372925,0.1647954285144806
22,reconstruction_only,112,common_colored,0.34090495109558105,3.751415967941284,0.22218440473079681
22,reconstruction_only,112,common_exchange,0.34090495109558105,0.4114816188812256,0.14310690760612488
22,reconstruction_only,112,EEG_gain,0.72474604845047,0.35488349199295044,0.17015773057937622
22,reconstruction_only,112,Hb_gain,0.34090495109558105,0.39147451519966125,0.15877865254878998
22,reconstruction_only,112,noise,0.3605009913444519,0.3549918532371521,0.14639313519001007
22,reconstruction_only,112,lag_1s,0.34090495109558105,0.3490222990512848,0.15811631083488464
22,reconstruction_only,112,driver_amplitude,0.6353452801704407,0.41511863470077515,0.21177013218402863
22,reconstruction_only,112,driver_shape,0.3270436227321625,0.3322142958641052,0.1307850182056427
22,reconstruction_only,112,physiology_tau,0.34090495109558105,0.21775993704795837,0.15097934007644653
22,reconstruction_only,112,unmodeled_dynamics,0.34090495109558105,0.3093394637107849,0.15203629434108734
22,reconstruction_only,113,control,0.23241351544857025,0.34426891803741455,0.2395518571138382
22,reconstruction_only,113,common_basis,0.23241351544857025,0.839216411113739,0.24503301084041595
22,reconstruction_only,113,common_correlated,0.23241351544857025,1.9903069734573364,0.24926607310771942
22,reconstruction_only,113,common_colored,0.23241351544857025,3.1467700004577637,0.34396183490753174
22,reconstruction_only,113,common_exchange,0.23241351544857025,0.5103240013122559,0.24733436107635498
22,reconstruction_only,113,EEG_gain,0.29695940017700195,0.34426891803741455,0.3164607286453247
22,reconstruction_only,113,Hb_gain,0.23241351544857025,0.381854385137558,0.2494490146636963
22,reconstruction_only,113,noise,0.2402002364397049,0.3472285568714142,0.24682611227035522
22,reconstruction_only,113,lag_1s,0.23241351544857025,0.36947157979011536,0.25848233699798584
22,reconstruction_only,113,driver_amplitude,0.21804118156433105,0.4097306430339813,0.3691611588001251
22,reconstruction_only,113,driver_shape,0.20634549856185913,0.32076603174209595,0.2477128654718399
22,reconstruction_only,113,physiology_tau,0.23241351544857025,0.16406232118606567,0.2525598108768463
22,reconstruction_only,113,unmodeled_dynamics,0.23241351544857025,0.33179426193237305,0.24970704317092896
22,reconstruction_only,114,control,0.24263828992843628,0.4081543982028961,0.11621903628110886
22,reconstruction_only,114,common_basis,0.24263828992843628,0.8846419453620911,0.12991364300251007
22,reconstruction_only,114,common_correlated,0.24263828992843628,1.7029614448547363,0.17191888391971588
22,reconstruction_only,114,common_colored,0.24263828992843628,3.274318218231201,0.21513701975345612
22,reconstruction_only,114,common_exchange,0.24263828992843628,0.49632230401039124,0.13501647114753723
22,reconstruction_only,114,EEG_gain,0.23965883255004883,0.4081543982028961,0.1594943404197693
22,reconstruction_only,114,Hb_gain,0.24263828992843628,0.5596274137496948,0.13469214737415314
22,reconstruction_only,114,noise,0.23475109040737152,0.4077821671962738,0.12668614089488983
22,reconstruction_only,114,lag_1s,0.24263828992843628,0.3746638596057892,0.22034044563770294
22,reconstruction_only,114,driver_amplitude,0.2728201448917389,0.6489959955215454,0.1775352954864502
22,reconstruction_only,114,driver_shape,0.23526249825954437,0.38802415132522583,0.12217210978269577
22,reconstruction_only,114,physiology_tau,0.24263828992843628,0.3452804982662201,0.18068277835845947
22,reconstruction_only,114,unmodeled_dynamics,0.24263828992843628,0.37735599279403687,0.17230170965194702
22,reconstruction_only,115,control,0.29960083961486816,0.20342522859573364,0.15963512659072876
22,reconstruction_only,115,common_basis,0.29960083961486816,0.3759132921695709,0.1675156056880951
22,reconstruction_only,115,common_correlated,0.29960083961486816,0.8156735897064209,0.24368777871131897
22,reconstruction_only,115,common_colored,0.29960083961486816,1.0279303789138794,0.29983311891555786
22,reconstruction_only,115,common_exchange,0.29960083961486816,0.44312551617622375,0.1772843897342682
22,reconstruction_only,115,EEG_gain,0.26263344287872314,0.20342522859573364,0.2139786332845688
22,reconstruction_only,115,Hb_gain,0.29960083961486816,0.21430157124996185,0.19187012314796448
22,reconstruction_only,115,noise,0.30546340346336365,0.20511136949062347,0.16391929984092712
22,reconstruction_only,115,lag_1s,0.29960083961486816,0.1602025032043457,0.21232035756111145
22,reconstruction_only,115,driver_amplitude,0.3237640857696533,0.22224219143390656,0.24046918749809265
22,reconstruction_only,115,driver_shape,0.30094486474990845,0.23065616190433502,0.1710434854030609
22,reconstruction_only,115,physiology_tau,0.29960083961486816,0.27620941400527954,0.2427048683166504
22,reconstruction_only,115,unmodeled_dynamics,0.29960083961486816,0.2825719714164734,0.21522080898284912
22,reconstruction_only,116,control,0.25002360343933105,0.5373616814613342,0.11597415059804916
22,reconstruction_only,116,common_basis,0.25002360343933105,1.4789668321609497,0.1315004825592041
22,reconstruction_only,116,common_correlated,0.25002360343933105,1.8710917234420776,0.13585171103477478
22,reconstruction_only,116,common_colored,0.25002360343933105,1.5182240009307861,0.2015814632177353
22,reconstruction_only,116,common_exchange,0.25002360343933105,0.745894193649292,0.13241873681545258
22,reconstruction_only,116,EEG_gain,0.2763885259628296,0.5373616814613342,0.1386391520500183
22,reconstruction_only,116,Hb_gain,0.25002360343933105,0.7439113259315491,0.15182626247406006
22,reconstruction_only,116,noise,0.26303693652153015,0.5378692746162415,0.12999227643013
22,reconstruction_only,116,lag_1s,0.25002360343933105,0.5706877708435059,0.16287770867347717
22,reconstruction_only,116,driver_amplitude,0.5518808364868164,0.893767237663269,0.18839126825332642
22,reconstruction_only,116,driver_shape,0.2506655156612396,0.5273779630661011,0.11752146482467651
22,reconstruction_only,116,physiology_tau,0.25002360343933105,0.44233259558677673,0.1529032588005066
22,reconstruction_only,116,unmodeled_dynamics,0.25002360343933105,0.5195004343986511,0.13416153192520142
22,reconstruction_only,117,control,0.2526131272315979,0.22763894498348236,0.18659071624279022
22,reconstruction_only,117,common_basis,0.2526131272315979,0.3259885609149933,0.19391238689422607
22,reconstruction_only,117,common_correlated,0.2526131272315979,0.3356328308582306,0.1903340369462967
22,reconstruction_only,117,common_colored,0.2526131272315979,1.7181060314178467,0.24076630175113678
22,reconstruction_only,117,common_exchange,0.2526131272315979,0.8723189234733582,0.3588532507419586
22,reconstruction_only,117,EEG_gain,0.26709890365600586,0.22763894498348236,0.24125738441944122
22,reconstruction_only,117,Hb_gain,0.2526131272315979,0.2861925959587097,0.19314929842948914
22,reconstruction_only,117,noise,0.261022686958313,0.2282872051000595,0.194194033741951
22,reconstruction_only,117,lag_1s,0.2526131272315979,0.22550350427627563,0.191991925239563
22,reconstruction_only,117,driver_amplitude,0.5915984511375427,0.33590269088745117,0.281255304813385
22,reconstruction_only,117,driver_shape,0.2636277973651886,0.2277667224407196,0.20246842503547668
22,reconstruction_only,117,physiology_tau,0.2526131272315979,0.29101619124412537,0.1958194077014923
22,reconstruction_only,117,unmodeled_dynamics,0.2526131272315979,0.23206272721290588,0.19305133819580078
22,reconstruction_only,118,control,0.6220786571502686,0.669287383556366,0.11607130616903305
22,reconstruction_only,118,common_basis,0.6220786571502686,1.5036486387252808,0.12971672415733337
22,reconstruction_only,118,common_correlated,0.6220786571502686,1.6372448205947876,0.14033283293247223
22,reconstruction_only,118,common_colored,0.6220786571502686,2.948052406311035,0.20409198105335236
22,reconstruction_only,118,common_exchange,0.6220786571502686,0.6302212476730347,0.11704254150390625
22,reconstruction_only,118,EEG_gain,0.7135676145553589,0.669287383556366,0.1480134129524231
22,reconstruction_only,118,Hb_gain,0.6220786571502686,0.9403982162475586,0.12901997566223145
22,reconstruction_only,118,noise,0.6180740594863892,0.6689637303352356,0.12814652919769287
22,reconstruction_only,118,lag_1s,0.6220786571502686,0.6508026719093323,0.11860255897045135
22,reconstruction_only,118,driver_amplitude,1.1091506481170654,1.0731950998306274,0.1603805273771286
22,reconstruction_only,118,driver_shape,0.5431795120239258,0.6421629190444946,0.1256793588399887
22,reconstruction_only,118,physiology_tau,0.6220786571502686,0.36093059182167053,0.12954485416412354
22,reconstruction_only,118,unmodeled_dynamics,0.6220786571502686,0.6890649199485779,0.13025040924549103
22,reconstruction_only,119,control,0.39515000581741333,0.30919113755226135,0.22073663771152496
22,reconstruction_only,119,common_basis,0.39515000581741333,1.2089943885803223,0.23060296475887299
22,reconstruction_only,119,common_correlated,0.39515000581741333,1.2352046966552734,0.24296432733535767
22,reconstruction_only,119,common_colored,0.39515000581741333,4.599140644073486,0.3330196440219879
22,reconstruction_only,119,common_exchange,0.39515000581741333,0.31461527943611145,0.22507429122924805
22,reconstruction_only,119,EEG_gain,0.47396841645240784,0.30919113755226135,0.2881080210208893
22,reconstruction_only,119,Hb_gain,0.39515000581741333,0.43651193380355835,0.23280824720859528
22,reconstruction_only,119,noise,0.4057070016860962,0.304378867149353,0.22655895352363586
22,reconstruction_only,119,lag_1s,0.39515000581741333,0.21693356335163116,0.23986360430717468
22,reconstruction_only,119,driver_amplitude,0.6663278341293335,0.463573694229126,0.3323652148246765
22,reconstruction_only,119,driver_shape,0.3497574031352997,0.31874123215675354,0.22696980834007263
22,reconstruction_only,119,physiology_tau,0.39515000581741333,0.31642529368400574,0.22563613951206207
22,reconstruction_only,119,unmodeled_dynamics,0.39515000581741333,0.41619446873664856,0.2300858348608017
22,reconstruction_only,120,control,0.6829661130905151,0.22609254717826843,0.10888911038637161
22,reconstruction_only,120,common_basis,0.6829661130905151,1.3880401849746704,0.1207868903875351
22,reconstruction_only,120,common_correlated,0.6829661130905151,1.9861143827438354,0.16081929206848145
22,reconstruction_only,120,common_colored,0.6829661130905151,2.097872734069824,0.25732505321502686
22,reconstruction_only,120,common_exchange,0.6829661130905151,0.2889297604560852,0.1318213790655136
22,reconstruction_only,120,EEG_gain,0.7175195217132568,0.22609254717826843,0.1540357917547226
22,reconstruction_only,120,Hb_gain,0.6829661130905151,0.3269442319869995,0.14921484887599945
22,reconstruction_only,120,noise,0.6911299228668213,0.21945928037166595,0.11811791360378265
22,reconstruction_only,120,lag_1s,0.6829661130905151,0.3240102231502533,0.19942981004714966
22,reconstruction_only,120,driver_amplitude,0.8787857890129089,0.4019428491592407,0.17787636816501617
22,reconstruction_only,120,driver_shape,0.6949963569641113,0.1940218210220337,0.11281580477952957
22,reconstruction_only,120,physiology_tau,0.6829661130905151,0.16097132861614227,0.16817361116409302
22,reconstruction_only,120,unmodeled_dynamics,0.6829661130905151,0.1928004026412964,0.1274009644985199
22,reconstruction_only,121,control,0.3024607002735138,0.26783934235572815,0.21957550942897797
22,reconstruction_only,121,common_basis,0.3024607002735138,0.7957932949066162,0.22112850844860077
22,reconstruction_only,121,common_correlated,0.3024607002735138,1.3258094787597656,0.3343009948730469
22,reconstruction_only,121,common_colored,0.3024607002735138,0.9678136706352234,0.3506162464618683
22,reconstruction_only,121,common_exchange,0.3024607002735138,0.4060367941856384,0.22044062614440918
22,reconstruction_only,121,EEG_gain,0.3993869125843048,0.26783934235572815,0.28645575046539307
22,reconstruction_only,121,Hb_gain,0.3024607002735138,0.29491716623306274,0.22787217795848846
22,reconstruction_only,121,noise,0.3086910545825958,0.27116045355796814,0.22796010971069336
22,reconstruction_only,121,lag_1s,0.3024607002735138,0.26803603768348694,0.30827197432518005
22,reconstruction_only,121,driver_amplitude,0.3327503204345703,0.32090485095977783,0.3272480368614197
22,reconstruction_only,121,driver_shape,0.320641428232193,0.26329970359802246,0.225370392203331
22,reconstruction_only,121,physiology_tau,0.3024607002735138,0.27877774834632874,0.23215721547603607
22,reconstruction_only,121,unmodeled_dynamics,0.3024607002735138,0.21948906779289246,0.22880053520202637
22,reconstruction_only,122,control,0.6203230023384094,0.2633346617221832,0.11951514333486557
22,reconstruction_only,122,common_basis,0.6203230023384094,1.4595460891723633,0.13870184123516083
22,reconstruction_only,122,common_correlated,0.6203230023384094,3.183236598968506,0.1536770612001419
22,reconstruction_only,122,common_colored,0.6203230023384094,1.7943425178527832,0.1717628687620163
22,reconstruction_only,122,common_exchange,0.6203230023384094,0.26131942868232727,0.1331775188446045
22,reconstruction_only,122,EEG_gain,0.5835423469543457,0.2633346617221832,0.15769755840301514
22,reconstruction_only,122,Hb_gain,0.6203230023384094,0.4025845229625702,0.12531878054141998
22,reconstruction_only,122,noise,0.5979719161987305,0.27088576555252075,0.12644051015377045
22,reconstruction_only,122,lag_1s,0.6203230023384094,0.25373339653015137,0.13890297710895538
22,reconstruction_only,122,driver_amplitude,0.810539186000824,0.47129490971565247,0.1837291717529297
22,reconstruction_only,122,driver_shape,0.5932914614677429,0.21316947042942047,0.1266857534646988
22,reconstruction_only,122,physiology_tau,0.6203230023384094,0.113307423889637,0.13540592789649963
22,reconstruction_only,122,unmodeled_dynamics,0.6203230023384094,0.23429764807224274,0.1287270337343216
22,reconstruction_only,123,control,0.281568318605423,0.3553202748298645,0.24452589452266693
22,reconstruction_only,123,common_basis,0.281568318605423,0.9439281225204468,0.2584095895290375
22,reconstruction_only,123,common_correlated,0.281568318605423,1.6132078170776367,0.3326135575771332
22,reconstruction_only,123,common_colored,0.281568318605423,2.5604348182678223,0.2775592505931854
22,reconstruction_only,123,common_exchange,0.281568318605423,0.8227237462997437,0.2750436067581177
22,reconstruction_only,123,EEG_gain,0.29392871260643005,0.3553202748298645,0.316306471824646
22,reconstruction_only,123,Hb_gain,0.281568318605423,0.37558284401893616,0.26136741042137146
22,reconstruction_only,123,noise,0.2752913236618042,0.353547066450119,0.24908550083637238
22,reconstruction_only,123,lag_1s,0.281568318605423,0.2907540202140808,0.2681325078010559
22,reconstruction_only,123,driver_amplitude,0.3772663176059723,0.3637163043022156,0.3712177574634552
22,reconstruction_only,123,driver_shape,0.31968268752098083,0.3247723877429962,0.24393722414970398
22,reconstruction_only,123,physiology_tau,0.281568318605423,0.2699791193008423,0.26199352741241455
22,reconstruction_only,123,unmodeled_dynamics,0.281568318605423,0.3671438992023468,0.26058486104011536
22,reconstruction_only,124,control,0.19469207525253296,0.2975177466869354,0.10496743768453598
22,reconstruction_only,124,common_basis,0.19469207525253296,0.8482333421707153,0.11134118586778641
22,reconstruction_only,124,common_correlated,0.19469207525253296,2.3125884532928467,0.17682641744613647
22,reconstruction_only,124,common_colored,0.19469207525253296,0.753380537033081,0.1996183544397354
22,reconstruction_only,124,common_exchange,0.19469207525253296,0.5058646202087402,0.11480716615915298
22,reconstruction_only,124,EEG_gain,0.23861601948738098,0.2975177466869354,0.15186409652233124
22,reconstruction_only,124,Hb_gain,0.19469207525253296,0.34154680371284485,0.1594943106174469
22,reconstruction_only,124,noise,0.20613154768943787,0.2997412085533142,0.12228378653526306
22,reconstruction_only,124,lag_1s,0.19469207525253296,0.2148413211107254,0.21577849984169006
22,reconstruction_only,124,driver_amplitude,0.25930267572402954,0.3788074553012848,0.16116853058338165
22,reconstruction_only,124,driver_shape,0.22229550778865814,0.3172983229160309,0.11960652470588684
22,reconstruction_only,124,physiology_tau,0.19469207525253296,0.4089225232601166,0.2223103940486908
22,reconstruction_only,124,unmodeled_dynamics,0.19469207525253296,0.38424748182296753,0.16294610500335693
22,reconstruction_only,125,control,0.29874974489212036,0.1765998750925064,0.16023008525371552
22,reconstruction_only,125,common_basis,0.29874974489212036,0.3018345534801483,0.1576462686061859
22,reconstruction_only,125,common_correlated,0.29874974489212036,1.025954246520996,0.2762988805770874
22,reconstruction_only,125,common_colored,0.29874974489212036,1.0779508352279663,0.16971078515052795
22,reconstruction_only,125,common_exchange,0.29874974489212036,0.2965545356273651,0.1640426516532898
22,reconstruction_only,125,EEG_gain,0.3110331892967224,0.1765998750925064,0.21847769618034363
22,reconstruction_only,125,Hb_gain,0.29874974489212036,0.16301529109477997,0.1705331951379776
22,reconstruction_only,125,noise,0.2886289060115814,0.17522193491458893,0.16598327457904816
22,reconstruction_only,125,lag_1s,0.29874974489212036,0.2233155369758606,0.2318452000617981
22,reconstruction_only,125,driver_amplitude,0.3536192774772644,0.16322548687458038,0.2344227284193039
22,reconstruction_only,125,driver_shape,0.35866591334342957,0.18279965221881866,0.15596938133239746
22,reconstruction_only,125,physiology_tau,0.29874974489212036,0.12169414758682251,0.211244598031044
22,reconstruction_only,125,unmodeled_dynamics,0.29874974489212036,0.16396698355674744,0.18827596306800842
22,reconstruction_only,126,control,0.2148863822221756,0.30833858251571655,0.10102890431880951
22,reconstruction_only,126,common_basis,0.2148863822221756,0.9458105564117432,0.12484267354011536
22,reconstruction_only,126,common_correlated,0.2148863822221756,0.8277866244316101,0.12401650846004486
22,reconstruction_only,126,common_colored,0.2148863822221756,1.5878875255584717,0.17758293449878693
22,reconstruction_only,126,common_exchange,0.2148863822221756,0.6187084913253784,0.10901660472154617
22,reconstruction_only,126,EEG_gain,0.22774849832057953,0.30833858251571655,0.1343737095594406
22,reconstruction_only,126,Hb_gain,0.2148863822221756,0.43094712495803833,0.11807854473590851
22,reconstruction_only,126,noise,0.21705292165279388,0.30892419815063477,0.11491624265909195
22,reconstruction_only,126,lag_1s,0.2148863822221756,0.30829405784606934,0.14816971123218536
22,reconstruction_only,126,driver_amplitude,0.3544517159461975,0.5047393441200256,0.1559446156024933
22,reconstruction_only,126,driver_shape,0.2265673726797104,0.27529630064964294,0.10233668237924576
22,reconstruction_only,126,physiology_tau,0.2148863822221756,0.3204393684864044,0.10890603065490723
22,reconstruction_only,126,unmodeled_dynamics,0.2148863822221756,0.3003092110157013,0.11235558241605759
22,reconstruction_only,127,control,0.24130411446094513,0.1549018770456314,0.1815982460975647
22,reconstruction_only,127,common_basis,0.24130411446094513,1.0009855031967163,0.18533186614513397
22,reconstruction_only,127,common_correlated,0.24130411446094513,2.1371638774871826,0.1951698213815689
22,reconstruction_only,127,common_colored,0.24130411446094513,4.372320652008057,0.4120640456676483
22,reconstruction_only,127,common_exchange,0.24130411446094513,0.42186397314071655,0.1990332156419754
22,reconstruction_only,127,EEG_gain,0.25946369767189026,0.1549018770456314,0.24255862832069397
22,reconstruction_only,127,Hb_gain,0.24130411446094513,0.21551094949245453,0.18731774389743805
22,reconstruction_only,127,noise,0.25037881731987,0.1544175148010254,0.18674880266189575
22,reconstruction_only,127,lag_1s,0.24130411446094513,0.17037640511989594,0.19490227103233337
22,reconstruction_only,127,driver_amplitude,0.4859740436077118,0.2811703383922577,0.27793994545936584
22,reconstruction_only,127,driver_shape,0.21405237913131714,0.1426180750131607,0.17399458587169647
22,reconstruction_only,127,physiology_tau,0.24130411446094513,0.23103179037570953,0.1817266345024109
22,reconstruction_only,127,unmodeled_dynamics,0.24130411446094513,0.1528661549091339,0.18169553577899933
33,reconstruction_only,0,control,0.29371705651283264,0.14805199205875397,0.088984414935112
33,reconstruction_only,0,common_basis,0.29371705651283264,0.7845389246940613,0.09130111336708069
33,reconstruction_only,0,common_correlated,0.29371705651283264,1.5191987752914429,0.1471104919910431
33,reconstruction_only,0,common_colored,0.29371705651283264,1.7127279043197632,0.2176905870437622
33,reconstruction_only,0,common_exchange,0.29371705651283264,0.33365267515182495,0.1223834976553917
33,reconstruction_only,0,EEG_gain,0.33304551243782043,0.14805199205875397,0.12371113896369934
33,reconstruction_only,0,Hb_gain,0.29371705651283264,0.1785251796245575,0.15467315912246704
33,reconstruction_only,0,noise,0.2994445562362671,0.14614799618721008,0.10351021587848663
33,reconstruction_only,0,lag_1s,0.29371705651283264,0.1915246993303299,0.13206535577774048
33,reconstruction_only,0,driver_amplitude,0.3381575047969818,0.21196912229061127,0.14513668417930603
33,reconstruction_only,0,driver_shape,0.29430824518203735,0.2561742961406708,0.0932357981801033
33,reconstruction_only,0,physiology_tau,0.29371705651283264,0.08830059319734573,0.174148291349411
33,reconstruction_only,0,unmodeled_dynamics,0.29371705651283264,0.11735844612121582,0.09727324545383453
33,reconstruction_only,1,control,0.6568028926849365,0.22985994815826416,0.23594993352890015
33,reconstruction_only,1,common_basis,0.6568028926849365,1.2903132438659668,0.27189838886260986
33,reconstruction_only,1,common_correlated,0.6568028926849365,2.948338508605957,0.25818637013435364
33,reconstruction_only,1,common_colored,0.6568028926849365,4.521991729736328,0.3788936734199524
33,reconstruction_only,1,common_exchange,0.6568028926849365,0.31654083728790283,0.3082736134529114
33,reconstruction_only,1,EEG_gain,0.6269820928573608,0.22985994815826416,0.30468639731407166
33,reconstruction_only,1,Hb_gain,0.6568028926849365,0.2950217127799988,0.2543700337409973
33,reconstruction_only,1,noise,0.6605671644210815,0.23109377920627594,0.24374565482139587
33,reconstruction_only,1,lag_1s,0.6568028926849365,0.2738730013370514,0.2524370849132538
33,reconstruction_only,1,driver_amplitude,0.816225528717041,0.3411865234375,0.35319554805755615
33,reconstruction_only,1,driver_shape,0.5532826781272888,0.23761498928070068,0.23400510847568512
33,reconstruction_only,1,physiology_tau,0.6568028926849365,0.4528014659881592,0.24597668647766113
33,reconstruction_only,1,unmodeled_dynamics,0.6568028926849365,0.23894359171390533,0.24490171670913696
33,reconstruction_only,2,control,0.5861548185348511,0.2145514041185379,0.10101743787527084
33,reconstruction_only,2,common_basis,0.5861548185348511,1.3607808351516724,0.10758000612258911
33,reconstruction_only,2,common_correlated,0.5861548185348511,1.4377665519714355,0.14389216899871826
33,reconstruction_only,2,common_colored,0.5861548185348511,2.0237205028533936,0.2164696753025055
33,reconstruction_only,2,common_exchange,0.5861548185348511,0.10783891379833221,0.13345660269260406
33,reconstruction_only,2,EEG_gain,0.33966970443725586,0.2145514041185379,0.14730343222618103
33,reconstruction_only,2,Hb_gain,0.5861548185348511,0.26728200912475586,0.12468544393777847
33,reconstruction_only,2,noise,0.6550878882408142,0.2172410637140274,0.11370839178562164
33,reconstruction_only,2,lag_1s,0.5861548185348511,0.24734359979629517,0.13721174001693726
33,reconstruction_only,2,driver_amplitude,0.6786208152770996,0.28302520513534546,0.17393341660499573
33,reconstruction_only,2,driver_shape,0.4519568383693695,0.36508703231811523,0.12074046581983566
33,reconstruction_only,2,physiology_tau,0.5861548185348511,0.23893551528453827,0.1662423014640808
33,reconstruction_only,2,unmodeled_dynamics,0.5861548185348511,0.26156407594680786,0.11355762183666229
33,reconstruction_only,3,control,0.2925863265991211,0.27073806524276733,0.2313428521156311
33,reconstruction_only,3,common_basis,0.2925863265991211,0.8528505563735962,0.23633962869644165
33,reconstruction_only,3,common_correlated,0.2925863265991211,1.5566201210021973,0.2715405821800232
33,reconstruction_only,3,common_colored,0.2925863265991211,1.9301908016204834,0.32567328214645386
33,reconstruction_only,3,common_exchange,0.2925863265991211,0.6517703533172607,0.24402007460594177
33,reconstruction_only,3,EEG_gain,0.28593355417251587,0.27073806524276733,0.3132851719856262
33,reconstruction_only,3,Hb_gain,0.2925863265991211,0.33307135105133057,0.23840321600437164
33,reconstruction_only,3,noise,0.25971677899360657,0.2568992078304291,0.24511851370334625
33,reconstruction_only,3,lag_1s,0.2925863265991211,0.4630421996116638,0.29793021082878113
33,reconstruction_only,3,driver_amplitude,0.4234445095062256,0.40279069542884827,0.36007919907569885
33,reconstruction_only,3,driver_shape,0.2830601632595062,0.37851154804229736,0.2435748279094696
33,reconstruction_only,3,physiology_tau,0.2925863265991211,0.17425905168056488,0.2469548135995865
33,reconstruction_only,3,unmodeled_dynamics,0.2925863265991211,0.19399738311767578,0.24692079424858093
33,reconstruction_only,4,control,0.46139341592788696,0.3487154543399811,0.10140766948461533
33,reconstruction_only,4,common_basis,0.46139341592788696,1.9585752487182617,0.16068241000175476
33,reconstruction_only,4,common_correlated,0.46139341592788696,1.8239731788635254,0.13504262268543243
33,reconstruction_only,4,common_colored,0.46139341592788696,1.3330663442611694,0.15669511258602142
33,reconstruction_only,4,common_exchange,0.46139341592788696,0.3639139235019684,0.11471617966890335
33,reconstruction_only,4,EEG_gain,0.7464873790740967,0.3487154543399811,0.14784708619117737
33,reconstruction_only,4,Hb_gain,0.46139341592788696,0.4681618809700012,0.12758898735046387
33,reconstruction_only,4,noise,0.4680284559726715,0.3524598479270935,0.12228750437498093
33,reconstruction_only,4,lag_1s,0.46139341592788696,0.4047524333000183,0.13150613009929657
33,reconstruction_only,4,driver_amplitude,0.8413695096969604,0.5384272933006287,0.15181899070739746
33,reconstruction_only,4,driver_shape,0.5241809487342834,0.284415066242218,0.09969423711299896
33,reconstruction_only,4,physiology_tau,0.46139341592788696,0.24744737148284912,0.14538568258285522
33,reconstruction_only,4,unmodeled_dynamics,0.46139341592788696,0.34698349237442017,0.11249567568302155
33,reconstruction_only,5,control,0.28860530257225037,0.25116461515426636,0.16153118014335632
33,reconstruction_only,5,common_basis,0.28860530257225037,0.9694037437438965,0.17355716228485107
33,reconstruction_only,5,common_correlated,0.28860530257225037,1.6060552597045898,0.19450807571411133
33,reconstruction_only,5,common_colored,0.28860530257225037,2.3389456272125244,0.3381887376308441
33,reconstruction_only,5,common_exchange,0.28860530257225037,0.42799243330955505,0.17146050930023193
33,reconstruction_only,5,EEG_gain,0.342261403799057,0.25116461515426636,0.22432120144367218
33,reconstruction_only,5,Hb_gain,0.28860530257225037,0.3453337550163269,0.18115438520908356
33,reconstruction_only,5,noise,0.28233954310417175,0.24846450984477997,0.16810175776481628
33,reconstruction_only,5,lag_1s,0.28860530257225037,0.3240360617637634,0.17438076436519623
33,reconstruction_only,5,driver_amplitude,0.39916953444480896,0.4204653799533844,0.25331446528434753
33,reconstruction_only,5,driver_shape,0.227998748421669,0.3870764970779419,0.164184108376503
33,reconstruction_only,5,physiology_tau,0.28860530257225037,0.27412864565849304,0.18751932680606842
33,reconstruction_only,5,unmodeled_dynamics,0.28860530257225037,0.2319934070110321,0.17453324794769287
33,reconstruction_only,6,control,0.8404844999313354,0.22199487686157227,0.11588921397924423
33,reconstruction_only,6,common_basis,0.8404844999313354,0.4423898458480835,0.12818306684494019
33,reconstruction_only,6,common_correlated,0.8404844999313354,2.1866867542266846,0.13251863420009613
33,reconstruction_only,6,common_colored,0.8404844999313354,2.0008163452148438,0.25034579634666443
33,reconstruction_only,6,common_exchange,0.8404844999313354,0.2743469476699829,0.11512753367424011
33,reconstruction_only,6,EEG_gain,0.9727574586868286,0.22199487686157227,0.14204974472522736
33,reconstruction_only,6,Hb_gain,0.8404844999313354,0.29615116119384766,0.16711220145225525
33,reconstruction_only,6,noise,0.8404824137687683,0.22335603833198547,0.12726029753684998
33,reconstruction_only,6,lag_1s,0.8404844999313354,0.2689412832260132,0.1266772598028183
33,reconstruction_only,6,driver_amplitude,1.47970712184906,0.37911999225616455,0.17459498345851898
33,reconstruction_only,6,driver_shape,0.9647516012191772,0.19019560515880585,0.11121854186058044
33,reconstruction_only,6,physiology_tau,0.8404844999313354,0.5174513459205627,0.14217431843280792
33,reconstruction_only,6,unmodeled_dynamics,0.8404844999313354,0.18179886043071747,0.13578729331493378
33,reconstruction_only,7,control,0.6804472208023071,0.09768790006637573,0.2084413766860962
33,reconstruction_only,7,common_basis,0.6804472208023071,0.6465818881988525,0.21067604422569275
33,reconstruction_only,7,common_correlated,0.6804472208023071,1.8267139196395874,0.27223795652389526
33,reconstruction_only,7,common_colored,0.6804472208023071,1.383597493171692,0.22839561104774475
33,reconstruction_only,7,common_exchange,0.6804472208023071,0.13137225806713104,0.2166978269815445
33,reconstruction_only,7,EEG_gain,0.5479490160942078,0.09768790006637573,0.2717093229293823
33,reconstruction_only,7,Hb_gain,0.6804472208023071,0.11365366727113724,0.2157108187675476
33,reconstruction_only,7,noise,0.6680238842964172,0.09255336225032806,0.21521373093128204
33,reconstruction_only,7,lag_1s,0.6804472208023071,0.10829431563615799,0.25695478916168213
33,reconstruction_only,7,driver_amplitude,0.7861241102218628,0.10380489379167557,0.3127549886703491
33,reconstruction_only,7,driver_shape,0.6063461303710938,0.20483841001987457,0.20348906517028809
33,reconstruction_only,7,physiology_tau,0.6804472208023071,0.1075349748134613,0.22352536022663116
33,reconstruction_only,7,unmodeled_dynamics,0.6804472208023071,0.08159904181957245,0.22078262269496918
33,reconstruction_only,8,control,0.7838512063026428,0.2406603842973709,0.1312130242586136
33,reconstruction_only,8,common_basis,0.7838512063026428,0.5042797327041626,0.13887137174606323
33,reconstruction_only,8,common_correlated,0.7838512063026428,1.0320911407470703,0.15304987132549286
33,reconstruction_only,8,common_colored,0.7838512063026428,4.094419956207275,0.3260968029499054
33,reconstruction_only,8,common_exchange,0.7838512063026428,0.25784245133399963,0.1396394819021225
33,reconstruction_only,8,EEG_gain,0.9838683009147644,0.2406603842973709,0.16660021245479584
33,reconstruction_only,8,Hb_gain,0.7838512063026428,0.30531102418899536,0.1466279774904251
33,reconstruction_only,8,noise,0.7963171005249023,0.24139349162578583,0.14804686605930328
33,reconstruction_only,8,lag_1s,0.7838512063026428,0.23466406762599945,0.15876777470111847
33,reconstruction_only,8,driver_amplitude,1.3729040622711182,0.37147679924964905,0.1859615296125412
33,reconstruction_only,8,driver_shape,0.9818494915962219,0.331563800573349,0.14247563481330872
33,reconstruction_only,8,physiology_tau,0.7838512063026428,0.22376547753810883,0.1610933095216751
33,reconstruction_only,8,unmodeled_dynamics,0.7838512063026428,0.21024219691753387,0.15884625911712646
33,reconstruction_only,9,control,0.3685733675956726,0.19960743188858032,0.17160668969154358
33,reconstruction_only,9,common_basis,0.3685733675956726,0.573455810546875,0.1752246916294098
33,reconstruction_only,9,common_correlated,0.3685733675956726,1.560943841934204,0.19903253018856049
33,reconstruction_only,9,common_colored,0.3685733675956726,1.5486186742782593,0.23070836067199707
33,reconstruction_only,9,common_exchange,0.3685733675956726,0.2642099857330322,0.17777687311172485
33,reconstruction_only,9,EEG_gain,0.36861947178840637,0.19960743188858032,0.233027845621109
33,reconstruction_only,9,Hb_gain,0.3685733675956726,0.26687324047088623,0.1815948635339737
33,reconstruction_only,9,noise,0.3631274104118347,0.2061062753200531,0.18132947385311127
33,reconstruction_only,9,lag_1s,0.3685733675956726,0.22211135923862457,0.22100777924060822
33,reconstruction_only,9,driver_amplitude,0.5458584427833557,0.3265054523944855,0.26808464527130127
33,reconstruction_only,9,driver_shape,0.3128095865249634,0.10141891986131668,0.16583244502544403
33,reconstruction_only,9,physiology_tau,0.3685733675956726,0.27911052107810974,0.2220613807439804
33,reconstruction_only,9,unmodeled_dynamics,0.3685733675956726,0.1815301775932312,0.21125227212905884
33,reconstruction_only,10,control,0.3750462830066681,0.1530636101961136,0.14096993207931519
33,reconstruction_only,10,common_basis,0.3750462830066681,0.7912842035293579,0.14830352365970612
33,reconstruction_only,10,common_correlated,0.3750462830066681,2.8826041221618652,0.21520064771175385
33,reconstruction_only,10,common_colored,0.3750462830066681,2.1041572093963623,0.224544495344162
33,reconstruction_only,10,common_exchange,0.3750462830066681,0.402261883020401,0.1744718849658966
33,reconstruction_only,10,EEG_gain,0.40400904417037964,0.1530636101961136,0.17894373834133148
33,reconstruction_only,10,Hb_gain,0.3750462830066681,0.2044152021408081,0.1617756485939026
33,reconstruction_only,10,noise,0.37892046570777893,0.15621525049209595,0.14921407401561737
33,reconstruction_only,10,lag_1s,0.3750462830066681,0.21298474073410034,0.15784740447998047
33,reconstruction_only,10,driver_amplitude,0.5480477809906006,0.2332741916179657,0.20909152925014496
33,reconstruction_only,10,driver_shape,0.4060094356536865,0.24663084745407104,0.13160176575183868
33,reconstruction_only,10,physiology_tau,0.3750462830066681,0.33464011549949646,0.14478126168251038
33,reconstruction_only,10,unmodeled_dynamics,0.3750462830066681,0.14795343577861786,0.14274035394191742
33,reconstruction_only,11,control,0.6285822987556458,0.19539175927639008,0.18499235808849335
33,reconstruction_only,11,common_basis,0.6285822987556458,0.958639919757843,0.1927109658718109
33,reconstruction_only,11,common_correlated,0.6285822987556458,1.8927617073059082,0.20488475263118744
33,reconstruction_only,11,common_colored,0.6285822987556458,2.289705514907837,0.23665881156921387
33,reconstruction_only,11,common_exchange,0.6285822987556458,0.3693948984146118,0.19536049664020538
33,reconstruction_only,11,EEG_gain,0.44015610218048096,0.19539175927639008,0.23630449175834656
33,reconstruction_only,11,Hb_gain,0.6285822987556458,0.2364894151687622,0.1995038390159607
33,reconstruction_only,11,noise,0.6103726029396057,0.19897520542144775,0.1987474262714386
33,reconstruction_only,11,lag_1s,0.6285822987556458,0.06696616858243942,0.22935935854911804
33,reconstruction_only,11,driver_amplitude,0.7612656354904175,0.3195650279521942,0.2743544280529022
33,reconstruction_only,11,driver_shape,0.5326054096221924,0.3206424415111542,0.1823764145374298
33,reconstruction_only,11,physiology_tau,0.6285822987556458,0.1923203468322754,0.1981160044670105
33,reconstruction_only,11,unmodeled_dynamics,0.6285822987556458,0.19455887377262115,0.19562432169914246
33,reconstruction_only,12,control,0.660338282585144,0.20430327951908112,0.11479692906141281
33,reconstruction_only,12,common_basis,0.660338282585144,0.6638436317443848,0.12895046174526215
33,reconstruction_only,12,common_correlated,0.660338282585144,1.0827306509017944,0.12727007269859314
33,reconstruction_only,12,common_colored,0.660338282585144,1.596073865890503,0.163036048412323
33,reconstruction_only,12,common_exchange,0.660338282585144,0.39618247747421265,0.12502340972423553
33,reconstruction_only,12,EEG_gain,0.7399221658706665,0.20430327951908112,0.15053626894950867
33,reconstruction_only,12,Hb_gain,0.660338282585144,0.28651463985443115,0.12374798953533173
33,reconstruction_only,12,noise,0.6513277292251587,0.1997385323047638,0.13028520345687866
33,reconstruction_only,12,lag_1s,0.660338282585144,0.15546581149101257,0.12868542969226837
33,reconstruction_only,12,driver_amplitude,1.2081530094146729,0.33056163787841797,0.1818222850561142
33,reconstruction_only,12,driver_shape,0.9244884848594666,0.13880778849124908,0.13076099753379822
33,reconstruction_only,12,physiology_tau,0.660338282585144,0.17151854932308197,0.12895700335502625
33,reconstruction_only,12,unmodeled_dynamics,0.660338282585144,0.19252407550811768,0.12433649599552155
33,reconstruction_only,13,control,0.330976277589798,0.4273298680782318,0.21602961421012878
33,reconstruction_only,13,common_basis,0.330976277589798,1.2743805646896362,0.23572738468647003
33,reconstruction_only,13,common_correlated,0.330976277589798,1.5711537599563599,0.3057277500629425
33,reconstruction_only,13,common_colored,0.330976277589798,2.155963659286499,0.3707229495048523
33,reconstruction_only,13,common_exchange,0.330976277589798,0.816318154335022,0.2217482030391693
33,reconstruction_only,13,EEG_gain,0.3208767771720886,0.4273298680782318,0.27600646018981934
33,reconstruction_only,13,Hb_gain,0.330976277589798,0.5256651043891907,0.22966501116752625
33,reconstruction_only,13,noise,0.3289135992527008,0.4373733401298523,0.22142329812049866
33,reconstruction_only,13,lag_1s,0.330976277589798,0.5342074632644653,0.2884174883365631
33,reconstruction_only,13,driver_amplitude,0.4271469712257385,0.5869733691215515,0.32196828722953796
33,reconstruction_only,13,driver_shape,0.2885487973690033,0.5371658802032471,0.22213342785835266
33,reconstruction_only,13,physiology_tau,0.330976277589798,0.312032550573349,0.2396387755870819
33,reconstruction_only,13,unmodeled_dynamics,0.330976277589798,0.32626408338546753,0.24302667379379272
33,reconstruction_only,14,control,1.0870566368103027,0.19584044814109802,0.11985498666763306
33,reconstruction_only,14,common_basis,1.0870566368103027,0.6318299174308777,0.11941631883382797
33,reconstruction_only,14,common_correlated,1.0870566368103027,0.5527126789093018,0.1390068531036377
33,reconstruction_only,14,common_colored,1.0870566368103027,1.7053608894348145,0.15150658786296844
33,reconstruction_only,14,common_exchange,1.0870566368103027,0.224294051527977,0.15429386496543884
33,reconstruction_only,14,EEG_gain,1.2378065586090088,0.19584044814109802,0.15874339640140533
33,reconstruction_only,14,Hb_gain,1.0870566368103027,0.27087223529815674,0.12493208050727844
33,reconstruction_only,14,noise,1.0909147262573242,0.1981513500213623,0.13540008664131165
33,reconstruction_only,14,lag_1s,1.0870566368103027,0.1724991798400879,0.15994742512702942
33,reconstruction_only,14,driver_amplitude,1.8427367210388184,0.3178096115589142,0.1745525449514389
33,reconstruction_only,14,driver_shape,1.2952802181243896,0.1819816529750824,0.13718853890895844
33,reconstruction_only,14,physiology_tau,1.0870566368103027,0.2510753571987152,0.16244152188301086
33,reconstruction_only,14,unmodeled_dynamics,1.0870566368103027,0.16869446635246277,0.13570669293403625
33,reconstruction_only,15,control,0.3551217317581177,0.38804689049720764,0.15923471748828888
33,reconstruction_only,15,common_basis,0.3551217317581177,0.3121509552001953,0.16833458840847015
33,reconstruction_only,15,common_correlated,0.3551217317581177,2.3696420192718506,0.19349993765354156
33,reconstruction_only,15,common_colored,0.3551217317581177,1.7721952199935913,0.2675897181034088
33,reconstruction_only,15,common_exchange,0.3551217317581177,0.1310674399137497,0.1946619153022766
33,reconstruction_only,15,EEG_gain,0.49910005927085876,0.38804689049720764,0.21223823726177216
33,reconstruction_only,15,Hb_gain,0.3551217317581177,0.5219740867614746,0.18023043870925903
33,reconstruction_only,15,noise,0.3319176137447357,0.3890359103679657,0.16948141157627106
33,reconstruction_only,15,lag_1s,0.3551217317581177,0.3181527853012085,0.20835436880588531
33,reconstruction_only,15,driver_amplitude,0.4911944568157196,0.5948772430419922,0.24085082113742828
33,reconstruction_only,15,driver_shape,0.3368750810623169,0.31107714772224426,0.16402104496955872
33,reconstruction_only,15,physiology_tau,0.3551217317581177,0.5079442262649536,0.18064138293266296
33,reconstruction_only,15,unmodeled_dynamics,0.3551217317581177,0.3704405128955841,0.16168908774852753
33,reconstruction_only,16,control,0.6631451845169067,0.17993375658988953,0.11974206566810608
33,reconstruction_only,16,common_basis,0.6631451845169067,1.3735065460205078,0.14774589240550995
33,reconstruction_only,16,common_correlated,0.6631451845169067,1.5089142322540283,0.16130836308002472
33,reconstruction_only,16,common_colored,0.6631451845169067,1.9435970783233643,0.19245049357414246
33,reconstruction_only,16,common_exchange,0.6631451845169067,0.2396976500749588,0.12518811225891113
33,reconstruction_only,16,EEG_gain,0.8754910230636597,0.17993375658988953,0.1579255610704422
33,reconstruction_only,16,Hb_gain,0.6631451845169067,0.24557673931121826,0.1582241803407669
33,reconstruction_only,16,noise,0.6871959567070007,0.1823052316904068,0.12597937881946564
33,reconstruction_only,16,lag_1s,0.6631451845169067,0.2658139765262604,0.1517101228237152
33,reconstruction_only,16,driver_amplitude,1.210915446281433,0.28935104608535767,0.182716965675354
33,reconstruction_only,16,driver_shape,0.8766931891441345,0.23072253167629242,0.13682164251804352
33,reconstruction_only,16,physiology_tau,0.6631451845169067,0.3223908841609955,0.16120627522468567
33,reconstruction_only,16,unmodeled_dynamics,0.6631451845169067,0.17317338287830353,0.15689289569854736
33,reconstruction_only,17,control,0.3818191587924957,0.4758540987968445,0.18386191129684448
33,reconstruction_only,17,common_basis,0.3818191587924957,1.0968170166015625,0.21102970838546753
33,reconstruction_only,17,common_correlated,0.3818191587924957,2.5138213634490967,0.20417332649230957
33,reconstruction_only,17,common_colored,0.3818191587924957,1.5980228185653687,0.28633859753608704
33,reconstruction_only,17,common_exchange,0.3818191587924957,0.42772895097732544,0.2056165188550949
33,reconstruction_only,17,EEG_gain,0.5789288282394409,0.4758540987968445,0.22466833889484406
33,reconstruction_only,17,Hb_gain,0.3818191587924957,0.6352502107620239,0.21195831894874573
33,reconstruction_only,17,noise,0.37259817123413086,0.47844332456588745,0.19443702697753906
33,reconstruction_only,17,lag_1s,0.3818191587924957,0.6811567544937134,0.2097829431295395
33,reconstruction_only,17,driver_amplitude,0.7520337700843811,0.7335428595542908,0.2696806788444519
33,reconstruction_only,17,driver_shape,0.44083812832832336,0.30121302604675293,0.18854160606861115
33,reconstruction_only,17,physiology_tau,0.3818191587924957,0.18118172883987427,0.19728197157382965
33,reconstruction_only,17,unmodeled_dynamics,0.3818191587924957,0.4363831877708435,0.24116748571395874
33,reconstruction_only,18,control,0.7017292976379395,0.2608855366706848,0.12109888345003128
33,reconstruction_only,18,common_basis,0.7017292976379395,1.4698402881622314,0.16151714324951172
33,reconstruction_only,18,common_correlated,0.7017292976379395,1.2609237432479858,0.13271188735961914
33,reconstruction_only,18,common_colored,0.7017292976379395,2.2722973823547363,0.27169308066368103
33,reconstruction_only,18,common_exchange,0.7017292976379395,0.7302414178848267,0.13788023591041565
33,reconstruction_only,18,EEG_gain,0.717414379119873,0.2608855366706848,0.15870602428913116
33,reconstruction_only,18,Hb_gain,0.7017292976379395,0.3368852436542511,0.13655303418636322
33,reconstruction_only,18,noise,0.7093600630760193,0.2640090882778168,0.13439297676086426
33,reconstruction_only,18,lag_1s,0.7017292976379395,0.40411657094955444,0.1705290824174881
33,reconstruction_only,18,driver_amplitude,0.8464741110801697,0.37412557005882263,0.19483204185962677
33,reconstruction_only,18,driver_shape,0.6167857050895691,0.15569573640823364,0.12511150538921356
33,reconstruction_only,18,physiology_tau,0.7017292976379395,0.10922301560640335,0.12247606366872787
33,reconstruction_only,18,unmodeled_dynamics,0.7017292976379395,0.11797680705785751,0.12960577011108398
33,reconstruction_only,19,control,0.6298620104789734,0.1553993970155716,0.20585930347442627
33,reconstruction_only,19,common_basis,0.6298620104789734,0.8156751990318298,0.21547161042690277
33,reconstruction_only,19,common_correlated,0.6298620104789734,2.2500250339508057,0.24128597974777222
33,reconstruction_only,19,common_colored,0.6298620104789734,2.436831474304199,0.26198050379753113
33,reconstruction_only,19,common_exchange,0.6298620104789734,0.25373074412345886,0.21566146612167358
33,reconstruction_only,19,EEG_gain,0.5177903175354004,0.1553993970155716,0.26922619342803955
33,reconstruction_only,19,Hb_gain,0.6298620104789734,0.193842351436615,0.21547667682170868
33,reconstruction_only,19,noise,0.6544694900512695,0.1540580689907074,0.21087394654750824
33,reconstruction_only,19,lag_1s,0.6298620104789734,0.23361344635486603,0.21815314888954163
33,reconstruction_only,19,driver_amplitude,0.8288404941558838,0.22442515194416046,0.3130224645137787
33,reconstruction_only,19,driver_shape,0.5781221389770508,0.2192867547273636,0.20779506862163544
33,reconstruction_only,19,physiology_tau,0.6298620104789734,0.1779407113790512,0.2277640551328659
33,reconstruction_only,19,unmodeled_dynamics,0.6298620104789734,0.12592151761054993,0.232661634683609
33,reconstruction_only,20,control,0.563156247138977,0.3590659499168396,0.10012522339820862
33,reconstruction_only,20,common_basis,0.563156247138977,0.7199276089668274,0.10640117526054382
33,reconstruction_only,20,common_correlated,0.563156247138977,2.792405605316162,0.13524983823299408
33,reconstruction_only,20,common_colored,0.563156247138977,1.9239277839660645,0.21435371041297913
33,reconstruction_only,20,common_exchange,0.563156247138977,0.4890865683555603,0.15385833382606506
33,reconstruction_only,20,EEG_gain,0.4267326593399048,0.3590659499168396,0.13806302845478058
33,reconstruction_only,20,Hb_gain,0.563156247138977,0.4634192883968353,0.15325437486171722
33,reconstruction_only,20,noise,0.5613359212875366,0.3620162308216095,0.11450974643230438
33,reconstruction_only,20,lag_1s,0.563156247138977,0.25065720081329346,0.15817075967788696
33,reconstruction_only,20,driver_amplitude,0.6093917489051819,0.5371573567390442,0.16278564929962158
33,reconstruction_only,20,driver_shape,0.4079795479774475,0.509100079536438,0.11314878612756729
33,reconstruction_only,20,physiology_tau,0.563156247138977,0.6005814075469971,0.1462119072675705
33,reconstruction_only,20,unmodeled_dynamics,0.563156247138977,0.3739441931247711,0.13973768055438995
33,reconstruction_only,21,control,0.2115836888551712,0.2959480583667755,0.22524204850196838
33,reconstruction_only,21,common_basis,0.2115836888551712,0.8143489360809326,0.23388923704624176
33,reconstruction_only,21,common_correlated,0.2115836888551712,1.7047220468521118,0.25519466400146484
33,reconstruction_only,21,common_colored,0.2115836888551712,1.0292431116104126,0.4015113115310669
33,reconstruction_only,21,common_exchange,0.2115836888551712,0.37372544407844543,0.2306113839149475
33,reconstruction_only,21,EEG_gain,0.28270694613456726,0.2959480583667755,0.29697486758232117
33,reconstruction_only,21,Hb_gain,0.2115836888551712,0.38182416558265686,0.22937071323394775
33,reconstruction_only,21,noise,0.22030970454216003,0.29513442516326904,0.23296071588993073
33,reconstruction_only,21,lag_1s,0.2115836888551712,0.31219103932380676,0.24417640268802643
33,reconstruction_only,21,driver_amplitude,0.26831603050231934,0.4441993534564972,0.34114909172058105
33,reconstruction_only,21,driver_shape,0.22514455020427704,0.3893018364906311,0.22513803839683533
33,reconstruction_only,21,physiology_tau,0.2115836888551712,0.20774227380752563,0.2427912950515747
33,reconstruction_only,21,unmodeled_dynamics,0.2115836888551712,0.2504567503929138,0.24227109551429749
33,reconstruction_only,22,control,0.4133419096469879,0.06736602634191513,0.14697232842445374
33,reconstruction_only,22,common_basis,0.4133419096469879,1.2017498016357422,0.15794792771339417
33,reconstruction_only,22,common_correlated,0.4133419096469879,2.1144561767578125,0.2622582018375397
33,reconstruction_only,22,common_colored,0.4133419096469879,2.5178301334381104,0.25630003213882446
33,reconstruction_only,22,common_exchange,0.4133419096469879,0.2209833711385727,0.19660983979701996
33,reconstruction_only,22,EEG_gain,0.5144574046134949,0.06736602634191513,0.18517610430717468
33,reconstruction_only,22,Hb_gain,0.4133419096469879,0.08854391425848007,0.1764671504497528
33,reconstruction_only,22,noise,0.4319320321083069,0.06865563988685608,0.15706273913383484
33,reconstruction_only,22,lag_1s,0.4133419096469879,0.1586371809244156,0.24932660162448883
33,reconstruction_only,22,driver_amplitude,0.6379004716873169,0.1270524263381958,0.22775807976722717
33,reconstruction_only,22,driver_shape,0.4266812801361084,0.13617968559265137,0.13137900829315186
33,reconstruction_only,22,physiology_tau,0.4133419096469879,0.14425449073314667,0.16330893337726593
33,reconstruction_only,22,unmodeled_dynamics,0.4133419096469879,0.08107263594865799,0.16247966885566711
33,reconstruction_only,23,control,0.1537366360425949,0.2521074116230011,0.13384664058685303
33,reconstruction_only,23,common_basis,0.1537366360425949,0.6971205472946167,0.13354533910751343
33,reconstruction_only,23,common_correlated,0.1537366360425949,1.263643503189087,0.1539798080921173
33,reconstruction_only,23,common_colored,0.1537366360425949,0.9752234220504761,0.3465755581855774
33,reconstruction_only,23,common_exchange,0.1537366360425949,0.3516421318054199,0.13816268742084503
33,reconstruction_only,23,EEG_gain,0.17277035117149353,0.2521074116230011,0.17294107377529144
33,reconstruction_only,23,Hb_gain,0.1537366360425949,0.32855522632598877,0.1383034586906433
33,reconstruction_only,23,noise,0.16929979622364044,0.2499713897705078,0.13884451985359192
33,reconstruction_only,23,lag_1s,0.1537366360425949,0.30273428559303284,0.14983732998371124
33,reconstruction_only,23,driver_amplitude,0.24327021837234497,0.3664915859699249,0.19787640869617462
33,reconstruction_only,23,driver_shape,0.104407899081707,0.3248341381549835,0.1379101723432541
33,reconstruction_only,23,physiology_tau,0.1537366360425949,0.281292587518692,0.14421185851097107
33,reconstruction_only,23,unmodeled_dynamics,0.1537366360425949,0.22927655279636383,0.13903450965881348
33,reconstruction_only,24,control,0.8122034072875977,0.05309681221842766,0.19560188055038452
33,reconstruction_only,24,common_basis,0.8122034072875977,0.7094956636428833,0.20122236013412476
33,reconstruction_only,24,common_correlated,0.8122034072875977,1.1854208707809448,0.2075049877166748
33,reconstruction_only,24,common_colored,0.8122034072875977,2.51605486869812,0.23518376052379608
33,reconstruction_only,24,common_exchange,0.8122034072875977,0.14544470608234406,0.19615840911865234
33,reconstruction_only,24,EEG_gain,0.8500031232833862,0.05309681221842766,0.2611342668533325
33,reconstruction_only,24,Hb_gain,0.8122034072875977,0.04900726303458214,0.2059004008769989
33,reconstruction_only,24,noise,0.8144001960754395,0.05693049728870392,0.19909444451332092
33,reconstruction_only,24,lag_1s,0.8122034072875977,0.1655283421278,0.22086086869239807
33,reconstruction_only,24,driver_amplitude,1.4683219194412231,0.05687211453914642,0.30491888523101807
33,reconstruction_only,24,driver_shape,1.0303869247436523,0.17141450941562653,0.20026004314422607
33,reconstruction_only,24,physiology_tau,0.8122034072875977,0.16290751099586487,0.20518358051776886
33,reconstruction_only,24,unmodeled_dynamics,0.8122034072875977,0.024250052869319916,0.20217213034629822
33,reconstruction_only,25,control,0.4940842092037201,0.20372240245342255,0.2320134937763214
33,reconstruction_only,25,common_basis,0.4940842092037201,0.6937789916992188,0.23143890500068665
33,reconstruction_only,25,common_correlated,0.4940842092037201,2.298865795135498,0.25846654176712036
33,reconstruction_only,25,common_colored,0.4940842092037201,0.775659441947937,0.3149415850639343
33,reconstruction_only,25,common_exchange,0.4940842092037201,0.149217888712883,0.23719075322151184
33,reconstruction_only,25,EEG_gain,0.43066874146461487,0.20372240245342255,0.3030976951122284
33,reconstruction_only,25,Hb_gain,0.4940842092037201,0.2729748487472534,0.24510061740875244
33,reconstruction_only,25,noise,0.49768921732902527,0.1998138576745987,0.23683346807956696
33,reconstruction_only,25,lag_1s,0.4940842092037201,0.2145899534225464,0.24702651798725128
33,reconstruction_only,25,driver_amplitude,0.6359812021255493,0.3194890022277832,0.35359907150268555
33,reconstruction_only,25,driver_shape,0.4589487314224243,0.19898854196071625,0.23104535043239594
33,reconstruction_only,25,physiology_tau,0.4940842092037201,0.2839656472206116,0.2392023205757141
33,reconstruction_only,25,unmodeled_dynamics,0.4940842092037201,0.1813359260559082,0.2346605658531189
33,reconstruction_only,26,control,0.8861034512519836,0.4477139115333557,0.08494661003351212
33,reconstruction_only,26,common_basis,0.8861034512519836,1.4494084119796753,0.11645776778459549
33,reconstruction_only,26,common_correlated,0.8861034512519836,0.7041677832603455,0.1062738448381424
33,reconstruction_only,26,common_colored,0.8861034512519836,1.1252518892288208,0.1555471569299698
33,reconstruction_only,26,common_exchange,0.8861034512519836,0.5456374883651733,0.16329096257686615
33,reconstruction_only,26,EEG_gain,0.8244679570198059,0.4477139115333557,0.11588209122419357
33,reconstruction_only,26,Hb_gain,0.8861034512519836,0.5613997578620911,0.1045318990945816
33,reconstruction_only,26,noise,0.8957400918006897,0.4370757043361664,0.10476966947317123
33,reconstruction_only,26,lag_1s,0.8861034512519836,0.47496679425239563,0.15127132833003998
33,reconstruction_only,26,driver_amplitude,1.0960054397583008,0.6182877421379089,0.1297101229429245
33,reconstruction_only,26,driver_shape,0.7484484910964966,0.5533692240715027,0.09877513349056244
33,reconstruction_only,26,physiology_tau,0.8861034512519836,0.3774397671222687,0.10259661823511124
33,reconstruction_only,26,unmodeled_dynamics,0.8861034512519836,0.4002090394496918,0.10623744130134583
33,reconstruction_only,27,control,0.44206538796424866,0.1863050013780594,0.26927563548088074
33,reconstruction_only,27,common_basis,0.44206538796424866,1.1230905055999756,0.2798186242580414
33,reconstruction_only,27,common_correlated,0.44206538796424866,2.373624324798584,0.2781916558742523
33,reconstruction_only,27,common_colored,0.44206538796424866,2.474926710128784,0.29243597388267517
33,reconstruction_only,27,common_exchange,0.44206538796424866,0.444623738527298,0.27941983938217163
33,reconstruction_only,27,EEG_gain,0.3379634618759155,0.1863050013780594,0.3448866903781891
33,reconstruction_only,27,Hb_gain,0.44206538796424866,0.22089628875255585,0.27936670184135437
33,reconstruction_only,27,noise,0.44402286410331726,0.18724240362644196,0.2828812897205353
33,reconstruction_only,27,lag_1s,0.44206538796424866,0.2964218854904175,0.2772603929042816
33,reconstruction_only,27,driver_amplitude,0.5251239538192749,0.2293335348367691,0.39961323142051697
33,reconstruction_only,27,driver_shape,0.36145126819610596,0.24846993386745453,0.2750200927257538
33,reconstruction_only,27,physiology_tau,0.44206538796424866,0.19371646642684937,0.2674429416656494
33,reconstruction_only,27,unmodeled_dynamics,0.44206538796424866,0.17773523926734924,0.2709617614746094
33,reconstruction_only,28,control,0.4164259135723114,0.23672379553318024,0.12930096685886383
33,reconstruction_only,28,common_basis,0.4164259135723114,0.899786114692688,0.13471321761608124
33,reconstruction_only,28,common_correlated,0.4164259135723114,1.940153956413269,0.3983857035636902
33,reconstruction_only,28,common_colored,0.4164259135723114,1.8031381368637085,0.2346230298280716
33,reconstruction_only,28,common_exchange,0.4164259135723114,0.1837601363658905,0.12863440811634064
33,reconstruction_only,28,EEG_gain,0.3744412958621979,0.23672379553318024,0.16030734777450562
33,reconstruction_only,28,Hb_gain,0.4164259135723114,0.28091177344322205,0.15177147090435028
33,reconstruction_only,28,noise,0.4234072268009186,0.23401744663715363,0.13809829950332642
33,reconstruction_only,28,lag_1s,0.4164259135723114,0.2164950668811798,0.18036991357803345
33,reconstruction_only,28,driver_amplitude,0.4401484429836273,0.3122730255126953,0.18072408437728882
33,reconstruction_only,28,driver_shape,0.3043225407600403,0.33093613386154175,0.12887397408485413
33,reconstruction_only,28,physiology_tau,0.4164259135723114,0.19304053485393524,0.17874999344348907
33,reconstruction_only,28,unmodeled_dynamics,0.4164259135723114,0.20028303563594818,0.1587757021188736
33,reconstruction_only,29,control,0.32947883009910583,0.18991385400295258,0.16144143044948578
33,reconstruction_only,29,common_basis,0.32947883009910583,0.5177634954452515,0.16586418449878693
33,reconstruction_only,29,common_correlated,0.32947883009910583,0.9304946660995483,0.1878196895122528
33,reconstruction_only,29,common_colored,0.32947883009910583,1.4080308675765991,0.29048892855644226
33,reconstruction_only,29,common_exchange,0.32947883009910583,0.15848678350448608,0.16726653277873993
33,reconstruction_only,29,EEG_gain,0.40446746349334717,0.18991385400295258,0.2093820422887802
33,reconstruction_only,29,Hb_gain,0.32947883009910583,0.2510855793952942,0.16711580753326416
33,reconstruction_only,29,noise,0.34215807914733887,0.19127653539180756,0.17542578279972076
33,reconstruction_only,29,lag_1s,0.32947883009910583,0.17955204844474792,0.18448317050933838
33,reconstruction_only,29,driver_amplitude,0.4697403311729431,0.2915995717048645,0.23476339876651764
33,reconstruction_only,29,driver_shape,0.29977864027023315,0.27836430072784424,0.16840943694114685
33,reconstruction_only,29,physiology_tau,0.32947883009910583,0.17441301047801971,0.17511768639087677
33,reconstruction_only,29,unmodeled_dynamics,0.32947883009910583,0.17728352546691895,0.17339599132537842
33,reconstruction_only,30,control,0.6353272795677185,0.20069563388824463,0.13318940997123718
33,reconstruction_only,30,common_basis,0.6353272795677185,0.9987550377845764,0.16427302360534668
33,reconstruction_only,30,common_correlated,0.6353272795677185,1.7121796607971191,0.2498658448457718
33,reconstruction_only,30,common_colored,0.6353272795677185,3.1596932411193848,0.26434093713760376
33,reconstruction_only,30,common_exchange,0.6353272795677185,0.38210633397102356,0.19368012249469757
33,reconstruction_only,30,EEG_gain,0.6562451720237732,0.20069563388824463,0.16296260058879852
33,reconstruction_only,30,Hb_gain,0.6353272795677185,0.264026403427124,0.17742492258548737
33,reconstruction_only,30,noise,0.6374124884605408,0.20012520253658295,0.14915478229522705
33,reconstruction_only,30,lag_1s,0.6353272795677185,0.1861506551504135,0.1612415760755539
33,reconstruction_only,30,driver_amplitude,0.8362583518028259,0.29697129130363464,0.19402961432933807
33,reconstruction_only,30,driver_shape,0.48054108023643494,0.24744006991386414,0.12660335004329681
33,reconstruction_only,30,physiology_tau,0.6353272795677185,0.2688865065574646,0.17715783417224884
33,reconstruction_only,30,unmodeled_dynamics,0.6353272795677185,0.1878010630607605,0.17463096976280212
33,reconstruction_only,31,control,0.3561840057373047,0.19747519493103027,0.20445576310157776
33,reconstruction_only,31,common_basis,0.3561840057373047,1.123025894165039,0.21274465322494507
33,reconstruction_only,31,common_correlated,0.3561840057373047,1.2288850545883179,0.2503770887851715
33,reconstruction_only,31,common_colored,0.3561840057373047,2.8231029510498047,0.24601751565933228
33,reconstruction_only,31,common_exchange,0.3561840057373047,0.5634932518005371,0.24190521240234375
33,reconstruction_only,31,EEG_gain,0.44080644845962524,0.19747519493103027,0.2676641643047333
33,reconstruction_only,31,Hb_gain,0.3561840057373047,0.26305681467056274,0.2108781486749649
33,reconstruction_only,31,noise,0.3695509135723114,0.19718559086322784,0.21425344049930573
33,reconstruction_only,31,lag_1s,0.3561840057373047,0.191985622048378,0.21278268098831177
33,reconstruction_only,31,driver_amplitude,0.6821562051773071,0.2895772159099579,0.3064980208873749
33,reconstruction_only,31,driver_shape,0.4200489819049835,0.28078901767730713,0.19797003269195557
33,reconstruction_only,31,physiology_tau,0.3561840057373047,0.25950950384140015,0.20642617344856262
33,reconstruction_only,31,unmodeled_dynamics,0.3561840057373047,0.16848473250865936,0.2062644511461258
33,reconstruction_only,32,control,0.23392078280448914,0.4564502239227295,0.13036465644836426
33,reconstruction_only,32,common_basis,0.23392078280448914,1.2886983156204224,0.15665429830551147
33,reconstruction_only,32,common_correlated,0.23392078280448914,3.665587902069092,0.18246109783649445
33,reconstruction_only,32,common_colored,0.23392078280448914,3.5464422702789307,0.2961212694644928
33,reconstruction_only,32,common_exchange,0.23392078280448914,0.40385422110557556,0.12983152270317078
33,reconstruction_only,32,EEG_gain,0.3327641189098358,0.4564502239227295,0.1864994615316391
33,reconstruction_only,32,Hb_gain,0.23392078280448914,0.5827653408050537,0.13697268068790436
33,reconstruction_only,32,noise,0.233933225274086,0.4573019742965698,0.1424083560705185
33,reconstruction_only,32,lag_1s,0.23392078280448914,0.5417844653129578,0.2316923290491104
33,reconstruction_only,32,driver_amplitude,0.28802230954170227,0.6838728189468384,0.1981104165315628
33,reconstruction_only,32,driver_shape,0.18701711297035217,0.484058141708374,0.1260669231414795
33,reconstruction_only,32,physiology_tau,0.23392078280448914,0.6345859169960022,0.15595950186252594
33,reconstruction_only,32,unmodeled_dynamics,0.23392078280448914,0.4464784264564514,0.13250502943992615
33,reconstruction_only,33,control,0.2645723819732666,0.17162898182868958,0.20742139220237732
33,reconstruction_only,33,common_basis,0.2645723819732666,1.3511297702789307,0.2277945876121521
33,reconstruction_only,33,common_correlated,0.2645723819732666,2.214846134185791,0.24088704586029053
33,reconstruction_only,33,common_colored,0.2645723819732666,2.238245964050293,0.30237770080566406
33,reconstruction_only,33,common_exchange,0.2645723819732666,0.26703429222106934,0.20548313856124878
33,reconstruction_only,33,EEG_gain,0.2538670003414154,0.17162898182868958,0.27619245648384094
33,reconstruction_only,33,Hb_gain,0.2645723819732666,0.22908222675323486,0.21188965439796448
33,reconstruction_only,33,noise,0.2736058831214905,0.1720421463251114,0.21861357986927032
33,reconstruction_only,33,lag_1s,0.2645723819732666,0.16872495412826538,0.23890645802021027
33,reconstruction_only,33,driver_amplitude,0.26167455315589905,0.26549315452575684,0.3095014691352844
33,reconstruction_only,33,driver_shape,0.21380609273910522,0.19920524954795837,0.20198623836040497
33,reconstruction_only,33,physiology_tau,0.2645723819732666,0.12326505780220032,0.22381849586963654
33,reconstruction_only,33,unmodeled_dynamics,0.2645723819732666,0.1484033465385437,0.21257995069026947
33,reconstruction_only,34,control,0.5746027231216431,0.45361003279685974,0.114141084253788
33,reconstruction_only,34,common_basis,0.5746027231216431,0.9595770239830017,0.11322499066591263
33,reconstruction_only,34,common_correlated,0.5746027231216431,0.946212887763977,0.15731054544448853
33,reconstruction_only,34,common_colored,0.5746027231216431,2.3456122875213623,0.2357216328382492
33,reconstruction_only,34,common_exchange,0.5746027231216431,0.44923070073127747,0.12627984583377838
33,reconstruction_only,34,EEG_gain,0.39048704504966736,0.45361003279685974,0.1595015972852707
33,reconstruction_only,34,Hb_gain,0.5746027231216431,0.5772671103477478,0.14822743833065033
33,reconstruction_only,34,noise,0.5877313017845154,0.44483011960983276,0.12801888585090637
33,reconstruction_only,34,lag_1s,0.5746027231216431,0.2992694079875946,0.17049972712993622
33,reconstruction_only,34,driver_amplitude,0.6572305560112,0.6823230385780334,0.20002643764019012
33,reconstruction_only,34,driver_shape,0.4458160400390625,0.5863741636276245,0.14452166855335236
33,reconstruction_only,34,physiology_tau,0.5746027231216431,0.44733330607414246,0.1724170744419098
33,reconstruction_only,34,unmodeled_dynamics,0.5746027231216431,0.4495933949947357,0.15714095532894135
33,reconstruction_only,35,control,0.33256393671035767,0.15048803389072418,0.18565355241298676
33,reconstruction_only,35,common_basis,0.33256393671035767,0.7720920443534851,0.1886403113603592
33,reconstruction_only,35,common_correlated,0.33256393671035767,1.8561838865280151,0.21035800874233246
33,reconstruction_only,35,common_colored,0.33256393671035767,1.871541976928711,0.2548520863056183
33,reconstruction_only,35,common_exchange,0.33256393671035767,0.3720988929271698,0.20030610263347626
33,reconstruction_only,35,EEG_gain,0.42086920142173767,0.15048803389072418,0.24420876801013947
33,reconstruction_only,35,Hb_gain,0.33256393671035767,0.18777309358119965,0.20464572310447693
33,reconstruction_only,35,noise,0.3324359953403473,0.1520518958568573,0.19791066646575928
33,reconstruction_only,35,lag_1s,0.33256393671035767,0.2713785171508789,0.2332995980978012
33,reconstruction_only,35,driver_amplitude,0.7070289254188538,0.22996237874031067,0.2815329134464264
33,reconstruction_only,35,driver_shape,0.520463228225708,0.261934369802475,0.18707937002182007
33,reconstruction_only,35,physiology_tau,0.33256393671035767,0.28654223680496216,0.20534397661685944
33,reconstruction_only,35,unmodeled_dynamics,0.33256393671035767,0.1669609248638153,0.2039920538663864
33,reconstruction_only,36,control,0.18348008394241333,0.2829267084598541,0.10206229984760284
33,reconstruction_only,36,common_basis,0.18348008394241333,1.6249923706054688,0.16104790568351746
33,reconstruction_only,36,common_correlated,0.18348008394241333,3.222095012664795,0.1714898645877838
33,reconstruction_only,36,common_colored,0.18348008394241333,1.2935354709625244,0.2695504426956177
33,reconstruction_only,36,common_exchange,0.18348008394241333,0.391496479511261,0.13086460530757904
33,reconstruction_only,36,EEG_gain,0.38781818747520447,0.2829267084598541,0.13803894817829132
33,reconstruction_only,36,Hb_gain,0.18348008394241333,0.3774947226047516,0.16768580675125122
33,reconstruction_only,36,noise,0.17465735971927643,0.2837620675563812,0.11697281152009964
33,reconstruction_only,36,lag_1s,0.18348008394241333,0.2250579297542572,0.19279563426971436
33,reconstruction_only,36,driver_amplitude,0.34075796604156494,0.4469854235649109,0.1740698367357254
33,reconstruction_only,36,driver_shape,0.24519659578800201,0.39779430627822876,0.11916147172451019
33,reconstruction_only,36,physiology_tau,0.18348008394241333,0.5401303768157959,0.1358490288257599
33,reconstruction_only,36,unmodeled_dynamics,0.18348008394241333,0.27178439497947693,0.12013157457113266
33,reconstruction_only,37,control,0.31064003705978394,0.2652914822101593,0.19260558485984802
33,reconstruction_only,37,common_basis,0.31064003705978394,0.9221497178077698,0.1985115259885788
33,reconstruction_only,37,common_correlated,0.31064003705978394,2.522322177886963,0.26756176352500916
33,reconstruction_only,37,common_colored,0.31064003705978394,1.3421344757080078,0.26845964789390564
33,reconstruction_only,37,common_exchange,0.31064003705978394,0.5039092898368835,0.19722814857959747
33,reconstruction_only,37,EEG_gain,0.2766297161579132,0.2652914822101593,0.24160653352737427
33,reconstruction_only,37,Hb_gain,0.31064003705978394,0.35508573055267334,0.21314218640327454
33,reconstruction_only,37,noise,0.3170434832572937,0.26276612281799316,0.2048604041337967
33,reconstruction_only,37,lag_1s,0.31064003705978394,0.51326984167099,0.21577556431293488
33,reconstruction_only,37,driver_amplitude,0.4547455310821533,0.4214584231376648,0.29509997367858887
33,reconstruction_only,37,driver_shape,0.38457489013671875,0.1776810735464096,0.18677428364753723
33,reconstruction_only,37,physiology_tau,0.31064003705978394,0.1420995146036148,0.19870178401470184
33,reconstruction_only,37,unmodeled_dynamics,0.31064003705978394,0.20037265121936798,0.24359028041362762
33,reconstruction_only,38,control,0.24185630679130554,0.26350468397140503,0.12724462151527405
33,reconstruction_only,38,common_basis,0.24185630679130554,0.4187640845775604,0.13499489426612854
33,reconstruction_only,38,common_correlated,0.24185630679130554,1.258462905883789,0.12678301334381104
33,reconstruction_only,38,common_colored,0.24185630679130554,2.7456655502319336,0.2895319163799286
33,reconstruction_only,38,common_exchange,0.24185630679130554,0.3440372943878174,0.14494164288043976
33,reconstruction_only,38,EEG_gain,0.30893075466156006,0.26350468397140503,0.1541435271501541
33,reconstruction_only,38,Hb_gain,0.24185630679130554,0.339298278093338,0.151921808719635
33,reconstruction_only,38,noise,0.2620890736579895,0.26080334186553955,0.13959640264511108
33,reconstruction_only,38,lag_1s,0.24185630679130554,0.3409551680088043,0.13511362671852112
33,reconstruction_only,38,driver_amplitude,0.6156922578811646,0.397494912147522,0.1721751093864441
33,reconstruction_only,38,driver_shape,0.36654987931251526,0.32261285185813904,0.1283462643623352
33,reconstruction_only,38,physiology_tau,0.24185630679130554,0.23137985169887543,0.17297151684761047
33,reconstruction_only,38,unmodeled_dynamics,0.24185630679130554,0.27399030327796936,0.17192043364048004
33,reconstruction_only,39,control,0.7023402452468872,0.16277888417243958,0.18186886608600616
33,reconstruction_only,39,common_basis,0.7023402452468872,1.2608411312103271,0.1782243400812149
33,reconstruction_only,39,common_correlated,0.7023402452468872,0.43143078684806824,0.30294036865234375
33,reconstruction_only,39,common_colored,0.7023402452468872,1.623146891593933,0.23648180067539215
33,reconstruction_only,39,common_exchange,0.7023402452468872,0.4329307973384857,0.1862020045518875
33,reconstruction_only,39,EEG_gain,0.5912050008773804,0.16277888417243958,0.23582249879837036
33,reconstruction_only,39,Hb_gain,0.7023402452468872,0.20513154566287994,0.2224317193031311
33,reconstruction_only,39,noise,0.7028780579566956,0.1670200526714325,0.19499030709266663
33,reconstruction_only,39,lag_1s,0.7023402452468872,0.18011334538459778,0.2350105196237564
33,reconstruction_only,39,driver_amplitude,0.8278591632843018,0.2267826348543167,0.27437394857406616
33,reconstruction_only,39,driver_shape,0.488330602645874,0.29611504077911377,0.1822357177734375
33,reconstruction_only,39,physiology_tau,0.7023402452468872,0.19806639850139618,0.21461184322834015
33,reconstruction_only,39,unmodeled_dynamics,0.7023402452468872,0.21061038970947266,0.19522491097450256
33,reconstruction_only,40,control,0.28661879897117615,0.34479373693466187,0.11987578123807907
33,reconstruction_only,40,common_basis,0.28661879897117615,0.9687796831130981,0.12904642522335052
33,reconstruction_only,40,common_correlated,0.28661879897117615,1.6775342226028442,0.15049725770950317
33,reconstruction_only,40,common_colored,0.28661879897117615,1.7274543046951294,0.17935344576835632
33,reconstruction_only,40,common_exchange,0.28661879897117615,0.7834268808364868,0.15757708251476288
33,reconstruction_only,40,EEG_gain,0.23188148438930511,0.34479373693466187,0.1595790833234787
33,reconstruction_only,40,Hb_gain,0.28661879897117615,0.41426634788513184,0.14002084732055664
33,reconstruction_only,40,noise,0.28240180015563965,0.34903812408447266,0.13634681701660156
33,reconstruction_only,40,lag_1s,0.28661879897117615,0.209406316280365,0.1261294186115265
33,reconstruction_only,40,driver_amplitude,0.33304718136787415,0.4731197655200958,0.18012867867946625
33,reconstruction_only,40,driver_shape,0.25790315866470337,0.463916540145874,0.12706665694713593
33,reconstruction_only,40,physiology_tau,0.28661879897117615,0.3998348116874695,0.13114088773727417
33,reconstruction_only,40,unmodeled_dynamics,0.28661879897117615,0.3064943552017212,0.12548460066318512
33,reconstruction_only,41,control,0.6540974378585815,0.37208133935928345,0.2178208827972412
33,reconstruction_only,41,common_basis,0.6540974378585815,0.5335795283317566,0.21782241761684418
33,reconstruction_only,41,common_correlated,0.6540974378585815,1.3623731136322021,0.22398623824119568
33,reconstruction_only,41,common_colored,0.6540974378585815,3.186023712158203,0.3071901798248291
33,reconstruction_only,41,common_exchange,0.6540974378585815,0.5206630825996399,0.21755744516849518
33,reconstruction_only,41,EEG_gain,0.7542089819908142,0.37208133935928345,0.289743036031723
33,reconstruction_only,41,Hb_gain,0.6540974378585815,0.46911758184432983,0.22077928483486176
33,reconstruction_only,41,noise,0.6512376666069031,0.3728049099445343,0.22335495054721832
33,reconstruction_only,41,lag_1s,0.6540974378585815,0.3755936026573181,0.2257084995508194
33,reconstruction_only,41,driver_amplitude,0.719241201877594,0.5410106182098389,0.336736261844635
33,reconstruction_only,41,driver_shape,0.4970412850379944,0.4436110258102417,0.22325514256954193
33,reconstruction_only,41,physiology_tau,0.6540974378585815,0.348124623298645,0.25685617327690125
33,reconstruction_only,41,unmodeled_dynamics,0.6540974378585815,0.34104737639427185,0.25061410665512085
33,reconstruction_only,42,control,0.5365473628044128,0.2025778591632843,0.09326624125242233
33,reconstruction_only,42,common_basis,0.5365473628044128,0.5458837151527405,0.09647912532091141
33,reconstruction_only,42,common_correlated,0.5365473628044128,1.4090842008590698,0.19474394619464874
33,reconstruction_only,42,common_colored,0.5365473628044128,1.325575590133667,0.25905662775039673
33,reconstruction_only,42,common_exchange,0.5365473628044128,0.18159976601600647,0.10604923218488693
33,reconstruction_only,42,EEG_gain,0.5101542472839355,0.2025778591632843,0.11899641156196594
33,reconstruction_only,42,Hb_gain,0.5365473628044128,0.2569839060306549,0.11824583262205124
33,reconstruction_only,42,noise,0.5213108658790588,0.1994331032037735,0.10794519633054733
33,reconstruction_only,42,lag_1s,0.5365473628044128,0.23684972524642944,0.16963618993759155
33,reconstruction_only,42,driver_amplitude,0.5785682797431946,0.31662634015083313,0.13121064007282257
33,reconstruction_only,42,driver_shape,0.34272345900535583,0.3210051357746124,0.10103480517864227
33,reconstruction_only,42,physiology_tau,0.5365473628044128,0.16119875013828278,0.1297542005777359
33,reconstruction_only,42,unmodeled_dynamics,0.5365473628044128,0.17956292629241943,0.12880060076713562
33,reconstruction_only,43,control,0.30380022525787354,0.22768667340278625,0.2028738111257553
33,reconstruction_only,43,common_basis,0.30380022525787354,1.0511869192123413,0.23088346421718597
33,reconstruction_only,43,common_correlated,0.30380022525787354,2.46073317527771,0.23139220476150513
33,reconstruction_only,43,common_colored,0.30380022525787354,1.6419832706451416,0.31457608938217163
33,reconstruction_only,43,common_exchange,0.30380022525787354,0.33410441875457764,0.22182264924049377
33,reconstruction_only,43,EEG_gain,0.2882134020328522,0.22768667340278625,0.2767390012741089
33,reconstruction_only,43,Hb_gain,0.30380022525787354,0.30089935660362244,0.22585400938987732
33,reconstruction_only,43,noise,0.30939191579818726,0.223898246884346,0.2089969664812088
33,reconstruction_only,43,lag_1s,0.30380022525787354,0.2821658253669739,0.24686793982982635
33,reconstruction_only,43,driver_amplitude,0.3268369436264038,0.367918461561203,0.3043341040611267
33,reconstruction_only,43,driver_shape,0.27187380194664,0.22169865667819977,0.20509850978851318
33,reconstruction_only,43,physiology_tau,0.30380022525787354,0.347391813993454,0.23348350822925568
33,reconstruction_only,43,unmodeled_dynamics,0.30380022525787354,0.18118499219417572,0.21453797817230225
33,reconstruction_only,44,control,0.3812014162540436,0.28439751267433167,0.10556182265281677
33,reconstruction_only,44,common_basis,0.3812014162540436,0.7626292109489441,0.11773692816495895
33,reconstruction_only,44,common_correlated,0.3812014162540436,1.714942216873169,0.13591386377811432
33,reconstruction_only,44,common_colored,0.3812014162540436,0.742694616317749,0.20521453022956848
33,reconstruction_only,44,common_exchange,0.3812014162540436,0.31564265489578247,0.11821279674768448
33,reconstruction_only,44,EEG_gain,0.42818206548690796,0.28439751267433167,0.14878232777118683
33,reconstruction_only,44,Hb_gain,0.3812014162540436,0.37721216678619385,0.13999733328819275
33,reconstruction_only,44,noise,0.4046659469604492,0.2841241955757141,0.12100628763437271
33,reconstruction_only,44,lag_1s,0.3812014162540436,0.278943806886673,0.12938152253627777
33,reconstruction_only,44,driver_amplitude,0.7381862998008728,0.4257468581199646,0.1595422625541687
33,reconstruction_only,44,driver_shape,0.5710620880126953,0.29605743288993835,0.10038159787654877
33,reconstruction_only,44,physiology_tau,0.3812014162540436,0.2178296446800232,0.14685800671577454
33,reconstruction_only,44,unmodeled_dynamics,0.3812014162540436,0.24443458020687103,0.12087637931108475
33,reconstruction_only,45,control,0.8109627366065979,0.29044684767723083,0.14850038290023804
33,reconstruction_only,45,common_basis,0.8109627366065979,0.5405417084693909,0.16746297478675842
33,reconstruction_only,45,common_correlated,0.8109627366065979,2.571540355682373,0.16058245301246643
33,reconstruction_only,45,common_colored,0.8109627366065979,2.362653970718384,0.292936235666275
33,reconstruction_only,45,common_exchange,0.8109627366065979,0.25384628772735596,0.15357820689678192
33,reconstruction_only,45,EEG_gain,0.8779917359352112,0.29044684767723083,0.19948668777942657
33,reconstruction_only,45,Hb_gain,0.8109627366065979,0.3897852301597595,0.16956914961338043
33,reconstruction_only,45,noise,0.8211178779602051,0.286045640707016,0.15801621973514557
33,reconstruction_only,45,lag_1s,0.8109627366065979,0.23562335968017578,0.20073489844799042
33,reconstruction_only,45,driver_amplitude,1.3874284029006958,0.4404585063457489,0.2347010225057602
33,reconstruction_only,45,driver_shape,0.95187908411026,0.2183879017829895,0.14040926098823547
33,reconstruction_only,45,physiology_tau,0.8109627366065979,0.5434945225715637,0.16237711906433105
33,reconstruction_only,45,unmodeled_dynamics,0.8109627366065979,0.31522244215011597,0.17065800726413727
33,reconstruction_only,46,control,0.6110311150550842,0.21640238165855408,0.10371071845293045
33,reconstruction_only,46,common_basis,0.6110311150550842,0.49979937076568604,0.10554227977991104
33,reconstruction_only,46,common_correlated,0.6110311150550842,2.211627244949341,0.1311320811510086
33,reconstruction_only,46,common_colored,0.6110311150550842,3.342456579208374,0.24979986250400543
33,reconstruction_only,46,common_exchange,0.6110311150550842,0.12994562089443207,0.13032713532447815
33,reconstruction_only,46,EEG_gain,0.4958609640598297,0.21640238165855408,0.12982581555843353
33,reconstruction_only,46,Hb_gain,0.6110311150550842,0.2871311902999878,0.12728260457515717
33,reconstruction_only,46,noise,0.6342017650604248,0.21177645027637482,0.12078211456537247
33,reconstruction_only,46,lag_1s,0.6110311150550842,0.2962718605995178,0.14553990960121155
33,reconstruction_only,46,driver_amplitude,0.7496070861816406,0.2815481424331665,0.1537279635667801
33,reconstruction_only,46,driver_shape,0.5792340636253357,0.15098312497138977,0.10813909769058228
33,reconstruction_only,46,physiology_tau,0.6110311150550842,0.29509982466697693,0.10714421421289444
33,reconstruction_only,46,unmodeled_dynamics,0.6110311150550842,0.18915490806102753,0.10016683489084244
33,reconstruction_only,47,control,0.4901057183742523,0.12027490139007568,0.12083660066127777
33,reconstruction_only,47,common_basis,0.4901057183742523,0.9400758147239685,0.13945713639259338
33,reconstruction_only,47,common_correlated,0.4901057183742523,1.3050615787506104,0.14138992130756378
33,reconstruction_only,47,common_colored,0.4901057183742523,1.4264775514602661,0.16897839307785034
33,reconstruction_only,47,common_exchange,0.4901057183742523,0.9486182332038879,0.1816955804824829
33,reconstruction_only,47,EEG_gain,0.36621057987213135,0.12027490139007568,0.15569016337394714
33,reconstruction_only,47,Hb_gain,0.4901057183742523,0.15288743376731873,0.16458304226398468
33,reconstruction_only,47,noise,0.4901971220970154,0.12478578090667725,0.13284502923488617
33,reconstruction_only,47,lag_1s,0.4901057183742523,0.4548877477645874,0.14659462869167328
33,reconstruction_only,47,driver_amplitude,0.5586256384849548,0.12172020971775055,0.1805572658777237
33,reconstruction_only,47,driver_shape,0.4626111090183258,0.08612916618585587,0.12164518982172012
33,reconstruction_only,47,physiology_tau,0.4901057183742523,0.10286366194486618,0.15121270716190338
33,reconstruction_only,47,unmodeled_dynamics,0.4901057183742523,0.05919346213340759,0.13209496438503265
33,reconstruction_only,48,control,0.2439691722393036,0.21565601229667664,0.0805966779589653
33,reconstruction_only,48,common_basis,0.2439691722393036,0.7846844792366028,0.10525092482566833
33,reconstruction_only,48,common_correlated,0.2439691722393036,1.6256362199783325,0.12752410769462585
33,reconstruction_only,48,common_colored,0.2439691722393036,2.185281276702881,0.2831566333770752
33,reconstruction_only,48,common_exchange,0.2439691722393036,0.1612289398908615,0.09960716962814331
33,reconstruction_only,48,EEG_gain,0.2040550708770752,0.21565601229667664,0.11363214254379272
33,reconstruction_only,48,Hb_gain,0.2439691722393036,0.28392043709754944,0.09311657398939133
33,reconstruction_only,48,noise,0.24150483310222626,0.21593323349952698,0.09432387351989746
33,reconstruction_only,48,lag_1s,0.2439691722393036,0.19981704652309418,0.1368037611246109
33,reconstruction_only,48,driver_amplitude,0.23868495225906372,0.327860027551651,0.12599296867847443
33,reconstruction_only,48,driver_shape,0.13245336711406708,0.31887397170066833,0.0867004469037056
33,reconstruction_only,48,physiology_tau,0.2439691722393036,0.18459182977676392,0.10727666318416595
33,reconstruction_only,48,unmodeled_dynamics,0.2439691722393036,0.21910277009010315,0.11061322689056396
33,reconstruction_only,49,control,0.49215465784072876,0.1464761644601822,0.1816081702709198
33,reconstruction_only,49,common_basis,0.49215465784072876,0.5250332355499268,0.18292540311813354
33,reconstruction_only,49,common_correlated,0.49215465784072876,1.7116847038269043,0.25528600811958313
33,reconstruction_only,49,common_colored,0.49215465784072876,1.1451033353805542,0.3211861550807953
33,reconstruction_only,49,common_exchange,0.49215465784072876,0.11473970115184784,0.18334828317165375
33,reconstruction_only,49,EEG_gain,0.5634142756462097,0.1464761644601822,0.23727497458457947
33,reconstruction_only,49,Hb_gain,0.49215465784072876,0.17655710875988007,0.21186433732509613
33,reconstruction_only,49,noise,0.4863745868206024,0.151926189661026,0.19319677352905273
33,reconstruction_only,49,lag_1s,0.49215465784072876,0.24464723467826843,0.21913941204547882
33,reconstruction_only,49,driver_amplitude,0.9713701009750366,0.1966744214296341,0.27285292744636536
33,reconstruction_only,49,driver_shape,0.6545407176017761,0.131046861410141,0.18078815937042236
33,reconstruction_only,49,physiology_tau,0.49215465784072876,0.21274515986442566,0.22302696108818054
33,reconstruction_only,49,unmodeled_dynamics,0.49215465784072876,0.1424832046031952,0.2162841409444809
33,reconstruction_only,50,control,0.31533682346343994,0.2800776958465576,0.10463086515665054
33,reconstruction_only,50,common_basis,0.31533682346343994,0.4704758822917938,0.10959574580192566
33,reconstruction_only,50,common_correlated,0.31533682346343994,0.8844514489173889,0.13252763450145721
33,reconstruction_only,50,common_colored,0.31533682346343994,2.734022617340088,0.16093268990516663
33,reconstruction_only,50,common_exchange,0.31533682346343994,0.3981924057006836,0.10515210777521133
33,reconstruction_only,50,EEG_gain,0.3239293098449707,0.2800776958465576,0.16397105157375336
33,reconstruction_only,50,Hb_gain,0.31533682346343994,0.35435399413108826,0.1108761876821518
33,reconstruction_only,50,noise,0.3074021339416504,0.28269702196121216,0.12015952914953232
33,reconstruction_only,50,lag_1s,0.31533682346343994,0.27214983105659485,0.12595035135746002
33,reconstruction_only,50,driver_amplitude,0.3942813277244568,0.36657705903053284,0.15196716785430908
33,reconstruction_only,50,driver_shape,0.2437632530927658,0.3675060272216797,0.11204405874013901
33,reconstruction_only,50,physiology_tau,0.31533682346343994,0.4456610381603241,0.1630082130432129
33,reconstruction_only,50,unmodeled_dynamics,0.31533682346343994,0.2906770706176758,0.1477579027414322
33,reconstruction_only,51,control,0.36833614110946655,0.1050017699599266,0.24190586805343628
33,reconstruction_only,51,common_basis,0.36833614110946655,0.8560566306114197,0.25672951340675354
33,reconstruction_only,51,common_correlated,0.36833614110946655,1.3685826063156128,0.3113187849521637
33,reconstruction_only,51,common_colored,0.36833614110946655,0.7497281432151794,0.33698931336402893
33,reconstruction_only,51,common_exchange,0.36833614110946655,0.19681373238563538,0.24506409466266632
33,reconstruction_only,51,EEG_gain,0.348714143037796,0.1050017699599266,0.3127192556858063
33,reconstruction_only,51,Hb_gain,0.36833614110946655,0.11621022969484329,0.2520553469657898
33,reconstruction_only,51,noise,0.3751077950000763,0.106717549264431,0.24546577036380768
33,reconstruction_only,51,lag_1s,0.36833614110946655,0.25660911202430725,0.2699969410896301
33,reconstruction_only,51,driver_amplitude,0.4023776054382324,0.15109923481941223,0.35945937037467957
33,reconstruction_only,51,driver_shape,0.3255820572376251,0.20141972601413727,0.22869643568992615
33,reconstruction_only,51,physiology_tau,0.36833614110946655,0.16023677587509155,0.27134189009666443
33,reconstruction_only,51,unmodeled_dynamics,0.36833614110946655,0.08169098198413849,0.27169105410575867
33,reconstruction_only,52,control,0.6551670432090759,0.2543341815471649,0.11951080709695816
33,reconstruction_only,52,common_basis,0.6551670432090759,0.3298085629940033,0.11924847960472107
33,reconstruction_only,52,common_correlated,0.6551670432090759,4.642333030700684,0.21528270840644836
33,reconstruction_only,52,common_colored,0.6551670432090759,2.594194173812866,0.20266671478748322
33,reconstruction_only,52,common_exchange,0.6551670432090759,0.7358118891716003,0.2127838283777237
33,reconstruction_only,52,EEG_gain,0.6377600431442261,0.2543341815471649,0.16337968409061432
33,reconstruction_only,52,Hb_gain,0.6551670432090759,0.3197742998600006,0.13119862973690033
33,reconstruction_only,52,noise,0.6625041365623474,0.253753125667572,0.13547256588935852
33,reconstruction_only,52,lag_1s,0.6551670432090759,0.35915255546569824,0.19822098314762115
33,reconstruction_only,52,driver_amplitude,0.8283860683441162,0.3655190169811249,0.19397716224193573
33,reconstruction_only,52,driver_shape,0.5470241904258728,0.32603681087493896,0.11118324846029282
33,reconstruction_only,52,physiology_tau,0.6551670432090759,0.2706596851348877,0.12685316801071167
33,reconstruction_only,52,unmodeled_dynamics,0.6551670432090759,0.22004085779190063,0.12688593566417694
33,reconstruction_only,53,control,0.3071127235889435,0.16037338972091675,0.14303095638751984
33,reconstruction_only,53,common_basis,0.3071127235889435,0.6670351624488831,0.14754222333431244
33,reconstruction_only,53,common_correlated,0.3071127235889435,1.4171438217163086,0.16575199365615845
33,reconstruction_only,53,common_colored,0.3071127235889435,1.7395042181015015,0.18485534191131592
33,reconstruction_only,53,common_exchange,0.3071127235889435,0.12601394951343536,0.14796720445156097
33,reconstruction_only,53,EEG_gain,0.3078784942626953,0.16037338972091675,0.1894155740737915
33,reconstruction_only,53,Hb_gain,0.3071127235889435,0.21864233911037445,0.17638720571994781
33,reconstruction_only,53,noise,0.2991090714931488,0.1595950424671173,0.15763886272907257
33,reconstruction_only,53,lag_1s,0.3071127235889435,0.23719176650047302,0.15921403467655182
33,reconstruction_only,53,driver_amplitude,0.40802818536758423,0.25357785820961,0.223329097032547
33,reconstruction_only,53,driver_shape,0.3036539554595947,0.19154350459575653,0.15485447645187378
33,reconstruction_only,53,physiology_tau,0.3071127235889435,0.09838239848613739,0.17332473397254944
33,reconstruction_only,53,unmodeled_dynamics,0.3071127235889435,0.1211690902709961,0.1500372737646103
33,reconstruction_only,54,control,0.3194252848625183,0.20259834825992584,0.14075742661952972
33,reconstruction_only,54,common_basis,0.3194252848625183,0.46341782808303833,0.1481914520263672
33,reconstruction_only,54,common_correlated,0.3194252848625183,2.7214345932006836,0.332204669713974
33,reconstruction_only,54,common_colored,0.3194252848625183,2.9013075828552246,0.3220340609550476
33,reconstruction_only,54,common_exchange,0.3194252848625183,0.23930668830871582,0.14156374335289001
33,reconstruction_only,54,EEG_gain,0.4083618223667145,0.20259834825992584,0.18147455155849457
33,reconstruction_only,54,Hb_gain,0.3194252848625183,0.27137812972068787,0.15934856235980988
33,reconstruction_only,54,noise,0.31454017758369446,0.20585505664348602,0.15228675305843353
33,reconstruction_only,54,lag_1s,0.3194252848625183,0.17057816684246063,0.18953989446163177
33,reconstruction_only,54,driver_amplitude,0.4781876504421234,0.31619933247566223,0.1989136040210724
33,reconstruction_only,54,driver_shape,0.31557801365852356,0.29281699657440186,0.14627620577812195
33,reconstruction_only,54,physiology_tau,0.3194252848625183,0.3194097876548767,0.18204852938652039
33,reconstruction_only,54,unmodeled_dynamics,0.3194252848625183,0.17592522501945496,0.17214280366897583
33,reconstruction_only,55,control,0.3224469721317291,0.07106688618659973,0.1797066032886505
33,reconstruction_only,55,common_basis,0.3224469721317291,1.0105817317962646,0.20590753853321075
33,reconstruction_only,55,common_correlated,0.3224469721317291,1.7782410383224487,0.2326996773481369
33,reconstruction_only,55,common_colored,0.3224469721317291,1.2008296251296997,0.2366575002670288
33,reconstruction_only,55,common_exchange,0.3224469721317291,0.2926758825778961,0.189158633351326
33,reconstruction_only,55,EEG_gain,0.33537986874580383,0.07106688618659973,0.22747522592544556
33,reconstruction_only,55,Hb_gain,0.3224469721317291,0.09149295091629028,0.22384990751743317
33,reconstruction_only,55,noise,0.33397459983825684,0.06340615451335907,0.1828659176826477
33,reconstruction_only,55,lag_1s,0.3224469721317291,0.2738665044307709,0.23794205486774445
33,reconstruction_only,55,driver_amplitude,0.34708449244499207,0.16839128732681274,0.2706312835216522
33,reconstruction_only,55,driver_shape,0.22359846532344818,0.2348872274160385,0.1926223188638687
33,reconstruction_only,55,physiology_tau,0.3224469721317291,0.23691822588443756,0.21153604984283447
33,reconstruction_only,55,unmodeled_dynamics,0.3224469721317291,0.10921245068311691,0.18873491883277893
33,reconstruction_only,56,control,0.5130747556686401,0.3901737928390503,0.14642433822155
33,reconstruction_only,56,common_basis,0.5130747556686401,0.518721342086792,0.14538711309432983
33,reconstruction_only,56,common_correlated,0.5130747556686401,2.2711007595062256,0.26153841614723206
33,reconstruction_only,56,common_colored,0.5130747556686401,0.7137802839279175,0.3360099196434021
33,reconstruction_only,56,common_exchange,0.5130747556686401,0.38224658370018005,0.1571567803621292
33,reconstruction_only,56,EEG_gain,0.49716275930404663,0.3901737928390503,0.19066692888736725
33,reconstruction_only,56,Hb_gain,0.5130747556686401,0.49475792050361633,0.1513170450925827
33,reconstruction_only,56,noise,0.5219957828521729,0.3897843062877655,0.1578633338212967
33,reconstruction_only,56,lag_1s,0.5130747556686401,0.5365604162216187,0.20306771993637085
33,reconstruction_only,56,driver_amplitude,0.8887584209442139,0.5533146262168884,0.2202521711587906
33,reconstruction_only,56,driver_shape,0.5959054827690125,0.49616965651512146,0.14500883221626282
33,reconstruction_only,56,physiology_tau,0.5130747556686401,0.2887008488178253,0.16787104308605194
33,reconstruction_only,56,unmodeled_dynamics,0.5130747556686401,0.31638041138648987,0.18042004108428955
33,reconstruction_only,57,control,0.7087240815162659,0.32592156529426575,0.12605412304401398
33,reconstruction_only,57,common_basis,0.7087240815162659,1.0923418998718262,0.14234581589698792
33,reconstruction_only,57,common_correlated,0.7087240815162659,1.177137851715088,0.14590096473693848
33,reconstruction_only,57,common_colored,0.7087240815162659,2.581294298171997,0.22444285452365875
33,reconstruction_only,57,common_exchange,0.7087240815162659,0.3256608843803406,0.13025900721549988
33,reconstruction_only,57,EEG_gain,0.64140784740448,0.32592156529426575,0.1663227528333664
33,reconstruction_only,57,Hb_gain,0.7087240815162659,0.40338659286499023,0.12880884110927582
33,reconstruction_only,57,noise,0.7115668058395386,0.3312879800796509,0.13948778808116913
33,reconstruction_only,57,lag_1s,0.7087240815162659,0.33744680881500244,0.13971726596355438
33,reconstruction_only,57,driver_amplitude,0.8475399613380432,0.45509952306747437,0.19419990479946136
33,reconstruction_only,57,driver_shape,0.5935091972351074,0.42191082239151,0.1369323879480362
33,reconstruction_only,57,physiology_tau,0.7087240815162659,0.24418002367019653,0.13576743006706238
33,reconstruction_only,57,unmodeled_dynamics,0.7087240815162659,0.29389360547065735,0.13393400609493256
33,reconstruction_only,58,control,1.012877106666565,0.3762444853782654,0.130392387509346
33,reconstruction_only,58,common_basis,1.012877106666565,0.8656160831451416,0.13966526091098785
33,reconstruction_only,58,common_correlated,1.012877106666565,0.6703115105628967,0.14463971555233002
33,reconstruction_only,58,common_colored,1.012877106666565,1.6980479955673218,0.17055918276309967
33,reconstruction_only,58,common_exchange,1.012877106666565,0.5296940803527832,0.1461534947156906
33,reconstruction_only,58,EEG_gain,0.9855263829231262,0.3762444853782654,0.17968794703483582
33,reconstruction_only,58,Hb_gain,1.012877106666565,0.4777768552303314,0.13995583355426788
33,reconstruction_only,58,noise,1.0001018047332764,0.37075939774513245,0.140043243765831
33,reconstruction_only,58,lag_1s,1.012877106666565,0.3601832985877991,0.15705522894859314
33,reconstruction_only,58,driver_amplitude,1.287628173828125,0.5222476124763489,0.20950523018836975
33,reconstruction_only,58,driver_shape,0.8652270436286926,0.4593577980995178,0.13182009756565094
33,reconstruction_only,58,physiology_tau,1.012877106666565,0.3588613271713257,0.1483996957540512
33,reconstruction_only,58,unmodeled_dynamics,1.012877106666565,0.38534650206565857,0.13729913532733917
33,reconstruction_only,59,control,0.5324961543083191,0.2509254813194275,0.21562829613685608
33,reconstruction_only,59,common_basis,0.5324961543083191,1.4831758737564087,0.24489650130271912
33,reconstruction_only,59,common_correlated,0.5324961543083191,1.1247658729553223,0.26164302229881287
33,reconstruction_only,59,common_colored,0.5324961543083191,1.6603432893753052,0.27478858828544617
33,reconstruction_only,59,common_exchange,0.5324961543083191,0.27063366770744324,0.2159201204776764
33,reconstruction_only,59,EEG_gain,0.582305908203125,0.2509254813194275,0.27871274948120117
33,reconstruction_only,59,Hb_gain,0.5324961543083191,0.3375134766101837,0.23026862740516663
33,reconstruction_only,59,noise,0.52984619140625,0.24729125201702118,0.22372294962406158
33,reconstruction_only,59,lag_1s,0.5324961543083191,0.27434077858924866,0.2564035952091217
33,reconstruction_only,59,driver_amplitude,0.9993693232536316,0.3744063973426819,0.3210877478122711
33,reconstruction_only,59,driver_shape,0.6872749924659729,0.4227038025856018,0.2187010943889618
33,reconstruction_only,59,physiology_tau,0.5324961543083191,0.2137073427438736,0.2173045575618744
33,reconstruction_only,59,unmodeled_dynamics,0.5324961543083191,0.25295519828796387,0.2213936746120453
33,reconstruction_only,60,control,0.5388275384902954,0.2938820719718933,0.0981944277882576
33,reconstruction_only,60,common_basis,0.5388275384902954,1.247623085975647,0.11368287354707718
33,reconstruction_only,60,common_correlated,0.5388275384902954,1.3165919780731201,0.1311183124780655
33,reconstruction_only,60,common_colored,0.5388275384902954,1.4466969966888428,0.1747199296951294
33,reconstruction_only,60,common_exchange,0.5388275384902954,0.23448416590690613,0.09874379634857178
33,reconstruction_only,60,EEG_gain,0.3818203806877136,0.2938820719718933,0.1386060118675232
33,reconstruction_only,60,Hb_gain,0.5388275384902954,0.4028886556625366,0.11902835965156555
33,reconstruction_only,60,noise,0.5278307199478149,0.29224514961242676,0.11032053083181381
33,reconstruction_only,60,lag_1s,0.5388275384902954,0.3082735240459442,0.2020634114742279
33,reconstruction_only,60,driver_amplitude,0.6961459517478943,0.46123597025871277,0.17602775990962982
33,reconstruction_only,60,driver_shape,0.402824729681015,0.24804243445396423,0.11121504008769989
33,reconstruction_only,60,physiology_tau,0.5388275384902954,0.2980816066265106,0.11310823261737823
33,reconstruction_only,60,unmodeled_dynamics,0.5388275384902954,0.24929523468017578,0.12084727734327316
33,reconstruction_only,61,control,0.33344659209251404,0.33131688833236694,0.2258455455303192
33,reconstruction_only,61,common_basis,0.33344659209251404,0.9996351599693298,0.2397143393754959
33,reconstruction_only,61,common_correlated,0.33344659209251404,1.7097724676132202,0.25405001640319824
33,reconstruction_only,61,common_colored,0.33344659209251404,1.6225664615631104,0.3189152777194977
33,reconstruction_only,61,common_exchange,0.33344659209251404,0.6563700437545776,0.2735443413257599
33,reconstruction_only,61,EEG_gain,0.555168867111206,0.33131688833236694,0.30139246582984924
33,reconstruction_only,61,Hb_gain,0.33344659209251404,0.44517430663108826,0.23021939396858215
33,reconstruction_only,61,noise,0.324419766664505,0.33500468730926514,0.23372459411621094
33,reconstruction_only,61,lag_1s,0.33344659209251404,0.44972604513168335,0.2444271743297577
33,reconstruction_only,61,driver_amplitude,0.6453609466552734,0.5220655798912048,0.34359878301620483
33,reconstruction_only,61,driver_shape,0.4746536910533905,0.21732597053050995,0.2224140465259552
33,reconstruction_only,61,physiology_tau,0.33344659209251404,0.21627303957939148,0.2504085898399353
33,reconstruction_only,61,unmodeled_dynamics,0.33344659209251404,0.3218247592449188,0.2511668801307678
33,reconstruction_only,62,control,0.47200077772140503,0.30776938796043396,0.11266032606363297
33,reconstruction_only,62,common_basis,0.47200077772140503,0.7827674746513367,0.12461798638105392
33,reconstruction_only,62,common_correlated,0.47200077772140503,1.89034104347229,0.14233285188674927
33,reconstruction_only,62,common_colored,0.47200077772140503,2.169623851776123,0.21358489990234375
33,reconstruction_only,62,common_exchange,0.47200077772140503,0.14934362471103668,0.16869018971920013
33,reconstruction_only,62,EEG_gain,0.7399654388427734,0.30776938796043396,0.14271315932273865
33,reconstruction_only,62,Hb_gain,0.47200077772140503,0.4184194803237915,0.1551334410905838
33,reconstruction_only,62,noise,0.4666256010532379,0.3163260817527771,0.12996573746204376
33,reconstruction_only,62,lag_1s,0.47200077772140503,0.4300648868083954,0.15791448950767517
33,reconstruction_only,62,driver_amplitude,0.8894252777099609,0.4854286015033722,0.1727135181427002
33,reconstruction_only,62,driver_shape,0.5899897813796997,0.199784055352211,0.11406753212213516
33,reconstruction_only,62,physiology_tau,0.47200077772140503,0.3091947138309479,0.14135771989822388
33,reconstruction_only,62,unmodeled_dynamics,0.47200077772140503,0.2574392855167389,0.13682354986667633
33,reconstruction_only,63,control,0.6850661635398865,0.16450905799865723,0.27025121450424194
33,reconstruction_only,63,common_basis,0.6850661635398865,0.4345848560333252,0.27072322368621826
33,reconstruction_only,63,common_correlated,0.6850661635398865,1.3724725246429443,0.29764607548713684
33,reconstruction_only,63,common_colored,0.6850661635398865,1.645797610282898,0.3072397708892822
33,reconstruction_only,63,common_exchange,0.6850661635398865,0.2758839428424835,0.2793228030204773
33,reconstruction_only,63,EEG_gain,0.5898016095161438,0.16450905799865723,0.35080811381340027
33,reconstruction_only,63,Hb_gain,0.6850661635398865,0.1938902735710144,0.2776530385017395
33,reconstruction_only,63,noise,0.6915358901023865,0.1631769984960556,0.2792145311832428
33,reconstruction_only,63,lag_1s,0.6850661635398865,0.0904637798666954,0.3130289614200592
33,reconstruction_only,63,driver_amplitude,0.8780461549758911,0.20274220407009125,0.40423518419265747
33,reconstruction_only,63,driver_shape,0.5833078622817993,0.27980637550354004,0.2764235734939575
33,reconstruction_only,63,physiology_tau,0.6850661635398865,0.1614258736371994,0.27578216791152954
33,reconstruction_only,63,unmodeled_dynamics,0.6850661635398865,0.13673993945121765,0.2772951126098633
33,reconstruction_only,64,control,0.46298807859420776,0.24619565904140472,0.09217029064893723
33,reconstruction_only,64,common_basis,0.46298807859420776,1.6009665727615356,0.1392028033733368
33,reconstruction_only,64,common_correlated,0.46298807859420776,1.8356170654296875,0.11723735928535461
33,reconstruction_only,64,common_colored,0.46298807859420776,2.4421050548553467,0.1464202105998993
33,reconstruction_only,64,common_exchange,0.46298807859420776,0.41352301836013794,0.10584209114313126
33,reconstruction_only,64,EEG_gain,0.4068306088447571,0.24619565904140472,0.1142318993806839
33,reconstruction_only,64,Hb_gain,0.46298807859420776,0.34141862392425537,0.11298545449972153
33,reconstruction_only,64,noise,0.46566298604011536,0.23881275951862335,0.10941115766763687
33,reconstruction_only,64,lag_1s,0.46298807859420776,0.4485095739364624,0.16824428737163544
33,reconstruction_only,64,driver_amplitude,0.5543947815895081,0.4036715626716614,0.14920952916145325
33,reconstruction_only,64,driver_shape,0.4058516025543213,0.17015863955020905,0.09427487105131149
33,reconstruction_only,64,physiology_tau,0.46298807859420776,0.19333131611347198,0.10755518823862076
33,reconstruction_only,64,unmodeled_dynamics,0.46298807859420776,0.21723443269729614,0.11930334568023682
33,reconstruction_only,65,control,0.5229673981666565,0.20589450001716614,0.17090252041816711
33,reconstruction_only,65,common_basis,0.5229673981666565,0.7844765186309814,0.18442007899284363
33,reconstruction_only,65,common_correlated,0.5229673981666565,1.3781896829605103,0.18981365859508514
33,reconstruction_only,65,common_colored,0.5229673981666565,1.9182196855545044,0.21056349575519562
33,reconstruction_only,65,common_exchange,0.5229673981666565,0.19739007949829102,0.174904003739357
33,reconstruction_only,65,EEG_gain,0.5935622453689575,0.20589450001716614,0.2184508591890335
33,reconstruction_only,65,Hb_gain,0.5229673981666565,0.26400044560432434,0.18441183865070343
33,reconstruction_only,65,noise,0.5532812476158142,0.20460936427116394,0.17741453647613525
33,reconstruction_only,65,lag_1s,0.5229673981666565,0.23617172241210938,0.1879597008228302
33,reconstruction_only,65,driver_amplitude,0.9347705245018005,0.3151751756668091,0.25869667530059814
33,reconstruction_only,65,driver_shape,0.6060507893562317,0.28196367621421814,0.17638859152793884
33,reconstruction_only,65,physiology_tau,0.5229673981666565,0.4846113622188568,0.1796942949295044
33,reconstruction_only,65,unmodeled_dynamics,0.5229673981666565,0.21398887038230896,0.18051360547542572
33,reconstruction_only,66,control,0.43795961141586304,0.1713203489780426,0.09761391580104828
33,reconstruction_only,66,common_basis,0.43795961141586304,0.3131116032600403,0.1049315482378006
33,reconstruction_only,66,common_correlated,0.43795961141586304,0.9052610993385315,0.2793961465358734
33,reconstruction_only,66,common_colored,0.43795961141586304,2.248323917388916,0.2715914249420166
33,reconstruction_only,66,common_exchange,0.43795961141586304,0.1354784369468689,0.11705034226179123
33,reconstruction_only,66,EEG_gain,0.6031461358070374,0.1713203489780426,0.13987085223197937
33,reconstruction_only,66,Hb_gain,0.43795961141586304,0.24648122489452362,0.13755609095096588
33,reconstruction_only,66,noise,0.4420173466205597,0.174963116645813,0.10972915589809418
33,reconstruction_only,66,lag_1s,0.43795961141586304,0.1542351245880127,0.18763215839862823
33,reconstruction_only,66,driver_amplitude,0.8254668116569519,0.26991260051727295,0.15081429481506348
33,reconstruction_only,66,driver_shape,0.6267627477645874,0.07307714223861694,0.11690761148929596
33,reconstruction_only,66,physiology_tau,0.43795961141586304,0.1399853229522705,0.17585033178329468
33,reconstruction_only,66,unmodeled_dynamics,0.43795961141586304,0.13070544600486755,0.16483049094676971
33,reconstruction_only,67,control,0.5451326966285706,0.15784499049186707,0.15540958940982819
33,reconstruction_only,67,common_basis,0.5451326966285706,0.264029860496521,0.1630343347787857
33,reconstruction_only,67,common_correlated,0.5451326966285706,1.5190547704696655,0.16987855732440948
33,reconstruction_only,67,common_colored,0.5451326966285706,1.6281713247299194,0.1761181801557541
33,reconstruction_only,67,common_exchange,0.5451326966285706,0.3922998905181885,0.17571350932121277
33,reconstruction_only,67,EEG_gain,0.3578905761241913,0.15784499049186707,0.20287849009037018
33,reconstruction_only,67,Hb_gain,0.5451326966285706,0.20542246103286743,0.17953358590602875
33,reconstruction_only,67,noise,0.5449238419532776,0.15648479759693146,0.16766901314258575
33,reconstruction_only,67,lag_1s,0.5451326966285706,0.07857275009155273,0.18174198269844055
33,reconstruction_only,67,driver_amplitude,0.6015035510063171,0.24897438287734985,0.23375917971134186
33,reconstruction_only,67,driver_shape,0.3838365972042084,0.28997933864593506,0.164669930934906
33,reconstruction_only,67,physiology_tau,0.5451326966285706,0.14509497582912445,0.18214891850948334
33,reconstruction_only,67,unmodeled_dynamics,0.5451326966285706,0.16548115015029907,0.16775445640087128
33,reconstruction_only,68,control,0.2481977790594101,0.1481563001871109,0.1342037469148636
33,reconstruction_only,68,common_basis,0.2481977790594101,0.7532094120979309,0.15814068913459778
33,reconstruction_only,68,common_correlated,0.2481977790594101,1.4602606296539307,0.22776475548744202
33,reconstruction_only,68,common_colored,0.2481977790594101,0.8760612607002258,0.21636328101158142
33,reconstruction_only,68,common_exchange,0.2481977790594101,0.25610190629959106,0.14724472165107727
33,reconstruction_only,68,EEG_gain,0.32243314385414124,0.1481563001871109,0.18621130287647247
33,reconstruction_only,68,Hb_gain,0.2481977790594101,0.18913275003433228,0.15105879306793213
33,reconstruction_only,68,noise,0.24284525215625763,0.14374664425849915,0.14907404780387878
33,reconstruction_only,68,lag_1s,0.2481977790594101,0.22662438452243805,0.18178971111774445
33,reconstruction_only,68,driver_amplitude,0.47945737838745117,0.22899499535560608,0.21650473773479462
33,reconstruction_only,68,driver_shape,0.34332552552223206,0.2747906446456909,0.14698642492294312
33,reconstruction_only,68,physiology_tau,0.2481977790594101,0.30860435962677,0.18561959266662598
33,reconstruction_only,68,unmodeled_dynamics,0.2481977790594101,0.11877573281526566,0.18661440908908844
33,reconstruction_only,69,control,0.45326855778694153,0.24519431591033936,0.22216270864009857
33,reconstruction_only,69,common_basis,0.45326855778694153,0.9964578747749329,0.22647467255592346
33,reconstruction_only,69,common_correlated,0.45326855778694153,1.7172234058380127,0.24540656805038452
33,reconstruction_only,69,common_colored,0.45326855778694153,2.9555914402008057,0.3219395875930786
33,reconstruction_only,69,common_exchange,0.45326855778694153,0.41758105158805847,0.22826018929481506
33,reconstruction_only,69,EEG_gain,0.4304845929145813,0.24519431591033936,0.29585742950439453
33,reconstruction_only,69,Hb_gain,0.45326855778694153,0.31531643867492676,0.23026445508003235
33,reconstruction_only,69,noise,0.4597315788269043,0.24764734506607056,0.23365509510040283
33,reconstruction_only,69,lag_1s,0.45326855778694153,0.22273969650268555,0.24208354949951172
33,reconstruction_only,69,driver_amplitude,0.4853702187538147,0.364872545003891,0.33308038115501404
33,reconstruction_only,69,driver_shape,0.32721424102783203,0.316668838262558,0.2249319702386856
33,reconstruction_only,69,physiology_tau,0.45326855778694153,0.32371026277542114,0.24322032928466797
33,reconstruction_only,69,unmodeled_dynamics,0.45326855778694153,0.24882729351520538,0.23891262710094452
33,reconstruction_only,70,control,0.32604533433914185,0.25897637009620667,0.18407532572746277
33,reconstruction_only,70,common_basis,0.32604533433914185,0.4404388964176178,0.18951109051704407
33,reconstruction_only,70,common_correlated,0.32604533433914185,1.651185154914856,0.3296182453632355
33,reconstruction_only,70,common_colored,0.32604533433914185,1.061247706413269,0.30456969141960144
33,reconstruction_only,70,common_exchange,0.32604533433914185,0.2819972038269043,0.19516649842262268
33,reconstruction_only,70,EEG_gain,0.410763680934906,0.25897637009620667,0.22374358773231506
33,reconstruction_only,70,Hb_gain,0.32604533433914185,0.37172698974609375,0.22087626159191132
33,reconstruction_only,70,noise,0.3168998956680298,0.24635310471057892,0.1952962726354599
33,reconstruction_only,70,lag_1s,0.32604533433914185,0.15694233775138855,0.2483893781900406
33,reconstruction_only,70,driver_amplitude,0.5662006735801697,0.41011497378349304,0.26957571506500244
33,reconstruction_only,70,driver_shape,0.2807272970676422,0.11942221224308014,0.16102060675621033
33,reconstruction_only,70,physiology_tau,0.32604533433914185,0.09701377153396606,0.19232937693595886
33,reconstruction_only,70,unmodeled_dynamics,0.32604533433914185,0.27883851528167725,0.21158954501152039
33,reconstruction_only,71,control,0.4547240734100342,0.2083384394645691,0.22233887016773224
33,reconstruction_only,71,common_basis,0.4547240734100342,0.8255163431167603,0.23173381388187408
33,reconstruction_only,71,common_correlated,0.4547240734100342,0.5213416814804077,0.2689265310764313
33,reconstruction_only,71,common_colored,0.4547240734100342,3.049260377883911,0.32648593187332153
33,reconstruction_only,71,common_exchange,0.4547240734100342,0.2448710799217224,0.22162477672100067
33,reconstruction_only,71,EEG_gain,0.392551451921463,0.2083384394645691,0.2852783799171448
33,reconstruction_only,71,Hb_gain,0.4547240734100342,0.24683251976966858,0.23097264766693115
33,reconstruction_only,71,noise,0.44580698013305664,0.20840077102184296,0.23062284290790558
33,reconstruction_only,71,lag_1s,0.4547240734100342,0.27410319447517395,0.24755001068115234
33,reconstruction_only,71,driver_amplitude,0.47428080439567566,0.27419859170913696,0.3263014554977417
33,reconstruction_only,71,driver_shape,0.33528637886047363,0.2776449918746948,0.22550886869430542
33,reconstruction_only,71,physiology_tau,0.4547240734100342,0.1693570613861084,0.23600642383098602
33,reconstruction_only,71,unmodeled_dynamics,0.4547240734100342,0.1671772301197052,0.23982428014278412
33,reconstruction_only,72,control,0.25261393189430237,0.20660847425460815,0.10536109656095505
33,reconstruction_only,72,common_basis,0.25261393189430237,0.8695383071899414,0.14393910765647888
33,reconstruction_only,72,common_correlated,0.25261393189430237,1.8910959959030151,0.1674315631389618
33,reconstruction_only,72,common_colored,0.25261393189430237,1.3471983671188354,0.17646081745624542
33,reconstruction_only,72,common_exchange,0.25261393189430237,0.33276912569999695,0.13141809403896332
33,reconstruction_only,72,EEG_gain,0.6953917145729065,0.20660847425460815,0.13433462381362915
33,reconstruction_only,72,Hb_gain,0.25261393189430237,0.2803143560886383,0.20467539131641388
33,reconstruction_only,72,noise,0.25347641110420227,0.20230118930339813,0.11908110231161118
33,reconstruction_only,72,lag_1s,0.25261393189430237,0.48048219084739685,0.14807160198688507
33,reconstruction_only,72,driver_amplitude,0.5848352909088135,0.3312477767467499,0.1761230230331421
33,reconstruction_only,72,driver_shape,0.31130000948905945,0.14701531827449799,0.1041523888707161
33,reconstruction_only,72,physiology_tau,0.25261393189430237,0.13955728709697723,0.22215594351291656
33,reconstruction_only,72,unmodeled_dynamics,0.25261393189430237,0.17656509578227997,0.12055329978466034
33,reconstruction_only,73,control,0.7073643207550049,0.1755327731370926,0.16211791336536407
33,reconstruction_only,73,common_basis,0.7073643207550049,0.6072893142700195,0.1769416183233261
33,reconstruction_only,73,common_correlated,0.7073643207550049,1.4163976907730103,0.18740111589431763
33,reconstruction_only,73,common_colored,0.7073643207550049,1.0003522634506226,0.2920858561992645
33,reconstruction_only,73,common_exchange,0.7073643207550049,0.10892529785633087,0.17315110564231873
33,reconstruction_only,73,EEG_gain,0.7423083782196045,0.1755327731370926,0.20986934006214142
33,reconstruction_only,73,Hb_gain,0.7073643207550049,0.2198604792356491,0.17774532735347748
33,reconstruction_only,73,noise,0.7077182531356812,0.1767931580543518,0.1761927306652069
33,reconstruction_only,73,lag_1s,0.7073643207550049,0.21756169199943542,0.18891620635986328
33,reconstruction_only,73,driver_amplitude,1.2682340145111084,0.2399776428937912,0.24364028871059418
33,reconstruction_only,73,driver_shape,0.8339784741401672,0.17248931527137756,0.17000213265419006
33,reconstruction_only,73,physiology_tau,0.7073643207550049,0.2203049659729004,0.21172527968883514
33,reconstruction_only,73,unmodeled_dynamics,0.7073643207550049,0.24401898682117462,0.19001826643943787
33,reconstruction_only,74,control,0.5199992656707764,0.7307904362678528,0.1129256933927536
33,reconstruction_only,74,common_basis,0.5199992656707764,0.6455016136169434,0.11837707459926605
33,reconstruction_only,74,common_correlated,0.5199992656707764,1.4283522367477417,0.13952159881591797
33,reconstruction_only,74,common_colored,0.5199992656707764,3.352214813232422,0.29226598143577576
33,reconstruction_only,74,common_exchange,0.5199992656707764,0.7393909692764282,0.1260341852903366
33,reconstruction_only,74,EEG_gain,0.7739849090576172,0.7307904362678528,0.1560654193162918
33,reconstruction_only,74,Hb_gain,0.5199992656707764,0.9671258926391602,0.13046197593212128
33,reconstruction_only,74,noise,0.5077805519104004,0.7321348190307617,0.12151392549276352
33,reconstruction_only,74,lag_1s,0.5199992656707764,0.817748486995697,0.16177968680858612
33,reconstruction_only,74,driver_amplitude,0.9798256158828735,1.055177092552185,0.16706864535808563
33,reconstruction_only,74,driver_shape,0.6757649779319763,0.5706004500389099,0.12712536752223969
33,reconstruction_only,74,physiology_tau,0.5199992656707764,0.38013583421707153,0.1255631446838379
33,reconstruction_only,74,unmodeled_dynamics,0.5199992656707764,0.682210385799408,0.11427365243434906
33,reconstruction_only,75,control,0.5829099416732788,0.16472379863262177,0.21160632371902466
33,reconstruction_only,75,common_basis,0.5829099416732788,0.6245012879371643,0.21126167476177216
33,reconstruction_only,75,common_correlated,0.5829099416732788,1.7705470323562622,0.22910451889038086
33,reconstruction_only,75,common_colored,0.5829099416732788,1.1472188234329224,0.2978227734565735
33,reconstruction_only,75,common_exchange,0.5829099416732788,0.20653203129768372,0.21262073516845703
33,reconstruction_only,75,EEG_gain,0.5157298445701599,0.16472379863262177,0.27703168988227844
33,reconstruction_only,75,Hb_gain,0.5829099416732788,0.19822347164154053,0.22412119805812836
33,reconstruction_only,75,noise,0.5782238841056824,0.16547517478466034,0.21454568207263947
33,reconstruction_only,75,lag_1s,0.5829099416732788,0.14579996466636658,0.2230490744113922
33,reconstruction_only,75,driver_amplitude,0.7636303901672363,0.20395039021968842,0.3179170787334442
33,reconstruction_only,75,driver_shape,0.5342488884925842,0.2759603261947632,0.2061314731836319
33,reconstruction_only,75,physiology_tau,0.5829099416732788,0.20298904180526733,0.24072493612766266
33,reconstruction_only,75,unmodeled_dynamics,0.5829099416732788,0.1924583613872528,0.21666941046714783
33,reconstruction_only,76,control,0.14301766455173492,0.20022810995578766,0.11286653578281403
33,reconstruction_only,76,common_basis,0.14301766455173492,0.25593656301498413,0.1149362251162529
33,reconstruction_only,76,common_correlated,0.14301766455173492,2.771357297897339,0.21958322823047638
33,reconstruction_only,76,common_colored,0.14301766455173492,1.8206499814987183,0.23105476796627045
33,reconstruction_only,76,common_exchange,0.14301766455173492,0.3676188588142395,0.15266935527324677
33,reconstruction_only,76,EEG_gain,0.32419347763061523,0.20022810995578766,0.16772760450839996
33,reconstruction_only,76,Hb_gain,0.14301766455173492,0.2546030580997467,0.15323883295059204
33,reconstruction_only,76,noise,0.15239942073822021,0.19984909892082214,0.12382923066616058
33,reconstruction_only,76,lag_1s,0.14301766455173492,0.2042882740497589,0.20839788019657135
33,reconstruction_only,76,driver_amplitude,0.29935529828071594,0.2940698266029358,0.18137416243553162
33,reconstruction_only,76,driver_shape,0.18107369542121887,0.2275286763906479,0.11609891057014465
33,reconstruction_only,76,physiology_tau,0.14301766455173492,0.3792179226875305,0.19272366166114807
33,reconstruction_only,76,unmodeled_dynamics,0.14301766455173492,0.18464738130569458,0.15664304792881012
33,reconstruction_only,77,control,0.7279892563819885,0.27514785528182983,0.2761816680431366
33,reconstruction_only,77,common_basis,0.7279892563819885,0.8118494153022766,0.2794327437877655
33,reconstruction_only,77,common_correlated,0.7279892563819885,1.2635279893875122,0.31811782717704773
33,reconstruction_only,77,common_colored,0.7279892563819885,1.4900212287902832,0.42191818356513977
33,reconstruction_only,77,common_exchange,0.7279892563819885,0.16352681815624237,0.2853888273239136
33,reconstruction_only,77,EEG_gain,0.5653461217880249,0.27514785528182983,0.36223965883255005
33,reconstruction_only,77,Hb_gain,0.7279892563819885,0.35430482029914856,0.28086984157562256
33,reconstruction_only,77,noise,0.7135955095291138,0.27162685990333557,0.2783159613609314
33,reconstruction_only,77,lag_1s,0.7279892563819885,0.20063045620918274,0.30881357192993164
33,reconstruction_only,77,driver_amplitude,0.9304062724113464,0.4109955430030823,0.4192308485507965
33,reconstruction_only,77,driver_shape,0.6038702726364136,0.41364023089408875,0.28957000374794006
33,reconstruction_only,77,physiology_tau,0.7279892563819885,0.21580708026885986,0.3042602241039276
33,reconstruction_only,77,unmodeled_dynamics,0.7279892563819885,0.2505705952644348,0.3006744682788849
33,reconstruction_only,78,control,0.4018859565258026,0.11713801324367523,0.12201493978500366
33,reconstruction_only,78,common_basis,0.4018859565258026,1.0307985544204712,0.18854834139347076
33,reconstruction_only,78,common_correlated,0.4018859565258026,3.284982681274414,0.21659979224205017
33,reconstruction_only,78,common_colored,0.4018859565258026,2.5203802585601807,0.24806322157382965
33,reconstruction_only,78,common_exchange,0.4018859565258026,0.2667253017425537,0.1532450020313263
33,reconstruction_only,78,EEG_gain,0.47028017044067383,0.11713801324367523,0.1610591858625412
33,reconstruction_only,78,Hb_gain,0.4018859565258026,0.16977229714393616,0.13279616832733154
33,reconstruction_only,78,noise,0.41405099630355835,0.11382437497377396,0.13200253248214722
33,reconstruction_only,78,lag_1s,0.4018859565258026,0.10503533482551575,0.17817603051662445
33,reconstruction_only,78,driver_amplitude,0.802707850933075,0.2053770273923874,0.18378567695617676
33,reconstruction_only,78,driver_shape,0.5783603191375732,0.23217123746871948,0.137380912899971
33,reconstruction_only,78,physiology_tau,0.4018859565258026,0.4059184491634369,0.17377158999443054
33,reconstruction_only,78,unmodeled_dynamics,0.4018859565258026,0.15440304577350616,0.18593093752861023
33,reconstruction_only,79,control,0.37959566712379456,0.2984227240085602,0.18736861646175385
33,reconstruction_only,79,common_basis,0.37959566712379456,0.42706191539764404,0.18482695519924164
33,reconstruction_only,79,common_correlated,0.37959566712379456,1.3528096675872803,0.23715469241142273
33,reconstruction_only,79,common_colored,0.37959566712379456,1.4721474647521973,0.2508850395679474
33,reconstruction_only,79,common_exchange,0.37959566712379456,0.7291874289512634,0.18835322558879852
33,reconstruction_only,79,EEG_gain,0.3381371796131134,0.2984227240085602,0.23643790185451508
33,reconstruction_only,79,Hb_gain,0.37959566712379456,0.3877893388271332,0.20124484598636627
33,reconstruction_only,79,noise,0.4080735445022583,0.2977064251899719,0.1960994452238083
33,reconstruction_only,79,lag_1s,0.37959566712379456,0.2780487835407257,0.2963436543941498
33,reconstruction_only,79,driver_amplitude,0.7257726192474365,0.3754791021347046,0.2767045795917511
33,reconstruction_only,79,driver_shape,0.48322540521621704,0.1780652403831482,0.18521982431411743
33,reconstruction_only,79,physiology_tau,0.37959566712379456,0.2633524239063263,0.1970173418521881
33,reconstruction_only,79,unmodeled_dynamics,0.37959566712379456,0.26208195090293884,0.20239757001399994
33,reconstruction_only,80,control,0.7213832139968872,0.4444147050380707,0.10922271013259888
33,reconstruction_only,80,common_basis,0.7213832139968872,1.2071655988693237,0.12606926262378693
33,reconstruction_only,80,common_correlated,0.7213832139968872,1.0754145383834839,0.11195638030767441
33,reconstruction_only,80,common_colored,0.7213832139968872,1.8595579862594604,0.23299725353717804
33,reconstruction_only,80,common_exchange,0.7213832139968872,0.32472512125968933,0.1182679533958435
33,reconstruction_only,80,EEG_gain,0.911465585231781,0.4444147050380707,0.1470716893672943
33,reconstruction_only,80,Hb_gain,0.7213832139968872,0.597755491733551,0.11806342750787735
33,reconstruction_only,80,noise,0.7242599725723267,0.44446849822998047,0.12494666129350662
33,reconstruction_only,80,lag_1s,0.7213832139968872,0.36996591091156006,0.14941003918647766
33,reconstruction_only,80,driver_amplitude,1.286033034324646,0.6949304938316345,0.18186639249324799
33,reconstruction_only,80,driver_shape,0.8753828406333923,0.31557855010032654,0.09414660185575485
33,reconstruction_only,80,physiology_tau,0.7213832139968872,0.4778495132923126,0.1143810898065567
33,reconstruction_only,80,unmodeled_dynamics,0.7213832139968872,0.4313359260559082,0.12165884673595428
33,reconstruction_only,81,control,0.3595591187477112,0.2732732892036438,0.23030714690685272
33,reconstruction_only,81,common_basis,0.3595591187477112,1.2082984447479248,0.23387977480888367
33,reconstruction_only,81,common_correlated,0.3595591187477112,0.7484428286552429,0.29065847396850586
33,reconstruction_only,81,common_colored,0.3595591187477112,2.577324867248535,0.30025118589401245
33,reconstruction_only,81,common_exchange,0.3595591187477112,0.29804202914237976,0.23667751252651215
33,reconstruction_only,81,EEG_gain,0.28514552116394043,0.2732732892036438,0.3029337525367737
33,reconstruction_only,81,Hb_gain,0.3595591187477112,0.3323006331920624,0.23347605764865875
33,reconstruction_only,81,noise,0.366640567779541,0.27399277687072754,0.23421522974967957
33,reconstruction_only,81,lag_1s,0.3595591187477112,0.3047488331794739,0.25103455781936646
33,reconstruction_only,81,driver_amplitude,0.3345211446285248,0.3713747560977936,0.3464941680431366
33,reconstruction_only,81,driver_shape,0.2586309611797333,0.3837446868419647,0.22967715561389923
33,reconstruction_only,81,physiology_tau,0.3595591187477112,0.2144325077533722,0.24864400923252106
33,reconstruction_only,81,unmodeled_dynamics,0.3595591187477112,0.1850757598876953,0.24666239321231842
33,reconstruction_only,82,control,0.25987738370895386,0.5304855108261108,0.11738336831331253
33,reconstruction_only,82,common_basis,0.25987738370895386,1.374107003211975,0.1238294243812561
33,reconstruction_only,82,common_correlated,0.25987738370895386,2.749382734298706,0.1603143811225891
33,reconstruction_only,82,common_colored,0.25987738370895386,1.3847910165786743,0.18482153117656708
33,reconstruction_only,82,common_exchange,0.25987738370895386,1.1416972875595093,0.20881527662277222
33,reconstruction_only,82,EEG_gain,0.3281479775905609,0.5304855108261108,0.16643455624580383
33,reconstruction_only,82,Hb_gain,0.25987738370895386,0.6897477507591248,0.1635073572397232
33,reconstruction_only,82,noise,0.258621484041214,0.519675612449646,0.12665067613124847
33,reconstruction_only,82,lag_1s,0.25987738370895386,0.4577525556087494,0.1977660059928894
33,reconstruction_only,82,driver_amplitude,0.24201178550720215,0.7615386247634888,0.19034318625926971
33,reconstruction_only,82,driver_shape,0.22681869566440582,0.4105660021305084,0.12401729077100754
33,reconstruction_only,82,physiology_tau,0.25987738370895386,0.6805337071418762,0.130588099360466
33,reconstruction_only,82,unmodeled_dynamics,0.25987738370895386,0.440664142370224,0.12167412042617798
33,reconstruction_only,83,control,0.3358549177646637,0.15604525804519653,0.18460939824581146
33,reconstruction_only,83,common_basis,0.3358549177646637,0.8553264141082764,0.19494614005088806
33,reconstruction_only,83,common_correlated,0.3358549177646637,1.612524390220642,0.19825513660907745
33,reconstruction_only,83,common_colored,0.3358549177646637,1.2362232208251953,0.24216905236244202
33,reconstruction_only,83,common_exchange,0.3358549177646637,0.23091261088848114,0.19347041845321655
33,reconstruction_only,83,EEG_gain,0.6005516052246094,0.15604525804519653,0.24063965678215027
33,reconstruction_only,83,Hb_gain,0.3358549177646637,0.21243633329868317,0.19344022870063782
33,reconstruction_only,83,noise,0.345211923122406,0.15686485171318054,0.19731402397155762
33,reconstruction_only,83,lag_1s,0.3358549177646637,0.29698753356933594,0.19815833866596222
33,reconstruction_only,83,driver_amplitude,0.6373364925384521,0.2780291438102722,0.2687937617301941
33,reconstruction_only,83,driver_shape,0.40753287076950073,0.2428046613931656,0.1927471160888672
33,reconstruction_only,83,physiology_tau,0.3358549177646637,0.17426805198192596,0.19649043679237366
33,reconstruction_only,83,unmodeled_dynamics,0.3358549177646637,0.11931454390287399,0.19887298345565796
33,reconstruction_only,84,control,0.2495875358581543,0.2541588544845581,0.1130281388759613
33,reconstruction_only,84,common_basis,0.2495875358581543,0.9285402297973633,0.14040014147758484
33,reconstruction_only,84,common_correlated,0.2495875358581543,1.760513424873352,0.1626148670911789
33,reconstruction_only,84,common_colored,0.2495875358581543,1.5219937562942505,0.19331231713294983
33,reconstruction_only,84,common_exchange,0.2495875358581543,0.609497606754303,0.14404872059822083
33,reconstruction_only,84,EEG_gain,0.5585265755653381,0.2541588544845581,0.14937765896320343
33,reconstruction_only,84,Hb_gain,0.2495875358581543,0.34532061219215393,0.16987381875514984
33,reconstruction_only,84,noise,0.2722490727901459,0.25524401664733887,0.1344722956418991
33,reconstruction_only,84,lag_1s,0.2495875358581543,0.413619726896286,0.1280902475118637
33,reconstruction_only,84,driver_amplitude,0.4971309006214142,0.39831846952438354,0.1723472774028778
33,reconstruction_only,84,driver_shape,0.24557140469551086,0.21784240007400513,0.09125781059265137
33,reconstruction_only,84,physiology_tau,0.2495875358581543,0.15586329996585846,0.18041209876537323
33,reconstruction_only,84,unmodeled_dynamics,0.2495875358581543,0.2220529466867447,0.12753182649612427
33,reconstruction_only,85,control,0.7247285842895508,0.22378355264663696,0.2719492018222809
33,reconstruction_only,85,common_basis,0.7247285842895508,1.2593456506729126,0.2826465368270874
33,reconstruction_only,85,common_correlated,0.7247285842895508,1.3087384700775146,0.3125680387020111
33,reconstruction_only,85,common_colored,0.7247285842895508,2.262299060821533,0.32874593138694763
33,reconstruction_only,85,common_exchange,0.7247285842895508,0.44502562284469604,0.2784842252731323
33,reconstruction_only,85,EEG_gain,0.6725628972053528,0.22378355264663696,0.3505026400089264
33,reconstruction_only,85,Hb_gain,0.7247285842895508,0.2937889099121094,0.2791160047054291
33,reconstruction_only,85,noise,0.7487425804138184,0.22520683705806732,0.277199923992157
33,reconstruction_only,85,lag_1s,0.7247285842895508,0.2662845551967621,0.29238468408584595
33,reconstruction_only,85,driver_amplitude,0.8846109509468079,0.343174010515213,0.4102989435195923
33,reconstruction_only,85,driver_shape,0.562444806098938,0.26829853653907776,0.2773387134075165
33,reconstruction_only,85,physiology_tau,0.7247285842895508,0.20469853281974792,0.27372950315475464
33,reconstruction_only,85,unmodeled_dynamics,0.7247285842895508,0.19097121059894562,0.2845478653907776
33,reconstruction_only,86,control,0.368476003408432,0.5127273201942444,0.15773731470108032
33,reconstruction_only,86,common_basis,0.368476003408432,1.092769742012024,0.17740556597709656
33,reconstruction_only,86,common_correlated,0.368476003408432,2.4812326431274414,0.1841949224472046
33,reconstruction_only,86,common_colored,0.368476003408432,1.459449052810669,0.24617013335227966
33,reconstruction_only,86,common_exchange,0.368476003408432,0.47360268235206604,0.17219160497188568
33,reconstruction_only,86,EEG_gain,0.4426702857017517,0.5127273201942444,0.200733482837677
33,reconstruction_only,86,Hb_gain,0.368476003408432,0.6755275130271912,0.17162708938121796
33,reconstruction_only,86,noise,0.3672892153263092,0.5105338096618652,0.16894464194774628
33,reconstruction_only,86,lag_1s,0.368476003408432,0.46237465739250183,0.21121180057525635
33,reconstruction_only,86,driver_amplitude,0.76127690076828,0.6990574598312378,0.24002516269683838
33,reconstruction_only,86,driver_shape,0.47982120513916016,0.3605438768863678,0.14488720893859863
33,reconstruction_only,86,physiology_tau,0.368476003408432,0.2985183894634247,0.16147582232952118
33,reconstruction_only,86,unmodeled_dynamics,0.368476003408432,0.4721003770828247,0.18693803250789642
33,reconstruction_only,87,control,0.40988868474960327,0.27157893776893616,0.22888429462909698
33,reconstruction_only,87,common_basis,0.40988868474960327,0.7584099769592285,0.23038725554943085
33,reconstruction_only,87,common_correlated,0.40988868474960327,1.3509142398834229,0.27340686321258545
33,reconstruction_only,87,common_colored,0.40988868474960327,1.8918731212615967,0.3016083538532257
33,reconstruction_only,87,common_exchange,0.40988868474960327,0.46246206760406494,0.24839289486408234
33,reconstruction_only,87,EEG_gain,0.42569151520729065,0.27157893776893616,0.29866087436676025
33,reconstruction_only,87,Hb_gain,0.40988868474960327,0.3556382358074188,0.22996002435684204
33,reconstruction_only,87,noise,0.41102665662765503,0.2683151960372925,0.24148651957511902
33,reconstruction_only,87,lag_1s,0.40988868474960327,0.23145166039466858,0.27097418904304504
33,reconstruction_only,87,driver_amplitude,0.6288684606552124,0.37979814410209656,0.3357713222503662
33,reconstruction_only,87,driver_shape,0.39279961585998535,0.385736882686615,0.24089373648166656
33,reconstruction_only,87,physiology_tau,0.40988868474960327,0.2792840003967285,0.24741007387638092
33,reconstruction_only,87,unmodeled_dynamics,0.40988868474960327,0.23030558228492737,0.24373537302017212
33,reconstruction_only,88,control,0.849854588508606,0.24483805894851685,0.10434648394584656
33,reconstruction_only,88,common_basis,0.849854588508606,0.4259395897388458,0.10399795323610306
33,reconstruction_only,88,common_correlated,0.849854588508606,1.3557418584823608,0.1262800246477127
33,reconstruction_only,88,common_colored,0.849854588508606,2.4863059520721436,0.19893011450767517
33,reconstruction_only,88,common_exchange,0.849854588508606,0.19068777561187744,0.1221369057893753
33,reconstruction_only,88,EEG_gain,0.9409499168395996,0.24483805894851685,0.14777925610542297
33,reconstruction_only,88,Hb_gain,0.849854588508606,0.33649054169654846,0.12169638276100159
33,reconstruction_only,88,noise,0.8337233066558838,0.24561524391174316,0.1198185607790947
33,reconstruction_only,88,lag_1s,0.849854588508606,0.15078246593475342,0.16062457859516144
33,reconstruction_only,88,driver_amplitude,1.5050618648529053,0.3903927803039551,0.16922949254512787
33,reconstruction_only,88,driver_shape,1.0492734909057617,0.17598527669906616,0.1055881679058075
33,reconstruction_only,88,physiology_tau,0.849854588508606,0.18603374063968658,0.14034676551818848
33,reconstruction_only,88,unmodeled_dynamics,0.849854588508606,0.22732822597026825,0.12085966765880585
33,reconstruction_only,89,control,0.39059317111968994,0.3309691548347473,0.20243944227695465
33,reconstruction_only,89,common_basis,0.39059317111968994,1.0797755718231201,0.22255167365074158
33,reconstruction_only,89,common_correlated,0.39059317111968994,1.6133356094360352,0.23387569189071655
33,reconstruction_only,89,common_colored,0.39059317111968994,2.054413080215454,0.2376740574836731
33,reconstruction_only,89,common_exchange,0.39059317111968994,0.3332054018974304,0.2100231647491455
33,reconstruction_only,89,EEG_gain,0.4648175835609436,0.3309691548347473,0.2587628662586212
33,reconstruction_only,89,Hb_gain,0.39059317111968994,0.4491955637931824,0.23109832406044006
33,reconstruction_only,89,noise,0.3842507302761078,0.33149537444114685,0.21188394725322723
33,reconstruction_only,89,lag_1s,0.39059317111968994,0.29443681240081787,0.2273804396390915
33,reconstruction_only,89,driver_amplitude,0.7960984706878662,0.502203643321991,0.30752649903297424
33,reconstruction_only,89,driver_shape,0.5127078294754028,0.19874148070812225,0.19906146824359894
33,reconstruction_only,89,physiology_tau,0.39059317111968994,0.33946430683135986,0.21988780796527863
33,reconstruction_only,89,unmodeled_dynamics,0.39059317111968994,0.29524534940719604,0.21079561114311218
33,reconstruction_only,90,control,0.7274803519248962,0.16141225397586823,0.11456558853387833
33,reconstruction_only,90,common_basis,0.7274803519248962,0.7856467962265015,0.1239641085267067
33,reconstruction_only,90,common_correlated,0.7274803519248962,1.0161850452423096,0.1654570996761322
33,reconstruction_only,90,common_colored,0.7274803519248962,1.3828811645507812,0.28486382961273193
33,reconstruction_only,90,common_exchange,0.7274803519248962,0.1709417998790741,0.1404380053281784
33,reconstruction_only,90,EEG_gain,0.6225329041481018,0.16141225397586823,0.16882184147834778
33,reconstruction_only,90,Hb_gain,0.7274803519248962,0.1858079731464386,0.12065170705318451
33,reconstruction_only,90,noise,0.7197449207305908,0.1671537458896637,0.1291583776473999
33,reconstruction_only,90,lag_1s,0.7274803519248962,0.08744320273399353,0.1548738181591034
33,reconstruction_only,90,driver_amplitude,0.9092022180557251,0.21726123988628387,0.19556637108325958
33,reconstruction_only,90,driver_shape,0.6375016570091248,0.2818487882614136,0.1261923760175705
33,reconstruction_only,90,physiology_tau,0.7274803519248962,0.2977215051651001,0.16705018281936646
33,reconstruction_only,90,unmodeled_dynamics,0.7274803519248962,0.18358895182609558,0.14603178203105927
33,reconstruction_only,91,control,0.6373957395553589,0.20925509929656982,0.1776142120361328
33,reconstruction_only,91,common_basis,0.6373957395553589,0.6571238040924072,0.18002337217330933
33,reconstruction_only,91,common_correlated,0.6373957395553589,2.102893114089966,0.23395101726055145
33,reconstruction_only,91,common_colored,0.6373957395553589,2.1010940074920654,0.35792964696884155
33,reconstruction_only,91,common_exchange,0.6373957395553589,0.3962176442146301,0.19205445051193237
33,reconstruction_only,91,EEG_gain,0.5757260918617249,0.20925509929656982,0.22887784242630005
33,reconstruction_only,91,Hb_gain,0.6373957395553589,0.2623368501663208,0.18285639584064484
33,reconstruction_only,91,noise,0.6482503414154053,0.2054312527179718,0.1805182695388794
33,reconstruction_only,91,lag_1s,0.6373957395553589,0.34438997507095337,0.24930088222026825
33,reconstruction_only,91,driver_amplitude,1.001725435256958,0.30562615394592285,0.268224835395813
33,reconstruction_only,91,driver_shape,0.6805040836334229,0.3488749861717224,0.18016622960567474
33,reconstruction_only,91,physiology_tau,0.6373957395553589,0.1525408774614334,0.17996391654014587
33,reconstruction_only,91,unmodeled_dynamics,0.6373957395553589,0.17623424530029297,0.19409102201461792
33,reconstruction_only,92,control,0.5296134352684021,0.1916128247976303,0.10296539217233658
33,reconstruction_only,92,common_basis,0.5296134352684021,0.773561418056488,0.11909593641757965
33,reconstruction_only,92,common_correlated,0.5296134352684021,2.277399778366089,0.1296491175889969
33,reconstruction_only,92,common_colored,0.5296134352684021,2.2577450275421143,0.16205525398254395
33,reconstruction_only,92,common_exchange,0.5296134352684021,0.2440701127052307,0.10946110635995865
33,reconstruction_only,92,EEG_gain,0.6046002507209778,0.1916128247976303,0.14524078369140625
33,reconstruction_only,92,Hb_gain,0.5296134352684021,0.2391130030155182,0.13342149555683136
33,reconstruction_only,92,noise,0.5276158452033997,0.19141033291816711,0.11168685555458069
33,reconstruction_only,92,lag_1s,0.5296134352684021,0.1963888704776764,0.15900205075740814
33,reconstruction_only,92,driver_amplitude,0.9858601093292236,0.27044248580932617,0.16813527047634125
33,reconstruction_only,92,driver_shape,0.7081289291381836,0.2645045518875122,0.10631679743528366
33,reconstruction_only,92,physiology_tau,0.5296134352684021,0.3919646739959717,0.12669655680656433
33,reconstruction_only,92,unmodeled_dynamics,0.5296134352684021,0.2093590945005417,0.13904736936092377
33,reconstruction_only,93,control,0.7185366749763489,0.2180832028388977,0.20123958587646484
33,reconstruction_only,93,common_basis,0.7185366749763489,0.8378070592880249,0.22081977128982544
33,reconstruction_only,93,common_correlated,0.7185366749763489,2.2669928073883057,0.22051014006137848
33,reconstruction_only,93,common_colored,0.7185366749763489,0.7468183040618896,0.28691014647483826
33,reconstruction_only,93,common_exchange,0.7185366749763489,0.5121197700500488,0.21416695415973663
33,reconstruction_only,93,EEG_gain,0.7477607131004333,0.2180832028388977,0.2565060257911682
33,reconstruction_only,93,Hb_gain,0.7185366749763489,0.284770667552948,0.24880871176719666
33,reconstruction_only,93,noise,0.7173641324043274,0.2213197648525238,0.21524585783481598
33,reconstruction_only,93,lag_1s,0.7185366749763489,0.17916035652160645,0.22289909422397614
33,reconstruction_only,93,driver_amplitude,1.2596224546432495,0.3183116614818573,0.31250083446502686
33,reconstruction_only,93,driver_shape,0.9026315212249756,0.16733527183532715,0.20696072280406952
33,reconstruction_only,93,physiology_tau,0.7185366749763489,0.03572992980480194,0.2114967256784439
33,reconstruction_only,93,unmodeled_dynamics,0.7185366749763489,0.17262321710586548,0.20053264498710632
33,reconstruction_only,94,control,0.719846248626709,0.32040509581565857,0.09131672233343124
33,reconstruction_only,94,common_basis,0.719846248626709,1.0825023651123047,0.10206784307956696
33,reconstruction_only,94,common_correlated,0.719846248626709,0.9039726257324219,0.10040835291147232
33,reconstruction_only,94,common_colored,0.719846248626709,1.3174303770065308,0.20629891753196716
33,reconstruction_only,94,common_exchange,0.719846248626709,0.40762537717819214,0.11402399092912674
33,reconstruction_only,94,EEG_gain,0.48296836018562317,0.32040509581565857,0.11421428620815277
33,reconstruction_only,94,Hb_gain,0.719846248626709,0.40498048067092896,0.10516892373561859
33,reconstruction_only,94,noise,0.7046153545379639,0.3203144669532776,0.10605775564908981
33,reconstruction_only,94,lag_1s,0.719846248626709,0.20579321682453156,0.15028810501098633
33,reconstruction_only,94,driver_amplitude,0.8375486135482788,0.47159501910209656,0.13820594549179077
33,reconstruction_only,94,driver_shape,0.5474928021430969,0.4171277582645416,0.10046243667602539
33,reconstruction_only,94,physiology_tau,0.719846248626709,0.3647867739200592,0.13244466483592987
33,reconstruction_only,94,unmodeled_dynamics,0.719846248626709,0.3607383966445923,0.10601670295000076
33,reconstruction_only,95,control,0.2879367172718048,0.10848448425531387,0.32476115226745605
33,reconstruction_only,95,common_basis,0.2879367172718048,0.25527337193489075,0.3239537179470062
33,reconstruction_only,95,common_correlated,0.2879367172718048,2.512718915939331,0.38200369477272034
33,reconstruction_only,95,common_colored,0.2879367172718048,2.6343419551849365,0.38619181513786316
33,reconstruction_only,95,common_exchange,0.2879367172718048,0.09977579116821289,0.3293411135673523
33,reconstruction_only,95,EEG_gain,0.2715131938457489,0.10848448425531387,0.4200746715068817
33,reconstruction_only,95,Hb_gain,0.2879367172718048,0.11690983176231384,0.33217063546180725
33,reconstruction_only,95,noise,0.29510751366615295,0.10402107983827591,0.331604927778244
33,reconstruction_only,95,lag_1s,0.2879367172718048,0.16315427422523499,0.3314233422279358
33,reconstruction_only,95,driver_amplitude,0.5186153650283813,0.11562641710042953,0.48333844542503357
33,reconstruction_only,95,driver_shape,0.3323996067047119,0.19416502118110657,0.32033905386924744
33,reconstruction_only,95,physiology_tau,0.2879367172718048,0.11988024413585663,0.33009037375450134
33,reconstruction_only,95,unmodeled_dynamics,0.2879367172718048,0.0678599551320076,0.32638394832611084
33,reconstruction_only,96,control,0.42894455790519714,0.4157502055168152,0.11481790244579315
33,reconstruction_only,96,common_basis,0.42894455790519714,0.6456177830696106,0.11541056632995605
33,reconstruction_only,96,common_correlated,0.42894455790519714,1.8883254528045654,0.14056570827960968
33,reconstruction_only,96,common_colored,0.42894455790519714,1.4692356586456299,0.35412710905075073
33,reconstruction_only,96,common_exchange,0.42894455790519714,0.4801924228668213,0.14023952186107635
33,reconstruction_only,96,EEG_gain,0.3704546093940735,0.4157502055168152,0.16868340969085693
33,reconstruction_only,96,Hb_gain,0.42894455790519714,0.5638754367828369,0.12053269892930984
33,reconstruction_only,96,noise,0.42778974771499634,0.4084835946559906,0.1306006908416748
33,reconstruction_only,96,lag_1s,0.42894455790519714,0.5031239986419678,0.18229973316192627
33,reconstruction_only,96,driver_amplitude,0.446247398853302,0.6550474762916565,0.1797558069229126
33,reconstruction_only,96,driver_shape,0.34290724992752075,0.32446810603141785,0.12849734723567963
33,reconstruction_only,96,physiology_tau,0.42894455790519714,0.2641979455947876,0.18964427709579468
33,reconstruction_only,96,unmodeled_dynamics,0.42894455790519714,0.3582242429256439,0.1915287971496582
33,reconstruction_only,97,control,0.2942945957183838,0.16309629380702972,0.2296535074710846
33,reconstruction_only,97,common_basis,0.2942945957183838,0.6814830303192139,0.22600793838500977
33,reconstruction_only,97,common_correlated,0.2942945957183838,0.5132898092269897,0.27204298973083496
33,reconstruction_only,97,common_colored,0.2942945957183838,2.1511919498443604,0.3361387550830841
33,reconstruction_only,97,common_exchange,0.2942945957183838,0.1993117481470108,0.23881594836711884
33,reconstruction_only,97,EEG_gain,0.25191590189933777,0.16309629380702972,0.28663602471351624
33,reconstruction_only,97,Hb_gain,0.2942945957183838,0.22898747026920319,0.2338358759880066
33,reconstruction_only,97,noise,0.2931006848812103,0.16535307466983795,0.23766131699085236
33,reconstruction_only,97,lag_1s,0.2942945957183838,0.14653170108795166,0.2476574182510376
33,reconstruction_only,97,driver_amplitude,0.5225449204444885,0.26509368419647217,0.32728084921836853
33,reconstruction_only,97,driver_shape,0.3504948019981384,0.06993862241506577,0.2292046844959259
33,reconstruction_only,97,physiology_tau,0.2942945957183838,0.11485164612531662,0.22863173484802246
33,reconstruction_only,97,unmodeled_dynamics,0.2942945957183838,0.13893328607082367,0.2323663979768753
33,reconstruction_only,98,control,0.4268096387386322,0.2171235829591751,0.1390397995710373
33,reconstruction_only,98,common_basis,0.4268096387386322,0.655794620513916,0.17897798120975494
33,reconstruction_only,98,common_correlated,0.4268096387386322,1.6307835578918457,0.17037177085876465
33,reconstruction_only,98,common_colored,0.4268096387386322,3.3675434589385986,0.2697053849697113
33,reconstruction_only,98,common_exchange,0.4268096387386322,0.4521700441837311,0.1661721020936966
33,reconstruction_only,98,EEG_gain,0.46641919016838074,0.2171235829591751,0.17025987803936005
33,reconstruction_only,98,Hb_gain,0.4268096387386322,0.29427337646484375,0.17124265432357788
33,reconstruction_only,98,noise,0.4282209575176239,0.21862517297267914,0.15158380568027496
33,reconstruction_only,98,lag_1s,0.4268096387386322,0.49291470646858215,0.14409244060516357
33,reconstruction_only,98,driver_amplitude,0.6181358098983765,0.3202663064002991,0.2075621485710144
33,reconstruction_only,98,driver_shape,0.3508513867855072,0.2835860252380371,0.14591355621814728
33,reconstruction_only,98,physiology_tau,0.4268096387386322,0.3662668764591217,0.16386817395687103
33,reconstruction_only,98,unmodeled_dynamics,0.4268096387386322,0.2015089988708496,0.1493407040834427
33,reconstruction_only,99,control,0.3722202777862549,0.15797144174575806,0.13850119709968567
33,reconstruction_only,99,common_basis,0.3722202777862549,0.4457140862941742,0.14431080222129822
33,reconstruction_only,99,common_correlated,0.3722202777862549,2.0367016792297363,0.15713392198085785
33,reconstruction_only,99,common_colored,0.3722202777862549,3.260270595550537,0.28850051760673523
33,reconstruction_only,99,common_exchange,0.3722202777862549,0.15938617289066315,0.1513708382844925
33,reconstruction_only,99,EEG_gain,0.38201990723609924,0.15797144174575806,0.17941422760486603
33,reconstruction_only,99,Hb_gain,0.3722202777862549,0.20974178612232208,0.15617026388645172
33,reconstruction_only,99,noise,0.3820588290691376,0.1575109213590622,0.14531992375850677
33,reconstruction_only,99,lag_1s,0.3722202777862549,0.08856412023305893,0.1651538759469986
33,reconstruction_only,99,driver_amplitude,0.57950359582901,0.2496849149465561,0.20568032562732697
33,reconstruction_only,99,driver_shape,0.41915932297706604,0.18652553856372833,0.14095428586006165
33,reconstruction_only,99,physiology_tau,0.3722202777862549,0.3620869815349579,0.1517094522714615
33,reconstruction_only,99,unmodeled_dynamics,0.3722202777862549,0.20353205502033234,0.15763336420059204
33,reconstruction_only,100,control,0.5816181898117065,0.20530180633068085,0.1111234575510025
33,reconstruction_only,100,common_basis,0.5816181898117065,1.1212917566299438,0.13153862953186035
33,reconstruction_only,100,common_correlated,0.5816181898117065,1.2836947441101074,0.15084858238697052
33,reconstruction_only,100,common_colored,0.5816181898117065,2.151695966720581,0.33987462520599365
33,reconstruction_only,100,common_exchange,0.5816181898117065,0.11440583318471909,0.11111970990896225
33,reconstruction_only,100,EEG_gain,0.5077055096626282,0.20530180633068085,0.15153999626636505
33,reconstruction_only,100,Hb_gain,0.5816181898117065,0.27015092968940735,0.14348550140857697
33,reconstruction_only,100,noise,0.589489221572876,0.21019400656223297,0.12183934450149536
33,reconstruction_only,100,lag_1s,0.5816181898117065,0.18368229269981384,0.18794028460979462
33,reconstruction_only,100,driver_amplitude,0.6981860399246216,0.30332037806510925,0.18352696299552917
33,reconstruction_only,100,driver_shape,0.4340668022632599,0.27135008573532104,0.09986267238855362
33,reconstruction_only,100,physiology_tau,0.5816181898117065,0.28540077805519104,0.15740643441677094
33,reconstruction_only,100,unmodeled_dynamics,0.5816181898117065,0.23054498434066772,0.1733108013868332
33,reconstruction_only,101,control,0.342346727848053,0.26256516575813293,0.20771031081676483
33,reconstruction_only,101,common_basis,0.342346727848053,0.6524825692176819,0.21028347313404083
33,reconstruction_only,101,common_correlated,0.342346727848053,2.173872232437134,0.22346997261047363
33,reconstruction_only,101,common_colored,0.342346727848053,2.136037588119507,0.261432409286499
33,reconstruction_only,101,common_exchange,0.342346727848053,0.2960672378540039,0.212127685546875
33,reconstruction_only,101,EEG_gain,0.3557673990726471,0.26256516575813293,0.2715795040130615
33,reconstruction_only,101,Hb_gain,0.342346727848053,0.33634161949157715,0.22101663053035736
33,reconstruction_only,101,noise,0.34973347187042236,0.26020321249961853,0.21619845926761627
33,reconstruction_only,101,lag_1s,0.342346727848053,0.34129583835601807,0.2152925729751587
33,reconstruction_only,101,driver_amplitude,0.6083226203918457,0.3868684470653534,0.3163702189922333
33,reconstruction_only,101,driver_shape,0.438379168510437,0.3629991114139557,0.2021915167570114
33,reconstruction_only,101,physiology_tau,0.342346727848053,0.32908740639686584,0.2114885151386261
33,reconstruction_only,101,unmodeled_dynamics,0.342346727848053,0.20308037102222443,0.2084689885377884
33,reconstruction_only,102,control,0.3778305649757385,0.23969250917434692,0.10171438008546829
33,reconstruction_only,102,common_basis,0.3778305649757385,1.7376494407653809,0.12371674180030823
33,reconstruction_only,102,common_correlated,0.3778305649757385,2.0466654300689697,0.180186927318573
33,reconstruction_only,102,common_colored,0.3778305649757385,3.232253074645996,0.30485212802886963
33,reconstruction_only,102,common_exchange,0.3778305649757385,0.27684861421585083,0.10153552889823914
33,reconstruction_only,102,EEG_gain,0.3486396074295044,0.23969250917434692,0.12455780059099197
33,reconstruction_only,102,Hb_gain,0.3778305649757385,0.33689388632774353,0.14723241329193115
33,reconstruction_only,102,noise,0.3887229263782501,0.2405489832162857,0.11859965324401855
33,reconstruction_only,102,lag_1s,0.3778305649757385,0.31150007247924805,0.19313180446624756
33,reconstruction_only,102,driver_amplitude,0.4392051100730896,0.3854125738143921,0.153459832072258
33,reconstruction_only,102,driver_shape,0.36279264092445374,0.1779460608959198,0.10516910254955292
33,reconstruction_only,102,physiology_tau,0.3778305649757385,0.29004159569740295,0.12892849743366241
33,reconstruction_only,102,unmodeled_dynamics,0.3778305649757385,0.21487478911876678,0.13253577053546906
33,reconstruction_only,103,control,0.34453004598617554,0.11653829365968704,0.17764440178871155
33,reconstruction_only,103,common_basis,0.34453004598617554,0.20427975058555603,0.17953786253929138
33,reconstruction_only,103,common_correlated,0.34453004598617554,1.6983561515808105,0.23618197441101074
33,reconstruction_only,103,common_colored,0.34453004598617554,2.3866755962371826,0.23863720893859863
33,reconstruction_only,103,common_exchange,0.34453004598617554,0.38623306155204773,0.19444474577903748
33,reconstruction_only,103,EEG_gain,0.26186156272888184,0.11653829365968704,0.23232421278953552
33,reconstruction_only,103,Hb_gain,0.34453004598617554,0.15045620501041412,0.1917986273765564
33,reconstruction_only,103,noise,0.3718132972717285,0.1252061277627945,0.18517494201660156
33,reconstruction_only,103,lag_1s,0.34453004598617554,0.17592579126358032,0.1984638273715973
33,reconstruction_only,103,driver_amplitude,0.3745425045490265,0.13717815279960632,0.2614835202693939
33,reconstruction_only,103,driver_shape,0.20606502890586853,0.27380621433258057,0.17517812550067902
33,reconstruction_only,103,physiology_tau,0.34453004598617554,0.16499295830726624,0.20239998400211334
33,reconstruction_only,103,unmodeled_dynamics,0.34453004598617554,0.12077431380748749,0.1952342987060547
33,reconstruction_only,104,control,0.38227957487106323,0.5162211656570435,0.13276661932468414
33,reconstruction_only,104,common_basis,0.38227957487106323,0.6424775123596191,0.1362956464290619
33,reconstruction_only,104,common_correlated,0.38227957487106323,1.512549638748169,0.24360838532447815
33,reconstruction_only,104,common_colored,0.38227957487106323,2.122011184692383,0.3151257336139679
33,reconstruction_only,104,common_exchange,0.38227957487106323,0.5301334261894226,0.13371767103672028
33,reconstruction_only,104,EEG_gain,0.4593157470226288,0.5162211656570435,0.18997974693775177
33,reconstruction_only,104,Hb_gain,0.38227957487106323,0.713565468788147,0.16156168282032013
33,reconstruction_only,104,noise,0.3763561248779297,0.5178924798965454,0.13955658674240112
33,reconstruction_only,104,lag_1s,0.38227957487106323,0.3096643090248108,0.21876493096351624
33,reconstruction_only,104,driver_amplitude,0.7317144870758057,0.8122221827507019,0.2056899219751358
33,reconstruction_only,104,driver_shape,0.6052038669586182,0.3500790596008301,0.13155324757099152
33,reconstruction_only,104,physiology_tau,0.38227957487106323,0.6100256443023682,0.19673971831798553
33,reconstruction_only,104,unmodeled_dynamics,0.38227957487106323,0.4782998859882355,0.1631287783384323
33,reconstruction_only,105,control,0.3661101162433624,0.20636658370494843,0.14392167329788208
33,reconstruction_only,105,common_basis,0.3661101162433624,0.8939141035079956,0.14842352271080017
33,reconstruction_only,105,common_correlated,0.3661101162433624,2.933610677719116,0.2163529396057129
33,reconstruction_only,105,common_colored,0.3661101162433624,3.197152614593506,0.2691366970539093
33,reconstruction_only,105,common_exchange,0.3661101162433624,0.534695029258728,0.15072590112686157
33,reconstruction_only,105,EEG_gain,0.31161636114120483,0.20636658370494843,0.18065288662910461
33,reconstruction_only,105,Hb_gain,0.3661101162433624,0.2877925634384155,0.18894167244434357
33,reconstruction_only,105,noise,0.36239302158355713,0.2078678458929062,0.15793229639530182
33,reconstruction_only,105,lag_1s,0.3661101162433624,0.2991129457950592,0.1977059543132782
33,reconstruction_only,105,driver_amplitude,0.3754417300224304,0.33964526653289795,0.2205033302307129
33,reconstruction_only,105,driver_shape,0.34266379475593567,0.2377307415008545,0.1424330174922943
33,reconstruction_only,105,physiology_tau,0.3661101162433624,0.4036075174808502,0.1957782655954361
33,reconstruction_only,105,unmodeled_dynamics,0.3661101162433624,0.18732257187366486,0.20449058711528778
33,reconstruction_only,106,control,0.3201902508735657,0.6160441040992737,0.11991097033023834
33,reconstruction_only,106,common_basis,0.3201902508735657,1.1896568536758423,0.12804816663265228
33,reconstruction_only,106,common_correlated,0.3201902508735657,1.7502855062484741,0.13967078924179077
33,reconstruction_only,106,common_colored,0.3201902508735657,2.211186170578003,0.29786527156829834
33,reconstruction_only,106,common_exchange,0.3201902508735657,0.5354338884353638,0.1350095123052597
33,reconstruction_only,106,EEG_gain,0.6424617767333984,0.6160441040992737,0.16111478209495544
33,reconstruction_only,106,Hb_gain,0.3201902508735657,0.8188217282295227,0.15770578384399414
33,reconstruction_only,106,noise,0.34119564294815063,0.6150200963020325,0.12719327211380005
33,reconstruction_only,106,lag_1s,0.3201902508735657,0.9557847380638123,0.15500712394714355
33,reconstruction_only,106,driver_amplitude,0.6317947506904602,0.8968669176101685,0.19132310152053833
33,reconstruction_only,106,driver_shape,0.329402893781662,0.45283105969429016,0.1441720724105835
33,reconstruction_only,106,physiology_tau,0.3201902508735657,0.2993300259113312,0.15094970166683197
33,reconstruction_only,106,unmodeled_dynamics,0.3201902508735657,0.4922179877758026,0.12179091572761536
33,reconstruction_only,107,control,0.7649129033088684,0.11455921083688736,0.24080228805541992
33,reconstruction_only,107,common_basis,0.7649129033088684,1.0685644149780273,0.24153968691825867
33,reconstruction_only,107,common_correlated,0.7649129033088684,1.4975872039794922,0.2812851071357727
33,reconstruction_only,107,common_colored,0.7649129033088684,2.0967440605163574,0.3207131326198578
33,reconstruction_only,107,common_exchange,0.7649129033088684,0.2814095616340637,0.24119171500205994
33,reconstruction_only,107,EEG_gain,0.7884018421173096,0.11455921083688736,0.30709967017173767
33,reconstruction_only,107,Hb_gain,0.7649129033088684,0.15598250925540924,0.25166597962379456
33,reconstruction_only,107,noise,0.76392662525177,0.11347727477550507,0.24724313616752625
33,reconstruction_only,107,lag_1s,0.7649129033088684,0.1320905238389969,0.24544286727905273
33,reconstruction_only,107,driver_amplitude,0.9849179983139038,0.17929130792617798,0.3578350841999054
33,reconstruction_only,107,driver_shape,0.6498223543167114,0.17553626000881195,0.2382056564092636
33,reconstruction_only,107,physiology_tau,0.7649129033088684,0.18579965829849243,0.24530060589313507
33,reconstruction_only,107,unmodeled_dynamics,0.7649129033088684,0.10013794153928757,0.24776096642017365
33,reconstruction_only,108,control,0.21020697057247162,0.17486461997032166,0.10957173258066177
33,reconstruction_only,108,common_basis,0.21020697057247162,1.103334665298462,0.13163204491138458
33,reconstruction_only,108,common_correlated,0.21020697057247162,1.8725268840789795,0.2385258972644806
33,reconstruction_only,108,common_colored,0.21020697057247162,1.231735110282898,0.15478114783763885
33,reconstruction_only,108,common_exchange,0.21020697057247162,0.2504415810108185,0.12957245111465454
33,reconstruction_only,108,EEG_gain,0.21973282098770142,0.17486461997032166,0.15912950038909912
33,reconstruction_only,108,Hb_gain,0.21020697057247162,0.23237863183021545,0.1385292112827301
33,reconstruction_only,108,noise,0.19608378410339355,0.17264482378959656,0.1213652566075325
33,reconstruction_only,108,lag_1s,0.21020697057247162,0.14049579203128815,0.19456417858600616
33,reconstruction_only,108,driver_amplitude,0.21680603921413422,0.2657662034034729,0.16563373804092407
33,reconstruction_only,108,driver_shape,0.0809100940823555,0.1661064326763153,0.1090751513838768
33,reconstruction_only,108,physiology_tau,0.21020697057247162,0.3110217750072479,0.18036849796772003
33,reconstruction_only,108,unmodeled_dynamics,0.21020697057247162,0.22129766643047333,0.157241091132164
33,reconstruction_only,109,control,0.6061581373214722,0.17238114774227142,0.27338334918022156
33,reconstruction_only,109,common_basis,0.6061581373214722,1.7182518243789673,0.2789019048213959
33,reconstruction_only,109,common_correlated,0.6061581373214722,2.1892762184143066,0.29455962777137756
33,reconstruction_only,109,common_colored,0.6061581373214722,2.3824989795684814,0.34808576107025146
33,reconstruction_only,109,common_exchange,0.6061581373214722,0.30182531476020813,0.2804628610610962
33,reconstruction_only,109,EEG_gain,0.49084678292274475,0.17238114774227142,0.3590548634529114
33,reconstruction_only,109,Hb_gain,0.6061581373214722,0.23954880237579346,0.2823433578014374
33,reconstruction_only,109,noise,0.5943074822425842,0.17454668879508972,0.2772878110408783
33,reconstruction_only,109,lag_1s,0.6061581373214722,0.31881919503211975,0.29379841685295105
33,reconstruction_only,109,driver_amplitude,0.7649660706520081,0.28327152132987976,0.4102209210395813
33,reconstruction_only,109,driver_shape,0.5448629856109619,0.2714260220527649,0.2687927484512329
33,reconstruction_only,109,physiology_tau,0.6061581373214722,0.4236775040626526,0.2781647741794586
33,reconstruction_only,109,unmodeled_dynamics,0.6061581373214722,0.11756370216608047,0.2710238993167877
33,reconstruction_only,110,control,0.9787188172340393,0.12352517247200012,0.1740524023771286
33,reconstruction_only,110,common_basis,0.9787188172340393,0.9117204546928406,0.18017072975635529
33,reconstruction_only,110,common_correlated,0.9787188172340393,1.1105706691741943,0.18603762984275818
33,reconstruction_only,110,common_colored,0.9787188172340393,1.6317280530929565,0.2038872092962265
33,reconstruction_only,110,common_exchange,0.9787188172340393,0.2504567503929138,0.18478021025657654
33,reconstruction_only,110,EEG_gain,1.0131595134735107,0.12352517247200012,0.23063558340072632
33,reconstruction_only,110,Hb_gain,0.9787188172340393,0.16892533004283905,0.20344477891921997
33,reconstruction_only,110,noise,0.9868114590644836,0.1202160194516182,0.18180611729621887
33,reconstruction_only,110,lag_1s,0.9787188172340393,0.24701325595378876,0.23276592791080475
33,reconstruction_only,110,driver_amplitude,1.7134077548980713,0.17740103602409363,0.27318310737609863
33,reconstruction_only,110,driver_shape,1.222449541091919,0.1467776596546173,0.17633748054504395
33,reconstruction_only,110,physiology_tau,0.9787188172340393,0.1523931473493576,0.1876249462366104
33,reconstruction_only,110,unmodeled_dynamics,0.9787188172340393,0.15007278323173523,0.1858224868774414
33,reconstruction_only,111,control,0.22130055725574493,0.15439094603061676,0.23689328134059906
33,reconstruction_only,111,common_basis,0.22130055725574493,0.6739714741706848,0.2377234250307083
33,reconstruction_only,111,common_correlated,0.22130055725574493,1.7035603523254395,0.26388680934906006
33,reconstruction_only,111,common_colored,0.22130055725574493,1.6752771139144897,0.28114673495292664
33,reconstruction_only,111,common_exchange,0.22130055725574493,0.44261422753334045,0.24608242511749268
33,reconstruction_only,111,EEG_gain,0.3081284165382385,0.15439094603061676,0.3034406900405884
33,reconstruction_only,111,Hb_gain,0.22130055725574493,0.191066175699234,0.24827207624912262
33,reconstruction_only,111,noise,0.2205377072095871,0.1477077454328537,0.24911122024059296
33,reconstruction_only,111,lag_1s,0.22130055725574493,0.17653483152389526,0.2509394586086273
33,reconstruction_only,111,driver_amplitude,0.5509375333786011,0.2218712568283081,0.34781771898269653
33,reconstruction_only,111,driver_shape,0.4825136065483093,0.2941127121448517,0.24188385903835297
33,reconstruction_only,111,physiology_tau,0.22130055725574493,0.19705182313919067,0.2338031828403473
33,reconstruction_only,111,unmodeled_dynamics,0.22130055725574493,0.13539710640907288,0.2413404881954193
33,reconstruction_only,112,control,0.42885497212409973,0.2575021982192993,0.12042035162448883
33,reconstruction_only,112,common_basis,0.42885497212409973,1.4449710845947266,0.1642051637172699
33,reconstruction_only,112,common_correlated,0.42885497212409973,1.4517961740493774,0.13842976093292236
33,reconstruction_only,112,common_colored,0.42885497212409973,1.725678563117981,0.18655206263065338
33,reconstruction_only,112,common_exchange,0.42885497212409973,0.2647768557071686,0.12510152161121368
33,reconstruction_only,112,EEG_gain,0.4667695462703705,0.2575021982192993,0.1575816422700882
33,reconstruction_only,112,Hb_gain,0.42885497212409973,0.3200547993183136,0.1424550861120224
33,reconstruction_only,112,noise,0.43355268239974976,0.25974029302597046,0.13457992672920227
33,reconstruction_only,112,lag_1s,0.42885497212409973,0.2932838499546051,0.15979604423046112
33,reconstruction_only,112,driver_amplitude,0.8710481524467468,0.37319108843803406,0.1954478621482849
33,reconstruction_only,112,driver_shape,0.5596860647201538,0.31664949655532837,0.12293866276741028
33,reconstruction_only,112,physiology_tau,0.42885497212409973,0.2682690918445587,0.14353369176387787
33,reconstruction_only,112,unmodeled_dynamics,0.42885497212409973,0.25497525930404663,0.1407117247581482
33,reconstruction_only,113,control,0.1846856325864792,0.08092067390680313,0.2445792257785797
33,reconstruction_only,113,common_basis,0.1846856325864792,1.005252718925476,0.2505316138267517
33,reconstruction_only,113,common_correlated,0.1846856325864792,2.3963069915771484,0.25806841254234314
33,reconstruction_only,113,common_colored,0.1846856325864792,2.9906444549560547,0.29964014887809753
33,reconstruction_only,113,common_exchange,0.1846856325864792,0.31484195590019226,0.2500985562801361
33,reconstruction_only,113,EEG_gain,0.21751977503299713,0.08092067390680313,0.3179685175418854
33,reconstruction_only,113,Hb_gain,0.1846856325864792,0.08962036669254303,0.2618251144886017
33,reconstruction_only,113,noise,0.18233859539031982,0.06982399523258209,0.24968892335891724
33,reconstruction_only,113,lag_1s,0.1846856325864792,0.16352154314517975,0.2670101821422577
33,reconstruction_only,113,driver_amplitude,0.4584992527961731,0.1072424054145813,0.37232282757759094
33,reconstruction_only,113,driver_shape,0.3398786187171936,0.19456416368484497,0.2525342106819153
33,reconstruction_only,113,physiology_tau,0.1846856325864792,0.40021494030952454,0.2488650381565094
33,reconstruction_only,113,unmodeled_dynamics,0.1846856325864792,0.07663391530513763,0.24666599929332733
33,reconstruction_only,114,control,0.6319355368614197,0.4336141347885132,0.11372246593236923
33,reconstruction_only,114,common_basis,0.6319355368614197,0.9565569758415222,0.12038727104663849
33,reconstruction_only,114,common_correlated,0.6319355368614197,1.9638047218322754,0.15322495996952057
33,reconstruction_only,114,common_colored,0.6319355368614197,2.4192581176757812,0.26828163862228394
33,reconstruction_only,114,common_exchange,0.6319355368614197,0.42455968260765076,0.11676016449928284
33,reconstruction_only,114,EEG_gain,0.8708517551422119,0.4336141347885132,0.1654285341501236
33,reconstruction_only,114,Hb_gain,0.6319355368614197,0.5818570852279663,0.14062641561031342
33,reconstruction_only,114,noise,0.630170464515686,0.4430693984031677,0.11806266754865646
33,reconstruction_only,114,lag_1s,0.6319355368614197,0.4243376553058624,0.2561948895454407
33,reconstruction_only,114,driver_amplitude,1.1285828351974487,0.6704586148262024,0.1697460263967514
33,reconstruction_only,114,driver_shape,0.7604621648788452,0.3091279864311218,0.12039108574390411
33,reconstruction_only,114,physiology_tau,0.6319355368614197,0.5376714468002319,0.13608580827713013
33,reconstruction_only,114,unmodeled_dynamics,0.6319355368614197,0.4037156403064728,0.1371154636144638
33,reconstruction_only,115,control,0.687533974647522,0.1287047266960144,0.18111273646354675
33,reconstruction_only,115,common_basis,0.687533974647522,0.38070395588874817,0.18892373144626617
33,reconstruction_only,115,common_correlated,0.687533974647522,1.1792389154434204,0.26377224922180176
33,reconstruction_only,115,common_colored,0.687533974647522,1.1419425010681152,0.3435652554035187
33,reconstruction_only,115,common_exchange,0.687533974647522,0.37005415558815,0.19811302423477173
33,reconstruction_only,115,EEG_gain,0.8072819709777832,0.1287047266960144,0.22102050483226776
33,reconstruction_only,115,Hb_gain,0.687533974647522,0.1699369102716446,0.22387942671775818
33,reconstruction_only,115,noise,0.673902153968811,0.12820427119731903,0.188346266746521
33,reconstruction_only,115,lag_1s,0.687533974647522,0.15925605595111847,0.2150314748287201
33,reconstruction_only,115,driver_amplitude,1.2615257501602173,0.19005002081394196,0.27174848318099976
33,reconstruction_only,115,driver_shape,0.8709631562232971,0.21166227757930756,0.17395643889904022
33,reconstruction_only,115,physiology_tau,0.687533974647522,0.1814279556274414,0.18905480206012726
33,reconstruction_only,115,unmodeled_dynamics,0.687533974647522,0.15520459413528442,0.17203406989574432
33,reconstruction_only,116,control,0.5849103331565857,0.2812478840351105,0.12186452001333237
33,reconstruction_only,116,common_basis,0.5849103331565857,1.5057077407836914,0.13572002947330475
33,reconstruction_only,116,common_correlated,0.5849103331565857,1.8560374975204468,0.14359024167060852
33,reconstruction_only,116,common_colored,0.5849103331565857,1.6581307649612427,0.20125435292720795
33,reconstruction_only,116,common_exchange,0.5849103331565857,0.44171369075775146,0.1207159161567688
33,reconstruction_only,116,EEG_gain,0.37121835350990295,0.2812478840351105,0.1563410460948944
33,reconstruction_only,116,Hb_gain,0.5849103331565857,0.36436817049980164,0.1561870276927948
33,reconstruction_only,116,noise,0.5865924954414368,0.28004923462867737,0.13332991302013397
33,reconstruction_only,116,lag_1s,0.5849103331565857,0.3602301776409149,0.1614484339952469
33,reconstruction_only,116,driver_amplitude,0.709084689617157,0.44386500120162964,0.20628494024276733
33,reconstruction_only,116,driver_shape,0.4712923467159271,0.4104319214820862,0.12886440753936768
33,reconstruction_only,116,physiology_tau,0.5849103331565857,0.46013516187667847,0.1298711895942688
33,reconstruction_only,116,unmodeled_dynamics,0.5849103331565857,0.2920777499675751,0.15394367277622223
33,reconstruction_only,117,control,1.056699514389038,0.23811917006969452,0.17906200885772705
33,reconstruction_only,117,common_basis,1.056699514389038,0.6851838827133179,0.18251220881938934
33,reconstruction_only,117,common_correlated,1.056699514389038,0.4660204350948334,0.18592001497745514
33,reconstruction_only,117,common_colored,1.056699514389038,1.7363901138305664,0.21373188495635986
33,reconstruction_only,117,common_exchange,1.056699514389038,0.9116767644882202,0.25973209738731384
33,reconstruction_only,117,EEG_gain,0.9086403250694275,0.23811917006969452,0.2360110580921173
33,reconstruction_only,117,Hb_gain,1.056699514389038,0.29770365357398987,0.18236766755580902
33,reconstruction_only,117,noise,1.0757973194122314,0.22722019255161285,0.18568988144397736
33,reconstruction_only,117,lag_1s,1.056699514389038,0.19580058753490448,0.19451378285884857
33,reconstruction_only,117,driver_amplitude,1.3638522624969482,0.3403681516647339,0.2726821005344391
33,reconstruction_only,117,driver_shape,0.9107943177223206,0.3727252185344696,0.18202300369739532
33,reconstruction_only,117,physiology_tau,1.056699514389038,0.26150402426719666,0.18621568381786346
33,reconstruction_only,117,unmodeled_dynamics,1.056699514389038,0.2351188361644745,0.1865508109331131
33,reconstruction_only,118,control,0.4406586289405823,0.3000108003616333,0.12342976033687592
33,reconstruction_only,118,common_basis,0.4406586289405823,1.0768711566925049,0.1375362128019333
33,reconstruction_only,118,common_correlated,0.4406586289405823,1.929253339767456,0.18480120599269867
33,reconstruction_only,118,common_colored,0.4406586289405823,2.3660757541656494,0.2331627458333969
33,reconstruction_only,118,common_exchange,0.4406586289405823,0.39707741141319275,0.12733358144760132
33,reconstruction_only,118,EEG_gain,0.8082271814346313,0.3000108003616333,0.13057343661785126
33,reconstruction_only,118,Hb_gain,0.4406586289405823,0.40202561020851135,0.1794392317533493
33,reconstruction_only,118,noise,0.4419066607952118,0.3080802261829376,0.13881248235702515
33,reconstruction_only,118,lag_1s,0.4406586289405823,0.5631550550460815,0.12854962050914764
33,reconstruction_only,118,driver_amplitude,0.8227585554122925,0.37749525904655457,0.17893661558628082
33,reconstruction_only,118,driver_shape,0.5317921042442322,0.19429868459701538,0.13835445046424866
33,reconstruction_only,118,physiology_tau,0.4406586289405823,0.086334228515625,0.10384376347064972
33,reconstruction_only,118,unmodeled_dynamics,0.4406586289405823,0.2740258574485779,0.1438862383365631
33,reconstruction_only,119,control,0.5192847847938538,0.1610005497932434,0.2171809822320938
33,reconstruction_only,119,common_basis,0.5192847847938538,1.1704639196395874,0.22340233623981476
33,reconstruction_only,119,common_correlated,0.5192847847938538,2.0825352668762207,0.2388550192117691
33,reconstruction_only,119,common_colored,0.5192847847938538,3.1154685020446777,0.3225783407688141
33,reconstruction_only,119,common_exchange,0.5192847847938538,0.2814987301826477,0.22165700793266296
33,reconstruction_only,119,EEG_gain,0.7115141153335571,0.1610005497932434,0.28303301334381104
33,reconstruction_only,119,Hb_gain,0.5192847847938538,0.22424839437007904,0.24031572043895721
33,reconstruction_only,119,noise,0.5112044811248779,0.16435809433460236,0.22341272234916687
33,reconstruction_only,119,lag_1s,0.5192847847938538,0.31648945808410645,0.2234892100095749
33,reconstruction_only,119,driver_amplitude,0.8976774215698242,0.31089499592781067,0.32405176758766174
33,reconstruction_only,119,driver_shape,0.5653424263000488,0.19066143035888672,0.2144053876399994
33,reconstruction_only,119,physiology_tau,0.5192847847938538,0.2222144901752472,0.23536616563796997
33,reconstruction_only,119,unmodeled_dynamics,0.5192847847938538,0.1608814001083374,0.22488360106945038
33,reconstruction_only,120,control,0.48702478408813477,0.32924896478652954,0.13500459492206573
33,reconstruction_only,120,common_basis,0.48702478408813477,1.202538013458252,0.14896461367607117
33,reconstruction_only,120,common_correlated,0.48702478408813477,0.6366705298423767,0.1999513953924179
33,reconstruction_only,120,common_colored,0.48702478408813477,1.541321039199829,0.2441944032907486
33,reconstruction_only,120,common_exchange,0.48702478408813477,0.4850725531578064,0.15127290785312653
33,reconstruction_only,120,EEG_gain,0.6727331876754761,0.32924896478652954,0.2051277756690979
33,reconstruction_only,120,Hb_gain,0.48702478408813477,0.4527156352996826,0.17507769167423248
33,reconstruction_only,120,noise,0.46275031566619873,0.3207370638847351,0.1437457948923111
33,reconstruction_only,120,lag_1s,0.48702478408813477,0.38862791657447815,0.17065280675888062
33,reconstruction_only,120,driver_amplitude,0.9164158701896667,0.5437437891960144,0.202875554561615
33,reconstruction_only,120,driver_shape,0.5792204141616821,0.1870403289794922,0.1390138566493988
33,reconstruction_only,120,physiology_tau,0.48702478408813477,0.32385823130607605,0.23747840523719788
33,reconstruction_only,120,unmodeled_dynamics,0.48702478408813477,0.3269181549549103,0.19695596396923065
33,reconstruction_only,121,control,0.613749086856842,0.22411438822746277,0.23909367620944977
33,reconstruction_only,121,common_basis,0.613749086856842,0.8770308494567871,0.23636703193187714
33,reconstruction_only,121,common_correlated,0.613749086856842,1.905511498451233,0.36622533202171326
33,reconstruction_only,121,common_colored,0.613749086856842,1.1051876544952393,0.3911144435405731
33,reconstruction_only,121,common_exchange,0.613749086856842,0.2882876396179199,0.23350995779037476
33,reconstruction_only,121,EEG_gain,0.5201573371887207,0.22411438822746277,0.29137906432151794
33,reconstruction_only,121,Hb_gain,0.613749086856842,0.2899404764175415,0.2727198302745819
33,reconstruction_only,121,noise,0.6165488958358765,0.22521765530109406,0.2484959214925766
33,reconstruction_only,121,lag_1s,0.613749086856842,0.23899979889392853,0.3030717074871063
33,reconstruction_only,121,driver_amplitude,0.6995569467544556,0.3377278447151184,0.35090935230255127
33,reconstruction_only,121,driver_shape,0.49454328417778015,0.286810964345932,0.22974838316440582
33,reconstruction_only,121,physiology_tau,0.613749086856842,0.17840930819511414,0.24046213924884796
33,reconstruction_only,121,unmodeled_dynamics,0.613749086856842,0.19406084716320038,0.24077260494232178
33,reconstruction_only,122,control,0.3844735622406006,0.35478949546813965,0.12152255326509476
33,reconstruction_only,122,common_basis,0.3844735622406006,1.3878523111343384,0.13625602424144745
33,reconstruction_only,122,common_correlated,0.3844735622406006,1.887756586074829,0.12335643172264099
33,reconstruction_only,122,common_colored,0.3844735622406006,2.2764604091644287,0.1646602898836136
33,reconstruction_only,122,common_exchange,0.3844735622406006,0.648054301738739,0.14509794116020203
33,reconstruction_only,122,EEG_gain,0.49172791838645935,0.35478949546813965,0.16188089549541473
33,reconstruction_only,122,Hb_gain,0.3844735622406006,0.48279762268066406,0.1302577555179596
33,reconstruction_only,122,noise,0.38425523042678833,0.3608004152774811,0.1301904022693634
33,reconstruction_only,122,lag_1s,0.3844735622406006,0.4018198549747467,0.1736321896314621
33,reconstruction_only,122,driver_amplitude,0.7607395648956299,0.5628479719161987,0.1923738420009613
33,reconstruction_only,122,driver_shape,0.5764546394348145,0.2741747200489044,0.1276284009218216
33,reconstruction_only,122,physiology_tau,0.3844735622406006,0.2461610585451126,0.12572228908538818
33,reconstruction_only,122,unmodeled_dynamics,0.3844735622406006,0.30908942222595215,0.13532030582427979
33,reconstruction_only,123,control,0.4097013473510742,0.20538628101348877,0.2683591842651367
33,reconstruction_only,123,common_basis,0.4097013473510742,0.9369088411331177,0.28607600927352905
33,reconstruction_only,123,common_correlated,0.4097013473510742,1.5720654726028442,0.34654489159584045
33,reconstruction_only,123,common_colored,0.4097013473510742,2.226224899291992,0.2979152798652649
33,reconstruction_only,123,common_exchange,0.4097013473510742,0.35683128237724304,0.2938975393772125
33,reconstruction_only,123,EEG_gain,0.5441663861274719,0.20538628101348877,0.34089210629463196
33,reconstruction_only,123,Hb_gain,0.4097013473510742,0.24177934229373932,0.2853819727897644
33,reconstruction_only,123,noise,0.41112425923347473,0.20994031429290771,0.2723872661590576
33,reconstruction_only,123,lag_1s,0.4097013473510742,0.2751610577106476,0.27767321467399597
33,reconstruction_only,123,driver_amplitude,0.49457770586013794,0.2414756417274475,0.39692607522010803
33,reconstruction_only,123,driver_shape,0.31760331988334656,0.30835282802581787,0.24977223575115204
33,reconstruction_only,123,physiology_tau,0.4097013473510742,0.2983561158180237,0.28404298424720764
33,reconstruction_only,123,unmodeled_dynamics,0.4097013473510742,0.15406036376953125,0.29496893286705017
33,reconstruction_only,124,control,0.19038346409797668,0.2985403537750244,0.12863627076148987
33,reconstruction_only,124,common_basis,0.19038346409797668,0.7731763124465942,0.1472293585538864
33,reconstruction_only,124,common_correlated,0.19038346409797668,2.4454996585845947,0.1975792944431305
33,reconstruction_only,124,common_colored,0.19038346409797668,1.2469958066940308,0.21349363029003143
33,reconstruction_only,124,common_exchange,0.19038346409797668,0.2291046530008316,0.1250237375497818
33,reconstruction_only,124,EEG_gain,0.3016883134841919,0.2985403537750244,0.1730966866016388
33,reconstruction_only,124,Hb_gain,0.19038346409797668,0.3790498375892639,0.1867082417011261
33,reconstruction_only,124,noise,0.18899419903755188,0.29964905977249146,0.14656934142112732
33,reconstruction_only,124,lag_1s,0.19038346409797668,0.3591732978820801,0.16659235954284668
33,reconstruction_only,124,driver_amplitude,0.24820174276828766,0.4372295141220093,0.2205963432788849
33,reconstruction_only,124,driver_shape,0.19618608057498932,0.3602447807788849,0.14358967542648315
33,reconstruction_only,124,physiology_tau,0.19038346409797668,0.36440160870552063,0.17944321036338806
33,reconstruction_only,124,unmodeled_dynamics,0.19038346409797668,0.32640618085861206,0.14920978248119354
33,reconstruction_only,125,control,0.282780259847641,0.221868097782135,0.16536547243595123
33,reconstruction_only,125,common_basis,0.282780259847641,0.44719794392585754,0.16401588916778564
33,reconstruction_only,125,common_correlated,0.282780259847641,1.8100638389587402,0.26224854588508606
33,reconstruction_only,125,common_colored,0.282780259847641,1.7704334259033203,0.21541628241539001
33,reconstruction_only,125,common_exchange,0.282780259847641,0.23105134069919586,0.18025703728199005
33,reconstruction_only,125,EEG_gain,0.48778629302978516,0.221868097782135,0.2175687849521637
33,reconstruction_only,125,Hb_gain,0.282780259847641,0.3044023811817169,0.18159133195877075
33,reconstruction_only,125,noise,0.2837045192718506,0.22574295103549957,0.17140528559684753
33,reconstruction_only,125,lag_1s,0.282780259847641,0.24182598292827606,0.2184210568666458
33,reconstruction_only,125,driver_amplitude,0.5976043939590454,0.3466232717037201,0.24376173317432404
33,reconstruction_only,125,driver_shape,0.34600013494491577,0.10152652114629745,0.17901431024074554
33,reconstruction_only,125,physiology_tau,0.282780259847641,0.12802956998348236,0.20405413210391998
33,reconstruction_only,125,unmodeled_dynamics,0.282780259847641,0.19070833921432495,0.19767390191555023
33,reconstruction_only,126,control,0.5871368050575256,0.45426756143569946,0.1001732274889946
33,reconstruction_only,126,common_basis,0.5871368050575256,0.9907373785972595,0.11155398935079575
33,reconstruction_only,126,common_correlated,0.5871368050575256,1.380846381187439,0.15452037751674652
33,reconstruction_only,126,common_colored,0.5871368050575256,1.1186622381210327,0.131995290517807
33,reconstruction_only,126,common_exchange,0.5871368050575256,0.49852943420410156,0.11680364608764648
33,reconstruction_only,126,EEG_gain,0.7916705012321472,0.45426756143569946,0.12970803678035736
33,reconstruction_only,126,Hb_gain,0.5871368050575256,0.6084736585617065,0.12953321635723114
33,reconstruction_only,126,noise,0.5827984809875488,0.45289838314056396,0.11540872603654861
33,reconstruction_only,126,lag_1s,0.5871368050575256,0.4476151764392853,0.1263212114572525
33,reconstruction_only,126,driver_amplitude,1.0681310892105103,0.6758583784103394,0.1468663066625595
33,reconstruction_only,126,driver_shape,0.6168017983436584,0.3577578365802765,0.09984742105007172
33,reconstruction_only,126,physiology_tau,0.5871368050575256,0.2883743643760681,0.1284162998199463
33,reconstruction_only,126,unmodeled_dynamics,0.5871368050575256,0.426954984664917,0.12306541949510574
33,reconstruction_only,127,control,0.34407785534858704,0.26040709018707275,0.18205557763576508
33,reconstruction_only,127,common_basis,0.34407785534858704,1.2411768436431885,0.1876983344554901
33,reconstruction_only,127,common_correlated,0.34407785534858704,2.0695455074310303,0.2001655250787735
33,reconstruction_only,127,common_colored,0.34407785534858704,3.479875326156616,0.33180809020996094
33,reconstruction_only,127,common_exchange,0.34407785534858704,0.4192344844341278,0.18748976290225983
33,reconstruction_only,127,EEG_gain,0.35955318808555603,0.26040709018707275,0.2468637377023697
33,reconstruction_only,127,Hb_gain,0.34407785534858704,0.33035728335380554,0.17978674173355103
33,reconstruction_only,127,noise,0.35185641050338745,0.2581232786178589,0.1872798353433609
33,reconstruction_only,127,lag_1s,0.34407785534858704,0.29459577798843384,0.20350950956344604
33,reconstruction_only,127,driver_amplitude,0.536638617515564,0.37076687812805176,0.2738248407840729
33,reconstruction_only,127,driver_shape,0.34443557262420654,0.2745068073272705,0.18042826652526855
33,reconstruction_only,127,physiology_tau,0.34407785534858704,0.24639666080474854,0.18737711012363434
33,reconstruction_only,127,unmodeled_dynamics,0.34407785534858704,0.2165548950433731,0.18665249645709991
