repeat,pair,available,first,second,first_mechanism,second_mechanism,first_parameter,second_parameter,waveform_distance_SD,whitened_waveform_distance_SD,first_change_SD,second_change_SD,amplitude_log_ratio,spectrum_distance
0,tau/Hb_gain,True,6,10,tau,Hb_gain,3.374276379107047,0.625,0.15639166648007488,0.049512764303247525,0.2922019623018934,0.28531070791614216,0.023866425263053773,0.039150625368490406
0,tau/extra_HbT,True,2,21,tau,extra_HbT,1.1824757523436464,-0.010000000000000002,0.3754567738577334,0.1250771906367661,0.30901352176917113,0.31467887113570486,0.018167626403054856,0.03382172360564116
0,tau/lag,True,6,30,tau,lag,3.374276379107047,-0.75,0.10339095055632257,0.051530287961944275,0.2922019623018934,0.27700364886266454,0.053414536016298024,0.008383059380214282
0,Hb_gain/extra_HbT,True,16,23,Hb_gain,extra_HbT,1.375,0.010000000000000002,0.41945660929671635,0.13103779594901815,0.2853107079161422,0.31467887113570486,0.09797387247092469,0.04564906917969728
0,Hb_gain/lag,True,10,30,Hb_gain,lag,0.625,-0.75,0.19301611912708735,0.08087485899315594,0.28531070791614216,0.27700364886266454,0.029548110753244226,0.037506725380094225
0,extra_HbT/lag,True,23,30,extra_HbT,lag,0.010000000000000002,-0.75,0.37811536696312326,0.1347597699072885,0.31467887113570486,0.27700364886266454,0.127521983224169,0.029774913719508772
1,tau/Hb_gain,True,6,10,tau,Hb_gain,3.374276379107047,0.625,0.20389575000594562,0.0673991905873149,0.26101171962838815,0.26870228470452684,0.02903870928800854,0.02896263798713324
1,tau/extra_HbT,True,6,21,tau,extra_HbT,3.374276379107047,-0.010000000000000002,0.41639466128672287,0.12835629081157726,0.26101171962838815,0.2724820165049684,0.04300730834303473,0.05578773793743703
1,tau/lag,True,2,32,tau,lag,1.1824757523436464,0.75,0.14514670163271462,0.07000144102241444,0.2387091296935614,0.2079033223173377,0.13817260507885248,0.02729175231273316
1,Hb_gain/extra_HbT,True,10,23,Hb_gain,extra_HbT,0.625,0.010000000000000002,0.35804525991460967,0.12339074118104348,0.26870228470452684,0.2724820165049684,0.013968599055026185,0.04816161148420322
1,Hb_gain/lag,True,11,32,Hb_gain,lag,0.75,0.75,0.26295860006968064,0.09783244139346246,0.17913485646968458,0.2079033223173377,0.14893426481346062,0.020112554865228026
1,extra_HbT/lag,True,21,30,extra_HbT,lag,-0.010000000000000002,-0.75,0.3543624371367432,0.12329896764082886,0.2724820165049684,0.211518238697472,0.25326138770384954,0.05322449614951426
2,tau/Hb_gain,True,5,12,tau,Hb_gain,2.5961725266936297,0.875,0.1339623469055882,0.042169394317361185,0.17415711220660796,0.16181796363326187,0.07348581336913931,0.03563158419043794
2,tau/extra_HbT,True,6,21,tau,extra_HbT,3.374276379107047,-0.010000000000000002,0.40983267162537945,0.1370926134453049,0.3728532815765919,0.36261994321943947,0.02782969786949744,0.02279230254553445
2,tau/lag,True,2,32,tau,lag,1.1824757523436464,0.75,0.26244402540400297,0.08697570286252289,0.2854602112097038,0.34453591116338206,0.18809567233028046,0.03692906977663386
2,Hb_gain/extra_HbT,True,11,21,Hb_gain,extra_HbT,0.75,-0.010000000000000002,0.4696184838312901,0.12722686707497574,0.32363592726652374,0.36261994321943947,0.11373609470043455,0.01707989963897121
2,Hb_gain/lag,True,11,30,Hb_gain,lag,0.75,-0.75,0.4678764610626803,0.1317219970446977,0.32363592726652374,0.3136633503173406,0.031298924697530144,0.04216968319956647
2,extra_HbT/lag,True,23,32,extra_HbT,lag,0.010000000000000002,0.75,0.46097217281220526,0.15540565115385405,0.36261994321943947,0.34453591116338206,0.05115697098935954,0.0473113292331958
3,tau/Hb_gain,True,6,9,tau,Hb_gain,3.374276379107047,0.5,0.1387292904215426,0.031091869918728487,0.11421719188722605,0.12869398069265986,0.11933551563224454,0.04103452968451823
3,tau/extra_HbT,True,8,21,tau,extra_HbT,5.7,-0.010000000000000002,0.2755000841117414,0.08653502226255347,0.19251818996764297,0.2681881954861475,0.3314983134295858,0.037708857657121994
3,tau/lag,True,8,29,tau,lag,5.7,-1.5,0.08166920193240722,0.030038808731210353,0.19251818996764297,0.21666780872554178,0.11817470264661355,0.021031812531900323
3,Hb_gain/extra_HbT,True,9,21,Hb_gain,extra_HbT,0.5,-0.010000000000000002,0.2953431740979459,0.08819168285964386,0.12869398069265986,0.2681881954861475,0.734251612588091,0.04229895407438142
3,Hb_gain/lag,True,9,30,Hb_gain,lag,0.5,-0.75,0.1367200083727291,0.03561858749423184,0.12869398069265986,0.1075443254891638,0.17953425072875914,0.03773033916067407
3,extra_HbT/lag,True,23,34,extra_HbT,lag,0.010000000000000002,2.25,0.2996099050441778,0.11514666885676017,0.2681881954861475,0.2776996275601444,0.034851097121234235,0.061647224536168645
4,tau/Hb_gain,True,6,10,tau,Hb_gain,3.374276379107047,0.625,0.18714671910382896,0.06773757406456869,0.25368015976189845,0.21598468930909806,0.1608667376635571,0.03175924198852689
4,tau/extra_HbT,True,6,21,tau,extra_HbT,3.374276379107047,-0.010000000000000002,0.3478956476405967,0.11700782382719566,0.25368015976189845,0.28322825010044644,0.11017885001692372,0.02319733680907627
4,tau/lag,True,2,32,tau,lag,1.1824757523436464,0.75,0.1517959527299945,0.0722545705694323,0.23536392500331646,0.21386308187110753,0.0957969273896307,0.026155606829019563
4,Hb_gain/extra_HbT,True,9,21,Hb_gain,extra_HbT,0.5,-0.010000000000000002,0.39865144308209893,0.15190067066305588,0.28797958574546406,0.28322825010044644,0.016636484771300086,0.034863622290646
4,Hb_gain/lag,True,10,30,Hb_gain,lag,0.625,-0.75,0.25963649801552013,0.11530132227136038,0.21598468930909806,0.21727083366864408,0.005937134412997698,0.016590053880003282
4,extra_HbT/lag,True,21,30,extra_HbT,lag,-0.010000000000000002,-0.75,0.3338662069872256,0.12433334648602555,0.28322825010044644,0.21727083366864408,0.2651084532674831,0.03281914901798211
5,tau/Hb_gain,True,5,12,tau,Hb_gain,2.5961725266936297,0.875,0.1537688427881495,0.04444223801072359,0.21026047953811192,0.21370093529126022,0.016230398134740292,0.04288458034962442
5,tau/extra_HbT,True,6,21,tau,extra_HbT,3.374276379107047,-0.010000000000000002,0.44470385224630427,0.1751537571254409,0.4557371760616058,0.4387047014441446,0.03808975018614486,0.02719588081706765
5,tau/lag,True,2,32,tau,lag,1.1824757523436464,0.75,0.27646532126324075,0.08098726898019094,0.28396506013233025,0.28385651188515526,0.00038233224606668,0.05467244564471012
5,Hb_gain/extra_HbT,True,15,23,Hb_gain,extra_HbT,1.25,0.010000000000000002,0.5504532151290766,0.17036339678251808,0.4274018705825205,0.4387047014441446,0.026101805347362044,0.024846865143116112
5,Hb_gain/lag,True,12,30,Hb_gain,lag,0.875,-0.75,0.3498205289080374,0.10670529815554095,0.21370093529126022,0.2710201474021633,0.23761562380277268,0.03964074782040958
5,extra_HbT/lag,True,21,30,extra_HbT,lag,-0.010000000000000002,-0.75,0.42362106043654496,0.17211684492286103,0.4387047014441446,0.2710201474021633,0.48163336210453467,0.04567112176180866
6,tau/Hb_gain,True,5,11,tau,Hb_gain,2.5961725266936297,0.75,0.15247995428429834,0.046888879522758234,0.19397876197255526,0.2467301630336228,0.24054660340542927,0.05052787071521278
6,tau/extra_HbT,True,6,23,tau,extra_HbT,3.374276379107047,0.010000000000000002,0.5060765615900715,0.15083701506128672,0.37281311215196056,0.49007644296561903,0.27348413071492517,0.014073235198356578
6,tau/lag,True,6,30,tau,lag,3.374276379107047,-0.75,0.16361351964199902,0.0711070115310529,0.37281311215196056,0.3131049087807999,0.17453894806808504,0.014848114009379569
6,Hb_gain/extra_HbT,True,9,23,Hb_gain,extra_HbT,0.5,0.010000000000000002,0.6812149061023572,0.1827012874029252,0.4934603260672456,0.49007644296561903,0.0068810776783975736,0.04672788887074343
6,Hb_gain/lag,True,11,32,Hb_gain,lag,0.75,0.75,0.4163186646142751,0.12751259072245766,0.2467301630336228,0.261321673523177,0.057456831958721366,0.050338589176653965
6,extra_HbT/lag,True,23,30,extra_HbT,lag,0.010000000000000002,-0.75,0.5160236554144843,0.15660395254588105,0.49007644296561903,0.3131049087807999,0.4480230787830101,0.020054711039241016
7,tau/Hb_gain,True,5,11,tau,Hb_gain,2.5961725266936297,0.75,0.13650923991678265,0.045310978959684514,0.18315106242744744,0.19068257274764133,0.04029883266609443,0.05529572760565726
7,tau/extra_HbT,True,6,23,tau,extra_HbT,3.374276379107047,0.010000000000000002,0.45986787328058587,0.13646375534881328,0.347129731549752,0.4522415837605106,0.26451793818240743,0.014832086517829978
7,tau/lag,True,6,30,tau,lag,3.374276379107047,-0.75,0.16537585834161753,0.06988537971543492,0.347129731549752,0.2850730122824711,0.19695324530740124,0.011559732948990037
7,Hb_gain/extra_HbT,True,17,21,Hb_gain,extra_HbT,1.5,-0.010000000000000002,0.5863152105159509,0.15679681335561918,0.38136514549528266,0.45224158376051055,0.17045921110264817,0.05103371362117368
7,Hb_gain/lag,True,10,30,Hb_gain,lag,0.625,-0.75,0.26805951677624495,0.1092243558187093,0.286023859121462,0.2850730122824711,0.003329899935379463,0.04603793697204851
7,extra_HbT/lag,True,23,30,extra_HbT,lag,0.010000000000000002,-0.75,0.4564431422204182,0.1422429778490071,0.4522415837605106,0.2850730122824711,0.46147118348980876,0.01731646483502779
8,tau/Hb_gain,True,6,11,tau,Hb_gain,3.374276379107047,0.75,0.15253730438517568,0.05517104249423326,0.23413366875166153,0.2118592613854466,0.09996999341807139,0.036103821866740035
8,tau/extra_HbT,True,6,21,tau,extra_HbT,3.374276379107047,-0.010000000000000002,0.33863000235408386,0.09859146395600898,0.23413366875166153,0.2802756604791354,0.17988143432934076,0.055344731878732026
8,tau/lag,True,6,30,tau,lag,3.374276379107047,-0.75,0.17050410938576438,0.06819691890618956,0.23413366875166153,0.18825930271580046,0.21807190397110301,0.02899798254861995
8,Hb_gain/extra_HbT,True,10,21,Hb_gain,extra_HbT,0.625,-0.010000000000000002,0.4036831490492343,0.114506264282534,0.3177888920781699,0.2802756604791354,0.1256136803607523,0.05617493929669951
8,Hb_gain/lag,True,11,32,Hb_gain,lag,0.75,0.75,0.2284910571821847,0.09149930214723097,0.2118592613854466,0.2225415138091373,0.04919147029101942,0.039571210121595944
8,extra_HbT/lag,True,23,32,extra_HbT,lag,0.010000000000000002,0.75,0.3255096836579103,0.11207472622100761,0.2802756604791354,0.2225415138091373,0.23065995745639256,0.06253013555294301
9,tau/Hb_gain,True,5,11,tau,Hb_gain,2.5961725266936297,0.75,0.19207511170711858,0.060224947241023306,0.18730737554888047,0.23890414074133792,0.2433113997723093,0.029802840889245175
9,tau/extra_HbT,True,2,21,tau,extra_HbT,1.1824757523436464,-0.010000000000000002,0.4770671485543233,0.13298039851279725,0.406641587470311,0.4500314724022091,0.10138534198780899,0.01973328954240616
9,tau/lag,True,2,32,tau,lag,1.1824757523436464,0.75,0.2140767956695129,0.07716764997464608,0.406641587470311,0.46617113999687776,0.13662064291433812,0.031226948656460682
9,Hb_gain/extra_HbT,True,10,21,Hb_gain,extra_HbT,0.625,-0.010000000000000002,0.5083973990585833,0.13995618988093717,0.3583562111120069,0.4500314724022091,0.2277900241709556,0.05909494886129427
9,Hb_gain/lag,True,10,30,Hb_gain,lag,0.625,-0.75,0.4195785085758894,0.13829653059697572,0.3583562111120069,0.4289130767666118,0.1797267853191273,0.033747338501883585
9,extra_HbT/lag,True,21,32,extra_HbT,lag,-0.010000000000000002,0.75,0.5914358551269382,0.15148532118616306,0.4500314724022091,0.46617113999687776,0.0352353009265292,0.03525686088869597
10,tau/Hb_gain,True,6,10,tau,Hb_gain,3.374276379107047,0.625,0.15697520904328957,0.05553291864213038,0.20301613475322886,0.20207895168718867,0.004626986450453571,0.02612520958215986
10,tau/extra_HbT,True,7,23,tau,extra_HbT,4.385587231022793,0.010000000000000002,0.2977175183847527,0.11052480068626466,0.30746082895307414,0.3656387329475761,0.1732980838653628,0.018331908766336277
10,tau/lag,True,1,32,tau,lag,0.9097983439425202,0.75,0.17842913680778422,0.07924007830891247,0.22943495701770514,0.2078523819517183,0.09879145205603265,0.051627049423608365
10,Hb_gain/extra_HbT,True,9,23,Hb_gain,extra_HbT,0.5,0.010000000000000002,0.4061970614575612,0.13474536039644977,0.26943860224958494,0.3656387329475761,0.30530523405162935,0.02566929312365483
10,Hb_gain/lag,True,10,32,Hb_gain,lag,0.625,0.75,0.220376914427642,0.0947981737433218,0.20207895168718867,0.2078523819517183,0.028169654612483188,0.041318914225715146
10,extra_HbT/lag,True,23,29,extra_HbT,lag,0.010000000000000002,-1.5,0.3815619609064949,0.16920191459685696,0.3656387329475761,0.33270235855559754,0.09439750534379844,0.04484950833087162
11,tau/Hb_gain,True,6,10,tau,Hb_gain,3.374276379107047,0.625,0.24950919344298228,0.07796202735289717,0.303885762672888,0.2743449552919584,0.10226557462083474,0.02992879537503969
11,tau/extra_HbT,True,6,21,tau,extra_HbT,3.374276379107047,-0.010000000000000002,0.3924021739756498,0.10875085675633572,0.303885762672888,0.3467556590981206,0.1319685293584148,0.049558448503222455
11,tau/lag,True,6,30,tau,lag,3.374276379107047,-0.75,0.20779807300651282,0.08065115320582013,0.303885762672888,0.2543053390970183,0.17811618262456375,0.024188373858689695
11,Hb_gain/extra_HbT,True,10,21,Hb_gain,extra_HbT,0.625,-0.010000000000000002,0.37296366977498524,0.11715084995129747,0.2743449552919584,0.3467556590981206,0.23423410397924954,0.04144988723696644
11,Hb_gain/lag,True,10,30,Hb_gain,lag,0.625,-0.75,0.3494975486342087,0.12789514738970717,0.2743449552919584,0.2543053390970183,0.07585060800372899,0.01350641885278304
11,extra_HbT/lag,True,21,30,extra_HbT,lag,-0.010000000000000002,-0.75,0.42204332104733383,0.12278655738713973,0.3467556590981206,0.2543053390970183,0.31008471198297854,0.04547931561788659
12,tau/Hb_gain,True,5,12,tau,Hb_gain,2.5961725266936297,0.875,0.14050723706708323,0.04403219217043183,0.20276476353324566,0.1477176293799301,0.31674396499349683,0.044897258314948375
12,tau/extra_HbT,True,5,21,tau,extra_HbT,2.5961725266936297,-0.010000000000000002,0.29564367981118606,0.10050405846825726,0.20276476353324566,0.2736336725850003,0.2997437437045073,0.053822847874124176
12,tau/lag,True,3,32,tau,lag,1.5368778303349075,0.75,0.15201461909570496,0.07039006992771421,0.19708164466893097,0.27894516017748056,0.3473971211722695,0.017585522953012023
12,Hb_gain/extra_HbT,True,11,21,Hb_gain,extra_HbT,0.75,-0.010000000000000002,0.3597098292745069,0.1119558638958137,0.29543525875986026,0.2736336725850003,0.07665947186194132,0.057519501829251835
12,Hb_gain/lag,True,11,30,Hb_gain,lag,0.75,-0.75,0.28718289203819775,0.10629480311836732,0.29543525875986026,0.3134497464920349,0.05918932660165479,0.029427791881493217
12,extra_HbT/lag,True,23,32,extra_HbT,lag,0.010000000000000002,0.75,0.3656691079822541,0.13121780394043434,0.2736336725850003,0.27894516017748056,0.019224953508340116,0.04546696772983552
13,tau/Hb_gain,True,6,11,tau,Hb_gain,3.374276379107047,0.75,0.24719455528087914,0.05615173405313603,0.20527852811126837,0.22485508063593002,0.091088377939384,0.05610426684423018
13,tau/extra_HbT,True,8,21,tau,extra_HbT,5.7,-0.010000000000000002,0.3934011031568483,0.11315030023891413,0.4087788508606362,0.4613497781993857,0.12098219039426207,0.04025105127257638
13,tau/lag,True,1,32,tau,lag,0.9097983439425202,0.75,0.13434285366820586,0.054610080883575364,0.324301552806451,0.27961236862951605,0.1482695552272044,0.030658019936779767
13,Hb_gain/extra_HbT,True,17,23,Hb_gain,extra_HbT,1.5,0.010000000000000002,0.5101488760865523,0.12850972553043027,0.4497101612718601,0.4613497781993857,0.025553204070843934,0.009098686418175536
13,Hb_gain/lag,True,11,32,Hb_gain,lag,0.75,0.75,0.2614095704350567,0.07602135324201927,0.22485508063593002,0.27961236862951605,0.2179481376242584,0.03542224129101824
13,extra_HbT/lag,True,21,29,extra_HbT,lag,-0.010000000000000002,-1.5,0.5529987245204439,0.1554918968072263,0.4613497781993857,0.45226234289375633,0.019894077165327456,0.06307436653557963
14,tau/Hb_gain,True,6,11,tau,Hb_gain,3.374276379107047,0.75,0.22349639774074959,0.058496101610476185,0.21788569916057296,0.2769901181994866,0.2400112216705898,0.03192019111255455
14,tau/extra_HbT,True,7,23,tau,extra_HbT,4.385587231022793,0.010000000000000002,0.3613871298127923,0.11876261468514052,0.3408205281010507,0.3174483193841277,0.07104099668900923,0.023057063460434804
14,tau/lag,True,1,32,tau,lag,0.9097983439425202,0.75,0.17453886499450252,0.0632400109391803,0.23136338904248518,0.2125617791302909,0.08475691578303352,0.04590437688133342
14,Hb_gain/extra_HbT,True,15,21,Hb_gain,extra_HbT,1.25,-0.010000000000000002,0.4026098477341441,0.1060874398010794,0.2769901181994866,0.31744831938412765,0.1363332003094799,0.025795427998484725
14,Hb_gain/lag,True,11,32,Hb_gain,lag,0.75,0.75,0.26238063546421225,0.08255264870060278,0.2769901181994866,0.2125617791302909,0.26474915974983754,0.040282413238342724
14,extra_HbT/lag,True,23,29,extra_HbT,lag,0.010000000000000002,-1.5,0.3946811179590087,0.152745963867106,0.3174483193841277,0.3201006340883941,0.008320396390664788,0.031210173457192555
15,tau/Hb_gain,True,6,10,tau,Hb_gain,3.374276379107047,0.625,0.1647519122794653,0.05341747156708177,0.2622875064405667,0.2618658416970577,0.0016089369111924989,0.04093633011463049
15,tau/extra_HbT,True,7,21,tau,extra_HbT,4.385587231022793,-0.010000000000000002,0.38890315125427705,0.14983473263952202,0.38313630576901897,0.39212570411629744,0.023191646548427407,0.024206033481931958
15,tau/lag,True,2,32,tau,lag,1.1824757523436464,0.75,0.23182896291534535,0.06272392724185391,0.20822350284350036,0.23383734465864742,0.11601372965602925,0.0628688112192333
15,Hb_gain/extra_HbT,True,9,21,Hb_gain,extra_HbT,0.5,-0.010000000000000002,0.47977384090992964,0.1563976874743596,0.3491544555960769,0.39212570411629744,0.11606807167491269,0.029638133959940798
15,Hb_gain/lag,True,10,32,Hb_gain,lag,0.625,0.75,0.2677370572639144,0.09235802555105908,0.2618658416970577,0.23383734465864742,0.11320655266345135,0.03250923476426205
15,extra_HbT/lag,True,21,29,extra_HbT,lag,-0.010000000000000002,-1.5,0.41259334166042627,0.1719670676833958,0.39212570411629744,0.3720882302412849,0.052451457932839174,0.03284501375652238
16,tau/Hb_gain,True,5,12,tau,Hb_gain,2.5961725266936297,0.875,0.14765401679194962,0.0410336731392538,0.17108959062883516,0.16374942268576378,0.043849992183578414,0.0355566926920728
16,tau/extra_HbT,True,6,21,tau,extra_HbT,3.374276379107047,-0.010000000000000002,0.42947292801587506,0.1313831341583616,0.3521002932967866,0.44267406738357035,0.22891770056197677,0.022711726851503956
16,tau/lag,True,2,32,tau,lag,1.1824757523436464,0.75,0.1827478550381126,0.07446339909077886,0.2916376632964829,0.2581260781878553,0.12206401191313435,0.031499454278482907
16,Hb_gain/extra_HbT,True,11,21,Hb_gain,extra_HbT,0.75,-0.010000000000000002,0.5073104514756196,0.1401218044224831,0.32749884537152757,0.44267406738357035,0.3013492302295286,0.03167316402842144
16,Hb_gain/lag,True,11,30,Hb_gain,lag,0.75,-0.75,0.3138471889642819,0.10177465786077342,0.32749884537152757,0.26296183533001427,0.21947562065172233,0.023868287778487957
16,extra_HbT/lag,True,23,32,extra_HbT,lag,0.010000000000000002,0.75,0.4679456875963123,0.13860219455860842,0.44267406738357035,0.2581260781878553,0.5393856190099695,0.03505235744305537
17,tau/Hb_gain,True,6,11,tau,Hb_gain,3.374276379107047,0.75,0.1964021253098937,0.06476106583123524,0.30953290665305383,0.2403616933544923,0.2529195639366428,0.03116460414708926
17,tau/extra_HbT,True,2,21,tau,extra_HbT,1.1824757523436464,-0.010000000000000002,0.39087546512494864,0.12667951474635777,0.28718313262891226,0.2911303126703863,0.013650871749801214,0.01945707574234959
17,tau/lag,True,6,30,tau,lag,3.374276379107047,-0.75,0.22809819208420282,0.08058132301244446,0.30953290665305383,0.2910341667182213,0.0616237367715218,0.0416250438793729
17,Hb_gain/extra_HbT,True,11,21,Hb_gain,extra_HbT,0.75,-0.010000000000000002,0.40943310506281205,0.12528831730663353,0.2403616933544923,0.2911303126703863,0.19162613228143488,0.029538451762325352
17,Hb_gain/lag,True,11,30,Hb_gain,lag,0.75,-0.75,0.30921449050460964,0.1123736942940869,0.2403616933544923,0.2910341667182213,0.19129582716512095,0.04240400265340823
17,extra_HbT/lag,True,23,30,extra_HbT,lag,0.010000000000000002,-0.75,0.37929227358692535,0.1417206308132343,0.2911303126703863,0.2910341667182213,0.00033030511631394597,0.03929899960406442
18,tau/Hb_gain,True,6,10,tau,Hb_gain,3.374276379107047,0.625,0.23306649523799305,0.07096553953675445,0.26734921211983753,0.28000713760035784,0.046259379882724445,0.028254314474472318
18,tau/extra_HbT,True,6,21,tau,extra_HbT,3.374276379107047,-0.010000000000000002,0.3431587391912563,0.10221111096185526,0.26734921211983753,0.2694573537810352,0.007854421436122583,0.05106589708523245
18,tau/lag,True,2,32,tau,lag,1.1824757523436464,0.75,0.13861184094693477,0.05281792040651362,0.2349450910728799,0.22686968031916466,0.0349760747183638,0.03506134407113528
18,Hb_gain/extra_HbT,True,10,23,Hb_gain,extra_HbT,0.625,0.010000000000000002,0.34561042971971206,0.10533705961385181,0.28000713760035784,0.2694573537810352,0.03840495844660197,0.0481374365524066
18,Hb_gain/lag,True,11,30,Hb_gain,lag,0.75,-0.75,0.25663705961138716,0.0870880499112936,0.1866714250669052,0.21313539624510489,0.1325776407177232,0.010583404501154529
18,extra_HbT/lag,True,23,32,extra_HbT,lag,0.010000000000000002,0.75,0.3384499731327926,0.09903776784466485,0.2694573537810352,0.22686968031916466,0.17203437871240715,0.04604833420394722
19,tau/Hb_gain,True,6,10,tau,Hb_gain,3.374276379107047,0.625,0.17616005812474772,0.06894139249676795,0.2543070581847892,0.2528969739952009,0.005560239008365208,0.030898126912749853
19,tau/extra_HbT,True,2,23,tau,extra_HbT,1.1824757523436464,0.010000000000000002,0.2816613475386471,0.11637233807003491,0.2562185535797738,0.2835213958546334,0.10125678552206206,0.02780994091533007
19,tau/lag,True,6,30,tau,lag,3.374276379107047,-0.75,0.1769128663568527,0.08798202166046488,0.2543070581847892,0.24906542884552393,0.020826798994548316,0.02743809710972709
19,Hb_gain/extra_HbT,True,16,23,Hb_gain,extra_HbT,1.375,0.010000000000000002,0.37072280324539386,0.14880456743237183,0.2528969739952009,0.2835213958546334,0.11430540232505274,0.03963194358099311
19,Hb_gain/lag,True,10,30,Hb_gain,lag,0.625,-0.75,0.2726050177149419,0.12996571516405364,0.2528969739952009,0.24906542884552393,0.015266559986183172,0.022395258448178634
19,extra_HbT/lag,True,21,30,extra_HbT,lag,-0.010000000000000002,-0.75,0.3224925481751443,0.1376751387061004,0.28352139585463343,0.24906542884552393,0.12957196231123613,0.033248255591433934
20,tau/Hb_gain,True,6,10,tau,Hb_gain,3.374276379107047,0.625,0.18507363021923667,0.058957121857408756,0.29477788634552715,0.3026161083271533,0.026242887902828936,0.04367068160974443
20,tau/extra_HbT,True,7,23,tau,extra_HbT,4.385587231022793,0.010000000000000002,0.5071697872521831,0.16218688898144082,0.439018572157362,0.5454082224250312,0.21699282847338267,0.012437646706951395
20,tau/lag,True,2,32,tau,lag,1.1824757523436464,0.75,0.14298465198275326,0.061031068079878285,0.22819361983139824,0.1731371321285127,0.2761105266037392,0.03343638631942091
20,Hb_gain/extra_HbT,True,9,23,Hb_gain,extra_HbT,0.5,0.010000000000000002,0.6386982684999741,0.17463994336045605,0.40348814443620434,0.5454082224250312,0.3013874407915601,0.03763546046351023
20,Hb_gain/lag,True,11,30,Hb_gain,lag,0.75,-0.75,0.21665012396505928,0.08499641106578097,0.20174407221810217,0.1879460439656529,0.0708450034450097,0.037075704839188116
20,extra_HbT/lag,True,23,29,extra_HbT,lag,0.010000000000000002,-1.5,0.5492949927493604,0.19221229855196562,0.5454082224250312,0.39316861126253855,0.3272959901003786,0.02948584804652432
21,tau/Hb_gain,True,3,14,tau,Hb_gain,1.5368778303349075,1.125,0.15856334664834748,0.04976355247454934,0.17978530010355537,0.1463708354884099,0.20561999122555027,0.03607502132955196
21,tau/extra_HbT,True,2,21,tau,extra_HbT,1.1824757523436464,-0.010000000000000002,0.4491703630415714,0.12834508309667805,0.3269924681147158,0.37051876009088996,0.12496694063392495,0.02300931034235545
21,tau/lag,True,5,30,tau,lag,2.5961725266936297,-0.75,0.15854021857825648,0.05248908183224057,0.19727787235376906,0.2623891795933022,0.2852155654616791,0.0221323474618877
21,Hb_gain/extra_HbT,True,11,23,Hb_gain,extra_HbT,0.75,0.010000000000000002,0.4322675654929682,0.10873933541159995,0.2927416709768198,0.3705187600908899,0.23561352688033727,0.02602065957571805
21,Hb_gain/lag,True,11,32,Hb_gain,lag,0.75,0.75,0.35697972250755877,0.09771842770062589,0.2927416709768198,0.2793343048441341,0.046881261327020494,0.02490465061324171
21,extra_HbT/lag,True,23,30,extra_HbT,lag,0.010000000000000002,-0.75,0.3811591667984567,0.1117776194101213,0.3705187600908899,0.2623891795933022,0.3450752580638957,0.028343258379826704
22,tau/Hb_gain,True,6,10,tau,Hb_gain,3.374276379107047,0.625,0.27554783465782706,0.0831818878575876,0.31344933203769676,0.3397608864417143,0.08060436830820837,0.027236267780187628
22,tau/extra_HbT,True,6,21,tau,extra_HbT,3.374276379107047,-0.010000000000000002,0.3780732518251735,0.12149072002187283,0.31344933203769676,0.289305126303373,0.08015579521165848,0.041706668274901874
22,tau/lag,True,6,30,tau,lag,3.374276379107047,-0.75,0.25429980199174634,0.08073804874576526,0.31344933203769676,0.2740768732854895,0.1342291002418555,0.04980859870213613
22,Hb_gain/extra_HbT,True,11,21,Hb_gain,extra_HbT,0.75,-0.010000000000000002,0.35750992359379535,0.1110196649024249,0.22650725762780954,0.289305126303373,0.2447049445882975,0.029769070856711124
22,Hb_gain/lag,True,11,30,Hb_gain,lag,0.75,-0.75,0.3414789387223569,0.10856791032620995,0.22650725762780954,0.2740768732854895,0.1906316395581006,0.04021803510865068
22,extra_HbT/lag,True,21,30,extra_HbT,lag,-0.010000000000000002,-0.75,0.3953862399871213,0.12356572768276304,0.289305126303373,0.2740768732854895,0.054073305030197034,0.05172916107036764
23,tau/Hb_gain,True,7,9,tau,Hb_gain,4.385587231022793,0.5,0.15295306596017497,0.07199025597005762,0.2699603838073942,0.24200518588239628,0.1093160664005043,0.028213549406864196
23,tau/extra_HbT,True,8,21,tau,extra_HbT,5.7,-0.010000000000000002,0.45714567544147056,0.17639767848268592,0.32772844521490385,0.48411519955030663,0.390137539448779,0.05328995658680399
23,tau/lag,True,7,30,tau,lag,4.385587231022793,-0.75,0.2338076488167326,0.1126634065113481,0.2699603838073942,0.24232458817531713,0.10799712068899851,0.043074983286350135
23,Hb_gain/extra_HbT,True,9,21,Hb_gain,extra_HbT,0.5,-0.010000000000000002,0.5048236344578664,0.17375378336591513,0.24200518588239628,0.48411519955030663,0.6933637388020365,0.06348931183649914
23,Hb_gain/lag,True,9,30,Hb_gain,lag,0.5,-0.75,0.27466030213079506,0.14091863620565925,0.24200518588239628,0.24232458817531713,0.0013189457115058828,0.03698278317886572
23,extra_HbT/lag,True,23,32,extra_HbT,lag,0.010000000000000002,0.75,0.5140264428968728,0.16045296452521157,0.48411519955030663,0.2998172855527242,0.47914965304177504,0.06083185501408865
24,tau/Hb_gain,True,6,10,tau,Hb_gain,3.374276379107047,0.625,0.264823008902133,0.08391740084114727,0.3280952063103771,0.35179333347018765,0.06974005294450228,0.026853969883750706
24,tau/extra_HbT,True,2,21,tau,extra_HbT,1.1824757523436464,-0.010000000000000002,0.38153668022448706,0.127169904940645,0.2970091942931921,0.2706970383559993,0.0927628396663744,0.06175724776400248
24,tau/lag,True,2,32,tau,lag,1.1824757523436464,0.75,0.1623251114957108,0.06313708723034374,0.2970091942931921,0.2627054943536828,0.12272948413090673,0.02741514540433591
24,Hb_gain/extra_HbT,True,11,23,Hb_gain,extra_HbT,0.75,0.010000000000000002,0.3229602614753799,0.10143715290731592,0.23452888898012508,0.2706970383559993,0.14342148162961618,0.05262054384077192
24,Hb_gain/lag,True,11,30,Hb_gain,lag,0.75,-0.75,0.3165678991186487,0.1088293475259946,0.23452888898012508,0.2645873188911402,0.1205925507072276,0.021752423924761358
24,extra_HbT/lag,True,23,32,extra_HbT,lag,0.010000000000000002,0.75,0.38972438281308086,0.12491820317123715,0.2706970383559993,0.2627054943536828,0.029966644464532444,0.05376141727934841
25,tau/Hb_gain,True,5,10,tau,Hb_gain,2.5961725266936297,0.625,0.15799101320596026,0.051574557368650284,0.12226094819590727,0.13714158157727668,0.11485615422444678,0.06003150459029829
25,tau/extra_HbT,True,8,21,tau,extra_HbT,5.7,-0.010000000000000002,0.49730989083204147,0.15642490131000036,0.4153498987123162,0.5033656285601541,0.1921955073608063,0.011332996122245167
25,tau/lag,True,6,30,tau,lag,3.374276379107047,-0.75,0.13411547754946052,0.05639219599824592,0.23988050049447415,0.1836862126339778,0.26691194903783566,0.01475357693829118
25,Hb_gain/extra_HbT,True,9,23,Hb_gain,extra_HbT,0.5,0.010000000000000002,0.49404361944052355,0.15499750580897928,0.18285544210303556,0.503365628560154,1.012620894968744,0.05770393090564739
25,Hb_gain/lag,True,9,30,Hb_gain,lag,0.5,-0.75,0.2572765405723493,0.10035763733258098,0.18285544210303556,0.1836862126339778,0.004533028881086866,0.047163520340876154
25,extra_HbT/lag,True,21,29,extra_HbT,lag,-0.010000000000000002,-1.5,0.48912359505778347,0.17089777478934204,0.5033656285601541,0.38922829170684947,0.25715076216512944,0.013556634278350696
26,tau/Hb_gain,True,5,11,tau,Hb_gain,2.5961725266936297,0.75,0.22044320725989117,0.06005203141295678,0.20590010766206746,0.28137771144929075,0.31230679868736944,0.0375369208356266
26,tau/extra_HbT,True,2,23,tau,extra_HbT,1.1824757523436464,0.010000000000000002,0.6614470338641077,0.1627684175165496,0.4285283747402256,0.41166928013021115,0.04013664574086632,0.01447717367808937
26,tau/lag,True,6,30,tau,lag,3.374276379107047,-0.75,0.26380191803121567,0.08317901313733955,0.39739743559325236,0.44786882960682767,0.11956352135134748,0.04018628490676023
26,Hb_gain/extra_HbT,True,16,21,Hb_gain,extra_HbT,1.375,-0.010000000000000002,0.6263979239049678,0.1651759247171923,0.42206656717393604,0.41166928013021115,0.024942734846107487,0.0617660894612759
26,Hb_gain/lag,True,10,30,Hb_gain,lag,0.625,-0.75,0.4681283563954085,0.13754645513483107,0.4220665671739361,0.44786882960682767,0.05933735477276314,0.056153574491255506
26,extra_HbT/lag,True,21,30,extra_HbT,lag,-0.010000000000000002,-0.75,0.6031693383554065,0.16206343254326938,0.41166928013021115,0.44786882960682767,0.08428008961887083,0.0478146739514301
27,tau/Hb_gain,True,2,15,tau,Hb_gain,1.1824757523436464,1.25,0.2558747368976397,0.0942793274083905,0.24074307579843862,0.23466023978208939,0.02559160948013586,0.03848221650240432
27,tau/extra_HbT,True,2,21,tau,extra_HbT,1.1824757523436464,-0.010000000000000002,0.29166823866510405,0.12001983823801522,0.24074307579843862,0.2704841054919949,0.11648304752347324,0.036832991886157934
27,tau/lag,True,1,32,tau,lag,0.9097983439425202,0.75,0.32925784789193024,0.10142558905272592,0.314455553568091,0.3302182636170624,0.048911098683407685,0.06646365835185915
27,Hb_gain/extra_HbT,True,11,21,Hb_gain,extra_HbT,0.75,-0.010000000000000002,0.3593620202275027,0.11172963761290726,0.23466023978208939,0.2704841054919949,0.14207465700360913,0.05880907669064402
27,Hb_gain/lag,True,11,30,Hb_gain,lag,0.75,-0.75,0.36042077873900125,0.1134973055689214,0.23466023978208939,0.2587622205569304,0.09777089284718182,0.03633813938148643
27,extra_HbT/lag,True,23,30,extra_HbT,lag,0.010000000000000002,-0.75,0.32537321866120944,0.13298865642166566,0.270484105491995,0.2587622205569304,0.044303764156427644,0.04840617272058385
28,tau/Hb_gain,True,6,11,tau,Hb_gain,3.374276379107047,0.75,0.19517050468317523,0.06425782035222319,0.27840212853356516,0.23424554945405462,0.17269665221659605,0.035275810501647166
28,tau/extra_HbT,True,6,23,tau,extra_HbT,3.374276379107047,0.010000000000000002,0.47830317708973114,0.13518459222536003,0.27840212853356516,0.3632255765608947,0.2659574902685398,0.027564480423027816
28,tau/lag,True,2,32,tau,lag,1.1824757523436464,0.75,0.18705988427947626,0.07833687349275768,0.24060755505091264,0.2311953110609826,0.03990434820973275,0.03536044391876465
28,Hb_gain/extra_HbT,True,10,23,Hb_gain,extra_HbT,0.625,0.010000000000000002,0.5453496682803851,0.1410964414886997,0.35136832418108194,0.3632255765608947,0.03318903437697156,0.024059229417472117
28,Hb_gain/lag,True,11,32,Hb_gain,lag,0.75,0.75,0.304753417762749,0.10732512787644691,0.23424554945405462,0.2311953110609826,0.013107066094683822,0.03517850822124005
28,extra_HbT/lag,True,23,32,extra_HbT,lag,0.010000000000000002,0.75,0.39572614555329305,0.1334154277228791,0.3632255765608947,0.2311953110609826,0.4517612085798197,0.04757722660246464
29,tau/Hb_gain,True,6,10,tau,Hb_gain,3.374276379107047,0.625,0.3041667018273469,0.07615235877256511,0.2580723417943921,0.30020916523186203,0.15123950898225932,0.029235052836751062
29,tau/extra_HbT,True,2,23,tau,extra_HbT,1.1824757523436464,0.010000000000000002,0.32770541782213664,0.1355962310363349,0.24399645811997323,0.26849701427570427,0.09568608458499649,0.04469622347998617
29,tau/lag,True,2,32,tau,lag,1.1824757523436464,0.75,0.13630995090079495,0.06412240348650708,0.24399645811997323,0.2629369573080454,0.07476058810452126,0.026569611234720073
29,Hb_gain/extra_HbT,True,16,21,Hb_gain,extra_HbT,1.375,-0.010000000000000002,0.40670158985598714,0.14263151229033674,0.300209165231862,0.26849701427570427,0.11163965528148574,0.049074100643468684
29,Hb_gain/lag,True,10,32,Hb_gain,lag,0.625,0.75,0.3417951469343822,0.1097238979876209,0.30020916523186203,0.2629369573080454,0.13256515176196096,0.04164526577553174
29,extra_HbT/lag,True,23,32,extra_HbT,lag,0.010000000000000002,0.75,0.35219182534193466,0.14310150956794473,0.26849701427570427,0.2629369573080454,0.020925496480475286,0.05478479671382509
30,tau/Hb_gain,True,7,11,tau,Hb_gain,4.385587231022793,0.75,0.17646440387248657,0.06235629468013893,0.3321493835138832,0.30238453022588324,0.09388533172581703,0.031076608507581222
30,tau/extra_HbT,True,7,23,tau,extra_HbT,4.385587231022793,0.010000000000000002,0.4124746375029981,0.14865007035118272,0.3321493835138832,0.3746025630082313,0.12028081391110858,0.019975680136644084
30,tau/lag,True,2,32,tau,lag,1.1824757523436464,0.75,0.12715919692340397,0.06336170119882667,0.1634857733905838,0.18870079030759856,0.1434366668854702,0.03201911593147861
30,Hb_gain/extra_HbT,True,11,21,Hb_gain,extra_HbT,0.75,-0.010000000000000002,0.5090109147656434,0.1348253891836205,0.30238453022588324,0.37460256300823125,0.21416614563692532,0.02967536981593224
30,Hb_gain/lag,True,12,30,Hb_gain,lag,0.875,-0.75,0.20470097263308681,0.07950869540257789,0.15119226511294162,0.1665836483502972,0.0969452699814716,0.049240568818641015
30,extra_HbT/lag,True,21,33,extra_HbT,lag,-0.010000000000000002,1.5,0.4959884255917537,0.18288142894526488,0.37460256300823125,0.3875317161520323,0.03393206160498507,0.055763794255901784
31,tau/Hb_gain,True,6,11,tau,Hb_gain,3.374276379107047,0.75,0.20304979685907887,0.06767714941268829,0.29495215497952104,0.23091891413070237,0.2447465288558043,0.034496283185071315
31,tau/extra_HbT,True,1,21,tau,extra_HbT,0.9097983439425202,-0.010000000000000002,0.45955996646515657,0.15212937911720284,0.409346794341156,0.4447054891834689,0.08284953630918902,0.026084306096777605
31,tau/lag,True,2,32,tau,lag,1.1824757523436464,0.75,0.1438150836496249,0.06397679166857025,0.28764193299951263,0.27733344726557085,0.036495855449460275,0.02100543864844633
31,Hb_gain/extra_HbT,True,10,21,Hb_gain,extra_HbT,0.625,-0.010000000000000002,0.5574093233767409,0.1427243094854031,0.3463783711960535,0.4447054891834689,0.2498805050772972,0.050380999739130475
31,Hb_gain/lag,True,11,30,Hb_gain,lag,0.75,-0.75,0.2527074481538618,0.09781685155381606,0.23091891413070237,0.28384956107317616,0.20637775546156567,0.02810977278937335
31,extra_HbT/lag,True,21,32,extra_HbT,lag,-0.010000000000000002,0.75,0.46891318945752547,0.1390192265555131,0.4447054891834689,0.27733344726557085,0.47219167803935364,0.03278265414232303
32,tau/Hb_gain,True,5,12,tau,Hb_gain,2.5961725266936297,0.875,0.09360323644405688,0.024988166215808155,0.17115950186210815,0.1663143061280189,0.02871647265621676,0.04353884913453499
32,tau/extra_HbT,True,2,21,tau,extra_HbT,1.1824757523436464,-0.010000000000000002,0.3680972080866296,0.12351127435398321,0.30897868570720516,0.3019694482131578,0.022946448824532246,0.05254328136740739
32,tau/lag,True,2,32,tau,lag,1.1824757523436464,0.75,0.16232737708031195,0.04451291371951987,0.30897868570720516,0.22919747719947423,0.2986883184278886,0.015488525088074995
32,Hb_gain/extra_HbT,True,11,21,Hb_gain,extra_HbT,0.75,-0.010000000000000002,0.4508130603874544,0.1306842556373443,0.33262861225603774,0.3019694482131578,0.09670074168390304,0.05280090854938823
32,Hb_gain/lag,True,11,30,Hb_gain,lag,0.75,-0.75,0.22103124696297274,0.06534038294197692,0.33262861225603774,0.252295901972697,0.27642397624565884,0.022383873400309104
32,extra_HbT/lag,True,23,30,extra_HbT,lag,0.010000000000000002,-0.75,0.3687144521561537,0.1288208764970153,0.30196944821315774,0.252295901972697,0.17972323456175565,0.046313422047626326
33,tau/Hb_gain,True,6,10,tau,Hb_gain,3.374276379107047,0.625,0.22964051067901045,0.08176563673085314,0.2817210768933705,0.27600508924314926,0.02049818760225578,0.03482835645086201
33,tau/extra_HbT,True,2,21,tau,extra_HbT,1.1824757523436464,-0.010000000000000002,0.3927998123171485,0.13332764571545,0.3223744836085042,0.30517665697962687,0.05482305021955505,0.04611815880781264
33,tau/lag,True,2,32,tau,lag,1.1824757523436464,0.75,0.18526174224193667,0.09103353783505808,0.3223744836085042,0.32135026044836146,0.0031821800665434224,0.02628905530927341
33,Hb_gain/extra_HbT,True,10,23,Hb_gain,extra_HbT,0.625,0.010000000000000002,0.42747816977052194,0.13282540784843935,0.27600508924314926,0.30517665697962687,0.10047150731194313,0.04750601360196808
33,Hb_gain/lag,True,10,32,Hb_gain,lag,0.625,0.75,0.3647983912242483,0.1422426198996513,0.27600508924314926,0.32135026044836146,0.1521123774649546,0.029873055402376194
33,extra_HbT/lag,True,21,32,extra_HbT,lag,-0.010000000000000002,0.75,0.41888515350731215,0.13978090161652976,0.30517665697962687,0.32135026044836146,0.05164087015301157,0.04030091933287729
34,tau/Hb_gain,True,6,10,tau,Hb_gain,3.374276379107047,0.625,0.20861397509063337,0.0755631359159758,0.2867074833835888,0.29967499827100325,0.04423607398353172,0.02496742225540412
34,tau/extra_HbT,True,6,21,tau,extra_HbT,3.374276379107047,-0.010000000000000002,0.3560544304541474,0.1376587515692789,0.2867074833835888,0.2877234335900846,0.0035372443779792427,0.02946260160367981
34,tau/lag,True,2,32,tau,lag,1.1824757523436464,0.75,0.21562684820782108,0.09467446472694369,0.27248531589805086,0.27927705652728785,0.02461959719840847,0.036338101514024494
34,Hb_gain/extra_HbT,True,10,21,Hb_gain,extra_HbT,0.625,-0.010000000000000002,0.35179255287141575,0.12090573681504482,0.29967499827100325,0.2877234335900846,0.0406988296055526,0.036437260956785074
34,Hb_gain/lag,True,10,32,Hb_gain,lag,0.625,0.75,0.3215713592667518,0.13516786401517852,0.29967499827100325,0.27927705652728785,0.07049422508647635,0.03399962843300283
34,extra_HbT/lag,True,21,32,extra_HbT,lag,-0.010000000000000002,0.75,0.39415489365539685,0.14746097419711454,0.2877234335900846,0.27927705652728785,0.029795395480923824,0.037146865378330916
35,tau/Hb_gain,True,5,11,tau,Hb_gain,2.5961725266936297,0.75,0.20461321061245252,0.05327649198460067,0.27510750609779827,0.30593277172184746,0.10620342502176922,0.06059453640458257
35,tau/extra_HbT,True,2,21,tau,extra_HbT,1.1824757523436464,-0.010000000000000002,0.4635332839663462,0.11790510000067551,0.4938100183141082,0.523259840617819,0.057927302965086074,0.015804587463847344
35,tau/lag,True,3,32,tau,lag,1.5368778303349075,0.75,0.158515126389736,0.06974326979868616,0.26486737453901105,0.29052897598742955,0.09247408927135518,0.011498879616173359
35,Hb_gain/extra_HbT,True,10,21,Hb_gain,extra_HbT,0.625,-0.010000000000000002,0.6967395879281935,0.15591003718096624,0.45889915758277117,0.523259840617819,0.1312476822047746,0.05181750898562134
35,Hb_gain/lag,True,11,30,Hb_gain,lag,0.75,-0.75,0.27256953578470017,0.094526673140611,0.30593277172184746,0.359008559324693,0.15998085277478014,0.04921113617412852
35,extra_HbT/lag,True,23,30,extra_HbT,lag,0.010000000000000002,-0.75,0.49183728017335643,0.12746978524389707,0.523259840617819,0.359008559324693,0.3767319375381588,0.008579355746953708
36,tau/Hb_gain,True,5,11,tau,Hb_gain,2.5961725266936297,0.75,0.1550556256695612,0.040570423179362235,0.19406905589543338,0.23442376746298513,0.18891639563980064,0.05003754657194478
36,tau/extra_HbT,True,2,21,tau,extra_HbT,1.1824757523436464,-0.010000000000000002,0.4116992545058917,0.13369888089670937,0.3759430937363935,0.4173745487765394,0.10454623167469257,0.017279793766415193
36,tau/lag,True,6,30,tau,lag,3.374276379107047,-0.75,0.13653948058553803,0.06023594666600697,0.3754937081158448,0.33227800324566203,0.12226973734684977,0.017723198098336952
36,Hb_gain/extra_HbT,True,10,21,Hb_gain,extra_HbT,0.625,-0.010000000000000002,0.5244630558304056,0.15859764981438162,0.3516356511944777,0.4173745487765394,0.17138845946771808,0.05936221515222002
36,Hb_gain/lag,True,10,30,Hb_gain,lag,0.625,-0.75,0.25758071688707096,0.09313524365985898,0.3516356511944777,0.33227800324566203,0.05662357999651394,0.03740931097343775
36,extra_HbT/lag,True,23,30,extra_HbT,lag,0.010000000000000002,-0.75,0.4653665511875535,0.1487033283365404,0.4173745487765394,0.33227800324566203,0.2280120394642319,0.02544116113883909
37,tau/Hb_gain,True,5,11,tau,Hb_gain,2.5961725266936297,0.75,0.19754242691715654,0.06358032665863735,0.1891601151037009,0.24295844442987688,0.25029659186528536,0.033886780845448536
37,tau/extra_HbT,True,2,21,tau,extra_HbT,1.1824757523436464,-0.010000000000000002,0.47388816232871067,0.16314888496092747,0.3907580833203563,0.41577985088904995,0.0620672598214663,0.03006853514783219
37,tau/lag,True,2,32,tau,lag,1.1824757523436464,0.75,0.1900954761990823,0.0838286427489545,0.3907580833203563,0.37188026970170535,0.049516708942067444,0.023625314254692612
37,Hb_gain/extra_HbT,True,10,21,Hb_gain,extra_HbT,0.625,-0.010000000000000002,0.4862870733821297,0.15178725660913664,0.3644376666448153,0.41577985088904995,0.1318003893413617,0.054991257367717455
37,Hb_gain/lag,True,10,30,Hb_gain,lag,0.625,-0.75,0.4124405200538755,0.14518132120546037,0.3644376666448153,0.3697271963833158,0.01440990037351356,0.020222210003971022
37,extra_HbT/lag,True,21,32,extra_HbT,lag,-0.010000000000000002,0.75,0.5051348493932311,0.16744559519127758,0.41577985088904995,0.37188026970170535,0.11158396876353387,0.02858970158196679
38,tau/Hb_gain,True,5,11,tau,Hb_gain,2.5961725266936297,0.75,0.21730829798691217,0.060255810275659884,0.2457173072020366,0.29918169531650946,0.19686934804478853,0.05136438705112146
38,tau/extra_HbT,True,3,21,tau,extra_HbT,1.5368778303349075,-0.010000000000000002,0.3598743532302355,0.09278196224489789,0.25750150525798815,0.4004946676038732,0.44167488632359947,0.011297516710306337
38,tau/lag,True,6,30,tau,lag,3.374276379107047,-0.75,0.23127149186168686,0.08319231677709059,0.47191964358955163,0.47612635432788963,0.008874544814760141,0.03011371642243982
38,Hb_gain/extra_HbT,True,11,23,Hb_gain,extra_HbT,0.75,0.010000000000000002,0.513778641636925,0.12667045349353215,0.29918169531650946,0.4004946676038732,0.29164938659855033,0.05397644821235311
38,Hb_gain/lag,True,10,30,Hb_gain,lag,0.625,-0.75,0.376926442194664,0.12929927970665708,0.44877254297476415,0.47612635432788963,0.05916709569239839,0.027554093426282174
38,extra_HbT/lag,True,21,32,extra_HbT,lag,-0.010000000000000002,0.75,0.5425943931123911,0.1419651088006243,0.4004946676038732,0.4802246637621983,0.1815535918331192,0.02611234122012412
39,tau/Hb_gain,True,7,9,tau,Hb_gain,4.385587231022793,0.5,0.15175986566168617,0.04983341473322946,0.26632305362590214,0.2963515003651623,0.10683619183184642,0.026461210562457527
39,tau/extra_HbT,True,7,21,tau,extra_HbT,4.385587231022793,-0.010000000000000002,0.31804953895481886,0.12133157507052912,0.26632305362590214,0.27053636139358295,0.01569645294541064,0.04884873031181874
39,tau/lag,True,6,30,tau,lag,3.374276379107047,-0.75,0.12550600946355223,0.0461573619918731,0.1844968724833627,0.2235233025591064,0.19188315860092311,0.035183868341550434
39,Hb_gain/extra_HbT,True,9,21,Hb_gain,extra_HbT,0.5,-0.010000000000000002,0.3697819879276523,0.1371497084432306,0.2963515003651623,0.27053636139358295,0.09113973888643592,0.057525274946323285
39,Hb_gain/lag,True,10,30,Hb_gain,lag,0.625,-0.75,0.18298267639571916,0.07055516844882516,0.22226362527387172,0.2235233025591064,0.005651492044104803,0.04163172276556975
39,extra_HbT/lag,True,21,30,extra_HbT,lag,-0.010000000000000002,-0.75,0.33081537087943247,0.13429471488412578,0.27053636139358295,0.2235233025591064,0.1908908415212402,0.06730701219766556
40,tau/Hb_gain,True,6,10,tau,Hb_gain,3.374276379107047,0.625,0.25090482130903763,0.08282646627007645,0.33187424517870256,0.34481143958531935,0.03824159811163949,0.018713575782972707
40,tau/extra_HbT,True,6,21,tau,extra_HbT,3.374276379107047,-0.010000000000000002,0.3893858674379911,0.14253022208567379,0.33187424517870256,0.29697402391526945,0.11111144416619657,0.03220733616085605
40,tau/lag,True,2,32,tau,lag,1.1824757523436464,0.75,0.22643376988957825,0.08206282982270552,0.36767059887228876,0.45105617992680164,0.20440447365289613,0.028335949821703205
40,Hb_gain/extra_HbT,True,11,21,Hb_gain,extra_HbT,0.75,-0.010000000000000002,0.35152775863727564,0.12001601316842579,0.22987429305687956,0.29697402391526945,0.25611206583032814,0.03616446622988804
40,Hb_gain/lag,True,10,30,Hb_gain,lag,0.625,-0.75,0.4304372535805846,0.1417940534952762,0.34481143958531935,0.40736617097998595,0.16671474827713437,0.036543291923083206
40,extra_HbT/lag,True,21,30,extra_HbT,lag,-0.010000000000000002,-0.75,0.49056455438071034,0.16015961114273292,0.29697402391526945,0.40736617097998595,0.3160677905549704,0.05228682721738248
41,tau/Hb_gain,True,6,10,tau,Hb_gain,3.374276379107047,0.625,0.26121706837247355,0.06757124276235112,0.25056658372225077,0.21949526859832932,0.13239401156570424,0.031355955795907456
41,tau/extra_HbT,True,1,21,tau,extra_HbT,0.9097983439425202,-0.010000000000000002,0.34236629475524666,0.12953900860505788,0.2761820903289517,0.27794426584420434,0.006360215268451558,0.017930885730240306
41,tau/lag,True,2,32,tau,lag,1.1824757523436464,0.75,0.13858313902874952,0.05902085613916014,0.20137418326469844,0.1948219669289971,0.03307863426925946,0.03412733874854361
41,Hb_gain/extra_HbT,True,9,21,Hb_gain,extra_HbT,0.5,-0.010000000000000002,0.38932433209503886,0.13724699847552432,0.29266035813110575,0.27794426584420434,0.05159213835748568,0.02740246355409836
41,Hb_gain/lag,True,10,32,Hb_gain,lag,0.625,0.75,0.24379606398985443,0.09631593983332179,0.21949526859832932,0.1948219669289971,0.11924452549549679,0.03684375985611277
41,extra_HbT/lag,True,21,32,extra_HbT,lag,-0.010000000000000002,0.75,0.31204860517022487,0.122298795731507,0.27794426584420434,0.1948219669289971,0.35533445958979204,0.03231360040062667
42,tau/Hb_gain,True,5,12,tau,Hb_gain,2.5961725266936297,0.875,0.12360053213492689,0.03526224158943097,0.18800692025159937,0.1943686011507339,0.033277590265361534,0.04249046084578558
42,tau/extra_HbT,True,1,21,tau,extra_HbT,0.9097983439425202,-0.010000000000000002,0.3462779835453329,0.1489984726684041,0.26568316409508075,0.27244317989994765,0.02512559181358644,0.03115394538803875
42,tau/lag,True,2,32,tau,lag,1.1824757523436464,0.75,0.22754619457093603,0.06511715391901914,0.21241794305018724,0.20226266199303863,0.04898860380660386,0.06372745654342253
42,Hb_gain/extra_HbT,True,14,21,Hb_gain,extra_HbT,1.125,-0.010000000000000002,0.3100261563472568,0.12064369436109902,0.1943686011507339,0.27244317989994765,0.3376737159657953,0.059685826788524014
42,Hb_gain/lag,True,12,32,Hb_gain,lag,0.875,0.75,0.18537940753946544,0.07140289004754181,0.1943686011507339,0.20226266199303863,0.03981079736378386,0.045431315832648804
42,extra_HbT/lag,True,23,30,extra_HbT,lag,0.010000000000000002,-0.75,0.2957342704076035,0.132935837911851,0.2724431798999477,0.20456468378283824,0.2865458506461169,0.04281231903621698
43,tau/Hb_gain,True,3,14,tau,Hb_gain,1.5368778303349075,1.125,0.17498272344216137,0.057114895315577424,0.16351204533669078,0.15744844600698576,0.0377885816649581,0.04164979233677954
43,tau/extra_HbT,True,2,21,tau,extra_HbT,1.1824757523436464,-0.010000000000000002,0.3964728474386398,0.1206324522851069,0.29890931463341675,0.2958412197432818,0.010317341233594767,0.05438943585403739
43,tau/lag,True,2,32,tau,lag,1.1824757523436464,0.75,0.2540808136654154,0.08141444118021758,0.29890931463341675,0.32284705313850853,0.07703845953490232,0.04489678966027906
43,Hb_gain/extra_HbT,True,15,23,Hb_gain,extra_HbT,1.25,0.010000000000000002,0.40786516919874466,0.10519768144851227,0.31489689201397153,0.2958412197432818,0.06242236768941902,0.0495027011956472
43,Hb_gain/lag,True,11,32,Hb_gain,lag,0.75,0.75,0.36547069710000957,0.11985003350930908,0.31489689201397153,0.32284705313850853,0.02493343307907793,0.036843847507027586
43,extra_HbT/lag,True,21,30,extra_HbT,lag,-0.010000000000000002,-0.75,0.39987846281106904,0.12459948842144647,0.2958412197432818,0.292776016063809,0.01041502423150766,0.05170936663230993
44,tau/Hb_gain,True,5,12,tau,Hb_gain,2.5961725266936297,0.875,0.15022129414081123,0.039592243613020627,0.15731698571417027,0.15111112222565895,0.04024731221389621,0.03011229536317866
44,tau/extra_HbT,True,2,23,tau,extra_HbT,1.1824757523436464,0.010000000000000002,0.32133626226037265,0.11211509398412058,0.27366968237855355,0.2712575454299551,0.008853118656202247,0.03923222069217619
44,tau/lag,True,2,32,tau,lag,1.1824757523436464,0.75,0.1909763122164898,0.061478957149739125,0.27366968237855355,0.2809343274393599,0.026199091461782318,0.035367534298898176
44,Hb_gain/extra_HbT,True,15,21,Hb_gain,extra_HbT,1.25,-0.010000000000000002,0.3755362223576755,0.10585846225256312,0.3022222444513179,0.2712575454299551,0.10809393378490831,0.055871303194003775
44,Hb_gain/lag,True,11,32,Hb_gain,lag,0.75,0.75,0.32115977463592693,0.09794616739576667,0.30222224445131796,0.2809343274393599,0.073041723666924,0.036805339602850325
44,extra_HbT/lag,True,23,30,extra_HbT,lag,0.010000000000000002,-0.75,0.39380603901411765,0.12109120156887322,0.2712575454299551,0.26671218814065645,0.016898591762318713,0.04244190644366992
45,tau/Hb_gain,True,5,11,tau,Hb_gain,2.5961725266936297,0.75,0.2445660210576198,0.06623831144909526,0.3258122437689205,0.4066504891717837,0.22163279145200956,0.056148016830370635
45,tau/extra_HbT,True,3,23,tau,extra_HbT,1.5368778303349075,0.010000000000000002,0.35701730701873957,0.13254192821044994,0.2960061806620604,0.2709861617071221,0.08831257895658977,0.07964209685384069
45,tau/lag,True,5,30,tau,lag,2.5961725266936297,-0.75,0.17703218431064385,0.07577641201181477,0.3258122437689205,0.35362991412470873,0.0819296498634001,0.010926373151537935
45,Hb_gain/extra_HbT,True,12,21,Hb_gain,extra_HbT,0.875,-0.010000000000000002,0.3387378212140227,0.1302981920081707,0.20332524458589185,0.2709861617071221,0.2872608687816914,0.06817079816732961
45,Hb_gain/lag,True,12,32,Hb_gain,lag,0.875,0.75,0.3377226351328394,0.11026042768514158,0.20332524458589185,0.30922556872646484,0.4192641194760291,0.022337502864547415
45,extra_HbT/lag,True,23,32,extra_HbT,lag,0.010000000000000002,0.75,0.3656416344910827,0.154231965300085,0.2709861617071221,0.30922556872646484,0.13200325069433777,0.05262109762291643
46,tau/Hb_gain,True,2,15,tau,Hb_gain,1.1824757523436464,1.25,0.2694147941198434,0.07638207966978312,0.2853831796048129,0.246649667958251,0.14586378562025754,0.04737069878989915
46,tau/extra_HbT,True,6,23,tau,extra_HbT,3.374276379107047,0.010000000000000002,0.5072124255908472,0.13447058156750505,0.33548015046381024,0.34421678643979775,0.02570886140485425,0.021715580679032852
46,tau/lag,True,6,30,tau,lag,3.374276379107047,-0.75,0.19273986530842577,0.05944127548449511,0.33548015046381024,0.30077295506314294,0.1092071126150903,0.044494812725122825
46,Hb_gain/extra_HbT,True,10,23,Hb_gain,extra_HbT,0.625,0.010000000000000002,0.5062206650310116,0.13755528848778958,0.3699745019373765,0.34421678643979775,0.0721624375568117,0.0468547209101728
46,Hb_gain/lag,True,11,30,Hb_gain,lag,0.75,-0.75,0.2595755506038135,0.0823444693338015,0.24664966795825102,0.30077295506314294,0.19838669653140809,0.031033298005567263
46,extra_HbT/lag,True,23,32,extra_HbT,lag,0.010000000000000002,0.75,0.49198992269985986,0.13915076817625271,0.34421678643979775,0.35871709121291834,0.041262379031494975,0.04223856763778373
47,tau/Hb_gain,True,6,10,tau,Hb_gain,3.374276379107047,0.625,0.20406708346829755,0.05569697126790524,0.2208146567071969,0.25555313194335433,0.1461066486217699,0.04036184976273807
47,tau/extra_HbT,True,1,23,tau,extra_HbT,0.9097983439425202,0.010000000000000002,0.38950981859453737,0.15968231904089422,0.2989711563791423,0.3184800369245834,0.06321269285403354,0.037552296422546566
47,tau/lag,True,6,30,tau,lag,3.374276379107047,-0.75,0.14315981030159364,0.058385593984482266,0.2208146567071969,0.2122024125983448,0.03978309664414148,0.04145848385744776
47,Hb_gain/extra_HbT,True,9,23,Hb_gain,extra_HbT,0.5,0.010000000000000002,0.3963759841313819,0.14598529190714898,0.34073750925780577,0.3184800369245834,0.06755261865582095,0.044567707370875266
47,Hb_gain/lag,True,11,32,Hb_gain,lag,0.75,0.75,0.239423553687516,0.08461988344262274,0.17036875462890289,0.18751209281899994,0.09587810563744763,0.02608285895197802
47,extra_HbT/lag,True,23,33,extra_HbT,lag,0.010000000000000002,1.5,0.4367717173204929,0.1969453135429168,0.3184800369245834,0.3533870511166466,0.10400412371250563,0.03378500049624575
48,tau/Hb_gain,True,6,10,tau,Hb_gain,3.374276379107047,0.625,0.258912896277686,0.07535818618333673,0.2710764045126273,0.273331929248784,0.008286198067988504,0.02049072772826764
48,tau/extra_HbT,True,7,21,tau,extra_HbT,4.385587231022793,-0.010000000000000002,0.5216989194975773,0.15344727649588266,0.37688223174600094,0.37666881139057723,0.0005664390304384435,0.05407842839655345
48,tau/lag,True,6,30,tau,lag,3.374276379107047,-0.75,0.16081776104389797,0.06774293539572566,0.2710764045126273,0.25986518023261945,0.04223775765273178,0.019005152626120098
48,Hb_gain/extra_HbT,True,9,21,Hb_gain,extra_HbT,0.5,-0.010000000000000002,0.504352806476547,0.1524692664286505,0.36444257233171196,0.37666881139057723,0.03299732984526736,0.05242903164021007
48,Hb_gain/lag,True,10,30,Hb_gain,lag,0.625,-0.75,0.34841276526595927,0.11671019056659501,0.273331929248784,0.25986518023261945,0.05052395572072037,0.011631012990465556
48,extra_HbT/lag,True,21,30,extra_HbT,lag,-0.010000000000000002,-0.75,0.433516691757717,0.12958280653275236,0.37666881139057723,0.25986518023261945,0.3712033580177685,0.0494426499978256
49,tau/Hb_gain,True,6,11,tau,Hb_gain,3.374276379107047,0.75,0.24164959643942086,0.08157768755536166,0.2901392247745,0.27236588471484263,0.06321456643998555,0.03923628612819599
49,tau/extra_HbT,True,7,23,tau,extra_HbT,4.385587231022793,0.010000000000000002,0.5209665294370253,0.18138134935377492,0.42266641003582034,0.4765779152906764,0.12004798639403039,0.03967106863146228
49,tau/lag,True,6,30,tau,lag,3.374276379107047,-0.75,0.21453756615830358,0.0828651487676684,0.2901392247745,0.29056729034517076,0.0014742925628009776,0.03002491677867485
49,Hb_gain/extra_HbT,True,16,21,Hb_gain,extra_HbT,1.375,-0.010000000000000002,0.553036449679189,0.15358810597420003,0.408548827072264,0.4765779152906764,0.15401979067826585,0.023160209184891038
49,Hb_gain/lag,True,11,30,Hb_gain,lag,0.75,-0.75,0.37449758927215254,0.12489335446777347,0.27236588471484263,0.29056729034517076,0.06468885900278651,0.04980124605656721
49,extra_HbT/lag,True,21,32,extra_HbT,lag,-0.010000000000000002,0.75,0.5410093071855558,0.15574072626522686,0.4765779152906764,0.3313117131847226,0.36357156165025045,0.06015698425034591
50,tau/Hb_gain,True,8,9,tau,Hb_gain,5.7,0.5,0.20188525187486972,0.06831986726125858,0.2756854674254066,0.24508572532654233,0.11765255645325652,0.03417735160869194
50,tau/extra_HbT,True,8,21,tau,extra_HbT,5.7,-0.010000000000000002,0.36572888923033203,0.1691098576784778,0.2756854674254066,0.26691451449275344,0.032332168393885155,0.06014616709750742
50,tau/lag,True,2,32,tau,lag,1.1824757523436464,0.75,0.14298793276518398,0.08503078420576932,0.21645703514474474,0.2572342444260852,0.17259505092041233,0.018210315405343947
50,Hb_gain/extra_HbT,True,17,23,Hb_gain,extra_HbT,1.5,0.010000000000000002,0.36130266377889925,0.14426658475645585,0.24508572532654235,0.26691451449275344,0.08532038805937119,0.07714473625569071
50,Hb_gain/lag,True,9,32,Hb_gain,lag,0.5,0.75,0.21932130029621374,0.11351104458878368,0.24508572532654233,0.2572342444260852,0.0483790780451786,0.0378930120265656
50,extra_HbT/lag,True,21,32,extra_HbT,lag,-0.010000000000000002,0.75,0.370189853252581,0.15026648150704633,0.26691451449275344,0.2572342444260852,0.036941310014192624,0.06919920040638954
51,tau/Hb_gain,True,6,10,tau,Hb_gain,3.374276379107047,0.625,0.31498252771006807,0.08774045099551496,0.3256588698817333,0.33192090064279484,0.019046267363938434,0.030185657805012398
51,tau/extra_HbT,True,2,23,tau,extra_HbT,1.1824757523436464,0.010000000000000002,0.4324650342603451,0.14106548222427728,0.3057703751740836,0.3148025070966997,0.0291110682776578,0.03325326445767391
51,tau/lag,True,6,30,tau,lag,3.374276379107047,-0.75,0.22555267751903862,0.08240745575079214,0.3256588698817333,0.30565807717578786,0.06338333973938523,0.03240587376022763
51,Hb_gain/extra_HbT,True,10,23,Hb_gain,extra_HbT,0.625,0.010000000000000002,0.4609374705642596,0.15036235781916435,0.33192090064279484,0.3148025070966997,0.05295120884902862,0.05358103169310911
51,Hb_gain/lag,True,10,32,Hb_gain,lag,0.625,0.75,0.43256139353427014,0.14274301983146634,0.33192090064279484,0.33315557320088124,0.003712878217833879,0.051718303932587695
51,extra_HbT/lag,True,21,30,extra_HbT,lag,-0.010000000000000002,-0.75,0.4199704078372931,0.1453411742685775,0.3148025070966997,0.30565807717578786,0.029478398254294946,0.04242557122656272
52,tau/Hb_gain,True,3,14,tau,Hb_gain,1.5368778303349075,1.125,0.1689706567542717,0.04902631974451805,0.16967014665653093,0.14890075830490235,0.13057620602826248,0.03381434358435376
52,tau/extra_HbT,True,2,21,tau,extra_HbT,1.1824757523436464,-0.010000000000000002,0.37444580632961105,0.11592611616501741,0.3065602076802419,0.3470035407978216,0.12392081168702025,0.023577788441532473
52,tau/lag,True,2,32,tau,lag,1.1824757523436464,0.75,0.17770429985896286,0.06518371348097994,0.3065602076802419,0.2490006769754291,0.207958556998247,0.029689515042898455
52,Hb_gain/extra_HbT,True,11,23,Hb_gain,extra_HbT,0.75,0.010000000000000002,0.411171270865438,0.1101566317777942,0.2978015166098047,0.3470035407978216,0.15290777097358743,0.025487792448663636
52,Hb_gain/lag,True,11,30,Hb_gain,lag,0.75,-0.75,0.3559320523393273,0.10685270453232974,0.2978015166098047,0.2635112861536888,0.12233101418254579,0.03502502407662953
52,extra_HbT/lag,True,23,30,extra_HbT,lag,0.010000000000000002,-0.75,0.36553171537859763,0.11475736251850042,0.3470035407978216,0.2635112861536888,0.2752387851561331,0.03227610008304767
53,tau/Hb_gain,True,5,12,tau,Hb_gain,2.5961725266936297,0.875,0.14287471891081502,0.04540857637351642,0.19831433621526048,0.18711328935646862,0.05813906964925512,0.04074767707581126
53,tau/extra_HbT,True,2,21,tau,extra_HbT,1.1824757523436464,-0.010000000000000002,0.3365457587796252,0.11513460082578492,0.28912928196500326,0.3700905273554832,0.24687371371604927,0.029657309136636268
53,tau/lag,True,2,32,tau,lag,1.1824757523436464,0.75,0.31413179688565745,0.0872428843606328,0.28912928196500326,0.32391862965491985,0.11361841068617339,0.06517975934159029
53,Hb_gain/extra_HbT,True,11,23,Hb_gain,extra_HbT,0.75,0.010000000000000002,0.48611219076824624,0.13236363572092213,0.37422657871293713,0.3700905273554832,0.011113795171907335,0.025038146620165687
53,Hb_gain/lag,True,11,32,Hb_gain,lag,0.75,0.75,0.3465587248317428,0.11296949312473954,0.37422657871293713,0.32391862965491985,0.1443690982017832,0.04637094402217913
53,extra_HbT/lag,True,23,30,extra_HbT,lag,0.010000000000000002,-0.75,0.36053417974789953,0.12371909969443119,0.3700905273554832,0.2763878551634036,0.2919424926629145,0.03588083408568172
54,tau/Hb_gain,True,5,11,tau,Hb_gain,2.5961725266936297,0.75,0.17874890269448754,0.055696446328713206,0.198791460424145,0.2032552028119981,0.022206008504403806,0.045369535873934226
54,tau/extra_HbT,True,3,23,tau,extra_HbT,1.5368778303349075,0.010000000000000002,0.3787506074798143,0.11407351491593586,0.22895399432214578,0.2775308595509667,0.19241104737774203,0.0520022709536948
54,tau/lag,True,6,30,tau,lag,3.374276379107047,-0.75,0.2111629250981635,0.07642956564563698,0.3634828770251689,0.4355425937745302,0.18086040579576437,0.014111352662521587
54,Hb_gain/extra_HbT,True,10,23,Hb_gain,extra_HbT,0.625,0.010000000000000002,0.38495818316189667,0.1226466279958154,0.3048828042179971,0.2775308595509667,0.09399532170679513,0.04893036050342112
54,Hb_gain/lag,True,9,30,Hb_gain,lag,0.5,-0.75,0.43625944298559904,0.14944599881686815,0.4065104056239962,0.4355425937745302,0.06898306906309437,0.036679191310843025
54,extra_HbT/lag,True,23,32,extra_HbT,lag,0.010000000000000002,0.75,0.4854734029511495,0.14531362307893014,0.2775308595509667,0.3732191406653911,0.2962336230218991,0.050559423937275534
55,tau/Hb_gain,True,3,14,tau,Hb_gain,1.5368778303349075,1.125,0.15986072929740922,0.04166496388767478,0.1236094595564004,0.12427044057291367,0.005333087376532108,0.027352828323782292
55,tau/extra_HbT,True,2,23,tau,extra_HbT,1.1824757523436464,0.010000000000000002,0.26643386026966026,0.09925913305021015,0.22655860357336893,0.27029597164972974,0.17651390303459158,0.012992572789678629
55,tau/lag,True,2,32,tau,lag,1.1824757523436464,0.75,0.1256214838418739,0.04210719004273314,0.22655860357336893,0.20166667359789986,0.11638744314763132,0.028141345945284658
55,Hb_gain/extra_HbT,True,11,23,Hb_gain,extra_HbT,0.75,0.010000000000000002,0.36984172762726825,0.10946236051078082,0.24854088114582734,0.27029597164972974,0.08391020625535144,0.025850820821324248
55,Hb_gain/lag,True,11,32,Hb_gain,lag,0.75,0.75,0.27149780297968024,0.08273643250752115,0.24854088114582734,0.20166667359789986,0.2089911399268716,0.019114705008724482
55,extra_HbT/lag,True,23,32,extra_HbT,lag,0.010000000000000002,0.75,0.3031925142132065,0.10634664561088508,0.27029597164972974,0.20166667359789986,0.29290134618222297,0.027587485196968728
56,tau/Hb_gain,True,6,10,tau,Hb_gain,3.374276379107047,0.625,0.19388891161260063,0.06202252713577529,0.21712186160855668,0.2510430998057746,0.1451658666148668,0.02872905490198424
56,tau/extra_HbT,True,7,23,tau,extra_HbT,4.385587231022793,0.010000000000000002,0.29494812138410226,0.13141778517394528,0.32141312296565266,0.32379987438111646,0.007398370187872419,0.02089956360949843
56,tau/lag,True,1,32,tau,lag,0.9097983439425202,0.75,0.18697322498251498,0.08459195922155606,0.3332831181329968,0.31701112714407015,0.05005545870273659,0.03016635480401598
56,Hb_gain/extra_HbT,True,17,21,Hb_gain,extra_HbT,1.5,-0.010000000000000002,0.37263495151654197,0.15285978520906304,0.33472413307436616,0.32379987438111646,0.03318105592490734,0.024322852028039365
56,Hb_gain/lag,True,9,32,Hb_gain,lag,0.5,0.75,0.2998834892626666,0.11704255017074786,0.33472413307436616,0.31701112714407015,0.05436983455419358,0.04959429270857923
56,extra_HbT/lag,True,21,32,extra_HbT,lag,-0.010000000000000002,0.75,0.44113932145076445,0.13651035490672214,0.32379987438111646,0.31701112714407015,0.021188778629286312,0.0404859851671964
57,tau/Hb_gain,True,3,14,tau,Hb_gain,1.5368778303349075,1.125,0.14324960236874626,0.046341022722256396,0.18147394449588652,0.16315676960128886,0.10640057161227329,0.04877502026435029
57,tau/extra_HbT,True,2,21,tau,extra_HbT,1.1824757523436464,-0.010000000000000002,0.4832799048696088,0.16452239731089063,0.3369205790735329,0.2894503428832356,0.15186347704582395,0.04607550347569557
57,tau/lag,True,2,32,tau,lag,1.1824757523436464,0.75,0.1755910025744476,0.07873647547784542,0.3369205790735329,0.2750468755049351,0.20290569265066596,0.021325717588591402
57,Hb_gain/extra_HbT,True,11,23,Hb_gain,extra_HbT,0.75,0.010000000000000002,0.4348495537598479,0.1582210796701823,0.3263135392025777,0.2894503428832356,0.11987494072390745,0.047841452129710804
57,Hb_gain/lag,True,11,30,Hb_gain,lag,0.75,-0.75,0.2855243395572772,0.10568945437134736,0.3263135392025777,0.3009329950119407,0.08097106381656423,0.02952074232873346
57,extra_HbT/lag,True,21,32,extra_HbT,lag,-0.010000000000000002,0.75,0.41960555734389837,0.1648207642803828,0.2894503428832356,0.2750468755049351,0.05104221560484184,0.03172918701049556
58,tau/Hb_gain,True,6,10,tau,Hb_gain,3.374276379107047,0.625,0.2215527721567455,0.06391339308182079,0.24226739202523612,0.20726865451978405,0.15602624218924493,0.025867418275991025
58,tau/extra_HbT,True,1,23,tau,extra_HbT,0.9097983439425202,0.010000000000000002,0.33536103920850435,0.13653903686241223,0.3338478109281319,0.33941003658773233,0.016523690693479698,0.023116234833450298
58,tau/lag,True,6,30,tau,lag,3.374276379107047,-0.75,0.15367630435235166,0.07356706660679926,0.24226739202523612,0.21711741218643002,0.10960376470123223,0.022291427517491972
58,Hb_gain/extra_HbT,True,9,23,Hb_gain,extra_HbT,0.5,0.010000000000000002,0.39690707868950903,0.13153758171543217,0.27635820602637867,0.33941003658773233,0.20551105176149476,0.043533324890735144
58,Hb_gain/lag,True,10,32,Hb_gain,lag,0.625,0.75,0.24336166102353426,0.11000042187290301,0.20726865451978405,0.1999565050024809,0.035915931801083927,0.027129586350753524
58,extra_HbT/lag,True,21,30,extra_HbT,lag,-0.010000000000000002,-0.75,0.3318502531524621,0.1346489725829524,0.3394100365877324,0.21711741218643002,0.44677064672526307,0.02587406113757907
59,tau/Hb_gain,True,5,12,tau,Hb_gain,2.5961725266936297,0.875,0.19019502349220543,0.046509171431606634,0.16254828108875052,0.20259371866512196,0.22022751567436166,0.03940623402106603
59,tau/extra_HbT,True,2,23,tau,extra_HbT,1.1824757523436464,0.010000000000000002,0.38620142537350793,0.11786463041808307,0.28032784327299864,0.30657014109403813,0.08948678745738174,0.03289852230132821
59,tau/lag,True,2,32,tau,lag,1.1824757523436464,0.75,0.1747667000926687,0.05777947012997206,0.28032784327299864,0.27434335563224044,0.021579342438585374,0.03219915967309833
59,Hb_gain/extra_HbT,True,12,23,Hb_gain,extra_HbT,0.875,0.010000000000000002,0.32241403763167886,0.09676106373509447,0.20259371866512196,0.30657014109403813,0.41424398681972563,0.034031325781969886
59,Hb_gain/lag,True,12,32,Hb_gain,lag,0.875,0.75,0.2643003305535669,0.08553293953553585,0.20259371866512196,0.27434335563224044,0.3031778569237586,0.047993724634582034
59,extra_HbT/lag,True,23,32,extra_HbT,lag,0.010000000000000002,0.75,0.3918555977315621,0.11774666045929062,0.30657014109403813,0.27434335563224044,0.11106612989596706,0.028102113017440904
60,tau/Hb_gain,True,6,10,tau,Hb_gain,3.374276379107047,0.625,0.2012371371089576,0.07058171563097655,0.24614855598521126,0.2105908439194934,0.15601811719624958,0.027683206406537507
60,tau/extra_HbT,True,7,21,tau,extra_HbT,4.385587231022793,-0.010000000000000002,0.5405748901270356,0.16598172136173295,0.35126126519621365,0.42183103476791406,0.1830745504460262,0.04856097603589147
60,tau/lag,True,6,30,tau,lag,3.374276379107047,-0.75,0.18443626522444692,0.08377917491073535,0.24614855598521126,0.2383520099934543,0.032186625220730604,0.029467923968235044
60,Hb_gain/extra_HbT,True,17,23,Hb_gain,extra_HbT,1.5,0.010000000000000002,0.49429438750006044,0.1770597868254713,0.28078779189265785,0.42183103476791406,0.4070056472718954,0.06359918876460653
60,Hb_gain/lag,True,10,30,Hb_gain,lag,0.625,-0.75,0.29025015111159247,0.1265061187096969,0.2105908439194934,0.2383520099934543,0.12383149197551897,0.014159337013773747
60,extra_HbT/lag,True,23,32,extra_HbT,lag,0.010000000000000002,0.75,0.43582340887409293,0.1566754878740716,0.42183103476791406,0.2646104084530976,0.46634625484805803,0.05553361357811494
61,tau/Hb_gain,True,5,11,tau,Hb_gain,2.5961725266936297,0.75,0.1386613601521996,0.04807747919476655,0.19700293268366348,0.18658433735608035,0.05433526745444743,0.05714666608388291
61,tau/extra_HbT,True,2,23,tau,extra_HbT,1.1824757523436464,0.010000000000000002,0.36220494932545644,0.18540302166149353,0.3292495308278529,0.2963015981010231,0.10543806756151425,0.05036752039486316
61,tau/lag,True,5,30,tau,lag,2.5961725266936297,-0.75,0.13496096325753626,0.06722314156048015,0.19700293268366348,0.24258758345467385,0.20814419871072246,0.02359170113912921
61,Hb_gain/extra_HbT,True,10,23,Hb_gain,extra_HbT,0.625,0.010000000000000002,0.4111314377165129,0.1774608695146296,0.27987650603412056,0.2963015981010231,0.05702939208850504,0.04725411057311604
61,Hb_gain/lag,True,11,32,Hb_gain,lag,0.75,0.75,0.27266532873957855,0.1021158874733861,0.18658433735608035,0.21082304617446299,0.12213579000292013,0.047993122342699084
61,extra_HbT/lag,True,21,30,extra_HbT,lag,-0.010000000000000002,-0.75,0.3238288170277309,0.18375740281173106,0.2963015981010231,0.24258758345467385,0.2000150340314996,0.04285394846318004
62,tau/Hb_gain,True,6,10,tau,Hb_gain,3.374276379107047,0.625,0.3519125488246213,0.08079823928338986,0.35294788478844064,0.3705191024861884,0.048584591200285465,0.03433341007807163
62,tau/extra_HbT,True,6,23,tau,extra_HbT,3.374276379107047,0.010000000000000002,0.46663500878720593,0.1403140942422172,0.35294788478844064,0.35119322238434797,0.004983847749218983,0.06506903794514875
62,tau/lag,True,2,32,tau,lag,1.1824757523436464,0.75,0.12209671676528028,0.04028476135474762,0.3180480312076593,0.2901431651172455,0.09182793892580071,0.025612797130980275
62,Hb_gain/extra_HbT,True,10,23,Hb_gain,extra_HbT,0.625,0.010000000000000002,0.5248368337308387,0.14343242029899544,0.3705191024861884,0.35119322238434797,0.05356843894950444,0.05705354572510741
62,Hb_gain/lag,True,11,30,Hb_gain,lag,0.75,-0.75,0.3051852578511934,0.07709301490140967,0.24701273499079227,0.28386753463277453,0.13906780803469818,0.015476268858123372
62,extra_HbT/lag,True,23,32,extra_HbT,lag,0.010000000000000002,0.75,0.4710295513891176,0.13052780339953007,0.35119322238434797,0.2901431651172455,0.19096208914243787,0.05492786052713318
63,tau/Hb_gain,True,2,15,tau,Hb_gain,1.1824757523436464,1.25,0.19475920773816702,0.06779782271610854,0.2813302573841412,0.25770010956196787,0.08773272958800078,0.05305375017182025
63,tau/extra_HbT,True,2,23,tau,extra_HbT,1.1824757523436464,0.010000000000000002,0.35202771364398966,0.11278116123793444,0.2813302573841412,0.28805361344884417,0.023617348219833714,0.05788897147417208
63,tau/lag,True,5,30,tau,lag,2.5961725266936297,-0.75,0.08739052161074491,0.043822740012955406,0.18854019879867082,0.20604813635839275,0.0887985727567392,0.013118775785334592
63,Hb_gain/extra_HbT,True,15,21,Hb_gain,extra_HbT,1.25,-0.010000000000000002,0.38350411364612846,0.11065453287475902,0.25770010956196787,0.28805361344884417,0.11135007780783454,0.04839882741761323
63,Hb_gain/lag,True,11,30,Hb_gain,lag,0.75,-0.75,0.19490165222004402,0.07172909220527314,0.25770010956196787,0.20604813635839275,0.22368672967608502,0.04916482354145153
63,extra_HbT/lag,True,23,33,extra_HbT,lag,0.010000000000000002,1.5,0.3666895189226576,0.14946737656666964,0.28805361344884417,0.2930100077580341,0.01706014398530555,0.02834239621925837
64,tau/Hb_gain,True,5,12,tau,Hb_gain,2.5961725266936297,0.875,0.10101533518108687,0.03280429131149793,0.15194979857679802,0.14623780364355676,0.03831610502893813,0.03873770694438261
64,tau/extra_HbT,True,2,21,tau,extra_HbT,1.1824757523436464,-0.010000000000000002,0.3704515580162101,0.14124176108344264,0.24520413942538197,0.2766826293612802,0.12078002119243471,0.049122483200857506
64,tau/lag,True,2,32,tau,lag,1.1824757523436464,0.75,0.19715296154868228,0.07356661913811256,0.24520413942538197,0.2141438221276579,0.13544323044856335,0.041642121049363406
64,Hb_gain/extra_HbT,True,11,21,Hb_gain,extra_HbT,0.75,-0.010000000000000002,0.3617462342939033,0.11674021051961615,0.2924756072871135,0.2766826293612802,0.0555101623595266,0.06383208249897056
64,Hb_gain/lag,True,11,32,Hb_gain,lag,0.75,0.75,0.31104985458347023,0.10043954772730833,0.2924756072871135,0.2141438221276579,0.31173341400052484,0.0409196545457787
64,extra_HbT/lag,True,21,30,extra_HbT,lag,-0.010000000000000002,-0.75,0.3269198853179708,0.13295311088722653,0.2766826293612802,0.21305244419519812,0.26133275466282224,0.0420929044051515
65,tau/Hb_gain,True,6,10,tau,Hb_gain,3.374276379107047,0.625,0.17233843472303695,0.06151538616749714,0.2311436624279835,0.23018878680933838,0.004139648029703111,0.027412310417919954
65,tau/extra_HbT,True,1,21,tau,extra_HbT,0.9097983439425202,-0.010000000000000002,0.32994221343152247,0.16450221550315264,0.28447734856510903,0.2750610864996933,0.033660426271445144,0.025913534791116053
65,tau/lag,True,2,32,tau,lag,1.1824757523436464,0.75,0.15602919967834872,0.0730323714087577,0.20475644370389348,0.20935957550748446,0.022232037328374532,0.031282889483322716
65,Hb_gain/extra_HbT,True,10,21,Hb_gain,extra_HbT,0.625,-0.010000000000000002,0.3667722037537475,0.15307069994274167,0.23018878680933838,0.2750610864996933,0.17809342126932073,0.03807431082811203
65,Hb_gain/lag,True,10,32,Hb_gain,lag,0.625,0.75,0.29022002613587583,0.11228388556708147,0.23018878680933838,0.20935957550748446,0.0948465538079509,0.028193986139648245
65,extra_HbT/lag,True,21,32,extra_HbT,lag,-0.010000000000000002,0.75,0.31828012824031826,0.15429807294314948,0.2750610864996933,0.20935957550748446,0.2729399750772716,0.034334415101648565
66,tau/Hb_gain,True,5,11,tau,Hb_gain,2.5961725266936297,0.75,0.20596878476862512,0.05649303574042786,0.20052685148660807,0.1822062614589936,0.09580881031473137,0.04573245103050323
66,tau/extra_HbT,True,3,21,tau,extra_HbT,1.5368778303349075,-0.010000000000000002,0.3797921665481849,0.11811371623096922,0.2141961785598489,0.2837841426202993,0.2813215706411985,0.04885405789987075
66,tau/lag,True,6,30,tau,lag,3.374276379107047,-0.75,0.19227727169705874,0.07010275420873112,0.38027316927264765,0.38607739172632355,0.015147985101739531,0.022104523279997196
66,Hb_gain/extra_HbT,True,10,21,Hb_gain,extra_HbT,0.625,-0.010000000000000002,0.38794514075791803,0.13331516686991243,0.2733093921884904,0.2837841426202993,0.03760942977242505,0.03346598668685159
66,Hb_gain/lag,True,9,30,Hb_gain,lag,0.5,-0.75,0.44155671987606065,0.1421065039521128,0.3644125229179872,0.38607739172632355,0.05775131541689604,0.03649053918719242
66,extra_HbT/lag,True,21,32,extra_HbT,lag,-0.010000000000000002,0.75,0.4970190878727041,0.14794354219920297,0.2837841426202993,0.3856443850561065,0.3067017746133323,0.04826727103278349
67,tau/Hb_gain,True,6,11,tau,Hb_gain,3.374276379107047,0.75,0.21036661764869669,0.06525155422052112,0.2897469427229775,0.22999811074040857,0.23093683601625092,0.0340724080996854
67,tau/extra_HbT,True,6,21,tau,extra_HbT,3.374276379107047,-0.010000000000000002,0.35426042867693713,0.1521168600984199,0.2897469427229775,0.3484002026531576,0.18434389591268105,0.029449125438351643
67,tau/lag,True,2,32,tau,lag,1.1824757523436464,0.75,0.19560089282843143,0.07804404912959377,0.2310228649872838,0.25164589096202394,0.08550621645222284,0.04480899602825917
67,Hb_gain/extra_HbT,True,10,23,Hb_gain,extra_HbT,0.625,0.010000000000000002,0.533592598017102,0.14981020789830732,0.3449971661106129,0.3484002026531576,0.009815623820767649,0.014323435028098776
67,Hb_gain/lag,True,11,32,Hb_gain,lag,0.75,0.75,0.25364954927416716,0.1011401894582233,0.22999811074040857,0.25164589096202394,0.08995180998717116,0.03137662650698325
67,extra_HbT/lag,True,23,32,extra_HbT,lag,0.010000000000000002,0.75,0.39915432034334697,0.15054542534192844,0.3484002026531576,0.25164589096202394,0.3253289219417609,0.03937838185678263
68,tau/Hb_gain,True,3,15,tau,Hb_gain,1.5368778303349075,1.25,0.23824984808897237,0.06500786705359121,0.1572941062691453,0.16216675345919243,0.030507806893122477,0.0280954050856624
68,tau/extra_HbT,True,1,21,tau,extra_HbT,0.9097983439425202,-0.010000000000000002,0.5177485801525077,0.15976817865828802,0.47208887348288786,0.47968303435320114,0.015958281542302683,0.013793954274113764
68,tau/lag,True,2,32,tau,lag,1.1824757523436464,0.75,0.16094940558768037,0.05360368815051579,0.31759356657904936,0.3781191375132111,0.1744368517630001,0.028556893930867737
68,Hb_gain/extra_HbT,True,9,21,Hb_gain,extra_HbT,0.5,-0.010000000000000002,0.4426642770146256,0.15997417439823036,0.32433350691838486,0.47968303435320114,0.3913532119571243,0.03977131371941234
68,Hb_gain/lag,True,9,30,Hb_gain,lag,0.5,-0.75,0.5079740421807257,0.14273103319175628,0.32433350691838486,0.354910705380455,0.09009389497237404,0.05286369054776033
68,extra_HbT/lag,True,21,32,extra_HbT,lag,-0.010000000000000002,0.75,0.5542756548181534,0.15491672398913572,0.47968303435320114,0.3781191375132111,0.237916216112962,0.03184739428864479
69,tau/Hb_gain,True,3,14,tau,Hb_gain,1.5368778303349075,1.125,0.1370483118635208,0.050576602455322806,0.15725810367315615,0.12772139913672823,0.20803710543958553,0.0380249212607529
69,tau/extra_HbT,True,2,21,tau,extra_HbT,1.1824757523436464,-0.010000000000000002,0.3157619033157932,0.12324280320342705,0.28618895293430824,0.3267357420073433,0.13249944850159048,0.030593790132746813
69,tau/lag,True,2,32,tau,lag,1.1824757523436464,0.75,0.31720478957602605,0.09590180274196125,0.28618895293430824,0.3365986322539354,0.1622389510657859,0.05855113100291546
69,Hb_gain/extra_HbT,True,15,23,Hb_gain,extra_HbT,1.25,0.010000000000000002,0.4318303491798896,0.11900838488806487,0.2554427982734564,0.3267357420073433,0.24615321270188323,0.027193609177977775
69,Hb_gain/lag,True,11,30,Hb_gain,lag,0.75,-0.75,0.3614805371070669,0.12171320964360195,0.2554427982734564,0.2848971273439482,0.10912965535454232,0.03522503538455646
69,extra_HbT/lag,True,23,30,extra_HbT,lag,0.010000000000000002,-0.75,0.3479572050957655,0.1390061721382471,0.3267357420073433,0.2848971273439482,0.1370235573473409,0.0342038218202876
70,tau/Hb_gain,True,3,14,tau,Hb_gain,1.5368778303349075,1.125,0.106295904315103,0.036939970628429644,0.13714603677984805,0.13889068789013442,0.012640885694345641,0.04826787478304967
70,tau/extra_HbT,True,7,23,tau,extra_HbT,4.385587231022793,0.010000000000000002,0.5062543060539995,0.13309708747435212,0.5552840614772845,0.5590124080695322,0.0066918645215251794,0.01713658908623608
70,tau/lag,True,5,30,tau,lag,2.5961725266936297,-0.75,0.13460099430972733,0.05949438767048589,0.17102390473820991,0.18476351952546652,0.07727339403227544,0.028428482748789487
70,Hb_gain/extra_HbT,True,9,23,Hb_gain,extra_HbT,0.5,0.010000000000000002,0.7130667264619452,0.16623175928500855,0.5555627515605378,0.5590124080695322,0.006190103008003357,0.029960747050720587
70,Hb_gain/lag,True,12,32,Hb_gain,lag,0.875,0.75,0.1829239222118842,0.07841254346765245,0.13889068789013442,0.18032871170411974,0.261094155906638,0.0325311963987639
70,extra_HbT/lag,True,23,29,extra_HbT,lag,0.010000000000000002,-1.5,0.4562590651438196,0.16886450787618104,0.5590124080695322,0.39896880658292966,0.3372884349695268,0.022243724501962683
71,tau/Hb_gain,True,6,10,tau,Hb_gain,3.374276379107047,0.625,0.2599256344689245,0.08153136887262548,0.3162426327274086,0.3011458819460189,0.04891493907850028,0.02552347076384891
71,tau/extra_HbT,True,6,23,tau,extra_HbT,3.374276379107047,0.010000000000000002,0.46798542575516094,0.14677246190405993,0.3162426327274086,0.347597676285818,0.09453596429858226,0.02799097250649947
71,tau/lag,True,2,32,tau,lag,1.1824757523436464,0.75,0.17348390275213818,0.07185450204980792,0.2628882520485029,0.23305682700373886,0.12044672818079388,0.025380959054140055
71,Hb_gain/extra_HbT,True,16,21,Hb_gain,extra_HbT,1.375,-0.010000000000000002,0.44948726190704696,0.147403759863536,0.3011458819460189,0.347597676285818,0.1434509033770825,0.03816145656848219
71,Hb_gain/lag,True,11,32,Hb_gain,lag,0.75,0.75,0.26910808379599677,0.1038752814335252,0.20076392129734588,0.23305682700373886,0.14915261968850893,0.01540855513167194
71,extra_HbT/lag,True,21,30,extra_HbT,lag,-0.010000000000000002,-0.75,0.41537551560601155,0.14423429374459087,0.347597676285818,0.23923280894025353,0.3736085345531422,0.043962600417136545
72,tau/Hb_gain,True,6,9,tau,Hb_gain,3.374276379107047,0.5,0.22476062867957836,0.06768423423969527,0.2176185897982194,0.23509114291632363,0.07722933875918066,0.053279963015883426
72,tau/extra_HbT,True,8,23,tau,extra_HbT,5.7,0.010000000000000002,0.5119924386160627,0.14138652925999592,0.3725898309118924,0.42779378399076895,0.1381631008104514,0.02871998881626779
72,tau/lag,True,2,32,tau,lag,1.1824757523436464,0.75,0.12045202138283537,0.047570989137181045,0.1979813853489561,0.1697177622671812,0.15403617748913837,0.038224441154815936
72,Hb_gain/extra_HbT,True,9,21,Hb_gain,extra_HbT,0.5,-0.010000000000000002,0.44849975215785914,0.12732537352658918,0.23509114291632363,0.42779378399076895,0.5986679852169488,0.06086493862855036
72,Hb_gain/lag,True,10,32,Hb_gain,lag,0.625,0.75,0.2393268943150083,0.0815290628063194,0.1763183571872427,0.1697177622671812,0.038154373301405066,0.022774662493231245
72,extra_HbT/lag,True,23,29,extra_HbT,lag,0.010000000000000002,-1.5,0.46203308710058744,0.14005562091811108,0.42779378399076895,0.3513089078531207,0.19697535059016494,0.02779370646721984
73,tau/Hb_gain,True,6,10,tau,Hb_gain,3.374276379107047,0.625,0.1950452455375007,0.07285105065725786,0.2742829101930381,0.2510028176572136,0.08869592786498086,0.040797748875277706
73,tau/extra_HbT,True,2,21,tau,extra_HbT,1.1824757523436464,-0.010000000000000002,0.3803047601451156,0.13425325643241084,0.3096468214279758,0.3161060194209909,0.02064529953099909,0.03643685385142502
73,tau/lag,True,2,32,tau,lag,1.1824757523436464,0.75,0.18359890581040375,0.08452399968475072,0.3096468214279758,0.30309800843997153,0.021376148878348083,0.02750952783544114
73,Hb_gain/extra_HbT,True,10,23,Hb_gain,extra_HbT,0.625,0.010000000000000002,0.38690608036653806,0.13598207174694094,0.2510028176572136,0.3161060194209909,0.23061349701994402,0.043168168850109684
73,Hb_gain/lag,True,10,30,Hb_gain,lag,0.625,-0.75,0.3206195073718345,0.13171185193584908,0.2510028176572136,0.31085288226916846,0.2138555880962868,0.02631482843158738
73,extra_HbT/lag,True,23,30,extra_HbT,lag,0.010000000000000002,-0.75,0.4045916741272651,0.14491655433674533,0.3161060194209909,0.31085288226916846,0.016757908923657062,0.03446912729340668
74,tau/Hb_gain,True,5,11,tau,Hb_gain,2.5961725266936297,0.75,0.1111203154281821,0.03376225166256641,0.16109242813950722,0.1550335708682587,0.03833660836745457,0.06495014502017092
74,tau/extra_HbT,True,6,23,tau,extra_HbT,3.374276379107047,0.010000000000000002,0.37329225330214594,0.1061931956661847,0.31555076545160754,0.3325523851810565,0.052477823306075366,0.03672583788975601
74,tau/lag,True,3,32,tau,lag,1.5368778303349075,0.75,0.09725541166442864,0.050980197010790144,0.15555633866987698,0.19011630871033777,0.20062806341865613,0.01461805040334999
74,Hb_gain/extra_HbT,True,9,23,Hb_gain,extra_HbT,0.5,0.010000000000000002,0.44984568742263337,0.12360615359945676,0.31006714173651745,0.3325523851810565,0.07000853682840681,0.05219389483732776
74,Hb_gain/lag,True,10,30,Hb_gain,lag,0.625,-0.75,0.18364370473190386,0.07663893766635436,0.23255035630238807,0.22503206109416485,0.03286390201783279,0.049549269973615626
74,extra_HbT/lag,True,21,33,extra_HbT,lag,-0.010000000000000002,1.5,0.37055605054199453,0.14578052752194853,0.3325523851810565,0.33205866850422205,0.0014857314362012042,0.032285268474601725
75,tau/Hb_gain,True,5,11,tau,Hb_gain,2.5961725266936297,0.75,0.19796789361685233,0.06145649038886745,0.20997220625360233,0.24297476082613262,0.14598240224822337,0.041469118507941306
75,tau/extra_HbT,True,5,21,tau,extra_HbT,2.5961725266936297,-0.010000000000000002,0.3066219027279731,0.10915440179341207,0.20997220625360233,0.2676235986829482,0.2426063399895493,0.05373012746259318
75,tau/lag,True,5,30,tau,lag,2.5961725266936297,-0.75,0.1617447799338127,0.06294546026746299,0.20997220625360233,0.30999104229877994,0.3895682304663556,0.019391164558851023
75,Hb_gain/extra_HbT,True,11,23,Hb_gain,extra_HbT,0.75,0.010000000000000002,0.3607729273539545,0.12277968903304373,0.24297476082613262,0.26762359868294816,0.09662393774132569,0.046221046994183695
75,Hb_gain/lag,True,11,32,Hb_gain,lag,0.75,0.75,0.3579013306322757,0.11933997245009503,0.24297476082613262,0.2772048779634735,0.1317992913985655,0.022388187674880426
75,extra_HbT/lag,True,23,32,extra_HbT,lag,0.010000000000000002,0.75,0.3532813391157091,0.12889045730108534,0.26762359868294816,0.2772048779634735,0.03517535365723988,0.033393897915054475
76,tau/Hb_gain,True,6,11,tau,Hb_gain,3.374276379107047,0.75,0.21157333956874166,0.06332331630084304,0.21373328731491958,0.23116984836667254,0.07842379789501247,0.02327903349908168
76,tau/extra_HbT,True,6,21,tau,extra_HbT,3.374276379107047,-0.010000000000000002,0.30439916679723694,0.12328688129115602,0.21373328731491958,0.2678861144921071,0.2258330275111243,0.05955290068953895
76,tau/lag,True,7,30,tau,lag,4.385587231022793,-0.75,0.35110659253410514,0.1078920942403492,0.32989843461965646,0.30873212204766187,0.06631085124199883,0.07462629723938698
76,Hb_gain/extra_HbT,True,11,21,Hb_gain,extra_HbT,0.75,-0.010000000000000002,0.33649910271059663,0.11980778893157029,0.23116984836667254,0.2678861144921071,0.14740922961611186,0.07530928276687134
76,Hb_gain/lag,True,10,30,Hb_gain,lag,0.625,-0.75,0.533528017227976,0.14153107878157242,0.3467547725500088,0.30873212204766187,0.11614384079623162,0.06660766726805618
76,extra_HbT/lag,True,21,30,extra_HbT,lag,-0.010000000000000002,-0.75,0.38660024797092535,0.14468671276483125,0.2678861144921071,0.30873212204766187,0.14191203769582078,0.07340975257581714
77,tau/Hb_gain,True,2,15,tau,Hb_gain,1.1824757523436464,1.25,0.3704700406710749,0.07992711577949747,0.26621507841962494,0.22638408405376123,0.16207150381407462,0.020118844361023732
77,tau/extra_HbT,True,2,23,tau,extra_HbT,1.1824757523436464,0.010000000000000002,0.3421730438134771,0.12211742423832432,0.26621507841962494,0.32065670808919594,0.18606655810441752,0.027514216079810094
77,tau/lag,True,2,32,tau,lag,1.1824757523436464,0.75,0.10189779325265062,0.031162323840783636,0.26621507841962494,0.2693932523018915,0.0118676689717655,0.030767651235245275
77,Hb_gain/extra_HbT,True,10,23,Hb_gain,extra_HbT,0.625,0.010000000000000002,0.39448992730085397,0.12643293083674856,0.33957612608064186,0.32065670808919594,0.05732704618967229,0.02973630500507518
77,Hb_gain/lag,True,11,30,Hb_gain,lag,0.75,-0.75,0.35523149000073406,0.07800147595426209,0.22638408405376123,0.25188818511967553,0.1067522354585618,0.036346348273625706
77,extra_HbT/lag,True,23,32,extra_HbT,lag,0.010000000000000002,0.75,0.3904901334646345,0.12811519235897773,0.32065670808919594,0.2693932523018915,0.17419888913265208,0.03190266460443182
78,tau/Hb_gain,True,6,11,tau,Hb_gain,3.374276379107047,0.75,0.19012330609081893,0.05719785311455581,0.291033232169041,0.28543878457002414,0.01940986925489828,0.036273272597490455
78,tau/extra_HbT,True,2,21,tau,extra_HbT,1.1824757523436464,-0.010000000000000002,0.349741644436557,0.10944994309530423,0.2578234092044234,0.2694789512918072,0.04421539436188485,0.07601290304529562
78,tau/lag,True,2,32,tau,lag,1.1824757523436464,0.75,0.12507667548020032,0.05612851630194223,0.2578234092044234,0.21286052633314964,0.19163774484092913,0.011599447286088473
78,Hb_gain/extra_HbT,True,15,23,Hb_gain,extra_HbT,1.25,0.010000000000000002,0.37052877841556425,0.09524215183051948,0.28543878457002414,0.2694789512918072,0.05753730680435734,0.07485319627312031
78,Hb_gain/lag,True,11,30,Hb_gain,lag,0.75,-0.75,0.219432165475652,0.08131922799245342,0.28543878457002414,0.23809620200055867,0.18135278920292827,0.013879027726157947
78,extra_HbT/lag,True,21,30,extra_HbT,lag,-0.010000000000000002,-0.75,0.36806193882368804,0.1079579071302043,0.2694789512918072,0.23809620200055867,0.12381548239857086,0.07425627716966311
79,tau/Hb_gain,True,7,10,tau,Hb_gain,4.385587231022793,0.625,0.17811359876453192,0.041250088237620046,0.27553833577984077,0.32397989013373724,0.16195467762898638,0.0384904141671632
79,tau/extra_HbT,True,8,21,tau,extra_HbT,5.7,-0.010000000000000002,0.40896424632835193,0.10602266803547312,0.3898746863911251,0.5363686565059714,0.3189963460945356,0.02449678097958382
79,tau/lag,True,7,28,tau,lag,4.385587231022793,-2.25,0.22666957255068335,0.07270252196435412,0.27553833577984077,0.26869426520714185,0.02515259608978997,0.04588876105372584
79,Hb_gain/extra_HbT,True,9,21,Hb_gain,extra_HbT,0.5,-0.010000000000000002,0.5786604365130716,0.13201521200552493,0.431973186844983,0.5363686565059714,0.2164581978096653,0.025539246586298775
79,Hb_gain/lag,True,11,29,Hb_gain,lag,0.75,-1.5,0.2875230455063515,0.08195960474688738,0.2159865934224915,0.18932412608583973,0.1317558392271714,0.04568122475717004
79,extra_HbT/lag,True,21,27,extra_HbT,lag,-0.010000000000000002,-3.0,0.41328234277716575,0.13384135333862077,0.5363686565059714,0.36439139979846996,0.38659315252387266,0.02607641592824544
80,tau/Hb_gain,True,5,12,tau,Hb_gain,2.5961725266936297,0.875,0.16139236680638375,0.05015725168166743,0.18015137664476893,0.14219029823997573,0.23663118994222837,0.03545048946494286
80,tau/extra_HbT,True,2,23,tau,extra_HbT,1.1824757523436464,0.010000000000000002,0.43103477677944024,0.1582370160471793,0.32346879259293204,0.31250384611675486,0.0344858645852509,0.057343102556798024
80,tau/lag,True,2,32,tau,lag,1.1824757523436464,0.75,0.17472702947534247,0.06595464402986916,0.32346879259293204,0.27746441496452867,0.1534099506578835,0.02821485607371011
80,Hb_gain/extra_HbT,True,11,23,Hb_gain,extra_HbT,0.75,0.010000000000000002,0.3850614567826822,0.1467021479067929,0.28438059647995145,0.31250384611675486,0.09430330723326691,0.042484044856385954
80,Hb_gain/lag,True,11,30,Hb_gain,lag,0.75,-0.75,0.36588366391462257,0.11731986577571561,0.28438059647995145,0.2839417992735794,0.0015441844166043648,0.022738073174144443
80,extra_HbT/lag,True,21,30,extra_HbT,lag,-0.010000000000000002,-0.75,0.4217262736648148,0.16113845038484048,0.31250384611675486,0.2839417992735794,0.09584749164987141,0.05163420481070362
81,tau/Hb_gain,True,6,10,tau,Hb_gain,3.374276379107047,0.625,0.19664357653850376,0.06972857941530655,0.22720717367563809,0.25622194204110016,0.12018176935878958,0.027579430860865603
81,tau/extra_HbT,True,7,23,tau,extra_HbT,4.385587231022793,0.010000000000000002,0.45885129614850506,0.15139228561775175,0.3353550690732999,0.39514385367088223,0.16406000690887593,0.0461337778209779
81,tau/lag,True,2,32,tau,lag,1.1824757523436464,0.75,0.14477247969044452,0.06756202102213002,0.2082309827122869,0.2048591938341201,0.016325073571543544,0.03056619473108174
81,Hb_gain/extra_HbT,True,9,21,Hb_gain,extra_HbT,0.5,-0.010000000000000002,0.5355292899634206,0.15117356494555811,0.3416292560548002,0.39514385367088223,0.1455237826741886,0.03670562603039812
81,Hb_gain/lag,True,11,32,Hb_gain,lag,0.75,0.75,0.23529386752975465,0.10142801070501602,0.1708146280274001,0.2048591938341201,0.18174396192096137,0.031857074559656556
81,extra_HbT/lag,True,23,29,extra_HbT,lag,0.010000000000000002,-1.5,0.5181795681235235,0.1968800169396225,0.39514385367088223,0.4067175168629071,0.02886899759845058,0.06394448634005885
82,tau/Hb_gain,True,6,10,tau,Hb_gain,3.374276379107047,0.625,0.21365293741437713,0.06584384829046175,0.3220285854344363,0.3531511607641649,0.09225586649130897,0.038743122905020876
82,tau/extra_HbT,True,2,21,tau,extra_HbT,1.1824757523436464,-0.010000000000000002,0.34924538506215197,0.10186448854106558,0.28950178805243787,0.26706536562047145,0.08066802984503321,0.06596361792555167
82,tau/lag,True,2,32,tau,lag,1.1824757523436464,0.75,0.13231962953180984,0.053725947073119174,0.28950178805243787,0.2602741181246795,0.10642609723027133,0.02283762575415439
82,Hb_gain/extra_HbT,True,11,21,Hb_gain,extra_HbT,0.75,-0.010000000000000002,0.33006103882758586,0.0898205899554848,0.23543410717610994,0.26706536562047145,0.12606236886745462,0.0738735672916791
82,Hb_gain/lag,True,11,30,Hb_gain,lag,0.75,-0.75,0.21219565701086388,0.08113758127106324,0.23543410717610994,0.26040879019665764,0.10082159165183399,0.019691237027237244
82,extra_HbT/lag,True,21,32,extra_HbT,lag,-0.010000000000000002,0.75,0.3548683916831064,0.10566138334878304,0.26706536562047145,0.2602741181246795,0.02575806738523807,0.05837282555775881
83,tau/Hb_gain,True,6,10,tau,Hb_gain,3.374276379107047,0.625,0.28387212362789543,0.07010673300976025,0.2623369002566685,0.2534550330394745,0.034443133732101595,0.03486768679658115
83,tau/extra_HbT,True,7,23,tau,extra_HbT,4.385587231022793,0.010000000000000002,0.5541835452129455,0.1567777280354308,0.3780401630844377,0.3775882210930915,0.0011962018756836417,0.04176199752241178
83,tau/lag,True,2,32,tau,lag,1.1824757523436464,0.75,0.13234766850439045,0.06082385913592317,0.24480813597015474,0.22092975151558747,0.10263000071589519,0.026599625027691264
83,Hb_gain/extra_HbT,True,9,23,Hb_gain,extra_HbT,0.5,0.010000000000000002,0.46410858478945854,0.15226135298160445,0.33794004405263267,0.3775882210930915,0.11093574435687159,0.05696983102213701
83,Hb_gain/lag,True,10,30,Hb_gain,lag,0.625,-0.75,0.2810031000783588,0.09465094146028344,0.2534550330394745,0.2119837588860513,0.17867676012775588,0.030810034228006614
83,extra_HbT/lag,True,23,29,extra_HbT,lag,0.010000000000000002,-1.5,0.5879833487063416,0.1941150892815655,0.3775882210930915,0.42193664060992964,0.1110509223832597,0.036963887392315965
84,tau/Hb_gain,True,5,12,tau,Hb_gain,2.5961725266936297,0.875,0.17558704705466763,0.04549898003007947,0.20380173575517116,0.22351266816271695,0.0923204555587619,0.03756322131156498
84,tau/extra_HbT,True,2,21,tau,extra_HbT,1.1824757523436464,-0.010000000000000002,0.35325955051581753,0.10293125357350798,0.3133496955853396,0.27095908974613536,0.1453519560480601,0.03809929005320767
84,tau/lag,True,1,32,tau,lag,0.9097983439425202,0.75,0.3399949845747902,0.09271946880805441,0.42685567687366266,0.40362744489503205,0.05595367642291063,0.055050802771324375
84,Hb_gain/extra_HbT,True,12,21,Hb_gain,extra_HbT,0.875,-0.010000000000000002,0.3164882135406276,0.0876255179042484,0.22351266816271695,0.27095908974613536,0.19249975587282475,0.06979134486117634
84,Hb_gain/lag,True,12,30,Hb_gain,lag,0.875,-0.75,0.3976259374824806,0.10572254714568087,0.22351266816271695,0.32715171593711,0.38095593314522513,0.042889415908662645
84,extra_HbT/lag,True,23,30,extra_HbT,lag,0.010000000000000002,-0.75,0.43239760869460686,0.12284688268780175,0.27095908974613536,0.32715171593711,0.18845617727240022,0.045339224077566714
85,tau/Hb_gain,True,6,11,tau,Hb_gain,3.374276379107047,0.75,0.23852185987403862,0.06780927372396102,0.25757268846467435,0.28184471399996996,0.09005429412637615,0.03901938344829372
85,tau/extra_HbT,True,6,23,tau,extra_HbT,3.374276379107047,0.010000000000000002,0.3557331718903806,0.11346821392951896,0.25757268846467435,0.27139975968822677,0.05229089637950847,0.02997980584584384
85,tau/lag,True,2,32,tau,lag,1.1824757523436464,0.75,0.1798051368150383,0.07152539277227186,0.22462571885313046,0.2320320132440233,0.032439804932483086,0.04063728615683404
85,Hb_gain/extra_HbT,True,11,21,Hb_gain,extra_HbT,0.75,-0.010000000000000002,0.36236697005796326,0.1091639878122011,0.28184471399996996,0.2713997596882268,0.03776339774686735,0.06011634360634682
85,Hb_gain/lag,True,11,32,Hb_gain,lag,0.75,0.75,0.2894044252485589,0.09869946159649447,0.28184471399996996,0.2320320132440233,0.1944809094272593,0.04336593994899374
85,extra_HbT/lag,True,21,32,extra_HbT,lag,-0.010000000000000002,0.75,0.33665085043054976,0.11857414748623962,0.2713997596882268,0.2320320132440233,0.15671751168039189,0.042248695324178895
86,tau/Hb_gain,True,3,15,tau,Hb_gain,1.5368778303349075,1.25,0.2418777037871258,0.061138359981878325,0.16808203294047003,0.1693413393454082,0.007464285851423559,0.029162016580330866
86,tau/extra_HbT,True,6,21,tau,extra_HbT,3.374276379107047,-0.010000000000000002,0.35207273862422234,0.12211925012447218,0.268844650919474,0.2862331507306299,0.06267298415407735,0.032639864907219956
86,tau/lag,True,7,30,tau,lag,4.385587231022793,-0.75,0.2650564644788568,0.09436843129217395,0.3668760629008347,0.41647067987858505,0.12679197492647454,0.03519980740519756
86,Hb_gain/extra_HbT,True,10,23,Hb_gain,extra_HbT,0.625,0.010000000000000002,0.418531825708231,0.11991774314052715,0.25401200901811233,0.2862331507306299,0.1194251455598482,0.03950570225671259
86,Hb_gain/lag,True,9,30,Hb_gain,lag,0.5,-0.75,0.5372863405045328,0.1448583859471242,0.3386826786908165,0.41647067987858505,0.2067524447274351,0.06600371782037619
86,extra_HbT/lag,True,21,30,extra_HbT,lag,-0.010000000000000002,-0.75,0.4868120748317594,0.14177543892201688,0.2862331507306299,0.41647067987858505,0.3750093716193679,0.06274264651303893
87,tau/Hb_gain,True,6,11,tau,Hb_gain,3.374276379107047,0.75,0.19522195524222624,0.07223002686942208,0.27792166266765267,0.2235694751715816,0.2176170683863297,0.03161929390519544
87,tau/extra_HbT,True,6,21,tau,extra_HbT,3.374276379107047,-0.010000000000000002,0.45526118392969867,0.13327603911601277,0.27792166266765267,0.280396897782371,0.008866806540232407,0.042104000353584276
87,tau/lag,True,6,30,tau,lag,3.374276379107047,-0.75,0.2209219576781607,0.09043773483460386,0.27792166266765267,0.24709820861793738,0.11755342167099028,0.03624805880604083
87,Hb_gain/extra_HbT,True,11,21,Hb_gain,extra_HbT,0.75,-0.010000000000000002,0.359237442330432,0.10134595919387225,0.2235694751715816,0.280396897782371,0.2264838749265622,0.04850296962112333
87,Hb_gain/lag,True,11,30,Hb_gain,lag,0.75,-0.75,0.3152554506811827,0.12531136866029036,0.2235694751715816,0.24709820861793738,0.1000636467153396,0.035766156781995025
87,extra_HbT/lag,True,21,32,extra_HbT,lag,-0.010000000000000002,0.75,0.372227045153053,0.14391472388735424,0.280396897782371,0.2863970575078189,0.021173069413213067,0.05633044832913869
88,tau/Hb_gain,True,6,11,tau,Hb_gain,3.374276379107047,0.75,0.21490921627218673,0.06106880021037423,0.28446090901455645,0.2760441505628159,0.030035022985229445,0.030673926428420435
88,tau/extra_HbT,True,6,23,tau,extra_HbT,3.374276379107047,0.010000000000000002,0.4608141200262423,0.11579664365169356,0.28446090901455645,0.33127798473201225,0.15236201422534149,0.011018752510854232
88,tau/lag,True,2,32,tau,lag,1.1824757523436464,0.75,0.1269014920209246,0.050587389584454884,0.2075873657901282,0.1724848072410094,0.18524313238321718,0.02773962816790438
88,Hb_gain/extra_HbT,True,15,23,Hb_gain,extra_HbT,1.25,0.010000000000000002,0.39277379530230944,0.11036449839386141,0.27604415056281595,0.33127798473201225,0.18239703721057063,0.021882758646385447
88,Hb_gain/lag,True,12,30,Hb_gain,lag,0.875,-0.75,0.19473623578796143,0.0715361796458054,0.13802207528140797,0.1781021753272081,0.2549437661272113,0.036089532126536567
88,extra_HbT/lag,True,23,29,extra_HbT,lag,0.010000000000000002,-1.5,0.498232654840459,0.15762938571702187,0.33127798473201225,0.36304797470327016,0.09157713130739874,0.023320662095684216
89,tau/Hb_gain,True,6,10,tau,Hb_gain,3.374276379107047,0.625,0.2769478230251027,0.06719599245699152,0.2995040322332673,0.2893046167611114,0.03464771044022781,0.039476387212896306
89,tau/extra_HbT,True,1,21,tau,extra_HbT,0.9097983439425202,-0.010000000000000002,0.481647377209339,0.13245064889930683,0.473796535656494,0.4515825860213677,0.04801970896504048,0.008538648867163141
89,tau/lag,True,6,30,tau,lag,3.374276379107047,-0.75,0.174967593838307,0.05462910249316759,0.2995040322332673,0.3477225558783377,0.1492770278948129,0.032806061041420295
89,Hb_gain/extra_HbT,True,9,21,Hb_gain,extra_HbT,0.5,-0.010000000000000002,0.5246916693560486,0.1401285235608544,0.38573948901481514,0.4515825860213677,0.15759602821350008,0.05977660700792735
89,Hb_gain/lag,True,10,30,Hb_gain,lag,0.625,-0.75,0.35261331830340015,0.09623259025601012,0.2893046167611114,0.3477225558783377,0.18392473833504058,0.05521513518189177
89,extra_HbT/lag,True,21,32,extra_HbT,lag,-0.010000000000000002,0.75,0.5495651337466887,0.13468146003158837,0.4515825860213677,0.3963460104502864,0.13047067739769092,0.03702746289973404
90,tau/Hb_gain,True,5,11,tau,Hb_gain,2.5961725266936297,0.75,0.16879839309078665,0.04836513107577237,0.1642186084458344,0.20414572030459266,0.21763553553557,0.04791863548527701
90,tau/extra_HbT,True,6,21,tau,extra_HbT,3.374276379107047,-0.010000000000000002,0.41482112653096714,0.13701774811270054,0.34938864851291446,0.3689401062387916,0.05444940849286673,0.02012341414745084
90,tau/lag,True,5,30,tau,lag,2.5961725266936297,-0.75,0.11831886951220336,0.0501205878874392,0.1642186084458344,0.1974874405457058,0.18447647161991768,0.02953968029776725
90,Hb_gain/extra_HbT,True,10,23,Hb_gain,extra_HbT,0.625,0.010000000000000002,0.46192988280802144,0.1244508214603256,0.306218580456889,0.3689401062387916,0.18633515498093475,0.029855383462054522
90,Hb_gain/lag,True,11,30,Hb_gain,lag,0.75,-0.75,0.2555579722867342,0.08829183123098054,0.20414572030459266,0.1974874405457058,0.033159063915652195,0.0345219950536982
90,extra_HbT/lag,True,23,33,extra_HbT,lag,0.010000000000000002,1.5,0.4369651501961486,0.17220755236877736,0.3689401062387916,0.3279080442724027,0.1179011009003159,0.04587540573349897
91,tau/Hb_gain,True,6,9,tau,Hb_gain,3.374276379107047,0.5,0.2416434546296887,0.06658082447474764,0.2856222028114023,0.29931780843233624,0.04683594498363617,0.06289062396242144
91,tau/extra_HbT,True,6,23,tau,extra_HbT,3.374276379107047,0.010000000000000002,0.32784342809965056,0.10231013668036097,0.2856222028114023,0.3828493098795754,0.2929714965904876,0.02155095200075165
91,tau/lag,True,5,30,tau,lag,2.5961725266936297,-0.75,0.09360098943242229,0.05460862607369996,0.13554568281608897,0.15469395497024205,0.13213995493879205,0.03151676375549154
91,Hb_gain/extra_HbT,True,9,23,Hb_gain,extra_HbT,0.5,0.010000000000000002,0.4682176111158641,0.11912135252833346,0.29931780843233624,0.3828493098795754,0.24613555160685138,0.04374677279123263
91,Hb_gain/lag,True,11,30,Hb_gain,lag,0.75,-0.75,0.1569066872233741,0.07693094765076582,0.14965890421616812,0.15469395497024205,0.0330899481891966,0.04895799580312625
91,extra_HbT/lag,True,23,29,extra_HbT,lag,0.010000000000000002,-1.5,0.3990730957436839,0.16838484918395233,0.3828493098795754,0.33561045787474447,0.13169032913848808,0.024046159161929526
92,tau/Hb_gain,True,5,12,tau,Hb_gain,2.5961725266936297,0.875,0.15694984836809212,0.042970518404789756,0.17475033638609824,0.16280201680074494,0.07082346436560934,0.033811125262751755
92,tau/extra_HbT,True,6,23,tau,extra_HbT,3.374276379107047,0.010000000000000002,0.434626649542989,0.12847149938723337,0.3775774502900544,0.5220910215121969,0.324066229418238,0.027672883448134993
92,tau/lag,True,2,32,tau,lag,1.1824757523436464,0.75,0.24045675500971242,0.07416973679609204,0.27194341045956477,0.30844304166601016,0.12594320149771515,0.04989088773463857
92,Hb_gain/extra_HbT,True,10,23,Hb_gain,extra_HbT,0.625,0.010000000000000002,0.595951818921088,0.15278812084641277,0.48840605040223484,0.5220910215121969,0.06669481302407347,0.01949742414876344
92,Hb_gain/lag,True,11,32,Hb_gain,lag,0.75,0.75,0.27155299155278206,0.09064257235475186,0.3256040336014899,0.30844304166601016,0.054144825895273196,0.03965357441847406
92,extra_HbT/lag,True,23,29,extra_HbT,lag,0.010000000000000002,-1.5,0.5715447702478501,0.19001245363060845,0.5220910215121969,0.5571001008455341,0.06490299465062886,0.05299642286696217
93,tau/Hb_gain,True,6,10,tau,Hb_gain,3.374276379107047,0.625,0.22061267802810852,0.06284201673376753,0.22454629048791333,0.2608730521389682,0.14995201908703323,0.022202894161278255
93,tau/extra_HbT,True,8,21,tau,extra_HbT,5.7,-0.010000000000000002,0.5921023156353106,0.1675994583057226,0.442684973997883,0.5452615270916001,0.2084071483513636,0.07565859926614313
93,tau/lag,True,6,30,tau,lag,3.374276379107047,-0.75,0.2054074365010296,0.06397339733908516,0.22454629048791333,0.22288909748408672,0.007407552581387832,0.04457747822827969
93,Hb_gain/extra_HbT,True,9,21,Hb_gain,extra_HbT,0.5,-0.010000000000000002,0.6439782933675848,0.1590700187454654,0.347830736185291,0.5452615270916001,0.449549574611184,0.06521882739026158
93,Hb_gain/lag,True,10,32,Hb_gain,lag,0.625,0.75,0.3151880463031587,0.11123745387438784,0.2608730521389682,0.24259201824030072,0.0726528036613224,0.02585007642173582
93,extra_HbT/lag,True,21,33,extra_HbT,lag,-0.010000000000000002,1.5,0.6866216668865849,0.20309292024355874,0.5452615270916001,0.4525634639176182,0.1863375407301217,0.06119244603202704
94,tau/Hb_gain,True,5,12,tau,Hb_gain,2.5961725266936297,0.875,0.16021586607894145,0.04169171024742735,0.1605928351863116,0.15811089274278234,0.015575548083990759,0.04683034165458741
94,tau/extra_HbT,True,6,21,tau,extra_HbT,3.374276379107047,-0.010000000000000002,0.4137196390197312,0.16954967053167672,0.3329099141606069,0.37844915168136384,0.1282097968570871,0.03800964571563
94,tau/lag,True,2,32,tau,lag,1.1824757523436464,0.75,0.15661966496043042,0.06468729652484975,0.28399281305992424,0.2432745137521756,0.15475843976580286,0.024334144217447656
94,Hb_gain/extra_HbT,True,11,21,Hb_gain,extra_HbT,0.75,-0.010000000000000002,0.444453335426619,0.16111559695867078,0.3162217854855646,0.37844915168136384,0.17963790198615595,0.021246230983234395
94,Hb_gain/lag,True,11,30,Hb_gain,lag,0.75,-0.75,0.43655921318230134,0.11240229881869038,0.3162217854855646,0.26662635114530153,0.17059557584047108,0.052282481726176104
94,extra_HbT/lag,True,21,30,extra_HbT,lag,-0.010000000000000002,-0.75,0.44129641143406667,0.16925392232733844,0.37844915168136384,0.26662635114530153,0.35023347782662695,0.05924554485197922
95,tau/Hb_gain,True,6,10,tau,Hb_gain,3.374276379107047,0.625,0.21085186561027783,0.06032990221423973,0.23982592161145963,0.21990907434962403,0.08669917103622031,0.024966523777663636
95,tau/extra_HbT,True,2,21,tau,extra_HbT,1.1824757523436464,-0.010000000000000002,0.30771211044951374,0.11179199194876768,0.2670707154485887,0.3097425638780326,0.14822803816994343,0.026954468067579083
95,tau/lag,True,2,32,tau,lag,1.1824757523436464,0.75,0.1188658600569486,0.05254633412126095,0.2670707154485887,0.23682713374025288,0.12018299370333006,0.01571515250511815
95,Hb_gain/extra_HbT,True,17,23,Hb_gain,extra_HbT,1.5,0.010000000000000002,0.39739015613524,0.15104952206349845,0.293212099132832,0.3097425638780326,0.054845278408487616,0.03837199021854007
95,Hb_gain/lag,True,10,32,Hb_gain,lag,0.625,0.75,0.3056401160937584,0.10009251923048694,0.21990907434962403,0.23682713374025288,0.07411631898699497,0.03133074399926075
95,extra_HbT/lag,True,23,30,extra_HbT,lag,0.010000000000000002,-0.75,0.3571010088742734,0.12845093769745708,0.3097425638780326,0.2565403948985681,0.18845537617446528,0.03296760286848368
96,tau/Hb_gain,True,6,10,tau,Hb_gain,3.374276379107047,0.625,0.19969360627051547,0.058560673093115294,0.2749118777145723,0.2627238749570528,0.0453470261038623,0.041825451919485036
96,tau/extra_HbT,True,1,21,tau,extra_HbT,0.9097983439425202,-0.010000000000000002,0.46980523983442996,0.14945434737933058,0.34716285508002037,0.38411835454130583,0.1011567272041291,0.059078529858814996
96,tau/lag,True,2,32,tau,lag,1.1824757523436464,0.75,0.1724644410486025,0.0706588383524205,0.24889782263716598,0.24841737137183353,0.0019321807199682267,0.044084024442680655
96,Hb_gain/extra_HbT,True,9,21,Hb_gain,extra_HbT,0.5,-0.010000000000000002,0.47713198395878287,0.15419959249532011,0.350298499942737,0.38411835454130583,0.09216507206373188,0.05259497449413858
96,Hb_gain/lag,True,10,30,Hb_gain,lag,0.625,-0.75,0.30637512110273984,0.106008757728408,0.2627238749570528,0.2383481478966389,0.09737116443407744,0.030938996159210124
96,extra_HbT/lag,True,21,32,extra_HbT,lag,-0.010000000000000002,0.75,0.44193129864516395,0.13315283925237936,0.38411835454130583,0.24841737137183353,0.43584043937754097,0.04400623845430854
97,tau/Hb_gain,True,6,10,tau,Hb_gain,3.374276379107047,0.625,0.250380742836876,0.06073067426835427,0.25257380590335965,0.22498264736642173,0.11568023019688035,0.057514197738337804
97,tau/extra_HbT,True,0,23,tau,extra_HbT,0.7,0.010000000000000002,0.39839230783332197,0.1496834155463497,0.2811916003753014,0.29901916386292804,0.06147137567608108,0.009503161777701767
97,tau/lag,True,6,29,tau,lag,3.374276379107047,-1.5,0.19114088560700657,0.07841553745313758,0.25257380590335965,0.29834394749311577,0.16654350055179198,0.026182808238528907
97,Hb_gain/extra_HbT,True,9,23,Hb_gain,extra_HbT,0.5,0.010000000000000002,0.45565799021485,0.13931038455029646,0.29997686315522903,0.29901916386292804,0.00319768434232428,0.035676485258018455
97,Hb_gain/lag,True,11,30,Hb_gain,lag,0.75,-0.75,0.21874080977158086,0.0699027903882945,0.14998843157761452,0.14296941667859134,0.047927430300125445,0.03422324817516404
97,extra_HbT/lag,True,23,29,extra_HbT,lag,0.010000000000000002,-1.5,0.46216641004470144,0.1515983034240701,0.29901916386292804,0.29834394749311577,0.0022606573607842954,0.01940262581410584
98,tau/Hb_gain,True,6,10,tau,Hb_gain,3.374276379107047,0.625,0.17279239821425368,0.059428271505944576,0.2314086881537045,0.24334954097095182,0.0503134898911855,0.018945750661859263
98,tau/extra_HbT,True,6,23,tau,extra_HbT,3.374276379107047,0.010000000000000002,0.3327146066032143,0.10853836417120334,0.2314086881537045,0.2831086697077653,0.20164545574249568,0.019515292097456453
98,tau/lag,True,1,32,tau,lag,0.9097983439425202,0.75,0.22617987497715378,0.08214131277354597,0.32976775193251434,0.39805367984355694,0.1881982455015302,0.037909318912343115
98,Hb_gain/extra_HbT,True,10,21,Hb_gain,extra_HbT,0.625,-0.010000000000000002,0.35281110917882214,0.13363385868655567,0.24334954097095182,0.2831086697077653,0.15133196585131012,0.0344975051883598
98,Hb_gain/lag,True,9,30,Hb_gain,lag,0.5,-0.75,0.4860838034030878,0.14094226537388505,0.3244660546279357,0.31508278907985504,0.029345495668330335,0.07298751788267663
98,extra_HbT/lag,True,23,30,extra_HbT,lag,0.010000000000000002,-0.75,0.4093604165386589,0.12865030336790256,0.2831086697077653,0.31508278907985504,0.10700461093214036,0.06469754531828002
99,tau/Hb_gain,True,6,11,tau,Hb_gain,3.374276379107047,0.75,0.28770140842118574,0.07402974417031721,0.23091186318064993,0.21864939819599047,0.05456656754971839,0.055782795988869524
99,tau/extra_HbT,True,2,21,tau,extra_HbT,1.1824757523436464,-0.010000000000000002,0.3678307118599648,0.1391865811591509,0.29130883819423986,0.2709058736725325,0.07261257310260096,0.03452708201335424
99,tau/lag,True,2,32,tau,lag,1.1824757523436464,0.75,0.15713213244800572,0.06180503790054406,0.29130883819423986,0.3263429488869486,0.11356481483553688,0.02612943786198719
99,Hb_gain/extra_HbT,True,11,21,Hb_gain,extra_HbT,0.75,-0.010000000000000002,0.3307843770003291,0.13206082395693927,0.21864939819599047,0.2709058736725325,0.2143019054322703,0.0603607702036966
99,Hb_gain/lag,True,10,32,Hb_gain,lag,0.625,0.75,0.3425779221927097,0.11680928943319918,0.3279740972939857,0.3263429488869486,0.004985814737756317,0.03683391465675488
99,extra_HbT/lag,True,23,30,extra_HbT,lag,0.010000000000000002,-0.75,0.3936658180515354,0.14623087197021145,0.2709058736725325,0.3025166606329571,0.11036492150168255,0.047000281072414316
100,tau/Hb_gain,True,5,12,tau,Hb_gain,2.5961725266936297,0.875,0.14034277161865572,0.042807557356397186,0.17890230567033574,0.17497478850639767,0.02219798060418019,0.03694882681500002
100,tau/extra_HbT,True,2,23,tau,extra_HbT,1.1824757523436464,0.010000000000000002,0.49253246712748283,0.13910758242033813,0.28669469081624865,0.3462385364225601,0.1887100946858824,0.021659787656029647
100,tau/lag,True,2,32,tau,lag,1.1824757523436464,0.75,0.16922357487626297,0.07097610326309045,0.28669469081624865,0.2206177209976826,0.2619864199644826,0.025410388744329427
100,Hb_gain/extra_HbT,True,11,23,Hb_gain,extra_HbT,0.75,0.010000000000000002,0.45905154990101704,0.1310280694501548,0.34994957701279533,0.3462385364225601,0.010661129278683101,0.031045493854458074
100,Hb_gain/lag,True,12,30,Hb_gain,lag,0.875,-0.75,0.22872291717238286,0.0918433086785448,0.17497478850639767,0.2343861324983944,0.2923279963891359,0.03338342631515595
100,extra_HbT/lag,True,21,30,extra_HbT,lag,-0.010000000000000002,-0.75,0.4383117486387236,0.1329175997942399,0.3462385364225601,0.2343861324983944,0.39015805489212635,0.026659930826272996
101,tau/Hb_gain,True,5,12,tau,Hb_gain,2.5961725266936297,0.875,0.1451144129940965,0.0422895353034721,0.17431441754540689,0.18569767986629057,0.06325930834562325,0.037664599505391645
101,tau/extra_HbT,True,2,23,tau,extra_HbT,1.1824757523436464,0.010000000000000002,0.3410581419192878,0.11470764987811721,0.2617943355592918,0.26699667624029794,0.019676993061958883,0.0450123032577295
101,tau/lag,True,2,32,tau,lag,1.1824757523436464,0.75,0.21778420383224553,0.07269137567252305,0.2617943355592918,0.23214185531792111,0.12021058657695498,0.04309004637808772
101,Hb_gain/extra_HbT,True,12,23,Hb_gain,extra_HbT,0.875,0.010000000000000002,0.3216862205108577,0.09570512865150266,0.18569767986629057,0.26699667624029794,0.36311623549268846,0.07051570148508009
101,Hb_gain/lag,True,12,32,Hb_gain,lag,0.875,0.75,0.2292217567058405,0.0872516977190274,0.18569767986629057,0.23214185531792111,0.2232286558537746,0.04611670502370774
101,extra_HbT/lag,True,23,32,extra_HbT,lag,0.010000000000000002,0.75,0.3305407710559051,0.11399138725391518,0.26699667624029794,0.23214185531792111,0.13988757963891388,0.04424187193682561
102,tau/Hb_gain,True,5,12,tau,Hb_gain,2.5961725266936297,0.875,0.1497260665951394,0.04396628343957739,0.2377625172729917,0.2128260500371788,0.11079718336348865,0.045369134956567095
102,tau/extra_HbT,True,2,21,tau,extra_HbT,1.1824757523436464,-0.010000000000000002,0.3609393574083623,0.11834068879072923,0.30350488590046126,0.37005155494091535,0.19824462472103596,0.026565177489955853
102,tau/lag,True,5,30,tau,lag,2.5961725266936297,-0.75,0.20829953083758104,0.0688724521163906,0.2377625172729917,0.25534449187352704,0.07134123304508029,0.043441579675832905
102,Hb_gain/extra_HbT,True,11,23,Hb_gain,extra_HbT,0.75,0.010000000000000002,0.48163251872067814,0.11327104905856665,0.42565210007435755,0.37005155494091535,0.13998001251367698,0.02474268460435298
102,Hb_gain/lag,True,12,30,Hb_gain,lag,0.875,-0.75,0.31030172559023705,0.10160653189437452,0.2128260500371788,0.25534449187352704,0.18213841640856904,0.040048352032564134
102,extra_HbT/lag,True,23,30,extra_HbT,lag,0.010000000000000002,-0.75,0.3431284417775474,0.11354505281661033,0.37005155494091535,0.25534449187352704,0.3710287516376993,0.032512054203008726
103,tau/Hb_gain,True,2,16,tau,Hb_gain,1.1824757523436464,1.375,0.32483934949754933,0.0862535959485032,0.23627935698408092,0.23279904478104266,0.014839208345754524,0.055665269508786065
103,tau/extra_HbT,True,0,23,tau,extra_HbT,0.7,0.010000000000000002,0.4108631475522279,0.14231746151841757,0.38844167681672676,0.38540415587051646,0.007850495326485307,0.009216626655720508
103,tau/lag,True,2,32,tau,lag,1.1824757523436464,0.75,0.126013509321568,0.042101394466164815,0.23627935698408092,0.22229063625667594,0.061029123039636125,0.041963420498567425
103,Hb_gain/extra_HbT,True,9,23,Hb_gain,extra_HbT,0.5,0.010000000000000002,0.41135182822690336,0.1430221446067122,0.31039872637472354,0.38540415587051646,0.21643485406117802,0.054370399402594506
103,Hb_gain/lag,True,10,32,Hb_gain,lag,0.625,0.75,0.3244842643923899,0.08922560695009664,0.23279904478104266,0.22229063625667594,0.04618991469388154,0.05778656868144202
103,extra_HbT/lag,True,21,29,extra_HbT,lag,-0.010000000000000002,-1.5,0.47743442952389553,0.154965262252763,0.38540415587051646,0.38212280736678983,0.008550496992967865,0.015621043951947277
104,tau/Hb_gain,True,2,15,tau,Hb_gain,1.1824757523436464,1.25,0.2700940272905207,0.09869138972902344,0.26723855812257946,0.26353660343409796,0.01394946480524632,0.03344377871868215
104,tau/extra_HbT,True,2,21,tau,extra_HbT,1.1824757523436464,-0.010000000000000002,0.2932284184368334,0.10838051609366496,0.26723855812257946,0.2668831754940135,0.0013307179193122552,0.047168417245278066
104,tau/lag,True,2,32,tau,lag,1.1824757523436464,0.75,0.25775667764843707,0.07949886805895144,0.26723855812257946,0.2578289186191806,0.03584547676028761,0.056349543439286574
104,Hb_gain/extra_HbT,True,11,21,Hb_gain,extra_HbT,0.75,-0.010000000000000002,0.38041414472467655,0.11270655787053563,0.26353660343409796,0.2668831754940135,0.012618746885934078,0.05250767012165579
104,Hb_gain/lag,True,11,32,Hb_gain,lag,0.75,0.75,0.29479845089541484,0.10386940080251611,0.26353660343409796,0.2578289186191806,0.02189601195504137,0.03648255204916712
104,extra_HbT/lag,True,21,32,extra_HbT,lag,-0.010000000000000002,0.75,0.32669315504736735,0.11715467797527401,0.2668831754940135,0.2578289186191806,0.034514758840975414,0.06137980006128826
105,tau/Hb_gain,True,6,10,tau,Hb_gain,3.374276379107047,0.625,0.2691857451533497,0.06141258049156262,0.2652109427470726,0.30899185538771173,0.1527893988774898,0.04052471037750415
105,tau/extra_HbT,True,7,21,tau,extra_HbT,4.385587231022793,-0.010000000000000002,0.4679645585830812,0.1496041941075662,0.3843300362603183,0.3840621187655485,0.0006973457599079987,0.05100710229691752
105,tau/lag,True,6,30,tau,lag,3.374276379107047,-0.75,0.20549653876163176,0.04813351511115717,0.2652109427470726,0.299995147075437,0.12324077840584358,0.0442785150354451
105,Hb_gain/extra_HbT,True,10,21,Hb_gain,extra_HbT,0.625,-0.010000000000000002,0.4254319253192313,0.13202543247162102,0.30899185538771173,0.3840621187655485,0.21748938854157487,0.028192582033564697
105,Hb_gain/lag,True,10,30,Hb_gain,lag,0.625,-0.75,0.4225426592087272,0.09282981825403333,0.30899185538771173,0.299995147075437,0.029548620471646254,0.04313718729466449
105,extra_HbT/lag,True,21,32,extra_HbT,lag,-0.010000000000000002,0.75,0.5378838904956097,0.14272122686552768,0.3840621187655485,0.37137170223419047,0.03360085326103571,0.05162633979101745
106,tau/Hb_gain,True,6,11,tau,Hb_gain,3.374276379107047,0.75,0.1552084784754927,0.04769726853487766,0.24105810997569968,0.19575767211247097,0.20816049713150794,0.030311920347903754
106,tau/extra_HbT,True,0,23,tau,extra_HbT,0.7,0.010000000000000002,0.3983203723087958,0.1259109578798639,0.3318124780037752,0.348717410925619,0.04969189934195463,0.027844354179015166
106,tau/lag,True,1,32,tau,lag,0.9097983439425202,0.75,0.14723147033749295,0.05558354152187941,0.2384489722192156,0.2606081613285622,0.08886264717662186,0.036969049121538845
106,Hb_gain/extra_HbT,True,10,23,Hb_gain,extra_HbT,0.625,0.010000000000000002,0.3571374268135072,0.10810778395284662,0.29363650816870646,0.348717410925619,0.17191924776109563,0.025617561978984103
106,Hb_gain/lag,True,10,32,Hb_gain,lag,0.625,0.75,0.1775560104974953,0.06035369834206579,0.29363650816870646,0.2606081613285622,0.11932465397906505,0.046063504781651485
106,extra_HbT/lag,True,23,32,extra_HbT,lag,0.010000000000000002,0.75,0.413017945922122,0.11817371780705171,0.348717410925619,0.2606081613285622,0.29124390174016057,0.04684424785251549
107,tau/Hb_gain,True,5,12,tau,Hb_gain,2.5961725266936297,0.875,0.13848824661652584,0.03547937361958085,0.19427431622059685,0.22248305248623176,0.1355797686619107,0.04707787146197271
107,tau/extra_HbT,True,1,23,tau,extra_HbT,0.9097983439425202,0.010000000000000002,0.3380195935781298,0.12793258461968512,0.2624709366341764,0.34665241345248776,0.2781822292632171,0.0251280811619058
107,tau/lag,True,5,30,tau,lag,2.5961725266936297,-0.75,0.21638228526425607,0.06218871146715704,0.19427431622059685,0.22672460077012815,0.15446490703478086,0.061543830438467825
107,Hb_gain/extra_HbT,True,12,21,Hb_gain,extra_HbT,0.875,-0.010000000000000002,0.3636238375672061,0.09549856631770082,0.22248305248623176,0.34665241345248776,0.4434716574770473,0.02720397365477343
107,Hb_gain/lag,True,14,30,Hb_gain,lag,1.125,-0.75,0.29899123790312054,0.0899984096159666,0.22248305248623176,0.22672460077012815,0.018885138372870057,0.022418242317815636
107,extra_HbT/lag,True,23,32,extra_HbT,lag,0.010000000000000002,0.75,0.405658690529818,0.12249337311173762,0.34665241345248776,0.29670300206276473,0.1555909421597573,0.0625768747142494
108,tau/Hb_gain,True,5,11,tau,Hb_gain,2.5961725266936297,0.75,0.1596916028418778,0.05038452909333773,0.22804104582441928,0.268834674969099,0.16457096117282874,0.048356925694919395
108,tau/extra_HbT,True,5,23,tau,extra_HbT,2.5961725266936297,0.010000000000000002,0.344117812357504,0.1241641430732933,0.22804104582441928,0.33276923529722446,0.37792362436099014,0.03105840199016789
108,tau/lag,True,3,32,tau,lag,1.5368778303349075,0.75,0.1927290888245642,0.0802461758592745,0.21949766052398204,0.2605344190761136,0.1713934051837335,0.034124271889731564
108,Hb_gain/extra_HbT,True,11,21,Hb_gain,extra_HbT,0.75,-0.010000000000000002,0.4210057069294969,0.13024417757761822,0.268834674969099,0.33276923529722446,0.21335266318816148,0.04025607579388845
108,Hb_gain/lag,True,11,32,Hb_gain,lag,0.75,0.75,0.40205403923365596,0.12749630611866677,0.268834674969099,0.2605344190761136,0.03136162003324682,0.03836277071952559
108,extra_HbT/lag,True,23,30,extra_HbT,lag,0.010000000000000002,-0.75,0.3950950007361938,0.14969463353206178,0.33276923529722446,0.3138770345012668,0.058447963317968574,0.02766969324873337
109,tau/Hb_gain,True,7,11,tau,Hb_gain,4.385587231022793,0.75,0.16878837117541767,0.06211939494894325,0.27462211065404346,0.26698901545295123,0.028188492661659143,0.03216570744846305
109,tau/extra_HbT,True,8,21,tau,extra_HbT,5.7,-0.010000000000000002,0.4776568318977974,0.15233875189063695,0.38743709692529366,0.3872316121462882,0.0005305100913938018,0.016529018878647436
109,tau/lag,True,2,32,tau,lag,1.1824757523436464,0.75,0.10624967862429331,0.06315823799584525,0.1440154782671293,0.14558073292813303,0.010810016450304896,0.023836499220626764
109,Hb_gain/extra_HbT,True,10,21,Hb_gain,extra_HbT,0.625,-0.010000000000000002,0.5329441343925658,0.14062207853208894,0.40048352317942687,0.3872316121462882,0.03364963002685188,0.02793625979692859
109,Hb_gain/lag,True,12,30,Hb_gain,lag,0.875,-0.75,0.14430141592074788,0.0772668099042148,0.13349450772647561,0.1546753125271939,0.14726782558775184,0.03607703903537206
109,extra_HbT/lag,True,21,29,extra_HbT,lag,-0.010000000000000002,-1.5,0.4929720606228051,0.1907649633242134,0.3872316121462882,0.3042396354007018,0.24120732978402273,0.04599559097211235
110,tau/Hb_gain,True,3,14,tau,Hb_gain,1.5368778303349075,1.125,0.2057466918527322,0.0496061531631686,0.2965390532678791,0.2297077337567196,0.25537114591628757,0.0600116631732761
110,tau/extra_HbT,True,5,23,tau,extra_HbT,2.5961725266936297,0.010000000000000002,0.3726664273056067,0.12788815547296553,0.34057603559201216,0.4026165196769064,0.1673461384810478,0.02309288932584398
110,tau/lag,True,5,30,tau,lag,2.5961725266936297,-0.75,0.11037552002185383,0.040754479788807946,0.34057603559201216,0.33820421494143665,0.00698850711069404,0.003835010247713984
110,Hb_gain/extra_HbT,True,11,21,Hb_gain,extra_HbT,0.75,-0.010000000000000002,0.6397408955092019,0.15671471142188467,0.4594154675134392,0.4026165196769064,0.1319704137884223,0.03714799323735361
110,Hb_gain/lag,True,14,32,Hb_gain,lag,1.125,0.75,0.3063064779584721,0.08493251350666331,0.2297077337567196,0.2631124422427432,0.13577369978099693,0.06011657209493698
110,extra_HbT/lag,True,23,30,extra_HbT,lag,0.010000000000000002,-0.75,0.375457897790168,0.13480378609548374,0.4026165196769064,0.33820421494143665,0.17433464559174186,0.0223547731943379
111,tau/Hb_gain,True,6,11,tau,Hb_gain,3.374276379107047,0.75,0.24326390180493915,0.057428800132260746,0.2723908111890254,0.317673918020771,0.15378760073334383,0.034255018552717446
111,tau/extra_HbT,True,7,21,tau,extra_HbT,4.385587231022793,-0.010000000000000002,0.40740957794922983,0.11607246433628586,0.4419335743304038,0.4417752237394288,0.00035837731391985073,0.021492982447525212
111,tau/lag,True,2,32,tau,lag,1.1824757523436464,0.75,0.1523578992478609,0.05104973159099892,0.19211035543511698,0.2213096140673113,0.1414927149039564,0.04349903776436138
111,Hb_gain/extra_HbT,True,10,21,Hb_gain,extra_HbT,0.625,-0.010000000000000002,0.5254422540851441,0.12780974947498489,0.4765108770311566,0.4417752237394288,0.07568934061204732,0.01528847004748742
111,Hb_gain/lag,True,12,32,Hb_gain,lag,0.875,0.75,0.18733664164883893,0.06463372857784477,0.1588369590103855,0.2213096140673113,0.33168442861363134,0.041503407657635605
111,extra_HbT/lag,True,21,29,extra_HbT,lag,-0.010000000000000002,-1.5,0.4804784981128124,0.15037955520608162,0.4417752237394288,0.395190052748063,0.11143441376457151,0.05327589028675347
112,tau/Hb_gain,True,6,10,tau,Hb_gain,3.374276379107047,0.625,0.3544643610609885,0.08639012042507264,0.35539642795889953,0.3556758389887875,0.0007858864907448938,0.027695356491898655
112,tau/extra_HbT,True,2,23,tau,extra_HbT,1.1824757523436464,0.010000000000000002,0.33499139927638444,0.11355499689235368,0.3207356503748717,0.30692897918750217,0.044000882097558945,0.014559225759942215
112,tau/lag,True,2,32,tau,lag,1.1824757523436464,0.75,0.15228280504121483,0.05821446067094613,0.3207356503748717,0.24606463697887895,0.26502301140472173,0.013946449544689645
112,Hb_gain/extra_HbT,True,11,21,Hb_gain,extra_HbT,0.75,-0.010000000000000002,0.38956238098752693,0.10467517013917099,0.23711722599252502,0.30692897918750217,0.2580617393831223,0.0297837210194017
112,Hb_gain/lag,True,11,32,Hb_gain,lag,0.75,0.75,0.34201004387627715,0.10069569571863303,0.23711722599252502,0.24606463697887895,0.037039610075959524,0.02232955384596025
112,extra_HbT/lag,True,21,30,extra_HbT,lag,-0.010000000000000002,-0.75,0.35912891760771626,0.11357105997947631,0.30692897918750217,0.2796985087015286,0.09290411425782975,0.018922098942054485
113,tau/Hb_gain,True,3,14,tau,Hb_gain,1.5368778303349075,1.125,0.15526420813321212,0.04748631967747001,0.1570237980120909,0.12934178186002385,0.19393900107446882,0.044022063210937844
113,tau/extra_HbT,True,1,23,tau,extra_HbT,0.9097983439425202,0.010000000000000002,0.6744419524058369,0.17352700969592216,0.4154405835346691,0.450627755826631,0.08130201943237328,0.023986663070897148
113,tau/lag,True,2,32,tau,lag,1.1824757523436464,0.75,0.19045985998075426,0.06794857416068636,0.2958536742976395,0.3458398568042376,0.1561108378003074,0.038762460554801294
113,Hb_gain/extra_HbT,True,16,23,Hb_gain,extra_HbT,1.375,0.010000000000000002,0.5895233596647783,0.1573819394465762,0.3880253455800716,0.450627755826631,0.14957096243609827,0.06123966359944484
113,Hb_gain/lag,True,11,30,Hb_gain,lag,0.75,-0.75,0.315404447289744,0.10431992355867764,0.2586835637200477,0.2914489311649086,0.1192592441415068,0.04246349321480595
113,extra_HbT/lag,True,23,32,extra_HbT,lag,0.010000000000000002,0.75,0.5706025921491722,0.14916642661509458,0.450627755826631,0.3458398568042376,0.2646657972786163,0.0428808458144965
114,tau/Hb_gain,True,6,10,tau,Hb_gain,3.374276379107047,0.625,0.2275718513304793,0.07053685292624429,0.2386382693757129,0.2599096157091566,0.08538505053886233,0.0415516675267111
114,tau/extra_HbT,True,2,21,tau,extra_HbT,1.1824757523436464,-0.010000000000000002,0.3534006540797993,0.12241808584017917,0.2532812483156245,0.2798413329604423,0.09972224983400642,0.04855399746552826
114,tau/lag,True,6,30,tau,lag,3.374276379107047,-0.75,0.20627786516161017,0.07427873716203795,0.2386382693757129,0.28481499051270326,0.1768909252289899,0.049734099612997754
114,Hb_gain/extra_HbT,True,10,21,Hb_gain,extra_HbT,0.625,-0.010000000000000002,0.35364258883975985,0.12461744535855851,0.2599096157091566,0.2798413329604423,0.07388883586414179,0.04290418821824078
114,Hb_gain/lag,True,10,30,Hb_gain,lag,0.625,-0.75,0.377034490991586,0.1213809329374729,0.2599096157091566,0.28481499051270326,0.09150587469012758,0.052620276348275916
114,extra_HbT/lag,True,23,30,extra_HbT,lag,0.010000000000000002,-0.75,0.39466829775203655,0.12834491124560968,0.2798413329604423,0.28481499051270326,0.017617038825985764,0.06114130676997897
115,tau/Hb_gain,True,5,11,tau,Hb_gain,2.5961725266936297,0.75,0.16041998399707558,0.046488365205798854,0.1411265566367615,0.1506153741752571,0.06507234370496086,0.026275347429765505
115,tau/extra_HbT,True,2,23,tau,extra_HbT,1.1824757523436464,0.010000000000000002,0.3762395182625203,0.12609530714704748,0.30676955397779077,0.30913656445061366,0.007686308206521659,0.03691918852945041
115,tau/lag,True,6,30,tau,lag,3.374276379107047,-0.75,0.19712383447675874,0.06858187736529929,0.2675697247742394,0.33228637264062044,0.21661697957945053,0.03607342880553058
115,Hb_gain/extra_HbT,True,17,21,Hb_gain,extra_HbT,1.5,-0.010000000000000002,0.4088951815707914,0.14397904455537633,0.3012307483505142,0.30913656445061366,0.025906558542357485,0.04006513698715949
115,Hb_gain/lag,True,9,30,Hb_gain,lag,0.5,-0.75,0.40145961555912413,0.12812026973025054,0.3012307483505142,0.33228637264062044,0.09812058844058157,0.04969512937144635
115,extra_HbT/lag,True,21,30,extra_HbT,lag,-0.010000000000000002,-0.75,0.4496261185837841,0.13946838871915837,0.30913656445061366,0.33228637264062044,0.07221402989822408,0.055675505877602324
116,tau/Hb_gain,True,6,10,tau,Hb_gain,3.374276379107047,0.625,0.22713153786038048,0.07137543847016087,0.28000278017171215,0.2800057183400607,1.0493299142443243e-05,0.025495492784275476
116,tau/extra_HbT,True,8,23,tau,extra_HbT,5.7,0.010000000000000002,0.6997624658383577,0.18720955984670812,0.49580905940347847,0.534438591910959,0.07502594328889066,0.07056895686100952
116,tau/lag,True,2,32,tau,lag,1.1824757523436464,0.75,0.16678258877183857,0.07079538606795846,0.27588890571043867,0.26345272842736794,0.046124316014217334,0.03061902922128068
116,Hb_gain/extra_HbT,True,17,21,Hb_gain,extra_HbT,1.5,-0.010000000000000002,0.6274510175060518,0.16785512065266903,0.37334095778674764,0.534438591910959,0.35872473696170765,0.06822384153681109
116,Hb_gain/lag,True,10,30,Hb_gain,lag,0.625,-0.75,0.3094490387707522,0.11298725589912093,0.2800057183400607,0.2634415253749309,0.0609785973348147,0.024230673027394553
116,extra_HbT/lag,True,23,29,extra_HbT,lag,0.010000000000000002,-1.5,0.6734147885003559,0.20652737011858882,0.534438591910959,0.5073858962388248,0.05194498437789733,0.06292620929834024
117,tau/Hb_gain,True,2,14,tau,Hb_gain,1.1824757523436464,1.125,0.24805890158031,0.07571445708164118,0.22447591889857074,0.21179793946810457,0.05813573149182635,0.03624315879088181
117,tau/extra_HbT,True,2,21,tau,extra_HbT,1.1824757523436464,-0.010000000000000002,0.35407653431710095,0.11415280727684098,0.22447591889857074,0.2691318022279231,0.18143279476896468,0.0467951710844483
117,tau/lag,True,2,32,tau,lag,1.1824757523436464,0.75,0.20760116814542154,0.05889008958120899,0.22447591889857074,0.2555757576152258,0.1297504370507064,0.04935809805159528
117,Hb_gain/extra_HbT,True,12,23,Hb_gain,extra_HbT,0.875,0.010000000000000002,0.3550376848795494,0.10193511951832156,0.21179793946810457,0.2691318022279231,0.23956852626079106,0.061968359848831076
117,Hb_gain/lag,True,12,30,Hb_gain,lag,0.875,-0.75,0.32311005795091635,0.0885891651154509,0.21179793946810457,0.2303923766036342,0.08415113616456917,0.04546425357704633
117,extra_HbT/lag,True,21,32,extra_HbT,lag,-0.010000000000000002,0.75,0.37000607248209494,0.12068257989605286,0.2691318022279231,0.2555757576152258,0.05168235771825831,0.03652333281072649
118,tau/Hb_gain,True,3,14,tau,Hb_gain,1.5368778303349075,1.125,0.15122793457334113,0.05169153880665411,0.18604137837253867,0.14911336634422648,0.22126224874494055,0.04622687556641811
118,tau/extra_HbT,True,2,21,tau,extra_HbT,1.1824757523436464,-0.010000000000000002,0.3737038738367913,0.1502177382152028,0.32874042831449624,0.33453128152688916,0.017461924791091828,0.02038216452137189
118,tau/lag,True,5,30,tau,lag,2.5961725266936297,-0.75,0.17840042851756427,0.07294931411995234,0.21795758381971095,0.280865782998802,0.25357644042988386,0.03001078819780901
118,Hb_gain/extra_HbT,True,11,21,Hb_gain,extra_HbT,0.75,-0.010000000000000002,0.4292719407307596,0.1336383931831689,0.29822673268845296,0.33453128152688916,0.11487634731087229,0.03018293740020955
118,Hb_gain/lag,True,11,30,Hb_gain,lag,0.75,-0.75,0.34283171805918655,0.1186497358167954,0.29822673268845296,0.280865782998802,0.059977130501672804,0.03737296636534509
118,extra_HbT/lag,True,23,30,extra_HbT,lag,0.010000000000000002,-0.75,0.3920044525813271,0.15749975993032664,0.33453128152688916,0.280865782998802,0.17485347781254496,0.018060600875257165
119,tau/Hb_gain,True,6,11,tau,Hb_gain,3.374276379107047,0.75,0.32623777896671236,0.07521426692154977,0.26973474133147823,0.3356057927188091,0.21849819865186731,0.0465461307053519
119,tau/extra_HbT,True,7,23,tau,extra_HbT,4.385587231022793,0.010000000000000002,0.48803309740541184,0.13976025485168664,0.4123402466124254,0.3925502211084757,0.04918436891648109,0.029204315535924043
119,tau/lag,True,6,30,tau,lag,3.374276379107047,-0.75,0.22235075902430415,0.060077208563633314,0.26973474133147823,0.2657715360240244,0.01480198397623079,0.0371039975520823
119,Hb_gain/extra_HbT,True,11,23,Hb_gain,extra_HbT,0.75,0.010000000000000002,0.41820315285533893,0.10031738235296485,0.3356057927188091,0.3925502211084757,0.15672724567886126,0.011510487238786338
119,Hb_gain/lag,True,11,32,Hb_gain,lag,0.75,0.75,0.3184357038983098,0.094126992960817,0.3356057927188091,0.28431812385152316,0.16584346956404752,0.035935886190748896
119,extra_HbT/lag,True,23,32,extra_HbT,lag,0.010000000000000002,0.75,0.4550376239135498,0.1138513567805107,0.3925502211084757,0.28431812385152316,0.3225707152429088,0.04175958538407157
120,tau/Hb_gain,True,5,11,tau,Hb_gain,2.5961725266936297,0.75,0.20328297370530193,0.05940789802271887,0.1832628358346513,0.22495378331075416,0.20497358980155056,0.030793779375541834
120,tau/extra_HbT,True,2,21,tau,extra_HbT,1.1824757523436464,-0.010000000000000002,0.36746308209176487,0.13338316933742478,0.33641957819667245,0.26976064001813965,0.22082407820589292,0.03445106446742851
120,tau/lag,True,2,32,tau,lag,1.1824757523436464,0.75,0.1791903803592123,0.06810908345375259,0.33641957819667245,0.27675361562890005,0.19523148945657706,0.022840793829561334
120,Hb_gain/extra_HbT,True,11,21,Hb_gain,extra_HbT,0.75,-0.010000000000000002,0.34143758432518423,0.11854999802649469,0.22495378331075416,0.26976064001813965,0.18164007375951122,0.0313247409116383
120,Hb_gain/lag,True,11,32,Hb_gain,lag,0.75,0.75,0.3514612448758021,0.11838307004970575,0.22495378331075416,0.27675361562890005,0.20723266250882724,0.012552634856713409
120,extra_HbT/lag,True,21,32,extra_HbT,lag,-0.010000000000000002,0.75,0.3528501571060896,0.13522385855544025,0.26976064001813965,0.27675361562890005,0.025592588749316005,0.030917019823701836
121,tau/Hb_gain,True,5,12,tau,Hb_gain,2.5961725266936297,0.875,0.09870762307977521,0.031956648014091676,0.17941074442428814,0.16404602997797516,0.08953077967264388,0.039943687350617554
121,tau/extra_HbT,True,1,23,tau,extra_HbT,0.9097983439425202,0.010000000000000002,0.4700582229277456,0.14770715405866824,0.43846605596424704,0.5170804359511122,0.16491604513287492,0.014993385458988966
121,tau/lag,True,2,32,tau,lag,1.1824757523436464,0.75,0.2204102109408727,0.08226064406680211,0.3147757068894201,0.28606847145994646,0.09562915071791149,0.02825061108887008
121,Hb_gain/extra_HbT,True,10,21,Hb_gain,extra_HbT,0.625,-0.010000000000000002,0.6725330467331038,0.16480163270543025,0.4921380899339255,0.5170804359511122,0.04943909680816227,0.04482423507249143
121,Hb_gain/lag,True,11,30,Hb_gain,lag,0.75,-0.75,0.2770967805109492,0.10326898191176666,0.3280920599559503,0.2897934889530264,0.12412567734760412,0.02238372935322845
121,extra_HbT/lag,True,21,30,extra_HbT,lag,-0.010000000000000002,-0.75,0.5007017577784026,0.13967812554990006,0.5170804359511122,0.2897934889530264,0.5790298822639308,0.026838875103411992
122,tau/Hb_gain,True,2,15,tau,Hb_gain,1.1824757523436464,1.25,0.34775073000651774,0.08977539871474027,0.2436186631268385,0.2365885841798002,0.029281445793378973,0.036943967980286554
122,tau/extra_HbT,True,0,23,tau,extra_HbT,0.7,0.010000000000000002,0.5799223368836535,0.1747139549876055,0.4664325978133365,0.5154501772946094,0.09992712451357928,0.03767091219355306
122,tau/lag,True,6,30,tau,lag,3.374276379107047,-0.75,0.23546377861623163,0.06762211860570996,0.2637211548225433,0.28049264255323547,0.06165518165431739,0.05800265061638722
122,Hb_gain/extra_HbT,True,9,23,Hb_gain,extra_HbT,0.5,0.010000000000000002,0.5829673469094112,0.1550418903713516,0.4731771683596004,0.5154501772946094,0.08557076801436816,0.026136998687295143
122,Hb_gain/lag,True,11,32,Hb_gain,lag,0.75,0.75,0.30273156915996324,0.08515624020021421,0.23658858417980022,0.3078636310959842,0.2633342278173951,0.04016979437567357
122,extra_HbT/lag,True,23,29,extra_HbT,lag,0.010000000000000002,-1.5,0.6425067386936507,0.17686783386600569,0.5154501772946094,0.5009672815963889,0.028499856745673815,0.06500494940120302
123,tau/Hb_gain,True,5,11,tau,Hb_gain,2.5961725266936297,0.75,0.1966967760461706,0.04752957691256695,0.18722969520640623,0.17008806432665524,0.09601985133040185,0.050509440936010314
123,tau/extra_HbT,True,6,21,tau,extra_HbT,3.374276379107047,-0.010000000000000002,0.4515588631170751,0.12352494949490386,0.35533379153154715,0.2983156728613816,0.1749053748034152,0.03187161072997608
123,tau/lag,True,6,30,tau,lag,3.374276379107047,-0.75,0.13899008027177626,0.056244080362837734,0.35533379153154715,0.35457496344335027,0.002137819464497041,0.02447840762066599
123,Hb_gain/extra_HbT,True,10,21,Hb_gain,extra_HbT,0.625,-0.010000000000000002,0.33713149821509786,0.1078514872893617,0.25513209648998286,0.2983156728613816,0.1563707942613653,0.030867841353050554
123,Hb_gain/lag,True,9,30,Hb_gain,lag,0.5,-0.75,0.38779716371133277,0.11447933600500224,0.3401761286533105,0.35457496344335027,0.04145627714850256,0.04509378699026134
123,extra_HbT/lag,True,21,32,extra_HbT,lag,-0.010000000000000002,0.75,0.44319433363721555,0.1308431234414516,0.2983156728613816,0.3413812607261377,0.13484768861622787,0.040620099694390045
124,tau/Hb_gain,True,5,11,tau,Hb_gain,2.5961725266936297,0.75,0.18292799909854598,0.060509233637838326,0.22763037309917933,0.2805437048247573,0.2090063804347684,0.04117399724375665
124,tau/extra_HbT,True,5,23,tau,extra_HbT,2.5961725266936297,0.010000000000000002,0.30900872920698425,0.08769760382257066,0.22763037309917933,0.3248223639409318,0.3555553175973625,0.037695211752675886
124,tau/lag,True,5,30,tau,lag,2.5961725266936297,-0.75,0.161101275238454,0.07003101940639962,0.22763037309917933,0.3050035586162037,0.29260030131571535,0.022036069787399595
124,Hb_gain/extra_HbT,True,11,23,Hb_gain,extra_HbT,0.75,0.010000000000000002,0.40851967338756395,0.10585190868832761,0.2805437048247573,0.3248223639409318,0.14654893716259396,0.04508329286081897
124,Hb_gain/lag,True,11,32,Hb_gain,lag,0.75,0.75,0.39398965130333485,0.1294700720371126,0.2805437048247573,0.27434264703279343,0.02235166151804911,0.03581011287441442
124,extra_HbT/lag,True,23,30,extra_HbT,lag,0.010000000000000002,-0.75,0.35984675785342307,0.12290254900158383,0.3248223639409318,0.3050035586162037,0.06295501628164715,0.038271346763279
125,tau/Hb_gain,True,6,11,tau,Hb_gain,3.374276379107047,0.75,0.21440947157335505,0.06755699717257499,0.27057630430786456,0.2886716514133455,0.06473574324722181,0.04055109800205548
125,tau/extra_HbT,True,6,23,tau,extra_HbT,3.374276379107047,0.010000000000000002,0.3386712599853571,0.11445752245181907,0.27057630430786456,0.28130629289520176,0.038889941333488116,0.059491456070389644
125,tau/lag,True,2,32,tau,lag,1.1824757523436464,0.75,0.21381686218526255,0.06690551456180291,0.23169952538369645,0.25411493362949084,0.09234527625052122,0.04596202634453001
125,Hb_gain/extra_HbT,True,11,21,Hb_gain,extra_HbT,0.75,-0.010000000000000002,0.41124587911269184,0.11012023576046319,0.2886716514133455,0.28130629289520176,0.025845801913733705,0.05966976461363893
125,Hb_gain/lag,True,11,32,Hb_gain,lag,0.75,0.75,0.3214000869245723,0.10615013080480556,0.2886716514133455,0.25411493362949084,0.12750322864277366,0.043907264784932794
125,extra_HbT/lag,True,21,32,extra_HbT,lag,-0.010000000000000002,0.75,0.35177788206204347,0.11713590768540345,0.28130629289520176,0.25411493362949084,0.10165742672904002,0.05495697786787256
126,tau/Hb_gain,True,3,15,tau,Hb_gain,1.5368778303349075,1.25,0.256945029801743,0.07803189405846561,0.17116462396084725,0.19363613504685534,0.1233549987823852,0.03167635634801791
126,tau/extra_HbT,True,6,23,tau,extra_HbT,3.374276379107047,0.010000000000000002,0.37175160572549704,0.14205796700578774,0.2806766220300769,0.2912749713875045,0.037064544512996365,0.04912059716169348
126,tau/lag,True,2,32,tau,lag,1.1824757523436464,0.75,0.24225160752836503,0.1018221243516194,0.34776644123740946,0.4311605726206365,0.2149494704199299,0.03534525671182931
126,Hb_gain/extra_HbT,True,10,23,Hb_gain,extra_HbT,0.625,0.010000000000000002,0.3354547808760425,0.12925825181900474,0.29045420257028304,0.2912749713875045,0.0028218263707339686,0.0427627368894344
126,Hb_gain/lag,True,9,30,Hb_gain,lag,0.5,-0.75,0.5773986561374709,0.18501481373893872,0.3872722700937107,0.3823021953524926,0.012916602783023869,0.05618202961849969
126,extra_HbT/lag,True,21,30,extra_HbT,lag,-0.010000000000000002,-0.75,0.4811457424038178,0.160108265509847,0.2912749713875045,0.3823021953524926,0.27194364329802306,0.051806712493548644
127,tau/Hb_gain,True,6,10,tau,Hb_gain,3.374276379107047,0.625,0.24174317080288144,0.07679858128017862,0.3245705009686951,0.3216206326031941,0.00913008149933194,0.029577872881558904
127,tau/extra_HbT,True,1,21,tau,extra_HbT,0.9097983439425202,-0.010000000000000002,0.598112694964579,0.18034914483914388,0.4334682944443361,0.47530054149184314,0.09212866787347462,0.037512094516522314
127,tau/lag,True,1,32,tau,lag,0.9097983439425202,0.75,0.2625794718814773,0.09290356924288966,0.4334682944443361,0.4441548605459725,0.024354631625190012,0.03438605373553182
127,Hb_gain/extra_HbT,True,9,21,Hb_gain,extra_HbT,0.5,-0.010000000000000002,0.5714516912357238,0.175098786131743,0.4288275101375922,0.47530054149184314,0.10289255907947104,0.0537190919235244
127,Hb_gain/lag,True,10,30,Hb_gain,lag,0.625,-0.75,0.4696095818215797,0.14236771030524495,0.3216206326031941,0.3744583427687985,0.15210787115670873,0.0662805455089453
127,extra_HbT/lag,True,21,32,extra_HbT,lag,-0.010000000000000002,0.75,0.6475615470519948,0.16778760742495807,0.47530054149184314,0.4441548605459725,0.06777403624828461,0.05047426076156605
