{"status": "completed", "coordinates": ["eeg_fnirs_single_trial__prefrontal", "simultaneous_eeg_nirs__prefrontal", "visual_cognitive_motivation__prefrontal__montage0"], "training_record_counts": {"eeg_fnirs_single_trial__prefrontal": 12, "simultaneous_eeg_nirs__prefrontal": 12, "visual_cognitive_motivation__prefrontal__montage0": 12}}
synthetic 1 / 416 neural_only__seed00__free__middle_Hb__paired__standard completed stationary_feasible 0.74
synthetic 2 / 416 neural_only__seed00__free__middle_HbR__paired__standard completed stationary_feasible 0.77
synthetic 3 / 416 neural_only__seed00__free__full__paired__standard completed stationary_feasible 0.78
synthetic 4 / 416 nonrest_common__seed00__free__middle_HbR__paired__standard completed stationary_feasible 0.83
synthetic 5 / 416 neural_only__seed00__chain_matched__middle_Hb__Hb_only__standard completed stationary_feasible 0.84
synthetic 6 / 416 neural_only__seed00__chain_matched__full__paired__standard completed stationary_feasible 0.85
synthetic 7 / 416 nonrest_common__seed00__free__middle_Hb__paired__standard completed stationary_feasible 0.88
synthetic 8 / 416 neural_only__seed00__chain_first__middle_Hb__paired__standard completed stationary_feasible 0.88
synthetic 9 / 416 nonrest_common__seed00__free__full__paired__standard completed stationary_feasible 0.89
synthetic 10 / 416 neural_only__seed00__chain_matched__middle_HbR__Hb_only__standard completed stationary_feasible 0.92
synthetic 11 / 416 neural_only__seed00__chain_matched__middle_Hb__paired__standard completed stationary_feasible 0.93
synthetic 12 / 416 nonrest_common__seed00__chain_matched__middle_Hb__paired__standard completed stationary_feasible 0.93
synthetic 13 / 416 neural_only__seed00__chain_matched__middle_HbR__paired__standard completed stationary_feasible 0.93
synthetic 14 / 416 neural_only__seed00__chain_first__middle_HbR__paired__standard completed stationary_feasible 0.93
synthetic 15 / 416 nonrest_common__seed00__chain_first__full__paired__standard completed stationary_feasible 0.93
synthetic 16 / 416 neural_only__seed00__chain_first__full__paired__standard completed stationary_feasible 0.94
synthetic 17 / 416 nonrest_common__seed00__chain_matched__full__paired__standard completed stationary_feasible 0.94
synthetic 18 / 416 nonrest_common__seed00__chain_first__middle_HbR__paired__standard completed stationary_feasible 0.95
synthetic 19 / 416 nonrest_common__seed00__chain_matched__middle_HbR__paired__standard completed stationary_feasible 0.95
synthetic 20 / 416 nonrest_common__seed00__chain_matched__middle_Hb__Hb_only__standard completed stationary_feasible 1.01
synthetic 21 / 416 neural_only__seed01__free__full__paired__standard completed stationary_feasible 0.32
synthetic 22 / 416 nonrest_common__seed00__chain_first__middle_Hb__paired__standard completed stationary_feasible 1.12
synthetic 23 / 416 neural_only__seed01__free__middle_HbR__paired__standard completed stationary_feasible 0.29
synthetic 24 / 416 neural_only__seed01__free__middle_Hb__paired__standard completed stationary_feasible 0.31
synthetic 25 / 416 nonrest_common__seed01__free__middle_Hb__paired__standard completed stationary_feasible 0.35
synthetic 26 / 416 neural_only__seed01__chain_matched__full__paired__standard completed stationary_feasible 0.44
synthetic 27 / 416 nonrest_common__seed01__free__middle_HbR__paired__standard completed stationary_feasible 0.35
synthetic 28 / 416 neural_only__seed01__chain_matched__middle_Hb__paired__standard completed stationary_feasible 0.43
synthetic 29 / 416 neural_only__seed01__chain_first__full__paired__standard completed stationary_feasible 0.45
synthetic 30 / 416 neural_only__seed01__chain_matched__middle_HbR__paired__standard completed stationary_feasible 0.47
synthetic 31 / 416 nonrest_common__seed01__free__full__paired__standard completed stationary_feasible 0.43
synthetic 32 / 416 neural_only__seed01__chain_first__middle_Hb__paired__standard completed stationary_feasible 0.46
synthetic 33 / 416 nonrest_common__seed00__chain_matched__middle_HbR__Hb_only__standard completed stationary_feasible 0.66
synthetic 34 / 416 nonrest_common__seed01__chain_matched__full__paired__standard completed stationary_feasible 0.63
synthetic 35 / 416 neural_only__seed00__chain_matched__middle_Hb__wrong_pair__standard completed stationary_feasible 1.41
synthetic 36 / 416 neural_only__seed01__chain_matched__middle_HbR__Hb_only__standard completed stationary_feasible 0.46
synthetic 37 / 416 neural_only__seed01__chain_matched__middle_Hb__Hb_only__standard completed stationary_feasible 0.46
synthetic 38 / 416 neural_only__seed01__chain_first__middle_HbR__paired__standard completed stationary_feasible 0.47
synthetic 39 / 416 neural_only__seed00__chain_matched__middle_HbR__wrong_pair__standard completed stationary_feasible 1.53
synthetic 40 / 416 nonrest_common__seed01__chain_matched__middle_Hb__paired__standard completed stationary_feasible 0.53
synthetic 41 / 416 nonrest_common__seed00__chain_matched__middle_Hb__wrong_pair__standard completed stationary_feasible 1.44
synthetic 42 / 416 neural_only__seed02__free__middle_Hb__paired__standard completed stationary_feasible 0.31
synthetic 43 / 416 nonrest_common__seed01__chain_matched__middle_HbR__paired__standard completed stationary_feasible 0.57
synthetic 44 / 416 nonrest_common__seed01__chain_first__middle_Hb__paired__standard completed stationary_feasible 0.54
synthetic 45 / 416 neural_only__seed02__free__middle_HbR__paired__standard completed stationary_feasible 0.32
synthetic 46 / 416 neural_only__seed02__free__full__paired__standard completed stationary_feasible 0.37
synthetic 47 / 416 neural_only__seed01__chain_matched__middle_Hb__wrong_pair__standard completed stationary_feasible 0.8
synthetic 48 / 416 nonrest_common__seed01__chain_first__full__paired__standard completed stationary_feasible 0.66
synthetic 49 / 416 neural_only__seed01__chain_matched__middle_HbR__wrong_pair__standard completed stationary_feasible 0.86
synthetic 50 / 416 nonrest_common__seed00__chain_matched__middle_HbR__wrong_pair__standard completed stationary_feasible 1.06
synthetic 51 / 416 nonrest_common__seed01__chain_first__middle_HbR__paired__standard completed stationary_feasible 0.67
synthetic 52 / 416 neural_only__seed02__chain_matched__full__paired__standard completed stationary_feasible 0.46
synthetic 53 / 416 neural_only__seed02__chain_matched__middle_Hb__paired__standard completed stationary_feasible 0.47
synthetic 54 / 416 neural_only__seed02__chain_matched__middle_HbR__paired__standard completed stationary_feasible 0.47
synthetic 55 / 416 neural_only__seed02__chain_first__full__paired__standard completed stationary_feasible 0.47
synthetic 56 / 416 neural_only__seed02__chain_first__middle_Hb__paired__standard completed stationary_feasible 0.46
synthetic 57 / 416 nonrest_common__seed01__chain_matched__middle_Hb__Hb_only__standard completed stationary_feasible 0.61
synthetic 58 / 416 neural_only__seed02__chain_first__middle_HbR__paired__standard completed stationary_feasible 0.48
synthetic 59 / 416 nonrest_common__seed01__chain_matched__middle_HbR__Hb_only__standard completed stationary_feasible 0.62
synthetic 60 / 416 neural_only__seed02__chain_matched__middle_Hb__Hb_only__standard completed stationary_feasible 0.45
synthetic 61 / 416 neural_only__seed02__chain_matched__middle_HbR__Hb_only__standard completed stationary_feasible 0.43
synthetic 62 / 416 nonrest_common__seed02__free__middle_Hb__paired__standard completed stationary_feasible 0.37
synthetic 63 / 416 nonrest_common__seed02__free__full__paired__standard completed stationary_feasible 0.42
synthetic 64 / 416 nonrest_common__seed02__free__middle_HbR__paired__standard completed stationary_feasible 0.41
synthetic 65 / 416 nonrest_common__seed01__chain_matched__middle_Hb__wrong_pair__standard completed stationary_feasible 0.81
synthetic 66 / 416 nonrest_common__seed01__chain_matched__middle_HbR__wrong_pair__standard completed stationary_feasible 0.82
synthetic 67 / 416 neural_only__seed03__free__middle_Hb__paired__standard completed stationary_feasible 0.3
synthetic 68 / 416 neural_only__seed03__free__full__paired__standard completed stationary_feasible 0.31
synthetic 69 / 416 neural_only__seed03__free__middle_HbR__paired__standard completed stationary_feasible 0.3
synthetic 70 / 416 neural_only__seed02__chain_matched__middle_Hb__wrong_pair__standard completed stationary_feasible 0.8
synthetic 71 / 416 nonrest_common__seed02__chain_matched__middle_Hb__paired__standard completed stationary_feasible 0.62
synthetic 72 / 416 nonrest_common__seed02__chain_matched__full__paired__standard completed stationary_feasible 0.66
synthetic 73 / 416 nonrest_common__seed02__chain_matched__middle_HbR__paired__standard completed stationary_feasible 0.64
synthetic 74 / 416 neural_only__seed02__chain_matched__middle_HbR__wrong_pair__standard completed stationary_feasible 0.82
synthetic 75 / 416 neural_only__seed03__chain_matched__full__paired__standard completed stationary_feasible 0.46
synthetic 76 / 416 neural_only__seed03__chain_matched__middle_Hb__paired__standard completed stationary_feasible 0.45
synthetic 77 / 416 nonrest_common__seed02__chain_first__full__paired__standard completed stationary_feasible 0.65
synthetic 78 / 416 nonrest_common__seed02__chain_first__middle_Hb__paired__standard completed stationary_feasible 0.65
synthetic 79 / 416 neural_only__seed03__chain_matched__middle_HbR__paired__standard completed stationary_feasible 0.47
synthetic 80 / 416 nonrest_common__seed02__chain_first__middle_HbR__paired__standard completed stationary_feasible 0.66
synthetic 81 / 416 nonrest_common__seed02__chain_matched__middle_Hb__Hb_only__standard completed stationary_feasible 0.62
synthetic 82 / 416 neural_only__seed03__chain_first__full__paired__standard completed stationary_feasible 0.46
synthetic 83 / 416 nonrest_common__seed02__chain_matched__middle_HbR__Hb_only__standard completed stationary_feasible 0.62
synthetic 84 / 416 neural_only__seed03__chain_first__middle_Hb__paired__standard completed stationary_feasible 0.45
synthetic 85 / 416 neural_only__seed03__chain_matched__middle_Hb__Hb_only__standard completed stationary_feasible 0.44
synthetic 86 / 416 neural_only__seed03__chain_first__middle_HbR__paired__standard completed stationary_feasible 0.47
synthetic 87 / 416 nonrest_common__seed03__free__middle_Hb__paired__standard completed stationary_feasible 0.35
synthetic 88 / 416 nonrest_common__seed03__free__full__paired__standard completed stationary_feasible 0.42
synthetic 89 / 416 nonrest_common__seed03__free__middle_HbR__paired__standard completed stationary_feasible 0.36
synthetic 90 / 416 neural_only__seed03__chain_matched__middle_HbR__Hb_only__standard completed stationary_feasible 0.45
synthetic 91 / 416 nonrest_common__seed02__chain_matched__middle_Hb__wrong_pair__standard completed stationary_feasible 0.83
synthetic 92 / 416 nonrest_common__seed02__chain_matched__middle_HbR__wrong_pair__standard completed stationary_feasible 0.86
synthetic 93 / 416 neural_only__seed04__free__middle_Hb__paired__standard completed stationary_feasible 0.3
synthetic 94 / 416 neural_only__seed04__free__full__paired__standard completed stationary_feasible 0.32
synthetic 95 / 416 neural_only__seed04__free__middle_HbR__paired__standard completed stationary_feasible 0.32
synthetic 96 / 416 neural_only__seed04__chain_matched__full__paired__standard completed stationary_feasible 0.47
synthetic 97 / 416 nonrest_common__seed03__chain_matched__full__paired__standard completed stationary_feasible 0.63
synthetic 98 / 416 neural_only__seed03__chain_matched__middle_Hb__wrong_pair__standard completed stationary_feasible 0.89
synthetic 99 / 416 neural_only__seed04__chain_matched__middle_Hb__paired__standard completed stationary_feasible 0.44
synthetic 100 / 416 nonrest_common__seed03__chain_matched__middle_HbR__paired__standard completed stationary_feasible 0.64
synthetic 101 / 416 nonrest_common__seed03__chain_first__full__paired__standard completed stationary_feasible 0.64
synthetic 102 / 416 neural_only__seed04__chain_first__full__paired__standard completed stationary_feasible 0.45
synthetic 103 / 416 nonrest_common__seed03__chain_matched__middle_Hb__paired__standard completed stationary_feasible 0.66
synthetic 104 / 416 neural_only__seed03__chain_matched__middle_HbR__wrong_pair__standard completed stationary_feasible 0.91
synthetic 105 / 416 neural_only__seed04__chain_matched__middle_HbR__paired__standard completed stationary_feasible 0.49
synthetic 106 / 416 neural_only__seed04__chain_first__middle_HbR__paired__standard completed stationary_feasible 0.44
synthetic 107 / 416 neural_only__seed04__chain_first__middle_Hb__paired__standard completed stationary_feasible 0.46
synthetic 108 / 416 neural_only__seed04__chain_matched__middle_Hb__Hb_only__standard completed stationary_feasible 0.45
synthetic 109 / 416 nonrest_common__seed03__chain_first__middle_Hb__paired__standard completed stationary_feasible 0.75
synthetic 110 / 416 nonrest_common__seed03__chain_first__middle_HbR__paired__standard completed stationary_feasible 0.73
synthetic 111 / 416 nonrest_common__seed03__chain_matched__middle_HbR__Hb_only__standard completed stationary_feasible 0.74
synthetic 112 / 416 neural_only__seed04__chain_matched__middle_HbR__Hb_only__standard completed stationary_feasible 0.44
synthetic 113 / 416 nonrest_common__seed03__chain_matched__middle_Hb__Hb_only__standard completed stationary_feasible 0.81
synthetic 114 / 416 nonrest_common__seed04__free__full__paired__standard completed stationary_feasible 0.53
synthetic 115 / 416 nonrest_common__seed04__free__middle_Hb__paired__standard completed stationary_feasible 0.52
synthetic 116 / 416 nonrest_common__seed03__chain_matched__middle_Hb__wrong_pair__standard completed stationary_feasible 0.92
synthetic 117 / 416 neural_only__seed05__free__full__paired__standard completed stationary_feasible 0.3
synthetic 118 / 416 neural_only__seed05__free__middle_Hb__paired__standard completed stationary_feasible 0.3
synthetic 119 / 416 nonrest_common__seed03__chain_matched__middle_HbR__wrong_pair__standard completed stationary_feasible 0.95
synthetic 120 / 416 neural_only__seed05__free__middle_HbR__paired__standard completed stationary_feasible 0.3
synthetic 121 / 416 neural_only__seed04__chain_matched__middle_Hb__wrong_pair__standard completed stationary_feasible 0.83
synthetic 122 / 416 nonrest_common__seed04__free__middle_HbR__paired__standard completed stationary_feasible 0.53
synthetic 123 / 416 neural_only__seed05__chain_matched__full__paired__standard completed stationary_feasible 0.46
synthetic 124 / 416 neural_only__seed05__chain_matched__middle_Hb__paired__standard completed stationary_feasible 0.45
synthetic 125 / 416 neural_only__seed05__chain_matched__middle_HbR__paired__standard completed stationary_feasible 0.46
synthetic 126 / 416 neural_only__seed05__chain_first__full__paired__standard completed stationary_feasible 0.45
synthetic 127 / 416 neural_only__seed05__chain_first__middle_Hb__paired__standard completed stationary_feasible 0.45
synthetic 128 / 416 nonrest_common__seed04__chain_matched__middle_Hb__paired__standard completed stationary_feasible 0.82
synthetic 129 / 416 neural_only__seed05__chain_first__middle_HbR__paired__standard completed stationary_feasible 0.47
synthetic 130 / 416 nonrest_common__seed04__chain_matched__full__paired__standard completed stationary_feasible 0.83
synthetic 131 / 416 neural_only__seed04__chain_matched__middle_HbR__wrong_pair__standard completed stationary_feasible 1.08
synthetic 132 / 416 neural_only__seed05__chain_matched__middle_Hb__Hb_only__standard completed stationary_feasible 0.45
synthetic 133 / 416 nonrest_common__seed04__chain_first__middle_Hb__paired__standard completed stationary_feasible 0.81
synthetic 134 / 416 nonrest_common__seed04__chain_matched__middle_HbR__paired__standard completed stationary_feasible 0.84
synthetic 135 / 416 nonrest_common__seed04__chain_first__full__paired__standard completed stationary_feasible 0.83
synthetic 136 / 416 nonrest_common__seed04__chain_matched__middle_Hb__Hb_only__standard completed stationary_feasible 0.8
synthetic 137 / 416 nonrest_common__seed04__chain_first__middle_HbR__paired__standard completed stationary_feasible 0.83
synthetic 138 / 416 nonrest_common__seed04__chain_matched__middle_Hb__wrong_pair__standard completed stationary_feasible 0.82
synthetic 139 / 416 nonrest_common__seed04__chain_matched__middle_HbR__Hb_only__standard completed stationary_feasible 0.81
synthetic 140 / 416 neural_only__seed05__chain_matched__middle_HbR__Hb_only__standard completed stationary_feasible 0.46
synthetic 141 / 416 nonrest_common__seed05__free__middle_Hb__paired__standard completed stationary_feasible 0.41
synthetic 142 / 416 nonrest_common__seed05__free__full__paired__standard completed stationary_feasible 0.47
synthetic 143 / 416 nonrest_common__seed05__free__middle_HbR__paired__standard completed stationary_feasible 0.42
synthetic 144 / 416 nonrest_common__seed04__chain_matched__middle_HbR__wrong_pair__standard completed stationary_feasible 1.03
synthetic 145 / 416 neural_only__seed06__free__middle_Hb__paired__standard completed stationary_feasible 0.3
synthetic 146 / 416 neural_only__seed05__chain_matched__middle_Hb__wrong_pair__standard completed stationary_feasible 0.81
synthetic 147 / 416 neural_only__seed06__free__full__paired__standard completed stationary_feasible 0.36
synthetic 148 / 416 neural_only__seed06__free__middle_HbR__paired__standard completed stationary_feasible 0.36
synthetic 149 / 416 nonrest_common__seed05__chain_matched__full__paired__standard completed stationary_feasible 0.64
synthetic 150 / 416 neural_only__seed05__chain_matched__middle_HbR__wrong_pair__standard completed stationary_feasible 0.83
synthetic 151 / 416 nonrest_common__seed05__chain_matched__middle_HbR__paired__standard completed stationary_feasible 0.55
synthetic 152 / 416 nonrest_common__seed05__chain_matched__middle_Hb__paired__standard completed stationary_feasible 0.63
synthetic 153 / 416 neural_only__seed06__chain_matched__middle_Hb__paired__standard completed stationary_feasible 0.44
synthetic 154 / 416 neural_only__seed06__chain_matched__full__paired__standard completed stationary_feasible 0.45
synthetic 155 / 416 neural_only__seed06__chain_matched__middle_HbR__paired__standard completed stationary_feasible 0.45
synthetic 156 / 416 neural_only__seed06__chain_first__middle_Hb__paired__standard completed stationary_feasible 0.45
synthetic 157 / 416 neural_only__seed06__chain_first__full__paired__standard completed stationary_feasible 0.46
synthetic 158 / 416 neural_only__seed06__chain_first__middle_HbR__paired__standard completed stationary_feasible 0.46
synthetic 159 / 416 nonrest_common__seed05__chain_first__middle_HbR__paired__standard completed stationary_feasible 0.55
synthetic 160 / 416 neural_only__seed06__chain_matched__middle_Hb__Hb_only__standard completed stationary_feasible 0.44
synthetic 161 / 416 nonrest_common__seed05__chain_first__middle_Hb__paired__standard completed stationary_feasible 0.63
synthetic 162 / 416 nonrest_common__seed05__chain_matched__middle_Hb__Hb_only__standard completed stationary_feasible 0.62
synthetic 163 / 416 nonrest_common__seed05__chain_matched__middle_HbR__Hb_only__standard completed stationary_feasible 0.62
synthetic 164 / 416 nonrest_common__seed05__chain_first__full__paired__standard completed stationary_feasible 0.73
synthetic 165 / 416 neural_only__seed06__chain_matched__middle_HbR__Hb_only__standard completed stationary_feasible 0.44
synthetic 166 / 416 neural_only__seed07__free__full__paired__standard completed stationary_feasible 0.3
synthetic 167 / 416 neural_only__seed07__free__middle_Hb__paired__standard completed stationary_feasible 0.3
synthetic 168 / 416 nonrest_common__seed05__chain_matched__middle_Hb__wrong_pair__standard completed stationary_feasible 0.9
synthetic 169 / 416 neural_only__seed07__free__middle_HbR__paired__standard completed stationary_feasible 0.3
synthetic 170 / 416 neural_only__seed06__chain_matched__middle_Hb__wrong_pair__standard completed stationary_feasible 0.81
synthetic 171 / 416 nonrest_common__seed05__chain_matched__middle_HbR__wrong_pair__standard completed stationary_feasible 0.98
synthetic 172 / 416 nonrest_common__seed06__free__middle_Hb__paired__standard completed stationary_feasible 0.62
synthetic 173 / 416 nonrest_common__seed06__free__full__paired__standard completed stationary_feasible 0.64
synthetic 174 / 416 nonrest_common__seed06__free__middle_HbR__paired__standard completed stationary_feasible 0.63
synthetic 175 / 416 neural_only__seed07__chain_matched__middle_Hb__paired__standard completed stationary_feasible 0.45
synthetic 176 / 416 neural_only__seed07__chain_matched__full__paired__standard completed stationary_feasible 0.46
synthetic 177 / 416 neural_only__seed07__chain_matched__middle_HbR__paired__standard completed stationary_feasible 0.46
synthetic 178 / 416 neural_only__seed06__chain_matched__middle_HbR__wrong_pair__standard completed stationary_feasible 0.83
synthetic 179 / 416 neural_only__seed07__chain_first__full__paired__standard completed stationary_feasible 0.45
synthetic 180 / 416 nonrest_common__seed06__chain_matched__full__paired__standard completed stationary_feasible 0.82
synthetic 181 / 416 neural_only__seed07__chain_first__middle_Hb__paired__standard completed stationary_feasible 0.44
synthetic 182 / 416 neural_only__seed07__chain_first__middle_HbR__paired__standard completed stationary_feasible 0.46
synthetic 183 / 416 nonrest_common__seed06__chain_matched__middle_Hb__paired__standard completed stationary_feasible 0.9
synthetic 184 / 416 neural_only__seed07__chain_matched__middle_Hb__Hb_only__standard completed stationary_feasible 0.44
synthetic 185 / 416 nonrest_common__seed06__chain_matched__middle_HbR__paired__standard completed stationary_feasible 0.92
synthetic 186 / 416 nonrest_common__seed07__free__middle_Hb__paired__standard completed stationary_feasible 0.35
synthetic 187 / 416 nonrest_common__seed06__chain_first__full__paired__standard completed stationary_feasible 0.91
synthetic 188 / 416 nonrest_common__seed07__free__full__paired__standard completed stationary_feasible 0.42
synthetic 189 / 416 nonrest_common__seed07__free__middle_HbR__paired__standard completed stationary_feasible 0.41
synthetic 190 / 416 neural_only__seed07__chain_matched__middle_HbR__Hb_only__standard completed stationary_feasible 0.47
synthetic 191 / 416 nonrest_common__seed06__chain_first__middle_Hb__paired__standard completed stationary_feasible 0.99
synthetic 192 / 416 nonrest_common__seed06__chain_matched__middle_Hb__Hb_only__standard completed stationary_feasible 0.97
synthetic 193 / 416 nonrest_common__seed06__chain_first__middle_HbR__paired__standard completed stationary_feasible 1.0
synthetic 194 / 416 nonrest_common__seed06__chain_matched__middle_Hb__wrong_pair__standard completed stationary_feasible 1.01
synthetic 195 / 416 nonrest_common__seed06__chain_matched__middle_HbR__wrong_pair__standard completed stationary_feasible 1.01
synthetic 196 / 416 nonrest_common__seed06__chain_matched__middle_HbR__Hb_only__standard completed stationary_feasible 1.0
synthetic 197 / 416 neural_only__seed08__free__middle_Hb__paired__standard completed stationary_feasible 0.3
synthetic 198 / 416 nonrest_common__seed07__chain_matched__middle_Hb__paired__standard completed stationary_feasible 0.63
synthetic 199 / 416 neural_only__seed07__chain_matched__middle_Hb__wrong_pair__standard completed stationary_feasible 0.82
synthetic 200 / 416 neural_only__seed08__free__full__paired__standard completed stationary_feasible 0.36
synthetic 201 / 416 nonrest_common__seed07__chain_matched__full__paired__standard completed stationary_feasible 0.64
synthetic 202 / 416 neural_only__seed07__chain_matched__middle_HbR__wrong_pair__standard completed stationary_feasible 0.83
synthetic 203 / 416 nonrest_common__seed07__chain_matched__middle_HbR__paired__standard completed stationary_feasible 0.64
synthetic 204 / 416 nonrest_common__seed07__chain_first__full__paired__standard completed stationary_feasible 0.65
synthetic 205 / 416 neural_only__seed08__free__middle_HbR__paired__standard completed stationary_feasible 0.36
synthetic 206 / 416 nonrest_common__seed07__chain_first__middle_Hb__paired__standard completed stationary_feasible 0.63
synthetic 207 / 416 neural_only__seed08__chain_matched__middle_Hb__paired__standard completed stationary_feasible 0.44
synthetic 208 / 416 neural_only__seed08__chain_matched__full__paired__standard completed stationary_feasible 0.45
synthetic 209 / 416 nonrest_common__seed07__chain_first__middle_HbR__paired__standard completed stationary_feasible 0.64
synthetic 210 / 416 neural_only__seed08__chain_first__middle_Hb__paired__standard completed stationary_feasible 0.44
synthetic 211 / 416 neural_only__seed08__chain_first__full__paired__standard completed stationary_feasible 0.45
synthetic 212 / 416 neural_only__seed08__chain_matched__middle_HbR__paired__standard completed stationary_feasible 0.47
synthetic 213 / 416 neural_only__seed08__chain_first__middle_HbR__paired__standard completed stationary_feasible 0.45
synthetic 214 / 416 nonrest_common__seed07__chain_matched__middle_HbR__Hb_only__standard completed stationary_feasible 0.62
synthetic 215 / 416 neural_only__seed08__chain_matched__middle_Hb__Hb_only__standard completed stationary_feasible 0.53
synthetic 216 / 416 nonrest_common__seed07__chain_matched__middle_Hb__wrong_pair__standard completed stationary_feasible 0.82
synthetic 217 / 416 nonrest_common__seed07__chain_matched__middle_HbR__wrong_pair__standard completed stationary_feasible 0.83
synthetic 218 / 416 neural_only__seed08__chain_matched__middle_HbR__Hb_only__standard completed stationary_feasible 0.53
synthetic 219 / 416 neural_only__seed09__free__full__paired__standard completed stationary_feasible 0.31
synthetic 220 / 416 neural_only__seed09__free__middle_HbR__paired__standard completed stationary_feasible 0.3
synthetic 221 / 416 neural_only__seed09__free__middle_Hb__paired__standard completed stationary_feasible 0.32
synthetic 222 / 416 nonrest_common__seed08__free__middle_Hb__paired__standard completed stationary_feasible 0.63
synthetic 223 / 416 nonrest_common__seed08__free__middle_HbR__paired__standard completed stationary_feasible 0.63
synthetic 224 / 416 nonrest_common__seed08__free__full__paired__standard completed stationary_feasible 0.65
synthetic 225 / 416 nonrest_common__seed07__chain_matched__middle_Hb__Hb_only__standard completed stationary_feasible 1.08
synthetic 226 / 416 neural_only__seed09__chain_matched__full__paired__standard completed stationary_feasible 0.45
synthetic 227 / 416 nonrest_common__seed08__chain_matched__full__paired__standard completed stationary_feasible 0.73
synthetic 228 / 416 nonrest_common__seed08__chain_first__full__paired__standard completed stationary_feasible 0.75
synthetic 229 / 416 neural_only__seed09__chain_matched__middle_Hb__paired__standard completed stationary_feasible 0.46
synthetic 230 / 416 neural_only__seed08__chain_matched__middle_Hb__wrong_pair__standard completed stationary_feasible 1.01
synthetic 231 / 416 neural_only__seed08__chain_matched__middle_HbR__wrong_pair__standard completed stationary_feasible 1.03
synthetic 232 / 416 neural_only__seed09__chain_matched__middle_HbR__paired__standard completed stationary_feasible 0.45
synthetic 233 / 416 neural_only__seed09__chain_first__full__paired__standard completed stationary_feasible 0.45
synthetic 234 / 416 neural_only__seed09__chain_first__middle_Hb__paired__standard completed stationary_feasible 0.45
synthetic 235 / 416 nonrest_common__seed08__chain_matched__middle_Hb__paired__standard completed stationary_feasible 0.91
synthetic 236 / 416 nonrest_common__seed08__chain_matched__middle_HbR__paired__standard completed stationary_feasible 0.92
synthetic 237 / 416 neural_only__seed09__chain_first__middle_HbR__paired__standard completed stationary_feasible 0.46
synthetic 238 / 416 neural_only__seed09__chain_matched__middle_Hb__Hb_only__standard completed stationary_feasible 0.46
synthetic 239 / 416 nonrest_common__seed08__chain_first__middle_Hb__paired__standard completed stationary_feasible 1.0
synthetic 240 / 416 neural_only__seed09__chain_matched__middle_HbR__Hb_only__standard completed stationary_feasible 0.45
synthetic 241 / 416 nonrest_common__seed08__chain_first__middle_HbR__paired__standard completed stationary_feasible 1.02
synthetic 242 / 416 nonrest_common__seed09__free__full__paired__standard completed stationary_feasible 0.53
synthetic 243 / 416 nonrest_common__seed08__chain_matched__middle_HbR__Hb_only__standard completed stationary_feasible 0.99
synthetic 244 / 416 nonrest_common__seed09__free__middle_Hb__paired__standard completed stationary_feasible 0.52
synthetic 245 / 416 nonrest_common__seed09__free__middle_HbR__paired__standard completed stationary_feasible 0.52
synthetic 246 / 416 nonrest_common__seed08__chain_matched__middle_Hb__Hb_only__standard completed stationary_feasible 1.07
synthetic 247 / 416 neural_only__seed10__free__full__paired__standard completed stationary_feasible 0.3
synthetic 248 / 416 neural_only__seed10__free__middle_Hb__paired__standard completed stationary_feasible 0.31
synthetic 249 / 416 nonrest_common__seed08__chain_matched__middle_Hb__wrong_pair__standard completed stationary_feasible 1.18
synthetic 250 / 416 neural_only__seed09__chain_matched__middle_Hb__wrong_pair__standard completed stationary_feasible 0.81
synthetic 251 / 416 neural_only__seed10__free__middle_HbR__paired__standard completed stationary_feasible 0.3
synthetic 252 / 416 nonrest_common__seed08__chain_matched__middle_HbR__wrong_pair__standard completed stationary_feasible 1.2
synthetic 253 / 416 nonrest_common__seed09__chain_matched__full__paired__standard completed stationary_feasible 0.64
synthetic 254 / 416 nonrest_common__seed09__chain_matched__middle_Hb__paired__standard completed stationary_feasible 0.64
synthetic 255 / 416 neural_only__seed09__chain_matched__middle_HbR__wrong_pair__standard completed stationary_feasible 0.83
synthetic 256 / 416 neural_only__seed10__chain_matched__full__paired__standard completed stationary_feasible 0.45
synthetic 257 / 416 nonrest_common__seed09__chain_matched__middle_HbR__paired__standard completed stationary_feasible 0.74
synthetic 258 / 416 neural_only__seed10__chain_matched__middle_Hb__paired__standard completed stationary_feasible 0.45
synthetic 259 / 416 neural_only__seed10__chain_matched__middle_HbR__paired__standard completed stationary_feasible 0.47
synthetic 260 / 416 nonrest_common__seed09__chain_first__full__paired__standard completed stationary_feasible 0.85
synthetic 261 / 416 neural_only__seed10__chain_first__full__paired__standard completed stationary_feasible 0.46
synthetic 262 / 416 nonrest_common__seed09__chain_first__middle_Hb__paired__standard completed stationary_feasible 0.83
synthetic 263 / 416 neural_only__seed10__chain_first__middle_Hb__paired__standard completed stationary_feasible 0.46
synthetic 264 / 416 nonrest_common__seed09__chain_first__middle_HbR__paired__standard completed stationary_feasible 0.83
synthetic 265 / 416 neural_only__seed10__chain_matched__middle_Hb__Hb_only__standard completed stationary_feasible 0.44
synthetic 266 / 416 neural_only__seed10__chain_first__middle_HbR__paired__standard completed stationary_feasible 0.52
synthetic 267 / 416 nonrest_common__seed09__chain_matched__middle_HbR__Hb_only__standard completed stationary_feasible 0.8
synthetic 268 / 416 nonrest_common__seed10__free__middle_Hb__paired__standard completed stationary_feasible 0.41
synthetic 269 / 416 nonrest_common__seed10__free__full__paired__standard completed stationary_feasible 0.42
synthetic 270 / 416 neural_only__seed10__chain_matched__middle_HbR__Hb_only__standard completed stationary_feasible 0.45
synthetic 271 / 416 nonrest_common__seed10__free__middle_HbR__paired__standard completed stationary_feasible 0.42
synthetic 272 / 416 nonrest_common__seed09__chain_matched__middle_Hb__wrong_pair__standard completed stationary_feasible 0.89
synthetic 273 / 416 nonrest_common__seed09__chain_matched__middle_Hb__Hb_only__standard completed stationary_feasible 0.9
synthetic 274 / 416 nonrest_common__seed09__chain_matched__middle_HbR__wrong_pair__standard completed stationary_feasible 0.92
synthetic 275 / 416 nonrest_common__seed10__chain_matched__full__paired__standard completed stationary_feasible 0.64
synthetic 276 / 416 neural_only__seed11__free__full__paired__standard completed stationary_feasible 0.36
synthetic 277 / 416 neural_only__seed11__free__middle_HbR__paired__standard completed stationary_feasible 0.31
synthetic 278 / 416 neural_only__seed10__chain_matched__middle_Hb__wrong_pair__standard completed stationary_feasible 0.81
synthetic 279 / 416 neural_only__seed11__free__middle_Hb__paired__standard completed stationary_feasible 0.36
synthetic 280 / 416 nonrest_common__seed10__chain_matched__middle_Hb__paired__standard completed stationary_feasible 0.65
synthetic 281 / 416 nonrest_common__seed10__chain_matched__middle_HbR__paired__standard completed stationary_feasible 0.64
synthetic 282 / 416 neural_only__seed10__chain_matched__middle_HbR__wrong_pair__standard completed stationary_feasible 0.89
synthetic 283 / 416 neural_only__seed11__chain_matched__middle_Hb__paired__standard completed stationary_feasible 0.45
synthetic 284 / 416 neural_only__seed11__chain_matched__full__paired__standard completed stationary_feasible 0.47
synthetic 285 / 416 neural_only__seed11__chain_matched__middle_HbR__paired__standard completed stationary_feasible 0.46
synthetic 286 / 416 neural_only__seed11__chain_first__full__paired__standard completed stationary_feasible 0.46
synthetic 287 / 416 neural_only__seed11__chain_first__middle_Hb__paired__standard completed stationary_feasible 0.45
synthetic 288 / 416 neural_only__seed11__chain_first__middle_HbR__paired__standard completed stationary_feasible 0.45
synthetic 289 / 416 neural_only__seed11__chain_matched__middle_Hb__Hb_only__standard completed stationary_feasible 0.43
synthetic 290 / 416 nonrest_common__seed10__chain_first__middle_Hb__paired__standard completed stationary_feasible 0.74
synthetic 291 / 416 nonrest_common__seed10__chain_first__full__paired__standard completed stationary_feasible 0.75
synthetic 292 / 416 nonrest_common__seed10__chain_matched__middle_Hb__Hb_only__standard completed stationary_feasible 0.72
synthetic 293 / 416 nonrest_common__seed10__chain_matched__middle_HbR__Hb_only__standard completed stationary_feasible 0.72
synthetic 294 / 416 nonrest_common__seed10__chain_first__middle_HbR__paired__standard completed stationary_feasible 0.79
synthetic 295 / 416 neural_only__seed11__chain_matched__middle_HbR__Hb_only__standard completed stationary_feasible 0.44
synthetic 296 / 416 nonrest_common__seed10__chain_matched__middle_Hb__wrong_pair__standard completed stationary_feasible 0.82
synthetic 297 / 416 nonrest_common__seed10__chain_matched__middle_HbR__wrong_pair__standard completed stationary_feasible 0.83
synthetic 298 / 416 nonrest_common__seed11__free__middle_Hb__paired__standard completed stationary_feasible 0.52
synthetic 299 / 416 nonrest_common__seed11__free__middle_HbR__paired__standard completed stationary_feasible 0.53
synthetic 300 / 416 nonrest_common__seed11__free__full__paired__standard completed stationary_feasible 0.54
synthetic 301 / 416 neural_only__seed12__free__full__paired__standard completed stationary_feasible 0.3
synthetic 302 / 416 neural_only__seed12__free__middle_Hb__paired__standard completed stationary_feasible 0.3
synthetic 303 / 416 neural_only__seed12__free__middle_HbR__paired__standard completed stationary_feasible 0.3
synthetic 304 / 416 neural_only__seed11__chain_matched__middle_Hb__wrong_pair__standard completed stationary_feasible 0.89
synthetic 305 / 416 neural_only__seed11__chain_matched__middle_HbR__wrong_pair__standard completed stationary_feasible 0.92
synthetic 306 / 416 nonrest_common__seed11__chain_matched__middle_Hb__paired__standard completed stationary_feasible 0.73
synthetic 307 / 416 nonrest_common__seed11__chain_matched__middle_HbR__paired__standard completed stationary_feasible 0.73
synthetic 308 / 416 neural_only__seed12__chain_matched__full__paired__standard completed stationary_feasible 0.45
synthetic 309 / 416 neural_only__seed12__chain_matched__middle_Hb__paired__standard completed stationary_feasible 0.45
synthetic 310 / 416 neural_only__seed12__chain_matched__middle_HbR__paired__standard completed stationary_feasible 0.46
synthetic 311 / 416 nonrest_common__seed11__chain_matched__full__paired__standard completed stationary_feasible 0.83
synthetic 312 / 416 neural_only__seed12__chain_first__full__paired__standard completed stationary_feasible 0.45
synthetic 313 / 416 neural_only__seed12__chain_first__middle_Hb__paired__standard completed stationary_feasible 0.46
synthetic 314 / 416 neural_only__seed12__chain_first__middle_HbR__paired__standard completed stationary_feasible 0.47
synthetic 315 / 416 nonrest_common__seed12__free__middle_Hb__paired__standard completed stationary_feasible 0.41
synthetic 316 / 416 neural_only__seed12__chain_matched__middle_Hb__Hb_only__standard completed stationary_feasible 0.44
synthetic 317 / 416 neural_only__seed12__chain_matched__middle_HbR__Hb_only__standard completed stationary_feasible 0.43
synthetic 318 / 416 nonrest_common__seed11__chain_matched__middle_Hb__Hb_only__standard completed stationary_feasible 0.79
synthetic 319 / 416 nonrest_common__seed11__chain_first__middle_Hb__paired__standard completed stationary_feasible 0.82
synthetic 320 / 416 nonrest_common__seed11__chain_matched__middle_HbR__Hb_only__standard completed stationary_feasible 0.8
synthetic 321 / 416 nonrest_common__seed12__free__full__paired__standard completed stationary_feasible 0.48
synthetic 322 / 416 nonrest_common__seed11__chain_first__middle_HbR__paired__standard completed stationary_feasible 0.85
synthetic 323 / 416 nonrest_common__seed12__free__middle_HbR__paired__standard completed stationary_feasible 0.41
synthetic 324 / 416 nonrest_common__seed11__chain_first__full__paired__standard completed stationary_feasible 0.96
synthetic 325 / 416 nonrest_common__seed11__chain_matched__middle_Hb__wrong_pair__standard completed stationary_feasible 1.0
synthetic 326 / 416 nonrest_common__seed11__chain_matched__middle_HbR__wrong_pair__standard completed stationary_feasible 1.02
synthetic 327 / 416 neural_only__seed13__free__full__paired__standard completed stationary_feasible 0.3
synthetic 328 / 416 neural_only__seed13__free__middle_Hb__paired__standard completed stationary_feasible 0.3
synthetic 329 / 416 neural_only__seed13__free__middle_HbR__paired__standard completed stationary_feasible 0.3
synthetic 330 / 416 nonrest_common__seed12__chain_matched__middle_Hb__paired__standard completed stationary_feasible 0.55
synthetic 331 / 416 nonrest_common__seed12__chain_matched__full__paired__standard completed stationary_feasible 0.64
synthetic 332 / 416 nonrest_common__seed12__chain_matched__middle_HbR__paired__standard completed stationary_feasible 0.64
synthetic 333 / 416 neural_only__seed13__chain_matched__full__paired__standard completed stationary_feasible 0.45
synthetic 334 / 416 nonrest_common__seed12__chain_first__full__paired__standard completed stationary_feasible 0.64
synthetic 335 / 416 nonrest_common__seed12__chain_first__middle_Hb__paired__standard completed stationary_feasible 0.63
synthetic 336 / 416 neural_only__seed13__chain_matched__middle_Hb__paired__standard completed stationary_feasible 0.45
synthetic 337 / 416 neural_only__seed13__chain_matched__middle_HbR__paired__standard completed stationary_feasible 0.46
synthetic 338 / 416 neural_only__seed13__chain_first__full__paired__standard completed stationary_feasible 0.46
synthetic 339 / 416 neural_only__seed13__chain_first__middle_Hb__paired__standard completed stationary_feasible 0.45
synthetic 340 / 416 nonrest_common__seed12__chain_first__middle_HbR__paired__standard completed stationary_feasible 0.66
synthetic 341 / 416 neural_only__seed12__chain_matched__middle_Hb__wrong_pair__standard completed stationary_feasible 0.99
synthetic 342 / 416 neural_only__seed13__chain_first__middle_HbR__paired__standard completed stationary_feasible 0.46
synthetic 343 / 416 neural_only__seed12__chain_matched__middle_HbR__wrong_pair__standard completed stationary_feasible 1.02
synthetic 344 / 416 nonrest_common__seed12__chain_matched__middle_Hb__Hb_only__standard completed stationary_feasible 0.7
synthetic 345 / 416 neural_only__seed13__chain_matched__middle_Hb__Hb_only__standard completed stationary_feasible 0.44
synthetic 346 / 416 nonrest_common__seed12__chain_matched__middle_HbR__Hb_only__standard completed stationary_feasible 0.71
synthetic 347 / 416 nonrest_common__seed13__free__middle_Hb__paired__standard completed stationary_feasible 0.39
synthetic 348 / 416 nonrest_common__seed13__free__full__paired__standard completed stationary_feasible 0.42
synthetic 349 / 416 neural_only__seed13__chain_matched__middle_HbR__Hb_only__standard completed stationary_feasible 0.44
synthetic 350 / 416 nonrest_common__seed13__free__middle_HbR__paired__standard completed stationary_feasible 0.43
synthetic 351 / 416 neural_only__seed14__free__middle_Hb__paired__standard completed stationary_feasible 0.3
synthetic 352 / 416 neural_only__seed14__free__full__paired__standard completed stationary_feasible 0.31
synthetic 353 / 416 nonrest_common__seed12__chain_matched__middle_Hb__wrong_pair__standard completed stationary_feasible 1.0
synthetic 354 / 416 neural_only__seed14__free__middle_HbR__paired__standard completed stationary_feasible 0.3
synthetic 355 / 416 nonrest_common__seed12__chain_matched__middle_HbR__wrong_pair__standard completed stationary_feasible 1.02
synthetic 356 / 416 neural_only__seed14__chain_matched__full__paired__standard completed stationary_feasible 0.45
synthetic 357 / 416 nonrest_common__seed13__chain_matched__full__paired__standard completed stationary_feasible 0.64
synthetic 358 / 416 neural_only__seed14__chain_matched__middle_Hb__paired__standard completed stationary_feasible 0.44
synthetic 359 / 416 neural_only__seed14__chain_matched__middle_HbR__paired__standard completed stationary_feasible 0.45
synthetic 360 / 416 neural_only__seed14__chain_first__full__paired__standard completed stationary_feasible 0.44
synthetic 361 / 416 neural_only__seed14__chain_first__middle_Hb__paired__standard completed stationary_feasible 0.44
synthetic 362 / 416 nonrest_common__seed13__chain_matched__middle_Hb__paired__standard completed stationary_feasible 0.71
synthetic 363 / 416 neural_only__seed14__chain_first__middle_HbR__paired__standard completed stationary_feasible 0.46
synthetic 364 / 416 neural_only__seed13__chain_matched__middle_Hb__wrong_pair__standard completed stationary_feasible 1.04
synthetic 365 / 416 nonrest_common__seed13__chain_first__full__paired__standard completed stationary_feasible 0.74
synthetic 366 / 416 neural_only__seed14__chain_matched__middle_Hb__Hb_only__standard completed stationary_feasible 0.44
synthetic 367 / 416 nonrest_common__seed13__chain_matched__middle_HbR__paired__standard completed stationary_feasible 0.83
synthetic 368 / 416 nonrest_common__seed14__free__full__paired__standard completed stationary_feasible 0.42
synthetic 369 / 416 neural_only__seed14__chain_matched__middle_HbR__Hb_only__standard completed stationary_feasible 0.45
synthetic 370 / 416 neural_only__seed13__chain_matched__middle_HbR__wrong_pair__standard completed stationary_feasible 1.08
synthetic 371 / 416 nonrest_common__seed13__chain_matched__middle_HbR__Hb_only__standard completed stationary_feasible 0.81
synthetic 372 / 416 nonrest_common__seed14__free__middle_Hb__paired__standard completed stationary_feasible 0.42
synthetic 373 / 416 nonrest_common__seed13__chain_first__middle_Hb__paired__standard completed stationary_feasible 0.91
synthetic 374 / 416 nonrest_common__seed13__chain_first__middle_HbR__paired__standard completed stationary_feasible 0.92
synthetic 375 / 416 nonrest_common__seed13__chain_matched__middle_Hb__Hb_only__standard completed stationary_feasible 0.9
synthetic 376 / 416 nonrest_common__seed14__free__middle_HbR__paired__standard completed stationary_feasible 0.41
synthetic 377 / 416 nonrest_common__seed13__chain_matched__middle_Hb__wrong_pair__standard completed stationary_feasible 1.01
synthetic 378 / 416 nonrest_common__seed13__chain_matched__middle_HbR__wrong_pair__standard completed stationary_feasible 1.03
synthetic 379 / 416 neural_only__seed15__free__full__paired__standard completed stationary_feasible 0.3
synthetic 380 / 416 neural_only__seed15__free__middle_Hb__paired__standard completed stationary_feasible 0.31
synthetic 381 / 416 neural_only__seed15__free__middle_HbR__paired__standard completed stationary_feasible 0.35
synthetic 382 / 416 nonrest_common__seed14__chain_matched__full__paired__standard completed stationary_feasible 0.65
synthetic 383 / 416 nonrest_common__seed14__chain_matched__middle_Hb__paired__standard completed stationary_feasible 0.64
synthetic 384 / 416 nonrest_common__seed14__chain_matched__middle_HbR__paired__standard completed stationary_feasible 0.65
synthetic 385 / 416 neural_only__seed15__chain_matched__full__paired__standard completed stationary_feasible 0.46
synthetic 386 / 416 neural_only__seed14__chain_matched__middle_Hb__wrong_pair__standard completed stationary_feasible 1.01
synthetic 387 / 416 nonrest_common__seed14__chain_first__full__paired__standard completed stationary_feasible 0.64
synthetic 388 / 416 nonrest_common__seed14__chain_first__middle_Hb__paired__standard completed stationary_feasible 0.63
synthetic 389 / 416 neural_only__seed15__chain_matched__middle_Hb__paired__standard completed stationary_feasible 0.45
synthetic 390 / 416 nonrest_common__seed14__chain_first__middle_HbR__paired__standard completed stationary_feasible 0.65
synthetic 391 / 416 neural_only__seed15__chain_matched__middle_HbR__paired__standard completed stationary_feasible 0.46
synthetic 392 / 416 nonrest_common__seed14__chain_matched__middle_Hb__Hb_only__standard completed stationary_feasible 0.64
synthetic 393 / 416 neural_only__seed15__chain_first__full__paired__standard completed stationary_feasible 0.46
synthetic 394 / 416 neural_only__seed15__chain_first__middle_Hb__paired__standard completed stationary_feasible 0.45
synthetic 395 / 416 neural_only__seed15__chain_first__middle_HbR__paired__standard completed stationary_feasible 0.45
synthetic 396 / 416 neural_only__seed14__chain_matched__middle_HbR__wrong_pair__standard completed stationary_feasible 1.02
synthetic 397 / 416 nonrest_common__seed14__chain_matched__middle_HbR__Hb_only__standard completed stationary_feasible 0.63
synthetic 398 / 416 neural_only__seed15__chain_matched__middle_Hb__Hb_only__standard completed stationary_feasible 0.44
synthetic 399 / 416 neural_only__seed15__chain_matched__middle_HbR__Hb_only__standard completed stationary_feasible 0.43
synthetic 400 / 416 nonrest_common__seed15__free__full__paired__standard completed stationary_feasible 0.52
synthetic 401 / 416 nonrest_common__seed14__chain_matched__middle_Hb__wrong_pair__standard completed stationary_feasible 0.97
synthetic 402 / 416 nonrest_common__seed15__free__middle_HbR__paired__standard completed stationary_feasible 0.46
synthetic 403 / 416 nonrest_common__seed15__free__middle_Hb__paired__standard completed stationary_feasible 0.49
synthetic 404 / 416 nonrest_common__seed14__chain_matched__middle_HbR__wrong_pair__standard completed stationary_feasible 1.0
synthetic 405 / 416 neural_only__seed15__chain_matched__middle_Hb__wrong_pair__standard completed stationary_feasible 0.8
synthetic 406 / 416 nonrest_common__seed15__chain_matched__full__paired__standard completed stationary_feasible 0.61
synthetic 407 / 416 neural_only__seed15__chain_matched__middle_HbR__wrong_pair__standard completed stationary_feasible 0.88
synthetic 408 / 416 nonrest_common__seed15__chain_matched__middle_Hb__paired__standard completed stationary_feasible 0.68
synthetic 409 / 416 nonrest_common__seed15__chain_first__middle_Hb__paired__standard completed stationary_feasible 0.67
synthetic 410 / 416 nonrest_common__seed15__chain_first__full__paired__standard completed stationary_feasible 0.68
synthetic 411 / 416 nonrest_common__seed15__chain_first__middle_HbR__paired__standard completed stationary_feasible 0.68
synthetic 412 / 416 nonrest_common__seed15__chain_matched__middle_HbR__paired__standard completed stationary_feasible 0.72
synthetic 413 / 416 nonrest_common__seed15__chain_matched__middle_Hb__Hb_only__standard completed stationary_feasible 0.72
synthetic 414 / 416 nonrest_common__seed15__chain_matched__middle_HbR__Hb_only__standard completed stationary_feasible 0.74
synthetic 415 / 416 nonrest_common__seed15__chain_matched__middle_Hb__wrong_pair__standard completed stationary_feasible 0.81
synthetic 416 / 416 nonrest_common__seed15__chain_matched__middle_HbR__wrong_pair__standard completed stationary_feasible 0.91
{"stage": "synthetic", "status": "completed", "planned": 416, "terminal": 416, "resumed": 0, "workers": 24, "elapsed_s": 11.4727004209999, "estimated_remaining_s": 0.0, "completed_at": "2026-10-10T12:03:29.834640+00:00", "task_statuses": {"completed": 416}}
measured 1 / 756 eeg_fnirs_single_trial__subject_01__prefrontal__r0__free__middle_Hb__paired__Hb_context_75s completed stationary_feasible 0.71
measured 2 / 756 eeg_fnirs_single_trial__subject_01__prefrontal__r0__free__middle_Hb__paired__standard completed stationary_feasible 0.73
measured 3 / 756 eeg_fnirs_single_trial__subject_01__prefrontal__r0__free__full__paired__standard completed stationary_feasible 0.74
measured 4 / 756 eeg_fnirs_single_trial__subject_01__prefrontal__r0__free__full__paired__Hb_context_75s completed stationary_feasible 0.8
measured 5 / 756 eeg_fnirs_single_trial__subject_01__prefrontal__r0__free__middle_HbR__paired__standard completed stationary_feasible 0.81
measured 6 / 756 eeg_fnirs_single_trial__subject_01__prefrontal__r0__free__full__paired__boundaries_140_260 completed stationary_feasible 0.81
measured 7 / 756 eeg_fnirs_single_trial__subject_01__prefrontal__r0__free__full__paired__boundaries_100_220 completed stationary_feasible 0.81
measured 8 / 756 eeg_fnirs_single_trial__subject_01__prefrontal__r0__chain_matched__middle_Hb__Hb_only__standard completed stationary_feasible 0.83
measured 9 / 756 eeg_fnirs_single_trial__subject_01__prefrontal__r1__free__middle_Hb__paired__standard completed stationary_feasible 0.91
measured 10 / 756 eeg_fnirs_single_trial__subject_01__prefrontal__r0__chain_matched__middle_HbR__wrong_pair__standard completed stationary_feasible 0.95
measured 11 / 756 eeg_fnirs_single_trial__subject_01__prefrontal__r0__chain_matched__middle_Hb__paired__standard completed stationary_feasible 0.94
measured 12 / 756 eeg_fnirs_single_trial__subject_01__prefrontal__r0__chain_matched__middle_HbR__Hb_only__standard completed stationary_feasible 0.92
measured 13 / 756 eeg_fnirs_single_trial__subject_01__prefrontal__r1__free__middle_HbR__paired__standard completed stationary_feasible 0.92
measured 14 / 756 eeg_fnirs_single_trial__subject_01__prefrontal__r0__chain_matched__middle_HbR__paired__standard completed stationary_feasible 0.95
measured 15 / 756 eeg_fnirs_single_trial__subject_01__prefrontal__r0__chain_matched__full__paired__standard completed stationary_feasible 1.06
measured 16 / 756 eeg_fnirs_single_trial__subject_01__prefrontal__r0__chain_matched__full__paired__Hb_context_75s completed stationary_feasible 1.04
measured 17 / 756 eeg_fnirs_single_trial__subject_01__prefrontal__r0__chain_first__full__paired__standard completed stationary_feasible 1.05
measured 18 / 756 eeg_fnirs_single_trial__subject_01__prefrontal__r0__chain_matched__full__paired__boundaries_100_220 completed stationary_feasible 0.95
measured 19 / 756 eeg_fnirs_single_trial__subject_01__prefrontal__r0__chain_matched__middle_Hb__wrong_pair__standard completed stationary_feasible 0.97
measured 20 / 756 eeg_fnirs_single_trial__subject_01__prefrontal__r0__chain_matched__middle_Hb__paired__Hb_context_75s completed stationary_feasible 1.02
measured 21 / 756 eeg_fnirs_single_trial__subject_01__prefrontal__r0__chain_first__middle_Hb__paired__standard completed stationary_feasible 1.06
measured 22 / 756 eeg_fnirs_single_trial__subject_01__prefrontal__r0__chain_matched__full__paired__boundaries_140_260 completed stationary_feasible 0.95
measured 23 / 756 eeg_fnirs_single_trial__subject_01__prefrontal__r1__free__full__paired__standard completed stationary_feasible 0.98
measured 24 / 756 eeg_fnirs_single_trial__subject_01__prefrontal__r0__chain_first__middle_HbR__paired__standard completed stationary_feasible 1.07
measured 25 / 756 eeg_fnirs_single_trial__subject_01__prefrontal__r1__chain_matched__middle_Hb__Hb_only__standard completed stationary_feasible 0.36
measured 26 / 756 eeg_fnirs_single_trial__subject_01__prefrontal__r1__free__middle_Hb__paired__Hb_context_75s completed stationary_feasible 0.37
measured 27 / 756 eeg_fnirs_single_trial__subject_01__prefrontal__r1__chain_matched__middle_HbR__Hb_only__standard completed stationary_feasible 0.41
measured 28 / 756 eeg_fnirs_single_trial__subject_01__prefrontal__r1__free__full__paired__Hb_context_75s completed stationary_feasible 0.44
measured 29 / 756 eeg_fnirs_single_trial__subject_02__prefrontal__r0__free__middle_Hb__paired__standard completed stationary_feasible 0.26
measured 30 / 756 eeg_fnirs_single_trial__subject_01__prefrontal__r1__free__full__paired__boundaries_140_260 completed stationary_feasible 0.46
measured 31 / 756 eeg_fnirs_single_trial__subject_01__prefrontal__r1__free__full__paired__boundaries_100_220 completed stationary_feasible 0.5
measured 32 / 756 eeg_fnirs_single_trial__subject_01__prefrontal__r1__chain_matched__full__paired__standard completed stationary_feasible 0.73
measured 33 / 756 eeg_fnirs_single_trial__subject_01__prefrontal__r1__chain_matched__middle_HbR__paired__standard completed stationary_feasible 0.73
measured 34 / 756 eeg_fnirs_single_trial__subject_02__prefrontal__r0__free__middle_HbR__paired__standard completed stationary_feasible 0.34
measured 35 / 756 eeg_fnirs_single_trial__subject_02__prefrontal__r0__free__full__paired__standard completed stationary_feasible 0.4
measured 36 / 756 eeg_fnirs_single_trial__subject_01__prefrontal__r1__chain_matched__middle_Hb__paired__standard completed stationary_feasible 0.88
measured 37 / 756 eeg_fnirs_single_trial__subject_01__prefrontal__r1__chain_matched__middle_Hb__wrong_pair__standard completed stationary_feasible 0.81
measured 38 / 756 eeg_fnirs_single_trial__subject_02__prefrontal__r0__chain_matched__middle_Hb__paired__standard completed stationary_feasible 0.52
measured 39 / 756 eeg_fnirs_single_trial__subject_02__prefrontal__r0__chain_matched__middle_HbR__paired__standard completed stationary_feasible 0.53
measured 40 / 756 eeg_fnirs_single_trial__subject_01__prefrontal__r1__chain_first__middle_Hb__paired__standard completed stationary_feasible 0.89
measured 41 / 756 eeg_fnirs_single_trial__subject_01__prefrontal__r1__chain_matched__full__paired__boundaries_140_260 completed stationary_feasible 0.74
measured 42 / 756 eeg_fnirs_single_trial__subject_01__prefrontal__r1__chain_matched__full__paired__boundaries_100_220 completed stationary_feasible 0.74
measured 43 / 756 eeg_fnirs_single_trial__subject_02__prefrontal__r0__free__full__paired__boundaries_100_220 completed stationary_feasible 0.29
measured 44 / 756 eeg_fnirs_single_trial__subject_01__prefrontal__r1__chain_matched__middle_HbR__wrong_pair__standard completed stationary_feasible 0.82
measured 45 / 756 eeg_fnirs_single_trial__subject_02__prefrontal__r0__chain_first__full__paired__standard completed stationary_feasible 0.54
measured 46 / 756 eeg_fnirs_single_trial__subject_02__prefrontal__r0__chain_matched__full__paired__standard completed stationary_feasible 0.61
measured 47 / 756 eeg_fnirs_single_trial__subject_02__prefrontal__r0__chain_matched__middle_Hb__wrong_pair__standard completed stationary_feasible 0.38
measured 48 / 756 eeg_fnirs_single_trial__subject_02__prefrontal__r0__free__middle_Hb__paired__Hb_context_75s completed stationary_feasible 0.24
measured 49 / 756 eeg_fnirs_single_trial__subject_02__prefrontal__r0__free__full__paired__Hb_context_75s completed stationary_feasible 0.31
measured 50 / 756 eeg_fnirs_single_trial__subject_02__prefrontal__r0__chain_matched__middle_Hb__Hb_only__standard completed stationary_feasible 0.39
measured 51 / 756 eeg_fnirs_single_trial__subject_02__prefrontal__r0__chain_matched__middle_HbR__wrong_pair__standard completed stationary_feasible 0.4
measured 52 / 756 eeg_fnirs_single_trial__subject_01__prefrontal__r1__chain_first__full__paired__standard completed stationary_feasible 1.01
measured 53 / 756 eeg_fnirs_single_trial__subject_02__prefrontal__r0__free__full__paired__boundaries_140_260 completed stationary_feasible 0.34
measured 54 / 756 eeg_fnirs_single_trial__subject_01__prefrontal__r1__chain_first__middle_HbR__paired__standard completed stationary_feasible 1.02
measured 55 / 756 eeg_fnirs_single_trial__subject_02__prefrontal__r0__chain_matched__middle_HbR__Hb_only__standard completed stationary_feasible 0.41
measured 56 / 756 eeg_fnirs_single_trial__subject_01__prefrontal__r1__chain_matched__middle_Hb__paired__Hb_context_75s completed stationary_feasible 0.71
measured 57 / 756 eeg_fnirs_single_trial__subject_02__prefrontal__r0__chain_first__middle_HbR__paired__standard completed stationary_feasible 0.53
measured 58 / 756 eeg_fnirs_single_trial__subject_02__prefrontal__r0__chain_first__middle_Hb__paired__standard completed stationary_feasible 0.55
measured 59 / 756 eeg_fnirs_single_trial__subject_01__prefrontal__r1__chain_matched__full__paired__Hb_context_75s completed stationary_feasible 0.82
measured 60 / 756 eeg_fnirs_single_trial__subject_02__prefrontal__r1__free__middle_Hb__paired__standard completed stationary_feasible 0.35
measured 61 / 756 eeg_fnirs_single_trial__subject_02__prefrontal__r1__free__middle_HbR__paired__standard completed stationary_feasible 0.35
measured 62 / 756 eeg_fnirs_single_trial__subject_02__prefrontal__r0__chain_matched__full__paired__boundaries_100_220 completed stationary_feasible 0.52
measured 63 / 756 eeg_fnirs_single_trial__subject_02__prefrontal__r1__free__full__paired__standard completed stationary_feasible 0.44
measured 64 / 756 eeg_fnirs_single_trial__subject_02__prefrontal__r0__chain_matched__full__paired__boundaries_140_260 completed stationary_feasible 0.52
measured 65 / 756 eeg_fnirs_single_trial__subject_02__prefrontal__r0__chain_matched__middle_Hb__paired__Hb_context_75s completed stationary_feasible 0.5
measured 66 / 756 eeg_fnirs_single_trial__subject_02__prefrontal__r1__free__full__paired__boundaries_100_220 completed stationary_feasible 0.35
measured 67 / 756 eeg_fnirs_single_trial__subject_02__prefrontal__r0__chain_matched__full__paired__Hb_context_75s completed stationary_feasible 0.52
measured 68 / 756 eeg_fnirs_single_trial__subject_02__prefrontal__r1__chain_matched__middle_Hb__Hb_only__standard completed stationary_feasible 0.41
measured 69 / 756 eeg_fnirs_single_trial__subject_02__prefrontal__r1__free__full__paired__boundaries_140_260 completed stationary_feasible 0.39
measured 70 / 756 eeg_fnirs_single_trial__subject_02__prefrontal__r1__free__full__paired__Hb_context_75s completed stationary_feasible 0.38
measured 71 / 756 eeg_fnirs_single_trial__subject_02__prefrontal__r1__chain_matched__middle_HbR__Hb_only__standard completed stationary_feasible 0.41
measured 72 / 756 eeg_fnirs_single_trial__subject_02__prefrontal__r1__free__middle_Hb__paired__Hb_context_75s completed stationary_feasible 0.37
measured 73 / 756 eeg_fnirs_single_trial__subject_02__prefrontal__r1__chain_matched__full__paired__standard completed stationary_feasible 0.56
measured 74 / 756 eeg_fnirs_single_trial__subject_02__prefrontal__r1__chain_matched__middle_HbR__paired__standard completed stationary_feasible 0.56
measured 75 / 756 eeg_fnirs_single_trial__subject_02__prefrontal__r1__chain_matched__middle_Hb__paired__standard completed stationary_feasible 0.6
measured 76 / 756 eeg_fnirs_single_trial__subject_02__prefrontal__r1__chain_matched__middle_HbR__wrong_pair__standard completed stationary_feasible 0.56
measured 77 / 756 eeg_fnirs_single_trial__subject_02__prefrontal__r1__chain_matched__middle_Hb__wrong_pair__standard completed stationary_feasible 0.61
measured 78 / 756 eeg_fnirs_single_trial__subject_03__prefrontal__r0__free__full__paired__standard completed stationary_feasible 0.35
measured 79 / 756 eeg_fnirs_single_trial__subject_02__prefrontal__r1__chain_first__middle_Hb__paired__standard completed stationary_feasible 0.63
measured 80 / 756 eeg_fnirs_single_trial__subject_02__prefrontal__r1__chain_matched__full__paired__boundaries_140_260 completed stationary_feasible 0.56
measured 81 / 756 eeg_fnirs_single_trial__subject_02__prefrontal__r1__chain_matched__full__paired__boundaries_100_220 completed stationary_feasible 0.62
measured 82 / 756 eeg_fnirs_single_trial__subject_03__prefrontal__r0__free__middle_HbR__paired__standard completed stationary_feasible 0.36
measured 83 / 756 eeg_fnirs_single_trial__subject_03__prefrontal__r0__free__middle_Hb__paired__standard completed stationary_feasible 0.38
measured 84 / 756 eeg_fnirs_single_trial__subject_02__prefrontal__r1__chain_matched__full__paired__Hb_context_75s completed stationary_feasible 0.62
measured 85 / 756 eeg_fnirs_single_trial__subject_02__prefrontal__r1__chain_first__full__paired__standard completed stationary_feasible 0.83
measured 86 / 756 eeg_fnirs_single_trial__subject_02__prefrontal__r1__chain_matched__middle_Hb__paired__Hb_context_75s completed stationary_feasible 0.54
measured 87 / 756 eeg_fnirs_single_trial__subject_02__prefrontal__r1__chain_first__middle_HbR__paired__standard completed stationary_feasible 0.82
measured 88 / 756 eeg_fnirs_single_trial__subject_03__prefrontal__r0__chain_matched__middle_Hb__Hb_only__standard completed stationary_feasible 0.4
measured 89 / 756 eeg_fnirs_single_trial__subject_03__prefrontal__r0__free__full__paired__Hb_context_75s completed stationary_feasible 0.29
measured 90 / 756 eeg_fnirs_single_trial__subject_03__prefrontal__r0__free__full__paired__boundaries_100_220 completed stationary_feasible 0.35
measured 91 / 756 eeg_fnirs_single_trial__subject_03__prefrontal__r0__chain_matched__middle_HbR__Hb_only__standard completed stationary_feasible 0.37
measured 92 / 756 eeg_fnirs_single_trial__subject_03__prefrontal__r0__free__middle_Hb__paired__Hb_context_75s completed stationary_feasible 0.31
measured 93 / 756 eeg_fnirs_single_trial__subject_03__prefrontal__r0__free__full__paired__boundaries_140_260 completed stationary_feasible 0.38
measured 94 / 756 eeg_fnirs_single_trial__subject_03__prefrontal__r0__chain_matched__middle_HbR__paired__standard completed stationary_feasible 0.56
measured 95 / 756 eeg_fnirs_single_trial__subject_03__prefrontal__r0__chain_matched__middle_Hb__paired__standard completed stationary_feasible 0.57
measured 96 / 756 eeg_fnirs_single_trial__subject_03__prefrontal__r0__chain_matched__full__paired__standard completed stationary_feasible 0.61
measured 97 / 756 eeg_fnirs_single_trial__subject_03__prefrontal__r0__chain_matched__middle_Hb__wrong_pair__standard completed stationary_feasible 0.62
measured 98 / 756 eeg_fnirs_single_trial__subject_03__prefrontal__r1__free__full__paired__standard completed stationary_feasible 0.38
measured 99 / 756 eeg_fnirs_single_trial__subject_03__prefrontal__r1__free__middle_Hb__paired__standard completed stationary_feasible 0.38
measured 100 / 756 eeg_fnirs_single_trial__subject_03__prefrontal__r0__chain_first__full__paired__standard completed stationary_feasible 0.71
measured 101 / 756 eeg_fnirs_single_trial__subject_03__prefrontal__r0__chain_first__middle_Hb__paired__standard completed stationary_feasible 0.71
measured 102 / 756 eeg_fnirs_single_trial__subject_03__prefrontal__r0__chain_matched__full__paired__Hb_context_75s completed stationary_feasible 0.47
measured 103 / 756 eeg_fnirs_single_trial__subject_03__prefrontal__r0__chain_first__middle_HbR__paired__standard completed stationary_feasible 0.71
measured 104 / 756 eeg_fnirs_single_trial__subject_03__prefrontal__r0__chain_matched__middle_HbR__wrong_pair__standard completed stationary_feasible 0.73
measured 105 / 756 eeg_fnirs_single_trial__subject_03__prefrontal__r0__chain_matched__full__paired__boundaries_100_220 completed stationary_feasible 0.55
measured 106 / 756 eeg_fnirs_single_trial__subject_03__prefrontal__r1__free__middle_HbR__paired__standard completed stationary_feasible 0.38
measured 107 / 756 eeg_fnirs_single_trial__subject_03__prefrontal__r0__chain_matched__full__paired__boundaries_140_260 completed stationary_feasible 0.56
measured 108 / 756 eeg_fnirs_single_trial__subject_03__prefrontal__r0__chain_matched__middle_Hb__paired__Hb_context_75s completed stationary_feasible 0.5
measured 109 / 756 eeg_fnirs_single_trial__subject_03__prefrontal__r1__chain_matched__middle_Hb__paired__standard completed stationary_feasible 0.46
measured 110 / 756 eeg_fnirs_single_trial__subject_03__prefrontal__r1__free__full__paired__boundaries_100_220 completed stationary_feasible 0.36
measured 111 / 756 eeg_fnirs_single_trial__subject_03__prefrontal__r1__chain_matched__middle_HbR__Hb_only__standard completed stationary_feasible 0.37
measured 112 / 756 eeg_fnirs_single_trial__subject_03__prefrontal__r1__chain_matched__middle_Hb__Hb_only__standard completed stationary_feasible 0.41
measured 113 / 756 eeg_fnirs_single_trial__subject_03__prefrontal__r1__chain_matched__middle_Hb__wrong_pair__standard completed stationary_feasible 0.47
measured 114 / 756 eeg_fnirs_single_trial__subject_03__prefrontal__r1__free__full__paired__boundaries_140_260 completed stationary_feasible 0.39
measured 115 / 756 eeg_fnirs_single_trial__subject_03__prefrontal__r1__free__middle_Hb__paired__Hb_context_75s completed stationary_feasible 0.3
measured 116 / 756 eeg_fnirs_single_trial__subject_03__prefrontal__r1__free__full__paired__Hb_context_75s completed stationary_feasible 0.37
measured 117 / 756 eeg_fnirs_single_trial__subject_03__prefrontal__r1__chain_matched__full__paired__standard completed stationary_feasible 0.63
measured 118 / 756 eeg_fnirs_single_trial__subject_03__prefrontal__r1__chain_first__middle_Hb__paired__standard completed stationary_feasible 0.56
measured 119 / 756 eeg_fnirs_single_trial__subject_03__prefrontal__r1__chain_first__middle_HbR__paired__standard completed stationary_feasible 0.57
measured 120 / 756 eeg_fnirs_single_trial__subject_03__prefrontal__r1__chain_matched__middle_HbR__paired__standard completed stationary_feasible 0.63
measured 121 / 756 eeg_fnirs_single_trial__subject_03__prefrontal__r1__chain_first__full__paired__standard completed stationary_feasible 0.63
measured 122 / 756 eeg_fnirs_single_trial__subject_03__prefrontal__r1__chain_matched__middle_HbR__wrong_pair__standard completed stationary_feasible 0.52
measured 123 / 756 eeg_fnirs_single_trial__subject_04__prefrontal__r0__free__middle_HbR__paired__standard completed stationary_feasible 0.4
measured 124 / 756 eeg_fnirs_single_trial__subject_03__prefrontal__r1__chain_matched__middle_Hb__paired__Hb_context_75s completed stationary_feasible 0.46
measured 125 / 756 eeg_fnirs_single_trial__subject_04__prefrontal__r0__free__middle_Hb__paired__standard completed stationary_feasible 0.43
measured 126 / 756 eeg_fnirs_single_trial__subject_03__prefrontal__r1__chain_matched__full__paired__boundaries_100_220 completed stationary_feasible 0.61
measured 127 / 756 eeg_fnirs_single_trial__subject_03__prefrontal__r1__chain_matched__full__paired__boundaries_140_260 completed stationary_feasible 0.62
measured 128 / 756 eeg_fnirs_single_trial__subject_03__prefrontal__r1__chain_matched__full__paired__Hb_context_75s completed stationary_feasible 0.63
measured 129 / 756 eeg_fnirs_single_trial__subject_04__prefrontal__r0__free__full__paired__standard completed stationary_feasible 0.63
measured 130 / 756 eeg_fnirs_single_trial__subject_04__prefrontal__r0__free__middle_Hb__paired__Hb_context_75s completed stationary_feasible 0.34
measured 131 / 756 eeg_fnirs_single_trial__subject_04__prefrontal__r0__chain_matched__middle_Hb__paired__standard completed stationary_feasible 0.64
measured 132 / 756 eeg_fnirs_single_trial__subject_04__prefrontal__r0__chain_matched__middle_Hb__Hb_only__standard completed stationary_feasible 0.54
measured 133 / 756 eeg_fnirs_single_trial__subject_04__prefrontal__r0__chain_matched__middle_HbR__Hb_only__standard completed stationary_feasible 0.5
measured 134 / 756 eeg_fnirs_single_trial__subject_04__prefrontal__r0__chain_matched__middle_HbR__paired__standard completed stationary_feasible 0.72
measured 135 / 756 eeg_fnirs_single_trial__subject_04__prefrontal__r0__free__full__paired__boundaries_100_220 completed stationary_feasible 0.51
measured 136 / 756 eeg_fnirs_single_trial__subject_04__prefrontal__r0__free__full__paired__boundaries_140_260 completed stationary_feasible 0.52
measured 137 / 756 eeg_fnirs_single_trial__subject_04__prefrontal__r0__chain_matched__middle_Hb__wrong_pair__standard completed stationary_feasible 0.62
measured 138 / 756 eeg_fnirs_single_trial__subject_04__prefrontal__r0__chain_matched__full__paired__standard completed stationary_feasible 0.82
measured 139 / 756 eeg_fnirs_single_trial__subject_04__prefrontal__r0__free__full__paired__Hb_context_75s completed stationary_feasible 0.56
measured 140 / 756 eeg_fnirs_single_trial__subject_04__prefrontal__r0__chain_first__middle_Hb__paired__standard completed stationary_feasible 0.74
measured 141 / 756 eeg_fnirs_single_trial__subject_04__prefrontal__r0__chain_first__middle_HbR__paired__standard completed stationary_feasible 0.75
measured 142 / 756 eeg_fnirs_single_trial__subject_04__prefrontal__r1__free__full__paired__standard completed stationary_feasible 0.51
measured 143 / 756 eeg_fnirs_single_trial__subject_04__prefrontal__r0__chain_matched__middle_Hb__paired__Hb_context_75s completed stationary_feasible 0.54
measured 144 / 756 eeg_fnirs_single_trial__subject_04__prefrontal__r0__chain_first__full__paired__standard completed stationary_feasible 0.84
measured 145 / 756 eeg_fnirs_single_trial__subject_04__prefrontal__r1__free__middle_Hb__paired__standard completed stationary_feasible 0.55
measured 146 / 756 eeg_fnirs_single_trial__subject_04__prefrontal__r0__chain_matched__middle_HbR__wrong_pair__standard completed stationary_feasible 0.82
measured 147 / 756 eeg_fnirs_single_trial__subject_04__prefrontal__r1__free__middle_HbR__paired__standard completed stationary_feasible 0.56
measured 148 / 756 eeg_fnirs_single_trial__subject_04__prefrontal__r0__chain_matched__full__paired__boundaries_100_220 completed stationary_feasible 0.83
measured 149 / 756 eeg_fnirs_single_trial__subject_04__prefrontal__r0__chain_matched__full__paired__boundaries_140_260 completed stationary_feasible 0.83
measured 150 / 756 eeg_fnirs_single_trial__subject_04__prefrontal__r1__free__full__paired__Hb_context_75s completed stationary_feasible 0.45
measured 151 / 756 eeg_fnirs_single_trial__subject_04__prefrontal__r1__free__full__paired__boundaries_100_220 completed stationary_feasible 0.5
measured 152 / 756 eeg_fnirs_single_trial__subject_04__prefrontal__r0__chain_matched__full__paired__Hb_context_75s completed stationary_feasible 1.02
measured 153 / 756 eeg_fnirs_single_trial__subject_04__prefrontal__r1__free__full__paired__boundaries_140_260 completed stationary_feasible 0.5
measured 154 / 756 eeg_fnirs_single_trial__subject_04__prefrontal__r1__chain_first__full__paired__standard completed stationary_feasible 0.74
measured 155 / 756 eeg_fnirs_single_trial__subject_04__prefrontal__r1__free__middle_Hb__paired__Hb_context_75s completed stationary_feasible 0.46
measured 156 / 756 eeg_fnirs_single_trial__subject_04__prefrontal__r1__chain_matched__full__paired__standard completed stationary_feasible 0.81
measured 157 / 756 eeg_fnirs_single_trial__subject_04__prefrontal__r1__chain_first__middle_Hb__paired__standard completed stationary_feasible 0.73
measured 158 / 756 eeg_fnirs_single_trial__subject_04__prefrontal__r1__chain_matched__middle_Hb__paired__standard completed stationary_feasible 0.81
measured 159 / 756 eeg_fnirs_single_trial__subject_04__prefrontal__r1__chain_matched__middle_HbR__paired__standard completed stationary_feasible 0.82
measured 160 / 756 eeg_fnirs_single_trial__subject_04__prefrontal__r1__chain_matched__middle_Hb__Hb_only__standard completed stationary_feasible 0.69
measured 161 / 756 eeg_fnirs_single_trial__subject_04__prefrontal__r1__chain_first__middle_HbR__paired__standard completed stationary_feasible 0.74
measured 162 / 756 eeg_fnirs_single_trial__subject_04__prefrontal__r1__chain_matched__middle_HbR__Hb_only__standard completed stationary_feasible 0.7
measured 163 / 756 eeg_fnirs_single_trial__subject_06__prefrontal__r0__free__full__paired__standard completed stationary_feasible 0.5
measured 164 / 756 eeg_fnirs_single_trial__subject_06__prefrontal__r0__free__middle_Hb__paired__standard completed stationary_feasible 0.49
measured 165 / 756 eeg_fnirs_single_trial__subject_04__prefrontal__r1__chain_matched__middle_Hb__wrong_pair__standard completed stationary_feasible 0.8
measured 166 / 756 eeg_fnirs_single_trial__subject_04__prefrontal__r1__chain_matched__middle_HbR__wrong_pair__standard completed stationary_feasible 0.81
measured 167 / 756 eeg_fnirs_single_trial__subject_06__prefrontal__r0__free__middle_HbR__paired__standard completed stationary_feasible 0.52
measured 168 / 756 eeg_fnirs_single_trial__subject_04__prefrontal__r1__chain_matched__full__paired__boundaries_100_220 completed stationary_feasible 0.76
measured 169 / 756 eeg_fnirs_single_trial__subject_04__prefrontal__r1__chain_matched__middle_Hb__paired__Hb_context_75s completed stationary_feasible 0.74
measured 170 / 756 eeg_fnirs_single_trial__subject_04__prefrontal__r1__chain_matched__full__paired__Hb_context_75s completed stationary_feasible 0.76
measured 171 / 756 eeg_fnirs_single_trial__subject_04__prefrontal__r1__chain_matched__full__paired__boundaries_140_260 completed stationary_feasible 0.77
measured 172 / 756 eeg_fnirs_single_trial__subject_06__prefrontal__r0__chain_matched__middle_Hb__Hb_only__standard completed stationary_feasible 0.55
measured 173 / 756 eeg_fnirs_single_trial__subject_06__prefrontal__r0__free__middle_Hb__paired__Hb_context_75s completed stationary_feasible 0.46
measured 174 / 756 eeg_fnirs_single_trial__subject_06__prefrontal__r0__free__full__paired__Hb_context_75s completed stationary_feasible 0.49
measured 175 / 756 eeg_fnirs_single_trial__subject_06__prefrontal__r0__chain_matched__middle_Hb__paired__standard completed stationary_feasible 0.8
measured 176 / 756 eeg_fnirs_single_trial__subject_06__prefrontal__r0__chain_matched__middle_HbR__Hb_only__standard completed stationary_feasible 0.56
measured 177 / 756 eeg_fnirs_single_trial__subject_06__prefrontal__r1__free__full__paired__standard completed stationary_feasible 0.38
measured 178 / 756 eeg_fnirs_single_trial__subject_06__prefrontal__r0__free__full__paired__boundaries_100_220 completed stationary_feasible 0.57
measured 179 / 756 eeg_fnirs_single_trial__subject_06__prefrontal__r0__free__full__paired__boundaries_140_260 completed stationary_feasible 0.55
measured 180 / 756 eeg_fnirs_single_trial__subject_06__prefrontal__r1__free__middle_Hb__paired__standard completed stationary_feasible 0.36
measured 181 / 756 eeg_fnirs_single_trial__subject_06__prefrontal__r1__free__middle_HbR__paired__standard completed stationary_feasible 0.35
measured 182 / 756 eeg_fnirs_single_trial__subject_06__prefrontal__r0__chain_matched__full__paired__standard completed stationary_feasible 0.92
measured 183 / 756 eeg_fnirs_single_trial__subject_06__prefrontal__r0__chain_matched__middle_HbR__paired__standard completed stationary_feasible 0.77
measured 184 / 756 eeg_fnirs_single_trial__subject_06__prefrontal__r0__chain_matched__middle_Hb__wrong_pair__standard completed stationary_feasible 0.77
measured 185 / 756 eeg_fnirs_single_trial__subject_06__prefrontal__r0__chain_matched__middle_Hb__paired__Hb_context_75s completed stationary_feasible 0.69
measured 186 / 756 eeg_fnirs_single_trial__subject_06__prefrontal__r1__chain_matched__middle_Hb__paired__standard completed stationary_feasible 0.56
measured 187 / 756 eeg_fnirs_single_trial__subject_06__prefrontal__r1__chain_matched__full__paired__standard completed stationary_feasible 0.57
measured 188 / 756 eeg_fnirs_single_trial__subject_06__prefrontal__r0__chain_matched__middle_HbR__wrong_pair__standard completed stationary_feasible 0.92
measured 189 / 756 eeg_fnirs_single_trial__subject_06__prefrontal__r0__chain_matched__full__paired__Hb_context_75s completed stationary_feasible 0.8
measured 190 / 756 eeg_fnirs_single_trial__subject_06__prefrontal__r0__chain_matched__full__paired__boundaries_140_260 completed stationary_feasible 0.81
measured 191 / 756 eeg_fnirs_single_trial__subject_06__prefrontal__r0__chain_first__middle_Hb__paired__standard completed stationary_feasible 0.99
measured 192 / 756 eeg_fnirs_single_trial__subject_06__prefrontal__r1__chain_matched__middle_HbR__paired__standard completed stationary_feasible 0.6
measured 193 / 756 eeg_fnirs_single_trial__subject_06__prefrontal__r1__chain_matched__middle_Hb__Hb_only__standard completed stationary_feasible 0.37
measured 194 / 756 eeg_fnirs_single_trial__subject_06__prefrontal__r0__chain_first__middle_HbR__paired__standard completed stationary_feasible 1.01
measured 195 / 756 eeg_fnirs_single_trial__subject_06__prefrontal__r1__free__full__paired__Hb_context_75s completed stationary_feasible 0.34
measured 196 / 756 eeg_fnirs_single_trial__subject_06__prefrontal__r1__chain_matched__middle_HbR__Hb_only__standard completed stationary_feasible 0.41
measured 197 / 756 eeg_fnirs_single_trial__subject_06__prefrontal__r1__free__full__paired__boundaries_100_220 completed stationary_feasible 0.39
measured 198 / 756 eeg_fnirs_single_trial__subject_06__prefrontal__r1__free__full__paired__boundaries_140_260 completed stationary_feasible 0.39
measured 199 / 756 eeg_fnirs_single_trial__subject_06__prefrontal__r0__chain_first__full__paired__standard completed stationary_feasible 1.1
measured 200 / 756 eeg_fnirs_single_trial__subject_06__prefrontal__r0__chain_matched__full__paired__boundaries_100_220 completed stationary_feasible 0.92
measured 201 / 756 eeg_fnirs_single_trial__subject_06__prefrontal__r1__free__middle_Hb__paired__Hb_context_75s completed stationary_feasible 0.37
measured 202 / 756 eeg_fnirs_single_trial__subject_06__prefrontal__r1__chain_matched__middle_HbR__wrong_pair__standard completed stationary_feasible 0.51
measured 203 / 756 eeg_fnirs_single_trial__subject_06__prefrontal__r1__chain_first__middle_Hb__paired__standard completed stationary_feasible 0.55
measured 204 / 756 eeg_fnirs_single_trial__subject_06__prefrontal__r1__chain_first__full__paired__standard completed stationary_feasible 0.57
measured 205 / 756 eeg_fnirs_single_trial__subject_06__prefrontal__r1__chain_first__middle_HbR__paired__standard completed stationary_feasible 0.61
measured 206 / 756 eeg_fnirs_single_trial__subject_06__prefrontal__r1__chain_matched__middle_Hb__wrong_pair__standard completed stationary_feasible 0.61
measured 207 / 756 eeg_fnirs_single_trial__subject_07__prefrontal__r0__free__full__paired__standard completed stationary_feasible 0.35
measured 208 / 756 eeg_fnirs_single_trial__subject_06__prefrontal__r1__chain_matched__full__paired__boundaries_100_220 completed stationary_feasible 0.57
measured 209 / 756 eeg_fnirs_single_trial__subject_07__prefrontal__r0__free__middle_HbR__paired__standard completed stationary_feasible 0.37
measured 210 / 756 eeg_fnirs_single_trial__subject_07__prefrontal__r0__free__middle_Hb__paired__standard completed stationary_feasible 0.37
measured 211 / 756 eeg_fnirs_single_trial__subject_06__prefrontal__r1__chain_matched__full__paired__boundaries_140_260 completed stationary_feasible 0.57
measured 212 / 756 eeg_fnirs_single_trial__subject_07__prefrontal__r0__free__middle_Hb__paired__Hb_context_75s completed stationary_feasible 0.28
measured 213 / 756 eeg_fnirs_single_trial__subject_07__prefrontal__r0__chain_matched__middle_Hb__Hb_only__standard completed stationary_feasible 0.4
measured 214 / 756 eeg_fnirs_single_trial__subject_07__prefrontal__r0__free__full__paired__Hb_context_75s completed stationary_feasible 0.32
measured 215 / 756 eeg_fnirs_single_trial__subject_07__prefrontal__r0__free__full__paired__boundaries_140_260 completed stationary_feasible 0.39
measured 216 / 756 eeg_fnirs_single_trial__subject_07__prefrontal__r0__chain_matched__middle_HbR__Hb_only__standard completed stationary_feasible 0.41
measured 217 / 756 eeg_fnirs_single_trial__subject_07__prefrontal__r0__free__full__paired__boundaries_100_220 completed stationary_feasible 0.4
measured 218 / 756 eeg_fnirs_single_trial__subject_06__prefrontal__r1__chain_matched__middle_Hb__paired__Hb_context_75s completed stationary_feasible 0.55
measured 219 / 756 eeg_fnirs_single_trial__subject_06__prefrontal__r1__chain_matched__full__paired__Hb_context_75s completed stationary_feasible 0.61
measured 220 / 756 eeg_fnirs_single_trial__subject_07__prefrontal__r0__chain_first__full__paired__standard completed stationary_feasible 0.57
measured 221 / 756 eeg_fnirs_single_trial__subject_07__prefrontal__r0__chain_matched__middle_Hb__paired__standard completed stationary_feasible 0.61
measured 222 / 756 eeg_fnirs_single_trial__subject_07__prefrontal__r0__chain_matched__full__paired__standard completed stationary_feasible 0.62
measured 223 / 756 eeg_fnirs_single_trial__subject_07__prefrontal__r0__chain_matched__middle_HbR__paired__standard completed stationary_feasible 0.6
measured 224 / 756 eeg_fnirs_single_trial__subject_07__prefrontal__r0__chain_first__middle_HbR__paired__standard completed stationary_feasible 0.57
measured 225 / 756 eeg_fnirs_single_trial__subject_07__prefrontal__r0__chain_first__middle_Hb__paired__standard completed stationary_feasible 0.6
measured 226 / 756 eeg_fnirs_single_trial__subject_07__prefrontal__r0__chain_matched__middle_Hb__wrong_pair__standard completed stationary_feasible 0.61
measured 227 / 756 eeg_fnirs_single_trial__subject_07__prefrontal__r1__free__full__paired__standard completed stationary_feasible 0.36
measured 228 / 756 eeg_fnirs_single_trial__subject_07__prefrontal__r0__chain_matched__middle_HbR__wrong_pair__standard completed stationary_feasible 0.63
measured 229 / 756 eeg_fnirs_single_trial__subject_07__prefrontal__r1__free__middle_Hb__paired__standard completed stationary_feasible 0.36
measured 230 / 756 eeg_fnirs_single_trial__subject_07__prefrontal__r1__free__middle_HbR__paired__standard completed stationary_feasible 0.37
measured 231 / 756 eeg_fnirs_single_trial__subject_07__prefrontal__r0__chain_matched__full__paired__boundaries_100_220 completed stationary_feasible 0.56
measured 232 / 756 eeg_fnirs_single_trial__subject_07__prefrontal__r0__chain_matched__full__paired__Hb_context_75s completed stationary_feasible 0.52
measured 233 / 756 eeg_fnirs_single_trial__subject_07__prefrontal__r0__chain_matched__middle_Hb__paired__Hb_context_75s completed stationary_feasible 0.47
measured 234 / 756 eeg_fnirs_single_trial__subject_07__prefrontal__r0__chain_matched__full__paired__boundaries_140_260 completed stationary_feasible 0.61
measured 235 / 756 eeg_fnirs_single_trial__subject_07__prefrontal__r1__chain_matched__middle_Hb__Hb_only__standard completed stationary_feasible 0.38
measured 236 / 756 eeg_fnirs_single_trial__subject_07__prefrontal__r1__free__middle_Hb__paired__Hb_context_75s completed stationary_feasible 0.34
measured 237 / 756 eeg_fnirs_single_trial__subject_07__prefrontal__r1__chain_matched__middle_HbR__Hb_only__standard completed stationary_feasible 0.39
measured 238 / 756 eeg_fnirs_single_trial__subject_07__prefrontal__r1__chain_matched__full__paired__standard completed stationary_feasible 0.59
measured 239 / 756 eeg_fnirs_single_trial__subject_07__prefrontal__r1__free__full__paired__Hb_context_75s completed stationary_feasible 0.37
measured 240 / 756 eeg_fnirs_single_trial__subject_07__prefrontal__r1__free__full__paired__boundaries_140_260 completed stationary_feasible 0.38
measured 241 / 756 eeg_fnirs_single_trial__subject_07__prefrontal__r1__free__full__paired__boundaries_100_220 completed stationary_feasible 0.39
measured 242 / 756 eeg_fnirs_single_trial__subject_07__prefrontal__r1__chain_matched__middle_Hb__paired__standard completed stationary_feasible 0.57
measured 243 / 756 eeg_fnirs_single_trial__subject_07__prefrontal__r1__chain_first__middle_HbR__paired__standard completed stationary_feasible 0.59
measured 244 / 756 eeg_fnirs_single_trial__subject_07__prefrontal__r1__chain_matched__middle_HbR__paired__standard completed stationary_feasible 0.62
measured 245 / 756 eeg_fnirs_single_trial__subject_07__prefrontal__r1__chain_first__full__paired__standard completed stationary_feasible 0.62
measured 246 / 756 simultaneous_eeg_nirs__VP001__prefrontal__r0__free__full__paired__standard completed stationary_feasible 0.38
measured 247 / 756 eeg_fnirs_single_trial__subject_07__prefrontal__r1__chain_first__middle_Hb__paired__standard completed stationary_feasible 0.6
measured 248 / 756 simultaneous_eeg_nirs__VP001__prefrontal__r0__free__middle_HbR__paired__standard completed stationary_feasible 0.36
measured 249 / 756 eeg_fnirs_single_trial__subject_07__prefrontal__r1__chain_matched__middle_Hb__wrong_pair__standard completed stationary_feasible 0.6
measured 250 / 756 eeg_fnirs_single_trial__subject_07__prefrontal__r1__chain_matched__middle_HbR__wrong_pair__standard completed stationary_feasible 0.61
measured 251 / 756 simultaneous_eeg_nirs__VP001__prefrontal__r0__free__middle_Hb__paired__standard completed stationary_feasible 0.43
measured 252 / 756 eeg_fnirs_single_trial__subject_07__prefrontal__r1__chain_matched__middle_Hb__paired__Hb_context_75s completed stationary_feasible 0.5
measured 253 / 756 eeg_fnirs_single_trial__subject_07__prefrontal__r1__chain_matched__full__paired__boundaries_100_220 completed stationary_feasible 0.6
measured 254 / 756 eeg_fnirs_single_trial__subject_07__prefrontal__r1__chain_matched__full__paired__Hb_context_75s completed stationary_feasible 0.56
measured 255 / 756 eeg_fnirs_single_trial__subject_07__prefrontal__r1__chain_matched__full__paired__boundaries_140_260 completed stationary_feasible 0.6
measured 256 / 756 simultaneous_eeg_nirs__VP001__prefrontal__r0__chain_matched__full__paired__standard completed stationary_feasible 0.61
measured 257 / 756 simultaneous_eeg_nirs__VP001__prefrontal__r0__free__middle_Hb__paired__Hb_context_75s completed stationary_feasible 0.29
measured 258 / 756 simultaneous_eeg_nirs__VP001__prefrontal__r0__chain_matched__middle_Hb__paired__standard completed stationary_feasible 0.67
measured 259 / 756 simultaneous_eeg_nirs__VP001__prefrontal__r0__chain_matched__middle_HbR__paired__standard completed stationary_feasible 0.61
measured 260 / 756 simultaneous_eeg_nirs__VP001__prefrontal__r0__chain_matched__middle_Hb__Hb_only__standard completed stationary_feasible 0.48
measured 261 / 756 simultaneous_eeg_nirs__VP001__prefrontal__r0__free__full__paired__Hb_context_75s completed stationary_feasible 0.37
measured 262 / 756 simultaneous_eeg_nirs__VP001__prefrontal__r0__free__full__paired__boundaries_140_260 completed stationary_feasible 0.38
measured 263 / 756 simultaneous_eeg_nirs__VP001__prefrontal__r0__free__full__paired__boundaries_100_220 completed stationary_feasible 0.48
measured 264 / 756 simultaneous_eeg_nirs__VP001__prefrontal__r0__chain_matched__middle_HbR__Hb_only__standard completed stationary_feasible 0.5
measured 265 / 756 simultaneous_eeg_nirs__VP001__prefrontal__r0__chain_matched__middle_Hb__wrong_pair__standard completed stationary_feasible 0.6
measured 266 / 756 simultaneous_eeg_nirs__VP001__prefrontal__r0__chain_matched__middle_HbR__wrong_pair__standard completed stationary_feasible 0.62
measured 267 / 756 simultaneous_eeg_nirs__VP001__prefrontal__r0__chain_first__full__paired__standard completed stationary_feasible 0.76
measured 268 / 756 simultaneous_eeg_nirs__VP001__prefrontal__r0__chain_first__middle_Hb__paired__standard completed stationary_feasible 0.75
measured 269 / 756 simultaneous_eeg_nirs__VP001__prefrontal__r0__chain_matched__middle_Hb__paired__Hb_context_75s completed stationary_feasible 0.6
measured 270 / 756 simultaneous_eeg_nirs__VP001__prefrontal__r0__chain_matched__full__paired__boundaries_100_220 completed stationary_feasible 0.61
measured 271 / 756 simultaneous_eeg_nirs__VP001__prefrontal__r0__chain_matched__full__paired__boundaries_140_260 completed stationary_feasible 0.62
measured 272 / 756 simultaneous_eeg_nirs__VP001__prefrontal__r0__chain_matched__full__paired__Hb_context_75s completed stationary_feasible 0.62
measured 273 / 756 simultaneous_eeg_nirs__VP001__prefrontal__r0__chain_first__middle_HbR__paired__standard completed stationary_feasible 0.76
measured 274 / 756 simultaneous_eeg_nirs__VP001__prefrontal__r1__free__full__paired__standard completed stationary_feasible 0.86
measured 275 / 756 simultaneous_eeg_nirs__VP001__prefrontal__r1__free__middle_Hb__paired__standard completed stationary_feasible 0.88
measured 276 / 756 simultaneous_eeg_nirs__VP001__prefrontal__r1__free__middle_HbR__paired__standard completed stationary_feasible 0.85
measured 277 / 756 simultaneous_eeg_nirs__VP001__prefrontal__r1__free__middle_Hb__paired__Hb_context_75s completed stationary_feasible 0.46
measured 278 / 756 simultaneous_eeg_nirs__VP002__prefrontal__r0__free__middle_HbR__paired__standard completed stationary_feasible 0.4
measured 279 / 756 simultaneous_eeg_nirs__VP002__prefrontal__r0__free__middle_Hb__paired__standard completed stationary_feasible 0.42
measured 280 / 756 simultaneous_eeg_nirs__VP001__prefrontal__r1__free__full__paired__Hb_context_75s completed stationary_feasible 0.58
measured 281 / 756 simultaneous_eeg_nirs__VP001__prefrontal__r1__free__full__paired__boundaries_100_220 completed stationary_feasible 0.69
measured 282 / 756 simultaneous_eeg_nirs__VP002__prefrontal__r0__free__full__paired__standard completed stationary_feasible 0.6
measured 283 / 756 simultaneous_eeg_nirs__VP001__prefrontal__r1__free__full__paired__boundaries_140_260 completed stationary_feasible 0.87
measured 284 / 756 simultaneous_eeg_nirs__VP001__prefrontal__r1__chain_matched__full__paired__standard completed stationary_feasible 1.19
measured 285 / 756 simultaneous_eeg_nirs__VP001__prefrontal__r1__chain_matched__middle_Hb__paired__Hb_context_75s completed stationary_feasible 0.77
measured 286 / 756 simultaneous_eeg_nirs__VP002__prefrontal__r0__chain_matched__middle_Hb__Hb_only__standard completed stationary_feasible 0.47
measured 287 / 756 simultaneous_eeg_nirs__VP001__prefrontal__r1__chain_matched__full__paired__Hb_context_75s completed stationary_feasible 0.98
measured 288 / 756 simultaneous_eeg_nirs__VP001__prefrontal__r1__chain_matched__middle_Hb__paired__standard completed stationary_feasible 1.47
measured 289 / 756 simultaneous_eeg_nirs__VP002__prefrontal__r0__chain_matched__middle_Hb__paired__standard completed stationary_feasible 0.68
measured 290 / 756 simultaneous_eeg_nirs__VP001__prefrontal__r1__chain_first__full__paired__standard completed stationary_feasible 1.38
measured 291 / 756 simultaneous_eeg_nirs__VP002__prefrontal__r0__chain_matched__middle_HbR__paired__standard completed stationary_feasible 0.71
measured 292 / 756 simultaneous_eeg_nirs__VP001__prefrontal__r1__chain_matched__full__paired__boundaries_100_220 completed stationary_feasible 1.13
measured 293 / 756 simultaneous_eeg_nirs__VP001__prefrontal__r1__chain_matched__full__paired__boundaries_140_260 completed stationary_feasible 1.14
measured 294 / 756 simultaneous_eeg_nirs__VP001__prefrontal__r1__chain_matched__middle_HbR__paired__standard completed stationary_feasible 1.58
measured 295 / 756 simultaneous_eeg_nirs__VP002__prefrontal__r0__chain_matched__middle_HbR__Hb_only__standard completed stationary_feasible 0.49
measured 296 / 756 simultaneous_eeg_nirs__VP002__prefrontal__r0__chain_matched__full__paired__standard completed stationary_feasible 0.87
measured 297 / 756 simultaneous_eeg_nirs__VP002__prefrontal__r0__chain_first__middle_Hb__paired__standard completed stationary_feasible 0.75
measured 298 / 756 simultaneous_eeg_nirs__VP002__prefrontal__r0__chain_matched__middle_Hb__wrong_pair__standard completed stationary_feasible 0.79
measured 299 / 756 simultaneous_eeg_nirs__VP002__prefrontal__r0__free__full__paired__boundaries_140_260 completed stationary_feasible 0.55
measured 300 / 756 simultaneous_eeg_nirs__VP002__prefrontal__r0__chain_first__middle_HbR__paired__standard completed stationary_feasible 0.89
measured 301 / 756 simultaneous_eeg_nirs__VP001__prefrontal__r1__chain_matched__middle_HbR__wrong_pair__standard completed stationary_feasible 1.57
measured 302 / 756 simultaneous_eeg_nirs__VP002__prefrontal__r0__free__full__paired__boundaries_100_220 completed stationary_feasible 0.62
measured 303 / 756 simultaneous_eeg_nirs__VP002__prefrontal__r0__free__middle_Hb__paired__Hb_context_75s completed stationary_feasible 0.42
measured 304 / 756 simultaneous_eeg_nirs__VP002__prefrontal__r0__free__full__paired__Hb_context_75s completed stationary_feasible 0.46
measured 305 / 756 simultaneous_eeg_nirs__VP001__prefrontal__r1__chain_matched__middle_Hb__wrong_pair__standard completed stationary_feasible 1.68
measured 306 / 756 simultaneous_eeg_nirs__VP002__prefrontal__r0__chain_matched__middle_HbR__wrong_pair__standard completed stationary_feasible 0.85
measured 307 / 756 simultaneous_eeg_nirs__VP002__prefrontal__r1__free__middle_Hb__paired__standard completed stationary_feasible 0.41
measured 308 / 756 simultaneous_eeg_nirs__VP002__prefrontal__r0__chain_first__full__paired__standard completed stationary_feasible 1.17
measured 309 / 756 simultaneous_eeg_nirs__VP002__prefrontal__r1__free__middle_HbR__paired__standard completed stationary_feasible 0.42
measured 310 / 756 simultaneous_eeg_nirs__VP002__prefrontal__r0__chain_matched__middle_Hb__paired__Hb_context_75s completed stationary_feasible 0.58
measured 311 / 756 simultaneous_eeg_nirs__VP002__prefrontal__r1__free__full__paired__standard completed stationary_feasible 0.65
measured 312 / 756 simultaneous_eeg_nirs__VP001__prefrontal__r1__chain_first__middle_HbR__paired__standard completed stationary_feasible 1.99
measured 313 / 756 simultaneous_eeg_nirs__VP001__prefrontal__r1__chain_first__middle_Hb__paired__standard completed stationary_feasible 2.11
measured 314 / 756 simultaneous_eeg_nirs__VP002__prefrontal__r0__chain_matched__full__paired__Hb_context_75s completed stationary_feasible 0.79
measured 315 / 756 simultaneous_eeg_nirs__VP002__prefrontal__r0__chain_matched__full__paired__boundaries_100_220 completed stationary_feasible 0.87
measured 316 / 756 simultaneous_eeg_nirs__VP002__prefrontal__r1__chain_matched__middle_HbR__Hb_only__standard completed stationary_feasible 0.48
measured 317 / 756 simultaneous_eeg_nirs__VP002__prefrontal__r0__chain_matched__full__paired__boundaries_140_260 completed stationary_feasible 0.87
measured 318 / 756 simultaneous_eeg_nirs__VP002__prefrontal__r1__chain_matched__middle_Hb__Hb_only__standard completed stationary_feasible 0.57
measured 319 / 756 simultaneous_eeg_nirs__VP002__prefrontal__r1__free__middle_Hb__paired__Hb_context_75s completed stationary_feasible 0.4
measured 320 / 756 simultaneous_eeg_nirs__VP002__prefrontal__r1__chain_matched__middle_HbR__paired__standard completed stationary_feasible 0.76
measured 321 / 756 simultaneous_eeg_nirs__VP002__prefrontal__r1__chain_matched__middle_Hb__paired__standard completed stationary_feasible 0.77
measured 322 / 756 simultaneous_eeg_nirs__VP002__prefrontal__r1__free__full__paired__boundaries_100_220 completed stationary_feasible 0.61
measured 323 / 756 simultaneous_eeg_nirs__VP002__prefrontal__r1__free__full__paired__Hb_context_75s completed stationary_feasible 0.57
measured 324 / 756 simultaneous_eeg_nirs__VP002__prefrontal__r1__free__full__paired__boundaries_140_260 completed stationary_feasible 0.68
measured 325 / 756 simultaneous_eeg_nirs__VP002__prefrontal__r1__chain_matched__full__paired__standard completed stationary_feasible 1.0
measured 326 / 756 simultaneous_eeg_nirs__VP002__prefrontal__r1__chain_first__middle_Hb__paired__standard completed stationary_feasible 0.86
measured 327 / 756 simultaneous_eeg_nirs__VP002__prefrontal__r1__chain_matched__middle_Hb__wrong_pair__standard completed stationary_feasible 0.87
measured 328 / 756 simultaneous_eeg_nirs__VP002__prefrontal__r1__chain_matched__middle_HbR__wrong_pair__standard completed stationary_feasible 0.87
measured 329 / 756 simultaneous_eeg_nirs__VP002__prefrontal__r1__chain_first__middle_HbR__paired__standard completed stationary_feasible 0.99
measured 330 / 756 simultaneous_eeg_nirs__VP004__prefrontal__r0__free__full__paired__standard completed stationary_feasible 0.58
measured 331 / 756 simultaneous_eeg_nirs__VP004__prefrontal__r0__free__middle_HbR__paired__standard completed stationary_feasible 0.57
measured 332 / 756 simultaneous_eeg_nirs__VP004__prefrontal__r0__free__middle_Hb__paired__standard completed stationary_feasible 0.64
measured 333 / 756 simultaneous_eeg_nirs__VP002__prefrontal__r1__chain_matched__middle_Hb__paired__Hb_context_75s completed stationary_feasible 0.74
measured 334 / 756 simultaneous_eeg_nirs__VP002__prefrontal__r1__chain_first__full__paired__standard completed stationary_feasible 1.28
measured 335 / 756 simultaneous_eeg_nirs__VP002__prefrontal__r1__chain_matched__full__paired__boundaries_100_220 completed stationary_feasible 0.98
measured 336 / 756 simultaneous_eeg_nirs__VP004__prefrontal__r0__chain_matched__middle_Hb__Hb_only__standard completed stationary_feasible 0.47
measured 337 / 756 simultaneous_eeg_nirs__VP002__prefrontal__r1__chain_matched__full__paired__boundaries_140_260 completed stationary_feasible 1.0
measured 338 / 756 simultaneous_eeg_nirs__VP004__prefrontal__r0__chain_matched__middle_HbR__Hb_only__standard completed stationary_feasible 0.5
measured 339 / 756 simultaneous_eeg_nirs__VP002__prefrontal__r1__chain_matched__full__paired__Hb_context_75s completed stationary_feasible 0.96
measured 340 / 756 simultaneous_eeg_nirs__VP004__prefrontal__r0__free__full__paired__boundaries_100_220 completed stationary_feasible 0.61
measured 341 / 756 simultaneous_eeg_nirs__VP004__prefrontal__r0__free__full__paired__boundaries_140_260 completed stationary_feasible 0.61
measured 342 / 756 simultaneous_eeg_nirs__VP004__prefrontal__r0__chain_matched__full__paired__standard completed stationary_feasible 0.94
measured 343 / 756 simultaneous_eeg_nirs__VP004__prefrontal__r0__chain_matched__middle_Hb__paired__standard completed stationary_feasible 0.96
measured 344 / 756 simultaneous_eeg_nirs__VP004__prefrontal__r0__free__full__paired__Hb_context_75s completed stationary_feasible 0.6
measured 345 / 756 simultaneous_eeg_nirs__VP004__prefrontal__r0__chain_matched__middle_HbR__paired__standard completed stationary_feasible 0.97
measured 346 / 756 simultaneous_eeg_nirs__VP004__prefrontal__r0__free__middle_Hb__paired__Hb_context_75s completed stationary_feasible 0.6
measured 347 / 756 simultaneous_eeg_nirs__VP004__prefrontal__r0__chain_matched__middle_Hb__wrong_pair__standard completed stationary_feasible 0.97
measured 348 / 756 simultaneous_eeg_nirs__VP004__prefrontal__r1__free__middle_Hb__paired__standard completed stationary_feasible 0.53
measured 349 / 756 simultaneous_eeg_nirs__VP004__prefrontal__r0__chain_first__full__paired__standard completed stationary_feasible 1.14
measured 350 / 756 simultaneous_eeg_nirs__VP004__prefrontal__r0__chain_first__middle_Hb__paired__standard completed stationary_feasible 1.14
measured 351 / 756 simultaneous_eeg_nirs__VP004__prefrontal__r1__free__middle_HbR__paired__standard completed stationary_feasible 0.53
measured 352 / 756 simultaneous_eeg_nirs__VP004__prefrontal__r0__chain_first__middle_HbR__paired__standard completed stationary_feasible 1.18
measured 353 / 756 simultaneous_eeg_nirs__VP004__prefrontal__r0__chain_matched__middle_HbR__wrong_pair__standard completed stationary_feasible 1.01
measured 354 / 756 simultaneous_eeg_nirs__VP004__prefrontal__r1__free__full__paired__standard completed stationary_feasible 0.66
measured 355 / 756 simultaneous_eeg_nirs__VP004__prefrontal__r0__chain_matched__full__paired__boundaries_100_220 completed stationary_feasible 0.95
measured 356 / 756 simultaneous_eeg_nirs__VP004__prefrontal__r0__chain_matched__full__paired__Hb_context_75s completed stationary_feasible 0.88
measured 357 / 756 simultaneous_eeg_nirs__VP004__prefrontal__r0__chain_matched__full__paired__boundaries_140_260 completed stationary_feasible 0.95
measured 358 / 756 simultaneous_eeg_nirs__VP004__prefrontal__r0__chain_matched__middle_Hb__paired__Hb_context_75s completed stationary_feasible 0.94
measured 359 / 756 simultaneous_eeg_nirs__VP004__prefrontal__r1__chain_matched__middle_Hb__paired__standard completed stationary_feasible 0.78
measured 360 / 756 simultaneous_eeg_nirs__VP004__prefrontal__r1__chain_matched__full__paired__standard completed stationary_feasible 0.81
measured 361 / 756 simultaneous_eeg_nirs__VP004__prefrontal__r1__chain_matched__middle_Hb__Hb_only__standard completed stationary_feasible 0.68
measured 362 / 756 simultaneous_eeg_nirs__VP004__prefrontal__r1__free__middle_Hb__paired__Hb_context_75s completed stationary_feasible 0.46
measured 363 / 756 simultaneous_eeg_nirs__VP004__prefrontal__r1__free__full__paired__boundaries_100_220 completed stationary_feasible 0.56
measured 364 / 756 simultaneous_eeg_nirs__VP004__prefrontal__r1__chain_matched__middle_HbR__Hb_only__standard completed stationary_feasible 0.68
measured 365 / 756 simultaneous_eeg_nirs__VP004__prefrontal__r1__free__full__paired__Hb_context_75s completed stationary_feasible 0.52
measured 366 / 756 simultaneous_eeg_nirs__VP004__prefrontal__r1__chain_matched__middle_HbR__paired__standard completed stationary_feasible 0.95
measured 367 / 756 simultaneous_eeg_nirs__VP004__prefrontal__r1__chain_matched__middle_Hb__wrong_pair__standard completed stationary_feasible 0.79
measured 368 / 756 simultaneous_eeg_nirs__VP004__prefrontal__r1__chain_matched__middle_HbR__wrong_pair__standard completed stationary_feasible 0.79
measured 369 / 756 simultaneous_eeg_nirs__VP004__prefrontal__r1__free__full__paired__boundaries_140_260 completed stationary_feasible 0.6
measured 370 / 756 simultaneous_eeg_nirs__VP004__prefrontal__r1__chain_first__middle_Hb__paired__standard completed stationary_feasible 0.95
measured 371 / 756 simultaneous_eeg_nirs__VP004__prefrontal__r1__chain_first__full__paired__standard completed stationary_feasible 0.97
measured 372 / 756 simultaneous_eeg_nirs__VP004__prefrontal__r1__chain_matched__middle_Hb__paired__Hb_context_75s completed stationary_feasible 0.59
measured 373 / 756 simultaneous_eeg_nirs__VP004__prefrontal__r1__chain_first__middle_HbR__paired__standard completed stationary_feasible 1.06
measured 374 / 756 simultaneous_eeg_nirs__VP004__prefrontal__r1__chain_matched__full__paired__boundaries_100_220 completed stationary_feasible 0.78
measured 375 / 756 simultaneous_eeg_nirs__VP005__prefrontal__r0__free__middle_Hb__paired__standard completed stationary_feasible 0.58
measured 376 / 756 simultaneous_eeg_nirs__VP004__prefrontal__r1__chain_matched__full__paired__boundaries_140_260 completed stationary_feasible 0.81
measured 377 / 756 simultaneous_eeg_nirs__VP004__prefrontal__r1__chain_matched__full__paired__Hb_context_75s completed stationary_feasible 0.8
measured 378 / 756 simultaneous_eeg_nirs__VP005__prefrontal__r0__free__middle_HbR__paired__standard completed stationary_feasible 0.58
measured 379 / 756 simultaneous_eeg_nirs__VP005__prefrontal__r0__free__full__paired__standard completed stationary_feasible 0.7
measured 380 / 756 simultaneous_eeg_nirs__VP005__prefrontal__r0__free__full__paired__boundaries_100_220 completed stationary_feasible 0.61
measured 381 / 756 simultaneous_eeg_nirs__VP005__prefrontal__r0__free__full__paired__boundaries_140_260 completed stationary_feasible 0.61
measured 382 / 756 simultaneous_eeg_nirs__VP005__prefrontal__r0__chain_matched__middle_Hb__paired__standard completed stationary_feasible 0.87
measured 383 / 756 simultaneous_eeg_nirs__VP005__prefrontal__r0__free__middle_Hb__paired__Hb_context_75s completed stationary_feasible 0.59
measured 384 / 756 simultaneous_eeg_nirs__VP005__prefrontal__r0__chain_matched__full__paired__standard completed stationary_feasible 0.96
measured 385 / 756 simultaneous_eeg_nirs__VP005__prefrontal__r0__free__full__paired__Hb_context_75s completed stationary_feasible 0.65
measured 386 / 756 simultaneous_eeg_nirs__VP005__prefrontal__r0__chain_matched__middle_HbR__paired__standard completed stationary_feasible 1.0
measured 387 / 756 simultaneous_eeg_nirs__VP005__prefrontal__r0__chain_matched__middle_Hb__wrong_pair__standard completed stationary_feasible 0.87
measured 388 / 756 simultaneous_eeg_nirs__VP005__prefrontal__r0__chain_matched__middle_HbR__wrong_pair__standard completed stationary_feasible 0.96
measured 389 / 756 simultaneous_eeg_nirs__VP005__prefrontal__r1__free__middle_Hb__paired__standard completed stationary_feasible 0.71
measured 390 / 756 simultaneous_eeg_nirs__VP005__prefrontal__r1__free__middle_HbR__paired__standard completed stationary_feasible 0.68
measured 391 / 756 simultaneous_eeg_nirs__VP005__prefrontal__r0__chain_first__middle_Hb__paired__standard completed stationary_feasible 1.16
measured 392 / 756 simultaneous_eeg_nirs__VP005__prefrontal__r1__free__full__paired__standard completed stationary_feasible 0.79
measured 393 / 756 simultaneous_eeg_nirs__VP005__prefrontal__r0__chain_first__full__paired__standard completed stationary_feasible 1.19
measured 394 / 756 simultaneous_eeg_nirs__VP001__prefrontal__r1__chain_matched__middle_Hb__Hb_only__standard completed stationary_feasible 4.98
measured 395 / 756 simultaneous_eeg_nirs__VP005__prefrontal__r0__chain_matched__full__paired__Hb_context_75s completed stationary_feasible 0.86
measured 396 / 756 simultaneous_eeg_nirs__VP005__prefrontal__r0__chain_matched__full__paired__boundaries_100_220 completed stationary_feasible 1.0
measured 397 / 756 simultaneous_eeg_nirs__VP005__prefrontal__r0__chain_matched__middle_Hb__paired__Hb_context_75s completed stationary_feasible 0.87
measured 398 / 756 simultaneous_eeg_nirs__VP005__prefrontal__r0__chain_first__middle_HbR__paired__standard completed stationary_feasible 1.27
measured 399 / 756 simultaneous_eeg_nirs__VP005__prefrontal__r0__chain_matched__full__paired__boundaries_140_260 completed stationary_feasible 0.96
measured 400 / 756 simultaneous_eeg_nirs__VP005__prefrontal__r1__chain_matched__middle_Hb__Hb_only__standard completed stationary_feasible 0.77
measured 401 / 756 simultaneous_eeg_nirs__VP005__prefrontal__r1__chain_matched__middle_HbR__Hb_only__standard completed stationary_feasible 0.64
measured 402 / 756 simultaneous_eeg_nirs__VP005__prefrontal__r1__chain_matched__full__paired__standard completed stationary_feasible 1.23
measured 403 / 756 simultaneous_eeg_nirs__VP007__prefrontal__r0__free__full__paired__standard completed stationary_feasible 0.49
measured 404 / 756 simultaneous_eeg_nirs__VP007__prefrontal__r0__free__middle_HbR__paired__standard completed stationary_feasible 0.46
measured 405 / 756 simultaneous_eeg_nirs__VP007__prefrontal__r0__free__middle_Hb__paired__standard completed stationary_feasible 0.49
measured 406 / 756 simultaneous_eeg_nirs__VP005__prefrontal__r1__free__middle_Hb__paired__Hb_context_75s completed stationary_feasible 0.66
measured 407 / 756 simultaneous_eeg_nirs__VP005__prefrontal__r1__chain_matched__middle_HbR__paired__standard completed stationary_feasible 1.11
measured 408 / 756 simultaneous_eeg_nirs__VP005__prefrontal__r1__free__full__paired__boundaries_100_220 completed stationary_feasible 0.75
measured 409 / 756 simultaneous_eeg_nirs__VP005__prefrontal__r1__free__full__paired__boundaries_140_260 completed stationary_feasible 0.75
measured 410 / 756 simultaneous_eeg_nirs__VP005__prefrontal__r1__free__full__paired__Hb_context_75s completed stationary_feasible 0.71
measured 411 / 756 simultaneous_eeg_nirs__VP005__prefrontal__r1__chain_matched__middle_Hb__paired__standard completed stationary_feasible 1.17
measured 412 / 756 simultaneous_eeg_nirs__VP005__prefrontal__r0__chain_matched__middle_HbR__Hb_only__standard completed stationary_feasible 1.83
measured 413 / 756 simultaneous_eeg_nirs__VP005__prefrontal__r1__chain_matched__middle_Hb__wrong_pair__standard completed stationary_feasible 1.18
measured 414 / 756 simultaneous_eeg_nirs__VP005__prefrontal__r1__chain_matched__middle_HbR__wrong_pair__standard completed stationary_feasible 1.19
measured 415 / 756 simultaneous_eeg_nirs__VP005__prefrontal__r1__chain_first__middle_Hb__paired__standard completed stationary_feasible 1.37
measured 416 / 756 simultaneous_eeg_nirs__VP005__prefrontal__r1__chain_matched__middle_Hb__paired__Hb_context_75s completed stationary_feasible 0.96
measured 417 / 756 simultaneous_eeg_nirs__VP005__prefrontal__r1__chain_first__middle_HbR__paired__standard completed stationary_feasible 1.42
measured 418 / 756 simultaneous_eeg_nirs__VP005__prefrontal__r1__chain_matched__full__paired__Hb_context_75s completed stationary_feasible 1.06
measured 419 / 756 simultaneous_eeg_nirs__VP007__prefrontal__r0__free__full__paired__boundaries_100_220 completed stationary_feasible 0.5
measured 420 / 756 simultaneous_eeg_nirs__VP007__prefrontal__r0__free__full__paired__boundaries_140_260 completed stationary_feasible 0.5
measured 421 / 756 simultaneous_eeg_nirs__VP007__prefrontal__r0__free__middle_Hb__paired__Hb_context_75s completed stationary_feasible 0.37
measured 422 / 756 simultaneous_eeg_nirs__VP007__prefrontal__r0__free__full__paired__Hb_context_75s completed stationary_feasible 0.49
measured 423 / 756 simultaneous_eeg_nirs__VP005__prefrontal__r1__chain_matched__full__paired__boundaries_140_260 completed stationary_feasible 1.24
measured 424 / 756 simultaneous_eeg_nirs__VP005__prefrontal__r1__chain_matched__full__paired__boundaries_100_220 completed stationary_feasible 1.31
measured 425 / 756 simultaneous_eeg_nirs__VP007__prefrontal__r0__chain_matched__middle_HbR__paired__standard completed stationary_feasible 0.85
measured 426 / 756 simultaneous_eeg_nirs__VP005__prefrontal__r1__chain_first__full__paired__standard completed stationary_feasible 1.82
measured 427 / 756 simultaneous_eeg_nirs__VP007__prefrontal__r0__chain_first__middle_Hb__paired__standard completed stationary_feasible 0.82
measured 428 / 756 simultaneous_eeg_nirs__VP007__prefrontal__r0__chain_matched__middle_Hb__paired__standard completed stationary_feasible 0.89
measured 429 / 756 simultaneous_eeg_nirs__VP007__prefrontal__r0__chain_matched__full__paired__standard completed stationary_feasible 0.92
measured 430 / 756 simultaneous_eeg_nirs__VP007__prefrontal__r0__chain_first__middle_HbR__paired__standard completed stationary_feasible 0.86
measured 431 / 756 simultaneous_eeg_nirs__VP007__prefrontal__r0__chain_first__full__paired__standard completed stationary_feasible 0.91
measured 432 / 756 simultaneous_eeg_nirs__VP007__prefrontal__r1__free__full__paired__standard completed stationary_feasible 0.41
measured 433 / 756 simultaneous_eeg_nirs__VP007__prefrontal__r0__chain_matched__middle_HbR__Hb_only__standard completed stationary_feasible 0.82
measured 434 / 756 simultaneous_eeg_nirs__VP007__prefrontal__r1__free__middle_Hb__paired__standard completed stationary_feasible 0.36
measured 435 / 756 simultaneous_eeg_nirs__VP007__prefrontal__r0__chain_matched__middle_Hb__wrong_pair__standard completed stationary_feasible 0.91
measured 436 / 756 simultaneous_eeg_nirs__VP007__prefrontal__r1__free__middle_HbR__paired__standard completed stationary_feasible 0.38
measured 437 / 756 simultaneous_eeg_nirs__VP007__prefrontal__r0__chain_matched__middle_HbR__wrong_pair__standard completed stationary_feasible 0.94
measured 438 / 756 simultaneous_eeg_nirs__VP007__prefrontal__r0__chain_matched__middle_Hb__paired__Hb_context_75s completed stationary_feasible 0.56
measured 439 / 756 simultaneous_eeg_nirs__VP007__prefrontal__r0__chain_matched__middle_Hb__Hb_only__standard completed stationary_feasible 0.98
measured 440 / 756 simultaneous_eeg_nirs__VP007__prefrontal__r1__chain_matched__full__paired__standard completed stationary_feasible 0.43
measured 441 / 756 simultaneous_eeg_nirs__VP005__prefrontal__r0__chain_matched__middle_Hb__Hb_only__standard completed stationary_feasible 2.85
measured 442 / 756 simultaneous_eeg_nirs__VP007__prefrontal__r0__chain_matched__full__paired__Hb_context_75s completed stationary_feasible 0.75
measured 443 / 756 simultaneous_eeg_nirs__VP007__prefrontal__r1__chain_matched__middle_HbR__paired__standard completed stationary_feasible 0.58
measured 444 / 756 simultaneous_eeg_nirs__VP007__prefrontal__r1__free__full__paired__boundaries_140_260 completed stationary_feasible 0.35
measured 445 / 756 simultaneous_eeg_nirs__VP007__prefrontal__r1__chain_matched__middle_Hb__paired__standard completed stationary_feasible 0.62
measured 446 / 756 simultaneous_eeg_nirs__VP007__prefrontal__r0__chain_matched__full__paired__boundaries_100_220 completed stationary_feasible 0.92
measured 447 / 756 simultaneous_eeg_nirs__VP007__prefrontal__r1__free__full__paired__Hb_context_75s completed stationary_feasible 0.35
measured 448 / 756 simultaneous_eeg_nirs__VP007__prefrontal__r1__free__middle_Hb__paired__Hb_context_75s completed stationary_feasible 0.3
measured 449 / 756 simultaneous_eeg_nirs__VP007__prefrontal__r1__free__full__paired__boundaries_100_220 completed stationary_feasible 0.39
measured 450 / 756 simultaneous_eeg_nirs__VP007__prefrontal__r0__chain_matched__full__paired__boundaries_140_260 completed stationary_feasible 0.92
measured 451 / 756 simultaneous_eeg_nirs__VP007__prefrontal__r1__chain_first__middle_Hb__paired__standard completed stationary_feasible 0.56
measured 452 / 756 simultaneous_eeg_nirs__VP007__prefrontal__r1__chain_first__full__paired__standard completed stationary_feasible 0.62
measured 453 / 756 simultaneous_eeg_nirs__VP007__prefrontal__r1__chain_matched__middle_Hb__wrong_pair__standard completed stationary_feasible 0.56
measured 454 / 756 simultaneous_eeg_nirs__VP007__prefrontal__r1__chain_first__middle_HbR__paired__standard completed stationary_feasible 0.62
measured 455 / 756 simultaneous_eeg_nirs__VP007__prefrontal__r1__chain_matched__full__paired__boundaries_140_260 completed stationary_feasible 0.41
measured 456 / 756 simultaneous_eeg_nirs__VP007__prefrontal__r1__chain_matched__middle_HbR__Hb_only__standard completed stationary_feasible 0.57
measured 457 / 756 simultaneous_eeg_nirs__VP007__prefrontal__r1__chain_matched__middle_Hb__Hb_only__standard completed stationary_feasible 0.62
measured 458 / 756 simultaneous_eeg_nirs__VP007__prefrontal__r1__chain_matched__middle_HbR__wrong_pair__standard completed stationary_feasible 0.62
measured 459 / 756 simultaneous_eeg_nirs__VP007__prefrontal__r1__chain_matched__full__paired__boundaries_100_220 completed stationary_feasible 0.51
measured 460 / 756 simultaneous_eeg_nirs__VP007__prefrontal__r1__chain_matched__middle_Hb__paired__Hb_context_75s completed stationary_feasible 0.47
measured 461 / 756 simultaneous_eeg_nirs__VP008__prefrontal__r0__free__full__paired__standard completed stationary_feasible 0.51
measured 462 / 756 simultaneous_eeg_nirs__VP008__prefrontal__r0__free__middle_Hb__paired__standard completed stationary_feasible 0.48
measured 463 / 756 simultaneous_eeg_nirs__VP008__prefrontal__r0__free__middle_HbR__paired__standard completed stationary_feasible 0.46
measured 464 / 756 simultaneous_eeg_nirs__VP007__prefrontal__r1__chain_matched__full__paired__Hb_context_75s completed stationary_feasible 0.62
measured 465 / 756 simultaneous_eeg_nirs__VP008__prefrontal__r0__free__middle_Hb__paired__Hb_context_75s completed stationary_feasible 0.26
measured 466 / 756 simultaneous_eeg_nirs__VP008__prefrontal__r0__free__full__paired__boundaries_100_220 completed stationary_feasible 0.51
measured 467 / 756 simultaneous_eeg_nirs__VP008__prefrontal__r1__free__full__paired__standard completed stationary_feasible 0.36
measured 468 / 756 simultaneous_eeg_nirs__VP008__prefrontal__r0__free__full__paired__boundaries_140_260 completed stationary_feasible 0.52
measured 469 / 756 simultaneous_eeg_nirs__VP008__prefrontal__r0__free__full__paired__Hb_context_75s completed stationary_feasible 0.5
measured 470 / 756 simultaneous_eeg_nirs__VP008__prefrontal__r1__free__middle_Hb__paired__standard completed stationary_feasible 0.37
measured 471 / 756 simultaneous_eeg_nirs__VP008__prefrontal__r1__free__middle_HbR__paired__standard completed stationary_feasible 0.38
measured 472 / 756 simultaneous_eeg_nirs__VP008__prefrontal__r0__chain_matched__middle_Hb__paired__Hb_context_75s completed stationary_feasible 0.51
measured 473 / 756 simultaneous_eeg_nirs__VP008__prefrontal__r0__chain_matched__middle_Hb__paired__standard completed stationary_feasible 0.77
measured 474 / 756 simultaneous_eeg_nirs__VP008__prefrontal__r0__chain_matched__middle_HbR__paired__standard completed stationary_feasible 0.77
measured 475 / 756 simultaneous_eeg_nirs__VP008__prefrontal__r0__chain_matched__full__paired__standard completed stationary_feasible 0.86
measured 476 / 756 simultaneous_eeg_nirs__VP008__prefrontal__r0__chain_matched__middle_Hb__wrong_pair__standard completed stationary_feasible 0.81
measured 477 / 756 simultaneous_eeg_nirs__VP008__prefrontal__r0__chain_first__middle_Hb__paired__standard completed stationary_feasible 0.81
measured 478 / 756 simultaneous_eeg_nirs__VP008__prefrontal__r0__chain_matched__middle_HbR__Hb_only__standard completed stationary_feasible 0.74
measured 479 / 756 simultaneous_eeg_nirs__VP008__prefrontal__r0__chain_first__middle_HbR__paired__standard completed stationary_feasible 0.86
measured 480 / 756 simultaneous_eeg_nirs__VP008__prefrontal__r0__chain_matched__middle_Hb__Hb_only__standard completed stationary_feasible 0.89
measured 481 / 756 simultaneous_eeg_nirs__VP008__prefrontal__r0__chain_matched__middle_HbR__wrong_pair__standard completed stationary_feasible 0.89
measured 482 / 756 simultaneous_eeg_nirs__VP008__prefrontal__r1__chain_matched__full__paired__standard completed stationary_feasible 0.66
measured 483 / 756 simultaneous_eeg_nirs__VP008__prefrontal__r1__chain_matched__middle_Hb__paired__standard completed stationary_feasible 0.62
measured 484 / 756 simultaneous_eeg_nirs__VP008__prefrontal__r0__chain_first__full__paired__standard completed stationary_feasible 1.02
measured 485 / 756 simultaneous_eeg_nirs__VP008__prefrontal__r1__chain_matched__middle_HbR__paired__standard completed stationary_feasible 0.62
measured 486 / 756 simultaneous_eeg_nirs__VP008__prefrontal__r0__chain_matched__full__paired__boundaries_140_260 completed stationary_feasible 0.86
measured 487 / 756 simultaneous_eeg_nirs__VP008__prefrontal__r0__chain_matched__full__paired__boundaries_100_220 completed stationary_feasible 0.88
measured 488 / 756 simultaneous_eeg_nirs__VP008__prefrontal__r0__chain_matched__full__paired__Hb_context_75s completed stationary_feasible 0.91
measured 489 / 756 simultaneous_eeg_nirs__VP008__prefrontal__r1__free__full__paired__boundaries_100_220 completed stationary_feasible 0.37
measured 490 / 756 simultaneous_eeg_nirs__VP008__prefrontal__r1__free__full__paired__boundaries_140_260 completed stationary_feasible 0.36
measured 491 / 756 simultaneous_eeg_nirs__VP008__prefrontal__r1__free__middle_Hb__paired__Hb_context_75s completed stationary_feasible 0.35
measured 492 / 756 simultaneous_eeg_nirs__VP008__prefrontal__r1__free__full__paired__Hb_context_75s completed stationary_feasible 0.41
measured 493 / 756 simultaneous_eeg_nirs__VP008__prefrontal__r1__chain_first__middle_HbR__paired__standard completed stationary_feasible 0.58
measured 494 / 756 simultaneous_eeg_nirs__VP008__prefrontal__r1__chain_first__middle_Hb__paired__standard completed stationary_feasible 0.66
measured 495 / 756 simultaneous_eeg_nirs__VP008__prefrontal__r1__chain_matched__middle_HbR__wrong_pair__standard completed stationary_feasible 0.6
measured 496 / 756 simultaneous_eeg_nirs__VP008__prefrontal__r1__chain_matched__middle_HbR__Hb_only__standard completed stationary_feasible 0.6
measured 497 / 756 simultaneous_eeg_nirs__VP008__prefrontal__r1__chain_matched__middle_Hb__Hb_only__standard completed stationary_feasible 0.68
measured 498 / 756 simultaneous_eeg_nirs__VP008__prefrontal__r1__chain_matched__middle_Hb__wrong_pair__standard completed stationary_feasible 0.71
measured 499 / 756 simultaneous_eeg_nirs__VP008__prefrontal__r1__chain_first__full__paired__standard completed stationary_feasible 0.81
measured 500 / 756 visual_cognitive_motivation__S02__prefrontal__montage0__r0__free__middle_Hb__paired__standard completed stationary_feasible 0.45
measured 501 / 756 simultaneous_eeg_nirs__VP008__prefrontal__r1__chain_matched__full__paired__Hb_context_75s completed stationary_feasible 0.58
measured 502 / 756 visual_cognitive_motivation__S02__prefrontal__montage0__r0__free__full__paired__standard completed stationary_feasible 0.5
measured 503 / 756 simultaneous_eeg_nirs__VP008__prefrontal__r1__chain_matched__full__paired__boundaries_140_260 completed stationary_feasible 0.67
measured 504 / 756 visual_cognitive_motivation__S02__prefrontal__montage0__r0__free__middle_HbR__paired__standard completed stationary_feasible 0.5
measured 505 / 756 simultaneous_eeg_nirs__VP008__prefrontal__r1__chain_matched__middle_Hb__paired__Hb_context_75s completed stationary_feasible 0.6
measured 506 / 756 simultaneous_eeg_nirs__VP008__prefrontal__r1__chain_matched__full__paired__boundaries_100_220 completed stationary_feasible 0.72
measured 507 / 756 visual_cognitive_motivation__S02__prefrontal__montage0__r0__free__full__paired__boundaries_140_260 completed stationary_feasible 0.5
measured 508 / 756 visual_cognitive_motivation__S02__prefrontal__montage0__r0__chain_matched__middle_HbR__paired__standard completed stationary_feasible 0.76
measured 509 / 756 visual_cognitive_motivation__S02__prefrontal__montage0__r0__free__full__paired__boundaries_100_220 completed stationary_feasible 0.53
measured 510 / 756 visual_cognitive_motivation__S02__prefrontal__montage0__r0__free__full__paired__Hb_context_75s completed stationary_feasible 0.49
measured 511 / 756 visual_cognitive_motivation__S02__prefrontal__montage0__r0__chain_matched__full__paired__standard completed stationary_feasible 0.82
measured 512 / 756 visual_cognitive_motivation__S02__prefrontal__montage0__r0__chain_matched__middle_Hb__paired__standard completed stationary_feasible 0.8
measured 513 / 756 visual_cognitive_motivation__S02__prefrontal__montage0__r0__free__middle_Hb__paired__Hb_context_75s completed stationary_feasible 0.49
measured 514 / 756 visual_cognitive_motivation__S02__prefrontal__montage0__r0__chain_matched__middle_HbR__Hb_only__standard completed stationary_feasible 0.64
measured 515 / 756 visual_cognitive_motivation__S02__prefrontal__montage0__r0__chain_matched__middle_Hb__Hb_only__standard completed stationary_feasible 0.69
measured 516 / 756 visual_cognitive_motivation__S02__prefrontal__montage0__r1__free__middle_Hb__paired__standard completed stationary_feasible 0.45
measured 517 / 756 visual_cognitive_motivation__S02__prefrontal__montage0__r0__chain_matched__middle_Hb__wrong_pair__standard completed stationary_feasible 0.85
measured 518 / 756 visual_cognitive_motivation__S02__prefrontal__montage0__r1__free__middle_HbR__paired__standard completed stationary_feasible 0.5
measured 519 / 756 visual_cognitive_motivation__S02__prefrontal__montage0__r0__chain_matched__middle_HbR__wrong_pair__standard completed stationary_feasible 0.86
measured 520 / 756 visual_cognitive_motivation__S02__prefrontal__montage0__r1__free__full__paired__standard completed stationary_feasible 0.62
measured 521 / 756 visual_cognitive_motivation__S02__prefrontal__montage0__r0__chain_first__middle_Hb__paired__standard completed stationary_feasible 0.99
measured 522 / 756 visual_cognitive_motivation__S02__prefrontal__montage0__r0__chain_first__full__paired__standard completed stationary_feasible 1.07
measured 523 / 756 visual_cognitive_motivation__S02__prefrontal__montage0__r0__chain_first__middle_HbR__paired__standard completed stationary_feasible 1.05
measured 524 / 756 visual_cognitive_motivation__S02__prefrontal__montage0__r0__chain_matched__full__paired__boundaries_100_220 completed stationary_feasible 0.81
measured 525 / 756 visual_cognitive_motivation__S02__prefrontal__montage0__r0__chain_matched__full__paired__Hb_context_75s completed stationary_feasible 0.75
measured 526 / 756 visual_cognitive_motivation__S02__prefrontal__montage0__r0__chain_matched__middle_Hb__paired__Hb_context_75s completed stationary_feasible 0.75
measured 527 / 756 visual_cognitive_motivation__S02__prefrontal__montage0__r0__chain_matched__full__paired__boundaries_140_260 completed stationary_feasible 0.82
measured 528 / 756 visual_cognitive_motivation__S02__prefrontal__montage0__r1__chain_matched__middle_Hb__paired__standard completed stationary_feasible 0.81
measured 529 / 756 visual_cognitive_motivation__S02__prefrontal__montage0__r1__free__middle_Hb__paired__Hb_context_75s completed stationary_feasible 0.37
measured 530 / 756 visual_cognitive_motivation__S02__prefrontal__montage0__r1__free__full__paired__boundaries_100_220 completed stationary_feasible 0.56
measured 531 / 756 visual_cognitive_motivation__S02__prefrontal__montage0__r1__free__full__paired__Hb_context_75s completed stationary_feasible 0.46
measured 532 / 756 visual_cognitive_motivation__S02__prefrontal__montage0__r1__chain_matched__middle_HbR__Hb_only__standard completed stationary_feasible 0.65
measured 533 / 756 visual_cognitive_motivation__S02__prefrontal__montage0__r1__chain_matched__full__paired__standard completed stationary_feasible 1.0
measured 534 / 756 visual_cognitive_motivation__S02__prefrontal__montage0__r1__chain_matched__middle_Hb__Hb_only__standard completed stationary_feasible 0.68
measured 535 / 756 visual_cognitive_motivation__S02__prefrontal__montage0__r1__free__full__paired__boundaries_140_260 completed stationary_feasible 0.58
measured 536 / 756 visual_cognitive_motivation__S02__prefrontal__montage0__r1__chain_matched__middle_HbR__paired__standard completed stationary_feasible 0.8
measured 537 / 756 visual_cognitive_motivation__S02__prefrontal__montage0__r1__chain_matched__middle_Hb__wrong_pair__standard completed stationary_feasible 0.8
measured 538 / 756 visual_cognitive_motivation__S02__prefrontal__montage0__r1__chain_first__middle_Hb__paired__standard completed stationary_feasible 0.85
measured 539 / 756 visual_cognitive_motivation__S02__prefrontal__montage0__r1__chain_matched__middle_HbR__wrong_pair__standard completed stationary_feasible 0.81
measured 540 / 756 visual_cognitive_motivation__S04__prefrontal__montage0__r0__free__middle_Hb__paired__standard completed stationary_feasible 0.49
measured 541 / 756 visual_cognitive_motivation__S04__prefrontal__montage0__r0__free__middle_HbR__paired__standard completed stationary_feasible 0.47
measured 542 / 756 visual_cognitive_motivation__S02__prefrontal__montage0__r1__chain_matched__middle_Hb__paired__Hb_context_75s completed stationary_feasible 0.58
measured 543 / 756 visual_cognitive_motivation__S04__prefrontal__montage0__r0__free__full__paired__standard completed stationary_feasible 0.66
measured 544 / 756 visual_cognitive_motivation__S02__prefrontal__montage0__r1__chain_first__middle_HbR__paired__standard completed stationary_feasible 1.01
measured 545 / 756 visual_cognitive_motivation__S02__prefrontal__montage0__r1__chain_first__full__paired__standard completed stationary_feasible 1.13
measured 546 / 756 visual_cognitive_motivation__S04__prefrontal__montage0__r0__chain_matched__middle_Hb__paired__standard completed stationary_feasible 0.71
measured 547 / 756 visual_cognitive_motivation__S02__prefrontal__montage0__r1__chain_matched__full__paired__boundaries_100_220 completed stationary_feasible 0.95
measured 548 / 756 visual_cognitive_motivation__S04__prefrontal__montage0__r0__chain_matched__middle_HbR__Hb_only__standard completed stationary_feasible 0.47
measured 549 / 756 visual_cognitive_motivation__S04__prefrontal__montage0__r0__chain_matched__middle_Hb__Hb_only__standard completed stationary_feasible 0.49
measured 550 / 756 visual_cognitive_motivation__S02__prefrontal__montage0__r1__chain_matched__full__paired__Hb_context_75s completed stationary_feasible 0.91
measured 551 / 756 visual_cognitive_motivation__S04__prefrontal__montage0__r0__free__middle_Hb__paired__Hb_context_75s completed stationary_feasible 0.37
measured 552 / 756 visual_cognitive_motivation__S02__prefrontal__montage0__r1__chain_matched__full__paired__boundaries_140_260 completed stationary_feasible 0.99
measured 553 / 756 visual_cognitive_motivation__S04__prefrontal__montage0__r0__chain_matched__middle_HbR__paired__standard completed stationary_feasible 0.81
measured 554 / 756 visual_cognitive_motivation__S04__prefrontal__montage0__r0__free__full__paired__Hb_context_75s completed stationary_feasible 0.52
measured 555 / 756 visual_cognitive_motivation__S04__prefrontal__montage0__r0__chain_first__middle_Hb__paired__standard completed stationary_feasible 0.79
measured 556 / 756 visual_cognitive_motivation__S04__prefrontal__montage0__r0__chain_matched__full__paired__standard completed stationary_feasible 1.04
measured 557 / 756 visual_cognitive_motivation__S04__prefrontal__montage0__r0__chain_matched__middle_Hb__wrong_pair__standard completed stationary_feasible 0.75
measured 558 / 756 visual_cognitive_motivation__S04__prefrontal__montage0__r0__free__full__paired__boundaries_100_220 completed stationary_feasible 0.68
measured 559 / 756 visual_cognitive_motivation__S04__prefrontal__montage0__r1__free__middle_Hb__paired__standard completed stationary_feasible 0.35
measured 560 / 756 visual_cognitive_motivation__S04__prefrontal__montage0__r0__free__full__paired__boundaries_140_260 completed stationary_feasible 0.69
measured 561 / 756 visual_cognitive_motivation__S04__prefrontal__montage0__r1__free__full__paired__standard completed stationary_feasible 0.5
measured 562 / 756 visual_cognitive_motivation__S04__prefrontal__montage0__r1__free__middle_HbR__paired__standard completed stationary_feasible 0.43
measured 563 / 756 visual_cognitive_motivation__S04__prefrontal__montage0__r0__chain_matched__middle_Hb__paired__Hb_context_75s completed stationary_feasible 0.58
measured 564 / 756 visual_cognitive_motivation__S04__prefrontal__montage0__r0__chain_matched__middle_HbR__wrong_pair__standard completed stationary_feasible 0.91
measured 565 / 756 visual_cognitive_motivation__S04__prefrontal__montage0__r0__chain_matched__full__paired__Hb_context_75s completed stationary_feasible 0.78
measured 566 / 756 visual_cognitive_motivation__S04__prefrontal__montage0__r0__chain_first__middle_HbR__paired__standard completed stationary_feasible 1.06
measured 567 / 756 visual_cognitive_motivation__S04__prefrontal__montage0__r1__chain_matched__middle_Hb__paired__standard completed stationary_feasible 0.66
measured 568 / 756 visual_cognitive_motivation__S04__prefrontal__montage0__r1__free__middle_Hb__paired__Hb_context_75s completed stationary_feasible 0.37
measured 569 / 756 visual_cognitive_motivation__S04__prefrontal__montage0__r0__chain_matched__full__paired__boundaries_140_260 completed stationary_feasible 1.04
measured 570 / 756 visual_cognitive_motivation__S04__prefrontal__montage0__r1__chain_matched__middle_HbR__paired__standard completed stationary_feasible 0.7
measured 571 / 756 visual_cognitive_motivation__S04__prefrontal__montage0__r1__chain_matched__middle_Hb__Hb_only__standard completed stationary_feasible 0.56
measured 572 / 756 visual_cognitive_motivation__S04__prefrontal__montage0__r1__free__full__paired__Hb_context_75s completed stationary_feasible 0.46
measured 573 / 756 visual_cognitive_motivation__S04__prefrontal__montage0__r1__chain_matched__full__paired__standard completed stationary_feasible 0.77
measured 574 / 756 visual_cognitive_motivation__S04__prefrontal__montage0__r0__chain_matched__full__paired__boundaries_100_220 completed stationary_feasible 1.11
measured 575 / 756 visual_cognitive_motivation__S04__prefrontal__montage0__r1__free__full__paired__boundaries_140_260 completed stationary_feasible 0.5
measured 576 / 756 visual_cognitive_motivation__S04__prefrontal__montage0__r1__free__full__paired__boundaries_100_220 completed stationary_feasible 0.52
measured 577 / 756 visual_cognitive_motivation__S04__prefrontal__montage0__r1__chain_matched__middle_HbR__Hb_only__standard completed stationary_feasible 0.56
measured 578 / 756 visual_cognitive_motivation__S04__prefrontal__montage0__r0__chain_first__full__paired__standard completed stationary_feasible 1.43
measured 579 / 756 visual_cognitive_motivation__S04__prefrontal__montage0__r1__chain_first__middle_Hb__paired__standard completed stationary_feasible 0.8
measured 580 / 756 visual_cognitive_motivation__S04__prefrontal__montage0__r1__chain_first__middle_HbR__paired__standard completed stationary_feasible 0.8
measured 581 / 756 visual_cognitive_motivation__S04__prefrontal__montage0__r1__chain_matched__middle_Hb__wrong_pair__standard completed stationary_feasible 0.8
measured 582 / 756 visual_cognitive_motivation__S07__prefrontal__montage0__r0__free__full__paired__standard completed stationary_feasible 0.49
measured 583 / 756 visual_cognitive_motivation__S07__prefrontal__montage0__r0__free__middle_Hb__paired__standard completed stationary_feasible 0.46
measured 584 / 756 visual_cognitive_motivation__S07__prefrontal__montage0__r0__free__middle_HbR__paired__standard completed stationary_feasible 0.36
measured 585 / 756 visual_cognitive_motivation__S04__prefrontal__montage0__r1__chain_matched__middle_HbR__wrong_pair__standard completed stationary_feasible 0.82
measured 586 / 756 visual_cognitive_motivation__S04__prefrontal__montage0__r1__chain_matched__middle_Hb__paired__Hb_context_75s completed stationary_feasible 0.6
measured 587 / 756 visual_cognitive_motivation__S04__prefrontal__montage0__r1__chain_first__full__paired__standard completed stationary_feasible 1.02
measured 588 / 756 visual_cognitive_motivation__S04__prefrontal__montage0__r1__chain_matched__full__paired__boundaries_100_220 completed stationary_feasible 0.8
measured 589 / 756 visual_cognitive_motivation__S04__prefrontal__montage0__r1__chain_matched__full__paired__boundaries_140_260 completed stationary_feasible 0.81
measured 590 / 756 visual_cognitive_motivation__S04__prefrontal__montage0__r1__chain_matched__full__paired__Hb_context_75s completed stationary_feasible 0.78
measured 591 / 756 visual_cognitive_motivation__S07__prefrontal__montage0__r0__free__full__paired__Hb_context_75s completed stationary_feasible 0.38
measured 592 / 756 visual_cognitive_motivation__S07__prefrontal__montage0__r0__free__full__paired__boundaries_100_220 completed stationary_feasible 0.46
measured 593 / 756 visual_cognitive_motivation__S07__prefrontal__montage0__r0__chain_matched__middle_HbR__Hb_only__standard completed stationary_feasible 0.48
measured 594 / 756 visual_cognitive_motivation__S07__prefrontal__montage0__r0__chain_matched__middle_HbR__paired__standard completed stationary_feasible 0.59
measured 595 / 756 visual_cognitive_motivation__S07__prefrontal__montage0__r0__chain_matched__middle_Hb__paired__standard completed stationary_feasible 0.61
measured 596 / 756 visual_cognitive_motivation__S07__prefrontal__montage0__r0__chain_matched__full__paired__standard completed stationary_feasible 0.61
measured 597 / 756 visual_cognitive_motivation__S07__prefrontal__montage0__r0__free__middle_Hb__paired__Hb_context_75s completed stationary_feasible 0.37
measured 598 / 756 visual_cognitive_motivation__S07__prefrontal__montage0__r0__free__full__paired__boundaries_140_260 completed stationary_feasible 0.5
measured 599 / 756 visual_cognitive_motivation__S07__prefrontal__montage0__r0__chain_matched__middle_Hb__wrong_pair__standard completed stationary_feasible 0.58
measured 600 / 756 visual_cognitive_motivation__S07__prefrontal__montage0__r0__chain_matched__middle_Hb__Hb_only__standard completed stationary_feasible 0.59
measured 601 / 756 visual_cognitive_motivation__S07__prefrontal__montage0__r0__chain_matched__middle_HbR__wrong_pair__standard completed stationary_feasible 0.58
measured 602 / 756 visual_cognitive_motivation__S07__prefrontal__montage0__r0__chain_first__middle_Hb__paired__standard completed stationary_feasible 0.75
measured 603 / 756 visual_cognitive_motivation__S07__prefrontal__montage0__r0__chain_first__full__paired__standard completed stationary_feasible 0.77
measured 604 / 756 visual_cognitive_motivation__S07__prefrontal__montage0__r0__chain_first__middle_HbR__paired__standard completed stationary_feasible 0.81
measured 605 / 756 simultaneous_eeg_nirs__VP001__prefrontal__r1__chain_matched__middle_HbR__Hb_only__standard completed iteration_budget 11.4
measured 606 / 756 visual_cognitive_motivation__S07__prefrontal__montage0__r0__chain_matched__full__paired__Hb_context_75s completed stationary_feasible 0.58
measured 607 / 756 visual_cognitive_motivation__S07__prefrontal__montage0__r0__chain_matched__middle_Hb__paired__Hb_context_75s completed stationary_feasible 0.6
measured 608 / 756 visual_cognitive_motivation__S07__prefrontal__montage0__r1__free__middle_Hb__paired__standard completed stationary_feasible 0.61
measured 609 / 756 visual_cognitive_motivation__S07__prefrontal__montage0__r1__free__full__paired__standard completed stationary_feasible 0.62
measured 610 / 756 visual_cognitive_motivation__S07__prefrontal__montage0__r0__chain_matched__full__paired__boundaries_100_220 completed stationary_feasible 0.68
measured 611 / 756 visual_cognitive_motivation__S07__prefrontal__montage0__r0__chain_matched__full__paired__boundaries_140_260 completed stationary_feasible 0.76
measured 612 / 756 visual_cognitive_motivation__S07__prefrontal__montage0__r1__free__middle_HbR__paired__standard completed stationary_feasible 0.61
measured 613 / 756 visual_cognitive_motivation__S07__prefrontal__montage0__r1__free__full__paired__Hb_context_75s completed stationary_feasible 0.46
measured 614 / 756 visual_cognitive_motivation__S07__prefrontal__montage0__r1__chain_matched__middle_Hb__Hb_only__standard completed stationary_feasible 0.5
measured 615 / 756 visual_cognitive_motivation__S07__prefrontal__montage0__r1__chain_matched__middle_HbR__Hb_only__standard completed stationary_feasible 0.51
measured 616 / 756 visual_cognitive_motivation__S07__prefrontal__montage0__r1__free__full__paired__boundaries_100_220 completed stationary_feasible 0.58
measured 617 / 756 visual_cognitive_motivation__S07__prefrontal__montage0__r1__free__middle_Hb__paired__Hb_context_75s completed stationary_feasible 0.45
measured 618 / 756 visual_cognitive_motivation__S07__prefrontal__montage0__r1__free__full__paired__boundaries_140_260 completed stationary_feasible 0.63
measured 619 / 756 visual_cognitive_motivation__S07__prefrontal__montage0__r1__chain_matched__middle_Hb__paired__standard completed stationary_feasible 0.87
measured 620 / 756 visual_cognitive_motivation__S07__prefrontal__montage0__r1__chain_matched__middle_Hb__wrong_pair__standard completed stationary_feasible 0.81
measured 621 / 756 visual_cognitive_motivation__S07__prefrontal__montage0__r1__chain_matched__full__paired__standard completed stationary_feasible 1.01
measured 622 / 756 visual_cognitive_motivation__S08__prefrontal__montage0__r0__free__full__paired__standard completed stationary_feasible 0.61
measured 623 / 756 visual_cognitive_motivation__S07__prefrontal__montage0__r1__chain_matched__middle_HbR__wrong_pair__standard completed stationary_feasible 0.91
measured 624 / 756 visual_cognitive_motivation__S08__prefrontal__montage0__r0__free__middle_Hb__paired__standard completed stationary_feasible 0.6
measured 625 / 756 visual_cognitive_motivation__S07__prefrontal__montage0__r1__chain_matched__middle_HbR__paired__standard completed stationary_feasible 1.0
measured 626 / 756 visual_cognitive_motivation__S08__prefrontal__montage0__r0__free__middle_HbR__paired__standard completed stationary_feasible 0.6
measured 627 / 756 visual_cognitive_motivation__S07__prefrontal__montage0__r1__chain_matched__middle_Hb__paired__Hb_context_75s completed stationary_feasible 0.66
measured 628 / 756 visual_cognitive_motivation__S07__prefrontal__montage0__r1__chain_first__middle_Hb__paired__standard completed stationary_feasible 1.03
measured 629 / 756 visual_cognitive_motivation__S08__prefrontal__montage0__r0__chain_matched__middle_Hb__Hb_only__standard completed stationary_feasible 0.38
measured 630 / 756 visual_cognitive_motivation__S07__prefrontal__montage0__r1__chain_matched__full__paired__Hb_context_75s completed stationary_feasible 0.8
measured 631 / 756 visual_cognitive_motivation__S07__prefrontal__montage0__r1__chain_first__middle_HbR__paired__standard completed stationary_feasible 1.15
measured 632 / 756 visual_cognitive_motivation__S08__prefrontal__montage0__r0__chain_matched__middle_HbR__Hb_only__standard completed stationary_feasible 0.39
measured 633 / 756 visual_cognitive_motivation__S07__prefrontal__montage0__r1__chain_matched__full__paired__boundaries_100_220 completed stationary_feasible 0.96
measured 634 / 756 visual_cognitive_motivation__S07__prefrontal__montage0__r1__chain_first__full__paired__standard completed stationary_feasible 1.24
measured 635 / 756 visual_cognitive_motivation__S08__prefrontal__montage0__r0__chain_matched__full__paired__standard completed stationary_feasible 0.88
measured 636 / 756 visual_cognitive_motivation__S08__prefrontal__montage0__r0__chain_matched__middle_Hb__paired__standard completed stationary_feasible 0.85
measured 637 / 756 visual_cognitive_motivation__S07__prefrontal__montage0__r1__chain_matched__full__paired__boundaries_140_260 completed stationary_feasible 1.02
measured 638 / 756 visual_cognitive_motivation__S08__prefrontal__montage0__r0__free__full__paired__boundaries_100_220 completed stationary_feasible 0.52
measured 639 / 756 visual_cognitive_motivation__S08__prefrontal__montage0__r0__chain_matched__middle_HbR__paired__standard completed stationary_feasible 0.91
measured 640 / 756 visual_cognitive_motivation__S08__prefrontal__montage0__r0__free__full__paired__boundaries_140_260 completed stationary_feasible 0.56
measured 641 / 756 visual_cognitive_motivation__S08__prefrontal__montage0__r0__free__full__paired__Hb_context_75s completed stationary_feasible 0.55
measured 642 / 756 visual_cognitive_motivation__S08__prefrontal__montage0__r0__chain_matched__middle_Hb__wrong_pair__standard completed stationary_feasible 0.85
measured 643 / 756 visual_cognitive_motivation__S08__prefrontal__montage0__r0__free__middle_Hb__paired__Hb_context_75s completed stationary_feasible 0.59
measured 644 / 756 visual_cognitive_motivation__S08__prefrontal__montage0__r1__free__full__paired__standard completed stationary_feasible 0.53
measured 645 / 756 visual_cognitive_motivation__S08__prefrontal__montage0__r1__free__middle_Hb__paired__standard completed stationary_feasible 0.51
measured 646 / 756 visual_cognitive_motivation__S08__prefrontal__montage0__r0__chain_first__full__paired__standard completed stationary_feasible 1.04
measured 647 / 756 visual_cognitive_motivation__S08__prefrontal__montage0__r0__chain_matched__middle_HbR__wrong_pair__standard completed stationary_feasible 0.9
measured 648 / 756 visual_cognitive_motivation__S08__prefrontal__montage0__r0__chain_first__middle_Hb__paired__standard completed stationary_feasible 1.08
measured 649 / 756 visual_cognitive_motivation__S08__prefrontal__montage0__r1__free__middle_HbR__paired__standard completed stationary_feasible 0.54
measured 650 / 756 visual_cognitive_motivation__S08__prefrontal__montage0__r0__chain_first__middle_HbR__paired__standard completed stationary_feasible 1.1
measured 651 / 756 visual_cognitive_motivation__S08__prefrontal__montage0__r0__chain_matched__full__paired__boundaries_100_220 completed stationary_feasible 0.8
measured 652 / 756 visual_cognitive_motivation__S08__prefrontal__montage0__r0__chain_matched__full__paired__Hb_context_75s completed stationary_feasible 0.8
measured 653 / 756 visual_cognitive_motivation__S08__prefrontal__montage0__r0__chain_matched__middle_Hb__paired__Hb_context_75s completed stationary_feasible 0.84
measured 654 / 756 visual_cognitive_motivation__S08__prefrontal__montage0__r1__chain_matched__middle_Hb__Hb_only__standard completed stationary_feasible 0.49
measured 655 / 756 visual_cognitive_motivation__S08__prefrontal__montage0__r0__chain_matched__full__paired__boundaries_140_260 completed stationary_feasible 0.9
measured 656 / 756 visual_cognitive_motivation__S08__prefrontal__montage0__r1__chain_matched__middle_Hb__paired__standard completed stationary_feasible 0.78
measured 657 / 756 visual_cognitive_motivation__S08__prefrontal__montage0__r1__chain_matched__middle_HbR__Hb_only__standard completed stationary_feasible 0.5
measured 658 / 756 visual_cognitive_motivation__S08__prefrontal__montage0__r1__chain_matched__middle_HbR__paired__standard completed stationary_feasible 0.78
measured 659 / 756 visual_cognitive_motivation__S08__prefrontal__montage0__r1__free__middle_Hb__paired__Hb_context_75s completed stationary_feasible 0.46
measured 660 / 756 visual_cognitive_motivation__S09__prefrontal__montage0__r0__free__full__paired__standard completed stationary_feasible 0.37
measured 661 / 756 visual_cognitive_motivation__S08__prefrontal__montage0__r1__chain_matched__full__paired__standard completed stationary_feasible 0.86
measured 662 / 756 visual_cognitive_motivation__S08__prefrontal__montage0__r1__free__full__paired__Hb_context_75s completed stationary_feasible 0.49
measured 663 / 756 visual_cognitive_motivation__S09__prefrontal__montage0__r0__free__middle_Hb__paired__standard completed stationary_feasible 0.37
measured 664 / 756 visual_cognitive_motivation__S08__prefrontal__montage0__r1__free__full__paired__boundaries_100_220 completed stationary_feasible 0.56
measured 665 / 756 visual_cognitive_motivation__S08__prefrontal__montage0__r1__free__full__paired__boundaries_140_260 completed stationary_feasible 0.6
measured 666 / 756 visual_cognitive_motivation__S08__prefrontal__montage0__r1__chain_matched__middle_Hb__wrong_pair__standard completed stationary_feasible 0.8
measured 667 / 756 visual_cognitive_motivation__S09__prefrontal__montage0__r0__free__middle_HbR__paired__standard completed stationary_feasible 0.38
measured 668 / 756 visual_cognitive_motivation__S08__prefrontal__montage0__r1__chain_first__middle_Hb__paired__standard completed stationary_feasible 0.96
measured 669 / 756 visual_cognitive_motivation__S08__prefrontal__montage0__r1__chain_first__middle_HbR__paired__standard completed stationary_feasible 0.96
measured 670 / 756 visual_cognitive_motivation__S08__prefrontal__montage0__r1__chain_matched__middle_HbR__wrong_pair__standard completed stationary_feasible 0.9
measured 671 / 756 visual_cognitive_motivation__S09__prefrontal__montage0__r0__chain_matched__full__paired__standard completed stationary_feasible 0.61
measured 672 / 756 visual_cognitive_motivation__S09__prefrontal__montage0__r0__chain_matched__middle_Hb__paired__standard completed stationary_feasible 0.57
measured 673 / 756 visual_cognitive_motivation__S08__prefrontal__montage0__r1__chain_matched__full__paired__Hb_context_75s completed stationary_feasible 0.8
measured 674 / 756 visual_cognitive_motivation__S08__prefrontal__montage0__r1__chain_matched__middle_Hb__paired__Hb_context_75s completed stationary_feasible 0.8
measured 675 / 756 visual_cognitive_motivation__S09__prefrontal__montage0__r0__free__full__paired__boundaries_140_260 completed stationary_feasible 0.38
measured 676 / 756 visual_cognitive_motivation__S09__prefrontal__montage0__r0__free__full__paired__boundaries_100_220 completed stationary_feasible 0.38
measured 677 / 756 visual_cognitive_motivation__S08__prefrontal__montage0__r1__chain_matched__full__paired__boundaries_140_260 completed stationary_feasible 0.86
measured 678 / 756 visual_cognitive_motivation__S09__prefrontal__montage0__r0__free__full__paired__Hb_context_75s completed stationary_feasible 0.38
measured 679 / 756 visual_cognitive_motivation__S08__prefrontal__montage0__r1__chain_first__full__paired__standard completed stationary_feasible 1.22
measured 680 / 756 visual_cognitive_motivation__S09__prefrontal__montage0__r0__free__middle_Hb__paired__Hb_context_75s completed stationary_feasible 0.35
measured 681 / 756 visual_cognitive_motivation__S09__prefrontal__montage0__r0__chain_matched__middle_HbR__paired__standard completed stationary_feasible 0.6
measured 682 / 756 visual_cognitive_motivation__S09__prefrontal__montage0__r0__chain_matched__middle_Hb__wrong_pair__standard completed stationary_feasible 0.48
measured 683 / 756 visual_cognitive_motivation__S09__prefrontal__montage0__r0__chain_matched__middle_Hb__Hb_only__standard completed stationary_feasible 0.47
measured 684 / 756 visual_cognitive_motivation__S09__prefrontal__montage0__r0__chain_matched__middle_HbR__Hb_only__standard completed stationary_feasible 0.47
measured 685 / 756 visual_cognitive_motivation__S08__prefrontal__montage0__r1__chain_matched__full__paired__boundaries_100_220 completed stationary_feasible 0.96
measured 686 / 756 visual_cognitive_motivation__S09__prefrontal__montage0__r1__free__full__paired__standard completed stationary_feasible 0.32
measured 687 / 756 visual_cognitive_motivation__S09__prefrontal__montage0__r0__chain_first__middle_Hb__paired__standard completed stationary_feasible 0.67
measured 688 / 756 visual_cognitive_motivation__S09__prefrontal__montage0__r0__chain_matched__middle_HbR__wrong_pair__standard completed stationary_feasible 0.64
measured 689 / 756 visual_cognitive_motivation__S09__prefrontal__montage0__r0__chain_first__middle_HbR__paired__standard completed stationary_feasible 0.71
measured 690 / 756 visual_cognitive_motivation__S09__prefrontal__montage0__r1__free__middle_HbR__paired__standard completed stationary_feasible 0.3
measured 691 / 756 visual_cognitive_motivation__S09__prefrontal__montage0__r0__chain_first__full__paired__standard completed stationary_feasible 0.81
measured 692 / 756 visual_cognitive_motivation__S09__prefrontal__montage0__r1__free__middle_Hb__paired__standard completed stationary_feasible 0.31
measured 693 / 756 visual_cognitive_motivation__S09__prefrontal__montage0__r0__chain_matched__full__paired__boundaries_100_220 completed stationary_feasible 0.61
measured 694 / 756 visual_cognitive_motivation__S09__prefrontal__montage0__r0__chain_matched__full__paired__boundaries_140_260 completed stationary_feasible 0.61
measured 695 / 756 visual_cognitive_motivation__S09__prefrontal__montage0__r1__free__full__paired__boundaries_140_260 completed stationary_feasible 0.31
measured 696 / 756 visual_cognitive_motivation__S09__prefrontal__montage0__r0__chain_matched__full__paired__Hb_context_75s completed stationary_feasible 0.59
measured 697 / 756 visual_cognitive_motivation__S09__prefrontal__montage0__r1__chain_matched__middle_HbR__Hb_only__standard completed stationary_feasible 0.39
measured 698 / 756 visual_cognitive_motivation__S09__prefrontal__montage0__r0__chain_matched__middle_Hb__paired__Hb_context_75s completed stationary_feasible 0.57
measured 699 / 756 visual_cognitive_motivation__S09__prefrontal__montage0__r1__free__full__paired__boundaries_100_220 completed stationary_feasible 0.36
measured 700 / 756 visual_cognitive_motivation__S09__prefrontal__montage0__r1__free__full__paired__Hb_context_75s completed stationary_feasible 0.33
measured 701 / 756 visual_cognitive_motivation__S09__prefrontal__montage0__r1__chain_matched__middle_Hb__Hb_only__standard completed stationary_feasible 0.41
measured 702 / 756 visual_cognitive_motivation__S09__prefrontal__montage0__r1__free__middle_Hb__paired__Hb_context_75s completed stationary_feasible 0.3
measured 703 / 756 visual_cognitive_motivation__S09__prefrontal__montage0__r1__chain_matched__full__paired__standard completed stationary_feasible 0.51
measured 704 / 756 visual_cognitive_motivation__S09__prefrontal__montage0__r1__chain_matched__middle_Hb__paired__standard completed stationary_feasible 0.51
measured 705 / 756 visual_cognitive_motivation__S09__prefrontal__montage0__r1__chain_matched__middle_HbR__paired__standard completed stationary_feasible 0.52
measured 706 / 756 visual_cognitive_motivation__S09__prefrontal__montage0__r1__chain_first__middle_Hb__paired__standard completed stationary_feasible 0.57
measured 707 / 756 visual_cognitive_motivation__S09__prefrontal__montage0__r1__chain_matched__full__paired__boundaries_100_220 completed stationary_feasible 0.41
measured 708 / 756 visual_cognitive_motivation__S09__prefrontal__montage0__r1__chain_first__full__paired__standard completed stationary_feasible 0.61
measured 709 / 756 visual_cognitive_motivation__S09__prefrontal__montage0__r1__chain_matched__middle_HbR__wrong_pair__standard completed stationary_feasible 0.59
measured 710 / 756 visual_cognitive_motivation__S09__prefrontal__montage0__r1__chain_first__middle_HbR__paired__standard completed stationary_feasible 0.62
measured 711 / 756 visual_cognitive_motivation__S09__prefrontal__montage0__r1__chain_matched__middle_Hb__wrong_pair__standard completed stationary_feasible 0.63
measured 712 / 756 visual_cognitive_motivation__S09__prefrontal__montage0__r1__chain_matched__middle_Hb__paired__Hb_context_75s completed stationary_feasible 0.47
measured 713 / 756 visual_cognitive_motivation__S09__prefrontal__montage0__r1__chain_matched__full__paired__boundaries_140_260 completed stationary_feasible 0.51
measured 714 / 756 visual_cognitive_motivation__S09__prefrontal__montage0__r1__chain_matched__full__paired__Hb_context_75s completed stationary_feasible 0.61
measured 715 / 756 visual_cognitive_motivation__S10__prefrontal__montage0__r0__free__middle_Hb__paired__standard completed stationary_feasible 0.6
measured 716 / 756 visual_cognitive_motivation__S10__prefrontal__montage0__r0__free__middle_HbR__paired__standard completed stationary_feasible 0.61
measured 717 / 756 visual_cognitive_motivation__S10__prefrontal__montage0__r0__chain_matched__middle_Hb__Hb_only__standard completed stationary_feasible 0.49
measured 718 / 756 visual_cognitive_motivation__S10__prefrontal__montage0__r0__chain_matched__middle_HbR__Hb_only__standard completed stationary_feasible 0.5
measured 719 / 756 visual_cognitive_motivation__S10__prefrontal__montage0__r0__free__full__paired__standard completed stationary_feasible 0.74
measured 720 / 756 visual_cognitive_motivation__S10__prefrontal__montage0__r0__free__middle_Hb__paired__Hb_context_75s completed stationary_feasible 0.52
measured 721 / 756 visual_cognitive_motivation__S10__prefrontal__montage0__r0__free__full__paired__Hb_context_75s completed stationary_feasible 0.56
measured 722 / 756 visual_cognitive_motivation__S10__prefrontal__montage0__r0__free__full__paired__boundaries_100_220 completed stationary_feasible 0.75
measured 723 / 756 visual_cognitive_motivation__S10__prefrontal__montage0__r0__chain_matched__middle_Hb__paired__standard completed stationary_feasible 0.92
measured 724 / 756 visual_cognitive_motivation__S10__prefrontal__montage0__r0__free__full__paired__boundaries_140_260 completed stationary_feasible 0.8
measured 725 / 756 visual_cognitive_motivation__S10__prefrontal__montage0__r1__free__middle_Hb__paired__standard completed stationary_feasible 0.59
measured 726 / 756 visual_cognitive_motivation__S10__prefrontal__montage0__r0__chain_matched__middle_HbR__paired__standard completed stationary_feasible 0.96
measured 727 / 756 visual_cognitive_motivation__S10__prefrontal__montage0__r0__chain_matched__middle_Hb__wrong_pair__standard completed stationary_feasible 1.02
measured 728 / 756 visual_cognitive_motivation__S10__prefrontal__montage0__r0__chain_matched__middle_Hb__paired__Hb_context_75s completed stationary_feasible 0.81
measured 729 / 756 visual_cognitive_motivation__S10__prefrontal__montage0__r1__free__full__paired__standard completed stationary_feasible 0.74
measured 730 / 756 visual_cognitive_motivation__S10__prefrontal__montage0__r1__free__middle_HbR__paired__standard completed stationary_feasible 0.61
measured 731 / 756 visual_cognitive_motivation__S10__prefrontal__montage0__r0__chain_matched__middle_HbR__wrong_pair__standard completed stationary_feasible 1.01
measured 732 / 756 visual_cognitive_motivation__S10__prefrontal__montage0__r0__chain_first__middle_Hb__paired__standard completed stationary_feasible 1.13
measured 733 / 756 visual_cognitive_motivation__S10__prefrontal__montage0__r0__chain_matched__full__paired__standard completed stationary_feasible 1.22
measured 734 / 756 visual_cognitive_motivation__S10__prefrontal__montage0__r0__chain_first__middle_HbR__paired__standard completed stationary_feasible 1.23
measured 735 / 756 visual_cognitive_motivation__S10__prefrontal__montage0__r0__chain_matched__full__paired__Hb_context_75s completed stationary_feasible 1.02
measured 736 / 756 visual_cognitive_motivation__S10__prefrontal__montage0__r0__chain_matched__full__paired__boundaries_140_260 completed stationary_feasible 1.15
measured 737 / 756 visual_cognitive_motivation__S10__prefrontal__montage0__r1__chain_matched__middle_Hb__paired__standard completed stationary_feasible 0.9
measured 738 / 756 visual_cognitive_motivation__S10__prefrontal__montage0__r0__chain_matched__full__paired__boundaries_100_220 completed stationary_feasible 1.2
measured 739 / 756 visual_cognitive_motivation__S10__prefrontal__montage0__r1__chain_matched__middle_Hb__Hb_only__standard completed stationary_feasible 0.59
measured 740 / 756 visual_cognitive_motivation__S10__prefrontal__montage0__r1__chain_matched__middle_Hb__wrong_pair__standard completed stationary_feasible 0.74
measured 741 / 756 visual_cognitive_motivation__S10__prefrontal__montage0__r1__chain_matched__middle_HbR__Hb_only__standard completed stationary_feasible 0.59
measured 742 / 756 visual_cognitive_motivation__S10__prefrontal__montage0__r1__chain_matched__middle_HbR__paired__standard completed stationary_feasible 1.0
measured 743 / 756 visual_cognitive_motivation__S10__prefrontal__montage0__r1__free__middle_Hb__paired__Hb_context_75s completed stationary_feasible 0.48
measured 744 / 756 visual_cognitive_motivation__S10__prefrontal__montage0__r0__chain_first__full__paired__standard completed stationary_feasible 1.61
measured 745 / 756 visual_cognitive_motivation__S10__prefrontal__montage0__r1__free__full__paired__boundaries_140_260 completed stationary_feasible 0.71
measured 746 / 756 visual_cognitive_motivation__S10__prefrontal__montage0__r1__chain_first__middle_Hb__paired__standard completed stationary_feasible 1.05
measured 747 / 756 visual_cognitive_motivation__S10__prefrontal__montage0__r1__chain_matched__full__paired__standard completed stationary_feasible 1.25
measured 748 / 756 visual_cognitive_motivation__S10__prefrontal__montage0__r1__chain_matched__middle_HbR__wrong_pair__standard completed stationary_feasible 0.83
measured 749 / 756 visual_cognitive_motivation__S10__prefrontal__montage0__r1__free__full__paired__Hb_context_75s completed stationary_feasible 0.69
measured 750 / 756 visual_cognitive_motivation__S10__prefrontal__montage0__r1__free__full__paired__boundaries_100_220 completed stationary_feasible 0.81
measured 751 / 756 visual_cognitive_motivation__S10__prefrontal__montage0__r1__chain_matched__middle_Hb__paired__Hb_context_75s completed stationary_feasible 0.71
measured 752 / 756 visual_cognitive_motivation__S10__prefrontal__montage0__r1__chain_first__middle_HbR__paired__standard completed stationary_feasible 1.23
measured 753 / 756 visual_cognitive_motivation__S10__prefrontal__montage0__r1__chain_matched__full__paired__Hb_context_75s completed stationary_feasible 1.07
measured 754 / 756 visual_cognitive_motivation__S10__prefrontal__montage0__r1__chain_matched__full__paired__boundaries_100_220 completed stationary_feasible 1.19
measured 755 / 756 visual_cognitive_motivation__S10__prefrontal__montage0__r1__chain_matched__full__paired__boundaries_140_260 completed stationary_feasible 1.24
measured 756 / 756 visual_cognitive_motivation__S10__prefrontal__montage0__r1__chain_first__full__paired__standard completed stationary_feasible 1.8
{"stage": "measured", "status": "completed", "planned": 756, "terminal": 756, "resumed": 0, "workers": 24, "elapsed_s": 23.306230355985463, "estimated_remaining_s": 0.0, "completed_at": "2026-10-10T12:03:56.722238+00:00", "task_statuses": {"completed": 756}}
profiles 1 / 126 eeg_fnirs_single_trial__subject_01__prefrontal__r0__free__total__flow__full completed  1.76
profiles 2 / 126 eeg_fnirs_single_trial__subject_01__prefrontal__r0__free__total__volume__full completed  1.76
profiles 3 / 126 eeg_fnirs_single_trial__subject_01__prefrontal__r0__free__total__driver__full completed  1.76
profiles 4 / 126 eeg_fnirs_single_trial__subject_01__prefrontal__r0__free__total__T__full completed  1.92
profiles 5 / 126 eeg_fnirs_single_trial__subject_01__prefrontal__r0__free__total__p_minus_v__full completed  1.99
profiles 6 / 126 eeg_fnirs_single_trial__subject_01__prefrontal__r0__free__total__X__full completed  2.05
profiles 7 / 126 eeg_fnirs_single_trial__subject_01__prefrontal__r0__free__total__SSM_Hb__full completed  2.09
profiles 8 / 126 eeg_fnirs_single_trial__subject_01__prefrontal__r0__chain_matched__total__T__full completed  2.4
profiles 9 / 126 eeg_fnirs_single_trial__subject_01__prefrontal__r0__chain_matched__total__SSM_Hb__full completed  2.95
profiles 10 / 126 eeg_fnirs_single_trial__subject_01__prefrontal__r0__chain_matched__total__X__full completed  3.11
profiles 11 / 126 eeg_fnirs_single_trial__subject_01__prefrontal__r0__chain_matched__total__volume__full completed  2.08
profiles 12 / 126 eeg_fnirs_single_trial__subject_01__prefrontal__r0__chain_matched__total__flow__full completed  2.09
profiles 13 / 126 eeg_fnirs_single_trial__subject_01__prefrontal__r0__chain_matched__total__driver__full completed  2.0
profiles 14 / 126 eeg_fnirs_single_trial__subject_01__prefrontal__r0__chain_matched__total__p_minus_v__full completed  4.47
profiles 15 / 126 eeg_fnirs_single_trial__subject_01__prefrontal__r0__free__data__volume__full completed  6.35
profiles 16 / 126 eeg_fnirs_single_trial__subject_01__prefrontal__r0__free__data__flow__full completed  6.48
profiles 17 / 126 eeg_fnirs_single_trial__subject_01__prefrontal__r0__chain_first__total__T__full completed  2.68
profiles 18 / 126 eeg_fnirs_single_trial__subject_01__prefrontal__r0__chain_first__total__SSM_Hb__full completed  2.76
profiles 19 / 126 eeg_fnirs_single_trial__subject_01__prefrontal__r0__free__data__driver__full completed  6.81
profiles 20 / 126 eeg_fnirs_single_trial__subject_01__prefrontal__r0__chain_matched__data__volume__full completed  7.04
profiles 21 / 126 eeg_fnirs_single_trial__subject_01__prefrontal__r0__chain_matched__data__flow__full completed  7.18
profiles 22 / 126 eeg_fnirs_single_trial__subject_01__prefrontal__r0__chain_matched__data__driver__full completed  7.81
profiles 23 / 126 eeg_fnirs_single_trial__subject_01__prefrontal__r0__chain_first__total__volume__full completed  2.01
profiles 24 / 126 eeg_fnirs_single_trial__subject_01__prefrontal__r0__chain_first__total__flow__full completed  2.01
profiles 25 / 126 eeg_fnirs_single_trial__subject_01__prefrontal__r0__chain_first__total__driver__full completed  2.07
profiles 26 / 126 eeg_fnirs_single_trial__subject_01__prefrontal__r0__chain_first__data__volume__full completed  6.51
profiles 27 / 126 eeg_fnirs_single_trial__subject_01__prefrontal__r0__chain_first__total__X__full completed  2.95
profiles 28 / 126 eeg_fnirs_single_trial__subject_01__prefrontal__r0__chain_first__data__flow__full completed  6.54
profiles 29 / 126 eeg_fnirs_single_trial__subject_01__prefrontal__r0__chain_matched__data__p_minus_v__full completed  9.97
profiles 30 / 126 eeg_fnirs_single_trial__subject_01__prefrontal__r0__free__data__p_minus_v__full completed  10.11
profiles 31 / 126 simultaneous_eeg_nirs__VP001__prefrontal__r0__free__data__volume__full completed  2.53
profiles 32 / 126 eeg_fnirs_single_trial__subject_01__prefrontal__r0__chain_first__data__driver__full completed  6.84
profiles 33 / 126 simultaneous_eeg_nirs__VP001__prefrontal__r0__free__total__SSM_Hb__full completed  1.79
profiles 34 / 126 simultaneous_eeg_nirs__VP001__prefrontal__r0__free__total__T__full completed  1.67
profiles 35 / 126 eeg_fnirs_single_trial__subject_01__prefrontal__r0__free__data__T__full completed  11.01
profiles 36 / 126 simultaneous_eeg_nirs__VP001__prefrontal__r0__free__data__flow__full completed  2.39
profiles 37 / 126 simultaneous_eeg_nirs__VP001__prefrontal__r0__free__data__driver__full completed  2.54
profiles 38 / 126 simultaneous_eeg_nirs__VP001__prefrontal__r0__free__total__volume__full completed  1.35
profiles 39 / 126 simultaneous_eeg_nirs__VP001__prefrontal__r0__free__total__X__full completed  1.8
profiles 40 / 126 eeg_fnirs_single_trial__subject_01__prefrontal__r0__chain_first__total__p_minus_v__full completed  5.2
profiles 41 / 126 simultaneous_eeg_nirs__VP001__prefrontal__r0__free__total__flow__full completed  1.37
profiles 42 / 126 simultaneous_eeg_nirs__VP001__prefrontal__r0__free__total__p_minus_v__full completed  1.6
profiles 43 / 126 eeg_fnirs_single_trial__subject_01__prefrontal__r0__free__data__SSM_Hb__full completed  11.85
profiles 44 / 126 simultaneous_eeg_nirs__VP001__prefrontal__r0__free__total__driver__full completed  1.36
profiles 45 / 126 simultaneous_eeg_nirs__VP001__prefrontal__r0__free__data__SSM_Hb__full completed  5.39
profiles 46 / 126 eeg_fnirs_single_trial__subject_01__prefrontal__r0__chain_first__data__p_minus_v__full completed  9.45
profiles 47 / 126 eeg_fnirs_single_trial__subject_01__prefrontal__r0__free__data__X__full completed  12.99
profiles 48 / 126 simultaneous_eeg_nirs__VP001__prefrontal__r0__free__data__T__full completed  6.15
profiles 49 / 126 simultaneous_eeg_nirs__VP001__prefrontal__r0__chain_matched__total__volume__full completed  1.99
profiles 50 / 126 simultaneous_eeg_nirs__VP001__prefrontal__r0__chain_matched__total__flow__full completed  2.04
profiles 51 / 126 simultaneous_eeg_nirs__VP001__prefrontal__r0__chain_matched__total__T__full completed  2.65
profiles 52 / 126 simultaneous_eeg_nirs__VP001__prefrontal__r0__chain_matched__total__SSM_Hb__full completed  2.7
profiles 53 / 126 simultaneous_eeg_nirs__VP001__prefrontal__r0__chain_matched__total__driver__full completed  2.0
profiles 54 / 126 simultaneous_eeg_nirs__VP001__prefrontal__r0__chain_matched__total__X__full completed  2.83
profiles 55 / 126 simultaneous_eeg_nirs__VP001__prefrontal__r0__chain_matched__data__volume__full completed  3.7
profiles 56 / 126 simultaneous_eeg_nirs__VP001__prefrontal__r0__chain_matched__data__flow__full completed  3.69
profiles 57 / 126 simultaneous_eeg_nirs__VP001__prefrontal__r0__free__data__p_minus_v__full completed  6.74
profiles 58 / 126 simultaneous_eeg_nirs__VP001__prefrontal__r0__chain_matched__data__driver__full completed  3.7
profiles 59 / 126 simultaneous_eeg_nirs__VP001__prefrontal__r0__free__data__X__full completed  8.1
profiles 60 / 126 simultaneous_eeg_nirs__VP001__prefrontal__r0__chain_matched__data__T__full completed  6.15
profiles 61 / 126 simultaneous_eeg_nirs__VP001__prefrontal__r0__chain_first__total__volume__full completed  2.01
profiles 62 / 126 simultaneous_eeg_nirs__VP001__prefrontal__r0__chain_first__total__flow__full completed  2.0
profiles 63 / 126 simultaneous_eeg_nirs__VP001__prefrontal__r0__chain_matched__data__SSM_Hb__full completed  6.78
profiles 64 / 126 simultaneous_eeg_nirs__VP001__prefrontal__r0__chain_first__total__SSM_Hb__full completed  2.98
profiles 65 / 126 simultaneous_eeg_nirs__VP001__prefrontal__r0__chain_first__total__T__full completed  2.88
profiles 66 / 126 simultaneous_eeg_nirs__VP001__prefrontal__r0__chain_first__data__volume__full completed  3.6
profiles 67 / 126 simultaneous_eeg_nirs__VP001__prefrontal__r0__chain_first__data__flow__full completed  3.5
profiles 68 / 126 eeg_fnirs_single_trial__subject_01__prefrontal__r0__chain_matched__data__T__full completed  17.88
profiles 69 / 126 simultaneous_eeg_nirs__VP001__prefrontal__r0__chain_first__data__driver__full completed  3.52
profiles 70 / 126 eeg_fnirs_single_trial__subject_01__prefrontal__r0__chain_matched__data__X__full completed  18.03
profiles 71 / 126 simultaneous_eeg_nirs__VP001__prefrontal__r0__chain_first__total__X__full completed  3.2
profiles 72 / 126 simultaneous_eeg_nirs__VP001__prefrontal__r0__chain_matched__total__p_minus_v__full completed  6.24
profiles 73 / 126 simultaneous_eeg_nirs__VP001__prefrontal__r0__chain_first__total__driver__full completed  2.02
profiles 74 / 126 simultaneous_eeg_nirs__VP001__prefrontal__r0__chain_first__total__p_minus_v__full completed  4.0
profiles 75 / 126 simultaneous_eeg_nirs__VP001__prefrontal__r0__chain_first__data__T__full completed  6.07
profiles 76 / 126 eeg_fnirs_single_trial__subject_01__prefrontal__r0__chain_first__data__T__full completed  17.36
profiles 77 / 126 visual_cognitive_motivation__S02__prefrontal__montage0__r0__free__total__T__full completed  1.76
profiles 78 / 126 simultaneous_eeg_nirs__VP001__prefrontal__r0__chain_first__data__SSM_Hb__full completed  6.74
profiles 79 / 126 visual_cognitive_motivation__S02__prefrontal__montage0__r0__free__total__volume__full completed  1.54
profiles 80 / 126 visual_cognitive_motivation__S02__prefrontal__montage0__r0__free__total__SSM_Hb__full completed  1.91
profiles 81 / 126 visual_cognitive_motivation__S02__prefrontal__montage0__r0__free__total__X__full completed  1.81
profiles 82 / 126 visual_cognitive_motivation__S02__prefrontal__montage0__r0__free__total__p_minus_v__full completed  1.68
profiles 83 / 126 eeg_fnirs_single_trial__subject_01__prefrontal__r0__chain_first__data__X__full completed  18.03
profiles 84 / 126 visual_cognitive_motivation__S02__prefrontal__montage0__r0__free__total__flow__full completed  1.31
profiles 85 / 126 eeg_fnirs_single_trial__subject_01__prefrontal__r0__chain_matched__data__SSM_Hb__full completed  20.45
profiles 86 / 126 visual_cognitive_motivation__S02__prefrontal__montage0__r0__free__data__volume__full completed  3.06
profiles 87 / 126 simultaneous_eeg_nirs__VP001__prefrontal__r0__chain_matched__data__p_minus_v__full completed  9.4
profiles 88 / 126 visual_cognitive_motivation__S02__prefrontal__montage0__r0__free__total__driver__full completed  1.52
profiles 89 / 126 visual_cognitive_motivation__S02__prefrontal__montage0__r0__free__data__flow__full completed  3.1
profiles 90 / 126 visual_cognitive_motivation__S02__prefrontal__montage0__r0__free__data__driver__full completed  3.19
profiles 91 / 126 eeg_fnirs_single_trial__subject_01__prefrontal__r0__chain_first__data__SSM_Hb__full completed  19.17
profiles 92 / 126 simultaneous_eeg_nirs__VP001__prefrontal__r0__chain_matched__data__X__full completed  10.2
profiles 93 / 126 visual_cognitive_motivation__S02__prefrontal__montage0__r0__free__data__p_minus_v__full completed  4.48
profiles 94 / 126 visual_cognitive_motivation__S02__prefrontal__montage0__r0__free__data__SSM_Hb__full completed  5.19
profiles 95 / 126 visual_cognitive_motivation__S02__prefrontal__montage0__r0__chain_matched__total__flow__full completed  2.01
profiles 96 / 126 visual_cognitive_motivation__S02__prefrontal__montage0__r0__chain_matched__total__volume__full completed  2.46
profiles 97 / 126 visual_cognitive_motivation__S02__prefrontal__montage0__r0__free__data__T__full completed  5.64
profiles 98 / 126 visual_cognitive_motivation__S02__prefrontal__montage0__r0__chain_matched__total__SSM_Hb__full completed  3.05
profiles 99 / 126 visual_cognitive_motivation__S02__prefrontal__montage0__r0__chain_matched__total__driver__full completed  2.35
profiles 100 / 126 visual_cognitive_motivation__S02__prefrontal__montage0__r0__chain_matched__total__T__full completed  2.99
profiles 101 / 126 visual_cognitive_motivation__S02__prefrontal__montage0__r0__free__data__X__full completed  5.72
profiles 102 / 126 visual_cognitive_motivation__S02__prefrontal__montage0__r0__chain_matched__total__X__full completed  3.02
profiles 103 / 126 simultaneous_eeg_nirs__VP001__prefrontal__r0__chain_first__data__p_minus_v__full completed  9.4
profiles 104 / 126 simultaneous_eeg_nirs__VP001__prefrontal__r0__chain_first__data__X__full completed  10.12
profiles 105 / 126 visual_cognitive_motivation__S02__prefrontal__montage0__r0__chain_matched__data__volume__full completed  4.58
profiles 106 / 126 visual_cognitive_motivation__S02__prefrontal__montage0__r0__chain_matched__data__flow__full completed  4.52
profiles 107 / 126 visual_cognitive_motivation__S02__prefrontal__montage0__r0__chain_matched__data__driver__full completed  4.72
profiles 108 / 126 visual_cognitive_motivation__S02__prefrontal__montage0__r0__chain_first__total__flow__full completed  1.93
profiles 109 / 126 visual_cognitive_motivation__S02__prefrontal__montage0__r0__chain_first__total__volume__full completed  2.31
profiles 110 / 126 visual_cognitive_motivation__S02__prefrontal__montage0__r0__chain_first__total__driver__full completed  2.26
profiles 111 / 126 visual_cognitive_motivation__S02__prefrontal__montage0__r0__chain_first__data__volume__full completed  4.43
profiles 112 / 126 visual_cognitive_motivation__S02__prefrontal__montage0__r0__chain_matched__total__p_minus_v__full completed  5.44
profiles 113 / 126 visual_cognitive_motivation__S02__prefrontal__montage0__r0__chain_first__total__T__full completed  3.27
profiles 114 / 126 visual_cognitive_motivation__S02__prefrontal__montage0__r0__chain_first__data__flow__full completed  4.02
profiles 115 / 126 visual_cognitive_motivation__S02__prefrontal__montage0__r0__chain_first__total__SSM_Hb__full completed  3.51
profiles 116 / 126 visual_cognitive_motivation__S02__prefrontal__montage0__r0__chain_first__total__X__full completed  3.78
profiles 117 / 126 visual_cognitive_motivation__S02__prefrontal__montage0__r0__chain_first__data__driver__full completed  4.6
profiles 118 / 126 visual_cognitive_motivation__S02__prefrontal__montage0__r0__chain_matched__data__p_minus_v__full completed  7.88
profiles 119 / 126 visual_cognitive_motivation__S02__prefrontal__montage0__r0__chain_first__total__p_minus_v__full completed  5.5
profiles 120 / 126 visual_cognitive_motivation__S02__prefrontal__montage0__r0__chain_matched__data__T__full completed  9.42
profiles 121 / 126 visual_cognitive_motivation__S02__prefrontal__montage0__r0__chain_matched__data__SSM_Hb__full completed  9.93
profiles 122 / 126 visual_cognitive_motivation__S02__prefrontal__montage0__r0__chain_first__data__p_minus_v__full completed  7.47
profiles 123 / 126 visual_cognitive_motivation__S02__prefrontal__montage0__r0__chain_first__data__T__full completed  8.84
profiles 124 / 126 visual_cognitive_motivation__S02__prefrontal__montage0__r0__chain_matched__data__X__full completed  10.26
profiles 125 / 126 visual_cognitive_motivation__S02__prefrontal__montage0__r0__chain_first__data__SSM_Hb__full completed  9.45
profiles 126 / 126 visual_cognitive_motivation__S02__prefrontal__montage0__r0__chain_first__data__X__full completed  9.96
{"stage": "profiles", "status": "completed", "planned": 126, "terminal": 126, "resumed": 0, "workers": 24, "elapsed_s": 31.384390696999617, "estimated_remaining_s": 0.0, "completed_at": "2026-10-10T12:04:31.752828+00:00", "task_statuses": {"completed": 126}}
power 1 / 864 eeg_fnirs_single_trial__s00__r1__a0.5__Hb_only completed stationary_feasible 0.81
power 2 / 864 eeg_fnirs_single_trial__s00__r1__a0.25__Hb_only completed stationary_feasible 0.89
power 3 / 864 eeg_fnirs_single_trial__s00__r1__a1__Hb_only completed stationary_feasible 0.99
power 4 / 864 eeg_fnirs_single_trial__s01__r1__a0.25__Hb_only completed stationary_feasible 1.04
power 5 / 864 eeg_fnirs_single_trial__s00__r1__a0.5__wrong_pair completed stationary_feasible 1.08
power 6 / 864 eeg_fnirs_single_trial__s00__r1__a0.25__paired completed stationary_feasible 1.1
power 7 / 864 eeg_fnirs_single_trial__s01__r1__a0.25__paired completed stationary_feasible 1.18
power 8 / 864 eeg_fnirs_single_trial__s00__r1__a0.5__paired completed stationary_feasible 1.2
power 9 / 864 eeg_fnirs_single_trial__s00__r1__a1__paired completed stationary_feasible 1.18
power 10 / 864 eeg_fnirs_single_trial__s01__r1__a0.25__wrong_pair completed stationary_feasible 1.27
power 11 / 864 eeg_fnirs_single_trial__s00__r1__a0.25__wrong_pair completed stationary_feasible 1.18
power 12 / 864 eeg_fnirs_single_trial__s00__r0__a0.25__paired completed stationary_feasible 1.32
power 13 / 864 eeg_fnirs_single_trial__s01__r0__a0.25__wrong_pair completed stationary_feasible 1.34
power 14 / 864 eeg_fnirs_single_trial__s00__r0__a1__paired completed stationary_feasible 1.36
power 15 / 864 eeg_fnirs_single_trial__s00__r0__a0.5__paired completed stationary_feasible 1.38
power 16 / 864 eeg_fnirs_single_trial__s00__r0__a1__Hb_only completed stationary_feasible 1.41
power 17 / 864 eeg_fnirs_single_trial__s00__r0__a0.25__Hb_only completed stationary_feasible 1.42
power 18 / 864 eeg_fnirs_single_trial__s00__r1__a1__wrong_pair completed stationary_feasible 1.44
power 19 / 864 eeg_fnirs_single_trial__s00__r0__a0.5__Hb_only completed stationary_feasible 1.44
power 20 / 864 eeg_fnirs_single_trial__s00__r0__a0.25__wrong_pair completed stationary_feasible 1.45
power 21 / 864 eeg_fnirs_single_trial__s01__r0__a0.25__Hb_only completed stationary_feasible 1.45
power 22 / 864 eeg_fnirs_single_trial__s01__r0__a0.25__paired completed stationary_feasible 1.46
power 23 / 864 eeg_fnirs_single_trial__s00__r0__a0.5__wrong_pair completed stationary_feasible 1.47
power 24 / 864 eeg_fnirs_single_trial__s00__r0__a1__wrong_pair completed stationary_feasible 1.62
power 25 / 864 eeg_fnirs_single_trial__s01__r1__a0.5__Hb_only completed stationary_feasible 0.57
power 26 / 864 eeg_fnirs_single_trial__s01__r1__a0.5__paired completed stationary_feasible 0.8
power 27 / 864 eeg_fnirs_single_trial__s01__r0__a0.5__paired completed stationary_feasible 0.97
power 28 / 864 eeg_fnirs_single_trial__s01__r1__a1__Hb_only completed stationary_feasible 0.56
power 29 / 864 eeg_fnirs_single_trial__s01__r1__a0.5__wrong_pair completed stationary_feasible 0.88
power 30 / 864 eeg_fnirs_single_trial__s02__r1__a0.25__Hb_only completed stationary_feasible 0.49
power 31 / 864 eeg_fnirs_single_trial__s01__r0__a0.5__wrong_pair completed stationary_feasible 0.98
power 32 / 864 eeg_fnirs_single_trial__s01__r0__a1__paired completed stationary_feasible 0.86
power 33 / 864 eeg_fnirs_single_trial__s01__r0__a0.5__Hb_only completed stationary_feasible 0.96
power 34 / 864 eeg_fnirs_single_trial__s01__r0__a1__wrong_pair completed stationary_feasible 0.87
power 35 / 864 eeg_fnirs_single_trial__s02__r1__a0.5__Hb_only completed stationary_feasible 0.48
power 36 / 864 eeg_fnirs_single_trial__s02__r1__a0.25__paired completed stationary_feasible 0.78
power 37 / 864 eeg_fnirs_single_trial__s01__r1__a1__wrong_pair completed stationary_feasible 0.96
power 38 / 864 eeg_fnirs_single_trial__s01__r1__a1__paired completed stationary_feasible 0.99
power 39 / 864 eeg_fnirs_single_trial__s01__r0__a1__Hb_only completed stationary_feasible 0.92
power 40 / 864 eeg_fnirs_single_trial__s02__r1__a0.25__wrong_pair completed stationary_feasible 0.82
power 41 / 864 eeg_fnirs_single_trial__s02__r1__a0.5__paired completed stationary_feasible 0.8
power 42 / 864 eeg_fnirs_single_trial__s02__r1__a0.5__wrong_pair completed stationary_feasible 0.8
power 43 / 864 eeg_fnirs_single_trial__s02__r1__a1__Hb_only completed stationary_feasible 0.49
power 44 / 864 eeg_fnirs_single_trial__s02__r0__a0.25__wrong_pair completed stationary_feasible 1.06
power 45 / 864 eeg_fnirs_single_trial__s02__r0__a0.25__Hb_only completed stationary_feasible 1.03
power 46 / 864 eeg_fnirs_single_trial__s02__r0__a0.25__paired completed stationary_feasible 1.13
power 47 / 864 eeg_fnirs_single_trial__s02__r1__a1__paired completed stationary_feasible 0.78
power 48 / 864 eeg_fnirs_single_trial__s02__r0__a0.5__paired completed stationary_feasible 1.08
power 49 / 864 eeg_fnirs_single_trial__s02__r0__a0.5__Hb_only completed stationary_feasible 1.06
power 50 / 864 eeg_fnirs_single_trial__s03__r0__a0.25__Hb_only completed stationary_feasible 0.48
power 51 / 864 eeg_fnirs_single_trial__s02__r0__a0.5__wrong_pair completed stationary_feasible 1.14
power 52 / 864 eeg_fnirs_single_trial__s02__r0__a1__paired completed stationary_feasible 1.04
power 53 / 864 eeg_fnirs_single_trial__s03__r0__a0.5__Hb_only completed stationary_feasible 0.49
power 54 / 864 eeg_fnirs_single_trial__s03__r0__a0.25__paired completed stationary_feasible 0.77
power 55 / 864 eeg_fnirs_single_trial__s03__r0__a0.25__wrong_pair completed stationary_feasible 0.77
power 56 / 864 eeg_fnirs_single_trial__s02__r0__a1__wrong_pair completed stationary_feasible 1.13
power 57 / 864 eeg_fnirs_single_trial__s02__r1__a1__wrong_pair completed stationary_feasible 1.04
power 58 / 864 eeg_fnirs_single_trial__s03__r0__a0.5__paired completed stationary_feasible 0.77
power 59 / 864 eeg_fnirs_single_trial__s03__r0__a0.5__wrong_pair completed stationary_feasible 0.76
power 60 / 864 eeg_fnirs_single_trial__s02__r0__a1__Hb_only completed stationary_feasible 1.04
power 61 / 864 eeg_fnirs_single_trial__s03__r0__a1__Hb_only completed stationary_feasible 0.49
power 62 / 864 eeg_fnirs_single_trial__s03__r1__a0.25__paired completed stationary_feasible 0.94
power 63 / 864 eeg_fnirs_single_trial__s03__r1__a0.25__Hb_only completed stationary_feasible 0.93
power 64 / 864 eeg_fnirs_single_trial__s03__r1__a0.25__wrong_pair completed stationary_feasible 1.04
power 65 / 864 eeg_fnirs_single_trial__s04__r0__a0.25__wrong_pair completed stationary_feasible 0.5
power 66 / 864 eeg_fnirs_single_trial__s03__r1__a0.5__paired completed stationary_feasible 0.97
power 67 / 864 eeg_fnirs_single_trial__s04__r0__a0.25__Hb_only completed stationary_feasible 0.4
power 68 / 864 eeg_fnirs_single_trial__s03__r0__a1__paired completed stationary_feasible 0.78
power 69 / 864 eeg_fnirs_single_trial__s03__r1__a0.5__Hb_only completed stationary_feasible 0.95
power 70 / 864 eeg_fnirs_single_trial__s04__r1__a0.25__paired completed stationary_feasible 0.68
power 71 / 864 eeg_fnirs_single_trial__s04__r0__a0.25__paired completed stationary_feasible 0.8
power 72 / 864 eeg_fnirs_single_trial__s04__r1__a0.25__Hb_only completed stationary_feasible 0.59
power 73 / 864 eeg_fnirs_single_trial__s04__r0__a0.5__Hb_only completed stationary_feasible 0.39
power 74 / 864 eeg_fnirs_single_trial__s03__r1__a1__paired completed stationary_feasible 0.95
power 75 / 864 eeg_fnirs_single_trial__s03__r0__a1__wrong_pair completed stationary_feasible 0.97
power 76 / 864 eeg_fnirs_single_trial__s03__r1__a1__Hb_only completed stationary_feasible 0.95
power 77 / 864 eeg_fnirs_single_trial__s04__r1__a0.25__wrong_pair completed stationary_feasible 0.77
power 78 / 864 eeg_fnirs_single_trial__s04__r1__a0.5__Hb_only completed stationary_feasible 0.6
power 79 / 864 eeg_fnirs_single_trial__s04__r0__a1__Hb_only completed stationary_feasible 0.49
power 80 / 864 eeg_fnirs_single_trial__s04__r0__a0.5__paired completed stationary_feasible 0.78
power 81 / 864 eeg_fnirs_single_trial__s04__r1__a0.5__paired completed stationary_feasible 0.69
power 82 / 864 eeg_fnirs_single_trial__s04__r1__a1__paired completed stationary_feasible 0.67
power 83 / 864 eeg_fnirs_single_trial__s04__r1__a1__Hb_only completed stationary_feasible 0.6
power 84 / 864 eeg_fnirs_single_trial__s04__r0__a1__paired completed stationary_feasible 0.78
power 85 / 864 eeg_fnirs_single_trial__s03__r1__a0.5__wrong_pair completed stationary_feasible 1.53
power 86 / 864 eeg_fnirs_single_trial__s04__r1__a0.5__wrong_pair completed stationary_feasible 0.86
power 87 / 864 eeg_fnirs_single_trial__s05__r0__a0.25__Hb_only completed stationary_feasible 0.51
power 88 / 864 eeg_fnirs_single_trial__s05__r0__a0.25__paired completed stationary_feasible 0.69
power 89 / 864 eeg_fnirs_single_trial__s04__r0__a0.5__wrong_pair completed stationary_feasible 0.94
power 90 / 864 eeg_fnirs_single_trial__s05__r1__a0.25__paired completed stationary_feasible 0.68
power 91 / 864 eeg_fnirs_single_trial__s05__r0__a0.5__Hb_only completed stationary_feasible 0.5
power 92 / 864 eeg_fnirs_single_trial__s05__r0__a0.25__wrong_pair completed stationary_feasible 0.79
power 93 / 864 eeg_fnirs_single_trial__s05__r1__a0.25__Hb_only completed stationary_feasible 0.68
power 94 / 864 eeg_fnirs_single_trial__s05__r0__a0.5__paired completed stationary_feasible 0.68
power 95 / 864 eeg_fnirs_single_trial__s05__r1__a0.25__wrong_pair completed stationary_feasible 0.78
power 96 / 864 eeg_fnirs_single_trial__s04__r1__a1__wrong_pair completed stationary_feasible 1.04
power 97 / 864 eeg_fnirs_single_trial__s05__r1__a0.5__paired completed stationary_feasible 0.78
power 98 / 864 eeg_fnirs_single_trial__s05__r0__a1__paired completed stationary_feasible 0.59
power 99 / 864 eeg_fnirs_single_trial__s05__r0__a0.5__wrong_pair completed stationary_feasible 0.79
power 100 / 864 eeg_fnirs_single_trial__s05__r0__a1__Hb_only completed stationary_feasible 0.49
power 101 / 864 eeg_fnirs_single_trial__s05__r1__a0.5__Hb_only completed stationary_feasible 0.68
power 102 / 864 eeg_fnirs_single_trial__s06__r0__a0.25__Hb_only completed stationary_feasible 0.4
power 103 / 864 eeg_fnirs_single_trial__s05__r1__a0.5__wrong_pair completed stationary_feasible 0.82
power 104 / 864 eeg_fnirs_single_trial__s05__r1__a1__paired completed stationary_feasible 0.78
power 105 / 864 eeg_fnirs_single_trial__s05__r1__a1__Hb_only completed stationary_feasible 0.68
power 106 / 864 eeg_fnirs_single_trial__s06__r0__a0.5__Hb_only completed stationary_feasible 0.41
power 107 / 864 eeg_fnirs_single_trial__s06__r1__a0.25__paired completed stationary_feasible 0.68
power 108 / 864 eeg_fnirs_single_trial__s06__r1__a0.25__Hb_only completed stationary_feasible 0.59
power 109 / 864 eeg_fnirs_single_trial__s05__r1__a1__wrong_pair completed stationary_feasible 0.86
power 110 / 864 eeg_fnirs_single_trial__s06__r1__a0.25__wrong_pair completed stationary_feasible 0.7
power 111 / 864 eeg_fnirs_single_trial__s06__r0__a0.25__paired completed stationary_feasible 0.79
power 112 / 864 eeg_fnirs_single_trial__s05__r0__a1__wrong_pair completed stationary_feasible 1.03
power 113 / 864 eeg_fnirs_single_trial__s06__r1__a0.5__Hb_only completed stationary_feasible 0.57
power 114 / 864 eeg_fnirs_single_trial__s06__r0__a0.5__paired completed stationary_feasible 0.76
power 115 / 864 eeg_fnirs_single_trial__s06__r0__a1__Hb_only completed stationary_feasible 0.5
power 116 / 864 eeg_fnirs_single_trial__s06__r1__a0.5__paired completed stationary_feasible 0.78
power 117 / 864 eeg_fnirs_single_trial__s06__r1__a0.5__wrong_pair completed stationary_feasible 0.77
power 118 / 864 eeg_fnirs_single_trial__s06__r0__a0.25__wrong_pair completed stationary_feasible 0.98
power 119 / 864 eeg_fnirs_single_trial__s06__r1__a1__Hb_only completed stationary_feasible 0.58
power 120 / 864 eeg_fnirs_single_trial__s04__r0__a1__wrong_pair completed stationary_feasible 1.86
power 121 / 864 eeg_fnirs_single_trial__s06__r0__a1__paired completed stationary_feasible 0.78
power 122 / 864 eeg_fnirs_single_trial__s06__r1__a1__paired completed stationary_feasible 0.78
power 123 / 864 eeg_fnirs_single_trial__s06__r0__a0.5__wrong_pair completed stationary_feasible 0.97
power 124 / 864 eeg_fnirs_single_trial__s07__r1__a0.25__paired completed stationary_feasible 0.69
power 125 / 864 eeg_fnirs_single_trial__s07__r1__a0.25__Hb_only completed stationary_feasible 0.59
power 126 / 864 eeg_fnirs_single_trial__s07__r0__a0.25__paired completed stationary_feasible 0.78
power 127 / 864 eeg_fnirs_single_trial__s06__r1__a1__wrong_pair completed stationary_feasible 0.88
power 128 / 864 eeg_fnirs_single_trial__s07__r0__a0.25__Hb_only completed stationary_feasible 0.67
power 129 / 864 eeg_fnirs_single_trial__s07__r0__a0.25__wrong_pair completed stationary_feasible 0.77
power 130 / 864 eeg_fnirs_single_trial__s07__r1__a0.5__paired completed stationary_feasible 0.68
power 131 / 864 eeg_fnirs_single_trial__s07__r1__a0.25__wrong_pair completed stationary_feasible 0.77
power 132 / 864 eeg_fnirs_single_trial__s07__r0__a0.5__paired completed stationary_feasible 0.77
power 133 / 864 eeg_fnirs_single_trial__s07__r1__a0.5__Hb_only completed stationary_feasible 0.58
power 134 / 864 eeg_fnirs_single_trial__s07__r0__a0.5__wrong_pair completed stationary_feasible 0.78
power 135 / 864 eeg_fnirs_single_trial__s07__r0__a0.5__Hb_only completed stationary_feasible 0.67
power 136 / 864 eeg_fnirs_single_trial__s07__r1__a0.5__wrong_pair completed stationary_feasible 0.77
power 137 / 864 eeg_fnirs_single_trial__s07__r1__a1__paired completed stationary_feasible 0.69
power 138 / 864 eeg_fnirs_single_trial__s07__r1__a1__Hb_only completed stationary_feasible 0.58
power 139 / 864 eeg_fnirs_single_trial__s07__r0__a1__Hb_only completed stationary_feasible 0.67
power 140 / 864 eeg_fnirs_single_trial__s07__r0__a1__paired completed stationary_feasible 0.78
power 141 / 864 eeg_fnirs_single_trial__s06__r0__a1__wrong_pair completed stationary_feasible 1.33
power 142 / 864 eeg_fnirs_single_trial__s07__r1__a1__wrong_pair completed stationary_feasible 0.87
power 143 / 864 eeg_fnirs_single_trial__s08__r0__a0.25__paired completed stationary_feasible 0.96
power 144 / 864 eeg_fnirs_single_trial__s08__r0__a0.25__wrong_pair completed stationary_feasible 0.95
power 145 / 864 eeg_fnirs_single_trial__s08__r0__a0.5__paired completed stationary_feasible 0.95
power 146 / 864 eeg_fnirs_single_trial__s08__r0__a0.25__Hb_only completed stationary_feasible 1.04
power 147 / 864 eeg_fnirs_single_trial__s07__r0__a1__wrong_pair completed stationary_feasible 1.32
power 148 / 864 eeg_fnirs_single_trial__s08__r1__a0.25__paired completed stationary_feasible 1.15
power 149 / 864 eeg_fnirs_single_trial__s08__r0__a0.5__wrong_pair completed stationary_feasible 0.95
power 150 / 864 eeg_fnirs_single_trial__s08__r1__a0.25__wrong_pair completed stationary_feasible 1.14
power 151 / 864 eeg_fnirs_single_trial__s09__r0__a0.25__wrong_pair completed stationary_feasible 0.68
power 152 / 864 eeg_fnirs_single_trial__s08__r0__a0.5__Hb_only completed stationary_feasible 1.03
power 153 / 864 eeg_fnirs_single_trial__s08__r0__a1__paired completed stationary_feasible 0.95
power 154 / 864 eeg_fnirs_single_trial__s09__r0__a0.25__paired completed stationary_feasible 0.78
power 155 / 864 eeg_fnirs_single_trial__s08__r1__a0.5__paired completed stationary_feasible 1.15
power 156 / 864 eeg_fnirs_single_trial__s09__r0__a0.25__Hb_only completed stationary_feasible 0.4
power 157 / 864 eeg_fnirs_single_trial__s09__r1__a0.25__paired completed stationary_feasible 0.78
power 158 / 864 eeg_fnirs_single_trial__s09__r1__a0.25__Hb_only completed stationary_feasible 0.4
power 159 / 864 eeg_fnirs_single_trial__s08__r1__a0.5__wrong_pair completed stationary_feasible 1.14
power 160 / 864 eeg_fnirs_single_trial__s08__r1__a1__paired completed stationary_feasible 1.05
power 161 / 864 eeg_fnirs_single_trial__s08__r1__a0.25__Hb_only completed stationary_feasible 1.31
power 162 / 864 eeg_fnirs_single_trial__s09__r1__a0.25__wrong_pair completed stationary_feasible 0.79
power 163 / 864 eeg_fnirs_single_trial__s08__r0__a1__Hb_only completed stationary_feasible 1.03
power 164 / 864 eeg_fnirs_single_trial__s08__r0__a1__wrong_pair completed stationary_feasible 1.12
power 165 / 864 eeg_fnirs_single_trial__s08__r1__a0.5__Hb_only completed stationary_feasible 1.29
power 166 / 864 eeg_fnirs_single_trial__s09__r0__a0.5__Hb_only completed stationary_feasible 0.48
power 167 / 864 eeg_fnirs_single_trial__s09__r1__a0.5__Hb_only completed stationary_feasible 0.49
power 168 / 864 eeg_fnirs_single_trial__s08__r1__a1__wrong_pair completed stationary_feasible 1.32
power 169 / 864 eeg_fnirs_single_trial__s09__r0__a1__Hb_only completed stationary_feasible 0.49
power 170 / 864 eeg_fnirs_single_trial__s09__r1__a1__Hb_only completed stationary_feasible 0.5
power 171 / 864 eeg_fnirs_single_trial__s09__r0__a0.5__wrong_pair completed stationary_feasible 0.69
power 172 / 864 eeg_fnirs_single_trial__s08__r1__a1__Hb_only completed stationary_feasible 1.3
power 173 / 864 eeg_fnirs_single_trial__s09__r0__a0.5__paired completed stationary_feasible 0.77
power 174 / 864 eeg_fnirs_single_trial__s09__r1__a0.5__paired completed stationary_feasible 0.77
power 175 / 864 eeg_fnirs_single_trial__s09__r1__a0.5__wrong_pair completed stationary_feasible 0.78
power 176 / 864 eeg_fnirs_single_trial__s10__r0__a0.25__Hb_only completed stationary_feasible 0.58
power 177 / 864 eeg_fnirs_single_trial__s09__r0__a1__paired completed stationary_feasible 0.77
power 178 / 864 eeg_fnirs_single_trial__s10__r1__a0.25__paired completed stationary_feasible 0.68
power 179 / 864 eeg_fnirs_single_trial__s09__r1__a1__paired completed stationary_feasible 0.76
power 180 / 864 eeg_fnirs_single_trial__s10__r1__a0.25__Hb_only completed stationary_feasible 0.58
power 181 / 864 eeg_fnirs_single_trial__s09__r1__a1__wrong_pair completed stationary_feasible 0.78
power 182 / 864 eeg_fnirs_single_trial__s10__r0__a0.25__paired completed stationary_feasible 0.77
power 183 / 864 eeg_fnirs_single_trial__s09__r0__a1__wrong_pair completed stationary_feasible 0.85
power 184 / 864 eeg_fnirs_single_trial__s10__r0__a0.25__wrong_pair completed stationary_feasible 0.77
power 185 / 864 eeg_fnirs_single_trial__s03__r1__a1__wrong_pair completed stationary_feasible 4.66
power 186 / 864 eeg_fnirs_single_trial__s10__r1__a0.25__wrong_pair completed stationary_feasible 0.77
power 187 / 864 eeg_fnirs_single_trial__s10__r0__a0.5__Hb_only completed stationary_feasible 0.58
power 188 / 864 eeg_fnirs_single_trial__s10__r0__a0.5__paired completed stationary_feasible 0.77
power 189 / 864 eeg_fnirs_single_trial__s10__r1__a0.5__paired completed stationary_feasible 0.78
power 190 / 864 eeg_fnirs_single_trial__s10__r1__a0.5__Hb_only completed stationary_feasible 0.59
power 191 / 864 eeg_fnirs_single_trial__s10__r0__a0.5__wrong_pair completed stationary_feasible 0.77
power 192 / 864 eeg_fnirs_single_trial__s10__r0__a1__Hb_only completed stationary_feasible 0.58
power 193 / 864 eeg_fnirs_single_trial__s10__r1__a0.5__wrong_pair completed stationary_feasible 0.78
power 194 / 864 eeg_fnirs_single_trial__s11__r1__a0.25__Hb_only completed stationary_feasible 0.4
power 195 / 864 eeg_fnirs_single_trial__s10__r1__a1__Hb_only completed stationary_feasible 0.58
power 196 / 864 eeg_fnirs_single_trial__s10__r0__a1__paired completed stationary_feasible 0.76
power 197 / 864 eeg_fnirs_single_trial__s10__r1__a1__paired completed stationary_feasible 0.78
power 198 / 864 eeg_fnirs_single_trial__s11__r1__a0.5__Hb_only completed stationary_feasible 0.49
power 199 / 864 eeg_fnirs_single_trial__s11__r1__a0.5__wrong_pair completed stationary_feasible 0.59
power 200 / 864 eeg_fnirs_single_trial__s11__r1__a0.25__paired completed stationary_feasible 0.77
power 201 / 864 eeg_fnirs_single_trial__s11__r0__a0.25__paired completed stationary_feasible 0.87
power 202 / 864 eeg_fnirs_single_trial__s10__r1__a1__wrong_pair completed stationary_feasible 0.97
power 203 / 864 eeg_fnirs_single_trial__s11__r1__a0.25__wrong_pair completed stationary_feasible 0.77
power 204 / 864 eeg_fnirs_single_trial__s11__r1__a0.5__paired completed stationary_feasible 0.77
power 205 / 864 eeg_fnirs_single_trial__s10__r0__a1__wrong_pair completed stationary_feasible 1.05
power 206 / 864 eeg_fnirs_single_trial__s11__r0__a0.25__wrong_pair completed stationary_feasible 0.87
power 207 / 864 eeg_fnirs_single_trial__s11__r1__a1__Hb_only completed stationary_feasible 0.49
power 208 / 864 eeg_fnirs_single_trial__s11__r0__a0.5__paired completed stationary_feasible 0.87
power 209 / 864 eeg_fnirs_single_trial__s11__r0__a0.25__Hb_only completed stationary_feasible 0.95
power 210 / 864 eeg_fnirs_single_trial__s11__r0__a0.5__wrong_pair completed stationary_feasible 0.87
power 211 / 864 eeg_fnirs_single_trial__s11__r1__a1__paired completed stationary_feasible 0.78
power 212 / 864 eeg_fnirs_single_trial__s11__r0__a0.5__Hb_only completed stationary_feasible 0.94
power 213 / 864 eeg_fnirs_single_trial__s11__r1__a1__wrong_pair completed stationary_feasible 0.77
power 214 / 864 eeg_fnirs_single_trial__s11__r0__a1__paired completed stationary_feasible 0.87
power 215 / 864 eeg_fnirs_single_trial__s11__r0__a1__wrong_pair completed stationary_feasible 0.88
power 216 / 864 eeg_fnirs_single_trial__s12__r0__a0.25__paired completed stationary_feasible 0.77
power 217 / 864 eeg_fnirs_single_trial__s12__r1__a0.25__paired completed stationary_feasible 0.77
power 218 / 864 eeg_fnirs_single_trial__s12__r0__a0.25__wrong_pair completed stationary_feasible 0.79
power 219 / 864 eeg_fnirs_single_trial__s11__r0__a1__Hb_only completed stationary_feasible 0.94
power 220 / 864 eeg_fnirs_single_trial__s12__r1__a0.25__wrong_pair completed stationary_feasible 0.85
power 221 / 864 eeg_fnirs_single_trial__s12__r0__a0.25__Hb_only completed stationary_feasible 0.85
power 222 / 864 eeg_fnirs_single_trial__s12__r1__a0.25__Hb_only completed stationary_feasible 0.86
power 223 / 864 eeg_fnirs_single_trial__s12__r0__a0.5__paired completed stationary_feasible 0.78
power 224 / 864 eeg_fnirs_single_trial__s12__r1__a0.5__paired completed stationary_feasible 0.77
power 225 / 864 eeg_fnirs_single_trial__s12__r0__a0.5__wrong_pair completed stationary_feasible 0.78
power 226 / 864 eeg_fnirs_single_trial__s12__r1__a0.5__wrong_pair completed stationary_feasible 0.87
power 227 / 864 eeg_fnirs_single_trial__s12__r0__a0.5__Hb_only completed stationary_feasible 0.85
power 228 / 864 eeg_fnirs_single_trial__s12__r1__a1__paired completed stationary_feasible 0.78
power 229 / 864 eeg_fnirs_single_trial__s12__r1__a0.5__Hb_only completed stationary_feasible 0.86
power 230 / 864 eeg_fnirs_single_trial__s12__r0__a1__paired completed stationary_feasible 0.88
power 231 / 864 eeg_fnirs_single_trial__s12__r1__a1__Hb_only completed stationary_feasible 0.85
power 232 / 864 eeg_fnirs_single_trial__s13__r0__a0.25__paired completed stationary_feasible 0.78
power 233 / 864 eeg_fnirs_single_trial__s12__r0__a1__Hb_only completed stationary_feasible 0.86
power 234 / 864 eeg_fnirs_single_trial__s13__r1__a0.25__paired completed stationary_feasible 0.77
power 235 / 864 eeg_fnirs_single_trial__s13__r0__a0.25__wrong_pair completed stationary_feasible 0.77
power 236 / 864 eeg_fnirs_single_trial__s12__r0__a1__wrong_pair completed stationary_feasible 0.96
power 237 / 864 eeg_fnirs_single_trial__s13__r0__a0.5__paired completed stationary_feasible 0.76
power 238 / 864 eeg_fnirs_single_trial__s12__r1__a1__wrong_pair completed stationary_feasible 1.04
power 239 / 864 eeg_fnirs_single_trial__s13__r1__a0.25__wrong_pair completed stationary_feasible 0.87
power 240 / 864 eeg_fnirs_single_trial__s13__r0__a0.25__Hb_only completed stationary_feasible 0.86
power 241 / 864 eeg_fnirs_single_trial__s13__r1__a0.25__Hb_only completed stationary_feasible 0.85
power 242 / 864 eeg_fnirs_single_trial__s13__r1__a0.5__paired completed stationary_feasible 0.87
power 243 / 864 eeg_fnirs_single_trial__s13__r0__a0.5__wrong_pair completed stationary_feasible 0.95
power 244 / 864 eeg_fnirs_single_trial__s13__r1__a0.5__wrong_pair completed stationary_feasible 0.86
power 245 / 864 eeg_fnirs_single_trial__s13__r0__a0.5__Hb_only completed stationary_feasible 0.85
power 246 / 864 eeg_fnirs_single_trial__s13__r0__a1__paired completed stationary_feasible 0.78
power 247 / 864 eeg_fnirs_single_trial__s14__r0__a0.25__paired completed stationary_feasible 0.6
power 248 / 864 eeg_fnirs_single_trial__s13__r1__a0.5__Hb_only completed stationary_feasible 0.85
power 249 / 864 eeg_fnirs_single_trial__s13__r1__a1__paired completed stationary_feasible 0.86
power 250 / 864 eeg_fnirs_single_trial__s14__r0__a0.25__Hb_only completed stationary_feasible 0.58
power 251 / 864 eeg_fnirs_single_trial__s14__r1__a0.25__Hb_only completed stationary_feasible 0.59
power 252 / 864 eeg_fnirs_single_trial__s13__r0__a1__Hb_only completed stationary_feasible 0.86
power 253 / 864 eeg_fnirs_single_trial__s13__r1__a1__Hb_only completed stationary_feasible 0.87
power 254 / 864 eeg_fnirs_single_trial__s14__r1__a0.25__paired completed stationary_feasible 0.79
power 255 / 864 eeg_fnirs_single_trial__s14__r0__a0.5__paired completed stationary_feasible 0.69
power 256 / 864 eeg_fnirs_single_trial__s14__r0__a0.25__wrong_pair completed stationary_feasible 0.75
power 257 / 864 eeg_fnirs_single_trial__s14__r0__a0.5__Hb_only completed stationary_feasible 0.59
power 258 / 864 eeg_fnirs_single_trial__s14__r1__a0.25__wrong_pair completed stationary_feasible 0.78
power 259 / 864 eeg_fnirs_single_trial__s14__r1__a0.5__Hb_only completed stationary_feasible 0.6
power 260 / 864 eeg_fnirs_single_trial__s14__r0__a1__paired completed stationary_feasible 0.61
power 261 / 864 eeg_fnirs_single_trial__s14__r1__a0.5__paired completed stationary_feasible 0.79
power 262 / 864 eeg_fnirs_single_trial__s13__r1__a1__wrong_pair completed stationary_feasible 1.05
power 263 / 864 eeg_fnirs_single_trial__s14__r0__a1__Hb_only completed stationary_feasible 0.59
power 264 / 864 eeg_fnirs_single_trial__s14__r0__a0.5__wrong_pair completed stationary_feasible 0.89
power 265 / 864 eeg_fnirs_single_trial__s14__r1__a1__Hb_only completed stationary_feasible 0.59
power 266 / 864 eeg_fnirs_single_trial__s14__r1__a1__paired completed stationary_feasible 0.79
power 267 / 864 eeg_fnirs_single_trial__s14__r1__a0.5__wrong_pair completed stationary_feasible 0.95
power 268 / 864 eeg_fnirs_single_trial__s15__r1__a0.25__paired completed stationary_feasible 0.61
power 269 / 864 eeg_fnirs_single_trial__s15__r0__a0.25__Hb_only completed stationary_feasible 0.57
power 270 / 864 eeg_fnirs_single_trial__s15__r1__a0.25__Hb_only completed stationary_feasible 0.5
power 271 / 864 eeg_fnirs_single_trial__s15__r1__a0.25__wrong_pair completed stationary_feasible 0.61
power 272 / 864 eeg_fnirs_single_trial__s15__r0__a0.25__paired completed stationary_feasible 0.79
power 273 / 864 eeg_fnirs_single_trial__s15__r1__a0.5__paired completed stationary_feasible 0.6
power 274 / 864 eeg_fnirs_single_trial__s15__r0__a0.25__wrong_pair completed stationary_feasible 0.77
power 275 / 864 eeg_fnirs_single_trial__s15__r0__a0.5__Hb_only completed stationary_feasible 0.58
power 276 / 864 eeg_fnirs_single_trial__s15__r1__a0.5__Hb_only completed stationary_feasible 0.58
power 277 / 864 eeg_fnirs_single_trial__s13__r0__a1__wrong_pair completed stationary_feasible 1.68
power 278 / 864 eeg_fnirs_single_trial__s15__r1__a1__paired completed stationary_feasible 0.59
power 279 / 864 eeg_fnirs_single_trial__s15__r0__a0.5__paired completed stationary_feasible 0.79
power 280 / 864 eeg_fnirs_single_trial__s15__r0__a0.5__wrong_pair completed stationary_feasible 0.78
power 281 / 864 eeg_fnirs_single_trial__s15__r1__a0.5__wrong_pair completed stationary_feasible 0.79
power 282 / 864 eeg_fnirs_single_trial__s15__r0__a1__paired completed stationary_feasible 0.78
power 283 / 864 eeg_fnirs_single_trial__s15__r0__a1__wrong_pair completed stationary_feasible 0.77
power 284 / 864 eeg_fnirs_single_trial__s15__r0__a1__Hb_only completed stationary_feasible 0.58
power 285 / 864 eeg_fnirs_single_trial__s15__r1__a1__Hb_only completed stationary_feasible 0.6
power 286 / 864 eeg_fnirs_single_trial__s14__r1__a1__wrong_pair completed stationary_feasible 1.31
power 287 / 864 eeg_fnirs_single_trial__s15__r1__a1__wrong_pair completed stationary_feasible 0.86
power 288 / 864 simultaneous_eeg_nirs__s00__r1__a0.25__Hb_only completed stationary_feasible 0.59
power 289 / 864 simultaneous_eeg_nirs__s00__r1__a0.25__paired completed stationary_feasible 0.79
power 290 / 864 simultaneous_eeg_nirs__s00__r1__a0.25__wrong_pair completed stationary_feasible 0.78
power 291 / 864 simultaneous_eeg_nirs__s00__r1__a0.5__Hb_only completed stationary_feasible 0.57
power 292 / 864 simultaneous_eeg_nirs__s00__r1__a0.5__wrong_pair completed stationary_feasible 0.78
power 293 / 864 simultaneous_eeg_nirs__s00__r1__a0.5__paired completed stationary_feasible 0.85
power 294 / 864 simultaneous_eeg_nirs__s00__r1__a1__Hb_only completed stationary_feasible 0.59
power 295 / 864 eeg_fnirs_single_trial__s14__r0__a1__wrong_pair completed stationary_feasible 1.78
power 296 / 864 simultaneous_eeg_nirs__s00__r1__a1__paired completed stationary_feasible 0.78
power 297 / 864 simultaneous_eeg_nirs__s00__r0__a0.25__paired completed stationary_feasible 1.15
power 298 / 864 simultaneous_eeg_nirs__s01__r1__a0.25__paired completed stationary_feasible 0.59
power 299 / 864 simultaneous_eeg_nirs__s00__r0__a0.25__wrong_pair completed stationary_feasible 1.13
power 300 / 864 simultaneous_eeg_nirs__s01__r1__a0.25__Hb_only completed stationary_feasible 0.5
power 301 / 864 simultaneous_eeg_nirs__s01__r0__a0.25__Hb_only completed stationary_feasible 0.58
power 302 / 864 simultaneous_eeg_nirs__s00__r0__a0.5__paired completed stationary_feasible 1.15
power 303 / 864 simultaneous_eeg_nirs__s01__r0__a0.25__paired completed stationary_feasible 0.78
power 304 / 864 simultaneous_eeg_nirs__s01__r1__a0.25__wrong_pair completed stationary_feasible 0.68
power 305 / 864 simultaneous_eeg_nirs__s00__r0__a1__paired completed stationary_feasible 1.06
power 306 / 864 simultaneous_eeg_nirs__s00__r0__a0.5__wrong_pair completed stationary_feasible 1.17
power 307 / 864 simultaneous_eeg_nirs__s00__r0__a0.25__Hb_only completed stationary_feasible 1.3
power 308 / 864 simultaneous_eeg_nirs__s01__r1__a0.5__paired completed stationary_feasible 0.59
power 309 / 864 simultaneous_eeg_nirs__s01__r0__a0.25__wrong_pair completed stationary_feasible 0.95
power 310 / 864 simultaneous_eeg_nirs__s00__r1__a1__wrong_pair completed stationary_feasible 1.15
power 311 / 864 simultaneous_eeg_nirs__s01__r0__a0.5__paired completed stationary_feasible 0.78
power 312 / 864 simultaneous_eeg_nirs__s01__r1__a0.5__Hb_only completed stationary_feasible 0.49
power 313 / 864 simultaneous_eeg_nirs__s01__r0__a0.5__Hb_only completed stationary_feasible 0.6
power 314 / 864 simultaneous_eeg_nirs__s00__r0__a1__wrong_pair completed stationary_feasible 1.24
power 315 / 864 simultaneous_eeg_nirs__s00__r0__a0.5__Hb_only completed stationary_feasible 1.41
power 316 / 864 simultaneous_eeg_nirs__s01__r1__a1__Hb_only completed stationary_feasible 0.49
power 317 / 864 simultaneous_eeg_nirs__s01__r1__a1__paired completed stationary_feasible 0.6
power 318 / 864 simultaneous_eeg_nirs__s01__r0__a1__Hb_only completed stationary_feasible 0.58
power 319 / 864 simultaneous_eeg_nirs__s01__r1__a0.5__wrong_pair completed stationary_feasible 0.79
power 320 / 864 simultaneous_eeg_nirs__s01__r0__a1__paired completed stationary_feasible 0.77
power 321 / 864 simultaneous_eeg_nirs__s02__r1__a0.25__Hb_only completed stationary_feasible 0.5
power 322 / 864 simultaneous_eeg_nirs__s01__r0__a0.5__wrong_pair completed stationary_feasible 1.15
power 323 / 864 simultaneous_eeg_nirs__s02__r1__a0.25__paired completed stationary_feasible 0.78
power 324 / 864 simultaneous_eeg_nirs__s02__r1__a0.5__Hb_only completed stationary_feasible 0.5
power 325 / 864 simultaneous_eeg_nirs__s01__r1__a1__wrong_pair completed stationary_feasible 0.96
power 326 / 864 simultaneous_eeg_nirs__s02__r1__a0.25__wrong_pair completed stationary_feasible 0.78
power 327 / 864 simultaneous_eeg_nirs__s00__r0__a1__Hb_only completed stationary_feasible 1.7
power 328 / 864 simultaneous_eeg_nirs__s02__r0__a0.25__wrong_pair completed stationary_feasible 0.87
power 329 / 864 simultaneous_eeg_nirs__s02__r0__a0.25__paired completed stationary_feasible 0.97
power 330 / 864 simultaneous_eeg_nirs__s02__r1__a0.5__paired completed stationary_feasible 0.78
power 331 / 864 simultaneous_eeg_nirs__s02__r0__a0.5__paired completed stationary_feasible 0.87
power 332 / 864 simultaneous_eeg_nirs__s02__r0__a0.25__Hb_only completed stationary_feasible 0.95
power 333 / 864 simultaneous_eeg_nirs__s02__r1__a1__Hb_only completed stationary_feasible 0.58
power 334 / 864 simultaneous_eeg_nirs__s02__r0__a0.5__wrong_pair completed stationary_feasible 0.87
power 335 / 864 simultaneous_eeg_nirs__s02__r1__a1__paired completed stationary_feasible 0.78
power 336 / 864 simultaneous_eeg_nirs__s02__r1__a0.5__wrong_pair completed stationary_feasible 0.87
power 337 / 864 simultaneous_eeg_nirs__s02__r0__a1__paired completed stationary_feasible 0.86
power 338 / 864 simultaneous_eeg_nirs__s02__r0__a0.5__Hb_only completed stationary_feasible 0.94
power 339 / 864 simultaneous_eeg_nirs__s03__r1__a0.25__paired completed stationary_feasible 0.77
power 340 / 864 simultaneous_eeg_nirs__s02__r0__a1__Hb_only completed stationary_feasible 0.94
power 341 / 864 simultaneous_eeg_nirs__s03__r1__a0.25__Hb_only completed stationary_feasible 0.58
power 342 / 864 simultaneous_eeg_nirs__s03__r0__a0.25__paired completed stationary_feasible 0.88
power 343 / 864 simultaneous_eeg_nirs__s03__r0__a0.25__wrong_pair completed stationary_feasible 0.88
power 344 / 864 simultaneous_eeg_nirs__s03__r1__a0.5__Hb_only completed stationary_feasible 0.57
power 345 / 864 simultaneous_eeg_nirs__s01__r0__a1__wrong_pair completed stationary_feasible 1.67
power 346 / 864 simultaneous_eeg_nirs__s02__r0__a1__wrong_pair completed stationary_feasible 1.15
power 347 / 864 simultaneous_eeg_nirs__s02__r1__a1__wrong_pair completed stationary_feasible 1.14
power 348 / 864 simultaneous_eeg_nirs__s03__r1__a0.5__paired completed stationary_feasible 0.77
power 349 / 864 simultaneous_eeg_nirs__s03__r0__a0.25__Hb_only completed stationary_feasible 0.85
power 350 / 864 simultaneous_eeg_nirs__s03__r0__a0.5__paired completed stationary_feasible 0.88
power 351 / 864 simultaneous_eeg_nirs__s03__r1__a0.25__wrong_pair completed stationary_feasible 0.96
power 352 / 864 simultaneous_eeg_nirs__s03__r1__a1__Hb_only completed stationary_feasible 0.58
power 353 / 864 simultaneous_eeg_nirs__s03__r0__a0.5__wrong_pair completed stationary_feasible 0.87
power 354 / 864 simultaneous_eeg_nirs__s03__r0__a0.5__Hb_only completed stationary_feasible 0.86
power 355 / 864 simultaneous_eeg_nirs__s03__r1__a1__paired completed stationary_feasible 0.77
power 356 / 864 simultaneous_eeg_nirs__s04__r1__a0.25__paired completed stationary_feasible 0.59
power 357 / 864 simultaneous_eeg_nirs__s03__r0__a1__paired completed stationary_feasible 0.87
power 358 / 864 simultaneous_eeg_nirs__s03__r0__a1__wrong_pair completed stationary_feasible 0.87
power 359 / 864 simultaneous_eeg_nirs__s04__r1__a0.25__wrong_pair completed stationary_feasible 0.59
power 360 / 864 simultaneous_eeg_nirs__s04__r0__a0.25__Hb_only completed stationary_feasible 0.58
power 361 / 864 simultaneous_eeg_nirs__s04__r1__a0.25__Hb_only completed stationary_feasible 0.58
power 362 / 864 simultaneous_eeg_nirs__s04__r0__a0.25__paired completed stationary_feasible 0.78
power 363 / 864 simultaneous_eeg_nirs__s03__r0__a1__Hb_only completed stationary_feasible 0.86
power 364 / 864 simultaneous_eeg_nirs__s03__r1__a0.5__wrong_pair completed stationary_feasible 1.13
power 365 / 864 simultaneous_eeg_nirs__s04__r1__a0.5__paired completed stationary_feasible 0.59
power 366 / 864 simultaneous_eeg_nirs__s04__r0__a0.25__wrong_pair completed stationary_feasible 0.78
power 367 / 864 simultaneous_eeg_nirs__s04__r0__a0.5__Hb_only completed stationary_feasible 0.59
power 368 / 864 simultaneous_eeg_nirs__s04__r1__a0.5__Hb_only completed stationary_feasible 0.58
power 369 / 864 simultaneous_eeg_nirs__s04__r0__a0.5__paired completed stationary_feasible 0.79
power 370 / 864 simultaneous_eeg_nirs__s04__r1__a1__paired completed stationary_feasible 0.6
power 371 / 864 simultaneous_eeg_nirs__s04__r1__a0.5__wrong_pair completed stationary_feasible 0.79
power 372 / 864 simultaneous_eeg_nirs__s05__r1__a0.25__paired completed stationary_feasible 0.52
power 373 / 864 simultaneous_eeg_nirs__s04__r1__a1__Hb_only completed stationary_feasible 0.59
power 374 / 864 simultaneous_eeg_nirs__s04__r0__a1__paired completed stationary_feasible 0.8
power 375 / 864 simultaneous_eeg_nirs__s04__r0__a1__Hb_only completed stationary_feasible 0.69
power 376 / 864 simultaneous_eeg_nirs__s04__r0__a0.5__wrong_pair completed stationary_feasible 0.96
power 377 / 864 simultaneous_eeg_nirs__s05__r1__a0.25__wrong_pair completed stationary_feasible 0.61
power 378 / 864 simultaneous_eeg_nirs__s05__r1__a0.25__Hb_only completed stationary_feasible 0.6
power 379 / 864 simultaneous_eeg_nirs__s05__r0__a0.25__paired completed stationary_feasible 0.78
power 380 / 864 simultaneous_eeg_nirs__s05__r1__a0.5__paired completed stationary_feasible 0.62
power 381 / 864 simultaneous_eeg_nirs__s05__r1__a0.5__Hb_only completed stationary_feasible 0.59
power 382 / 864 simultaneous_eeg_nirs__s05__r0__a0.25__wrong_pair completed stationary_feasible 0.87
power 383 / 864 simultaneous_eeg_nirs__s05__r0__a0.25__Hb_only completed stationary_feasible 0.78
power 384 / 864 simultaneous_eeg_nirs__s05__r0__a0.5__paired completed stationary_feasible 0.79
power 385 / 864 simultaneous_eeg_nirs__s05__r1__a1__paired completed stationary_feasible 0.61
power 386 / 864 simultaneous_eeg_nirs__s05__r1__a0.5__wrong_pair completed stationary_feasible 0.81
power 387 / 864 simultaneous_eeg_nirs__s05__r0__a0.5__Hb_only completed stationary_feasible 0.77
power 388 / 864 simultaneous_eeg_nirs__s04__r1__a1__wrong_pair completed stationary_feasible 1.16
power 389 / 864 simultaneous_eeg_nirs__s05__r0__a1__paired completed stationary_feasible 0.8
power 390 / 864 simultaneous_eeg_nirs__s05__r1__a1__Hb_only completed stationary_feasible 0.6
power 391 / 864 simultaneous_eeg_nirs__s05__r0__a0.5__wrong_pair completed stationary_feasible 0.98
power 392 / 864 simultaneous_eeg_nirs__s06__r0__a0.25__paired completed stationary_feasible 0.61
power 393 / 864 simultaneous_eeg_nirs__s06__r0__a0.25__Hb_only completed stationary_feasible 0.5
power 394 / 864 simultaneous_eeg_nirs__s06__r1__a0.25__Hb_only completed stationary_feasible 0.5
power 395 / 864 simultaneous_eeg_nirs__s04__r0__a1__wrong_pair completed stationary_feasible 1.35
power 396 / 864 simultaneous_eeg_nirs__s05__r0__a1__Hb_only completed stationary_feasible 0.78
power 397 / 864 simultaneous_eeg_nirs__s06__r0__a0.25__wrong_pair completed stationary_feasible 0.7
power 398 / 864 simultaneous_eeg_nirs__s03__r1__a1__wrong_pair completed stationary_feasible 2.06
power 399 / 864 simultaneous_eeg_nirs__s06__r1__a0.25__paired completed stationary_feasible 0.78
power 400 / 864 simultaneous_eeg_nirs__s06__r0__a0.5__paired completed stationary_feasible 0.62
power 401 / 864 simultaneous_eeg_nirs__s06__r0__a0.5__Hb_only completed stationary_feasible 0.5
power 402 / 864 simultaneous_eeg_nirs__s06__r1__a0.25__wrong_pair completed stationary_feasible 0.78
power 403 / 864 simultaneous_eeg_nirs__s05__r1__a1__wrong_pair completed stationary_feasible 0.99
power 404 / 864 simultaneous_eeg_nirs__s06__r1__a0.5__Hb_only completed stationary_feasible 0.51
power 405 / 864 simultaneous_eeg_nirs__s06__r1__a0.5__paired completed stationary_feasible 0.77
power 406 / 864 simultaneous_eeg_nirs__s06__r0__a1__paired completed stationary_feasible 0.61
power 407 / 864 simultaneous_eeg_nirs__s06__r0__a1__Hb_only completed stationary_feasible 0.48
power 408 / 864 simultaneous_eeg_nirs__s06__r1__a1__Hb_only completed stationary_feasible 0.49
power 409 / 864 simultaneous_eeg_nirs__s06__r0__a0.5__wrong_pair completed stationary_feasible 0.81
power 410 / 864 simultaneous_eeg_nirs__s07__r0__a0.25__Hb_only completed stationary_feasible 0.51
power 411 / 864 simultaneous_eeg_nirs__s06__r1__a1__paired completed stationary_feasible 0.77
power 412 / 864 simultaneous_eeg_nirs__s06__r1__a0.5__wrong_pair completed stationary_feasible 0.9
power 413 / 864 simultaneous_eeg_nirs__s07__r0__a0.25__paired completed stationary_feasible 0.68
power 414 / 864 simultaneous_eeg_nirs__s06__r0__a1__wrong_pair completed stationary_feasible 0.83
power 415 / 864 simultaneous_eeg_nirs__s07__r0__a0.5__Hb_only completed stationary_feasible 0.48
power 416 / 864 simultaneous_eeg_nirs__s07__r0__a0.25__wrong_pair completed stationary_feasible 0.71
power 417 / 864 simultaneous_eeg_nirs__s07__r1__a0.25__paired completed stationary_feasible 0.81
power 418 / 864 simultaneous_eeg_nirs__s07__r1__a0.25__wrong_pair completed stationary_feasible 0.77
power 419 / 864 simultaneous_eeg_nirs__s07__r0__a0.5__paired completed stationary_feasible 0.71
power 420 / 864 simultaneous_eeg_nirs__s07__r1__a0.25__Hb_only completed stationary_feasible 0.75
power 421 / 864 simultaneous_eeg_nirs__s06__r1__a1__wrong_pair completed stationary_feasible 1.0
power 422 / 864 simultaneous_eeg_nirs__s07__r1__a0.5__Hb_only completed stationary_feasible 0.67
power 423 / 864 simultaneous_eeg_nirs__s07__r1__a0.5__paired completed stationary_feasible 0.77
power 424 / 864 simultaneous_eeg_nirs__s05__r0__a1__wrong_pair completed stationary_feasible 1.67
power 425 / 864 simultaneous_eeg_nirs__s07__r0__a1__paired completed stationary_feasible 0.72
power 426 / 864 simultaneous_eeg_nirs__s07__r0__a1__Hb_only completed stationary_feasible 0.67
power 427 / 864 simultaneous_eeg_nirs__s07__r1__a0.5__wrong_pair completed stationary_feasible 0.91
power 428 / 864 simultaneous_eeg_nirs__s07__r1__a1__paired completed stationary_feasible 0.82
power 429 / 864 simultaneous_eeg_nirs__s07__r0__a0.5__wrong_pair completed stationary_feasible 0.94
power 430 / 864 simultaneous_eeg_nirs__s07__r1__a1__Hb_only completed stationary_feasible 0.75
power 431 / 864 simultaneous_eeg_nirs__s08__r1__a0.25__Hb_only completed stationary_feasible 0.52
power 432 / 864 simultaneous_eeg_nirs__s08__r1__a0.25__wrong_pair completed stationary_feasible 0.62
power 433 / 864 simultaneous_eeg_nirs__s08__r1__a0.5__Hb_only completed stationary_feasible 0.49
power 434 / 864 simultaneous_eeg_nirs__s08__r1__a0.25__paired completed stationary_feasible 0.82
power 435 / 864 simultaneous_eeg_nirs__s08__r1__a0.5__paired completed stationary_feasible 0.81
power 436 / 864 simultaneous_eeg_nirs__s08__r1__a0.5__wrong_pair completed stationary_feasible 0.77
power 437 / 864 simultaneous_eeg_nirs__s07__r1__a1__wrong_pair completed stationary_feasible 1.19
power 438 / 864 simultaneous_eeg_nirs__s08__r0__a0.25__paired completed stationary_feasible 1.09
power 439 / 864 simultaneous_eeg_nirs__s08__r0__a0.25__wrong_pair completed stationary_feasible 1.03
power 440 / 864 simultaneous_eeg_nirs__s08__r1__a1__Hb_only completed stationary_feasible 0.57
power 441 / 864 simultaneous_eeg_nirs__s08__r1__a1__paired completed stationary_feasible 0.77
power 442 / 864 simultaneous_eeg_nirs__s07__r0__a1__wrong_pair completed stationary_feasible 1.32
power 443 / 864 simultaneous_eeg_nirs__s09__r0__a0.25__Hb_only completed stationary_feasible 0.53
power 444 / 864 simultaneous_eeg_nirs__s08__r0__a0.5__paired completed stationary_feasible 1.03
power 445 / 864 simultaneous_eeg_nirs__s09__r0__a0.25__paired completed stationary_feasible 0.63
power 446 / 864 simultaneous_eeg_nirs__s09__r1__a0.25__Hb_only completed stationary_feasible 0.52
power 447 / 864 simultaneous_eeg_nirs__s08__r0__a0.5__wrong_pair completed stationary_feasible 1.1
power 448 / 864 simultaneous_eeg_nirs__s09__r0__a0.25__wrong_pair completed stationary_feasible 0.77
power 449 / 864 simultaneous_eeg_nirs__s09__r1__a0.25__paired completed stationary_feasible 0.82
power 450 / 864 simultaneous_eeg_nirs__s08__r0__a0.25__Hb_only completed stationary_feasible 1.35
power 451 / 864 simultaneous_eeg_nirs__s08__r0__a1__paired completed stationary_feasible 1.11
power 452 / 864 simultaneous_eeg_nirs__s09__r1__a0.25__wrong_pair completed stationary_feasible 0.86
power 453 / 864 simultaneous_eeg_nirs__s09__r0__a0.5__paired completed stationary_feasible 0.68
power 454 / 864 simultaneous_eeg_nirs__s08__r0__a1__wrong_pair completed stationary_feasible 1.13
power 455 / 864 simultaneous_eeg_nirs__s09__r0__a0.5__Hb_only completed stationary_feasible 0.52
power 456 / 864 simultaneous_eeg_nirs__s09__r1__a0.5__Hb_only completed stationary_feasible 0.51
power 457 / 864 simultaneous_eeg_nirs__s08__r1__a1__wrong_pair completed stationary_feasible 1.21
power 458 / 864 simultaneous_eeg_nirs__s08__r0__a0.5__Hb_only completed stationary_feasible 1.29
power 459 / 864 simultaneous_eeg_nirs__s09__r1__a0.5__paired completed stationary_feasible 0.82
power 460 / 864 simultaneous_eeg_nirs__s08__r0__a1__Hb_only completed stationary_feasible 1.29
power 461 / 864 simultaneous_eeg_nirs__s09__r1__a1__Hb_only completed stationary_feasible 0.57
power 462 / 864 simultaneous_eeg_nirs__s09__r0__a1__Hb_only completed stationary_feasible 0.63
power 463 / 864 simultaneous_eeg_nirs__s10__r1__a0.25__paired completed stationary_feasible 0.62
power 464 / 864 simultaneous_eeg_nirs__s09__r0__a1__paired completed stationary_feasible 0.78
power 465 / 864 simultaneous_eeg_nirs__s09__r1__a1__paired completed stationary_feasible 0.77
power 466 / 864 simultaneous_eeg_nirs__s10__r0__a0.25__Hb_only completed stationary_feasible 0.52
power 467 / 864 simultaneous_eeg_nirs__s10__r1__a0.25__wrong_pair completed stationary_feasible 0.59
power 468 / 864 simultaneous_eeg_nirs__s10__r1__a0.25__Hb_only completed stationary_feasible 0.49
power 469 / 864 simultaneous_eeg_nirs__s10__r0__a0.25__wrong_pair completed stationary_feasible 0.62
power 470 / 864 simultaneous_eeg_nirs__s09__r0__a0.5__wrong_pair completed stationary_feasible 1.01
power 471 / 864 simultaneous_eeg_nirs__s10__r0__a0.25__paired completed stationary_feasible 0.82
power 472 / 864 simultaneous_eeg_nirs__s10__r1__a0.5__Hb_only completed stationary_feasible 0.5
power 473 / 864 simultaneous_eeg_nirs__s10__r0__a0.5__wrong_pair completed stationary_feasible 0.6
power 474 / 864 simultaneous_eeg_nirs__s10__r0__a0.5__Hb_only completed stationary_feasible 0.55
power 475 / 864 simultaneous_eeg_nirs__s10__r1__a0.5__paired completed stationary_feasible 0.64
power 476 / 864 simultaneous_eeg_nirs__s09__r1__a0.5__wrong_pair completed stationary_feasible 1.15
power 477 / 864 simultaneous_eeg_nirs__s10__r0__a1__Hb_only completed stationary_feasible 0.48
power 478 / 864 simultaneous_eeg_nirs__s10__r0__a0.5__paired completed stationary_feasible 0.8
power 479 / 864 simultaneous_eeg_nirs__s10__r1__a1__paired completed stationary_feasible 0.69
power 480 / 864 simultaneous_eeg_nirs__s10__r1__a0.5__wrong_pair completed stationary_feasible 0.78
power 481 / 864 simultaneous_eeg_nirs__s10__r0__a1__paired completed stationary_feasible 0.71
power 482 / 864 simultaneous_eeg_nirs__s10__r1__a1__Hb_only completed stationary_feasible 0.49
power 483 / 864 simultaneous_eeg_nirs__s11__r1__a0.25__Hb_only completed stationary_feasible 0.49
power 484 / 864 simultaneous_eeg_nirs__s10__r0__a1__wrong_pair completed stationary_feasible 0.8
power 485 / 864 simultaneous_eeg_nirs__s11__r1__a0.25__paired completed stationary_feasible 0.62
power 486 / 864 simultaneous_eeg_nirs__s11__r0__a0.25__wrong_pair completed stationary_feasible 0.69
power 487 / 864 simultaneous_eeg_nirs__s11__r0__a0.25__Hb_only completed stationary_feasible 0.66
power 488 / 864 simultaneous_eeg_nirs__s11__r0__a0.25__paired completed stationary_feasible 0.79
power 489 / 864 simultaneous_eeg_nirs__s11__r1__a0.25__wrong_pair completed stationary_feasible 0.72
power 490 / 864 simultaneous_eeg_nirs__s11__r1__a0.5__Hb_only completed stationary_feasible 0.52
power 491 / 864 simultaneous_eeg_nirs__s11__r0__a0.5__paired completed stationary_feasible 0.7
power 492 / 864 simultaneous_eeg_nirs__s11__r1__a0.5__paired completed stationary_feasible 0.71
power 493 / 864 simultaneous_eeg_nirs__s10__r1__a1__wrong_pair completed stationary_feasible 0.99
power 494 / 864 simultaneous_eeg_nirs__s11__r0__a0.5__wrong_pair completed stationary_feasible 0.72
power 495 / 864 simultaneous_eeg_nirs__s11__r0__a1__paired completed stationary_feasible 0.62
power 496 / 864 simultaneous_eeg_nirs__s11__r0__a0.5__Hb_only completed stationary_feasible 0.68
power 497 / 864 simultaneous_eeg_nirs__s11__r1__a1__Hb_only completed stationary_feasible 0.51
power 498 / 864 simultaneous_eeg_nirs__s11__r1__a0.5__wrong_pair completed stationary_feasible 0.79
power 499 / 864 simultaneous_eeg_nirs__s11__r1__a1__paired completed stationary_feasible 0.69
power 500 / 864 simultaneous_eeg_nirs__s11__r0__a1__wrong_pair completed stationary_feasible 0.69
power 501 / 864 simultaneous_eeg_nirs__s11__r0__a1__Hb_only completed stationary_feasible 0.7
power 502 / 864 simultaneous_eeg_nirs__s12__r0__a0.25__paired completed stationary_feasible 0.79
power 503 / 864 simultaneous_eeg_nirs__s11__r1__a1__wrong_pair completed stationary_feasible 0.89
power 504 / 864 simultaneous_eeg_nirs__s09__r1__a1__wrong_pair completed stationary_feasible 2.05
power 505 / 864 simultaneous_eeg_nirs__s09__r0__a1__wrong_pair completed stationary_feasible 2.08
power 506 / 864 simultaneous_eeg_nirs__s12__r0__a0.25__wrong_pair completed stationary_feasible 0.78
power 507 / 864 simultaneous_eeg_nirs__s12__r0__a0.25__Hb_only completed stationary_feasible 0.77
power 508 / 864 simultaneous_eeg_nirs__s12__r0__a0.5__paired completed stationary_feasible 0.79
power 509 / 864 simultaneous_eeg_nirs__s12__r0__a0.5__Hb_only completed stationary_feasible 0.78
power 510 / 864 simultaneous_eeg_nirs__s12__r0__a1__paired completed stationary_feasible 0.77
power 511 / 864 simultaneous_eeg_nirs__s12__r1__a0.25__paired completed stationary_feasible 1.26
power 512 / 864 simultaneous_eeg_nirs__s12__r0__a0.5__wrong_pair completed stationary_feasible 0.96
power 513 / 864 simultaneous_eeg_nirs__s13__r0__a0.25__Hb_only completed stationary_feasible 0.5
power 514 / 864 simultaneous_eeg_nirs__s12__r0__a1__Hb_only completed stationary_feasible 0.87
power 515 / 864 simultaneous_eeg_nirs__s13__r0__a0.25__paired completed stationary_feasible 0.79
power 516 / 864 simultaneous_eeg_nirs__s12__r1__a0.25__wrong_pair completed stationary_feasible 1.27
power 517 / 864 simultaneous_eeg_nirs__s13__r0__a0.25__wrong_pair completed stationary_feasible 0.8
power 518 / 864 simultaneous_eeg_nirs__s12__r1__a0.25__Hb_only completed stationary_feasible 1.25
power 519 / 864 simultaneous_eeg_nirs__s13__r1__a0.25__paired completed stationary_feasible 0.88
power 520 / 864 simultaneous_eeg_nirs__s12__r1__a0.5__paired completed stationary_feasible 1.25
power 521 / 864 simultaneous_eeg_nirs__s13__r1__a0.25__Hb_only completed stationary_feasible 0.78
power 522 / 864 simultaneous_eeg_nirs__s13__r1__a0.25__wrong_pair completed stationary_feasible 0.89
power 523 / 864 simultaneous_eeg_nirs__s12__r1__a1__paired completed stationary_feasible 1.26
power 524 / 864 simultaneous_eeg_nirs__s13__r0__a0.5__paired completed stationary_feasible 0.79
power 525 / 864 simultaneous_eeg_nirs__s12__r1__a0.5__wrong_pair completed stationary_feasible 1.39
power 526 / 864 simultaneous_eeg_nirs__s13__r0__a0.5__Hb_only completed stationary_feasible 0.59
power 527 / 864 simultaneous_eeg_nirs__s13__r0__a0.5__wrong_pair completed stationary_feasible 0.79
power 528 / 864 simultaneous_eeg_nirs__s12__r1__a0.5__Hb_only completed stationary_feasible 1.36
power 529 / 864 simultaneous_eeg_nirs__s13__r1__a0.5__paired completed stationary_feasible 0.89
power 530 / 864 simultaneous_eeg_nirs__s12__r1__a1__wrong_pair completed stationary_feasible 1.36
power 531 / 864 simultaneous_eeg_nirs__s12__r1__a1__Hb_only completed stationary_feasible 1.33
power 532 / 864 simultaneous_eeg_nirs__s13__r0__a1__Hb_only completed stationary_feasible 0.58
power 533 / 864 simultaneous_eeg_nirs__s13__r1__a0.5__Hb_only completed stationary_feasible 0.77
power 534 / 864 simultaneous_eeg_nirs__s13__r1__a0.5__wrong_pair completed stationary_feasible 0.88
power 535 / 864 simultaneous_eeg_nirs__s12__r0__a1__wrong_pair completed stationary_feasible 1.56
power 536 / 864 simultaneous_eeg_nirs__s13__r0__a1__paired completed stationary_feasible 0.78
power 537 / 864 simultaneous_eeg_nirs__s14__r1__a0.25__paired completed stationary_feasible 0.6
power 538 / 864 simultaneous_eeg_nirs__s14__r0__a0.25__Hb_only completed stationary_feasible 0.49
power 539 / 864 simultaneous_eeg_nirs__s13__r1__a1__paired completed stationary_feasible 0.89
power 540 / 864 simultaneous_eeg_nirs__s13__r1__a1__Hb_only completed stationary_feasible 0.78
power 541 / 864 simultaneous_eeg_nirs__s14__r0__a0.5__Hb_only completed stationary_feasible 0.5
power 542 / 864 simultaneous_eeg_nirs__s14__r1__a0.25__wrong_pair completed stationary_feasible 0.7
power 543 / 864 simultaneous_eeg_nirs__s14__r0__a0.25__paired completed stationary_feasible 0.79
power 544 / 864 simultaneous_eeg_nirs__s14__r0__a0.25__wrong_pair completed stationary_feasible 0.78
power 545 / 864 simultaneous_eeg_nirs__s13__r1__a1__wrong_pair completed stationary_feasible 0.97
power 546 / 864 simultaneous_eeg_nirs__s14__r1__a0.25__Hb_only completed stationary_feasible 0.69
power 547 / 864 simultaneous_eeg_nirs__s14__r1__a0.5__paired completed stationary_feasible 0.68
power 548 / 864 simultaneous_eeg_nirs__s13__r0__a1__wrong_pair completed stationary_feasible 1.07
power 549 / 864 simultaneous_eeg_nirs__s14__r1__a0.5__Hb_only completed stationary_feasible 0.69
power 550 / 864 simultaneous_eeg_nirs__s14__r0__a1__Hb_only completed stationary_feasible 0.51
power 551 / 864 simultaneous_eeg_nirs__s14__r0__a0.5__paired completed stationary_feasible 0.79
power 552 / 864 simultaneous_eeg_nirs__s14__r1__a0.5__wrong_pair completed stationary_feasible 0.8
power 553 / 864 simultaneous_eeg_nirs__s14__r0__a0.5__wrong_pair completed stationary_feasible 0.81
power 554 / 864 simultaneous_eeg_nirs__s14__r1__a1__paired completed stationary_feasible 0.74
power 555 / 864 simultaneous_eeg_nirs__s14__r0__a1__paired completed stationary_feasible 0.77
power 556 / 864 simultaneous_eeg_nirs__s15__r1__a0.25__paired completed stationary_feasible 0.58
power 557 / 864 simultaneous_eeg_nirs__s14__r1__a1__Hb_only completed stationary_feasible 0.66
power 558 / 864 simultaneous_eeg_nirs__s14__r0__a1__wrong_pair completed stationary_feasible 0.81
power 559 / 864 simultaneous_eeg_nirs__s15__r1__a0.25__Hb_only completed stationary_feasible 0.51
power 560 / 864 simultaneous_eeg_nirs__s14__r1__a1__wrong_pair completed stationary_feasible 0.77
power 561 / 864 simultaneous_eeg_nirs__s15__r1__a0.5__Hb_only completed stationary_feasible 0.52
power 562 / 864 simultaneous_eeg_nirs__s15__r1__a0.5__paired completed stationary_feasible 0.62
power 563 / 864 simultaneous_eeg_nirs__s15__r1__a0.25__wrong_pair completed stationary_feasible 0.75
power 564 / 864 simultaneous_eeg_nirs__s15__r1__a1__paired completed stationary_feasible 0.61
power 565 / 864 simultaneous_eeg_nirs__s15__r1__a1__Hb_only completed stationary_feasible 0.51
power 566 / 864 simultaneous_eeg_nirs__s15__r1__a0.5__wrong_pair completed stationary_feasible 0.76
power 567 / 864 simultaneous_eeg_nirs__s15__r0__a0.25__paired completed stationary_feasible 1.12
power 568 / 864 simultaneous_eeg_nirs__s15__r0__a0.25__wrong_pair completed stationary_feasible 1.12
power 569 / 864 simultaneous_eeg_nirs__s15__r1__a1__wrong_pair completed stationary_feasible 0.79
power 570 / 864 simultaneous_eeg_nirs__s15__r0__a0.5__paired completed stationary_feasible 1.04
power 571 / 864 visual_cognitive_motivation__s00__r1__a0.25__paired completed stationary_feasible 0.72
power 572 / 864 visual_cognitive_motivation__s00__r1__a0.25__Hb_only completed stationary_feasible 0.59
power 573 / 864 simultaneous_eeg_nirs__s15__r0__a0.5__wrong_pair completed stationary_feasible 1.06
power 574 / 864 simultaneous_eeg_nirs__s15__r0__a0.25__Hb_only completed stationary_feasible 1.17
power 575 / 864 visual_cognitive_motivation__s00__r0__a0.25__wrong_pair completed stationary_feasible 0.78
power 576 / 864 visual_cognitive_motivation__s00__r0__a0.25__paired completed stationary_feasible 0.85
power 577 / 864 visual_cognitive_motivation__s00__r0__a0.25__Hb_only completed stationary_feasible 0.77
power 578 / 864 visual_cognitive_motivation__s00__r1__a0.25__wrong_pair completed stationary_feasible 0.77
power 579 / 864 simultaneous_eeg_nirs__s15__r0__a1__paired completed stationary_feasible 1.04
power 580 / 864 simultaneous_eeg_nirs__s15__r0__a0.5__Hb_only completed stationary_feasible 1.12
power 581 / 864 visual_cognitive_motivation__s00__r0__a0.5__paired completed stationary_feasible 0.78
power 582 / 864 visual_cognitive_motivation__s00__r1__a0.5__paired completed stationary_feasible 0.79
power 583 / 864 visual_cognitive_motivation__s00__r1__a0.5__Hb_only completed stationary_feasible 0.58
power 584 / 864 simultaneous_eeg_nirs__s15__r0__a1__wrong_pair completed stationary_feasible 1.16
power 585 / 864 simultaneous_eeg_nirs__s15__r0__a1__Hb_only completed stationary_feasible 1.14
power 586 / 864 visual_cognitive_motivation__s00__r0__a0.5__wrong_pair completed stationary_feasible 0.78
power 587 / 864 visual_cognitive_motivation__s00__r0__a0.5__Hb_only completed stationary_feasible 0.78
power 588 / 864 visual_cognitive_motivation__s00__r0__a1__paired completed stationary_feasible 0.77
power 589 / 864 visual_cognitive_motivation__s00__r1__a0.5__wrong_pair completed stationary_feasible 0.94
power 590 / 864 visual_cognitive_motivation__s00__r1__a1__paired completed stationary_feasible 0.8
power 591 / 864 visual_cognitive_motivation__s01__r1__a0.25__paired completed stationary_feasible 0.67
power 592 / 864 visual_cognitive_motivation__s00__r1__a1__Hb_only completed stationary_feasible 0.7
power 593 / 864 visual_cognitive_motivation__s01__r1__a0.5__paired completed stationary_feasible 0.61
power 594 / 864 visual_cognitive_motivation__s00__r0__a1__Hb_only completed stationary_feasible 0.75
power 595 / 864 visual_cognitive_motivation__s00__r0__a1__wrong_pair completed stationary_feasible 0.91
power 596 / 864 visual_cognitive_motivation__s01__r0__a0.25__paired completed stationary_feasible 0.78
power 597 / 864 visual_cognitive_motivation__s01__r0__a0.5__paired completed stationary_feasible 0.71
power 598 / 864 visual_cognitive_motivation__s01__r1__a0.25__wrong_pair completed stationary_feasible 0.77
power 599 / 864 visual_cognitive_motivation__s01__r0__a0.25__Hb_only completed stationary_feasible 0.78
power 600 / 864 visual_cognitive_motivation__s01__r0__a0.25__wrong_pair completed stationary_feasible 0.81
power 601 / 864 visual_cognitive_motivation__s01__r1__a0.25__Hb_only completed stationary_feasible 0.79
power 602 / 864 visual_cognitive_motivation__s00__r1__a1__wrong_pair completed stationary_feasible 0.99
power 603 / 864 visual_cognitive_motivation__s01__r0__a0.5__Hb_only completed stationary_feasible 0.75
power 604 / 864 visual_cognitive_motivation__s01__r1__a0.5__wrong_pair completed stationary_feasible 0.8
power 605 / 864 visual_cognitive_motivation__s01__r0__a1__paired completed stationary_feasible 0.68
power 606 / 864 visual_cognitive_motivation__s01__r1__a0.5__Hb_only completed stationary_feasible 0.78
power 607 / 864 visual_cognitive_motivation__s01__r1__a1__paired completed stationary_feasible 0.7
power 608 / 864 visual_cognitive_motivation__s01__r0__a0.5__wrong_pair completed stationary_feasible 0.89
power 609 / 864 visual_cognitive_motivation__s01__r1__a1__wrong_pair completed stationary_feasible 0.78
power 610 / 864 visual_cognitive_motivation__s01__r0__a1__Hb_only completed stationary_feasible 0.77
power 611 / 864 visual_cognitive_motivation__s02__r1__a0.25__paired completed stationary_feasible 0.69
power 612 / 864 visual_cognitive_motivation__s01__r1__a1__Hb_only completed stationary_feasible 0.78
power 613 / 864 visual_cognitive_motivation__s02__r0__a0.25__wrong_pair completed stationary_feasible 0.69
power 614 / 864 visual_cognitive_motivation__s01__r0__a1__wrong_pair completed stationary_feasible 1.05
power 615 / 864 visual_cognitive_motivation__s02__r1__a0.25__wrong_pair completed stationary_feasible 0.7
power 616 / 864 visual_cognitive_motivation__s02__r0__a0.25__paired completed stationary_feasible 0.85
power 617 / 864 visual_cognitive_motivation__s02__r1__a0.25__Hb_only completed stationary_feasible 0.69
power 618 / 864 visual_cognitive_motivation__s02__r0__a0.25__Hb_only completed stationary_feasible 0.75
power 619 / 864 visual_cognitive_motivation__s02__r1__a0.5__paired completed stationary_feasible 0.72
power 620 / 864 visual_cognitive_motivation__s02__r0__a0.5__paired completed stationary_feasible 0.78
power 621 / 864 visual_cognitive_motivation__s02__r1__a0.5__Hb_only completed stationary_feasible 0.72
power 622 / 864 visual_cognitive_motivation__s02__r0__a0.5__Hb_only completed stationary_feasible 0.76
power 623 / 864 visual_cognitive_motivation__s03__r1__a0.25__paired completed stationary_feasible 0.59
power 624 / 864 visual_cognitive_motivation__s02__r1__a1__paired completed stationary_feasible 0.68
power 625 / 864 visual_cognitive_motivation__s02__r1__a0.5__wrong_pair completed stationary_feasible 0.79
power 626 / 864 visual_cognitive_motivation__s02__r0__a1__paired completed stationary_feasible 0.78
power 627 / 864 visual_cognitive_motivation__s02__r1__a1__Hb_only completed stationary_feasible 0.67
power 628 / 864 visual_cognitive_motivation__s03__r0__a0.25__paired completed stationary_feasible 0.7
power 629 / 864 visual_cognitive_motivation__s02__r0__a0.5__wrong_pair completed stationary_feasible 0.95
power 630 / 864 visual_cognitive_motivation__s03__r0__a0.25__Hb_only completed stationary_feasible 0.67
power 631 / 864 visual_cognitive_motivation__s03__r0__a0.25__wrong_pair completed stationary_feasible 0.8
power 632 / 864 visual_cognitive_motivation__s03__r1__a0.25__wrong_pair completed stationary_feasible 0.78
power 633 / 864 visual_cognitive_motivation__s02__r1__a1__wrong_pair completed stationary_feasible 1.04
power 634 / 864 visual_cognitive_motivation__s02__r0__a1__Hb_only completed stationary_feasible 1.06
power 635 / 864 visual_cognitive_motivation__s03__r1__a0.5__paired completed stationary_feasible 0.7
power 636 / 864 visual_cognitive_motivation__s03__r0__a0.5__Hb_only completed stationary_feasible 0.69
power 637 / 864 visual_cognitive_motivation__s03__r0__a0.5__paired completed stationary_feasible 0.78
power 638 / 864 visual_cognitive_motivation__s03__r1__a0.25__Hb_only completed stationary_feasible 0.87
power 639 / 864 visual_cognitive_motivation__s03__r0__a1__Hb_only completed stationary_feasible 0.67
power 640 / 864 visual_cognitive_motivation__s03__r1__a1__paired completed stationary_feasible 0.78
power 641 / 864 visual_cognitive_motivation__s03__r0__a1__paired completed stationary_feasible 0.8
power 642 / 864 visual_cognitive_motivation__s03__r1__a0.5__Hb_only completed stationary_feasible 0.84
power 643 / 864 visual_cognitive_motivation__s03__r0__a0.5__wrong_pair completed stationary_feasible 0.96
power 644 / 864 visual_cognitive_motivation__s03__r1__a1__Hb_only completed stationary_feasible 0.76
power 645 / 864 visual_cognitive_motivation__s03__r1__a0.5__wrong_pair completed stationary_feasible 0.98
power 646 / 864 visual_cognitive_motivation__s04__r0__a0.25__paired completed stationary_feasible 0.8
power 647 / 864 visual_cognitive_motivation__s04__r0__a0.25__wrong_pair completed stationary_feasible 0.77
power 648 / 864 visual_cognitive_motivation__s04__r0__a0.25__Hb_only completed stationary_feasible 0.76
power 649 / 864 visual_cognitive_motivation__s04__r1__a0.25__paired completed stationary_feasible 0.87
power 650 / 864 visual_cognitive_motivation__s04__r1__a0.25__Hb_only completed stationary_feasible 0.66
power 651 / 864 visual_cognitive_motivation__s04__r1__a0.25__wrong_pair completed stationary_feasible 0.89
power 652 / 864 visual_cognitive_motivation__s04__r0__a0.5__paired completed stationary_feasible 0.77
power 653 / 864 visual_cognitive_motivation__s03__r0__a1__wrong_pair completed stationary_feasible 1.16
power 654 / 864 visual_cognitive_motivation__s04__r1__a0.5__Hb_only completed stationary_feasible 0.69
power 655 / 864 visual_cognitive_motivation__s02__r0__a1__wrong_pair completed stationary_feasible 1.82
power 656 / 864 visual_cognitive_motivation__s03__r1__a1__wrong_pair completed stationary_feasible 1.22
power 657 / 864 visual_cognitive_motivation__s04__r1__a0.5__paired completed stationary_feasible 0.89
power 658 / 864 visual_cognitive_motivation__s04__r0__a0.5__wrong_pair completed stationary_feasible 0.87
power 659 / 864 visual_cognitive_motivation__s04__r0__a1__paired completed stationary_feasible 0.8
power 660 / 864 visual_cognitive_motivation__s04__r1__a0.5__wrong_pair completed stationary_feasible 0.89
power 661 / 864 visual_cognitive_motivation__s04__r1__a1__paired completed stationary_feasible 0.79
power 662 / 864 visual_cognitive_motivation__s04__r0__a0.5__Hb_only completed stationary_feasible 0.87
power 663 / 864 visual_cognitive_motivation__s04__r1__a1__Hb_only completed stationary_feasible 0.66
power 664 / 864 visual_cognitive_motivation__s05__r0__a0.25__paired completed stationary_feasible 0.69
power 665 / 864 visual_cognitive_motivation__s05__r1__a0.25__paired completed stationary_feasible 0.77
power 666 / 864 visual_cognitive_motivation__s05__r0__a0.25__wrong_pair completed stationary_feasible 0.8
power 667 / 864 visual_cognitive_motivation__s04__r0__a1__Hb_only completed stationary_feasible 0.88
power 668 / 864 visual_cognitive_motivation__s05__r1__a0.25__wrong_pair completed stationary_feasible 0.79
power 669 / 864 visual_cognitive_motivation__s05__r0__a0.5__paired completed stationary_feasible 0.7
power 670 / 864 visual_cognitive_motivation__s04__r1__a1__wrong_pair completed stationary_feasible 0.96
power 671 / 864 visual_cognitive_motivation__s05__r1__a0.5__paired completed stationary_feasible 0.76
power 672 / 864 visual_cognitive_motivation__s04__r0__a1__wrong_pair completed stationary_feasible 1.13
power 673 / 864 visual_cognitive_motivation__s05__r1__a0.25__Hb_only completed stationary_feasible 0.92
power 674 / 864 visual_cognitive_motivation__s05__r0__a0.5__wrong_pair completed stationary_feasible 0.89
power 675 / 864 visual_cognitive_motivation__s05__r0__a1__paired completed stationary_feasible 0.79
power 676 / 864 visual_cognitive_motivation__s05__r0__a0.25__Hb_only completed stationary_feasible 1.13
power 677 / 864 visual_cognitive_motivation__s05__r1__a1__paired completed stationary_feasible 0.78
power 678 / 864 visual_cognitive_motivation__s05__r1__a0.5__Hb_only completed stationary_feasible 0.86
power 679 / 864 visual_cognitive_motivation__s06__r1__a0.25__paired completed stationary_feasible 0.69
power 680 / 864 visual_cognitive_motivation__s05__r1__a0.5__wrong_pair completed stationary_feasible 0.96
power 681 / 864 visual_cognitive_motivation__s06__r0__a0.25__paired completed stationary_feasible 0.79
power 682 / 864 visual_cognitive_motivation__s06__r0__a0.25__wrong_pair completed stationary_feasible 0.78
power 683 / 864 visual_cognitive_motivation__s06__r1__a0.25__wrong_pair completed stationary_feasible 0.78
power 684 / 864 visual_cognitive_motivation__s05__r0__a0.5__Hb_only completed stationary_feasible 1.13
power 685 / 864 visual_cognitive_motivation__s06__r1__a0.5__paired completed stationary_feasible 0.68
power 686 / 864 visual_cognitive_motivation__s05__r0__a1__wrong_pair completed stationary_feasible 1.08
power 687 / 864 visual_cognitive_motivation__s06__r0__a0.25__Hb_only completed stationary_feasible 0.77
power 688 / 864 visual_cognitive_motivation__s06__r0__a0.5__paired completed stationary_feasible 0.79
power 689 / 864 visual_cognitive_motivation__s05__r1__a1__Hb_only completed stationary_feasible 1.05
power 690 / 864 visual_cognitive_motivation__s06__r1__a0.25__Hb_only completed stationary_feasible 0.84
power 691 / 864 visual_cognitive_motivation__s05__r1__a1__wrong_pair completed stationary_feasible 1.15
power 692 / 864 visual_cognitive_motivation__s06__r1__a0.5__wrong_pair completed stationary_feasible 0.79
power 693 / 864 visual_cognitive_motivation__s06__r0__a0.5__Hb_only completed stationary_feasible 0.76
power 694 / 864 visual_cognitive_motivation__s05__r0__a1__Hb_only completed stationary_feasible 1.23
power 695 / 864 visual_cognitive_motivation__s06__r1__a1__paired completed stationary_feasible 0.69
power 696 / 864 visual_cognitive_motivation__s06__r0__a1__paired completed stationary_feasible 0.78
power 697 / 864 visual_cognitive_motivation__s06__r1__a0.5__Hb_only completed stationary_feasible 0.85
power 698 / 864 visual_cognitive_motivation__s06__r0__a1__Hb_only completed stationary_feasible 0.77
power 699 / 864 visual_cognitive_motivation__s07__r0__a0.25__paired completed stationary_feasible 0.79
power 700 / 864 visual_cognitive_motivation__s06__r1__a1__Hb_only completed stationary_feasible 0.85
power 701 / 864 visual_cognitive_motivation__s07__r0__a0.25__wrong_pair completed stationary_feasible 0.79
power 702 / 864 visual_cognitive_motivation__s06__r1__a1__wrong_pair completed stationary_feasible 0.97
power 703 / 864 visual_cognitive_motivation__s07__r1__a0.25__paired completed stationary_feasible 0.87
power 704 / 864 visual_cognitive_motivation__s07__r0__a0.25__Hb_only completed stationary_feasible 0.77
power 705 / 864 visual_cognitive_motivation__s07__r1__a0.25__wrong_pair completed stationary_feasible 0.87
power 706 / 864 visual_cognitive_motivation__s06__r0__a0.5__wrong_pair completed stationary_feasible 1.42
power 707 / 864 visual_cognitive_motivation__s07__r0__a0.5__paired completed stationary_feasible 0.8
power 708 / 864 visual_cognitive_motivation__s07__r0__a0.5__Hb_only completed stationary_feasible 0.77
power 709 / 864 visual_cognitive_motivation__s07__r0__a0.5__wrong_pair completed stationary_feasible 0.88
power 710 / 864 visual_cognitive_motivation__s07__r1__a0.5__paired completed stationary_feasible 0.9
power 711 / 864 visual_cognitive_motivation__s07__r1__a0.25__Hb_only completed stationary_feasible 0.96
power 712 / 864 visual_cognitive_motivation__s07__r0__a1__paired completed stationary_feasible 0.79
power 713 / 864 visual_cognitive_motivation__s07__r1__a0.5__wrong_pair completed stationary_feasible 0.87
power 714 / 864 visual_cognitive_motivation__s07__r1__a1__paired completed stationary_feasible 0.87
power 715 / 864 visual_cognitive_motivation__s08__r0__a0.25__paired completed stationary_feasible 0.68
power 716 / 864 visual_cognitive_motivation__s08__r1__a0.25__paired completed stationary_feasible 0.59
power 717 / 864 visual_cognitive_motivation__s07__r1__a0.5__Hb_only completed stationary_feasible 0.97
power 718 / 864 visual_cognitive_motivation__s07__r1__a1__wrong_pair completed stationary_feasible 0.86
power 719 / 864 visual_cognitive_motivation__s07__r0__a1__Hb_only completed stationary_feasible 0.87
power 720 / 864 visual_cognitive_motivation__s08__r0__a0.25__wrong_pair completed stationary_feasible 0.7
power 721 / 864 visual_cognitive_motivation__s07__r1__a1__Hb_only completed stationary_feasible 0.93
power 722 / 864 visual_cognitive_motivation__s07__r0__a1__wrong_pair completed stationary_feasible 1.05
power 723 / 864 visual_cognitive_motivation__s08__r1__a0.5__paired completed stationary_feasible 0.59
power 724 / 864 visual_cognitive_motivation__s08__r1__a0.25__wrong_pair completed stationary_feasible 0.7
power 725 / 864 visual_cognitive_motivation__s08__r0__a0.5__paired completed stationary_feasible 0.68
power 726 / 864 visual_cognitive_motivation__s08__r0__a1__paired completed stationary_feasible 0.5
power 727 / 864 visual_cognitive_motivation__s08__r0__a0.5__wrong_pair completed stationary_feasible 0.68
power 728 / 864 visual_cognitive_motivation__s08__r0__a0.25__Hb_only completed stationary_feasible 0.78
power 729 / 864 visual_cognitive_motivation__s08__r1__a1__paired completed stationary_feasible 0.61
power 730 / 864 visual_cognitive_motivation__s08__r1__a0.25__Hb_only completed stationary_feasible 0.93
power 731 / 864 visual_cognitive_motivation__s08__r0__a0.5__Hb_only completed stationary_feasible 0.78
power 732 / 864 visual_cognitive_motivation__s08__r1__a0.5__wrong_pair completed stationary_feasible 0.88
power 733 / 864 visual_cognitive_motivation__s08__r0__a1__Hb_only completed stationary_feasible 0.76
power 734 / 864 visual_cognitive_motivation__s08__r0__a1__wrong_pair completed stationary_feasible 0.79
power 735 / 864 visual_cognitive_motivation__s09__r0__a0.25__paired completed stationary_feasible 0.68
power 736 / 864 visual_cognitive_motivation__s08__r1__a0.5__Hb_only completed stationary_feasible 0.87
power 737 / 864 visual_cognitive_motivation__s08__r1__a1__Hb_only completed stationary_feasible 0.76
power 738 / 864 visual_cognitive_motivation__s09__r1__a0.25__paired completed stationary_feasible 0.77
power 739 / 864 visual_cognitive_motivation__s09__r0__a0.25__wrong_pair completed stationary_feasible 0.79
power 740 / 864 visual_cognitive_motivation__s09__r1__a0.25__Hb_only completed stationary_feasible 0.7
power 741 / 864 visual_cognitive_motivation__s09__r1__a0.25__wrong_pair completed stationary_feasible 0.8
power 742 / 864 visual_cognitive_motivation__s09__r0__a0.25__Hb_only completed stationary_feasible 0.79
power 743 / 864 visual_cognitive_motivation__s09__r0__a0.5__paired completed stationary_feasible 0.76
power 744 / 864 visual_cognitive_motivation__s09__r1__a0.5__Hb_only completed stationary_feasible 0.67
power 745 / 864 visual_cognitive_motivation__s09__r0__a0.5__Hb_only completed stationary_feasible 0.75
power 746 / 864 visual_cognitive_motivation__s09__r1__a0.5__wrong_pair completed stationary_feasible 0.8
power 747 / 864 visual_cognitive_motivation__s09__r1__a0.5__paired completed stationary_feasible 0.83
power 748 / 864 visual_cognitive_motivation__s09__r0__a0.5__wrong_pair completed stationary_feasible 0.86
power 749 / 864 visual_cognitive_motivation__s09__r0__a1__paired completed stationary_feasible 0.77
power 750 / 864 visual_cognitive_motivation__s09__r1__a1__paired completed stationary_feasible 0.8
power 751 / 864 visual_cognitive_motivation__s09__r0__a1__Hb_only completed stationary_feasible 0.78
power 752 / 864 visual_cognitive_motivation__s10__r0__a0.25__paired completed stationary_feasible 0.68
power 753 / 864 visual_cognitive_motivation__s10__r0__a0.25__wrong_pair completed stationary_feasible 0.68
power 754 / 864 visual_cognitive_motivation__s08__r1__a1__wrong_pair completed stationary_feasible 1.49
power 755 / 864 visual_cognitive_motivation__s09__r0__a1__wrong_pair completed stationary_feasible 0.9
power 756 / 864 visual_cognitive_motivation__s09__r1__a1__Hb_only completed stationary_feasible 0.8
power 757 / 864 visual_cognitive_motivation__s10__r1__a0.25__paired completed stationary_feasible 0.8
power 758 / 864 visual_cognitive_motivation__s10__r1__a0.25__wrong_pair completed stationary_feasible 0.8
power 759 / 864 visual_cognitive_motivation__s09__r1__a1__wrong_pair completed stationary_feasible 0.96
power 760 / 864 visual_cognitive_motivation__s10__r0__a0.25__Hb_only completed stationary_feasible 0.85
power 761 / 864 visual_cognitive_motivation__s10__r1__a0.5__paired completed stationary_feasible 0.7
power 762 / 864 visual_cognitive_motivation__s10__r1__a0.25__Hb_only completed stationary_feasible 0.85
power 763 / 864 visual_cognitive_motivation__s10__r1__a1__paired completed stationary_feasible 0.59
power 764 / 864 visual_cognitive_motivation__s10__r0__a0.5__wrong_pair completed stationary_feasible 0.79
power 765 / 864 visual_cognitive_motivation__s10__r0__a0.5__paired completed stationary_feasible 0.85
power 766 / 864 visual_cognitive_motivation__s10__r1__a0.5__wrong_pair completed stationary_feasible 0.79
power 767 / 864 visual_cognitive_motivation__s10__r0__a1__paired completed stationary_feasible 0.78
power 768 / 864 visual_cognitive_motivation__s10__r0__a0.5__Hb_only completed stationary_feasible 0.85
power 769 / 864 visual_cognitive_motivation__s10__r1__a0.5__Hb_only completed stationary_feasible 0.84
power 770 / 864 visual_cognitive_motivation__s10__r1__a1__wrong_pair completed stationary_feasible 0.77
power 771 / 864 visual_cognitive_motivation__s11__r0__a0.25__paired completed stationary_feasible 0.59
power 772 / 864 visual_cognitive_motivation__s10__r0__a1__Hb_only completed stationary_feasible 0.85
power 773 / 864 visual_cognitive_motivation__s10__r1__a1__Hb_only completed stationary_feasible 0.85
power 774 / 864 visual_cognitive_motivation__s11__r0__a0.5__paired completed stationary_feasible 0.59
power 775 / 864 visual_cognitive_motivation__s11__r0__a0.25__wrong_pair completed stationary_feasible 0.77
power 776 / 864 visual_cognitive_motivation__s11__r0__a1__paired completed stationary_feasible 0.59
power 777 / 864 visual_cognitive_motivation__s11__r1__a0.25__Hb_only completed stationary_feasible 0.84
power 778 / 864 visual_cognitive_motivation__s11__r1__a0.25__paired completed stationary_feasible 0.95
power 779 / 864 visual_cognitive_motivation__s11__r0__a0.25__Hb_only completed stationary_feasible 0.95
power 780 / 864 visual_cognitive_motivation__s11__r1__a0.25__wrong_pair completed stationary_feasible 0.95
power 781 / 864 visual_cognitive_motivation__s11__r1__a0.5__paired completed stationary_feasible 0.86
power 782 / 864 visual_cognitive_motivation__s10__r0__a1__wrong_pair completed stationary_feasible 1.34
power 783 / 864 visual_cognitive_motivation__s11__r0__a0.5__wrong_pair completed stationary_feasible 0.95
power 784 / 864 visual_cognitive_motivation__s11__r1__a1__paired completed stationary_feasible 0.77
power 785 / 864 visual_cognitive_motivation__s12__r1__a0.25__paired completed stationary_feasible 0.59
power 786 / 864 visual_cognitive_motivation__s11__r1__a0.5__Hb_only completed stationary_feasible 0.85
power 787 / 864 visual_cognitive_motivation__s11__r0__a0.5__Hb_only completed stationary_feasible 0.93
power 788 / 864 visual_cognitive_motivation__s12__r0__a0.25__paired completed stationary_feasible 0.77
power 789 / 864 visual_cognitive_motivation__s11__r0__a1__Hb_only completed stationary_feasible 0.84
power 790 / 864 visual_cognitive_motivation__s12__r1__a0.25__wrong_pair completed stationary_feasible 0.68
power 791 / 864 visual_cognitive_motivation__s11__r1__a1__Hb_only completed stationary_feasible 0.84
power 792 / 864 visual_cognitive_motivation__s11__r1__a0.5__wrong_pair completed stationary_feasible 1.14
power 793 / 864 visual_cognitive_motivation__s12__r1__a0.25__Hb_only completed stationary_feasible 0.76
power 794 / 864 visual_cognitive_motivation__s12__r1__a0.5__paired completed stationary_feasible 0.59
power 795 / 864 visual_cognitive_motivation__s12__r0__a0.25__wrong_pair completed stationary_feasible 0.95
power 796 / 864 visual_cognitive_motivation__s12__r0__a0.25__Hb_only completed stationary_feasible 0.85
power 797 / 864 visual_cognitive_motivation__s12__r0__a0.5__paired completed stationary_feasible 0.76
power 798 / 864 visual_cognitive_motivation__s06__r0__a1__wrong_pair completed stationary_feasible 4.39
power 799 / 864 visual_cognitive_motivation__s12__r1__a0.5__wrong_pair completed stationary_feasible 0.76
power 800 / 864 visual_cognitive_motivation__s12__r1__a1__paired completed stationary_feasible 0.68
power 801 / 864 visual_cognitive_motivation__s12__r1__a0.5__Hb_only completed stationary_feasible 0.75
power 802 / 864 visual_cognitive_motivation__s11__r0__a1__wrong_pair completed stationary_feasible 1.4
power 803 / 864 visual_cognitive_motivation__s12__r0__a0.5__wrong_pair completed stationary_feasible 0.94
power 804 / 864 visual_cognitive_motivation__s12__r0__a1__paired completed stationary_feasible 0.86
power 805 / 864 visual_cognitive_motivation__s13__r1__a0.25__paired completed stationary_feasible 0.58
power 806 / 864 visual_cognitive_motivation__s11__r1__a1__wrong_pair completed stationary_feasible 1.52
power 807 / 864 visual_cognitive_motivation__s12__r1__a1__Hb_only completed stationary_feasible 0.76
power 808 / 864 visual_cognitive_motivation__s13__r0__a0.25__Hb_only completed stationary_feasible 0.58
power 809 / 864 visual_cognitive_motivation__s12__r0__a0.5__Hb_only completed stationary_feasible 0.94
power 810 / 864 visual_cognitive_motivation__s13__r0__a0.25__paired completed stationary_feasible 0.78
power 811 / 864 visual_cognitive_motivation__s12__r1__a1__wrong_pair completed stationary_feasible 0.86
power 812 / 864 visual_cognitive_motivation__s13__r1__a0.25__wrong_pair completed stationary_feasible 0.68
power 813 / 864 visual_cognitive_motivation__s12__r0__a1__Hb_only completed stationary_feasible 0.93
power 814 / 864 visual_cognitive_motivation__s13__r0__a0.25__wrong_pair completed stationary_feasible 0.77
power 815 / 864 visual_cognitive_motivation__s13__r0__a0.5__Hb_only completed stationary_feasible 0.57
power 816 / 864 visual_cognitive_motivation__s13__r1__a0.25__Hb_only completed stationary_feasible 0.76
power 817 / 864 visual_cognitive_motivation__s13__r1__a0.5__paired completed stationary_feasible 0.68
power 818 / 864 visual_cognitive_motivation__s12__r0__a1__wrong_pair completed stationary_feasible 1.12
power 819 / 864 visual_cognitive_motivation__s13__r0__a0.5__paired completed stationary_feasible 0.79
power 820 / 864 visual_cognitive_motivation__s13__r1__a0.5__wrong_pair completed stationary_feasible 0.78
power 821 / 864 visual_cognitive_motivation__s13__r0__a0.5__wrong_pair completed stationary_feasible 0.79
power 822 / 864 visual_cognitive_motivation__s13__r1__a1__paired completed stationary_feasible 0.69
power 823 / 864 visual_cognitive_motivation__s13__r0__a1__Hb_only completed stationary_feasible 0.58
power 824 / 864 visual_cognitive_motivation__s13__r1__a0.5__Hb_only completed stationary_feasible 0.77
power 825 / 864 visual_cognitive_motivation__s14__r0__a0.25__paired completed stationary_feasible 0.58
power 826 / 864 visual_cognitive_motivation__s13__r0__a1__paired completed stationary_feasible 0.76
power 827 / 864 visual_cognitive_motivation__s13__r0__a1__wrong_pair completed stationary_feasible 0.77
power 828 / 864 visual_cognitive_motivation__s14__r0__a0.25__wrong_pair completed stationary_feasible 0.67
power 829 / 864 visual_cognitive_motivation__s14__r0__a0.5__paired completed stationary_feasible 0.61
power 830 / 864 visual_cognitive_motivation__s14__r1__a0.25__wrong_pair completed stationary_feasible 0.68
power 831 / 864 visual_cognitive_motivation__s14__r1__a0.25__paired completed stationary_feasible 0.71
power 832 / 864 visual_cognitive_motivation__s13__r1__a1__Hb_only completed stationary_feasible 0.76
power 833 / 864 visual_cognitive_motivation__s14__r1__a0.5__paired completed stationary_feasible 0.68
power 834 / 864 visual_cognitive_motivation__s14__r0__a0.25__Hb_only completed stationary_feasible 0.78
power 835 / 864 visual_cognitive_motivation__s14__r1__a0.25__Hb_only completed stationary_feasible 0.78
power 836 / 864 visual_cognitive_motivation__s14__r0__a1__paired completed stationary_feasible 0.6
power 837 / 864 visual_cognitive_motivation__s13__r1__a1__wrong_pair completed stationary_feasible 1.03
power 838 / 864 visual_cognitive_motivation__s14__r0__a0.5__wrong_pair completed stationary_feasible 0.77
power 839 / 864 visual_cognitive_motivation__s14__r1__a0.5__wrong_pair completed stationary_feasible 0.77
power 840 / 864 visual_cognitive_motivation__s14__r1__a0.5__Hb_only completed stationary_feasible 0.76
power 841 / 864 visual_cognitive_motivation__s14__r1__a1__paired completed stationary_feasible 0.68
power 842 / 864 visual_cognitive_motivation__s14__r0__a0.5__Hb_only completed stationary_feasible 0.84
power 843 / 864 visual_cognitive_motivation__s14__r1__a1__wrong_pair completed stationary_feasible 0.8
power 844 / 864 visual_cognitive_motivation__s14__r1__a1__Hb_only completed stationary_feasible 0.7
power 845 / 864 visual_cognitive_motivation__s14__r0__a1__wrong_pair completed stationary_feasible 0.88
power 846 / 864 visual_cognitive_motivation__s15__r1__a0.25__wrong_pair completed stationary_feasible 0.75
power 847 / 864 visual_cognitive_motivation__s15__r1__a0.25__paired completed stationary_feasible 0.78
power 848 / 864 visual_cognitive_motivation__s14__r0__a1__Hb_only completed stationary_feasible 0.95
power 849 / 864 visual_cognitive_motivation__s15__r0__a0.25__paired completed stationary_feasible 0.87
power 850 / 864 visual_cognitive_motivation__s15__r1__a0.5__wrong_pair completed stationary_feasible 0.68
power 851 / 864 visual_cognitive_motivation__s15__r0__a0.25__Hb_only completed stationary_feasible 0.82
power 852 / 864 visual_cognitive_motivation__s15__r0__a0.25__wrong_pair completed stationary_feasible 0.91
power 853 / 864 visual_cognitive_motivation__s15__r1__a0.5__paired completed stationary_feasible 0.83
power 854 / 864 visual_cognitive_motivation__s15__r1__a1__wrong_pair completed stationary_feasible 0.64
power 855 / 864 visual_cognitive_motivation__s15__r1__a0.25__Hb_only completed stationary_feasible 0.9
power 856 / 864 visual_cognitive_motivation__s15__r0__a0.5__Hb_only completed stationary_feasible 0.8
power 857 / 864 visual_cognitive_motivation__s15__r0__a0.5__paired completed stationary_feasible 0.93
power 858 / 864 visual_cognitive_motivation__s15__r0__a0.5__wrong_pair completed stationary_feasible 0.94
power 859 / 864 visual_cognitive_motivation__s15__r0__a1__paired completed stationary_feasible 0.83
power 860 / 864 visual_cognitive_motivation__s15__r1__a0.5__Hb_only completed stationary_feasible 0.91
power 861 / 864 visual_cognitive_motivation__s15__r1__a1__paired completed stationary_feasible 0.9
power 862 / 864 visual_cognitive_motivation__s15__r0__a1__Hb_only completed stationary_feasible 0.85
power 863 / 864 visual_cognitive_motivation__s15__r1__a1__Hb_only completed stationary_feasible 0.84
power 864 / 864 visual_cognitive_motivation__s15__r0__a1__wrong_pair completed stationary_feasible 1.04
{"stage": "power", "status": "completed", "planned": 864, "terminal": 864, "resumed": 0, "workers": 24, "elapsed_s": 30.696616127039306, "estimated_remaining_s": 0.0, "completed_at": "2026-10-10T12:05:05.932734+00:00", "task_statuses": {"completed": 864}}
{"status": "completed", "stages": {"measured": {"planned": 756, "terminal": 756, "task_failures": 0, "converged": 755, "numerical_failures": 1}, "synthetic": {"planned": 416, "terminal": 416, "task_failures": 0, "converged": 416, "numerical_failures": 0}, "power": {"planned": 864, "terminal": 864, "task_failures": 0, "converged": 864, "numerical_failures": 0}}, "profiles": {"planned": 126, "completed": 126, "reference_converged": 126, "nodes_planned": 504, "nodes_returned": 504, "nodes_converged": 456, "acceptable_witnesses": 408}, "verification": "pass"}
