power_v2 1 / 1152 eeg_fnirs_single_trial__s00__r0__a0__Hb_only completed stationary_feasible 0.8
power_v2 2 / 1152 eeg_fnirs_single_trial__s00__r0__a0.5__Hb_only completed stationary_feasible 0.85
power_v2 3 / 1152 eeg_fnirs_single_trial__s00__r0__a0.25__Hb_only completed stationary_feasible 0.89
power_v2 4 / 1152 eeg_fnirs_single_trial__s00__r0__a0__paired completed stationary_feasible 0.92
power_v2 5 / 1152 eeg_fnirs_single_trial__s00__r0__a1__Hb_only completed stationary_feasible 0.99
power_v2 6 / 1152 eeg_fnirs_single_trial__s00__r0__a0__wrong_pair completed stationary_feasible 1.03
power_v2 7 / 1152 eeg_fnirs_single_trial__s00__r1__a0__paired completed stationary_feasible 1.08
power_v2 8 / 1152 eeg_fnirs_single_trial__s00__r0__a0.5__paired completed stationary_feasible 1.09
power_v2 9 / 1152 eeg_fnirs_single_trial__s00__r0__a1__paired completed stationary_feasible 1.12
power_v2 10 / 1152 eeg_fnirs_single_trial__s00__r0__a0.25__paired completed stationary_feasible 1.13
power_v2 11 / 1152 eeg_fnirs_single_trial__s00__r1__a0.25__wrong_pair completed stationary_feasible 1.24
power_v2 12 / 1152 eeg_fnirs_single_trial__s00__r0__a0.25__wrong_pair completed stationary_feasible 1.24
power_v2 13 / 1152 eeg_fnirs_single_trial__s00__r1__a0.25__Hb_only completed stationary_feasible 1.25
power_v2 14 / 1152 eeg_fnirs_single_trial__s00__r1__a0__Hb_only completed stationary_feasible 1.24
power_v2 15 / 1152 eeg_fnirs_single_trial__s00__r1__a0__wrong_pair completed stationary_feasible 1.25
power_v2 16 / 1152 eeg_fnirs_single_trial__s00__r1__a1__Hb_only completed stationary_feasible 1.25
power_v2 17 / 1152 eeg_fnirs_single_trial__s00__r1__a0.5__Hb_only completed stationary_feasible 1.25
power_v2 18 / 1152 eeg_fnirs_single_trial__s00__r1__a1__paired completed stationary_feasible 1.29
power_v2 19 / 1152 eeg_fnirs_single_trial__s00__r1__a0.5__wrong_pair completed stationary_feasible 1.32
power_v2 20 / 1152 eeg_fnirs_single_trial__s00__r1__a0.25__paired completed stationary_feasible 1.33
power_v2 21 / 1152 eeg_fnirs_single_trial__s00__r1__a0.5__paired completed stationary_feasible 1.33
power_v2 22 / 1152 eeg_fnirs_single_trial__s00__r0__a0.5__wrong_pair completed stationary_feasible 1.51
power_v2 23 / 1152 eeg_fnirs_single_trial__s00__r1__a1__wrong_pair completed stationary_feasible 1.6
power_v2 24 / 1152 eeg_fnirs_single_trial__s01__r0__a0__Hb_only completed stationary_feasible 0.62
power_v2 25 / 1152 eeg_fnirs_single_trial__s01__r0__a0__wrong_pair completed stationary_feasible 0.76
power_v2 26 / 1152 eeg_fnirs_single_trial__s01__r0__a0__paired completed stationary_feasible 0.87
power_v2 27 / 1152 eeg_fnirs_single_trial__s01__r1__a0__paired completed stationary_feasible 0.82
power_v2 28 / 1152 eeg_fnirs_single_trial__s01__r0__a0.25__paired completed stationary_feasible 0.63
power_v2 29 / 1152 eeg_fnirs_single_trial__s01__r1__a0__wrong_pair completed stationary_feasible 0.86
power_v2 30 / 1152 eeg_fnirs_single_trial__s01__r0__a0.25__Hb_only completed stationary_feasible 0.56
power_v2 31 / 1152 eeg_fnirs_single_trial__s01__r1__a0__Hb_only completed stationary_feasible 0.81
power_v2 32 / 1152 eeg_fnirs_single_trial__s01__r0__a0.5__Hb_only completed stationary_feasible 0.65
power_v2 33 / 1152 eeg_fnirs_single_trial__s01__r1__a0.25__paired completed stationary_feasible 0.84
power_v2 34 / 1152 eeg_fnirs_single_trial__s01__r0__a0.25__wrong_pair completed stationary_feasible 0.88
power_v2 35 / 1152 eeg_fnirs_single_trial__s01__r1__a0.25__wrong_pair completed stationary_feasible 0.88
power_v2 36 / 1152 eeg_fnirs_single_trial__s01__r1__a0.25__Hb_only completed stationary_feasible 0.85
power_v2 37 / 1152 eeg_fnirs_single_trial__s01__r0__a0.5__paired completed stationary_feasible 0.87
power_v2 38 / 1152 eeg_fnirs_single_trial__s01__r0__a0.5__wrong_pair completed stationary_feasible 0.87
power_v2 39 / 1152 eeg_fnirs_single_trial__s01__r1__a0.5__paired completed stationary_feasible 0.88
power_v2 40 / 1152 eeg_fnirs_single_trial__s01__r1__a0.5__Hb_only completed stationary_feasible 0.83
power_v2 41 / 1152 eeg_fnirs_single_trial__s01__r1__a0.5__wrong_pair completed stationary_feasible 0.88
power_v2 42 / 1152 eeg_fnirs_single_trial__s01__r0__a1__paired completed stationary_feasible 0.84
power_v2 43 / 1152 eeg_fnirs_single_trial__s01__r0__a1__Hb_only completed stationary_feasible 0.63
power_v2 44 / 1152 eeg_fnirs_single_trial__s01__r1__a1__paired completed stationary_feasible 0.9
power_v2 45 / 1152 eeg_fnirs_single_trial__s02__r0__a0__wrong_pair completed stationary_feasible 0.63
power_v2 46 / 1152 eeg_fnirs_single_trial__s02__r1__a0__wrong_pair completed stationary_feasible 0.61
power_v2 47 / 1152 eeg_fnirs_single_trial__s02__r0__a0__Hb_only completed stationary_feasible 0.62
power_v2 48 / 1152 eeg_fnirs_single_trial__s01__r1__a1__Hb_only completed stationary_feasible 0.82
power_v2 49 / 1152 eeg_fnirs_single_trial__s02__r0__a0__paired completed stationary_feasible 0.84
power_v2 50 / 1152 eeg_fnirs_single_trial__s02__r1__a0__paired completed stationary_feasible 0.82
power_v2 51 / 1152 eeg_fnirs_single_trial__s01__r1__a1__wrong_pair completed stationary_feasible 1.05
power_v2 52 / 1152 eeg_fnirs_single_trial__s02__r0__a0.25__wrong_pair completed stationary_feasible 0.65
power_v2 53 / 1152 eeg_fnirs_single_trial__s01__r0__a1__wrong_pair completed stationary_feasible 1.27
power_v2 54 / 1152 eeg_fnirs_single_trial__s02__r0__a0.25__Hb_only completed stationary_feasible 0.64
power_v2 55 / 1152 eeg_fnirs_single_trial__s02__r0__a0.25__paired completed stationary_feasible 0.86
power_v2 56 / 1152 eeg_fnirs_single_trial__s02__r1__a0__Hb_only completed stationary_feasible 0.92
power_v2 57 / 1152 eeg_fnirs_single_trial__s02__r1__a0.25__paired completed stationary_feasible 0.83
power_v2 58 / 1152 eeg_fnirs_single_trial__s02__r1__a0.5__paired completed stationary_feasible 0.63
power_v2 59 / 1152 eeg_fnirs_single_trial__s02__r1__a0.25__wrong_pair completed stationary_feasible 0.83
power_v2 60 / 1152 eeg_fnirs_single_trial__s02__r0__a0.5__Hb_only completed stationary_feasible 0.75
power_v2 61 / 1152 eeg_fnirs_single_trial__s02__r1__a0.25__Hb_only completed stationary_feasible 0.87
power_v2 62 / 1152 eeg_fnirs_single_trial__s02__r0__a0.5__paired completed stationary_feasible 0.85
power_v2 63 / 1152 eeg_fnirs_single_trial__s02__r1__a1__paired completed stationary_feasible 0.76
power_v2 64 / 1152 eeg_fnirs_single_trial__s02__r0__a0.5__wrong_pair completed stationary_feasible 0.88
power_v2 65 / 1152 eeg_fnirs_single_trial__s00__r0__a1__wrong_pair completed stationary_feasible 3.02
power_v2 66 / 1152 eeg_fnirs_single_trial__s03__r1__a0__Hb_only completed stationary_feasible 0.39
power_v2 67 / 1152 eeg_fnirs_single_trial__s02__r0__a1__paired completed stationary_feasible 0.86
power_v2 68 / 1152 eeg_fnirs_single_trial__s02__r1__a0.5__Hb_only completed stationary_feasible 0.94
power_v2 69 / 1152 eeg_fnirs_single_trial__s03__r0__a0__Hb_only completed stationary_feasible 0.51
power_v2 70 / 1152 eeg_fnirs_single_trial__s03__r1__a0__paired completed stationary_feasible 0.63
power_v2 71 / 1152 eeg_fnirs_single_trial__s03__r0__a0__paired completed stationary_feasible 0.64
power_v2 72 / 1152 eeg_fnirs_single_trial__s02__r0__a1__Hb_only completed stationary_feasible 0.74
power_v2 73 / 1152 eeg_fnirs_single_trial__s03__r0__a0__wrong_pair completed stationary_feasible 0.62
power_v2 74 / 1152 eeg_fnirs_single_trial__s02__r1__a0.5__wrong_pair completed stationary_feasible 1.05
power_v2 75 / 1152 eeg_fnirs_single_trial__s03__r1__a0__wrong_pair completed stationary_feasible 0.62
power_v2 76 / 1152 eeg_fnirs_single_trial__s03__r1__a0.25__wrong_pair completed stationary_feasible 0.49
power_v2 77 / 1152 eeg_fnirs_single_trial__s02__r1__a1__wrong_pair completed stationary_feasible 0.95
power_v2 78 / 1152 eeg_fnirs_single_trial__s03__r0__a0.25__paired completed stationary_feasible 0.64
power_v2 79 / 1152 eeg_fnirs_single_trial__s02__r1__a1__Hb_only completed stationary_feasible 0.92
power_v2 80 / 1152 eeg_fnirs_single_trial__s03__r0__a0.25__Hb_only completed stationary_feasible 0.52
power_v2 81 / 1152 eeg_fnirs_single_trial__s03__r0__a0.25__wrong_pair completed stationary_feasible 0.63
power_v2 82 / 1152 eeg_fnirs_single_trial__s03__r1__a0.25__Hb_only completed stationary_feasible 0.52
power_v2 83 / 1152 eeg_fnirs_single_trial__s03__r1__a0.25__paired completed stationary_feasible 0.71
power_v2 84 / 1152 eeg_fnirs_single_trial__s02__r0__a1__wrong_pair completed stationary_feasible 1.13
power_v2 85 / 1152 eeg_fnirs_single_trial__s03__r0__a0.5__paired completed stationary_feasible 0.5
power_v2 86 / 1152 eeg_fnirs_single_trial__s03__r1__a0.5__Hb_only completed stationary_feasible 0.42
power_v2 87 / 1152 eeg_fnirs_single_trial__s03__r0__a0.5__Hb_only completed stationary_feasible 0.52
power_v2 88 / 1152 eeg_fnirs_single_trial__s04__r0__a0__Hb_only completed stationary_feasible 0.33
power_v2 89 / 1152 eeg_fnirs_single_trial__s03__r1__a1__Hb_only completed stationary_feasible 0.53
power_v2 90 / 1152 eeg_fnirs_single_trial__s03__r0__a0.5__wrong_pair completed stationary_feasible 0.68
power_v2 91 / 1152 eeg_fnirs_single_trial__s03__r1__a0.5__paired completed stationary_feasible 0.72
power_v2 92 / 1152 eeg_fnirs_single_trial__s03__r1__a0.5__wrong_pair completed stationary_feasible 0.73
power_v2 93 / 1152 eeg_fnirs_single_trial__s04__r1__a0__wrong_pair completed stationary_feasible 0.5
power_v2 94 / 1152 eeg_fnirs_single_trial__s03__r0__a1__Hb_only completed stationary_feasible 0.62
power_v2 95 / 1152 eeg_fnirs_single_trial__s03__r0__a1__wrong_pair completed stationary_feasible 0.64
power_v2 96 / 1152 eeg_fnirs_single_trial__s04__r0__a0__paired completed stationary_feasible 0.6
power_v2 97 / 1152 eeg_fnirs_single_trial__s04__r0__a0__wrong_pair completed stationary_feasible 0.6
power_v2 98 / 1152 eeg_fnirs_single_trial__s03__r1__a1__paired completed stationary_feasible 0.72
power_v2 99 / 1152 eeg_fnirs_single_trial__s03__r0__a1__paired completed stationary_feasible 0.72
power_v2 100 / 1152 eeg_fnirs_single_trial__s04__r0__a0.25__Hb_only completed stationary_feasible 0.48
power_v2 101 / 1152 eeg_fnirs_single_trial__s04__r0__a0.5__paired completed stationary_feasible 0.51
power_v2 102 / 1152 eeg_fnirs_single_trial__s04__r0__a0.25__paired completed stationary_feasible 0.62
power_v2 103 / 1152 eeg_fnirs_single_trial__s04__r1__a0__paired completed stationary_feasible 0.79
power_v2 104 / 1152 eeg_fnirs_single_trial__s04__r0__a0.25__wrong_pair completed stationary_feasible 0.61
power_v2 105 / 1152 eeg_fnirs_single_trial__s03__r1__a1__wrong_pair completed stationary_feasible 1.0
power_v2 106 / 1152 eeg_fnirs_single_trial__s04__r1__a0.5__paired completed stationary_feasible 0.68
power_v2 107 / 1152 eeg_fnirs_single_trial__s04__r1__a0.25__paired completed stationary_feasible 0.79
power_v2 108 / 1152 eeg_fnirs_single_trial__s04__r0__a0.5__Hb_only completed stationary_feasible 0.5
power_v2 109 / 1152 eeg_fnirs_single_trial__s04__r0__a0.5__wrong_pair completed stationary_feasible 0.69
power_v2 110 / 1152 eeg_fnirs_single_trial__s04__r0__a1__Hb_only completed stationary_feasible 0.49
power_v2 111 / 1152 eeg_fnirs_single_trial__s04__r0__a1__paired completed stationary_feasible 0.6
power_v2 112 / 1152 eeg_fnirs_single_trial__s04__r1__a0__Hb_only completed stationary_feasible 0.96
power_v2 113 / 1152 eeg_fnirs_single_trial__s05__r0__a0__Hb_only completed stationary_feasible 0.34
power_v2 114 / 1152 eeg_fnirs_single_trial__s05__r0__a0__paired completed stationary_feasible 0.58
power_v2 115 / 1152 eeg_fnirs_single_trial__s04__r1__a0.25__Hb_only completed stationary_feasible 0.96
power_v2 116 / 1152 eeg_fnirs_single_trial__s05__r0__a0__wrong_pair completed stationary_feasible 0.58
power_v2 117 / 1152 eeg_fnirs_single_trial__s05__r1__a0__paired completed stationary_feasible 0.68
power_v2 118 / 1152 eeg_fnirs_single_trial__s04__r1__a0.25__wrong_pair completed stationary_feasible 1.09
power_v2 119 / 1152 eeg_fnirs_single_trial__s04__r1__a0.5__Hb_only completed stationary_feasible 0.86
power_v2 120 / 1152 eeg_fnirs_single_trial__s05__r1__a0__wrong_pair completed stationary_feasible 0.63
power_v2 121 / 1152 eeg_fnirs_single_trial__s05__r0__a0.25__Hb_only completed stationary_feasible 0.41
power_v2 122 / 1152 eeg_fnirs_single_trial__s05__r0__a0.25__paired completed stationary_feasible 0.61
power_v2 123 / 1152 eeg_fnirs_single_trial__s04__r0__a1__wrong_pair completed stationary_feasible 0.85
power_v2 124 / 1152 eeg_fnirs_single_trial__s05__r1__a0__Hb_only completed stationary_feasible 0.65
power_v2 125 / 1152 eeg_fnirs_single_trial__s04__r1__a1__paired completed stationary_feasible 0.88
power_v2 126 / 1152 eeg_fnirs_single_trial__s05__r1__a0.25__paired completed stationary_feasible 0.69
power_v2 127 / 1152 eeg_fnirs_single_trial__s04__r1__a1__Hb_only completed stationary_feasible 0.94
power_v2 128 / 1152 eeg_fnirs_single_trial__s05__r0__a0.5__Hb_only completed stationary_feasible 0.43
power_v2 129 / 1152 eeg_fnirs_single_trial__s05__r1__a0.25__wrong_pair completed stationary_feasible 0.62
power_v2 130 / 1152 eeg_fnirs_single_trial__s05__r1__a0.25__Hb_only completed stationary_feasible 0.68
power_v2 131 / 1152 eeg_fnirs_single_trial__s05__r0__a0.25__wrong_pair completed stationary_feasible 0.78
power_v2 132 / 1152 eeg_fnirs_single_trial__s05__r0__a0.5__paired completed stationary_feasible 0.69
power_v2 133 / 1152 eeg_fnirs_single_trial__s05__r1__a0.5__paired completed stationary_feasible 0.69
power_v2 134 / 1152 eeg_fnirs_single_trial__s06__r0__a0__Hb_only completed stationary_feasible 0.35
power_v2 135 / 1152 eeg_fnirs_single_trial__s05__r1__a0.5__Hb_only completed stationary_feasible 0.67
power_v2 136 / 1152 eeg_fnirs_single_trial__s05__r0__a1__Hb_only completed stationary_feasible 0.53
power_v2 137 / 1152 eeg_fnirs_single_trial__s05__r1__a0.5__wrong_pair completed stationary_feasible 0.78
power_v2 138 / 1152 eeg_fnirs_single_trial__s05__r0__a1__paired completed stationary_feasible 0.7
power_v2 139 / 1152 eeg_fnirs_single_trial__s06__r0__a0__wrong_pair completed stationary_feasible 0.52
power_v2 140 / 1152 eeg_fnirs_single_trial__s06__r1__a0__wrong_pair completed stationary_feasible 0.49
power_v2 141 / 1152 eeg_fnirs_single_trial__s06__r1__a0__Hb_only completed stationary_feasible 0.47
power_v2 142 / 1152 eeg_fnirs_single_trial__s06__r1__a0__paired completed stationary_feasible 0.57
power_v2 143 / 1152 eeg_fnirs_single_trial__s05__r1__a1__Hb_only completed stationary_feasible 0.61
power_v2 144 / 1152 eeg_fnirs_single_trial__s05__r1__a1__paired completed stationary_feasible 0.8
power_v2 145 / 1152 eeg_fnirs_single_trial__s06__r0__a0__paired completed stationary_feasible 0.66
power_v2 146 / 1152 eeg_fnirs_single_trial__s06__r1__a0.25__paired completed stationary_feasible 0.54
power_v2 147 / 1152 eeg_fnirs_single_trial__s05__r0__a0.5__wrong_pair completed stationary_feasible 0.97
power_v2 148 / 1152 eeg_fnirs_single_trial__s06__r0__a0.25__paired completed stationary_feasible 0.56
power_v2 149 / 1152 eeg_fnirs_single_trial__s06__r0__a0.25__Hb_only completed stationary_feasible 0.41
power_v2 150 / 1152 eeg_fnirs_single_trial__s04__r1__a0.5__wrong_pair completed stationary_feasible 1.76
power_v2 151 / 1152 eeg_fnirs_single_trial__s06__r0__a0.25__wrong_pair completed stationary_feasible 0.62
power_v2 152 / 1152 eeg_fnirs_single_trial__s04__r1__a1__wrong_pair completed stationary_feasible 1.74
power_v2 153 / 1152 eeg_fnirs_single_trial__s06__r0__a0.5__Hb_only completed stationary_feasible 0.41
power_v2 154 / 1152 eeg_fnirs_single_trial__s06__r1__a0.25__Hb_only completed stationary_feasible 0.58
power_v2 155 / 1152 eeg_fnirs_single_trial__s06__r1__a0.5__paired completed stationary_feasible 0.54
power_v2 156 / 1152 eeg_fnirs_single_trial__s06__r1__a0.25__wrong_pair completed stationary_feasible 0.7
power_v2 157 / 1152 eeg_fnirs_single_trial__s06__r0__a0.5__paired completed stationary_feasible 0.68
power_v2 158 / 1152 eeg_fnirs_single_trial__s06__r0__a1__Hb_only completed stationary_feasible 0.49
power_v2 159 / 1152 eeg_fnirs_single_trial__s06__r1__a0.5__Hb_only completed stationary_feasible 0.58
power_v2 160 / 1152 eeg_fnirs_single_trial__s06__r1__a1__paired completed stationary_feasible 0.58
power_v2 161 / 1152 eeg_fnirs_single_trial__s06__r0__a1__paired completed stationary_feasible 0.62
power_v2 162 / 1152 eeg_fnirs_single_trial__s06__r1__a0.5__wrong_pair completed stationary_feasible 0.69
power_v2 163 / 1152 eeg_fnirs_single_trial__s06__r1__a1__Hb_only completed stationary_feasible 0.57
power_v2 164 / 1152 eeg_fnirs_single_trial__s05__r0__a1__wrong_pair completed stationary_feasible 1.33
power_v2 165 / 1152 eeg_fnirs_single_trial__s06__r0__a0.5__wrong_pair completed stationary_feasible 0.78
power_v2 166 / 1152 eeg_fnirs_single_trial__s05__r1__a1__wrong_pair completed stationary_feasible 1.44
power_v2 167 / 1152 eeg_fnirs_single_trial__s07__r1__a0__paired completed stationary_feasible 0.69
power_v2 168 / 1152 eeg_fnirs_single_trial__s07__r0__a0__paired completed stationary_feasible 0.75
power_v2 169 / 1152 eeg_fnirs_single_trial__s07__r1__a0__wrong_pair completed stationary_feasible 0.69
power_v2 170 / 1152 eeg_fnirs_single_trial__s07__r0__a0__wrong_pair completed stationary_feasible 0.75
power_v2 171 / 1152 eeg_fnirs_single_trial__s07__r1__a0__Hb_only completed stationary_feasible 0.68
power_v2 172 / 1152 eeg_fnirs_single_trial__s07__r0__a0__Hb_only completed stationary_feasible 0.73
power_v2 173 / 1152 eeg_fnirs_single_trial__s07__r0__a0.25__paired completed stationary_feasible 0.7
power_v2 174 / 1152 eeg_fnirs_single_trial__s06__r1__a1__wrong_pair completed stationary_feasible 1.04
power_v2 175 / 1152 eeg_fnirs_single_trial__s07__r0__a0.25__Hb_only completed stationary_feasible 0.7
power_v2 176 / 1152 eeg_fnirs_single_trial__s07__r0__a0.25__wrong_pair completed stationary_feasible 0.77
power_v2 177 / 1152 eeg_fnirs_single_trial__s07__r1__a0.25__paired completed stationary_feasible 0.77
power_v2 178 / 1152 eeg_fnirs_single_trial__s07__r1__a0.25__wrong_pair completed stationary_feasible 0.77
power_v2 179 / 1152 eeg_fnirs_single_trial__s07__r1__a0.25__Hb_only completed stationary_feasible 0.75
power_v2 180 / 1152 eeg_fnirs_single_trial__s07__r1__a0.5__paired completed stationary_feasible 0.76
power_v2 181 / 1152 eeg_fnirs_single_trial__s07__r0__a0.5__Hb_only completed stationary_feasible 0.69
power_v2 182 / 1152 eeg_fnirs_single_trial__s07__r0__a0.5__paired completed stationary_feasible 0.84
power_v2 183 / 1152 eeg_fnirs_single_trial__s07__r1__a1__paired completed stationary_feasible 0.67
power_v2 184 / 1152 eeg_fnirs_single_trial__s07__r1__a0.5__Hb_only completed stationary_feasible 0.76
power_v2 185 / 1152 eeg_fnirs_single_trial__s08__r0__a0__Hb_only completed stationary_feasible 0.43
power_v2 186 / 1152 eeg_fnirs_single_trial__s08__r1__a0__Hb_only completed stationary_feasible 0.35
power_v2 187 / 1152 eeg_fnirs_single_trial__s07__r1__a0.5__wrong_pair completed stationary_feasible 0.85
power_v2 188 / 1152 eeg_fnirs_single_trial__s08__r0__a0__wrong_pair completed stationary_feasible 0.52
power_v2 189 / 1152 eeg_fnirs_single_trial__s08__r1__a0__paired completed stationary_feasible 0.57
power_v2 190 / 1152 eeg_fnirs_single_trial__s07__r0__a0.5__wrong_pair completed stationary_feasible 0.95
power_v2 191 / 1152 eeg_fnirs_single_trial__s08__r1__a0__wrong_pair completed stationary_feasible 0.57
power_v2 192 / 1152 eeg_fnirs_single_trial__s07__r0__a1__paired completed stationary_feasible 0.86
power_v2 193 / 1152 eeg_fnirs_single_trial__s07__r0__a1__Hb_only completed stationary_feasible 0.69
power_v2 194 / 1152 eeg_fnirs_single_trial__s08__r0__a0__paired completed stationary_feasible 0.7
power_v2 195 / 1152 eeg_fnirs_single_trial__s08__r0__a0.25__Hb_only completed stationary_feasible 0.49
power_v2 196 / 1152 eeg_fnirs_single_trial__s08__r1__a0.25__Hb_only completed stationary_feasible 0.4
power_v2 197 / 1152 eeg_fnirs_single_trial__s07__r1__a1__Hb_only completed stationary_feasible 0.84
power_v2 198 / 1152 eeg_fnirs_single_trial__s06__r0__a1__wrong_pair completed stationary_feasible 1.69
power_v2 199 / 1152 eeg_fnirs_single_trial__s08__r0__a0.25__wrong_pair completed stationary_feasible 0.59
power_v2 200 / 1152 eeg_fnirs_single_trial__s08__r1__a0.25__paired completed stationary_feasible 0.59
power_v2 201 / 1152 eeg_fnirs_single_trial__s08__r1__a0.25__wrong_pair completed stationary_feasible 0.59
power_v2 202 / 1152 eeg_fnirs_single_trial__s07__r1__a1__wrong_pair completed stationary_feasible 0.95
power_v2 203 / 1152 eeg_fnirs_single_trial__s08__r1__a0.5__Hb_only completed stationary_feasible 0.37
power_v2 204 / 1152 eeg_fnirs_single_trial__s08__r0__a0.25__paired completed stationary_feasible 0.71
power_v2 205 / 1152 eeg_fnirs_single_trial__s08__r0__a0.5__Hb_only completed stationary_feasible 0.45
power_v2 206 / 1152 eeg_fnirs_single_trial__s08__r1__a0.5__paired completed stationary_feasible 0.61
power_v2 207 / 1152 eeg_fnirs_single_trial__s08__r0__a1__Hb_only completed stationary_feasible 0.49
power_v2 208 / 1152 eeg_fnirs_single_trial__s09__r1__a0__paired completed stationary_feasible 0.45
power_v2 209 / 1152 eeg_fnirs_single_trial__s08__r1__a1__Hb_only completed stationary_feasible 0.5
power_v2 210 / 1152 eeg_fnirs_single_trial__s08__r0__a0.5__paired completed stationary_feasible 0.71
power_v2 211 / 1152 eeg_fnirs_single_trial__s07__r0__a1__wrong_pair completed stationary_feasible 1.31
power_v2 212 / 1152 eeg_fnirs_single_trial__s08__r1__a1__paired completed stationary_feasible 0.59
power_v2 213 / 1152 eeg_fnirs_single_trial__s08__r0__a0.5__wrong_pair completed stationary_feasible 0.76
power_v2 214 / 1152 eeg_fnirs_single_trial__s09__r0__a0__paired completed stationary_feasible 0.62
power_v2 215 / 1152 eeg_fnirs_single_trial__s08__r0__a1__paired completed stationary_feasible 0.72
power_v2 216 / 1152 eeg_fnirs_single_trial__s09__r1__a0__Hb_only completed stationary_feasible 0.47
power_v2 217 / 1152 eeg_fnirs_single_trial__s08__r1__a0.5__wrong_pair completed stationary_feasible 0.79
power_v2 218 / 1152 eeg_fnirs_single_trial__s09__r1__a0__wrong_pair completed stationary_feasible 0.57
power_v2 219 / 1152 eeg_fnirs_single_trial__s09__r1__a0.25__Hb_only completed stationary_feasible 0.46
power_v2 220 / 1152 eeg_fnirs_single_trial__s09__r1__a0.25__paired completed stationary_feasible 0.59
power_v2 221 / 1152 eeg_fnirs_single_trial__s09__r0__a0__wrong_pair completed stationary_feasible 0.67
power_v2 222 / 1152 eeg_fnirs_single_trial__s09__r1__a0.25__wrong_pair completed stationary_feasible 0.6
power_v2 223 / 1152 eeg_fnirs_single_trial__s09__r0__a0.25__paired completed stationary_feasible 0.68
power_v2 224 / 1152 eeg_fnirs_single_trial__s09__r0__a0__Hb_only completed stationary_feasible 0.74
power_v2 225 / 1152 eeg_fnirs_single_trial__s09__r0__a0.25__wrong_pair completed stationary_feasible 0.69
power_v2 226 / 1152 eeg_fnirs_single_trial__s09__r1__a0.5__Hb_only completed stationary_feasible 0.45
power_v2 227 / 1152 eeg_fnirs_single_trial__s09__r0__a0.5__paired completed stationary_feasible 0.64
power_v2 228 / 1152 eeg_fnirs_single_trial__s09__r0__a0.25__Hb_only completed stationary_feasible 0.71
power_v2 229 / 1152 eeg_fnirs_single_trial__s08__r1__a1__wrong_pair completed stationary_feasible 1.05
power_v2 230 / 1152 eeg_fnirs_single_trial__s09__r1__a0.5__paired completed stationary_feasible 0.64
power_v2 231 / 1152 eeg_fnirs_single_trial__s08__r0__a1__wrong_pair completed stationary_feasible 1.14
power_v2 232 / 1152 eeg_fnirs_single_trial__s09__r1__a1__Hb_only completed stationary_feasible 0.49
power_v2 233 / 1152 eeg_fnirs_single_trial__s09__r0__a0.5__wrong_pair completed stationary_feasible 0.68
power_v2 234 / 1152 eeg_fnirs_single_trial__s09__r0__a1__paired completed stationary_feasible 0.68
power_v2 235 / 1152 eeg_fnirs_single_trial__s09__r1__a1__paired completed stationary_feasible 0.69
power_v2 236 / 1152 eeg_fnirs_single_trial__s09__r1__a0.5__wrong_pair completed stationary_feasible 0.73
power_v2 237 / 1152 eeg_fnirs_single_trial__s09__r0__a0.5__Hb_only completed stationary_feasible 0.76
power_v2 238 / 1152 eeg_fnirs_single_trial__s09__r0__a1__wrong_pair completed stationary_feasible 0.68
power_v2 239 / 1152 eeg_fnirs_single_trial__s10__r1__a0__paired completed stationary_feasible 0.58
power_v2 240 / 1152 eeg_fnirs_single_trial__s10__r1__a0__Hb_only completed stationary_feasible 0.47
power_v2 241 / 1152 eeg_fnirs_single_trial__s09__r0__a1__Hb_only completed stationary_feasible 0.7
power_v2 242 / 1152 eeg_fnirs_single_trial__s10__r1__a0__wrong_pair completed stationary_feasible 0.57
power_v2 243 / 1152 eeg_fnirs_single_trial__s10__r0__a0__paired completed stationary_feasible 0.75
power_v2 244 / 1152 eeg_fnirs_single_trial__s10__r1__a0.25__Hb_only completed stationary_feasible 0.46
power_v2 245 / 1152 eeg_fnirs_single_trial__s10__r0__a0__wrong_pair completed stationary_feasible 0.71
power_v2 246 / 1152 eeg_fnirs_single_trial__s10__r0__a0__Hb_only completed stationary_feasible 0.66
power_v2 247 / 1152 eeg_fnirs_single_trial__s10__r1__a0.25__wrong_pair completed stationary_feasible 0.55
power_v2 248 / 1152 eeg_fnirs_single_trial__s10__r1__a0.25__paired completed stationary_feasible 0.59
power_v2 249 / 1152 eeg_fnirs_single_trial__s10__r1__a0.5__Hb_only completed stationary_feasible 0.41
power_v2 250 / 1152 eeg_fnirs_single_trial__s10__r0__a0.25__Hb_only completed stationary_feasible 0.63
power_v2 251 / 1152 eeg_fnirs_single_trial__s10__r1__a0.5__paired completed stationary_feasible 0.56
power_v2 252 / 1152 eeg_fnirs_single_trial__s10__r0__a0.25__paired completed stationary_feasible 0.77
power_v2 253 / 1152 eeg_fnirs_single_trial__s10__r0__a0.5__wrong_pair completed stationary_feasible 0.59
power_v2 254 / 1152 eeg_fnirs_single_trial__s10__r0__a0.25__wrong_pair completed stationary_feasible 0.77
power_v2 255 / 1152 eeg_fnirs_single_trial__s10__r1__a1__Hb_only completed stationary_feasible 0.41
power_v2 256 / 1152 eeg_fnirs_single_trial__s10__r1__a0.5__wrong_pair completed stationary_feasible 0.59
power_v2 257 / 1152 eeg_fnirs_single_trial__s09__r1__a1__wrong_pair completed stationary_feasible 1.14
power_v2 258 / 1152 eeg_fnirs_single_trial__s10__r0__a0.5__paired completed stationary_feasible 0.77
power_v2 259 / 1152 eeg_fnirs_single_trial__s10__r0__a0.5__Hb_only completed stationary_feasible 0.67
power_v2 260 / 1152 eeg_fnirs_single_trial__s10__r1__a1__paired completed stationary_feasible 0.65
power_v2 261 / 1152 eeg_fnirs_single_trial__s10__r0__a1__paired completed stationary_feasible 0.68
power_v2 262 / 1152 eeg_fnirs_single_trial__s11__r0__a0__paired completed stationary_feasible 0.62
power_v2 263 / 1152 eeg_fnirs_single_trial__s11__r0__a0__Hb_only completed stationary_feasible 0.52
power_v2 264 / 1152 eeg_fnirs_single_trial__s10__r0__a1__Hb_only completed stationary_feasible 0.66
power_v2 265 / 1152 eeg_fnirs_single_trial__s11__r1__a0__paired completed stationary_feasible 0.66
power_v2 266 / 1152 eeg_fnirs_single_trial__s11__r0__a0__wrong_pair completed stationary_feasible 0.7
power_v2 267 / 1152 eeg_fnirs_single_trial__s10__r0__a1__wrong_pair completed stationary_feasible 0.87
power_v2 268 / 1152 eeg_fnirs_single_trial__s11__r1__a0__Hb_only completed stationary_feasible 0.66
power_v2 269 / 1152 eeg_fnirs_single_trial__s11__r1__a0__wrong_pair completed stationary_feasible 0.71
power_v2 270 / 1152 eeg_fnirs_single_trial__s11__r0__a0.25__Hb_only completed stationary_feasible 0.54
power_v2 271 / 1152 eeg_fnirs_single_trial__s11__r1__a0.25__paired completed stationary_feasible 0.68
power_v2 272 / 1152 eeg_fnirs_single_trial__s11__r0__a0.25__paired completed stationary_feasible 0.72
power_v2 273 / 1152 eeg_fnirs_single_trial__s10__r1__a1__wrong_pair completed stationary_feasible 0.96
power_v2 274 / 1152 eeg_fnirs_single_trial__s11__r0__a0.25__wrong_pair completed stationary_feasible 0.69
power_v2 275 / 1152 eeg_fnirs_single_trial__s11__r0__a0.5__Hb_only completed stationary_feasible 0.53
power_v2 276 / 1152 eeg_fnirs_single_trial__s11__r1__a0.25__Hb_only completed stationary_feasible 0.67
power_v2 277 / 1152 eeg_fnirs_single_trial__s11__r1__a0.25__wrong_pair completed stationary_feasible 0.72
power_v2 278 / 1152 eeg_fnirs_single_trial__s11__r1__a0.5__paired completed stationary_feasible 0.68
power_v2 279 / 1152 eeg_fnirs_single_trial__s11__r0__a0.5__paired completed stationary_feasible 0.78
power_v2 280 / 1152 eeg_fnirs_single_trial__s11__r1__a0.5__Hb_only completed stationary_feasible 0.67
power_v2 281 / 1152 eeg_fnirs_single_trial__s11__r1__a0.5__wrong_pair completed stationary_feasible 0.77
power_v2 282 / 1152 eeg_fnirs_single_trial__s11__r0__a0.5__wrong_pair completed stationary_feasible 0.78
power_v2 283 / 1152 eeg_fnirs_single_trial__s11__r1__a1__paired completed stationary_feasible 0.65
power_v2 284 / 1152 eeg_fnirs_single_trial__s12__r1__a0__Hb_only completed stationary_feasible 0.36
power_v2 285 / 1152 eeg_fnirs_single_trial__s12__r1__a0__paired completed stationary_feasible 0.49
power_v2 286 / 1152 eeg_fnirs_single_trial__s11__r0__a1__Hb_only completed stationary_feasible 0.63
power_v2 287 / 1152 eeg_fnirs_single_trial__s11__r0__a1__paired completed stationary_feasible 0.79
power_v2 288 / 1152 eeg_fnirs_single_trial__s11__r1__a1__Hb_only completed stationary_feasible 0.66
power_v2 289 / 1152 eeg_fnirs_single_trial__s12__r0__a0__Hb_only completed stationary_feasible 0.53
power_v2 290 / 1152 eeg_fnirs_single_trial__s12__r1__a0.25__paired completed stationary_feasible 0.47
power_v2 291 / 1152 eeg_fnirs_single_trial__s12__r1__a0__wrong_pair completed stationary_feasible 0.58
power_v2 292 / 1152 eeg_fnirs_single_trial__s12__r1__a0.25__Hb_only completed stationary_feasible 0.4
power_v2 293 / 1152 eeg_fnirs_single_trial__s12__r0__a0__paired completed stationary_feasible 0.77
power_v2 294 / 1152 eeg_fnirs_single_trial__s11__r0__a1__wrong_pair completed stationary_feasible 0.95
power_v2 295 / 1152 eeg_fnirs_single_trial__s12__r0__a0.25__Hb_only completed stationary_feasible 0.53
power_v2 296 / 1152 eeg_fnirs_single_trial__s12__r1__a0.5__paired completed stationary_feasible 0.5
power_v2 297 / 1152 eeg_fnirs_single_trial__s12__r1__a0.25__wrong_pair completed stationary_feasible 0.6
power_v2 298 / 1152 eeg_fnirs_single_trial__s12__r0__a0__wrong_pair completed stationary_feasible 0.76
power_v2 299 / 1152 eeg_fnirs_single_trial__s12__r1__a0.5__Hb_only completed stationary_feasible 0.4
power_v2 300 / 1152 eeg_fnirs_single_trial__s12__r0__a0.25__paired completed stationary_feasible 0.78
power_v2 301 / 1152 eeg_fnirs_single_trial__s11__r1__a1__wrong_pair completed stationary_feasible 1.06
power_v2 302 / 1152 eeg_fnirs_single_trial__s12__r0__a0.25__wrong_pair completed stationary_feasible 0.77
power_v2 303 / 1152 eeg_fnirs_single_trial__s12__r1__a1__Hb_only completed stationary_feasible 0.39
power_v2 304 / 1152 eeg_fnirs_single_trial__s12__r0__a0.5__paired completed stationary_feasible 0.72
power_v2 305 / 1152 eeg_fnirs_single_trial__s12__r1__a1__paired completed stationary_feasible 0.55
power_v2 306 / 1152 eeg_fnirs_single_trial__s12__r0__a0.5__Hb_only completed stationary_feasible 0.58
power_v2 307 / 1152 eeg_fnirs_single_trial__s12__r1__a0.5__wrong_pair completed stationary_feasible 0.68
power_v2 308 / 1152 eeg_fnirs_single_trial__s12__r0__a1__Hb_only completed stationary_feasible 0.58
power_v2 309 / 1152 eeg_fnirs_single_trial__s13__r0__a0__paired completed stationary_feasible 0.53
power_v2 310 / 1152 eeg_fnirs_single_trial__s12__r0__a0.5__wrong_pair completed stationary_feasible 0.77
power_v2 311 / 1152 eeg_fnirs_single_trial__s12__r0__a1__paired completed stationary_feasible 0.73
power_v2 312 / 1152 eeg_fnirs_single_trial__s13__r0__a0__wrong_pair completed stationary_feasible 0.59
power_v2 313 / 1152 eeg_fnirs_single_trial__s12__r0__a1__wrong_pair completed stationary_feasible 0.71
power_v2 314 / 1152 eeg_fnirs_single_trial__s13__r0__a0__Hb_only completed stationary_feasible 0.56
power_v2 315 / 1152 eeg_fnirs_single_trial__s13__r0__a0.25__paired completed stationary_feasible 0.54
power_v2 316 / 1152 eeg_fnirs_single_trial__s13__r1__a0__paired completed stationary_feasible 0.78
power_v2 317 / 1152 eeg_fnirs_single_trial__s13__r1__a0__wrong_pair completed stationary_feasible 0.76
power_v2 318 / 1152 eeg_fnirs_single_trial__s13__r0__a0.25__Hb_only completed stationary_feasible 0.58
power_v2 319 / 1152 eeg_fnirs_single_trial__s13__r0__a0.5__Hb_only completed stationary_feasible 0.45
power_v2 320 / 1152 eeg_fnirs_single_trial__s13__r0__a0.5__paired completed stationary_feasible 0.55
power_v2 321 / 1152 eeg_fnirs_single_trial__s12__r1__a1__wrong_pair completed stationary_feasible 0.96
power_v2 322 / 1152 eeg_fnirs_single_trial__s13__r0__a0.25__wrong_pair completed stationary_feasible 0.77
power_v2 323 / 1152 eeg_fnirs_single_trial__s13__r1__a0.25__wrong_pair completed stationary_feasible 0.78
power_v2 324 / 1152 eeg_fnirs_single_trial__s13__r1__a0__Hb_only completed stationary_feasible 0.83
power_v2 325 / 1152 eeg_fnirs_single_trial__s13__r1__a0.25__paired completed stationary_feasible 0.86
power_v2 326 / 1152 eeg_fnirs_single_trial__s13__r1__a0.5__wrong_pair completed stationary_feasible 0.72
power_v2 327 / 1152 eeg_fnirs_single_trial__s13__r0__a1__Hb_only completed stationary_feasible 0.54
power_v2 328 / 1152 eeg_fnirs_single_trial__s13__r0__a0.5__wrong_pair completed stationary_feasible 0.76
power_v2 329 / 1152 eeg_fnirs_single_trial__s13__r1__a0.25__Hb_only completed stationary_feasible 0.85
power_v2 330 / 1152 eeg_fnirs_single_trial__s13__r0__a1__paired completed stationary_feasible 0.68
power_v2 331 / 1152 eeg_fnirs_single_trial__s13__r1__a0.5__paired completed stationary_feasible 0.86
power_v2 332 / 1152 eeg_fnirs_single_trial__s13__r1__a0.5__Hb_only completed stationary_feasible 0.84
power_v2 333 / 1152 eeg_fnirs_single_trial__s14__r0__a0__Hb_only completed stationary_feasible 0.47
power_v2 334 / 1152 eeg_fnirs_single_trial__s14__r0__a0__wrong_pair completed stationary_feasible 0.61
power_v2 335 / 1152 eeg_fnirs_single_trial__s13__r1__a1__paired completed stationary_feasible 0.87
power_v2 336 / 1152 eeg_fnirs_single_trial__s14__r0__a0__paired completed stationary_feasible 0.75
power_v2 337 / 1152 eeg_fnirs_single_trial__s14__r1__a0__Hb_only completed stationary_feasible 0.57
power_v2 338 / 1152 eeg_fnirs_single_trial__s14__r1__a0__paired completed stationary_feasible 0.75
power_v2 339 / 1152 eeg_fnirs_single_trial__s14__r0__a0.25__wrong_pair completed stationary_feasible 0.55
power_v2 340 / 1152 eeg_fnirs_single_trial__s14__r0__a0.25__Hb_only completed stationary_feasible 0.49
power_v2 341 / 1152 eeg_fnirs_single_trial__s13__r1__a1__Hb_only completed stationary_feasible 0.86
power_v2 342 / 1152 eeg_fnirs_single_trial__s14__r1__a0__wrong_pair completed stationary_feasible 0.7
power_v2 343 / 1152 eeg_fnirs_single_trial__s14__r0__a0.25__paired completed stationary_feasible 0.71
power_v2 344 / 1152 eeg_fnirs_single_trial__s14__r1__a0.25__Hb_only completed stationary_feasible 0.59
power_v2 345 / 1152 eeg_fnirs_single_trial__s14__r1__a0.25__paired completed stationary_feasible 0.72
power_v2 346 / 1152 eeg_fnirs_single_trial__s13__r0__a1__wrong_pair completed stationary_feasible 1.06
power_v2 347 / 1152 eeg_fnirs_single_trial__s14__r0__a0.5__Hb_only completed stationary_feasible 0.48
power_v2 348 / 1152 eeg_fnirs_single_trial__s14__r1__a0.5__Hb_only completed stationary_feasible 0.49
power_v2 349 / 1152 eeg_fnirs_single_trial__s13__r1__a1__wrong_pair completed stationary_feasible 1.15
power_v2 350 / 1152 eeg_fnirs_single_trial__s14__r0__a0.5__paired completed stationary_feasible 0.68
power_v2 351 / 1152 eeg_fnirs_single_trial__s14__r1__a0.5__paired completed stationary_feasible 0.63
power_v2 352 / 1152 eeg_fnirs_single_trial__s14__r0__a0.5__wrong_pair completed stationary_feasible 0.64
power_v2 353 / 1152 eeg_fnirs_single_trial__s14__r1__a0.25__wrong_pair completed stationary_feasible 0.87
power_v2 354 / 1152 eeg_fnirs_single_trial__s14__r0__a1__Hb_only completed stationary_feasible 0.49
power_v2 355 / 1152 eeg_fnirs_single_trial__s14__r1__a1__Hb_only completed stationary_feasible 0.5
power_v2 356 / 1152 eeg_fnirs_single_trial__s14__r1__a1__paired completed stationary_feasible 0.68
power_v2 357 / 1152 eeg_fnirs_single_trial__s14__r0__a1__paired completed stationary_feasible 0.77
power_v2 358 / 1152 eeg_fnirs_single_trial__s14__r1__a0.5__wrong_pair completed stationary_feasible 0.86
power_v2 359 / 1152 eeg_fnirs_single_trial__s15__r0__a0__paired completed stationary_feasible 0.76
power_v2 360 / 1152 eeg_fnirs_single_trial__s15__r1__a0__paired completed stationary_feasible 0.75
power_v2 361 / 1152 eeg_fnirs_single_trial__s14__r0__a1__wrong_pair completed stationary_feasible 0.96
power_v2 362 / 1152 eeg_fnirs_single_trial__s15__r0__a0__wrong_pair completed stationary_feasible 0.8
power_v2 363 / 1152 eeg_fnirs_single_trial__s15__r1__a0__Hb_only completed stationary_feasible 0.77
power_v2 364 / 1152 eeg_fnirs_single_trial__s15__r0__a0.25__paired completed stationary_feasible 0.73
power_v2 365 / 1152 eeg_fnirs_single_trial__s15__r1__a0__wrong_pair completed stationary_feasible 0.84
power_v2 366 / 1152 eeg_fnirs_single_trial__s15__r0__a0__Hb_only completed stationary_feasible 0.84
power_v2 367 / 1152 eeg_fnirs_single_trial__s15__r1__a0.25__paired completed stationary_feasible 0.77
power_v2 368 / 1152 eeg_fnirs_single_trial__s14__r1__a1__wrong_pair completed stationary_feasible 1.08
power_v2 369 / 1152 eeg_fnirs_single_trial__s15__r1__a0.25__wrong_pair completed stationary_feasible 0.82
power_v2 370 / 1152 eeg_fnirs_single_trial__s15__r0__a0.25__wrong_pair completed stationary_feasible 0.82
power_v2 371 / 1152 eeg_fnirs_single_trial__s15__r0__a0.25__Hb_only completed stationary_feasible 0.84
power_v2 372 / 1152 eeg_fnirs_single_trial__s15__r0__a0.5__paired completed stationary_feasible 0.77
power_v2 373 / 1152 eeg_fnirs_single_trial__s15__r1__a0.5__paired completed stationary_feasible 0.77
power_v2 374 / 1152 eeg_fnirs_single_trial__s15__r1__a0.25__Hb_only completed stationary_feasible 0.9
power_v2 375 / 1152 eeg_fnirs_single_trial__s15__r0__a0.5__wrong_pair completed stationary_feasible 0.82
power_v2 376 / 1152 eeg_fnirs_single_trial__s15__r0__a1__paired completed stationary_feasible 0.78
power_v2 377 / 1152 eeg_fnirs_single_trial__s15__r1__a0.5__wrong_pair completed stationary_feasible 0.93
power_v2 378 / 1152 eeg_fnirs_single_trial__s15__r0__a0.5__Hb_only completed stationary_feasible 0.85
power_v2 379 / 1152 eeg_fnirs_single_trial__s15__r1__a1__paired completed stationary_feasible 0.77
power_v2 380 / 1152 eeg_fnirs_single_trial__s15__r1__a0.5__Hb_only completed stationary_feasible 0.84
power_v2 381 / 1152 simultaneous_eeg_nirs__s00__r0__a0__Hb_only completed stationary_feasible 0.56
power_v2 382 / 1152 eeg_fnirs_single_trial__s15__r0__a1__wrong_pair completed stationary_feasible 0.95
power_v2 383 / 1152 simultaneous_eeg_nirs__s00__r0__a0__wrong_pair completed stationary_feasible 0.71
power_v2 384 / 1152 simultaneous_eeg_nirs__s00__r0__a0__paired completed stationary_feasible 0.75
power_v2 385 / 1152 eeg_fnirs_single_trial__s15__r0__a1__Hb_only completed stationary_feasible 0.85
power_v2 386 / 1152 eeg_fnirs_single_trial__s15__r1__a1__Hb_only completed stationary_feasible 0.84
power_v2 387 / 1152 simultaneous_eeg_nirs__s00__r0__a0.25__Hb_only completed stationary_feasible 0.58
power_v2 388 / 1152 simultaneous_eeg_nirs__s00__r1__a0__paired completed stationary_feasible 0.81
power_v2 389 / 1152 simultaneous_eeg_nirs__s00__r1__a0__wrong_pair completed stationary_feasible 0.79
power_v2 390 / 1152 simultaneous_eeg_nirs__s00__r0__a0.25__paired completed stationary_feasible 0.77
power_v2 391 / 1152 simultaneous_eeg_nirs__s00__r1__a0.25__paired completed stationary_feasible 0.81
power_v2 392 / 1152 simultaneous_eeg_nirs__s00__r1__a0__Hb_only completed stationary_feasible 0.91
power_v2 393 / 1152 simultaneous_eeg_nirs__s00__r0__a0.5__Hb_only completed stationary_feasible 0.56
power_v2 394 / 1152 simultaneous_eeg_nirs__s00__r0__a0.5__paired completed stationary_feasible 0.77
power_v2 395 / 1152 simultaneous_eeg_nirs__s00__r1__a0.25__wrong_pair completed stationary_feasible 0.9
power_v2 396 / 1152 simultaneous_eeg_nirs__s00__r0__a0.25__wrong_pair completed stationary_feasible 0.91
power_v2 397 / 1152 simultaneous_eeg_nirs__s00__r1__a0.5__paired completed stationary_feasible 0.82
power_v2 398 / 1152 simultaneous_eeg_nirs__s00__r1__a0.25__Hb_only completed stationary_feasible 0.93
power_v2 399 / 1152 simultaneous_eeg_nirs__s00__r0__a1__paired completed stationary_feasible 0.76
power_v2 400 / 1152 eeg_fnirs_single_trial__s15__r1__a1__wrong_pair completed stationary_feasible 1.48
power_v2 401 / 1152 simultaneous_eeg_nirs__s00__r1__a1__paired completed stationary_feasible 0.76
power_v2 402 / 1152 simultaneous_eeg_nirs__s01__r0__a0__Hb_only completed stationary_feasible 0.45
power_v2 403 / 1152 simultaneous_eeg_nirs__s00__r1__a0.5__Hb_only completed stationary_feasible 0.91
power_v2 404 / 1152 simultaneous_eeg_nirs__s00__r0__a1__Hb_only completed stationary_feasible 0.65
power_v2 405 / 1152 simultaneous_eeg_nirs__s00__r0__a0.5__wrong_pair completed stationary_feasible 1.1
power_v2 406 / 1152 simultaneous_eeg_nirs__s01__r0__a0__paired completed stationary_feasible 0.73
power_v2 407 / 1152 simultaneous_eeg_nirs__s01__r0__a0__wrong_pair completed stationary_feasible 0.73
power_v2 408 / 1152 simultaneous_eeg_nirs__s01__r1__a0__wrong_pair completed stationary_feasible 0.73
power_v2 409 / 1152 simultaneous_eeg_nirs__s00__r1__a0.5__wrong_pair completed stationary_feasible 1.11
power_v2 410 / 1152 simultaneous_eeg_nirs__s01__r0__a0.25__Hb_only completed stationary_feasible 0.47
power_v2 411 / 1152 simultaneous_eeg_nirs__s01__r1__a0__Hb_only completed stationary_feasible 0.72
power_v2 412 / 1152 simultaneous_eeg_nirs__s00__r1__a1__Hb_only completed stationary_feasible 0.91
power_v2 413 / 1152 simultaneous_eeg_nirs__s01__r1__a0__paired completed stationary_feasible 0.91
power_v2 414 / 1152 simultaneous_eeg_nirs__s01__r0__a0.5__Hb_only completed stationary_feasible 0.47
power_v2 415 / 1152 simultaneous_eeg_nirs__s01__r0__a0.25__paired completed stationary_feasible 0.74
power_v2 416 / 1152 simultaneous_eeg_nirs__s01__r1__a0.25__wrong_pair completed stationary_feasible 0.74
power_v2 417 / 1152 simultaneous_eeg_nirs__s01__r0__a0.25__wrong_pair completed stationary_feasible 0.75
power_v2 418 / 1152 simultaneous_eeg_nirs__s01__r1__a0.25__Hb_only completed stationary_feasible 0.74
power_v2 419 / 1152 simultaneous_eeg_nirs__s01__r0__a0.5__paired completed stationary_feasible 0.75
power_v2 420 / 1152 simultaneous_eeg_nirs__s01__r1__a0.25__paired completed stationary_feasible 0.92
power_v2 421 / 1152 simultaneous_eeg_nirs__s01__r0__a0.5__wrong_pair completed stationary_feasible 0.73
power_v2 422 / 1152 simultaneous_eeg_nirs__s01__r0__a1__Hb_only completed stationary_feasible 0.46
power_v2 423 / 1152 simultaneous_eeg_nirs__s01__r1__a0.5__Hb_only completed stationary_feasible 0.74
power_v2 424 / 1152 simultaneous_eeg_nirs__s00__r0__a1__wrong_pair completed stationary_feasible 1.41
power_v2 425 / 1152 simultaneous_eeg_nirs__s01__r1__a0.5__wrong_pair completed stationary_feasible 0.83
power_v2 426 / 1152 simultaneous_eeg_nirs__s02__r1__a0__Hb_only completed stationary_feasible 0.36
power_v2 427 / 1152 simultaneous_eeg_nirs__s01__r1__a0.5__paired completed stationary_feasible 0.92
power_v2 428 / 1152 simultaneous_eeg_nirs__s01__r0__a1__paired completed stationary_feasible 0.73
power_v2 429 / 1152 simultaneous_eeg_nirs__s02__r1__a0__paired completed stationary_feasible 0.56
power_v2 430 / 1152 simultaneous_eeg_nirs__s02__r0__a0__Hb_only completed stationary_feasible 0.45
power_v2 431 / 1152 simultaneous_eeg_nirs__s02__r1__a0__wrong_pair completed stationary_feasible 0.55
power_v2 432 / 1152 simultaneous_eeg_nirs__s01__r1__a1__Hb_only completed stationary_feasible 0.75
power_v2 433 / 1152 simultaneous_eeg_nirs__s02__r1__a0.25__paired completed stationary_feasible 0.57
power_v2 434 / 1152 simultaneous_eeg_nirs__s02__r0__a0__wrong_pair completed stationary_feasible 0.73
power_v2 435 / 1152 simultaneous_eeg_nirs__s02__r0__a0.25__Hb_only completed stationary_feasible 0.48
power_v2 436 / 1152 simultaneous_eeg_nirs__s02__r1__a0.25__Hb_only completed stationary_feasible 0.48
power_v2 437 / 1152 simultaneous_eeg_nirs__s01__r1__a1__paired completed stationary_feasible 1.02
power_v2 438 / 1152 simultaneous_eeg_nirs__s02__r0__a0__paired completed stationary_feasible 0.9
power_v2 439 / 1152 simultaneous_eeg_nirs__s01__r0__a1__wrong_pair completed stationary_feasible 1.03
power_v2 440 / 1152 simultaneous_eeg_nirs__s00__r1__a1__wrong_pair completed stationary_feasible 1.8
power_v2 441 / 1152 simultaneous_eeg_nirs__s02__r0__a0.5__Hb_only completed stationary_feasible 0.48
power_v2 442 / 1152 simultaneous_eeg_nirs__s01__r1__a1__wrong_pair completed stationary_feasible 1.03
power_v2 443 / 1152 simultaneous_eeg_nirs__s02__r1__a0.5__Hb_only completed stationary_feasible 0.47
power_v2 444 / 1152 simultaneous_eeg_nirs__s02__r1__a0.25__wrong_pair completed stationary_feasible 0.74
power_v2 445 / 1152 simultaneous_eeg_nirs__s02__r0__a0.25__wrong_pair completed stationary_feasible 0.85
power_v2 446 / 1152 simultaneous_eeg_nirs__s02__r1__a0.5__paired completed stationary_feasible 0.66
power_v2 447 / 1152 simultaneous_eeg_nirs__s02__r1__a1__paired completed stationary_feasible 0.58
power_v2 448 / 1152 simultaneous_eeg_nirs__s02__r0__a1__Hb_only completed stationary_feasible 0.47
power_v2 449 / 1152 simultaneous_eeg_nirs__s02__r0__a0.25__paired completed stationary_feasible 1.0
power_v2 450 / 1152 simultaneous_eeg_nirs__s03__r0__a0__Hb_only completed stationary_feasible 0.45
power_v2 451 / 1152 simultaneous_eeg_nirs__s03__r0__a0__paired completed stationary_feasible 0.55
power_v2 452 / 1152 simultaneous_eeg_nirs__s02__r0__a0.5__paired completed stationary_feasible 0.94
power_v2 453 / 1152 simultaneous_eeg_nirs__s02__r0__a1__paired completed stationary_feasible 0.84
power_v2 454 / 1152 simultaneous_eeg_nirs__s02__r1__a1__Hb_only completed stationary_feasible 0.65
power_v2 455 / 1152 simultaneous_eeg_nirs__s02__r0__a0.5__wrong_pair completed stationary_feasible 0.93
power_v2 456 / 1152 simultaneous_eeg_nirs__s03__r0__a0__wrong_pair completed stationary_feasible 0.64
power_v2 457 / 1152 simultaneous_eeg_nirs__s03__r0__a0.25__Hb_only completed stationary_feasible 0.48
power_v2 458 / 1152 simultaneous_eeg_nirs__s03__r0__a0.25__paired completed stationary_feasible 0.57
power_v2 459 / 1152 simultaneous_eeg_nirs__s02__r0__a1__wrong_pair completed stationary_feasible 1.01
power_v2 460 / 1152 simultaneous_eeg_nirs__s02__r1__a0.5__wrong_pair completed stationary_feasible 1.13
power_v2 461 / 1152 simultaneous_eeg_nirs__s03__r0__a0.5__paired completed stationary_feasible 0.57
power_v2 462 / 1152 simultaneous_eeg_nirs__s03__r0__a0.5__Hb_only completed stationary_feasible 0.48
power_v2 463 / 1152 simultaneous_eeg_nirs__s03__r0__a0.25__wrong_pair completed stationary_feasible 0.67
power_v2 464 / 1152 simultaneous_eeg_nirs__s03__r1__a0__wrong_pair completed stationary_feasible 0.91
power_v2 465 / 1152 simultaneous_eeg_nirs__s03__r1__a0__Hb_only completed stationary_feasible 0.9
power_v2 466 / 1152 simultaneous_eeg_nirs__s03__r1__a0__paired completed stationary_feasible 1.01
power_v2 467 / 1152 simultaneous_eeg_nirs__s03__r0__a0.5__wrong_pair completed stationary_feasible 0.76
power_v2 468 / 1152 simultaneous_eeg_nirs__s03__r1__a0.25__paired completed stationary_feasible 0.93
power_v2 469 / 1152 simultaneous_eeg_nirs__s03__r0__a1__paired completed stationary_feasible 0.57
power_v2 470 / 1152 simultaneous_eeg_nirs__s03__r1__a0.25__wrong_pair completed stationary_feasible 0.92
power_v2 471 / 1152 simultaneous_eeg_nirs__s03__r1__a0.25__Hb_only completed stationary_feasible 0.9
power_v2 472 / 1152 simultaneous_eeg_nirs__s03__r0__a1__Hb_only completed stationary_feasible 0.54
power_v2 473 / 1152 simultaneous_eeg_nirs__s03__r1__a0.5__paired completed stationary_feasible 0.92
power_v2 474 / 1152 simultaneous_eeg_nirs__s04__r0__a0__paired completed stationary_feasible 0.64
power_v2 475 / 1152 simultaneous_eeg_nirs__s04__r0__a0__Hb_only completed stationary_feasible 0.53
power_v2 476 / 1152 simultaneous_eeg_nirs__s03__r1__a0.5__Hb_only completed stationary_feasible 0.9
power_v2 477 / 1152 simultaneous_eeg_nirs__s03__r1__a0.5__wrong_pair completed stationary_feasible 1.11
power_v2 478 / 1152 simultaneous_eeg_nirs__s03__r0__a1__wrong_pair completed stationary_feasible 0.92
power_v2 479 / 1152 simultaneous_eeg_nirs__s04__r0__a0__wrong_pair completed stationary_feasible 0.73
power_v2 480 / 1152 simultaneous_eeg_nirs__s04__r0__a0.25__paired completed stationary_feasible 0.65
power_v2 481 / 1152 simultaneous_eeg_nirs__s03__r1__a1__paired completed stationary_feasible 1.01
power_v2 482 / 1152 simultaneous_eeg_nirs__s03__r1__a1__Hb_only completed stationary_feasible 0.91
power_v2 483 / 1152 simultaneous_eeg_nirs__s04__r0__a0.25__Hb_only completed stationary_feasible 0.55
power_v2 484 / 1152 simultaneous_eeg_nirs__s04__r0__a0.5__paired completed stationary_feasible 0.56
power_v2 485 / 1152 simultaneous_eeg_nirs__s04__r1__a0__paired completed stationary_feasible 1.0
power_v2 486 / 1152 simultaneous_eeg_nirs__s04__r0__a0.25__wrong_pair completed stationary_feasible 0.76
power_v2 487 / 1152 simultaneous_eeg_nirs__s04__r0__a0.5__Hb_only completed stationary_feasible 0.54
power_v2 488 / 1152 simultaneous_eeg_nirs__s04__r1__a0__wrong_pair completed stationary_feasible 1.04
power_v2 489 / 1152 simultaneous_eeg_nirs__s04__r0__a0.5__wrong_pair completed stationary_feasible 0.75
power_v2 490 / 1152 simultaneous_eeg_nirs__s04__r1__a0__Hb_only completed stationary_feasible 1.06
power_v2 491 / 1152 simultaneous_eeg_nirs__s04__r0__a1__paired completed stationary_feasible 0.58
power_v2 492 / 1152 simultaneous_eeg_nirs__s04__r1__a0.25__paired completed stationary_feasible 1.0
power_v2 493 / 1152 simultaneous_eeg_nirs__s05__r0__a0__Hb_only completed stationary_feasible 0.37
power_v2 494 / 1152 simultaneous_eeg_nirs__s04__r0__a1__Hb_only completed stationary_feasible 0.56
power_v2 495 / 1152 simultaneous_eeg_nirs__s05__r0__a0__paired completed stationary_feasible 0.54
power_v2 496 / 1152 simultaneous_eeg_nirs__s04__r1__a0.25__wrong_pair completed stationary_feasible 1.09
power_v2 497 / 1152 simultaneous_eeg_nirs__s04__r1__a0.5__paired completed stationary_feasible 1.01
power_v2 498 / 1152 simultaneous_eeg_nirs__s03__r1__a1__wrong_pair completed stationary_feasible 1.56
power_v2 499 / 1152 simultaneous_eeg_nirs__s04__r1__a0.5__wrong_pair completed stationary_feasible 1.0
power_v2 500 / 1152 simultaneous_eeg_nirs__s04__r1__a0.25__Hb_only completed stationary_feasible 1.07
power_v2 501 / 1152 simultaneous_eeg_nirs__s05__r0__a0__wrong_pair completed stationary_feasible 0.55
power_v2 502 / 1152 simultaneous_eeg_nirs__s05__r0__a0.25__paired completed stationary_feasible 0.57
power_v2 503 / 1152 simultaneous_eeg_nirs__s05__r0__a0.25__Hb_only completed stationary_feasible 0.39
power_v2 504 / 1152 simultaneous_eeg_nirs__s04__r0__a1__wrong_pair completed stationary_feasible 0.91
power_v2 505 / 1152 simultaneous_eeg_nirs__s05__r1__a0__paired completed stationary_feasible 0.81
power_v2 506 / 1152 simultaneous_eeg_nirs__s04__r1__a0.5__Hb_only completed stationary_feasible 1.07
power_v2 507 / 1152 simultaneous_eeg_nirs__s04__r1__a1__paired completed stationary_feasible 1.0
power_v2 508 / 1152 simultaneous_eeg_nirs__s05__r1__a0__wrong_pair completed stationary_feasible 0.8
power_v2 509 / 1152 simultaneous_eeg_nirs__s05__r0__a0.25__wrong_pair completed stationary_feasible 0.67
power_v2 510 / 1152 simultaneous_eeg_nirs__s04__r1__a1__Hb_only completed stationary_feasible 1.09
power_v2 511 / 1152 simultaneous_eeg_nirs__s04__r1__a1__wrong_pair completed stationary_feasible 1.1
power_v2 512 / 1152 simultaneous_eeg_nirs__s05__r0__a0.5__Hb_only completed stationary_feasible 0.48
power_v2 513 / 1152 simultaneous_eeg_nirs__s05__r1__a0__Hb_only completed stationary_feasible 0.87
power_v2 514 / 1152 simultaneous_eeg_nirs__s05__r0__a0.5__paired completed stationary_feasible 0.58
power_v2 515 / 1152 simultaneous_eeg_nirs__s05__r1__a0.25__paired completed stationary_feasible 0.84
power_v2 516 / 1152 simultaneous_eeg_nirs__s05__r1__a0.25__Hb_only completed stationary_feasible 0.84
power_v2 517 / 1152 simultaneous_eeg_nirs__s05__r0__a1__paired completed stationary_feasible 0.66
power_v2 518 / 1152 simultaneous_eeg_nirs__s05__r0__a1__Hb_only completed stationary_feasible 0.48
power_v2 519 / 1152 simultaneous_eeg_nirs__s05__r0__a0.5__wrong_pair completed stationary_feasible 0.77
power_v2 520 / 1152 simultaneous_eeg_nirs__s05__r1__a0.25__wrong_pair completed stationary_feasible 0.94
power_v2 521 / 1152 simultaneous_eeg_nirs__s05__r1__a0.5__paired completed stationary_feasible 0.83
power_v2 522 / 1152 simultaneous_eeg_nirs__s05__r1__a1__paired completed stationary_feasible 0.76
power_v2 523 / 1152 simultaneous_eeg_nirs__s06__r1__a0__paired completed stationary_feasible 0.57
power_v2 524 / 1152 simultaneous_eeg_nirs__s05__r1__a0.5__Hb_only completed stationary_feasible 0.82
power_v2 525 / 1152 simultaneous_eeg_nirs__s06__r1__a0__wrong_pair completed stationary_feasible 0.56
power_v2 526 / 1152 simultaneous_eeg_nirs__s06__r0__a0__wrong_pair completed stationary_feasible 0.63
power_v2 527 / 1152 simultaneous_eeg_nirs__s06__r0__a0__paired completed stationary_feasible 0.73
power_v2 528 / 1152 simultaneous_eeg_nirs__s06__r1__a0__Hb_only completed stationary_feasible 0.54
power_v2 529 / 1152 simultaneous_eeg_nirs__s06__r0__a0__Hb_only completed stationary_feasible 0.62
power_v2 530 / 1152 simultaneous_eeg_nirs__s06__r1__a0.25__paired completed stationary_feasible 0.56
power_v2 531 / 1152 simultaneous_eeg_nirs__s05__r1__a0.5__wrong_pair completed stationary_feasible 1.09
power_v2 532 / 1152 simultaneous_eeg_nirs__s05__r1__a1__Hb_only completed stationary_feasible 0.84
power_v2 533 / 1152 simultaneous_eeg_nirs__s05__r0__a1__wrong_pair completed stationary_feasible 1.02
power_v2 534 / 1152 simultaneous_eeg_nirs__s06__r0__a0.25__Hb_only completed stationary_feasible 0.57
power_v2 535 / 1152 simultaneous_eeg_nirs__s06__r1__a0.25__wrong_pair completed stationary_feasible 0.66
power_v2 536 / 1152 simultaneous_eeg_nirs__s06__r0__a0.25__wrong_pair completed stationary_feasible 0.67
power_v2 537 / 1152 simultaneous_eeg_nirs__s02__r1__a1__wrong_pair completed stationary_feasible 3.56
power_v2 538 / 1152 simultaneous_eeg_nirs__s06__r0__a0.25__paired completed stationary_feasible 0.77
power_v2 539 / 1152 simultaneous_eeg_nirs__s06__r1__a0.25__Hb_only completed stationary_feasible 0.57
power_v2 540 / 1152 simultaneous_eeg_nirs__s06__r1__a0.5__paired completed stationary_feasible 0.57
power_v2 541 / 1152 simultaneous_eeg_nirs__s06__r0__a0.5__Hb_only completed stationary_feasible 0.56
power_v2 542 / 1152 simultaneous_eeg_nirs__s06__r1__a0.5__Hb_only completed stationary_feasible 0.56
power_v2 543 / 1152 simultaneous_eeg_nirs__s06__r1__a0.5__wrong_pair completed stationary_feasible 0.67
power_v2 544 / 1152 simultaneous_eeg_nirs__s06__r0__a0.5__wrong_pair completed stationary_feasible 0.67
power_v2 545 / 1152 simultaneous_eeg_nirs__s06__r0__a0.5__paired completed stationary_feasible 0.74
power_v2 546 / 1152 simultaneous_eeg_nirs__s06__r1__a1__paired completed stationary_feasible 0.67
power_v2 547 / 1152 simultaneous_eeg_nirs__s06__r0__a1__Hb_only completed stationary_feasible 0.56
power_v2 548 / 1152 simultaneous_eeg_nirs__s06__r1__a1__Hb_only completed stationary_feasible 0.56
power_v2 549 / 1152 simultaneous_eeg_nirs__s06__r0__a1__paired completed stationary_feasible 0.76
power_v2 550 / 1152 simultaneous_eeg_nirs__s07__r1__a0__paired completed stationary_feasible 0.55
power_v2 551 / 1152 simultaneous_eeg_nirs__s07__r1__a0__wrong_pair completed stationary_feasible 0.56
power_v2 552 / 1152 simultaneous_eeg_nirs__s07__r1__a0__Hb_only completed stationary_feasible 0.54
power_v2 553 / 1152 simultaneous_eeg_nirs__s06__r1__a1__wrong_pair completed stationary_feasible 0.83
power_v2 554 / 1152 simultaneous_eeg_nirs__s07__r1__a0.25__paired completed stationary_feasible 0.58
power_v2 555 / 1152 simultaneous_eeg_nirs__s06__r0__a1__wrong_pair completed stationary_feasible 0.84
power_v2 556 / 1152 simultaneous_eeg_nirs__s07__r1__a0.25__Hb_only completed stationary_feasible 0.56
power_v2 557 / 1152 simultaneous_eeg_nirs__s07__r0__a0__paired completed stationary_feasible 0.81
power_v2 558 / 1152 simultaneous_eeg_nirs__s07__r0__a0__wrong_pair completed stationary_feasible 0.82
power_v2 559 / 1152 simultaneous_eeg_nirs__s05__r1__a1__wrong_pair completed stationary_feasible 1.73
power_v2 560 / 1152 simultaneous_eeg_nirs__s07__r0__a0__Hb_only completed stationary_feasible 0.89
power_v2 561 / 1152 simultaneous_eeg_nirs__s07__r1__a0.25__wrong_pair completed stationary_feasible 0.76
power_v2 562 / 1152 simultaneous_eeg_nirs__s07__r0__a0.25__paired completed stationary_feasible 0.84
power_v2 563 / 1152 simultaneous_eeg_nirs__s07__r1__a0.5__paired completed stationary_feasible 0.66
power_v2 564 / 1152 simultaneous_eeg_nirs__s07__r1__a0.5__Hb_only completed stationary_feasible 0.57
power_v2 565 / 1152 simultaneous_eeg_nirs__s07__r0__a0.5__paired completed stationary_feasible 0.82
power_v2 566 / 1152 simultaneous_eeg_nirs__s07__r1__a0.5__wrong_pair completed stationary_feasible 0.75
power_v2 567 / 1152 simultaneous_eeg_nirs__s07__r0__a0.25__Hb_only completed stationary_feasible 0.92
power_v2 568 / 1152 simultaneous_eeg_nirs__s07__r0__a0.25__wrong_pair completed stationary_feasible 0.94
power_v2 569 / 1152 simultaneous_eeg_nirs__s08__r1__a0__paired completed stationary_feasible 0.55
power_v2 570 / 1152 simultaneous_eeg_nirs__s07__r1__a1__paired completed stationary_feasible 0.75
power_v2 571 / 1152 simultaneous_eeg_nirs__s07__r0__a0.5__wrong_pair completed stationary_feasible 0.93
power_v2 572 / 1152 simultaneous_eeg_nirs__s07__r1__a1__Hb_only completed stationary_feasible 0.65
power_v2 573 / 1152 simultaneous_eeg_nirs__s07__r0__a0.5__Hb_only completed stationary_feasible 0.91
power_v2 574 / 1152 simultaneous_eeg_nirs__s07__r0__a1__paired completed stationary_feasible 0.83
power_v2 575 / 1152 simultaneous_eeg_nirs__s08__r1__a0__Hb_only completed stationary_feasible 0.53
power_v2 576 / 1152 simultaneous_eeg_nirs__s07__r1__a1__wrong_pair completed stationary_feasible 0.92
power_v2 577 / 1152 simultaneous_eeg_nirs__s07__r0__a1__Hb_only completed stationary_feasible 0.9
power_v2 578 / 1152 simultaneous_eeg_nirs__s08__r1__a0.25__paired completed stationary_feasible 0.57
power_v2 579 / 1152 simultaneous_eeg_nirs__s08__r1__a0__wrong_pair completed stationary_feasible 0.76
power_v2 580 / 1152 simultaneous_eeg_nirs__s08__r1__a0.25__Hb_only completed stationary_feasible 0.57
power_v2 581 / 1152 simultaneous_eeg_nirs__s07__r0__a1__wrong_pair completed stationary_feasible 1.1
power_v2 582 / 1152 simultaneous_eeg_nirs__s08__r1__a0.25__wrong_pair completed stationary_feasible 0.74
power_v2 583 / 1152 simultaneous_eeg_nirs__s08__r0__a0__wrong_pair completed stationary_feasible 1.0
power_v2 584 / 1152 simultaneous_eeg_nirs__s08__r1__a0.5__paired completed stationary_feasible 0.64
power_v2 585 / 1152 simultaneous_eeg_nirs__s08__r0__a0__paired completed stationary_feasible 1.08
power_v2 586 / 1152 simultaneous_eeg_nirs__s08__r1__a0.5__Hb_only completed stationary_feasible 0.55
power_v2 587 / 1152 simultaneous_eeg_nirs__s08__r0__a0__Hb_only completed stationary_feasible 1.07
power_v2 588 / 1152 simultaneous_eeg_nirs__s08__r0__a0.25__paired completed stationary_feasible 1.01
power_v2 589 / 1152 simultaneous_eeg_nirs__s08__r0__a0.25__wrong_pair completed stationary_feasible 1.03
power_v2 590 / 1152 simultaneous_eeg_nirs__s08__r1__a1__Hb_only completed stationary_feasible 0.56
power_v2 591 / 1152 simultaneous_eeg_nirs__s08__r0__a0.25__Hb_only completed stationary_feasible 1.1
power_v2 592 / 1152 simultaneous_eeg_nirs__s08__r1__a0.5__wrong_pair completed stationary_feasible 0.95
power_v2 593 / 1152 simultaneous_eeg_nirs__s08__r1__a1__paired completed stationary_feasible 0.79
power_v2 594 / 1152 simultaneous_eeg_nirs__s08__r0__a0.5__paired completed stationary_feasible 0.99
power_v2 595 / 1152 simultaneous_eeg_nirs__s08__r0__a0.5__wrong_pair completed stationary_feasible 1.05
power_v2 596 / 1152 simultaneous_eeg_nirs__s09__r1__a0__wrong_pair completed stationary_feasible 0.57
power_v2 597 / 1152 simultaneous_eeg_nirs__s09__r1__a0__Hb_only completed stationary_feasible 0.54
power_v2 598 / 1152 simultaneous_eeg_nirs__s09__r1__a0__paired completed stationary_feasible 0.74
power_v2 599 / 1152 simultaneous_eeg_nirs__s08__r0__a0.5__Hb_only completed stationary_feasible 1.0
power_v2 600 / 1152 simultaneous_eeg_nirs__s08__r0__a1__wrong_pair completed stationary_feasible 1.0
power_v2 601 / 1152 simultaneous_eeg_nirs__s08__r0__a1__paired completed stationary_feasible 1.03
power_v2 602 / 1152 simultaneous_eeg_nirs__s08__r0__a1__Hb_only completed stationary_feasible 0.99
power_v2 603 / 1152 simultaneous_eeg_nirs__s09__r1__a0.25__wrong_pair completed stationary_feasible 0.58
power_v2 604 / 1152 simultaneous_eeg_nirs__s09__r0__a0__paired completed stationary_feasible 0.92
power_v2 605 / 1152 simultaneous_eeg_nirs__s09__r0__a0__Hb_only completed stationary_feasible 0.81
power_v2 606 / 1152 simultaneous_eeg_nirs__s09__r1__a0.25__Hb_only completed stationary_feasible 0.57
power_v2 607 / 1152 simultaneous_eeg_nirs__s09__r1__a0.25__paired completed stationary_feasible 0.75
power_v2 608 / 1152 simultaneous_eeg_nirs__s09__r0__a0__wrong_pair completed stationary_feasible 0.98
power_v2 609 / 1152 simultaneous_eeg_nirs__s08__r1__a1__wrong_pair completed stationary_feasible 1.27
power_v2 610 / 1152 simultaneous_eeg_nirs__s09__r1__a0.5__Hb_only completed stationary_feasible 0.54
power_v2 611 / 1152 simultaneous_eeg_nirs__s09__r0__a0.25__paired completed stationary_feasible 0.94
power_v2 612 / 1152 simultaneous_eeg_nirs__s09__r0__a0.25__Hb_only completed stationary_feasible 0.81
power_v2 613 / 1152 simultaneous_eeg_nirs__s09__r0__a0.25__wrong_pair completed stationary_feasible 0.91
power_v2 614 / 1152 simultaneous_eeg_nirs__s09__r1__a0.5__paired completed stationary_feasible 0.73
power_v2 615 / 1152 simultaneous_eeg_nirs__s09__r1__a1__Hb_only completed stationary_feasible 0.54
power_v2 616 / 1152 simultaneous_eeg_nirs__s09__r1__a0.5__wrong_pair completed stationary_feasible 0.78
power_v2 617 / 1152 simultaneous_eeg_nirs__s10__r1__a0__Hb_only completed stationary_feasible 0.38
power_v2 618 / 1152 simultaneous_eeg_nirs__s09__r0__a0.5__Hb_only completed stationary_feasible 0.86
power_v2 619 / 1152 simultaneous_eeg_nirs__s09__r1__a1__paired completed stationary_feasible 0.77
power_v2 620 / 1152 simultaneous_eeg_nirs__s09__r0__a0.5__paired completed stationary_feasible 1.04
power_v2 621 / 1152 simultaneous_eeg_nirs__s09__r0__a1__Hb_only completed stationary_feasible 0.81
power_v2 622 / 1152 simultaneous_eeg_nirs__s10__r0__a0__paired completed stationary_feasible 0.75
power_v2 623 / 1152 simultaneous_eeg_nirs__s10__r1__a0.25__Hb_only completed stationary_feasible 0.38
power_v2 624 / 1152 simultaneous_eeg_nirs__s09__r0__a0.5__wrong_pair completed stationary_feasible 1.03
power_v2 625 / 1152 simultaneous_eeg_nirs__s10__r0__a0__wrong_pair completed stationary_feasible 0.75
power_v2 626 / 1152 simultaneous_eeg_nirs__s10__r1__a0__wrong_pair completed stationary_feasible 0.75
power_v2 627 / 1152 simultaneous_eeg_nirs__s09__r1__a1__wrong_pair completed stationary_feasible 0.92
power_v2 628 / 1152 simultaneous_eeg_nirs__s10__r0__a0__Hb_only completed stationary_feasible 0.73
power_v2 629 / 1152 simultaneous_eeg_nirs__s10__r0__a0.25__wrong_pair completed stationary_feasible 0.65
power_v2 630 / 1152 simultaneous_eeg_nirs__s10__r1__a0__paired completed stationary_feasible 0.89
power_v2 631 / 1152 simultaneous_eeg_nirs__s10__r0__a0.25__paired completed stationary_feasible 0.76
power_v2 632 / 1152 simultaneous_eeg_nirs__s09__r0__a1__paired completed stationary_feasible 1.14
power_v2 633 / 1152 simultaneous_eeg_nirs__s10__r1__a0.5__Hb_only completed stationary_feasible 0.4
power_v2 634 / 1152 simultaneous_eeg_nirs__s10__r1__a0.25__wrong_pair completed stationary_feasible 0.73
power_v2 635 / 1152 simultaneous_eeg_nirs__s10__r0__a0.25__Hb_only completed stationary_feasible 0.75
power_v2 636 / 1152 simultaneous_eeg_nirs__s10__r0__a0.5__paired completed stationary_feasible 0.73
power_v2 637 / 1152 simultaneous_eeg_nirs__s09__r0__a1__wrong_pair completed stationary_feasible 1.24
power_v2 638 / 1152 simultaneous_eeg_nirs__s10__r1__a0.25__paired completed stationary_feasible 0.94
power_v2 639 / 1152 simultaneous_eeg_nirs__s10__r1__a0.5__paired completed stationary_feasible 0.73
power_v2 640 / 1152 simultaneous_eeg_nirs__s10__r1__a1__Hb_only completed stationary_feasible 0.48
power_v2 641 / 1152 simultaneous_eeg_nirs__s10__r0__a0.5__Hb_only completed stationary_feasible 0.75
power_v2 642 / 1152 simultaneous_eeg_nirs__s10__r0__a1__paired completed stationary_feasible 0.78
power_v2 643 / 1152 simultaneous_eeg_nirs__s10__r0__a0.5__wrong_pair completed stationary_feasible 0.9
power_v2 644 / 1152 simultaneous_eeg_nirs__s11__r1__a0__wrong_pair completed stationary_feasible 0.57
power_v2 645 / 1152 simultaneous_eeg_nirs__s11__r0__a0__Hb_only completed stationary_feasible 0.53
power_v2 646 / 1152 simultaneous_eeg_nirs__s11__r1__a0__Hb_only completed stationary_feasible 0.54
power_v2 647 / 1152 simultaneous_eeg_nirs__s10__r0__a1__Hb_only completed stationary_feasible 0.73
power_v2 648 / 1152 simultaneous_eeg_nirs__s10__r1__a0.5__wrong_pair completed stationary_feasible 0.96
power_v2 649 / 1152 simultaneous_eeg_nirs__s11__r1__a0__paired completed stationary_feasible 0.67
power_v2 650 / 1152 simultaneous_eeg_nirs__s11__r0__a0__wrong_pair completed stationary_feasible 0.76
power_v2 651 / 1152 simultaneous_eeg_nirs__s10__r1__a1__paired completed stationary_feasible 0.94
power_v2 652 / 1152 simultaneous_eeg_nirs__s11__r1__a0.25__Hb_only completed stationary_feasible 0.55
power_v2 653 / 1152 simultaneous_eeg_nirs__s11__r0__a0.25__Hb_only completed stationary_feasible 0.57
power_v2 654 / 1152 simultaneous_eeg_nirs__s11__r1__a0.25__paired completed stationary_feasible 0.68
power_v2 655 / 1152 simultaneous_eeg_nirs__s10__r1__a1__wrong_pair completed stationary_feasible 0.95
power_v2 656 / 1152 simultaneous_eeg_nirs__s11__r0__a0__paired completed stationary_feasible 0.93
power_v2 657 / 1152 simultaneous_eeg_nirs__s11__r1__a0.25__wrong_pair completed stationary_feasible 0.73
power_v2 658 / 1152 simultaneous_eeg_nirs__s11__r0__a0.25__wrong_pair completed stationary_feasible 0.77
power_v2 659 / 1152 simultaneous_eeg_nirs__s11__r1__a0.5__paired completed stationary_feasible 0.67
power_v2 660 / 1152 simultaneous_eeg_nirs__s10__r0__a1__wrong_pair completed stationary_feasible 1.09
power_v2 661 / 1152 simultaneous_eeg_nirs__s11__r0__a0.5__Hb_only completed stationary_feasible 0.57
power_v2 662 / 1152 simultaneous_eeg_nirs__s11__r0__a0.25__paired completed stationary_feasible 0.94
power_v2 663 / 1152 simultaneous_eeg_nirs__s11__r0__a0.5__wrong_pair completed stationary_feasible 0.74
power_v2 664 / 1152 simultaneous_eeg_nirs__s11__r1__a1__paired completed stationary_feasible 0.59
power_v2 665 / 1152 simultaneous_eeg_nirs__s11__r1__a0.5__wrong_pair completed stationary_feasible 0.76
power_v2 666 / 1152 simultaneous_eeg_nirs__s11__r0__a1__Hb_only completed stationary_feasible 0.54
power_v2 667 / 1152 simultaneous_eeg_nirs__s11__r0__a0.5__paired completed stationary_feasible 0.9
power_v2 668 / 1152 simultaneous_eeg_nirs__s11__r1__a0.5__Hb_only completed stationary_feasible 0.66
power_v2 669 / 1152 simultaneous_eeg_nirs__s12__r0__a0__paired completed stationary_feasible 0.56
power_v2 670 / 1152 simultaneous_eeg_nirs__s12__r0__a0__Hb_only completed stationary_feasible 0.47
power_v2 671 / 1152 simultaneous_eeg_nirs__s11__r1__a1__Hb_only completed stationary_feasible 0.67
power_v2 672 / 1152 simultaneous_eeg_nirs__s12__r1__a0__paired completed stationary_feasible 0.56
power_v2 673 / 1152 simultaneous_eeg_nirs__s12__r0__a0.25__paired completed stationary_feasible 0.59
power_v2 674 / 1152 simultaneous_eeg_nirs__s12__r0__a0.25__Hb_only completed stationary_feasible 0.49
power_v2 675 / 1152 simultaneous_eeg_nirs__s12__r1__a0__Hb_only completed stationary_feasible 0.64
power_v2 676 / 1152 simultaneous_eeg_nirs__s11__r0__a1__paired completed stationary_feasible 0.9
power_v2 677 / 1152 simultaneous_eeg_nirs__s12__r1__a0.25__paired completed stationary_feasible 0.58
power_v2 678 / 1152 simultaneous_eeg_nirs__s11__r0__a1__wrong_pair completed stationary_feasible 0.9
power_v2 679 / 1152 simultaneous_eeg_nirs__s12__r1__a0__wrong_pair completed stationary_feasible 0.71
power_v2 680 / 1152 simultaneous_eeg_nirs__s12__r0__a0__wrong_pair completed stationary_feasible 0.75
power_v2 681 / 1152 simultaneous_eeg_nirs__s12__r0__a0.5__paired completed stationary_feasible 0.58
power_v2 682 / 1152 simultaneous_eeg_nirs__s12__r1__a0.25__Hb_only completed stationary_feasible 0.64
power_v2 683 / 1152 simultaneous_eeg_nirs__s12__r1__a0.5__paired completed stationary_feasible 0.59
power_v2 684 / 1152 simultaneous_eeg_nirs__s12__r0__a0.25__wrong_pair completed stationary_feasible 0.73
power_v2 685 / 1152 simultaneous_eeg_nirs__s12__r0__a0.5__Hb_only completed stationary_feasible 0.49
power_v2 686 / 1152 simultaneous_eeg_nirs__s12__r1__a0.25__wrong_pair completed stationary_feasible 0.77
power_v2 687 / 1152 simultaneous_eeg_nirs__s12__r0__a0.5__wrong_pair completed stationary_feasible 0.65
power_v2 688 / 1152 simultaneous_eeg_nirs__s12__r0__a1__paired completed stationary_feasible 0.56
power_v2 689 / 1152 simultaneous_eeg_nirs__s12__r1__a1__paired completed stationary_feasible 0.58
power_v2 690 / 1152 simultaneous_eeg_nirs__s12__r0__a1__Hb_only completed stationary_feasible 0.49
power_v2 691 / 1152 simultaneous_eeg_nirs__s12__r1__a0.5__Hb_only completed stationary_feasible 0.64
power_v2 692 / 1152 simultaneous_eeg_nirs__s12__r1__a1__Hb_only completed stationary_feasible 0.65
power_v2 693 / 1152 simultaneous_eeg_nirs__s12__r1__a0.5__wrong_pair completed stationary_feasible 0.86
power_v2 694 / 1152 simultaneous_eeg_nirs__s13__r0__a0__Hb_only completed stationary_feasible 0.55
power_v2 695 / 1152 simultaneous_eeg_nirs__s13__r0__a0__wrong_pair completed stationary_feasible 0.61
power_v2 696 / 1152 simultaneous_eeg_nirs__s11__r1__a1__wrong_pair completed stationary_feasible 1.51
power_v2 697 / 1152 simultaneous_eeg_nirs__s13__r0__a0.25__paired completed stationary_feasible 0.64
power_v2 698 / 1152 simultaneous_eeg_nirs__s12__r0__a1__wrong_pair completed stationary_feasible 0.95
power_v2 699 / 1152 simultaneous_eeg_nirs__s13__r0__a0.25__wrong_pair completed stationary_feasible 0.58
power_v2 700 / 1152 simultaneous_eeg_nirs__s13__r0__a0__paired completed stationary_feasible 0.75
power_v2 701 / 1152 simultaneous_eeg_nirs__s13__r0__a0.25__Hb_only completed stationary_feasible 0.58
power_v2 702 / 1152 simultaneous_eeg_nirs__s12__r1__a1__wrong_pair completed stationary_feasible 0.95
power_v2 703 / 1152 simultaneous_eeg_nirs__s13__r0__a0.5__wrong_pair completed stationary_feasible 0.57
power_v2 704 / 1152 simultaneous_eeg_nirs__s13__r0__a0.5__paired completed stationary_feasible 0.67
power_v2 705 / 1152 simultaneous_eeg_nirs__s13__r0__a0.5__Hb_only completed stationary_feasible 0.58
power_v2 706 / 1152 simultaneous_eeg_nirs__s13__r0__a1__paired completed stationary_feasible 0.74
power_v2 707 / 1152 simultaneous_eeg_nirs__s13__r1__a0__paired completed stationary_feasible 1.12
power_v2 708 / 1152 simultaneous_eeg_nirs__s13__r1__a0__wrong_pair completed stationary_feasible 1.15
power_v2 709 / 1152 simultaneous_eeg_nirs__s13__r0__a1__Hb_only completed stationary_feasible 0.57
power_v2 710 / 1152 simultaneous_eeg_nirs__s13__r1__a0.25__paired completed stationary_feasible 1.13
power_v2 711 / 1152 simultaneous_eeg_nirs__s14__r0__a0__paired completed stationary_feasible 0.54
power_v2 712 / 1152 simultaneous_eeg_nirs__s13__r1__a0.25__wrong_pair completed stationary_feasible 1.09
power_v2 713 / 1152 simultaneous_eeg_nirs__s13__r1__a0__Hb_only completed stationary_feasible 1.23
power_v2 714 / 1152 simultaneous_eeg_nirs__s13__r0__a1__wrong_pair completed stationary_feasible 0.76
power_v2 715 / 1152 simultaneous_eeg_nirs__s13__r1__a0.5__paired completed stationary_feasible 1.13
power_v2 716 / 1152 simultaneous_eeg_nirs__s14__r0__a0__Hb_only completed stationary_feasible 0.64
power_v2 717 / 1152 simultaneous_eeg_nirs__s13__r1__a0.25__Hb_only completed stationary_feasible 1.24
power_v2 718 / 1152 simultaneous_eeg_nirs__s14__r0__a0__wrong_pair completed stationary_feasible 0.73
power_v2 719 / 1152 simultaneous_eeg_nirs__s14__r1__a0__paired completed stationary_feasible 0.74
power_v2 720 / 1152 simultaneous_eeg_nirs__s13__r1__a0.5__wrong_pair completed stationary_feasible 1.15
power_v2 721 / 1152 simultaneous_eeg_nirs__s14__r0__a0.25__paired completed stationary_feasible 0.65
power_v2 722 / 1152 simultaneous_eeg_nirs__s14__r1__a0__Hb_only completed stationary_feasible 0.72
power_v2 723 / 1152 simultaneous_eeg_nirs__s14__r1__a0__wrong_pair completed stationary_feasible 0.76
power_v2 724 / 1152 simultaneous_eeg_nirs__s14__r1__a0.25__paired completed stationary_feasible 0.75
power_v2 725 / 1152 simultaneous_eeg_nirs__s13__r1__a1__paired completed stationary_feasible 1.11
power_v2 726 / 1152 simultaneous_eeg_nirs__s14__r0__a0.25__wrong_pair completed stationary_feasible 0.76
power_v2 727 / 1152 simultaneous_eeg_nirs__s13__r1__a0.5__Hb_only completed stationary_feasible 1.38
power_v2 728 / 1152 simultaneous_eeg_nirs__s14__r0__a0.25__Hb_only completed stationary_feasible 0.65
power_v2 729 / 1152 simultaneous_eeg_nirs__s14__r1__a0.25__wrong_pair completed stationary_feasible 0.74
power_v2 730 / 1152 simultaneous_eeg_nirs__s13__r1__a1__wrong_pair completed stationary_feasible 1.28
power_v2 731 / 1152 simultaneous_eeg_nirs__s14__r1__a0.25__Hb_only completed stationary_feasible 0.72
power_v2 732 / 1152 simultaneous_eeg_nirs__s14__r0__a0.5__Hb_only completed stationary_feasible 0.64
power_v2 733 / 1152 simultaneous_eeg_nirs__s14__r0__a0.5__paired completed stationary_feasible 0.76
power_v2 734 / 1152 simultaneous_eeg_nirs__s14__r1__a0.5__paired completed stationary_feasible 0.76
power_v2 735 / 1152 simultaneous_eeg_nirs__s14__r1__a0.5__wrong_pair completed stationary_feasible 0.74
power_v2 736 / 1152 simultaneous_eeg_nirs__s14__r0__a0.5__wrong_pair completed stationary_feasible 0.81
power_v2 737 / 1152 simultaneous_eeg_nirs__s14__r1__a0.5__Hb_only completed stationary_feasible 0.74
power_v2 738 / 1152 simultaneous_eeg_nirs__s14__r0__a1__Hb_only completed stationary_feasible 0.64
power_v2 739 / 1152 simultaneous_eeg_nirs__s14__r0__a1__paired completed stationary_feasible 0.74
power_v2 740 / 1152 simultaneous_eeg_nirs__s14__r1__a1__paired completed stationary_feasible 0.75
power_v2 741 / 1152 simultaneous_eeg_nirs__s14__r1__a1__Hb_only completed stationary_feasible 0.72
power_v2 742 / 1152 simultaneous_eeg_nirs__s15__r1__a0__paired completed stationary_feasible 0.72
power_v2 743 / 1152 simultaneous_eeg_nirs__s15__r1__a0__wrong_pair completed stationary_feasible 0.64
power_v2 744 / 1152 simultaneous_eeg_nirs__s14__r1__a1__wrong_pair completed stationary_feasible 0.82
power_v2 745 / 1152 simultaneous_eeg_nirs__s15__r1__a0__Hb_only completed stationary_feasible 0.63
power_v2 746 / 1152 simultaneous_eeg_nirs__s15__r0__a0__wrong_pair completed stationary_feasible 0.84
power_v2 747 / 1152 simultaneous_eeg_nirs__s15__r0__a0__paired completed stationary_feasible 0.89
power_v2 748 / 1152 simultaneous_eeg_nirs__s15__r0__a0__Hb_only completed stationary_feasible 0.88
power_v2 749 / 1152 simultaneous_eeg_nirs__s15__r1__a0.25__wrong_pair completed stationary_feasible 0.65
power_v2 750 / 1152 simultaneous_eeg_nirs__s15__r1__a0.25__paired completed stationary_feasible 0.75
power_v2 751 / 1152 simultaneous_eeg_nirs__s15__r1__a0.25__Hb_only completed stationary_feasible 0.64
power_v2 752 / 1152 simultaneous_eeg_nirs__s14__r0__a1__wrong_pair completed stationary_feasible 1.16
power_v2 753 / 1152 simultaneous_eeg_nirs__s13__r1__a1__Hb_only completed stationary_feasible 1.92
power_v2 754 / 1152 simultaneous_eeg_nirs__s15__r1__a0.5__paired completed stationary_feasible 0.66
power_v2 755 / 1152 simultaneous_eeg_nirs__s15__r0__a0.25__paired completed stationary_feasible 0.92
power_v2 756 / 1152 simultaneous_eeg_nirs__s15__r0__a0.25__wrong_pair completed stationary_feasible 0.82
power_v2 757 / 1152 simultaneous_eeg_nirs__s15__r1__a0.5__Hb_only completed stationary_feasible 0.64
power_v2 758 / 1152 simultaneous_eeg_nirs__s15__r1__a0.5__wrong_pair completed stationary_feasible 0.72
power_v2 759 / 1152 simultaneous_eeg_nirs__s15__r0__a0.25__Hb_only completed stationary_feasible 0.89
power_v2 760 / 1152 simultaneous_eeg_nirs__s15__r1__a1__paired completed stationary_feasible 0.65
power_v2 761 / 1152 simultaneous_eeg_nirs__s15__r0__a0.5__paired completed stationary_feasible 0.94
power_v2 762 / 1152 simultaneous_eeg_nirs__s15__r0__a0.5__wrong_pair completed stationary_feasible 0.91
power_v2 763 / 1152 visual_cognitive_motivation__s00__r0__a0__wrong_pair completed stationary_feasible 0.55
power_v2 764 / 1152 simultaneous_eeg_nirs__s15__r1__a1__Hb_only completed stationary_feasible 0.63
power_v2 765 / 1152 simultaneous_eeg_nirs__s15__r0__a0.5__Hb_only completed stationary_feasible 0.91
power_v2 766 / 1152 visual_cognitive_motivation__s00__r0__a0__Hb_only completed stationary_feasible 0.46
power_v2 767 / 1152 simultaneous_eeg_nirs__s15__r1__a1__wrong_pair completed stationary_feasible 0.81
power_v2 768 / 1152 visual_cognitive_motivation__s00__r0__a0__paired completed stationary_feasible 0.72
power_v2 769 / 1152 simultaneous_eeg_nirs__s15__r0__a1__paired completed stationary_feasible 0.92
power_v2 770 / 1152 visual_cognitive_motivation__s00__r1__a0__paired completed stationary_feasible 0.74
power_v2 771 / 1152 visual_cognitive_motivation__s00__r0__a0.25__paired completed stationary_feasible 0.56
power_v2 772 / 1152 visual_cognitive_motivation__s00__r1__a0__Hb_only completed stationary_feasible 0.63
power_v2 773 / 1152 simultaneous_eeg_nirs__s15__r0__a1__Hb_only completed stationary_feasible 0.9
power_v2 774 / 1152 visual_cognitive_motivation__s00__r0__a0.25__wrong_pair completed stationary_feasible 0.57
power_v2 775 / 1152 visual_cognitive_motivation__s00__r0__a0.25__Hb_only completed stationary_feasible 0.56
power_v2 776 / 1152 visual_cognitive_motivation__s00__r1__a0__wrong_pair completed stationary_feasible 0.73
power_v2 777 / 1152 simultaneous_eeg_nirs__s15__r0__a1__wrong_pair completed stationary_feasible 1.08
power_v2 778 / 1152 visual_cognitive_motivation__s00__r0__a0.5__wrong_pair completed stationary_feasible 0.48
power_v2 779 / 1152 visual_cognitive_motivation__s00__r1__a0.25__Hb_only completed stationary_feasible 0.64
power_v2 780 / 1152 visual_cognitive_motivation__s00__r0__a0.5__paired completed stationary_feasible 0.57
power_v2 781 / 1152 visual_cognitive_motivation__s00__r1__a0.25__paired completed stationary_feasible 0.74
power_v2 782 / 1152 visual_cognitive_motivation__s00__r1__a0.25__wrong_pair completed stationary_feasible 0.75
power_v2 783 / 1152 visual_cognitive_motivation__s00__r0__a0.5__Hb_only completed stationary_feasible 0.56
power_v2 784 / 1152 visual_cognitive_motivation__s00__r1__a0.5__paired completed stationary_feasible 0.74
power_v2 785 / 1152 visual_cognitive_motivation__s00__r1__a0.5__Hb_only completed stationary_feasible 0.64
power_v2 786 / 1152 visual_cognitive_motivation__s00__r1__a0.5__wrong_pair completed stationary_feasible 0.75
power_v2 787 / 1152 visual_cognitive_motivation__s00__r0__a1__Hb_only completed stationary_feasible 0.55
power_v2 788 / 1152 visual_cognitive_motivation__s01__r1__a0__Hb_only completed stationary_feasible 0.45
power_v2 789 / 1152 visual_cognitive_motivation__s01__r1__a0__paired completed stationary_feasible 0.56
power_v2 790 / 1152 visual_cognitive_motivation__s00__r0__a1__paired completed stationary_feasible 0.74
power_v2 791 / 1152 visual_cognitive_motivation__s00__r1__a1__paired completed stationary_feasible 0.74
power_v2 792 / 1152 visual_cognitive_motivation__s00__r1__a1__Hb_only completed stationary_feasible 0.65
power_v2 793 / 1152 visual_cognitive_motivation__s01__r1__a0.25__paired completed stationary_feasible 0.47
power_v2 794 / 1152 visual_cognitive_motivation__s00__r0__a1__wrong_pair completed stationary_feasible 0.74
power_v2 795 / 1152 visual_cognitive_motivation__s01__r1__a0.25__Hb_only completed stationary_feasible 0.47
power_v2 796 / 1152 visual_cognitive_motivation__s01__r1__a0__wrong_pair completed stationary_feasible 0.64
power_v2 797 / 1152 visual_cognitive_motivation__s00__r1__a1__wrong_pair completed stationary_feasible 0.83
power_v2 798 / 1152 visual_cognitive_motivation__s01__r1__a0.5__paired completed stationary_feasible 0.48
power_v2 799 / 1152 visual_cognitive_motivation__s01__r1__a0.25__wrong_pair completed stationary_feasible 0.65
power_v2 800 / 1152 visual_cognitive_motivation__s01__r0__a0__paired completed stationary_feasible 0.9
power_v2 801 / 1152 visual_cognitive_motivation__s01__r0__a0__wrong_pair completed stationary_feasible 0.89
power_v2 802 / 1152 visual_cognitive_motivation__s01__r1__a0.5__Hb_only completed stationary_feasible 0.47
power_v2 803 / 1152 visual_cognitive_motivation__s01__r0__a0__Hb_only completed stationary_feasible 0.88
power_v2 804 / 1152 visual_cognitive_motivation__s01__r0__a0.25__paired completed stationary_feasible 0.92
power_v2 805 / 1152 visual_cognitive_motivation__s01__r0__a0.25__wrong_pair completed stationary_feasible 0.9
power_v2 806 / 1152 visual_cognitive_motivation__s01__r1__a1__Hb_only completed stationary_feasible 0.48
power_v2 807 / 1152 visual_cognitive_motivation__s01__r1__a1__paired completed stationary_feasible 0.56
power_v2 808 / 1152 visual_cognitive_motivation__s01__r0__a0.25__Hb_only completed stationary_feasible 0.89
power_v2 809 / 1152 visual_cognitive_motivation__s01__r0__a0.5__paired completed stationary_feasible 0.9
power_v2 810 / 1152 visual_cognitive_motivation__s01__r1__a0.5__wrong_pair completed stationary_feasible 0.73
power_v2 811 / 1152 visual_cognitive_motivation__s01__r1__a1__wrong_pair completed stationary_feasible 0.74
power_v2 812 / 1152 visual_cognitive_motivation__s01__r0__a0.5__wrong_pair completed stationary_feasible 0.92
power_v2 813 / 1152 visual_cognitive_motivation__s02__r0__a0__wrong_pair completed stationary_feasible 0.65
power_v2 814 / 1152 visual_cognitive_motivation__s02__r0__a0__paired completed stationary_feasible 0.73
power_v2 815 / 1152 visual_cognitive_motivation__s02__r0__a0__Hb_only completed stationary_feasible 0.64
power_v2 816 / 1152 visual_cognitive_motivation__s01__r0__a0.5__Hb_only completed stationary_feasible 0.89
power_v2 817 / 1152 visual_cognitive_motivation__s02__r1__a0__paired completed stationary_feasible 0.73
power_v2 818 / 1152 visual_cognitive_motivation__s01__r0__a1__paired completed stationary_feasible 0.92
power_v2 819 / 1152 visual_cognitive_motivation__s02__r1__a0__wrong_pair completed stationary_feasible 0.74
power_v2 820 / 1152 visual_cognitive_motivation__s01__r0__a1__Hb_only completed stationary_feasible 0.9
power_v2 821 / 1152 visual_cognitive_motivation__s02__r0__a0.25__paired completed stationary_feasible 0.74
power_v2 822 / 1152 visual_cognitive_motivation__s01__r0__a1__wrong_pair completed stationary_feasible 1.02
power_v2 823 / 1152 visual_cognitive_motivation__s02__r0__a0.25__wrong_pair completed stationary_feasible 0.65
power_v2 824 / 1152 visual_cognitive_motivation__s02__r1__a0__Hb_only completed stationary_feasible 0.8
power_v2 825 / 1152 visual_cognitive_motivation__s02__r0__a0.25__Hb_only completed stationary_feasible 0.65
power_v2 826 / 1152 visual_cognitive_motivation__s02__r1__a0.25__paired completed stationary_feasible 0.76
power_v2 827 / 1152 visual_cognitive_motivation__s02__r1__a0.25__wrong_pair completed stationary_feasible 0.76
power_v2 828 / 1152 visual_cognitive_motivation__s02__r0__a0.5__Hb_only completed stationary_feasible 0.63
power_v2 829 / 1152 visual_cognitive_motivation__s02__r0__a0.5__paired completed stationary_feasible 0.72
power_v2 830 / 1152 visual_cognitive_motivation__s02__r0__a0.5__wrong_pair completed stationary_feasible 0.73
power_v2 831 / 1152 visual_cognitive_motivation__s02__r1__a0.5__paired completed stationary_feasible 0.75
power_v2 832 / 1152 visual_cognitive_motivation__s02__r1__a0.5__wrong_pair completed stationary_feasible 0.74
power_v2 833 / 1152 visual_cognitive_motivation__s02__r1__a0.5__Hb_only completed stationary_feasible 0.72
power_v2 834 / 1152 visual_cognitive_motivation__s02__r1__a0.25__Hb_only completed stationary_feasible 0.83
power_v2 835 / 1152 visual_cognitive_motivation__s02__r0__a1__paired completed stationary_feasible 0.65
power_v2 836 / 1152 visual_cognitive_motivation__s02__r1__a1__paired completed stationary_feasible 0.66
power_v2 837 / 1152 visual_cognitive_motivation__s02__r0__a1__Hb_only completed stationary_feasible 0.65
power_v2 838 / 1152 visual_cognitive_motivation__s03__r1__a0__Hb_only completed stationary_feasible 0.47
power_v2 839 / 1152 visual_cognitive_motivation__s02__r1__a1__Hb_only completed stationary_feasible 0.73
power_v2 840 / 1152 visual_cognitive_motivation__s02__r0__a1__wrong_pair completed stationary_feasible 0.76
power_v2 841 / 1152 visual_cognitive_motivation__s03__r0__a0__paired completed stationary_feasible 0.83
power_v2 842 / 1152 visual_cognitive_motivation__s03__r1__a0.25__Hb_only completed stationary_feasible 0.46
power_v2 843 / 1152 visual_cognitive_motivation__s02__r1__a1__wrong_pair completed stationary_feasible 0.94
power_v2 844 / 1152 visual_cognitive_motivation__s03__r0__a0__Hb_only completed stationary_feasible 0.78
power_v2 845 / 1152 visual_cognitive_motivation__s03__r1__a0.5__Hb_only completed stationary_feasible 0.47
power_v2 846 / 1152 visual_cognitive_motivation__s03__r0__a0__wrong_pair completed stationary_feasible 0.92
power_v2 847 / 1152 visual_cognitive_motivation__s03__r0__a0.25__paired completed stationary_feasible 0.82
power_v2 848 / 1152 visual_cognitive_motivation__s03__r0__a0.25__wrong_pair completed stationary_feasible 0.83
power_v2 849 / 1152 visual_cognitive_motivation__s03__r0__a0.25__Hb_only completed stationary_feasible 0.82
power_v2 850 / 1152 visual_cognitive_motivation__s03__r1__a0__wrong_pair completed stationary_feasible 1.09
power_v2 851 / 1152 visual_cognitive_motivation__s03__r0__a0.5__paired completed stationary_feasible 0.82
power_v2 852 / 1152 visual_cognitive_motivation__s03__r0__a0.5__Hb_only completed stationary_feasible 0.8
power_v2 853 / 1152 visual_cognitive_motivation__s03__r1__a1__Hb_only completed stationary_feasible 0.57
power_v2 854 / 1152 visual_cognitive_motivation__s03__r1__a0__paired completed stationary_feasible 1.27
power_v2 855 / 1152 visual_cognitive_motivation__s04__r0__a0__paired completed stationary_feasible 0.56
power_v2 856 / 1152 visual_cognitive_motivation__s03__r0__a0.5__wrong_pair completed stationary_feasible 0.93
power_v2 857 / 1152 visual_cognitive_motivation__s04__r1__a0__paired completed stationary_feasible 0.54
power_v2 858 / 1152 visual_cognitive_motivation__s03__r0__a1__paired completed stationary_feasible 0.82
power_v2 859 / 1152 visual_cognitive_motivation__s04__r0__a0__Hb_only completed stationary_feasible 0.45
power_v2 860 / 1152 visual_cognitive_motivation__s03__r1__a0.25__wrong_pair completed stationary_feasible 1.2
power_v2 861 / 1152 visual_cognitive_motivation__s03__r1__a0.25__paired completed stationary_feasible 1.27
power_v2 862 / 1152 visual_cognitive_motivation__s04__r1__a0__wrong_pair completed stationary_feasible 0.54
power_v2 863 / 1152 visual_cognitive_motivation__s03__r0__a1__Hb_only completed stationary_feasible 0.81
power_v2 864 / 1152 visual_cognitive_motivation__s04__r1__a0__Hb_only completed stationary_feasible 0.54
power_v2 865 / 1152 visual_cognitive_motivation__s04__r0__a0.25__paired completed stationary_feasible 0.56
power_v2 866 / 1152 visual_cognitive_motivation__s03__r1__a0.5__wrong_pair completed stationary_feasible 1.17
power_v2 867 / 1152 visual_cognitive_motivation__s04__r1__a0.25__paired completed stationary_feasible 0.58
power_v2 868 / 1152 visual_cognitive_motivation__s04__r0__a0__wrong_pair completed stationary_feasible 0.73
power_v2 869 / 1152 visual_cognitive_motivation__s04__r0__a0.25__Hb_only completed stationary_feasible 0.46
power_v2 870 / 1152 visual_cognitive_motivation__s03__r1__a0.5__paired completed stationary_feasible 1.26
power_v2 871 / 1152 visual_cognitive_motivation__s04__r1__a0.25__Hb_only completed stationary_feasible 0.54
power_v2 872 / 1152 visual_cognitive_motivation__s04__r0__a0.5__Hb_only completed stationary_feasible 0.45
power_v2 873 / 1152 visual_cognitive_motivation__s04__r0__a0.5__paired completed stationary_feasible 0.59
power_v2 874 / 1152 visual_cognitive_motivation__s04__r1__a0.5__paired completed stationary_feasible 0.59
power_v2 875 / 1152 visual_cognitive_motivation__s03__r1__a1__paired completed stationary_feasible 1.3
power_v2 876 / 1152 visual_cognitive_motivation__s04__r0__a0.25__wrong_pair completed stationary_feasible 0.76
power_v2 877 / 1152 visual_cognitive_motivation__s04__r1__a0.5__Hb_only completed stationary_feasible 0.54
power_v2 878 / 1152 visual_cognitive_motivation__s04__r1__a0.25__wrong_pair completed stationary_feasible 0.76
power_v2 879 / 1152 visual_cognitive_motivation__s04__r0__a1__Hb_only completed stationary_feasible 0.46
power_v2 880 / 1152 visual_cognitive_motivation__s03__r1__a1__wrong_pair completed stationary_feasible 1.32
power_v2 881 / 1152 visual_cognitive_motivation__s04__r0__a1__paired completed stationary_feasible 0.58
power_v2 882 / 1152 visual_cognitive_motivation__s04__r1__a1__Hb_only completed stationary_feasible 0.58
power_v2 883 / 1152 visual_cognitive_motivation__s05__r0__a0__Hb_only completed stationary_feasible 0.44
power_v2 884 / 1152 visual_cognitive_motivation__s04__r1__a1__paired completed stationary_feasible 0.68
power_v2 885 / 1152 visual_cognitive_motivation__s04__r0__a0.5__wrong_pair completed stationary_feasible 0.77
power_v2 886 / 1152 visual_cognitive_motivation__s04__r1__a0.5__wrong_pair completed stationary_feasible 0.77
power_v2 887 / 1152 visual_cognitive_motivation__s05__r0__a0__paired completed stationary_feasible 0.59
power_v2 888 / 1152 visual_cognitive_motivation__s05__r0__a0__wrong_pair completed stationary_feasible 0.56
power_v2 889 / 1152 visual_cognitive_motivation__s03__r0__a1__wrong_pair completed stationary_feasible 1.57
power_v2 890 / 1152 visual_cognitive_motivation__s04__r0__a1__wrong_pair completed stationary_feasible 0.77
power_v2 891 / 1152 visual_cognitive_motivation__s05__r1__a0__paired completed stationary_feasible 0.71
power_v2 892 / 1152 visual_cognitive_motivation__s05__r0__a0.25__paired completed stationary_feasible 0.55
power_v2 893 / 1152 visual_cognitive_motivation__s05__r0__a0.25__Hb_only completed stationary_feasible 0.5
power_v2 894 / 1152 visual_cognitive_motivation__s05__r0__a0.25__wrong_pair completed stationary_feasible 0.51
power_v2 895 / 1152 visual_cognitive_motivation__s05__r1__a0__Hb_only completed stationary_feasible 0.7
power_v2 896 / 1152 visual_cognitive_motivation__s04__r1__a1__wrong_pair completed stationary_feasible 0.9
power_v2 897 / 1152 visual_cognitive_motivation__s05__r1__a0__wrong_pair completed stationary_feasible 0.76
power_v2 898 / 1152 visual_cognitive_motivation__s05__r0__a0.5__Hb_only completed stationary_feasible 0.5
power_v2 899 / 1152 visual_cognitive_motivation__s05__r0__a0.5__wrong_pair completed stationary_feasible 0.55
power_v2 900 / 1152 visual_cognitive_motivation__s05__r1__a0.25__paired completed stationary_feasible 0.72
power_v2 901 / 1152 visual_cognitive_motivation__s05__r0__a0.5__paired completed stationary_feasible 0.65
power_v2 902 / 1152 visual_cognitive_motivation__s05__r0__a1__Hb_only completed stationary_feasible 0.49
power_v2 903 / 1152 visual_cognitive_motivation__s05__r1__a0.25__wrong_pair completed stationary_feasible 0.78
power_v2 904 / 1152 visual_cognitive_motivation__s05__r1__a0.25__Hb_only completed stationary_feasible 0.77
power_v2 905 / 1152 visual_cognitive_motivation__s05__r1__a0.5__paired completed stationary_feasible 0.77
power_v2 906 / 1152 visual_cognitive_motivation__s05__r0__a1__paired completed stationary_feasible 0.65
power_v2 907 / 1152 visual_cognitive_motivation__s05__r1__a0.5__wrong_pair completed stationary_feasible 0.8
power_v2 908 / 1152 visual_cognitive_motivation__s05__r1__a1__wrong_pair completed stationary_feasible 0.67
power_v2 909 / 1152 visual_cognitive_motivation__s05__r1__a0.5__Hb_only completed stationary_feasible 0.76
power_v2 910 / 1152 visual_cognitive_motivation__s05__r1__a1__paired completed stationary_feasible 0.77
power_v2 911 / 1152 visual_cognitive_motivation__s05__r0__a1__wrong_pair completed stationary_feasible 0.77
power_v2 912 / 1152 visual_cognitive_motivation__s06__r0__a0__paired completed stationary_feasible 0.75
power_v2 913 / 1152 visual_cognitive_motivation__s05__r1__a1__Hb_only completed stationary_feasible 0.75
power_v2 914 / 1152 visual_cognitive_motivation__s06__r1__a0__Hb_only completed stationary_feasible 0.61
power_v2 915 / 1152 visual_cognitive_motivation__s06__r0__a0__wrong_pair completed stationary_feasible 0.79
power_v2 916 / 1152 visual_cognitive_motivation__s06__r1__a0__paired completed stationary_feasible 0.93
power_v2 917 / 1152 visual_cognitive_motivation__s06__r0__a0.25__paired completed stationary_feasible 0.78
power_v2 918 / 1152 visual_cognitive_motivation__s06__r1__a0.25__Hb_only completed stationary_feasible 0.63
power_v2 919 / 1152 visual_cognitive_motivation__s06__r0__a0__Hb_only completed stationary_feasible 0.83
power_v2 920 / 1152 visual_cognitive_motivation__s06__r1__a0__wrong_pair completed stationary_feasible 0.87
power_v2 921 / 1152 visual_cognitive_motivation__s06__r1__a0.25__paired completed stationary_feasible 0.89
power_v2 922 / 1152 visual_cognitive_motivation__s06__r0__a0.5__paired completed stationary_feasible 0.73
power_v2 923 / 1152 visual_cognitive_motivation__s06__r1__a0.5__Hb_only completed stationary_feasible 0.55
power_v2 924 / 1152 visual_cognitive_motivation__s06__r0__a0.25__Hb_only completed stationary_feasible 0.8
power_v2 925 / 1152 visual_cognitive_motivation__s06__r0__a0.25__wrong_pair completed stationary_feasible 0.96
power_v2 926 / 1152 visual_cognitive_motivation__s06__r1__a0.25__wrong_pair completed stationary_feasible 0.96
power_v2 927 / 1152 visual_cognitive_motivation__s06__r1__a1__Hb_only completed stationary_feasible 0.58
power_v2 928 / 1152 visual_cognitive_motivation__s06__r1__a0.5__wrong_pair completed stationary_feasible 0.87
power_v2 929 / 1152 visual_cognitive_motivation__s06__r0__a0.5__Hb_only completed stationary_feasible 0.85
power_v2 930 / 1152 visual_cognitive_motivation__s06__r0__a1__paired completed stationary_feasible 0.79
power_v2 931 / 1152 visual_cognitive_motivation__s06__r1__a0.5__paired completed stationary_feasible 0.95
power_v2 932 / 1152 visual_cognitive_motivation__s07__r0__a0__paired completed stationary_feasible 0.74
power_v2 933 / 1152 visual_cognitive_motivation__s06__r1__a1__wrong_pair completed stationary_feasible 0.86
power_v2 934 / 1152 visual_cognitive_motivation__s06__r1__a1__paired completed stationary_feasible 0.94
power_v2 935 / 1152 visual_cognitive_motivation__s06__r0__a1__Hb_only completed stationary_feasible 0.84
power_v2 936 / 1152 visual_cognitive_motivation__s07__r0__a0__wrong_pair completed stationary_feasible 0.7
power_v2 937 / 1152 visual_cognitive_motivation__s07__r1__a0__Hb_only completed stationary_feasible 0.7
power_v2 938 / 1152 visual_cognitive_motivation__s07__r0__a0__Hb_only completed stationary_feasible 0.74
power_v2 939 / 1152 visual_cognitive_motivation__s07__r0__a0.25__paired completed stationary_feasible 0.77
power_v2 940 / 1152 visual_cognitive_motivation__s06__r0__a0.5__wrong_pair completed stationary_feasible 1.33
power_v2 941 / 1152 visual_cognitive_motivation__s07__r0__a0.25__wrong_pair completed stationary_feasible 0.71
power_v2 942 / 1152 visual_cognitive_motivation__s07__r0__a0.25__Hb_only completed stationary_feasible 0.71
power_v2 943 / 1152 visual_cognitive_motivation__s07__r1__a0.25__Hb_only completed stationary_feasible 0.72
power_v2 944 / 1152 visual_cognitive_motivation__s07__r0__a0.5__paired completed stationary_feasible 0.77
power_v2 945 / 1152 visual_cognitive_motivation__s07__r1__a0__paired completed stationary_feasible 1.14
power_v2 946 / 1152 visual_cognitive_motivation__s07__r1__a0__wrong_pair completed stationary_feasible 1.12
power_v2 947 / 1152 visual_cognitive_motivation__s07__r0__a0.5__Hb_only completed stationary_feasible 0.75
power_v2 948 / 1152 visual_cognitive_motivation__s07__r1__a0.5__Hb_only completed stationary_feasible 0.77
power_v2 949 / 1152 visual_cognitive_motivation__s08__r0__a0__Hb_only completed stationary_feasible 0.36
power_v2 950 / 1152 visual_cognitive_motivation__s08__r1__a0__Hb_only completed stationary_feasible 0.36
power_v2 951 / 1152 visual_cognitive_motivation__s07__r0__a1__paired completed stationary_feasible 0.78
power_v2 952 / 1152 visual_cognitive_motivation__s07__r1__a0.25__wrong_pair completed stationary_feasible 1.07
power_v2 953 / 1152 visual_cognitive_motivation__s07__r1__a0.25__paired completed stationary_feasible 1.15
power_v2 954 / 1152 visual_cognitive_motivation__s08__r0__a0__paired completed stationary_feasible 0.53
power_v2 955 / 1152 visual_cognitive_motivation__s07__r0__a0.5__wrong_pair completed stationary_feasible 0.96
power_v2 956 / 1152 visual_cognitive_motivation__s07__r0__a1__Hb_only completed stationary_feasible 0.75
power_v2 957 / 1152 visual_cognitive_motivation__s07__r1__a1__Hb_only completed stationary_feasible 0.72
power_v2 958 / 1152 visual_cognitive_motivation__s08__r0__a0__wrong_pair completed stationary_feasible 0.59
power_v2 959 / 1152 visual_cognitive_motivation__s08__r0__a0.25__paired completed stationary_feasible 0.56
power_v2 960 / 1152 visual_cognitive_motivation__s08__r1__a0__paired completed stationary_feasible 0.76
power_v2 961 / 1152 visual_cognitive_motivation__s07__r1__a0.5__wrong_pair completed stationary_feasible 1.14
power_v2 962 / 1152 visual_cognitive_motivation__s07__r1__a0.5__paired completed stationary_feasible 1.23
power_v2 963 / 1152 visual_cognitive_motivation__s08__r0__a0.25__wrong_pair completed stationary_feasible 0.56
power_v2 964 / 1152 visual_cognitive_motivation__s08__r0__a0.25__Hb_only completed stationary_feasible 0.4
power_v2 965 / 1152 visual_cognitive_motivation__s08__r0__a0.5__Hb_only completed stationary_feasible 0.36
power_v2 966 / 1152 visual_cognitive_motivation__s08__r1__a0__wrong_pair completed stationary_feasible 0.76
power_v2 967 / 1152 visual_cognitive_motivation__s07__r0__a1__wrong_pair completed stationary_feasible 1.04
power_v2 968 / 1152 visual_cognitive_motivation__s08__r0__a0.5__paired completed stationary_feasible 0.47
power_v2 969 / 1152 visual_cognitive_motivation__s08__r1__a0.25__Hb_only completed stationary_feasible 0.5
power_v2 970 / 1152 visual_cognitive_motivation__s08__r1__a0.5__Hb_only completed stationary_feasible 0.46
power_v2 971 / 1152 visual_cognitive_motivation__s08__r1__a0.25__paired completed stationary_feasible 0.78
power_v2 972 / 1152 visual_cognitive_motivation__s07__r1__a1__paired completed stationary_feasible 1.23
power_v2 973 / 1152 visual_cognitive_motivation__s07__r1__a1__wrong_pair completed stationary_feasible 1.23
power_v2 974 / 1152 visual_cognitive_motivation__s08__r0__a1__Hb_only completed stationary_feasible 0.46
power_v2 975 / 1152 visual_cognitive_motivation__s08__r1__a0.25__wrong_pair completed stationary_feasible 0.78
power_v2 976 / 1152 visual_cognitive_motivation__s08__r0__a1__paired completed stationary_feasible 0.6
power_v2 977 / 1152 visual_cognitive_motivation__s08__r1__a0.5__paired completed stationary_feasible 0.73
power_v2 978 / 1152 visual_cognitive_motivation__s08__r0__a0.5__wrong_pair completed stationary_feasible 0.78
power_v2 979 / 1152 visual_cognitive_motivation__s08__r1__a1__Hb_only completed stationary_feasible 0.49
power_v2 980 / 1152 visual_cognitive_motivation__s06__r0__a1__wrong_pair completed stationary_feasible 2.34
power_v2 981 / 1152 visual_cognitive_motivation__s08__r1__a1__paired completed stationary_feasible 0.69
power_v2 982 / 1152 visual_cognitive_motivation__s09__r0__a0__paired completed stationary_feasible 0.56
power_v2 983 / 1152 visual_cognitive_motivation__s09__r0__a0__wrong_pair completed stationary_feasible 0.53
power_v2 984 / 1152 visual_cognitive_motivation__s09__r0__a0__Hb_only completed stationary_feasible 0.53
power_v2 985 / 1152 visual_cognitive_motivation__s08__r1__a0.5__wrong_pair completed stationary_feasible 0.91
power_v2 986 / 1152 visual_cognitive_motivation__s09__r1__a0__paired completed stationary_feasible 0.66
power_v2 987 / 1152 visual_cognitive_motivation__s09__r1__a0__wrong_pair completed stationary_feasible 0.66
power_v2 988 / 1152 visual_cognitive_motivation__s09__r0__a0.25__paired completed stationary_feasible 0.59
power_v2 989 / 1152 visual_cognitive_motivation__s09__r1__a0__Hb_only completed stationary_feasible 0.65
power_v2 990 / 1152 visual_cognitive_motivation__s09__r0__a0.25__wrong_pair completed stationary_feasible 0.58
power_v2 991 / 1152 visual_cognitive_motivation__s09__r1__a0.25__paired completed stationary_feasible 0.65
power_v2 992 / 1152 visual_cognitive_motivation__s09__r0__a0.25__Hb_only completed stationary_feasible 0.57
power_v2 993 / 1152 visual_cognitive_motivation__s09__r1__a0.25__wrong_pair completed stationary_feasible 0.65
power_v2 994 / 1152 visual_cognitive_motivation__s09__r1__a0.25__Hb_only completed stationary_feasible 0.64
power_v2 995 / 1152 visual_cognitive_motivation__s09__r0__a0.5__Hb_only completed stationary_feasible 0.55
power_v2 996 / 1152 visual_cognitive_motivation__s09__r0__a0.5__paired completed stationary_feasible 0.68
power_v2 997 / 1152 visual_cognitive_motivation__s08__r0__a1__wrong_pair completed stationary_feasible 1.16
power_v2 998 / 1152 visual_cognitive_motivation__s09__r1__a0.5__paired completed stationary_feasible 0.66
power_v2 999 / 1152 visual_cognitive_motivation__s09__r0__a0.5__wrong_pair completed stationary_feasible 0.66
power_v2 1000 / 1152 visual_cognitive_motivation__s09__r1__a0.5__wrong_pair completed stationary_feasible 0.68
power_v2 1001 / 1152 visual_cognitive_motivation__s09__r0__a1__Hb_only completed stationary_feasible 0.55
power_v2 1002 / 1152 visual_cognitive_motivation__s08__r1__a1__wrong_pair completed stationary_feasible 1.22
power_v2 1003 / 1152 visual_cognitive_motivation__s09__r1__a0.5__Hb_only completed stationary_feasible 0.67
power_v2 1004 / 1152 visual_cognitive_motivation__s09__r0__a1__paired completed stationary_feasible 0.67
power_v2 1005 / 1152 visual_cognitive_motivation__s09__r1__a1__Hb_only completed stationary_feasible 0.64
power_v2 1006 / 1152 visual_cognitive_motivation__s09__r1__a1__wrong_pair completed stationary_feasible 0.68
power_v2 1007 / 1152 visual_cognitive_motivation__s09__r1__a1__paired completed stationary_feasible 0.77
power_v2 1008 / 1152 visual_cognitive_motivation__s10__r1__a0__Hb_only completed stationary_feasible 0.56
power_v2 1009 / 1152 visual_cognitive_motivation__s10__r1__a0__wrong_pair completed stationary_feasible 0.66
power_v2 1010 / 1152 visual_cognitive_motivation__s10__r1__a0__paired completed stationary_feasible 0.74
power_v2 1011 / 1152 visual_cognitive_motivation__s09__r0__a1__wrong_pair completed stationary_feasible 0.95
power_v2 1012 / 1152 visual_cognitive_motivation__s10__r0__a0__paired completed stationary_feasible 0.88
power_v2 1013 / 1152 visual_cognitive_motivation__s10__r1__a0.25__wrong_pair completed stationary_feasible 0.68
power_v2 1014 / 1152 visual_cognitive_motivation__s10__r1__a0.25__paired completed stationary_feasible 0.77
power_v2 1015 / 1152 visual_cognitive_motivation__s10__r1__a0.25__Hb_only completed stationary_feasible 0.58
power_v2 1016 / 1152 visual_cognitive_motivation__s10__r0__a0__wrong_pair completed stationary_feasible 0.92
power_v2 1017 / 1152 visual_cognitive_motivation__s10__r0__a0.25__wrong_pair completed stationary_feasible 0.81
power_v2 1018 / 1152 visual_cognitive_motivation__s10__r1__a0.5__Hb_only completed stationary_feasible 0.58
power_v2 1019 / 1152 visual_cognitive_motivation__s10__r0__a0.25__paired completed stationary_feasible 0.89
power_v2 1020 / 1152 visual_cognitive_motivation__s10__r0__a0__Hb_only completed stationary_feasible 1.01
power_v2 1021 / 1152 visual_cognitive_motivation__s10__r1__a0.5__paired completed stationary_feasible 0.78
power_v2 1022 / 1152 visual_cognitive_motivation__s10__r1__a0.5__wrong_pair completed stationary_feasible 0.77
power_v2 1023 / 1152 visual_cognitive_motivation__s10__r1__a1__Hb_only completed stationary_feasible 0.57
power_v2 1024 / 1152 visual_cognitive_motivation__s10__r0__a0.5__paired completed stationary_feasible 0.87
power_v2 1025 / 1152 visual_cognitive_motivation__s10__r1__a1__paired completed stationary_feasible 0.77
power_v2 1026 / 1152 visual_cognitive_motivation__s10__r0__a0.5__wrong_pair completed stationary_feasible 0.9
power_v2 1027 / 1152 visual_cognitive_motivation__s10__r0__a0.25__Hb_only completed stationary_feasible 0.98
power_v2 1028 / 1152 visual_cognitive_motivation__s10__r1__a1__wrong_pair completed stationary_feasible 0.77
power_v2 1029 / 1152 visual_cognitive_motivation__s10__r0__a0.5__Hb_only completed stationary_feasible 0.97
power_v2 1030 / 1152 visual_cognitive_motivation__s10__r0__a1__paired completed stationary_feasible 0.96
power_v2 1031 / 1152 visual_cognitive_motivation__s11__r0__a0__paired completed stationary_feasible 0.75
power_v2 1032 / 1152 visual_cognitive_motivation__s11__r0__a0__Hb_only completed stationary_feasible 0.56
power_v2 1033 / 1152 visual_cognitive_motivation__s10__r0__a1__wrong_pair completed stationary_feasible 0.9
power_v2 1034 / 1152 visual_cognitive_motivation__s11__r0__a0__wrong_pair completed stationary_feasible 0.76
power_v2 1035 / 1152 visual_cognitive_motivation__s11__r0__a0.25__Hb_only completed stationary_feasible 0.63
power_v2 1036 / 1152 visual_cognitive_motivation__s10__r0__a1__Hb_only completed stationary_feasible 1.04
power_v2 1037 / 1152 visual_cognitive_motivation__s11__r0__a0.25__paired completed stationary_feasible 0.77
power_v2 1038 / 1152 visual_cognitive_motivation__s11__r1__a0__paired completed stationary_feasible 0.94
power_v2 1039 / 1152 visual_cognitive_motivation__s11__r1__a0__wrong_pair completed stationary_feasible 0.88
power_v2 1040 / 1152 visual_cognitive_motivation__s11__r0__a0.25__wrong_pair completed stationary_feasible 0.73
power_v2 1041 / 1152 visual_cognitive_motivation__s11__r0__a0.5__paired completed stationary_feasible 0.69
power_v2 1042 / 1152 visual_cognitive_motivation__s11__r1__a0__Hb_only completed stationary_feasible 0.95
power_v2 1043 / 1152 visual_cognitive_motivation__s11__r1__a0.25__paired completed stationary_feasible 0.94
power_v2 1044 / 1152 visual_cognitive_motivation__s11__r0__a0.5__Hb_only completed stationary_feasible 0.67
power_v2 1045 / 1152 visual_cognitive_motivation__s11__r1__a0.25__Hb_only completed stationary_feasible 0.93
power_v2 1046 / 1152 visual_cognitive_motivation__s11__r1__a0.25__wrong_pair completed stationary_feasible 1.05
power_v2 1047 / 1152 visual_cognitive_motivation__s11__r0__a0.5__wrong_pair completed stationary_feasible 0.86
power_v2 1048 / 1152 visual_cognitive_motivation__s11__r0__a1__paired completed stationary_feasible 0.82
power_v2 1049 / 1152 visual_cognitive_motivation__s11__r1__a0.5__paired completed stationary_feasible 0.95
power_v2 1050 / 1152 visual_cognitive_motivation__s12__r0__a0__paired completed stationary_feasible 0.71
power_v2 1051 / 1152 visual_cognitive_motivation__s11__r1__a0.5__Hb_only completed stationary_feasible 0.89
power_v2 1052 / 1152 visual_cognitive_motivation__s11__r0__a1__Hb_only completed stationary_feasible 0.75
power_v2 1053 / 1152 visual_cognitive_motivation__s12__r0__a0__Hb_only completed stationary_feasible 0.55
power_v2 1054 / 1152 visual_cognitive_motivation__s11__r1__a1__paired completed stationary_feasible 0.94
power_v2 1055 / 1152 visual_cognitive_motivation__s11__r1__a0.5__wrong_pair completed stationary_feasible 1.08
power_v2 1056 / 1152 visual_cognitive_motivation__s11__r1__a1__Hb_only completed stationary_feasible 0.92
power_v2 1057 / 1152 visual_cognitive_motivation__s12__r0__a0__wrong_pair completed stationary_feasible 0.73
power_v2 1058 / 1152 visual_cognitive_motivation__s12__r1__a0__Hb_only completed stationary_feasible 0.72
power_v2 1059 / 1152 visual_cognitive_motivation__s12__r1__a0__paired completed stationary_feasible 0.87
power_v2 1060 / 1152 visual_cognitive_motivation__s12__r0__a0.25__paired completed stationary_feasible 0.75
power_v2 1061 / 1152 visual_cognitive_motivation__s12__r1__a0__wrong_pair completed stationary_feasible 0.83
power_v2 1062 / 1152 visual_cognitive_motivation__s12__r0__a0.25__Hb_only completed stationary_feasible 0.65
power_v2 1063 / 1152 visual_cognitive_motivation__s12__r1__a0.25__paired completed stationary_feasible 0.84
power_v2 1064 / 1152 visual_cognitive_motivation__s12__r0__a0.25__wrong_pair completed stationary_feasible 0.76
power_v2 1065 / 1152 visual_cognitive_motivation__s12__r1__a0.25__Hb_only completed stationary_feasible 0.73
power_v2 1066 / 1152 visual_cognitive_motivation__s12__r1__a0.25__wrong_pair completed stationary_feasible 0.87
power_v2 1067 / 1152 visual_cognitive_motivation__s12__r0__a0.5__paired completed stationary_feasible 0.74
power_v2 1068 / 1152 visual_cognitive_motivation__s12__r0__a0.5__Hb_only completed stationary_feasible 0.64
power_v2 1069 / 1152 visual_cognitive_motivation__s12__r1__a0.5__paired completed stationary_feasible 0.75
power_v2 1070 / 1152 visual_cognitive_motivation__s12__r0__a0.5__wrong_pair completed stationary_feasible 0.75
power_v2 1071 / 1152 visual_cognitive_motivation__s12__r0__a1__paired completed stationary_feasible 0.67
power_v2 1072 / 1152 visual_cognitive_motivation__s13__r0__a0__Hb_only completed stationary_feasible 0.37
power_v2 1073 / 1152 visual_cognitive_motivation__s13__r1__a0__Hb_only completed stationary_feasible 0.36
power_v2 1074 / 1152 visual_cognitive_motivation__s12__r1__a0.5__Hb_only completed stationary_feasible 0.73
power_v2 1075 / 1152 visual_cognitive_motivation__s12__r1__a1__paired completed stationary_feasible 0.74
power_v2 1076 / 1152 visual_cognitive_motivation__s13__r1__a0__paired completed stationary_feasible 0.55
power_v2 1077 / 1152 visual_cognitive_motivation__s11__r1__a1__wrong_pair completed stationary_feasible 1.54
power_v2 1078 / 1152 visual_cognitive_motivation__s13__r0__a0__wrong_pair completed stationary_feasible 0.55
power_v2 1079 / 1152 visual_cognitive_motivation__s13__r1__a0__wrong_pair completed stationary_feasible 0.55
power_v2 1080 / 1152 visual_cognitive_motivation__s13__r0__a0__paired completed stationary_feasible 0.64
power_v2 1081 / 1152 visual_cognitive_motivation__s12__r1__a0.5__wrong_pair completed stationary_feasible 0.92
power_v2 1082 / 1152 visual_cognitive_motivation__s12__r0__a1__Hb_only completed stationary_feasible 0.74
power_v2 1083 / 1152 visual_cognitive_motivation__s12__r1__a1__Hb_only completed stationary_feasible 0.73
power_v2 1084 / 1152 visual_cognitive_motivation__s13__r0__a0.25__Hb_only completed stationary_feasible 0.39
power_v2 1085 / 1152 visual_cognitive_motivation__s11__r0__a1__wrong_pair completed stationary_feasible 1.7
power_v2 1086 / 1152 visual_cognitive_motivation__s13__r0__a0.25__paired completed stationary_feasible 0.57
power_v2 1087 / 1152 visual_cognitive_motivation__s13__r1__a0.25__Hb_only completed stationary_feasible 0.39
power_v2 1088 / 1152 visual_cognitive_motivation__s13__r1__a0.25__paired completed stationary_feasible 0.57
power_v2 1089 / 1152 visual_cognitive_motivation__s12__r1__a1__wrong_pair completed stationary_feasible 0.92
power_v2 1090 / 1152 visual_cognitive_motivation__s13__r0__a0.25__wrong_pair completed stationary_feasible 0.57
power_v2 1091 / 1152 visual_cognitive_motivation__s13__r0__a0.5__Hb_only completed stationary_feasible 0.39
power_v2 1092 / 1152 visual_cognitive_motivation__s13__r1__a0.5__Hb_only completed stationary_feasible 0.41
power_v2 1093 / 1152 visual_cognitive_motivation__s12__r0__a1__wrong_pair completed stationary_feasible 1.1
power_v2 1094 / 1152 visual_cognitive_motivation__s13__r0__a0.5__paired completed stationary_feasible 0.58
power_v2 1095 / 1152 visual_cognitive_motivation__s13__r1__a0.5__paired completed stationary_feasible 0.59
power_v2 1096 / 1152 visual_cognitive_motivation__s13__r0__a1__paired completed stationary_feasible 0.49
power_v2 1097 / 1152 visual_cognitive_motivation__s13__r0__a1__Hb_only completed stationary_feasible 0.47
power_v2 1098 / 1152 visual_cognitive_motivation__s13__r1__a1__Hb_only completed stationary_feasible 0.47
power_v2 1099 / 1152 visual_cognitive_motivation__s13__r1__a0.25__wrong_pair completed stationary_feasible 0.78
power_v2 1100 / 1152 visual_cognitive_motivation__s13__r0__a0.5__wrong_pair completed stationary_feasible 0.74
power_v2 1101 / 1152 visual_cognitive_motivation__s13__r1__a0.5__wrong_pair completed stationary_feasible 0.76
power_v2 1102 / 1152 visual_cognitive_motivation__s13__r0__a1__wrong_pair completed stationary_feasible 0.67
power_v2 1103 / 1152 visual_cognitive_motivation__s13__r1__a1__paired completed stationary_feasible 0.68
power_v2 1104 / 1152 visual_cognitive_motivation__s14__r1__a0__Hb_only completed stationary_feasible 0.54
power_v2 1105 / 1152 visual_cognitive_motivation__s14__r0__a0__Hb_only completed stationary_feasible 0.71
power_v2 1106 / 1152 visual_cognitive_motivation__s14__r1__a0.25__Hb_only completed stationary_feasible 0.56
power_v2 1107 / 1152 visual_cognitive_motivation__s13__r1__a1__wrong_pair completed stationary_feasible 0.91
power_v2 1108 / 1152 visual_cognitive_motivation__s14__r0__a0__paired completed stationary_feasible 0.89
power_v2 1109 / 1152 visual_cognitive_motivation__s14__r1__a0__paired completed stationary_feasible 0.9
power_v2 1110 / 1152 visual_cognitive_motivation__s14__r0__a0.25__Hb_only completed stationary_feasible 0.74
power_v2 1111 / 1152 visual_cognitive_motivation__s14__r1__a0__wrong_pair completed stationary_feasible 0.92
power_v2 1112 / 1152 visual_cognitive_motivation__s14__r1__a0.5__Hb_only completed stationary_feasible 0.55
power_v2 1113 / 1152 visual_cognitive_motivation__s14__r0__a0.25__paired completed stationary_feasible 0.93
power_v2 1114 / 1152 visual_cognitive_motivation__s14__r1__a0.25__paired completed stationary_feasible 0.95
power_v2 1115 / 1152 visual_cognitive_motivation__s14__r1__a0.25__wrong_pair completed stationary_feasible 0.93
power_v2 1116 / 1152 visual_cognitive_motivation__s14__r0__a0.5__Hb_only completed stationary_feasible 0.72
power_v2 1117 / 1152 visual_cognitive_motivation__s14__r0__a0__wrong_pair completed stationary_feasible 1.1
power_v2 1118 / 1152 visual_cognitive_motivation__s14__r1__a1__Hb_only completed stationary_feasible 0.55
power_v2 1119 / 1152 visual_cognitive_motivation__s14__r0__a0.25__wrong_pair completed stationary_feasible 1.03
power_v2 1120 / 1152 visual_cognitive_motivation__s14__r0__a0.5__paired completed stationary_feasible 0.92
power_v2 1121 / 1152 visual_cognitive_motivation__s14__r1__a0.5__paired completed stationary_feasible 0.94
power_v2 1122 / 1152 visual_cognitive_motivation__s14__r1__a0.5__wrong_pair completed stationary_feasible 0.94
power_v2 1123 / 1152 visual_cognitive_motivation__s15__r0__a0__paired completed stationary_feasible 0.55
power_v2 1124 / 1152 visual_cognitive_motivation__s14__r0__a1__Hb_only completed stationary_feasible 0.74
power_v2 1125 / 1152 visual_cognitive_motivation__s15__r0__a0__Hb_only completed stationary_feasible 0.45
power_v2 1126 / 1152 visual_cognitive_motivation__s14__r0__a0.5__wrong_pair completed stationary_feasible 1.01
power_v2 1127 / 1152 visual_cognitive_motivation__s14__r0__a1__paired completed stationary_feasible 0.94
power_v2 1128 / 1152 visual_cognitive_motivation__s14__r1__a1__paired completed stationary_feasible 0.91
power_v2 1129 / 1152 visual_cognitive_motivation__s15__r0__a0.25__paired completed stationary_feasible 0.48
power_v2 1130 / 1152 visual_cognitive_motivation__s15__r0__a0__wrong_pair completed stationary_feasible 0.64
power_v2 1131 / 1152 visual_cognitive_motivation__s14__r0__a1__wrong_pair completed stationary_feasible 1.01
power_v2 1132 / 1152 visual_cognitive_motivation__s15__r0__a0.25__Hb_only completed stationary_feasible 0.47
power_v2 1133 / 1152 visual_cognitive_motivation__s14__r1__a1__wrong_pair completed stationary_feasible 1.01
power_v2 1134 / 1152 visual_cognitive_motivation__s15__r1__a0__paired completed stationary_feasible 0.8
power_v2 1135 / 1152 visual_cognitive_motivation__s15__r1__a0__wrong_pair completed stationary_feasible 0.8
power_v2 1136 / 1152 visual_cognitive_motivation__s15__r0__a0.25__wrong_pair completed stationary_feasible 0.64
power_v2 1137 / 1152 visual_cognitive_motivation__s15__r0__a0.5__wrong_pair completed stationary_feasible 0.54
power_v2 1138 / 1152 visual_cognitive_motivation__s15__r0__a0.5__Hb_only completed stationary_feasible 0.45
power_v2 1139 / 1152 visual_cognitive_motivation__s15__r1__a0__Hb_only completed stationary_feasible 0.77
power_v2 1140 / 1152 visual_cognitive_motivation__s15__r0__a0.5__paired completed stationary_feasible 0.6
power_v2 1141 / 1152 visual_cognitive_motivation__s15__r1__a0.25__paired completed stationary_feasible 0.81
power_v2 1142 / 1152 visual_cognitive_motivation__s15__r1__a0.25__wrong_pair completed stationary_feasible 0.79
power_v2 1143 / 1152 visual_cognitive_motivation__s15__r0__a1__paired completed stationary_feasible 0.56
power_v2 1144 / 1152 visual_cognitive_motivation__s15__r0__a1__Hb_only completed stationary_feasible 0.48
power_v2 1145 / 1152 visual_cognitive_motivation__s15__r1__a0.25__Hb_only completed stationary_feasible 0.78
power_v2 1146 / 1152 visual_cognitive_motivation__s15__r1__a0.5__wrong_pair completed stationary_feasible 0.76
power_v2 1147 / 1152 visual_cognitive_motivation__s15__r1__a0.5__paired completed stationary_feasible 0.81
power_v2 1148 / 1152 visual_cognitive_motivation__s15__r1__a1__paired completed stationary_feasible 0.67
power_v2 1149 / 1152 visual_cognitive_motivation__s15__r1__a0.5__Hb_only completed stationary_feasible 0.73
power_v2 1150 / 1152 visual_cognitive_motivation__s15__r1__a1__wrong_pair completed stationary_feasible 0.81
power_v2 1151 / 1152 visual_cognitive_motivation__s15__r1__a1__Hb_only completed stationary_feasible 0.75
power_v2 1152 / 1152 visual_cognitive_motivation__s15__r0__a1__wrong_pair completed stationary_feasible 1.01
{"schema": "ssm_output_power_calibration_v2", "status": "completed", "planned": 1152, "terminal": 1152, "task_failures": 0, "converged": 1152, "numerical_failures": 0, "parent_run": "experiments/runs/physiology_semantic_tokenizer/ssm_output_support/20261010_v1", "completed_at": "2026-10-10T12:13:41.129501+00:00", "background_moment_verification": "pass", "interpretation": "sensitivity_calibration_not_a_precise_population_power_estimate"}
