dataset,subject,arm,objective,output,mode,key,offset,converged,status,constraint_error,scaled_gradient,reference_objective,objective_fraction,output_rms_change,SSM_Hb_rms_change,component_rms_change,total_prediction_rms_change,evaluations,acceptable_witness
eeg_fnirs_single_trial,subject_01,free,63.39229375901416,SSM_Hb,full,eeg_fnirs_single_trial__subject_01__prefrontal__r0__free__data__SSM_Hb__full,-0.25,True,stationary_feasible,-1.265898497138096e-10,8.192060212569104e-06,63.33880982427407,0.000844410163191745,0.250715724435344,0.250715724435344,0.24959285274829598,0.008338507872357815,49,True
eeg_fnirs_single_trial,subject_01,free,63.55340625849076,SSM_Hb,full,eeg_fnirs_single_trial__subject_01__prefrontal__r0__free__data__SSM_Hb__full,-0.5,True,stationary_feasible,-1.7638690508192667e-10,9.051396779720596e-06,63.33880982427407,0.0033880717811411326,0.5012342694576193,0.5012342694576193,0.49897974536820205,0.016587896452762443,41,True
eeg_fnirs_single_trial,subject_01,free,63.39155558733151,SSM_Hb,full,eeg_fnirs_single_trial__subject_01__prefrontal__r0__free__data__SSM_Hb__full,0.25,True,stationary_feasible,-1.0290412966185158e-10,8.506089687911757e-06,63.33880982427407,0.0008327558285950476,0.2510463502473564,0.2510463502473564,0.24994466856492067,0.008526361188071922,73,True
eeg_fnirs_single_trial,subject_01,free,63.54622019154427,SSM_Hb,full,eeg_fnirs_single_trial__subject_01__prefrontal__r0__free__data__SSM_Hb__full,0.5,True,stationary_feasible,-1.1744893946286084e-10,9.645770602879828e-06,63.33880982427407,0.00327461737670213,0.5026874479690547,0.5026874479690547,0.5005253676676709,0.017556167750585917,97,True
eeg_fnirs_single_trial,subject_01,free,63.358373049182354,T,full,eeg_fnirs_single_trial__subject_01__prefrontal__r0__free__data__T__full,-0.25,True,stationary_feasible,-1.642468383522555e-10,9.549500779402122e-06,63.33880982427407,0.0003088663169162448,0.25073065809177686,0.15181596886469437,0.15113532504805124,0.005063318355766309,47,True
eeg_fnirs_single_trial,subject_01,free,63.41730820256247,T,full,eeg_fnirs_single_trial__subject_01__prefrontal__r0__free__data__T__full,-0.5,True,stationary_feasible,-1.2628431633743276e-10,8.03672397741517e-06,63.33880982427407,0.0012393409113019087,0.5013249722338434,0.3035505667091172,0.3021845288024637,0.010084941574760461,43,True
eeg_fnirs_single_trial,subject_01,free,63.358238383601105,T,full,eeg_fnirs_single_trial__subject_01__prefrontal__r0__free__data__T__full,0.25,True,stationary_feasible,-1.1650280740127528e-10,8.597386082404808e-06,63.33880982427407,0.000306740202112014,0.25090783759494534,0.1519208278014189,0.1512475643370448,0.005126949409652059,61,True
eeg_fnirs_single_trial,subject_01,free,63.415906170127144,T,full,eeg_fnirs_single_trial__subject_01__prefrontal__r0__free__data__T__full,0.5,True,stationary_feasible,-1.3648460139847884e-10,9.575916288738895e-06,63.33880982427407,0.0012172054711316195,0.5020982830637548,0.3040091548193646,0.30267546817296226,0.01037753383014684,71,True
eeg_fnirs_single_trial,subject_01,free,73.5554444963724,X,full,eeg_fnirs_single_trial__subject_01__prefrontal__r0__free__data__X__full,-0.25,True,stationary_feasible,3.603040088506759e-11,9.262529257012994e-06,63.33880982427407,0.16130133642301073,0.25040508164800424,0.2754531151659421,0.18280413996089936,0.20627582563842112,97,False
eeg_fnirs_single_trial,subject_01,free,104.22433455073954,X,full,eeg_fnirs_single_trial__subject_01__prefrontal__r0__free__data__X__full,-0.5,True,stationary_feasible,4.0840109072348696e-11,9.044942541994698e-06,63.33880982427407,0.6455050993205816,0.5009265581550245,0.5538333981923925,0.3697542597974441,0.4127116289670404,109,False
eeg_fnirs_single_trial,subject_01,free,73.55275623314435,X,full,eeg_fnirs_single_trial__subject_01__prefrontal__r0__free__data__X__full,0.25,True,stationary_feasible,1.471028073657399e-11,8.307501204334565e-06,63.33880982427407,0.16125889383156466,0.25026053103694007,0.2676815247451378,0.17109708811929328,0.2060985209030787,57,False
eeg_fnirs_single_trial,subject_01,free,104.19571642592517,X,full,eeg_fnirs_single_trial__subject_01__prefrontal__r0__free__data__X__full,0.5,True,stationary_feasible,9.59704538061601e-12,9.162554261074394e-06,63.33880982427407,0.645053273261744,0.5004393074990063,0.5334110145512456,0.33927060689682986,0.4120955958667094,39,False
eeg_fnirs_single_trial,subject_01,free,63.34232320588631,volume,full,eeg_fnirs_single_trial__subject_01__prefrontal__r0__free__data__volume__full,-0.25,True,stationary_feasible,-2.0605739337042905e-13,5.248625068428902e-06,63.33880982427407,5.5469649997912096e-05,0.250926863331832,0.026556486169460398,0.026392419183306207,0.0029107838241435873,15,True
eeg_fnirs_single_trial,subject_01,free,63.353670960925136,volume,full,eeg_fnirs_single_trial__subject_01__prefrontal__r0__free__data__volume__full,-0.5,True,stationary_feasible,-3.481659405224491e-13,7.234813553715972e-06,63.33880982427407,0.00023462923746584487,0.501913574980766,0.05278510591133857,0.05244360156998158,0.00591427272995946,15,True
eeg_fnirs_single_trial,subject_01,free,63.342027872151256,volume,full,eeg_fnirs_single_trial__subject_01__prefrontal__r0__free__data__volume__full,0.25,True,stationary_feasible,-4.476419235288631e-13,9.781605998487986e-06,63.33880982427407,5.080688895341706e-05,0.25086731406094526,0.026921003389995164,0.026768784761326308,0.002826207155149581,13,True
eeg_fnirs_single_trial,subject_01,free,63.351023863539325,volume,full,eeg_fnirs_single_trial__subject_01__prefrontal__r0__free__data__volume__full,0.5,True,stationary_feasible,-1.7763568394002505e-13,6.899249428111206e-06,63.33880982427407,0.0001928365768024208,0.5016856080594132,0.05429590407149714,0.054001755670468374,0.005577619199319944,13,True
eeg_fnirs_single_trial,subject_01,free,63.34480092757963,p_minus_v,full,eeg_fnirs_single_trial__subject_01__prefrontal__r0__free__data__p_minus_v__full,-0.25,True,stationary_feasible,-1.574740338128322e-12,9.9548011899447e-06,63.33880982427407,9.458818885570771e-05,0.2500207306581546,0.07951162139248177,0.07991582945365255,0.0029844702154512696,49,True
eeg_fnirs_single_trial,subject_01,free,63.36283007033812,p_minus_v,full,eeg_fnirs_single_trial__subject_01__prefrontal__r0__free__data__p_minus_v__full,-0.5,True,stationary_feasible,-1.1550760348200129e-12,8.91554976343072e-06,63.33880982427407,0.0003792342503859609,0.5000363736222398,0.15959192677033185,0.1604054867605969,0.005990827606517693,53,True
eeg_fnirs_single_trial,subject_01,free,63.34473573791987,p_minus_v,full,eeg_fnirs_single_trial__subject_01__prefrontal__r0__free__data__p_minus_v__full,0.25,True,stationary_feasible,-1.8385293287792592e-12,9.732197516677184e-06,63.33880982427407,9.355896743619734e-05,0.2500271325602187,0.07901103523028434,0.07940733880875121,0.002970722959897347,45,True
eeg_fnirs_single_trial,subject_01,free,63.3624635396079,p_minus_v,full,eeg_fnirs_single_trial__subject_01__prefrontal__r0__free__data__p_minus_v__full,0.5,True,stationary_feasible,-1.737276988933445e-12,9.318122681660449e-06,63.33880982427407,0.000373447423458909,0.5000601891086284,0.15754473895604137,0.15833125128456413,0.005926406718802927,43,True
eeg_fnirs_single_trial,subject_01,free,63.341347911511605,flow,full,eeg_fnirs_single_trial__subject_01__prefrontal__r0__free__data__flow__full,-0.25,True,stationary_feasible,8.668621376273222e-13,3.936706755010999e-06,63.33880982427407,4.0071596617837575e-05,0.2513338888158393,0.022023234263525097,0.021876726685979217,0.002490175174735637,15,True
eeg_fnirs_single_trial,subject_01,free,63.34955249969815,flow,full,eeg_fnirs_single_trial__subject_01__prefrontal__r0__free__data__flow__full,-0.5,True,stationary_feasible,1.2789769243681803e-12,5.242988550203337e-06,63.33880982427407,0.00016960652487598864,0.5026683307428809,0.04389845805933743,0.04359393615064916,0.005068819851048623,15,True
eeg_fnirs_single_trial,subject_01,free,63.341140860624435,flow,full,eeg_fnirs_single_trial__subject_01__prefrontal__r0__free__data__flow__full,0.25,True,stationary_feasible,6.323830348264892e-12,8.455601093341046e-06,63.33880982427407,3.6802654751956365e-05,0.25132015473840225,0.02216519117902472,0.022028865455559616,0.002408700210765844,13,True
eeg_fnirs_single_trial,subject_01,free,63.34765444090441,flow,full,eeg_fnirs_single_trial__subject_01__prefrontal__r0__free__data__flow__full,0.5,True,stationary_feasible,4.362732397567015e-12,6.30195030474544e-06,63.33880982427407,0.0001396397667539464,0.5026280073283502,0.04454617252079134,0.04428263943655784,0.0047441289780913295,13,True
eeg_fnirs_single_trial,subject_01,free,63.544072695294275,driver,full,eeg_fnirs_single_trial__subject_01__prefrontal__r0__free__data__driver__full,-0.25,True,stationary_feasible,3.552713678800501e-15,5.393526993128599e-06,63.33880982427407,0.0032407124729637343,0.25059093209335176,0.17060850520529083,0.1692280286094383,0.021388405541821188,21,True
eeg_fnirs_single_trial,subject_01,free,64.57750729112195,driver,full,eeg_fnirs_single_trial__subject_01__prefrontal__r0__free__data__driver__full,-0.5,True,stationary_feasible,1.7763568394002505e-15,5.207355973582361e-06,63.33880982427407,0.0195566899707224,0.500811168594557,0.3520045902934697,0.34854324400492,0.048864166411725196,23,True
eeg_fnirs_single_trial,subject_01,free,63.43574482957055,driver,full,eeg_fnirs_single_trial__subject_01__prefrontal__r0__free__data__driver__full,0.25,True,stationary_feasible,3.552713678800501e-15,8.824197596271423e-06,63.33880982427407,0.0015304203783654043,0.2508937440535006,0.17453591892605547,0.17370586609147592,0.01666248833332408,13,True
eeg_fnirs_single_trial,subject_01,free,63.627392613222945,driver,full,eeg_fnirs_single_trial__subject_01__prefrontal__r0__free__data__driver__full,0.5,True,stationary_feasible,1.7763568394002505e-15,9.278934281607806e-06,63.33880982427407,0.00455617637510889,0.5018507625468676,0.35047060038461547,0.34898577837245337,0.030772578196396734,11,True
eeg_fnirs_single_trial,subject_01,free,73.24255782300501,SSM_Hb,full,eeg_fnirs_single_trial__subject_01__prefrontal__r0__free__total__SSM_Hb__full,-0.25,True,stationary_feasible,-8.291223263512393e-11,8.628723825913233e-06,72.50009766762048,0.010240815933633254,0.25000038356963417,0.25000038356963417,0.2333360178874468,0.01763220502984163,9,True
eeg_fnirs_single_trial,subject_01,free,75.4480818591206,SSM_Hb,full,eeg_fnirs_single_trial__subject_01__prefrontal__r0__free__total__SSM_Hb__full,-0.5,True,stationary_feasible,-2.7000623958883807e-13,1.6098144150469814e-07,72.50009766762048,0.04066179614012762,0.5000012144837898,0.5000012144837898,0.4666942696060352,0.03525035907660459,11,True
eeg_fnirs_single_trial,subject_01,free,73.25295954721628,SSM_Hb,full,eeg_fnirs_single_trial__subject_01__prefrontal__r0__free__total__SSM_Hb__full,0.25,True,stationary_feasible,1.3147816169123416e-13,5.997057044325605e-07,72.50009766762048,0.010384287798443014,0.2500001542674314,0.2500001542674314,0.2333225557659879,0.017649519774136337,9,True
eeg_fnirs_single_trial,subject_01,free,75.5310062417821,SSM_Hb,full,eeg_fnirs_single_trial__subject_01__prefrontal__r0__free__total__SSM_Hb__full,0.5,True,stationary_feasible,-3.1359224245131045e-11,4.240995950587623e-06,72.50009766762048,0.04180557918772652,0.5000004024500633,0.5000004024500633,0.4666404956533959,0.03531988754520165,9,True
eeg_fnirs_single_trial,subject_01,free,72.77226808120054,T,full,eeg_fnirs_single_trial__subject_01__prefrontal__r0__free__total__T__full,-0.25,True,stationary_feasible,-7.477662933297324e-11,4.084990257564482e-06,72.50009766762048,0.0037540696128139346,0.25000010689919083,0.1509910061857497,0.14080559125650322,0.010854299019459375,9,True
eeg_fnirs_single_trial,subject_01,free,73.58413432664872,T,full,eeg_fnirs_single_trial__subject_01__prefrontal__r0__free__total__T__full,-0.5,True,stationary_feasible,-2.056986359022517e-09,9.114088728199527e-06,72.50009766762048,0.0149522096369863,0.5000002741961737,0.3019990124762048,0.28163750054332726,0.02169207080764504,7,True
eeg_fnirs_single_trial,subject_01,free,72.77451231792348,T,full,eeg_fnirs_single_trial__subject_01__prefrontal__r0__free__total__T__full,0.25,True,stationary_feasible,-5.5146998079180776e-12,1.1078341255793752e-06,72.50009766762048,0.003785024560395292,0.25000005759489674,0.15097439314225544,0.14078255984903765,0.01087100638521621,9,True
eeg_fnirs_single_trial,subject_01,free,73.60207955517416,T,full,eeg_fnirs_single_trial__subject_01__prefrontal__r0__free__total__T__full,0.5,True,stationary_feasible,-2.1168067299015547e-12,5.11247347520677e-07,72.50009766762048,0.015199729696996492,0.5000000917088016,0.3019324906389502,0.281544353799842,0.021759399988611136,9,True
eeg_fnirs_single_trial,subject_01,free,83.00848733696262,X,full,eeg_fnirs_single_trial__subject_01__prefrontal__r0__free__total__X__full,-0.25,True,stationary_feasible,-1.818134531816895e-11,4.390469023937483e-06,72.50009766762048,0.14494311052542658,0.25000126479490403,0.20743074044474066,0.022095216633170843,0.2060521392807775,9,False
eeg_fnirs_single_trial,subject_01,free,114.51183790291658,X,full,eeg_fnirs_single_trial__subject_01__prefrontal__r0__free__total__X__full,-0.5,True,stationary_feasible,-1.0742073897063165e-11,1.9597941222769395e-06,72.50009766762048,0.579471498478534,0.5000028515647289,0.4146092185531631,0.04225297439834665,0.4120680471379167,9,False
eeg_fnirs_single_trial,subject_01,free,83.01929667782844,X,full,eeg_fnirs_single_trial__subject_01__prefrontal__r0__free__total__X__full,0.25,True,stationary_feasible,-4.548947329929831e-11,9.962197684306738e-06,72.50009766762048,0.14509220468134584,0.2500014877217135,0.2077056547766022,0.02414112097083598,0.20608919163980696,9,False
eeg_fnirs_single_trial,subject_01,free,114.598061027432,X,full,eeg_fnirs_single_trial__subject_01__prefrontal__r0__free__total__X__full,0.5,True,stationary_feasible,-6.071254610162669e-13,9.757031955582996e-07,72.50009766762048,0.5806607813524786,0.500003878119227,0.41570204598994154,0.05037304890398786,0.412215060338001,11,False
eeg_fnirs_single_trial,subject_01,free,72.53179107692684,volume,full,eeg_fnirs_single_trial__subject_01__prefrontal__r0__free__total__volume__full,-0.25,True,stationary_feasible,-7.083056363654805e-12,2.0784415075869707e-06,72.50009766762048,0.0004371498842892078,0.2500010744044486,0.006718245720105219,0.006164693350888051,0.002061466743623691,7,True
eeg_fnirs_single_trial,subject_01,free,72.62696349769176,volume,full,eeg_fnirs_single_trial__subject_01__prefrontal__r0__free__total__volume__full,-0.5,True,stationary_feasible,-7.18081150097305e-12,2.0611894145075483e-06,72.50009766762048,0.0017498711609038491,0.500002747565594,0.013404865516268663,0.012298568281754603,0.004113099527063242,7,True
eeg_fnirs_single_trial,subject_01,free,72.53175669692423,volume,full,eeg_fnirs_single_trial__subject_01__prefrontal__r0__free__total__volume__full,0.25,True,stationary_feasible,-7.473910379474091e-12,2.6029913473448203e-06,72.50009766762048,0.0004366756779955743,0.25000103670388896,0.006747820170167912,0.006193347693824818,0.0020713850441148323,7,True
eeg_fnirs_single_trial,subject_01,free,72.62663789638296,volume,full,eeg_fnirs_single_trial__subject_01__prefrontal__r0__free__total__volume__full,0.5,True,stationary_feasible,-7.343015084870785e-12,2.621138278681741e-06,72.50009766762048,0.0017453801144187158,0.5000026005587864,0.01352329937533023,0.01241346784904028,0.004152687169745044,7,True
eeg_fnirs_single_trial,subject_01,free,72.5472089117478,p_minus_v,full,eeg_fnirs_single_trial__subject_01__prefrontal__r0__free__total__p_minus_v__full,-0.25,True,stationary_feasible,4.773959005888173e-15,4.435070220934037e-07,72.50009766762048,0.0006498093884411766,0.25000078530715164,0.0272849232323785,0.027977208691621073,0.009248570542718588,9,True
eeg_fnirs_single_trial,subject_01,free,72.68870357467466,p_minus_v,full,eeg_fnirs_single_trial__subject_01__prefrontal__r0__free__total__p_minus_v__full,-0.5,True,stationary_feasible,2.55351295663786e-15,5.12070844414116e-07,72.50009766762048,0.002601457282428129,0.500006308741033,0.054548648309661454,0.055931442636814155,0.01848412151490161,9,True
eeg_fnirs_single_trial,subject_01,free,72.54713454446869,p_minus_v,full,eeg_fnirs_single_trial__subject_01__prefrontal__r0__free__total__p_minus_v__full,0.25,True,stationary_feasible,3.3861802251067274e-15,3.528912988378474e-07,72.50009766762048,0.0006487836342490563,0.2500007918190703,0.02730759434998654,0.028001981573924938,0.009261682294421125,9,True
eeg_fnirs_single_trial,subject_01,free,72.6880967081266,p_minus_v,full,eeg_fnirs_single_trial__subject_01__prefrontal__r0__free__total__p_minus_v__full,0.5,True,stationary_feasible,-6.8833827526759706e-15,2.8845826210911444e-07,72.50009766762048,0.00259308672062764,0.5000063070819888,0.05463961324672483,0.05603094903529898,0.018536345200304574,9,True
eeg_fnirs_single_trial,subject_01,free,72.5032068149373,flow,full,eeg_fnirs_single_trial__subject_01__prefrontal__r0__free__total__flow__full,-0.25,True,stationary_feasible,5.382361223382759e-13,5.90245232397044e-07,72.50009766762048,4.2884732805110604e-05,0.25000112542168196,0.002372364799953754,0.00227445603775493,0.000665733280363837,7,True
eeg_fnirs_single_trial,subject_01,free,72.51256110086327,flow,full,eeg_fnirs_single_trial__subject_01__prefrontal__r0__free__total__flow__full,-0.5,True,stationary_feasible,5.255795798575491e-13,5.902615980679374e-07,72.50009766762048,0.0001719091924527478,0.5000022856839273,0.0047479216258828685,0.004552372776199592,0.0013314187693596396,7,True
eeg_fnirs_single_trial,subject_01,free,72.50319742564682,flow,full,eeg_fnirs_single_trial__subject_01__prefrontal__r0__free__total__flow__full,0.25,True,stationary_feasible,6.155076448521868e-13,5.926839235855799e-07,72.50009766762048,4.275522552463862e-05,0.2500011052362012,0.0023691115296832314,0.002270924759789149,0.0006657906286248414,7,True
eeg_fnirs_single_trial,subject_01,free,72.51247009724194,flow,full,eeg_fnirs_single_trial__subject_01__prefrontal__r0__free__total__flow__full,0.5,True,stationary_feasible,5.968558980384842e-13,5.926880064937123e-07,72.50009766762048,0.00017065397178065277,0.5000022016644764,0.004734530296911589,0.004537875917700269,0.0013316125281288306,7,True
eeg_fnirs_single_trial,subject_01,free,72.68948411277243,driver,full,eeg_fnirs_single_trial__subject_01__prefrontal__r0__free__total__driver__full,-0.25,True,stationary_feasible,2.7755575615628914e-17,4.567466729327952e-06,72.50009766762048,0.002612223310652668,0.25000171042566804,0.018377373645693442,0.01753747307110442,0.0054363017283054075,7,True
eeg_fnirs_single_trial,subject_01,free,73.2694874019169,driver,full,eeg_fnirs_single_trial__subject_01__prefrontal__r0__free__total__driver__full,-0.5,True,stationary_feasible,-8.326672684688674e-17,4.568093825980541e-06,72.50009766762048,0.01061225790099928,0.5000035186089083,0.03692214251602379,0.03525527176358408,0.0108674685025168,7,True
eeg_fnirs_single_trial,subject_01,free,72.68381844314588,driver,full,eeg_fnirs_single_trial__subject_01__prefrontal__r0__free__total__driver__full,0.25,True,stationary_feasible,0.0,4.690082038637239e-06,72.50009766762048,0.002534076248664883,0.2500016352272119,0.018197182569974116,0.01734407102408108,0.005440407603073613,7,True
eeg_fnirs_single_trial,subject_01,free,73.22401705348389,driver,full,eeg_fnirs_single_trial__subject_01__prefrontal__r0__free__total__driver__full,0.5,True,stationary_feasible,0.0,5.001966957642545e-06,72.50009766762048,0.009985081526127697,0.5000032140388941,0.03620478120935407,0.03448505349443851,0.010883849667383682,7,True
eeg_fnirs_single_trial,subject_01,chain_matched,71.6284578769858,SSM_Hb,full,eeg_fnirs_single_trial__subject_01__prefrontal__r0__chain_matched__data__SSM_Hb__full,-0.25,True,stationary_feasible,-3.3059643911315106e-10,8.887087560464318e-06,71.06207242449432,0.007970291790930957,0.250388177751314,0.250388177751314,0.2329066100732955,0.022657592716530464,79,True
eeg_fnirs_single_trial,subject_01,chain_matched,73.29604177481211,SSM_Hb,full,eeg_fnirs_single_trial__subject_01__prefrontal__r0__chain_matched__data__SSM_Hb__full,-0.5,True,stationary_feasible,-1.4754353294677003e-10,8.252741467032632e-06,71.06207242449432,0.03143687306180741,0.5012876366732598,0.5012876366732598,0.46917004873939105,0.04758828824869166,85,True
eeg_fnirs_single_trial,subject_01,chain_matched,71.62708854964832,SSM_Hb,full,eeg_fnirs_single_trial__subject_01__prefrontal__r0__chain_matched__data__SSM_Hb__full,0.25,True,stationary_feasible,-7.883541597308863e-10,8.387573174587314e-06,71.06207242449432,0.00795102233690623,0.25027229063177947,0.25027229063177947,0.23208175935629194,0.02211308032672083,63,True
eeg_fnirs_single_trial,subject_01,chain_matched,73.30210342099735,SSM_Hb,full,eeg_fnirs_single_trial__subject_01__prefrontal__r0__chain_matched__data__SSM_Hb__full,0.5,True,stationary_feasible,-9.134311640401904e-10,9.807951761552326e-06,71.06207242449432,0.031522173785223345,0.500630001451332,0.500630001451332,0.46444053138529473,0.04496224863280666,73,True
eeg_fnirs_single_trial,subject_01,chain_matched,71.27006212884436,T,full,eeg_fnirs_single_trial__subject_01__prefrontal__r0__chain_matched__data__T__full,-0.25,True,stationary_feasible,-8.912501847646581e-10,8.356539390717617e-06,71.06207242449432,0.002926873608577016,0.25009249712375464,0.15143203546468254,0.140503756275507,0.01359091065885793,69,True
eeg_fnirs_single_trial,subject_01,chain_matched,71.89108808344685,T,full,eeg_fnirs_single_trial__subject_01__prefrontal__r0__chain_matched__data__T__full,-0.5,True,stationary_feasible,-6.778675398777523e-10,8.927177332555767e-06,71.06207242449432,0.011666077707392834,0.5002517436812737,0.302940140681,0.28172076343318964,0.027835561632188713,77,True
eeg_fnirs_single_trial,subject_01,chain_matched,71.26984992161104,T,full,eeg_fnirs_single_trial__subject_01__prefrontal__r0__chain_matched__data__T__full,0.25,True,stationary_feasible,-2.2406509980754663e-09,9.44814953517539e-06,71.06207242449432,0.0029238873850392292,0.2500691623473378,0.1514314584764426,0.14026153269250025,0.013353546543518826,57,True
eeg_fnirs_single_trial,subject_01,chain_matched,71.89023787282726,T,full,eeg_fnirs_single_trial__subject_01__prefrontal__r0__chain_matched__data__T__full,0.5,True,stationary_feasible,-3.390846492479227e-09,9.845865334527605e-06,71.06207242449432,0.011654113369869571,0.5001389260032747,0.3029279539523293,0.2805670982171662,0.026765682527583975,57,True
eeg_fnirs_single_trial,subject_01,chain_matched,82.3935146903851,X,full,eeg_fnirs_single_trial__subject_01__prefrontal__r0__chain_matched__data__X__full,-0.25,True,stationary_feasible,-2.386705277857004e-10,9.586639958134406e-06,71.06207242449432,0.15945837039766605,0.2511622633610365,0.21014393993180236,0.03278451860894758,0.2078512854759406,209,False
eeg_fnirs_single_trial,subject_01,chain_matched,116.42610187435974,X,full,eeg_fnirs_single_trial__subject_01__prefrontal__r0__chain_matched__data__X__full,-0.5,True,stationary_feasible,-1.2308609687039507e-10,9.272692844352611e-06,71.06207242449432,0.6383718895626936,0.5014951259476919,0.4225441139829046,0.08195244270887997,0.4150557854716064,101,False
eeg_fnirs_single_trial,subject_01,chain_matched,82.54321083965326,X,full,eeg_fnirs_single_trial__subject_01__prefrontal__r0__chain_matched__data__X__full,0.25,True,stationary_feasible,-1.414653075237915e-09,9.574758988911012e-06,71.06207242449432,0.16156492519069168,0.25003870089793123,0.2102025842831876,0.05690092474569232,0.2066949450306589,27,False
eeg_fnirs_single_trial,subject_01,chain_matched,117.01280908964397,X,full,eeg_fnirs_single_trial__subject_01__prefrontal__r0__chain_matched__data__X__full,0.5,True,stationary_feasible,-1.4203443143845362e-08,2.134756205032787e-06,71.06207242449432,0.6466281533510544,0.5002367138502894,0.42217519002447984,0.1225886697985912,0.41361392033280425,28,False
eeg_fnirs_single_trial,subject_01,chain_matched,71.06246853029431,volume,full,eeg_fnirs_single_trial__subject_01__prefrontal__r0__chain_matched__data__volume__full,-0.25,True,stationary_feasible,-1.2121859072067309e-11,2.6664487180858467e-06,71.06207242449432,5.57408173556895e-06,0.25001016448674873,0.002195163364369826,0.0018082823044015576,0.001472322894372949,7,True
eeg_fnirs_single_trial,subject_01,chain_matched,71.06372186848358,volume,full,eeg_fnirs_single_trial__subject_01__prefrontal__r0__chain_matched__data__volume__full,-0.5,True,stationary_feasible,-1.325872744928347e-11,2.9510855690499106e-06,71.06207242449432,2.3211312771914307e-05,0.5000205247971328,0.004472840895355942,0.003713231701376295,0.0029674649549216933,7,True
eeg_fnirs_single_trial,subject_01,chain_matched,71.06246234349646,volume,full,eeg_fnirs_single_trial__subject_01__prefrontal__r0__chain_matched__data__volume__full,0.25,True,stationary_feasible,-1.2576606422953773e-11,1.8796130957597476e-06,71.06207242449432,5.487019852397213e-06,0.2500098701987085,0.0021123858263404397,0.0017119909286517263,0.0014473702561130896,7,True
eeg_fnirs_single_trial,subject_01,chain_matched,71.06357219311936,volume,full,eeg_fnirs_single_trial__subject_01__prefrontal__r0__chain_matched__data__volume__full,0.5,True,stationary_feasible,-1.1500134178277222e-11,1.7540580303502997e-06,71.06207242449432,2.1105050470231522e-05,0.5000196272001439,0.004151548498922482,0.003337808729025854,0.002872839443789713,7,True
eeg_fnirs_single_trial,subject_01,chain_matched,284753.832914297,p_minus_v,full,eeg_fnirs_single_trial__subject_01__prefrontal__r0__chain_matched__data__p_minus_v__full,-0.25,False,constraint_locally_fixed,0.24953189262597236,66.35345307274387,71.06207242449432,4006.114107414428,0.00046885299244569075,19.810122174187157,0.1491793604913648,19.79952383133316,44,False
eeg_fnirs_single_trial,subject_01,chain_matched,18564.948184633347,p_minus_v,full,eeg_fnirs_single_trial__subject_01__prefrontal__r0__chain_matched__data__p_minus_v__full,-0.5,False,line_search_stalled,0.49953189270887266,141.62125929855455,71.06207242449432,260.2497433755424,0.00046885290718831743,5.008472597835236,0.48966984814679104,5.165325384617833,385,False
eeg_fnirs_single_trial,subject_01,chain_matched,188.13308227448147,p_minus_v,full,eeg_fnirs_single_trial__subject_01__prefrontal__r0__chain_matched__data__p_minus_v__full,0.25,False,iteration_budget,-0.17555921407162534,8.4668173768871,71.06207242449432,1.6474471663400863,0.07644251748282656,1.4515711419513686,1.1291409691364394,0.3720522905474063,499,False
eeg_fnirs_single_trial,subject_01,chain_matched,217.8470202575391,p_minus_v,full,eeg_fnirs_single_trial__subject_01__prefrontal__r0__chain_matched__data__p_minus_v__full,0.5,False,iteration_budget,-0.4291411754251478,9.96938322915772,71.06207242449432,2.065587771718991,0.07280000918461776,1.4914912394042177,1.118163940598737,0.41730245323173415,499,False
eeg_fnirs_single_trial,subject_01,chain_matched,71.06219708797954,flow,full,eeg_fnirs_single_trial__subject_01__prefrontal__r0__chain_matched__data__flow__full,-0.25,True,stationary_feasible,3.552713678800501e-14,1.303353876700405e-06,71.06207242449432,1.7542900308195028e-06,0.2500160178861706,0.0012399752744430093,0.001017986339197892,0.0008354836379631242,7,True
eeg_fnirs_single_trial,subject_01,chain_matched,71.06259141396022,flow,full,eeg_fnirs_single_trial__subject_01__prefrontal__r0__chain_matched__data__flow__full,-0.5,True,stationary_feasible,0.0,1.3877320774890153e-06,71.06207242449432,7.3033257854111505e-06,0.500032219824662,0.0025101066295381293,0.002069807371685769,0.0016811357901589576,7,True
eeg_fnirs_single_trial,subject_01,chain_matched,71.06220136039882,flow,full,eeg_fnirs_single_trial__subject_01__prefrontal__r0__chain_matched__data__flow__full,0.25,True,stationary_feasible,1.4210854715202004e-14,1.1369411528453118e-06,71.06207242449432,1.814412387647649e-06,0.2500154631082767,0.001206184186526307,0.0009807606135036203,0.0008229861481242013,7,True
eeg_fnirs_single_trial,subject_01,chain_matched,71.06256873376937,flow,full,eeg_fnirs_single_trial__subject_01__prefrontal__r0__chain_matched__data__flow__full,0.5,True,stationary_feasible,-1.4210854715202004e-14,1.067790448194884e-06,71.06207242449432,6.984165506535298e-06,0.500030781640324,0.00238482191182957,0.0019306572228333333,0.0016362608912579646,7,True
eeg_fnirs_single_trial,subject_01,chain_matched,71.07108630365393,driver,full,eeg_fnirs_single_trial__subject_01__prefrontal__r0__chain_matched__data__driver__full,-0.25,True,stationary_feasible,-1.7763568394002505e-15,6.35750615519446e-07,71.06207242449432,0.00012684514892508816,0.2500238749560385,0.01055027464040345,0.008927242670049275,0.006803948912486737,9,True
eeg_fnirs_single_trial,subject_01,chain_matched,71.10509889240349,driver,full,eeg_fnirs_single_trial__subject_01__prefrontal__r0__chain_matched__data__driver__full,-0.5,True,stationary_feasible,1.7763568394002505e-15,1.2294608871599386e-06,71.06207242449432,0.0006054772460356972,0.5000489146934178,0.02361536544699997,0.02065308297973131,0.014364007808956797,9,True
eeg_fnirs_single_trial,subject_01,chain_matched,71.06868971182816,driver,full,eeg_fnirs_single_trial__subject_01__prefrontal__r0__chain_matched__data__driver__full,0.25,True,stationary_feasible,8.881784197001252e-16,6.592079318762377e-06,71.06207242449432,9.31198191675298e-05,0.2500230162335428,0.008683964853554492,0.006848002329446358,0.006146607575915565,7,True
eeg_fnirs_single_trial,subject_01,chain_matched,71.08490647377559,driver,full,eeg_fnirs_single_trial__subject_01__prefrontal__r0__chain_matched__data__driver__full,0.5,True,stationary_feasible,-8.881784197001252e-16,4.692188488326543e-06,71.06207242449432,0.00032132540611637617,0.5000455356460611,0.015981924374813137,0.012161970625201773,0.011725161090934317,7,True
eeg_fnirs_single_trial,subject_01,chain_matched,77.43469346345795,SSM_Hb,full,eeg_fnirs_single_trial__subject_01__prefrontal__r0__chain_matched__total__SSM_Hb__full,-0.25,True,stationary_feasible,-1.1646239528317892e-13,1.4261759968353665e-07,76.62468729090716,0.010571086175863675,0.2500001012092524,0.2500001012092524,0.23160794347635533,0.018422494338205243,11,True
eeg_fnirs_single_trial,subject_01,chain_matched,79.8414523444243,SSM_Hb,full,eeg_fnirs_single_trial__subject_01__prefrontal__r0__chain_matched__total__SSM_Hb__full,-0.5,True,stationary_feasible,-2.3780977187470853e-13,1.5516112908635568e-07,76.62468729090716,0.041980791925513815,0.5000003451128526,0.5000003451128526,0.4631898260790331,0.03687288293642337,11,True
eeg_fnirs_single_trial,subject_01,chain_matched,77.44651456092889,SSM_Hb,full,eeg_fnirs_single_trial__subject_01__prefrontal__r0__chain_matched__total__SSM_Hb__full,0.25,True,stationary_feasible,-2.4393370656738966e-10,7.357767731908386e-06,76.62468729090716,0.010725358876854461,0.2500000317689776,0.2500000317689776,0.23162650421209155,0.018403389286737317,7,True
eeg_fnirs_single_trial,subject_01,chain_matched,79.93578481494444,SSM_Hb,full,eeg_fnirs_single_trial__subject_01__prefrontal__r0__chain_matched__total__SSM_Hb__full,0.5,True,stationary_feasible,-4.3842499075630315e-12,1.982265559607588e-06,76.62468729090716,0.043211889550252014,0.5000000812313867,0.5000000812313867,0.46326292448816486,0.03679761200580558,9,True
eeg_fnirs_single_trial,subject_01,chain_matched,76.92153476523362,T,full,eeg_fnirs_single_trial__subject_01__prefrontal__r0__chain_matched__total__T__full,-0.25,True,stationary_feasible,-1.5539762809879676e-09,6.615552110146685e-06,76.62468729090716,0.003874044838832003,0.25000001599601435,0.1509649963684988,0.13965999427810882,0.011387791789969032,7,True
eeg_fnirs_single_trial,subject_01,chain_matched,77.80701337821047,T,full,eeg_fnirs_single_trial__subject_01__prefrontal__r0__chain_matched__total__T__full,-0.5,True,stationary_feasible,-2.2555370904342453e-09,6.478726554472697e-06,76.62468729090716,0.015430093473851117,0.5000000361500179,0.30194645739188136,0.2793300994048259,0.022774285230192367,7,True
eeg_fnirs_single_trial,subject_01,chain_matched,76.9240857636507,T,full,eeg_fnirs_single_trial__subject_01__prefrontal__r0__chain_matched__total__T__full,0.25,True,stationary_feasible,-5.800995239724216e-10,4.754568701966886e-06,76.62468729090716,0.003907336960565476,0.2500000101057604,0.1509480940596423,0.1396475965150091,0.011391516474479235,7,True
eeg_fnirs_single_trial,subject_01,chain_matched,77.82740673791558,T,full,eeg_fnirs_single_trial__subject_01__prefrontal__r0__chain_matched__total__T__full,0.5,True,stationary_feasible,-4.2756231888319007e-10,7.1918425065030064e-06,76.62468729090716,0.015696239547996736,0.5000000183694117,0.3018789617187462,0.2792806358354593,0.02278915865294065,7,True
eeg_fnirs_single_trial,subject_01,chain_matched,90.18500556419156,X,full,eeg_fnirs_single_trial__subject_01__prefrontal__r0__chain_matched__total__X__full,-0.25,True,stationary_feasible,-6.615628045381072e-10,7.261306004186546e-06,76.62468729090716,0.17697061812209913,0.25000038705836103,0.20643575936602107,0.036562616603756946,0.20757249171866596,9,False
eeg_fnirs_single_trial,subject_01,chain_matched,130.75043777224778,X,full,eeg_fnirs_single_trial__subject_01__prefrontal__r0__chain_matched__total__X__full,-0.5,True,stationary_feasible,-3.1444735704155846e-11,8.583400839528904e-07,76.62468729090716,0.7063748302926329,0.5000032341221037,0.4129591638615952,0.07475527283604029,0.41510137003270386,11,False
eeg_fnirs_single_trial,subject_01,chain_matched,90.18042446536685,X,full,eeg_fnirs_single_trial__subject_01__prefrontal__r0__chain_matched__total__X__full,0.25,True,stationary_feasible,-6.613121595472338e-11,1.2184198557138675e-06,76.62468729090716,0.17691083192281185,0.25000119470106047,0.20640524938884647,0.03594532416653158,0.20758050482714516,11,False
eeg_fnirs_single_trial,subject_01,chain_matched,130.71435244212466,X,full,eeg_fnirs_single_trial__subject_01__prefrontal__r0__chain_matched__total__X__full,0.5,True,stationary_feasible,-4.829454613997086e-10,5.831651339412094e-06,76.62468729090716,0.7059038942092515,0.5000048246274658,0.41283541869389356,0.07252242401067165,0.41512823497568097,11,False
eeg_fnirs_single_trial,subject_01,chain_matched,76.66046285175479,volume,full,eeg_fnirs_single_trial__subject_01__prefrontal__r0__chain_matched__total__volume__full,-0.25,True,stationary_feasible,-4.860556401808935e-13,1.5337821388352323e-06,76.62468729090716,0.0004668934009714481,0.25000162275285515,0.002364275763402929,0.0021244982393383814,0.0008019403381239685,7,True
eeg_fnirs_single_trial,subject_01,chain_matched,76.7676885934914,volume,full,eeg_fnirs_single_trial__subject_01__prefrontal__r0__chain_matched__total__volume__full,-0.5,True,stationary_feasible,-4.841821388268386e-13,1.529050003783664e-06,76.62468729090716,0.0018662562633545397,0.500003260463755,0.004662224756556355,0.004183529001743403,0.001603598199518251,7,True
eeg_fnirs_single_trial,subject_01,chain_matched,76.66053002068968,volume,full,eeg_fnirs_single_trial__subject_01__prefrontal__r0__chain_matched__total__volume__full,0.25,True,stationary_feasible,-8.255618411112664e-13,1.9852911782309213e-06,76.62468729090716,0.0004677699975001302,0.2500016094717006,0.002428938465704507,0.002188160713696937,0.0008022665068264869,7,True
eeg_fnirs_single_trial,subject_01,chain_matched,76.76816223049468,volume,full,eeg_fnirs_single_trial__subject_01__prefrontal__r0__chain_matched__total__volume__full,0.5,True,stationary_feasible,-8.125722317231521e-13,1.9906735828044695e-06,76.62468729090716,0.001872437521902238,0.5000032051348355,0.004920514497188929,0.004437843768666601,0.0016047236574787424,7,True
eeg_fnirs_single_trial,subject_01,chain_matched,2856.584764287374,p_minus_v,full,eeg_fnirs_single_trial__subject_01__prefrontal__r0__chain_matched__total__p_minus_v__full,-0.25,False,line_search_stalled,0.24999949175054423,42.85603987534921,76.62468729090716,36.28021431842576,5.083254454670848e-07,2.9373817014778614,4.282720905427664,1.520566407102691,378,False
eeg_fnirs_single_trial,subject_01,chain_matched,2856.584764275112,p_minus_v,full,eeg_fnirs_single_trial__subject_01__prefrontal__r0__chain_matched__total__p_minus_v__full,-0.5,False,line_search_stalled,0.49999949175054725,42.856039875211785,76.62468729090716,36.280214318265735,5.08325442359124e-07,2.9373817014572494,4.282720905402749,1.5205664070995306,379,False
eeg_fnirs_single_trial,subject_01,chain_matched,1683.7638811302324,p_minus_v,full,eeg_fnirs_single_trial__subject_01__prefrontal__r0__chain_matched__total__p_minus_v__full,0.25,False,line_search_stalled,-0.054319354194051206,21.806471966178812,76.62468729090716,20.97416969204441,0.2241123226435804,4.1069520689920225,3.2229706904330744,1.0667207031169972,497,False
eeg_fnirs_single_trial,subject_01,chain_matched,2482.4994333862624,p_minus_v,full,eeg_fnirs_single_trial__subject_01__prefrontal__r0__chain_matched__total__p_minus_v__full,0.5,False,iteration_budget,-0.2660069539580965,33.96305686377128,76.62468729090716,31.39816723768677,0.2698609268141419,4.989120296475063,3.613373371746722,1.599909879195672,499,False
eeg_fnirs_single_trial,subject_01,chain_matched,76.62829651910931,flow,full,eeg_fnirs_single_trial__subject_01__prefrontal__r0__chain_matched__total__flow__full,-0.25,True,stationary_feasible,0.0,5.672163217412897e-07,76.62468729090716,4.710268099951735e-05,0.25000149441069824,0.0007597872104849379,0.0006846779525065185,0.00025350587910942106,7,True
eeg_fnirs_single_trial,subject_01,chain_matched,76.63914829582964,flow,full,eeg_fnirs_single_trial__subject_01__prefrontal__r0__chain_matched__total__flow__full,-0.5,True,stationary_feasible,1.865174681370263e-14,5.676438458498651e-07,76.62468729090716,0.00018872514112298338,0.5000029959114173,0.0015138834413170818,0.0013636441610311828,0.000507426702555398,7,True
eeg_fnirs_single_trial,subject_01,chain_matched,76.6282895892134,flow,full,eeg_fnirs_single_trial__subject_01__prefrontal__r0__chain_matched__total__flow__full,0.25,True,stationary_feasible,7.327471962526033e-15,5.66723942387723e-07,76.62468729090716,4.7012241531996365e-05,0.25000149106775754,0.0007651214852123165,0.0006900294911093906,0.0002531197070077141,7,True
eeg_fnirs_single_trial,subject_01,chain_matched,76.63907263055724,flow,full,eeg_fnirs_single_trial__subject_01__prefrontal__r0__chain_matched__total__flow__full,0.5,True,stationary_feasible,-2.220446049250313e-16,5.663035663967482e-07,76.62468729090716,0.00018773766208613296,0.5000029754714339,0.001534819969043374,0.0013846654108725005,0.000505771364091772,7,True
eeg_fnirs_single_trial,subject_01,chain_matched,76.84670650500028,driver,full,eeg_fnirs_single_trial__subject_01__prefrontal__r0__chain_matched__total__driver__full,-0.25,True,stationary_feasible,2.0816681711721685e-17,4.604410278752193e-06,76.62468729090716,0.002897489333303545,0.250001839505358,0.005807721468717838,0.00515591315350832,0.002015490388235913,7,True
eeg_fnirs_single_trial,subject_01,chain_matched,77.52298358808291,driver,full,eeg_fnirs_single_trial__subject_01__prefrontal__r0__chain_matched__total__driver__full,-0.5,True,stationary_feasible,5.551115123125783e-17,4.625156184792498e-06,76.62468729090716,0.011723327414901511,0.5000037625879022,0.011279122445956326,0.009966218829183563,0.004065568442550208,7,True
eeg_fnirs_single_trial,subject_01,chain_matched,76.84186231200279,driver,full,eeg_fnirs_single_trial__subject_01__prefrontal__r0__chain_matched__total__driver__full,0.25,True,stationary_feasible,0.0,4.583828921791622e-06,76.62468729090716,0.0028342695908319766,0.25000176518882594,0.006122730377938929,0.005476892113836896,0.0019828668049548816,7,True
eeg_fnirs_single_trial,subject_01,chain_matched,77.48404550661931,driver,full,eeg_fnirs_single_trial__subject_01__prefrontal__r0__chain_matched__total__driver__full,0.5,True,stationary_feasible,0.0,4.559918388874948e-06,76.62468729090716,0.011215161145775096,0.5000034637948387,0.012542039702096025,0.011253753422768888,0.003934896764726758,7,True
eeg_fnirs_single_trial,subject_01,chain_first,71.6284572778403,SSM_Hb,full,eeg_fnirs_single_trial__subject_01__prefrontal__r0__chain_first__data__SSM_Hb__full,-0.25,True,stationary_feasible,-3.305975493361757e-10,8.887173471166039e-06,71.06207242523517,0.007970283349124418,0.2503881855144065,0.2503881855144065,0.23290663557888724,0.02265764875020574,79,True
eeg_fnirs_single_trial,subject_01,chain_first,73.29604062654327,SSM_Hb,full,eeg_fnirs_single_trial__subject_01__prefrontal__r0__chain_first__data__SSM_Hb__full,-0.5,True,stationary_feasible,-1.4754664157123898e-10,8.252749826963908e-06,71.06207242523517,0.03143685689238057,0.5012876470378017,0.5012876470378017,0.46917007296837804,0.04758835677183682,85,True
eeg_fnirs_single_trial,subject_01,chain_first,71.62708915254993,SSM_Hb,full,eeg_fnirs_single_trial__subject_01__prefrontal__r0__chain_first__data__SSM_Hb__full,0.25,True,stationary_feasible,-7.88349052704973e-10,8.38751321149696e-06,71.06207242523517,0.00795103081055247,0.2502722850214697,0.2502722850214697,0.232081733965985,0.022113032395600165,63,True
eeg_fnirs_single_trial,subject_01,chain_first,73.30210461228185,SSM_Hb,full,eeg_fnirs_single_trial__subject_01__prefrontal__r0__chain_first__data__SSM_Hb__full,0.5,True,stationary_feasible,-9.134282219491752e-10,9.807957986485247e-06,71.06207242523517,0.03152219053846805,0.500629996065102,0.500629996065102,0.4644405066888939,0.04496219774032657,73,True
eeg_fnirs_single_trial,subject_01,chain_first,71.27006177120239,T,full,eeg_fnirs_single_trial__subject_01__prefrontal__r0__chain_first__data__T__full,-0.25,True,stationary_feasible,-8.912659499316078e-10,8.35667065183469e-06,71.06207242523517,0.0029268685653102426,0.25009250038807707,0.15143204519755563,0.1405037848049871,0.013590961407202838,69,True
eeg_fnirs_single_trial,subject_01,chain_first,71.89108737527155,T,full,eeg_fnirs_single_trial__subject_01__prefrontal__r0__chain_first__data__T__full,-0.5,True,stationary_feasible,-6.778648753424932e-10,8.927172475332359e-06,71.06207242523517,0.011666067731258367,0.5002517476236598,0.30294015140344643,0.2817207914378648,0.027835618799485838,77,True
eeg_fnirs_single_trial,subject_01,chain_first,71.26985027925897,T,full,eeg_fnirs_single_trial__subject_01__prefrontal__r0__chain_first__data__T__full,0.25,True,stationary_feasible,-2.240601038039358e-09,9.448018376048023e-06,71.06207242523517,0.0029238924074780847,0.250069159825472,0.15143144971386385,0.14026150407692164,0.0133535013981942,57,True
eeg_fnirs_single_trial,subject_01,chain_first,71.89023858414308,T,full,eeg_fnirs_single_trial__subject_01__prefrontal__r0__chain_first__data__T__full,0.5,True,stationary_feasible,-3.3908589269771028e-09,9.845866717785303e-06,71.06207242523517,0.011654123369104152,0.5001389236554914,0.3029279453096415,0.2805670697598623,0.026765636963784728,57,True
eeg_fnirs_single_trial,subject_01,chain_first,82.39351462675025,X,full,eeg_fnirs_single_trial__subject_01__prefrontal__r0__chain_first__data__X__full,-0.25,True,stationary_feasible,-2.38665143204031e-10,9.586740434503877e-06,71.06207242523517,0.15945836949009545,0.2511622730550371,0.21014394276813714,0.0327844665603596,0.207851295579949,209,False
eeg_fnirs_single_trial,subject_01,chain_first,116.42610249522622,X,full,eeg_fnirs_single_trial__subject_01__prefrontal__r0__chain_first__data__X__full,-0.5,True,stationary_feasible,-1.2308387642434582e-10,9.272742991836804e-06,71.06207242523517,0.6383718982825728,0.5014951335296868,0.42254409132876825,0.08195235283414187,0.4150557932999431,101,False
eeg_fnirs_single_trial,subject_01,chain_first,82.54321147031894,X,full,eeg_fnirs_single_trial__subject_01__prefrontal__r0__chain_first__data__X__full,0.25,True,stationary_feasible,-1.4145681431765311e-09,9.574500058736105e-06,71.06207242523517,0.16156493405343814,0.2500387023069177,0.21020261373026178,0.05690110686578929,0.20669494810571068,27,False
eeg_fnirs_single_trial,subject_01,chain_first,117.01280989056718,X,full,eeg_fnirs_single_trial__subject_01__prefrontal__r0__chain_first__data__X__full,0.5,True,stationary_feasible,-1.420342321534207e-08,2.1347604826765602e-06,71.06207242523517,0.6466281646046427,0.5002367164586357,0.4221752229409604,0.12258885587935378,0.4136139256808415,28,False
eeg_fnirs_single_trial,subject_01,chain_first,71.06246846292662,volume,full,eeg_fnirs_single_trial__subject_01__prefrontal__r0__chain_first__data__volume__full,-0.25,True,stationary_feasible,-1.2136069926782511e-11,2.6664253382419285e-06,71.06207242523517,5.5731232981080124e-06,0.2500101648181919,0.0021951695597763506,0.0018082871732446918,0.001472327611107512,7,True
eeg_fnirs_single_trial,subject_01,chain_first,71.0637217269291,volume,full,eeg_fnirs_single_trial__subject_01__prefrontal__r0__chain_first__data__volume__full,-0.5,True,stationary_feasible,-1.3251622021925868e-11,2.951060822803343e-06,71.06207242523517,2.320931036265482e-05,0.5000205250892691,0.004472839960646818,0.0037132282622093526,0.0029674676811315176,7,True
eeg_fnirs_single_trial,subject_01,chain_first,71.0624624065639,volume,full,eeg_fnirs_single_trial__subject_01__prefrontal__r0__chain_first__data__volume__full,0.25,True,stationary_feasible,-1.2594369991347776e-11,1.8796018052932566e-06,71.06207242523517,5.487896924673386e-06,0.2500098697945404,0.0021123666310401664,0.0017119707628404962,0.0014473617019935474,7,True
eeg_fnirs_single_trial,subject_01,chain_first,71.06357231328164,volume,full,eeg_fnirs_single_trial__subject_01__prefrontal__r0__chain_first__data__volume__full,0.5,True,stationary_feasible,-1.1503686891956022e-11,1.7540480851478391e-06,71.06207242523517,2.110673099275892e-05,0.5000196267594968,0.004151523361333165,0.003337781515714147,0.0028728290234310934,7,True
eeg_fnirs_single_trial,subject_01,chain_first,284910.5236137223,p_minus_v,full,eeg_fnirs_single_trial__subject_01__prefrontal__r0__chain_first__data__p_minus_v__full,-0.25,False,constraint_locally_fixed,0.24953189484854293,66.3549252832369,71.06207242523517,4008.319090904341,0.0004688507661003135,19.815460171112836,0.14920055418782538,19.804798418474416,44,False
eeg_fnirs_single_trial,subject_01,chain_first,18565.909528415035,p_minus_v,full,eeg_fnirs_single_trial__subject_01__prefrontal__r0__chain_first__data__p_minus_v__full,-0.5,False,line_search_stalled,0.4995318949314186,141.6249772448486,71.06207242523517,260.2632715989016,0.00046885068086678736,5.008601694313272,0.48967308252157926,5.1654578044720765,385,False
eeg_fnirs_single_trial,subject_01,chain_first,188.13224802079333,p_minus_v,full,eeg_fnirs_single_trial__subject_01__prefrontal__r0__chain_first__data__p_minus_v__full,0.25,False,iteration_budget,-0.17555895801179394,8.4667640587877,71.06207242523517,1.6474354265241613,0.07644278486139712,1.4515701924962867,1.1291412856261718,0.37205143344992614,499,False
eeg_fnirs_single_trial,subject_01,chain_first,217.84596869891993,p_minus_v,full,eeg_fnirs_single_trial__subject_01__prefrontal__r0__chain_first__data__p_minus_v__full,0.5,False,iteration_budget,-0.4291404534860671,9.969328641980177,71.06207242523517,2.065572973939326,0.07280075853072385,1.4914917688211706,1.118165885177095,0.41730145713031797,499,False
eeg_fnirs_single_trial,subject_01,chain_first,71.06219705050513,flow,full,eeg_fnirs_single_trial__subject_01__prefrontal__r0__chain_first__data__flow__full,-0.25,True,stationary_feasible,7.105427357601002e-15,1.3033409759112018e-06,71.06207242523517,1.7537522578266618e-06,0.2500160188430478,0.0012399837293347855,0.001017994099746094,0.0008354887322942143,7,True
eeg_fnirs_single_trial,subject_01,chain_first,71.06259133590729,flow,full,eeg_fnirs_single_trial__subject_01__prefrontal__r0__chain_first__data__flow__full,-0.5,True,stationary_feasible,-2.1316282072803006e-14,1.3877193886651107e-06,71.06207242523517,7.302216983036092e-06,0.5000322207112301,0.0025101103934698976,0.0020698099027370476,0.0016811392573259569,7,True
eeg_fnirs_single_trial,subject_01,chain_first,71.0622013969833,flow,full,eeg_fnirs_single_trial__subject_01__prefrontal__r0__chain_first__data__flow__full,0.25,True,stationary_feasible,7.105427357601002e-15,1.136931909745382e-06,71.06207242523517,1.8149167864663982e-06,0.250015462028876,0.001206166956677743,0.0009807430255076492,0.0008229779257631604,7,True
eeg_fnirs_single_trial,subject_01,chain_first,71.06256880409215,flow,full,eeg_fnirs_single_trial__subject_01__prefrontal__r0__chain_first__data__flow__full,0.5,True,stationary_feasible,7.105427357601002e-15,1.0677806941937567e-06,71.06207242523517,6.985144677589597e-06,0.5000307804957037,0.002384800527502493,0.0019306349845855345,0.0016362511348968723,7,True
eeg_fnirs_single_trial,subject_01,chain_first,71.07108593594361,driver,full,eeg_fnirs_single_trial__subject_01__prefrontal__r0__chain_first__data__driver__full,-0.25,True,stationary_feasible,8.881784197001252e-16,6.357428398880781e-07,71.06207242523517,0.00012683996400365762,0.2500238750621277,0.010550247004373117,0.008927210359377567,0.0068039421536695375,9,True
eeg_fnirs_single_trial,subject_01,chain_first,71.1050979389051,driver,full,eeg_fnirs_single_trial__subject_01__prefrontal__r0__chain_first__data__driver__full,-0.5,True,stationary_feasible,-8.881784197001252e-16,1.22944538439002e-06,71.06207242523517,0.0006054638177798567,0.5000489147037114,0.023615282434638184,0.020652989883732018,0.014363985540702983,9,True
eeg_fnirs_single_trial,subject_01,chain_first,71.06868994096601,driver,full,eeg_fnirs_single_trial__subject_01__prefrontal__r0__chain_first__data__driver__full,0.25,True,stationary_feasible,1.7763568394002505e-15,6.592021829401448e-06,71.06207242523517,9.312303321578801e-05,0.2500230159527008,0.008683922713084994,0.0068479566895012335,0.0061465896946297175,7,True
eeg_fnirs_single_trial,subject_01,chain_first,71.08490684139228,driver,full,eeg_fnirs_single_trial__subject_01__prefrontal__r0__chain_first__data__driver__full,0.5,True,stationary_feasible,0.0,4.692164648370006e-06,71.06207242523517,0.0003213305688647675,0.5000455352821516,0.01598186077218808,0.01216190070220097,0.011725133453733562,7,True
eeg_fnirs_single_trial,subject_01,chain_first,77.34068141120606,SSM_Hb,full,eeg_fnirs_single_trial__subject_01__prefrontal__r0__chain_first__total__SSM_Hb__full,-0.25,True,stationary_feasible,-1.9219070779286085e-12,9.680480447822852e-07,76.52878573308611,0.010609023393519513,0.25000018820346803,0.2500001882034681,0.23161884218431925,0.018407456713294093,11,True
eeg_fnirs_single_trial,subject_01,chain_first,79.75444755563215,SSM_Hb,full,eeg_fnirs_single_trial__subject_01__prefrontal__r0__chain_first__total__SSM_Hb__full,-0.5,True,stationary_feasible,-3.5162983635927958e-12,1.0126174008209065e-06,76.52878573308611,0.04214965377598401,0.5000006068345915,0.5000006068345915,0.4632209351274865,0.036834892230220725,11,True
eeg_fnirs_single_trial,subject_01,chain_first,77.35122362103459,SSM_Hb,full,eeg_fnirs_single_trial__subject_01__prefrontal__r0__chain_first__total__SSM_Hb__full,0.25,True,stationary_feasible,-4.782285678572862e-13,7.100956401707634e-07,76.52878573308611,0.010746778222993712,0.25000009533940226,0.25000009533940226,0.2316220391522304,0.018403197489583953,11,True
eeg_fnirs_single_trial,subject_01,chain_first,79.83853987838762,SSM_Hb,full,eeg_fnirs_single_trial__subject_01__prefrontal__r0__chain_first__total__SSM_Hb__full,0.5,True,stationary_feasible,-5.462957169966032e-11,6.88924499289686e-06,76.52878573308611,0.04324848635185632,0.5000002418981377,0.5000002418981377,0.4632328158635317,0.036818778728180186,9,True
eeg_fnirs_single_trial,subject_01,chain_first,76.82623746487575,T,full,eeg_fnirs_single_trial__subject_01__prefrontal__r0__chain_first__total__T__full,-0.25,True,stationary_feasible,-2.674083177112152e-12,5.114865090063283e-07,76.52878573308611,0.003886795392613119,0.2500000363924336,0.15095982946720743,0.13965956519809145,0.011384025682478528,11,True
eeg_fnirs_single_trial,subject_01,chain_first,77.71391553622033,T,full,eeg_fnirs_single_trial__subject_01__prefrontal__r0__chain_first__total__T__full,-0.5,True,stationary_feasible,-3.4654501490649636e-12,4.7040769750218985e-07,76.52878573308611,0.015486065691250647,0.5000000852315122,0.301936472009059,0.279333798217014,0.0227624567558981,11,True
eeg_fnirs_single_trial,subject_01,chain_first,76.82849870324053,T,full,eeg_fnirs_single_trial__subject_01__prefrontal__r0__chain_first__total__T__full,0.25,True,stationary_feasible,-1.2734258092450546e-12,4.3442406945339893e-07,76.52878573308611,0.0039163429457739355,0.2500000279496078,0.1509431070685229,0.13964201330293483,0.011393135206988897,11,True
eeg_fnirs_single_trial,subject_01,chain_first,77.73205539435062,T,full,eeg_fnirs_single_trial__subject_01__prefrontal__r0__chain_first__total__T__full,0.5,True,stationary_feasible,-3.59533736116191e-10,8.30616777277365e-06,76.52878573308611,0.015723098827952496,0.5000000527556809,0.3018695813461461,0.2792633012903973,0.02279912965964488,9,True
eeg_fnirs_single_trial,subject_01,chain_first,90.11493758084276,X,full,eeg_fnirs_single_trial__subject_01__prefrontal__r0__chain_first__total__X__full,-0.25,True,stationary_feasible,-8.265703954624115e-09,8.913013659062245e-06,76.52878573308611,0.17752995448198883,0.2500004169489297,0.20642920376082008,0.0364681118598989,0.2075782640560052,10,False
eeg_fnirs_single_trial,subject_01,chain_first,130.7015848134994,X,full,eeg_fnirs_single_trial__subject_01__prefrontal__r0__chain_first__total__X__full,-0.5,True,stationary_feasible,-7.147111791283578e-10,5.090965710093913e-06,76.52878573308611,0.7078748024221228,0.5000050670029295,0.4130498199590076,0.07701202602602575,0.41506034911292444,11,False
eeg_fnirs_single_trial,subject_01,chain_first,90.07800498323671,X,full,eeg_fnirs_single_trial__subject_01__prefrontal__r0__chain_first__total__X__full,0.25,True,stationary_feasible,-1.970341103815776e-10,1.965800098263394e-06,76.52878573308611,0.17704735702206223,0.2500046226276234,0.20638472749628703,0.03431503295511523,0.20760880285861705,14,False
eeg_fnirs_single_trial,subject_01,chain_first,130.42062786135426,X,full,eeg_fnirs_single_trial__subject_01__prefrontal__r0__chain_first__total__X__full,0.5,True,stationary_feasible,-3.166072959359667e-11,1.8691836749800727e-06,76.52878573308611,0.7042035439609594,0.5000232899212482,0.41282810214207255,0.06934806530168418,0.41516938111844387,15,False
eeg_fnirs_single_trial,subject_01,chain_first,76.54696564626799,volume,full,eeg_fnirs_single_trial__subject_01__prefrontal__r0__chain_first__total__volume__full,-0.25,True,stationary_feasible,-4.762856775641922e-13,1.5426548761050023e-06,76.52878573308611,0.00023755653520087454,0.2500016542495014,0.0023728690106367867,0.0020789625115850115,0.0007773772504930225,7,True
eeg_fnirs_single_trial,subject_01,chain_first,76.60163503091482,volume,full,eeg_fnirs_single_trial__subject_01__prefrontal__r0__chain_first__total__volume__full,-0.5,True,stationary_feasible,-4.82433537563054e-13,1.537767959117015e-06,76.52878573308611,0.0009519202105569985,0.5000033161426849,0.0046758276722006775,0.0040906921615866225,0.0015512378870953547,7,True
eeg_fnirs_single_trial,subject_01,chain_first,76.54695594114322,volume,full,eeg_fnirs_single_trial__subject_01__prefrontal__r0__chain_first__total__volume__full,0.25,True,stationary_feasible,-8.841816168114747e-13,1.999153071042766e-06,76.52878573308611,0.00023742971854391514,0.25000165610407943,0.0024394565188767692,0.0021426615482830927,0.0007811958179591407,7,True
eeg_fnirs_single_trial,subject_01,chain_first,76.60133648596519,volume,full,eeg_fnirs_single_trial__subject_01__prefrontal__r0__chain_first__total__volume__full,0.5,True,stationary_feasible,-8.735234757750732e-13,2.0047578622736476e-06,76.52878573308611,0.0009480191301103468,0.5000033063285733,0.004945127690210022,0.004348660539238789,0.001565911850304652,7,True
eeg_fnirs_single_trial,subject_01,chain_first,3282.1330769268097,p_minus_v,full,eeg_fnirs_single_trial__subject_01__prefrontal__r0__chain_first__total__p_minus_v__full,-0.25,False,line_search_stalled,0.2499995483203648,44.22831274252704,76.52878573308611,41.88756244446496,4.5173782230502835e-07,2.1921552568049427,3.515053137592835,1.7661350377865346,378,False
eeg_fnirs_single_trial,subject_01,chain_first,3282.1330769111078,p_minus_v,full,eeg_fnirs_single_trial__subject_01__prefrontal__r0__chain_first__total__p_minus_v__full,-0.5,False,line_search_stalled,0.499999548320365,44.22831274179773,76.52878573308611,41.887562444259785,4.517378223158285e-07,2.1921552567122964,3.5150531374509417,1.7661350377935128,379,False
eeg_fnirs_single_trial,subject_01,chain_first,1900.439153881561,p_minus_v,full,eeg_fnirs_single_trial__subject_01__prefrontal__r0__chain_first__total__p_minus_v__full,0.25,False,iteration_budget,-0.0506830514974253,29.228893492220163,76.52878573308611,23.83299761882846,0.22863270320006351,3.544601761184137,2.62688643284439,1.3769578802065674,499,False
eeg_fnirs_single_trial,subject_01,chain_first,4102.624681181649,p_minus_v,full,eeg_fnirs_single_trial__subject_01__prefrontal__r0__chain_first__total__p_minus_v__full,0.5,False,iteration_budget,-0.24628048346184894,52.27867706002193,76.52878573308611,52.60890862022313,0.29337381308395416,4.615528636733867,2.896278726724351,2.377132974145156,499,False
eeg_fnirs_single_trial,subject_01,chain_first,76.53059851983542,flow,full,eeg_fnirs_single_trial__subject_01__prefrontal__r0__chain_first__total__flow__full,-0.25,True,stationary_feasible,9.547918011776346e-15,5.687449911542482e-07,76.52878573308611,2.3687645530331936e-05,0.25000150816349054,0.0007577165034607724,0.0006664524305862549,0.00024118564646103262,7,True
eeg_fnirs_single_trial,subject_01,chain_first,76.53606364886234,flow,full,eeg_fnirs_single_trial__subject_01__prefrontal__r0__chain_first__total__flow__full,-0.5,True,stationary_feasible,3.9968028886505635e-15,5.691661875190956e-07,76.52878573308611,9.510036918149979e-05,0.5000030247854989,0.0015089250721919364,0.0013265169891399353,0.0004824718606156674,7,True
eeg_fnirs_single_trial,subject_01,chain_first,76.53060263391785,flow,full,eeg_fnirs_single_trial__subject_01__prefrontal__r0__chain_first__total__flow__full,0.25,True,stationary_feasible,4.440892098500626e-16,5.685548017398654e-07,76.52878573308611,2.3741404157102064e-05,0.25000152577149504,0.000762236771570328,0.0006707532565827852,0.00024134237415330883,7,True
eeg_fnirs_single_trial,subject_01,chain_first,76.53602673857333,flow,full,eeg_fnirs_single_trial__subject_01__prefrontal__r0__chain_first__total__flow__full,0.5,True,stationary_feasible,-3.9968028886505635e-15,5.6813901069295e-07,76.52878573308611,9.461806322749439e-05,0.5000030436663786,0.0015299123467731894,0.0013468282984178842,0.0004825707616904936,7,True
eeg_fnirs_single_trial,subject_01,chain_first,76.64108572427486,driver,full,eeg_fnirs_single_trial__subject_01__prefrontal__r0__chain_first__total__driver__full,-0.25,True,stationary_feasible,1.3877787807814457e-17,4.620543044404742e-06,76.52878573308611,0.0014674215736340597,0.25000181480058276,0.005724329191710983,0.0050248005063614895,0.0017670061250201453,7,True
eeg_fnirs_single_trial,subject_01,chain_first,76.98552943921233,driver,full,eeg_fnirs_single_trial__subject_01__prefrontal__r0__chain_first__total__driver__full,-0.5,True,stationary_feasible,5.551115123125783e-17,4.63904682192242e-06,76.52878573308611,0.0059682602010598974,0.5000037002714781,0.011086307132700172,0.009696967196740201,0.0035333296651621523,7,True
eeg_fnirs_single_trial,subject_01,chain_first,76.63761163056878,driver,full,eeg_fnirs_single_trial__subject_01__prefrontal__r0__chain_first__total__driver__full,0.25,True,stationary_feasible,0.0,4.6187820838719425e-06,76.52878573308611,0.0014220256657701685,0.2500017501159929,0.006061009801543495,0.00535062643405048,0.0017685211420190492,7,True
eeg_fnirs_single_trial,subject_01,chain_first,76.9571720677087,driver,full,eeg_fnirs_single_trial__subject_01__prefrontal__r0__chain_first__total__driver__full,0.5,True,stationary_feasible,0.0,4.597411713099918e-06,76.52878573308611,0.005597715036492217,0.5000034336368379,0.012439557506357246,0.01100731188182946,0.003538908647239541,7,True
simultaneous_eeg_nirs,VP001,free,144.10660733795973,SSM_Hb,full,simultaneous_eeg_nirs__VP001__prefrontal__r0__free__data__SSM_Hb__full,-0.25,True,stationary_feasible,7.328632145586766e-11,6.555873919776814e-06,143.82276501978848,0.0019735562595545922,0.25012233368494635,0.25012233368494635,0.24249054776456913,0.020553330878146023,51,True
simultaneous_eeg_nirs,VP001,free,145.03681918632526,SSM_Hb,full,simultaneous_eeg_nirs__VP001__prefrontal__r0__free__data__SSM_Hb__full,-0.5,True,stationary_feasible,1.5376586115500857e-10,9.009820937951811e-06,143.82276501978848,0.008441321277405163,0.5001404258606762,0.5001404258606762,0.4838747938726783,0.038763209760927994,50,True
simultaneous_eeg_nirs,VP001,free,144.06748500524935,SSM_Hb,full,simultaneous_eeg_nirs__VP001__prefrontal__r0__free__data__SSM_Hb__full,0.25,True,stationary_feasible,5.90112403386911e-11,7.030340604775595e-06,143.82276501978848,0.0017015385945834418,0.2504335189406561,0.2504335189406561,0.24394813028788256,0.021438022233122214,30,True
simultaneous_eeg_nirs,VP001,free,144.73476508056265,SSM_Hb,full,simultaneous_eeg_nirs__VP001__prefrontal__r0__free__data__SSM_Hb__full,0.5,True,stationary_feasible,-5.719358320277479e-11,7.403401297057137e-06,143.82276501978848,0.006341138418863622,0.5013214802034486,0.5013214802034486,0.4893872872817483,0.042768617589645334,19,True
simultaneous_eeg_nirs,VP001,free,144.06159034243683,T,full,simultaneous_eeg_nirs__VP001__prefrontal__r0__free__data__T__full,-0.25,True,stationary_feasible,-4.751812970882341e-10,8.544600128472934e-06,143.82276501978848,0.00166055299114499,0.25004657073142816,0.22915361218305147,0.2221127442012985,0.019783623106534632,69,True
simultaneous_eeg_nirs,VP001,free,144.84134460281808,T,full,simultaneous_eeg_nirs__VP001__prefrontal__r0__free__data__T__full,-0.5,True,stationary_feasible,-5.2842763498262e-10,9.250244388757498e-06,143.82276501978848,0.00708218607040033,0.5000779151369256,0.45827143012937477,0.443268108338301,0.03797073726124511,65,True
simultaneous_eeg_nirs,VP001,free,144.0316297055588,T,full,simultaneous_eeg_nirs__VP001__prefrontal__r0__free__data__T__full,0.25,True,stationary_feasible,-2.0717816351378815e-11,1.6511804156153535e-06,143.82276501978848,0.0014522366173504238,0.25025814638330096,0.22988350670069144,0.22380905344342483,0.02025504369042073,30,True
simultaneous_eeg_nirs,VP001,free,144.60695829767104,T,full,simultaneous_eeg_nirs__VP001__prefrontal__r0__free__data__T__full,0.5,True,stationary_feasible,-5.441652684012865e-10,8.293606536740877e-06,143.82276501978848,0.005452497577658645,0.5008848074098151,0.4607902155694414,0.4495163116725896,0.04028763690239842,47,True
simultaneous_eeg_nirs,VP001,free,149.38263915419722,X,full,simultaneous_eeg_nirs__VP001__prefrontal__r0__free__data__X__full,-0.25,True,stationary_feasible,-3.003329807071964e-10,9.859058434068946e-06,143.82276501978848,0.03865781702669786,0.25189643438451303,0.21980928476940595,0.15599807410400876,0.15760022607121396,87,True
simultaneous_eeg_nirs,VP001,free,165.97393179559117,X,full,simultaneous_eeg_nirs__VP001__prefrontal__r0__free__data__X__full,-0.5,True,stationary_feasible,-1.9630863601349802e-10,8.638902262172506e-06,143.82276501978848,0.15401711107942423,0.5030340160647384,0.4317611348267626,0.3000062827650479,0.3145497154450087,125,False
simultaneous_eeg_nirs,VP001,free,149.46000507910344,X,full,simultaneous_eeg_nirs__VP001__prefrontal__r0__free__data__X__full,0.25,True,stationary_feasible,-1.8470378004842303e-10,7.568846099177048e-06,143.82276501978848,0.039195742471919086,0.25136752705410687,0.202671850404973,0.1305990056794762,0.15682618116515584,40,True
simultaneous_eeg_nirs,VP001,free,166.46840123614692,X,full,simultaneous_eeg_nirs__VP001__prefrontal__r0__free__data__X__full,0.5,True,stationary_feasible,-3.796660208443825e-11,3.4630721854867785e-06,143.82276501978848,0.15745515818196543,0.5023382768528254,0.3956583576183302,0.24581055757280257,0.3131222104477618,32,False
simultaneous_eeg_nirs,VP001,free,143.82336752865626,volume,full,simultaneous_eeg_nirs__VP001__prefrontal__r0__free__data__volume__full,-0.25,True,stationary_feasible,-1.5791812302268227e-12,3.14394648615921e-06,143.82276501978848,4.189245476562779e-06,0.25003323622587925,0.005639004694426014,0.005449319198591552,0.0013835002566689556,7,True
simultaneous_eeg_nirs,VP001,free,143.82521572061484,volume,full,simultaneous_eeg_nirs__VP001__prefrontal__r0__free__data__volume__full,-0.5,True,stationary_feasible,-1.6147083670148277e-12,3.226096453410435e-06,143.82276501978848,1.7039728210072674e-05,0.5000659771750567,0.011310362386976615,0.010928741983030758,0.0027790665261627173,7,True
simultaneous_eeg_nirs,VP001,free,143.82337842061057,volume,full,simultaneous_eeg_nirs__VP001__prefrontal__r0__free__data__volume__full,0.25,True,stationary_feasible,1.4278356275099213e-11,2.8628103965805136e-06,143.82276501978848,4.264977258678891e-06,0.2500338571635611,0.005610406734914626,0.005422829624299734,0.001372800027184642,7,True
simultaneous_eeg_nirs,VP001,free,143.82517956259844,volume,full,simultaneous_eeg_nirs__VP001__prefrontal__r0__free__data__volume__full,0.5,True,stationary_feasible,1.4004797321831575e-11,2.7928612783451705e-06,143.82276501978848,1.6788321442898557e-05,0.5000683111455378,0.011191143518207238,0.010818217314578273,0.0027344499291660144,7,True
simultaneous_eeg_nirs,VP001,free,143.85387252114714,p_minus_v,full,simultaneous_eeg_nirs__VP001__prefrontal__r0__free__data__p_minus_v__full,-0.25,True,stationary_feasible,1.8033130544381493e-11,9.665047467997103e-06,143.82276501978848,0.00021629052503879782,0.2502190520178743,0.06161531251025817,0.06410847279070392,0.009387556068847055,53,True
simultaneous_eeg_nirs,VP001,free,143.94603035623044,p_minus_v,full,simultaneous_eeg_nirs__VP001__prefrontal__r0__free__data__p_minus_v__full,-0.5,True,stationary_feasible,1.5023093880017768e-11,5.904507451731507e-06,143.82276501978848,0.0008570641540996689,0.5005965672226854,0.12549290218919493,0.13041453498435693,0.018654045875018278,26,True
simultaneous_eeg_nirs,VP001,free,143.85449195744076,p_minus_v,full,simultaneous_eeg_nirs__VP001__prefrontal__r0__free__data__p_minus_v__full,0.25,True,stationary_feasible,1.1081136008783687e-11,9.45760288770086e-06,143.82276501978848,0.00022059746694422748,0.25009960089022887,0.05938608282357498,0.061937445620833226,0.009491704293634325,57,True
simultaneous_eeg_nirs,VP001,free,143.95070912901943,p_minus_v,full,simultaneous_eeg_nirs__VP001__prefrontal__r0__free__data__p_minus_v__full,0.5,True,stationary_feasible,8.716805055541954e-12,9.545318324597509e-06,143.82276501978848,0.0008895956715430191,0.5001237476355257,0.11674059868121954,0.12188633732056116,0.019091431751191927,63,True
simultaneous_eeg_nirs,VP001,free,143.822865558584,flow,full,simultaneous_eeg_nirs__VP001__prefrontal__r0__free__data__flow__full,-0.25,True,stationary_feasible,4.4920511754753534e-11,1.4713398465248628e-06,143.82276501978848,6.990464653346769e-07,0.25000752811445115,0.0023653464096213364,0.0022897248252248684,0.0005751124121359552,7,True
simultaneous_eeg_nirs,VP001,free,143.8231781373018,flow,full,simultaneous_eeg_nirs__VP001__prefrontal__r0__free__data__flow__full,-0.5,True,stationary_feasible,4.5424997097143205e-11,1.4906257227440372e-06,143.82276501978848,2.8724069743850607e-06,0.5000150778530411,0.004744224523007746,0.004592466592492578,0.0011540713276938083,7,True
simultaneous_eeg_nirs,VP001,free,143.8228728539538,flow,full,simultaneous_eeg_nirs__VP001__prefrontal__r0__free__data__flow__full,0.25,True,stationary_feasible,4.1669778738651075e-11,1.3134375718655438e-06,143.82276501978848,7.497711876083092e-07,0.2500076249874295,0.0023569990281192776,0.0022819753200982247,0.0005724730430283925,7,True
simultaneous_eeg_nirs,VP001,free,143.8231854909593,flow,full,simultaneous_eeg_nirs__VP001__prefrontal__r0__free__data__flow__full,0.5,True,stationary_feasible,4.126476937926782e-11,1.2968127393559374e-06,143.82276501978848,2.923536971139678e-06,0.5000152224179361,0.004700767545272539,0.004551227490828553,0.0011412228173728206,7,True
simultaneous_eeg_nirs,VP001,free,143.829421840842,driver,full,simultaneous_eeg_nirs__VP001__prefrontal__r0__free__data__driver__full,-0.25,True,stationary_feasible,0.0,6.354714061833315e-07,143.82276501978848,4.6284891356450116e-05,0.25000837522702946,0.018854569997432888,0.018249502590864723,0.004594946016849775,9,True
simultaneous_eeg_nirs,VP001,free,143.85081105963542,driver,full,simultaneous_eeg_nirs__VP001__prefrontal__r0__free__data__driver__full,-0.5,True,stationary_feasible,8.881784197001252e-16,7.255277769439617e-07,143.82276501978848,0.00019500417644649444,0.5000174019316272,0.038494272786677615,0.0372464975224672,0.009420221722269868,9,True
simultaneous_eeg_nirs,VP001,free,143.82890986897465,driver,full,simultaneous_eeg_nirs__VP001__prefrontal__r0__free__data__driver__full,0.25,True,stationary_feasible,-4.440892098500626e-16,6.900454108669223e-06,143.82276501978848,4.272514984206861e-05,0.25000785807639336,0.018143057388218406,0.017571250685776033,0.004387800092704564,7,True
simultaneous_eeg_nirs,VP001,free,143.84628225367848,driver,full,simultaneous_eeg_nirs__VP001__prefrontal__r0__free__data__driver__full,0.5,True,stationary_feasible,-4.440892098500626e-16,6.3139543368757325e-06,143.82276501978848,0.0001635153787146878,0.500015287839474,0.03563749001315927,0.03452337853661412,0.008587806311217012,7,True
simultaneous_eeg_nirs,VP001,free,155.30782578848388,SSM_Hb,full,simultaneous_eeg_nirs__VP001__prefrontal__r0__free__total__SSM_Hb__full,-0.25,True,stationary_feasible,7.976112825769377e-12,2.1119272141396595e-06,154.56655472998048,0.004795805016152178,0.2500010326787508,0.25000103267875073,0.23369869198883073,0.017718867353989975,11,True
simultaneous_eeg_nirs,VP001,free,157.51489612956678,SSM_Hb,full,simultaneous_eeg_nirs__VP001__prefrontal__r0__free__total__SSM_Hb__full,-0.5,True,stationary_feasible,1.2946727023788185e-11,2.688347849576444e-06,154.56655472998048,0.01907489886629674,0.5000025213431104,0.5000025213431104,0.4673629400997603,0.03546593493715746,11,True
simultaneous_eeg_nirs,VP001,free,155.3151630736494,SSM_Hb,full,simultaneous_eeg_nirs__VP001__prefrontal__r0__free__total__SSM_Hb__full,0.25,True,stationary_feasible,1.1934453425510583e-11,6.619900535442824e-06,154.56655472998048,0.004843275086105688,0.2500008297725733,0.2500008297725733,0.23374799355826045,0.017691322098405952,9,True
simultaneous_eeg_nirs,VP001,free,157.57361051840297,SSM_Hb,full,simultaneous_eeg_nirs__VP001__prefrontal__r0__free__total__SSM_Hb__full,0.5,True,stationary_feasible,3.0753177782116836e-14,1.186421848888662e-06,154.56655472998048,0.01945476363677548,0.5000021484302664,0.5000021484302664,0.46756029184968956,0.03535560549488627,11,True
simultaneous_eeg_nirs,VP001,free,155.1953307682663,T,full,simultaneous_eeg_nirs__VP001__prefrontal__r0__free__total__T__full,-0.25,True,stationary_feasible,-1.4561318817385427e-10,7.864403029736129e-06,154.56655472998048,0.004067995430086794,0.25000030237122994,0.2280312916638004,0.21319880989429546,0.01747809745482025,9,True
simultaneous_eeg_nirs,VP001,free,157.06969941319227,T,full,simultaneous_eeg_nirs__VP001__prefrontal__r0__free__total__T__full,-0.5,True,stationary_feasible,-1.5625500893179378e-11,2.210582352212939e-06,154.56655472998048,0.016194607478860135,0.5000009043298479,0.4561904255078723,0.4264874165010931,0.03491413682406016,11,True
simultaneous_eeg_nirs,VP001,free,155.20054517313076,T,full,simultaneous_eeg_nirs__VP001__prefrontal__r0__free__total__T__full,0.25,True,stationary_feasible,-2.1515621684460584e-10,7.4820621707442765e-06,154.56655472998048,0.004101731090906627,0.2500001228022214,0.2279088810448253,0.21312561641543495,0.017519261469782096,9,True
simultaneous_eeg_nirs,VP001,free,157.11151064995835,T,full,simultaneous_eeg_nirs__VP001__prefrontal__r0__free__total__T__full,0.5,True,stationary_feasible,-4.155398247718267e-12,1.0513400856740456e-06,154.56655472998048,0.016465113843184047,0.5000003988214069,0.45569923020631514,0.4261921643772519,0.035079239053497066,11,True
simultaneous_eeg_nirs,VP001,free,160.5314664998353,X,full,simultaneous_eeg_nirs__VP001__prefrontal__r0__free__total__X__full,-0.25,True,stationary_feasible,-1.0681455719918631e-12,9.720950041661968e-07,154.56655472998048,0.03859121904007753,0.25000116213477863,0.15815894525382238,0.033265641103841934,0.15549787024878717,11,True
simultaneous_eeg_nirs,VP001,free,178.42557325465845,X,full,simultaneous_eeg_nirs__VP001__prefrontal__r0__free__total__X__full,-0.5,True,stationary_feasible,-1.0710321518558885e-12,1.055516619930146e-06,154.56655472998048,0.15436080959660642,0.5000023689247741,0.31623340431344976,0.06601918328303266,0.31100182099280793,11,False
simultaneous_eeg_nirs,VP001,free,160.53172434876868,X,full,simultaneous_eeg_nirs__VP001__prefrontal__r0__free__total__X__full,0.25,True,stationary_feasible,-8.454764666154801e-13,8.556028351411927e-07,154.56655472998048,0.03859288724659114,0.25000152800767833,0.15824991001942817,0.0338039302229584,0.1554919830267975,11,True
simultaneous_eeg_nirs,VP001,free,178.4278835522262,X,full,simultaneous_eeg_nirs__VP001__prefrontal__r0__free__total__X__full,0.5,True,stationary_feasible,-4.5247139368598255e-13,7.191096599716712e-07,154.56655472998048,0.15437575654015315,0.5000038473947833,0.3165940165984233,0.06815184536674508,0.3109784367809609,11,False
simultaneous_eeg_nirs,VP001,free,154.6001496069528,volume,full,simultaneous_eeg_nirs__VP001__prefrontal__r0__free__total__volume__full,-0.25,True,stationary_feasible,-6.899814053440423e-12,2.676676850864385e-06,154.56655472998048,0.00021734894092074878,0.2500047714950322,0.009309328451834981,0.00877855747354478,0.0017875300708962204,7,True
simultaneous_eeg_nirs,VP001,free,154.70101331234156,volume,full,simultaneous_eeg_nirs__VP001__prefrontal__r0__free__total__volume__full,-0.5,True,stationary_feasible,-6.979306022003584e-12,2.642697337514799e-06,154.56655472998048,0.0008699073521821657,0.5000093999956339,0.018570015975273788,0.017511219883992762,0.003563506702517975,7,True
simultaneous_eeg_nirs,VP001,free,154.60018853455367,volume,full,simultaneous_eeg_nirs__VP001__prefrontal__r0__free__total__volume__full,0.25,True,stationary_feasible,-3.483741073395663e-12,3.2372406476158568e-06,154.56655472998048,0.00021760079101162247,0.25000520617596445,0.00935473173708119,0.008820981354348337,0.0017989372368076148,7,True
simultaneous_eeg_nirs,VP001,free,154.70100779426488,volume,full,simultaneous_eeg_nirs__VP001__prefrontal__r0__free__total__volume__full,0.5,True,stationary_feasible,-3.503641821112069e-12,3.2713272156185717e-06,154.56655472998048,0.0008698716518543287,0.5000111724658138,0.018755227287149314,0.0176853197351916,0.0036093756015499134,7,True
simultaneous_eeg_nirs,VP001,free,154.62660316578095,p_minus_v,full,simultaneous_eeg_nirs__VP001__prefrontal__r0__free__total__p_minus_v__full,-0.25,True,stationary_feasible,1.0103029524088925e-13,9.220989784269962e-07,154.56655472998048,0.0003884956606904335,0.250000749076895,0.03211136388743711,0.03302735231737485,0.011280212339160479,9,True
simultaneous_eeg_nirs,VP001,free,154.80680938138488,p_minus_v,full,simultaneous_eeg_nirs__VP001__prefrontal__r0__free__total__p_minus_v__full,-0.5,True,stationary_feasible,9.015010959956271e-14,8.106928750607277e-07,154.56655472998048,0.0015543767008594524,0.500006004503597,0.06417391118812042,0.06600031696692607,0.022543522863292365,9,True
simultaneous_eeg_nirs,VP001,free,154.62659589394428,p_minus_v,full,simultaneous_eeg_nirs__VP001__prefrontal__r0__free__total__p_minus_v__full,0.25,True,stationary_feasible,6.072919944699606e-14,1.1094287756533498e-06,154.56655472998048,0.00038844861405296413,0.25000073800259737,0.03215809791834535,0.03307903305905837,0.011297809282780048,9,True
simultaneous_eeg_nirs,VP001,free,154.80667229841055,p_minus_v,full,simultaneous_eeg_nirs__VP001__prefrontal__r0__free__total__p_minus_v__full,0.5,True,stationary_feasible,4.3298697960381105e-14,1.21366427188481e-06,154.56655472998048,0.0015534898144656064,0.5000059105855356,0.0643688069702745,0.06621725450061573,0.022612252559460876,9,True
simultaneous_eeg_nirs,VP001,free,154.5700011916484,flow,full,simultaneous_eeg_nirs__VP001__prefrontal__r0__free__total__flow__full,-0.25,True,stationary_feasible,5.7913673856546666e-12,7.076234454253066e-07,154.56655472998048,2.2297590018364322e-05,0.25000591465761757,0.00329592863930549,0.0032048636430625508,0.0006209206576703653,7,True
simultaneous_eeg_nirs,VP001,free,154.58038305319522,flow,full,simultaneous_eeg_nirs__VP001__prefrontal__r0__free__total__flow__full,-0.5,True,stationary_feasible,5.81534820298657e-12,7.066459911836162e-07,154.56655472998048,8.946517077317305e-05,0.500012110235397,0.006595379794095879,0.006413546286341467,0.0012415861226855148,7,True
simultaneous_eeg_nirs,VP001,free,154.57000547459464,flow,full,simultaneous_eeg_nirs__VP001__prefrontal__r0__free__total__flow__full,0.25,True,stationary_feasible,5.612399434085091e-12,7.123770977812981e-07,154.56655472998048,2.2325299416709725e-05,0.2500057114879661,0.0032919386230868633,0.0032005687174571076,0.0006210990154862612,7,True
simultaneous_eeg_nirs,VP001,free,154.58031548878597,flow,full,simultaneous_eeg_nirs__VP001__prefrontal__r0__free__total__flow__full,0.5,True,stationary_feasible,5.5749849181552236e-12,7.133738427388928e-07,154.56655472998048,8.902804898206094e-05,0.5000111574867017,0.0065802578255920625,0.006397258187349305,0.0012424331925856705,7,True
simultaneous_eeg_nirs,VP001,free,154.78000522068396,driver,full,simultaneous_eeg_nirs__VP001__prefrontal__r0__free__total__driver__full,-0.25,True,stationary_feasible,-1.1102230246251565e-16,5.813944374199669e-06,154.56655472998048,0.0013809616904275712,0.25000414929189835,0.02620535467754364,0.025583576866896746,0.0050950781742038435,7,True
simultaneous_eeg_nirs,VP001,free,155.43320995040813,driver,full,simultaneous_eeg_nirs__VP001__prefrontal__r0__free__total__driver__full,-0.5,True,stationary_feasible,2.220446049250313e-16,5.788050075771009e-06,154.56655472998048,0.005607003545764775,0.5000084833195064,0.05262874848917347,0.05140042495136838,0.010164826930651655,7,True
simultaneous_eeg_nirs,VP001,free,154.7740216751981,driver,full,simultaneous_eeg_nirs__VP001__prefrontal__r0__free__total__driver__full,0.25,True,stationary_feasible,-4.163336342344337e-17,6.0736114711097056e-06,154.56655472998048,0.00134224991674332,0.25000400578898774,0.025976707622752355,0.025339909840521625,0.005119089535094278,7,True
simultaneous_eeg_nirs,VP001,free,155.38452111503292,driver,full,simultaneous_eeg_nirs__VP001__prefrontal__r0__free__total__driver__full,0.5,True,stationary_feasible,-5.551115123125783e-17,6.121285130299988e-06,154.56655472998048,0.005292001147864019,0.5000078940028445,0.051717352804426416,0.05042892086167717,0.01026079774656111,7,True
simultaneous_eeg_nirs,VP001,chain_matched,183.72298924868264,SSM_Hb,full,simultaneous_eeg_nirs__VP001__prefrontal__r0__chain_matched__data__SSM_Hb__full,-0.25,True,stationary_feasible,7.050842687483794e-10,3.972259207000863e-06,183.14614448113332,0.0031496418839913995,0.25000142239478945,0.25000142239478945,0.2306151864794325,0.01954752002999125,26,True
simultaneous_eeg_nirs,VP001,chain_matched,185.45176996986297,SSM_Hb,full,simultaneous_eeg_nirs__VP001__prefrontal__r0__chain_matched__data__SSM_Hb__full,-0.5,True,stationary_feasible,1.7731294210676651e-10,3.3261893658268933e-06,183.14614448113332,0.012588992770017928,0.5000015242539324,0.5000015242539323,0.46118819129259714,0.03913902977553505,30,True
simultaneous_eeg_nirs,VP001,chain_matched,183.72381540367408,SSM_Hb,full,simultaneous_eeg_nirs__VP001__prefrontal__r0__chain_matched__data__SSM_Hb__full,0.25,True,stationary_feasible,4.035610734476336e-11,5.3145442645742165e-06,183.14614448113332,0.003154152789715264,0.25000299532504183,0.25000299532504183,0.23067792499651638,0.019486706772111454,31,True
simultaneous_eeg_nirs,VP001,chain_matched,185.4584075553251,SSM_Hb,full,simultaneous_eeg_nirs__VP001__prefrontal__r0__chain_matched__data__SSM_Hb__full,0.5,True,stationary_feasible,4.2321701698710967e-13,8.492695521598084e-07,183.14614448113332,0.012625234785818668,0.5000075490019414,0.5000075490019414,0.46143248669468356,0.03889961143350273,30,True
simultaneous_eeg_nirs,VP001,chain_matched,183.6330873314597,T,full,simultaneous_eeg_nirs__VP001__prefrontal__r0__chain_matched__data__T__full,-0.25,True,stationary_feasible,-7.547338198854447e-09,1.7337615905244079e-06,183.14614448113332,0.002658766591597828,0.2500000805398708,0.22793145326161374,0.2106889434089067,0.018639289185778857,26,True
simultaneous_eeg_nirs,VP001,chain_matched,185.09212838777552,T,full,simultaneous_eeg_nirs__VP001__prefrontal__r0__chain_matched__data__T__full,-0.5,True,stationary_feasible,-2.4397506681594905e-08,3.975282996409293e-06,183.14614448113332,0.010625306430311789,0.5000000716795846,0.45582512199686726,0.4213230152656397,0.03731169395011013,18,True
simultaneous_eeg_nirs,VP001,chain_matched,183.63394810512966,T,full,simultaneous_eeg_nirs__VP001__prefrontal__r0__chain_matched__data__T__full,0.25,True,stationary_feasible,-7.249859962366045e-09,9.283095968289341e-06,183.14614448113332,0.002663466519474522,0.2500002029923486,0.22796858106104487,0.2107541164283747,0.018598077535896276,28,True
simultaneous_eeg_nirs,VP001,chain_matched,185.09901252689892,T,full,simultaneous_eeg_nirs__VP001__prefrontal__r0__chain_matched__data__T__full,0.5,True,stationary_feasible,-3.52611939646863e-10,8.850221750047207e-06,183.14614448113332,0.01066289465878858,0.5000005856476003,0.4559772929516702,0.4215861319680038,0.03714553708540489,30,True
simultaneous_eeg_nirs,VP001,chain_matched,189.62547001020565,X,full,simultaneous_eeg_nirs__VP001__prefrontal__r0__chain_matched__data__X__full,-0.25,True,stationary_feasible,-3.841815754412892e-12,3.566943815631813e-07,183.14614448113332,0.03537789751145862,0.25010464747332206,0.15919252341340692,0.047848766232420036,0.15558876910626473,65,True
simultaneous_eeg_nirs,VP001,chain_matched,209.1546741149172,X,full,simultaneous_eeg_nirs__VP001__prefrontal__r0__chain_matched__data__X__full,-0.5,True,stationary_feasible,-3.581550611642115e-10,4.914962819412353e-06,183.14614448113332,0.14200970327531598,0.500033840107448,0.31873587469483694,0.09873118216242206,0.3110033193146449,34,False
simultaneous_eeg_nirs,VP001,chain_matched,189.56104006641493,X,full,simultaneous_eeg_nirs__VP001__prefrontal__r0__chain_matched__data__X__full,0.25,True,stationary_feasible,-4.675933085174222e-09,4.266647935922945e-06,183.14614448113332,0.035026102260877455,0.25025702569453495,0.15964604456411433,0.048484847583258994,0.15574669042986775,73,True
simultaneous_eeg_nirs,VP001,chain_matched,208.70214818947454,X,full,simultaneous_eeg_nirs__VP001__prefrontal__r0__chain_matched__data__X__full,0.5,True,stationary_feasible,-3.024929640105256e-09,6.2585100635287045e-06,183.14614448113332,0.13953885723744436,0.500541037338435,0.31978960093311026,0.09829038571048052,0.3114812459238129,84,False
simultaneous_eeg_nirs,VP001,chain_matched,183.14778626184435,volume,full,simultaneous_eeg_nirs__VP001__prefrontal__r0__chain_matched__data__volume__full,-0.25,True,stationary_feasible,-6.45172804070171e-12,1.6814524901396528e-06,183.14614448113332,8.964320355621561e-06,0.25000569130640016,0.0016618299077203063,0.0006034461737065224,0.001574274104912577,7,True
simultaneous_eeg_nirs,VP001,chain_matched,183.15281908898734,volume,full,simultaneous_eeg_nirs__VP001__prefrontal__r0__chain_matched__data__volume__full,-0.5,True,stationary_feasible,-6.8265393338151625e-12,1.6910206650670464e-06,183.14614448113332,3.6444162518043e-05,0.5000116308315182,0.0033446143781588602,0.0012085175929035497,0.0031708728654846526,7,True
simultaneous_eeg_nirs,VP001,chain_matched,183.14779986119314,volume,full,simultaneous_eeg_nirs__VP001__prefrontal__r0__chain_matched__data__volume__full,0.25,True,stationary_feasible,-7.116085498637403e-12,2.2161694881418623e-06,183.14614448113332,9.038574437402656e-06,0.25000544755534926,0.0016408795976546359,0.0006015395793578019,0.0015521073291604776,7,True
simultaneous_eeg_nirs,VP001,chain_matched,183.1526621154891,volume,full,simultaneous_eeg_nirs__VP001__prefrontal__r0__chain_matched__data__volume__full,0.5,True,stationary_feasible,-6.675549002466141e-12,2.207213262482131e-06,183.14614448113332,3.558706831777949e-05,0.500010680802452,0.0032617363677303695,0.0012012364031325307,0.003082945708746718,7,True
simultaneous_eeg_nirs,VP001,chain_matched,1375.771672668177,p_minus_v,full,simultaneous_eeg_nirs__VP001__prefrontal__r0__chain_matched__data__p_minus_v__full,-0.25,False,iteration_budget,0.2065378102627356,32.253035263893054,183.14614448113332,6.511878978210765,0.04706149938277319,3.395208692653643,2.710372789732109,1.320019160182061,499,False
simultaneous_eeg_nirs,VP001,chain_matched,1519.5515077183982,p_minus_v,full,simultaneous_eeg_nirs__VP001__prefrontal__r0__chain_matched__data__p_minus_v__full,-0.5,False,iteration_budget,0.455528999598067,34.06314031420043,183.14614448113332,7.296934188941846,0.04814941640299573,3.4614879788058115,2.723045608458235,1.3993828727507245,499,False
simultaneous_eeg_nirs,VP001,chain_matched,11462.407655766721,p_minus_v,full,simultaneous_eeg_nirs__VP001__prefrontal__r0__chain_matched__data__p_minus_v__full,0.25,False,iteration_budget,-0.07714546179104048,98.35761957527318,183.14614448113332,61.586125895473124,0.18976933199495505,4.361728590519836,0.4801487468917516,4.219520251196811,499,False
simultaneous_eeg_nirs,VP001,chain_matched,16761.926823847345,p_minus_v,full,simultaneous_eeg_nirs__VP001__prefrontal__r0__chain_matched__data__p_minus_v__full,0.5,False,iteration_budget,-0.280876064804528,120.49869232896106,183.14614448113332,90.52213862505889,0.24015202952271136,5.191208809661684,0.36526884720015945,5.083397463256655,499,False
simultaneous_eeg_nirs,VP001,chain_matched,183.1464769349305,flow,full,simultaneous_eeg_nirs__VP001__prefrontal__r0__chain_matched__data__flow__full,-0.25,True,stationary_feasible,7.105427357601002e-15,9.048749532438804e-07,183.14614448113332,1.815237760601486e-06,0.25000707771694625,0.0007534824441334849,0.00027373045802183375,0.0007135616181462464,7,True
simultaneous_eeg_nirs,VP001,chain_matched,183.14750422822246,flow,full,simultaneous_eeg_nirs__VP001__prefrontal__r0__chain_matched__data__flow__full,-0.5,True,stationary_feasible,-7.105427357601002e-15,9.098389601534371e-07,183.14614448113332,7.42438282275632e-06,0.5000142747945353,0.0015133381080325214,0.000548554778270187,0.0014336731862388417,7,True
simultaneous_eeg_nirs,VP001,chain_matched,183.14649223640333,flow,full,simultaneous_eeg_nirs__VP001__prefrontal__r0__chain_matched__data__flow__full,0.25,True,stationary_feasible,-1.4210854715202004e-14,8.918903290605452e-07,183.14614448113332,1.8987856446474004e-06,0.25000692784995543,0.0007467806890999314,0.0002724317492145792,0.0007067819363657849,7,True
simultaneous_eeg_nirs,VP001,chain_matched,183.1475059429707,flow,full,simultaneous_eeg_nirs__VP001__prefrontal__r0__chain_matched__data__flow__full,0.5,True,stationary_feasible,0.0,8.873963249641716e-07,183.14614448113332,7.4337455545877455e-06,0.5000137470040956,0.0014874501923583868,0.0005438608654338166,0.0014072524059429937,7,True
simultaneous_eeg_nirs,VP001,chain_matched,183.1678875672568,driver,full,simultaneous_eeg_nirs__VP001__prefrontal__r0__chain_matched__data__driver__full,-0.25,True,stationary_feasible,8.881784197001252e-16,8.841777355415129e-06,183.14614448113332,0.00011871986814179815,0.2500172208273882,0.006040996367594036,0.002170514242303963,0.005731006303390268,7,True
simultaneous_eeg_nirs,VP001,chain_matched,183.23859000565452,driver,full,simultaneous_eeg_nirs__VP001__prefrontal__r0__chain_matched__data__driver__full,-0.5,True,stationary_feasible,8.881784197001252e-16,9.544255563264905e-06,183.14614448113332,0.0005047636944970967,0.5000365837678885,0.012513456061351904,0.004407006479936305,0.011907238735390643,7,True
simultaneous_eeg_nirs,VP001,chain_matched,183.16576402692056,driver,full,simultaneous_eeg_nirs__VP001__prefrontal__r0__chain_matched__data__driver__full,0.25,True,stationary_feasible,0.0,7.773327336293999e-06,183.14614448113332,0.00010712508222774759,0.2500155299230278,0.005653466603300892,0.0020991730018689635,0.005335078891684382,7,True
simultaneous_eeg_nirs,VP001,chain_matched,183.2205337128447,driver,full,simultaneous_eeg_nirs__VP001__prefrontal__r0__chain_matched__data__driver__full,0.5,True,stationary_feasible,0.0,7.4715631977780175e-06,183.14614448113332,0.0004061741617446737,0.500029742942463,0.010957727196690028,0.004121663266296057,0.010317933061317109,7,True
simultaneous_eeg_nirs,VP001,chain_matched,191.32610960677613,SSM_Hb,full,simultaneous_eeg_nirs__VP001__prefrontal__r0__chain_matched__total__SSM_Hb__full,-0.25,True,stationary_feasible,5.709890893434988e-12,1.6217882517852473e-06,190.51716315612677,0.004246055511473449,0.2500001345169069,0.2500001345169069,0.23158032714378535,0.018468295479234967,11,True
simultaneous_eeg_nirs,VP001,chain_matched,193.73368375433034,SSM_Hb,full,simultaneous_eeg_nirs__VP001__prefrontal__r0__chain_matched__total__SSM_Hb__full,-0.5,True,stationary_feasible,5.4981019736999315e-12,1.5877730384993252e-06,190.51716315612677,0.016883101474525257,0.500000221119235,0.500000221119235,0.46313647138919184,0.03695388755316147,11,True
simultaneous_eeg_nirs,VP001,chain_matched,191.3355040513254,SSM_Hb,full,simultaneous_eeg_nirs__VP001__prefrontal__r0__chain_matched__total__SSM_Hb__full,0.25,True,stationary_feasible,1.425970452828551e-12,2.7794441124060544e-06,190.51716315612677,0.0042953657384032905,0.25000025227067696,0.25000025227067696,0.231596982063798,0.018460299984513245,9,True
simultaneous_eeg_nirs,VP001,chain_matched,193.8089763429977,SSM_Hb,full,simultaneous_eeg_nirs__VP001__prefrontal__r0__chain_matched__total__SSM_Hb__full,0.5,True,stationary_feasible,2.911337837474548e-12,1.8068160182823403e-06,190.51716315612677,0.017278302554680252,0.5000007009319676,0.5000007009319676,0.4632024327892664,0.03692234652791925,11,True
simultaneous_eeg_nirs,VP001,chain_matched,191.20168128964153,T,full,simultaneous_eeg_nirs__VP001__prefrontal__r0__chain_matched__total__T__full,-0.25,True,stationary_feasible,-2.1234869418407243e-10,8.00090180904895e-06,190.51716315612677,0.0035929473343763885,0.25000002863144144,0.22769072139802657,0.21133239883732916,0.017962009446542127,9,True
simultaneous_eeg_nirs,VP001,chain_matched,193.24119110781575,T,full,simultaneous_eeg_nirs__VP001__prefrontal__r0__chain_matched__total__T__full,-0.5,True,stationary_feasible,-5.856315432595238e-12,1.3563263672810253e-06,190.51716315612677,0.014298071137331966,0.5000000468800597,0.4554951778559144,0.42274563759923683,0.03588583752419605,11,True
simultaneous_eeg_nirs,VP001,chain_matched,191.2084583039968,T,full,simultaneous_eeg_nirs__VP001__prefrontal__r0__chain_matched__total__T__full,0.25,True,stationary_feasible,-9.709130721624604e-11,5.902119805989706e-06,190.51716315612677,0.0036285190080408308,0.250000055596621,0.22757212727543996,0.21124172977377328,0.018009181944483862,9,True
simultaneous_eeg_nirs,VP001,chain_matched,193.29562927931528,T,full,simultaneous_eeg_nirs__VP001__prefrontal__r0__chain_matched__total__T__full,0.5,True,stationary_feasible,-8.565537168436776e-12,1.722142218859833e-06,190.51716315612677,0.01458381007338213,0.5000001586117675,0.4550208924222068,0.4223835141145074,0.036074156919630465,11,True
simultaneous_eeg_nirs,VP001,chain_matched,197.7117966238243,X,full,simultaneous_eeg_nirs__VP001__prefrontal__r0__chain_matched__total__X__full,-0.25,True,stationary_feasible,-1.1570522318038456e-11,6.777427731368521e-07,190.51716315612677,0.037763702484912696,0.25000109119774916,0.15569019276491305,0.025087782628025516,0.15535394688885723,11,True
simultaneous_eeg_nirs,VP001,chain_matched,219.28595885209904,X,full,simultaneous_eeg_nirs__VP001__prefrontal__r0__chain_matched__total__X__full,-0.5,True,stationary_feasible,-2.9312108296153383e-12,5.877586710004424e-07,190.51716315612677,0.15100369551690496,0.5000023308184427,0.31125342662508554,0.04870156391384538,0.3107301165671744,11,False
simultaneous_eeg_nirs,VP001,chain_matched,197.70567517874707,X,full,simultaneous_eeg_nirs__VP001__prefrontal__r0__chain_matched__total__X__full,0.25,True,stationary_feasible,-5.4152682338326485e-11,1.8275519252385182e-06,190.51716315612677,0.037731571809776494,0.25000293488016,0.15587269283787994,0.027029005194994956,0.15534221620014665,11,True
simultaneous_eeg_nirs,VP001,chain_matched,219.2379321851951,X,full,simultaneous_eeg_nirs__VP001__prefrontal__r0__chain_matched__total__X__full,0.5,True,stationary_feasible,-1.3323786518526504e-10,3.837945551455258e-06,190.51716315612677,0.15075160974096574,0.500008939918054,0.31197940580716493,0.056352840891712205,0.3106832091810569,11,False
simultaneous_eeg_nirs,VP001,chain_matched,190.55377004732404,volume,full,simultaneous_eeg_nirs__VP001__prefrontal__r0__chain_matched__total__volume__full,-0.25,True,stationary_feasible,-2.5465185515827216e-12,2.7657126064608993e-06,190.51716315612677,0.0001921448471666942,0.25000430937530554,0.0046596485210146305,0.004041690292662865,0.001243591056500199,7,True
simultaneous_eeg_nirs,VP001,chain_matched,190.66364569110758,volume,full,simultaneous_eeg_nirs__VP001__prefrontal__r0__chain_matched__total__volume__full,-0.5,True,stationary_feasible,-2.5410784587620583e-12,2.734439547050706e-06,190.51716315612677,0.000768867920108407,0.5000086015889217,0.009233982553974479,0.008000798617927503,0.0024875329513519007,7,True
simultaneous_eeg_nirs,VP001,chain_matched,190.5539697790325,volume,full,simultaneous_eeg_nirs__VP001__prefrontal__r0__chain_matched__total__volume__full,0.25,True,stationary_feasible,-1.5837331446277858e-12,3.4749459702265475e-06,190.51716315612677,0.0001931932131257943,0.25000433032678554,0.004744753254719523,0.004123505616734061,0.0012441929231491405,7,True
simultaneous_eeg_nirs,VP001,chain_matched,190.66433726221123,volume,full,simultaneous_eeg_nirs__VP001__prefrontal__r0__chain_matched__total__volume__full,0.5,True,stationary_feasible,-1.5747958492795533e-12,3.507871764949359e-06,190.51716315612677,0.0007724978875727641,0.5000086800290642,0.009573971649362502,0.008328694931384772,0.0024880923136900396,7,True
simultaneous_eeg_nirs,VP001,chain_matched,6513.2458116944945,p_minus_v,full,simultaneous_eeg_nirs__VP001__prefrontal__r0__chain_matched__total__p_minus_v__full,-0.25,False,iteration_budget,0.24380017697572703,64.42178635473877,190.51716315612677,33.18718662295512,0.006468662654439525,9.008285337797323,8.09638656318996,2.5904985486213556,499,False
simultaneous_eeg_nirs,VP001,chain_matched,6578.75572462186,p_minus_v,full,simultaneous_eeg_nirs__VP001__prefrontal__r0__chain_matched__total__p_minus_v__full,-0.5,False,iteration_budget,0.49388350163075795,64.90860607165834,190.51716315612677,33.53103970076775,0.006380158873057934,9.031307958891427,8.114815990273396,2.6078379254345743,499,False
simultaneous_eeg_nirs,VP001,chain_matched,8939.46485532592,p_minus_v,full,simultaneous_eeg_nirs__VP001__prefrontal__r0__chain_matched__total__p_minus_v__full,0.25,False,iteration_budget,0.045834399191548164,61.66832771394391,190.51716315612677,45.92209723908247,0.32165955273160146,6.378118447374372,7.403484328911562,3.3732299339686462,499,False
simultaneous_eeg_nirs,VP001,chain_matched,241688.48721796012,p_minus_v,full,simultaneous_eeg_nirs__VP001__prefrontal__r0__chain_matched__total__p_minus_v__full,0.5,False,line_search_stalled,-0.4999998523582389,431.766021725627,190.51716315612677,1267.5916754906696,1.4823376712712094e-07,28.330382576038858,22.840946676549468,18.43518128688928,377,False
simultaneous_eeg_nirs,VP001,chain_matched,190.521017039442,flow,full,simultaneous_eeg_nirs__VP001__prefrontal__r0__chain_matched__total__flow__full,-0.25,True,stationary_feasible,1.199040866595169e-14,1.0123759871609048e-06,190.51716315612677,2.0228536113945606e-05,0.25000444674243255,0.0015250165839255107,0.0013253429198711623,0.00040715344754307145,7,True
simultaneous_eeg_nirs,VP001,chain_matched,190.532651465686,flow,full,simultaneous_eeg_nirs__VP001__prefrontal__r0__chain_matched__total__flow__full,-0.5,True,stationary_feasible,-6.217248937900877e-15,1.0106845845346456e-06,190.51716315612677,8.129613785262266e-05,0.5000088734988479,0.003043738120931592,0.002644211206012579,0.000815336725903692,7,True
simultaneous_eeg_nirs,VP001,chain_matched,190.52105430904777,flow,full,simultaneous_eeg_nirs__VP001__prefrontal__r0__chain_matched__total__flow__full,0.25,True,stationary_feasible,-1.7763568394002505e-15,1.0166022356364736e-06,190.51716315612677,2.0424159464367898e-05,0.25000447241640317,0.0015314500612128752,0.0013314849922011916,0.00040700658875185544,7,True
simultaneous_eeg_nirs,VP001,chain_matched,190.53265527277344,flow,full,simultaneous_eeg_nirs__VP001__prefrontal__r0__chain_matched__total__flow__full,0.5,True,stationary_feasible,2.220446049250313e-16,1.0182668924541452e-06,190.51716315612677,8.13161207632178e-05,0.5000089661159064,0.0030690297348794594,0.0026693063507365585,0.000812977306306277,7,True
simultaneous_eeg_nirs,VP001,chain_matched,190.75472614200538,driver,full,simultaneous_eeg_nirs__VP001__prefrontal__r0__chain_matched__total__driver__full,-0.25,True,stationary_feasible,-5.551115123125783e-17,8.078338953293482e-06,190.51716315612677,0.0012469374514249454,0.250005898947398,0.01172386538413826,0.010152582908849456,0.0033660814064650165,7,True
simultaneous_eeg_nirs,VP001,chain_matched,191.4794013630572,driver,full,simultaneous_eeg_nirs__VP001__prefrontal__r0__chain_matched__total__driver__full,-0.5,True,stationary_feasible,1.1102230246251565e-16,7.982437181067642e-06,190.51716315612677,0.005050664155343803,0.5000115917996707,0.023046268638350353,0.01989790749026375,0.006782984356167106,7,True
simultaneous_eeg_nirs,VP001,chain_matched,190.7495686041494,driver,full,simultaneous_eeg_nirs__VP001__prefrontal__r0__chain_matched__total__driver__full,0.25,True,stationary_feasible,0.0,8.347322874682846e-06,190.51716315612677,0.0012198662008848962,0.25000615718956337,0.01210422392645026,0.010536679440294327,0.0033185706835575043,7,True
simultaneous_eeg_nirs,VP001,chain_matched,191.43581607611878,driver,full,simultaneous_eeg_nirs__VP001__prefrontal__r0__chain_matched__total__driver__full,0.5,True,stationary_feasible,1.6653345369377348e-16,8.43518602440406e-06,190.51716315612677,0.004821890609609733,0.5000126217282054,0.024566851516751084,0.021434838352458557,0.006590679710924732,7,True
simultaneous_eeg_nirs,VP001,chain_first,183.7229876122413,SSM_Hb,full,simultaneous_eeg_nirs__VP001__prefrontal__r0__chain_first__data__SSM_Hb__full,-0.25,True,stationary_feasible,7.069160118389206e-10,3.983455497152675e-06,183.14614448236165,0.003149632942096703,0.2500014232635349,0.2500014232635349,0.23061511725403708,0.019547559146408076,26,True
simultaneous_eeg_nirs,VP001,chain_first,185.45176670087474,SSM_Hb,full,simultaneous_eeg_nirs__VP001__prefrontal__r0__chain_first__data__SSM_Hb__full,-0.5,True,stationary_feasible,1.7731210943949804e-10,3.326177776929801e-06,183.14614448236165,0.012588974914157378,0.5000015248553382,0.5000015248553382,0.4611881224244685,0.03913906527263066,30,True
simultaneous_eeg_nirs,VP001,chain_first,183.72381704344622,SSM_Hb,full,simultaneous_eeg_nirs__VP001__prefrontal__r0__chain_first__data__SSM_Hb__full,0.25,True,stationary_feasible,4.0345782270634345e-11,5.313772941465458e-06,183.14614448236165,0.0031541617363405813,0.2500029939473158,0.2500029939473158,0.2306779940422263,0.01948666195578691,31,True
simultaneous_eeg_nirs,VP001,chain_first,185.4584108381722,SSM_Hb,full,simultaneous_eeg_nirs__VP001__prefrontal__r0__chain_first__data__SSM_Hb__full,0.5,True,stationary_feasible,4.1733283495659634e-13,8.49267134685456e-07,183.14614448236165,0.012625252703767612,0.5000075474002099,0.5000075474002099,0.4614325557991061,0.038899564108317686,30,True
simultaneous_eeg_nirs,VP001,chain_first,183.63308660124093,T,full,simultaneous_eeg_nirs__VP001__prefrontal__r0__chain_first__data__T__full,-0.25,True,stationary_feasible,-7.5788458842041e-09,1.742494454643176e-06,183.14614448236165,0.0026587625977907516,0.25000008067456975,0.227931631856939,0.21068904349782272,0.018639263604255756,26,True
simultaneous_eeg_nirs,VP001,chain_first,185.092126929145,T,full,simultaneous_eeg_nirs__VP001__prefrontal__r0__chain_first__data__T__full,-0.5,True,stationary_feasible,-2.4397072029280764e-08,3.9750986730552266e-06,183.14614448236165,0.010625298459235433,0.5000000717280438,0.4558253004711771,0.42132311569389447,0.037311665926010935,18,True
simultaneous_eeg_nirs,VP001,chain_first,183.63394883746352,T,full,simultaneous_eeg_nirs__VP001__prefrontal__r0__chain_first__data__T__full,0.25,True,stationary_feasible,-7.2291336944418916e-09,9.273712624411454e-06,183.14614448236165,0.0026634705113808784,0.2500002028184613,0.22796840239755617,0.21075401613994496,0.01859809978126217,28,True
simultaneous_eeg_nirs,VP001,chain_first,185.09901399325616,T,full,simultaneous_eeg_nirs__VP001__prefrontal__r0__chain_first__data__T__full,0.5,True,stationary_feasible,-3.5261951691900606e-10,8.850225730200731e-06,183.14614448236165,0.010662902658497361,0.5000005854109134,0.4559771139114521,0.4215860317028258,0.03714555755250261,30,True
simultaneous_eeg_nirs,VP001,chain_first,189.62548497567366,X,full,simultaneous_eeg_nirs__VP001__prefrontal__r0__chain_first__data__X__full,-0.25,True,stationary_feasible,-3.860467501226594e-12,3.561265414709262e-07,183.14614448236165,0.03537797921777173,0.25010463092178115,0.15919260520635203,0.047849098636762365,0.155588752041441,65,True
simultaneous_eeg_nirs,VP001,chain_first,209.15470414146668,X,full,simultaneous_eeg_nirs__VP001__prefrontal__r0__chain_first__data__X__full,-0.5,True,stationary_feasible,-3.581555052534213e-10,4.914908243711403e-06,183.14614448236165,0.14200986721623207,0.5000338334101077,0.3187359674447913,0.09873152273199713,0.3110033083673508,34,False
simultaneous_eeg_nirs,VP001,chain_first,189.56102534714265,X,full,simultaneous_eeg_nirs__VP001__prefrontal__r0__chain_first__data__X__full,0.25,True,stationary_feasible,-4.676775855472215e-09,4.267061834501539e-06,183.14614448236165,0.0350260218849368,0.2502570509302661,0.15964596555151647,0.04848451668685146,0.15574671276364538,73,True
simultaneous_eeg_nirs,VP001,chain_first,208.70211895569182,X,full,simultaneous_eeg_nirs__VP001__prefrontal__r0__chain_first__data__X__full,0.5,True,stationary_feasible,-3.024937966777941e-09,6.258521237901554e-06,183.14614448236165,0.1395386976098282,0.500541063141814,0.31978951967959357,0.09829005420992289,0.3114812686626334,84,False
simultaneous_eeg_nirs,VP001,chain_first,183.14778619353459,volume,full,simultaneous_eeg_nirs__VP001__prefrontal__r0__chain_first__data__volume__full,-0.25,True,stationary_feasible,-6.45350439754111e-12,1.6814715055856142e-06,183.14614448236165,8.963940669222634e-06,0.2500056997341739,0.0016621617710455099,0.0006036828956955398,0.0015745156931966636,7,True
simultaneous_eeg_nirs,VP001,chain_first,183.15281894994206,volume,full,simultaneous_eeg_nirs__VP001__prefrontal__r0__chain_first__data__volume__full,-0.5,True,stationary_feasible,-6.837197474851564e-12,1.6910204657584767e-06,183.14614448236165,3.644339660698147e-05,0.5000116393709664,0.0033449448704824555,0.0012087543123785775,0.003171113609531765,7,True
simultaneous_eeg_nirs,VP001,chain_first,183.14779992852235,volume,full,simultaneous_eeg_nirs__VP001__prefrontal__r0__chain_first__data__volume__full,0.25,True,stationary_feasible,-7.116085498637403e-12,2.2161428696248907e-06,183.14614448236165,9.038935356112124e-06,0.2500054393621307,0.0016405455933110429,0.0006013028990767032,0.0015518645441950202,7,True
simultaneous_eeg_nirs,VP001,chain_first,183.15266224787186,volume,full,simultaneous_eeg_nirs__VP001__prefrontal__r0__chain_first__data__volume__full,0.5,True,stationary_feasible,-6.673772645626741e-12,2.207213155443036e-06,183.14614448236165,3.558778443647853e-05,0.5000106727132557,0.003261401050346903,0.0012009997349007632,0.0030827020871000846,7,True
simultaneous_eeg_nirs,VP001,chain_first,1375.7841301114988,p_minus_v,full,simultaneous_eeg_nirs__VP001__prefrontal__r0__chain_first__data__p_minus_v__full,-0.25,False,iteration_budget,0.2065379005593227,32.25315877551094,183.14614448236165,6.511946997300821,0.04706139450252011,3.3952297779591154,2.7103856913224993,1.320028464311363,499,False
simultaneous_eeg_nirs,VP001,chain_first,1519.5620207782217,p_minus_v,full,simultaneous_eeg_nirs__VP001__prefrontal__r0__chain_first__data__p_minus_v__full,-0.5,False,iteration_budget,0.45552909324417795,34.06320769913377,183.14614448236165,7.296991591458628,0.048149317231731395,3.4614959012446618,2.723045564473847,1.3993921960400884,499,False
simultaneous_eeg_nirs,VP001,chain_first,11463.118850527782,p_minus_v,full,simultaneous_eeg_nirs__VP001__prefrontal__r0__chain_first__data__p_minus_v__full,0.25,False,iteration_budget,-0.07713737442174307,98.36109121335146,183.14614448236165,61.5900091040779,0.1897781453851882,4.3618866103588925,0.48022747068522276,4.219645334649228,499,False
simultaneous_eeg_nirs,VP001,chain_first,16762.633104380606,p_minus_v,full,simultaneous_eeg_nirs__VP001__prefrontal__r0__chain_first__data__p_minus_v__full,0.5,False,iteration_budget,-0.2808656316194541,120.5015031419371,183.14614448236165,90.5259950011941,0.2401633257133442,5.191347515662872,0.3653923658886325,5.083489627549298,499,False
simultaneous_eeg_nirs,VP001,chain_first,183.14647690381372,flow,full,simultaneous_eeg_nirs__VP001__prefrontal__r0__chain_first__data__flow__full,-0.25,True,stationary_feasible,0.0,9.048950618604949e-07,183.14614448236165,1.8150611524541252e-06,0.2500071008528607,0.0007538150784937449,0.0002739671312909031,0.0007138038069868937,7,True
simultaneous_eeg_nirs,VP001,chain_first,183.14750416484497,flow,full,simultaneous_eeg_nirs__VP001__prefrontal__r0__chain_first__data__flow__full,-0.5,True,stationary_feasible,0.0,9.09838722594035e-07,183.14614448236165,7.424030067183255e-06,0.5000142979955248,0.0015136698956594653,0.0005487914094727478,0.001433914781936807,7,True
simultaneous_eeg_nirs,VP001,chain_first,183.1464922677821,flow,full,simultaneous_eeg_nirs__VP001__prefrontal__r0__chain_first__data__flow__full,0.25,True,stationary_feasible,-2.1316282072803006e-14,8.918663381404916e-07,183.14614448236165,1.8989502696207388e-06,0.2500069049552336,0.0007464474978530536,0.0002721950741850697,0.0007065395419976865,7,True
simultaneous_eeg_nirs,VP001,chain_first,183.14750600461886,flow,full,simultaneous_eeg_nirs__VP001__prefrontal__r0__chain_first__data__flow__full,0.5,True,stationary_feasible,0.0,8.873961275138745e-07,183.14614448236165,7.434075454118445e-06,0.500013724169596,0.0014871161282616933,0.0005436241429260853,0.0014070093992106342,7,True
simultaneous_eeg_nirs,VP001,chain_first,183.1678873125738,driver,full,simultaneous_eeg_nirs__VP001__prefrontal__r0__chain_first__data__driver__full,-0.25,True,stationary_feasible,0.0,8.841793407371094e-06,183.14614448236165,0.00011871847083439877,0.25001722787023234,0.006041327660241133,0.002170750424176348,0.005731248770964719,7,True
simultaneous_eeg_nirs,VP001,chain_first,183.23858944809035,driver,full,simultaneous_eeg_nirs__VP001__prefrontal__r0__chain_first__data__driver__full,-0.5,True,stationary_feasible,0.0,9.544250836381133e-06,183.14614448236165,0.0005047606434194191,0.5000365909727732,0.012513781333306547,0.004407242123707968,0.011907477477350001,7,True
simultaneous_eeg_nirs,VP001,chain_first,183.16576424355966,driver,full,simultaneous_eeg_nirs__VP001__prefrontal__r0__chain_first__data__driver__full,0.25,True,stationary_feasible,0.0,7.773282292293065e-06,183.14614448236165,0.00010712625839581827,0.2500155231634301,0.0056531254555013755,0.002098936203699312,0.005334830111955568,7,True
simultaneous_eeg_nirs,VP001,chain_first,183.2205341137316,driver,full,simultaneous_eeg_nirs__VP001__prefrontal__r0__chain_first__data__driver__full,0.5,True,stationary_feasible,-8.881784197001252e-16,7.471561687747332e-06,183.14614448236165,0.0004061763439257317,0.500029736302873,0.010957382013630742,0.004121426349037521,0.010317681535263641,7,True
simultaneous_eeg_nirs,VP001,chain_first,190.88507119408413,SSM_Hb,full,simultaneous_eeg_nirs__VP001__prefrontal__r0__chain_first__total__SSM_Hb__full,-0.25,True,stationary_feasible,1.910238633939798e-11,3.2446522664431514e-06,190.0838492437626,0.004215097460984518,0.250000542722245,0.250000542722245,0.23153505938068397,0.01851804862157256,13,True
simultaneous_eeg_nirs,VP001,chain_first,193.27359902297255,SSM_Hb,full,simultaneous_eeg_nirs__VP001__prefrontal__r0__chain_first__total__SSM_Hb__full,-0.5,True,stationary_feasible,3.9212466607096985e-11,4.763953228861956e-06,190.0838492437626,0.016780751189015758,0.5000009866670041,0.5000009866670041,0.46306194320107397,0.0370347810032575,13,True
simultaneous_eeg_nirs,VP001,chain_first,190.89191706665832,SSM_Hb,full,simultaneous_eeg_nirs__VP001__prefrontal__r0__chain_first__total__SSM_Hb__full,0.25,True,stationary_feasible,1.3541884280598993e-10,9.387768763456627e-06,190.0838492437626,0.0042511124754185435,0.2500007673966088,0.2500007673966088,0.23153030366091815,0.018534484976282,11,True
simultaneous_eeg_nirs,VP001,chain_first,193.32828412224325,SSM_Hb,full,simultaneous_eeg_nirs__VP001__prefrontal__r0__chain_first__total__SSM_Hb__full,0.5,True,stationary_feasible,9.976375281439687e-11,8.820085024527544e-06,190.0838492437626,0.017068440540258703,0.5000019103240931,0.5000019103240932,0.46304351863519155,0.037100257337514674,11,True
simultaneous_eeg_nirs,VP001,chain_first,190.7614839517449,T,full,simultaneous_eeg_nirs__VP001__prefrontal__r0__chain_first__total__T__full,-0.25,True,stationary_feasible,-1.60350621669636e-11,2.220815436717565e-06,190.0838492437626,0.0035649252194663084,0.2500001087182528,0.22766168402993717,0.21126247621321737,0.018019159968281604,13,True
simultaneous_eeg_nirs,VP001,chain_first,192.78375546541017,T,full,simultaneous_eeg_nirs__VP001__prefrontal__r0__chain_first__total__T__full,-0.5,True,stationary_feasible,-3.567013351357673e-11,3.419606652962111e-06,190.0838492437626,0.014203764456522733,0.5000001973267698,0.45544086697536834,0.42262358102338893,0.03598337920540555,13,True
simultaneous_eeg_nirs,VP001,chain_first,190.76623733694868,T,full,simultaneous_eeg_nirs__VP001__prefrontal__r0__chain_first__total__T__full,0.25,True,stationary_feasible,-5.5868726311913974e-11,4.034012907701774e-06,190.0838492437626,0.003589932000540457,0.25000015670174724,0.2275421748999886,0.21115389084559616,0.018084345500299696,9,True
simultaneous_eeg_nirs,VP001,chain_first,192.8217728900712,T,full,simultaneous_eeg_nirs__VP001__prefrontal__r0__chain_first__total__T__full,0.5,True,stationary_feasible,-1.9400342443631757e-10,7.735089182714466e-06,190.0838492437626,0.01440376790138291,0.5000003920756564,0.45496270058695515,0.42218868751597544,0.03624461917390488,11,True
simultaneous_eeg_nirs,VP001,chain_first,197.2542536808437,X,full,simultaneous_eeg_nirs__VP001__prefrontal__r0__chain_first__total__X__full,-0.25,True,stationary_feasible,-3.22617488279775e-11,1.2796324859483696e-06,190.0838492437626,0.03772232341468331,0.2500009731955327,0.15579520143631556,0.026302683121812463,0.15535362126378358,14,True
simultaneous_eeg_nirs,VP001,chain_first,218.76692196998764,X,full,simultaneous_eeg_nirs__VP001__prefrontal__r0__chain_first__total__X__full,-0.5,True,stationary_feasible,-4.186897495372932e-10,6.352572626436923e-06,190.0838492437626,0.15089694805918002,0.5000021153187257,0.3113409785316329,0.04995321604247776,0.3107430425602495,11,False
simultaneous_eeg_nirs,VP001,chain_first,197.2343780957598,X,full,simultaneous_eeg_nirs__VP001__prefrontal__r0__chain_first__total__X__full,0.25,True,stationary_feasible,-4.9510284760856393e-11,1.9479971651487627e-06,190.0838492437626,0.03761776121666928,0.25000344110201794,0.15616521283702345,0.029712040020011776,0.15533724093377788,15,True
simultaneous_eeg_nirs,VP001,chain_first,218.61078506107486,X,full,simultaneous_eeg_nirs__VP001__prefrontal__r0__chain_first__total__X__full,0.5,True,stationary_feasible,-4.6409653897683256e-11,2.2471319960296424e-06,190.0838492437626,0.15007553735262102,0.500011006382503,0.31279292344677595,0.06321004598102836,0.3106775940354436,17,False
simultaneous_eeg_nirs,VP001,chain_first,190.10383569915146,volume,full,simultaneous_eeg_nirs__VP001__prefrontal__r0__chain_first__total__volume__full,-0.25,True,stationary_feasible,-2.7757796061678164e-12,2.7348800015784117e-06,190.0838492437626,0.00010514546853080566,0.2500043741690364,0.0044177922457604496,0.0038860784915591045,0.001001652120806408,7,True
simultaneous_eeg_nirs,VP001,chain_first,190.16391171217046,volume,full,simultaneous_eeg_nirs__VP001__prefrontal__r0__chain_first__total__volume__full,-0.5,True,stationary_feasible,-2.785993657994368e-12,2.7042216089431486e-06,190.0838492437626,0.0004211955341098044,0.5000087714977006,0.0087469023749051,0.00768728011983487,0.002004784113080888,7,True
simultaneous_eeg_nirs,VP001,chain_first,190.10381511762947,volume,full,simultaneous_eeg_nirs__VP001__prefrontal__r0__chain_first__total__volume__full,0.25,True,stationary_feasible,-1.6979750938617144e-12,3.4429349228585347e-06,190.0838492437626,0.00010503719251432069,0.25000436918846636,0.00450521328377303,0.003969669787391956,0.0010007484814470293,7,True
simultaneous_eeg_nirs,VP001,chain_first,190.1635956418548,volume,full,simultaneous_eeg_nirs__VP001__prefrontal__r0__chain_first__total__volume__full,0.5,True,stationary_feasible,-1.6861512186494565e-12,3.4770469722764695e-06,190.0838492437626,0.00041953273994341076,0.5000087170782155,0.009098334679376983,0.008023354734758778,0.0020002635866466123,7,True
simultaneous_eeg_nirs,VP001,chain_first,36368.738538441736,p_minus_v,full,simultaneous_eeg_nirs__VP001__prefrontal__r0__chain_first__total__p_minus_v__full,-0.25,False,iteration_budget,0.23137784543362722,161.35448050315233,190.0838492437626,190.32997718182068,0.01980173252282093,13.43401654768066,11.083794861987467,6.8777078712771385,499,False
simultaneous_eeg_nirs,VP001,chain_first,37771.73203612932,p_minus_v,full,simultaneous_eeg_nirs__VP001__prefrontal__r0__chain_first__total__p_minus_v__full,-0.5,False,iteration_budget,0.4804072747090913,163.87475471015486,190.0838492437626,197.71089619871404,0.020854258970422344,13.579309347291513,11.164557822650288,7.01697477212191,499,False
simultaneous_eeg_nirs,VP001,chain_first,254817.18587796413,p_minus_v,full,simultaneous_eeg_nirs__VP001__prefrontal__r0__chain_first__total__p_minus_v__full,0.25,False,line_search_stalled,-0.24999991131724644,436.92857020850533,190.0838492437626,1339.5514823681197,8.868463265983358e-08,27.063056446654386,20.535911249235916,18.862636202173846,376,False
simultaneous_eeg_nirs,VP001,chain_first,254817.1859016259,p_minus_v,full,simultaneous_eeg_nirs__VP001__prefrontal__r0__chain_first__total__p_minus_v__full,0.5,False,line_search_stalled,-0.49999991131724014,436.9285702269048,190.0838492437626,1339.5514824926004,8.868463899312018e-08,27.063056447189922,20.535911249158712,18.86263620302155,377,False
simultaneous_eeg_nirs,VP001,chain_first,190.0859845189409,flow,full,simultaneous_eeg_nirs__VP001__prefrontal__r0__chain_first__total__flow__full,-0.25,True,stationary_feasible,9.769962616701378e-15,1.0084866342840512e-06,190.0838492437626,1.123333300968714e-05,0.250004454835268,0.0014552841187780792,0.0012822983144948953,0.0003269890499655047,7,True
simultaneous_eeg_nirs,VP001,chain_first,190.09241687874353,flow,full,simultaneous_eeg_nirs__VP001__prefrontal__r0__chain_first__total__flow__full,-0.5,True,stationary_feasible,2.6645352591003757e-15,1.0067403231960971e-06,190.0838492437626,4.507292447535525e-05,0.5000089240062411,0.0029033504995953415,0.0025575245407953337,0.0006548478534739015,7,True
simultaneous_eeg_nirs,VP001,chain_first,190.08598367597858,flow,full,simultaneous_eeg_nirs__VP001__prefrontal__r0__chain_first__total__flow__full,0.25,True,stationary_feasible,1.4654943925052066e-14,1.0131263446709267e-06,190.0838492437626,1.122889832296588e-05,0.25000449377049433,0.0014615509608946532,0.0012884748138032537,0.000326578565547849,7,True
simultaneous_eeg_nirs,VP001,chain_first,190.09236065480158,flow,full,simultaneous_eeg_nirs__VP001__prefrontal__r0__chain_first__total__flow__full,0.5,True,stationary_feasible,7.105427357601002e-15,1.0148330181277577e-06,190.0838492437626,4.4777139524780084e-05,0.5000089742470571,0.0029301423325038055,0.0025838683901073904,0.000652308227918731,7,True
simultaneous_eeg_nirs,VP001,chain_first,190.21549621466332,driver,full,simultaneous_eeg_nirs__VP001__prefrontal__r0__chain_first__total__driver__full,-0.25,True,stationary_feasible,0.0,8.061518652536688e-06,190.0838492437626,0.0006925731535029511,0.2500059683545708,0.011133463807319754,0.009804438815351719,0.0025890393495608777,7,True
simultaneous_eeg_nirs,VP001,chain_first,190.61946852948088,driver,full,simultaneous_eeg_nirs__VP001__prefrontal__r0__chain_first__total__driver__full,-0.5,True,stationary_feasible,2.220446049250313e-16,7.963338333039476e-06,190.0838492437626,0.0028178053414281506,0.5000118635777785,0.021828016845011195,0.019176549775679487,0.005225170103573774,7,True
simultaneous_eeg_nirs,VP001,chain_first,190.21128059098075,driver,full,simultaneous_eeg_nirs__VP001__prefrontal__r0__chain_first__total__driver__full,0.25,True,stationary_feasible,0.0,8.335301635424582e-06,190.0838492437626,0.0006703954477202629,0.2500060783468528,0.011549085213910888,0.010212348652340969,0.002546055988989973,7,True
simultaneous_eeg_nirs,VP001,chain_first,190.58533066107637,driver,full,simultaneous_eeg_nirs__VP001__prefrontal__r0__chain_first__total__driver__full,0.5,True,stationary_feasible,-2.7755575615628914e-17,8.42561423286487e-06,190.0838492437626,0.0026382116066614703,0.5000122837645291,0.023491805773328375,0.020809875896089302,0.005051676075466858,7,True
visual_cognitive_motivation,S02,free,381.4317775546921,SSM_Hb,full,visual_cognitive_motivation__S02__prefrontal__montage0__r0__free__data__SSM_Hb__full,-0.25,True,stationary_feasible,-1.0041754094913813e-09,9.473073793454875e-06,381.29976181013785,0.0003462256150581042,0.2500462481854406,0.2500462481854406,0.24786085153120804,0.011755552228761719,43,True
visual_cognitive_motivation,S02,free,381.81695149332427,SSM_Hb,full,visual_cognitive_motivation__S02__prefrontal__montage0__r0__free__data__SSM_Hb__full,-0.5,True,stationary_feasible,-9.450171756242298e-10,8.490275199743346e-06,381.29976181013785,0.0013563860641589971,0.5001507086961412,0.5001507086961412,0.49604364815969326,0.023595669383802496,38,True
visual_cognitive_motivation,S02,free,381.43610630505077,SSM_Hb,full,visual_cognitive_motivation__S02__prefrontal__montage0__r0__free__data__SSM_Hb__full,0.25,True,stationary_feasible,-4.780043028063119e-10,7.029675896120622e-06,381.29976181013785,0.0003575782325843924,0.25001295515395705,0.25001295515395705,0.2476112744837221,0.011534238043409717,30,True
visual_cognitive_motivation,S02,free,381.8508695914706,SSM_Hb,full,visual_cognitive_motivation__S02__prefrontal__montage0__r0__free__data__SSM_Hb__full,0.5,True,stationary_feasible,-5.886162668389261e-10,6.707203902315403e-06,381.29976181013785,0.0014453399569841889,0.5000116533049482,0.5000116533049482,0.4950603531565665,0.022710422478703054,38,True
visual_cognitive_motivation,S02,free,381.3484742686197,T,full,visual_cognitive_motivation__S02__prefrontal__montage0__r0__free__data__T__full,-0.25,True,stationary_feasible,-3.3260985077276928e-09,8.779485694722463e-06,381.29976181013785,0.0001277537081340444,0.25002370699055343,0.15120425907021448,0.14983941178141086,0.0071199110964721285,46,True
visual_cognitive_motivation,S02,free,381.4923996881316,T,full,visual_cognitive_motivation__S02__prefrontal__montage0__r0__free__data__T__full,-0.5,True,stationary_feasible,-1.3305898605153743e-09,5.923868338138807e-06,381.29976181013785,0.0005052137380817351,0.5000694351327787,0.3024316264667402,0.2997927179254958,0.014288426867499216,46,True
visual_cognitive_motivation,S02,free,381.34944857101715,T,full,visual_cognitive_motivation__S02__prefrontal__montage0__r0__free__data__T__full,0.25,True,stationary_feasible,-5.833273863942168e-09,9.815650418854516e-06,381.29976181013785,0.00013030892189237067,0.25000901107124385,0.1511853021662168,0.1497396798185028,0.0070379438038527435,36,True
visual_cognitive_motivation,S02,free,381.50002265038637,T,full,visual_cognitive_motivation__S02__prefrontal__montage0__r0__free__data__T__full,0.5,True,stationary_feasible,-4.515581464303864e-09,8.979533973034839e-06,381.29976181013785,0.0005252057837587496,0.5000097718305718,0.3023560694381519,0.2993996506973229,0.013968116113291204,41,True
visual_cognitive_motivation,S02,free,392.6082173434391,X,full,visual_cognitive_motivation__S02__prefrontal__montage0__r0__free__data__X__full,-0.25,True,stationary_feasible,2.425056266908143e-10,5.303321103810473e-06,381.29976181013785,0.029657651711128285,0.2501063877717687,0.24659620397872647,0.11912839650590265,0.2175266305972218,42,True
visual_cognitive_motivation,S02,free,426.5099582149773,X,full,visual_cognitive_motivation__S02__prefrontal__montage0__r0__free__data__X__full,-0.5,True,stationary_feasible,6.025024923417277e-11,6.4455836896620174e-06,381.29976181013785,0.1185686458082582,0.5001637232478158,0.5107657843905442,0.27394805241635095,0.4351781742280759,38,False
visual_cognitive_motivation,S02,free,392.6231055515005,X,full,visual_cognitive_motivation__S02__prefrontal__montage0__r0__free__data__X__full,0.25,True,stationary_feasible,1.526392623407702e-10,6.65535651303805e-06,381.29976181013785,0.02969669765228155,0.25011259098766714,0.23563300298254652,0.09309390003086031,0.21747069785313586,32,True
visual_cognitive_motivation,S02,free,426.6179554329509,X,full,visual_cognitive_motivation__S02__prefrontal__montage0__r0__free__data__X__full,0.5,True,stationary_feasible,-4.0452108329702696e-10,9.098337518488749e-06,381.29976181013785,0.11885188023111992,0.5002195781714855,0.46537098767394885,0.169839962882081,0.4349184572656795,59,False
visual_cognitive_motivation,S02,free,381.3046750296474,volume,full,visual_cognitive_motivation__S02__prefrontal__montage0__r0__free__data__volume__full,-0.25,True,stationary_feasible,1.1297629498585593e-11,4.383166003544587e-06,381.29976181013785,1.2885451294861196e-05,0.2501853093842752,0.00803402722200374,0.007952747146878682,0.0021926340014102874,11,True
visual_cognitive_motivation,S02,free,381.3194670536184,volume,full,visual_cognitive_motivation__S02__prefrontal__montage0__r0__free__data__volume__full,-0.5,True,stationary_feasible,1.4630074929300463e-11,4.488259644465268e-06,381.29976181013785,5.167913923413872e-05,0.5003877693287683,0.01616993138153592,0.016004919727310798,0.00441669897867618,11,True
visual_cognitive_motivation,S02,free,381.3046810931278,volume,full,visual_cognitive_motivation__S02__prefrontal__montage0__r0__free__data__volume__full,0.25,True,stationary_feasible,6.458833468059311e-12,3.850502884997767e-06,381.29976181013785,1.2901353430114757e-05,0.2501684076349701,0.007899702708016224,0.007819419185533598,0.0021588784283000945,11,True
visual_cognitive_motivation,S02,free,381.31938187791803,volume,full,visual_cognitive_motivation__S02__prefrontal__montage0__r0__free__data__volume__full,0.5,True,stationary_feasible,5.041300710217911e-12,3.7638559668288927e-06,381.29976181013785,5.145575671759983e-05,0.5003224127093457,0.015684235712305376,0.015525029815855539,0.004287980701261445,11,True
visual_cognitive_motivation,S02,free,381.3142286591465,p_minus_v,full,visual_cognitive_motivation__S02__prefrontal__montage0__r0__free__data__p_minus_v__full,-0.25,True,stationary_feasible,-7.086337072692572e-11,3.2163454061441017e-06,381.29976181013785,3.7940881316033084e-05,0.2500016479611442,0.06934684642851442,0.07095486761035093,0.005230439627373033,27,True
visual_cognitive_motivation,S02,free,381.35803591412133,p_minus_v,full,visual_cognitive_motivation__S02__prefrontal__montage0__r0__free__data__p_minus_v__full,-0.5,True,stationary_feasible,-4.387559759955195e-11,3.631143442395047e-06,381.29976181013785,0.0001528301609915385,0.5000118319515513,0.13839755995319097,0.14164457033639416,0.01051401633195823,27,True
visual_cognitive_motivation,S02,free,381.31398838155656,p_minus_v,full,visual_cognitive_motivation__S02__prefrontal__montage0__r0__free__data__p_minus_v__full,0.25,True,stationary_feasible,-2.87303514312498e-12,7.830087024753722e-06,381.29976181013785,3.731072726393994e-05,0.2500012228842017,0.06962143576847186,0.07119671998061368,0.0051785497181045075,31,True
visual_cognitive_motivation,S02,free,381.35624251703956,p_minus_v,full,visual_cognitive_motivation__S02__prefrontal__montage0__r0__free__data__p_minus_v__full,0.5,True,stationary_feasible,-8.56099635626606e-11,6.165664479253105e-06,381.29976181013785,0.00014812678254394747,0.5000108204053357,0.1395491215032795,0.1426660643516424,0.010300584064937153,31,True
visual_cognitive_motivation,S02,free,381.3014538611316,flow,full,visual_cognitive_motivation__S02__prefrontal__montage0__r0__free__data__flow__full,-0.25,True,stationary_feasible,6.266986929404084e-12,3.5128858201394298e-06,381.29976181013785,4.43758733479149e-06,0.250261842048781,0.003790466532163332,0.003672651809745187,0.0012727616656837207,11,True
visual_cognitive_motivation,S02,free,381.30657732884424,flow,full,visual_cognitive_motivation__S02__prefrontal__montage0__r0__free__data__flow__full,-0.5,True,stationary_feasible,6.984635092521785e-12,3.5848193271202104e-06,381.29976181013785,1.7874437356147868e-05,0.5005403966006485,0.00762182768676882,0.007383973675084426,0.0025621898426425225,11,True
visual_cognitive_motivation,S02,free,381.30144979857215,flow,full,visual_cognitive_motivation__S02__prefrontal__montage0__r0__free__data__flow__full,0.25,True,stationary_feasible,4.54036808150704e-12,3.3004211938954653e-06,381.29976181013785,4.42693283175695e-06,0.2502433670136607,0.003721288287732632,0.003604032644702522,0.0012532543128907054,11,True
visual_cognitive_motivation,S02,free,381.3064668869046,flow,full,visual_cognitive_motivation__S02__prefrontal__montage0__r0__free__data__flow__full,0.5,True,stationary_feasible,4.121147867408581e-12,3.235635465184966e-06,381.29976181013785,1.7584791385478182e-05,0.5004717620121277,0.007402330862994658,0.007169826059132366,0.0024907719366287144,11,True
visual_cognitive_motivation,S02,free,381.41150233289164,driver,full,visual_cognitive_motivation__S02__prefrontal__montage0__r0__free__data__driver__full,-0.25,True,stationary_feasible,0.0,2.431678582668452e-06,381.29976181013785,0.0002930516458319503,0.2500502564256576,0.032681769674773056,0.03193824713418182,0.010223961755383515,13,True
visual_cognitive_motivation,S02,free,381.7659035848617,driver,full,visual_cognitive_motivation__S02__prefrontal__montage0__r0__free__data__driver__full,-0.5,True,stationary_feasible,0.0,4.6751769297832465e-06,381.29976181013785,0.0012225073850320035,0.5001223078616545,0.06840993027362573,0.06678862652163167,0.021656664122015296,13,True
visual_cognitive_motivation,S02,free,381.4026288333076,driver,full,visual_cognitive_motivation__S02__prefrontal__montage0__r0__free__data__driver__full,0.25,True,stationary_feasible,0.0,1.271388660344589e-06,381.29976181013785,0.00026977993031357557,0.25003684911881136,0.029078146410552053,0.02837988224709204,0.009178447782443188,13,True
visual_cognitive_motivation,S02,free,381.6943346582214,driver,full,visual_cognitive_motivation__S02__prefrontal__montage0__r0__free__data__driver__full,0.5,True,stationary_feasible,1.7763568394002505e-15,1.1213017222486197e-06,381.29976181013785,0.001034810109008216,0.5000658427795451,0.05468344518804006,0.05329659630720539,0.01746287995071183,13,True
visual_cognitive_motivation,S02,free,425.3166012325679,SSM_Hb,full,visual_cognitive_motivation__S02__prefrontal__montage0__r0__free__total__SSM_Hb__full,-0.25,True,stationary_feasible,-8.916423155369557e-12,5.029873549082516e-06,424.67854452276947,0.001502446304452341,0.2500013534786568,0.2500013534786568,0.23346640252046755,0.017957924063861066,11,True
visual_cognitive_motivation,S02,free,427.2135016855796,SSM_Hb,full,visual_cognitive_motivation__S02__prefrontal__montage0__r0__free__total__SSM_Hb__full,-0.5,True,stationary_feasible,-1.57907020792436e-11,6.294598701922148e-06,424.67854452276947,0.005969119927305936,0.5000029565659564,0.5000029565659564,0.466925964561315,0.0359729904039932,11,True
visual_cognitive_motivation,S02,free,425.32520376269315,SSM_Hb,full,visual_cognitive_motivation__S02__prefrontal__montage0__r0__free__total__SSM_Hb__full,0.25,True,stationary_feasible,-1.510791491909913e-12,2.836183526632515e-06,424.67854452276947,0.0015227028731822538,0.25000108340189764,0.25000108340189764,0.2334883150306525,0.017893515697500813,11,True
visual_cognitive_motivation,S02,free,427.2822137435114,SSM_Hb,full,visual_cognitive_motivation__S02__prefrontal__montage0__r0__free__total__SSM_Hb__full,0.5,True,stationary_feasible,-5.174194406265542e-13,2.6421361629709477e-06,424.67854452276947,0.006130917736067431,0.500001812993816,0.500001812993816,0.4670118690896725,0.03571752247818886,11,True
visual_cognitive_motivation,S02,free,424.91150362165496,T,full,visual_cognitive_motivation__S02__prefrontal__montage0__r0__free__total__T__full,-0.25,True,stationary_feasible,-1.3825607325657074e-11,2.739787638740749e-06,424.67854452276947,0.000548553963674511,0.2500007092739462,0.15032825185472623,0.1402941995410539,0.01108802082871075,11,True
visual_cognitive_motivation,S02,free,425.60665317875896,T,full,visual_cognitive_motivation__S02__prefrontal__montage0__r0__free__total__T__full,-0.5,True,stationary_feasible,-1.9801049688794592e-11,2.9552924321833945e-06,424.67854452276947,0.002185438063588656,0.5000015149526522,0.3006742735279603,0.28060340260304184,0.022188168603984468,11,True
visual_cognitive_motivation,S02,free,424.9133545391484,T,full,visual_cognitive_motivation__S02__prefrontal__montage0__r0__free__total__T__full,0.25,True,stationary_feasible,-4.306999201730832e-12,1.9518203525704354e-06,424.67854452276947,0.0005529123602012151,0.2500006252103037,0.15030999044385573,0.14028280162179024,0.011074014532846376,11,True
visual_cognitive_motivation,S02,free,425.62147620118975,T,full,visual_cognitive_motivation__S02__prefrontal__montage0__r0__free__total__T__full,0.5,True,stationary_feasible,-2.7471358521324873e-12,1.8241895734600905e-06,424.67854452276947,0.002220342163694412,0.5000011704754265,0.30060152394644896,0.28055613421016795,0.022133879113221063,11,True
visual_cognitive_motivation,S02,free,436.3235139736158,X,full,visual_cognitive_motivation__S02__prefrontal__montage0__r0__free__total__X__full,-0.25,True,stationary_feasible,-4.6511128282133996e-11,9.097551603361333e-06,424.67854452276947,0.02742066817604898,0.2500011176310255,0.2185974784526423,0.020966627868108396,0.2175043872217988,11,True
visual_cognitive_motivation,S02,free,471.2477956889506,X,full,visual_cognitive_motivation__S02__prefrontal__montage0__r0__free__total__X__full,-0.5,True,stationary_feasible,-3.987143948336325e-11,9.176157414063065e-06,424.67854452276947,0.10965764992557629,0.5000028747857445,0.4371587800685875,0.04185765309120653,0.43500634436936614,11,False
visual_cognitive_motivation,S02,free,436.3288603083668,X,full,visual_cognitive_motivation__S02__prefrontal__montage0__r0__free__total__X__full,0.25,True,stationary_feasible,-4.8382298167837234e-11,7.902321518329159e-06,424.67854452276947,0.027433257309218036,0.2500010119142059,0.21864293088205852,0.021142594436565475,0.2175079706130135,11,True
visual_cognitive_motivation,S02,free,471.29083071394433,X,full,visual_cognitive_motivation__S02__prefrontal__montage0__r0__free__total__X__full,0.5,True,stationary_feasible,-5.2049253795871664e-11,7.600852933801797e-06,424.67854452276947,0.10975898545464594,0.5000024857077262,0.43734005577959467,0.04255552318271034,0.4350205291388792,11,False
visual_cognitive_motivation,S02,free,424.7125998578873,volume,full,visual_cognitive_motivation__S02__prefrontal__montage0__r0__free__total__volume__full,-0.25,True,stationary_feasible,3.9968028886505635e-14,1.6713051949000479e-06,424.67854452276947,8.019085389894361e-05,0.25001197417490534,0.004545229093665696,0.0040217174442623805,0.0023080377232498907,9,True
visual_cognitive_motivation,S02,free,424.81486350949945,volume,full,visual_cognitive_motivation__S02__prefrontal__montage0__r0__free__total__volume__full,-0.5,True,stationary_feasible,4.1300296516055823e-14,1.6884285886710773e-06,424.67854452276947,0.00032099334540943916,0.5000284984639083,0.009043237134780302,0.007992677480925942,0.004604199525047318,9,True
visual_cognitive_motivation,S02,free,424.7126142477775,volume,full,visual_cognitive_motivation__S02__prefrontal__montage0__r0__free__total__volume__full,0.25,True,stationary_feasible,2.7977620220553945e-14,1.6651789637330026e-06,424.67854452276947,8.0224738092892e-05,0.2500082950682741,0.00459059367228738,0.004069201695022108,0.0023210361010825627,9,True
visual_cognitive_motivation,S02,free,424.8147210167871,volume,full,visual_cognitive_motivation__S02__prefrontal__montage0__r0__free__total__volume__full,0.5,True,stationary_feasible,2.9753977059954195e-14,1.6474904361391418e-06,424.67854452276947,0.00032065781465515796,0.5000136187237693,0.009223044097188953,0.008182871256651333,0.004654163714719683,9,True
visual_cognitive_motivation,S02,free,424.729449478218,p_minus_v,full,visual_cognitive_motivation__S02__prefrontal__montage0__r0__free__total__p_minus_v__full,-0.25,True,stationary_feasible,5.841993555577574e-13,5.5453509878403105e-06,424.67854452276947,0.0001198670290860117,0.25000114727275513,0.03054068505337059,0.03197926836015277,0.009686726168521488,9,True
visual_cognitive_motivation,S02,free,424.88235725083734,p_minus_v,full,visual_cognitive_motivation__S02__prefrontal__montage0__r0__free__total__p_minus_v__full,-0.5,True,stationary_feasible,6.199485369506874e-13,5.181922744507811e-06,424.67854452276947,0.00047992235703102744,0.5000080587565062,0.06102229034920754,0.06388898576333517,0.01936082138425323,9,True
visual_cognitive_motivation,S02,free,424.7293645802427,p_minus_v,full,visual_cognitive_motivation__S02__prefrontal__montage0__r0__free__total__p_minus_v__full,0.25,True,stationary_feasible,4.480860127387132e-13,6.253757398119755e-06,424.67854452276947,0.00011966711793820471,0.2500006531612146,0.030603173290701582,0.03205275916840424,0.009699079709626553,9,True
visual_cognitive_motivation,S02,free,424.8816462347776,p_minus_v,full,visual_cognitive_motivation__S02__prefrontal__montage0__r0__free__total__p_minus_v__full,0.5,True,stationary_feasible,3.5915714846623814e-13,6.629441375770873e-06,424.67854452276947,0.00047824811172492973,0.5000060667825311,0.061274987779405085,0.06418661276653086,0.019410235074580413,9,True
visual_cognitive_motivation,S02,free,424.68241695894295,flow,full,visual_cognitive_motivation__S02__prefrontal__montage0__r0__free__total__flow__full,-0.25,True,stationary_feasible,1.4903633882568101e-12,6.7744685895197305e-06,424.67854452276947,9.118511456311966e-06,0.2500037769456411,0.0020459117325133057,0.001992150851122368,0.0007862722202408953,7,True
visual_cognitive_motivation,S02,free,424.6940812552636,flow,full,visual_cognitive_motivation__S02__prefrontal__montage0__r0__free__total__flow__full,-0.5,True,stationary_feasible,1.3553602684623911e-12,6.786145256089861e-06,424.67854452276947,3.658468904188699e-05,0.5000076041771728,0.004088200618928518,0.003980389327479957,0.0015726243541208222,7,True
visual_cognitive_motivation,S02,free,424.6824153010531,flow,full,visual_cognitive_motivation__S02__prefrontal__montage0__r0__free__total__flow__full,0.25,True,stationary_feasible,2.1396218130576017e-12,6.76737628807765e-06,424.67854452276947,9.114607586221425e-06,0.25000381770283325,0.0020446770706645427,0.001990009397383786,0.0007871127013454531,7,True
visual_cognitive_motivation,S02,free,424.6939809874911,flow,full,visual_cognitive_motivation__S02__prefrontal__montage0__r0__free__total__flow__full,0.5,True,stationary_feasible,2.289723965986923e-12,6.760302903425919e-06,424.67854452276947,3.634858629125669e-05,0.5000076222300178,0.004079481024949426,0.003969023161630235,0.0015742910339841603,7,True
visual_cognitive_motivation,S02,free,424.92192328689316,driver,full,visual_cognitive_motivation__S02__prefrontal__montage0__r0__free__total__driver__full,-0.25,True,stationary_feasible,2.220446049250313e-16,5.0359806033571555e-06,424.67854452276947,0.0005730893808096338,0.2500049289272703,0.01639343279470657,0.01592604384172713,0.006567448477470977,9,True
visual_cognitive_motivation,S02,free,425.66892590136393,driver,full,visual_cognitive_motivation__S02__prefrontal__montage0__r0__free__total__driver__full,-0.5,True,stationary_feasible,4.440892098500626e-16,5.2365976121455315e-06,424.67854452276947,0.0023320730264520424,0.5000098008080123,0.03290102815461799,0.03200197167411631,0.013109800528194437,9,True
visual_cognitive_motivation,S02,free,424.91401184988956,driver,full,visual_cognitive_motivation__S02__prefrontal__montage0__r0__free__total__driver__full,0.25,True,stationary_feasible,-1.1102230246251565e-16,4.425821411134964e-06,424.67854452276947,0.0005544601444009756,0.250005054153654,0.016269134343597252,0.015764843929559413,0.0065906429825373794,9,True
visual_cognitive_motivation,S02,free,425.6049107064787,driver,full,visual_cognitive_motivation__S02__prefrontal__montage0__r0__free__total__driver__full,0.5,True,stationary_feasible,0.0,4.26891788692368e-06,424.67854452276947,0.002181335025413647,0.5000102692999995,0.032402316734623036,0.031356927917123495,0.013200917435139048,9,True
visual_cognitive_motivation,S02,chain_matched,401.4580799166824,SSM_Hb,full,visual_cognitive_motivation__S02__prefrontal__montage0__r0__chain_matched__data__SSM_Hb__full,-0.25,True,stationary_feasible,-6.503400040713814e-10,9.399198674762315e-06,400.8662492549828,0.0014763793729193147,0.25003556356361095,0.25003556356361095,0.2301473711905626,0.020015130824970705,56,True
visual_cognitive_motivation,S02,chain_matched,403.22884830183085,SSM_Hb,full,visual_cognitive_motivation__S02__prefrontal__montage0__r0__chain_matched__data__SSM_Hb__full,-0.5,True,stationary_feasible,-2.7281821246560867e-10,6.4911122796322124e-06,400.8662492549828,0.0058937340103812534,0.5000698859607926,0.5000698859607926,0.46040170204003106,0.03992511615879271,66,True
visual_cognitive_motivation,S02,chain_matched,401.4603657950302,SSM_Hb,full,visual_cognitive_motivation__S02__prefrontal__montage0__r0__chain_matched__data__SSM_Hb__full,0.25,True,stationary_feasible,-2.3172441743213312e-10,4.792006859376424e-06,400.8662492549828,0.0014820817196548716,0.2500370730411983,0.2500370730411983,0.23003917802284266,0.02012122295188156,46,True
visual_cognitive_motivation,S02,chain_matched,403.2472195390923,SSM_Hb,full,visual_cognitive_motivation__S02__prefrontal__montage0__r0__chain_matched__data__SSM_Hb__full,0.5,True,stationary_feasible,-2.639557461492359e-10,4.686303953538467e-06,400.8662492549828,0.005939562855527532,0.5000761545627724,0.5000761545627724,0.4599655271803494,0.04035256665287866,41,True
visual_cognitive_motivation,S02,chain_matched,401.0809799886462,T,full,visual_cognitive_motivation__S02__prefrontal__montage0__r0__chain_matched__data__T__full,-0.25,True,stationary_feasible,-3.330514530830442e-09,7.367330098401816e-06,400.8662492549828,0.0005356667817819805,0.2500134216579405,0.15004379529965275,0.13804120724861774,0.012350926723383383,52,True
visual_cognitive_motivation,S02,chain_matched,401.7241573377496,T,full,visual_cognitive_motivation__S02__prefrontal__montage0__r0__chain_matched__data__T__full,-0.5,True,stationary_feasible,-2.011494526499291e-09,5.882625793062959e-06,400.8662492549828,0.002140135480004241,0.5000266258417042,0.30009226321632876,0.2761258520396264,0.024663001900350905,57,True
visual_cognitive_motivation,S02,chain_matched,401.0814637821974,T,full,visual_cognitive_motivation__S02__prefrontal__montage0__r0__chain_matched__data__T__full,0.25,True,stationary_feasible,-6.712919997653444e-09,9.793891687218484e-06,400.8662492549828,0.0005368736520337258,0.250013687197207,0.15003967511805652,0.1379965181249361,0.012390981171601574,41,True
visual_cognitive_motivation,S02,chain_matched,401.72809746942164,T,full,visual_cognitive_motivation__S02__prefrontal__montage0__r0__chain_matched__data__T__full,0.5,True,stationary_feasible,-2.687915667820562e-09,5.977003582957861e-06,400.8662492549828,0.0021499645231810144,0.5000276574607407,0.30007560508379966,0.2759491449130559,0.024821484629762552,41,True
visual_cognitive_motivation,S02,chain_matched,413.38951177365124,X,full,visual_cognitive_motivation__S02__prefrontal__montage0__r0__chain_matched__data__X__full,-0.25,True,stationary_feasible,-3.2472479705170088e-09,7.521389270646835e-06,400.8662492549828,0.03124050114456669,0.25001312082153015,0.21845758128753254,0.023691242266423194,0.21711816866800554,103,True
visual_cognitive_motivation,S02,chain_matched,450.93027180523524,X,full,visual_cognitive_motivation__S02__prefrontal__montage0__r0__chain_matched__data__X__full,-0.5,True,stationary_feasible,-4.002467801633713e-09,8.229500777177142e-06,400.8662492549828,0.12488959258430297,0.5000470245417945,0.43698979180601,0.04814539039292334,0.4342758055307275,65,False
visual_cognitive_motivation,S02,chain_matched,413.39416206752,X,full,visual_cognitive_motivation__S02__prefrontal__montage0__r0__chain_matched__data__X__full,0.25,True,stationary_feasible,-1.8997223238947925e-09,5.845250111837061e-06,400.8662492549828,0.03125210175668466,0.2500021441116475,0.21853331903415213,0.024228645377075923,0.2170919140849391,56,True
visual_cognitive_motivation,S02,chain_matched,450.96259449522876,X,full,visual_cognitive_motivation__S02__prefrontal__montage0__r0__chain_matched__data__X__full,0.5,True,stationary_feasible,-4.945056197858122e-09,9.633750713319009e-06,400.8662492549828,0.1249702246905319,0.5000043015026542,0.43731889379302963,0.05039991875236792,0.4341764829815324,57,False
visual_cognitive_motivation,S02,chain_matched,400.87473991985433,volume,full,visual_cognitive_motivation__S02__prefrontal__montage0__r0__chain_matched__data__volume__full,-0.25,True,stationary_feasible,-2.842170943040401e-14,1.8741736160523363e-06,400.8662492549828,2.1180792564414316e-05,0.25001685972479076,0.003683430999007811,0.0037249578611518465,0.0018687185198950353,9,True
visual_cognitive_motivation,S02,chain_matched,400.9004533305484,volume,full,visual_cognitive_motivation__S02__prefrontal__montage0__r0__chain_matched__data__volume__full,-0.5,True,stationary_feasible,-2.4868995751603507e-14,1.940304897307597e-06,400.8662492549828,8.532540623999133e-05,0.5000349778604396,0.0075471053051239445,0.007627056576462572,0.003773563919981813,9,True
visual_cognitive_motivation,S02,chain_matched,400.87464048019456,volume,full,visual_cognitive_motivation__S02__prefrontal__montage0__r0__chain_matched__data__volume__full,0.25,True,stationary_feasible,-1.4210854715202004e-14,1.7274739085010477e-06,400.8662492549828,2.0932730623648898e-05,0.250015759747153,0.003504267183700325,0.0035475235010088493,0.0018338168549790514,9,True
visual_cognitive_motivation,S02,chain_matched,400.8995797420254,volume,full,visual_cognitive_motivation__S02__prefrontal__montage0__r0__chain_matched__data__volume__full,0.5,True,stationary_feasible,-3.552713678800501e-15,1.6711724830952628e-06,400.8662492549828,8.314615437088682e-05,0.5000304619432256,0.006834771093132432,0.006922174565702286,0.003633419615307919,9,True
visual_cognitive_motivation,S02,chain_matched,62729.075038687166,p_minus_v,full,visual_cognitive_motivation__S02__prefrontal__montage0__r0__chain_matched__data__p_minus_v__full,-0.25,False,constraint_locally_fixed,0.24968165903575001,61.62436432382743,400.8662492549828,155.4838026530552,0.0003188906423144952,9.102144140428415,0.8229303729859324,9.337036041685792,25,False
visual_cognitive_motivation,S02,chain_matched,62833.6885790193,p_minus_v,full,visual_cognitive_motivation__S02__prefrontal__montage0__r0__chain_matched__data__p_minus_v__full,-0.5,False,constraint_locally_fixed,0.4996816590357491,61.62436435881349,400.8662492549828,155.74477134405015,0.0003188906423152512,9.109525834418307,0.8235092303720237,9.344781498742645,27,False
visual_cognitive_motivation,S02,chain_matched,898.2797194038435,p_minus_v,full,visual_cognitive_motivation__S02__prefrontal__montage0__r0__chain_matched__data__p_minus_v__full,0.25,False,iteration_budget,-0.12091835716497609,12.335571479100151,400.8662492549828,1.2408464695476675,0.1362537140254225,1.6777478649860103,1.1435393306087256,0.7704380538833173,499,False
visual_cognitive_motivation,S02,chain_matched,964.7577748780782,p_minus_v,full,visual_cognitive_motivation__S02__prefrontal__montage0__r0__chain_matched__data__p_minus_v__full,0.5,False,iteration_budget,-0.41068976870919466,13.838367013456597,400.8662492549828,1.4066824699537515,0.09388011613978697,1.7622175972338265,1.0837116812852101,0.8331175418889668,499,False
visual_cognitive_motivation,S02,chain_matched,400.8685132579738,flow,full,visual_cognitive_motivation__S02__prefrontal__montage0__r0__chain_matched__data__flow__full,-0.25,True,stationary_feasible,7.105427357601002e-15,9.756429048064861e-07,400.8662492549828,5.6477765220191e-06,0.2500243411906493,0.0018854640491725422,0.0019096689993584877,0.0009615674343367635,9,True
visual_cognitive_motivation,S02,chain_matched,400.87537512877645,flow,full,visual_cognitive_motivation__S02__prefrontal__montage0__r0__chain_matched__data__flow__full,-0.5,True,stationary_feasible,0.0,9.969136637028945e-07,400.8662492549828,2.2765383243475207e-05,0.500050054680103,0.0038248610088594745,0.0038726353187167216,0.0019361092043513812,9,True
visual_cognitive_motivation,S02,chain_matched,400.868488981587,flow,full,visual_cognitive_motivation__S02__prefrontal__montage0__r0__chain_matched__data__flow__full,0.25,True,stationary_feasible,-1.0658141036401503e-13,9.322886160541912e-06,400.8662492549828,5.587216704770737e-06,0.250023162554465,0.0018329021123091233,0.0018573710860045878,0.000948993031305648,7,True
visual_cognitive_motivation,S02,chain_matched,400.8751404451525,flow,full,visual_cognitive_motivation__S02__prefrontal__montage0__r0__chain_matched__data__flow__full,0.5,True,stationary_feasible,-1.3500311979441904e-13,9.183669936651437e-06,400.8662492549828,2.2179942028655727e-05,0.5000450950448367,0.0036107121492627257,0.003659898811888696,0.001885680707684482,7,True
visual_cognitive_motivation,S02,chain_matched,401.0158295482549,driver,full,visual_cognitive_motivation__S02__prefrontal__montage0__r0__chain_matched__data__driver__full,-0.25,True,stationary_feasible,-8.881784197001252e-16,9.969506119968125e-07,400.8662492549828,0.0003731426468306887,0.2500462345881107,0.016482620972396146,0.01656734233833009,0.00809689598962059,11,True
visual_cognitive_motivation,S02,chain_matched,401.5007446372865,driver,full,visual_cognitive_motivation__S02__prefrontal__montage0__r0__chain_matched__data__driver__full,-0.5,True,stationary_feasible,8.881784197001252e-16,1.2489855464907416e-06,400.8662492549828,0.001582810684319139,0.5001114944035899,0.036931686303178266,0.03698461239105596,0.01715800959003304,11,True
visual_cognitive_motivation,S02,chain_matched,401.00018632812225,driver,full,visual_cognitive_motivation__S02__prefrontal__montage0__r0__chain_matched__data__driver__full,0.25,True,stationary_feasible,1.7763568394002505e-15,5.726998929348771e-06,400.8662492549828,0.0003341191067803495,0.25003277939392027,0.013098717486146848,0.013217831579236661,0.0072775602204437585,9,True
visual_cognitive_motivation,S02,chain_matched,401.37468056348166,driver,full,visual_cognitive_motivation__S02__prefrontal__montage0__r0__chain_matched__data__driver__full,0.5,True,stationary_feasible,8.881784197001252e-16,4.94931453272152e-06,400.8662492549828,0.001268331543111448,0.5000560416068633,0.02331454653493832,0.023504200167942694,0.013860258343999229,9,True
visual_cognitive_motivation,S02,chain_matched,441.0087325483983,SSM_Hb,full,visual_cognitive_motivation__S02__prefrontal__montage0__r0__chain_matched__total__SSM_Hb__full,-0.25,True,stationary_feasible,-8.992140365648993e-12,5.435810048074726e-06,440.28920808682045,0.0016342087163671276,0.2500008074973392,0.2500008074973392,0.23074076831345353,0.01927288165912112,11,True
visual_cognitive_motivation,S02,chain_matched,443.1525363562971,SSM_Hb,full,visual_cognitive_motivation__S02__prefrontal__montage0__r0__chain_matched__total__SSM_Hb__full,-0.5,True,stationary_feasible,-1.0616396650675597e-11,6.116229760272194e-06,440.28920808682045,0.006503289694332083,0.5000017750563434,0.5000017750563434,0.4614114238367548,0.03861595015277613,11,True
visual_cognitive_motivation,S02,chain_matched,441.01673482043026,SSM_Hb,full,visual_cognitive_motivation__S02__prefrontal__montage0__r0__chain_matched__total__SSM_Hb__full,0.25,True,stationary_feasible,-4.3406389593769745e-12,2.8991133705484855e-06,440.28920808682045,0.0016523837519686517,0.25000062122160543,0.25000062122160543,0.2308119446394353,0.019201930988937327,11,True
visual_cognitive_motivation,S02,chain_matched,443.21630495480207,SSM_Hb,full,visual_cognitive_motivation__S02__prefrontal__montage0__r0__chain_matched__total__SSM_Hb__full,0.5,True,stationary_feasible,-3.560707284577802e-12,2.6507691135347046e-06,440.28920808682045,0.006648123129569019,0.5000010463817792,0.5000010463817792,0.46169431589220866,0.038334065879654586,11,True
visual_cognitive_motivation,S02,chain_matched,440.55125452148707,T,full,visual_cognitive_motivation__S02__prefrontal__montage0__r0__chain_matched__total__T__full,-0.25,True,stationary_feasible,-2.241229424271296e-11,2.930601097041411e-06,440.28920808682045,0.0005951688795764045,0.2500001303834374,0.15015430723884673,0.13849874484561706,0.011912136525258937,11,True
visual_cognitive_motivation,S02,chain_matched,441.3341532861709,T,full,visual_cognitive_motivation__S02__prefrontal__montage0__r0__chain_matched__total__T__full,-0.5,True,stationary_feasible,-2.6466384639434182e-11,3.152737465050098e-06,440.28920808682045,0.002373315493902295,0.5000002781765909,0.30032426236930926,0.2769884294646919,0.02384146890599534,11,True
visual_cognitive_motivation,S02,chain_matched,440.55297786776975,T,full,visual_cognitive_motivation__S02__prefrontal__montage0__r0__chain_matched__total__T__full,0.25,True,stationary_feasible,-1.113198422331152e-11,2.0160443098761907e-06,440.28920808682045,0.0005990830029549367,0.2500001110164437,0.1501368901480911,0.13850659818945768,0.011895327554532669,11,True
visual_cognitive_motivation,S02,chain_matched,441.34780468836794,T,full,visual_cognitive_motivation__S02__prefrontal__montage0__r0__chain_matched__total__T__full,0.5,True,stationary_feasible,-9.3940411005633e-12,1.8924433746958684e-06,440.28920808682045,0.002404321028324519,0.5000002025923389,0.3002555047133771,0.2770196905894895,0.023774888436433158,11,True
visual_cognitive_motivation,S02,chain_matched,454.29741860144946,X,full,visual_cognitive_motivation__S02__prefrontal__montage0__r0__chain_matched__total__X__full,-0.25,True,stationary_feasible,-1.8696433290443792e-10,5.618363217592986e-06,440.28920808682045,0.031815929751034776,0.25000379884784035,0.2174526214396307,0.014546829862658667,0.21716662891644303,13,True
visual_cognitive_motivation,S02,chain_matched,496.1684083272033,X,full,visual_cognitive_motivation__S02__prefrontal__montage0__r0__chain_matched__total__X__full,-0.5,True,stationary_feasible,-1.5198731162513468e-11,1.4874090087916237e-06,440.28920808682045,0.1269147624198957,0.5000188009532744,0.4349373993374078,0.028210610552159295,0.43435330558324287,15,False
visual_cognitive_motivation,S02,chain_matched,454.330387400067,X,full,visual_cognitive_motivation__S02__prefrontal__montage0__r0__chain_matched__total__X__full,0.25,True,stationary_feasible,-2.458992037768226e-10,3.4164119436211816e-06,440.28920808682045,0.03189080962092943,0.25000172725866004,0.2174710497270877,0.015737403156212647,0.2171481950791904,11,True
visual_cognitive_motivation,S02,chain_matched,496.4273599740878,X,full,visual_cognitive_motivation__S02__prefrontal__montage0__r0__chain_matched__total__X__full,0.5,True,stationary_feasible,-1.9857704369741214e-09,8.315912094720082e-06,440.28920808682045,0.127502902310968,0.5000090239072226,0.43500672374430793,0.032770321991211375,0.43427975607862224,11,False
visual_cognitive_motivation,S02,chain_matched,440.3260079553545,volume,full,visual_cognitive_motivation__S02__prefrontal__montage0__r0__chain_matched__total__volume__full,-0.25,True,stationary_feasible,-1.1546319456101628e-14,3.0950015411730975e-06,440.28920808682045,8.358112771819327e-05,0.2500042532482714,0.0033740970472256816,0.002327212903897407,0.0017966497919687369,9,True
visual_cognitive_motivation,S02,chain_matched,440.4364366769974,volume,full,visual_cognitive_motivation__S02__prefrontal__montage0__r0__chain_matched__total__volume__full,-0.5,True,stationary_feasible,-4.440892098500626e-15,3.0961944787474547e-06,440.28920808682045,0.00033439064022645557,0.5000086009284258,0.006782627437434566,0.0046904259526937275,0.0035904056432131113,9,True
visual_cognitive_motivation,S02,chain_matched,440.3260976835525,volume,full,visual_cognitive_motivation__S02__prefrontal__montage0__r0__chain_matched__total__volume__full,0.25,True,stationary_feasible,-2.6645352591003757e-15,3.1186772224792166e-06,440.28920808682045,8.378492148913306e-05,0.25000418778210387,0.0033378389843058227,0.002288319126889954,0.001800645555028642,9,True
visual_cognitive_motivation,S02,chain_matched,440.4367406386416,volume,full,visual_cognitive_motivation__S02__prefrontal__montage0__r0__chain_matched__total__volume__full,0.5,True,stationary_feasible,-3.3306690738754696e-15,3.1121908206419665e-06,440.28920808682045,0.00033508100837223236,0.5000082896926478,0.006646602013691921,0.004545922931300213,0.0036042280663589597,9,True
visual_cognitive_motivation,S02,chain_matched,6680.074891030362,p_minus_v,full,visual_cognitive_motivation__S02__prefrontal__montage0__r0__chain_matched__total__p_minus_v__full,-0.25,False,line_search_stalled,0.2499980501381856,57.43423957927322,440.28920808682045,14.172015957550158,1.9504643886775677e-06,2.906091787363839,4.371996566452284,2.5090450621007774,376,False
visual_cognitive_motivation,S02,chain_matched,6680.0748903878,p_minus_v,full,visual_cognitive_motivation__S02__prefrontal__montage0__r0__chain_matched__total__p_minus_v__full,-0.5,False,line_search_stalled,0.4999980501381944,57.434239571064595,440.28920808682045,14.17201595609075,1.950464379548155e-06,2.9060917871642746,4.371996565815383,2.5090450619977274,377,False
visual_cognitive_motivation,S02,chain_matched,2182.914123808847,p_minus_v,full,visual_cognitive_motivation__S02__prefrontal__montage0__r0__chain_matched__total__p_minus_v__full,0.25,False,iteration_budget,-0.007167856888279728,15.911313869499034,440.28920808682045,3.9579096732673014,0.28001687912440043,2.79245872792704,2.4677069028260012,0.954600320828965,499,False
visual_cognitive_motivation,S02,chain_matched,2805.2057503595506,p_minus_v,full,visual_cognitive_motivation__S02__prefrontal__montage0__r0__chain_matched__total__p_minus_v__full,0.5,False,iteration_budget,-0.21592047965726008,24.5142100234002,440.28920808682045,5.371279828885547,0.3304117457885253,3.0279448961447444,2.2902470367191503,1.380268609645397,499,False
visual_cognitive_motivation,S02,chain_matched,440.29337422017346,flow,full,visual_cognitive_motivation__S02__prefrontal__montage0__r0__chain_matched__total__flow__full,-0.25,True,stationary_feasible,-7.105427357601002e-15,8.949376542204741e-06,440.28920808682045,9.46226543029091e-06,0.25000453199904576,0.0011229051305720722,0.0007660669746255945,0.0006092715172092392,7,True
visual_cognitive_motivation,S02,chain_matched,440.30592493734287,flow,full,visual_cognitive_motivation__S02__prefrontal__montage0__r0__chain_matched__total__flow__full,-0.5,True,stationary_feasible,-1.3322676295501878e-14,8.991481276525566e-06,440.28920808682045,3.796788614250481e-05,0.5000090985790843,0.002262824909829622,0.0015491525647244118,0.0012199596138272209,7,True
visual_cognitive_motivation,S02,chain_matched,440.2933829514149,flow,full,visual_cognitive_motivation__S02__prefrontal__montage0__r0__chain_matched__total__flow__full,0.25,True,stationary_feasible,-9.769962616701378e-15,8.811547016882877e-06,440.28920808682045,9.482096126320621e-06,0.2500045766760681,0.0011143708104161705,0.0007572671066915658,0.0006092301142405818,7,True
visual_cognitive_motivation,S02,chain_matched,440.30585557661004,flow,full,visual_cognitive_motivation__S02__prefrontal__montage0__r0__chain_matched__total__flow__full,0.5,True,stationary_feasible,-4.440892098500626e-15,8.799146478880015e-06,440.28920808682045,3.7810351659376246e-05,0.5000091193979058,0.0022368882637734113,0.001524294877941071,0.0012175923068847851,7,True
visual_cognitive_motivation,S02,chain_matched,440.5500581361211,driver,full,visual_cognitive_motivation__S02__prefrontal__montage0__r0__chain_matched__total__driver__full,-0.25,True,stationary_feasible,2.220446049250313e-16,8.722741789419437e-06,440.28920808682045,0.0005924516079649316,0.2500092355276058,0.009243519765279005,0.006248171381940592,0.005164155947031581,9,True
visual_cognitive_motivation,S02,chain_matched,441.347740374659,driver,full,visual_cognitive_motivation__S02__prefrontal__montage0__r0__chain_matched__total__driver__full,-0.5,True,stationary_feasible,2.220446049250313e-16,8.840624943253393e-06,440.28920808682045,0.002404174956815689,0.5000185237027092,0.018838587796411208,0.0128161964496001,0.010384438427293667,9,True
visual_cognitive_motivation,S02,chain_matched,440.5431446228281,driver,full,visual_cognitive_motivation__S02__prefrontal__montage0__r0__chain_matched__total__driver__full,0.25,True,stationary_feasible,0.0,7.881692664801885e-06,440.28920808682045,0.0005767493986760844,0.25000924708032335,0.008881876778277956,0.0059107287756600966,0.005110022939205053,9,True
visual_cognitive_motivation,S02,chain_matched,441.2912832822237,driver,full,visual_cognitive_motivation__S02__prefrontal__montage0__r0__chain_matched__total__driver__full,0.5,True,stationary_feasible,-2.220446049250313e-16,7.695615083065711e-06,440.28920808682045,0.002275947665757057,0.5000185258099076,0.017402168453170035,0.011479085640549438,0.01016538150006258,9,True
visual_cognitive_motivation,S02,chain_first,401.45808052316977,SSM_Hb,full,visual_cognitive_motivation__S02__prefrontal__montage0__r0__chain_first__data__SSM_Hb__full,-0.25,True,stationary_feasible,-6.502951510611865e-10,9.39898144298377e-06,400.8662492551961,0.0014763808853283612,0.2500355643719635,0.25003556437196345,0.2301473522912436,0.020015147226612687,56,True
visual_cognitive_motivation,S02,chain_first,403.22884951049514,SSM_Hb,full,visual_cognitive_motivation__S02__prefrontal__montage0__r0__chain_first__data__SSM_Hb__full,-0.5,True,stationary_feasible,-2.728204329116579e-10,6.491115253441883e-06,400.8662492551961,0.005893737024977016,0.5000698866905615,0.5000698866905614,0.4604016831073123,0.03992513241717208,66,True
visual_cognitive_motivation,S02,chain_first,401.46036518430276,SSM_Hb,full,visual_cognitive_motivation__S02__prefrontal__montage0__r0__chain_first__data__SSM_Hb__full,0.25,True,stationary_feasible,-2.3174084873289758e-10,4.792081249401705e-06,400.8662492551961,0.0014820801956026348,0.25003707206507325,0.2500370720650733,0.23003919689765298,0.020121206192829876,46,True
visual_cognitive_motivation,S02,chain_first,403.2472183134783,SSM_Hb,full,visual_cognitive_motivation__S02__prefrontal__montage0__r0__chain_first__data__SSM_Hb__full,0.5,True,stationary_feasible,-2.6395285956937187e-10,4.686306449037933e-06,400.8662492551961,0.005939559797578327,0.5000761534963175,0.5000761534963175,0.45996554604054474,0.04035254968577545,41,True
visual_cognitive_motivation,S02,chain_first,401.0809803579166,T,full,visual_cognitive_motivation__S02__prefrontal__montage0__r0__chain_first__data__T__full,-0.25,True,stationary_feasible,-3.3303049207233926e-09,7.367094334213178e-06,400.8662492551961,0.0005356677024305017,0.25001342217486583,0.15004379690903427,0.13804118903410015,0.012350942478593401,52,True
visual_cognitive_motivation,S02,chain_first,401.7241580749026,T,full,visual_cognitive_motivation__S02__prefrontal__montage0__r0__chain_first__data__T__full,-0.5,True,stationary_feasible,-2.0114936383208715e-09,5.882628323576762e-06,400.8662492551961,0.002140137318371096,0.5000266263312481,0.30009226480917434,0.2761258338617481,0.024663017553954433,57,True
visual_cognitive_motivation,S02,chain_first,401.0814634115699,T,full,visual_cognitive_motivation__S02__prefrontal__montage0__r0__chain_first__data__T__full,0.25,True,stationary_feasible,-6.713297473481816e-09,9.794166040299912e-06,400.8662492551961,0.0005368727269349042,0.2500136866245672,0.15003967347822805,0.13799653634623307,0.012390965243883762,41,True
visual_cognitive_motivation,S02,chain_first,401.7280967268156,T,full,visual_cognitive_motivation__S02__prefrontal__montage0__r0__chain_first__data__T__full,0.5,True,stationary_feasible,-2.6879112269284633e-09,5.977006517778533e-06,400.8662492551961,0.002149962670144359,0.5000276568592982,0.30007560342413764,0.27594916317181917,0.024821468584408316,41,True
visual_cognitive_motivation,S02,chain_first,413.38951202691817,X,full,visual_cognitive_motivation__S02__prefrontal__montage0__r0__chain_first__data__X__full,-0.25,True,stationary_feasible,-3.247024593644454e-09,7.521136131945631e-06,400.8662492551961,0.031240501775816977,0.2500131210379042,0.21845757829096152,0.023691226239028317,0.217118169364824,103,True
visual_cognitive_motivation,S02,chain_first,450.93027232928785,X,full,visual_cognitive_motivation__S02__prefrontal__montage0__r0__chain_first__data__X__full,-0.5,True,stationary_feasible,-4.002468578789831e-09,8.229502208313984e-06,400.8662492551961,0.12488959389100474,0.5000470248574371,0.4369897898072096,0.04814538447566368,0.43427580641599917,65,False
visual_cognitive_motivation,S02,chain_first,413.39416182202524,X,full,visual_cognitive_motivation__S02__prefrontal__montage0__r0__chain_first__data__X__full,0.25,True,stationary_feasible,-1.900082532285685e-09,5.845789602126571e-06,400.8662492551961,0.031252101143725126,0.2500021440906903,0.21853332457172306,0.02422868513291136,0.21709191380036535,56,True
visual_cognitive_motivation,S02,chain_first,450.96259400590424,X,full,visual_cognitive_motivation__S02__prefrontal__montage0__r0__chain_first__data__X__full,0.5,True,stationary_feasible,-4.945053699856317e-09,9.633754240590276e-06,400.8662492551961,0.12497022346926542,0.500004301565856,0.43731890077211394,0.05039996961050579,0.4341764828794132,57,False
visual_cognitive_motivation,S02,chain_first,400.8747394940976,volume,full,visual_cognitive_motivation__S02__prefrontal__montage0__r0__chain_first__data__volume__full,-0.25,True,stationary_feasible,-2.4868995751603507e-14,1.874167074352825e-06,400.8662492551961,2.1179729940431427e-05,0.250016858581907,0.0036834681719950667,0.0037250008894248537,0.001868712180773704,9,True
visual_cognitive_motivation,S02,chain_first,400.9004524702651,volume,full,visual_cognitive_motivation__S02__prefrontal__montage0__r0__chain_first__data__volume__full,-0.5,True,stationary_feasible,-4.263256414560601e-14,1.9403030701747185e-06,400.8662492551961,8.532325964719632e-05,0.5000349766622711,0.007547138058644488,0.007627095139822871,0.0037735565074201592,9,True
visual_cognitive_motivation,S02,chain_first,400.8746408978598,volume,full,visual_cognitive_motivation__S02__prefrontal__montage0__r0__chain_first__data__volume__full,0.25,True,stationary_feasible,-2.842170943040401e-14,1.7274756833954026e-06,400.8662492551961,2.0933771998235396e-05,0.2500157607908987,0.0035042215473050833,0.003547471756469504,0.0018338211555991744,9,True
visual_cognitive_motivation,S02,chain_first,400.89958056893795,volume,full,visual_cognitive_motivation__S02__prefrontal__montage0__r0__chain_first__data__volume__full,0.5,True,stationary_feasible,-1.0658141036401503e-14,1.671170922035162e-06,400.8662492551961,8.314821665269891e-05,0.5000304629407877,0.006834721391556452,0.006922118565917151,0.003633422929213299,9,True
visual_cognitive_motivation,S02,chain_first,62730.44645152644,p_minus_v,full,visual_cognitive_motivation__S02__prefrontal__montage0__r0__chain_first__data__p_minus_v__full,-0.25,False,constraint_locally_fixed,0.24968165947406165,61.62449366189712,400.8662492551961,155.4872237762065,0.00031889020302979643,9.102240759882326,0.822938330589485,9.337137616724243,25,False
visual_cognitive_motivation,S02,chain_first,62835.06275768391,p_minus_v,full,visual_cognitive_motivation__S02__prefrontal__montage0__r0__chain_first__data__p_minus_v__full,-0.5,False,constraint_locally_fixed,0.4996816594740617,61.62449370012845,400.8662492551961,155.74819936682266,0.0003188902030297919,9.109622567595663,0.8235171912987216,9.344883192337422,27,False
visual_cognitive_motivation,S02,chain_first,898.2883405033358,p_minus_v,full,visual_cognitive_motivation__S02__prefrontal__montage0__r0__chain_first__data__p_minus_v__full,0.25,False,iteration_budget,-0.12091848668601593,12.33572829846183,400.8662492551961,1.2408679757209367,0.13625356362137317,1.6777433529126604,1.143530200782247,0.7704461118492384,499,False
visual_cognitive_motivation,S02,chain_first,964.7473382641942,p_minus_v,full,visual_cognitive_motivation__S02__prefrontal__montage0__r0__chain_first__data__p_minus_v__full,0.5,False,iteration_budget,-0.41069296898542973,13.838222491305794,400.8662492551961,1.4066564348000892,0.0938767195229112,1.762219436809819,1.08371145773791,0.8331127145394006,499,False
visual_cognitive_motivation,S02,chain_first,400.86851303784846,flow,full,visual_cognitive_motivation__S02__prefrontal__montage0__r0__chain_first__data__flow__full,-0.25,True,stationary_feasible,-3.552713678800501e-14,9.756372612437608e-07,400.8662492551961,5.647226865671887e-06,0.2500243380228395,0.001885502888162437,0.0019097135378371894,0.0009615615010801969,9,True
visual_cognitive_motivation,S02,chain_first,400.87537468374757,flow,full,visual_cognitive_motivation__S02__prefrontal__montage0__r0__chain_first__data__flow__full,-0.5,True,stationary_feasible,-2.1316282072803006e-14,9.96912523806745e-07,400.8662492551961,2.276427254326674e-05,0.5000500514275104,0.0038248972480278494,0.003872677217396251,0.001936102556275278,9,True
visual_cognitive_motivation,S02,chain_first,400.86848919754556,flow,full,visual_cognitive_motivation__S02__prefrontal__montage0__r0__chain_first__data__flow__full,0.25,True,stationary_feasible,-1.4921397450962104e-13,9.322920825280568e-06,400.8662492551961,5.587754902277901e-06,0.25002316557107657,0.0018328582775949094,0.0018573214165949561,0.0009489976136537161,7,True
visual_cognitive_motivation,S02,chain_first,400.87514087249934,flow,full,visual_cognitive_motivation__S02__prefrontal__montage0__r0__chain_first__data__flow__full,0.5,True,stationary_feasible,-1.0658141036401503e-13,9.1836631913193e-06,400.8662492551961,2.2181007554865997e-05,0.5000450979865657,0.0036106658908487237,0.003659846624437465,0.0018856846203558358,7,True
visual_cognitive_motivation,S02,chain_first,401.01582765683816,driver,full,visual_cognitive_motivation__S02__prefrontal__montage0__r0__chain_first__data__driver__full,-0.25,True,stationary_feasible,0.0,9.96948482942207e-07,400.8662492551961,0.0003731379279745955,0.250046233832499,0.016482640241311807,0.016567367666481928,0.00809688443105999,11,True
visual_cognitive_motivation,S02,chain_first,401.5007405057726,driver,full,visual_cognitive_motivation__S02__prefrontal__montage0__r0__chain_first__data__driver__full,-0.5,True,stationary_feasible,8.881784197001252e-16,1.2489836725645056e-06,400.8662492551961,0.001582800377321309,0.5001114934841843,0.03693167955727007,0.03698461236238946,0.017157990855002858,11,True
visual_cognitive_motivation,S02,chain_first,401.0001879302729,driver,full,visual_cognitive_motivation__S02__prefrontal__montage0__r0__chain_first__data__driver__full,0.25,True,stationary_feasible,-1.7763568394002505e-15,5.726995332136895e-06,400.8662492551961,0.00033412310296918046,0.2500327799410248,0.013098658238237705,0.013217765256619406,0.007277560526953174,9,True
visual_cognitive_motivation,S02,chain_first,401.3746835278387,driver,full,visual_cognitive_motivation__S02__prefrontal__montage0__r0__chain_first__data__driver__full,0.5,True,stationary_feasible,8.881784197001252e-16,4.9493105776726965e-06,400.8662492551961,0.0012683389374567372,0.5000560420859191,0.023314472561470127,0.023504117235175155,0.013860254302048734,9,True
visual_cognitive_motivation,S02,chain_first,438.69619076853024,SSM_Hb,full,visual_cognitive_motivation__S02__prefrontal__montage0__r0__chain_first__total__SSM_Hb__full,-0.25,True,stationary_feasible,5.007771974874231e-12,4.90780954905848e-06,437.98749539836933,0.001618072154129241,0.2500014289968607,0.2500014289968607,0.2305045457260313,0.019514339492281676,15,True
visual_cognitive_motivation,S02,chain_first,440.80881645629654,SSM_Hb,full,visual_cognitive_motivation__S02__prefrontal__montage0__r0__chain_first__total__SSM_Hb__full,-0.5,True,stationary_feasible,7.90900678282469e-12,5.896562682017536e-06,437.98749539836933,0.006441556180413527,0.5000030510289772,0.5000030510289772,0.4609234295342952,0.03911520704679937,15,True
visual_cognitive_motivation,S02,chain_first,438.70355372118024,SSM_Hb,full,visual_cognitive_motivation__S02__prefrontal__montage0__r0__chain_first__total__SSM_Hb__full,0.25,True,stationary_feasible,1.202260513366582e-12,2.8576383886353127e-06,437.98749539836933,0.001634883028246324,0.25000118345578864,0.25000118345578864,0.23059205840996658,0.019426062193801438,15,True
visual_cognitive_motivation,S02,chain_first,440.8674497624365,SSM_Hb,full,visual_cognitive_motivation__S02__prefrontal__montage0__r0__chain_first__total__SSM_Hb__full,0.5,True,stationary_feasible,6.545874953189923e-13,2.366103383442371e-06,437.98749539836933,0.006575425998058913,0.5000020756069223,0.5000020756069223,0.4612719715018336,0.038763768129902516,15,True
visual_cognitive_motivation,S02,chain_first,438.24553536869877,T,full,visual_cognitive_motivation__S02__prefrontal__montage0__r0__chain_first__total__T__full,-0.25,True,stationary_feasible,-2.4197088777100362e-11,2.6549164313142024e-06,437.98749539836933,0.0005891491721578393,0.25000039271803554,0.15014887344657693,0.1383604517243825,0.012045822463754026,15,True
visual_cognitive_motivation,S02,chain_first,439.0166788822382,T,full,visual_cognitive_motivation__S02__prefrontal__montage0__r0__chain_first__total__T__full,-0.5,True,stationary_feasible,-2.998534753828608e-11,2.9737464611482777e-06,437.98749539836933,0.002349801066655476,0.5000008275194473,0.30031043852739725,0.276703079647834,0.024116083412474766,15,True
visual_cognitive_motivation,S02,chain_first,438.2471284537847,T,full,visual_cognitive_motivation__S02__prefrontal__montage0__r0__chain_first__total__T__full,0.25,True,stationary_feasible,-2.7523361367798316e-10,8.402752966198168e-06,437.98749539836933,0.0005927864565612808,0.2500003444498782,0.15013493781535364,0.13837727764008684,0.012021784188145522,13,True
visual_cognitive_motivation,S02,chain_first,439.0292869310213,T,full,visual_cognitive_motivation__S02__prefrontal__montage0__r0__chain_first__total__T__full,0.5,True,stationary_feasible,-2.3534196813557173e-10,7.682571599499699e-06,437.98749539836933,0.0023785873879902174,0.5000006387422433,0.30025424475191564,0.276770023700295,0.024020087273821895,13,True
visual_cognitive_motivation,S02,chain_first,451.8083776566069,X,full,visual_cognitive_motivation__S02__prefrontal__montage0__r0__chain_first__total__X__full,-0.25,True,stationary_feasible,-1.2629020051946327e-10,4.291061372672849e-06,437.98749539836933,0.03155542658967209,0.2500044512488188,0.217479689995198,0.014244467413550638,0.21715549575797602,17,True
visual_cognitive_motivation,S02,chain_first,493.08194521142667,X,full,visual_cognitive_motivation__S02__prefrontal__montage0__r0__chain_first__total__X__full,-0.5,True,stationary_feasible,-4.6414727616905793e-10,8.756523956537207e-06,437.98749539836933,0.12579000631729556,0.5000211758681841,0.4350345019430117,0.027570228581992328,0.4343399502963665,17,False
visual_cognitive_motivation,S02,chain_first,451.838778553315,X,full,visual_cognitive_motivation__S02__prefrontal__montage0__r0__chain_first__total__X__full,0.25,True,stationary_feasible,-6.499333710108246e-11,2.548124132775006e-06,437.98749539836933,0.031624837011265186,0.2500012671421064,0.21751873351812692,0.016124655862743736,0.21712713271582323,15,True
visual_cognitive_motivation,S02,chain_first,493.3176177611298,X,full,visual_cognitive_motivation__S02__prefrontal__montage0__r0__chain_first__total__X__full,0.5,True,stationary_feasible,-8.309416488216925e-10,9.888795925366579e-06,437.98749539836933,0.12632808686109911,0.5000072522258561,0.43517414101676544,0.03438576694663781,0.43423056170400065,15,False
visual_cognitive_motivation,S02,chain_first,438.00894661618844,volume,full,visual_cognitive_motivation__S02__prefrontal__montage0__r0__chain_first__total__volume__full,-0.25,True,stationary_feasible,-7.549516567451064e-15,3.08501412542539e-06,437.98749539836933,4.89767814023889e-05,0.25000406770666816,0.0034255258151239865,0.0025833604096894935,0.0013645647983367996,9,True
visual_cognitive_motivation,S02,chain_first,438.0734297251196,volume,full,visual_cognitive_motivation__S02__prefrontal__montage0__r0__chain_first__total__volume__full,-0.5,True,stationary_feasible,-7.993605777301127e-15,3.07385499032511e-06,437.98749539836933,0.00019620269449036897,0.5000082053574012,0.006876742528394542,0.005189654663804498,0.0027275966490844816,9,True
visual_cognitive_motivation,S02,chain_first,438.0088571770298,volume,full,visual_cognitive_motivation__S02__prefrontal__montage0__r0__chain_first__total__volume__full,0.25,True,stationary_feasible,-6.217248937900877e-15,3.131253860283014e-06,437.98749539836933,4.877257658021009e-05,0.25000397899603793,0.003391532041382956,0.002552537382265434,0.0013650611947714872,9,True
visual_cognitive_motivation,S02,chain_first,438.07281408682223,volume,full,visual_cognitive_motivation__S02__prefrontal__montage0__r0__chain_first__total__volume__full,0.5,True,stationary_feasible,-6.661338147750939e-15,3.137184609457373e-06,437.98749539836933,0.0001947970874723255,0.50000789487471,0.006762417624463601,0.005086801674241956,0.0027319574307416742,9,True
visual_cognitive_motivation,S02,chain_first,15911.749935723896,p_minus_v,full,visual_cognitive_motivation__S02__prefrontal__montage0__r0__chain_first__total__p_minus_v__full,-0.25,False,line_search_stalled,0.2499970451193804,101.67542387451074,437.98749539836933,35.32923337514794,2.9562396140361942e-06,3.6297021560110307,3.6671047229324687,4.336280066037998,375,False
visual_cognitive_motivation,S02,chain_first,15911.749937010445,p_minus_v,full,visual_cognitive_motivation__S02__prefrontal__montage0__r0__chain_first__total__p_minus_v__full,-0.5,False,line_search_stalled,0.4999970451193772,101.67899783581413,437.98749539836933,35.329233378085355,2.9562396169436933e-06,3.6297021559724225,3.6671047237150036,4.336280066175845,376,False
visual_cognitive_motivation,S02,chain_first,1644.815782851038,p_minus_v,full,visual_cognitive_motivation__S02__prefrontal__montage0__r0__chain_first__total__p_minus_v__full,0.25,False,iteration_budget,0.0006180067119354038,3.496338210254099,437.98749539836933,2.7553943894106014,0.2829583391114567,3.9384881733006667,3.6172636364823827,0.6302840228161078,499,False
visual_cognitive_motivation,S02,chain_first,2664.135342698469,p_minus_v,full,visual_cognitive_motivation__S02__prefrontal__montage0__r0__chain_first__total__p_minus_v__full,0.5,False,iteration_budget,-0.21874853374489533,27.58025818775217,437.98749539836933,5.082674438628248,0.3268149575839393,2.9116773809128427,2.277864130035786,1.4457826164885392,499,False
visual_cognitive_motivation,S02,chain_first,437.9900782465815,flow,full,visual_cognitive_motivation__S02__prefrontal__montage0__r0__chain_first__total__flow__full,-0.25,True,stationary_feasible,7.105427357601002e-15,9.43030190458002e-06,437.98749539836933,5.897082084094234e-06,0.25000445131084303,0.0011752063371463864,0.0008816250020679813,0.0004760720233054869,7,True
visual_cognitive_motivation,S02,chain_first,437.9978469411153,flow,full,visual_cognitive_motivation__S02__prefrontal__montage0__r0__chain_first__total__flow__full,-0.5,True,stationary_feasible,-1.2434497875801753e-14,9.46616232518834e-06,437.98749539836933,2.363433398153187e-05,0.5000088878737375,0.0023666952007057014,0.0017785060170879374,0.000953006366702499,7,True
visual_cognitive_motivation,S02,chain_first,437.9900595957614,flow,full,visual_cognitive_motivation__S02__prefrontal__montage0__r0__chain_first__total__flow__full,0.25,True,stationary_feasible,-8.881784197001252e-15,9.293850515220217e-06,437.98749539836933,5.854499087338856e-06,0.2500043955403306,0.001162822406098533,0.0008705308658074093,0.0004745132381970495,7,True
visual_cognitive_motivation,S02,chain_first,437.9977323675521,flow,full,visual_cognitive_motivation__S02__prefrontal__montage0__r0__chain_first__total__flow__full,0.5,True,stationary_feasible,0.0,9.28715236334717e-06,437.98749539836933,2.337274303560927e-05,0.5000088059045357,0.002337943299790145,0.0017537589368326267,0.0009491297601651824,7,True
visual_cognitive_motivation,S02,chain_first,438.14981858881265,driver,full,visual_cognitive_motivation__S02__prefrontal__montage0__r0__chain_first__total__driver__full,-0.25,True,stationary_feasible,6.661338147750939e-16,8.970632283915868e-06,437.98749539836933,0.00037061147212816346,0.25000972724431353,0.009533704806774245,0.007130363206141743,0.003951555115286129,9,True
visual_cognitive_motivation,S02,chain_first,438.6501122810366,driver,full,visual_cognitive_motivation__S02__prefrontal__montage0__r0__chain_first__total__driver__full,-0.5,True,stationary_feasible,4.440892098500626e-16,8.998183543422627e-06,437.98749539836933,0.0015128671243561736,0.5000197584192438,0.01938463495534828,0.014518000069093512,0.00795727013083843,9,True
visual_cognitive_motivation,S02,chain_first,438.1434553050216,driver,full,visual_cognitive_motivation__S02__prefrontal__montage0__r0__chain_first__total__driver__full,0.25,True,stationary_feasible,0.0,8.200333048944942e-06,437.98749539836933,0.0003560830121654268,0.25000947145787383,0.00918726359974217,0.006839812355429851,0.0038985955349955088,9,True
visual_cognitive_motivation,S02,chain_first,438.59942307862246,driver,full,visual_cognitive_motivation__S02__prefrontal__montage0__r0__chain_first__total__driver__full,0.5,True,stationary_feasible,0.0,8.084468525664252e-06,437.98749539836933,0.001397135047649148,0.5000187660790605,0.018022772807339625,0.0133788430717708,0.007747294279965801,9,True
