dataset,subject,id,split,condition,time_s,kind,signed_height
eeg_fnirs_single_trial,subject_01,eeg_fnirs_single_trial__subject_01__session_00__prefrontal__w0,train,LMI,1.2,0,-3.119139508205989
eeg_fnirs_single_trial,subject_01,eeg_fnirs_single_trial__subject_01__session_00__prefrontal__w0,train,LMI,5.12,0,5.226956361107129
eeg_fnirs_single_trial,subject_01,eeg_fnirs_single_trial__subject_01__session_00__prefrontal__w0,train,LMI,13.82,0,5.209924766684407
eeg_fnirs_single_trial,subject_01,eeg_fnirs_single_trial__subject_01__session_00__prefrontal__w0,train,LMI,17.32,0,3.6963215679325145
eeg_fnirs_single_trial,subject_01,eeg_fnirs_single_trial__subject_01__session_00__prefrontal__w0,train,LMI,19.02,0,5.023221970358572
eeg_fnirs_single_trial,subject_01,eeg_fnirs_single_trial__subject_01__session_00__prefrontal__w0,train,LMI,26.16,0,3.5785303772837955
eeg_fnirs_single_trial,subject_01,eeg_fnirs_single_trial__subject_01__session_00__prefrontal__w0,train,LMI,27.94,0,5.7686329916510495
eeg_fnirs_single_trial,subject_01,eeg_fnirs_single_trial__subject_01__session_00__prefrontal__w0,train,LMI,3.2,1,3.643356635635654
eeg_fnirs_single_trial,subject_01,eeg_fnirs_single_trial__subject_01__session_00__prefrontal__w0,train,LMI,4.14,1,-6.7981963105631324
eeg_fnirs_single_trial,subject_01,eeg_fnirs_single_trial__subject_01__session_00__prefrontal__w0,train,LMI,15.84,1,-10.067773288329251
eeg_fnirs_single_trial,subject_01,eeg_fnirs_single_trial__subject_01__session_00__prefrontal__w0,train,LMI,26.12,1,-3.8815678542346115
eeg_fnirs_single_trial,subject_01,eeg_fnirs_single_trial__subject_01__session_00__prefrontal__w2,train,LMI,7.36,0,5.283049495737465
eeg_fnirs_single_trial,subject_01,eeg_fnirs_single_trial__subject_01__session_00__prefrontal__w2,train,LMI,12.9,0,4.070792546820096
eeg_fnirs_single_trial,subject_01,eeg_fnirs_single_trial__subject_01__session_00__prefrontal__w2,train,LMI,15.86,0,4.516837185959307
eeg_fnirs_single_trial,subject_01,eeg_fnirs_single_trial__subject_01__session_00__prefrontal__w2,train,LMI,18.98,0,6.185266317762233
eeg_fnirs_single_trial,subject_01,eeg_fnirs_single_trial__subject_01__session_00__prefrontal__w2,train,LMI,27.66,0,3.6735517828750694
eeg_fnirs_single_trial,subject_01,eeg_fnirs_single_trial__subject_01__session_00__prefrontal__w2,train,LMI,12.68,1,3.1566260600577407
eeg_fnirs_single_trial,subject_01,eeg_fnirs_single_trial__subject_01__session_00__prefrontal__w2,train,LMI,14.22,1,10.357046479290904
eeg_fnirs_single_trial,subject_01,eeg_fnirs_single_trial__subject_01__session_00__prefrontal__w2,train,LMI,14.84,1,-5.700331091540342
eeg_fnirs_single_trial,subject_01,eeg_fnirs_single_trial__subject_01__session_00__prefrontal__w2,train,LMI,15.8,1,-4.1268841198516855
eeg_fnirs_single_trial,subject_01,eeg_fnirs_single_trial__subject_01__session_00__prefrontal__w2,train,LMI,19.04,1,-5.554860829757553
eeg_fnirs_single_trial,subject_01,eeg_fnirs_single_trial__subject_01__session_00__prefrontal__w4,train,LMI,1.76,0,5.440487696732967
eeg_fnirs_single_trial,subject_01,eeg_fnirs_single_trial__subject_01__session_00__prefrontal__w4,train,LMI,10.28,0,4.594806040564029
eeg_fnirs_single_trial,subject_01,eeg_fnirs_single_trial__subject_01__session_00__prefrontal__w4,train,LMI,12.92,0,4.7095232156297975
eeg_fnirs_single_trial,subject_01,eeg_fnirs_single_trial__subject_01__session_00__prefrontal__w4,train,LMI,16.1,0,3.114958675339112
eeg_fnirs_single_trial,subject_01,eeg_fnirs_single_trial__subject_01__session_00__prefrontal__w4,train,LMI,24.34,0,5.925874314039232
eeg_fnirs_single_trial,subject_01,eeg_fnirs_single_trial__subject_01__session_00__prefrontal__w4,train,LMI,3.28,1,3.510111283288698
eeg_fnirs_single_trial,subject_01,eeg_fnirs_single_trial__subject_01__session_00__prefrontal__w4,train,LMI,8.88,1,6.172199133010531
eeg_fnirs_single_trial,subject_01,eeg_fnirs_single_trial__subject_01__session_00__prefrontal__w4,train,LMI,15.74,1,-5.914881651418571
eeg_fnirs_single_trial,subject_01,eeg_fnirs_single_trial__subject_01__session_00__prefrontal__w6,train,LMI,1.58,0,5.210893454443223
eeg_fnirs_single_trial,subject_01,eeg_fnirs_single_trial__subject_01__session_00__prefrontal__w6,train,LMI,9.38,0,4.489573164191525
eeg_fnirs_single_trial,subject_01,eeg_fnirs_single_trial__subject_01__session_00__prefrontal__w6,train,LMI,23.44,0,4.753666597489635
eeg_fnirs_single_trial,subject_01,eeg_fnirs_single_trial__subject_01__session_00__prefrontal__w6,train,LMI,25.4,0,4.333113680550649
eeg_fnirs_single_trial,subject_01,eeg_fnirs_single_trial__subject_01__session_00__prefrontal__w6,train,LMI,29.0,0,5.538039641439598
eeg_fnirs_single_trial,subject_01,eeg_fnirs_single_trial__subject_01__session_00__prefrontal__w6,train,LMI,3.22,1,3.5017474044735857
eeg_fnirs_single_trial,subject_01,eeg_fnirs_single_trial__subject_01__session_00__prefrontal__w6,train,LMI,10.32,1,-4.070318375213266
eeg_fnirs_single_trial,subject_01,eeg_fnirs_single_trial__subject_01__session_00__prefrontal__w6,train,LMI,12.96,1,3.8750977560503803
eeg_fnirs_single_trial,subject_01,eeg_fnirs_single_trial__subject_01__session_00__prefrontal__w6,train,LMI,15.54,1,-7.417518492350975
eeg_fnirs_single_trial,subject_01,eeg_fnirs_single_trial__subject_01__session_00__prefrontal__w6,train,LMI,23.44,1,3.39761827895909
eeg_fnirs_single_trial,subject_01,eeg_fnirs_single_trial__subject_01__session_00__prefrontal__w8,train,RMI,9.84,0,3.748412719663373
eeg_fnirs_single_trial,subject_01,eeg_fnirs_single_trial__subject_01__session_00__prefrontal__w8,train,RMI,13.16,0,3.9127866074190307
eeg_fnirs_single_trial,subject_01,eeg_fnirs_single_trial__subject_01__session_00__prefrontal__w8,train,RMI,23.16,0,3.2713729128887454
eeg_fnirs_single_trial,subject_01,eeg_fnirs_single_trial__subject_01__session_00__prefrontal__w8,train,RMI,3.34,1,-3.748762407611701
eeg_fnirs_single_trial,subject_01,eeg_fnirs_single_trial__subject_01__session_00__prefrontal__w8,train,RMI,10.5,1,3.304487051321592
eeg_fnirs_single_trial,subject_01,eeg_fnirs_single_trial__subject_01__session_00__prefrontal__w8,train,RMI,11.14,1,-4.590275375089111
eeg_fnirs_single_trial,subject_01,eeg_fnirs_single_trial__subject_01__session_00__prefrontal__w8,train,RMI,12.4,1,3.7252693932769287
eeg_fnirs_single_trial,subject_01,eeg_fnirs_single_trial__subject_01__session_00__prefrontal__w8,train,RMI,16.64,1,-5.16227747044336
eeg_fnirs_single_trial,subject_01,eeg_fnirs_single_trial__subject_01__session_00__prefrontal__w10,train,LMI,1.98,0,4.370218950785673
eeg_fnirs_single_trial,subject_01,eeg_fnirs_single_trial__subject_01__session_00__prefrontal__w10,train,LMI,13.82,0,4.2336669386514245
eeg_fnirs_single_trial,subject_01,eeg_fnirs_single_trial__subject_01__session_00__prefrontal__w10,train,LMI,16.04,0,3.607271272324929
eeg_fnirs_single_trial,subject_01,eeg_fnirs_single_trial__subject_01__session_00__prefrontal__w10,train,LMI,3.26,1,3.2704749165098304
eeg_fnirs_single_trial,subject_01,eeg_fnirs_single_trial__subject_01__session_00__prefrontal__w10,train,LMI,7.24,1,-3.347639142088756
eeg_fnirs_single_trial,subject_01,eeg_fnirs_single_trial__subject_01__session_00__prefrontal__w10,train,LMI,10.72,1,6.1426825868593005
eeg_fnirs_single_trial,subject_01,eeg_fnirs_single_trial__subject_01__session_00__prefrontal__w10,train,LMI,12.98,1,3.831275473879649
eeg_fnirs_single_trial,subject_01,eeg_fnirs_single_trial__subject_01__session_00__prefrontal__w10,train,LMI,13.88,1,-3.7630321433975933
eeg_fnirs_single_trial,subject_01,eeg_fnirs_single_trial__subject_01__session_00__prefrontal__w10,train,LMI,14.52,1,4.752440536366809
eeg_fnirs_single_trial,subject_01,eeg_fnirs_single_trial__subject_01__session_00__prefrontal__w10,train,LMI,15.5,1,-8.328621110767768
eeg_fnirs_single_trial,subject_01,eeg_fnirs_single_trial__subject_01__session_00__prefrontal__w12,train,LMI,0.2,0,-3.1739249263755904
eeg_fnirs_single_trial,subject_01,eeg_fnirs_single_trial__subject_01__session_00__prefrontal__w12,train,LMI,10.96,0,3.6746337494196464
eeg_fnirs_single_trial,subject_01,eeg_fnirs_single_trial__subject_01__session_00__prefrontal__w12,train,LMI,16.1,0,4.213131790785376
eeg_fnirs_single_trial,subject_01,eeg_fnirs_single_trial__subject_01__session_00__prefrontal__w12,train,LMI,25.8,0,6.065727343810261
eeg_fnirs_single_trial,subject_01,eeg_fnirs_single_trial__subject_01__session_00__prefrontal__w12,train,LMI,9.84,1,-3.0642644791766798
eeg_fnirs_single_trial,subject_01,eeg_fnirs_single_trial__subject_01__session_00__prefrontal__w12,train,LMI,12.9,1,3.8273854529987568
eeg_fnirs_single_trial,subject_01,eeg_fnirs_single_trial__subject_01__session_00__prefrontal__w12,train,LMI,13.46,1,-5.100147257948176
eeg_fnirs_single_trial,subject_01,eeg_fnirs_single_trial__subject_01__session_00__prefrontal__w12,train,LMI,14.46,1,-4.358306932684539
eeg_fnirs_single_trial,subject_01,eeg_fnirs_single_trial__subject_01__session_00__prefrontal__w12,train,LMI,15.34,1,3.587976501875678
eeg_fnirs_single_trial,subject_01,eeg_fnirs_single_trial__subject_01__session_00__prefrontal__w12,train,LMI,16.02,1,-5.327307232018406
eeg_fnirs_single_trial,subject_01,eeg_fnirs_single_trial__subject_01__session_00__prefrontal__w12,train,LMI,16.7,1,3.4231815120968463
eeg_fnirs_single_trial,subject_01,eeg_fnirs_single_trial__subject_01__session_00__prefrontal__w14,train,LMI,9.72,0,4.007853432681668
eeg_fnirs_single_trial,subject_01,eeg_fnirs_single_trial__subject_01__session_00__prefrontal__w14,train,LMI,25.04,0,5.331262801295016
eeg_fnirs_single_trial,subject_01,eeg_fnirs_single_trial__subject_01__session_00__prefrontal__w14,train,LMI,3.26,1,3.1891082937073487
eeg_fnirs_single_trial,subject_01,eeg_fnirs_single_trial__subject_01__session_00__prefrontal__w14,train,LMI,10.84,1,-3.085286690879969
eeg_fnirs_single_trial,subject_01,eeg_fnirs_single_trial__subject_01__session_00__prefrontal__w14,train,LMI,11.48,1,5.212958011450955
eeg_fnirs_single_trial,subject_01,eeg_fnirs_single_trial__subject_01__session_00__prefrontal__w14,train,LMI,13.86,1,3.302816181632841
eeg_fnirs_single_trial,subject_01,eeg_fnirs_single_trial__subject_01__session_00__prefrontal__w14,train,LMI,15.8,1,-4.306515371138608
eeg_fnirs_single_trial,subject_02,eeg_fnirs_single_trial__subject_02__session_00__prefrontal__w0,evaluate,RMI,0.62,0,4.382778874133107
eeg_fnirs_single_trial,subject_02,eeg_fnirs_single_trial__subject_02__session_00__prefrontal__w0,evaluate,RMI,3.54,0,4.817227157857622
eeg_fnirs_single_trial,subject_02,eeg_fnirs_single_trial__subject_02__session_00__prefrontal__w0,evaluate,RMI,15.96,0,5.9969847703923795
eeg_fnirs_single_trial,subject_02,eeg_fnirs_single_trial__subject_02__session_00__prefrontal__w0,evaluate,RMI,18.78,0,5.9725161541008305
eeg_fnirs_single_trial,subject_02,eeg_fnirs_single_trial__subject_02__session_00__prefrontal__w0,evaluate,RMI,21.32,0,5.789271591522167
eeg_fnirs_single_trial,subject_02,eeg_fnirs_single_trial__subject_02__session_00__prefrontal__w0,evaluate,RMI,22.88,0,4.637268113194942
eeg_fnirs_single_trial,subject_02,eeg_fnirs_single_trial__subject_02__session_00__prefrontal__w0,evaluate,RMI,24.26,0,5.705517478008621
eeg_fnirs_single_trial,subject_02,eeg_fnirs_single_trial__subject_02__session_00__prefrontal__w0,evaluate,RMI,25.96,0,5.226191430078804
eeg_fnirs_single_trial,subject_02,eeg_fnirs_single_trial__subject_02__session_00__prefrontal__w0,evaluate,RMI,28.12,0,4.066844953644418
eeg_fnirs_single_trial,subject_02,eeg_fnirs_single_trial__subject_02__session_00__prefrontal__w0,evaluate,RMI,3.52,1,5.229591319667577
eeg_fnirs_single_trial,subject_02,eeg_fnirs_single_trial__subject_02__session_00__prefrontal__w0,evaluate,RMI,4.14,1,-3.576121363333412
eeg_fnirs_single_trial,subject_02,eeg_fnirs_single_trial__subject_02__session_00__prefrontal__w0,evaluate,RMI,10.94,1,4.536855991349399
eeg_fnirs_single_trial,subject_02,eeg_fnirs_single_trial__subject_02__session_00__prefrontal__w0,evaluate,RMI,19.82,1,8.490054365419395
eeg_fnirs_single_trial,subject_02,eeg_fnirs_single_trial__subject_02__session_00__prefrontal__w0,evaluate,RMI,21.26,1,3.97282779686139
eeg_fnirs_single_trial,subject_02,eeg_fnirs_single_trial__subject_02__session_00__prefrontal__w0,evaluate,RMI,23.24,1,-4.169583363466862
eeg_fnirs_single_trial,subject_02,eeg_fnirs_single_trial__subject_02__session_00__prefrontal__w0,evaluate,RMI,28.08,1,-12.429892726002612
eeg_fnirs_single_trial,subject_02,eeg_fnirs_single_trial__subject_02__session_00__prefrontal__w0,evaluate,RMI,28.94,1,3.9408124390999566
eeg_fnirs_single_trial,subject_02,eeg_fnirs_single_trial__subject_02__session_00__prefrontal__w2,evaluate,RMI,0.14,0,6.836263174181866
eeg_fnirs_single_trial,subject_02,eeg_fnirs_single_trial__subject_02__session_00__prefrontal__w2,evaluate,RMI,2.1,0,5.4989481020340865
eeg_fnirs_single_trial,subject_02,eeg_fnirs_single_trial__subject_02__session_00__prefrontal__w2,evaluate,RMI,6.04,0,4.317983815883288
eeg_fnirs_single_trial,subject_02,eeg_fnirs_single_trial__subject_02__session_00__prefrontal__w2,evaluate,RMI,9.64,0,4.399453379038685
eeg_fnirs_single_trial,subject_02,eeg_fnirs_single_trial__subject_02__session_00__prefrontal__w2,evaluate,RMI,10.86,0,3.8059266178576734
eeg_fnirs_single_trial,subject_02,eeg_fnirs_single_trial__subject_02__session_00__prefrontal__w2,evaluate,RMI,15.88,0,5.915719787774444
eeg_fnirs_single_trial,subject_02,eeg_fnirs_single_trial__subject_02__session_00__prefrontal__w2,evaluate,RMI,18.5,0,5.811225311185865
eeg_fnirs_single_trial,subject_02,eeg_fnirs_single_trial__subject_02__session_00__prefrontal__w2,evaluate,RMI,19.88,0,6.112774592213031
eeg_fnirs_single_trial,subject_02,eeg_fnirs_single_trial__subject_02__session_00__prefrontal__w2,evaluate,RMI,20.96,0,5.628008026187275
eeg_fnirs_single_trial,subject_02,eeg_fnirs_single_trial__subject_02__session_00__prefrontal__w2,evaluate,RMI,25.88,0,5.881045282615728
eeg_fnirs_single_trial,subject_02,eeg_fnirs_single_trial__subject_02__session_00__prefrontal__w2,evaluate,RMI,3.3,1,-8.168723712297272
eeg_fnirs_single_trial,subject_02,eeg_fnirs_single_trial__subject_02__session_00__prefrontal__w2,evaluate,RMI,5.48,1,4.258698418001468
eeg_fnirs_single_trial,subject_02,eeg_fnirs_single_trial__subject_02__session_00__prefrontal__w2,evaluate,RMI,6.04,1,-8.606204328571753
eeg_fnirs_single_trial,subject_02,eeg_fnirs_single_trial__subject_02__session_00__prefrontal__w2,evaluate,RMI,7.26,1,4.267862702998288
eeg_fnirs_single_trial,subject_02,eeg_fnirs_single_trial__subject_02__session_00__prefrontal__w2,evaluate,RMI,15.82,1,10.199741710816845
eeg_fnirs_single_trial,subject_02,eeg_fnirs_single_trial__subject_02__session_00__prefrontal__w4,evaluate,RMI,0.12,0,6.862623143813908
eeg_fnirs_single_trial,subject_02,eeg_fnirs_single_trial__subject_02__session_00__prefrontal__w4,evaluate,RMI,2.94,0,5.179633571751284
eeg_fnirs_single_trial,subject_02,eeg_fnirs_single_trial__subject_02__session_00__prefrontal__w4,evaluate,RMI,4.36,0,5.065674454544233
eeg_fnirs_single_trial,subject_02,eeg_fnirs_single_trial__subject_02__session_00__prefrontal__w4,evaluate,RMI,11.3,0,3.850118566586457
eeg_fnirs_single_trial,subject_02,eeg_fnirs_single_trial__subject_02__session_00__prefrontal__w4,evaluate,RMI,16.0,0,5.347231238348559
eeg_fnirs_single_trial,subject_02,eeg_fnirs_single_trial__subject_02__session_00__prefrontal__w4,evaluate,RMI,18.46,0,4.695040973385934
eeg_fnirs_single_trial,subject_02,eeg_fnirs_single_trial__subject_02__session_00__prefrontal__w4,evaluate,RMI,21.88,0,4.928236648897413
eeg_fnirs_single_trial,subject_02,eeg_fnirs_single_trial__subject_02__session_00__prefrontal__w4,evaluate,RMI,24.48,0,5.075997926970871
eeg_fnirs_single_trial,subject_02,eeg_fnirs_single_trial__subject_02__session_00__prefrontal__w4,evaluate,RMI,25.68,0,6.078083666767536
eeg_fnirs_single_trial,subject_02,eeg_fnirs_single_trial__subject_02__session_00__prefrontal__w4,evaluate,RMI,27.34,0,5.963080836423633
eeg_fnirs_single_trial,subject_02,eeg_fnirs_single_trial__subject_02__session_00__prefrontal__w4,evaluate,RMI,28.4,0,5.556762585336695
eeg_fnirs_single_trial,subject_02,eeg_fnirs_single_trial__subject_02__session_00__prefrontal__w4,evaluate,RMI,0.22,1,8.82186645192812
eeg_fnirs_single_trial,subject_02,eeg_fnirs_single_trial__subject_02__session_00__prefrontal__w4,evaluate,RMI,3.38,1,-3.4772947532838354
eeg_fnirs_single_trial,subject_02,eeg_fnirs_single_trial__subject_02__session_00__prefrontal__w4,evaluate,RMI,4.38,1,-4.359000753819738
eeg_fnirs_single_trial,subject_02,eeg_fnirs_single_trial__subject_02__session_00__prefrontal__w4,evaluate,RMI,13.48,1,7.580436272485082
eeg_fnirs_single_trial,subject_02,eeg_fnirs_single_trial__subject_02__session_00__prefrontal__w4,evaluate,RMI,15.64,1,11.50825645628902
eeg_fnirs_single_trial,subject_02,eeg_fnirs_single_trial__subject_02__session_00__prefrontal__w4,evaluate,RMI,16.64,1,4.190812197317113
eeg_fnirs_single_trial,subject_02,eeg_fnirs_single_trial__subject_02__session_00__prefrontal__w6,evaluate,RMI,1.94,0,4.433889311489078
eeg_fnirs_single_trial,subject_02,eeg_fnirs_single_trial__subject_02__session_00__prefrontal__w6,evaluate,RMI,5.36,0,4.941724315456449
eeg_fnirs_single_trial,subject_02,eeg_fnirs_single_trial__subject_02__session_00__prefrontal__w6,evaluate,RMI,13.46,0,3.2417364993868696
eeg_fnirs_single_trial,subject_02,eeg_fnirs_single_trial__subject_02__session_00__prefrontal__w6,evaluate,RMI,17.5,0,4.659508935960431
eeg_fnirs_single_trial,subject_02,eeg_fnirs_single_trial__subject_02__session_00__prefrontal__w6,evaluate,RMI,19.66,0,4.663915879564588
eeg_fnirs_single_trial,subject_02,eeg_fnirs_single_trial__subject_02__session_00__prefrontal__w6,evaluate,RMI,22.76,0,4.02992490739706
eeg_fnirs_single_trial,subject_02,eeg_fnirs_single_trial__subject_02__session_00__prefrontal__w6,evaluate,RMI,24.3,0,4.802362917854874
eeg_fnirs_single_trial,subject_02,eeg_fnirs_single_trial__subject_02__session_00__prefrontal__w6,evaluate,RMI,27.1,0,5.345379497752369
eeg_fnirs_single_trial,subject_02,eeg_fnirs_single_trial__subject_02__session_00__prefrontal__w6,evaluate,RMI,28.1,0,4.685791740705979
eeg_fnirs_single_trial,subject_02,eeg_fnirs_single_trial__subject_02__session_00__prefrontal__w6,evaluate,RMI,29.78,0,3.8297142295646314
eeg_fnirs_single_trial,subject_02,eeg_fnirs_single_trial__subject_02__session_00__prefrontal__w6,evaluate,RMI,3.38,1,-8.9814640756277
eeg_fnirs_single_trial,subject_02,eeg_fnirs_single_trial__subject_02__session_00__prefrontal__w6,evaluate,RMI,5.34,1,-8.287249289211548
eeg_fnirs_single_trial,subject_02,eeg_fnirs_single_trial__subject_02__session_00__prefrontal__w6,evaluate,RMI,6.56,1,4.976341580577938
eeg_fnirs_single_trial,subject_02,eeg_fnirs_single_trial__subject_02__session_00__prefrontal__w6,evaluate,RMI,15.78,1,16.048347005549605
eeg_fnirs_single_trial,subject_02,eeg_fnirs_single_trial__subject_02__session_00__prefrontal__w8,evaluate,LMI,0.38,0,5.157154791470739
eeg_fnirs_single_trial,subject_02,eeg_fnirs_single_trial__subject_02__session_00__prefrontal__w8,evaluate,LMI,4.86,0,4.030704084864249
eeg_fnirs_single_trial,subject_02,eeg_fnirs_single_trial__subject_02__session_00__prefrontal__w8,evaluate,LMI,5.5,0,3.312594095136523
eeg_fnirs_single_trial,subject_02,eeg_fnirs_single_trial__subject_02__session_00__prefrontal__w8,evaluate,LMI,6.72,0,4.6127037443282175
eeg_fnirs_single_trial,subject_02,eeg_fnirs_single_trial__subject_02__session_00__prefrontal__w8,evaluate,LMI,8.96,0,4.773384541575342
eeg_fnirs_single_trial,subject_02,eeg_fnirs_single_trial__subject_02__session_00__prefrontal__w8,evaluate,LMI,15.82,0,5.7561579000731165
eeg_fnirs_single_trial,subject_02,eeg_fnirs_single_trial__subject_02__session_00__prefrontal__w8,evaluate,LMI,18.16,0,5.3977606909363525
eeg_fnirs_single_trial,subject_02,eeg_fnirs_single_trial__subject_02__session_00__prefrontal__w8,evaluate,LMI,19.94,0,4.567006094164054
eeg_fnirs_single_trial,subject_02,eeg_fnirs_single_trial__subject_02__session_00__prefrontal__w8,evaluate,LMI,22.02,0,4.554656801656438
eeg_fnirs_single_trial,subject_02,eeg_fnirs_single_trial__subject_02__session_00__prefrontal__w8,evaluate,LMI,23.74,0,5.24606785534285
eeg_fnirs_single_trial,subject_02,eeg_fnirs_single_trial__subject_02__session_00__prefrontal__w8,evaluate,LMI,25.92,0,5.636085633605174
eeg_fnirs_single_trial,subject_02,eeg_fnirs_single_trial__subject_02__session_00__prefrontal__w8,evaluate,LMI,28.36,0,5.182788624641931
eeg_fnirs_single_trial,subject_02,eeg_fnirs_single_trial__subject_02__session_00__prefrontal__w8,evaluate,LMI,5.44,1,8.813463583875627
eeg_fnirs_single_trial,subject_02,eeg_fnirs_single_trial__subject_02__session_00__prefrontal__w8,evaluate,LMI,6.1,1,-4.62567093658733
eeg_fnirs_single_trial,subject_02,eeg_fnirs_single_trial__subject_02__session_00__prefrontal__w8,evaluate,LMI,8.9,1,3.1066467304047887
eeg_fnirs_single_trial,subject_02,eeg_fnirs_single_trial__subject_02__session_00__prefrontal__w8,evaluate,LMI,15.7,1,-12.593995648587857
eeg_fnirs_single_trial,subject_02,eeg_fnirs_single_trial__subject_02__session_00__prefrontal__w10,evaluate,RMI,0.84,0,5.507962581132074
eeg_fnirs_single_trial,subject_02,eeg_fnirs_single_trial__subject_02__session_00__prefrontal__w10,evaluate,RMI,2.16,0,5.1894633827449725
eeg_fnirs_single_trial,subject_02,eeg_fnirs_single_trial__subject_02__session_00__prefrontal__w10,evaluate,RMI,5.6,0,3.5136069698442975
eeg_fnirs_single_trial,subject_02,eeg_fnirs_single_trial__subject_02__session_00__prefrontal__w10,evaluate,RMI,9.7,0,3.4896000987584155
eeg_fnirs_single_trial,subject_02,eeg_fnirs_single_trial__subject_02__session_00__prefrontal__w10,evaluate,RMI,13.6,0,3.6504960285264088
eeg_fnirs_single_trial,subject_02,eeg_fnirs_single_trial__subject_02__session_00__prefrontal__w10,evaluate,RMI,16.18,0,4.857627444352341
eeg_fnirs_single_trial,subject_02,eeg_fnirs_single_trial__subject_02__session_00__prefrontal__w10,evaluate,RMI,18.88,0,5.570182142238437
eeg_fnirs_single_trial,subject_02,eeg_fnirs_single_trial__subject_02__session_00__prefrontal__w10,evaluate,RMI,20.66,0,6.0656920965768
eeg_fnirs_single_trial,subject_02,eeg_fnirs_single_trial__subject_02__session_00__prefrontal__w10,evaluate,RMI,22.18,0,5.493719606071298
eeg_fnirs_single_trial,subject_02,eeg_fnirs_single_trial__subject_02__session_00__prefrontal__w10,evaluate,RMI,24.88,0,4.852161627369878
eeg_fnirs_single_trial,subject_02,eeg_fnirs_single_trial__subject_02__session_00__prefrontal__w10,evaluate,RMI,28.06,0,4.9682194609257175
eeg_fnirs_single_trial,subject_02,eeg_fnirs_single_trial__subject_02__session_00__prefrontal__w10,evaluate,RMI,3.2,1,-3.5234829405759385
eeg_fnirs_single_trial,subject_02,eeg_fnirs_single_trial__subject_02__session_00__prefrontal__w10,evaluate,RMI,5.58,1,-10.239203509857292
eeg_fnirs_single_trial,subject_02,eeg_fnirs_single_trial__subject_02__session_00__prefrontal__w10,evaluate,RMI,6.18,1,7.636962243512315
eeg_fnirs_single_trial,subject_02,eeg_fnirs_single_trial__subject_02__session_00__prefrontal__w10,evaluate,RMI,16.12,1,12.017217876758565
eeg_fnirs_single_trial,subject_02,eeg_fnirs_single_trial__subject_02__session_00__prefrontal__w12,evaluate,RMI,2.16,0,4.880059275893233
eeg_fnirs_single_trial,subject_02,eeg_fnirs_single_trial__subject_02__session_00__prefrontal__w12,evaluate,RMI,4.66,0,4.506993510064785
eeg_fnirs_single_trial,subject_02,eeg_fnirs_single_trial__subject_02__session_00__prefrontal__w12,evaluate,RMI,5.66,0,3.652785492495404
eeg_fnirs_single_trial,subject_02,eeg_fnirs_single_trial__subject_02__session_00__prefrontal__w12,evaluate,RMI,10.24,0,3.811199938227448
eeg_fnirs_single_trial,subject_02,eeg_fnirs_single_trial__subject_02__session_00__prefrontal__w12,evaluate,RMI,15.84,0,4.887128251424912
eeg_fnirs_single_trial,subject_02,eeg_fnirs_single_trial__subject_02__session_00__prefrontal__w12,evaluate,RMI,17.48,0,5.2040068376931625
eeg_fnirs_single_trial,subject_02,eeg_fnirs_single_trial__subject_02__session_00__prefrontal__w12,evaluate,RMI,18.78,0,4.966382410757011
eeg_fnirs_single_trial,subject_02,eeg_fnirs_single_trial__subject_02__session_00__prefrontal__w12,evaluate,RMI,20.42,0,4.533534704497704
eeg_fnirs_single_trial,subject_02,eeg_fnirs_single_trial__subject_02__session_00__prefrontal__w12,evaluate,RMI,22.22,0,4.317754221061177
eeg_fnirs_single_trial,subject_02,eeg_fnirs_single_trial__subject_02__session_00__prefrontal__w12,evaluate,RMI,23.4,0,3.961784190265522
eeg_fnirs_single_trial,subject_02,eeg_fnirs_single_trial__subject_02__session_00__prefrontal__w12,evaluate,RMI,26.06,0,3.7405575479223225
eeg_fnirs_single_trial,subject_02,eeg_fnirs_single_trial__subject_02__session_00__prefrontal__w12,evaluate,RMI,28.64,0,4.117803460301897
eeg_fnirs_single_trial,subject_02,eeg_fnirs_single_trial__subject_02__session_00__prefrontal__w12,evaluate,RMI,3.34,1,-3.3805007800392097
eeg_fnirs_single_trial,subject_02,eeg_fnirs_single_trial__subject_02__session_00__prefrontal__w12,evaluate,RMI,6.16,1,-5.669978821654045
eeg_fnirs_single_trial,subject_02,eeg_fnirs_single_trial__subject_02__session_00__prefrontal__w12,evaluate,RMI,7.92,1,4.180080386627559
eeg_fnirs_single_trial,subject_02,eeg_fnirs_single_trial__subject_02__session_00__prefrontal__w12,evaluate,RMI,15.74,1,9.726770192670742
eeg_fnirs_single_trial,subject_02,eeg_fnirs_single_trial__subject_02__session_00__prefrontal__w14,evaluate,LMI,0.72,0,5.726577399420981
eeg_fnirs_single_trial,subject_02,eeg_fnirs_single_trial__subject_02__session_00__prefrontal__w14,evaluate,LMI,1.72,0,5.783443528046202
eeg_fnirs_single_trial,subject_02,eeg_fnirs_single_trial__subject_02__session_00__prefrontal__w14,evaluate,LMI,3.2,0,5.565048115089094
eeg_fnirs_single_trial,subject_02,eeg_fnirs_single_trial__subject_02__session_00__prefrontal__w14,evaluate,LMI,4.92,0,18.349081267999896
eeg_fnirs_single_trial,subject_02,eeg_fnirs_single_trial__subject_02__session_00__prefrontal__w14,evaluate,LMI,6.58,0,4.287280205679554
eeg_fnirs_single_trial,subject_02,eeg_fnirs_single_trial__subject_02__session_00__prefrontal__w14,evaluate,LMI,11.1,0,4.000075677927082
eeg_fnirs_single_trial,subject_02,eeg_fnirs_single_trial__subject_02__session_00__prefrontal__w14,evaluate,LMI,13.52,0,4.259319425511985
eeg_fnirs_single_trial,subject_02,eeg_fnirs_single_trial__subject_02__session_00__prefrontal__w14,evaluate,LMI,15.32,0,4.052239318919789
eeg_fnirs_single_trial,subject_02,eeg_fnirs_single_trial__subject_02__session_00__prefrontal__w14,evaluate,LMI,16.76,0,5.8822071830935085
eeg_fnirs_single_trial,subject_02,eeg_fnirs_single_trial__subject_02__session_00__prefrontal__w14,evaluate,LMI,18.28,0,5.624435944782925
eeg_fnirs_single_trial,subject_02,eeg_fnirs_single_trial__subject_02__session_00__prefrontal__w14,evaluate,LMI,20.56,0,5.296488462288779
eeg_fnirs_single_trial,subject_02,eeg_fnirs_single_trial__subject_02__session_00__prefrontal__w14,evaluate,LMI,22.1,0,5.733149099548393
eeg_fnirs_single_trial,subject_02,eeg_fnirs_single_trial__subject_02__session_00__prefrontal__w14,evaluate,LMI,25.36,0,5.887168696593543
eeg_fnirs_single_trial,subject_02,eeg_fnirs_single_trial__subject_02__session_00__prefrontal__w14,evaluate,LMI,27.02,0,5.403735320653527
eeg_fnirs_single_trial,subject_02,eeg_fnirs_single_trial__subject_02__session_00__prefrontal__w14,evaluate,LMI,28.4,0,5.727977232285617
eeg_fnirs_single_trial,subject_02,eeg_fnirs_single_trial__subject_02__session_00__prefrontal__w14,evaluate,LMI,4.94,1,-138.53325531070797
eeg_fnirs_single_trial,subject_02,eeg_fnirs_single_trial__subject_02__session_00__prefrontal__w14,evaluate,LMI,6.52,1,6.052148083092219
eeg_fnirs_single_trial,subject_02,eeg_fnirs_single_trial__subject_02__session_00__prefrontal__w14,evaluate,LMI,9.32,1,4.413017524067747
eeg_fnirs_single_trial,subject_02,eeg_fnirs_single_trial__subject_02__session_00__prefrontal__w14,evaluate,LMI,13.46,1,3.018882013186584
eeg_fnirs_single_trial,subject_02,eeg_fnirs_single_trial__subject_02__session_00__prefrontal__w14,evaluate,LMI,15.26,1,3.324059249781492
eeg_fnirs_single_trial,subject_02,eeg_fnirs_single_trial__subject_02__session_00__prefrontal__w14,evaluate,LMI,15.78,1,-10.68493975905614
eeg_fnirs_single_trial,subject_02,eeg_fnirs_single_trial__subject_02__session_00__prefrontal__w14,evaluate,LMI,29.08,1,-7.4833578965148355
eeg_fnirs_single_trial,subject_03,eeg_fnirs_single_trial__subject_03__session_00__prefrontal__w0,train,RMI,0.42,0,4.603774995333623
eeg_fnirs_single_trial,subject_03,eeg_fnirs_single_trial__subject_03__session_00__prefrontal__w0,train,RMI,1.34,0,3.17457814679957
eeg_fnirs_single_trial,subject_03,eeg_fnirs_single_trial__subject_03__session_00__prefrontal__w0,train,RMI,2.5,0,4.736699667451511
eeg_fnirs_single_trial,subject_03,eeg_fnirs_single_trial__subject_03__session_00__prefrontal__w0,train,RMI,3.58,0,3.175263525324268
eeg_fnirs_single_trial,subject_03,eeg_fnirs_single_trial__subject_03__session_00__prefrontal__w0,train,RMI,4.46,0,3.959971951974567
eeg_fnirs_single_trial,subject_03,eeg_fnirs_single_trial__subject_03__session_00__prefrontal__w0,train,RMI,6.1,0,3.807223161274386
eeg_fnirs_single_trial,subject_03,eeg_fnirs_single_trial__subject_03__session_00__prefrontal__w0,train,RMI,12.2,0,3.3175279978190892
eeg_fnirs_single_trial,subject_03,eeg_fnirs_single_trial__subject_03__session_00__prefrontal__w0,train,RMI,13.02,0,4.41059680881437
eeg_fnirs_single_trial,subject_03,eeg_fnirs_single_trial__subject_03__session_00__prefrontal__w0,train,RMI,17.84,0,3.274467608111355
eeg_fnirs_single_trial,subject_03,eeg_fnirs_single_trial__subject_03__session_00__prefrontal__w0,train,RMI,19.1,0,3.1948472604966867
eeg_fnirs_single_trial,subject_03,eeg_fnirs_single_trial__subject_03__session_00__prefrontal__w0,train,RMI,24.48,0,4.670908762435687
eeg_fnirs_single_trial,subject_03,eeg_fnirs_single_trial__subject_03__session_00__prefrontal__w0,train,RMI,26.98,0,3.0509184246066496
eeg_fnirs_single_trial,subject_03,eeg_fnirs_single_trial__subject_03__session_00__prefrontal__w0,train,RMI,29.16,0,3.879270867071554
eeg_fnirs_single_trial,subject_03,eeg_fnirs_single_trial__subject_03__session_00__prefrontal__w0,train,RMI,0.48,1,3.1262778996716087
eeg_fnirs_single_trial,subject_03,eeg_fnirs_single_trial__subject_03__session_00__prefrontal__w0,train,RMI,9.72,1,-4.09010104064776
eeg_fnirs_single_trial,subject_03,eeg_fnirs_single_trial__subject_03__session_00__prefrontal__w0,train,RMI,10.6,1,-3.326536009999999
eeg_fnirs_single_trial,subject_03,eeg_fnirs_single_trial__subject_03__session_00__prefrontal__w0,train,RMI,13.64,1,6.147325638860587
eeg_fnirs_single_trial,subject_03,eeg_fnirs_single_trial__subject_03__session_00__prefrontal__w0,train,RMI,14.24,1,-4.278199062246103
eeg_fnirs_single_trial,subject_03,eeg_fnirs_single_trial__subject_03__session_00__prefrontal__w0,train,RMI,20.86,1,-10.00709950505006
eeg_fnirs_single_trial,subject_03,eeg_fnirs_single_trial__subject_03__session_00__prefrontal__w0,train,RMI,21.86,1,-3.111550048336287
eeg_fnirs_single_trial,subject_03,eeg_fnirs_single_trial__subject_03__session_00__prefrontal__w0,train,RMI,25.32,1,7.570514937024329
eeg_fnirs_single_trial,subject_03,eeg_fnirs_single_trial__subject_03__session_00__prefrontal__w0,train,RMI,26.48,1,9.020619159158189
eeg_fnirs_single_trial,subject_03,eeg_fnirs_single_trial__subject_03__session_00__prefrontal__w0,train,RMI,28.62,1,-4.245760063088485
eeg_fnirs_single_trial,subject_03,eeg_fnirs_single_trial__subject_03__session_00__prefrontal__w0,train,RMI,29.18,1,9.024727375186954
eeg_fnirs_single_trial,subject_03,eeg_fnirs_single_trial__subject_03__session_00__prefrontal__w2,train,RMI,0.68,0,3.3260977239923606
eeg_fnirs_single_trial,subject_03,eeg_fnirs_single_trial__subject_03__session_00__prefrontal__w2,train,RMI,2.02,0,4.3981893751458925
eeg_fnirs_single_trial,subject_03,eeg_fnirs_single_trial__subject_03__session_00__prefrontal__w2,train,RMI,3.2,0,3.1985697302348055
eeg_fnirs_single_trial,subject_03,eeg_fnirs_single_trial__subject_03__session_00__prefrontal__w2,train,RMI,6.92,0,3.3465489164833966
eeg_fnirs_single_trial,subject_03,eeg_fnirs_single_trial__subject_03__session_00__prefrontal__w2,train,RMI,18.4,0,3.3048225221359364
eeg_fnirs_single_trial,subject_03,eeg_fnirs_single_trial__subject_03__session_00__prefrontal__w2,train,RMI,21.84,0,4.061589659825317
eeg_fnirs_single_trial,subject_03,eeg_fnirs_single_trial__subject_03__session_00__prefrontal__w2,train,RMI,23.02,0,3.353591541724245
eeg_fnirs_single_trial,subject_03,eeg_fnirs_single_trial__subject_03__session_00__prefrontal__w2,train,RMI,26.66,0,3.0101027674431475
eeg_fnirs_single_trial,subject_03,eeg_fnirs_single_trial__subject_03__session_00__prefrontal__w2,train,RMI,29.64,0,3.1123645275391296
eeg_fnirs_single_trial,subject_03,eeg_fnirs_single_trial__subject_03__session_00__prefrontal__w2,train,RMI,0.4,1,-9.697027123550905
eeg_fnirs_single_trial,subject_03,eeg_fnirs_single_trial__subject_03__session_00__prefrontal__w2,train,RMI,0.9,1,5.8055662688786365
eeg_fnirs_single_trial,subject_03,eeg_fnirs_single_trial__subject_03__session_00__prefrontal__w2,train,RMI,1.58,1,-6.781350084263448
eeg_fnirs_single_trial,subject_03,eeg_fnirs_single_trial__subject_03__session_00__prefrontal__w2,train,RMI,2.14,1,9.678233151007378
eeg_fnirs_single_trial,subject_03,eeg_fnirs_single_trial__subject_03__session_00__prefrontal__w2,train,RMI,3.18,1,-11.879276549643377
eeg_fnirs_single_trial,subject_03,eeg_fnirs_single_trial__subject_03__session_00__prefrontal__w2,train,RMI,4.06,1,-3.133221242486048
eeg_fnirs_single_trial,subject_03,eeg_fnirs_single_trial__subject_03__session_00__prefrontal__w2,train,RMI,5.66,1,-7.287227923156363
eeg_fnirs_single_trial,subject_03,eeg_fnirs_single_trial__subject_03__session_00__prefrontal__w2,train,RMI,6.18,1,6.349924712605445
eeg_fnirs_single_trial,subject_03,eeg_fnirs_single_trial__subject_03__session_00__prefrontal__w2,train,RMI,7.42,1,-5.002045085466532
eeg_fnirs_single_trial,subject_03,eeg_fnirs_single_trial__subject_03__session_00__prefrontal__w2,train,RMI,8.06,1,3.513938594489664
eeg_fnirs_single_trial,subject_03,eeg_fnirs_single_trial__subject_03__session_00__prefrontal__w2,train,RMI,9.26,1,-4.950040612053274
eeg_fnirs_single_trial,subject_03,eeg_fnirs_single_trial__subject_03__session_00__prefrontal__w2,train,RMI,10.08,1,-4.579981793522287
eeg_fnirs_single_trial,subject_03,eeg_fnirs_single_trial__subject_03__session_00__prefrontal__w2,train,RMI,10.7,1,4.923322468229333
eeg_fnirs_single_trial,subject_03,eeg_fnirs_single_trial__subject_03__session_00__prefrontal__w2,train,RMI,11.84,1,-5.6425558743530075
eeg_fnirs_single_trial,subject_03,eeg_fnirs_single_trial__subject_03__session_00__prefrontal__w2,train,RMI,13.96,1,9.86008138657026
eeg_fnirs_single_trial,subject_03,eeg_fnirs_single_trial__subject_03__session_00__prefrontal__w2,train,RMI,14.48,1,-6.360627400506278
eeg_fnirs_single_trial,subject_03,eeg_fnirs_single_trial__subject_03__session_00__prefrontal__w2,train,RMI,15.26,1,11.27042900370983
eeg_fnirs_single_trial,subject_03,eeg_fnirs_single_trial__subject_03__session_00__prefrontal__w2,train,RMI,16.74,1,-3.7888580191094006
eeg_fnirs_single_trial,subject_03,eeg_fnirs_single_trial__subject_03__session_00__prefrontal__w2,train,RMI,18.72,1,7.574767247829388
eeg_fnirs_single_trial,subject_03,eeg_fnirs_single_trial__subject_03__session_00__prefrontal__w2,train,RMI,20.88,1,-3.50184089514402
eeg_fnirs_single_trial,subject_03,eeg_fnirs_single_trial__subject_03__session_00__prefrontal__w2,train,RMI,21.5,1,6.0551226204681505
eeg_fnirs_single_trial,subject_03,eeg_fnirs_single_trial__subject_03__session_00__prefrontal__w2,train,RMI,22.14,1,8.522264862091196
eeg_fnirs_single_trial,subject_03,eeg_fnirs_single_trial__subject_03__session_00__prefrontal__w2,train,RMI,23.26,1,4.011248164289479
eeg_fnirs_single_trial,subject_03,eeg_fnirs_single_trial__subject_03__session_00__prefrontal__w2,train,RMI,23.82,1,5.888105683058468
eeg_fnirs_single_trial,subject_03,eeg_fnirs_single_trial__subject_03__session_00__prefrontal__w2,train,RMI,25.3,1,-4.017695559897283
eeg_fnirs_single_trial,subject_03,eeg_fnirs_single_trial__subject_03__session_00__prefrontal__w2,train,RMI,26.32,1,-3.4827632483241233
eeg_fnirs_single_trial,subject_03,eeg_fnirs_single_trial__subject_03__session_00__prefrontal__w2,train,RMI,27.0,1,4.567178487347778
eeg_fnirs_single_trial,subject_03,eeg_fnirs_single_trial__subject_03__session_00__prefrontal__w2,train,RMI,27.5,1,-4.818236679572248
eeg_fnirs_single_trial,subject_03,eeg_fnirs_single_trial__subject_03__session_00__prefrontal__w2,train,RMI,28.04,1,3.565192552924671
eeg_fnirs_single_trial,subject_03,eeg_fnirs_single_trial__subject_03__session_00__prefrontal__w2,train,RMI,29.82,1,-4.176023899404278
eeg_fnirs_single_trial,subject_03,eeg_fnirs_single_trial__subject_03__session_00__prefrontal__w4,train,LMI,0.32,0,3.8158001454085713
eeg_fnirs_single_trial,subject_03,eeg_fnirs_single_trial__subject_03__session_00__prefrontal__w4,train,LMI,3.76,0,4.152182986408715
eeg_fnirs_single_trial,subject_03,eeg_fnirs_single_trial__subject_03__session_00__prefrontal__w4,train,LMI,5.48,0,3.0357129795161892
eeg_fnirs_single_trial,subject_03,eeg_fnirs_single_trial__subject_03__session_00__prefrontal__w4,train,LMI,10.0,0,3.5251097516197833
eeg_fnirs_single_trial,subject_03,eeg_fnirs_single_trial__subject_03__session_00__prefrontal__w4,train,LMI,10.74,0,3.583149911753655
eeg_fnirs_single_trial,subject_03,eeg_fnirs_single_trial__subject_03__session_00__prefrontal__w4,train,LMI,17.28,0,3.8804450566772366
eeg_fnirs_single_trial,subject_03,eeg_fnirs_single_trial__subject_03__session_00__prefrontal__w4,train,LMI,19.04,0,4.03000190435881
eeg_fnirs_single_trial,subject_03,eeg_fnirs_single_trial__subject_03__session_00__prefrontal__w4,train,LMI,20.22,0,5.110650096004992
eeg_fnirs_single_trial,subject_03,eeg_fnirs_single_trial__subject_03__session_00__prefrontal__w4,train,LMI,21.62,0,3.844632085694141
eeg_fnirs_single_trial,subject_03,eeg_fnirs_single_trial__subject_03__session_00__prefrontal__w4,train,LMI,22.78,0,4.491219299058019
eeg_fnirs_single_trial,subject_03,eeg_fnirs_single_trial__subject_03__session_00__prefrontal__w4,train,LMI,24.76,0,3.5728507130150113
eeg_fnirs_single_trial,subject_03,eeg_fnirs_single_trial__subject_03__session_00__prefrontal__w4,train,LMI,26.06,0,3.12444581335388
eeg_fnirs_single_trial,subject_03,eeg_fnirs_single_trial__subject_03__session_00__prefrontal__w4,train,LMI,26.76,0,3.304418121453632
eeg_fnirs_single_trial,subject_03,eeg_fnirs_single_trial__subject_03__session_00__prefrontal__w4,train,LMI,0.26,1,-5.985353187244835
eeg_fnirs_single_trial,subject_03,eeg_fnirs_single_trial__subject_03__session_00__prefrontal__w4,train,LMI,3.06,1,7.989056989579907
eeg_fnirs_single_trial,subject_03,eeg_fnirs_single_trial__subject_03__session_00__prefrontal__w4,train,LMI,3.7,1,-11.012229195969482
eeg_fnirs_single_trial,subject_03,eeg_fnirs_single_trial__subject_03__session_00__prefrontal__w4,train,LMI,5.62,1,5.353199769650541
eeg_fnirs_single_trial,subject_03,eeg_fnirs_single_trial__subject_03__session_00__prefrontal__w4,train,LMI,6.6,1,4.4003517203990095
eeg_fnirs_single_trial,subject_03,eeg_fnirs_single_trial__subject_03__session_00__prefrontal__w4,train,LMI,7.86,1,9.147414844202746
eeg_fnirs_single_trial,subject_03,eeg_fnirs_single_trial__subject_03__session_00__prefrontal__w4,train,LMI,8.54,1,-15.575307966662512
eeg_fnirs_single_trial,subject_03,eeg_fnirs_single_trial__subject_03__session_00__prefrontal__w4,train,LMI,11.08,1,6.609235832168996
eeg_fnirs_single_trial,subject_03,eeg_fnirs_single_trial__subject_03__session_00__prefrontal__w4,train,LMI,12.46,1,5.853437428996746
eeg_fnirs_single_trial,subject_03,eeg_fnirs_single_trial__subject_03__session_00__prefrontal__w4,train,LMI,13.64,1,4.118923802434513
eeg_fnirs_single_trial,subject_03,eeg_fnirs_single_trial__subject_03__session_00__prefrontal__w4,train,LMI,14.16,1,-8.464338657907826
eeg_fnirs_single_trial,subject_03,eeg_fnirs_single_trial__subject_03__session_00__prefrontal__w4,train,LMI,15.04,1,-5.649393459022364
eeg_fnirs_single_trial,subject_03,eeg_fnirs_single_trial__subject_03__session_00__prefrontal__w4,train,LMI,16.0,1,-4.08065222057886
eeg_fnirs_single_trial,subject_03,eeg_fnirs_single_trial__subject_03__session_00__prefrontal__w4,train,LMI,16.62,1,8.319609651836512
eeg_fnirs_single_trial,subject_03,eeg_fnirs_single_trial__subject_03__session_00__prefrontal__w4,train,LMI,17.24,1,-9.03307841263551
eeg_fnirs_single_trial,subject_03,eeg_fnirs_single_trial__subject_03__session_00__prefrontal__w4,train,LMI,18.26,1,-4.615090521230153
eeg_fnirs_single_trial,subject_03,eeg_fnirs_single_trial__subject_03__session_00__prefrontal__w4,train,LMI,21.08,1,4.162178369867529
eeg_fnirs_single_trial,subject_03,eeg_fnirs_single_trial__subject_03__session_00__prefrontal__w4,train,LMI,21.6,1,-4.566423998846306
eeg_fnirs_single_trial,subject_03,eeg_fnirs_single_trial__subject_03__session_00__prefrontal__w4,train,LMI,22.22,1,4.308068511337354
eeg_fnirs_single_trial,subject_03,eeg_fnirs_single_trial__subject_03__session_00__prefrontal__w4,train,LMI,22.78,1,-7.565228888176673
eeg_fnirs_single_trial,subject_03,eeg_fnirs_single_trial__subject_03__session_00__prefrontal__w4,train,LMI,23.64,1,6.303200245336182
eeg_fnirs_single_trial,subject_03,eeg_fnirs_single_trial__subject_03__session_00__prefrontal__w4,train,LMI,24.4,1,-9.470472578506541
eeg_fnirs_single_trial,subject_03,eeg_fnirs_single_trial__subject_03__session_00__prefrontal__w4,train,LMI,25.22,1,-8.358063791244229
eeg_fnirs_single_trial,subject_03,eeg_fnirs_single_trial__subject_03__session_00__prefrontal__w4,train,LMI,26.48,1,-7.187076494493086
eeg_fnirs_single_trial,subject_03,eeg_fnirs_single_trial__subject_03__session_00__prefrontal__w4,train,LMI,27.34,1,-4.19025022155357
eeg_fnirs_single_trial,subject_03,eeg_fnirs_single_trial__subject_03__session_00__prefrontal__w4,train,LMI,28.26,1,3.832468930555085
eeg_fnirs_single_trial,subject_03,eeg_fnirs_single_trial__subject_03__session_00__prefrontal__w4,train,LMI,28.76,1,5.6268118511158365
eeg_fnirs_single_trial,subject_03,eeg_fnirs_single_trial__subject_03__session_00__prefrontal__w6,train,RMI,3.66,0,4.089319641666765
eeg_fnirs_single_trial,subject_03,eeg_fnirs_single_trial__subject_03__session_00__prefrontal__w6,train,RMI,9.82,0,3.536625071768395
eeg_fnirs_single_trial,subject_03,eeg_fnirs_single_trial__subject_03__session_00__prefrontal__w6,train,RMI,12.78,0,3.71219781356462
eeg_fnirs_single_trial,subject_03,eeg_fnirs_single_trial__subject_03__session_00__prefrontal__w6,train,RMI,15.86,0,3.68370515352691
eeg_fnirs_single_trial,subject_03,eeg_fnirs_single_trial__subject_03__session_00__prefrontal__w6,train,RMI,17.1,0,3.5233286915597377
eeg_fnirs_single_trial,subject_03,eeg_fnirs_single_trial__subject_03__session_00__prefrontal__w6,train,RMI,17.78,0,3.052843654745789
eeg_fnirs_single_trial,subject_03,eeg_fnirs_single_trial__subject_03__session_00__prefrontal__w6,train,RMI,19.04,0,3.483394447901564
eeg_fnirs_single_trial,subject_03,eeg_fnirs_single_trial__subject_03__session_00__prefrontal__w6,train,RMI,20.22,0,4.4667918257728125
eeg_fnirs_single_trial,subject_03,eeg_fnirs_single_trial__subject_03__session_00__prefrontal__w6,train,RMI,21.48,0,3.43918632680802
eeg_fnirs_single_trial,subject_03,eeg_fnirs_single_trial__subject_03__session_00__prefrontal__w6,train,RMI,22.78,0,4.069491762145561
eeg_fnirs_single_trial,subject_03,eeg_fnirs_single_trial__subject_03__session_00__prefrontal__w6,train,RMI,23.76,0,4.568933542290718
eeg_fnirs_single_trial,subject_03,eeg_fnirs_single_trial__subject_03__session_00__prefrontal__w6,train,RMI,24.9,0,3.9418193842944014
eeg_fnirs_single_trial,subject_03,eeg_fnirs_single_trial__subject_03__session_00__prefrontal__w6,train,RMI,26.02,0,3.3583155750869307
eeg_fnirs_single_trial,subject_03,eeg_fnirs_single_trial__subject_03__session_00__prefrontal__w6,train,RMI,26.92,0,4.786946861698595
eeg_fnirs_single_trial,subject_03,eeg_fnirs_single_trial__subject_03__session_00__prefrontal__w6,train,RMI,0.64,1,10.728601396015632
eeg_fnirs_single_trial,subject_03,eeg_fnirs_single_trial__subject_03__session_00__prefrontal__w6,train,RMI,1.56,1,-11.56899017584932
eeg_fnirs_single_trial,subject_03,eeg_fnirs_single_trial__subject_03__session_00__prefrontal__w6,train,RMI,3.24,1,-15.362253014902883
eeg_fnirs_single_trial,subject_03,eeg_fnirs_single_trial__subject_03__session_00__prefrontal__w6,train,RMI,6.08,1,11.057053390225889
eeg_fnirs_single_trial,subject_03,eeg_fnirs_single_trial__subject_03__session_00__prefrontal__w6,train,RMI,6.82,1,-3.038118405434825
eeg_fnirs_single_trial,subject_03,eeg_fnirs_single_trial__subject_03__session_00__prefrontal__w6,train,RMI,7.38,1,8.393966131692613
eeg_fnirs_single_trial,subject_03,eeg_fnirs_single_trial__subject_03__session_00__prefrontal__w6,train,RMI,7.9,1,4.1221621806925555
eeg_fnirs_single_trial,subject_03,eeg_fnirs_single_trial__subject_03__session_00__prefrontal__w6,train,RMI,8.52,1,10.044370937178746
eeg_fnirs_single_trial,subject_03,eeg_fnirs_single_trial__subject_03__session_00__prefrontal__w6,train,RMI,9.12,1,-10.276535663463887
eeg_fnirs_single_trial,subject_03,eeg_fnirs_single_trial__subject_03__session_00__prefrontal__w6,train,RMI,10.18,1,-8.398308435943164
eeg_fnirs_single_trial,subject_03,eeg_fnirs_single_trial__subject_03__session_00__prefrontal__w6,train,RMI,10.78,1,13.602049408902012
eeg_fnirs_single_trial,subject_03,eeg_fnirs_single_trial__subject_03__session_00__prefrontal__w6,train,RMI,11.3,1,-12.678344139522455
eeg_fnirs_single_trial,subject_03,eeg_fnirs_single_trial__subject_03__session_00__prefrontal__w6,train,RMI,12.66,1,-3.856339641639477
eeg_fnirs_single_trial,subject_03,eeg_fnirs_single_trial__subject_03__session_00__prefrontal__w6,train,RMI,15.28,1,-3.637997727808814
eeg_fnirs_single_trial,subject_03,eeg_fnirs_single_trial__subject_03__session_00__prefrontal__w6,train,RMI,15.94,1,-3.3634127159328537
eeg_fnirs_single_trial,subject_03,eeg_fnirs_single_trial__subject_03__session_00__prefrontal__w6,train,RMI,17.06,1,-5.145635466436919
eeg_fnirs_single_trial,subject_03,eeg_fnirs_single_trial__subject_03__session_00__prefrontal__w6,train,RMI,27.0,1,5.140102353662127
eeg_fnirs_single_trial,subject_03,eeg_fnirs_single_trial__subject_03__session_00__prefrontal__w6,train,RMI,28.74,1,9.228123583189728
eeg_fnirs_single_trial,subject_03,eeg_fnirs_single_trial__subject_03__session_00__prefrontal__w6,train,RMI,29.92,1,6.780711311122483
eeg_fnirs_single_trial,subject_03,eeg_fnirs_single_trial__subject_03__session_00__prefrontal__w8,train,RMI,0.98,0,4.176493968795402
eeg_fnirs_single_trial,subject_03,eeg_fnirs_single_trial__subject_03__session_00__prefrontal__w8,train,RMI,4.26,0,4.256786212066258
eeg_fnirs_single_trial,subject_03,eeg_fnirs_single_trial__subject_03__session_00__prefrontal__w8,train,RMI,6.1,0,3.28812633033669
eeg_fnirs_single_trial,subject_03,eeg_fnirs_single_trial__subject_03__session_00__prefrontal__w8,train,RMI,9.66,0,3.2058604456277626
eeg_fnirs_single_trial,subject_03,eeg_fnirs_single_trial__subject_03__session_00__prefrontal__w8,train,RMI,13.62,0,4.20746495877853
eeg_fnirs_single_trial,subject_03,eeg_fnirs_single_trial__subject_03__session_00__prefrontal__w8,train,RMI,15.7,0,3.523403788016069
eeg_fnirs_single_trial,subject_03,eeg_fnirs_single_trial__subject_03__session_00__prefrontal__w8,train,RMI,16.3,0,3.415445786774781
eeg_fnirs_single_trial,subject_03,eeg_fnirs_single_trial__subject_03__session_00__prefrontal__w8,train,RMI,17.78,0,3.740084831436997
eeg_fnirs_single_trial,subject_03,eeg_fnirs_single_trial__subject_03__session_00__prefrontal__w8,train,RMI,19.54,0,3.387281740367974
eeg_fnirs_single_trial,subject_03,eeg_fnirs_single_trial__subject_03__session_00__prefrontal__w8,train,RMI,24.22,0,4.358365843275304
eeg_fnirs_single_trial,subject_03,eeg_fnirs_single_trial__subject_03__session_00__prefrontal__w8,train,RMI,0.58,1,-4.362856163372272
eeg_fnirs_single_trial,subject_03,eeg_fnirs_single_trial__subject_03__session_00__prefrontal__w8,train,RMI,1.18,1,11.047064350087386
eeg_fnirs_single_trial,subject_03,eeg_fnirs_single_trial__subject_03__session_00__prefrontal__w8,train,RMI,4.44,1,8.932919297750475
eeg_fnirs_single_trial,subject_03,eeg_fnirs_single_trial__subject_03__session_00__prefrontal__w8,train,RMI,5.78,1,-7.82931976500228
eeg_fnirs_single_trial,subject_03,eeg_fnirs_single_trial__subject_03__session_00__prefrontal__w8,train,RMI,6.3,1,7.700645985137169
eeg_fnirs_single_trial,subject_03,eeg_fnirs_single_trial__subject_03__session_00__prefrontal__w8,train,RMI,6.82,1,6.429203148235722
eeg_fnirs_single_trial,subject_03,eeg_fnirs_single_trial__subject_03__session_00__prefrontal__w8,train,RMI,7.32,1,-4.8042008108261145
eeg_fnirs_single_trial,subject_03,eeg_fnirs_single_trial__subject_03__session_00__prefrontal__w8,train,RMI,8.34,1,-4.1545267187336705
eeg_fnirs_single_trial,subject_03,eeg_fnirs_single_trial__subject_03__session_00__prefrontal__w8,train,RMI,9.68,1,9.200745464966806
eeg_fnirs_single_trial,subject_03,eeg_fnirs_single_trial__subject_03__session_00__prefrontal__w8,train,RMI,10.22,1,-4.288308265985375
eeg_fnirs_single_trial,subject_03,eeg_fnirs_single_trial__subject_03__session_00__prefrontal__w8,train,RMI,10.92,1,5.309117436935465
eeg_fnirs_single_trial,subject_03,eeg_fnirs_single_trial__subject_03__session_00__prefrontal__w8,train,RMI,13.58,1,7.284669616260155
eeg_fnirs_single_trial,subject_03,eeg_fnirs_single_trial__subject_03__session_00__prefrontal__w8,train,RMI,14.58,1,-11.135207759570063
eeg_fnirs_single_trial,subject_03,eeg_fnirs_single_trial__subject_03__session_00__prefrontal__w8,train,RMI,16.26,1,-6.5295399652735355
eeg_fnirs_single_trial,subject_03,eeg_fnirs_single_trial__subject_03__session_00__prefrontal__w8,train,RMI,17.76,1,-3.176924255781909
eeg_fnirs_single_trial,subject_03,eeg_fnirs_single_trial__subject_03__session_00__prefrontal__w8,train,RMI,18.36,1,-6.440476519919243
eeg_fnirs_single_trial,subject_03,eeg_fnirs_single_trial__subject_03__session_00__prefrontal__w8,train,RMI,19.46,1,-10.240550400867512
eeg_fnirs_single_trial,subject_03,eeg_fnirs_single_trial__subject_03__session_00__prefrontal__w8,train,RMI,19.98,1,5.8580093633465085
eeg_fnirs_single_trial,subject_03,eeg_fnirs_single_trial__subject_03__session_00__prefrontal__w8,train,RMI,20.64,1,5.013841180273821
eeg_fnirs_single_trial,subject_03,eeg_fnirs_single_trial__subject_03__session_00__prefrontal__w8,train,RMI,21.6,1,-8.604570817562655
eeg_fnirs_single_trial,subject_03,eeg_fnirs_single_trial__subject_03__session_00__prefrontal__w8,train,RMI,23.04,1,3.1032449224697536
eeg_fnirs_single_trial,subject_03,eeg_fnirs_single_trial__subject_03__session_00__prefrontal__w8,train,RMI,24.56,1,8.62053139619142
eeg_fnirs_single_trial,subject_03,eeg_fnirs_single_trial__subject_03__session_00__prefrontal__w8,train,RMI,25.36,1,-3.59634130318426
eeg_fnirs_single_trial,subject_03,eeg_fnirs_single_trial__subject_03__session_00__prefrontal__w8,train,RMI,26.08,1,-3.090766881694872
eeg_fnirs_single_trial,subject_03,eeg_fnirs_single_trial__subject_03__session_00__prefrontal__w8,train,RMI,28.54,1,3.6305357956319035
eeg_fnirs_single_trial,subject_03,eeg_fnirs_single_trial__subject_03__session_00__prefrontal__w10,train,LMI,1.44,0,4.141236566264253
eeg_fnirs_single_trial,subject_03,eeg_fnirs_single_trial__subject_03__session_00__prefrontal__w10,train,LMI,3.08,0,3.2621343756213186
eeg_fnirs_single_trial,subject_03,eeg_fnirs_single_trial__subject_03__session_00__prefrontal__w10,train,LMI,3.92,0,3.62853582794937
eeg_fnirs_single_trial,subject_03,eeg_fnirs_single_trial__subject_03__session_00__prefrontal__w10,train,LMI,5.64,0,3.7347914121438524
eeg_fnirs_single_trial,subject_03,eeg_fnirs_single_trial__subject_03__session_00__prefrontal__w10,train,LMI,9.84,0,-3.5381753136038876
eeg_fnirs_single_trial,subject_03,eeg_fnirs_single_trial__subject_03__session_00__prefrontal__w10,train,LMI,13.64,0,3.8641688499761275
eeg_fnirs_single_trial,subject_03,eeg_fnirs_single_trial__subject_03__session_00__prefrontal__w10,train,LMI,16.0,0,3.608928300307572
eeg_fnirs_single_trial,subject_03,eeg_fnirs_single_trial__subject_03__session_00__prefrontal__w10,train,LMI,19.82,0,4.713738028776078
eeg_fnirs_single_trial,subject_03,eeg_fnirs_single_trial__subject_03__session_00__prefrontal__w10,train,LMI,22.22,0,4.466629755865057
eeg_fnirs_single_trial,subject_03,eeg_fnirs_single_trial__subject_03__session_00__prefrontal__w10,train,LMI,23.3,0,5.427118595064764
eeg_fnirs_single_trial,subject_03,eeg_fnirs_single_trial__subject_03__session_00__prefrontal__w10,train,LMI,24.54,0,5.150183382617013
eeg_fnirs_single_trial,subject_03,eeg_fnirs_single_trial__subject_03__session_00__prefrontal__w10,train,LMI,25.98,0,4.706270782728725
eeg_fnirs_single_trial,subject_03,eeg_fnirs_single_trial__subject_03__session_00__prefrontal__w10,train,LMI,28.58,0,4.170116044315806
eeg_fnirs_single_trial,subject_03,eeg_fnirs_single_trial__subject_03__session_00__prefrontal__w10,train,LMI,29.38,0,4.295016842155462
eeg_fnirs_single_trial,subject_03,eeg_fnirs_single_trial__subject_03__session_00__prefrontal__w10,train,LMI,3.56,1,3.930990882327892
eeg_fnirs_single_trial,subject_03,eeg_fnirs_single_trial__subject_03__session_00__prefrontal__w10,train,LMI,4.08,1,9.013510012681738
eeg_fnirs_single_trial,subject_03,eeg_fnirs_single_trial__subject_03__session_00__prefrontal__w10,train,LMI,5.68,1,-4.739053897283121
eeg_fnirs_single_trial,subject_03,eeg_fnirs_single_trial__subject_03__session_00__prefrontal__w10,train,LMI,6.6,1,4.3980210968858415
eeg_fnirs_single_trial,subject_03,eeg_fnirs_single_trial__subject_03__session_00__prefrontal__w10,train,LMI,7.32,1,-8.405683583923294
eeg_fnirs_single_trial,subject_03,eeg_fnirs_single_trial__subject_03__session_00__prefrontal__w10,train,LMI,8.44,1,-13.683261006816116
eeg_fnirs_single_trial,subject_03,eeg_fnirs_single_trial__subject_03__session_00__prefrontal__w10,train,LMI,9.7,1,3.500434445649544
eeg_fnirs_single_trial,subject_03,eeg_fnirs_single_trial__subject_03__session_00__prefrontal__w10,train,LMI,10.52,1,11.599746054884253
eeg_fnirs_single_trial,subject_03,eeg_fnirs_single_trial__subject_03__session_00__prefrontal__w10,train,LMI,11.24,1,-8.193393759465641
eeg_fnirs_single_trial,subject_03,eeg_fnirs_single_trial__subject_03__session_00__prefrontal__w10,train,LMI,14.5,1,9.50813236707095
eeg_fnirs_single_trial,subject_03,eeg_fnirs_single_trial__subject_03__session_00__prefrontal__w10,train,LMI,15.2,1,-11.315275627034957
eeg_fnirs_single_trial,subject_03,eeg_fnirs_single_trial__subject_03__session_00__prefrontal__w10,train,LMI,16.22,1,8.160232928309657
eeg_fnirs_single_trial,subject_03,eeg_fnirs_single_trial__subject_03__session_00__prefrontal__w10,train,LMI,18.62,1,7.545227568722525
eeg_fnirs_single_trial,subject_03,eeg_fnirs_single_trial__subject_03__session_00__prefrontal__w10,train,LMI,19.18,1,-9.373385890387382
eeg_fnirs_single_trial,subject_03,eeg_fnirs_single_trial__subject_03__session_00__prefrontal__w10,train,LMI,19.74,1,-4.922806314821385
eeg_fnirs_single_trial,subject_03,eeg_fnirs_single_trial__subject_03__session_00__prefrontal__w10,train,LMI,20.76,1,-5.573859772491771
eeg_fnirs_single_trial,subject_03,eeg_fnirs_single_trial__subject_03__session_00__prefrontal__w10,train,LMI,21.72,1,-3.2509402420907794
eeg_fnirs_single_trial,subject_03,eeg_fnirs_single_trial__subject_03__session_00__prefrontal__w10,train,LMI,22.28,1,6.270346241866884
eeg_fnirs_single_trial,subject_03,eeg_fnirs_single_trial__subject_03__session_00__prefrontal__w10,train,LMI,23.76,1,-9.273923361417571
eeg_fnirs_single_trial,subject_03,eeg_fnirs_single_trial__subject_03__session_00__prefrontal__w10,train,LMI,24.32,1,8.312621206809553
eeg_fnirs_single_trial,subject_03,eeg_fnirs_single_trial__subject_03__session_00__prefrontal__w10,train,LMI,25.58,1,-13.558808978576836
eeg_fnirs_single_trial,subject_03,eeg_fnirs_single_trial__subject_03__session_00__prefrontal__w10,train,LMI,26.3,1,-16.151720264795557
eeg_fnirs_single_trial,subject_03,eeg_fnirs_single_trial__subject_03__session_00__prefrontal__w10,train,LMI,27.48,1,6.543338296963119
eeg_fnirs_single_trial,subject_03,eeg_fnirs_single_trial__subject_03__session_00__prefrontal__w10,train,LMI,28.04,1,3.7572616322141372
eeg_fnirs_single_trial,subject_03,eeg_fnirs_single_trial__subject_03__session_00__prefrontal__w10,train,LMI,28.98,1,-4.548644902759693
eeg_fnirs_single_trial,subject_03,eeg_fnirs_single_trial__subject_03__session_00__prefrontal__w12,train,LMI,0.82,0,3.5751822592915135
eeg_fnirs_single_trial,subject_03,eeg_fnirs_single_trial__subject_03__session_00__prefrontal__w12,train,LMI,2.24,0,3.2833850831657205
eeg_fnirs_single_trial,subject_03,eeg_fnirs_single_trial__subject_03__session_00__prefrontal__w12,train,LMI,3.66,0,4.061746721218084
eeg_fnirs_single_trial,subject_03,eeg_fnirs_single_trial__subject_03__session_00__prefrontal__w12,train,LMI,5.66,0,4.042964997285506
eeg_fnirs_single_trial,subject_03,eeg_fnirs_single_trial__subject_03__session_00__prefrontal__w12,train,LMI,6.6,0,6.027851399935392
eeg_fnirs_single_trial,subject_03,eeg_fnirs_single_trial__subject_03__session_00__prefrontal__w12,train,LMI,8.1,0,3.1291605832163554
eeg_fnirs_single_trial,subject_03,eeg_fnirs_single_trial__subject_03__session_00__prefrontal__w12,train,LMI,8.7,0,3.879030675808621
eeg_fnirs_single_trial,subject_03,eeg_fnirs_single_trial__subject_03__session_00__prefrontal__w12,train,LMI,10.24,0,3.712252285072071
eeg_fnirs_single_trial,subject_03,eeg_fnirs_single_trial__subject_03__session_00__prefrontal__w12,train,LMI,11.56,0,3.3705036830297903
eeg_fnirs_single_trial,subject_03,eeg_fnirs_single_trial__subject_03__session_00__prefrontal__w12,train,LMI,16.0,0,3.2619855009235277
eeg_fnirs_single_trial,subject_03,eeg_fnirs_single_trial__subject_03__session_00__prefrontal__w12,train,LMI,17.24,0,4.317541574775104
eeg_fnirs_single_trial,subject_03,eeg_fnirs_single_trial__subject_03__session_00__prefrontal__w12,train,LMI,18.16,0,3.0213259593375463
eeg_fnirs_single_trial,subject_03,eeg_fnirs_single_trial__subject_03__session_00__prefrontal__w12,train,LMI,20.74,0,3.001086494170861
eeg_fnirs_single_trial,subject_03,eeg_fnirs_single_trial__subject_03__session_00__prefrontal__w12,train,LMI,24.0,0,3.8881689560072483
eeg_fnirs_single_trial,subject_03,eeg_fnirs_single_trial__subject_03__session_00__prefrontal__w12,train,LMI,26.5,0,3.5170079463574546
eeg_fnirs_single_trial,subject_03,eeg_fnirs_single_trial__subject_03__session_00__prefrontal__w12,train,LMI,29.46,0,3.4505492192888436
eeg_fnirs_single_trial,subject_03,eeg_fnirs_single_trial__subject_03__session_00__prefrontal__w12,train,LMI,0.5,1,8.658574476346342
eeg_fnirs_single_trial,subject_03,eeg_fnirs_single_trial__subject_03__session_00__prefrontal__w12,train,LMI,1.26,1,12.627687830539879
eeg_fnirs_single_trial,subject_03,eeg_fnirs_single_trial__subject_03__session_00__prefrontal__w12,train,LMI,2.24,1,-13.177098419873731
eeg_fnirs_single_trial,subject_03,eeg_fnirs_single_trial__subject_03__session_00__prefrontal__w12,train,LMI,3.64,1,-8.230124024327717
eeg_fnirs_single_trial,subject_03,eeg_fnirs_single_trial__subject_03__session_00__prefrontal__w12,train,LMI,5.9,1,6.586178525660461
eeg_fnirs_single_trial,subject_03,eeg_fnirs_single_trial__subject_03__session_00__prefrontal__w12,train,LMI,6.74,1,11.570010500795066
eeg_fnirs_single_trial,subject_03,eeg_fnirs_single_trial__subject_03__session_00__prefrontal__w12,train,LMI,7.48,1,6.915413858292577
eeg_fnirs_single_trial,subject_03,eeg_fnirs_single_trial__subject_03__session_00__prefrontal__w12,train,LMI,8.08,1,-4.026714958062964
eeg_fnirs_single_trial,subject_03,eeg_fnirs_single_trial__subject_03__session_00__prefrontal__w12,train,LMI,8.64,1,-5.088179804321733
eeg_fnirs_single_trial,subject_03,eeg_fnirs_single_trial__subject_03__session_00__prefrontal__w12,train,LMI,9.78,1,7.7792766692630995
eeg_fnirs_single_trial,subject_03,eeg_fnirs_single_trial__subject_03__session_00__prefrontal__w12,train,LMI,10.4,1,5.200247690487315
eeg_fnirs_single_trial,subject_03,eeg_fnirs_single_trial__subject_03__session_00__prefrontal__w12,train,LMI,11.38,1,5.47253209597196
eeg_fnirs_single_trial,subject_03,eeg_fnirs_single_trial__subject_03__session_00__prefrontal__w12,train,LMI,12.02,1,12.057366453433383
eeg_fnirs_single_trial,subject_03,eeg_fnirs_single_trial__subject_03__session_00__prefrontal__w12,train,LMI,12.52,1,6.543410988163137
eeg_fnirs_single_trial,subject_03,eeg_fnirs_single_trial__subject_03__session_00__prefrontal__w12,train,LMI,13.08,1,-11.823424157491912
eeg_fnirs_single_trial,subject_03,eeg_fnirs_single_trial__subject_03__session_00__prefrontal__w12,train,LMI,15.1,1,3.953485144955752
eeg_fnirs_single_trial,subject_03,eeg_fnirs_single_trial__subject_03__session_00__prefrontal__w12,train,LMI,15.72,1,-9.607465550197594
eeg_fnirs_single_trial,subject_03,eeg_fnirs_single_trial__subject_03__session_00__prefrontal__w12,train,LMI,16.44,1,3.048255026746826
eeg_fnirs_single_trial,subject_03,eeg_fnirs_single_trial__subject_03__session_00__prefrontal__w12,train,LMI,17.18,1,-3.34005684096839
eeg_fnirs_single_trial,subject_03,eeg_fnirs_single_trial__subject_03__session_00__prefrontal__w12,train,LMI,18.12,1,-4.565199489235896
eeg_fnirs_single_trial,subject_03,eeg_fnirs_single_trial__subject_03__session_00__prefrontal__w12,train,LMI,18.64,1,-4.711813560303743
eeg_fnirs_single_trial,subject_03,eeg_fnirs_single_trial__subject_03__session_00__prefrontal__w12,train,LMI,19.78,1,-10.074231215886453
eeg_fnirs_single_trial,subject_03,eeg_fnirs_single_trial__subject_03__session_00__prefrontal__w12,train,LMI,20.4,1,7.679928530863833
eeg_fnirs_single_trial,subject_03,eeg_fnirs_single_trial__subject_03__session_00__prefrontal__w12,train,LMI,21.08,1,6.050051966331553
eeg_fnirs_single_trial,subject_03,eeg_fnirs_single_trial__subject_03__session_00__prefrontal__w12,train,LMI,21.64,1,-4.447959758651728
eeg_fnirs_single_trial,subject_03,eeg_fnirs_single_trial__subject_03__session_00__prefrontal__w12,train,LMI,22.46,1,-6.2426009201475345
eeg_fnirs_single_trial,subject_03,eeg_fnirs_single_trial__subject_03__session_00__prefrontal__w12,train,LMI,24.28,1,10.986732481162607
eeg_fnirs_single_trial,subject_03,eeg_fnirs_single_trial__subject_03__session_00__prefrontal__w12,train,LMI,25.9,1,9.021477454009439
eeg_fnirs_single_trial,subject_03,eeg_fnirs_single_trial__subject_03__session_00__prefrontal__w12,train,LMI,26.46,1,-8.940353426721877
eeg_fnirs_single_trial,subject_03,eeg_fnirs_single_trial__subject_03__session_00__prefrontal__w12,train,LMI,27.88,1,7.316484934473892
eeg_fnirs_single_trial,subject_03,eeg_fnirs_single_trial__subject_03__session_00__prefrontal__w12,train,LMI,28.44,1,5.908317675681127
eeg_fnirs_single_trial,subject_03,eeg_fnirs_single_trial__subject_03__session_00__prefrontal__w12,train,LMI,29.42,1,-6.664566266372166
eeg_fnirs_single_trial,subject_03,eeg_fnirs_single_trial__subject_03__session_00__prefrontal__w14,train,RMI,5.56,0,4.283630935771931
eeg_fnirs_single_trial,subject_03,eeg_fnirs_single_trial__subject_03__session_00__prefrontal__w14,train,RMI,15.9,0,4.251137146172621
eeg_fnirs_single_trial,subject_03,eeg_fnirs_single_trial__subject_03__session_00__prefrontal__w14,train,RMI,17.36,0,3.7156365380904144
eeg_fnirs_single_trial,subject_03,eeg_fnirs_single_trial__subject_03__session_00__prefrontal__w14,train,RMI,0.96,1,3.433164849716122
eeg_fnirs_single_trial,subject_03,eeg_fnirs_single_trial__subject_03__session_00__prefrontal__w14,train,RMI,2.66,1,-5.881671685024769
eeg_fnirs_single_trial,subject_03,eeg_fnirs_single_trial__subject_03__session_00__prefrontal__w14,train,RMI,3.46,1,8.056451419925049
eeg_fnirs_single_trial,subject_03,eeg_fnirs_single_trial__subject_03__session_00__prefrontal__w14,train,RMI,4.4,1,8.944418023879436
eeg_fnirs_single_trial,subject_03,eeg_fnirs_single_trial__subject_03__session_00__prefrontal__w14,train,RMI,6.36,1,5.09197112050871
eeg_fnirs_single_trial,subject_03,eeg_fnirs_single_trial__subject_03__session_00__prefrontal__w14,train,RMI,7.22,1,-4.741926276233458
eeg_fnirs_single_trial,subject_03,eeg_fnirs_single_trial__subject_03__session_00__prefrontal__w14,train,RMI,10.34,1,5.9180489363328945
eeg_fnirs_single_trial,subject_03,eeg_fnirs_single_trial__subject_03__session_00__prefrontal__w14,train,RMI,11.06,1,-4.174206126933514
eeg_fnirs_single_trial,subject_03,eeg_fnirs_single_trial__subject_03__session_00__prefrontal__w14,train,RMI,11.56,1,-4.147442396667607
eeg_fnirs_single_trial,subject_03,eeg_fnirs_single_trial__subject_03__session_00__prefrontal__w14,train,RMI,13.8,1,-5.4765556192088996
eeg_fnirs_single_trial,subject_03,eeg_fnirs_single_trial__subject_03__session_00__prefrontal__w14,train,RMI,14.94,1,5.619528979363369
eeg_fnirs_single_trial,subject_03,eeg_fnirs_single_trial__subject_03__session_00__prefrontal__w14,train,RMI,16.1,1,5.2307789587376305
eeg_fnirs_single_trial,subject_03,eeg_fnirs_single_trial__subject_03__session_00__prefrontal__w14,train,RMI,17.08,1,-8.752808862770461
eeg_fnirs_single_trial,subject_03,eeg_fnirs_single_trial__subject_03__session_00__prefrontal__w14,train,RMI,18.16,1,-3.029445238137659
eeg_fnirs_single_trial,subject_03,eeg_fnirs_single_trial__subject_03__session_00__prefrontal__w14,train,RMI,21.32,1,5.314973653050904
eeg_fnirs_single_trial,subject_03,eeg_fnirs_single_trial__subject_03__session_00__prefrontal__w14,train,RMI,24.58,1,-7.549554952342256
eeg_fnirs_single_trial,subject_03,eeg_fnirs_single_trial__subject_03__session_00__prefrontal__w14,train,RMI,28.66,1,3.840791867989507
eeg_fnirs_single_trial,subject_04,eeg_fnirs_single_trial__subject_04__session_00__prefrontal__w0,evaluate,LMI,2.16,0,3.41566571643649
eeg_fnirs_single_trial,subject_04,eeg_fnirs_single_trial__subject_04__session_00__prefrontal__w0,evaluate,LMI,4.3,0,3.3276279009604357
eeg_fnirs_single_trial,subject_04,eeg_fnirs_single_trial__subject_04__session_00__prefrontal__w0,evaluate,LMI,5.22,0,3.4561156222834915
eeg_fnirs_single_trial,subject_04,eeg_fnirs_single_trial__subject_04__session_00__prefrontal__w0,evaluate,LMI,5.88,0,3.418972881823073
eeg_fnirs_single_trial,subject_04,eeg_fnirs_single_trial__subject_04__session_00__prefrontal__w0,evaluate,LMI,6.92,0,3.8671753535165485
eeg_fnirs_single_trial,subject_04,eeg_fnirs_single_trial__subject_04__session_00__prefrontal__w0,evaluate,LMI,13.68,0,3.1830580165391757
eeg_fnirs_single_trial,subject_04,eeg_fnirs_single_trial__subject_04__session_00__prefrontal__w0,evaluate,LMI,14.46,0,3.8869287586736174
eeg_fnirs_single_trial,subject_04,eeg_fnirs_single_trial__subject_04__session_00__prefrontal__w0,evaluate,LMI,16.16,0,3.4438814124318946
eeg_fnirs_single_trial,subject_04,eeg_fnirs_single_trial__subject_04__session_00__prefrontal__w0,evaluate,LMI,16.98,0,3.334913839353647
eeg_fnirs_single_trial,subject_04,eeg_fnirs_single_trial__subject_04__session_00__prefrontal__w0,evaluate,LMI,18.38,0,3.0399917494671778
eeg_fnirs_single_trial,subject_04,eeg_fnirs_single_trial__subject_04__session_00__prefrontal__w0,evaluate,LMI,19.28,0,4.563267833607214
eeg_fnirs_single_trial,subject_04,eeg_fnirs_single_trial__subject_04__session_00__prefrontal__w0,evaluate,LMI,19.94,0,4.7836363994786755
eeg_fnirs_single_trial,subject_04,eeg_fnirs_single_trial__subject_04__session_00__prefrontal__w0,evaluate,LMI,21.1,0,4.050776707924524
eeg_fnirs_single_trial,subject_04,eeg_fnirs_single_trial__subject_04__session_00__prefrontal__w0,evaluate,LMI,21.64,0,3.4165305377112927
eeg_fnirs_single_trial,subject_04,eeg_fnirs_single_trial__subject_04__session_00__prefrontal__w0,evaluate,LMI,22.78,0,3.5417346090549895
eeg_fnirs_single_trial,subject_04,eeg_fnirs_single_trial__subject_04__session_00__prefrontal__w0,evaluate,LMI,23.7,0,5.321278910037294
eeg_fnirs_single_trial,subject_04,eeg_fnirs_single_trial__subject_04__session_00__prefrontal__w0,evaluate,LMI,24.9,0,3.069042492602791
eeg_fnirs_single_trial,subject_04,eeg_fnirs_single_trial__subject_04__session_00__prefrontal__w0,evaluate,LMI,25.98,0,4.284593741867745
eeg_fnirs_single_trial,subject_04,eeg_fnirs_single_trial__subject_04__session_00__prefrontal__w0,evaluate,LMI,26.86,0,4.954874514403576
eeg_fnirs_single_trial,subject_04,eeg_fnirs_single_trial__subject_04__session_00__prefrontal__w0,evaluate,LMI,29.08,0,3.7747734134202986
eeg_fnirs_single_trial,subject_04,eeg_fnirs_single_trial__subject_04__session_00__prefrontal__w0,evaluate,LMI,29.84,0,3.1768240472686156
eeg_fnirs_single_trial,subject_04,eeg_fnirs_single_trial__subject_04__session_00__prefrontal__w0,evaluate,LMI,23.7,1,6.279637591568865
eeg_fnirs_single_trial,subject_04,eeg_fnirs_single_trial__subject_04__session_00__prefrontal__w0,evaluate,LMI,28.78,1,19.07717309482136
eeg_fnirs_single_trial,subject_04,eeg_fnirs_single_trial__subject_04__session_00__prefrontal__w2,evaluate,LMI,0.1,0,-3.186208947386209
eeg_fnirs_single_trial,subject_04,eeg_fnirs_single_trial__subject_04__session_00__prefrontal__w2,evaluate,LMI,1.12,0,4.6910048246163365
eeg_fnirs_single_trial,subject_04,eeg_fnirs_single_trial__subject_04__session_00__prefrontal__w2,evaluate,LMI,2.82,0,3.9662357963273283
eeg_fnirs_single_trial,subject_04,eeg_fnirs_single_trial__subject_04__session_00__prefrontal__w2,evaluate,LMI,3.78,0,4.149694573345634
eeg_fnirs_single_trial,subject_04,eeg_fnirs_single_trial__subject_04__session_00__prefrontal__w2,evaluate,LMI,4.62,0,3.7611009720323874
eeg_fnirs_single_trial,subject_04,eeg_fnirs_single_trial__subject_04__session_00__prefrontal__w2,evaluate,LMI,6.26,0,4.005371070282497
eeg_fnirs_single_trial,subject_04,eeg_fnirs_single_trial__subject_04__session_00__prefrontal__w2,evaluate,LMI,6.98,0,4.239034454256539
eeg_fnirs_single_trial,subject_04,eeg_fnirs_single_trial__subject_04__session_00__prefrontal__w2,evaluate,LMI,8.08,0,4.929023503118577
eeg_fnirs_single_trial,subject_04,eeg_fnirs_single_trial__subject_04__session_00__prefrontal__w2,evaluate,LMI,10.34,0,4.887081174483886
eeg_fnirs_single_trial,subject_04,eeg_fnirs_single_trial__subject_04__session_00__prefrontal__w2,evaluate,LMI,11.38,0,3.6089556276688946
eeg_fnirs_single_trial,subject_04,eeg_fnirs_single_trial__subject_04__session_00__prefrontal__w2,evaluate,LMI,12.3,0,4.5201541210420615
eeg_fnirs_single_trial,subject_04,eeg_fnirs_single_trial__subject_04__session_00__prefrontal__w2,evaluate,LMI,13.52,0,4.010057090189068
eeg_fnirs_single_trial,subject_04,eeg_fnirs_single_trial__subject_04__session_00__prefrontal__w2,evaluate,LMI,14.58,0,4.030827632031852
eeg_fnirs_single_trial,subject_04,eeg_fnirs_single_trial__subject_04__session_00__prefrontal__w2,evaluate,LMI,16.34,0,3.640336015350605
eeg_fnirs_single_trial,subject_04,eeg_fnirs_single_trial__subject_04__session_00__prefrontal__w2,evaluate,LMI,18.38,0,5.235077472425819
eeg_fnirs_single_trial,subject_04,eeg_fnirs_single_trial__subject_04__session_00__prefrontal__w2,evaluate,LMI,19.14,0,3.3683528299344694
eeg_fnirs_single_trial,subject_04,eeg_fnirs_single_trial__subject_04__session_00__prefrontal__w2,evaluate,LMI,20.04,0,4.505524281773656
eeg_fnirs_single_trial,subject_04,eeg_fnirs_single_trial__subject_04__session_00__prefrontal__w2,evaluate,LMI,20.62,0,3.1304996110549625
eeg_fnirs_single_trial,subject_04,eeg_fnirs_single_trial__subject_04__session_00__prefrontal__w2,evaluate,LMI,21.14,0,3.3411891033638343
eeg_fnirs_single_trial,subject_04,eeg_fnirs_single_trial__subject_04__session_00__prefrontal__w2,evaluate,LMI,24.0,0,4.091085822604768
eeg_fnirs_single_trial,subject_04,eeg_fnirs_single_trial__subject_04__session_00__prefrontal__w2,evaluate,LMI,24.98,0,4.0571589889825175
eeg_fnirs_single_trial,subject_04,eeg_fnirs_single_trial__subject_04__session_00__prefrontal__w2,evaluate,LMI,25.82,0,4.434290939638212
eeg_fnirs_single_trial,subject_04,eeg_fnirs_single_trial__subject_04__session_00__prefrontal__w2,evaluate,LMI,27.12,0,3.8683825790223376
eeg_fnirs_single_trial,subject_04,eeg_fnirs_single_trial__subject_04__session_00__prefrontal__w2,evaluate,LMI,29.56,0,3.037260716971514
eeg_fnirs_single_trial,subject_04,eeg_fnirs_single_trial__subject_04__session_00__prefrontal__w2,evaluate,LMI,0.62,1,8.980704512254283
eeg_fnirs_single_trial,subject_04,eeg_fnirs_single_trial__subject_04__session_00__prefrontal__w2,evaluate,LMI,1.5,1,-12.571584372375252
eeg_fnirs_single_trial,subject_04,eeg_fnirs_single_trial__subject_04__session_00__prefrontal__w2,evaluate,LMI,2.82,1,6.6871765251721795
eeg_fnirs_single_trial,subject_04,eeg_fnirs_single_trial__subject_04__session_00__prefrontal__w2,evaluate,LMI,18.36,1,3.622466780808266
eeg_fnirs_single_trial,subject_04,eeg_fnirs_single_trial__subject_04__session_00__prefrontal__w2,evaluate,LMI,21.86,1,5.970483664945573
eeg_fnirs_single_trial,subject_04,eeg_fnirs_single_trial__subject_04__session_00__prefrontal__w4,evaluate,RMI,0.46,0,3.4946859184506724
eeg_fnirs_single_trial,subject_04,eeg_fnirs_single_trial__subject_04__session_00__prefrontal__w4,evaluate,RMI,2.4,0,3.632044024620896
eeg_fnirs_single_trial,subject_04,eeg_fnirs_single_trial__subject_04__session_00__prefrontal__w4,evaluate,RMI,4.1,0,4.0458178481814056
eeg_fnirs_single_trial,subject_04,eeg_fnirs_single_trial__subject_04__session_00__prefrontal__w4,evaluate,RMI,5.88,0,3.7569045743901417
eeg_fnirs_single_trial,subject_04,eeg_fnirs_single_trial__subject_04__session_00__prefrontal__w4,evaluate,RMI,7.1,0,3.6845527880099547
eeg_fnirs_single_trial,subject_04,eeg_fnirs_single_trial__subject_04__session_00__prefrontal__w4,evaluate,RMI,8.98,0,3.4789450520720977
eeg_fnirs_single_trial,subject_04,eeg_fnirs_single_trial__subject_04__session_00__prefrontal__w4,evaluate,RMI,9.58,0,3.1310164627136388
eeg_fnirs_single_trial,subject_04,eeg_fnirs_single_trial__subject_04__session_00__prefrontal__w4,evaluate,RMI,11.2,0,3.3192167586443047
eeg_fnirs_single_trial,subject_04,eeg_fnirs_single_trial__subject_04__session_00__prefrontal__w4,evaluate,RMI,15.9,0,3.3329020561523395
eeg_fnirs_single_trial,subject_04,eeg_fnirs_single_trial__subject_04__session_00__prefrontal__w4,evaluate,RMI,16.52,0,3.4908717753622365
eeg_fnirs_single_trial,subject_04,eeg_fnirs_single_trial__subject_04__session_00__prefrontal__w4,evaluate,RMI,17.24,0,3.4192611376821502
eeg_fnirs_single_trial,subject_04,eeg_fnirs_single_trial__subject_04__session_00__prefrontal__w4,evaluate,RMI,19.64,0,3.63185433230692
eeg_fnirs_single_trial,subject_04,eeg_fnirs_single_trial__subject_04__session_00__prefrontal__w4,evaluate,RMI,21.74,0,3.3065799514387533
eeg_fnirs_single_trial,subject_04,eeg_fnirs_single_trial__subject_04__session_00__prefrontal__w4,evaluate,RMI,22.98,0,3.0595170246051695
eeg_fnirs_single_trial,subject_04,eeg_fnirs_single_trial__subject_04__session_00__prefrontal__w4,evaluate,RMI,27.72,0,3.3885465578282745
eeg_fnirs_single_trial,subject_04,eeg_fnirs_single_trial__subject_04__session_00__prefrontal__w4,evaluate,RMI,22.58,1,3.685809214744112
eeg_fnirs_single_trial,subject_04,eeg_fnirs_single_trial__subject_04__session_00__prefrontal__w6,evaluate,RMI,1.22,0,4.562706541589672
eeg_fnirs_single_trial,subject_04,eeg_fnirs_single_trial__subject_04__session_00__prefrontal__w6,evaluate,RMI,2.1,0,3.6096886503149843
eeg_fnirs_single_trial,subject_04,eeg_fnirs_single_trial__subject_04__session_00__prefrontal__w6,evaluate,RMI,3.14,0,3.3248600048986745
eeg_fnirs_single_trial,subject_04,eeg_fnirs_single_trial__subject_04__session_00__prefrontal__w6,evaluate,RMI,5.86,0,3.0526452499788213
eeg_fnirs_single_trial,subject_04,eeg_fnirs_single_trial__subject_04__session_00__prefrontal__w6,evaluate,RMI,7.48,0,3.3184105546463933
eeg_fnirs_single_trial,subject_04,eeg_fnirs_single_trial__subject_04__session_00__prefrontal__w6,evaluate,RMI,9.22,0,3.2627838958468725
eeg_fnirs_single_trial,subject_04,eeg_fnirs_single_trial__subject_04__session_00__prefrontal__w6,evaluate,RMI,11.04,0,3.927249079971502
eeg_fnirs_single_trial,subject_04,eeg_fnirs_single_trial__subject_04__session_00__prefrontal__w6,evaluate,RMI,19.62,0,-3.686614011714002
eeg_fnirs_single_trial,subject_04,eeg_fnirs_single_trial__subject_04__session_00__prefrontal__w6,evaluate,RMI,20.14,0,4.102351153514498
eeg_fnirs_single_trial,subject_04,eeg_fnirs_single_trial__subject_04__session_00__prefrontal__w6,evaluate,RMI,25.04,0,3.851464914704832
eeg_fnirs_single_trial,subject_04,eeg_fnirs_single_trial__subject_04__session_00__prefrontal__w6,evaluate,RMI,27.1,0,3.1246450243691855
eeg_fnirs_single_trial,subject_04,eeg_fnirs_single_trial__subject_04__session_00__prefrontal__w6,evaluate,RMI,27.64,0,3.5553749333434013
eeg_fnirs_single_trial,subject_04,eeg_fnirs_single_trial__subject_04__session_00__prefrontal__w6,evaluate,RMI,28.48,0,3.4287442241907478
eeg_fnirs_single_trial,subject_04,eeg_fnirs_single_trial__subject_04__session_00__prefrontal__w6,evaluate,RMI,29.38,0,5.083999083350872
eeg_fnirs_single_trial,subject_04,eeg_fnirs_single_trial__subject_04__session_00__prefrontal__w6,evaluate,RMI,7.76,1,-12.056829772146283
eeg_fnirs_single_trial,subject_04,eeg_fnirs_single_trial__subject_04__session_00__prefrontal__w6,evaluate,RMI,20.3,1,-5.611614057000414
eeg_fnirs_single_trial,subject_04,eeg_fnirs_single_trial__subject_04__session_00__prefrontal__w6,evaluate,RMI,21.12,1,3.9411223033183442
eeg_fnirs_single_trial,subject_04,eeg_fnirs_single_trial__subject_04__session_00__prefrontal__w6,evaluate,RMI,21.74,1,-3.3705756423981357
eeg_fnirs_single_trial,subject_04,eeg_fnirs_single_trial__subject_04__session_00__prefrontal__w6,evaluate,RMI,22.28,1,3.9700110610542167
eeg_fnirs_single_trial,subject_04,eeg_fnirs_single_trial__subject_04__session_00__prefrontal__w6,evaluate,RMI,22.9,1,-4.03094021439249
eeg_fnirs_single_trial,subject_04,eeg_fnirs_single_trial__subject_04__session_00__prefrontal__w6,evaluate,RMI,23.5,1,4.1466904363292265
eeg_fnirs_single_trial,subject_04,eeg_fnirs_single_trial__subject_04__session_00__prefrontal__w6,evaluate,RMI,25.98,1,15.056926683342075
eeg_fnirs_single_trial,subject_04,eeg_fnirs_single_trial__subject_04__session_00__prefrontal__w6,evaluate,RMI,29.72,1,-4.943462532023753
eeg_fnirs_single_trial,subject_04,eeg_fnirs_single_trial__subject_04__session_00__prefrontal__w8,evaluate,LMI,0.78,0,4.186573299670952
eeg_fnirs_single_trial,subject_04,eeg_fnirs_single_trial__subject_04__session_00__prefrontal__w8,evaluate,LMI,1.56,0,3.3998022913853396
eeg_fnirs_single_trial,subject_04,eeg_fnirs_single_trial__subject_04__session_00__prefrontal__w8,evaluate,LMI,2.5,0,4.382693150512132
eeg_fnirs_single_trial,subject_04,eeg_fnirs_single_trial__subject_04__session_00__prefrontal__w8,evaluate,LMI,3.32,0,3.0636403200794806
eeg_fnirs_single_trial,subject_04,eeg_fnirs_single_trial__subject_04__session_00__prefrontal__w8,evaluate,LMI,3.98,0,3.212678188828538
eeg_fnirs_single_trial,subject_04,eeg_fnirs_single_trial__subject_04__session_00__prefrontal__w8,evaluate,LMI,5.64,0,3.487637634148231
eeg_fnirs_single_trial,subject_04,eeg_fnirs_single_trial__subject_04__session_00__prefrontal__w8,evaluate,LMI,6.64,0,3.1472027489011705
eeg_fnirs_single_trial,subject_04,eeg_fnirs_single_trial__subject_04__session_00__prefrontal__w8,evaluate,LMI,7.72,0,3.8192907960461486
eeg_fnirs_single_trial,subject_04,eeg_fnirs_single_trial__subject_04__session_00__prefrontal__w8,evaluate,LMI,11.06,0,3.3158388563459926
eeg_fnirs_single_trial,subject_04,eeg_fnirs_single_trial__subject_04__session_00__prefrontal__w8,evaluate,LMI,15.22,0,3.134716082789633
eeg_fnirs_single_trial,subject_04,eeg_fnirs_single_trial__subject_04__session_00__prefrontal__w8,evaluate,LMI,16.12,0,3.0093459703810614
eeg_fnirs_single_trial,subject_04,eeg_fnirs_single_trial__subject_04__session_00__prefrontal__w8,evaluate,LMI,17.32,0,3.1519830712725248
eeg_fnirs_single_trial,subject_04,eeg_fnirs_single_trial__subject_04__session_00__prefrontal__w8,evaluate,LMI,25.4,0,3.7170759185256097
eeg_fnirs_single_trial,subject_04,eeg_fnirs_single_trial__subject_04__session_00__prefrontal__w8,evaluate,LMI,26.26,0,3.9890825539297885
eeg_fnirs_single_trial,subject_04,eeg_fnirs_single_trial__subject_04__session_00__prefrontal__w8,evaluate,LMI,27.42,0,3.447423006272202
eeg_fnirs_single_trial,subject_04,eeg_fnirs_single_trial__subject_04__session_00__prefrontal__w8,evaluate,LMI,28.4,0,3.3630957872962166
eeg_fnirs_single_trial,subject_04,eeg_fnirs_single_trial__subject_04__session_00__prefrontal__w8,evaluate,LMI,29.14,0,3.566484382418739
eeg_fnirs_single_trial,subject_04,eeg_fnirs_single_trial__subject_04__session_00__prefrontal__w8,evaluate,LMI,25.82,1,-4.6489423896477655
eeg_fnirs_single_trial,subject_04,eeg_fnirs_single_trial__subject_04__session_00__prefrontal__w8,evaluate,LMI,26.52,1,11.350630952890079
eeg_fnirs_single_trial,subject_04,eeg_fnirs_single_trial__subject_04__session_00__prefrontal__w8,evaluate,LMI,27.64,1,-3.942296027130677
eeg_fnirs_single_trial,subject_04,eeg_fnirs_single_trial__subject_04__session_00__prefrontal__w8,evaluate,LMI,28.32,1,-3.515610959816146
eeg_fnirs_single_trial,subject_04,eeg_fnirs_single_trial__subject_04__session_00__prefrontal__w10,evaluate,LMI,1.16,0,-4.028005021139983
eeg_fnirs_single_trial,subject_04,eeg_fnirs_single_trial__subject_04__session_00__prefrontal__w10,evaluate,LMI,2.4,0,3.8274129918607946
eeg_fnirs_single_trial,subject_04,eeg_fnirs_single_trial__subject_04__session_00__prefrontal__w10,evaluate,LMI,3.08,0,3.378020857760028
eeg_fnirs_single_trial,subject_04,eeg_fnirs_single_trial__subject_04__session_00__prefrontal__w10,evaluate,LMI,4.2,0,3.7296162750183917
eeg_fnirs_single_trial,subject_04,eeg_fnirs_single_trial__subject_04__session_00__prefrontal__w10,evaluate,LMI,6.16,0,3.1141222637437798
eeg_fnirs_single_trial,subject_04,eeg_fnirs_single_trial__subject_04__session_00__prefrontal__w10,evaluate,LMI,8.34,0,3.7516176324122146
eeg_fnirs_single_trial,subject_04,eeg_fnirs_single_trial__subject_04__session_00__prefrontal__w10,evaluate,LMI,12.66,0,3.0979029789618386
eeg_fnirs_single_trial,subject_04,eeg_fnirs_single_trial__subject_04__session_00__prefrontal__w10,evaluate,LMI,14.7,0,3.1848454697752144
eeg_fnirs_single_trial,subject_04,eeg_fnirs_single_trial__subject_04__session_00__prefrontal__w10,evaluate,LMI,16.36,0,4.249587394240144
eeg_fnirs_single_trial,subject_04,eeg_fnirs_single_trial__subject_04__session_00__prefrontal__w10,evaluate,LMI,17.9,0,3.2520524316798265
eeg_fnirs_single_trial,subject_04,eeg_fnirs_single_trial__subject_04__session_00__prefrontal__w10,evaluate,LMI,19.44,0,3.1661614008074634
eeg_fnirs_single_trial,subject_04,eeg_fnirs_single_trial__subject_04__session_00__prefrontal__w10,evaluate,LMI,20.76,0,3.6727756130978872
eeg_fnirs_single_trial,subject_04,eeg_fnirs_single_trial__subject_04__session_00__prefrontal__w10,evaluate,LMI,23.5,0,3.010710971007327
eeg_fnirs_single_trial,subject_04,eeg_fnirs_single_trial__subject_04__session_00__prefrontal__w10,evaluate,LMI,27.7,0,5.716682968941839
eeg_fnirs_single_trial,subject_04,eeg_fnirs_single_trial__subject_04__session_00__prefrontal__w10,evaluate,LMI,28.54,0,3.2807576042333184
eeg_fnirs_single_trial,subject_04,eeg_fnirs_single_trial__subject_04__session_00__prefrontal__w10,evaluate,LMI,0.64,1,9.068421918342471
eeg_fnirs_single_trial,subject_04,eeg_fnirs_single_trial__subject_04__session_00__prefrontal__w10,evaluate,LMI,27.82,1,-3.819085819956421
eeg_fnirs_single_trial,subject_04,eeg_fnirs_single_trial__subject_04__session_00__prefrontal__w12,evaluate,LMI,6.26,0,3.2349907717423654
eeg_fnirs_single_trial,subject_04,eeg_fnirs_single_trial__subject_04__session_00__prefrontal__w12,evaluate,LMI,8.42,0,3.421499246760618
eeg_fnirs_single_trial,subject_04,eeg_fnirs_single_trial__subject_04__session_00__prefrontal__w12,evaluate,LMI,9.98,0,4.559796112843506
eeg_fnirs_single_trial,subject_04,eeg_fnirs_single_trial__subject_04__session_00__prefrontal__w12,evaluate,LMI,11.26,0,4.230053672715225
eeg_fnirs_single_trial,subject_04,eeg_fnirs_single_trial__subject_04__session_00__prefrontal__w12,evaluate,LMI,12.3,0,3.3780064696154737
eeg_fnirs_single_trial,subject_04,eeg_fnirs_single_trial__subject_04__session_00__prefrontal__w12,evaluate,LMI,13.6,0,3.2161592510657706
eeg_fnirs_single_trial,subject_04,eeg_fnirs_single_trial__subject_04__session_00__prefrontal__w12,evaluate,LMI,14.24,0,3.2395939916940053
eeg_fnirs_single_trial,subject_04,eeg_fnirs_single_trial__subject_04__session_00__prefrontal__w12,evaluate,LMI,16.26,0,3.2400480188539698
eeg_fnirs_single_trial,subject_04,eeg_fnirs_single_trial__subject_04__session_00__prefrontal__w12,evaluate,LMI,24.16,0,3.0046805276288113
eeg_fnirs_single_trial,subject_04,eeg_fnirs_single_trial__subject_04__session_00__prefrontal__w12,evaluate,LMI,27.96,0,3.879357422152321
eeg_fnirs_single_trial,subject_04,eeg_fnirs_single_trial__subject_04__session_00__prefrontal__w12,evaluate,LMI,28.82,0,4.84534981321041
eeg_fnirs_single_trial,subject_04,eeg_fnirs_single_trial__subject_04__session_00__prefrontal__w12,evaluate,LMI,7.3,1,-9.304570636533079
eeg_fnirs_single_trial,subject_04,eeg_fnirs_single_trial__subject_04__session_00__prefrontal__w12,evaluate,LMI,7.84,1,9.930624758338931
eeg_fnirs_single_trial,subject_04,eeg_fnirs_single_trial__subject_04__session_00__prefrontal__w14,evaluate,LMI,0.16,0,6.068535018674228
eeg_fnirs_single_trial,subject_04,eeg_fnirs_single_trial__subject_04__session_00__prefrontal__w14,evaluate,LMI,2.28,0,3.7879851543905527
eeg_fnirs_single_trial,subject_04,eeg_fnirs_single_trial__subject_04__session_00__prefrontal__w14,evaluate,LMI,6.36,0,3.241896813944692
eeg_fnirs_single_trial,subject_04,eeg_fnirs_single_trial__subject_04__session_00__prefrontal__w14,evaluate,LMI,19.08,0,-4.335647337547482
eeg_fnirs_single_trial,subject_04,eeg_fnirs_single_trial__subject_04__session_00__prefrontal__w14,evaluate,LMI,20.06,0,3.3566560960439014
eeg_fnirs_single_trial,subject_04,eeg_fnirs_single_trial__subject_04__session_00__prefrontal__w14,evaluate,LMI,21.08,0,3.263011081847583
eeg_fnirs_single_trial,subject_04,eeg_fnirs_single_trial__subject_04__session_00__prefrontal__w14,evaluate,LMI,22.26,0,4.004129591513117
eeg_fnirs_single_trial,subject_04,eeg_fnirs_single_trial__subject_04__session_00__prefrontal__w14,evaluate,LMI,27.3,0,3.163284031825852
eeg_fnirs_single_trial,subject_04,eeg_fnirs_single_trial__subject_04__session_00__prefrontal__w14,evaluate,LMI,28.84,0,3.126676804949641
eeg_fnirs_single_trial,subject_04,eeg_fnirs_single_trial__subject_04__session_00__prefrontal__w14,evaluate,LMI,7.8,1,4.154707464125623
eeg_fnirs_single_trial,subject_04,eeg_fnirs_single_trial__subject_04__session_00__prefrontal__w14,evaluate,LMI,18.18,1,3.7785411466820653
eeg_fnirs_single_trial,subject_04,eeg_fnirs_single_trial__subject_04__session_00__prefrontal__w14,evaluate,LMI,18.82,1,-32.71159183241183
eeg_fnirs_single_trial,subject_04,eeg_fnirs_single_trial__subject_04__session_00__prefrontal__w14,evaluate,LMI,19.46,1,3.092977610173115
eeg_fnirs_single_trial,subject_04,eeg_fnirs_single_trial__subject_04__session_00__prefrontal__w14,evaluate,LMI,26.56,1,-9.471954417853102
eeg_fnirs_single_trial,subject_05,eeg_fnirs_single_trial__subject_05__session_00__prefrontal__w0,train,RMI,0.04,0,21.656282359460153
eeg_fnirs_single_trial,subject_05,eeg_fnirs_single_trial__subject_05__session_00__prefrontal__w0,train,RMI,0.84,0,-4.122607419747296
eeg_fnirs_single_trial,subject_05,eeg_fnirs_single_trial__subject_05__session_00__prefrontal__w0,train,RMI,13.22,0,3.9106438360080475
eeg_fnirs_single_trial,subject_05,eeg_fnirs_single_trial__subject_05__session_00__prefrontal__w0,train,RMI,29.14,0,5.27112917504748
eeg_fnirs_single_trial,subject_05,eeg_fnirs_single_trial__subject_05__session_00__prefrontal__w0,train,RMI,29.96,0,-9.83778754214736
eeg_fnirs_single_trial,subject_05,eeg_fnirs_single_trial__subject_05__session_00__prefrontal__w0,train,RMI,0.06,1,-25.8622927548668
eeg_fnirs_single_trial,subject_05,eeg_fnirs_single_trial__subject_05__session_00__prefrontal__w0,train,RMI,0.56,1,-5.093405626866082
eeg_fnirs_single_trial,subject_05,eeg_fnirs_single_trial__subject_05__session_00__prefrontal__w0,train,RMI,2.66,1,3.5803250137114744
eeg_fnirs_single_trial,subject_05,eeg_fnirs_single_trial__subject_05__session_00__prefrontal__w0,train,RMI,23.04,1,-3.1155241054471716
eeg_fnirs_single_trial,subject_05,eeg_fnirs_single_trial__subject_05__session_00__prefrontal__w0,train,RMI,23.56,1,5.798761917890966
eeg_fnirs_single_trial,subject_05,eeg_fnirs_single_trial__subject_05__session_00__prefrontal__w0,train,RMI,26.78,1,3.5073359899487593
eeg_fnirs_single_trial,subject_05,eeg_fnirs_single_trial__subject_05__session_00__prefrontal__w0,train,RMI,29.94,1,-28.5075454483487
eeg_fnirs_single_trial,subject_05,eeg_fnirs_single_trial__subject_05__session_00__prefrontal__w2,train,RMI,0.04,0,24.16703853267665
eeg_fnirs_single_trial,subject_05,eeg_fnirs_single_trial__subject_05__session_00__prefrontal__w2,train,RMI,0.88,0,-3.0156530192663245
eeg_fnirs_single_trial,subject_05,eeg_fnirs_single_trial__subject_05__session_00__prefrontal__w2,train,RMI,19.28,0,6.836320966224217
eeg_fnirs_single_trial,subject_05,eeg_fnirs_single_trial__subject_05__session_00__prefrontal__w2,train,RMI,23.16,0,4.295757059592984
eeg_fnirs_single_trial,subject_05,eeg_fnirs_single_trial__subject_05__session_00__prefrontal__w2,train,RMI,26.32,0,5.685934234597987
eeg_fnirs_single_trial,subject_05,eeg_fnirs_single_trial__subject_05__session_00__prefrontal__w2,train,RMI,29.96,0,-6.670300702239277
eeg_fnirs_single_trial,subject_05,eeg_fnirs_single_trial__subject_05__session_00__prefrontal__w2,train,RMI,0.06,1,-24.806570219438022
eeg_fnirs_single_trial,subject_05,eeg_fnirs_single_trial__subject_05__session_00__prefrontal__w2,train,RMI,0.68,1,-4.719930347305459
eeg_fnirs_single_trial,subject_05,eeg_fnirs_single_trial__subject_05__session_00__prefrontal__w2,train,RMI,17.9,1,7.439490851846001
eeg_fnirs_single_trial,subject_05,eeg_fnirs_single_trial__subject_05__session_00__prefrontal__w2,train,RMI,18.56,1,-10.856699624023952
eeg_fnirs_single_trial,subject_05,eeg_fnirs_single_trial__subject_05__session_00__prefrontal__w2,train,RMI,19.64,1,5.071852480358942
eeg_fnirs_single_trial,subject_05,eeg_fnirs_single_trial__subject_05__session_00__prefrontal__w2,train,RMI,22.0,1,3.6443082706930734
eeg_fnirs_single_trial,subject_05,eeg_fnirs_single_trial__subject_05__session_00__prefrontal__w2,train,RMI,22.94,1,-5.684124363127182
eeg_fnirs_single_trial,subject_05,eeg_fnirs_single_trial__subject_05__session_00__prefrontal__w2,train,RMI,23.46,1,5.55350571598991
eeg_fnirs_single_trial,subject_05,eeg_fnirs_single_trial__subject_05__session_00__prefrontal__w2,train,RMI,29.94,1,-22.50124733977029
eeg_fnirs_single_trial,subject_05,eeg_fnirs_single_trial__subject_05__session_00__prefrontal__w4,train,RMI,0.04,0,20.920769624237202
eeg_fnirs_single_trial,subject_05,eeg_fnirs_single_trial__subject_05__session_00__prefrontal__w4,train,RMI,2.74,0,4.179308838892442
eeg_fnirs_single_trial,subject_05,eeg_fnirs_single_trial__subject_05__session_00__prefrontal__w4,train,RMI,14.68,0,5.785686568769231
eeg_fnirs_single_trial,subject_05,eeg_fnirs_single_trial__subject_05__session_00__prefrontal__w4,train,RMI,16.9,0,7.247011653383007
eeg_fnirs_single_trial,subject_05,eeg_fnirs_single_trial__subject_05__session_00__prefrontal__w4,train,RMI,17.96,0,-3.5307375909150935
eeg_fnirs_single_trial,subject_05,eeg_fnirs_single_trial__subject_05__session_00__prefrontal__w4,train,RMI,19.3,0,-4.574019349688828
eeg_fnirs_single_trial,subject_05,eeg_fnirs_single_trial__subject_05__session_00__prefrontal__w4,train,RMI,23.12,0,3.815246143971378
eeg_fnirs_single_trial,subject_05,eeg_fnirs_single_trial__subject_05__session_00__prefrontal__w4,train,RMI,24.2,0,6.768967393050257
eeg_fnirs_single_trial,subject_05,eeg_fnirs_single_trial__subject_05__session_00__prefrontal__w4,train,RMI,27.44,0,4.438800555217547
eeg_fnirs_single_trial,subject_05,eeg_fnirs_single_trial__subject_05__session_00__prefrontal__w4,train,RMI,0.06,1,-28.277130662487078
eeg_fnirs_single_trial,subject_05,eeg_fnirs_single_trial__subject_05__session_00__prefrontal__w4,train,RMI,0.58,1,-5.86655805073743
eeg_fnirs_single_trial,subject_05,eeg_fnirs_single_trial__subject_05__session_00__prefrontal__w4,train,RMI,19.02,1,3.51305386758955
eeg_fnirs_single_trial,subject_05,eeg_fnirs_single_trial__subject_05__session_00__prefrontal__w4,train,RMI,22.52,1,-3.8588769529850553
eeg_fnirs_single_trial,subject_05,eeg_fnirs_single_trial__subject_05__session_00__prefrontal__w4,train,RMI,23.16,1,-3.177179352701756
eeg_fnirs_single_trial,subject_05,eeg_fnirs_single_trial__subject_05__session_00__prefrontal__w4,train,RMI,24.92,1,13.070974871946504
eeg_fnirs_single_trial,subject_05,eeg_fnirs_single_trial__subject_05__session_00__prefrontal__w4,train,RMI,25.78,1,-11.149402243239853
eeg_fnirs_single_trial,subject_05,eeg_fnirs_single_trial__subject_05__session_00__prefrontal__w4,train,RMI,28.32,1,3.268330638818866
eeg_fnirs_single_trial,subject_05,eeg_fnirs_single_trial__subject_05__session_00__prefrontal__w6,train,LMI,0.04,0,19.730907615655276
eeg_fnirs_single_trial,subject_05,eeg_fnirs_single_trial__subject_05__session_00__prefrontal__w6,train,LMI,1.06,0,-3.7698228437468857
eeg_fnirs_single_trial,subject_05,eeg_fnirs_single_trial__subject_05__session_00__prefrontal__w6,train,LMI,4.98,0,6.720298917383073
eeg_fnirs_single_trial,subject_05,eeg_fnirs_single_trial__subject_05__session_00__prefrontal__w6,train,LMI,8.62,0,3.9013153851003115
eeg_fnirs_single_trial,subject_05,eeg_fnirs_single_trial__subject_05__session_00__prefrontal__w6,train,LMI,11.88,0,5.725358266838233
eeg_fnirs_single_trial,subject_05,eeg_fnirs_single_trial__subject_05__session_00__prefrontal__w6,train,LMI,24.74,0,-3.260890656885737
eeg_fnirs_single_trial,subject_05,eeg_fnirs_single_trial__subject_05__session_00__prefrontal__w6,train,LMI,25.24,0,5.227362504934865
eeg_fnirs_single_trial,subject_05,eeg_fnirs_single_trial__subject_05__session_00__prefrontal__w6,train,LMI,29.96,0,7.381573496104158
eeg_fnirs_single_trial,subject_05,eeg_fnirs_single_trial__subject_05__session_00__prefrontal__w6,train,LMI,0.06,1,-27.295843673820855
eeg_fnirs_single_trial,subject_05,eeg_fnirs_single_trial__subject_05__session_00__prefrontal__w6,train,LMI,0.62,1,-5.138207596085476
eeg_fnirs_single_trial,subject_05,eeg_fnirs_single_trial__subject_05__session_00__prefrontal__w6,train,LMI,1.72,1,4.794981809660279
eeg_fnirs_single_trial,subject_05,eeg_fnirs_single_trial__subject_05__session_00__prefrontal__w6,train,LMI,2.6,1,10.43819650471263
eeg_fnirs_single_trial,subject_05,eeg_fnirs_single_trial__subject_05__session_00__prefrontal__w6,train,LMI,3.2,1,-15.45019144432221
eeg_fnirs_single_trial,subject_05,eeg_fnirs_single_trial__subject_05__session_00__prefrontal__w6,train,LMI,13.02,1,3.1461454519964307
eeg_fnirs_single_trial,subject_05,eeg_fnirs_single_trial__subject_05__session_00__prefrontal__w6,train,LMI,17.64,1,10.65354342260484
eeg_fnirs_single_trial,subject_05,eeg_fnirs_single_trial__subject_05__session_00__prefrontal__w6,train,LMI,18.18,1,-12.345697520601565
eeg_fnirs_single_trial,subject_05,eeg_fnirs_single_trial__subject_05__session_00__prefrontal__w6,train,LMI,29.94,1,22.703788257755228
eeg_fnirs_single_trial,subject_05,eeg_fnirs_single_trial__subject_05__session_00__prefrontal__w8,train,RMI,0.04,0,21.812109622506856
eeg_fnirs_single_trial,subject_05,eeg_fnirs_single_trial__subject_05__session_00__prefrontal__w8,train,RMI,0.96,0,-3.3858582490200644
eeg_fnirs_single_trial,subject_05,eeg_fnirs_single_trial__subject_05__session_00__prefrontal__w8,train,RMI,8.3,0,3.171339229572038
eeg_fnirs_single_trial,subject_05,eeg_fnirs_single_trial__subject_05__session_00__prefrontal__w8,train,RMI,15.76,0,5.663123298872867
eeg_fnirs_single_trial,subject_05,eeg_fnirs_single_trial__subject_05__session_00__prefrontal__w8,train,RMI,29.96,0,-20.483607482199446
eeg_fnirs_single_trial,subject_05,eeg_fnirs_single_trial__subject_05__session_00__prefrontal__w8,train,RMI,0.06,1,-31.133371027484934
eeg_fnirs_single_trial,subject_05,eeg_fnirs_single_trial__subject_05__session_00__prefrontal__w8,train,RMI,0.62,1,-5.361297680480194
eeg_fnirs_single_trial,subject_05,eeg_fnirs_single_trial__subject_05__session_00__prefrontal__w8,train,RMI,1.54,1,3.040044068243889
eeg_fnirs_single_trial,subject_05,eeg_fnirs_single_trial__subject_05__session_00__prefrontal__w8,train,RMI,3.6,1,3.3139063624401617
eeg_fnirs_single_trial,subject_05,eeg_fnirs_single_trial__subject_05__session_00__prefrontal__w8,train,RMI,16.34,1,9.076148451689859
eeg_fnirs_single_trial,subject_05,eeg_fnirs_single_trial__subject_05__session_00__prefrontal__w8,train,RMI,28.12,1,-4.5442300265799105
eeg_fnirs_single_trial,subject_05,eeg_fnirs_single_trial__subject_05__session_00__prefrontal__w8,train,RMI,29.28,1,5.48684005413893
eeg_fnirs_single_trial,subject_05,eeg_fnirs_single_trial__subject_05__session_00__prefrontal__w8,train,RMI,29.94,1,-57.75839930887328
eeg_fnirs_single_trial,subject_05,eeg_fnirs_single_trial__subject_05__session_00__prefrontal__w10,train,LMI,0.04,0,8.226909343045936
eeg_fnirs_single_trial,subject_05,eeg_fnirs_single_trial__subject_05__session_00__prefrontal__w10,train,LMI,2.34,0,5.934630354196599
eeg_fnirs_single_trial,subject_05,eeg_fnirs_single_trial__subject_05__session_00__prefrontal__w10,train,LMI,11.58,0,4.035774045076052
eeg_fnirs_single_trial,subject_05,eeg_fnirs_single_trial__subject_05__session_00__prefrontal__w10,train,LMI,15.92,0,5.506309757302396
eeg_fnirs_single_trial,subject_05,eeg_fnirs_single_trial__subject_05__session_00__prefrontal__w10,train,LMI,29.96,0,-18.770381662209424
eeg_fnirs_single_trial,subject_05,eeg_fnirs_single_trial__subject_05__session_00__prefrontal__w10,train,LMI,0.06,1,-14.932995269023673
eeg_fnirs_single_trial,subject_05,eeg_fnirs_single_trial__subject_05__session_00__prefrontal__w10,train,LMI,5.32,1,3.633860706739195
eeg_fnirs_single_trial,subject_05,eeg_fnirs_single_trial__subject_05__session_00__prefrontal__w10,train,LMI,29.34,1,4.244951868772791
eeg_fnirs_single_trial,subject_05,eeg_fnirs_single_trial__subject_05__session_00__prefrontal__w10,train,LMI,29.94,1,-52.867991805573574
eeg_fnirs_single_trial,subject_05,eeg_fnirs_single_trial__subject_05__session_00__prefrontal__w12,train,RMI,0.04,0,-21.887453918247505
eeg_fnirs_single_trial,subject_05,eeg_fnirs_single_trial__subject_05__session_00__prefrontal__w12,train,RMI,3.72,0,-4.823531114523468
eeg_fnirs_single_trial,subject_05,eeg_fnirs_single_trial__subject_05__session_00__prefrontal__w12,train,RMI,4.9,0,-4.850730197305577
eeg_fnirs_single_trial,subject_05,eeg_fnirs_single_trial__subject_05__session_00__prefrontal__w12,train,RMI,10.58,0,3.546803953211644
eeg_fnirs_single_trial,subject_05,eeg_fnirs_single_trial__subject_05__session_00__prefrontal__w12,train,RMI,16.56,0,6.437608253216794
eeg_fnirs_single_trial,subject_05,eeg_fnirs_single_trial__subject_05__session_00__prefrontal__w12,train,RMI,19.54,0,6.088613399020583
eeg_fnirs_single_trial,subject_05,eeg_fnirs_single_trial__subject_05__session_00__prefrontal__w12,train,RMI,23.08,0,5.379955324110661
eeg_fnirs_single_trial,subject_05,eeg_fnirs_single_trial__subject_05__session_00__prefrontal__w12,train,RMI,29.96,0,-19.451560512652453
eeg_fnirs_single_trial,subject_05,eeg_fnirs_single_trial__subject_05__session_00__prefrontal__w12,train,RMI,0.06,1,30.573903331015497
eeg_fnirs_single_trial,subject_05,eeg_fnirs_single_trial__subject_05__session_00__prefrontal__w12,train,RMI,0.6,1,4.9650560355227125
eeg_fnirs_single_trial,subject_05,eeg_fnirs_single_trial__subject_05__session_00__prefrontal__w12,train,RMI,2.64,1,3.8563385793785545
eeg_fnirs_single_trial,subject_05,eeg_fnirs_single_trial__subject_05__session_00__prefrontal__w12,train,RMI,3.38,1,-6.015021044090887
eeg_fnirs_single_trial,subject_05,eeg_fnirs_single_trial__subject_05__session_00__prefrontal__w12,train,RMI,4.76,1,-4.98908042252412
eeg_fnirs_single_trial,subject_05,eeg_fnirs_single_trial__subject_05__session_00__prefrontal__w12,train,RMI,29.1,1,4.7456928766224395
eeg_fnirs_single_trial,subject_05,eeg_fnirs_single_trial__subject_05__session_00__prefrontal__w12,train,RMI,29.94,1,-55.63344204495147
eeg_fnirs_single_trial,subject_05,eeg_fnirs_single_trial__subject_05__session_00__prefrontal__w14,train,LMI,4.9,0,4.381253274843242
eeg_fnirs_single_trial,subject_05,eeg_fnirs_single_trial__subject_05__session_00__prefrontal__w14,train,LMI,16.0,0,5.800525073316223
eeg_fnirs_single_trial,subject_05,eeg_fnirs_single_trial__subject_05__session_00__prefrontal__w14,train,LMI,29.96,0,-12.85928378201275
eeg_fnirs_single_trial,subject_05,eeg_fnirs_single_trial__subject_05__session_00__prefrontal__w14,train,LMI,0.06,1,7.576211975175592
eeg_fnirs_single_trial,subject_05,eeg_fnirs_single_trial__subject_05__session_00__prefrontal__w14,train,LMI,11.28,1,-4.917407748825263
eeg_fnirs_single_trial,subject_05,eeg_fnirs_single_trial__subject_05__session_00__prefrontal__w14,train,LMI,11.9,1,5.8726121754763785
eeg_fnirs_single_trial,subject_05,eeg_fnirs_single_trial__subject_05__session_00__prefrontal__w14,train,LMI,12.48,1,7.982672994494189
eeg_fnirs_single_trial,subject_05,eeg_fnirs_single_trial__subject_05__session_00__prefrontal__w14,train,LMI,13.02,1,-6.599333252277271
eeg_fnirs_single_trial,subject_05,eeg_fnirs_single_trial__subject_05__session_00__prefrontal__w14,train,LMI,27.3,1,3.2590519098515474
eeg_fnirs_single_trial,subject_05,eeg_fnirs_single_trial__subject_05__session_00__prefrontal__w14,train,LMI,28.4,1,4.695398565596757
eeg_fnirs_single_trial,subject_05,eeg_fnirs_single_trial__subject_05__session_00__prefrontal__w14,train,LMI,29.02,1,4.536000664412325
eeg_fnirs_single_trial,subject_05,eeg_fnirs_single_trial__subject_05__session_00__prefrontal__w14,train,LMI,29.94,1,-36.58386387739957
eeg_fnirs_single_trial,subject_06,eeg_fnirs_single_trial__subject_06__session_00__prefrontal__w0,evaluate,RMI,1.22,0,3.387948345621697
eeg_fnirs_single_trial,subject_06,eeg_fnirs_single_trial__subject_06__session_00__prefrontal__w0,evaluate,RMI,2.4,0,3.330915388258697
eeg_fnirs_single_trial,subject_06,eeg_fnirs_single_trial__subject_06__session_00__prefrontal__w0,evaluate,RMI,8.36,0,3.251552895965896
eeg_fnirs_single_trial,subject_06,eeg_fnirs_single_trial__subject_06__session_00__prefrontal__w0,evaluate,RMI,13.26,0,3.697187262268774
eeg_fnirs_single_trial,subject_06,eeg_fnirs_single_trial__subject_06__session_00__prefrontal__w0,evaluate,RMI,16.06,0,3.9434924495050505
eeg_fnirs_single_trial,subject_06,eeg_fnirs_single_trial__subject_06__session_00__prefrontal__w0,evaluate,RMI,16.58,0,4.376369170378992
eeg_fnirs_single_trial,subject_06,eeg_fnirs_single_trial__subject_06__session_00__prefrontal__w0,evaluate,RMI,20.92,0,3.659012974529108
eeg_fnirs_single_trial,subject_06,eeg_fnirs_single_trial__subject_06__session_00__prefrontal__w0,evaluate,RMI,22.32,0,4.874864281908933
eeg_fnirs_single_trial,subject_06,eeg_fnirs_single_trial__subject_06__session_00__prefrontal__w0,evaluate,RMI,24.18,0,3.8016675143609153
eeg_fnirs_single_trial,subject_06,eeg_fnirs_single_trial__subject_06__session_00__prefrontal__w2,evaluate,LMI,16.78,0,4.382687802094671
eeg_fnirs_single_trial,subject_06,eeg_fnirs_single_trial__subject_06__session_00__prefrontal__w2,evaluate,LMI,21.3,0,3.937336373725276
eeg_fnirs_single_trial,subject_06,eeg_fnirs_single_trial__subject_06__session_00__prefrontal__w4,evaluate,LMI,15.94,0,3.370995558219234
eeg_fnirs_single_trial,subject_06,eeg_fnirs_single_trial__subject_06__session_00__prefrontal__w4,evaluate,LMI,16.72,0,3.7188916853940657
eeg_fnirs_single_trial,subject_06,eeg_fnirs_single_trial__subject_06__session_00__prefrontal__w4,evaluate,LMI,19.64,0,3.1317173955127067
eeg_fnirs_single_trial,subject_06,eeg_fnirs_single_trial__subject_06__session_00__prefrontal__w4,evaluate,LMI,20.8,0,4.882723973243788
eeg_fnirs_single_trial,subject_06,eeg_fnirs_single_trial__subject_06__session_00__prefrontal__w4,evaluate,LMI,21.86,0,4.872067189357594
eeg_fnirs_single_trial,subject_06,eeg_fnirs_single_trial__subject_06__session_00__prefrontal__w4,evaluate,LMI,17.54,1,-3.0799295815386003
eeg_fnirs_single_trial,subject_06,eeg_fnirs_single_trial__subject_06__session_00__prefrontal__w4,evaluate,LMI,21.2,1,-7.139494645568003
eeg_fnirs_single_trial,subject_06,eeg_fnirs_single_trial__subject_06__session_00__prefrontal__w4,evaluate,LMI,22.3,1,3.6598128567247765
eeg_fnirs_single_trial,subject_06,eeg_fnirs_single_trial__subject_06__session_00__prefrontal__w6,evaluate,LMI,0.14,0,3.15712599343735
eeg_fnirs_single_trial,subject_06,eeg_fnirs_single_trial__subject_06__session_00__prefrontal__w6,evaluate,LMI,0.74,0,5.0351321910899625
eeg_fnirs_single_trial,subject_06,eeg_fnirs_single_trial__subject_06__session_00__prefrontal__w6,evaluate,LMI,1.98,0,3.53202810458238
eeg_fnirs_single_trial,subject_06,eeg_fnirs_single_trial__subject_06__session_00__prefrontal__w6,evaluate,LMI,2.66,0,3.190384542688191
eeg_fnirs_single_trial,subject_06,eeg_fnirs_single_trial__subject_06__session_00__prefrontal__w6,evaluate,LMI,15.72,0,4.034130455916258
eeg_fnirs_single_trial,subject_06,eeg_fnirs_single_trial__subject_06__session_00__prefrontal__w6,evaluate,LMI,19.04,0,3.7979645708896985
eeg_fnirs_single_trial,subject_06,eeg_fnirs_single_trial__subject_06__session_00__prefrontal__w6,evaluate,LMI,19.92,0,6.370783655095214
eeg_fnirs_single_trial,subject_06,eeg_fnirs_single_trial__subject_06__session_00__prefrontal__w6,evaluate,LMI,20.8,0,4.761581737838261
eeg_fnirs_single_trial,subject_06,eeg_fnirs_single_trial__subject_06__session_00__prefrontal__w6,evaluate,LMI,22.52,0,5.192818616372672
eeg_fnirs_single_trial,subject_06,eeg_fnirs_single_trial__subject_06__session_00__prefrontal__w6,evaluate,LMI,24.14,0,3.736563453039958
eeg_fnirs_single_trial,subject_06,eeg_fnirs_single_trial__subject_06__session_00__prefrontal__w6,evaluate,LMI,25.34,0,3.8478399504631486
eeg_fnirs_single_trial,subject_06,eeg_fnirs_single_trial__subject_06__session_00__prefrontal__w6,evaluate,LMI,27.34,0,5.641358759742607
eeg_fnirs_single_trial,subject_06,eeg_fnirs_single_trial__subject_06__session_00__prefrontal__w6,evaluate,LMI,28.44,0,3.7926721927813825
eeg_fnirs_single_trial,subject_06,eeg_fnirs_single_trial__subject_06__session_00__prefrontal__w6,evaluate,LMI,0.94,1,10.23660384003315
eeg_fnirs_single_trial,subject_06,eeg_fnirs_single_trial__subject_06__session_00__prefrontal__w6,evaluate,LMI,21.36,1,11.484663089812564
eeg_fnirs_single_trial,subject_06,eeg_fnirs_single_trial__subject_06__session_00__prefrontal__w6,evaluate,LMI,22.04,1,8.253204113305522
eeg_fnirs_single_trial,subject_06,eeg_fnirs_single_trial__subject_06__session_00__prefrontal__w6,evaluate,LMI,22.78,1,-12.247426329171168
eeg_fnirs_single_trial,subject_06,eeg_fnirs_single_trial__subject_06__session_00__prefrontal__w6,evaluate,LMI,23.46,1,3.411817961269814
eeg_fnirs_single_trial,subject_06,eeg_fnirs_single_trial__subject_06__session_00__prefrontal__w6,evaluate,LMI,24.08,1,-5.646015474252443
eeg_fnirs_single_trial,subject_06,eeg_fnirs_single_trial__subject_06__session_00__prefrontal__w6,evaluate,LMI,24.82,1,11.737933642074255
eeg_fnirs_single_trial,subject_06,eeg_fnirs_single_trial__subject_06__session_00__prefrontal__w8,evaluate,LMI,15.76,0,3.5945813964534055
eeg_fnirs_single_trial,subject_06,eeg_fnirs_single_trial__subject_06__session_00__prefrontal__w8,evaluate,LMI,16.68,0,4.560057247370636
eeg_fnirs_single_trial,subject_06,eeg_fnirs_single_trial__subject_06__session_00__prefrontal__w8,evaluate,LMI,17.2,0,3.904214660784846
eeg_fnirs_single_trial,subject_06,eeg_fnirs_single_trial__subject_06__session_00__prefrontal__w8,evaluate,LMI,22.12,0,3.000723427222571
eeg_fnirs_single_trial,subject_06,eeg_fnirs_single_trial__subject_06__session_00__prefrontal__w8,evaluate,LMI,24.48,0,5.373704852596652
eeg_fnirs_single_trial,subject_06,eeg_fnirs_single_trial__subject_06__session_00__prefrontal__w8,evaluate,LMI,26.8,0,3.248678613693402
eeg_fnirs_single_trial,subject_06,eeg_fnirs_single_trial__subject_06__session_00__prefrontal__w10,evaluate,LMI,16.16,0,3.1976517584611304
eeg_fnirs_single_trial,subject_06,eeg_fnirs_single_trial__subject_06__session_00__prefrontal__w10,evaluate,LMI,16.66,0,4.726495229294542
eeg_fnirs_single_trial,subject_06,eeg_fnirs_single_trial__subject_06__session_00__prefrontal__w10,evaluate,LMI,17.54,0,4.354689304157345
eeg_fnirs_single_trial,subject_06,eeg_fnirs_single_trial__subject_06__session_00__prefrontal__w10,evaluate,LMI,18.6,0,4.284877632896768
eeg_fnirs_single_trial,subject_06,eeg_fnirs_single_trial__subject_06__session_00__prefrontal__w10,evaluate,LMI,21.18,0,3.7146202684367333
eeg_fnirs_single_trial,subject_06,eeg_fnirs_single_trial__subject_06__session_00__prefrontal__w10,evaluate,LMI,21.74,0,4.989833960878582
eeg_fnirs_single_trial,subject_06,eeg_fnirs_single_trial__subject_06__session_00__prefrontal__w10,evaluate,LMI,22.9,0,6.442275111093967
eeg_fnirs_single_trial,subject_06,eeg_fnirs_single_trial__subject_06__session_00__prefrontal__w10,evaluate,LMI,25.6,0,4.694889880674633
eeg_fnirs_single_trial,subject_06,eeg_fnirs_single_trial__subject_06__session_00__prefrontal__w10,evaluate,LMI,26.54,0,3.7948513739346947
eeg_fnirs_single_trial,subject_06,eeg_fnirs_single_trial__subject_06__session_00__prefrontal__w10,evaluate,LMI,29.86,0,3.120213435106109
eeg_fnirs_single_trial,subject_06,eeg_fnirs_single_trial__subject_06__session_00__prefrontal__w10,evaluate,LMI,19.5,1,-14.865299200991096
eeg_fnirs_single_trial,subject_06,eeg_fnirs_single_trial__subject_06__session_00__prefrontal__w10,evaluate,LMI,20.26,1,14.372519232648735
eeg_fnirs_single_trial,subject_06,eeg_fnirs_single_trial__subject_06__session_00__prefrontal__w10,evaluate,LMI,22.28,1,-9.180170556568797
eeg_fnirs_single_trial,subject_06,eeg_fnirs_single_trial__subject_06__session_00__prefrontal__w10,evaluate,LMI,23.48,1,-5.536568316734932
eeg_fnirs_single_trial,subject_06,eeg_fnirs_single_trial__subject_06__session_00__prefrontal__w10,evaluate,LMI,24.08,1,6.5092362449010555
eeg_fnirs_single_trial,subject_06,eeg_fnirs_single_trial__subject_06__session_00__prefrontal__w12,evaluate,LMI,3.18,0,3.4753069507947933
eeg_fnirs_single_trial,subject_06,eeg_fnirs_single_trial__subject_06__session_00__prefrontal__w12,evaluate,LMI,3.92,0,3.462996331451642
eeg_fnirs_single_trial,subject_06,eeg_fnirs_single_trial__subject_06__session_00__prefrontal__w12,evaluate,LMI,13.1,0,3.8695437944937576
eeg_fnirs_single_trial,subject_06,eeg_fnirs_single_trial__subject_06__session_00__prefrontal__w12,evaluate,LMI,15.92,0,3.887252991933459
eeg_fnirs_single_trial,subject_06,eeg_fnirs_single_trial__subject_06__session_00__prefrontal__w12,evaluate,LMI,17.24,0,3.254836885837279
eeg_fnirs_single_trial,subject_06,eeg_fnirs_single_trial__subject_06__session_00__prefrontal__w12,evaluate,LMI,25.04,0,3.3196061257014575
eeg_fnirs_single_trial,subject_06,eeg_fnirs_single_trial__subject_06__session_00__prefrontal__w12,evaluate,LMI,5.7,1,8.024688738426551
eeg_fnirs_single_trial,subject_06,eeg_fnirs_single_trial__subject_06__session_00__prefrontal__w12,evaluate,LMI,7.6,1,5.423141699589431
eeg_fnirs_single_trial,subject_06,eeg_fnirs_single_trial__subject_06__session_00__prefrontal__w12,evaluate,LMI,11.52,1,-5.576595745353759
eeg_fnirs_single_trial,subject_06,eeg_fnirs_single_trial__subject_06__session_00__prefrontal__w12,evaluate,LMI,12.3,1,4.1164729919810155
eeg_fnirs_single_trial,subject_06,eeg_fnirs_single_trial__subject_06__session_00__prefrontal__w12,evaluate,LMI,16.02,1,4.851442790000367
eeg_fnirs_single_trial,subject_06,eeg_fnirs_single_trial__subject_06__session_00__prefrontal__w12,evaluate,LMI,19.4,1,-3.401247763983472
eeg_fnirs_single_trial,subject_06,eeg_fnirs_single_trial__subject_06__session_00__prefrontal__w12,evaluate,LMI,23.0,1,7.201364670069838
eeg_fnirs_single_trial,subject_06,eeg_fnirs_single_trial__subject_06__session_00__prefrontal__w14,evaluate,LMI,3.44,0,4.688184256865529
eeg_fnirs_single_trial,subject_06,eeg_fnirs_single_trial__subject_06__session_00__prefrontal__w14,evaluate,LMI,11.02,0,3.6378399234260512
eeg_fnirs_single_trial,subject_06,eeg_fnirs_single_trial__subject_06__session_00__prefrontal__w14,evaluate,LMI,15.76,0,3.92808613938519
eeg_fnirs_single_trial,subject_06,eeg_fnirs_single_trial__subject_06__session_00__prefrontal__w14,evaluate,LMI,16.62,0,3.7737713046867154
eeg_fnirs_single_trial,subject_06,eeg_fnirs_single_trial__subject_06__session_00__prefrontal__w14,evaluate,LMI,25.14,0,4.63114218732209
eeg_fnirs_single_trial,subject_06,eeg_fnirs_single_trial__subject_06__session_00__prefrontal__w14,evaluate,LMI,28.32,0,3.387718020585346
eeg_fnirs_single_trial,subject_06,eeg_fnirs_single_trial__subject_06__session_00__prefrontal__w14,evaluate,LMI,0.94,1,12.087547017061121
eeg_fnirs_single_trial,subject_06,eeg_fnirs_single_trial__subject_06__session_00__prefrontal__w14,evaluate,LMI,1.46,1,6.051698694169318
eeg_fnirs_single_trial,subject_06,eeg_fnirs_single_trial__subject_06__session_00__prefrontal__w14,evaluate,LMI,3.4,1,-4.7589830958275225
eeg_fnirs_single_trial,subject_06,eeg_fnirs_single_trial__subject_06__session_00__prefrontal__w14,evaluate,LMI,5.7,1,6.726067003746177
eeg_fnirs_single_trial,subject_06,eeg_fnirs_single_trial__subject_06__session_00__prefrontal__w14,evaluate,LMI,15.72,1,-7.098249635513099
eeg_fnirs_single_trial,subject_06,eeg_fnirs_single_trial__subject_06__session_00__prefrontal__w14,evaluate,LMI,16.68,1,-3.344430917628371
eeg_fnirs_single_trial,subject_06,eeg_fnirs_single_trial__subject_06__session_00__prefrontal__w14,evaluate,LMI,17.48,1,-3.879196895189428
eeg_fnirs_single_trial,subject_06,eeg_fnirs_single_trial__subject_06__session_00__prefrontal__w14,evaluate,LMI,18.36,1,5.4927163062904345
eeg_fnirs_single_trial,subject_06,eeg_fnirs_single_trial__subject_06__session_00__prefrontal__w14,evaluate,LMI,20.94,1,-6.3895091359559
eeg_fnirs_single_trial,subject_06,eeg_fnirs_single_trial__subject_06__session_00__prefrontal__w14,evaluate,LMI,22.78,1,5.292983669785872
eeg_fnirs_single_trial,subject_06,eeg_fnirs_single_trial__subject_06__session_00__prefrontal__w14,evaluate,LMI,25.96,1,-12.005430466256552
eeg_fnirs_single_trial,subject_06,eeg_fnirs_single_trial__subject_06__session_00__prefrontal__w14,evaluate,LMI,27.1,1,10.096228571875642
eeg_fnirs_single_trial,subject_07,eeg_fnirs_single_trial__subject_07__session_00__prefrontal__w0,train,RMI,0.62,0,4.881639104898467
eeg_fnirs_single_trial,subject_07,eeg_fnirs_single_trial__subject_07__session_00__prefrontal__w0,train,RMI,2.42,0,4.9102902300948
eeg_fnirs_single_trial,subject_07,eeg_fnirs_single_trial__subject_07__session_00__prefrontal__w0,train,RMI,5.24,0,4.096957863153225
eeg_fnirs_single_trial,subject_07,eeg_fnirs_single_trial__subject_07__session_00__prefrontal__w0,train,RMI,7.08,0,4.986585780582284
eeg_fnirs_single_trial,subject_07,eeg_fnirs_single_trial__subject_07__session_00__prefrontal__w0,train,RMI,8.76,0,4.73206407768667
eeg_fnirs_single_trial,subject_07,eeg_fnirs_single_trial__subject_07__session_00__prefrontal__w0,train,RMI,10.78,0,4.110203295144572
eeg_fnirs_single_trial,subject_07,eeg_fnirs_single_trial__subject_07__session_00__prefrontal__w0,train,RMI,14.22,0,4.460946889404345
eeg_fnirs_single_trial,subject_07,eeg_fnirs_single_trial__subject_07__session_00__prefrontal__w0,train,RMI,16.32,0,4.791032793553896
eeg_fnirs_single_trial,subject_07,eeg_fnirs_single_trial__subject_07__session_00__prefrontal__w0,train,RMI,17.62,0,5.258703380355193
eeg_fnirs_single_trial,subject_07,eeg_fnirs_single_trial__subject_07__session_00__prefrontal__w0,train,RMI,19.36,0,4.852644674537426
eeg_fnirs_single_trial,subject_07,eeg_fnirs_single_trial__subject_07__session_00__prefrontal__w0,train,RMI,21.06,0,4.448997317725711
eeg_fnirs_single_trial,subject_07,eeg_fnirs_single_trial__subject_07__session_00__prefrontal__w0,train,RMI,23.56,0,4.4591456040140764
eeg_fnirs_single_trial,subject_07,eeg_fnirs_single_trial__subject_07__session_00__prefrontal__w0,train,RMI,25.78,0,3.9253685824920725
eeg_fnirs_single_trial,subject_07,eeg_fnirs_single_trial__subject_07__session_00__prefrontal__w0,train,RMI,27.88,0,4.379682453130647
eeg_fnirs_single_trial,subject_07,eeg_fnirs_single_trial__subject_07__session_00__prefrontal__w0,train,RMI,29.42,0,4.3315131724794
eeg_fnirs_single_trial,subject_07,eeg_fnirs_single_trial__subject_07__session_00__prefrontal__w0,train,RMI,0.12,1,3.24686914458947
eeg_fnirs_single_trial,subject_07,eeg_fnirs_single_trial__subject_07__session_00__prefrontal__w0,train,RMI,0.96,1,-3.963507332535353
eeg_fnirs_single_trial,subject_07,eeg_fnirs_single_trial__subject_07__session_00__prefrontal__w0,train,RMI,2.08,1,-3.6975049523976096
eeg_fnirs_single_trial,subject_07,eeg_fnirs_single_trial__subject_07__session_00__prefrontal__w0,train,RMI,3.04,1,3.2260269039392995
eeg_fnirs_single_trial,subject_07,eeg_fnirs_single_trial__subject_07__session_00__prefrontal__w0,train,RMI,3.54,1,-4.4282135189481915
eeg_fnirs_single_trial,subject_07,eeg_fnirs_single_trial__subject_07__session_00__prefrontal__w0,train,RMI,17.1,1,-7.86301490198517
eeg_fnirs_single_trial,subject_07,eeg_fnirs_single_trial__subject_07__session_00__prefrontal__w0,train,RMI,27.48,1,3.75903464817221
eeg_fnirs_single_trial,subject_07,eeg_fnirs_single_trial__subject_07__session_00__prefrontal__w2,train,RMI,1.0,0,4.844444113974676
eeg_fnirs_single_trial,subject_07,eeg_fnirs_single_trial__subject_07__session_00__prefrontal__w2,train,RMI,2.16,0,5.721386397366841
eeg_fnirs_single_trial,subject_07,eeg_fnirs_single_trial__subject_07__session_00__prefrontal__w2,train,RMI,4.26,0,4.8422716865130235
eeg_fnirs_single_trial,subject_07,eeg_fnirs_single_trial__subject_07__session_00__prefrontal__w2,train,RMI,5.7,0,4.483615551232397
eeg_fnirs_single_trial,subject_07,eeg_fnirs_single_trial__subject_07__session_00__prefrontal__w2,train,RMI,6.34,0,4.437625411683995
eeg_fnirs_single_trial,subject_07,eeg_fnirs_single_trial__subject_07__session_00__prefrontal__w2,train,RMI,7.0,0,4.519617217825102
eeg_fnirs_single_trial,subject_07,eeg_fnirs_single_trial__subject_07__session_00__prefrontal__w2,train,RMI,8.64,0,4.254042093241241
eeg_fnirs_single_trial,subject_07,eeg_fnirs_single_trial__subject_07__session_00__prefrontal__w2,train,RMI,10.72,0,4.434968050684012
eeg_fnirs_single_trial,subject_07,eeg_fnirs_single_trial__subject_07__session_00__prefrontal__w2,train,RMI,12.86,0,4.4783504528531
eeg_fnirs_single_trial,subject_07,eeg_fnirs_single_trial__subject_07__session_00__prefrontal__w2,train,RMI,13.58,0,4.120966814718013
eeg_fnirs_single_trial,subject_07,eeg_fnirs_single_trial__subject_07__session_00__prefrontal__w2,train,RMI,16.88,0,4.3028108251547135
eeg_fnirs_single_trial,subject_07,eeg_fnirs_single_trial__subject_07__session_00__prefrontal__w2,train,RMI,17.94,0,4.511197200065436
eeg_fnirs_single_trial,subject_07,eeg_fnirs_single_trial__subject_07__session_00__prefrontal__w2,train,RMI,21.2,0,3.9597916505170967
eeg_fnirs_single_trial,subject_07,eeg_fnirs_single_trial__subject_07__session_00__prefrontal__w2,train,RMI,21.78,0,4.441065065502487
eeg_fnirs_single_trial,subject_07,eeg_fnirs_single_trial__subject_07__session_00__prefrontal__w2,train,RMI,23.4,0,5.3687364156347925
eeg_fnirs_single_trial,subject_07,eeg_fnirs_single_trial__subject_07__session_00__prefrontal__w2,train,RMI,24.16,0,-3.100868745536658
eeg_fnirs_single_trial,subject_07,eeg_fnirs_single_trial__subject_07__session_00__prefrontal__w2,train,RMI,26.16,0,5.178634093109866
eeg_fnirs_single_trial,subject_07,eeg_fnirs_single_trial__subject_07__session_00__prefrontal__w2,train,RMI,28.7,0,4.2508152077853225
eeg_fnirs_single_trial,subject_07,eeg_fnirs_single_trial__subject_07__session_00__prefrontal__w2,train,RMI,0.96,1,3.4176831041770916
eeg_fnirs_single_trial,subject_07,eeg_fnirs_single_trial__subject_07__session_00__prefrontal__w2,train,RMI,2.1,1,-6.890589793914211
eeg_fnirs_single_trial,subject_07,eeg_fnirs_single_trial__subject_07__session_00__prefrontal__w2,train,RMI,5.68,1,4.770034508491076
eeg_fnirs_single_trial,subject_07,eeg_fnirs_single_trial__subject_07__session_00__prefrontal__w2,train,RMI,6.24,1,-6.815612491001403
eeg_fnirs_single_trial,subject_07,eeg_fnirs_single_trial__subject_07__session_00__prefrontal__w2,train,RMI,6.96,1,4.374385070482991
eeg_fnirs_single_trial,subject_07,eeg_fnirs_single_trial__subject_07__session_00__prefrontal__w2,train,RMI,8.98,1,-4.389041597816373
eeg_fnirs_single_trial,subject_07,eeg_fnirs_single_trial__subject_07__session_00__prefrontal__w2,train,RMI,9.84,1,-3.6847192364633363
eeg_fnirs_single_trial,subject_07,eeg_fnirs_single_trial__subject_07__session_00__prefrontal__w2,train,RMI,11.06,1,-3.3851829691185698
eeg_fnirs_single_trial,subject_07,eeg_fnirs_single_trial__subject_07__session_00__prefrontal__w2,train,RMI,12.84,1,3.204359295219595
eeg_fnirs_single_trial,subject_07,eeg_fnirs_single_trial__subject_07__session_00__prefrontal__w2,train,RMI,13.5,1,4.618716870214359
eeg_fnirs_single_trial,subject_07,eeg_fnirs_single_trial__subject_07__session_00__prefrontal__w2,train,RMI,15.96,1,6.85949195598385
eeg_fnirs_single_trial,subject_07,eeg_fnirs_single_trial__subject_07__session_00__prefrontal__w2,train,RMI,17.18,1,-5.156132157520752
eeg_fnirs_single_trial,subject_07,eeg_fnirs_single_trial__subject_07__session_00__prefrontal__w2,train,RMI,17.9,1,3.4409598617428507
eeg_fnirs_single_trial,subject_07,eeg_fnirs_single_trial__subject_07__session_00__prefrontal__w2,train,RMI,24.32,1,3.1132351290756697
eeg_fnirs_single_trial,subject_07,eeg_fnirs_single_trial__subject_07__session_00__prefrontal__w2,train,RMI,25.08,1,6.169119830817556
eeg_fnirs_single_trial,subject_07,eeg_fnirs_single_trial__subject_07__session_00__prefrontal__w4,train,RMI,3.86,0,4.5783309889606985
eeg_fnirs_single_trial,subject_07,eeg_fnirs_single_trial__subject_07__session_00__prefrontal__w4,train,RMI,5.62,0,4.972342422516357
eeg_fnirs_single_trial,subject_07,eeg_fnirs_single_trial__subject_07__session_00__prefrontal__w4,train,RMI,6.16,0,4.497837034756011
eeg_fnirs_single_trial,subject_07,eeg_fnirs_single_trial__subject_07__session_00__prefrontal__w4,train,RMI,7.08,0,4.934564790001446
eeg_fnirs_single_trial,subject_07,eeg_fnirs_single_trial__subject_07__session_00__prefrontal__w4,train,RMI,9.14,0,4.401810770624776
eeg_fnirs_single_trial,subject_07,eeg_fnirs_single_trial__subject_07__session_00__prefrontal__w4,train,RMI,11.32,0,4.055091915383275
eeg_fnirs_single_trial,subject_07,eeg_fnirs_single_trial__subject_07__session_00__prefrontal__w4,train,RMI,11.94,0,3.675587605258935
eeg_fnirs_single_trial,subject_07,eeg_fnirs_single_trial__subject_07__session_00__prefrontal__w4,train,RMI,12.74,0,3.858908499417502
eeg_fnirs_single_trial,subject_07,eeg_fnirs_single_trial__subject_07__session_00__prefrontal__w4,train,RMI,14.68,0,4.631815574881488
eeg_fnirs_single_trial,subject_07,eeg_fnirs_single_trial__subject_07__session_00__prefrontal__w4,train,RMI,16.4,0,4.085428079642959
eeg_fnirs_single_trial,subject_07,eeg_fnirs_single_trial__subject_07__session_00__prefrontal__w4,train,RMI,17.2,0,5.201961892752003
eeg_fnirs_single_trial,subject_07,eeg_fnirs_single_trial__subject_07__session_00__prefrontal__w4,train,RMI,20.42,0,4.25542663447517
eeg_fnirs_single_trial,subject_07,eeg_fnirs_single_trial__subject_07__session_00__prefrontal__w4,train,RMI,22.12,0,4.549363739970372
eeg_fnirs_single_trial,subject_07,eeg_fnirs_single_trial__subject_07__session_00__prefrontal__w4,train,RMI,22.82,0,-3.201119107086208
eeg_fnirs_single_trial,subject_07,eeg_fnirs_single_trial__subject_07__session_00__prefrontal__w4,train,RMI,23.34,0,-4.948094548606326
eeg_fnirs_single_trial,subject_07,eeg_fnirs_single_trial__subject_07__session_00__prefrontal__w4,train,RMI,25.56,0,5.83144231137728
eeg_fnirs_single_trial,subject_07,eeg_fnirs_single_trial__subject_07__session_00__prefrontal__w4,train,RMI,27.86,0,3.886430085313161
eeg_fnirs_single_trial,subject_07,eeg_fnirs_single_trial__subject_07__session_00__prefrontal__w4,train,RMI,3.82,1,4.524587136193206
eeg_fnirs_single_trial,subject_07,eeg_fnirs_single_trial__subject_07__session_00__prefrontal__w4,train,RMI,5.58,1,3.7468136403814905
eeg_fnirs_single_trial,subject_07,eeg_fnirs_single_trial__subject_07__session_00__prefrontal__w4,train,RMI,6.14,1,-4.289483305025628
eeg_fnirs_single_trial,subject_07,eeg_fnirs_single_trial__subject_07__session_00__prefrontal__w4,train,RMI,7.02,1,4.192115875306349
eeg_fnirs_single_trial,subject_07,eeg_fnirs_single_trial__subject_07__session_00__prefrontal__w4,train,RMI,9.58,1,-4.445166381553296
eeg_fnirs_single_trial,subject_07,eeg_fnirs_single_trial__subject_07__session_00__prefrontal__w4,train,RMI,11.5,1,-3.6120003884171497
eeg_fnirs_single_trial,subject_07,eeg_fnirs_single_trial__subject_07__session_00__prefrontal__w4,train,RMI,12.68,1,3.9305424583407658
eeg_fnirs_single_trial,subject_07,eeg_fnirs_single_trial__subject_07__session_00__prefrontal__w4,train,RMI,14.28,1,-4.15979663525085
eeg_fnirs_single_trial,subject_07,eeg_fnirs_single_trial__subject_07__session_00__prefrontal__w4,train,RMI,15.0,1,-3.212033316977871
eeg_fnirs_single_trial,subject_07,eeg_fnirs_single_trial__subject_07__session_00__prefrontal__w4,train,RMI,16.22,1,-3.40723531288289
eeg_fnirs_single_trial,subject_07,eeg_fnirs_single_trial__subject_07__session_00__prefrontal__w4,train,RMI,17.16,1,5.02356250093824
eeg_fnirs_single_trial,subject_07,eeg_fnirs_single_trial__subject_07__session_00__prefrontal__w4,train,RMI,17.78,1,-4.636612952608523
eeg_fnirs_single_trial,subject_07,eeg_fnirs_single_trial__subject_07__session_00__prefrontal__w4,train,RMI,20.38,1,4.878016092775748
eeg_fnirs_single_trial,subject_07,eeg_fnirs_single_trial__subject_07__session_00__prefrontal__w4,train,RMI,22.54,1,-8.325808703167212
eeg_fnirs_single_trial,subject_07,eeg_fnirs_single_trial__subject_07__session_00__prefrontal__w4,train,RMI,23.32,1,-4.648407799289964
eeg_fnirs_single_trial,subject_07,eeg_fnirs_single_trial__subject_07__session_00__prefrontal__w4,train,RMI,24.16,1,6.600470988758124
eeg_fnirs_single_trial,subject_07,eeg_fnirs_single_trial__subject_07__session_00__prefrontal__w4,train,RMI,24.84,1,-5.480100997193413
eeg_fnirs_single_trial,subject_07,eeg_fnirs_single_trial__subject_07__session_00__prefrontal__w4,train,RMI,25.54,1,6.488921744779508
eeg_fnirs_single_trial,subject_07,eeg_fnirs_single_trial__subject_07__session_00__prefrontal__w4,train,RMI,29.24,1,6.073540557913638
eeg_fnirs_single_trial,subject_07,eeg_fnirs_single_trial__subject_07__session_00__prefrontal__w4,train,RMI,29.88,1,4.327716452544232
eeg_fnirs_single_trial,subject_07,eeg_fnirs_single_trial__subject_07__session_00__prefrontal__w6,train,RMI,0.1,0,5.808332909992555
eeg_fnirs_single_trial,subject_07,eeg_fnirs_single_trial__subject_07__session_00__prefrontal__w6,train,RMI,0.9,0,3.884856557140309
eeg_fnirs_single_trial,subject_07,eeg_fnirs_single_trial__subject_07__session_00__prefrontal__w6,train,RMI,3.3,0,3.7974757660004728
eeg_fnirs_single_trial,subject_07,eeg_fnirs_single_trial__subject_07__session_00__prefrontal__w6,train,RMI,5.1,0,4.4653859954790756
eeg_fnirs_single_trial,subject_07,eeg_fnirs_single_trial__subject_07__session_00__prefrontal__w6,train,RMI,6.26,0,3.515726308171349
eeg_fnirs_single_trial,subject_07,eeg_fnirs_single_trial__subject_07__session_00__prefrontal__w6,train,RMI,6.8,0,3.212664225591129
eeg_fnirs_single_trial,subject_07,eeg_fnirs_single_trial__subject_07__session_00__prefrontal__w6,train,RMI,9.04,0,3.563408546752442
eeg_fnirs_single_trial,subject_07,eeg_fnirs_single_trial__subject_07__session_00__prefrontal__w6,train,RMI,10.78,0,3.1611516691425052
eeg_fnirs_single_trial,subject_07,eeg_fnirs_single_trial__subject_07__session_00__prefrontal__w6,train,RMI,12.38,0,4.188242080692066
eeg_fnirs_single_trial,subject_07,eeg_fnirs_single_trial__subject_07__session_00__prefrontal__w6,train,RMI,14.68,0,3.0698483216639847
eeg_fnirs_single_trial,subject_07,eeg_fnirs_single_trial__subject_07__session_00__prefrontal__w6,train,RMI,16.12,0,3.8399772723530683
eeg_fnirs_single_trial,subject_07,eeg_fnirs_single_trial__subject_07__session_00__prefrontal__w6,train,RMI,17.18,0,3.5383762344104523
eeg_fnirs_single_trial,subject_07,eeg_fnirs_single_trial__subject_07__session_00__prefrontal__w6,train,RMI,18.12,0,4.377737342999231
eeg_fnirs_single_trial,subject_07,eeg_fnirs_single_trial__subject_07__session_00__prefrontal__w6,train,RMI,20.14,0,4.410712783737406
eeg_fnirs_single_trial,subject_07,eeg_fnirs_single_trial__subject_07__session_00__prefrontal__w6,train,RMI,21.8,0,3.362309903732214
eeg_fnirs_single_trial,subject_07,eeg_fnirs_single_trial__subject_07__session_00__prefrontal__w6,train,RMI,22.46,0,3.9273262207159947
eeg_fnirs_single_trial,subject_07,eeg_fnirs_single_trial__subject_07__session_00__prefrontal__w6,train,RMI,26.7,0,3.660168268455082
eeg_fnirs_single_trial,subject_07,eeg_fnirs_single_trial__subject_07__session_00__prefrontal__w6,train,RMI,28.18,0,3.693021491913164
eeg_fnirs_single_trial,subject_07,eeg_fnirs_single_trial__subject_07__session_00__prefrontal__w6,train,RMI,9.0,1,3.037324916836227
eeg_fnirs_single_trial,subject_07,eeg_fnirs_single_trial__subject_07__session_00__prefrontal__w6,train,RMI,11.78,1,-3.303280700867928
eeg_fnirs_single_trial,subject_07,eeg_fnirs_single_trial__subject_07__session_00__prefrontal__w6,train,RMI,12.34,1,3.29711803984224
eeg_fnirs_single_trial,subject_07,eeg_fnirs_single_trial__subject_07__session_00__prefrontal__w6,train,RMI,18.72,1,-3.611779216623319
eeg_fnirs_single_trial,subject_07,eeg_fnirs_single_trial__subject_07__session_00__prefrontal__w6,train,RMI,24.52,1,4.28045627685027
eeg_fnirs_single_trial,subject_07,eeg_fnirs_single_trial__subject_07__session_00__prefrontal__w8,train,RMI,1.1,0,4.358525581988994
eeg_fnirs_single_trial,subject_07,eeg_fnirs_single_trial__subject_07__session_00__prefrontal__w8,train,RMI,1.72,0,4.199641164685119
eeg_fnirs_single_trial,subject_07,eeg_fnirs_single_trial__subject_07__session_00__prefrontal__w8,train,RMI,4.22,0,-3.3303225823858846
eeg_fnirs_single_trial,subject_07,eeg_fnirs_single_trial__subject_07__session_00__prefrontal__w8,train,RMI,7.62,0,3.8890528128732793
eeg_fnirs_single_trial,subject_07,eeg_fnirs_single_trial__subject_07__session_00__prefrontal__w8,train,RMI,8.3,0,3.883987267736937
eeg_fnirs_single_trial,subject_07,eeg_fnirs_single_trial__subject_07__session_00__prefrontal__w8,train,RMI,10.2,0,3.3770149123502406
eeg_fnirs_single_trial,subject_07,eeg_fnirs_single_trial__subject_07__session_00__prefrontal__w8,train,RMI,12.94,0,3.893522086521178
eeg_fnirs_single_trial,subject_07,eeg_fnirs_single_trial__subject_07__session_00__prefrontal__w8,train,RMI,16.48,0,3.4483856851525547
eeg_fnirs_single_trial,subject_07,eeg_fnirs_single_trial__subject_07__session_00__prefrontal__w8,train,RMI,21.06,0,-3.117321934347685
eeg_fnirs_single_trial,subject_07,eeg_fnirs_single_trial__subject_07__session_00__prefrontal__w8,train,RMI,21.78,0,3.388501417788916
eeg_fnirs_single_trial,subject_07,eeg_fnirs_single_trial__subject_07__session_00__prefrontal__w8,train,RMI,23.5,0,4.244069795259659
eeg_fnirs_single_trial,subject_07,eeg_fnirs_single_trial__subject_07__session_00__prefrontal__w8,train,RMI,25.38,0,3.7482786294315784
eeg_fnirs_single_trial,subject_07,eeg_fnirs_single_trial__subject_07__session_00__prefrontal__w8,train,RMI,27.18,0,4.619021716475348
eeg_fnirs_single_trial,subject_07,eeg_fnirs_single_trial__subject_07__session_00__prefrontal__w8,train,RMI,28.62,0,4.482302221654147
eeg_fnirs_single_trial,subject_07,eeg_fnirs_single_trial__subject_07__session_00__prefrontal__w8,train,RMI,0.5,1,-9.667986093877332
eeg_fnirs_single_trial,subject_07,eeg_fnirs_single_trial__subject_07__session_00__prefrontal__w8,train,RMI,1.06,1,3.0539302774469075
eeg_fnirs_single_trial,subject_07,eeg_fnirs_single_trial__subject_07__session_00__prefrontal__w8,train,RMI,1.7,1,3.958361580646664
eeg_fnirs_single_trial,subject_07,eeg_fnirs_single_trial__subject_07__session_00__prefrontal__w8,train,RMI,3.84,1,3.675858688916446
eeg_fnirs_single_trial,subject_07,eeg_fnirs_single_trial__subject_07__session_00__prefrontal__w8,train,RMI,4.5,1,-4.261527476437933
eeg_fnirs_single_trial,subject_07,eeg_fnirs_single_trial__subject_07__session_00__prefrontal__w8,train,RMI,5.1,1,4.856077806688573
eeg_fnirs_single_trial,subject_07,eeg_fnirs_single_trial__subject_07__session_00__prefrontal__w8,train,RMI,5.76,1,-7.123916264514027
eeg_fnirs_single_trial,subject_07,eeg_fnirs_single_trial__subject_07__session_00__prefrontal__w8,train,RMI,8.82,1,-5.2282464407549645
eeg_fnirs_single_trial,subject_07,eeg_fnirs_single_trial__subject_07__session_00__prefrontal__w8,train,RMI,11.48,1,3.1307543944070337
eeg_fnirs_single_trial,subject_07,eeg_fnirs_single_trial__subject_07__session_00__prefrontal__w8,train,RMI,16.9,1,-6.792990906038209
eeg_fnirs_single_trial,subject_07,eeg_fnirs_single_trial__subject_07__session_00__prefrontal__w8,train,RMI,18.84,1,-3.4288492689489902
eeg_fnirs_single_trial,subject_07,eeg_fnirs_single_trial__subject_07__session_00__prefrontal__w8,train,RMI,21.26,1,-10.56149813550376
eeg_fnirs_single_trial,subject_07,eeg_fnirs_single_trial__subject_07__session_00__prefrontal__w8,train,RMI,21.76,1,9.614859436142872
eeg_fnirs_single_trial,subject_07,eeg_fnirs_single_trial__subject_07__session_00__prefrontal__w8,train,RMI,22.7,1,-9.435188208825924
eeg_fnirs_single_trial,subject_07,eeg_fnirs_single_trial__subject_07__session_00__prefrontal__w8,train,RMI,23.44,1,3.8427925727719656
eeg_fnirs_single_trial,subject_07,eeg_fnirs_single_trial__subject_07__session_00__prefrontal__w8,train,RMI,24.02,1,-3.5521935706736802
eeg_fnirs_single_trial,subject_07,eeg_fnirs_single_trial__subject_07__session_00__prefrontal__w8,train,RMI,24.72,1,5.140825078155824
eeg_fnirs_single_trial,subject_07,eeg_fnirs_single_trial__subject_07__session_00__prefrontal__w8,train,RMI,29.24,1,3.8785975097932215
eeg_fnirs_single_trial,subject_07,eeg_fnirs_single_trial__subject_07__session_00__prefrontal__w10,train,LMI,1.06,0,4.1301923290468565
eeg_fnirs_single_trial,subject_07,eeg_fnirs_single_trial__subject_07__session_00__prefrontal__w10,train,LMI,4.38,0,3.4491177957875276
eeg_fnirs_single_trial,subject_07,eeg_fnirs_single_trial__subject_07__session_00__prefrontal__w10,train,LMI,6.16,0,3.165519561642309
eeg_fnirs_single_trial,subject_07,eeg_fnirs_single_trial__subject_07__session_00__prefrontal__w10,train,LMI,15.24,0,3.84193194540882
eeg_fnirs_single_trial,subject_07,eeg_fnirs_single_trial__subject_07__session_00__prefrontal__w10,train,LMI,16.84,0,4.538236135976793
eeg_fnirs_single_trial,subject_07,eeg_fnirs_single_trial__subject_07__session_00__prefrontal__w10,train,LMI,18.34,0,3.4392506679372747
eeg_fnirs_single_trial,subject_07,eeg_fnirs_single_trial__subject_07__session_00__prefrontal__w10,train,LMI,19.02,0,3.4158503654419925
eeg_fnirs_single_trial,subject_07,eeg_fnirs_single_trial__subject_07__session_00__prefrontal__w10,train,LMI,26.8,0,3.866530006308718
eeg_fnirs_single_trial,subject_07,eeg_fnirs_single_trial__subject_07__session_00__prefrontal__w10,train,LMI,28.88,0,3.3137485808327076
eeg_fnirs_single_trial,subject_07,eeg_fnirs_single_trial__subject_07__session_00__prefrontal__w10,train,LMI,1.04,1,4.191953228905795
eeg_fnirs_single_trial,subject_07,eeg_fnirs_single_trial__subject_07__session_00__prefrontal__w10,train,LMI,4.36,1,3.029519591798071
eeg_fnirs_single_trial,subject_07,eeg_fnirs_single_trial__subject_07__session_00__prefrontal__w10,train,LMI,13.18,1,-6.610535319633037
eeg_fnirs_single_trial,subject_07,eeg_fnirs_single_trial__subject_07__session_00__prefrontal__w10,train,LMI,13.94,1,-3.0424443668735828
eeg_fnirs_single_trial,subject_07,eeg_fnirs_single_trial__subject_07__session_00__prefrontal__w10,train,LMI,15.2,1,3.687171872761469
eeg_fnirs_single_trial,subject_07,eeg_fnirs_single_trial__subject_07__session_00__prefrontal__w10,train,LMI,16.18,1,5.411293237885845
eeg_fnirs_single_trial,subject_07,eeg_fnirs_single_trial__subject_07__session_00__prefrontal__w10,train,LMI,16.84,1,-5.332454684492264
eeg_fnirs_single_trial,subject_07,eeg_fnirs_single_trial__subject_07__session_00__prefrontal__w10,train,LMI,17.6,1,4.907392148683027
eeg_fnirs_single_trial,subject_07,eeg_fnirs_single_trial__subject_07__session_00__prefrontal__w10,train,LMI,18.38,1,-4.111649737100497
eeg_fnirs_single_trial,subject_07,eeg_fnirs_single_trial__subject_07__session_00__prefrontal__w10,train,LMI,19.0,1,3.9154329384091584
eeg_fnirs_single_trial,subject_07,eeg_fnirs_single_trial__subject_07__session_00__prefrontal__w10,train,LMI,20.02,1,-3.9693563424992178
eeg_fnirs_single_trial,subject_07,eeg_fnirs_single_trial__subject_07__session_00__prefrontal__w10,train,LMI,20.56,1,6.632860194455035
eeg_fnirs_single_trial,subject_07,eeg_fnirs_single_trial__subject_07__session_00__prefrontal__w10,train,LMI,24.98,1,3.7014755865327746
eeg_fnirs_single_trial,subject_07,eeg_fnirs_single_trial__subject_07__session_00__prefrontal__w10,train,LMI,26.1,1,-4.076242477348195
eeg_fnirs_single_trial,subject_07,eeg_fnirs_single_trial__subject_07__session_00__prefrontal__w10,train,LMI,27.24,1,-8.660837085879647
eeg_fnirs_single_trial,subject_07,eeg_fnirs_single_trial__subject_07__session_00__prefrontal__w10,train,LMI,28.1,1,3.212780099201236
eeg_fnirs_single_trial,subject_07,eeg_fnirs_single_trial__subject_07__session_00__prefrontal__w10,train,LMI,29.22,1,-4.053802928365618
eeg_fnirs_single_trial,subject_07,eeg_fnirs_single_trial__subject_07__session_00__prefrontal__w12,train,LMI,2.96,0,3.860371775581895
eeg_fnirs_single_trial,subject_07,eeg_fnirs_single_trial__subject_07__session_00__prefrontal__w12,train,LMI,4.26,0,3.3599407562412074
eeg_fnirs_single_trial,subject_07,eeg_fnirs_single_trial__subject_07__session_00__prefrontal__w12,train,LMI,7.76,0,3.4229289213659326
eeg_fnirs_single_trial,subject_07,eeg_fnirs_single_trial__subject_07__session_00__prefrontal__w12,train,LMI,8.46,0,3.3295675135249096
eeg_fnirs_single_trial,subject_07,eeg_fnirs_single_trial__subject_07__session_00__prefrontal__w12,train,LMI,17.44,0,3.032021211956056
eeg_fnirs_single_trial,subject_07,eeg_fnirs_single_trial__subject_07__session_00__prefrontal__w12,train,LMI,22.26,0,3.637891484324609
eeg_fnirs_single_trial,subject_07,eeg_fnirs_single_trial__subject_07__session_00__prefrontal__w12,train,LMI,25.62,0,3.438245754709052
eeg_fnirs_single_trial,subject_07,eeg_fnirs_single_trial__subject_07__session_00__prefrontal__w12,train,LMI,27.88,0,5.426282330397297
eeg_fnirs_single_trial,subject_07,eeg_fnirs_single_trial__subject_07__session_00__prefrontal__w12,train,LMI,0.24,1,-3.1550619495481156
eeg_fnirs_single_trial,subject_07,eeg_fnirs_single_trial__subject_07__session_00__prefrontal__w12,train,LMI,4.22,1,4.124112183386465
eeg_fnirs_single_trial,subject_07,eeg_fnirs_single_trial__subject_07__session_00__prefrontal__w12,train,LMI,5.16,1,-3.0364169399085874
eeg_fnirs_single_trial,subject_07,eeg_fnirs_single_trial__subject_07__session_00__prefrontal__w12,train,LMI,5.84,1,-4.327496377761957
eeg_fnirs_single_trial,subject_07,eeg_fnirs_single_trial__subject_07__session_00__prefrontal__w12,train,LMI,16.9,1,-5.901865506146748
eeg_fnirs_single_trial,subject_07,eeg_fnirs_single_trial__subject_07__session_00__prefrontal__w12,train,LMI,17.82,1,3.2948494708700067
eeg_fnirs_single_trial,subject_07,eeg_fnirs_single_trial__subject_07__session_00__prefrontal__w12,train,LMI,20.06,1,-7.560160520179893
eeg_fnirs_single_trial,subject_07,eeg_fnirs_single_trial__subject_07__session_00__prefrontal__w12,train,LMI,21.1,1,5.743893603200494
eeg_fnirs_single_trial,subject_07,eeg_fnirs_single_trial__subject_07__session_00__prefrontal__w12,train,LMI,22.22,1,3.1742729129162157
eeg_fnirs_single_trial,subject_07,eeg_fnirs_single_trial__subject_07__session_00__prefrontal__w12,train,LMI,24.22,1,6.6114279633127735
eeg_fnirs_single_trial,subject_07,eeg_fnirs_single_trial__subject_07__session_00__prefrontal__w12,train,LMI,25.9,1,-8.257012275144437
eeg_fnirs_single_trial,subject_07,eeg_fnirs_single_trial__subject_07__session_00__prefrontal__w12,train,LMI,27.86,1,3.031793755929828
eeg_fnirs_single_trial,subject_07,eeg_fnirs_single_trial__subject_07__session_00__prefrontal__w12,train,LMI,29.12,1,4.002098905370321
eeg_fnirs_single_trial,subject_07,eeg_fnirs_single_trial__subject_07__session_00__prefrontal__w14,train,LMI,4.72,0,3.890445843082721
eeg_fnirs_single_trial,subject_07,eeg_fnirs_single_trial__subject_07__session_00__prefrontal__w14,train,LMI,6.54,0,4.180849057050323
eeg_fnirs_single_trial,subject_07,eeg_fnirs_single_trial__subject_07__session_00__prefrontal__w14,train,LMI,8.22,0,3.50554714125925
eeg_fnirs_single_trial,subject_07,eeg_fnirs_single_trial__subject_07__session_00__prefrontal__w14,train,LMI,22.48,0,3.502224856500908
eeg_fnirs_single_trial,subject_07,eeg_fnirs_single_trial__subject_07__session_00__prefrontal__w14,train,LMI,23.28,0,3.21146097733248
eeg_fnirs_single_trial,subject_07,eeg_fnirs_single_trial__subject_07__session_00__prefrontal__w14,train,LMI,25.9,0,3.2097221126021553
eeg_fnirs_single_trial,subject_07,eeg_fnirs_single_trial__subject_07__session_00__prefrontal__w14,train,LMI,5.54,1,3.5466808192589654
eeg_fnirs_single_trial,subject_07,eeg_fnirs_single_trial__subject_07__session_00__prefrontal__w14,train,LMI,9.96,1,6.444152171353386
eeg_fnirs_single_trial,subject_07,eeg_fnirs_single_trial__subject_07__session_00__prefrontal__w14,train,LMI,12.24,1,4.263217326644417
eeg_fnirs_single_trial,subject_07,eeg_fnirs_single_trial__subject_07__session_00__prefrontal__w14,train,LMI,15.86,1,-3.976953744229104
eeg_fnirs_single_trial,subject_07,eeg_fnirs_single_trial__subject_07__session_00__prefrontal__w14,train,LMI,16.5,1,4.387387745992124
eeg_fnirs_single_trial,subject_07,eeg_fnirs_single_trial__subject_07__session_00__prefrontal__w14,train,LMI,19.7,1,-3.6562238476291613
eeg_fnirs_single_trial,subject_07,eeg_fnirs_single_trial__subject_07__session_00__prefrontal__w14,train,LMI,21.62,1,-3.8836792034760865
eeg_fnirs_single_trial,subject_07,eeg_fnirs_single_trial__subject_07__session_00__prefrontal__w14,train,LMI,27.46,1,3.093063764062701
eeg_fnirs_single_trial,subject_08,eeg_fnirs_single_trial__subject_08__session_00__prefrontal__w0,evaluate,LMI,0.16,0,5.998157531698747
eeg_fnirs_single_trial,subject_08,eeg_fnirs_single_trial__subject_08__session_00__prefrontal__w0,evaluate,LMI,2.58,0,4.856223538188619
eeg_fnirs_single_trial,subject_08,eeg_fnirs_single_trial__subject_08__session_00__prefrontal__w0,evaluate,LMI,8.34,0,4.830302030462807
eeg_fnirs_single_trial,subject_08,eeg_fnirs_single_trial__subject_08__session_00__prefrontal__w0,evaluate,LMI,13.0,0,3.4490368630276365
eeg_fnirs_single_trial,subject_08,eeg_fnirs_single_trial__subject_08__session_00__prefrontal__w0,evaluate,LMI,15.68,0,4.053605173643387
eeg_fnirs_single_trial,subject_08,eeg_fnirs_single_trial__subject_08__session_00__prefrontal__w0,evaluate,LMI,16.62,0,4.955880737633902
eeg_fnirs_single_trial,subject_08,eeg_fnirs_single_trial__subject_08__session_00__prefrontal__w0,evaluate,LMI,20.78,0,4.727293947322033
eeg_fnirs_single_trial,subject_08,eeg_fnirs_single_trial__subject_08__session_00__prefrontal__w0,evaluate,LMI,22.92,0,4.522509722149083
eeg_fnirs_single_trial,subject_08,eeg_fnirs_single_trial__subject_08__session_00__prefrontal__w0,evaluate,LMI,24.72,0,4.3596126574094605
eeg_fnirs_single_trial,subject_08,eeg_fnirs_single_trial__subject_08__session_00__prefrontal__w0,evaluate,LMI,25.66,0,4.478203517204822
eeg_fnirs_single_trial,subject_08,eeg_fnirs_single_trial__subject_08__session_00__prefrontal__w0,evaluate,LMI,28.26,0,4.259254944939085
eeg_fnirs_single_trial,subject_08,eeg_fnirs_single_trial__subject_08__session_00__prefrontal__w0,evaluate,LMI,29.68,0,4.422012118546377
eeg_fnirs_single_trial,subject_08,eeg_fnirs_single_trial__subject_08__session_00__prefrontal__w0,evaluate,LMI,0.2,1,-4.450210965017257
eeg_fnirs_single_trial,subject_08,eeg_fnirs_single_trial__subject_08__session_00__prefrontal__w0,evaluate,LMI,2.52,1,3.3878866219708277
eeg_fnirs_single_trial,subject_08,eeg_fnirs_single_trial__subject_08__session_00__prefrontal__w0,evaluate,LMI,4.34,1,3.336664981749758
eeg_fnirs_single_trial,subject_08,eeg_fnirs_single_trial__subject_08__session_00__prefrontal__w0,evaluate,LMI,5.44,1,-3.048772993114919
eeg_fnirs_single_trial,subject_08,eeg_fnirs_single_trial__subject_08__session_00__prefrontal__w0,evaluate,LMI,16.56,1,4.33281113846474
eeg_fnirs_single_trial,subject_08,eeg_fnirs_single_trial__subject_08__session_00__prefrontal__w0,evaluate,LMI,20.72,1,3.0296726849785176
eeg_fnirs_single_trial,subject_08,eeg_fnirs_single_trial__subject_08__session_00__prefrontal__w0,evaluate,LMI,24.66,1,3.1109217471318398
eeg_fnirs_single_trial,subject_08,eeg_fnirs_single_trial__subject_08__session_00__prefrontal__w0,evaluate,LMI,25.54,1,4.103404065985928
eeg_fnirs_single_trial,subject_08,eeg_fnirs_single_trial__subject_08__session_00__prefrontal__w0,evaluate,LMI,28.22,1,3.035627714539705
eeg_fnirs_single_trial,subject_08,eeg_fnirs_single_trial__subject_08__session_00__prefrontal__w0,evaluate,LMI,29.6,1,3.3591922773127507
eeg_fnirs_single_trial,subject_08,eeg_fnirs_single_trial__subject_08__session_00__prefrontal__w2,evaluate,LMI,0.24,0,3.7946196408132713
eeg_fnirs_single_trial,subject_08,eeg_fnirs_single_trial__subject_08__session_00__prefrontal__w2,evaluate,LMI,0.9,0,4.542482923616995
eeg_fnirs_single_trial,subject_08,eeg_fnirs_single_trial__subject_08__session_00__prefrontal__w2,evaluate,LMI,2.3,0,4.672554644534341
eeg_fnirs_single_trial,subject_08,eeg_fnirs_single_trial__subject_08__session_00__prefrontal__w2,evaluate,LMI,4.18,0,4.73482814523875
eeg_fnirs_single_trial,subject_08,eeg_fnirs_single_trial__subject_08__session_00__prefrontal__w2,evaluate,LMI,6.18,0,3.3745813465026626
eeg_fnirs_single_trial,subject_08,eeg_fnirs_single_trial__subject_08__session_00__prefrontal__w2,evaluate,LMI,10.4,0,3.3950168849812106
eeg_fnirs_single_trial,subject_08,eeg_fnirs_single_trial__subject_08__session_00__prefrontal__w2,evaluate,LMI,13.42,0,4.723821276614249
eeg_fnirs_single_trial,subject_08,eeg_fnirs_single_trial__subject_08__session_00__prefrontal__w2,evaluate,LMI,14.58,0,4.329919436125146
eeg_fnirs_single_trial,subject_08,eeg_fnirs_single_trial__subject_08__session_00__prefrontal__w2,evaluate,LMI,17.8,0,4.135447539593666
eeg_fnirs_single_trial,subject_08,eeg_fnirs_single_trial__subject_08__session_00__prefrontal__w2,evaluate,LMI,19.24,0,4.8181695731283645
eeg_fnirs_single_trial,subject_08,eeg_fnirs_single_trial__subject_08__session_00__prefrontal__w2,evaluate,LMI,20.32,0,4.820893625030543
eeg_fnirs_single_trial,subject_08,eeg_fnirs_single_trial__subject_08__session_00__prefrontal__w2,evaluate,LMI,23.48,0,4.097377190922939
eeg_fnirs_single_trial,subject_08,eeg_fnirs_single_trial__subject_08__session_00__prefrontal__w2,evaluate,LMI,26.04,0,3.8622375062492096
eeg_fnirs_single_trial,subject_08,eeg_fnirs_single_trial__subject_08__session_00__prefrontal__w2,evaluate,LMI,27.02,0,4.722213568063648
eeg_fnirs_single_trial,subject_08,eeg_fnirs_single_trial__subject_08__session_00__prefrontal__w2,evaluate,LMI,28.34,0,4.1239501673378625
eeg_fnirs_single_trial,subject_08,eeg_fnirs_single_trial__subject_08__session_00__prefrontal__w2,evaluate,LMI,29.92,0,3.201852673423946
eeg_fnirs_single_trial,subject_08,eeg_fnirs_single_trial__subject_08__session_00__prefrontal__w2,evaluate,LMI,0.18,1,3.5523606978522833
eeg_fnirs_single_trial,subject_08,eeg_fnirs_single_trial__subject_08__session_00__prefrontal__w2,evaluate,LMI,0.84,1,3.8719693677891143
eeg_fnirs_single_trial,subject_08,eeg_fnirs_single_trial__subject_08__session_00__prefrontal__w2,evaluate,LMI,5.38,1,-3.4324923389619304
eeg_fnirs_single_trial,subject_08,eeg_fnirs_single_trial__subject_08__session_00__prefrontal__w2,evaluate,LMI,6.2,1,-8.876091621116645
eeg_fnirs_single_trial,subject_08,eeg_fnirs_single_trial__subject_08__session_00__prefrontal__w2,evaluate,LMI,14.68,1,-4.354296236364433
eeg_fnirs_single_trial,subject_08,eeg_fnirs_single_trial__subject_08__session_00__prefrontal__w2,evaluate,LMI,19.18,1,3.921387841270544
eeg_fnirs_single_trial,subject_08,eeg_fnirs_single_trial__subject_08__session_00__prefrontal__w2,evaluate,LMI,23.56,1,-3.334330566757506
eeg_fnirs_single_trial,subject_08,eeg_fnirs_single_trial__subject_08__session_00__prefrontal__w2,evaluate,LMI,25.96,1,3.8372183097094186
eeg_fnirs_single_trial,subject_08,eeg_fnirs_single_trial__subject_08__session_00__prefrontal__w2,evaluate,LMI,27.1,1,-8.63302222812396
eeg_fnirs_single_trial,subject_08,eeg_fnirs_single_trial__subject_08__session_00__prefrontal__w4,evaluate,RMI,0.06,0,3.546342303075352
eeg_fnirs_single_trial,subject_08,eeg_fnirs_single_trial__subject_08__session_00__prefrontal__w4,evaluate,RMI,2.22,0,4.231432178746286
eeg_fnirs_single_trial,subject_08,eeg_fnirs_single_trial__subject_08__session_00__prefrontal__w4,evaluate,RMI,8.06,0,4.104484601504219
eeg_fnirs_single_trial,subject_08,eeg_fnirs_single_trial__subject_08__session_00__prefrontal__w4,evaluate,RMI,11.7,0,3.302735975629593
eeg_fnirs_single_trial,subject_08,eeg_fnirs_single_trial__subject_08__session_00__prefrontal__w4,evaluate,RMI,12.3,0,4.184686999636654
eeg_fnirs_single_trial,subject_08,eeg_fnirs_single_trial__subject_08__session_00__prefrontal__w4,evaluate,RMI,15.16,0,3.572238974189048
eeg_fnirs_single_trial,subject_08,eeg_fnirs_single_trial__subject_08__session_00__prefrontal__w4,evaluate,RMI,18.86,0,4.940264232144576
eeg_fnirs_single_trial,subject_08,eeg_fnirs_single_trial__subject_08__session_00__prefrontal__w4,evaluate,RMI,20.24,0,3.9094429015351086
eeg_fnirs_single_trial,subject_08,eeg_fnirs_single_trial__subject_08__session_00__prefrontal__w4,evaluate,RMI,21.6,0,4.8085345802654915
eeg_fnirs_single_trial,subject_08,eeg_fnirs_single_trial__subject_08__session_00__prefrontal__w4,evaluate,RMI,23.86,0,4.731250584288874
eeg_fnirs_single_trial,subject_08,eeg_fnirs_single_trial__subject_08__session_00__prefrontal__w4,evaluate,RMI,24.86,0,4.363525544219688
eeg_fnirs_single_trial,subject_08,eeg_fnirs_single_trial__subject_08__session_00__prefrontal__w4,evaluate,RMI,26.24,0,4.3573066492078
eeg_fnirs_single_trial,subject_08,eeg_fnirs_single_trial__subject_08__session_00__prefrontal__w4,evaluate,RMI,27.02,0,4.657528697026973
eeg_fnirs_single_trial,subject_08,eeg_fnirs_single_trial__subject_08__session_00__prefrontal__w4,evaluate,RMI,29.64,0,3.123663100777602
eeg_fnirs_single_trial,subject_08,eeg_fnirs_single_trial__subject_08__session_00__prefrontal__w4,evaluate,RMI,0.12,1,-4.73376732682789
eeg_fnirs_single_trial,subject_08,eeg_fnirs_single_trial__subject_08__session_00__prefrontal__w4,evaluate,RMI,0.68,1,7.7466156394158965
eeg_fnirs_single_trial,subject_08,eeg_fnirs_single_trial__subject_08__session_00__prefrontal__w4,evaluate,RMI,3.42,1,-3.1507458295387942
eeg_fnirs_single_trial,subject_08,eeg_fnirs_single_trial__subject_08__session_00__prefrontal__w4,evaluate,RMI,7.68,1,-4.5342235489147225
eeg_fnirs_single_trial,subject_08,eeg_fnirs_single_trial__subject_08__session_00__prefrontal__w4,evaluate,RMI,11.6,1,3.4409194921889217
eeg_fnirs_single_trial,subject_08,eeg_fnirs_single_trial__subject_08__session_00__prefrontal__w4,evaluate,RMI,12.38,1,-4.314491756653504
eeg_fnirs_single_trial,subject_08,eeg_fnirs_single_trial__subject_08__session_00__prefrontal__w4,evaluate,RMI,15.12,1,3.9412547123999513
eeg_fnirs_single_trial,subject_08,eeg_fnirs_single_trial__subject_08__session_00__prefrontal__w4,evaluate,RMI,20.48,1,-14.459255351576342
eeg_fnirs_single_trial,subject_08,eeg_fnirs_single_trial__subject_08__session_00__prefrontal__w4,evaluate,RMI,21.54,1,3.7590974200302534
eeg_fnirs_single_trial,subject_08,eeg_fnirs_single_trial__subject_08__session_00__prefrontal__w4,evaluate,RMI,22.22,1,-6.790687765635928
eeg_fnirs_single_trial,subject_08,eeg_fnirs_single_trial__subject_08__session_00__prefrontal__w4,evaluate,RMI,23.34,1,6.208004868205958
eeg_fnirs_single_trial,subject_08,eeg_fnirs_single_trial__subject_08__session_00__prefrontal__w4,evaluate,RMI,23.88,1,-5.328248037849862
eeg_fnirs_single_trial,subject_08,eeg_fnirs_single_trial__subject_08__session_00__prefrontal__w4,evaluate,RMI,24.8,1,3.627098284848987
eeg_fnirs_single_trial,subject_08,eeg_fnirs_single_trial__subject_08__session_00__prefrontal__w4,evaluate,RMI,26.16,1,3.2720012253445088
eeg_fnirs_single_trial,subject_08,eeg_fnirs_single_trial__subject_08__session_00__prefrontal__w4,evaluate,RMI,27.1,1,-11.235804354866941
eeg_fnirs_single_trial,subject_08,eeg_fnirs_single_trial__subject_08__session_00__prefrontal__w6,evaluate,LMI,0.14,0,6.5069460410679945
eeg_fnirs_single_trial,subject_08,eeg_fnirs_single_trial__subject_08__session_00__prefrontal__w6,evaluate,LMI,1.48,0,3.445379781075301
eeg_fnirs_single_trial,subject_08,eeg_fnirs_single_trial__subject_08__session_00__prefrontal__w6,evaluate,LMI,2.04,0,4.30257442322332
eeg_fnirs_single_trial,subject_08,eeg_fnirs_single_trial__subject_08__session_00__prefrontal__w6,evaluate,LMI,4.8,0,4.568622210426938
eeg_fnirs_single_trial,subject_08,eeg_fnirs_single_trial__subject_08__session_00__prefrontal__w6,evaluate,LMI,6.5,0,4.965208933297293
eeg_fnirs_single_trial,subject_08,eeg_fnirs_single_trial__subject_08__session_00__prefrontal__w6,evaluate,LMI,9.78,0,4.015325647441697
eeg_fnirs_single_trial,subject_08,eeg_fnirs_single_trial__subject_08__session_00__prefrontal__w6,evaluate,LMI,13.28,0,4.579913885515937
eeg_fnirs_single_trial,subject_08,eeg_fnirs_single_trial__subject_08__session_00__prefrontal__w6,evaluate,LMI,16.02,0,4.352636841965115
eeg_fnirs_single_trial,subject_08,eeg_fnirs_single_trial__subject_08__session_00__prefrontal__w6,evaluate,LMI,18.82,0,3.997558833898929
eeg_fnirs_single_trial,subject_08,eeg_fnirs_single_trial__subject_08__session_00__prefrontal__w6,evaluate,LMI,19.36,0,4.450227478335226
eeg_fnirs_single_trial,subject_08,eeg_fnirs_single_trial__subject_08__session_00__prefrontal__w6,evaluate,LMI,20.38,0,4.493749160426176
eeg_fnirs_single_trial,subject_08,eeg_fnirs_single_trial__subject_08__session_00__prefrontal__w6,evaluate,LMI,21.12,0,4.897996030078682
eeg_fnirs_single_trial,subject_08,eeg_fnirs_single_trial__subject_08__session_00__prefrontal__w6,evaluate,LMI,23.28,0,4.420520390172477
eeg_fnirs_single_trial,subject_08,eeg_fnirs_single_trial__subject_08__session_00__prefrontal__w6,evaluate,LMI,25.4,0,4.135253936149718
eeg_fnirs_single_trial,subject_08,eeg_fnirs_single_trial__subject_08__session_00__prefrontal__w6,evaluate,LMI,26.52,0,4.296234535578506
eeg_fnirs_single_trial,subject_08,eeg_fnirs_single_trial__subject_08__session_00__prefrontal__w6,evaluate,LMI,29.36,0,3.860232881936388
eeg_fnirs_single_trial,subject_08,eeg_fnirs_single_trial__subject_08__session_00__prefrontal__w6,evaluate,LMI,0.1,1,3.822709002730382
eeg_fnirs_single_trial,subject_08,eeg_fnirs_single_trial__subject_08__session_00__prefrontal__w6,evaluate,LMI,1.02,1,3.657940232374475
eeg_fnirs_single_trial,subject_08,eeg_fnirs_single_trial__subject_08__session_00__prefrontal__w6,evaluate,LMI,1.94,1,3.000080811420961
eeg_fnirs_single_trial,subject_08,eeg_fnirs_single_trial__subject_08__session_00__prefrontal__w6,evaluate,LMI,3.0,1,-7.780537538247499
eeg_fnirs_single_trial,subject_08,eeg_fnirs_single_trial__subject_08__session_00__prefrontal__w6,evaluate,LMI,4.22,1,-3.049942715294223
eeg_fnirs_single_trial,subject_08,eeg_fnirs_single_trial__subject_08__session_00__prefrontal__w6,evaluate,LMI,4.94,1,-13.993331555246625
eeg_fnirs_single_trial,subject_08,eeg_fnirs_single_trial__subject_08__session_00__prefrontal__w6,evaluate,LMI,6.54,1,-3.3904535694331033
eeg_fnirs_single_trial,subject_08,eeg_fnirs_single_trial__subject_08__session_00__prefrontal__w6,evaluate,LMI,13.22,1,3.871047604172104
eeg_fnirs_single_trial,subject_08,eeg_fnirs_single_trial__subject_08__session_00__prefrontal__w6,evaluate,LMI,18.76,1,3.2898935486641743
eeg_fnirs_single_trial,subject_08,eeg_fnirs_single_trial__subject_08__session_00__prefrontal__w6,evaluate,LMI,20.54,1,-3.9793524752251668
eeg_fnirs_single_trial,subject_08,eeg_fnirs_single_trial__subject_08__session_00__prefrontal__w6,evaluate,LMI,21.2,1,-6.279569206384168
eeg_fnirs_single_trial,subject_08,eeg_fnirs_single_trial__subject_08__session_00__prefrontal__w6,evaluate,LMI,23.22,1,3.4899670199297015
eeg_fnirs_single_trial,subject_08,eeg_fnirs_single_trial__subject_08__session_00__prefrontal__w6,evaluate,LMI,26.64,1,-3.4346231843708077
eeg_fnirs_single_trial,subject_08,eeg_fnirs_single_trial__subject_08__session_00__prefrontal__w8,evaluate,LMI,0.28,0,4.421894361354522
eeg_fnirs_single_trial,subject_08,eeg_fnirs_single_trial__subject_08__session_00__prefrontal__w8,evaluate,LMI,1.62,0,4.7169049822447455
eeg_fnirs_single_trial,subject_08,eeg_fnirs_single_trial__subject_08__session_00__prefrontal__w8,evaluate,LMI,3.94,0,4.642788359016379
eeg_fnirs_single_trial,subject_08,eeg_fnirs_single_trial__subject_08__session_00__prefrontal__w8,evaluate,LMI,5.78,0,4.2991850986663795
eeg_fnirs_single_trial,subject_08,eeg_fnirs_single_trial__subject_08__session_00__prefrontal__w8,evaluate,LMI,9.74,0,4.158477011886489
eeg_fnirs_single_trial,subject_08,eeg_fnirs_single_trial__subject_08__session_00__prefrontal__w8,evaluate,LMI,10.92,0,4.763700833759584
eeg_fnirs_single_trial,subject_08,eeg_fnirs_single_trial__subject_08__session_00__prefrontal__w8,evaluate,LMI,15.24,0,3.520766593557017
eeg_fnirs_single_trial,subject_08,eeg_fnirs_single_trial__subject_08__session_00__prefrontal__w8,evaluate,LMI,17.76,0,4.47934739493626
eeg_fnirs_single_trial,subject_08,eeg_fnirs_single_trial__subject_08__session_00__prefrontal__w8,evaluate,LMI,20.18,0,4.207038806749762
eeg_fnirs_single_trial,subject_08,eeg_fnirs_single_trial__subject_08__session_00__prefrontal__w8,evaluate,LMI,21.5,0,3.866063152546271
eeg_fnirs_single_trial,subject_08,eeg_fnirs_single_trial__subject_08__session_00__prefrontal__w8,evaluate,LMI,22.0,0,4.892748078416531
eeg_fnirs_single_trial,subject_08,eeg_fnirs_single_trial__subject_08__session_00__prefrontal__w8,evaluate,LMI,24.54,0,4.447965771646246
eeg_fnirs_single_trial,subject_08,eeg_fnirs_single_trial__subject_08__session_00__prefrontal__w8,evaluate,LMI,25.84,0,4.482767485014339
eeg_fnirs_single_trial,subject_08,eeg_fnirs_single_trial__subject_08__session_00__prefrontal__w8,evaluate,LMI,27.04,0,5.092785035548417
eeg_fnirs_single_trial,subject_08,eeg_fnirs_single_trial__subject_08__session_00__prefrontal__w8,evaluate,LMI,28.62,0,4.724408246760741
eeg_fnirs_single_trial,subject_08,eeg_fnirs_single_trial__subject_08__session_00__prefrontal__w8,evaluate,LMI,0.2,1,3.155877059678656
eeg_fnirs_single_trial,subject_08,eeg_fnirs_single_trial__subject_08__session_00__prefrontal__w8,evaluate,LMI,1.1,1,4.942708918105208
eeg_fnirs_single_trial,subject_08,eeg_fnirs_single_trial__subject_08__session_00__prefrontal__w8,evaluate,LMI,2.06,1,9.367368931701204
eeg_fnirs_single_trial,subject_08,eeg_fnirs_single_trial__subject_08__session_00__prefrontal__w8,evaluate,LMI,3.32,1,-7.179082911083948
eeg_fnirs_single_trial,subject_08,eeg_fnirs_single_trial__subject_08__session_00__prefrontal__w8,evaluate,LMI,3.86,1,5.308454436023344
eeg_fnirs_single_trial,subject_08,eeg_fnirs_single_trial__subject_08__session_00__prefrontal__w8,evaluate,LMI,10.86,1,3.5700322613769737
eeg_fnirs_single_trial,subject_08,eeg_fnirs_single_trial__subject_08__session_00__prefrontal__w8,evaluate,LMI,21.92,1,8.807908257918958
eeg_fnirs_single_trial,subject_08,eeg_fnirs_single_trial__subject_08__session_00__prefrontal__w8,evaluate,LMI,25.32,1,3.373355367837511
eeg_fnirs_single_trial,subject_08,eeg_fnirs_single_trial__subject_08__session_00__prefrontal__w8,evaluate,LMI,25.9,1,-4.576070013929991
eeg_fnirs_single_trial,subject_08,eeg_fnirs_single_trial__subject_08__session_00__prefrontal__w8,evaluate,LMI,27.12,1,-3.8231276904201867
eeg_fnirs_single_trial,subject_08,eeg_fnirs_single_trial__subject_08__session_00__prefrontal__w8,evaluate,LMI,27.76,1,-6.846068693622722
eeg_fnirs_single_trial,subject_08,eeg_fnirs_single_trial__subject_08__session_00__prefrontal__w8,evaluate,LMI,28.34,1,6.550067949437538
eeg_fnirs_single_trial,subject_08,eeg_fnirs_single_trial__subject_08__session_00__prefrontal__w8,evaluate,LMI,29.46,1,5.1733278964134755
eeg_fnirs_single_trial,subject_08,eeg_fnirs_single_trial__subject_08__session_00__prefrontal__w10,evaluate,RMI,1.94,0,4.490269605052322
eeg_fnirs_single_trial,subject_08,eeg_fnirs_single_trial__subject_08__session_00__prefrontal__w10,evaluate,RMI,3.34,0,3.6412365894039995
eeg_fnirs_single_trial,subject_08,eeg_fnirs_single_trial__subject_08__session_00__prefrontal__w10,evaluate,RMI,6.76,0,3.9045999966893614
eeg_fnirs_single_trial,subject_08,eeg_fnirs_single_trial__subject_08__session_00__prefrontal__w10,evaluate,RMI,9.68,0,3.2101075090587345
eeg_fnirs_single_trial,subject_08,eeg_fnirs_single_trial__subject_08__session_00__prefrontal__w10,evaluate,RMI,10.6,0,4.924872080135613
eeg_fnirs_single_trial,subject_08,eeg_fnirs_single_trial__subject_08__session_00__prefrontal__w10,evaluate,RMI,15.22,0,4.555257003952333
eeg_fnirs_single_trial,subject_08,eeg_fnirs_single_trial__subject_08__session_00__prefrontal__w10,evaluate,RMI,16.74,0,4.7409987513946446
eeg_fnirs_single_trial,subject_08,eeg_fnirs_single_trial__subject_08__session_00__prefrontal__w10,evaluate,RMI,17.92,0,4.260455199076902
eeg_fnirs_single_trial,subject_08,eeg_fnirs_single_trial__subject_08__session_00__prefrontal__w10,evaluate,RMI,19.56,0,4.638390982986866
eeg_fnirs_single_trial,subject_08,eeg_fnirs_single_trial__subject_08__session_00__prefrontal__w10,evaluate,RMI,20.32,0,4.017658268390748
eeg_fnirs_single_trial,subject_08,eeg_fnirs_single_trial__subject_08__session_00__prefrontal__w10,evaluate,RMI,20.96,0,4.757732077469201
eeg_fnirs_single_trial,subject_08,eeg_fnirs_single_trial__subject_08__session_00__prefrontal__w10,evaluate,RMI,22.86,0,4.640561108173152
eeg_fnirs_single_trial,subject_08,eeg_fnirs_single_trial__subject_08__session_00__prefrontal__w10,evaluate,RMI,24.56,0,5.154577804842336
eeg_fnirs_single_trial,subject_08,eeg_fnirs_single_trial__subject_08__session_00__prefrontal__w10,evaluate,RMI,26.1,0,4.364451196410079
eeg_fnirs_single_trial,subject_08,eeg_fnirs_single_trial__subject_08__session_00__prefrontal__w10,evaluate,RMI,28.14,0,4.5807857348390995
eeg_fnirs_single_trial,subject_08,eeg_fnirs_single_trial__subject_08__session_00__prefrontal__w10,evaluate,RMI,29.44,0,3.5848834295299996
eeg_fnirs_single_trial,subject_08,eeg_fnirs_single_trial__subject_08__session_00__prefrontal__w10,evaluate,RMI,1.86,1,5.539519375959391
eeg_fnirs_single_trial,subject_08,eeg_fnirs_single_trial__subject_08__session_00__prefrontal__w10,evaluate,RMI,3.28,1,4.772713614232909
eeg_fnirs_single_trial,subject_08,eeg_fnirs_single_trial__subject_08__session_00__prefrontal__w10,evaluate,RMI,9.64,1,3.037663378731606
eeg_fnirs_single_trial,subject_08,eeg_fnirs_single_trial__subject_08__session_00__prefrontal__w10,evaluate,RMI,10.66,1,-9.962862382075214
eeg_fnirs_single_trial,subject_08,eeg_fnirs_single_trial__subject_08__session_00__prefrontal__w10,evaluate,RMI,15.42,1,-3.6184097992974213
eeg_fnirs_single_trial,subject_08,eeg_fnirs_single_trial__subject_08__session_00__prefrontal__w10,evaluate,RMI,17.58,1,-3.65605829442161
eeg_fnirs_single_trial,subject_08,eeg_fnirs_single_trial__subject_08__session_00__prefrontal__w10,evaluate,RMI,19.5,1,3.781746501382169
eeg_fnirs_single_trial,subject_08,eeg_fnirs_single_trial__subject_08__session_00__prefrontal__w10,evaluate,RMI,20.4,1,-7.997899142433584
eeg_fnirs_single_trial,subject_08,eeg_fnirs_single_trial__subject_08__session_00__prefrontal__w10,evaluate,RMI,21.04,1,-5.404452890479129
eeg_fnirs_single_trial,subject_08,eeg_fnirs_single_trial__subject_08__session_00__prefrontal__w10,evaluate,RMI,22.8,1,3.236649832700688
eeg_fnirs_single_trial,subject_08,eeg_fnirs_single_trial__subject_08__session_00__prefrontal__w10,evaluate,RMI,23.58,1,3.0686542976642954
eeg_fnirs_single_trial,subject_08,eeg_fnirs_single_trial__subject_08__session_00__prefrontal__w10,evaluate,RMI,24.48,1,3.493017561061157
eeg_fnirs_single_trial,subject_08,eeg_fnirs_single_trial__subject_08__session_00__prefrontal__w10,evaluate,RMI,26.04,1,3.471472867792873
eeg_fnirs_single_trial,subject_08,eeg_fnirs_single_trial__subject_08__session_00__prefrontal__w10,evaluate,RMI,27.64,1,4.070985377988505
eeg_fnirs_single_trial,subject_08,eeg_fnirs_single_trial__subject_08__session_00__prefrontal__w10,evaluate,RMI,28.14,1,-3.7649048235216043
eeg_fnirs_single_trial,subject_08,eeg_fnirs_single_trial__subject_08__session_00__prefrontal__w12,evaluate,LMI,0.52,0,3.455791595731706
eeg_fnirs_single_trial,subject_08,eeg_fnirs_single_trial__subject_08__session_00__prefrontal__w12,evaluate,LMI,2.14,0,3.9521474915620676
eeg_fnirs_single_trial,subject_08,eeg_fnirs_single_trial__subject_08__session_00__prefrontal__w12,evaluate,LMI,2.9,0,4.4055076869393694
eeg_fnirs_single_trial,subject_08,eeg_fnirs_single_trial__subject_08__session_00__prefrontal__w12,evaluate,LMI,4.74,0,4.648315012525388
eeg_fnirs_single_trial,subject_08,eeg_fnirs_single_trial__subject_08__session_00__prefrontal__w12,evaluate,LMI,6.04,0,3.776928193756915
eeg_fnirs_single_trial,subject_08,eeg_fnirs_single_trial__subject_08__session_00__prefrontal__w12,evaluate,LMI,9.34,0,3.7005344577042214
eeg_fnirs_single_trial,subject_08,eeg_fnirs_single_trial__subject_08__session_00__prefrontal__w12,evaluate,LMI,10.56,0,4.273609639528311
eeg_fnirs_single_trial,subject_08,eeg_fnirs_single_trial__subject_08__session_00__prefrontal__w12,evaluate,LMI,11.62,0,3.119396117132701
eeg_fnirs_single_trial,subject_08,eeg_fnirs_single_trial__subject_08__session_00__prefrontal__w12,evaluate,LMI,12.14,0,3.9107841016581375
eeg_fnirs_single_trial,subject_08,eeg_fnirs_single_trial__subject_08__session_00__prefrontal__w12,evaluate,LMI,13.72,0,4.061074308632299
eeg_fnirs_single_trial,subject_08,eeg_fnirs_single_trial__subject_08__session_00__prefrontal__w12,evaluate,LMI,14.32,0,3.1934397477800895
eeg_fnirs_single_trial,subject_08,eeg_fnirs_single_trial__subject_08__session_00__prefrontal__w12,evaluate,LMI,15.76,0,4.569417498420579
eeg_fnirs_single_trial,subject_08,eeg_fnirs_single_trial__subject_08__session_00__prefrontal__w12,evaluate,LMI,17.38,0,5.035165443361812
eeg_fnirs_single_trial,subject_08,eeg_fnirs_single_trial__subject_08__session_00__prefrontal__w12,evaluate,LMI,19.18,0,3.901997359588153
eeg_fnirs_single_trial,subject_08,eeg_fnirs_single_trial__subject_08__session_00__prefrontal__w12,evaluate,LMI,21.84,0,4.235729640891583
eeg_fnirs_single_trial,subject_08,eeg_fnirs_single_trial__subject_08__session_00__prefrontal__w12,evaluate,LMI,23.88,0,4.241858659365014
eeg_fnirs_single_trial,subject_08,eeg_fnirs_single_trial__subject_08__session_00__prefrontal__w12,evaluate,LMI,25.38,0,4.527947839328048
eeg_fnirs_single_trial,subject_08,eeg_fnirs_single_trial__subject_08__session_00__prefrontal__w12,evaluate,LMI,27.34,0,4.752409968055789
eeg_fnirs_single_trial,subject_08,eeg_fnirs_single_trial__subject_08__session_00__prefrontal__w12,evaluate,LMI,28.6,0,3.812215617665107
eeg_fnirs_single_trial,subject_08,eeg_fnirs_single_trial__subject_08__session_00__prefrontal__w12,evaluate,LMI,29.64,0,3.634984544641544
eeg_fnirs_single_trial,subject_08,eeg_fnirs_single_trial__subject_08__session_00__prefrontal__w12,evaluate,LMI,2.98,1,-6.028544229151487
eeg_fnirs_single_trial,subject_08,eeg_fnirs_single_trial__subject_08__session_00__prefrontal__w12,evaluate,LMI,4.68,1,3.707772471933436
eeg_fnirs_single_trial,subject_08,eeg_fnirs_single_trial__subject_08__session_00__prefrontal__w12,evaluate,LMI,5.42,1,-3.2038424963037775
eeg_fnirs_single_trial,subject_08,eeg_fnirs_single_trial__subject_08__session_00__prefrontal__w12,evaluate,LMI,5.96,1,4.136663759464378
eeg_fnirs_single_trial,subject_08,eeg_fnirs_single_trial__subject_08__session_00__prefrontal__w12,evaluate,LMI,6.46,1,4.262442995829336
eeg_fnirs_single_trial,subject_08,eeg_fnirs_single_trial__subject_08__session_00__prefrontal__w12,evaluate,LMI,10.5,1,3.1040381800428416
eeg_fnirs_single_trial,subject_08,eeg_fnirs_single_trial__subject_08__session_00__prefrontal__w12,evaluate,LMI,11.56,1,3.044176055858266
eeg_fnirs_single_trial,subject_08,eeg_fnirs_single_trial__subject_08__session_00__prefrontal__w12,evaluate,LMI,12.2,1,-5.082632239865596
eeg_fnirs_single_trial,subject_08,eeg_fnirs_single_trial__subject_08__session_00__prefrontal__w12,evaluate,LMI,13.78,1,-5.414866727241672
eeg_fnirs_single_trial,subject_08,eeg_fnirs_single_trial__subject_08__session_00__prefrontal__w12,evaluate,LMI,15.7,1,4.352201849314622
eeg_fnirs_single_trial,subject_08,eeg_fnirs_single_trial__subject_08__session_00__prefrontal__w12,evaluate,LMI,17.3,1,4.134174484644741
eeg_fnirs_single_trial,subject_08,eeg_fnirs_single_trial__subject_08__session_00__prefrontal__w12,evaluate,LMI,19.12,1,3.119756017873184
eeg_fnirs_single_trial,subject_08,eeg_fnirs_single_trial__subject_08__session_00__prefrontal__w12,evaluate,LMI,20.72,1,3.2222043145158605
eeg_fnirs_single_trial,subject_08,eeg_fnirs_single_trial__subject_08__session_00__prefrontal__w12,evaluate,LMI,25.32,1,3.6229870224707654
eeg_fnirs_single_trial,subject_08,eeg_fnirs_single_trial__subject_08__session_00__prefrontal__w12,evaluate,LMI,27.26,1,3.068676470346957
eeg_fnirs_single_trial,subject_08,eeg_fnirs_single_trial__subject_08__session_00__prefrontal__w14,evaluate,LMI,0.38,0,4.73120082089323
eeg_fnirs_single_trial,subject_08,eeg_fnirs_single_trial__subject_08__session_00__prefrontal__w14,evaluate,LMI,2.48,0,4.154571705142824
eeg_fnirs_single_trial,subject_08,eeg_fnirs_single_trial__subject_08__session_00__prefrontal__w14,evaluate,LMI,4.38,0,4.157231013675637
eeg_fnirs_single_trial,subject_08,eeg_fnirs_single_trial__subject_08__session_00__prefrontal__w14,evaluate,LMI,6.94,0,4.41659884205953
eeg_fnirs_single_trial,subject_08,eeg_fnirs_single_trial__subject_08__session_00__prefrontal__w14,evaluate,LMI,8.82,0,3.754273308756861
eeg_fnirs_single_trial,subject_08,eeg_fnirs_single_trial__subject_08__session_00__prefrontal__w14,evaluate,LMI,12.48,0,3.728990143357932
eeg_fnirs_single_trial,subject_08,eeg_fnirs_single_trial__subject_08__session_00__prefrontal__w14,evaluate,LMI,14.02,0,3.913768320412321
eeg_fnirs_single_trial,subject_08,eeg_fnirs_single_trial__subject_08__session_00__prefrontal__w14,evaluate,LMI,15.9,0,3.2360994048635137
eeg_fnirs_single_trial,subject_08,eeg_fnirs_single_trial__subject_08__session_00__prefrontal__w14,evaluate,LMI,16.44,0,4.388641805939375
eeg_fnirs_single_trial,subject_08,eeg_fnirs_single_trial__subject_08__session_00__prefrontal__w14,evaluate,LMI,18.52,0,4.058328657189217
eeg_fnirs_single_trial,subject_08,eeg_fnirs_single_trial__subject_08__session_00__prefrontal__w14,evaluate,LMI,19.72,0,5.223342736426969
eeg_fnirs_single_trial,subject_08,eeg_fnirs_single_trial__subject_08__session_00__prefrontal__w14,evaluate,LMI,21.12,0,5.136035525762642
eeg_fnirs_single_trial,subject_08,eeg_fnirs_single_trial__subject_08__session_00__prefrontal__w14,evaluate,LMI,22.56,0,4.146364698066737
eeg_fnirs_single_trial,subject_08,eeg_fnirs_single_trial__subject_08__session_00__prefrontal__w14,evaluate,LMI,23.1,0,4.073168104928309
eeg_fnirs_single_trial,subject_08,eeg_fnirs_single_trial__subject_08__session_00__prefrontal__w14,evaluate,LMI,25.06,0,3.695231072091472
eeg_fnirs_single_trial,subject_08,eeg_fnirs_single_trial__subject_08__session_00__prefrontal__w14,evaluate,LMI,25.88,0,3.5437290351577535
eeg_fnirs_single_trial,subject_08,eeg_fnirs_single_trial__subject_08__session_00__prefrontal__w14,evaluate,LMI,27.66,0,4.393673003537733
eeg_fnirs_single_trial,subject_08,eeg_fnirs_single_trial__subject_08__session_00__prefrontal__w14,evaluate,LMI,29.58,0,3.8658686125596478
eeg_fnirs_single_trial,subject_08,eeg_fnirs_single_trial__subject_08__session_00__prefrontal__w14,evaluate,LMI,0.46,1,-6.473365958239277
eeg_fnirs_single_trial,subject_08,eeg_fnirs_single_trial__subject_08__session_00__prefrontal__w14,evaluate,LMI,1.22,1,5.776101734126832
eeg_fnirs_single_trial,subject_08,eeg_fnirs_single_trial__subject_08__session_00__prefrontal__w14,evaluate,LMI,2.58,1,-13.888027551925397
eeg_fnirs_single_trial,subject_08,eeg_fnirs_single_trial__subject_08__session_00__prefrontal__w14,evaluate,LMI,4.32,1,4.492425597428516
eeg_fnirs_single_trial,subject_08,eeg_fnirs_single_trial__subject_08__session_00__prefrontal__w14,evaluate,LMI,7.04,1,-9.534161431394581
eeg_fnirs_single_trial,subject_08,eeg_fnirs_single_trial__subject_08__session_00__prefrontal__w14,evaluate,LMI,8.72,1,3.886292506041188
eeg_fnirs_single_trial,subject_08,eeg_fnirs_single_trial__subject_08__session_00__prefrontal__w14,evaluate,LMI,12.44,1,3.062977588503352
eeg_fnirs_single_trial,subject_08,eeg_fnirs_single_trial__subject_08__session_00__prefrontal__w14,evaluate,LMI,14.1,1,-3.2592053978100632
eeg_fnirs_single_trial,subject_08,eeg_fnirs_single_trial__subject_08__session_00__prefrontal__w14,evaluate,LMI,16.38,1,3.0402577508492072
eeg_fnirs_single_trial,subject_08,eeg_fnirs_single_trial__subject_08__session_00__prefrontal__w14,evaluate,LMI,18.48,1,3.4581622863031356
eeg_fnirs_single_trial,subject_08,eeg_fnirs_single_trial__subject_08__session_00__prefrontal__w14,evaluate,LMI,19.66,1,3.772168558525892
eeg_fnirs_single_trial,subject_08,eeg_fnirs_single_trial__subject_08__session_00__prefrontal__w14,evaluate,LMI,21.04,1,3.1083001465381597
eeg_fnirs_single_trial,subject_08,eeg_fnirs_single_trial__subject_08__session_00__prefrontal__w14,evaluate,LMI,23.04,1,3.836400367276586
eeg_fnirs_single_trial,subject_08,eeg_fnirs_single_trial__subject_08__session_00__prefrontal__w14,evaluate,LMI,24.22,1,4.70219718824305
eeg_fnirs_single_trial,subject_08,eeg_fnirs_single_trial__subject_08__session_00__prefrontal__w14,evaluate,LMI,25.82,1,3.261582023479434
eeg_fnirs_single_trial,subject_08,eeg_fnirs_single_trial__subject_08__session_00__prefrontal__w14,evaluate,LMI,26.82,1,5.773921285241707
eeg_fnirs_single_trial,subject_08,eeg_fnirs_single_trial__subject_08__session_00__prefrontal__w14,evaluate,LMI,27.32,1,-5.044259409370842
eeg_fnirs_single_trial,subject_08,eeg_fnirs_single_trial__subject_08__session_00__prefrontal__w14,evaluate,LMI,28.4,1,8.032350885128286
eeg_fnirs_single_trial,subject_08,eeg_fnirs_single_trial__subject_08__session_00__prefrontal__w14,evaluate,LMI,29.06,1,-8.561471556807653
eeg_fnirs_single_trial,subject_09,eeg_fnirs_single_trial__subject_09__session_00__prefrontal__w0,train,RMI,0.6,0,3.913700886814072
eeg_fnirs_single_trial,subject_09,eeg_fnirs_single_trial__subject_09__session_00__prefrontal__w0,train,RMI,1.72,0,3.2906127139849484
eeg_fnirs_single_trial,subject_09,eeg_fnirs_single_trial__subject_09__session_00__prefrontal__w0,train,RMI,4.5,0,3.2823223639730363
eeg_fnirs_single_trial,subject_09,eeg_fnirs_single_trial__subject_09__session_00__prefrontal__w0,train,RMI,5.62,0,4.127090847943111
eeg_fnirs_single_trial,subject_09,eeg_fnirs_single_trial__subject_09__session_00__prefrontal__w0,train,RMI,10.02,0,3.3750721908458754
eeg_fnirs_single_trial,subject_09,eeg_fnirs_single_trial__subject_09__session_00__prefrontal__w0,train,RMI,13.48,0,3.2068014364687483
eeg_fnirs_single_trial,subject_09,eeg_fnirs_single_trial__subject_09__session_00__prefrontal__w0,train,RMI,15.38,0,3.7830210849376784
eeg_fnirs_single_trial,subject_09,eeg_fnirs_single_trial__subject_09__session_00__prefrontal__w0,train,RMI,17.1,0,3.3080736843861698
eeg_fnirs_single_trial,subject_09,eeg_fnirs_single_trial__subject_09__session_00__prefrontal__w0,train,RMI,18.96,0,3.2420643775542293
eeg_fnirs_single_trial,subject_09,eeg_fnirs_single_trial__subject_09__session_00__prefrontal__w0,train,RMI,20.6,0,3.2157136677627385
eeg_fnirs_single_trial,subject_09,eeg_fnirs_single_trial__subject_09__session_00__prefrontal__w0,train,RMI,22.38,0,3.0328975721132205
eeg_fnirs_single_trial,subject_09,eeg_fnirs_single_trial__subject_09__session_00__prefrontal__w0,train,RMI,25.78,0,3.3844773621048954
eeg_fnirs_single_trial,subject_09,eeg_fnirs_single_trial__subject_09__session_00__prefrontal__w0,train,RMI,26.46,0,3.448560000422076
eeg_fnirs_single_trial,subject_09,eeg_fnirs_single_trial__subject_09__session_00__prefrontal__w0,train,RMI,0.08,1,-9.418193195457848
eeg_fnirs_single_trial,subject_09,eeg_fnirs_single_trial__subject_09__session_00__prefrontal__w0,train,RMI,5.32,1,3.80716132829711
eeg_fnirs_single_trial,subject_09,eeg_fnirs_single_trial__subject_09__session_00__prefrontal__w0,train,RMI,5.98,1,9.10841286000288
eeg_fnirs_single_trial,subject_09,eeg_fnirs_single_trial__subject_09__session_00__prefrontal__w0,train,RMI,7.18,1,-5.84583523088702
eeg_fnirs_single_trial,subject_09,eeg_fnirs_single_trial__subject_09__session_00__prefrontal__w0,train,RMI,7.98,1,6.380839525231563
eeg_fnirs_single_trial,subject_09,eeg_fnirs_single_trial__subject_09__session_00__prefrontal__w0,train,RMI,8.84,1,11.165742673155096
eeg_fnirs_single_trial,subject_09,eeg_fnirs_single_trial__subject_09__session_00__prefrontal__w0,train,RMI,9.4,1,-4.245881897928963
eeg_fnirs_single_trial,subject_09,eeg_fnirs_single_trial__subject_09__session_00__prefrontal__w0,train,RMI,10.0,1,3.1789356885867686
eeg_fnirs_single_trial,subject_09,eeg_fnirs_single_trial__subject_09__session_00__prefrontal__w0,train,RMI,15.52,1,7.242876826457836
eeg_fnirs_single_trial,subject_09,eeg_fnirs_single_trial__subject_09__session_00__prefrontal__w2,train,LMI,1.08,0,3.359176563605095
eeg_fnirs_single_trial,subject_09,eeg_fnirs_single_trial__subject_09__session_00__prefrontal__w2,train,LMI,2.04,0,3.470740419944459
eeg_fnirs_single_trial,subject_09,eeg_fnirs_single_trial__subject_09__session_00__prefrontal__w2,train,LMI,3.1,0,3.1441716196527385
eeg_fnirs_single_trial,subject_09,eeg_fnirs_single_trial__subject_09__session_00__prefrontal__w2,train,LMI,4.1,0,3.552350182301428
eeg_fnirs_single_trial,subject_09,eeg_fnirs_single_trial__subject_09__session_00__prefrontal__w2,train,LMI,6.4,0,3.7758637568893314
eeg_fnirs_single_trial,subject_09,eeg_fnirs_single_trial__subject_09__session_00__prefrontal__w2,train,LMI,9.84,0,3.1584626748534297
eeg_fnirs_single_trial,subject_09,eeg_fnirs_single_trial__subject_09__session_00__prefrontal__w2,train,LMI,11.46,0,3.6033709149514754
eeg_fnirs_single_trial,subject_09,eeg_fnirs_single_trial__subject_09__session_00__prefrontal__w2,train,LMI,16.24,0,3.3074815165614897
eeg_fnirs_single_trial,subject_09,eeg_fnirs_single_trial__subject_09__session_00__prefrontal__w2,train,LMI,18.74,0,3.39811250887229
eeg_fnirs_single_trial,subject_09,eeg_fnirs_single_trial__subject_09__session_00__prefrontal__w2,train,LMI,20.12,0,3.3516527575644393
eeg_fnirs_single_trial,subject_09,eeg_fnirs_single_trial__subject_09__session_00__prefrontal__w2,train,LMI,20.88,0,3.4587406707571655
eeg_fnirs_single_trial,subject_09,eeg_fnirs_single_trial__subject_09__session_00__prefrontal__w2,train,LMI,22.34,0,3.306187422733805
eeg_fnirs_single_trial,subject_09,eeg_fnirs_single_trial__subject_09__session_00__prefrontal__w2,train,LMI,24.4,0,3.368839161019422
eeg_fnirs_single_trial,subject_09,eeg_fnirs_single_trial__subject_09__session_00__prefrontal__w2,train,LMI,25.88,0,3.2767086387937394
eeg_fnirs_single_trial,subject_09,eeg_fnirs_single_trial__subject_09__session_00__prefrontal__w2,train,LMI,27.04,0,3.240456142971055
eeg_fnirs_single_trial,subject_09,eeg_fnirs_single_trial__subject_09__session_00__prefrontal__w2,train,LMI,27.74,0,3.083821653919903
eeg_fnirs_single_trial,subject_09,eeg_fnirs_single_trial__subject_09__session_00__prefrontal__w2,train,LMI,28.58,0,3.5521254631215786
eeg_fnirs_single_trial,subject_09,eeg_fnirs_single_trial__subject_09__session_00__prefrontal__w2,train,LMI,1.32,1,-4.7104501151535665
eeg_fnirs_single_trial,subject_09,eeg_fnirs_single_trial__subject_09__session_00__prefrontal__w2,train,LMI,3.1,1,-3.8815889957463194
eeg_fnirs_single_trial,subject_09,eeg_fnirs_single_trial__subject_09__session_00__prefrontal__w2,train,LMI,3.94,1,5.899648257819746
eeg_fnirs_single_trial,subject_09,eeg_fnirs_single_trial__subject_09__session_00__prefrontal__w2,train,LMI,4.62,1,-6.289148778035935
eeg_fnirs_single_trial,subject_09,eeg_fnirs_single_trial__subject_09__session_00__prefrontal__w2,train,LMI,6.36,1,6.8169840688481695
eeg_fnirs_single_trial,subject_09,eeg_fnirs_single_trial__subject_09__session_00__prefrontal__w2,train,LMI,7.76,1,-3.1360392815535403
eeg_fnirs_single_trial,subject_09,eeg_fnirs_single_trial__subject_09__session_00__prefrontal__w2,train,LMI,12.22,1,5.196330515456182
eeg_fnirs_single_trial,subject_09,eeg_fnirs_single_trial__subject_09__session_00__prefrontal__w2,train,LMI,12.78,1,6.826979397939659
eeg_fnirs_single_trial,subject_09,eeg_fnirs_single_trial__subject_09__session_00__prefrontal__w2,train,LMI,13.72,1,-5.340635854026306
eeg_fnirs_single_trial,subject_09,eeg_fnirs_single_trial__subject_09__session_00__prefrontal__w2,train,LMI,14.52,1,8.432322706638596
eeg_fnirs_single_trial,subject_09,eeg_fnirs_single_trial__subject_09__session_00__prefrontal__w2,train,LMI,15.1,1,4.762017426108499
eeg_fnirs_single_trial,subject_09,eeg_fnirs_single_trial__subject_09__session_00__prefrontal__w2,train,LMI,15.6,1,-10.696917337711485
eeg_fnirs_single_trial,subject_09,eeg_fnirs_single_trial__subject_09__session_00__prefrontal__w2,train,LMI,28.92,1,11.385601512943808
eeg_fnirs_single_trial,subject_09,eeg_fnirs_single_trial__subject_09__session_00__prefrontal__w2,train,LMI,29.78,1,6.396203482964648
eeg_fnirs_single_trial,subject_09,eeg_fnirs_single_trial__subject_09__session_00__prefrontal__w4,train,LMI,1.44,0,3.4242153715809898
eeg_fnirs_single_trial,subject_09,eeg_fnirs_single_trial__subject_09__session_00__prefrontal__w4,train,LMI,2.44,0,3.1749348891277327
eeg_fnirs_single_trial,subject_09,eeg_fnirs_single_trial__subject_09__session_00__prefrontal__w4,train,LMI,3.16,0,3.070445186043336
eeg_fnirs_single_trial,subject_09,eeg_fnirs_single_trial__subject_09__session_00__prefrontal__w4,train,LMI,6.86,0,3.7963349877465524
eeg_fnirs_single_trial,subject_09,eeg_fnirs_single_trial__subject_09__session_00__prefrontal__w4,train,LMI,18.34,0,3.0234089439778016
eeg_fnirs_single_trial,subject_09,eeg_fnirs_single_trial__subject_09__session_00__prefrontal__w4,train,LMI,20.58,0,3.355844495306447
eeg_fnirs_single_trial,subject_09,eeg_fnirs_single_trial__subject_09__session_00__prefrontal__w4,train,LMI,22.46,0,3.239219242609124
eeg_fnirs_single_trial,subject_09,eeg_fnirs_single_trial__subject_09__session_00__prefrontal__w4,train,LMI,23.84,0,3.5044825328507483
eeg_fnirs_single_trial,subject_09,eeg_fnirs_single_trial__subject_09__session_00__prefrontal__w4,train,LMI,24.66,0,3.243148284896286
eeg_fnirs_single_trial,subject_09,eeg_fnirs_single_trial__subject_09__session_00__prefrontal__w4,train,LMI,25.98,0,3.4128194947684736
eeg_fnirs_single_trial,subject_09,eeg_fnirs_single_trial__subject_09__session_00__prefrontal__w4,train,LMI,26.84,0,3.356228586434452
eeg_fnirs_single_trial,subject_09,eeg_fnirs_single_trial__subject_09__session_00__prefrontal__w4,train,LMI,29.52,0,3.122409876752271
eeg_fnirs_single_trial,subject_09,eeg_fnirs_single_trial__subject_09__session_00__prefrontal__w4,train,LMI,4.74,1,-3.429624102680377
eeg_fnirs_single_trial,subject_09,eeg_fnirs_single_trial__subject_09__session_00__prefrontal__w4,train,LMI,7.12,1,-3.782387469734089
eeg_fnirs_single_trial,subject_09,eeg_fnirs_single_trial__subject_09__session_00__prefrontal__w4,train,LMI,8.08,1,3.3353551593739996
eeg_fnirs_single_trial,subject_09,eeg_fnirs_single_trial__subject_09__session_00__prefrontal__w4,train,LMI,8.76,1,-4.674351688057063
eeg_fnirs_single_trial,subject_09,eeg_fnirs_single_trial__subject_09__session_00__prefrontal__w4,train,LMI,9.26,1,3.975923025586913
eeg_fnirs_single_trial,subject_09,eeg_fnirs_single_trial__subject_09__session_00__prefrontal__w4,train,LMI,12.36,1,4.247575137737181
eeg_fnirs_single_trial,subject_09,eeg_fnirs_single_trial__subject_09__session_00__prefrontal__w4,train,LMI,12.86,1,-3.7394362589966006
eeg_fnirs_single_trial,subject_09,eeg_fnirs_single_trial__subject_09__session_00__prefrontal__w4,train,LMI,13.6,1,-7.145193823112443
eeg_fnirs_single_trial,subject_09,eeg_fnirs_single_trial__subject_09__session_00__prefrontal__w4,train,LMI,22.2,1,-3.408702630114713
eeg_fnirs_single_trial,subject_09,eeg_fnirs_single_trial__subject_09__session_00__prefrontal__w6,train,RMI,0.78,0,3.551070265640028
eeg_fnirs_single_trial,subject_09,eeg_fnirs_single_trial__subject_09__session_00__prefrontal__w6,train,RMI,4.54,0,3.1969091259953086
eeg_fnirs_single_trial,subject_09,eeg_fnirs_single_trial__subject_09__session_00__prefrontal__w6,train,RMI,6.3,0,3.8933502320877404
eeg_fnirs_single_trial,subject_09,eeg_fnirs_single_trial__subject_09__session_00__prefrontal__w6,train,RMI,12.64,0,3.967632281455636
eeg_fnirs_single_trial,subject_09,eeg_fnirs_single_trial__subject_09__session_00__prefrontal__w6,train,RMI,13.98,0,4.150418148687486
eeg_fnirs_single_trial,subject_09,eeg_fnirs_single_trial__subject_09__session_00__prefrontal__w6,train,RMI,16.98,0,3.1035996337235536
eeg_fnirs_single_trial,subject_09,eeg_fnirs_single_trial__subject_09__session_00__prefrontal__w6,train,RMI,22.66,0,3.2422889271733273
eeg_fnirs_single_trial,subject_09,eeg_fnirs_single_trial__subject_09__session_00__prefrontal__w6,train,RMI,24.58,0,3.24886766950036
eeg_fnirs_single_trial,subject_09,eeg_fnirs_single_trial__subject_09__session_00__prefrontal__w6,train,RMI,26.26,0,3.0704716906014546
eeg_fnirs_single_trial,subject_09,eeg_fnirs_single_trial__subject_09__session_00__prefrontal__w6,train,RMI,28.74,0,3.151882954211404
eeg_fnirs_single_trial,subject_09,eeg_fnirs_single_trial__subject_09__session_00__prefrontal__w6,train,RMI,1.84,1,-6.483218074694383
eeg_fnirs_single_trial,subject_09,eeg_fnirs_single_trial__subject_09__session_00__prefrontal__w6,train,RMI,6.3,1,-7.578416811734241
eeg_fnirs_single_trial,subject_09,eeg_fnirs_single_trial__subject_09__session_00__prefrontal__w6,train,RMI,7.0,1,3.0820775658217214
eeg_fnirs_single_trial,subject_09,eeg_fnirs_single_trial__subject_09__session_00__prefrontal__w6,train,RMI,12.58,1,5.493102292471349
eeg_fnirs_single_trial,subject_09,eeg_fnirs_single_trial__subject_09__session_00__prefrontal__w6,train,RMI,14.02,1,-3.7105596380400017
eeg_fnirs_single_trial,subject_09,eeg_fnirs_single_trial__subject_09__session_00__prefrontal__w6,train,RMI,15.76,1,8.991347294951831
eeg_fnirs_single_trial,subject_09,eeg_fnirs_single_trial__subject_09__session_00__prefrontal__w6,train,RMI,17.76,1,4.024394344994423
eeg_fnirs_single_trial,subject_09,eeg_fnirs_single_trial__subject_09__session_00__prefrontal__w6,train,RMI,18.6,1,4.552311797165793
eeg_fnirs_single_trial,subject_09,eeg_fnirs_single_trial__subject_09__session_00__prefrontal__w6,train,RMI,19.42,1,14.110388124964297
eeg_fnirs_single_trial,subject_09,eeg_fnirs_single_trial__subject_09__session_00__prefrontal__w8,train,LMI,0.26,0,3.021649184284699
eeg_fnirs_single_trial,subject_09,eeg_fnirs_single_trial__subject_09__session_00__prefrontal__w8,train,LMI,5.04,0,3.1121952147134686
eeg_fnirs_single_trial,subject_09,eeg_fnirs_single_trial__subject_09__session_00__prefrontal__w8,train,LMI,5.64,0,3.2100458391508297
eeg_fnirs_single_trial,subject_09,eeg_fnirs_single_trial__subject_09__session_00__prefrontal__w8,train,LMI,19.06,0,3.027623851787667
eeg_fnirs_single_trial,subject_09,eeg_fnirs_single_trial__subject_09__session_00__prefrontal__w8,train,LMI,28.8,0,3.595123349142288
eeg_fnirs_single_trial,subject_09,eeg_fnirs_single_trial__subject_09__session_00__prefrontal__w8,train,LMI,29.5,0,3.0932560997971037
eeg_fnirs_single_trial,subject_09,eeg_fnirs_single_trial__subject_09__session_00__prefrontal__w8,train,LMI,0.22,1,3.8806756558684814
eeg_fnirs_single_trial,subject_09,eeg_fnirs_single_trial__subject_09__session_00__prefrontal__w8,train,LMI,3.46,1,3.4351538017310914
eeg_fnirs_single_trial,subject_09,eeg_fnirs_single_trial__subject_09__session_00__prefrontal__w8,train,LMI,5.04,1,-4.759721615327611
eeg_fnirs_single_trial,subject_09,eeg_fnirs_single_trial__subject_09__session_00__prefrontal__w8,train,LMI,5.62,1,8.354721173156479
eeg_fnirs_single_trial,subject_09,eeg_fnirs_single_trial__subject_09__session_00__prefrontal__w8,train,LMI,11.16,1,4.904727416591032
eeg_fnirs_single_trial,subject_09,eeg_fnirs_single_trial__subject_09__session_00__prefrontal__w8,train,LMI,11.94,1,-3.799607259975728
eeg_fnirs_single_trial,subject_09,eeg_fnirs_single_trial__subject_09__session_00__prefrontal__w8,train,LMI,13.28,1,-3.807043219184199
eeg_fnirs_single_trial,subject_09,eeg_fnirs_single_trial__subject_09__session_00__prefrontal__w8,train,LMI,14.96,1,-4.715444129508955
eeg_fnirs_single_trial,subject_09,eeg_fnirs_single_trial__subject_09__session_00__prefrontal__w8,train,LMI,15.9,1,-5.46900733726471
eeg_fnirs_single_trial,subject_09,eeg_fnirs_single_trial__subject_09__session_00__prefrontal__w8,train,LMI,28.76,1,3.9823526919314602
eeg_fnirs_single_trial,subject_09,eeg_fnirs_single_trial__subject_09__session_00__prefrontal__w8,train,LMI,29.46,1,10.367330783008473
eeg_fnirs_single_trial,subject_09,eeg_fnirs_single_trial__subject_09__session_00__prefrontal__w10,train,LMI,1.3,0,3.477917248272425
eeg_fnirs_single_trial,subject_09,eeg_fnirs_single_trial__subject_09__session_00__prefrontal__w10,train,LMI,2.2,0,3.1671574754048226
eeg_fnirs_single_trial,subject_09,eeg_fnirs_single_trial__subject_09__session_00__prefrontal__w10,train,LMI,3.98,0,3.6236213193978117
eeg_fnirs_single_trial,subject_09,eeg_fnirs_single_trial__subject_09__session_00__prefrontal__w10,train,LMI,5.86,0,3.4281574470685685
eeg_fnirs_single_trial,subject_09,eeg_fnirs_single_trial__subject_09__session_00__prefrontal__w10,train,LMI,9.78,0,3.034123252628888
eeg_fnirs_single_trial,subject_09,eeg_fnirs_single_trial__subject_09__session_00__prefrontal__w10,train,LMI,12.58,0,3.4589876309569476
eeg_fnirs_single_trial,subject_09,eeg_fnirs_single_trial__subject_09__session_00__prefrontal__w10,train,LMI,13.52,0,3.0584900468071217
eeg_fnirs_single_trial,subject_09,eeg_fnirs_single_trial__subject_09__session_00__prefrontal__w10,train,LMI,15.5,0,3.0522117992044504
eeg_fnirs_single_trial,subject_09,eeg_fnirs_single_trial__subject_09__session_00__prefrontal__w10,train,LMI,16.68,0,3.381979825786842
eeg_fnirs_single_trial,subject_09,eeg_fnirs_single_trial__subject_09__session_00__prefrontal__w10,train,LMI,17.94,0,3.416604947056455
eeg_fnirs_single_trial,subject_09,eeg_fnirs_single_trial__subject_09__session_00__prefrontal__w10,train,LMI,19.36,0,3.5198979180700265
eeg_fnirs_single_trial,subject_09,eeg_fnirs_single_trial__subject_09__session_00__prefrontal__w10,train,LMI,20.34,0,3.588342684164064
eeg_fnirs_single_trial,subject_09,eeg_fnirs_single_trial__subject_09__session_00__prefrontal__w10,train,LMI,21.7,0,3.0908226146892224
eeg_fnirs_single_trial,subject_09,eeg_fnirs_single_trial__subject_09__session_00__prefrontal__w10,train,LMI,22.44,0,3.0943334161527276
eeg_fnirs_single_trial,subject_09,eeg_fnirs_single_trial__subject_09__session_00__prefrontal__w10,train,LMI,23.08,0,3.510512625127106
eeg_fnirs_single_trial,subject_09,eeg_fnirs_single_trial__subject_09__session_00__prefrontal__w10,train,LMI,24.08,0,3.451267406937133
eeg_fnirs_single_trial,subject_09,eeg_fnirs_single_trial__subject_09__session_00__prefrontal__w10,train,LMI,25.68,0,3.725459473102216
eeg_fnirs_single_trial,subject_09,eeg_fnirs_single_trial__subject_09__session_00__prefrontal__w10,train,LMI,26.86,0,4.947597771727704
eeg_fnirs_single_trial,subject_09,eeg_fnirs_single_trial__subject_09__session_00__prefrontal__w10,train,LMI,28.56,0,3.439541959246398
eeg_fnirs_single_trial,subject_09,eeg_fnirs_single_trial__subject_09__session_00__prefrontal__w10,train,LMI,29.56,0,3.333792253717868
eeg_fnirs_single_trial,subject_09,eeg_fnirs_single_trial__subject_09__session_00__prefrontal__w10,train,LMI,2.16,1,3.240781814986961
eeg_fnirs_single_trial,subject_09,eeg_fnirs_single_trial__subject_09__session_00__prefrontal__w10,train,LMI,3.38,1,3.900088672394297
eeg_fnirs_single_trial,subject_09,eeg_fnirs_single_trial__subject_09__session_00__prefrontal__w10,train,LMI,5.84,1,7.465728255384761
eeg_fnirs_single_trial,subject_09,eeg_fnirs_single_trial__subject_09__session_00__prefrontal__w10,train,LMI,6.8,1,-7.736650998351127
eeg_fnirs_single_trial,subject_09,eeg_fnirs_single_trial__subject_09__session_00__prefrontal__w10,train,LMI,8.66,1,-4.167997877357688
eeg_fnirs_single_trial,subject_09,eeg_fnirs_single_trial__subject_09__session_00__prefrontal__w10,train,LMI,12.56,1,7.190373869418889
eeg_fnirs_single_trial,subject_09,eeg_fnirs_single_trial__subject_09__session_00__prefrontal__w10,train,LMI,13.06,1,9.690325110340929
eeg_fnirs_single_trial,subject_09,eeg_fnirs_single_trial__subject_09__session_00__prefrontal__w10,train,LMI,15.46,1,4.350811927104811
eeg_fnirs_single_trial,subject_09,eeg_fnirs_single_trial__subject_09__session_00__prefrontal__w10,train,LMI,23.02,1,4.585620831381498
eeg_fnirs_single_trial,subject_09,eeg_fnirs_single_trial__subject_09__session_00__prefrontal__w10,train,LMI,24.04,1,3.441155133386727
eeg_fnirs_single_trial,subject_09,eeg_fnirs_single_trial__subject_09__session_00__prefrontal__w10,train,LMI,26.84,1,3.492065609574612
eeg_fnirs_single_trial,subject_09,eeg_fnirs_single_trial__subject_09__session_00__prefrontal__w10,train,LMI,28.52,1,3.6034895035580217
eeg_fnirs_single_trial,subject_09,eeg_fnirs_single_trial__subject_09__session_00__prefrontal__w12,train,LMI,0.8,0,3.490857706487224
eeg_fnirs_single_trial,subject_09,eeg_fnirs_single_trial__subject_09__session_00__prefrontal__w12,train,LMI,1.58,0,3.047179100539025
eeg_fnirs_single_trial,subject_09,eeg_fnirs_single_trial__subject_09__session_00__prefrontal__w12,train,LMI,2.68,0,3.1844815025764053
eeg_fnirs_single_trial,subject_09,eeg_fnirs_single_trial__subject_09__session_00__prefrontal__w12,train,LMI,3.86,0,3.218680661058299
eeg_fnirs_single_trial,subject_09,eeg_fnirs_single_trial__subject_09__session_00__prefrontal__w12,train,LMI,5.54,0,3.9012156932374964
eeg_fnirs_single_trial,subject_09,eeg_fnirs_single_trial__subject_09__session_00__prefrontal__w12,train,LMI,6.64,0,5.233358890572781
eeg_fnirs_single_trial,subject_09,eeg_fnirs_single_trial__subject_09__session_00__prefrontal__w12,train,LMI,15.46,0,3.3372191307805616
eeg_fnirs_single_trial,subject_09,eeg_fnirs_single_trial__subject_09__session_00__prefrontal__w12,train,LMI,16.84,0,3.2365228811859197
eeg_fnirs_single_trial,subject_09,eeg_fnirs_single_trial__subject_09__session_00__prefrontal__w12,train,LMI,17.54,0,3.049350844135016
eeg_fnirs_single_trial,subject_09,eeg_fnirs_single_trial__subject_09__session_00__prefrontal__w12,train,LMI,19.56,0,3.0588931764625755
eeg_fnirs_single_trial,subject_09,eeg_fnirs_single_trial__subject_09__session_00__prefrontal__w12,train,LMI,20.74,0,3.579801580345483
eeg_fnirs_single_trial,subject_09,eeg_fnirs_single_trial__subject_09__session_00__prefrontal__w12,train,LMI,22.08,0,3.4522036177747766
eeg_fnirs_single_trial,subject_09,eeg_fnirs_single_trial__subject_09__session_00__prefrontal__w12,train,LMI,23.24,0,3.9880537590634173
eeg_fnirs_single_trial,subject_09,eeg_fnirs_single_trial__subject_09__session_00__prefrontal__w12,train,LMI,24.64,0,3.7758384131934917
eeg_fnirs_single_trial,subject_09,eeg_fnirs_single_trial__subject_09__session_00__prefrontal__w12,train,LMI,25.72,0,3.498906316621416
eeg_fnirs_single_trial,subject_09,eeg_fnirs_single_trial__subject_09__session_00__prefrontal__w12,train,LMI,26.82,0,3.2915809858247407
eeg_fnirs_single_trial,subject_09,eeg_fnirs_single_trial__subject_09__session_00__prefrontal__w12,train,LMI,27.52,0,3.16070972254886
eeg_fnirs_single_trial,subject_09,eeg_fnirs_single_trial__subject_09__session_00__prefrontal__w12,train,LMI,28.44,0,3.718787304362071
eeg_fnirs_single_trial,subject_09,eeg_fnirs_single_trial__subject_09__session_00__prefrontal__w12,train,LMI,0.76,1,3.297496639115418
eeg_fnirs_single_trial,subject_09,eeg_fnirs_single_trial__subject_09__session_00__prefrontal__w12,train,LMI,3.5,1,8.327956987800441
eeg_fnirs_single_trial,subject_09,eeg_fnirs_single_trial__subject_09__session_00__prefrontal__w12,train,LMI,4.5,1,-11.333180281209833
eeg_fnirs_single_trial,subject_09,eeg_fnirs_single_trial__subject_09__session_00__prefrontal__w12,train,LMI,5.52,1,8.985608200082916
eeg_fnirs_single_trial,subject_09,eeg_fnirs_single_trial__subject_09__session_00__prefrontal__w12,train,LMI,6.32,1,7.226908501257739
eeg_fnirs_single_trial,subject_09,eeg_fnirs_single_trial__subject_09__session_00__prefrontal__w12,train,LMI,7.08,1,11.713497146163414
eeg_fnirs_single_trial,subject_09,eeg_fnirs_single_trial__subject_09__session_00__prefrontal__w12,train,LMI,9.84,1,7.141737270184824
eeg_fnirs_single_trial,subject_09,eeg_fnirs_single_trial__subject_09__session_00__prefrontal__w12,train,LMI,10.44,1,-6.382470424511717
eeg_fnirs_single_trial,subject_09,eeg_fnirs_single_trial__subject_09__session_00__prefrontal__w12,train,LMI,10.94,1,3.7189224471890387
eeg_fnirs_single_trial,subject_09,eeg_fnirs_single_trial__subject_09__session_00__prefrontal__w12,train,LMI,13.14,1,4.217656976543548
eeg_fnirs_single_trial,subject_09,eeg_fnirs_single_trial__subject_09__session_00__prefrontal__w12,train,LMI,13.7,1,9.521462104222303
eeg_fnirs_single_trial,subject_09,eeg_fnirs_single_trial__subject_09__session_00__prefrontal__w12,train,LMI,22.9,1,3.0858011328174846
eeg_fnirs_single_trial,subject_09,eeg_fnirs_single_trial__subject_09__session_00__prefrontal__w12,train,LMI,23.56,1,13.594960027177738
eeg_fnirs_single_trial,subject_09,eeg_fnirs_single_trial__subject_09__session_00__prefrontal__w12,train,LMI,26.86,1,3.584210256157359
eeg_fnirs_single_trial,subject_09,eeg_fnirs_single_trial__subject_09__session_00__prefrontal__w14,train,LMI,1.12,0,3.466650152581604
eeg_fnirs_single_trial,subject_09,eeg_fnirs_single_trial__subject_09__session_00__prefrontal__w14,train,LMI,1.64,0,3.0704474211012105
eeg_fnirs_single_trial,subject_09,eeg_fnirs_single_trial__subject_09__session_00__prefrontal__w14,train,LMI,3.32,0,3.0183153573345116
eeg_fnirs_single_trial,subject_09,eeg_fnirs_single_trial__subject_09__session_00__prefrontal__w14,train,LMI,4.22,0,3.5806378614221592
eeg_fnirs_single_trial,subject_09,eeg_fnirs_single_trial__subject_09__session_00__prefrontal__w14,train,LMI,5.22,0,3.25056945828672
eeg_fnirs_single_trial,subject_09,eeg_fnirs_single_trial__subject_09__session_00__prefrontal__w14,train,LMI,12.72,0,3.168835040578239
eeg_fnirs_single_trial,subject_09,eeg_fnirs_single_trial__subject_09__session_00__prefrontal__w14,train,LMI,17.88,0,3.155343215253101
eeg_fnirs_single_trial,subject_09,eeg_fnirs_single_trial__subject_09__session_00__prefrontal__w14,train,LMI,21.2,0,3.360722005055286
eeg_fnirs_single_trial,subject_09,eeg_fnirs_single_trial__subject_09__session_00__prefrontal__w14,train,LMI,22.4,0,3.3328502464422134
eeg_fnirs_single_trial,subject_09,eeg_fnirs_single_trial__subject_09__session_00__prefrontal__w14,train,LMI,23.26,0,3.1279934702827092
eeg_fnirs_single_trial,subject_09,eeg_fnirs_single_trial__subject_09__session_00__prefrontal__w14,train,LMI,24.02,0,3.245064257777029
eeg_fnirs_single_trial,subject_09,eeg_fnirs_single_trial__subject_09__session_00__prefrontal__w14,train,LMI,25.78,0,3.8080770456082846
eeg_fnirs_single_trial,subject_09,eeg_fnirs_single_trial__subject_09__session_00__prefrontal__w14,train,LMI,27.74,0,-3.526980514845336
eeg_fnirs_single_trial,subject_09,eeg_fnirs_single_trial__subject_09__session_00__prefrontal__w14,train,LMI,28.86,0,3.0186337049950214
eeg_fnirs_single_trial,subject_09,eeg_fnirs_single_trial__subject_09__session_00__prefrontal__w14,train,LMI,1.6,1,3.8322021056215756
eeg_fnirs_single_trial,subject_09,eeg_fnirs_single_trial__subject_09__session_00__prefrontal__w14,train,LMI,5.26,1,-3.9415324473768543
eeg_fnirs_single_trial,subject_09,eeg_fnirs_single_trial__subject_09__session_00__prefrontal__w14,train,LMI,5.76,1,8.848680205920925
eeg_fnirs_single_trial,subject_09,eeg_fnirs_single_trial__subject_09__session_00__prefrontal__w14,train,LMI,7.96,1,-8.866001116164238
eeg_fnirs_single_trial,subject_09,eeg_fnirs_single_trial__subject_09__session_00__prefrontal__w14,train,LMI,8.52,1,-3.7292955680079793
eeg_fnirs_single_trial,subject_09,eeg_fnirs_single_trial__subject_09__session_00__prefrontal__w14,train,LMI,9.54,1,9.387937694092455
eeg_fnirs_single_trial,subject_09,eeg_fnirs_single_trial__subject_09__session_00__prefrontal__w14,train,LMI,10.12,1,-3.6377774173422797
eeg_fnirs_single_trial,subject_09,eeg_fnirs_single_trial__subject_09__session_00__prefrontal__w14,train,LMI,11.76,1,-5.244776057838281
eeg_fnirs_single_trial,subject_09,eeg_fnirs_single_trial__subject_09__session_00__prefrontal__w14,train,LMI,13.14,1,-5.6544400241996025
eeg_fnirs_single_trial,subject_09,eeg_fnirs_single_trial__subject_09__session_00__prefrontal__w14,train,LMI,14.4,1,-4.815281931832177
eeg_fnirs_single_trial,subject_09,eeg_fnirs_single_trial__subject_09__session_00__prefrontal__w14,train,LMI,16.8,1,-4.24614146147088
eeg_fnirs_single_trial,subject_09,eeg_fnirs_single_trial__subject_09__session_00__prefrontal__w14,train,LMI,17.82,1,5.634595376675903
eeg_fnirs_single_trial,subject_09,eeg_fnirs_single_trial__subject_09__session_00__prefrontal__w14,train,LMI,23.96,1,3.80572861202637
eeg_fnirs_single_trial,subject_09,eeg_fnirs_single_trial__subject_09__session_00__prefrontal__w14,train,LMI,24.6,1,3.3891178029562687
eeg_fnirs_single_trial,subject_09,eeg_fnirs_single_trial__subject_09__session_00__prefrontal__w14,train,LMI,25.42,1,15.1606746058378
eeg_fnirs_single_trial,subject_09,eeg_fnirs_single_trial__subject_09__session_00__prefrontal__w14,train,LMI,27.58,1,-5.9328355985540915
eeg_fnirs_single_trial,subject_10,eeg_fnirs_single_trial__subject_10__session_00__prefrontal__w0,evaluate,RMI,3.94,1,-9.191851926624478
eeg_fnirs_single_trial,subject_10,eeg_fnirs_single_trial__subject_10__session_00__prefrontal__w0,evaluate,RMI,4.56,1,6.032961597693491
eeg_fnirs_single_trial,subject_10,eeg_fnirs_single_trial__subject_10__session_00__prefrontal__w2,evaluate,RMI,26.5,0,5.3802738972705555
eeg_fnirs_single_trial,subject_10,eeg_fnirs_single_trial__subject_10__session_00__prefrontal__w2,evaluate,RMI,7.84,1,-5.275230585270447
eeg_fnirs_single_trial,subject_10,eeg_fnirs_single_trial__subject_10__session_00__prefrontal__w2,evaluate,RMI,26.78,1,8.057845067084422
eeg_fnirs_single_trial,subject_10,eeg_fnirs_single_trial__subject_10__session_00__prefrontal__w4,evaluate,RMI,22.62,0,4.542289324036451
eeg_fnirs_single_trial,subject_10,eeg_fnirs_single_trial__subject_10__session_00__prefrontal__w4,evaluate,RMI,0.92,1,6.484047612388929
eeg_fnirs_single_trial,subject_10,eeg_fnirs_single_trial__subject_10__session_00__prefrontal__w4,evaluate,RMI,4.38,1,3.5552358367607684
eeg_fnirs_single_trial,subject_10,eeg_fnirs_single_trial__subject_10__session_00__prefrontal__w4,evaluate,RMI,5.78,1,-4.141836047181792
eeg_fnirs_single_trial,subject_10,eeg_fnirs_single_trial__subject_10__session_00__prefrontal__w4,evaluate,RMI,12.42,1,3.2245912946164896
eeg_fnirs_single_trial,subject_10,eeg_fnirs_single_trial__subject_10__session_00__prefrontal__w4,evaluate,RMI,22.62,1,-5.4286415634577105
eeg_fnirs_single_trial,subject_10,eeg_fnirs_single_trial__subject_10__session_00__prefrontal__w4,evaluate,RMI,29.4,1,-13.243590614307454
eeg_fnirs_single_trial,subject_10,eeg_fnirs_single_trial__subject_10__session_00__prefrontal__w6,evaluate,RMI,4.24,0,4.156842427911426
eeg_fnirs_single_trial,subject_10,eeg_fnirs_single_trial__subject_10__session_00__prefrontal__w6,evaluate,RMI,11.96,0,-3.490643554881392
eeg_fnirs_single_trial,subject_10,eeg_fnirs_single_trial__subject_10__session_00__prefrontal__w6,evaluate,RMI,4.24,1,-7.149105930789263
eeg_fnirs_single_trial,subject_10,eeg_fnirs_single_trial__subject_10__session_00__prefrontal__w6,evaluate,RMI,5.34,1,-3.626481914000077
eeg_fnirs_single_trial,subject_10,eeg_fnirs_single_trial__subject_10__session_00__prefrontal__w6,evaluate,RMI,11.86,1,5.288995292150275
eeg_fnirs_single_trial,subject_10,eeg_fnirs_single_trial__subject_10__session_00__prefrontal__w6,evaluate,RMI,12.7,1,-4.032656306574407
eeg_fnirs_single_trial,subject_10,eeg_fnirs_single_trial__subject_10__session_00__prefrontal__w6,evaluate,RMI,21.84,1,-4.404633713327349
eeg_fnirs_single_trial,subject_10,eeg_fnirs_single_trial__subject_10__session_00__prefrontal__w8,evaluate,RMI,3.26,0,3.167464350433796
eeg_fnirs_single_trial,subject_10,eeg_fnirs_single_trial__subject_10__session_00__prefrontal__w8,evaluate,RMI,19.68,0,3.747302335983456
eeg_fnirs_single_trial,subject_10,eeg_fnirs_single_trial__subject_10__session_00__prefrontal__w8,evaluate,RMI,23.44,0,-3.338674183847319
eeg_fnirs_single_trial,subject_10,eeg_fnirs_single_trial__subject_10__session_00__prefrontal__w8,evaluate,RMI,5.56,1,-4.068205590935802
eeg_fnirs_single_trial,subject_10,eeg_fnirs_single_trial__subject_10__session_00__prefrontal__w8,evaluate,RMI,20.96,1,9.73405636630968
eeg_fnirs_single_trial,subject_10,eeg_fnirs_single_trial__subject_10__session_00__prefrontal__w8,evaluate,RMI,23.28,1,6.528653947232043
eeg_fnirs_single_trial,subject_10,eeg_fnirs_single_trial__subject_10__session_00__prefrontal__w10,evaluate,RMI,4.76,0,3.5087197477869876
eeg_fnirs_single_trial,subject_10,eeg_fnirs_single_trial__subject_10__session_00__prefrontal__w10,evaluate,RMI,6.12,0,5.170547250762093
eeg_fnirs_single_trial,subject_10,eeg_fnirs_single_trial__subject_10__session_00__prefrontal__w10,evaluate,RMI,16.5,0,4.120653124743044
eeg_fnirs_single_trial,subject_10,eeg_fnirs_single_trial__subject_10__session_00__prefrontal__w10,evaluate,RMI,6.16,1,-9.380761537087322
eeg_fnirs_single_trial,subject_10,eeg_fnirs_single_trial__subject_10__session_00__prefrontal__w10,evaluate,RMI,6.94,1,6.174718149514722
eeg_fnirs_single_trial,subject_10,eeg_fnirs_single_trial__subject_10__session_00__prefrontal__w10,evaluate,RMI,16.54,1,-5.066808790613796
eeg_fnirs_single_trial,subject_10,eeg_fnirs_single_trial__subject_10__session_00__prefrontal__w12,evaluate,LMI,15.82,0,3.3802930564715767
eeg_fnirs_single_trial,subject_10,eeg_fnirs_single_trial__subject_10__session_00__prefrontal__w12,evaluate,LMI,25.0,0,3.5278960588168737
eeg_fnirs_single_trial,subject_10,eeg_fnirs_single_trial__subject_10__session_00__prefrontal__w12,evaluate,LMI,6.1,1,5.869919590203156
eeg_fnirs_single_trial,subject_10,eeg_fnirs_single_trial__subject_10__session_00__prefrontal__w12,evaluate,LMI,15.62,1,5.651236688879826
eeg_fnirs_single_trial,subject_10,eeg_fnirs_single_trial__subject_10__session_00__prefrontal__w12,evaluate,LMI,17.52,1,-4.884031495357382
eeg_fnirs_single_trial,subject_10,eeg_fnirs_single_trial__subject_10__session_00__prefrontal__w12,evaluate,LMI,18.14,1,3.330508880396607
eeg_fnirs_single_trial,subject_10,eeg_fnirs_single_trial__subject_10__session_00__prefrontal__w12,evaluate,LMI,18.68,1,7.724440320997137
eeg_fnirs_single_trial,subject_10,eeg_fnirs_single_trial__subject_10__session_00__prefrontal__w12,evaluate,LMI,20.1,1,-3.7273637619067617
eeg_fnirs_single_trial,subject_10,eeg_fnirs_single_trial__subject_10__session_00__prefrontal__w12,evaluate,LMI,25.58,1,3.3333414052412995
eeg_fnirs_single_trial,subject_10,eeg_fnirs_single_trial__subject_10__session_00__prefrontal__w12,evaluate,LMI,29.62,1,-8.260073286918438
eeg_fnirs_single_trial,subject_10,eeg_fnirs_single_trial__subject_10__session_00__prefrontal__w14,evaluate,LMI,2.06,0,3.5559568999646536
eeg_fnirs_single_trial,subject_10,eeg_fnirs_single_trial__subject_10__session_00__prefrontal__w14,evaluate,LMI,9.04,0,3.2540844947268464
eeg_fnirs_single_trial,subject_10,eeg_fnirs_single_trial__subject_10__session_00__prefrontal__w14,evaluate,LMI,9.16,1,-3.9342263285179637
eeg_fnirs_single_trial,subject_10,eeg_fnirs_single_trial__subject_10__session_00__prefrontal__w14,evaluate,LMI,10.22,1,6.3452018264226
eeg_fnirs_single_trial,subject_10,eeg_fnirs_single_trial__subject_10__session_00__prefrontal__w14,evaluate,LMI,19.12,1,3.4886104644536005
eeg_fnirs_single_trial,subject_10,eeg_fnirs_single_trial__subject_10__session_00__prefrontal__w14,evaluate,LMI,22.28,1,4.715889544859686
eeg_fnirs_single_trial,subject_11,eeg_fnirs_single_trial__subject_11__session_00__prefrontal__w0,train,RMI,0.18,0,-4.815034527876792
eeg_fnirs_single_trial,subject_11,eeg_fnirs_single_trial__subject_11__session_00__prefrontal__w0,train,RMI,0.76,0,8.999297851551805
eeg_fnirs_single_trial,subject_11,eeg_fnirs_single_trial__subject_11__session_00__prefrontal__w0,train,RMI,1.5,0,7.121225672472499
eeg_fnirs_single_trial,subject_11,eeg_fnirs_single_trial__subject_11__session_00__prefrontal__w0,train,RMI,2.14,0,7.0116759622238085
eeg_fnirs_single_trial,subject_11,eeg_fnirs_single_trial__subject_11__session_00__prefrontal__w0,train,RMI,5.62,0,6.829915335694496
eeg_fnirs_single_trial,subject_11,eeg_fnirs_single_trial__subject_11__session_00__prefrontal__w0,train,RMI,9.88,0,7.325350659404843
eeg_fnirs_single_trial,subject_11,eeg_fnirs_single_trial__subject_11__session_00__prefrontal__w0,train,RMI,13.44,0,4.318502513950223
eeg_fnirs_single_trial,subject_11,eeg_fnirs_single_trial__subject_11__session_00__prefrontal__w0,train,RMI,15.04,0,7.8777566087655355
eeg_fnirs_single_trial,subject_11,eeg_fnirs_single_trial__subject_11__session_00__prefrontal__w0,train,RMI,16.2,0,6.999440274404739
eeg_fnirs_single_trial,subject_11,eeg_fnirs_single_trial__subject_11__session_00__prefrontal__w0,train,RMI,17.96,0,5.994485357079723
eeg_fnirs_single_trial,subject_11,eeg_fnirs_single_trial__subject_11__session_00__prefrontal__w0,train,RMI,18.84,0,7.451477713786446
eeg_fnirs_single_trial,subject_11,eeg_fnirs_single_trial__subject_11__session_00__prefrontal__w0,train,RMI,21.2,0,5.544274976964946
eeg_fnirs_single_trial,subject_11,eeg_fnirs_single_trial__subject_11__session_00__prefrontal__w0,train,RMI,22.7,0,5.582959656361089
eeg_fnirs_single_trial,subject_11,eeg_fnirs_single_trial__subject_11__session_00__prefrontal__w0,train,RMI,24.54,0,6.059964448418929
eeg_fnirs_single_trial,subject_11,eeg_fnirs_single_trial__subject_11__session_00__prefrontal__w0,train,RMI,25.58,0,5.677929549344564
eeg_fnirs_single_trial,subject_11,eeg_fnirs_single_trial__subject_11__session_00__prefrontal__w0,train,RMI,26.22,0,6.845396675310759
eeg_fnirs_single_trial,subject_11,eeg_fnirs_single_trial__subject_11__session_00__prefrontal__w0,train,RMI,27.46,0,6.692535605581846
eeg_fnirs_single_trial,subject_11,eeg_fnirs_single_trial__subject_11__session_00__prefrontal__w0,train,RMI,28.58,0,5.311963900950041
eeg_fnirs_single_trial,subject_11,eeg_fnirs_single_trial__subject_11__session_00__prefrontal__w0,train,RMI,29.56,0,6.97863301046126
eeg_fnirs_single_trial,subject_11,eeg_fnirs_single_trial__subject_11__session_00__prefrontal__w0,train,RMI,0.06,1,3.1044796733286484
eeg_fnirs_single_trial,subject_11,eeg_fnirs_single_trial__subject_11__session_00__prefrontal__w0,train,RMI,0.7,1,-19.26335164986815
eeg_fnirs_single_trial,subject_11,eeg_fnirs_single_trial__subject_11__session_00__prefrontal__w0,train,RMI,1.5,1,7.409129047469015
eeg_fnirs_single_trial,subject_11,eeg_fnirs_single_trial__subject_11__session_00__prefrontal__w0,train,RMI,2.1,1,-26.8059393442803
eeg_fnirs_single_trial,subject_11,eeg_fnirs_single_trial__subject_11__session_00__prefrontal__w0,train,RMI,3.0,1,7.948907863819928
eeg_fnirs_single_trial,subject_11,eeg_fnirs_single_trial__subject_11__session_00__prefrontal__w0,train,RMI,5.9,1,-14.732975334929327
eeg_fnirs_single_trial,subject_11,eeg_fnirs_single_trial__subject_11__session_00__prefrontal__w0,train,RMI,7.22,1,-3.8078515884179716
eeg_fnirs_single_trial,subject_11,eeg_fnirs_single_trial__subject_11__session_00__prefrontal__w0,train,RMI,9.86,1,-13.05948645130898
eeg_fnirs_single_trial,subject_11,eeg_fnirs_single_trial__subject_11__session_00__prefrontal__w0,train,RMI,11.36,1,-3.513801700862362
eeg_fnirs_single_trial,subject_11,eeg_fnirs_single_trial__subject_11__session_00__prefrontal__w0,train,RMI,12.44,1,-6.977523146099909
eeg_fnirs_single_trial,subject_11,eeg_fnirs_single_trial__subject_11__session_00__prefrontal__w0,train,RMI,13.42,1,-10.152973162272668
eeg_fnirs_single_trial,subject_11,eeg_fnirs_single_trial__subject_11__session_00__prefrontal__w0,train,RMI,15.02,1,17.019623901157686
eeg_fnirs_single_trial,subject_11,eeg_fnirs_single_trial__subject_11__session_00__prefrontal__w0,train,RMI,16.16,1,-9.427979539642111
eeg_fnirs_single_trial,subject_11,eeg_fnirs_single_trial__subject_11__session_00__prefrontal__w0,train,RMI,16.74,1,4.091950506820847
eeg_fnirs_single_trial,subject_11,eeg_fnirs_single_trial__subject_11__session_00__prefrontal__w0,train,RMI,17.92,1,-10.295894550329644
eeg_fnirs_single_trial,subject_11,eeg_fnirs_single_trial__subject_11__session_00__prefrontal__w0,train,RMI,18.78,1,-14.710055893477314
eeg_fnirs_single_trial,subject_11,eeg_fnirs_single_trial__subject_11__session_00__prefrontal__w0,train,RMI,21.16,1,-4.876199077097958
eeg_fnirs_single_trial,subject_11,eeg_fnirs_single_trial__subject_11__session_00__prefrontal__w0,train,RMI,22.74,1,3.490027011580835
eeg_fnirs_single_trial,subject_11,eeg_fnirs_single_trial__subject_11__session_00__prefrontal__w0,train,RMI,24.56,1,10.370070676918932
eeg_fnirs_single_trial,subject_11,eeg_fnirs_single_trial__subject_11__session_00__prefrontal__w0,train,RMI,25.54,1,-22.78510560666304
eeg_fnirs_single_trial,subject_11,eeg_fnirs_single_trial__subject_11__session_00__prefrontal__w0,train,RMI,26.18,1,-14.206423151883275
eeg_fnirs_single_trial,subject_11,eeg_fnirs_single_trial__subject_11__session_00__prefrontal__w0,train,RMI,26.92,1,-6.856691968268638
eeg_fnirs_single_trial,subject_11,eeg_fnirs_single_trial__subject_11__session_00__prefrontal__w0,train,RMI,27.42,1,-5.894759567120445
eeg_fnirs_single_trial,subject_11,eeg_fnirs_single_trial__subject_11__session_00__prefrontal__w0,train,RMI,28.18,1,-9.526520471638097
eeg_fnirs_single_trial,subject_11,eeg_fnirs_single_trial__subject_11__session_00__prefrontal__w0,train,RMI,29.02,1,-27.633976186098987
eeg_fnirs_single_trial,subject_11,eeg_fnirs_single_trial__subject_11__session_00__prefrontal__w0,train,RMI,29.56,1,10.710291486852482
eeg_fnirs_single_trial,subject_11,eeg_fnirs_single_trial__subject_11__session_00__prefrontal__w2,train,LMI,0.2,0,7.313256078550371
eeg_fnirs_single_trial,subject_11,eeg_fnirs_single_trial__subject_11__session_00__prefrontal__w2,train,LMI,0.76,0,6.106378548151275
eeg_fnirs_single_trial,subject_11,eeg_fnirs_single_trial__subject_11__session_00__prefrontal__w2,train,LMI,1.34,0,6.455656440254623
eeg_fnirs_single_trial,subject_11,eeg_fnirs_single_trial__subject_11__session_00__prefrontal__w2,train,LMI,2.44,0,8.739865625064532
eeg_fnirs_single_trial,subject_11,eeg_fnirs_single_trial__subject_11__session_00__prefrontal__w2,train,LMI,3.08,0,5.832608743977654
eeg_fnirs_single_trial,subject_11,eeg_fnirs_single_trial__subject_11__session_00__prefrontal__w2,train,LMI,5.6,0,-5.40624694285741
eeg_fnirs_single_trial,subject_11,eeg_fnirs_single_trial__subject_11__session_00__prefrontal__w2,train,LMI,6.3,0,6.180728261543399
eeg_fnirs_single_trial,subject_11,eeg_fnirs_single_trial__subject_11__session_00__prefrontal__w2,train,LMI,7.76,0,6.976560063659005
eeg_fnirs_single_trial,subject_11,eeg_fnirs_single_trial__subject_11__session_00__prefrontal__w2,train,LMI,8.5,0,6.5688672651748465
eeg_fnirs_single_trial,subject_11,eeg_fnirs_single_trial__subject_11__session_00__prefrontal__w2,train,LMI,10.84,0,6.159871483979685
eeg_fnirs_single_trial,subject_11,eeg_fnirs_single_trial__subject_11__session_00__prefrontal__w2,train,LMI,12.52,0,7.266234326248981
eeg_fnirs_single_trial,subject_11,eeg_fnirs_single_trial__subject_11__session_00__prefrontal__w2,train,LMI,14.02,0,7.159265418904866
eeg_fnirs_single_trial,subject_11,eeg_fnirs_single_trial__subject_11__session_00__prefrontal__w2,train,LMI,16.04,0,6.093657924253524
eeg_fnirs_single_trial,subject_11,eeg_fnirs_single_trial__subject_11__session_00__prefrontal__w2,train,LMI,16.72,0,6.29551876052923
eeg_fnirs_single_trial,subject_11,eeg_fnirs_single_trial__subject_11__session_00__prefrontal__w2,train,LMI,18.08,0,5.477211905988348
eeg_fnirs_single_trial,subject_11,eeg_fnirs_single_trial__subject_11__session_00__prefrontal__w2,train,LMI,19.42,0,5.834234074355987
eeg_fnirs_single_trial,subject_11,eeg_fnirs_single_trial__subject_11__session_00__prefrontal__w2,train,LMI,20.24,0,7.991358561002096
eeg_fnirs_single_trial,subject_11,eeg_fnirs_single_trial__subject_11__session_00__prefrontal__w2,train,LMI,21.36,0,6.5652120253458754
eeg_fnirs_single_trial,subject_11,eeg_fnirs_single_trial__subject_11__session_00__prefrontal__w2,train,LMI,22.48,0,5.8947832354048675
eeg_fnirs_single_trial,subject_11,eeg_fnirs_single_trial__subject_11__session_00__prefrontal__w2,train,LMI,24.46,0,5.782093008174867
eeg_fnirs_single_trial,subject_11,eeg_fnirs_single_trial__subject_11__session_00__prefrontal__w2,train,LMI,0.14,1,17.409198367648063
eeg_fnirs_single_trial,subject_11,eeg_fnirs_single_trial__subject_11__session_00__prefrontal__w2,train,LMI,0.64,1,-18.383566827522742
eeg_fnirs_single_trial,subject_11,eeg_fnirs_single_trial__subject_11__session_00__prefrontal__w2,train,LMI,1.62,1,-14.966672276927746
eeg_fnirs_single_trial,subject_11,eeg_fnirs_single_trial__subject_11__session_00__prefrontal__w2,train,LMI,2.14,1,-17.209120304815553
eeg_fnirs_single_trial,subject_11,eeg_fnirs_single_trial__subject_11__session_00__prefrontal__w2,train,LMI,3.04,1,-4.547208987916886
eeg_fnirs_single_trial,subject_11,eeg_fnirs_single_trial__subject_11__session_00__prefrontal__w2,train,LMI,4.26,1,-3.7312522072182084
eeg_fnirs_single_trial,subject_11,eeg_fnirs_single_trial__subject_11__session_00__prefrontal__w2,train,LMI,5.66,1,-24.031590507114718
eeg_fnirs_single_trial,subject_11,eeg_fnirs_single_trial__subject_11__session_00__prefrontal__w2,train,LMI,6.64,1,-17.079258826679087
eeg_fnirs_single_trial,subject_11,eeg_fnirs_single_trial__subject_11__session_00__prefrontal__w2,train,LMI,7.64,1,-10.292770073710072
eeg_fnirs_single_trial,subject_11,eeg_fnirs_single_trial__subject_11__session_00__prefrontal__w2,train,LMI,8.48,1,11.431247674826365
eeg_fnirs_single_trial,subject_11,eeg_fnirs_single_trial__subject_11__session_00__prefrontal__w2,train,LMI,9.04,1,4.635978044458879
eeg_fnirs_single_trial,subject_11,eeg_fnirs_single_trial__subject_11__session_00__prefrontal__w2,train,LMI,10.36,1,-21.426990479179754
eeg_fnirs_single_trial,subject_11,eeg_fnirs_single_trial__subject_11__session_00__prefrontal__w2,train,LMI,11.26,1,-6.94209874296948
eeg_fnirs_single_trial,subject_11,eeg_fnirs_single_trial__subject_11__session_00__prefrontal__w2,train,LMI,12.42,1,7.2046726679402955
eeg_fnirs_single_trial,subject_11,eeg_fnirs_single_trial__subject_11__session_00__prefrontal__w2,train,LMI,12.98,1,10.870090232041118
eeg_fnirs_single_trial,subject_11,eeg_fnirs_single_trial__subject_11__session_00__prefrontal__w2,train,LMI,14.02,1,16.701226338645522
eeg_fnirs_single_trial,subject_11,eeg_fnirs_single_trial__subject_11__session_00__prefrontal__w2,train,LMI,14.8,1,-6.967541813499871
eeg_fnirs_single_trial,subject_11,eeg_fnirs_single_trial__subject_11__session_00__prefrontal__w2,train,LMI,15.32,1,3.928657734615557
eeg_fnirs_single_trial,subject_11,eeg_fnirs_single_trial__subject_11__session_00__prefrontal__w2,train,LMI,15.94,1,-25.94057386920399
eeg_fnirs_single_trial,subject_11,eeg_fnirs_single_trial__subject_11__session_00__prefrontal__w2,train,LMI,16.66,1,-7.631309182124796
eeg_fnirs_single_trial,subject_11,eeg_fnirs_single_trial__subject_11__session_00__prefrontal__w2,train,LMI,18.02,1,-6.8446180084325
eeg_fnirs_single_trial,subject_11,eeg_fnirs_single_trial__subject_11__session_00__prefrontal__w2,train,LMI,19.1,1,-4.390900098671182
eeg_fnirs_single_trial,subject_11,eeg_fnirs_single_trial__subject_11__session_00__prefrontal__w2,train,LMI,19.9,1,-11.754217898075131
eeg_fnirs_single_trial,subject_11,eeg_fnirs_single_trial__subject_11__session_00__prefrontal__w2,train,LMI,20.74,1,7.827569894658162
eeg_fnirs_single_trial,subject_11,eeg_fnirs_single_trial__subject_11__session_00__prefrontal__w2,train,LMI,21.32,1,-11.540163996602926
eeg_fnirs_single_trial,subject_11,eeg_fnirs_single_trial__subject_11__session_00__prefrontal__w2,train,LMI,21.92,1,-7.581782568617115
eeg_fnirs_single_trial,subject_11,eeg_fnirs_single_trial__subject_11__session_00__prefrontal__w2,train,LMI,22.52,1,6.944575776087909
eeg_fnirs_single_trial,subject_11,eeg_fnirs_single_trial__subject_11__session_00__prefrontal__w2,train,LMI,23.06,1,14.55927311872666
eeg_fnirs_single_trial,subject_11,eeg_fnirs_single_trial__subject_11__session_00__prefrontal__w2,train,LMI,24.4,1,-9.947536445411636
eeg_fnirs_single_trial,subject_11,eeg_fnirs_single_trial__subject_11__session_00__prefrontal__w2,train,LMI,29.02,1,-5.350662001201755
eeg_fnirs_single_trial,subject_11,eeg_fnirs_single_trial__subject_11__session_00__prefrontal__w4,train,LMI,2.64,0,4.409957705838639
eeg_fnirs_single_trial,subject_11,eeg_fnirs_single_trial__subject_11__session_00__prefrontal__w4,train,LMI,4.66,0,6.228156289313335
eeg_fnirs_single_trial,subject_11,eeg_fnirs_single_trial__subject_11__session_00__prefrontal__w4,train,LMI,7.4,0,-5.202911809485777
eeg_fnirs_single_trial,subject_11,eeg_fnirs_single_trial__subject_11__session_00__prefrontal__w4,train,LMI,9.12,0,-5.627127810798806
eeg_fnirs_single_trial,subject_11,eeg_fnirs_single_trial__subject_11__session_00__prefrontal__w4,train,LMI,12.32,0,8.56903145614578
eeg_fnirs_single_trial,subject_11,eeg_fnirs_single_trial__subject_11__session_00__prefrontal__w4,train,LMI,13.66,0,6.482046463411172
eeg_fnirs_single_trial,subject_11,eeg_fnirs_single_trial__subject_11__session_00__prefrontal__w4,train,LMI,16.32,0,6.6916509311521875
eeg_fnirs_single_trial,subject_11,eeg_fnirs_single_trial__subject_11__session_00__prefrontal__w4,train,LMI,17.24,0,6.453078580192431
eeg_fnirs_single_trial,subject_11,eeg_fnirs_single_trial__subject_11__session_00__prefrontal__w4,train,LMI,17.82,0,6.017154223568178
eeg_fnirs_single_trial,subject_11,eeg_fnirs_single_trial__subject_11__session_00__prefrontal__w4,train,LMI,18.34,0,5.82334890701843
eeg_fnirs_single_trial,subject_11,eeg_fnirs_single_trial__subject_11__session_00__prefrontal__w4,train,LMI,21.24,0,4.289414264872538
eeg_fnirs_single_trial,subject_11,eeg_fnirs_single_trial__subject_11__session_00__prefrontal__w4,train,LMI,23.24,0,5.620710018164322
eeg_fnirs_single_trial,subject_11,eeg_fnirs_single_trial__subject_11__session_00__prefrontal__w4,train,LMI,24.84,0,5.905041036955549
eeg_fnirs_single_trial,subject_11,eeg_fnirs_single_trial__subject_11__session_00__prefrontal__w4,train,LMI,26.12,0,7.559574983926395
eeg_fnirs_single_trial,subject_11,eeg_fnirs_single_trial__subject_11__session_00__prefrontal__w4,train,LMI,27.78,0,6.250453426822488
eeg_fnirs_single_trial,subject_11,eeg_fnirs_single_trial__subject_11__session_00__prefrontal__w4,train,LMI,28.68,0,4.743097437016976
eeg_fnirs_single_trial,subject_11,eeg_fnirs_single_trial__subject_11__session_00__prefrontal__w4,train,LMI,29.3,0,6.692498989727844
eeg_fnirs_single_trial,subject_11,eeg_fnirs_single_trial__subject_11__session_00__prefrontal__w4,train,LMI,29.94,0,3.70317344253988
eeg_fnirs_single_trial,subject_11,eeg_fnirs_single_trial__subject_11__session_00__prefrontal__w4,train,LMI,0.14,1,-6.048788418003643
eeg_fnirs_single_trial,subject_11,eeg_fnirs_single_trial__subject_11__session_00__prefrontal__w4,train,LMI,0.64,1,6.440809967149572
eeg_fnirs_single_trial,subject_11,eeg_fnirs_single_trial__subject_11__session_00__prefrontal__w4,train,LMI,2.62,1,-8.951068298182827
eeg_fnirs_single_trial,subject_11,eeg_fnirs_single_trial__subject_11__session_00__prefrontal__w4,train,LMI,3.34,1,17.270761537300896
eeg_fnirs_single_trial,subject_11,eeg_fnirs_single_trial__subject_11__session_00__prefrontal__w4,train,LMI,4.62,1,-4.9294944865479975
eeg_fnirs_single_trial,subject_11,eeg_fnirs_single_trial__subject_11__session_00__prefrontal__w4,train,LMI,5.26,1,-12.29213460001079
eeg_fnirs_single_trial,subject_11,eeg_fnirs_single_trial__subject_11__session_00__prefrontal__w4,train,LMI,6.2,1,6.8471692626591585
eeg_fnirs_single_trial,subject_11,eeg_fnirs_single_trial__subject_11__session_00__prefrontal__w4,train,LMI,6.86,1,6.477986870426173
eeg_fnirs_single_trial,subject_11,eeg_fnirs_single_trial__subject_11__session_00__prefrontal__w4,train,LMI,7.46,1,-11.042998946289035
eeg_fnirs_single_trial,subject_11,eeg_fnirs_single_trial__subject_11__session_00__prefrontal__w4,train,LMI,9.06,1,6.78834985855998
eeg_fnirs_single_trial,subject_11,eeg_fnirs_single_trial__subject_11__session_00__prefrontal__w4,train,LMI,9.88,1,-9.229043714058697
eeg_fnirs_single_trial,subject_11,eeg_fnirs_single_trial__subject_11__session_00__prefrontal__w4,train,LMI,10.82,1,10.247028191654275
eeg_fnirs_single_trial,subject_11,eeg_fnirs_single_trial__subject_11__session_00__prefrontal__w4,train,LMI,11.58,1,-6.47810865503227
eeg_fnirs_single_trial,subject_11,eeg_fnirs_single_trial__subject_11__session_00__prefrontal__w4,train,LMI,12.16,1,7.33658837539873
eeg_fnirs_single_trial,subject_11,eeg_fnirs_single_trial__subject_11__session_00__prefrontal__w4,train,LMI,12.9,1,3.29760254605631
eeg_fnirs_single_trial,subject_11,eeg_fnirs_single_trial__subject_11__session_00__prefrontal__w4,train,LMI,13.62,1,-10.310031509595605
eeg_fnirs_single_trial,subject_11,eeg_fnirs_single_trial__subject_11__session_00__prefrontal__w4,train,LMI,16.34,1,3.812631266567851
eeg_fnirs_single_trial,subject_11,eeg_fnirs_single_trial__subject_11__session_00__prefrontal__w4,train,LMI,17.18,1,-5.426616953683613
eeg_fnirs_single_trial,subject_11,eeg_fnirs_single_trial__subject_11__session_00__prefrontal__w4,train,LMI,17.72,1,-12.728042564013206
eeg_fnirs_single_trial,subject_11,eeg_fnirs_single_trial__subject_11__session_00__prefrontal__w4,train,LMI,18.4,1,17.74521632796014
eeg_fnirs_single_trial,subject_11,eeg_fnirs_single_trial__subject_11__session_00__prefrontal__w4,train,LMI,19.22,1,-6.371980018169506
eeg_fnirs_single_trial,subject_11,eeg_fnirs_single_trial__subject_11__session_00__prefrontal__w4,train,LMI,20.3,1,5.270956604424571
eeg_fnirs_single_trial,subject_11,eeg_fnirs_single_trial__subject_11__session_00__prefrontal__w4,train,LMI,21.22,1,-13.332977047987399
eeg_fnirs_single_trial,subject_11,eeg_fnirs_single_trial__subject_11__session_00__prefrontal__w4,train,LMI,22.24,1,-7.3813651425081845
eeg_fnirs_single_trial,subject_11,eeg_fnirs_single_trial__subject_11__session_00__prefrontal__w4,train,LMI,22.76,1,-19.768396513123456
eeg_fnirs_single_trial,subject_11,eeg_fnirs_single_trial__subject_11__session_00__prefrontal__w4,train,LMI,23.7,1,20.866508140963333
eeg_fnirs_single_trial,subject_11,eeg_fnirs_single_trial__subject_11__session_00__prefrontal__w4,train,LMI,24.84,1,22.632857979942322
eeg_fnirs_single_trial,subject_11,eeg_fnirs_single_trial__subject_11__session_00__prefrontal__w4,train,LMI,25.94,1,-17.52330906992303
eeg_fnirs_single_trial,subject_11,eeg_fnirs_single_trial__subject_11__session_00__prefrontal__w4,train,LMI,27.06,1,12.831838174127329
eeg_fnirs_single_trial,subject_11,eeg_fnirs_single_trial__subject_11__session_00__prefrontal__w4,train,LMI,27.74,1,-14.82421113558813
eeg_fnirs_single_trial,subject_11,eeg_fnirs_single_trial__subject_11__session_00__prefrontal__w4,train,LMI,28.62,1,-21.54462313339381
eeg_fnirs_single_trial,subject_11,eeg_fnirs_single_trial__subject_11__session_00__prefrontal__w4,train,LMI,29.26,1,-26.217090150015764
eeg_fnirs_single_trial,subject_11,eeg_fnirs_single_trial__subject_11__session_00__prefrontal__w4,train,LMI,29.9,1,-13.53523893144075
eeg_fnirs_single_trial,subject_11,eeg_fnirs_single_trial__subject_11__session_00__prefrontal__w6,train,LMI,0.38,0,6.870747051143143
eeg_fnirs_single_trial,subject_11,eeg_fnirs_single_trial__subject_11__session_00__prefrontal__w6,train,LMI,1.22,0,5.199271734527639
eeg_fnirs_single_trial,subject_11,eeg_fnirs_single_trial__subject_11__session_00__prefrontal__w6,train,LMI,1.78,0,7.123215689956655
eeg_fnirs_single_trial,subject_11,eeg_fnirs_single_trial__subject_11__session_00__prefrontal__w6,train,LMI,4.3,0,6.082473945254364
eeg_fnirs_single_trial,subject_11,eeg_fnirs_single_trial__subject_11__session_00__prefrontal__w6,train,LMI,5.84,0,7.591228076502125
eeg_fnirs_single_trial,subject_11,eeg_fnirs_single_trial__subject_11__session_00__prefrontal__w6,train,LMI,6.74,0,5.028223229297671
eeg_fnirs_single_trial,subject_11,eeg_fnirs_single_trial__subject_11__session_00__prefrontal__w6,train,LMI,7.28,0,6.314565102062594
eeg_fnirs_single_trial,subject_11,eeg_fnirs_single_trial__subject_11__session_00__prefrontal__w6,train,LMI,8.84,0,5.604917714101832
eeg_fnirs_single_trial,subject_11,eeg_fnirs_single_trial__subject_11__session_00__prefrontal__w6,train,LMI,9.8,0,7.384333081490491
eeg_fnirs_single_trial,subject_11,eeg_fnirs_single_trial__subject_11__session_00__prefrontal__w6,train,LMI,11.56,0,6.219287478865751
eeg_fnirs_single_trial,subject_11,eeg_fnirs_single_trial__subject_11__session_00__prefrontal__w6,train,LMI,12.9,0,8.342347109639935
eeg_fnirs_single_trial,subject_11,eeg_fnirs_single_trial__subject_11__session_00__prefrontal__w6,train,LMI,14.58,0,7.100872156525306
eeg_fnirs_single_trial,subject_11,eeg_fnirs_single_trial__subject_11__session_00__prefrontal__w6,train,LMI,15.94,0,6.415877652136507
eeg_fnirs_single_trial,subject_11,eeg_fnirs_single_trial__subject_11__session_00__prefrontal__w6,train,LMI,18.3,0,7.098660510620543
eeg_fnirs_single_trial,subject_11,eeg_fnirs_single_trial__subject_11__session_00__prefrontal__w6,train,LMI,18.82,0,6.161615590791462
eeg_fnirs_single_trial,subject_11,eeg_fnirs_single_trial__subject_11__session_00__prefrontal__w6,train,LMI,19.52,0,-4.304214949784152
eeg_fnirs_single_trial,subject_11,eeg_fnirs_single_trial__subject_11__session_00__prefrontal__w6,train,LMI,21.34,0,-4.862487028728529
eeg_fnirs_single_trial,subject_11,eeg_fnirs_single_trial__subject_11__session_00__prefrontal__w6,train,LMI,23.26,0,6.3583178953052775
eeg_fnirs_single_trial,subject_11,eeg_fnirs_single_trial__subject_11__session_00__prefrontal__w6,train,LMI,24.46,0,7.628732562280923
eeg_fnirs_single_trial,subject_11,eeg_fnirs_single_trial__subject_11__session_00__prefrontal__w6,train,LMI,25.44,0,6.378825155512573
eeg_fnirs_single_trial,subject_11,eeg_fnirs_single_trial__subject_11__session_00__prefrontal__w6,train,LMI,27.28,0,5.802041328200989
eeg_fnirs_single_trial,subject_11,eeg_fnirs_single_trial__subject_11__session_00__prefrontal__w6,train,LMI,28.14,0,5.44441351395249
eeg_fnirs_single_trial,subject_11,eeg_fnirs_single_trial__subject_11__session_00__prefrontal__w6,train,LMI,0.28,1,-18.008068698567747
eeg_fnirs_single_trial,subject_11,eeg_fnirs_single_trial__subject_11__session_00__prefrontal__w6,train,LMI,0.84,1,17.136345720939747
eeg_fnirs_single_trial,subject_11,eeg_fnirs_single_trial__subject_11__session_00__prefrontal__w6,train,LMI,1.62,1,-5.118443941765184
eeg_fnirs_single_trial,subject_11,eeg_fnirs_single_trial__subject_11__session_00__prefrontal__w6,train,LMI,2.24,1,-9.177349612800448
eeg_fnirs_single_trial,subject_11,eeg_fnirs_single_trial__subject_11__session_00__prefrontal__w6,train,LMI,3.22,1,11.445552250506239
eeg_fnirs_single_trial,subject_11,eeg_fnirs_single_trial__subject_11__session_00__prefrontal__w6,train,LMI,4.26,1,-12.818549498316424
eeg_fnirs_single_trial,subject_11,eeg_fnirs_single_trial__subject_11__session_00__prefrontal__w6,train,LMI,4.8,1,10.605113449505145
eeg_fnirs_single_trial,subject_11,eeg_fnirs_single_trial__subject_11__session_00__prefrontal__w6,train,LMI,5.8,1,-22.64625453391733
eeg_fnirs_single_trial,subject_11,eeg_fnirs_single_trial__subject_11__session_00__prefrontal__w6,train,LMI,6.46,1,-15.519548391510334
eeg_fnirs_single_trial,subject_11,eeg_fnirs_single_trial__subject_11__session_00__prefrontal__w6,train,LMI,7.04,1,-9.549687847918173
eeg_fnirs_single_trial,subject_11,eeg_fnirs_single_trial__subject_11__session_00__prefrontal__w6,train,LMI,8.08,1,10.215724640414745
eeg_fnirs_single_trial,subject_11,eeg_fnirs_single_trial__subject_11__session_00__prefrontal__w6,train,LMI,8.78,1,-21.245875703161428
eeg_fnirs_single_trial,subject_11,eeg_fnirs_single_trial__subject_11__session_00__prefrontal__w6,train,LMI,9.6,1,11.961598740527352
eeg_fnirs_single_trial,subject_11,eeg_fnirs_single_trial__subject_11__session_00__prefrontal__w6,train,LMI,10.5,1,15.914148997797945
eeg_fnirs_single_trial,subject_11,eeg_fnirs_single_trial__subject_11__session_00__prefrontal__w6,train,LMI,11.16,1,-16.562882225311395
eeg_fnirs_single_trial,subject_11,eeg_fnirs_single_trial__subject_11__session_00__prefrontal__w6,train,LMI,12.12,1,5.727834274469775
eeg_fnirs_single_trial,subject_11,eeg_fnirs_single_trial__subject_11__session_00__prefrontal__w6,train,LMI,12.96,1,4.434002364371633
eeg_fnirs_single_trial,subject_11,eeg_fnirs_single_trial__subject_11__session_00__prefrontal__w6,train,LMI,13.54,1,-16.92542457932261
eeg_fnirs_single_trial,subject_11,eeg_fnirs_single_trial__subject_11__session_00__prefrontal__w6,train,LMI,14.2,1,9.392285541645252
eeg_fnirs_single_trial,subject_11,eeg_fnirs_single_trial__subject_11__session_00__prefrontal__w6,train,LMI,14.96,1,-6.528644106604562
eeg_fnirs_single_trial,subject_11,eeg_fnirs_single_trial__subject_11__session_00__prefrontal__w6,train,LMI,15.46,1,7.8427122018441215
eeg_fnirs_single_trial,subject_11,eeg_fnirs_single_trial__subject_11__session_00__prefrontal__w6,train,LMI,16.3,1,19.158030145115607
eeg_fnirs_single_trial,subject_11,eeg_fnirs_single_trial__subject_11__session_00__prefrontal__w6,train,LMI,18.2,1,-15.825743585009358
eeg_fnirs_single_trial,subject_11,eeg_fnirs_single_trial__subject_11__session_00__prefrontal__w6,train,LMI,18.84,1,5.364594569038603
eeg_fnirs_single_trial,subject_11,eeg_fnirs_single_trial__subject_11__session_00__prefrontal__w6,train,LMI,19.56,1,-3.139527557476425
eeg_fnirs_single_trial,subject_11,eeg_fnirs_single_trial__subject_11__session_00__prefrontal__w6,train,LMI,21.5,1,-3.744559243983516
eeg_fnirs_single_trial,subject_11,eeg_fnirs_single_trial__subject_11__session_00__prefrontal__w6,train,LMI,22.12,1,-4.4589738596017
eeg_fnirs_single_trial,subject_11,eeg_fnirs_single_trial__subject_11__session_00__prefrontal__w6,train,LMI,23.3,1,3.9326217370917296
eeg_fnirs_single_trial,subject_11,eeg_fnirs_single_trial__subject_11__session_00__prefrontal__w6,train,LMI,24.1,1,4.581613576928775
eeg_fnirs_single_trial,subject_11,eeg_fnirs_single_trial__subject_11__session_00__prefrontal__w6,train,LMI,26.08,1,-3.071649563042585
eeg_fnirs_single_trial,subject_11,eeg_fnirs_single_trial__subject_11__session_00__prefrontal__w6,train,LMI,27.22,1,-6.1791072090045125
eeg_fnirs_single_trial,subject_11,eeg_fnirs_single_trial__subject_11__session_00__prefrontal__w6,train,LMI,28.66,1,-8.075155332968901
eeg_fnirs_single_trial,subject_11,eeg_fnirs_single_trial__subject_11__session_00__prefrontal__w8,train,RMI,1.52,0,6.518525725475855
eeg_fnirs_single_trial,subject_11,eeg_fnirs_single_trial__subject_11__session_00__prefrontal__w8,train,RMI,2.84,0,6.132763297622447
eeg_fnirs_single_trial,subject_11,eeg_fnirs_single_trial__subject_11__session_00__prefrontal__w8,train,RMI,4.36,0,-3.0667692895642404
eeg_fnirs_single_trial,subject_11,eeg_fnirs_single_trial__subject_11__session_00__prefrontal__w8,train,RMI,4.88,0,6.754778352458678
eeg_fnirs_single_trial,subject_11,eeg_fnirs_single_trial__subject_11__session_00__prefrontal__w8,train,RMI,5.68,0,-7.098358547275171
eeg_fnirs_single_trial,subject_11,eeg_fnirs_single_trial__subject_11__session_00__prefrontal__w8,train,RMI,6.72,0,-4.912042357540048
eeg_fnirs_single_trial,subject_11,eeg_fnirs_single_trial__subject_11__session_00__prefrontal__w8,train,RMI,7.36,0,6.705884077222186
eeg_fnirs_single_trial,subject_11,eeg_fnirs_single_trial__subject_11__session_00__prefrontal__w8,train,RMI,8.5,0,5.5366099794459505
eeg_fnirs_single_trial,subject_11,eeg_fnirs_single_trial__subject_11__session_00__prefrontal__w8,train,RMI,9.64,0,5.914811222339041
eeg_fnirs_single_trial,subject_11,eeg_fnirs_single_trial__subject_11__session_00__prefrontal__w8,train,RMI,10.22,0,6.166717546848936
eeg_fnirs_single_trial,subject_11,eeg_fnirs_single_trial__subject_11__session_00__prefrontal__w8,train,RMI,12.82,0,6.955470876029136
eeg_fnirs_single_trial,subject_11,eeg_fnirs_single_trial__subject_11__session_00__prefrontal__w8,train,RMI,13.96,0,6.968768689433929
eeg_fnirs_single_trial,subject_11,eeg_fnirs_single_trial__subject_11__session_00__prefrontal__w8,train,RMI,15.24,0,5.888578313111896
eeg_fnirs_single_trial,subject_11,eeg_fnirs_single_trial__subject_11__session_00__prefrontal__w8,train,RMI,17.0,0,6.944116601185834
eeg_fnirs_single_trial,subject_11,eeg_fnirs_single_trial__subject_11__session_00__prefrontal__w8,train,RMI,18.54,0,7.275806494323165
eeg_fnirs_single_trial,subject_11,eeg_fnirs_single_trial__subject_11__session_00__prefrontal__w8,train,RMI,20.2,0,5.762027621647525
eeg_fnirs_single_trial,subject_11,eeg_fnirs_single_trial__subject_11__session_00__prefrontal__w8,train,RMI,21.06,0,5.611934943022317
eeg_fnirs_single_trial,subject_11,eeg_fnirs_single_trial__subject_11__session_00__prefrontal__w8,train,RMI,22.18,0,5.47260098717382
eeg_fnirs_single_trial,subject_11,eeg_fnirs_single_trial__subject_11__session_00__prefrontal__w8,train,RMI,22.88,0,6.140895768696277
eeg_fnirs_single_trial,subject_11,eeg_fnirs_single_trial__subject_11__session_00__prefrontal__w8,train,RMI,23.46,0,4.533227877227501
eeg_fnirs_single_trial,subject_11,eeg_fnirs_single_trial__subject_11__session_00__prefrontal__w8,train,RMI,24.38,0,6.610599921765862
eeg_fnirs_single_trial,subject_11,eeg_fnirs_single_trial__subject_11__session_00__prefrontal__w8,train,RMI,25.36,0,4.811663788402051
eeg_fnirs_single_trial,subject_11,eeg_fnirs_single_trial__subject_11__session_00__prefrontal__w8,train,RMI,26.46,0,6.706039344235764
eeg_fnirs_single_trial,subject_11,eeg_fnirs_single_trial__subject_11__session_00__prefrontal__w8,train,RMI,27.98,0,6.529803608781666
eeg_fnirs_single_trial,subject_11,eeg_fnirs_single_trial__subject_11__session_00__prefrontal__w8,train,RMI,29.26,0,6.617138318631901
eeg_fnirs_single_trial,subject_11,eeg_fnirs_single_trial__subject_11__session_00__prefrontal__w8,train,RMI,0.7,1,-11.821968810059127
eeg_fnirs_single_trial,subject_11,eeg_fnirs_single_trial__subject_11__session_00__prefrontal__w8,train,RMI,1.26,1,9.33332765603829
eeg_fnirs_single_trial,subject_11,eeg_fnirs_single_trial__subject_11__session_00__prefrontal__w8,train,RMI,2.84,1,9.361409418599422
eeg_fnirs_single_trial,subject_11,eeg_fnirs_single_trial__subject_11__session_00__prefrontal__w8,train,RMI,4.42,1,-14.327328883929267
eeg_fnirs_single_trial,subject_11,eeg_fnirs_single_trial__subject_11__session_00__prefrontal__w8,train,RMI,5.22,1,3.258775223296999
eeg_fnirs_single_trial,subject_11,eeg_fnirs_single_trial__subject_11__session_00__prefrontal__w8,train,RMI,5.86,1,-11.059971088653569
eeg_fnirs_single_trial,subject_11,eeg_fnirs_single_trial__subject_11__session_00__prefrontal__w8,train,RMI,6.54,1,5.287317916839815
eeg_fnirs_single_trial,subject_11,eeg_fnirs_single_trial__subject_11__session_00__prefrontal__w8,train,RMI,7.42,1,-5.9019622537897325
eeg_fnirs_single_trial,subject_11,eeg_fnirs_single_trial__subject_11__session_00__prefrontal__w8,train,RMI,8.44,1,-23.977370786706043
eeg_fnirs_single_trial,subject_11,eeg_fnirs_single_trial__subject_11__session_00__prefrontal__w8,train,RMI,9.26,1,25.80910828083818
eeg_fnirs_single_trial,subject_11,eeg_fnirs_single_trial__subject_11__session_00__prefrontal__w8,train,RMI,10.64,1,5.608830863452232
eeg_fnirs_single_trial,subject_11,eeg_fnirs_single_trial__subject_11__session_00__prefrontal__w8,train,RMI,11.22,1,-14.870443718204028
eeg_fnirs_single_trial,subject_11,eeg_fnirs_single_trial__subject_11__session_00__prefrontal__w8,train,RMI,11.88,1,-3.9627521217517647
eeg_fnirs_single_trial,subject_11,eeg_fnirs_single_trial__subject_11__session_00__prefrontal__w8,train,RMI,12.42,1,12.996298856766039
eeg_fnirs_single_trial,subject_11,eeg_fnirs_single_trial__subject_11__session_00__prefrontal__w8,train,RMI,13.32,1,5.636253338698251
eeg_fnirs_single_trial,subject_11,eeg_fnirs_single_trial__subject_11__session_00__prefrontal__w8,train,RMI,13.9,1,-6.519076776508094
eeg_fnirs_single_trial,subject_11,eeg_fnirs_single_trial__subject_11__session_00__prefrontal__w8,train,RMI,14.74,1,5.846681402271984
eeg_fnirs_single_trial,subject_11,eeg_fnirs_single_trial__subject_11__session_00__prefrontal__w8,train,RMI,16.0,1,-7.856330233759291
eeg_fnirs_single_trial,subject_11,eeg_fnirs_single_trial__subject_11__session_00__prefrontal__w8,train,RMI,16.98,1,10.158840011492224
eeg_fnirs_single_trial,subject_11,eeg_fnirs_single_trial__subject_11__session_00__prefrontal__w8,train,RMI,18.5,1,-10.29104531008541
eeg_fnirs_single_trial,subject_11,eeg_fnirs_single_trial__subject_11__session_00__prefrontal__w8,train,RMI,19.7,1,6.784168719738365
eeg_fnirs_single_trial,subject_11,eeg_fnirs_single_trial__subject_11__session_00__prefrontal__w8,train,RMI,20.26,1,4.103678701964038
eeg_fnirs_single_trial,subject_11,eeg_fnirs_single_trial__subject_11__session_00__prefrontal__w8,train,RMI,21.06,1,5.2241987326564825
eeg_fnirs_single_trial,subject_11,eeg_fnirs_single_trial__subject_11__session_00__prefrontal__w8,train,RMI,22.18,1,15.312819087404725
eeg_fnirs_single_trial,subject_11,eeg_fnirs_single_trial__subject_11__session_00__prefrontal__w8,train,RMI,22.78,1,-23.49265911741555
eeg_fnirs_single_trial,subject_11,eeg_fnirs_single_trial__subject_11__session_00__prefrontal__w8,train,RMI,23.42,1,-27.826598951601095
eeg_fnirs_single_trial,subject_11,eeg_fnirs_single_trial__subject_11__session_00__prefrontal__w8,train,RMI,24.22,1,-7.108698503617579
eeg_fnirs_single_trial,subject_11,eeg_fnirs_single_trial__subject_11__session_00__prefrontal__w8,train,RMI,24.74,1,-9.299724664255763
eeg_fnirs_single_trial,subject_11,eeg_fnirs_single_trial__subject_11__session_00__prefrontal__w8,train,RMI,25.34,1,23.30996962113353
eeg_fnirs_single_trial,subject_11,eeg_fnirs_single_trial__subject_11__session_00__prefrontal__w8,train,RMI,26.48,1,4.730767483396148
eeg_fnirs_single_trial,subject_11,eeg_fnirs_single_trial__subject_11__session_00__prefrontal__w8,train,RMI,27.06,1,-4.945735306233862
eeg_fnirs_single_trial,subject_11,eeg_fnirs_single_trial__subject_11__session_00__prefrontal__w8,train,RMI,28.0,1,6.0689071580895195
eeg_fnirs_single_trial,subject_11,eeg_fnirs_single_trial__subject_11__session_00__prefrontal__w8,train,RMI,29.22,1,-5.422888996414025
eeg_fnirs_single_trial,subject_11,eeg_fnirs_single_trial__subject_11__session_00__prefrontal__w8,train,RMI,29.86,1,-7.869711788963713
eeg_fnirs_single_trial,subject_11,eeg_fnirs_single_trial__subject_11__session_00__prefrontal__w10,train,RMI,1.94,0,-4.393986886098905
eeg_fnirs_single_trial,subject_11,eeg_fnirs_single_trial__subject_11__session_00__prefrontal__w10,train,RMI,2.64,0,7.52722301504927
eeg_fnirs_single_trial,subject_11,eeg_fnirs_single_trial__subject_11__session_00__prefrontal__w10,train,RMI,3.78,0,6.5210498217661215
eeg_fnirs_single_trial,subject_11,eeg_fnirs_single_trial__subject_11__session_00__prefrontal__w10,train,RMI,5.24,0,6.240412103936443
eeg_fnirs_single_trial,subject_11,eeg_fnirs_single_trial__subject_11__session_00__prefrontal__w10,train,RMI,5.86,0,3.1734839947232927
eeg_fnirs_single_trial,subject_11,eeg_fnirs_single_trial__subject_11__session_00__prefrontal__w10,train,RMI,7.34,0,5.254054221062071
eeg_fnirs_single_trial,subject_11,eeg_fnirs_single_trial__subject_11__session_00__prefrontal__w10,train,RMI,8.9,0,5.298946434287685
eeg_fnirs_single_trial,subject_11,eeg_fnirs_single_trial__subject_11__session_00__prefrontal__w10,train,RMI,9.5,0,6.103923890836232
eeg_fnirs_single_trial,subject_11,eeg_fnirs_single_trial__subject_11__session_00__prefrontal__w10,train,RMI,12.62,0,5.246398848262066
eeg_fnirs_single_trial,subject_11,eeg_fnirs_single_trial__subject_11__session_00__prefrontal__w10,train,RMI,13.96,0,6.389518592088527
eeg_fnirs_single_trial,subject_11,eeg_fnirs_single_trial__subject_11__session_00__prefrontal__w10,train,RMI,15.04,0,7.007984089028981
eeg_fnirs_single_trial,subject_11,eeg_fnirs_single_trial__subject_11__session_00__prefrontal__w10,train,RMI,15.96,0,8.022821002534995
eeg_fnirs_single_trial,subject_11,eeg_fnirs_single_trial__subject_11__session_00__prefrontal__w10,train,RMI,17.1,0,6.6269151832102855
eeg_fnirs_single_trial,subject_11,eeg_fnirs_single_trial__subject_11__session_00__prefrontal__w10,train,RMI,18.18,0,7.194873481863316
eeg_fnirs_single_trial,subject_11,eeg_fnirs_single_trial__subject_11__session_00__prefrontal__w10,train,RMI,19.12,0,4.841802748783016
eeg_fnirs_single_trial,subject_11,eeg_fnirs_single_trial__subject_11__session_00__prefrontal__w10,train,RMI,19.96,0,7.360039689221687
eeg_fnirs_single_trial,subject_11,eeg_fnirs_single_trial__subject_11__session_00__prefrontal__w10,train,RMI,20.8,0,-3.357968676983127
eeg_fnirs_single_trial,subject_11,eeg_fnirs_single_trial__subject_11__session_00__prefrontal__w10,train,RMI,21.36,0,7.463950181438476
eeg_fnirs_single_trial,subject_11,eeg_fnirs_single_trial__subject_11__session_00__prefrontal__w10,train,RMI,22.7,0,6.309644129788717
eeg_fnirs_single_trial,subject_11,eeg_fnirs_single_trial__subject_11__session_00__prefrontal__w10,train,RMI,23.68,0,-6.994644547971885
eeg_fnirs_single_trial,subject_11,eeg_fnirs_single_trial__subject_11__session_00__prefrontal__w10,train,RMI,24.62,0,-5.602520288467388
eeg_fnirs_single_trial,subject_11,eeg_fnirs_single_trial__subject_11__session_00__prefrontal__w10,train,RMI,25.16,0,5.27039560868805
eeg_fnirs_single_trial,subject_11,eeg_fnirs_single_trial__subject_11__session_00__prefrontal__w10,train,RMI,25.74,0,5.884919957252301
eeg_fnirs_single_trial,subject_11,eeg_fnirs_single_trial__subject_11__session_00__prefrontal__w10,train,RMI,29.2,0,3.8687093953377074
eeg_fnirs_single_trial,subject_11,eeg_fnirs_single_trial__subject_11__session_00__prefrontal__w10,train,RMI,2.6,1,-7.392736449730994
eeg_fnirs_single_trial,subject_11,eeg_fnirs_single_trial__subject_11__session_00__prefrontal__w10,train,RMI,3.1,1,-8.399634917267587
eeg_fnirs_single_trial,subject_11,eeg_fnirs_single_trial__subject_11__session_00__prefrontal__w10,train,RMI,3.7,1,-11.131154241388344
eeg_fnirs_single_trial,subject_11,eeg_fnirs_single_trial__subject_11__session_00__prefrontal__w10,train,RMI,5.16,1,-11.690089763936427
eeg_fnirs_single_trial,subject_11,eeg_fnirs_single_trial__subject_11__session_00__prefrontal__w10,train,RMI,5.72,1,-9.749806958080118
eeg_fnirs_single_trial,subject_11,eeg_fnirs_single_trial__subject_11__session_00__prefrontal__w10,train,RMI,6.22,1,4.237575013377523
eeg_fnirs_single_trial,subject_11,eeg_fnirs_single_trial__subject_11__session_00__prefrontal__w10,train,RMI,7.76,1,-9.599885932090329
eeg_fnirs_single_trial,subject_11,eeg_fnirs_single_trial__subject_11__session_00__prefrontal__w10,train,RMI,8.52,1,-10.223146349862619
eeg_fnirs_single_trial,subject_11,eeg_fnirs_single_trial__subject_11__session_00__prefrontal__w10,train,RMI,12.58,1,-8.725882826379069
eeg_fnirs_single_trial,subject_11,eeg_fnirs_single_trial__subject_11__session_00__prefrontal__w10,train,RMI,13.94,1,13.266260447517453
eeg_fnirs_single_trial,subject_11,eeg_fnirs_single_trial__subject_11__session_00__prefrontal__w10,train,RMI,14.92,1,-16.004743479124734
eeg_fnirs_single_trial,subject_11,eeg_fnirs_single_trial__subject_11__session_00__prefrontal__w10,train,RMI,15.7,1,-11.49734648229261
eeg_fnirs_single_trial,subject_11,eeg_fnirs_single_trial__subject_11__session_00__prefrontal__w10,train,RMI,16.4,1,4.7228010144550385
eeg_fnirs_single_trial,subject_11,eeg_fnirs_single_trial__subject_11__session_00__prefrontal__w10,train,RMI,17.06,1,-13.061423872063438
eeg_fnirs_single_trial,subject_11,eeg_fnirs_single_trial__subject_11__session_00__prefrontal__w10,train,RMI,17.88,1,7.8218582119820095
eeg_fnirs_single_trial,subject_11,eeg_fnirs_single_trial__subject_11__session_00__prefrontal__w10,train,RMI,19.04,1,-16.19239029431363
eeg_fnirs_single_trial,subject_11,eeg_fnirs_single_trial__subject_11__session_00__prefrontal__w10,train,RMI,20.02,1,3.341838641244706
eeg_fnirs_single_trial,subject_11,eeg_fnirs_single_trial__subject_11__session_00__prefrontal__w10,train,RMI,22.26,1,-21.82697892001165
eeg_fnirs_single_trial,subject_11,eeg_fnirs_single_trial__subject_11__session_00__prefrontal__w10,train,RMI,22.76,1,3.6350064881100534
eeg_fnirs_single_trial,subject_11,eeg_fnirs_single_trial__subject_11__session_00__prefrontal__w10,train,RMI,24.48,1,3.496290637399594
eeg_fnirs_single_trial,subject_11,eeg_fnirs_single_trial__subject_11__session_00__prefrontal__w12,train,LMI,2.22,0,6.135170346555996
eeg_fnirs_single_trial,subject_11,eeg_fnirs_single_trial__subject_11__session_00__prefrontal__w12,train,LMI,3.42,0,-3.0060215866098328
eeg_fnirs_single_trial,subject_11,eeg_fnirs_single_trial__subject_11__session_00__prefrontal__w12,train,LMI,3.92,0,5.960253691869316
eeg_fnirs_single_trial,subject_11,eeg_fnirs_single_trial__subject_11__session_00__prefrontal__w12,train,LMI,5.02,0,6.092327545930732
eeg_fnirs_single_trial,subject_11,eeg_fnirs_single_trial__subject_11__session_00__prefrontal__w12,train,LMI,8.0,0,6.314239395450855
eeg_fnirs_single_trial,subject_11,eeg_fnirs_single_trial__subject_11__session_00__prefrontal__w12,train,LMI,8.9,0,-4.440717862758821
eeg_fnirs_single_trial,subject_11,eeg_fnirs_single_trial__subject_11__session_00__prefrontal__w12,train,LMI,11.48,0,4.296568909706565
eeg_fnirs_single_trial,subject_11,eeg_fnirs_single_trial__subject_11__session_00__prefrontal__w12,train,LMI,13.08,0,5.60203002057107
eeg_fnirs_single_trial,subject_11,eeg_fnirs_single_trial__subject_11__session_00__prefrontal__w12,train,LMI,14.02,0,4.142009250033241
eeg_fnirs_single_trial,subject_11,eeg_fnirs_single_trial__subject_11__session_00__prefrontal__w12,train,LMI,15.28,0,4.84290761854173
eeg_fnirs_single_trial,subject_11,eeg_fnirs_single_trial__subject_11__session_00__prefrontal__w12,train,LMI,16.24,0,5.1646394630739385
eeg_fnirs_single_trial,subject_11,eeg_fnirs_single_trial__subject_11__session_00__prefrontal__w12,train,LMI,16.76,0,6.108796490779632
eeg_fnirs_single_trial,subject_11,eeg_fnirs_single_trial__subject_11__session_00__prefrontal__w12,train,LMI,18.18,0,6.567844969746738
eeg_fnirs_single_trial,subject_11,eeg_fnirs_single_trial__subject_11__session_00__prefrontal__w12,train,LMI,19.22,0,5.466389714303667
eeg_fnirs_single_trial,subject_11,eeg_fnirs_single_trial__subject_11__session_00__prefrontal__w12,train,LMI,19.94,0,6.0400486008123515
eeg_fnirs_single_trial,subject_11,eeg_fnirs_single_trial__subject_11__session_00__prefrontal__w12,train,LMI,20.64,0,6.274231237592468
eeg_fnirs_single_trial,subject_11,eeg_fnirs_single_trial__subject_11__session_00__prefrontal__w12,train,LMI,21.96,0,5.4806045441499025
eeg_fnirs_single_trial,subject_11,eeg_fnirs_single_trial__subject_11__session_00__prefrontal__w12,train,LMI,22.94,0,4.4683571832961855
eeg_fnirs_single_trial,subject_11,eeg_fnirs_single_trial__subject_11__session_00__prefrontal__w12,train,LMI,24.34,0,4.212861815393568
eeg_fnirs_single_trial,subject_11,eeg_fnirs_single_trial__subject_11__session_00__prefrontal__w12,train,LMI,25.6,0,6.339305139916606
eeg_fnirs_single_trial,subject_11,eeg_fnirs_single_trial__subject_11__session_00__prefrontal__w12,train,LMI,28.46,0,4.732952102493652
eeg_fnirs_single_trial,subject_11,eeg_fnirs_single_trial__subject_11__session_00__prefrontal__w12,train,LMI,29.16,0,6.1214994413658905
eeg_fnirs_single_trial,subject_11,eeg_fnirs_single_trial__subject_11__session_00__prefrontal__w12,train,LMI,0.18,1,-5.453137806725133
eeg_fnirs_single_trial,subject_11,eeg_fnirs_single_trial__subject_11__session_00__prefrontal__w12,train,LMI,2.26,1,3.1089220520427423
eeg_fnirs_single_trial,subject_11,eeg_fnirs_single_trial__subject_11__session_00__prefrontal__w12,train,LMI,3.18,1,4.4325682596667155
eeg_fnirs_single_trial,subject_11,eeg_fnirs_single_trial__subject_11__session_00__prefrontal__w12,train,LMI,6.3,1,-3.045660635622749
eeg_fnirs_single_trial,subject_11,eeg_fnirs_single_trial__subject_11__session_00__prefrontal__w12,train,LMI,8.04,1,3.6561649014733293
eeg_fnirs_single_trial,subject_11,eeg_fnirs_single_trial__subject_11__session_00__prefrontal__w12,train,LMI,15.54,1,-19.799871462013755
eeg_fnirs_single_trial,subject_11,eeg_fnirs_single_trial__subject_11__session_00__prefrontal__w12,train,LMI,16.12,1,-22.02937969509545
eeg_fnirs_single_trial,subject_11,eeg_fnirs_single_trial__subject_11__session_00__prefrontal__w12,train,LMI,16.7,1,16.74598757238727
eeg_fnirs_single_trial,subject_11,eeg_fnirs_single_trial__subject_11__session_00__prefrontal__w12,train,LMI,18.12,1,-5.271926118356415
eeg_fnirs_single_trial,subject_11,eeg_fnirs_single_trial__subject_11__session_00__prefrontal__w12,train,LMI,19.26,1,3.6446836930291795
eeg_fnirs_single_trial,subject_11,eeg_fnirs_single_trial__subject_11__session_00__prefrontal__w12,train,LMI,19.98,1,5.620218737925747
eeg_fnirs_single_trial,subject_11,eeg_fnirs_single_trial__subject_11__session_00__prefrontal__w12,train,LMI,20.68,1,3.8308386210990646
eeg_fnirs_single_trial,subject_11,eeg_fnirs_single_trial__subject_11__session_00__prefrontal__w12,train,LMI,21.9,1,-3.1327061573419437
eeg_fnirs_single_trial,subject_11,eeg_fnirs_single_trial__subject_11__session_00__prefrontal__w12,train,LMI,22.46,1,3.401135126382958
eeg_fnirs_single_trial,subject_11,eeg_fnirs_single_trial__subject_11__session_00__prefrontal__w12,train,LMI,25.52,1,-3.56706976601101
eeg_fnirs_single_trial,subject_11,eeg_fnirs_single_trial__subject_11__session_00__prefrontal__w12,train,LMI,28.42,1,-3.770460690581117
eeg_fnirs_single_trial,subject_11,eeg_fnirs_single_trial__subject_11__session_00__prefrontal__w14,train,RMI,0.16,0,3.0598219279707246
eeg_fnirs_single_trial,subject_11,eeg_fnirs_single_trial__subject_11__session_00__prefrontal__w14,train,RMI,2.04,0,4.542508438384371
eeg_fnirs_single_trial,subject_11,eeg_fnirs_single_trial__subject_11__session_00__prefrontal__w14,train,RMI,4.74,0,4.8596651953299785
eeg_fnirs_single_trial,subject_11,eeg_fnirs_single_trial__subject_11__session_00__prefrontal__w14,train,RMI,5.64,0,6.6096716490991705
eeg_fnirs_single_trial,subject_11,eeg_fnirs_single_trial__subject_11__session_00__prefrontal__w14,train,RMI,6.4,0,-5.615504343524167
eeg_fnirs_single_trial,subject_11,eeg_fnirs_single_trial__subject_11__session_00__prefrontal__w14,train,RMI,7.08,0,4.498051463784158
eeg_fnirs_single_trial,subject_11,eeg_fnirs_single_trial__subject_11__session_00__prefrontal__w14,train,RMI,8.38,0,4.744887812049516
eeg_fnirs_single_trial,subject_11,eeg_fnirs_single_trial__subject_11__session_00__prefrontal__w14,train,RMI,11.84,0,-3.8207637712358458
eeg_fnirs_single_trial,subject_11,eeg_fnirs_single_trial__subject_11__session_00__prefrontal__w14,train,RMI,12.38,0,4.231375125479934
eeg_fnirs_single_trial,subject_11,eeg_fnirs_single_trial__subject_11__session_00__prefrontal__w14,train,RMI,14.48,0,5.926812095382134
eeg_fnirs_single_trial,subject_11,eeg_fnirs_single_trial__subject_11__session_00__prefrontal__w14,train,RMI,15.12,0,4.8763735219332
eeg_fnirs_single_trial,subject_11,eeg_fnirs_single_trial__subject_11__session_00__prefrontal__w14,train,RMI,15.98,0,6.749442202185151
eeg_fnirs_single_trial,subject_11,eeg_fnirs_single_trial__subject_11__session_00__prefrontal__w14,train,RMI,16.74,0,4.977986610278384
eeg_fnirs_single_trial,subject_11,eeg_fnirs_single_trial__subject_11__session_00__prefrontal__w14,train,RMI,17.6,0,5.1966471799203235
eeg_fnirs_single_trial,subject_11,eeg_fnirs_single_trial__subject_11__session_00__prefrontal__w14,train,RMI,18.54,0,6.206575602563897
eeg_fnirs_single_trial,subject_11,eeg_fnirs_single_trial__subject_11__session_00__prefrontal__w14,train,RMI,19.62,0,6.636199357344039
eeg_fnirs_single_trial,subject_11,eeg_fnirs_single_trial__subject_11__session_00__prefrontal__w14,train,RMI,21.1,0,5.747891117410609
eeg_fnirs_single_trial,subject_11,eeg_fnirs_single_trial__subject_11__session_00__prefrontal__w14,train,RMI,21.68,0,5.357862077676821
eeg_fnirs_single_trial,subject_11,eeg_fnirs_single_trial__subject_11__session_00__prefrontal__w14,train,RMI,22.54,0,5.605598509877972
eeg_fnirs_single_trial,subject_11,eeg_fnirs_single_trial__subject_11__session_00__prefrontal__w14,train,RMI,23.16,0,5.4646751865441585
eeg_fnirs_single_trial,subject_11,eeg_fnirs_single_trial__subject_11__session_00__prefrontal__w14,train,RMI,23.82,0,3.9578903264271457
eeg_fnirs_single_trial,subject_11,eeg_fnirs_single_trial__subject_11__session_00__prefrontal__w14,train,RMI,24.58,0,4.7587527470023065
eeg_fnirs_single_trial,subject_11,eeg_fnirs_single_trial__subject_11__session_00__prefrontal__w14,train,RMI,25.44,0,3.0783514317792835
eeg_fnirs_single_trial,subject_11,eeg_fnirs_single_trial__subject_11__session_00__prefrontal__w14,train,RMI,26.32,0,4.6480641076389135
eeg_fnirs_single_trial,subject_11,eeg_fnirs_single_trial__subject_11__session_00__prefrontal__w14,train,RMI,27.22,0,4.582056018744192
eeg_fnirs_single_trial,subject_11,eeg_fnirs_single_trial__subject_11__session_00__prefrontal__w14,train,RMI,2.12,1,4.469971662326079
eeg_fnirs_single_trial,subject_11,eeg_fnirs_single_trial__subject_11__session_00__prefrontal__w14,train,RMI,2.62,1,-3.5850431940703222
eeg_fnirs_single_trial,subject_11,eeg_fnirs_single_trial__subject_11__session_00__prefrontal__w14,train,RMI,3.48,1,-3.062178537481359
eeg_fnirs_single_trial,subject_11,eeg_fnirs_single_trial__subject_11__session_00__prefrontal__w14,train,RMI,4.36,1,-5.137190616282783
eeg_fnirs_single_trial,subject_11,eeg_fnirs_single_trial__subject_11__session_00__prefrontal__w14,train,RMI,5.7,1,-8.873074899185434
eeg_fnirs_single_trial,subject_11,eeg_fnirs_single_trial__subject_11__session_00__prefrontal__w14,train,RMI,7.52,1,-11.30036516947164
eeg_fnirs_single_trial,subject_11,eeg_fnirs_single_trial__subject_11__session_00__prefrontal__w14,train,RMI,8.36,1,5.627120392116678
eeg_fnirs_single_trial,subject_11,eeg_fnirs_single_trial__subject_11__session_00__prefrontal__w14,train,RMI,11.78,1,-3.708064600110461
eeg_fnirs_single_trial,subject_11,eeg_fnirs_single_trial__subject_11__session_00__prefrontal__w14,train,RMI,12.34,1,-10.505145773038164
eeg_fnirs_single_trial,subject_11,eeg_fnirs_single_trial__subject_11__session_00__prefrontal__w14,train,RMI,12.84,1,7.308825181586389
eeg_fnirs_single_trial,subject_11,eeg_fnirs_single_trial__subject_11__session_00__prefrontal__w14,train,RMI,13.7,1,18.61599615330508
eeg_fnirs_single_trial,subject_11,eeg_fnirs_single_trial__subject_11__session_00__prefrontal__w14,train,RMI,14.44,1,-13.194532260021521
eeg_fnirs_single_trial,subject_11,eeg_fnirs_single_trial__subject_11__session_00__prefrontal__w14,train,RMI,15.08,1,-5.861147934616037
eeg_fnirs_single_trial,subject_11,eeg_fnirs_single_trial__subject_11__session_00__prefrontal__w14,train,RMI,15.68,1,13.299940727855606
eeg_fnirs_single_trial,subject_11,eeg_fnirs_single_trial__subject_11__session_00__prefrontal__w14,train,RMI,16.68,1,-9.564130989806811
eeg_fnirs_single_trial,subject_11,eeg_fnirs_single_trial__subject_11__session_00__prefrontal__w14,train,RMI,17.2,1,-3.4490409539552993
eeg_fnirs_single_trial,subject_11,eeg_fnirs_single_trial__subject_11__session_00__prefrontal__w14,train,RMI,19.2,1,3.89247645929974
eeg_fnirs_single_trial,subject_11,eeg_fnirs_single_trial__subject_11__session_00__prefrontal__w14,train,RMI,22.6,1,3.251103896620275
eeg_fnirs_single_trial,subject_12,eeg_fnirs_single_trial__subject_12__session_00__prefrontal__w2,evaluate,LMI,8.74,1,-6.632569484788157
eeg_fnirs_single_trial,subject_12,eeg_fnirs_single_trial__subject_12__session_00__prefrontal__w2,evaluate,LMI,9.78,1,-9.841776755876348
eeg_fnirs_single_trial,subject_12,eeg_fnirs_single_trial__subject_12__session_00__prefrontal__w2,evaluate,LMI,19.38,1,3.285805941356315
eeg_fnirs_single_trial,subject_12,eeg_fnirs_single_trial__subject_12__session_00__prefrontal__w2,evaluate,LMI,21.06,1,-5.784074202735246
eeg_fnirs_single_trial,subject_12,eeg_fnirs_single_trial__subject_12__session_00__prefrontal__w4,evaluate,LMI,15.82,1,-3.3849245208544927
eeg_fnirs_single_trial,subject_12,eeg_fnirs_single_trial__subject_12__session_00__prefrontal__w4,evaluate,LMI,17.78,1,-12.129404290459664
eeg_fnirs_single_trial,subject_12,eeg_fnirs_single_trial__subject_12__session_00__prefrontal__w8,evaluate,LMI,9.54,1,3.9271687346350332
eeg_fnirs_single_trial,subject_12,eeg_fnirs_single_trial__subject_12__session_00__prefrontal__w8,evaluate,LMI,19.26,1,4.848406463725759
eeg_fnirs_single_trial,subject_12,eeg_fnirs_single_trial__subject_12__session_00__prefrontal__w8,evaluate,LMI,20.58,1,-12.170548683716857
eeg_fnirs_single_trial,subject_12,eeg_fnirs_single_trial__subject_12__session_00__prefrontal__w10,evaluate,RMI,9.66,1,-4.0972426733028575
eeg_fnirs_single_trial,subject_12,eeg_fnirs_single_trial__subject_12__session_00__prefrontal__w12,evaluate,RMI,21.28,0,3.3083952557086573
eeg_fnirs_single_trial,subject_12,eeg_fnirs_single_trial__subject_12__session_00__prefrontal__w12,evaluate,RMI,18.3,1,4.563463494428041
eeg_fnirs_single_trial,subject_13,eeg_fnirs_single_trial__subject_13__session_00__prefrontal__w0,train,LMI,0.14,0,8.580369942474068
eeg_fnirs_single_trial,subject_13,eeg_fnirs_single_trial__subject_13__session_00__prefrontal__w0,train,LMI,10.82,0,6.57405246885729
eeg_fnirs_single_trial,subject_13,eeg_fnirs_single_trial__subject_13__session_00__prefrontal__w0,train,LMI,17.6,0,4.523586046705412
eeg_fnirs_single_trial,subject_13,eeg_fnirs_single_trial__subject_13__session_00__prefrontal__w0,train,LMI,19.5,0,6.168343877763947
eeg_fnirs_single_trial,subject_13,eeg_fnirs_single_trial__subject_13__session_00__prefrontal__w0,train,LMI,21.4,0,4.819299878919075
eeg_fnirs_single_trial,subject_13,eeg_fnirs_single_trial__subject_13__session_00__prefrontal__w0,train,LMI,22.1,0,5.072129680113368
eeg_fnirs_single_trial,subject_13,eeg_fnirs_single_trial__subject_13__session_00__prefrontal__w0,train,LMI,22.86,0,4.766260656281032
eeg_fnirs_single_trial,subject_13,eeg_fnirs_single_trial__subject_13__session_00__prefrontal__w0,train,LMI,23.56,0,5.848782080889308
eeg_fnirs_single_trial,subject_13,eeg_fnirs_single_trial__subject_13__session_00__prefrontal__w0,train,LMI,25.12,0,4.9688697328776055
eeg_fnirs_single_trial,subject_13,eeg_fnirs_single_trial__subject_13__session_00__prefrontal__w0,train,LMI,26.28,0,4.800395656315126
eeg_fnirs_single_trial,subject_13,eeg_fnirs_single_trial__subject_13__session_00__prefrontal__w0,train,LMI,3.18,1,4.238334998388947
eeg_fnirs_single_trial,subject_13,eeg_fnirs_single_trial__subject_13__session_00__prefrontal__w0,train,LMI,22.82,1,4.469507284074199
eeg_fnirs_single_trial,subject_13,eeg_fnirs_single_trial__subject_13__session_00__prefrontal__w0,train,LMI,25.64,1,4.625593245891695
eeg_fnirs_single_trial,subject_13,eeg_fnirs_single_trial__subject_13__session_00__prefrontal__w2,train,RMI,2.1,0,5.385897749549736
eeg_fnirs_single_trial,subject_13,eeg_fnirs_single_trial__subject_13__session_00__prefrontal__w2,train,RMI,7.4,0,5.446417068137392
eeg_fnirs_single_trial,subject_13,eeg_fnirs_single_trial__subject_13__session_00__prefrontal__w2,train,RMI,14.18,0,5.178644326257042
eeg_fnirs_single_trial,subject_13,eeg_fnirs_single_trial__subject_13__session_00__prefrontal__w2,train,RMI,15.46,0,6.2281031031867
eeg_fnirs_single_trial,subject_13,eeg_fnirs_single_trial__subject_13__session_00__prefrontal__w2,train,RMI,22.68,0,4.604922591037041
eeg_fnirs_single_trial,subject_13,eeg_fnirs_single_trial__subject_13__session_00__prefrontal__w2,train,RMI,27.18,0,4.8026829340532196
eeg_fnirs_single_trial,subject_13,eeg_fnirs_single_trial__subject_13__session_00__prefrontal__w4,train,RMI,0.38,0,4.74596802878283
eeg_fnirs_single_trial,subject_13,eeg_fnirs_single_trial__subject_13__session_00__prefrontal__w4,train,RMI,1.4,0,8.526604418130987
eeg_fnirs_single_trial,subject_13,eeg_fnirs_single_trial__subject_13__session_00__prefrontal__w4,train,RMI,12.16,0,4.862178507674416
eeg_fnirs_single_trial,subject_13,eeg_fnirs_single_trial__subject_13__session_00__prefrontal__w4,train,RMI,17.74,0,4.5555383587751335
eeg_fnirs_single_trial,subject_13,eeg_fnirs_single_trial__subject_13__session_00__prefrontal__w4,train,RMI,22.18,0,5.342270601876817
eeg_fnirs_single_trial,subject_13,eeg_fnirs_single_trial__subject_13__session_00__prefrontal__w4,train,RMI,25.52,0,3.727798156718003
eeg_fnirs_single_trial,subject_13,eeg_fnirs_single_trial__subject_13__session_00__prefrontal__w4,train,RMI,28.3,0,4.157873167188427
eeg_fnirs_single_trial,subject_13,eeg_fnirs_single_trial__subject_13__session_00__prefrontal__w4,train,RMI,1.34,1,10.463728018510148
eeg_fnirs_single_trial,subject_13,eeg_fnirs_single_trial__subject_13__session_00__prefrontal__w6,train,RMI,2.08,0,6.6832969189271285
eeg_fnirs_single_trial,subject_13,eeg_fnirs_single_trial__subject_13__session_00__prefrontal__w6,train,RMI,10.3,0,4.855080649730148
eeg_fnirs_single_trial,subject_13,eeg_fnirs_single_trial__subject_13__session_00__prefrontal__w6,train,RMI,13.14,0,5.615069738698053
eeg_fnirs_single_trial,subject_13,eeg_fnirs_single_trial__subject_13__session_00__prefrontal__w6,train,RMI,25.9,0,5.5010180306541665
eeg_fnirs_single_trial,subject_13,eeg_fnirs_single_trial__subject_13__session_00__prefrontal__w6,train,RMI,2.04,1,6.034404505164495
eeg_fnirs_single_trial,subject_13,eeg_fnirs_single_trial__subject_13__session_00__prefrontal__w6,train,RMI,10.22,1,-3.6028272979833926
eeg_fnirs_single_trial,subject_13,eeg_fnirs_single_trial__subject_13__session_00__prefrontal__w6,train,RMI,25.86,1,-3.3310902863149203
eeg_fnirs_single_trial,subject_13,eeg_fnirs_single_trial__subject_13__session_00__prefrontal__w8,train,RMI,1.9,0,5.693299258432494
eeg_fnirs_single_trial,subject_13,eeg_fnirs_single_trial__subject_13__session_00__prefrontal__w8,train,RMI,5.72,0,5.860478333523238
eeg_fnirs_single_trial,subject_13,eeg_fnirs_single_trial__subject_13__session_00__prefrontal__w8,train,RMI,15.96,0,5.5535620006373225
eeg_fnirs_single_trial,subject_13,eeg_fnirs_single_trial__subject_13__session_00__prefrontal__w8,train,RMI,18.76,0,5.083549838464115
eeg_fnirs_single_trial,subject_13,eeg_fnirs_single_trial__subject_13__session_00__prefrontal__w8,train,RMI,21.32,0,5.154757465150318
eeg_fnirs_single_trial,subject_13,eeg_fnirs_single_trial__subject_13__session_00__prefrontal__w8,train,RMI,24.3,0,4.5905378923005875
eeg_fnirs_single_trial,subject_13,eeg_fnirs_single_trial__subject_13__session_00__prefrontal__w8,train,RMI,27.28,0,4.799958946503363
eeg_fnirs_single_trial,subject_13,eeg_fnirs_single_trial__subject_13__session_00__prefrontal__w8,train,RMI,29.88,0,3.309569742576204
eeg_fnirs_single_trial,subject_13,eeg_fnirs_single_trial__subject_13__session_00__prefrontal__w8,train,RMI,3.28,1,-4.131284018831799
eeg_fnirs_single_trial,subject_13,eeg_fnirs_single_trial__subject_13__session_00__prefrontal__w10,train,RMI,1.76,0,4.398192169266913
eeg_fnirs_single_trial,subject_13,eeg_fnirs_single_trial__subject_13__session_00__prefrontal__w10,train,RMI,3.7,0,5.759149013639056
eeg_fnirs_single_trial,subject_13,eeg_fnirs_single_trial__subject_13__session_00__prefrontal__w10,train,RMI,12.6,0,4.361245093740979
eeg_fnirs_single_trial,subject_13,eeg_fnirs_single_trial__subject_13__session_00__prefrontal__w10,train,RMI,16.38,0,5.8313925061576715
eeg_fnirs_single_trial,subject_13,eeg_fnirs_single_trial__subject_13__session_00__prefrontal__w10,train,RMI,20.62,0,5.4056613778212155
eeg_fnirs_single_trial,subject_13,eeg_fnirs_single_trial__subject_13__session_00__prefrontal__w10,train,RMI,25.72,0,4.603496002338229
eeg_fnirs_single_trial,subject_13,eeg_fnirs_single_trial__subject_13__session_00__prefrontal__w10,train,RMI,3.66,1,3.1918276753793986
eeg_fnirs_single_trial,subject_13,eeg_fnirs_single_trial__subject_13__session_00__prefrontal__w12,train,LMI,2.1,0,5.293307380936634
eeg_fnirs_single_trial,subject_13,eeg_fnirs_single_trial__subject_13__session_00__prefrontal__w12,train,LMI,6.66,0,5.748813227222044
eeg_fnirs_single_trial,subject_13,eeg_fnirs_single_trial__subject_13__session_00__prefrontal__w12,train,LMI,15.04,0,3.992191287661622
eeg_fnirs_single_trial,subject_13,eeg_fnirs_single_trial__subject_13__session_00__prefrontal__w12,train,LMI,17.66,0,6.135586827969739
eeg_fnirs_single_trial,subject_13,eeg_fnirs_single_trial__subject_13__session_00__prefrontal__w12,train,LMI,21.54,0,4.95415204781018
eeg_fnirs_single_trial,subject_13,eeg_fnirs_single_trial__subject_13__session_00__prefrontal__w12,train,LMI,27.44,0,5.446704684853749
eeg_fnirs_single_trial,subject_13,eeg_fnirs_single_trial__subject_13__session_00__prefrontal__w12,train,LMI,29.24,1,3.033982901406721
eeg_fnirs_single_trial,subject_13,eeg_fnirs_single_trial__subject_13__session_00__prefrontal__w12,train,LMI,29.94,1,-3.1186747948563287
eeg_fnirs_single_trial,subject_13,eeg_fnirs_single_trial__subject_13__session_00__prefrontal__w14,train,LMI,0.96,0,5.701799643651885
eeg_fnirs_single_trial,subject_13,eeg_fnirs_single_trial__subject_13__session_00__prefrontal__w14,train,LMI,5.8,0,5.1355243268604
eeg_fnirs_single_trial,subject_13,eeg_fnirs_single_trial__subject_13__session_00__prefrontal__w14,train,LMI,14.96,0,5.439842144983159
eeg_fnirs_single_trial,subject_13,eeg_fnirs_single_trial__subject_13__session_00__prefrontal__w14,train,LMI,20.4,0,3.4808992544300787
eeg_fnirs_single_trial,subject_13,eeg_fnirs_single_trial__subject_13__session_00__prefrontal__w14,train,LMI,23.12,0,5.724787823548263
eeg_fnirs_single_trial,subject_13,eeg_fnirs_single_trial__subject_13__session_00__prefrontal__w14,train,LMI,24.0,0,6.542059514648101
eeg_fnirs_single_trial,subject_13,eeg_fnirs_single_trial__subject_13__session_00__prefrontal__w14,train,LMI,27.08,0,4.309101755056071
eeg_fnirs_single_trial,subject_13,eeg_fnirs_single_trial__subject_13__session_00__prefrontal__w14,train,LMI,29.42,0,3.969241199170209
eeg_fnirs_single_trial,subject_13,eeg_fnirs_single_trial__subject_13__session_00__prefrontal__w14,train,LMI,23.06,1,3.2398712309815862
eeg_fnirs_single_trial,subject_14,eeg_fnirs_single_trial__subject_14__session_00__prefrontal__w0,evaluate,LMI,0.66,0,3.6604993625641638
eeg_fnirs_single_trial,subject_14,eeg_fnirs_single_trial__subject_14__session_00__prefrontal__w0,evaluate,LMI,1.38,0,3.869831727490362
eeg_fnirs_single_trial,subject_14,eeg_fnirs_single_trial__subject_14__session_00__prefrontal__w0,evaluate,LMI,2.44,0,3.437121956599937
eeg_fnirs_single_trial,subject_14,eeg_fnirs_single_trial__subject_14__session_00__prefrontal__w0,evaluate,LMI,9.44,0,3.1604007586403515
eeg_fnirs_single_trial,subject_14,eeg_fnirs_single_trial__subject_14__session_00__prefrontal__w0,evaluate,LMI,16.34,0,3.5750204648604806
eeg_fnirs_single_trial,subject_14,eeg_fnirs_single_trial__subject_14__session_00__prefrontal__w0,evaluate,LMI,18.18,0,3.1543461244523288
eeg_fnirs_single_trial,subject_14,eeg_fnirs_single_trial__subject_14__session_00__prefrontal__w0,evaluate,LMI,20.38,0,3.1140413469918697
eeg_fnirs_single_trial,subject_14,eeg_fnirs_single_trial__subject_14__session_00__prefrontal__w0,evaluate,LMI,22.28,0,3.943233111131501
eeg_fnirs_single_trial,subject_14,eeg_fnirs_single_trial__subject_14__session_00__prefrontal__w0,evaluate,LMI,25.56,0,3.353727873043098
eeg_fnirs_single_trial,subject_14,eeg_fnirs_single_trial__subject_14__session_00__prefrontal__w0,evaluate,LMI,10.6,1,-4.5346188131193825
eeg_fnirs_single_trial,subject_14,eeg_fnirs_single_trial__subject_14__session_00__prefrontal__w0,evaluate,LMI,18.16,1,3.0310988396408236
eeg_fnirs_single_trial,subject_14,eeg_fnirs_single_trial__subject_14__session_00__prefrontal__w0,evaluate,LMI,27.06,1,-3.9230113192822174
eeg_fnirs_single_trial,subject_14,eeg_fnirs_single_trial__subject_14__session_00__prefrontal__w2,evaluate,LMI,0.74,1,3.2956104920441978
eeg_fnirs_single_trial,subject_14,eeg_fnirs_single_trial__subject_14__session_00__prefrontal__w2,evaluate,LMI,7.74,1,-4.259160375976171
eeg_fnirs_single_trial,subject_14,eeg_fnirs_single_trial__subject_14__session_00__prefrontal__w2,evaluate,LMI,18.62,1,-3.2044627948305657
eeg_fnirs_single_trial,subject_14,eeg_fnirs_single_trial__subject_14__session_00__prefrontal__w2,evaluate,LMI,19.3,1,6.5614819842329615
eeg_fnirs_single_trial,subject_14,eeg_fnirs_single_trial__subject_14__session_00__prefrontal__w2,evaluate,LMI,20.82,1,3.0563853822654843
eeg_fnirs_single_trial,subject_14,eeg_fnirs_single_trial__subject_14__session_00__prefrontal__w2,evaluate,LMI,24.1,1,3.109343860214878
eeg_fnirs_single_trial,subject_14,eeg_fnirs_single_trial__subject_14__session_00__prefrontal__w2,evaluate,LMI,24.78,1,4.078115501675175
eeg_fnirs_single_trial,subject_14,eeg_fnirs_single_trial__subject_14__session_00__prefrontal__w4,evaluate,RMI,15.08,0,3.1773370274372663
eeg_fnirs_single_trial,subject_14,eeg_fnirs_single_trial__subject_14__session_00__prefrontal__w4,evaluate,RMI,19.1,0,3.5446565094798994
eeg_fnirs_single_trial,subject_14,eeg_fnirs_single_trial__subject_14__session_00__prefrontal__w4,evaluate,RMI,2.38,1,4.092966259960879
eeg_fnirs_single_trial,subject_14,eeg_fnirs_single_trial__subject_14__session_00__prefrontal__w4,evaluate,RMI,5.06,1,3.6605887537007606
eeg_fnirs_single_trial,subject_14,eeg_fnirs_single_trial__subject_14__session_00__prefrontal__w4,evaluate,RMI,6.02,1,-4.523835523149156
eeg_fnirs_single_trial,subject_14,eeg_fnirs_single_trial__subject_14__session_00__prefrontal__w4,evaluate,RMI,6.58,1,3.9295452930231036
eeg_fnirs_single_trial,subject_14,eeg_fnirs_single_trial__subject_14__session_00__prefrontal__w4,evaluate,RMI,9.62,1,-6.3791819757626955
eeg_fnirs_single_trial,subject_14,eeg_fnirs_single_trial__subject_14__session_00__prefrontal__w4,evaluate,RMI,12.0,1,4.481884461428263
eeg_fnirs_single_trial,subject_14,eeg_fnirs_single_trial__subject_14__session_00__prefrontal__w4,evaluate,RMI,17.98,1,-4.541098810163377
eeg_fnirs_single_trial,subject_14,eeg_fnirs_single_trial__subject_14__session_00__prefrontal__w4,evaluate,RMI,19.22,1,-4.561260195642894
eeg_fnirs_single_trial,subject_14,eeg_fnirs_single_trial__subject_14__session_00__prefrontal__w4,evaluate,RMI,20.2,1,-6.5504453715351
eeg_fnirs_single_trial,subject_14,eeg_fnirs_single_trial__subject_14__session_00__prefrontal__w4,evaluate,RMI,21.36,1,4.71449598200639
eeg_fnirs_single_trial,subject_14,eeg_fnirs_single_trial__subject_14__session_00__prefrontal__w4,evaluate,RMI,22.94,1,-5.926079778567669
eeg_fnirs_single_trial,subject_14,eeg_fnirs_single_trial__subject_14__session_00__prefrontal__w6,evaluate,LMI,8.72,0,3.084536208572926
eeg_fnirs_single_trial,subject_14,eeg_fnirs_single_trial__subject_14__session_00__prefrontal__w6,evaluate,LMI,15.8,0,3.171943966389906
eeg_fnirs_single_trial,subject_14,eeg_fnirs_single_trial__subject_14__session_00__prefrontal__w6,evaluate,LMI,21.48,0,3.0391775055541816
eeg_fnirs_single_trial,subject_14,eeg_fnirs_single_trial__subject_14__session_00__prefrontal__w6,evaluate,LMI,3.9,1,-4.059600431663561
eeg_fnirs_single_trial,subject_14,eeg_fnirs_single_trial__subject_14__session_00__prefrontal__w6,evaluate,LMI,4.72,1,-3.0120470672203608
eeg_fnirs_single_trial,subject_14,eeg_fnirs_single_trial__subject_14__session_00__prefrontal__w6,evaluate,LMI,6.34,1,-3.052480429307493
eeg_fnirs_single_trial,subject_14,eeg_fnirs_single_trial__subject_14__session_00__prefrontal__w6,evaluate,LMI,9.32,1,-3.5606687774242123
eeg_fnirs_single_trial,subject_14,eeg_fnirs_single_trial__subject_14__session_00__prefrontal__w6,evaluate,LMI,18.82,1,5.620977023775644
eeg_fnirs_single_trial,subject_14,eeg_fnirs_single_trial__subject_14__session_00__prefrontal__w6,evaluate,LMI,22.08,1,-3.7734101520939367
eeg_fnirs_single_trial,subject_14,eeg_fnirs_single_trial__subject_14__session_00__prefrontal__w6,evaluate,LMI,24.88,1,-4.718727732974947
eeg_fnirs_single_trial,subject_14,eeg_fnirs_single_trial__subject_14__session_00__prefrontal__w6,evaluate,LMI,27.16,1,5.037927455067744
eeg_fnirs_single_trial,subject_14,eeg_fnirs_single_trial__subject_14__session_00__prefrontal__w6,evaluate,LMI,29.1,1,7.447113685798905
eeg_fnirs_single_trial,subject_14,eeg_fnirs_single_trial__subject_14__session_00__prefrontal__w8,evaluate,LMI,11.44,0,3.0750261339187412
eeg_fnirs_single_trial,subject_14,eeg_fnirs_single_trial__subject_14__session_00__prefrontal__w8,evaluate,LMI,24.42,0,3.2264526807115717
eeg_fnirs_single_trial,subject_14,eeg_fnirs_single_trial__subject_14__session_00__prefrontal__w8,evaluate,LMI,6.2,1,3.810758698948553
eeg_fnirs_single_trial,subject_14,eeg_fnirs_single_trial__subject_14__session_00__prefrontal__w8,evaluate,LMI,7.04,1,4.823232609305642
eeg_fnirs_single_trial,subject_14,eeg_fnirs_single_trial__subject_14__session_00__prefrontal__w8,evaluate,LMI,8.4,1,3.342820083565693
eeg_fnirs_single_trial,subject_14,eeg_fnirs_single_trial__subject_14__session_00__prefrontal__w8,evaluate,LMI,14.16,1,4.224542772001819
eeg_fnirs_single_trial,subject_14,eeg_fnirs_single_trial__subject_14__session_00__prefrontal__w8,evaluate,LMI,22.94,1,-4.023294310176926
eeg_fnirs_single_trial,subject_14,eeg_fnirs_single_trial__subject_14__session_00__prefrontal__w8,evaluate,LMI,24.48,1,-3.310490683835614
eeg_fnirs_single_trial,subject_14,eeg_fnirs_single_trial__subject_14__session_00__prefrontal__w8,evaluate,LMI,26.2,1,5.726440526243841
eeg_fnirs_single_trial,subject_14,eeg_fnirs_single_trial__subject_14__session_00__prefrontal__w8,evaluate,LMI,27.4,1,6.936093901606069
eeg_fnirs_single_trial,subject_14,eeg_fnirs_single_trial__subject_14__session_00__prefrontal__w8,evaluate,LMI,28.86,1,-3.286773012248721
eeg_fnirs_single_trial,subject_14,eeg_fnirs_single_trial__subject_14__session_00__prefrontal__w10,evaluate,LMI,15.64,1,-3.0410482493611712
eeg_fnirs_single_trial,subject_14,eeg_fnirs_single_trial__subject_14__session_00__prefrontal__w10,evaluate,LMI,17.82,1,-6.012527604106959
eeg_fnirs_single_trial,subject_14,eeg_fnirs_single_trial__subject_14__session_00__prefrontal__w10,evaluate,LMI,18.84,1,3.303372826327522
eeg_fnirs_single_trial,subject_14,eeg_fnirs_single_trial__subject_14__session_00__prefrontal__w10,evaluate,LMI,27.96,1,5.012848421814291
eeg_fnirs_single_trial,subject_14,eeg_fnirs_single_trial__subject_14__session_00__prefrontal__w12,evaluate,LMI,0.12,1,-4.600053312578085
eeg_fnirs_single_trial,subject_14,eeg_fnirs_single_trial__subject_14__session_00__prefrontal__w12,evaluate,LMI,2.02,1,-3.6694718577961316
eeg_fnirs_single_trial,subject_14,eeg_fnirs_single_trial__subject_14__session_00__prefrontal__w12,evaluate,LMI,21.3,1,4.357832099489765
eeg_fnirs_single_trial,subject_14,eeg_fnirs_single_trial__subject_14__session_00__prefrontal__w12,evaluate,LMI,23.72,1,-3.770075061286653
eeg_fnirs_single_trial,subject_14,eeg_fnirs_single_trial__subject_14__session_00__prefrontal__w12,evaluate,LMI,26.12,1,-3.40837235945199
eeg_fnirs_single_trial,subject_14,eeg_fnirs_single_trial__subject_14__session_00__prefrontal__w12,evaluate,LMI,26.74,1,3.8445548664208635
eeg_fnirs_single_trial,subject_14,eeg_fnirs_single_trial__subject_14__session_00__prefrontal__w14,evaluate,RMI,5.96,1,-3.1990587921009994
eeg_fnirs_single_trial,subject_14,eeg_fnirs_single_trial__subject_14__session_00__prefrontal__w14,evaluate,RMI,12.82,1,-3.4957369400037535
eeg_fnirs_single_trial,subject_14,eeg_fnirs_single_trial__subject_14__session_00__prefrontal__w14,evaluate,RMI,15.7,1,3.680657825636702
eeg_fnirs_single_trial,subject_14,eeg_fnirs_single_trial__subject_14__session_00__prefrontal__w14,evaluate,RMI,18.26,1,-3.374367709230976
eeg_fnirs_single_trial,subject_14,eeg_fnirs_single_trial__subject_14__session_00__prefrontal__w14,evaluate,RMI,19.88,1,-7.700367012153897
eeg_fnirs_single_trial,subject_14,eeg_fnirs_single_trial__subject_14__session_00__prefrontal__w14,evaluate,RMI,23.72,1,3.0989834959649523
eeg_fnirs_single_trial,subject_14,eeg_fnirs_single_trial__subject_14__session_00__prefrontal__w14,evaluate,RMI,25.82,1,3.4646520888053978
eeg_fnirs_single_trial,subject_14,eeg_fnirs_single_trial__subject_14__session_00__prefrontal__w14,evaluate,RMI,29.64,1,-3.374932550876535
eeg_fnirs_single_trial,subject_15,eeg_fnirs_single_trial__subject_15__session_00__prefrontal__w0,train,LMI,5.88,0,3.9212837493773
eeg_fnirs_single_trial,subject_15,eeg_fnirs_single_trial__subject_15__session_00__prefrontal__w0,train,LMI,8.12,0,4.419452928702814
eeg_fnirs_single_trial,subject_15,eeg_fnirs_single_trial__subject_15__session_00__prefrontal__w0,train,LMI,11.16,0,3.4550227683962813
eeg_fnirs_single_trial,subject_15,eeg_fnirs_single_trial__subject_15__session_00__prefrontal__w0,train,LMI,14.38,0,3.596532505052789
eeg_fnirs_single_trial,subject_15,eeg_fnirs_single_trial__subject_15__session_00__prefrontal__w0,train,LMI,16.84,0,3.5085716125170845
eeg_fnirs_single_trial,subject_15,eeg_fnirs_single_trial__subject_15__session_00__prefrontal__w0,train,LMI,19.54,0,3.9347199336417935
eeg_fnirs_single_trial,subject_15,eeg_fnirs_single_trial__subject_15__session_00__prefrontal__w0,train,LMI,22.44,0,3.074835453732651
eeg_fnirs_single_trial,subject_15,eeg_fnirs_single_trial__subject_15__session_00__prefrontal__w0,train,LMI,23.88,0,4.738359816485261
eeg_fnirs_single_trial,subject_15,eeg_fnirs_single_trial__subject_15__session_00__prefrontal__w0,train,LMI,25.42,0,3.5075589857812686
eeg_fnirs_single_trial,subject_15,eeg_fnirs_single_trial__subject_15__session_00__prefrontal__w0,train,LMI,28.9,0,4.434075431907306
eeg_fnirs_single_trial,subject_15,eeg_fnirs_single_trial__subject_15__session_00__prefrontal__w2,train,LMI,3.88,0,3.396722029334942
eeg_fnirs_single_trial,subject_15,eeg_fnirs_single_trial__subject_15__session_00__prefrontal__w2,train,LMI,9.26,0,3.2231316846493567
eeg_fnirs_single_trial,subject_15,eeg_fnirs_single_trial__subject_15__session_00__prefrontal__w2,train,LMI,13.52,0,3.4882927006036115
eeg_fnirs_single_trial,subject_15,eeg_fnirs_single_trial__subject_15__session_00__prefrontal__w2,train,LMI,18.92,0,3.3077845041899865
eeg_fnirs_single_trial,subject_15,eeg_fnirs_single_trial__subject_15__session_00__prefrontal__w2,train,LMI,20.14,0,3.1379164891801756
eeg_fnirs_single_trial,subject_15,eeg_fnirs_single_trial__subject_15__session_00__prefrontal__w2,train,LMI,21.86,0,3.06175208695497
eeg_fnirs_single_trial,subject_15,eeg_fnirs_single_trial__subject_15__session_00__prefrontal__w2,train,LMI,22.68,0,4.256488271186363
eeg_fnirs_single_trial,subject_15,eeg_fnirs_single_trial__subject_15__session_00__prefrontal__w2,train,LMI,23.9,0,3.868817116415641
eeg_fnirs_single_trial,subject_15,eeg_fnirs_single_trial__subject_15__session_00__prefrontal__w2,train,LMI,25.84,0,4.235019026837915
eeg_fnirs_single_trial,subject_15,eeg_fnirs_single_trial__subject_15__session_00__prefrontal__w2,train,LMI,28.06,0,3.1634981290818622
eeg_fnirs_single_trial,subject_15,eeg_fnirs_single_trial__subject_15__session_00__prefrontal__w2,train,LMI,0.82,1,3.5484152206019917
eeg_fnirs_single_trial,subject_15,eeg_fnirs_single_trial__subject_15__session_00__prefrontal__w2,train,LMI,29.04,1,-11.071226825796929
eeg_fnirs_single_trial,subject_15,eeg_fnirs_single_trial__subject_15__session_00__prefrontal__w4,train,LMI,0.84,0,3.0545439253830535
eeg_fnirs_single_trial,subject_15,eeg_fnirs_single_trial__subject_15__session_00__prefrontal__w4,train,LMI,2.88,0,3.9846801208134752
eeg_fnirs_single_trial,subject_15,eeg_fnirs_single_trial__subject_15__session_00__prefrontal__w4,train,LMI,3.98,0,4.473810371164614
eeg_fnirs_single_trial,subject_15,eeg_fnirs_single_trial__subject_15__session_00__prefrontal__w4,train,LMI,7.22,0,3.865818551452228
eeg_fnirs_single_trial,subject_15,eeg_fnirs_single_trial__subject_15__session_00__prefrontal__w4,train,LMI,11.66,0,3.564382933780966
eeg_fnirs_single_trial,subject_15,eeg_fnirs_single_trial__subject_15__session_00__prefrontal__w4,train,LMI,14.74,0,3.166273684658563
eeg_fnirs_single_trial,subject_15,eeg_fnirs_single_trial__subject_15__session_00__prefrontal__w4,train,LMI,16.46,0,4.535811311738852
eeg_fnirs_single_trial,subject_15,eeg_fnirs_single_trial__subject_15__session_00__prefrontal__w4,train,LMI,17.68,0,3.9248056505991484
eeg_fnirs_single_trial,subject_15,eeg_fnirs_single_trial__subject_15__session_00__prefrontal__w4,train,LMI,19.12,0,3.774287319518267
eeg_fnirs_single_trial,subject_15,eeg_fnirs_single_trial__subject_15__session_00__prefrontal__w4,train,LMI,21.14,0,3.676899209186135
eeg_fnirs_single_trial,subject_15,eeg_fnirs_single_trial__subject_15__session_00__prefrontal__w4,train,LMI,22.84,0,3.580752622532321
eeg_fnirs_single_trial,subject_15,eeg_fnirs_single_trial__subject_15__session_00__prefrontal__w4,train,LMI,24.08,0,3.7710269471252613
eeg_fnirs_single_trial,subject_15,eeg_fnirs_single_trial__subject_15__session_00__prefrontal__w4,train,LMI,26.9,0,3.9202217336131615
eeg_fnirs_single_trial,subject_15,eeg_fnirs_single_trial__subject_15__session_00__prefrontal__w4,train,LMI,27.56,0,4.134102701862132
eeg_fnirs_single_trial,subject_15,eeg_fnirs_single_trial__subject_15__session_00__prefrontal__w4,train,LMI,29.12,0,3.0374066690631425
eeg_fnirs_single_trial,subject_15,eeg_fnirs_single_trial__subject_15__session_00__prefrontal__w4,train,LMI,17.18,1,-5.620234176601698
eeg_fnirs_single_trial,subject_15,eeg_fnirs_single_trial__subject_15__session_00__prefrontal__w4,train,LMI,18.14,1,11.732136023683031
eeg_fnirs_single_trial,subject_15,eeg_fnirs_single_trial__subject_15__session_00__prefrontal__w4,train,LMI,25.2,1,8.316287119735687
eeg_fnirs_single_trial,subject_15,eeg_fnirs_single_trial__subject_15__session_00__prefrontal__w4,train,LMI,26.5,1,8.339459507235762
eeg_fnirs_single_trial,subject_15,eeg_fnirs_single_trial__subject_15__session_00__prefrontal__w6,train,RMI,1.32,0,3.3619686193682674
eeg_fnirs_single_trial,subject_15,eeg_fnirs_single_trial__subject_15__session_00__prefrontal__w6,train,RMI,3.66,0,4.702053130312891
eeg_fnirs_single_trial,subject_15,eeg_fnirs_single_trial__subject_15__session_00__prefrontal__w6,train,RMI,6.18,0,3.1701817290039838
eeg_fnirs_single_trial,subject_15,eeg_fnirs_single_trial__subject_15__session_00__prefrontal__w6,train,RMI,7.76,0,3.0436498081154575
eeg_fnirs_single_trial,subject_15,eeg_fnirs_single_trial__subject_15__session_00__prefrontal__w6,train,RMI,9.58,0,3.076993238712347
eeg_fnirs_single_trial,subject_15,eeg_fnirs_single_trial__subject_15__session_00__prefrontal__w6,train,RMI,12.14,0,3.1573429331048124
eeg_fnirs_single_trial,subject_15,eeg_fnirs_single_trial__subject_15__session_00__prefrontal__w6,train,RMI,16.98,0,4.1050083095184275
eeg_fnirs_single_trial,subject_15,eeg_fnirs_single_trial__subject_15__session_00__prefrontal__w6,train,RMI,17.7,0,3.946613006163395
eeg_fnirs_single_trial,subject_15,eeg_fnirs_single_trial__subject_15__session_00__prefrontal__w6,train,RMI,19.1,0,4.138882048235352
eeg_fnirs_single_trial,subject_15,eeg_fnirs_single_trial__subject_15__session_00__prefrontal__w6,train,RMI,20.56,0,4.17469289778991
eeg_fnirs_single_trial,subject_15,eeg_fnirs_single_trial__subject_15__session_00__prefrontal__w6,train,RMI,22.74,0,3.130109949080171
eeg_fnirs_single_trial,subject_15,eeg_fnirs_single_trial__subject_15__session_00__prefrontal__w6,train,RMI,24.5,0,3.092857357774825
eeg_fnirs_single_trial,subject_15,eeg_fnirs_single_trial__subject_15__session_00__prefrontal__w6,train,RMI,27.02,0,3.0882588265028184
eeg_fnirs_single_trial,subject_15,eeg_fnirs_single_trial__subject_15__session_00__prefrontal__w6,train,RMI,28.14,0,3.561814248354164
eeg_fnirs_single_trial,subject_15,eeg_fnirs_single_trial__subject_15__session_00__prefrontal__w8,train,RMI,0.48,0,4.58675529006063
eeg_fnirs_single_trial,subject_15,eeg_fnirs_single_trial__subject_15__session_00__prefrontal__w8,train,RMI,3.22,0,4.8361989595192
eeg_fnirs_single_trial,subject_15,eeg_fnirs_single_trial__subject_15__session_00__prefrontal__w8,train,RMI,3.98,0,3.209085152236283
eeg_fnirs_single_trial,subject_15,eeg_fnirs_single_trial__subject_15__session_00__prefrontal__w8,train,RMI,4.94,0,3.219106601297153
eeg_fnirs_single_trial,subject_15,eeg_fnirs_single_trial__subject_15__session_00__prefrontal__w8,train,RMI,6.7,0,3.0322541589374694
eeg_fnirs_single_trial,subject_15,eeg_fnirs_single_trial__subject_15__session_00__prefrontal__w8,train,RMI,11.14,0,3.1343493870184567
eeg_fnirs_single_trial,subject_15,eeg_fnirs_single_trial__subject_15__session_00__prefrontal__w8,train,RMI,12.52,0,3.1127899184913463
eeg_fnirs_single_trial,subject_15,eeg_fnirs_single_trial__subject_15__session_00__prefrontal__w8,train,RMI,17.76,0,3.907887491074238
eeg_fnirs_single_trial,subject_15,eeg_fnirs_single_trial__subject_15__session_00__prefrontal__w8,train,RMI,19.5,0,3.082810552943225
eeg_fnirs_single_trial,subject_15,eeg_fnirs_single_trial__subject_15__session_00__prefrontal__w8,train,RMI,22.44,0,3.015054880261773
eeg_fnirs_single_trial,subject_15,eeg_fnirs_single_trial__subject_15__session_00__prefrontal__w8,train,RMI,26.38,0,3.2607589422750576
eeg_fnirs_single_trial,subject_15,eeg_fnirs_single_trial__subject_15__session_00__prefrontal__w8,train,RMI,27.16,0,3.3359191058044853
eeg_fnirs_single_trial,subject_15,eeg_fnirs_single_trial__subject_15__session_00__prefrontal__w8,train,RMI,17.48,1,-4.451892578116526
eeg_fnirs_single_trial,subject_15,eeg_fnirs_single_trial__subject_15__session_00__prefrontal__w8,train,RMI,24.74,1,5.108297112535579
eeg_fnirs_single_trial,subject_15,eeg_fnirs_single_trial__subject_15__session_00__prefrontal__w8,train,RMI,25.84,1,-9.078961670883267
eeg_fnirs_single_trial,subject_15,eeg_fnirs_single_trial__subject_15__session_00__prefrontal__w10,train,RMI,1.8,0,3.019343016774052
eeg_fnirs_single_trial,subject_15,eeg_fnirs_single_trial__subject_15__session_00__prefrontal__w10,train,RMI,2.86,0,3.2018486210231774
eeg_fnirs_single_trial,subject_15,eeg_fnirs_single_trial__subject_15__session_00__prefrontal__w10,train,RMI,4.14,0,3.4390115606750187
eeg_fnirs_single_trial,subject_15,eeg_fnirs_single_trial__subject_15__session_00__prefrontal__w10,train,RMI,6.06,0,3.9120128054731858
eeg_fnirs_single_trial,subject_15,eeg_fnirs_single_trial__subject_15__session_00__prefrontal__w10,train,RMI,9.04,0,3.090429064815318
eeg_fnirs_single_trial,subject_15,eeg_fnirs_single_trial__subject_15__session_00__prefrontal__w10,train,RMI,13.0,0,3.0798318117952177
eeg_fnirs_single_trial,subject_15,eeg_fnirs_single_trial__subject_15__session_00__prefrontal__w10,train,RMI,14.58,0,3.286699704228053
eeg_fnirs_single_trial,subject_15,eeg_fnirs_single_trial__subject_15__session_00__prefrontal__w10,train,RMI,17.12,0,3.7880659461602
eeg_fnirs_single_trial,subject_15,eeg_fnirs_single_trial__subject_15__session_00__prefrontal__w10,train,RMI,17.84,0,3.005544595929069
eeg_fnirs_single_trial,subject_15,eeg_fnirs_single_trial__subject_15__session_00__prefrontal__w10,train,RMI,21.66,0,3.2596054826939596
eeg_fnirs_single_trial,subject_15,eeg_fnirs_single_trial__subject_15__session_00__prefrontal__w10,train,RMI,23.46,0,3.0500330296086724
eeg_fnirs_single_trial,subject_15,eeg_fnirs_single_trial__subject_15__session_00__prefrontal__w10,train,RMI,25.38,0,3.533777613901439
eeg_fnirs_single_trial,subject_15,eeg_fnirs_single_trial__subject_15__session_00__prefrontal__w10,train,RMI,26.58,0,3.3384543422758903
eeg_fnirs_single_trial,subject_15,eeg_fnirs_single_trial__subject_15__session_00__prefrontal__w10,train,RMI,27.8,0,3.2432301653163482
eeg_fnirs_single_trial,subject_15,eeg_fnirs_single_trial__subject_15__session_00__prefrontal__w10,train,RMI,29.06,0,3.0448677951695844
eeg_fnirs_single_trial,subject_15,eeg_fnirs_single_trial__subject_15__session_00__prefrontal__w10,train,RMI,6.62,1,5.553393227059002
eeg_fnirs_single_trial,subject_15,eeg_fnirs_single_trial__subject_15__session_00__prefrontal__w10,train,RMI,17.84,1,-3.0476641663627104
eeg_fnirs_single_trial,subject_15,eeg_fnirs_single_trial__subject_15__session_00__prefrontal__w12,train,RMI,0.18,0,4.1941774637591696
eeg_fnirs_single_trial,subject_15,eeg_fnirs_single_trial__subject_15__session_00__prefrontal__w12,train,RMI,17.58,0,5.580945300491318
eeg_fnirs_single_trial,subject_15,eeg_fnirs_single_trial__subject_15__session_00__prefrontal__w12,train,RMI,18.36,0,3.0944681138425993
eeg_fnirs_single_trial,subject_15,eeg_fnirs_single_trial__subject_15__session_00__prefrontal__w12,train,RMI,22.84,0,3.197349016435044
eeg_fnirs_single_trial,subject_15,eeg_fnirs_single_trial__subject_15__session_00__prefrontal__w12,train,RMI,16.5,1,3.142528222079673
eeg_fnirs_single_trial,subject_15,eeg_fnirs_single_trial__subject_15__session_00__prefrontal__w12,train,RMI,17.96,1,-3.633232463001479
eeg_fnirs_single_trial,subject_15,eeg_fnirs_single_trial__subject_15__session_00__prefrontal__w12,train,RMI,22.24,1,3.335076765108718
eeg_fnirs_single_trial,subject_15,eeg_fnirs_single_trial__subject_15__session_00__prefrontal__w12,train,RMI,22.84,1,-6.88261715357808
eeg_fnirs_single_trial,subject_15,eeg_fnirs_single_trial__subject_15__session_00__prefrontal__w12,train,RMI,29.3,1,-4.19576460662878
eeg_fnirs_single_trial,subject_15,eeg_fnirs_single_trial__subject_15__session_00__prefrontal__w14,train,RMI,0.76,0,3.056196826579507
eeg_fnirs_single_trial,subject_15,eeg_fnirs_single_trial__subject_15__session_00__prefrontal__w14,train,RMI,16.7,0,3.715214237963691
eeg_fnirs_single_trial,subject_15,eeg_fnirs_single_trial__subject_15__session_00__prefrontal__w14,train,RMI,18.0,0,3.938138930239881
eeg_fnirs_single_trial,subject_15,eeg_fnirs_single_trial__subject_15__session_00__prefrontal__w14,train,RMI,19.8,0,3.01866221810239
eeg_fnirs_single_trial,subject_15,eeg_fnirs_single_trial__subject_15__session_00__prefrontal__w14,train,RMI,21.54,0,3.323639426069764
eeg_fnirs_single_trial,subject_15,eeg_fnirs_single_trial__subject_15__session_00__prefrontal__w14,train,RMI,0.8,1,3.5779286052615134
eeg_fnirs_single_trial,subject_15,eeg_fnirs_single_trial__subject_15__session_00__prefrontal__w14,train,RMI,1.4,1,8.387367841905444
eeg_fnirs_single_trial,subject_15,eeg_fnirs_single_trial__subject_15__session_00__prefrontal__w14,train,RMI,2.04,1,-6.940159516347673
eeg_fnirs_single_trial,subject_15,eeg_fnirs_single_trial__subject_15__session_00__prefrontal__w14,train,RMI,3.24,1,-3.2447889099632583
eeg_fnirs_single_trial,subject_15,eeg_fnirs_single_trial__subject_15__session_00__prefrontal__w14,train,RMI,17.56,1,9.93251047855673
eeg_fnirs_single_trial,subject_15,eeg_fnirs_single_trial__subject_15__session_00__prefrontal__w14,train,RMI,18.48,1,-3.8436528453193213
eeg_fnirs_single_trial,subject_15,eeg_fnirs_single_trial__subject_15__session_00__prefrontal__w14,train,RMI,19.12,1,7.371907556622781
eeg_fnirs_single_trial,subject_15,eeg_fnirs_single_trial__subject_15__session_00__prefrontal__w14,train,RMI,21.04,1,-3.1904416946885132
eeg_fnirs_single_trial,subject_16,eeg_fnirs_single_trial__subject_16__session_00__prefrontal__w0,evaluate,RMI,0.3,0,3.6110918678305417
eeg_fnirs_single_trial,subject_16,eeg_fnirs_single_trial__subject_16__session_00__prefrontal__w0,evaluate,RMI,1.78,0,3.145328231650469
eeg_fnirs_single_trial,subject_16,eeg_fnirs_single_trial__subject_16__session_00__prefrontal__w0,evaluate,RMI,17.68,0,3.2066790710508983
eeg_fnirs_single_trial,subject_16,eeg_fnirs_single_trial__subject_16__session_00__prefrontal__w0,evaluate,RMI,22.16,0,3.371867229809173
eeg_fnirs_single_trial,subject_16,eeg_fnirs_single_trial__subject_16__session_00__prefrontal__w0,evaluate,RMI,25.2,0,3.0646243656963543
eeg_fnirs_single_trial,subject_16,eeg_fnirs_single_trial__subject_16__session_00__prefrontal__w0,evaluate,RMI,3.2,1,-4.025690610555555
eeg_fnirs_single_trial,subject_16,eeg_fnirs_single_trial__subject_16__session_00__prefrontal__w0,evaluate,RMI,25.8,1,3.630783940729603
eeg_fnirs_single_trial,subject_16,eeg_fnirs_single_trial__subject_16__session_00__prefrontal__w0,evaluate,RMI,26.3,1,-6.575016485170544
eeg_fnirs_single_trial,subject_16,eeg_fnirs_single_trial__subject_16__session_00__prefrontal__w0,evaluate,RMI,27.86,1,-7.250915318345539
eeg_fnirs_single_trial,subject_16,eeg_fnirs_single_trial__subject_16__session_00__prefrontal__w0,evaluate,RMI,28.76,1,3.179472699309529
eeg_fnirs_single_trial,subject_16,eeg_fnirs_single_trial__subject_16__session_00__prefrontal__w2,evaluate,LMI,25.32,0,3.3120823878682852
eeg_fnirs_single_trial,subject_16,eeg_fnirs_single_trial__subject_16__session_00__prefrontal__w2,evaluate,LMI,27.7,0,3.0952116242312346
eeg_fnirs_single_trial,subject_16,eeg_fnirs_single_trial__subject_16__session_00__prefrontal__w2,evaluate,LMI,3.78,1,3.5879431600843352
eeg_fnirs_single_trial,subject_16,eeg_fnirs_single_trial__subject_16__session_00__prefrontal__w4,evaluate,RMI,15.98,0,3.2787619323693735
eeg_fnirs_single_trial,subject_16,eeg_fnirs_single_trial__subject_16__session_00__prefrontal__w4,evaluate,RMI,18.36,0,3.022136426286969
eeg_fnirs_single_trial,subject_16,eeg_fnirs_single_trial__subject_16__session_00__prefrontal__w4,evaluate,RMI,20.76,0,3.062016521047744
eeg_fnirs_single_trial,subject_16,eeg_fnirs_single_trial__subject_16__session_00__prefrontal__w4,evaluate,RMI,23.36,0,3.2311765785408073
eeg_fnirs_single_trial,subject_16,eeg_fnirs_single_trial__subject_16__session_00__prefrontal__w4,evaluate,RMI,25.72,0,3.2725986362550117
eeg_fnirs_single_trial,subject_16,eeg_fnirs_single_trial__subject_16__session_00__prefrontal__w6,evaluate,RMI,16.1,0,3.037935769491102
eeg_fnirs_single_trial,subject_16,eeg_fnirs_single_trial__subject_16__session_00__prefrontal__w6,evaluate,RMI,3.22,1,-3.5043555351833953
eeg_fnirs_single_trial,subject_16,eeg_fnirs_single_trial__subject_16__session_00__prefrontal__w6,evaluate,RMI,6.12,1,3.2163554195008235
eeg_fnirs_single_trial,subject_16,eeg_fnirs_single_trial__subject_16__session_00__prefrontal__w6,evaluate,RMI,21.86,1,3.2272638216032807
eeg_fnirs_single_trial,subject_16,eeg_fnirs_single_trial__subject_16__session_00__prefrontal__w8,evaluate,LMI,0.3,0,3.4186102881861022
eeg_fnirs_single_trial,subject_16,eeg_fnirs_single_trial__subject_16__session_00__prefrontal__w8,evaluate,LMI,25.66,0,3.0017943029088303
eeg_fnirs_single_trial,subject_16,eeg_fnirs_single_trial__subject_16__session_00__prefrontal__w10,evaluate,LMI,4.46,1,-7.117949185337142
eeg_fnirs_single_trial,subject_16,eeg_fnirs_single_trial__subject_16__session_00__prefrontal__w12,evaluate,RMI,19.98,0,3.0490745714702876
eeg_fnirs_single_trial,subject_16,eeg_fnirs_single_trial__subject_16__session_00__prefrontal__w12,evaluate,RMI,26.82,0,3.181025286088735
eeg_fnirs_single_trial,subject_16,eeg_fnirs_single_trial__subject_16__session_00__prefrontal__w12,evaluate,RMI,12.26,1,3.1152157591443164
eeg_fnirs_single_trial,subject_16,eeg_fnirs_single_trial__subject_16__session_00__prefrontal__w12,evaluate,RMI,21.24,1,-6.161659329672033
eeg_fnirs_single_trial,subject_16,eeg_fnirs_single_trial__subject_16__session_00__prefrontal__w12,evaluate,RMI,29.44,1,-4.128736498985676
eeg_fnirs_single_trial,subject_16,eeg_fnirs_single_trial__subject_16__session_00__prefrontal__w14,evaluate,RMI,1.5,1,-6.463020160817698
eeg_fnirs_single_trial,subject_16,eeg_fnirs_single_trial__subject_16__session_00__prefrontal__w14,evaluate,RMI,3.38,1,-3.8551608790168537
eeg_fnirs_single_trial,subject_16,eeg_fnirs_single_trial__subject_16__session_00__prefrontal__w14,evaluate,RMI,5.34,1,3.83693450477934
eeg_fnirs_single_trial,subject_16,eeg_fnirs_single_trial__subject_16__session_00__prefrontal__w14,evaluate,RMI,6.16,1,-3.103097375296995
eeg_fnirs_single_trial,subject_17,eeg_fnirs_single_trial__subject_17__session_00__prefrontal__w0,train,LMI,2.64,0,3.0366297389473775
eeg_fnirs_single_trial,subject_17,eeg_fnirs_single_trial__subject_17__session_00__prefrontal__w0,train,LMI,16.14,0,3.0534424892398833
eeg_fnirs_single_trial,subject_17,eeg_fnirs_single_trial__subject_17__session_00__prefrontal__w0,train,LMI,18.6,0,3.1581811014047543
eeg_fnirs_single_trial,subject_17,eeg_fnirs_single_trial__subject_17__session_00__prefrontal__w0,train,LMI,20.78,0,3.231449475507774
eeg_fnirs_single_trial,subject_17,eeg_fnirs_single_trial__subject_17__session_00__prefrontal__w0,train,LMI,24.42,0,3.0646813410128213
eeg_fnirs_single_trial,subject_17,eeg_fnirs_single_trial__subject_17__session_00__prefrontal__w0,train,LMI,27.1,0,3.190358828445544
eeg_fnirs_single_trial,subject_17,eeg_fnirs_single_trial__subject_17__session_00__prefrontal__w0,train,LMI,26.68,1,-3.9189255292796474
eeg_fnirs_single_trial,subject_17,eeg_fnirs_single_trial__subject_17__session_00__prefrontal__w0,train,LMI,27.2,1,3.0195582309226348
eeg_fnirs_single_trial,subject_17,eeg_fnirs_single_trial__subject_17__session_00__prefrontal__w2,train,RMI,1.86,0,3.3334341214028913
eeg_fnirs_single_trial,subject_17,eeg_fnirs_single_trial__subject_17__session_00__prefrontal__w2,train,RMI,16.0,0,3.113822973647882
eeg_fnirs_single_trial,subject_17,eeg_fnirs_single_trial__subject_17__session_00__prefrontal__w2,train,RMI,18.24,0,3.0047251701997517
eeg_fnirs_single_trial,subject_17,eeg_fnirs_single_trial__subject_17__session_00__prefrontal__w2,train,RMI,1.1,1,-3.154146566145841
eeg_fnirs_single_trial,subject_17,eeg_fnirs_single_trial__subject_17__session_00__prefrontal__w2,train,RMI,5.84,1,-6.309083098720488
eeg_fnirs_single_trial,subject_17,eeg_fnirs_single_trial__subject_17__session_00__prefrontal__w2,train,RMI,10.08,1,4.559177362321809
eeg_fnirs_single_trial,subject_17,eeg_fnirs_single_trial__subject_17__session_00__prefrontal__w4,train,LMI,5.02,0,3.04216269797534
eeg_fnirs_single_trial,subject_17,eeg_fnirs_single_trial__subject_17__session_00__prefrontal__w4,train,LMI,21.06,0,3.1540618060443055
eeg_fnirs_single_trial,subject_17,eeg_fnirs_single_trial__subject_17__session_00__prefrontal__w4,train,LMI,24.52,0,3.1986736193769842
eeg_fnirs_single_trial,subject_17,eeg_fnirs_single_trial__subject_17__session_00__prefrontal__w6,train,LMI,3.34,1,4.196031229356732
eeg_fnirs_single_trial,subject_17,eeg_fnirs_single_trial__subject_17__session_00__prefrontal__w8,train,LMI,1.62,0,3.1688692654344375
eeg_fnirs_single_trial,subject_17,eeg_fnirs_single_trial__subject_17__session_00__prefrontal__w8,train,LMI,16.08,0,3.0320273971680467
eeg_fnirs_single_trial,subject_17,eeg_fnirs_single_trial__subject_17__session_00__prefrontal__w8,train,LMI,29.06,0,3.0149565397928204
eeg_fnirs_single_trial,subject_17,eeg_fnirs_single_trial__subject_17__session_00__prefrontal__w8,train,LMI,0.66,1,3.207631804131282
eeg_fnirs_single_trial,subject_17,eeg_fnirs_single_trial__subject_17__session_00__prefrontal__w8,train,LMI,16.94,1,-4.52937317161495
eeg_fnirs_single_trial,subject_17,eeg_fnirs_single_trial__subject_17__session_00__prefrontal__w8,train,LMI,28.58,1,3.0220088122916735
eeg_fnirs_single_trial,subject_17,eeg_fnirs_single_trial__subject_17__session_00__prefrontal__w10,train,LMI,18.14,0,3.049449497919948
eeg_fnirs_single_trial,subject_17,eeg_fnirs_single_trial__subject_17__session_00__prefrontal__w10,train,LMI,29.74,1,3.439197693017191
eeg_fnirs_single_trial,subject_17,eeg_fnirs_single_trial__subject_17__session_00__prefrontal__w12,train,LMI,0.14,1,4.867226558645105
eeg_fnirs_single_trial,subject_17,eeg_fnirs_single_trial__subject_17__session_00__prefrontal__w12,train,LMI,0.76,1,-5.415450243597208
eeg_fnirs_single_trial,subject_17,eeg_fnirs_single_trial__subject_17__session_00__prefrontal__w12,train,LMI,2.98,1,3.7008243853658582
eeg_fnirs_single_trial,subject_17,eeg_fnirs_single_trial__subject_17__session_00__prefrontal__w12,train,LMI,21.44,1,-3.1075996981150404
eeg_fnirs_single_trial,subject_17,eeg_fnirs_single_trial__subject_17__session_00__prefrontal__w12,train,LMI,25.62,1,3.2851832292197676
eeg_fnirs_single_trial,subject_17,eeg_fnirs_single_trial__subject_17__session_00__prefrontal__w14,train,LMI,3.96,0,3.1819286431204055
eeg_fnirs_single_trial,subject_17,eeg_fnirs_single_trial__subject_17__session_00__prefrontal__w14,train,LMI,2.72,1,-5.95719451277583
eeg_fnirs_single_trial,subject_17,eeg_fnirs_single_trial__subject_17__session_00__prefrontal__w14,train,LMI,3.36,1,-4.3528679638660455
eeg_fnirs_single_trial,subject_17,eeg_fnirs_single_trial__subject_17__session_00__prefrontal__w14,train,LMI,14.44,1,3.2860058148410953
eeg_fnirs_single_trial,subject_17,eeg_fnirs_single_trial__subject_17__session_00__prefrontal__w14,train,LMI,15.74,1,-7.861784323868019
eeg_fnirs_single_trial,subject_17,eeg_fnirs_single_trial__subject_17__session_00__prefrontal__w14,train,LMI,16.32,1,3.8030458774869924
eeg_fnirs_single_trial,subject_17,eeg_fnirs_single_trial__subject_17__session_00__prefrontal__w14,train,LMI,25.42,1,6.076877012544366
eeg_fnirs_single_trial,subject_18,eeg_fnirs_single_trial__subject_18__session_00__prefrontal__w0,evaluate,RMI,9.8,0,-3.7724329773418437
eeg_fnirs_single_trial,subject_18,eeg_fnirs_single_trial__subject_18__session_00__prefrontal__w0,evaluate,RMI,16.2,0,4.163543599777899
eeg_fnirs_single_trial,subject_18,eeg_fnirs_single_trial__subject_18__session_00__prefrontal__w0,evaluate,RMI,9.74,1,9.075008567172029
eeg_fnirs_single_trial,subject_18,eeg_fnirs_single_trial__subject_18__session_00__prefrontal__w0,evaluate,RMI,15.44,1,3.58997886111929
eeg_fnirs_single_trial,subject_18,eeg_fnirs_single_trial__subject_18__session_00__prefrontal__w0,evaluate,RMI,16.7,1,-4.298711332710548
eeg_fnirs_single_trial,subject_18,eeg_fnirs_single_trial__subject_18__session_00__prefrontal__w2,evaluate,LMI,0.1,0,4.190459956940468
eeg_fnirs_single_trial,subject_18,eeg_fnirs_single_trial__subject_18__session_00__prefrontal__w2,evaluate,LMI,2.3,0,3.7572770423467956
eeg_fnirs_single_trial,subject_18,eeg_fnirs_single_trial__subject_18__session_00__prefrontal__w2,evaluate,LMI,16.34,0,4.7210069843590095
eeg_fnirs_single_trial,subject_18,eeg_fnirs_single_trial__subject_18__session_00__prefrontal__w2,evaluate,LMI,18.54,0,3.534034191392455
eeg_fnirs_single_trial,subject_18,eeg_fnirs_single_trial__subject_18__session_00__prefrontal__w2,evaluate,LMI,19.78,0,4.754820633002467
eeg_fnirs_single_trial,subject_18,eeg_fnirs_single_trial__subject_18__session_00__prefrontal__w2,evaluate,LMI,24.74,0,4.145592045256177
eeg_fnirs_single_trial,subject_18,eeg_fnirs_single_trial__subject_18__session_00__prefrontal__w2,evaluate,LMI,4.06,1,3.941572122604418
eeg_fnirs_single_trial,subject_18,eeg_fnirs_single_trial__subject_18__session_00__prefrontal__w2,evaluate,LMI,5.02,1,6.41882505626603
eeg_fnirs_single_trial,subject_18,eeg_fnirs_single_trial__subject_18__session_00__prefrontal__w2,evaluate,LMI,7.46,1,-8.27539739645031
eeg_fnirs_single_trial,subject_18,eeg_fnirs_single_trial__subject_18__session_00__prefrontal__w2,evaluate,LMI,8.08,1,5.492319131617032
eeg_fnirs_single_trial,subject_18,eeg_fnirs_single_trial__subject_18__session_00__prefrontal__w2,evaluate,LMI,16.56,1,3.909033047568514
eeg_fnirs_single_trial,subject_18,eeg_fnirs_single_trial__subject_18__session_00__prefrontal__w2,evaluate,LMI,17.64,1,-12.450922455608334
eeg_fnirs_single_trial,subject_18,eeg_fnirs_single_trial__subject_18__session_00__prefrontal__w2,evaluate,LMI,18.86,1,5.849538992192459
eeg_fnirs_single_trial,subject_18,eeg_fnirs_single_trial__subject_18__session_00__prefrontal__w4,evaluate,LMI,6.5,0,3.001245501228976
eeg_fnirs_single_trial,subject_18,eeg_fnirs_single_trial__subject_18__session_00__prefrontal__w4,evaluate,LMI,16.24,0,3.687561607330596
eeg_fnirs_single_trial,subject_18,eeg_fnirs_single_trial__subject_18__session_00__prefrontal__w4,evaluate,LMI,19.16,0,3.980870610234509
eeg_fnirs_single_trial,subject_18,eeg_fnirs_single_trial__subject_18__session_00__prefrontal__w4,evaluate,LMI,3.22,1,3.3611655797656037
eeg_fnirs_single_trial,subject_18,eeg_fnirs_single_trial__subject_18__session_00__prefrontal__w4,evaluate,LMI,5.98,1,3.820370476062898
eeg_fnirs_single_trial,subject_18,eeg_fnirs_single_trial__subject_18__session_00__prefrontal__w4,evaluate,LMI,6.62,1,-4.170657250387529
eeg_fnirs_single_trial,subject_18,eeg_fnirs_single_trial__subject_18__session_00__prefrontal__w4,evaluate,LMI,7.68,1,6.808822662193182
eeg_fnirs_single_trial,subject_18,eeg_fnirs_single_trial__subject_18__session_00__prefrontal__w4,evaluate,LMI,16.74,1,3.107816809086348
eeg_fnirs_single_trial,subject_18,eeg_fnirs_single_trial__subject_18__session_00__prefrontal__w6,evaluate,RMI,2.46,0,4.778815076259439
eeg_fnirs_single_trial,subject_18,eeg_fnirs_single_trial__subject_18__session_00__prefrontal__w6,evaluate,RMI,7.12,0,-3.379029098797842
eeg_fnirs_single_trial,subject_18,eeg_fnirs_single_trial__subject_18__session_00__prefrontal__w6,evaluate,RMI,1.68,1,-3.9991566075687115
eeg_fnirs_single_trial,subject_18,eeg_fnirs_single_trial__subject_18__session_00__prefrontal__w6,evaluate,RMI,2.5,1,-3.4015803595392375
eeg_fnirs_single_trial,subject_18,eeg_fnirs_single_trial__subject_18__session_00__prefrontal__w6,evaluate,RMI,3.26,1,-4.086707192118833
eeg_fnirs_single_trial,subject_18,eeg_fnirs_single_trial__subject_18__session_00__prefrontal__w6,evaluate,RMI,7.18,1,11.376458348844864
eeg_fnirs_single_trial,subject_18,eeg_fnirs_single_trial__subject_18__session_00__prefrontal__w6,evaluate,RMI,8.6,1,-3.2782449875655106
eeg_fnirs_single_trial,subject_18,eeg_fnirs_single_trial__subject_18__session_00__prefrontal__w6,evaluate,RMI,10.2,1,-4.350399506651694
eeg_fnirs_single_trial,subject_18,eeg_fnirs_single_trial__subject_18__session_00__prefrontal__w6,evaluate,RMI,11.26,1,3.938420470635505
eeg_fnirs_single_trial,subject_18,eeg_fnirs_single_trial__subject_18__session_00__prefrontal__w6,evaluate,RMI,14.7,1,5.047647039198262
eeg_fnirs_single_trial,subject_18,eeg_fnirs_single_trial__subject_18__session_00__prefrontal__w8,evaluate,LMI,16.66,0,3.427114802176457
eeg_fnirs_single_trial,subject_18,eeg_fnirs_single_trial__subject_18__session_00__prefrontal__w8,evaluate,LMI,17.78,0,3.54714441384698
eeg_fnirs_single_trial,subject_18,eeg_fnirs_single_trial__subject_18__session_00__prefrontal__w8,evaluate,LMI,19.58,0,3.2844106662777075
eeg_fnirs_single_trial,subject_18,eeg_fnirs_single_trial__subject_18__session_00__prefrontal__w8,evaluate,LMI,20.98,0,3.1255086406255845
eeg_fnirs_single_trial,subject_18,eeg_fnirs_single_trial__subject_18__session_00__prefrontal__w8,evaluate,LMI,23.42,0,4.851171741951648
eeg_fnirs_single_trial,subject_18,eeg_fnirs_single_trial__subject_18__session_00__prefrontal__w8,evaluate,LMI,25.38,0,3.920441411811879
eeg_fnirs_single_trial,subject_18,eeg_fnirs_single_trial__subject_18__session_00__prefrontal__w8,evaluate,LMI,26.82,0,13.369161737023354
eeg_fnirs_single_trial,subject_18,eeg_fnirs_single_trial__subject_18__session_00__prefrontal__w8,evaluate,LMI,4.8,1,3.3873521139426828
eeg_fnirs_single_trial,subject_18,eeg_fnirs_single_trial__subject_18__session_00__prefrontal__w8,evaluate,LMI,10.16,1,-3.639096112428341
eeg_fnirs_single_trial,subject_18,eeg_fnirs_single_trial__subject_18__session_00__prefrontal__w8,evaluate,LMI,12.52,1,-3.5786824948376705
eeg_fnirs_single_trial,subject_18,eeg_fnirs_single_trial__subject_18__session_00__prefrontal__w8,evaluate,LMI,16.56,1,3.1838008713642996
eeg_fnirs_single_trial,subject_18,eeg_fnirs_single_trial__subject_18__session_00__prefrontal__w8,evaluate,LMI,17.86,1,3.7631406190566774
eeg_fnirs_single_trial,subject_18,eeg_fnirs_single_trial__subject_18__session_00__prefrontal__w8,evaluate,LMI,18.42,1,-8.560963408069073
eeg_fnirs_single_trial,subject_18,eeg_fnirs_single_trial__subject_18__session_00__prefrontal__w8,evaluate,LMI,19.36,1,3.82040972182932
eeg_fnirs_single_trial,subject_18,eeg_fnirs_single_trial__subject_18__session_00__prefrontal__w8,evaluate,LMI,19.86,1,13.233453898706797
eeg_fnirs_single_trial,subject_18,eeg_fnirs_single_trial__subject_18__session_00__prefrontal__w8,evaluate,LMI,20.48,1,7.677806934136102
eeg_fnirs_single_trial,subject_18,eeg_fnirs_single_trial__subject_18__session_00__prefrontal__w8,evaluate,LMI,20.98,1,-7.713904557136483
eeg_fnirs_single_trial,subject_18,eeg_fnirs_single_trial__subject_18__session_00__prefrontal__w8,evaluate,LMI,23.48,1,4.567024792606808
eeg_fnirs_single_trial,subject_18,eeg_fnirs_single_trial__subject_18__session_00__prefrontal__w8,evaluate,LMI,27.66,1,3.1337965237305356
eeg_fnirs_single_trial,subject_18,eeg_fnirs_single_trial__subject_18__session_00__prefrontal__w8,evaluate,LMI,29.76,1,-8.894283576784417
eeg_fnirs_single_trial,subject_18,eeg_fnirs_single_trial__subject_18__session_00__prefrontal__w10,evaluate,RMI,16.22,0,3.250237938349352
eeg_fnirs_single_trial,subject_18,eeg_fnirs_single_trial__subject_18__session_00__prefrontal__w10,evaluate,RMI,17.14,0,4.092460173966752
eeg_fnirs_single_trial,subject_18,eeg_fnirs_single_trial__subject_18__session_00__prefrontal__w10,evaluate,RMI,25.96,0,3.6953876638904872
eeg_fnirs_single_trial,subject_18,eeg_fnirs_single_trial__subject_18__session_00__prefrontal__w10,evaluate,RMI,0.96,1,3.431399138706126
eeg_fnirs_single_trial,subject_18,eeg_fnirs_single_trial__subject_18__session_00__prefrontal__w10,evaluate,RMI,4.12,1,13.175729650173018
eeg_fnirs_single_trial,subject_18,eeg_fnirs_single_trial__subject_18__session_00__prefrontal__w10,evaluate,RMI,5.6,1,-5.232080779337915
eeg_fnirs_single_trial,subject_18,eeg_fnirs_single_trial__subject_18__session_00__prefrontal__w10,evaluate,RMI,6.42,1,6.602887442410259
eeg_fnirs_single_trial,subject_18,eeg_fnirs_single_trial__subject_18__session_00__prefrontal__w10,evaluate,RMI,10.44,1,-3.500583182005911
eeg_fnirs_single_trial,subject_18,eeg_fnirs_single_trial__subject_18__session_00__prefrontal__w10,evaluate,RMI,12.44,1,-3.3446246060676077
eeg_fnirs_single_trial,subject_18,eeg_fnirs_single_trial__subject_18__session_00__prefrontal__w10,evaluate,RMI,16.48,1,4.332982948996722
eeg_fnirs_single_trial,subject_18,eeg_fnirs_single_trial__subject_18__session_00__prefrontal__w10,evaluate,RMI,28.94,1,-3.555271206211732
eeg_fnirs_single_trial,subject_18,eeg_fnirs_single_trial__subject_18__session_00__prefrontal__w12,evaluate,RMI,0.84,0,3.3582134061828395
eeg_fnirs_single_trial,subject_18,eeg_fnirs_single_trial__subject_18__session_00__prefrontal__w12,evaluate,RMI,1.96,0,4.368512625053679
eeg_fnirs_single_trial,subject_18,eeg_fnirs_single_trial__subject_18__session_00__prefrontal__w12,evaluate,RMI,5.18,0,3.4781258066026775
eeg_fnirs_single_trial,subject_18,eeg_fnirs_single_trial__subject_18__session_00__prefrontal__w12,evaluate,RMI,12.08,0,3.8737141294986492
eeg_fnirs_single_trial,subject_18,eeg_fnirs_single_trial__subject_18__session_00__prefrontal__w12,evaluate,RMI,21.5,0,3.0927301368488753
eeg_fnirs_single_trial,subject_18,eeg_fnirs_single_trial__subject_18__session_00__prefrontal__w12,evaluate,RMI,22.32,0,4.290856407798288
eeg_fnirs_single_trial,subject_18,eeg_fnirs_single_trial__subject_18__session_00__prefrontal__w12,evaluate,RMI,27.48,0,3.6538530147529076
eeg_fnirs_single_trial,subject_18,eeg_fnirs_single_trial__subject_18__session_00__prefrontal__w12,evaluate,RMI,29.16,0,3.650147063937012
eeg_fnirs_single_trial,subject_18,eeg_fnirs_single_trial__subject_18__session_00__prefrontal__w12,evaluate,RMI,0.32,1,15.327512248786192
eeg_fnirs_single_trial,subject_18,eeg_fnirs_single_trial__subject_18__session_00__prefrontal__w12,evaluate,RMI,0.84,1,-13.139283121603555
eeg_fnirs_single_trial,subject_18,eeg_fnirs_single_trial__subject_18__session_00__prefrontal__w12,evaluate,RMI,3.26,1,-4.080705390233842
eeg_fnirs_single_trial,subject_18,eeg_fnirs_single_trial__subject_18__session_00__prefrontal__w12,evaluate,RMI,12.46,1,-3.0130195298429303
eeg_fnirs_single_trial,subject_18,eeg_fnirs_single_trial__subject_18__session_00__prefrontal__w12,evaluate,RMI,15.88,1,-3.16803527271222
eeg_fnirs_single_trial,subject_18,eeg_fnirs_single_trial__subject_18__session_00__prefrontal__w12,evaluate,RMI,18.9,1,-7.6589839064466245
eeg_fnirs_single_trial,subject_18,eeg_fnirs_single_trial__subject_18__session_00__prefrontal__w12,evaluate,RMI,20.1,1,-3.144493860123777
eeg_fnirs_single_trial,subject_18,eeg_fnirs_single_trial__subject_18__session_00__prefrontal__w12,evaluate,RMI,20.8,1,-16.85152658345771
eeg_fnirs_single_trial,subject_18,eeg_fnirs_single_trial__subject_18__session_00__prefrontal__w12,evaluate,RMI,21.34,1,-4.572601476969666
eeg_fnirs_single_trial,subject_18,eeg_fnirs_single_trial__subject_18__session_00__prefrontal__w12,evaluate,RMI,23.38,1,8.241681413199897
eeg_fnirs_single_trial,subject_18,eeg_fnirs_single_trial__subject_18__session_00__prefrontal__w12,evaluate,RMI,24.06,1,-5.573403845051949
eeg_fnirs_single_trial,subject_18,eeg_fnirs_single_trial__subject_18__session_00__prefrontal__w12,evaluate,RMI,28.5,1,14.376649895549132
eeg_fnirs_single_trial,subject_18,eeg_fnirs_single_trial__subject_18__session_00__prefrontal__w12,evaluate,RMI,29.06,1,-15.719320950979501
eeg_fnirs_single_trial,subject_18,eeg_fnirs_single_trial__subject_18__session_00__prefrontal__w14,evaluate,RMI,3.8,0,3.0104761567331177
eeg_fnirs_single_trial,subject_18,eeg_fnirs_single_trial__subject_18__session_00__prefrontal__w14,evaluate,RMI,10.5,0,3.1382546359748966
eeg_fnirs_single_trial,subject_18,eeg_fnirs_single_trial__subject_18__session_00__prefrontal__w14,evaluate,RMI,11.56,0,4.1487420078085755
eeg_fnirs_single_trial,subject_18,eeg_fnirs_single_trial__subject_18__session_00__prefrontal__w14,evaluate,RMI,3.72,1,-3.9183253583910025
eeg_fnirs_single_trial,subject_18,eeg_fnirs_single_trial__subject_18__session_00__prefrontal__w14,evaluate,RMI,5.48,1,-6.113270466420456
eeg_fnirs_single_trial,subject_18,eeg_fnirs_single_trial__subject_18__session_00__prefrontal__w14,evaluate,RMI,9.42,1,9.564995991533344
eeg_fnirs_single_trial,subject_18,eeg_fnirs_single_trial__subject_18__session_00__prefrontal__w14,evaluate,RMI,11.08,1,-5.631103640647806
eeg_fnirs_single_trial,subject_19,eeg_fnirs_single_trial__subject_19__session_00__prefrontal__w2,train,RMI,1.0,1,-4.375450352402437
eeg_fnirs_single_trial,subject_19,eeg_fnirs_single_trial__subject_19__session_00__prefrontal__w2,train,RMI,2.5,1,3.1173767136252137
eeg_fnirs_single_trial,subject_19,eeg_fnirs_single_trial__subject_19__session_00__prefrontal__w4,train,RMI,0.4,1,3.598965978255544
eeg_fnirs_single_trial,subject_19,eeg_fnirs_single_trial__subject_19__session_00__prefrontal__w4,train,RMI,1.14,1,-5.536211275001086
eeg_fnirs_single_trial,subject_19,eeg_fnirs_single_trial__subject_19__session_00__prefrontal__w4,train,RMI,8.68,1,-4.5630703446464596
eeg_fnirs_single_trial,subject_19,eeg_fnirs_single_trial__subject_19__session_00__prefrontal__w6,train,LMI,26.24,1,-3.3315897484145602
eeg_fnirs_single_trial,subject_19,eeg_fnirs_single_trial__subject_19__session_00__prefrontal__w6,train,LMI,26.86,1,3.9795199572084736
eeg_fnirs_single_trial,subject_19,eeg_fnirs_single_trial__subject_19__session_00__prefrontal__w6,train,LMI,28.1,1,-8.07027273593875
eeg_fnirs_single_trial,subject_19,eeg_fnirs_single_trial__subject_19__session_00__prefrontal__w10,train,LMI,3.72,1,-4.717671710975293
eeg_fnirs_single_trial,subject_19,eeg_fnirs_single_trial__subject_19__session_00__prefrontal__w10,train,LMI,28.56,1,3.6026597744264945
eeg_fnirs_single_trial,subject_19,eeg_fnirs_single_trial__subject_19__session_00__prefrontal__w10,train,LMI,29.1,1,3.9661116829007304
eeg_fnirs_single_trial,subject_19,eeg_fnirs_single_trial__subject_19__session_00__prefrontal__w12,train,RMI,23.7,1,-5.9611973344649005
eeg_fnirs_single_trial,subject_19,eeg_fnirs_single_trial__subject_19__session_00__prefrontal__w14,train,RMI,3.22,1,-5.387137304120709
eeg_fnirs_single_trial,subject_20,eeg_fnirs_single_trial__subject_20__session_00__prefrontal__w0,evaluate,RMI,4.84,0,4.012698222527449
eeg_fnirs_single_trial,subject_20,eeg_fnirs_single_trial__subject_20__session_00__prefrontal__w0,evaluate,RMI,10.12,0,4.21390105651938
eeg_fnirs_single_trial,subject_20,eeg_fnirs_single_trial__subject_20__session_00__prefrontal__w0,evaluate,RMI,15.88,0,4.442316938293706
eeg_fnirs_single_trial,subject_20,eeg_fnirs_single_trial__subject_20__session_00__prefrontal__w0,evaluate,RMI,17.0,0,4.210935994700742
eeg_fnirs_single_trial,subject_20,eeg_fnirs_single_trial__subject_20__session_00__prefrontal__w0,evaluate,RMI,22.78,0,3.5692713064620536
eeg_fnirs_single_trial,subject_20,eeg_fnirs_single_trial__subject_20__session_00__prefrontal__w0,evaluate,RMI,27.8,0,3.9411383144155594
eeg_fnirs_single_trial,subject_20,eeg_fnirs_single_trial__subject_20__session_00__prefrontal__w2,evaluate,RMI,2.96,0,3.8498509565733374
eeg_fnirs_single_trial,subject_20,eeg_fnirs_single_trial__subject_20__session_00__prefrontal__w2,evaluate,RMI,9.62,0,3.7881213316811717
eeg_fnirs_single_trial,subject_20,eeg_fnirs_single_trial__subject_20__session_00__prefrontal__w2,evaluate,RMI,15.38,0,3.625952589029197
eeg_fnirs_single_trial,subject_20,eeg_fnirs_single_trial__subject_20__session_00__prefrontal__w2,evaluate,RMI,19.58,0,3.5872109422232006
eeg_fnirs_single_trial,subject_20,eeg_fnirs_single_trial__subject_20__session_00__prefrontal__w2,evaluate,RMI,20.78,0,4.0749177069324585
eeg_fnirs_single_trial,subject_20,eeg_fnirs_single_trial__subject_20__session_00__prefrontal__w2,evaluate,RMI,27.26,0,3.572483761427004
eeg_fnirs_single_trial,subject_20,eeg_fnirs_single_trial__subject_20__session_00__prefrontal__w2,evaluate,RMI,28.44,0,4.024420593218982
eeg_fnirs_single_trial,subject_20,eeg_fnirs_single_trial__subject_20__session_00__prefrontal__w2,evaluate,RMI,4.16,1,3.281780751802037
eeg_fnirs_single_trial,subject_20,eeg_fnirs_single_trial__subject_20__session_00__prefrontal__w2,evaluate,RMI,9.8,1,3.97542880220842
eeg_fnirs_single_trial,subject_20,eeg_fnirs_single_trial__subject_20__session_00__prefrontal__w4,evaluate,LMI,1.84,0,4.0034003960763185
eeg_fnirs_single_trial,subject_20,eeg_fnirs_single_trial__subject_20__session_00__prefrontal__w4,evaluate,LMI,9.02,0,3.4701937658202153
eeg_fnirs_single_trial,subject_20,eeg_fnirs_single_trial__subject_20__session_00__prefrontal__w4,evaluate,LMI,14.22,0,3.501308262072875
eeg_fnirs_single_trial,subject_20,eeg_fnirs_single_trial__subject_20__session_00__prefrontal__w4,evaluate,LMI,16.1,0,3.3579768722478374
eeg_fnirs_single_trial,subject_20,eeg_fnirs_single_trial__subject_20__session_00__prefrontal__w4,evaluate,LMI,17.94,0,3.404169259965476
eeg_fnirs_single_trial,subject_20,eeg_fnirs_single_trial__subject_20__session_00__prefrontal__w4,evaluate,LMI,18.84,0,3.198910652706166
eeg_fnirs_single_trial,subject_20,eeg_fnirs_single_trial__subject_20__session_00__prefrontal__w4,evaluate,LMI,25.08,0,3.903111743215035
eeg_fnirs_single_trial,subject_20,eeg_fnirs_single_trial__subject_20__session_00__prefrontal__w4,evaluate,LMI,19.06,1,3.198233938355709
eeg_fnirs_single_trial,subject_20,eeg_fnirs_single_trial__subject_20__session_00__prefrontal__w6,evaluate,LMI,4.72,0,3.459492213468343
eeg_fnirs_single_trial,subject_20,eeg_fnirs_single_trial__subject_20__session_00__prefrontal__w6,evaluate,LMI,9.88,0,3.436622714478042
eeg_fnirs_single_trial,subject_20,eeg_fnirs_single_trial__subject_20__session_00__prefrontal__w6,evaluate,LMI,14.62,0,4.081877277922744
eeg_fnirs_single_trial,subject_20,eeg_fnirs_single_trial__subject_20__session_00__prefrontal__w6,evaluate,LMI,16.22,0,3.011451741867412
eeg_fnirs_single_trial,subject_20,eeg_fnirs_single_trial__subject_20__session_00__prefrontal__w6,evaluate,LMI,18.5,0,3.3834374822060704
eeg_fnirs_single_trial,subject_20,eeg_fnirs_single_trial__subject_20__session_00__prefrontal__w6,evaluate,LMI,19.72,0,3.55248414324793
eeg_fnirs_single_trial,subject_20,eeg_fnirs_single_trial__subject_20__session_00__prefrontal__w6,evaluate,LMI,22.54,0,3.530923248059753
eeg_fnirs_single_trial,subject_20,eeg_fnirs_single_trial__subject_20__session_00__prefrontal__w6,evaluate,LMI,25.64,0,3.481507201963854
eeg_fnirs_single_trial,subject_20,eeg_fnirs_single_trial__subject_20__session_00__prefrontal__w6,evaluate,LMI,27.48,0,3.7252761338799107
eeg_fnirs_single_trial,subject_20,eeg_fnirs_single_trial__subject_20__session_00__prefrontal__w6,evaluate,LMI,9.92,1,-3.075538730556192
eeg_fnirs_single_trial,subject_20,eeg_fnirs_single_trial__subject_20__session_00__prefrontal__w8,evaluate,RMI,3.0,0,3.4136301113964063
eeg_fnirs_single_trial,subject_20,eeg_fnirs_single_trial__subject_20__session_00__prefrontal__w8,evaluate,RMI,5.84,0,3.091252708343266
eeg_fnirs_single_trial,subject_20,eeg_fnirs_single_trial__subject_20__session_00__prefrontal__w8,evaluate,RMI,10.26,0,3.207946557751244
eeg_fnirs_single_trial,subject_20,eeg_fnirs_single_trial__subject_20__session_00__prefrontal__w8,evaluate,RMI,14.54,0,3.343386360775869
eeg_fnirs_single_trial,subject_20,eeg_fnirs_single_trial__subject_20__session_00__prefrontal__w8,evaluate,RMI,17.28,0,3.705687732184391
eeg_fnirs_single_trial,subject_20,eeg_fnirs_single_trial__subject_20__session_00__prefrontal__w8,evaluate,RMI,20.48,0,3.2872742542853812
eeg_fnirs_single_trial,subject_20,eeg_fnirs_single_trial__subject_20__session_00__prefrontal__w8,evaluate,RMI,22.4,0,3.6972989280406567
eeg_fnirs_single_trial,subject_20,eeg_fnirs_single_trial__subject_20__session_00__prefrontal__w8,evaluate,RMI,25.28,0,3.2404165063778003
eeg_fnirs_single_trial,subject_20,eeg_fnirs_single_trial__subject_20__session_00__prefrontal__w8,evaluate,RMI,26.68,0,4.098288272394413
eeg_fnirs_single_trial,subject_20,eeg_fnirs_single_trial__subject_20__session_00__prefrontal__w8,evaluate,RMI,18.32,1,3.762710742093469
eeg_fnirs_single_trial,subject_20,eeg_fnirs_single_trial__subject_20__session_00__prefrontal__w10,evaluate,RMI,1.12,0,3.074385795363842
eeg_fnirs_single_trial,subject_20,eeg_fnirs_single_trial__subject_20__session_00__prefrontal__w10,evaluate,RMI,3.66,0,3.2292351885472934
eeg_fnirs_single_trial,subject_20,eeg_fnirs_single_trial__subject_20__session_00__prefrontal__w10,evaluate,RMI,8.9,0,3.0048589085923294
eeg_fnirs_single_trial,subject_20,eeg_fnirs_single_trial__subject_20__session_00__prefrontal__w10,evaluate,RMI,18.4,0,3.185710700637492
eeg_fnirs_single_trial,subject_20,eeg_fnirs_single_trial__subject_20__session_00__prefrontal__w10,evaluate,RMI,20.4,0,3.0831470654686903
eeg_fnirs_single_trial,subject_20,eeg_fnirs_single_trial__subject_20__session_00__prefrontal__w10,evaluate,RMI,24.66,0,3.2421631439605934
eeg_fnirs_single_trial,subject_20,eeg_fnirs_single_trial__subject_20__session_00__prefrontal__w10,evaluate,RMI,27.5,0,3.4712676568603276
eeg_fnirs_single_trial,subject_20,eeg_fnirs_single_trial__subject_20__session_00__prefrontal__w10,evaluate,RMI,9.22,1,-3.587438720129508
eeg_fnirs_single_trial,subject_20,eeg_fnirs_single_trial__subject_20__session_00__prefrontal__w12,evaluate,RMI,3.82,0,3.6632885371488757
eeg_fnirs_single_trial,subject_20,eeg_fnirs_single_trial__subject_20__session_00__prefrontal__w12,evaluate,RMI,15.44,0,4.288188094032864
eeg_fnirs_single_trial,subject_20,eeg_fnirs_single_trial__subject_20__session_00__prefrontal__w12,evaluate,RMI,21.52,0,3.319272892148348
eeg_fnirs_single_trial,subject_20,eeg_fnirs_single_trial__subject_20__session_00__prefrontal__w12,evaluate,RMI,23.74,0,3.3620822386204976
eeg_fnirs_single_trial,subject_20,eeg_fnirs_single_trial__subject_20__session_00__prefrontal__w12,evaluate,RMI,26.26,0,3.62722091865601
eeg_fnirs_single_trial,subject_20,eeg_fnirs_single_trial__subject_20__session_00__prefrontal__w12,evaluate,RMI,3.16,1,-3.0694833152445735
eeg_fnirs_single_trial,subject_20,eeg_fnirs_single_trial__subject_20__session_00__prefrontal__w12,evaluate,RMI,22.32,1,5.715952942711245
eeg_fnirs_single_trial,subject_20,eeg_fnirs_single_trial__subject_20__session_00__prefrontal__w14,evaluate,LMI,1.68,0,3.171961786674572
eeg_fnirs_single_trial,subject_20,eeg_fnirs_single_trial__subject_20__session_00__prefrontal__w14,evaluate,LMI,13.98,0,3.2213613035320434
eeg_fnirs_single_trial,subject_20,eeg_fnirs_single_trial__subject_20__session_00__prefrontal__w14,evaluate,LMI,17.96,0,3.4682982468265497
eeg_fnirs_single_trial,subject_20,eeg_fnirs_single_trial__subject_20__session_00__prefrontal__w14,evaluate,LMI,19.84,0,3.127848621732694
eeg_fnirs_single_trial,subject_20,eeg_fnirs_single_trial__subject_20__session_00__prefrontal__w14,evaluate,LMI,27.1,0,3.831715538510139
eeg_fnirs_single_trial,subject_20,eeg_fnirs_single_trial__subject_20__session_00__prefrontal__w14,evaluate,LMI,27.06,1,3.167505387089889
eeg_fnirs_single_trial,subject_21,eeg_fnirs_single_trial__subject_21__session_00__prefrontal__w0,train,RMI,2.74,0,3.654526718707922
eeg_fnirs_single_trial,subject_21,eeg_fnirs_single_trial__subject_21__session_00__prefrontal__w0,train,RMI,3.94,0,3.5569547296172512
eeg_fnirs_single_trial,subject_21,eeg_fnirs_single_trial__subject_21__session_00__prefrontal__w0,train,RMI,5.46,0,4.453932355461203
eeg_fnirs_single_trial,subject_21,eeg_fnirs_single_trial__subject_21__session_00__prefrontal__w0,train,RMI,15.98,0,3.6988805094016204
eeg_fnirs_single_trial,subject_21,eeg_fnirs_single_trial__subject_21__session_00__prefrontal__w0,train,RMI,17.72,0,3.737187907152753
eeg_fnirs_single_trial,subject_21,eeg_fnirs_single_trial__subject_21__session_00__prefrontal__w0,train,RMI,26.6,0,3.9131494261329194
eeg_fnirs_single_trial,subject_21,eeg_fnirs_single_trial__subject_21__session_00__prefrontal__w0,train,RMI,28.54,0,3.5789469814014057
eeg_fnirs_single_trial,subject_21,eeg_fnirs_single_trial__subject_21__session_00__prefrontal__w2,train,LMI,0.26,0,4.353449443992052
eeg_fnirs_single_trial,subject_21,eeg_fnirs_single_trial__subject_21__session_00__prefrontal__w2,train,LMI,1.42,0,3.6572815182086353
eeg_fnirs_single_trial,subject_21,eeg_fnirs_single_trial__subject_21__session_00__prefrontal__w2,train,LMI,2.16,0,3.53050839359947
eeg_fnirs_single_trial,subject_21,eeg_fnirs_single_trial__subject_21__session_00__prefrontal__w2,train,LMI,3.12,0,3.6879695934945995
eeg_fnirs_single_trial,subject_21,eeg_fnirs_single_trial__subject_21__session_00__prefrontal__w2,train,LMI,4.8,0,4.81165930314116
eeg_fnirs_single_trial,subject_21,eeg_fnirs_single_trial__subject_21__session_00__prefrontal__w2,train,LMI,9.14,0,3.672572633462014
eeg_fnirs_single_trial,subject_21,eeg_fnirs_single_trial__subject_21__session_00__prefrontal__w2,train,LMI,11.94,0,4.500336990491417
eeg_fnirs_single_trial,subject_21,eeg_fnirs_single_trial__subject_21__session_00__prefrontal__w2,train,LMI,15.84,0,4.317889062972135
eeg_fnirs_single_trial,subject_21,eeg_fnirs_single_trial__subject_21__session_00__prefrontal__w2,train,LMI,17.28,0,4.423884477825194
eeg_fnirs_single_trial,subject_21,eeg_fnirs_single_trial__subject_21__session_00__prefrontal__w2,train,LMI,18.16,0,4.424100769586075
eeg_fnirs_single_trial,subject_21,eeg_fnirs_single_trial__subject_21__session_00__prefrontal__w2,train,LMI,19.32,0,4.640870038270176
eeg_fnirs_single_trial,subject_21,eeg_fnirs_single_trial__subject_21__session_00__prefrontal__w2,train,LMI,25.08,0,3.9768646782561317
eeg_fnirs_single_trial,subject_21,eeg_fnirs_single_trial__subject_21__session_00__prefrontal__w2,train,LMI,29.94,1,-3.178424762003691
eeg_fnirs_single_trial,subject_21,eeg_fnirs_single_trial__subject_21__session_00__prefrontal__w4,train,LMI,2.04,0,3.6665260013255563
eeg_fnirs_single_trial,subject_21,eeg_fnirs_single_trial__subject_21__session_00__prefrontal__w4,train,LMI,2.84,0,3.8357195752752635
eeg_fnirs_single_trial,subject_21,eeg_fnirs_single_trial__subject_21__session_00__prefrontal__w4,train,LMI,3.94,0,4.050235817324321
eeg_fnirs_single_trial,subject_21,eeg_fnirs_single_trial__subject_21__session_00__prefrontal__w4,train,LMI,5.5,0,3.387887124633011
eeg_fnirs_single_trial,subject_21,eeg_fnirs_single_trial__subject_21__session_00__prefrontal__w4,train,LMI,6.42,0,3.4147639071205576
eeg_fnirs_single_trial,subject_21,eeg_fnirs_single_trial__subject_21__session_00__prefrontal__w4,train,LMI,8.98,0,4.197909072491728
eeg_fnirs_single_trial,subject_21,eeg_fnirs_single_trial__subject_21__session_00__prefrontal__w4,train,LMI,10.44,0,3.9508240745367544
eeg_fnirs_single_trial,subject_21,eeg_fnirs_single_trial__subject_21__session_00__prefrontal__w4,train,LMI,14.22,0,4.331730708118021
eeg_fnirs_single_trial,subject_21,eeg_fnirs_single_trial__subject_21__session_00__prefrontal__w4,train,LMI,15.72,0,3.671603635183963
eeg_fnirs_single_trial,subject_21,eeg_fnirs_single_trial__subject_21__session_00__prefrontal__w4,train,LMI,16.84,0,3.6650138075128904
eeg_fnirs_single_trial,subject_21,eeg_fnirs_single_trial__subject_21__session_00__prefrontal__w4,train,LMI,17.58,0,3.2657131858053066
eeg_fnirs_single_trial,subject_21,eeg_fnirs_single_trial__subject_21__session_00__prefrontal__w4,train,LMI,18.3,0,3.7832298863956537
eeg_fnirs_single_trial,subject_21,eeg_fnirs_single_trial__subject_21__session_00__prefrontal__w4,train,LMI,18.92,0,3.5270201107477193
eeg_fnirs_single_trial,subject_21,eeg_fnirs_single_trial__subject_21__session_00__prefrontal__w4,train,LMI,19.54,0,3.7227135493783345
eeg_fnirs_single_trial,subject_21,eeg_fnirs_single_trial__subject_21__session_00__prefrontal__w4,train,LMI,20.26,0,3.9218140241195334
eeg_fnirs_single_trial,subject_21,eeg_fnirs_single_trial__subject_21__session_00__prefrontal__w4,train,LMI,25.74,0,3.6570433617534057
eeg_fnirs_single_trial,subject_21,eeg_fnirs_single_trial__subject_21__session_00__prefrontal__w4,train,LMI,27.16,0,3.636814622042253
eeg_fnirs_single_trial,subject_21,eeg_fnirs_single_trial__subject_21__session_00__prefrontal__w4,train,LMI,27.86,0,3.895094871770572
eeg_fnirs_single_trial,subject_21,eeg_fnirs_single_trial__subject_21__session_00__prefrontal__w4,train,LMI,28.54,0,5.237915794857949
eeg_fnirs_single_trial,subject_21,eeg_fnirs_single_trial__subject_21__session_00__prefrontal__w4,train,LMI,9.06,1,3.0586908514080697
eeg_fnirs_single_trial,subject_21,eeg_fnirs_single_trial__subject_21__session_00__prefrontal__w4,train,LMI,10.42,1,-3.1015248849724077
eeg_fnirs_single_trial,subject_21,eeg_fnirs_single_trial__subject_21__session_00__prefrontal__w6,train,RMI,0.52,0,3.8298279925544603
eeg_fnirs_single_trial,subject_21,eeg_fnirs_single_trial__subject_21__session_00__prefrontal__w6,train,RMI,1.06,0,3.452699489730937
eeg_fnirs_single_trial,subject_21,eeg_fnirs_single_trial__subject_21__session_00__prefrontal__w6,train,RMI,2.78,0,4.752646088079017
eeg_fnirs_single_trial,subject_21,eeg_fnirs_single_trial__subject_21__session_00__prefrontal__w6,train,RMI,3.78,0,3.9529657142526977
eeg_fnirs_single_trial,subject_21,eeg_fnirs_single_trial__subject_21__session_00__prefrontal__w6,train,RMI,5.0,0,3.8487990474375575
eeg_fnirs_single_trial,subject_21,eeg_fnirs_single_trial__subject_21__session_00__prefrontal__w6,train,RMI,6.4,0,4.216217090932143
eeg_fnirs_single_trial,subject_21,eeg_fnirs_single_trial__subject_21__session_00__prefrontal__w6,train,RMI,8.6,0,3.7801661858552977
eeg_fnirs_single_trial,subject_21,eeg_fnirs_single_trial__subject_21__session_00__prefrontal__w6,train,RMI,13.42,0,3.884566142160253
eeg_fnirs_single_trial,subject_21,eeg_fnirs_single_trial__subject_21__session_00__prefrontal__w6,train,RMI,14.6,0,4.170074544330219
eeg_fnirs_single_trial,subject_21,eeg_fnirs_single_trial__subject_21__session_00__prefrontal__w6,train,RMI,16.7,0,3.0910420627724795
eeg_fnirs_single_trial,subject_21,eeg_fnirs_single_trial__subject_21__session_00__prefrontal__w6,train,RMI,17.86,0,3.3658600631382676
eeg_fnirs_single_trial,subject_21,eeg_fnirs_single_trial__subject_21__session_00__prefrontal__w6,train,RMI,18.7,0,3.057464992283346
eeg_fnirs_single_trial,subject_21,eeg_fnirs_single_trial__subject_21__session_00__prefrontal__w6,train,RMI,19.94,0,4.410416587750875
eeg_fnirs_single_trial,subject_21,eeg_fnirs_single_trial__subject_21__session_00__prefrontal__w6,train,RMI,20.68,0,4.270946436464596
eeg_fnirs_single_trial,subject_21,eeg_fnirs_single_trial__subject_21__session_00__prefrontal__w6,train,RMI,21.26,0,4.228671629106281
eeg_fnirs_single_trial,subject_21,eeg_fnirs_single_trial__subject_21__session_00__prefrontal__w6,train,RMI,22.56,0,3.7734471926429576
eeg_fnirs_single_trial,subject_21,eeg_fnirs_single_trial__subject_21__session_00__prefrontal__w6,train,RMI,24.28,0,3.47320607282509
eeg_fnirs_single_trial,subject_21,eeg_fnirs_single_trial__subject_21__session_00__prefrontal__w6,train,RMI,25.52,0,3.6092910143703385
eeg_fnirs_single_trial,subject_21,eeg_fnirs_single_trial__subject_21__session_00__prefrontal__w6,train,RMI,26.04,0,3.9781089516825165
eeg_fnirs_single_trial,subject_21,eeg_fnirs_single_trial__subject_21__session_00__prefrontal__w6,train,RMI,27.8,0,4.247979360904869
eeg_fnirs_single_trial,subject_21,eeg_fnirs_single_trial__subject_21__session_00__prefrontal__w6,train,RMI,28.64,0,3.2346999736316393
eeg_fnirs_single_trial,subject_21,eeg_fnirs_single_trial__subject_21__session_00__prefrontal__w6,train,RMI,29.46,0,4.075047206694367
eeg_fnirs_single_trial,subject_21,eeg_fnirs_single_trial__subject_21__session_00__prefrontal__w8,train,LMI,3.54,0,4.017695633792122
eeg_fnirs_single_trial,subject_21,eeg_fnirs_single_trial__subject_21__session_00__prefrontal__w8,train,LMI,4.44,0,3.3483265934100097
eeg_fnirs_single_trial,subject_21,eeg_fnirs_single_trial__subject_21__session_00__prefrontal__w8,train,LMI,11.54,0,4.308189892624006
eeg_fnirs_single_trial,subject_21,eeg_fnirs_single_trial__subject_21__session_00__prefrontal__w8,train,LMI,12.16,0,3.789692546869364
eeg_fnirs_single_trial,subject_21,eeg_fnirs_single_trial__subject_21__session_00__prefrontal__w8,train,LMI,15.78,0,3.0873729835317327
eeg_fnirs_single_trial,subject_21,eeg_fnirs_single_trial__subject_21__session_00__prefrontal__w8,train,LMI,16.58,0,3.182963540717935
eeg_fnirs_single_trial,subject_21,eeg_fnirs_single_trial__subject_21__session_00__prefrontal__w8,train,LMI,17.16,0,3.8184252128952276
eeg_fnirs_single_trial,subject_21,eeg_fnirs_single_trial__subject_21__session_00__prefrontal__w8,train,LMI,18.62,0,3.4033000077559996
eeg_fnirs_single_trial,subject_21,eeg_fnirs_single_trial__subject_21__session_00__prefrontal__w8,train,LMI,19.4,0,3.307295580464996
eeg_fnirs_single_trial,subject_21,eeg_fnirs_single_trial__subject_21__session_00__prefrontal__w8,train,LMI,20.1,0,4.232548178654779
eeg_fnirs_single_trial,subject_21,eeg_fnirs_single_trial__subject_21__session_00__prefrontal__w8,train,LMI,20.82,0,3.5118018601120924
eeg_fnirs_single_trial,subject_21,eeg_fnirs_single_trial__subject_21__session_00__prefrontal__w8,train,LMI,21.44,0,3.7692550379307685
eeg_fnirs_single_trial,subject_21,eeg_fnirs_single_trial__subject_21__session_00__prefrontal__w8,train,LMI,23.68,0,4.249882035188634
eeg_fnirs_single_trial,subject_21,eeg_fnirs_single_trial__subject_21__session_00__prefrontal__w8,train,LMI,25.02,0,3.512169052470051
eeg_fnirs_single_trial,subject_21,eeg_fnirs_single_trial__subject_21__session_00__prefrontal__w8,train,LMI,25.66,0,3.4117280438701596
eeg_fnirs_single_trial,subject_21,eeg_fnirs_single_trial__subject_21__session_00__prefrontal__w8,train,LMI,26.24,0,4.028315523462583
eeg_fnirs_single_trial,subject_21,eeg_fnirs_single_trial__subject_21__session_00__prefrontal__w8,train,LMI,18.48,1,-3.005854052757696
eeg_fnirs_single_trial,subject_21,eeg_fnirs_single_trial__subject_21__session_00__prefrontal__w10,train,RMI,0.64,0,4.007626791878366
eeg_fnirs_single_trial,subject_21,eeg_fnirs_single_trial__subject_21__session_00__prefrontal__w10,train,RMI,1.74,0,4.890854659127788
eeg_fnirs_single_trial,subject_21,eeg_fnirs_single_trial__subject_21__session_00__prefrontal__w10,train,RMI,2.42,0,4.40601683199623
eeg_fnirs_single_trial,subject_21,eeg_fnirs_single_trial__subject_21__session_00__prefrontal__w10,train,RMI,3.04,0,4.613937764024131
eeg_fnirs_single_trial,subject_21,eeg_fnirs_single_trial__subject_21__session_00__prefrontal__w10,train,RMI,4.28,0,4.142513466033951
eeg_fnirs_single_trial,subject_21,eeg_fnirs_single_trial__subject_21__session_00__prefrontal__w10,train,RMI,6.34,0,4.193904062109831
eeg_fnirs_single_trial,subject_21,eeg_fnirs_single_trial__subject_21__session_00__prefrontal__w10,train,RMI,6.98,0,3.2123753567223785
eeg_fnirs_single_trial,subject_21,eeg_fnirs_single_trial__subject_21__session_00__prefrontal__w10,train,RMI,7.5,0,3.2687821366771312
eeg_fnirs_single_trial,subject_21,eeg_fnirs_single_trial__subject_21__session_00__prefrontal__w10,train,RMI,8.08,0,3.3777160446313723
eeg_fnirs_single_trial,subject_21,eeg_fnirs_single_trial__subject_21__session_00__prefrontal__w10,train,RMI,9.14,0,3.587552517303653
eeg_fnirs_single_trial,subject_21,eeg_fnirs_single_trial__subject_21__session_00__prefrontal__w10,train,RMI,9.84,0,3.7588957810724355
eeg_fnirs_single_trial,subject_21,eeg_fnirs_single_trial__subject_21__session_00__prefrontal__w10,train,RMI,10.92,0,3.2958885641680666
eeg_fnirs_single_trial,subject_21,eeg_fnirs_single_trial__subject_21__session_00__prefrontal__w10,train,RMI,14.4,0,3.6789525613673733
eeg_fnirs_single_trial,subject_21,eeg_fnirs_single_trial__subject_21__session_00__prefrontal__w10,train,RMI,14.98,0,3.0886912215468962
eeg_fnirs_single_trial,subject_21,eeg_fnirs_single_trial__subject_21__session_00__prefrontal__w10,train,RMI,16.74,0,3.6227895756745347
eeg_fnirs_single_trial,subject_21,eeg_fnirs_single_trial__subject_21__session_00__prefrontal__w10,train,RMI,24.12,0,3.707654390257906
eeg_fnirs_single_trial,subject_21,eeg_fnirs_single_trial__subject_21__session_00__prefrontal__w10,train,RMI,24.64,0,3.0522339023977434
eeg_fnirs_single_trial,subject_21,eeg_fnirs_single_trial__subject_21__session_00__prefrontal__w10,train,RMI,25.36,0,3.2972367058997873
eeg_fnirs_single_trial,subject_21,eeg_fnirs_single_trial__subject_21__session_00__prefrontal__w10,train,RMI,25.92,0,3.798420933546823
eeg_fnirs_single_trial,subject_21,eeg_fnirs_single_trial__subject_21__session_00__prefrontal__w10,train,RMI,26.54,0,4.279908415751914
eeg_fnirs_single_trial,subject_21,eeg_fnirs_single_trial__subject_21__session_00__prefrontal__w10,train,RMI,29.1,0,3.432323274603194
eeg_fnirs_single_trial,subject_21,eeg_fnirs_single_trial__subject_21__session_00__prefrontal__w10,train,RMI,1.78,1,-4.855933428925697
eeg_fnirs_single_trial,subject_21,eeg_fnirs_single_trial__subject_21__session_00__prefrontal__w12,train,RMI,0.8,0,3.5084646263261123
eeg_fnirs_single_trial,subject_21,eeg_fnirs_single_trial__subject_21__session_00__prefrontal__w12,train,RMI,1.78,0,3.4355326802413466
eeg_fnirs_single_trial,subject_21,eeg_fnirs_single_trial__subject_21__session_00__prefrontal__w12,train,RMI,2.46,0,3.3283676604610424
eeg_fnirs_single_trial,subject_21,eeg_fnirs_single_trial__subject_21__session_00__prefrontal__w12,train,RMI,3.1,0,3.3081935764134403
eeg_fnirs_single_trial,subject_21,eeg_fnirs_single_trial__subject_21__session_00__prefrontal__w12,train,RMI,4.22,0,3.619560543975455
eeg_fnirs_single_trial,subject_21,eeg_fnirs_single_trial__subject_21__session_00__prefrontal__w12,train,RMI,4.9,0,3.6240764276400155
eeg_fnirs_single_trial,subject_21,eeg_fnirs_single_trial__subject_21__session_00__prefrontal__w12,train,RMI,7.28,0,3.2182922408588053
eeg_fnirs_single_trial,subject_21,eeg_fnirs_single_trial__subject_21__session_00__prefrontal__w12,train,RMI,7.92,0,3.6484148666371174
eeg_fnirs_single_trial,subject_21,eeg_fnirs_single_trial__subject_21__session_00__prefrontal__w12,train,RMI,9.2,0,4.061847821414885
eeg_fnirs_single_trial,subject_21,eeg_fnirs_single_trial__subject_21__session_00__prefrontal__w12,train,RMI,10.24,0,4.055720839711674
eeg_fnirs_single_trial,subject_21,eeg_fnirs_single_trial__subject_21__session_00__prefrontal__w12,train,RMI,11.04,0,3.8744730534282503
eeg_fnirs_single_trial,subject_21,eeg_fnirs_single_trial__subject_21__session_00__prefrontal__w12,train,RMI,11.94,0,4.052605023761667
eeg_fnirs_single_trial,subject_21,eeg_fnirs_single_trial__subject_21__session_00__prefrontal__w12,train,RMI,12.46,0,3.6352852481992977
eeg_fnirs_single_trial,subject_21,eeg_fnirs_single_trial__subject_21__session_00__prefrontal__w12,train,RMI,13.62,0,3.591631602564474
eeg_fnirs_single_trial,subject_21,eeg_fnirs_single_trial__subject_21__session_00__prefrontal__w12,train,RMI,14.54,0,3.802835102395487
eeg_fnirs_single_trial,subject_21,eeg_fnirs_single_trial__subject_21__session_00__prefrontal__w12,train,RMI,15.76,0,3.0247959628212677
eeg_fnirs_single_trial,subject_21,eeg_fnirs_single_trial__subject_21__session_00__prefrontal__w12,train,RMI,17.12,0,3.499737288832961
eeg_fnirs_single_trial,subject_21,eeg_fnirs_single_trial__subject_21__session_00__prefrontal__w12,train,RMI,25.2,0,3.7636210408077764
eeg_fnirs_single_trial,subject_21,eeg_fnirs_single_trial__subject_21__session_00__prefrontal__w12,train,RMI,25.7,0,3.067774709900559
eeg_fnirs_single_trial,subject_21,eeg_fnirs_single_trial__subject_21__session_00__prefrontal__w12,train,RMI,26.76,0,3.492370461298747
eeg_fnirs_single_trial,subject_21,eeg_fnirs_single_trial__subject_21__session_00__prefrontal__w12,train,RMI,12.46,1,-3.5880714989736244
eeg_fnirs_single_trial,subject_21,eeg_fnirs_single_trial__subject_21__session_00__prefrontal__w14,train,RMI,0.56,0,4.08472588212874
eeg_fnirs_single_trial,subject_21,eeg_fnirs_single_trial__subject_21__session_00__prefrontal__w14,train,RMI,2.84,0,3.413026925493794
eeg_fnirs_single_trial,subject_21,eeg_fnirs_single_trial__subject_21__session_00__prefrontal__w14,train,RMI,4.4,0,4.1109510851508695
eeg_fnirs_single_trial,subject_21,eeg_fnirs_single_trial__subject_21__session_00__prefrontal__w14,train,RMI,4.98,0,3.73020900495843
eeg_fnirs_single_trial,subject_21,eeg_fnirs_single_trial__subject_21__session_00__prefrontal__w14,train,RMI,7.88,0,3.8287944232905042
eeg_fnirs_single_trial,subject_21,eeg_fnirs_single_trial__subject_21__session_00__prefrontal__w14,train,RMI,8.46,0,3.02239208648871
eeg_fnirs_single_trial,subject_21,eeg_fnirs_single_trial__subject_21__session_00__prefrontal__w14,train,RMI,9.0,0,3.7624138358058543
eeg_fnirs_single_trial,subject_21,eeg_fnirs_single_trial__subject_21__session_00__prefrontal__w14,train,RMI,11.84,0,3.397962611249574
eeg_fnirs_single_trial,subject_21,eeg_fnirs_single_trial__subject_21__session_00__prefrontal__w14,train,RMI,15.78,0,3.167040063073506
eeg_fnirs_single_trial,subject_21,eeg_fnirs_single_trial__subject_21__session_00__prefrontal__w14,train,RMI,17.4,0,3.0363926450903342
eeg_fnirs_single_trial,subject_21,eeg_fnirs_single_trial__subject_21__session_00__prefrontal__w14,train,RMI,18.42,0,3.4847918398956903
eeg_fnirs_single_trial,subject_21,eeg_fnirs_single_trial__subject_21__session_00__prefrontal__w14,train,RMI,18.94,0,5.226023274640921
eeg_fnirs_single_trial,subject_21,eeg_fnirs_single_trial__subject_21__session_00__prefrontal__w14,train,RMI,20.1,0,4.863086852445187
eeg_fnirs_single_trial,subject_21,eeg_fnirs_single_trial__subject_21__session_00__prefrontal__w14,train,RMI,21.34,0,4.322789104448799
eeg_fnirs_single_trial,subject_21,eeg_fnirs_single_trial__subject_21__session_00__prefrontal__w14,train,RMI,22.04,0,3.1081868176547327
eeg_fnirs_single_trial,subject_21,eeg_fnirs_single_trial__subject_21__session_00__prefrontal__w14,train,RMI,22.94,0,3.134292810967092
eeg_fnirs_single_trial,subject_21,eeg_fnirs_single_trial__subject_21__session_00__prefrontal__w14,train,RMI,23.88,0,3.1850598691970813
eeg_fnirs_single_trial,subject_21,eeg_fnirs_single_trial__subject_21__session_00__prefrontal__w14,train,RMI,26.68,0,3.405066516175483
eeg_fnirs_single_trial,subject_21,eeg_fnirs_single_trial__subject_21__session_00__prefrontal__w14,train,RMI,27.4,0,3.9813368292194338
eeg_fnirs_single_trial,subject_21,eeg_fnirs_single_trial__subject_21__session_00__prefrontal__w14,train,RMI,28.04,0,4.266406764286503
eeg_fnirs_single_trial,subject_21,eeg_fnirs_single_trial__subject_21__session_00__prefrontal__w14,train,RMI,28.72,0,3.205582348957421
eeg_fnirs_single_trial,subject_21,eeg_fnirs_single_trial__subject_21__session_00__prefrontal__w14,train,RMI,29.64,0,3.5873125417536094
eeg_fnirs_single_trial,subject_21,eeg_fnirs_single_trial__subject_21__session_00__prefrontal__w14,train,RMI,18.98,1,-3.5725353162045477
eeg_fnirs_single_trial,subject_21,eeg_fnirs_single_trial__subject_21__session_00__prefrontal__w14,train,RMI,29.64,1,-3.2709138132085838
eeg_fnirs_single_trial,subject_22,eeg_fnirs_single_trial__subject_22__session_00__prefrontal__w0,evaluate,RMI,0.52,0,5.002206960285583
eeg_fnirs_single_trial,subject_22,eeg_fnirs_single_trial__subject_22__session_00__prefrontal__w0,evaluate,RMI,1.44,0,6.069542551995126
eeg_fnirs_single_trial,subject_22,eeg_fnirs_single_trial__subject_22__session_00__prefrontal__w0,evaluate,RMI,2.58,0,5.946707277551256
eeg_fnirs_single_trial,subject_22,eeg_fnirs_single_trial__subject_22__session_00__prefrontal__w0,evaluate,RMI,3.58,0,7.570216473571027
eeg_fnirs_single_trial,subject_22,eeg_fnirs_single_trial__subject_22__session_00__prefrontal__w0,evaluate,RMI,4.9,0,6.492016187811743
eeg_fnirs_single_trial,subject_22,eeg_fnirs_single_trial__subject_22__session_00__prefrontal__w0,evaluate,RMI,6.12,0,6.111639454283543
eeg_fnirs_single_trial,subject_22,eeg_fnirs_single_trial__subject_22__session_00__prefrontal__w0,evaluate,RMI,7.4,0,5.61409459942684
eeg_fnirs_single_trial,subject_22,eeg_fnirs_single_trial__subject_22__session_00__prefrontal__w0,evaluate,RMI,9.42,0,6.348531480882872
eeg_fnirs_single_trial,subject_22,eeg_fnirs_single_trial__subject_22__session_00__prefrontal__w0,evaluate,RMI,10.68,0,4.715252429776831
eeg_fnirs_single_trial,subject_22,eeg_fnirs_single_trial__subject_22__session_00__prefrontal__w0,evaluate,RMI,11.84,0,4.675875507005683
eeg_fnirs_single_trial,subject_22,eeg_fnirs_single_trial__subject_22__session_00__prefrontal__w0,evaluate,RMI,14.32,0,3.9822840765581113
eeg_fnirs_single_trial,subject_22,eeg_fnirs_single_trial__subject_22__session_00__prefrontal__w0,evaluate,RMI,15.38,0,3.98270136297813
eeg_fnirs_single_trial,subject_22,eeg_fnirs_single_trial__subject_22__session_00__prefrontal__w0,evaluate,RMI,17.38,0,5.424180259953131
eeg_fnirs_single_trial,subject_22,eeg_fnirs_single_trial__subject_22__session_00__prefrontal__w0,evaluate,RMI,18.38,0,4.493426897974767
eeg_fnirs_single_trial,subject_22,eeg_fnirs_single_trial__subject_22__session_00__prefrontal__w0,evaluate,RMI,20.0,0,5.440482291093326
eeg_fnirs_single_trial,subject_22,eeg_fnirs_single_trial__subject_22__session_00__prefrontal__w0,evaluate,RMI,21.02,0,5.289219499727758
eeg_fnirs_single_trial,subject_22,eeg_fnirs_single_trial__subject_22__session_00__prefrontal__w0,evaluate,RMI,23.7,0,4.538842354493563
eeg_fnirs_single_trial,subject_22,eeg_fnirs_single_trial__subject_22__session_00__prefrontal__w0,evaluate,RMI,25.02,0,6.247041027969284
eeg_fnirs_single_trial,subject_22,eeg_fnirs_single_trial__subject_22__session_00__prefrontal__w0,evaluate,RMI,26.1,0,5.016829589200327
eeg_fnirs_single_trial,subject_22,eeg_fnirs_single_trial__subject_22__session_00__prefrontal__w0,evaluate,RMI,26.84,0,4.473898235806209
eeg_fnirs_single_trial,subject_22,eeg_fnirs_single_trial__subject_22__session_00__prefrontal__w0,evaluate,RMI,28.16,0,5.249542405520498
eeg_fnirs_single_trial,subject_22,eeg_fnirs_single_trial__subject_22__session_00__prefrontal__w0,evaluate,RMI,28.94,0,5.942544132083351
eeg_fnirs_single_trial,subject_22,eeg_fnirs_single_trial__subject_22__session_00__prefrontal__w0,evaluate,RMI,29.66,0,4.927950072311937
eeg_fnirs_single_trial,subject_22,eeg_fnirs_single_trial__subject_22__session_00__prefrontal__w0,evaluate,RMI,3.24,1,-3.4924687257417126
eeg_fnirs_single_trial,subject_22,eeg_fnirs_single_trial__subject_22__session_00__prefrontal__w0,evaluate,RMI,5.32,1,3.8829423738132247
eeg_fnirs_single_trial,subject_22,eeg_fnirs_single_trial__subject_22__session_00__prefrontal__w0,evaluate,RMI,8.78,1,-13.318782308272938
eeg_fnirs_single_trial,subject_22,eeg_fnirs_single_trial__subject_22__session_00__prefrontal__w0,evaluate,RMI,9.4,1,15.880647155206118
eeg_fnirs_single_trial,subject_22,eeg_fnirs_single_trial__subject_22__session_00__prefrontal__w0,evaluate,RMI,12.22,1,7.92487583255889
eeg_fnirs_single_trial,subject_22,eeg_fnirs_single_trial__subject_22__session_00__prefrontal__w0,evaluate,RMI,14.7,1,-7.387272958623994
eeg_fnirs_single_trial,subject_22,eeg_fnirs_single_trial__subject_22__session_00__prefrontal__w0,evaluate,RMI,15.34,1,3.020321400003199
eeg_fnirs_single_trial,subject_22,eeg_fnirs_single_trial__subject_22__session_00__prefrontal__w0,evaluate,RMI,16.22,1,3.5185318180837877
eeg_fnirs_single_trial,subject_22,eeg_fnirs_single_trial__subject_22__session_00__prefrontal__w0,evaluate,RMI,19.06,1,3.5783204356498524
eeg_fnirs_single_trial,subject_22,eeg_fnirs_single_trial__subject_22__session_00__prefrontal__w0,evaluate,RMI,21.0,1,3.5371478889163774
eeg_fnirs_single_trial,subject_22,eeg_fnirs_single_trial__subject_22__session_00__prefrontal__w2,evaluate,RMI,2.26,0,4.202084577917006
eeg_fnirs_single_trial,subject_22,eeg_fnirs_single_trial__subject_22__session_00__prefrontal__w2,evaluate,RMI,3.4,0,6.071640293862347
eeg_fnirs_single_trial,subject_22,eeg_fnirs_single_trial__subject_22__session_00__prefrontal__w2,evaluate,RMI,4.38,0,5.620061776508968
eeg_fnirs_single_trial,subject_22,eeg_fnirs_single_trial__subject_22__session_00__prefrontal__w2,evaluate,RMI,5.48,0,5.2838621949229045
eeg_fnirs_single_trial,subject_22,eeg_fnirs_single_trial__subject_22__session_00__prefrontal__w2,evaluate,RMI,6.78,0,3.599173326999781
eeg_fnirs_single_trial,subject_22,eeg_fnirs_single_trial__subject_22__session_00__prefrontal__w2,evaluate,RMI,8.24,0,5.814071581281438
eeg_fnirs_single_trial,subject_22,eeg_fnirs_single_trial__subject_22__session_00__prefrontal__w2,evaluate,RMI,11.94,0,3.1155412331990586
eeg_fnirs_single_trial,subject_22,eeg_fnirs_single_trial__subject_22__session_00__prefrontal__w2,evaluate,RMI,12.44,0,3.257210454455748
eeg_fnirs_single_trial,subject_22,eeg_fnirs_single_trial__subject_22__session_00__prefrontal__w2,evaluate,RMI,14.82,0,3.953667184720337
eeg_fnirs_single_trial,subject_22,eeg_fnirs_single_trial__subject_22__session_00__prefrontal__w2,evaluate,RMI,15.84,0,4.427032801000628
eeg_fnirs_single_trial,subject_22,eeg_fnirs_single_trial__subject_22__session_00__prefrontal__w2,evaluate,RMI,17.06,0,4.357898062661414
eeg_fnirs_single_trial,subject_22,eeg_fnirs_single_trial__subject_22__session_00__prefrontal__w2,evaluate,RMI,17.78,0,3.8834948423414506
eeg_fnirs_single_trial,subject_22,eeg_fnirs_single_trial__subject_22__session_00__prefrontal__w2,evaluate,RMI,18.42,0,4.037048312084032
eeg_fnirs_single_trial,subject_22,eeg_fnirs_single_trial__subject_22__session_00__prefrontal__w2,evaluate,RMI,19.18,0,4.0290587055677145
eeg_fnirs_single_trial,subject_22,eeg_fnirs_single_trial__subject_22__session_00__prefrontal__w2,evaluate,RMI,19.84,0,5.309614224979529
eeg_fnirs_single_trial,subject_22,eeg_fnirs_single_trial__subject_22__session_00__prefrontal__w2,evaluate,RMI,21.0,0,5.8808952855754075
eeg_fnirs_single_trial,subject_22,eeg_fnirs_single_trial__subject_22__session_00__prefrontal__w2,evaluate,RMI,21.56,0,4.924419743489989
eeg_fnirs_single_trial,subject_22,eeg_fnirs_single_trial__subject_22__session_00__prefrontal__w2,evaluate,RMI,22.84,0,6.725425187692949
eeg_fnirs_single_trial,subject_22,eeg_fnirs_single_trial__subject_22__session_00__prefrontal__w2,evaluate,RMI,24.54,0,5.01488641581934
eeg_fnirs_single_trial,subject_22,eeg_fnirs_single_trial__subject_22__session_00__prefrontal__w2,evaluate,RMI,25.66,0,3.615654019760942
eeg_fnirs_single_trial,subject_22,eeg_fnirs_single_trial__subject_22__session_00__prefrontal__w2,evaluate,RMI,26.72,0,5.065518425261603
eeg_fnirs_single_trial,subject_22,eeg_fnirs_single_trial__subject_22__session_00__prefrontal__w2,evaluate,RMI,6.86,1,-3.372584010421205
eeg_fnirs_single_trial,subject_22,eeg_fnirs_single_trial__subject_22__session_00__prefrontal__w2,evaluate,RMI,8.22,1,4.213980898557165
eeg_fnirs_single_trial,subject_22,eeg_fnirs_single_trial__subject_22__session_00__prefrontal__w2,evaluate,RMI,15.78,1,6.900751765481532
eeg_fnirs_single_trial,subject_22,eeg_fnirs_single_trial__subject_22__session_00__prefrontal__w2,evaluate,RMI,17.74,1,3.505564394602553
eeg_fnirs_single_trial,subject_22,eeg_fnirs_single_trial__subject_22__session_00__prefrontal__w2,evaluate,RMI,18.42,1,-6.666782833998853
eeg_fnirs_single_trial,subject_22,eeg_fnirs_single_trial__subject_22__session_00__prefrontal__w4,evaluate,RMI,0.56,0,5.525087541753038
eeg_fnirs_single_trial,subject_22,eeg_fnirs_single_trial__subject_22__session_00__prefrontal__w4,evaluate,RMI,2.22,0,4.7831750264137005
eeg_fnirs_single_trial,subject_22,eeg_fnirs_single_trial__subject_22__session_00__prefrontal__w4,evaluate,RMI,2.92,0,4.2225942320386185
eeg_fnirs_single_trial,subject_22,eeg_fnirs_single_trial__subject_22__session_00__prefrontal__w4,evaluate,RMI,3.62,0,5.1427728861777
eeg_fnirs_single_trial,subject_22,eeg_fnirs_single_trial__subject_22__session_00__prefrontal__w4,evaluate,RMI,5.1,0,5.003638840747325
eeg_fnirs_single_trial,subject_22,eeg_fnirs_single_trial__subject_22__session_00__prefrontal__w4,evaluate,RMI,6.38,0,5.010648598063155
eeg_fnirs_single_trial,subject_22,eeg_fnirs_single_trial__subject_22__session_00__prefrontal__w4,evaluate,RMI,9.6,0,3.6413651511320206
eeg_fnirs_single_trial,subject_22,eeg_fnirs_single_trial__subject_22__session_00__prefrontal__w4,evaluate,RMI,10.56,0,4.449241766785969
eeg_fnirs_single_trial,subject_22,eeg_fnirs_single_trial__subject_22__session_00__prefrontal__w4,evaluate,RMI,11.98,0,4.6859978493423515
eeg_fnirs_single_trial,subject_22,eeg_fnirs_single_trial__subject_22__session_00__prefrontal__w4,evaluate,RMI,12.86,0,3.432821478394761
eeg_fnirs_single_trial,subject_22,eeg_fnirs_single_trial__subject_22__session_00__prefrontal__w4,evaluate,RMI,13.42,0,6.664644601698465
eeg_fnirs_single_trial,subject_22,eeg_fnirs_single_trial__subject_22__session_00__prefrontal__w4,evaluate,RMI,16.18,0,5.052028308950131
eeg_fnirs_single_trial,subject_22,eeg_fnirs_single_trial__subject_22__session_00__prefrontal__w4,evaluate,RMI,17.46,0,5.866111707441545
eeg_fnirs_single_trial,subject_22,eeg_fnirs_single_trial__subject_22__session_00__prefrontal__w4,evaluate,RMI,18.3,0,5.458434961461397
eeg_fnirs_single_trial,subject_22,eeg_fnirs_single_trial__subject_22__session_00__prefrontal__w4,evaluate,RMI,19.5,0,5.631116429302988
eeg_fnirs_single_trial,subject_22,eeg_fnirs_single_trial__subject_22__session_00__prefrontal__w4,evaluate,RMI,20.52,0,4.252544860309567
eeg_fnirs_single_trial,subject_22,eeg_fnirs_single_trial__subject_22__session_00__prefrontal__w4,evaluate,RMI,21.18,0,5.273073159690575
eeg_fnirs_single_trial,subject_22,eeg_fnirs_single_trial__subject_22__session_00__prefrontal__w4,evaluate,RMI,22.56,0,4.986031235942779
eeg_fnirs_single_trial,subject_22,eeg_fnirs_single_trial__subject_22__session_00__prefrontal__w4,evaluate,RMI,23.3,0,6.974335569840293
eeg_fnirs_single_trial,subject_22,eeg_fnirs_single_trial__subject_22__session_00__prefrontal__w4,evaluate,RMI,23.84,0,4.575466710654018
eeg_fnirs_single_trial,subject_22,eeg_fnirs_single_trial__subject_22__session_00__prefrontal__w4,evaluate,RMI,24.84,0,4.98100880057951
eeg_fnirs_single_trial,subject_22,eeg_fnirs_single_trial__subject_22__session_00__prefrontal__w4,evaluate,RMI,25.6,0,4.710565491786727
eeg_fnirs_single_trial,subject_22,eeg_fnirs_single_trial__subject_22__session_00__prefrontal__w4,evaluate,RMI,26.42,0,5.905407777945411
eeg_fnirs_single_trial,subject_22,eeg_fnirs_single_trial__subject_22__session_00__prefrontal__w4,evaluate,RMI,27.2,0,6.40237630055431
eeg_fnirs_single_trial,subject_22,eeg_fnirs_single_trial__subject_22__session_00__prefrontal__w4,evaluate,RMI,28.54,0,5.761222137162925
eeg_fnirs_single_trial,subject_22,eeg_fnirs_single_trial__subject_22__session_00__prefrontal__w4,evaluate,RMI,29.6,0,5.038966643053327
eeg_fnirs_single_trial,subject_22,eeg_fnirs_single_trial__subject_22__session_00__prefrontal__w4,evaluate,RMI,4.8,1,3.4178083734170377
eeg_fnirs_single_trial,subject_22,eeg_fnirs_single_trial__subject_22__session_00__prefrontal__w4,evaluate,RMI,5.54,1,5.6652956556878165
eeg_fnirs_single_trial,subject_22,eeg_fnirs_single_trial__subject_22__session_00__prefrontal__w4,evaluate,RMI,11.28,1,-11.974732862606173
eeg_fnirs_single_trial,subject_22,eeg_fnirs_single_trial__subject_22__session_00__prefrontal__w4,evaluate,RMI,12.84,1,5.275501016998207
eeg_fnirs_single_trial,subject_22,eeg_fnirs_single_trial__subject_22__session_00__prefrontal__w4,evaluate,RMI,24.8,1,4.915492527924513
eeg_fnirs_single_trial,subject_22,eeg_fnirs_single_trial__subject_22__session_00__prefrontal__w6,evaluate,LMI,0.1,0,7.8092423277430765
eeg_fnirs_single_trial,subject_22,eeg_fnirs_single_trial__subject_22__session_00__prefrontal__w6,evaluate,LMI,3.14,0,5.42161479281999
eeg_fnirs_single_trial,subject_22,eeg_fnirs_single_trial__subject_22__session_00__prefrontal__w6,evaluate,LMI,4.1,0,4.7873327874222396
eeg_fnirs_single_trial,subject_22,eeg_fnirs_single_trial__subject_22__session_00__prefrontal__w6,evaluate,LMI,5.3,0,4.971169544770404
eeg_fnirs_single_trial,subject_22,eeg_fnirs_single_trial__subject_22__session_00__prefrontal__w6,evaluate,LMI,7.14,0,4.761306487157571
eeg_fnirs_single_trial,subject_22,eeg_fnirs_single_trial__subject_22__session_00__prefrontal__w6,evaluate,LMI,11.24,0,4.613438317928538
eeg_fnirs_single_trial,subject_22,eeg_fnirs_single_trial__subject_22__session_00__prefrontal__w6,evaluate,LMI,12.44,0,3.7027996332446653
eeg_fnirs_single_trial,subject_22,eeg_fnirs_single_trial__subject_22__session_00__prefrontal__w6,evaluate,LMI,12.94,0,3.685851748117515
eeg_fnirs_single_trial,subject_22,eeg_fnirs_single_trial__subject_22__session_00__prefrontal__w6,evaluate,LMI,16.02,0,5.470860565308513
eeg_fnirs_single_trial,subject_22,eeg_fnirs_single_trial__subject_22__session_00__prefrontal__w6,evaluate,LMI,17.3,0,4.971572919089107
eeg_fnirs_single_trial,subject_22,eeg_fnirs_single_trial__subject_22__session_00__prefrontal__w6,evaluate,LMI,17.96,0,-3.115626110306375
eeg_fnirs_single_trial,subject_22,eeg_fnirs_single_trial__subject_22__session_00__prefrontal__w6,evaluate,LMI,24.32,0,4.168524831770091
eeg_fnirs_single_trial,subject_22,eeg_fnirs_single_trial__subject_22__session_00__prefrontal__w6,evaluate,LMI,25.12,0,4.574132471248794
eeg_fnirs_single_trial,subject_22,eeg_fnirs_single_trial__subject_22__session_00__prefrontal__w6,evaluate,LMI,25.98,0,3.451461589151598
eeg_fnirs_single_trial,subject_22,eeg_fnirs_single_trial__subject_22__session_00__prefrontal__w6,evaluate,LMI,26.74,0,3.8289228185507205
eeg_fnirs_single_trial,subject_22,eeg_fnirs_single_trial__subject_22__session_00__prefrontal__w6,evaluate,LMI,29.52,0,3.6794606036903326
eeg_fnirs_single_trial,subject_22,eeg_fnirs_single_trial__subject_22__session_00__prefrontal__w6,evaluate,LMI,1.3,1,5.622273024754957
eeg_fnirs_single_trial,subject_22,eeg_fnirs_single_trial__subject_22__session_00__prefrontal__w6,evaluate,LMI,2.24,1,-5.982569604781369
eeg_fnirs_single_trial,subject_22,eeg_fnirs_single_trial__subject_22__session_00__prefrontal__w6,evaluate,LMI,12.44,1,10.018877252651738
eeg_fnirs_single_trial,subject_22,eeg_fnirs_single_trial__subject_22__session_00__prefrontal__w6,evaluate,LMI,28.36,1,-4.444973971165704
eeg_fnirs_single_trial,subject_22,eeg_fnirs_single_trial__subject_22__session_00__prefrontal__w8,evaluate,RMI,0.86,0,4.336187784724283
eeg_fnirs_single_trial,subject_22,eeg_fnirs_single_trial__subject_22__session_00__prefrontal__w8,evaluate,RMI,1.66,0,4.943079593221155
eeg_fnirs_single_trial,subject_22,eeg_fnirs_single_trial__subject_22__session_00__prefrontal__w8,evaluate,RMI,3.56,0,6.378440216353606
eeg_fnirs_single_trial,subject_22,eeg_fnirs_single_trial__subject_22__session_00__prefrontal__w8,evaluate,RMI,4.92,0,5.242979130017356
eeg_fnirs_single_trial,subject_22,eeg_fnirs_single_trial__subject_22__session_00__prefrontal__w8,evaluate,RMI,6.28,0,4.481844693372049
eeg_fnirs_single_trial,subject_22,eeg_fnirs_single_trial__subject_22__session_00__prefrontal__w8,evaluate,RMI,7.16,0,4.162668970474574
eeg_fnirs_single_trial,subject_22,eeg_fnirs_single_trial__subject_22__session_00__prefrontal__w8,evaluate,RMI,8.04,0,4.004708013612177
eeg_fnirs_single_trial,subject_22,eeg_fnirs_single_trial__subject_22__session_00__prefrontal__w8,evaluate,RMI,8.66,0,3.5196958111131584
eeg_fnirs_single_trial,subject_22,eeg_fnirs_single_trial__subject_22__session_00__prefrontal__w8,evaluate,RMI,13.52,0,3.821578499539262
eeg_fnirs_single_trial,subject_22,eeg_fnirs_single_trial__subject_22__session_00__prefrontal__w8,evaluate,RMI,14.38,0,3.4844758998665304
eeg_fnirs_single_trial,subject_22,eeg_fnirs_single_trial__subject_22__session_00__prefrontal__w8,evaluate,RMI,16.48,0,3.048181495256759
eeg_fnirs_single_trial,subject_22,eeg_fnirs_single_trial__subject_22__session_00__prefrontal__w8,evaluate,RMI,17.0,0,4.683306373728417
eeg_fnirs_single_trial,subject_22,eeg_fnirs_single_trial__subject_22__session_00__prefrontal__w8,evaluate,RMI,18.94,0,5.585761265318037
eeg_fnirs_single_trial,subject_22,eeg_fnirs_single_trial__subject_22__session_00__prefrontal__w8,evaluate,RMI,19.8,0,3.6294822033613463
eeg_fnirs_single_trial,subject_22,eeg_fnirs_single_trial__subject_22__session_00__prefrontal__w8,evaluate,RMI,21.72,0,3.9746837968208224
eeg_fnirs_single_trial,subject_22,eeg_fnirs_single_trial__subject_22__session_00__prefrontal__w8,evaluate,RMI,22.24,0,3.980209710357631
eeg_fnirs_single_trial,subject_22,eeg_fnirs_single_trial__subject_22__session_00__prefrontal__w8,evaluate,RMI,23.44,0,5.083117821101862
eeg_fnirs_single_trial,subject_22,eeg_fnirs_single_trial__subject_22__session_00__prefrontal__w8,evaluate,RMI,24.96,0,4.053495116868825
eeg_fnirs_single_trial,subject_22,eeg_fnirs_single_trial__subject_22__session_00__prefrontal__w8,evaluate,RMI,25.46,0,3.993773078268653
eeg_fnirs_single_trial,subject_22,eeg_fnirs_single_trial__subject_22__session_00__prefrontal__w8,evaluate,RMI,26.34,0,3.964203935847417
eeg_fnirs_single_trial,subject_22,eeg_fnirs_single_trial__subject_22__session_00__prefrontal__w8,evaluate,RMI,27.84,0,3.2222518629478074
eeg_fnirs_single_trial,subject_22,eeg_fnirs_single_trial__subject_22__session_00__prefrontal__w8,evaluate,RMI,28.86,0,4.67180152265454
eeg_fnirs_single_trial,subject_22,eeg_fnirs_single_trial__subject_22__session_00__prefrontal__w8,evaluate,RMI,29.72,0,3.4638964345600636
eeg_fnirs_single_trial,subject_22,eeg_fnirs_single_trial__subject_22__session_00__prefrontal__w8,evaluate,RMI,3.5,1,-3.144651836069813
eeg_fnirs_single_trial,subject_22,eeg_fnirs_single_trial__subject_22__session_00__prefrontal__w8,evaluate,RMI,7.36,1,3.6330980888981292
eeg_fnirs_single_trial,subject_22,eeg_fnirs_single_trial__subject_22__session_00__prefrontal__w8,evaluate,RMI,8.58,1,4.369514876299558
eeg_fnirs_single_trial,subject_22,eeg_fnirs_single_trial__subject_22__session_00__prefrontal__w8,evaluate,RMI,20.78,1,3.786606053911852
eeg_fnirs_single_trial,subject_22,eeg_fnirs_single_trial__subject_22__session_00__prefrontal__w8,evaluate,RMI,28.84,1,3.140760960349285
eeg_fnirs_single_trial,subject_22,eeg_fnirs_single_trial__subject_22__session_00__prefrontal__w8,evaluate,RMI,29.8,1,8.646222476453737
eeg_fnirs_single_trial,subject_22,eeg_fnirs_single_trial__subject_22__session_00__prefrontal__w10,evaluate,LMI,0.12,0,5.516743330192683
eeg_fnirs_single_trial,subject_22,eeg_fnirs_single_trial__subject_22__session_00__prefrontal__w10,evaluate,LMI,0.9,0,3.3606132864278595
eeg_fnirs_single_trial,subject_22,eeg_fnirs_single_trial__subject_22__session_00__prefrontal__w10,evaluate,LMI,1.7,0,4.318591480228952
eeg_fnirs_single_trial,subject_22,eeg_fnirs_single_trial__subject_22__session_00__prefrontal__w10,evaluate,LMI,2.24,0,3.8082342129764672
eeg_fnirs_single_trial,subject_22,eeg_fnirs_single_trial__subject_22__session_00__prefrontal__w10,evaluate,LMI,3.66,0,4.053557098170749
eeg_fnirs_single_trial,subject_22,eeg_fnirs_single_trial__subject_22__session_00__prefrontal__w10,evaluate,LMI,4.92,0,5.04365752811886
eeg_fnirs_single_trial,subject_22,eeg_fnirs_single_trial__subject_22__session_00__prefrontal__w10,evaluate,LMI,5.6,0,4.1710827365212095
eeg_fnirs_single_trial,subject_22,eeg_fnirs_single_trial__subject_22__session_00__prefrontal__w10,evaluate,LMI,6.32,0,4.786395747656847
eeg_fnirs_single_trial,subject_22,eeg_fnirs_single_trial__subject_22__session_00__prefrontal__w10,evaluate,LMI,7.3,0,4.247076586613537
eeg_fnirs_single_trial,subject_22,eeg_fnirs_single_trial__subject_22__session_00__prefrontal__w10,evaluate,LMI,7.96,0,4.361320958344723
eeg_fnirs_single_trial,subject_22,eeg_fnirs_single_trial__subject_22__session_00__prefrontal__w10,evaluate,LMI,11.4,0,3.646707712090266
eeg_fnirs_single_trial,subject_22,eeg_fnirs_single_trial__subject_22__session_00__prefrontal__w10,evaluate,LMI,12.8,0,3.3727709479889527
eeg_fnirs_single_trial,subject_22,eeg_fnirs_single_trial__subject_22__session_00__prefrontal__w10,evaluate,LMI,13.68,0,4.05331452435702
eeg_fnirs_single_trial,subject_22,eeg_fnirs_single_trial__subject_22__session_00__prefrontal__w10,evaluate,LMI,17.48,0,4.56288858400649
eeg_fnirs_single_trial,subject_22,eeg_fnirs_single_trial__subject_22__session_00__prefrontal__w10,evaluate,LMI,19.34,0,4.043872636597687
eeg_fnirs_single_trial,subject_22,eeg_fnirs_single_trial__subject_22__session_00__prefrontal__w10,evaluate,LMI,20.98,0,4.674792925426286
eeg_fnirs_single_trial,subject_22,eeg_fnirs_single_trial__subject_22__session_00__prefrontal__w10,evaluate,LMI,23.42,0,5.378759843279182
eeg_fnirs_single_trial,subject_22,eeg_fnirs_single_trial__subject_22__session_00__prefrontal__w10,evaluate,LMI,24.18,0,4.885207760434075
eeg_fnirs_single_trial,subject_22,eeg_fnirs_single_trial__subject_22__session_00__prefrontal__w10,evaluate,LMI,25.0,0,5.318467803385651
eeg_fnirs_single_trial,subject_22,eeg_fnirs_single_trial__subject_22__session_00__prefrontal__w10,evaluate,LMI,25.5,0,4.254500297726831
eeg_fnirs_single_trial,subject_22,eeg_fnirs_single_trial__subject_22__session_00__prefrontal__w10,evaluate,LMI,26.12,0,4.365107125693559
eeg_fnirs_single_trial,subject_22,eeg_fnirs_single_trial__subject_22__session_00__prefrontal__w10,evaluate,LMI,26.8,0,4.962246448716358
eeg_fnirs_single_trial,subject_22,eeg_fnirs_single_trial__subject_22__session_00__prefrontal__w10,evaluate,LMI,28.28,0,4.396330474744993
eeg_fnirs_single_trial,subject_22,eeg_fnirs_single_trial__subject_22__session_00__prefrontal__w10,evaluate,LMI,29.48,0,4.465634964746257
eeg_fnirs_single_trial,subject_22,eeg_fnirs_single_trial__subject_22__session_00__prefrontal__w10,evaluate,LMI,0.12,1,5.4838781846060165
eeg_fnirs_single_trial,subject_22,eeg_fnirs_single_trial__subject_22__session_00__prefrontal__w10,evaluate,LMI,3.62,1,3.063650055741275
eeg_fnirs_single_trial,subject_22,eeg_fnirs_single_trial__subject_22__session_00__prefrontal__w10,evaluate,LMI,4.86,1,5.656759905395626
eeg_fnirs_single_trial,subject_22,eeg_fnirs_single_trial__subject_22__session_00__prefrontal__w10,evaluate,LMI,6.2,1,5.615978769549885
eeg_fnirs_single_trial,subject_22,eeg_fnirs_single_trial__subject_22__session_00__prefrontal__w10,evaluate,LMI,7.94,1,6.518472801148048
eeg_fnirs_single_trial,subject_22,eeg_fnirs_single_trial__subject_22__session_00__prefrontal__w10,evaluate,LMI,23.86,1,19.599182292324855
eeg_fnirs_single_trial,subject_22,eeg_fnirs_single_trial__subject_22__session_00__prefrontal__w12,evaluate,RMI,0.44,0,4.926150620064322
eeg_fnirs_single_trial,subject_22,eeg_fnirs_single_trial__subject_22__session_00__prefrontal__w12,evaluate,RMI,1.2,0,4.213614196426719
eeg_fnirs_single_trial,subject_22,eeg_fnirs_single_trial__subject_22__session_00__prefrontal__w12,evaluate,RMI,1.84,0,5.020030611688813
eeg_fnirs_single_trial,subject_22,eeg_fnirs_single_trial__subject_22__session_00__prefrontal__w12,evaluate,RMI,2.98,0,4.978085240612752
eeg_fnirs_single_trial,subject_22,eeg_fnirs_single_trial__subject_22__session_00__prefrontal__w12,evaluate,RMI,3.66,0,4.41363524827197
eeg_fnirs_single_trial,subject_22,eeg_fnirs_single_trial__subject_22__session_00__prefrontal__w12,evaluate,RMI,5.1,0,5.488889855135755
eeg_fnirs_single_trial,subject_22,eeg_fnirs_single_trial__subject_22__session_00__prefrontal__w12,evaluate,RMI,7.52,0,3.0260771743927806
eeg_fnirs_single_trial,subject_22,eeg_fnirs_single_trial__subject_22__session_00__prefrontal__w12,evaluate,RMI,12.18,0,5.184902170038171
eeg_fnirs_single_trial,subject_22,eeg_fnirs_single_trial__subject_22__session_00__prefrontal__w12,evaluate,RMI,15.02,0,4.577990462829473
eeg_fnirs_single_trial,subject_22,eeg_fnirs_single_trial__subject_22__session_00__prefrontal__w12,evaluate,RMI,17.22,0,5.154361896239431
eeg_fnirs_single_trial,subject_22,eeg_fnirs_single_trial__subject_22__session_00__prefrontal__w12,evaluate,RMI,18.46,0,4.835025821199573
eeg_fnirs_single_trial,subject_22,eeg_fnirs_single_trial__subject_22__session_00__prefrontal__w12,evaluate,RMI,19.42,0,5.079300479600492
eeg_fnirs_single_trial,subject_22,eeg_fnirs_single_trial__subject_22__session_00__prefrontal__w12,evaluate,RMI,21.3,0,5.490000939941194
eeg_fnirs_single_trial,subject_22,eeg_fnirs_single_trial__subject_22__session_00__prefrontal__w12,evaluate,RMI,22.52,0,5.258155312171312
eeg_fnirs_single_trial,subject_22,eeg_fnirs_single_trial__subject_22__session_00__prefrontal__w12,evaluate,RMI,24.0,0,6.139544450575676
eeg_fnirs_single_trial,subject_22,eeg_fnirs_single_trial__subject_22__session_00__prefrontal__w12,evaluate,RMI,25.06,0,5.051353501186982
eeg_fnirs_single_trial,subject_22,eeg_fnirs_single_trial__subject_22__session_00__prefrontal__w12,evaluate,RMI,27.94,0,5.9650150082115445
eeg_fnirs_single_trial,subject_22,eeg_fnirs_single_trial__subject_22__session_00__prefrontal__w12,evaluate,RMI,29.32,0,4.611267958871634
eeg_fnirs_single_trial,subject_22,eeg_fnirs_single_trial__subject_22__session_00__prefrontal__w12,evaluate,RMI,3.34,1,-4.186611855688865
eeg_fnirs_single_trial,subject_22,eeg_fnirs_single_trial__subject_22__session_00__prefrontal__w12,evaluate,RMI,5.58,1,4.831144109674773
eeg_fnirs_single_trial,subject_22,eeg_fnirs_single_trial__subject_22__session_00__prefrontal__w12,evaluate,RMI,8.48,1,-9.767057204208339
eeg_fnirs_single_trial,subject_22,eeg_fnirs_single_trial__subject_22__session_00__prefrontal__w12,evaluate,RMI,12.14,1,-18.04060323859515
eeg_fnirs_single_trial,subject_22,eeg_fnirs_single_trial__subject_22__session_00__prefrontal__w12,evaluate,RMI,19.26,1,-7.567432823615659
eeg_fnirs_single_trial,subject_22,eeg_fnirs_single_trial__subject_22__session_00__prefrontal__w14,evaluate,RMI,1.3,0,4.5877955517496725
eeg_fnirs_single_trial,subject_22,eeg_fnirs_single_trial__subject_22__session_00__prefrontal__w14,evaluate,RMI,4.58,0,5.202299126211159
eeg_fnirs_single_trial,subject_22,eeg_fnirs_single_trial__subject_22__session_00__prefrontal__w14,evaluate,RMI,7.38,0,4.92151560876405
eeg_fnirs_single_trial,subject_22,eeg_fnirs_single_trial__subject_22__session_00__prefrontal__w14,evaluate,RMI,9.42,0,4.579190725014698
eeg_fnirs_single_trial,subject_22,eeg_fnirs_single_trial__subject_22__session_00__prefrontal__w14,evaluate,RMI,10.42,0,4.309682548479382
eeg_fnirs_single_trial,subject_22,eeg_fnirs_single_trial__subject_22__session_00__prefrontal__w14,evaluate,RMI,13.18,0,3.971981664277829
eeg_fnirs_single_trial,subject_22,eeg_fnirs_single_trial__subject_22__session_00__prefrontal__w14,evaluate,RMI,13.72,0,3.1352298479364893
eeg_fnirs_single_trial,subject_22,eeg_fnirs_single_trial__subject_22__session_00__prefrontal__w14,evaluate,RMI,14.98,0,3.3830622278781184
eeg_fnirs_single_trial,subject_22,eeg_fnirs_single_trial__subject_22__session_00__prefrontal__w14,evaluate,RMI,22.54,0,4.742739050885685
eeg_fnirs_single_trial,subject_22,eeg_fnirs_single_trial__subject_22__session_00__prefrontal__w14,evaluate,RMI,24.38,0,4.308962749946963
eeg_fnirs_single_trial,subject_22,eeg_fnirs_single_trial__subject_22__session_00__prefrontal__w14,evaluate,RMI,25.38,0,6.166560216290295
eeg_fnirs_single_trial,subject_22,eeg_fnirs_single_trial__subject_22__session_00__prefrontal__w14,evaluate,RMI,28.42,0,3.384140307273323
eeg_fnirs_single_trial,subject_22,eeg_fnirs_single_trial__subject_22__session_00__prefrontal__w14,evaluate,RMI,29.0,0,5.253685185092762
eeg_fnirs_single_trial,subject_22,eeg_fnirs_single_trial__subject_22__session_00__prefrontal__w14,evaluate,RMI,29.82,0,4.772213533902707
eeg_fnirs_single_trial,subject_22,eeg_fnirs_single_trial__subject_22__session_00__prefrontal__w14,evaluate,RMI,3.42,1,-3.3304343111835495
eeg_fnirs_single_trial,subject_22,eeg_fnirs_single_trial__subject_22__session_00__prefrontal__w14,evaluate,RMI,6.68,1,-3.674561558017012
eeg_fnirs_single_trial,subject_22,eeg_fnirs_single_trial__subject_22__session_00__prefrontal__w14,evaluate,RMI,21.24,1,-5.700530438217541
eeg_fnirs_single_trial,subject_22,eeg_fnirs_single_trial__subject_22__session_00__prefrontal__w14,evaluate,RMI,23.8,1,12.045198090160588
eeg_fnirs_single_trial,subject_22,eeg_fnirs_single_trial__subject_22__session_00__prefrontal__w14,evaluate,RMI,25.98,1,4.1251567608605955
eeg_fnirs_single_trial,subject_22,eeg_fnirs_single_trial__subject_22__session_00__prefrontal__w14,evaluate,RMI,27.34,1,-3.6287958511260205
eeg_fnirs_single_trial,subject_22,eeg_fnirs_single_trial__subject_22__session_00__prefrontal__w14,evaluate,RMI,29.44,1,22.493776828902227
eeg_fnirs_single_trial,subject_23,eeg_fnirs_single_trial__subject_23__session_00__prefrontal__w0,train,LMI,20.44,0,3.6425582363719973
eeg_fnirs_single_trial,subject_23,eeg_fnirs_single_trial__subject_23__session_00__prefrontal__w0,train,LMI,5.28,1,-3.2892573364129354
eeg_fnirs_single_trial,subject_23,eeg_fnirs_single_trial__subject_23__session_00__prefrontal__w0,train,LMI,21.44,1,-13.962068291285378
eeg_fnirs_single_trial,subject_23,eeg_fnirs_single_trial__subject_23__session_00__prefrontal__w0,train,LMI,26.48,1,-4.882871512874278
eeg_fnirs_single_trial,subject_23,eeg_fnirs_single_trial__subject_23__session_00__prefrontal__w2,train,LMI,14.08,0,3.9092265499807404
eeg_fnirs_single_trial,subject_23,eeg_fnirs_single_trial__subject_23__session_00__prefrontal__w2,train,LMI,3.24,1,3.0197479446347337
eeg_fnirs_single_trial,subject_23,eeg_fnirs_single_trial__subject_23__session_00__prefrontal__w2,train,LMI,10.84,1,-3.4797710657962093
eeg_fnirs_single_trial,subject_23,eeg_fnirs_single_trial__subject_23__session_00__prefrontal__w2,train,LMI,14.84,1,-6.646782486742371
eeg_fnirs_single_trial,subject_23,eeg_fnirs_single_trial__subject_23__session_00__prefrontal__w4,train,RMI,15.84,0,4.70372915584173
eeg_fnirs_single_trial,subject_23,eeg_fnirs_single_trial__subject_23__session_00__prefrontal__w4,train,RMI,19.62,0,3.7542475590216156
eeg_fnirs_single_trial,subject_23,eeg_fnirs_single_trial__subject_23__session_00__prefrontal__w4,train,RMI,27.22,0,3.934710091675215
eeg_fnirs_single_trial,subject_23,eeg_fnirs_single_trial__subject_23__session_00__prefrontal__w4,train,RMI,27.74,0,3.763474329055577
eeg_fnirs_single_trial,subject_23,eeg_fnirs_single_trial__subject_23__session_00__prefrontal__w4,train,RMI,15.84,1,7.166729151212724
eeg_fnirs_single_trial,subject_23,eeg_fnirs_single_trial__subject_23__session_00__prefrontal__w6,train,LMI,2.36,0,3.05510969802311
eeg_fnirs_single_trial,subject_23,eeg_fnirs_single_trial__subject_23__session_00__prefrontal__w6,train,LMI,6.52,0,4.9073848798803565
eeg_fnirs_single_trial,subject_23,eeg_fnirs_single_trial__subject_23__session_00__prefrontal__w6,train,LMI,11.72,0,4.0122998311141345
eeg_fnirs_single_trial,subject_23,eeg_fnirs_single_trial__subject_23__session_00__prefrontal__w6,train,LMI,20.66,0,3.888422437918452
eeg_fnirs_single_trial,subject_23,eeg_fnirs_single_trial__subject_23__session_00__prefrontal__w6,train,LMI,27.56,0,3.691945754440256
eeg_fnirs_single_trial,subject_23,eeg_fnirs_single_trial__subject_23__session_00__prefrontal__w6,train,LMI,28.86,0,3.5448933938134526
eeg_fnirs_single_trial,subject_23,eeg_fnirs_single_trial__subject_23__session_00__prefrontal__w6,train,LMI,5.3,1,-3.718316611554486
eeg_fnirs_single_trial,subject_23,eeg_fnirs_single_trial__subject_23__session_00__prefrontal__w6,train,LMI,6.52,1,6.870721195141304
eeg_fnirs_single_trial,subject_23,eeg_fnirs_single_trial__subject_23__session_00__prefrontal__w6,train,LMI,11.1,1,-8.412573261537906
eeg_fnirs_single_trial,subject_23,eeg_fnirs_single_trial__subject_23__session_00__prefrontal__w6,train,LMI,11.84,1,7.844137231860286
eeg_fnirs_single_trial,subject_23,eeg_fnirs_single_trial__subject_23__session_00__prefrontal__w6,train,LMI,17.14,1,8.899232351845516
eeg_fnirs_single_trial,subject_23,eeg_fnirs_single_trial__subject_23__session_00__prefrontal__w6,train,LMI,19.84,1,-4.6491119001197365
eeg_fnirs_single_trial,subject_23,eeg_fnirs_single_trial__subject_23__session_00__prefrontal__w6,train,LMI,20.38,1,11.981046670082767
eeg_fnirs_single_trial,subject_23,eeg_fnirs_single_trial__subject_23__session_00__prefrontal__w8,train,LMI,1.42,0,7.152512709863941
eeg_fnirs_single_trial,subject_23,eeg_fnirs_single_trial__subject_23__session_00__prefrontal__w8,train,LMI,2.16,0,6.011093732449714
eeg_fnirs_single_trial,subject_23,eeg_fnirs_single_trial__subject_23__session_00__prefrontal__w8,train,LMI,8.3,0,4.477294729491122
eeg_fnirs_single_trial,subject_23,eeg_fnirs_single_trial__subject_23__session_00__prefrontal__w8,train,LMI,15.72,0,4.74837537315034
eeg_fnirs_single_trial,subject_23,eeg_fnirs_single_trial__subject_23__session_00__prefrontal__w8,train,LMI,1.66,1,11.188929225915071
eeg_fnirs_single_trial,subject_23,eeg_fnirs_single_trial__subject_23__session_00__prefrontal__w8,train,LMI,3.22,1,3.207436100432339
eeg_fnirs_single_trial,subject_23,eeg_fnirs_single_trial__subject_23__session_00__prefrontal__w8,train,LMI,5.54,1,5.082488020056881
eeg_fnirs_single_trial,subject_23,eeg_fnirs_single_trial__subject_23__session_00__prefrontal__w8,train,LMI,8.28,1,8.79391729471567
eeg_fnirs_single_trial,subject_23,eeg_fnirs_single_trial__subject_23__session_00__prefrontal__w8,train,LMI,9.34,1,-3.456086500836336
eeg_fnirs_single_trial,subject_23,eeg_fnirs_single_trial__subject_23__session_00__prefrontal__w8,train,LMI,15.8,1,-10.288916900836538
eeg_fnirs_single_trial,subject_23,eeg_fnirs_single_trial__subject_23__session_00__prefrontal__w10,train,LMI,6.44,0,4.245643959534287
eeg_fnirs_single_trial,subject_23,eeg_fnirs_single_trial__subject_23__session_00__prefrontal__w10,train,LMI,29.26,0,3.9705394767310094
eeg_fnirs_single_trial,subject_23,eeg_fnirs_single_trial__subject_23__session_00__prefrontal__w10,train,LMI,1.52,1,-3.173855569939041
eeg_fnirs_single_trial,subject_23,eeg_fnirs_single_trial__subject_23__session_00__prefrontal__w10,train,LMI,5.52,1,7.881973350634189
eeg_fnirs_single_trial,subject_23,eeg_fnirs_single_trial__subject_23__session_00__prefrontal__w10,train,LMI,6.38,1,3.583793787357294
eeg_fnirs_single_trial,subject_23,eeg_fnirs_single_trial__subject_23__session_00__prefrontal__w10,train,LMI,13.64,1,-16.143913914965847
eeg_fnirs_single_trial,subject_23,eeg_fnirs_single_trial__subject_23__session_00__prefrontal__w12,train,LMI,2.46,0,4.333649999685837
eeg_fnirs_single_trial,subject_23,eeg_fnirs_single_trial__subject_23__session_00__prefrontal__w12,train,LMI,16.08,0,4.461873116823336
eeg_fnirs_single_trial,subject_23,eeg_fnirs_single_trial__subject_23__session_00__prefrontal__w12,train,LMI,0.6,1,6.650484291350364
eeg_fnirs_single_trial,subject_23,eeg_fnirs_single_trial__subject_23__session_00__prefrontal__w12,train,LMI,1.22,1,-6.653272773555147
eeg_fnirs_single_trial,subject_23,eeg_fnirs_single_trial__subject_23__session_00__prefrontal__w12,train,LMI,3.1,1,10.743468389630634
eeg_fnirs_single_trial,subject_23,eeg_fnirs_single_trial__subject_23__session_00__prefrontal__w12,train,LMI,3.6,1,-20.23353086959228
eeg_fnirs_single_trial,subject_23,eeg_fnirs_single_trial__subject_23__session_00__prefrontal__w12,train,LMI,5.3,1,-3.1560253166154797
eeg_fnirs_single_trial,subject_23,eeg_fnirs_single_trial__subject_23__session_00__prefrontal__w12,train,LMI,7.4,1,8.940387100576968
eeg_fnirs_single_trial,subject_23,eeg_fnirs_single_trial__subject_23__session_00__prefrontal__w12,train,LMI,8.56,1,-10.698128161872555
eeg_fnirs_single_trial,subject_23,eeg_fnirs_single_trial__subject_23__session_00__prefrontal__w12,train,LMI,16.08,1,-4.5557732967309095
eeg_fnirs_single_trial,subject_23,eeg_fnirs_single_trial__subject_23__session_00__prefrontal__w12,train,LMI,27.96,1,-3.718216377792694
eeg_fnirs_single_trial,subject_23,eeg_fnirs_single_trial__subject_23__session_00__prefrontal__w14,train,RMI,4.36,0,3.1943730493958333
eeg_fnirs_single_trial,subject_23,eeg_fnirs_single_trial__subject_23__session_00__prefrontal__w14,train,RMI,9.5,0,4.893777839904489
eeg_fnirs_single_trial,subject_23,eeg_fnirs_single_trial__subject_23__session_00__prefrontal__w14,train,RMI,15.78,0,3.418658688694438
eeg_fnirs_single_trial,subject_23,eeg_fnirs_single_trial__subject_23__session_00__prefrontal__w14,train,RMI,18.58,0,4.009347273390419
eeg_fnirs_single_trial,subject_23,eeg_fnirs_single_trial__subject_23__session_00__prefrontal__w14,train,RMI,23.3,0,4.44959174845323
eeg_fnirs_single_trial,subject_23,eeg_fnirs_single_trial__subject_23__session_00__prefrontal__w14,train,RMI,4.34,1,-5.358482619058836
eeg_fnirs_single_trial,subject_23,eeg_fnirs_single_trial__subject_23__session_00__prefrontal__w14,train,RMI,6.32,1,-5.126253114566935
eeg_fnirs_single_trial,subject_23,eeg_fnirs_single_trial__subject_23__session_00__prefrontal__w14,train,RMI,7.02,1,7.742819706683078
eeg_fnirs_single_trial,subject_23,eeg_fnirs_single_trial__subject_23__session_00__prefrontal__w14,train,RMI,8.94,1,6.573756640465963
eeg_fnirs_single_trial,subject_23,eeg_fnirs_single_trial__subject_23__session_00__prefrontal__w14,train,RMI,10.04,1,-8.52808170196845
eeg_fnirs_single_trial,subject_23,eeg_fnirs_single_trial__subject_23__session_00__prefrontal__w14,train,RMI,11.02,1,-3.960456116242235
eeg_fnirs_single_trial,subject_23,eeg_fnirs_single_trial__subject_23__session_00__prefrontal__w14,train,RMI,13.4,1,13.74229183800276
eeg_fnirs_single_trial,subject_23,eeg_fnirs_single_trial__subject_23__session_00__prefrontal__w14,train,RMI,14.74,1,4.5703407489005965
eeg_fnirs_single_trial,subject_23,eeg_fnirs_single_trial__subject_23__session_00__prefrontal__w14,train,RMI,15.82,1,-3.5626757126565205
eeg_fnirs_single_trial,subject_23,eeg_fnirs_single_trial__subject_23__session_00__prefrontal__w14,train,RMI,19.3,1,-8.029187072231608
eeg_fnirs_single_trial,subject_23,eeg_fnirs_single_trial__subject_23__session_00__prefrontal__w14,train,RMI,20.4,1,11.683578486779664
eeg_fnirs_single_trial,subject_23,eeg_fnirs_single_trial__subject_23__session_00__prefrontal__w14,train,RMI,27.86,1,5.06261048474401
eeg_fnirs_single_trial,subject_24,eeg_fnirs_single_trial__subject_24__session_00__prefrontal__w0,evaluate,RMI,0.08,0,3.417549311216281
eeg_fnirs_single_trial,subject_24,eeg_fnirs_single_trial__subject_24__session_00__prefrontal__w0,evaluate,RMI,4.0,0,3.3701201085205414
eeg_fnirs_single_trial,subject_24,eeg_fnirs_single_trial__subject_24__session_00__prefrontal__w0,evaluate,RMI,15.9,0,3.783154284868738
eeg_fnirs_single_trial,subject_24,eeg_fnirs_single_trial__subject_24__session_00__prefrontal__w0,evaluate,RMI,17.86,0,3.64430634012176
eeg_fnirs_single_trial,subject_24,eeg_fnirs_single_trial__subject_24__session_00__prefrontal__w0,evaluate,RMI,21.48,0,3.383110883757648
eeg_fnirs_single_trial,subject_24,eeg_fnirs_single_trial__subject_24__session_00__prefrontal__w0,evaluate,RMI,27.96,0,3.0313604051277983
eeg_fnirs_single_trial,subject_24,eeg_fnirs_single_trial__subject_24__session_00__prefrontal__w0,evaluate,RMI,19.72,1,-3.2434055255774488
eeg_fnirs_single_trial,subject_24,eeg_fnirs_single_trial__subject_24__session_00__prefrontal__w2,evaluate,LMI,2.28,0,3.2788216816169133
eeg_fnirs_single_trial,subject_24,eeg_fnirs_single_trial__subject_24__session_00__prefrontal__w2,evaluate,LMI,19.26,0,3.3461087426787257
eeg_fnirs_single_trial,subject_24,eeg_fnirs_single_trial__subject_24__session_00__prefrontal__w2,evaluate,LMI,27.52,0,3.326540066548548
eeg_fnirs_single_trial,subject_24,eeg_fnirs_single_trial__subject_24__session_00__prefrontal__w2,evaluate,LMI,0.26,1,-3.1492108250216297
eeg_fnirs_single_trial,subject_24,eeg_fnirs_single_trial__subject_24__session_00__prefrontal__w6,evaluate,RMI,1.2,0,3.0018272881986814
eeg_fnirs_single_trial,subject_24,eeg_fnirs_single_trial__subject_24__session_00__prefrontal__w6,evaluate,RMI,5.5,0,3.6759148186017967
eeg_fnirs_single_trial,subject_24,eeg_fnirs_single_trial__subject_24__session_00__prefrontal__w6,evaluate,RMI,15.82,0,4.193410738459478
eeg_fnirs_single_trial,subject_24,eeg_fnirs_single_trial__subject_24__session_00__prefrontal__w6,evaluate,RMI,18.54,0,3.019874677779293
eeg_fnirs_single_trial,subject_24,eeg_fnirs_single_trial__subject_24__session_00__prefrontal__w6,evaluate,RMI,23.36,0,3.1748954640103517
eeg_fnirs_single_trial,subject_24,eeg_fnirs_single_trial__subject_24__session_00__prefrontal__w6,evaluate,RMI,23.88,0,4.412612869974128
eeg_fnirs_single_trial,subject_24,eeg_fnirs_single_trial__subject_24__session_00__prefrontal__w6,evaluate,RMI,25.42,0,3.037124272461696
eeg_fnirs_single_trial,subject_24,eeg_fnirs_single_trial__subject_24__session_00__prefrontal__w6,evaluate,RMI,28.36,0,3.33456174576563
eeg_fnirs_single_trial,subject_24,eeg_fnirs_single_trial__subject_24__session_00__prefrontal__w6,evaluate,RMI,29.36,0,4.864444690351837
eeg_fnirs_single_trial,subject_24,eeg_fnirs_single_trial__subject_24__session_00__prefrontal__w8,evaluate,LMI,0.74,0,3.191372679232415
eeg_fnirs_single_trial,subject_24,eeg_fnirs_single_trial__subject_24__session_00__prefrontal__w8,evaluate,LMI,1.64,0,3.445418710252048
eeg_fnirs_single_trial,subject_24,eeg_fnirs_single_trial__subject_24__session_00__prefrontal__w8,evaluate,LMI,3.64,0,3.010782155899268
eeg_fnirs_single_trial,subject_24,eeg_fnirs_single_trial__subject_24__session_00__prefrontal__w8,evaluate,LMI,15.84,0,3.155313345755454
eeg_fnirs_single_trial,subject_24,eeg_fnirs_single_trial__subject_24__session_00__prefrontal__w8,evaluate,LMI,17.18,0,3.1187694684109983
eeg_fnirs_single_trial,subject_24,eeg_fnirs_single_trial__subject_24__session_00__prefrontal__w8,evaluate,LMI,18.66,0,3.1322908246640853
eeg_fnirs_single_trial,subject_24,eeg_fnirs_single_trial__subject_24__session_00__prefrontal__w8,evaluate,LMI,22.38,0,3.826650912475681
eeg_fnirs_single_trial,subject_24,eeg_fnirs_single_trial__subject_24__session_00__prefrontal__w8,evaluate,LMI,23.62,0,4.123166278696728
eeg_fnirs_single_trial,subject_24,eeg_fnirs_single_trial__subject_24__session_00__prefrontal__w8,evaluate,LMI,25.24,0,3.0925628136577705
eeg_fnirs_single_trial,subject_24,eeg_fnirs_single_trial__subject_24__session_00__prefrontal__w8,evaluate,LMI,27.24,0,3.816485721471449
eeg_fnirs_single_trial,subject_24,eeg_fnirs_single_trial__subject_24__session_00__prefrontal__w8,evaluate,LMI,29.4,0,3.319706911305752
eeg_fnirs_single_trial,subject_24,eeg_fnirs_single_trial__subject_24__session_00__prefrontal__w8,evaluate,LMI,29.92,0,12.737195291488447
eeg_fnirs_single_trial,subject_24,eeg_fnirs_single_trial__subject_24__session_00__prefrontal__w8,evaluate,LMI,29.2,1,3.2502213279202725
eeg_fnirs_single_trial,subject_24,eeg_fnirs_single_trial__subject_24__session_00__prefrontal__w8,evaluate,LMI,29.96,1,19.73802145326312
eeg_fnirs_single_trial,subject_24,eeg_fnirs_single_trial__subject_24__session_00__prefrontal__w10,evaluate,RMI,0.68,0,3.97670390747066
eeg_fnirs_single_trial,subject_24,eeg_fnirs_single_trial__subject_24__session_00__prefrontal__w10,evaluate,RMI,1.74,0,4.2948327453639905
eeg_fnirs_single_trial,subject_24,eeg_fnirs_single_trial__subject_24__session_00__prefrontal__w10,evaluate,RMI,2.48,0,3.510773489673394
eeg_fnirs_single_trial,subject_24,eeg_fnirs_single_trial__subject_24__session_00__prefrontal__w10,evaluate,RMI,3.1,0,3.6269659220762214
eeg_fnirs_single_trial,subject_24,eeg_fnirs_single_trial__subject_24__session_00__prefrontal__w10,evaluate,RMI,4.52,0,3.5723207281119898
eeg_fnirs_single_trial,subject_24,eeg_fnirs_single_trial__subject_24__session_00__prefrontal__w10,evaluate,RMI,5.48,0,3.3454297269675326
eeg_fnirs_single_trial,subject_24,eeg_fnirs_single_trial__subject_24__session_00__prefrontal__w10,evaluate,RMI,14.3,0,3.4251991785075844
eeg_fnirs_single_trial,subject_24,eeg_fnirs_single_trial__subject_24__session_00__prefrontal__w10,evaluate,RMI,15.84,0,3.286353530887773
eeg_fnirs_single_trial,subject_24,eeg_fnirs_single_trial__subject_24__session_00__prefrontal__w10,evaluate,RMI,17.64,0,3.3207596096272427
eeg_fnirs_single_trial,subject_24,eeg_fnirs_single_trial__subject_24__session_00__prefrontal__w10,evaluate,RMI,18.8,0,3.268415864096533
eeg_fnirs_single_trial,subject_24,eeg_fnirs_single_trial__subject_24__session_00__prefrontal__w10,evaluate,RMI,20.24,0,3.6232935215040363
eeg_fnirs_single_trial,subject_24,eeg_fnirs_single_trial__subject_24__session_00__prefrontal__w10,evaluate,RMI,21.7,0,3.589950264584445
eeg_fnirs_single_trial,subject_24,eeg_fnirs_single_trial__subject_24__session_00__prefrontal__w10,evaluate,RMI,23.58,0,3.5256860627750726
eeg_fnirs_single_trial,subject_24,eeg_fnirs_single_trial__subject_24__session_00__prefrontal__w10,evaluate,RMI,24.82,0,3.2352869813160208
eeg_fnirs_single_trial,subject_24,eeg_fnirs_single_trial__subject_24__session_00__prefrontal__w10,evaluate,RMI,25.92,0,3.2852544730532816
eeg_fnirs_single_trial,subject_24,eeg_fnirs_single_trial__subject_24__session_00__prefrontal__w10,evaluate,RMI,27.6,0,3.1430639321333227
eeg_fnirs_single_trial,subject_24,eeg_fnirs_single_trial__subject_24__session_00__prefrontal__w10,evaluate,RMI,29.32,0,3.0117362669715715
eeg_fnirs_single_trial,subject_24,eeg_fnirs_single_trial__subject_24__session_00__prefrontal__w10,evaluate,RMI,0.66,1,4.021057339936274
eeg_fnirs_single_trial,subject_24,eeg_fnirs_single_trial__subject_24__session_00__prefrontal__w12,evaluate,RMI,0.18,0,3.7952925163945768
eeg_fnirs_single_trial,subject_24,eeg_fnirs_single_trial__subject_24__session_00__prefrontal__w12,evaluate,RMI,1.46,0,3.316539924475396
eeg_fnirs_single_trial,subject_24,eeg_fnirs_single_trial__subject_24__session_00__prefrontal__w12,evaluate,RMI,2.96,0,3.307879155315669
eeg_fnirs_single_trial,subject_24,eeg_fnirs_single_trial__subject_24__session_00__prefrontal__w12,evaluate,RMI,4.06,0,3.4210612176730026
eeg_fnirs_single_trial,subject_24,eeg_fnirs_single_trial__subject_24__session_00__prefrontal__w12,evaluate,RMI,5.08,0,3.0939815325322706
eeg_fnirs_single_trial,subject_24,eeg_fnirs_single_trial__subject_24__session_00__prefrontal__w12,evaluate,RMI,15.78,0,3.2458825193317487
eeg_fnirs_single_trial,subject_24,eeg_fnirs_single_trial__subject_24__session_00__prefrontal__w12,evaluate,RMI,16.72,0,3.0411767662718625
eeg_fnirs_single_trial,subject_24,eeg_fnirs_single_trial__subject_24__session_00__prefrontal__w12,evaluate,RMI,18.44,0,3.2109518320958856
eeg_fnirs_single_trial,subject_24,eeg_fnirs_single_trial__subject_24__session_00__prefrontal__w12,evaluate,RMI,19.46,0,3.2261697938064082
eeg_fnirs_single_trial,subject_24,eeg_fnirs_single_trial__subject_24__session_00__prefrontal__w12,evaluate,RMI,20.74,0,3.304003064344804
eeg_fnirs_single_trial,subject_24,eeg_fnirs_single_trial__subject_24__session_00__prefrontal__w12,evaluate,RMI,21.76,0,3.075229443323367
eeg_fnirs_single_trial,subject_24,eeg_fnirs_single_trial__subject_24__session_00__prefrontal__w14,evaluate,RMI,1.28,0,3.2026941493041563
eeg_fnirs_single_trial,subject_24,eeg_fnirs_single_trial__subject_24__session_00__prefrontal__w14,evaluate,RMI,15.68,0,3.139108799767654
eeg_fnirs_single_trial,subject_24,eeg_fnirs_single_trial__subject_24__session_00__prefrontal__w14,evaluate,RMI,21.9,0,3.1300253122266053
eeg_fnirs_single_trial,subject_25,eeg_fnirs_single_trial__subject_25__session_00__prefrontal__w0,train,LMI,0.74,0,3.1052366969298317
eeg_fnirs_single_trial,subject_25,eeg_fnirs_single_trial__subject_25__session_00__prefrontal__w0,train,LMI,2.14,0,3.796940672100563
eeg_fnirs_single_trial,subject_25,eeg_fnirs_single_trial__subject_25__session_00__prefrontal__w0,train,LMI,4.32,0,3.4518848198787087
eeg_fnirs_single_trial,subject_25,eeg_fnirs_single_trial__subject_25__session_00__prefrontal__w0,train,LMI,5.34,0,3.409177191493146
eeg_fnirs_single_trial,subject_25,eeg_fnirs_single_trial__subject_25__session_00__prefrontal__w0,train,LMI,16.38,0,3.3657744042696356
eeg_fnirs_single_trial,subject_25,eeg_fnirs_single_trial__subject_25__session_00__prefrontal__w0,train,LMI,18.36,0,3.4569735347139527
eeg_fnirs_single_trial,subject_25,eeg_fnirs_single_trial__subject_25__session_00__prefrontal__w0,train,LMI,20.72,0,3.0197908308475125
eeg_fnirs_single_trial,subject_25,eeg_fnirs_single_trial__subject_25__session_00__prefrontal__w0,train,LMI,22.84,0,3.811560627144731
eeg_fnirs_single_trial,subject_25,eeg_fnirs_single_trial__subject_25__session_00__prefrontal__w0,train,LMI,24.26,0,3.778693667868386
eeg_fnirs_single_trial,subject_25,eeg_fnirs_single_trial__subject_25__session_00__prefrontal__w0,train,LMI,25.94,0,3.4093963658226296
eeg_fnirs_single_trial,subject_25,eeg_fnirs_single_trial__subject_25__session_00__prefrontal__w0,train,LMI,28.28,0,4.413368089357718
eeg_fnirs_single_trial,subject_25,eeg_fnirs_single_trial__subject_25__session_00__prefrontal__w0,train,LMI,0.84,1,3.147840097617672
eeg_fnirs_single_trial,subject_25,eeg_fnirs_single_trial__subject_25__session_00__prefrontal__w0,train,LMI,2.58,1,4.109889564553857
eeg_fnirs_single_trial,subject_25,eeg_fnirs_single_trial__subject_25__session_00__prefrontal__w0,train,LMI,13.3,1,4.912513588655295
eeg_fnirs_single_trial,subject_25,eeg_fnirs_single_trial__subject_25__session_00__prefrontal__w0,train,LMI,14.22,1,-3.643583271858525
eeg_fnirs_single_trial,subject_25,eeg_fnirs_single_trial__subject_25__session_00__prefrontal__w0,train,LMI,16.42,1,3.0460865589544244
eeg_fnirs_single_trial,subject_25,eeg_fnirs_single_trial__subject_25__session_00__prefrontal__w0,train,LMI,17.1,1,-4.117660773321459
eeg_fnirs_single_trial,subject_25,eeg_fnirs_single_trial__subject_25__session_00__prefrontal__w0,train,LMI,24.5,1,3.7448652878627797
eeg_fnirs_single_trial,subject_25,eeg_fnirs_single_trial__subject_25__session_00__prefrontal__w2,train,LMI,1.46,0,3.4729422327475024
eeg_fnirs_single_trial,subject_25,eeg_fnirs_single_trial__subject_25__session_00__prefrontal__w2,train,LMI,2.38,0,3.6418283910968596
eeg_fnirs_single_trial,subject_25,eeg_fnirs_single_trial__subject_25__session_00__prefrontal__w2,train,LMI,4.38,0,3.0220730415222694
eeg_fnirs_single_trial,subject_25,eeg_fnirs_single_trial__subject_25__session_00__prefrontal__w2,train,LMI,7.12,0,3.0322231408787026
eeg_fnirs_single_trial,subject_25,eeg_fnirs_single_trial__subject_25__session_00__prefrontal__w2,train,LMI,8.4,0,3.9772564246436213
eeg_fnirs_single_trial,subject_25,eeg_fnirs_single_trial__subject_25__session_00__prefrontal__w2,train,LMI,11.62,0,3.33105330519529
eeg_fnirs_single_trial,subject_25,eeg_fnirs_single_trial__subject_25__session_00__prefrontal__w2,train,LMI,14.1,0,3.3150112628930337
eeg_fnirs_single_trial,subject_25,eeg_fnirs_single_trial__subject_25__session_00__prefrontal__w2,train,LMI,15.94,0,4.041343772747268
eeg_fnirs_single_trial,subject_25,eeg_fnirs_single_trial__subject_25__session_00__prefrontal__w2,train,LMI,17.92,0,4.35827777858105
eeg_fnirs_single_trial,subject_25,eeg_fnirs_single_trial__subject_25__session_00__prefrontal__w2,train,LMI,20.98,0,3.8525716588563075
eeg_fnirs_single_trial,subject_25,eeg_fnirs_single_trial__subject_25__session_00__prefrontal__w2,train,LMI,23.4,0,3.4956327616325926
eeg_fnirs_single_trial,subject_25,eeg_fnirs_single_trial__subject_25__session_00__prefrontal__w2,train,LMI,25.46,0,3.867347936127069
eeg_fnirs_single_trial,subject_25,eeg_fnirs_single_trial__subject_25__session_00__prefrontal__w2,train,LMI,26.88,0,4.346623036281172
eeg_fnirs_single_trial,subject_25,eeg_fnirs_single_trial__subject_25__session_00__prefrontal__w2,train,LMI,0.72,1,4.046140783023057
eeg_fnirs_single_trial,subject_25,eeg_fnirs_single_trial__subject_25__session_00__prefrontal__w2,train,LMI,1.4,1,-3.2753345875122073
eeg_fnirs_single_trial,subject_25,eeg_fnirs_single_trial__subject_25__session_00__prefrontal__w2,train,LMI,3.56,1,4.652996716017469
eeg_fnirs_single_trial,subject_25,eeg_fnirs_single_trial__subject_25__session_00__prefrontal__w2,train,LMI,19.7,1,3.0425278658704253
eeg_fnirs_single_trial,subject_25,eeg_fnirs_single_trial__subject_25__session_00__prefrontal__w2,train,LMI,20.24,1,-4.959846758986256
eeg_fnirs_single_trial,subject_25,eeg_fnirs_single_trial__subject_25__session_00__prefrontal__w2,train,LMI,21.58,1,3.552830432014268
eeg_fnirs_single_trial,subject_25,eeg_fnirs_single_trial__subject_25__session_00__prefrontal__w2,train,LMI,22.9,1,-5.835748302580709
eeg_fnirs_single_trial,subject_25,eeg_fnirs_single_trial__subject_25__session_00__prefrontal__w2,train,LMI,24.68,1,3.364643465858855
eeg_fnirs_single_trial,subject_25,eeg_fnirs_single_trial__subject_25__session_00__prefrontal__w2,train,LMI,27.3,1,6.91377115526511
eeg_fnirs_single_trial,subject_25,eeg_fnirs_single_trial__subject_25__session_00__prefrontal__w2,train,LMI,28.98,1,-7.446106766348341
eeg_fnirs_single_trial,subject_25,eeg_fnirs_single_trial__subject_25__session_00__prefrontal__w4,train,RMI,0.22,0,4.056993598553565
eeg_fnirs_single_trial,subject_25,eeg_fnirs_single_trial__subject_25__session_00__prefrontal__w4,train,RMI,1.6,0,4.0979865109887585
eeg_fnirs_single_trial,subject_25,eeg_fnirs_single_trial__subject_25__session_00__prefrontal__w4,train,RMI,11.74,0,3.2823660265405197
eeg_fnirs_single_trial,subject_25,eeg_fnirs_single_trial__subject_25__session_00__prefrontal__w4,train,RMI,15.86,0,3.5707229416638544
eeg_fnirs_single_trial,subject_25,eeg_fnirs_single_trial__subject_25__session_00__prefrontal__w4,train,RMI,17.04,0,4.332062060615809
eeg_fnirs_single_trial,subject_25,eeg_fnirs_single_trial__subject_25__session_00__prefrontal__w4,train,RMI,17.94,0,4.304528218816051
eeg_fnirs_single_trial,subject_25,eeg_fnirs_single_trial__subject_25__session_00__prefrontal__w4,train,RMI,19.18,0,4.352487437794048
eeg_fnirs_single_trial,subject_25,eeg_fnirs_single_trial__subject_25__session_00__prefrontal__w4,train,RMI,21.12,0,4.323438411939638
eeg_fnirs_single_trial,subject_25,eeg_fnirs_single_trial__subject_25__session_00__prefrontal__w4,train,RMI,22.66,0,4.281534084080768
eeg_fnirs_single_trial,subject_25,eeg_fnirs_single_trial__subject_25__session_00__prefrontal__w4,train,RMI,25.68,0,3.2270830277268696
eeg_fnirs_single_trial,subject_25,eeg_fnirs_single_trial__subject_25__session_00__prefrontal__w4,train,RMI,27.36,0,3.553885610970031
eeg_fnirs_single_trial,subject_25,eeg_fnirs_single_trial__subject_25__session_00__prefrontal__w4,train,RMI,28.26,0,3.830576107429281
eeg_fnirs_single_trial,subject_25,eeg_fnirs_single_trial__subject_25__session_00__prefrontal__w4,train,RMI,2.64,1,5.962206355051683
eeg_fnirs_single_trial,subject_25,eeg_fnirs_single_trial__subject_25__session_00__prefrontal__w4,train,RMI,3.2,1,-6.80621604807735
eeg_fnirs_single_trial,subject_25,eeg_fnirs_single_trial__subject_25__session_00__prefrontal__w4,train,RMI,4.58,1,3.327476062736517
eeg_fnirs_single_trial,subject_25,eeg_fnirs_single_trial__subject_25__session_00__prefrontal__w4,train,RMI,16.52,1,4.242024138095877
eeg_fnirs_single_trial,subject_25,eeg_fnirs_single_trial__subject_25__session_00__prefrontal__w4,train,RMI,19.78,1,3.574739992899364
eeg_fnirs_single_trial,subject_25,eeg_fnirs_single_trial__subject_25__session_00__prefrontal__w4,train,RMI,23.32,1,4.167308493693363
eeg_fnirs_single_trial,subject_25,eeg_fnirs_single_trial__subject_25__session_00__prefrontal__w4,train,RMI,25.2,1,8.305884370378086
eeg_fnirs_single_trial,subject_25,eeg_fnirs_single_trial__subject_25__session_00__prefrontal__w4,train,RMI,25.7,1,-4.515562590501083
eeg_fnirs_single_trial,subject_25,eeg_fnirs_single_trial__subject_25__session_00__prefrontal__w4,train,RMI,29.06,1,6.539801010758781
eeg_fnirs_single_trial,subject_25,eeg_fnirs_single_trial__subject_25__session_00__prefrontal__w6,train,LMI,0.58,0,3.8830950046004764
eeg_fnirs_single_trial,subject_25,eeg_fnirs_single_trial__subject_25__session_00__prefrontal__w6,train,LMI,2.3,0,3.609082254943872
eeg_fnirs_single_trial,subject_25,eeg_fnirs_single_trial__subject_25__session_00__prefrontal__w6,train,LMI,5.52,0,3.789506939588594
eeg_fnirs_single_trial,subject_25,eeg_fnirs_single_trial__subject_25__session_00__prefrontal__w6,train,LMI,8.46,0,3.4476219241683026
eeg_fnirs_single_trial,subject_25,eeg_fnirs_single_trial__subject_25__session_00__prefrontal__w6,train,LMI,13.54,0,3.009006980100557
eeg_fnirs_single_trial,subject_25,eeg_fnirs_single_trial__subject_25__session_00__prefrontal__w6,train,LMI,15.98,0,3.065374613198125
eeg_fnirs_single_trial,subject_25,eeg_fnirs_single_trial__subject_25__session_00__prefrontal__w6,train,LMI,22.88,0,3.305870398772336
eeg_fnirs_single_trial,subject_25,eeg_fnirs_single_trial__subject_25__session_00__prefrontal__w6,train,LMI,27.62,0,3.4265459272820165
eeg_fnirs_single_trial,subject_25,eeg_fnirs_single_trial__subject_25__session_00__prefrontal__w6,train,LMI,3.36,1,3.8649159559864805
eeg_fnirs_single_trial,subject_25,eeg_fnirs_single_trial__subject_25__session_00__prefrontal__w6,train,LMI,7.94,1,3.926404475179351
eeg_fnirs_single_trial,subject_25,eeg_fnirs_single_trial__subject_25__session_00__prefrontal__w6,train,LMI,11.6,1,-7.976808441620636
eeg_fnirs_single_trial,subject_25,eeg_fnirs_single_trial__subject_25__session_00__prefrontal__w6,train,LMI,12.7,1,10.032405207692076
eeg_fnirs_single_trial,subject_25,eeg_fnirs_single_trial__subject_25__session_00__prefrontal__w6,train,LMI,16.72,1,3.2860354521329147
eeg_fnirs_single_trial,subject_25,eeg_fnirs_single_trial__subject_25__session_00__prefrontal__w6,train,LMI,17.98,1,3.4165211510821134
eeg_fnirs_single_trial,subject_25,eeg_fnirs_single_trial__subject_25__session_00__prefrontal__w6,train,LMI,23.9,1,3.2555224992872
eeg_fnirs_single_trial,subject_25,eeg_fnirs_single_trial__subject_25__session_00__prefrontal__w6,train,LMI,24.44,1,7.168021805667158
eeg_fnirs_single_trial,subject_25,eeg_fnirs_single_trial__subject_25__session_00__prefrontal__w6,train,LMI,26.0,1,-12.056462371853478
eeg_fnirs_single_trial,subject_25,eeg_fnirs_single_trial__subject_25__session_00__prefrontal__w8,train,LMI,0.2,0,-3.080156444897645
eeg_fnirs_single_trial,subject_25,eeg_fnirs_single_trial__subject_25__session_00__prefrontal__w8,train,LMI,1.08,0,4.5014071938341935
eeg_fnirs_single_trial,subject_25,eeg_fnirs_single_trial__subject_25__session_00__prefrontal__w8,train,LMI,4.48,0,3.21895644453733
eeg_fnirs_single_trial,subject_25,eeg_fnirs_single_trial__subject_25__session_00__prefrontal__w8,train,LMI,6.28,0,3.87262193477178
eeg_fnirs_single_trial,subject_25,eeg_fnirs_single_trial__subject_25__session_00__prefrontal__w8,train,LMI,14.06,0,3.2660448381404326
eeg_fnirs_single_trial,subject_25,eeg_fnirs_single_trial__subject_25__session_00__prefrontal__w8,train,LMI,16.16,0,3.3353155890416173
eeg_fnirs_single_trial,subject_25,eeg_fnirs_single_trial__subject_25__session_00__prefrontal__w8,train,LMI,17.92,0,4.006224784527438
eeg_fnirs_single_trial,subject_25,eeg_fnirs_single_trial__subject_25__session_00__prefrontal__w8,train,LMI,24.54,0,3.6113597751614455
eeg_fnirs_single_trial,subject_25,eeg_fnirs_single_trial__subject_25__session_00__prefrontal__w8,train,LMI,28.04,0,3.1687593451013667
eeg_fnirs_single_trial,subject_25,eeg_fnirs_single_trial__subject_25__session_00__prefrontal__w8,train,LMI,1.52,1,3.1630582092532284
eeg_fnirs_single_trial,subject_25,eeg_fnirs_single_trial__subject_25__session_00__prefrontal__w8,train,LMI,3.72,1,3.326106016406366
eeg_fnirs_single_trial,subject_25,eeg_fnirs_single_trial__subject_25__session_00__prefrontal__w8,train,LMI,9.2,1,3.9007295423063417
eeg_fnirs_single_trial,subject_25,eeg_fnirs_single_trial__subject_25__session_00__prefrontal__w8,train,LMI,9.86,1,-13.319299881802607
eeg_fnirs_single_trial,subject_25,eeg_fnirs_single_trial__subject_25__session_00__prefrontal__w8,train,LMI,12.56,1,3.933918472374877
eeg_fnirs_single_trial,subject_25,eeg_fnirs_single_trial__subject_25__session_00__prefrontal__w8,train,LMI,13.08,1,-3.0825476501143467
eeg_fnirs_single_trial,subject_25,eeg_fnirs_single_trial__subject_25__session_00__prefrontal__w8,train,LMI,15.74,1,-6.82579297908866
eeg_fnirs_single_trial,subject_25,eeg_fnirs_single_trial__subject_25__session_00__prefrontal__w8,train,LMI,16.94,1,5.952909941658969
eeg_fnirs_single_trial,subject_25,eeg_fnirs_single_trial__subject_25__session_00__prefrontal__w8,train,LMI,17.5,1,-3.932149799823505
eeg_fnirs_single_trial,subject_25,eeg_fnirs_single_trial__subject_25__session_00__prefrontal__w8,train,LMI,19.48,1,-4.058095671510421
eeg_fnirs_single_trial,subject_25,eeg_fnirs_single_trial__subject_25__session_00__prefrontal__w8,train,LMI,20.54,1,4.205817501781821
eeg_fnirs_single_trial,subject_25,eeg_fnirs_single_trial__subject_25__session_00__prefrontal__w8,train,LMI,21.38,1,6.606494529557533
eeg_fnirs_single_trial,subject_25,eeg_fnirs_single_trial__subject_25__session_00__prefrontal__w8,train,LMI,22.04,1,-16.353610763790357
eeg_fnirs_single_trial,subject_25,eeg_fnirs_single_trial__subject_25__session_00__prefrontal__w8,train,LMI,23.92,1,3.3829679694467836
eeg_fnirs_single_trial,subject_25,eeg_fnirs_single_trial__subject_25__session_00__prefrontal__w8,train,LMI,25.54,1,-9.703110373211233
eeg_fnirs_single_trial,subject_25,eeg_fnirs_single_trial__subject_25__session_00__prefrontal__w8,train,LMI,27.26,1,9.860181544632237
eeg_fnirs_single_trial,subject_25,eeg_fnirs_single_trial__subject_25__session_00__prefrontal__w8,train,LMI,29.3,1,7.747725369442599
eeg_fnirs_single_trial,subject_25,eeg_fnirs_single_trial__subject_25__session_00__prefrontal__w10,train,LMI,0.3,0,3.4516810900588046
eeg_fnirs_single_trial,subject_25,eeg_fnirs_single_trial__subject_25__session_00__prefrontal__w10,train,LMI,4.2,0,3.565012362617839
eeg_fnirs_single_trial,subject_25,eeg_fnirs_single_trial__subject_25__session_00__prefrontal__w10,train,LMI,19.1,0,5.297358808994152
eeg_fnirs_single_trial,subject_25,eeg_fnirs_single_trial__subject_25__session_00__prefrontal__w10,train,LMI,21.12,0,3.694660608150178
eeg_fnirs_single_trial,subject_25,eeg_fnirs_single_trial__subject_25__session_00__prefrontal__w10,train,LMI,24.48,0,3.3604760947850747
eeg_fnirs_single_trial,subject_25,eeg_fnirs_single_trial__subject_25__session_00__prefrontal__w10,train,LMI,27.74,0,3.7069766844671688
eeg_fnirs_single_trial,subject_25,eeg_fnirs_single_trial__subject_25__session_00__prefrontal__w10,train,LMI,1.62,1,3.5641805777996294
eeg_fnirs_single_trial,subject_25,eeg_fnirs_single_trial__subject_25__session_00__prefrontal__w10,train,LMI,2.2,1,3.670260410812143
eeg_fnirs_single_trial,subject_25,eeg_fnirs_single_trial__subject_25__session_00__prefrontal__w10,train,LMI,3.16,1,-3.5931811444232196
eeg_fnirs_single_trial,subject_25,eeg_fnirs_single_trial__subject_25__session_00__prefrontal__w10,train,LMI,5.26,1,-3.8993083071342753
eeg_fnirs_single_trial,subject_25,eeg_fnirs_single_trial__subject_25__session_00__prefrontal__w10,train,LMI,6.36,1,5.700804747898516
eeg_fnirs_single_trial,subject_25,eeg_fnirs_single_trial__subject_25__session_00__prefrontal__w10,train,LMI,13.94,1,9.64478438125634
eeg_fnirs_single_trial,subject_25,eeg_fnirs_single_trial__subject_25__session_00__prefrontal__w10,train,LMI,16.58,1,3.4408488310660834
eeg_fnirs_single_trial,subject_25,eeg_fnirs_single_trial__subject_25__session_00__prefrontal__w10,train,LMI,17.26,1,3.1900403835877915
eeg_fnirs_single_trial,subject_25,eeg_fnirs_single_trial__subject_25__session_00__prefrontal__w10,train,LMI,18.06,1,-3.1782330465855533
eeg_fnirs_single_trial,subject_25,eeg_fnirs_single_trial__subject_25__session_00__prefrontal__w10,train,LMI,22.14,1,-4.465272875977055
eeg_fnirs_single_trial,subject_25,eeg_fnirs_single_trial__subject_25__session_00__prefrontal__w10,train,LMI,22.82,1,3.424607399429094
eeg_fnirs_single_trial,subject_25,eeg_fnirs_single_trial__subject_25__session_00__prefrontal__w10,train,LMI,25.22,1,-3.597719696879905
eeg_fnirs_single_trial,subject_25,eeg_fnirs_single_trial__subject_25__session_00__prefrontal__w10,train,LMI,26.4,1,-4.719794936229422
eeg_fnirs_single_trial,subject_25,eeg_fnirs_single_trial__subject_25__session_00__prefrontal__w10,train,LMI,29.34,1,-7.659310628402984
eeg_fnirs_single_trial,subject_25,eeg_fnirs_single_trial__subject_25__session_00__prefrontal__w12,train,LMI,0.44,0,3.47506975668674
eeg_fnirs_single_trial,subject_25,eeg_fnirs_single_trial__subject_25__session_00__prefrontal__w12,train,LMI,2.12,0,3.886390133259413
eeg_fnirs_single_trial,subject_25,eeg_fnirs_single_trial__subject_25__session_00__prefrontal__w12,train,LMI,4.42,0,3.357003437605823
eeg_fnirs_single_trial,subject_25,eeg_fnirs_single_trial__subject_25__session_00__prefrontal__w12,train,LMI,7.12,0,4.372052716806148
eeg_fnirs_single_trial,subject_25,eeg_fnirs_single_trial__subject_25__session_00__prefrontal__w12,train,LMI,12.08,0,3.6222874966155745
eeg_fnirs_single_trial,subject_25,eeg_fnirs_single_trial__subject_25__session_00__prefrontal__w12,train,LMI,15.22,0,3.5920768883063268
eeg_fnirs_single_trial,subject_25,eeg_fnirs_single_trial__subject_25__session_00__prefrontal__w12,train,LMI,16.16,0,3.9841413636429244
eeg_fnirs_single_trial,subject_25,eeg_fnirs_single_trial__subject_25__session_00__prefrontal__w12,train,LMI,18.06,0,4.637888402128645
eeg_fnirs_single_trial,subject_25,eeg_fnirs_single_trial__subject_25__session_00__prefrontal__w12,train,LMI,19.58,0,4.484871781770773
eeg_fnirs_single_trial,subject_25,eeg_fnirs_single_trial__subject_25__session_00__prefrontal__w12,train,LMI,23.24,0,3.3816569489864983
eeg_fnirs_single_trial,subject_25,eeg_fnirs_single_trial__subject_25__session_00__prefrontal__w12,train,LMI,25.96,0,3.7331216066155952
eeg_fnirs_single_trial,subject_25,eeg_fnirs_single_trial__subject_25__session_00__prefrontal__w12,train,LMI,28.24,0,4.422992868451079
eeg_fnirs_single_trial,subject_25,eeg_fnirs_single_trial__subject_25__session_00__prefrontal__w12,train,LMI,29.18,0,3.677695797484773
eeg_fnirs_single_trial,subject_25,eeg_fnirs_single_trial__subject_25__session_00__prefrontal__w12,train,LMI,0.12,1,-9.626946287855088
eeg_fnirs_single_trial,subject_25,eeg_fnirs_single_trial__subject_25__session_00__prefrontal__w12,train,LMI,5.32,1,-3.874927113297373
eeg_fnirs_single_trial,subject_25,eeg_fnirs_single_trial__subject_25__session_00__prefrontal__w12,train,LMI,7.62,1,-3.7010543882050784
eeg_fnirs_single_trial,subject_25,eeg_fnirs_single_trial__subject_25__session_00__prefrontal__w12,train,LMI,8.4,1,5.266465977043983
eeg_fnirs_single_trial,subject_25,eeg_fnirs_single_trial__subject_25__session_00__prefrontal__w12,train,LMI,12.04,1,-3.6960148264145993
eeg_fnirs_single_trial,subject_25,eeg_fnirs_single_trial__subject_25__session_00__prefrontal__w12,train,LMI,13.1,1,-5.363443914647584
eeg_fnirs_single_trial,subject_25,eeg_fnirs_single_trial__subject_25__session_00__prefrontal__w12,train,LMI,13.88,1,3.3812085960606044
eeg_fnirs_single_trial,subject_25,eeg_fnirs_single_trial__subject_25__session_00__prefrontal__w12,train,LMI,14.38,1,11.859530211454626
eeg_fnirs_single_trial,subject_25,eeg_fnirs_single_trial__subject_25__session_00__prefrontal__w12,train,LMI,15.1,1,-4.997696435390808
eeg_fnirs_single_trial,subject_25,eeg_fnirs_single_trial__subject_25__session_00__prefrontal__w12,train,LMI,16.8,1,3.1008473478389402
eeg_fnirs_single_trial,subject_25,eeg_fnirs_single_trial__subject_25__session_00__prefrontal__w12,train,LMI,20.0,1,-4.059159876936758
eeg_fnirs_single_trial,subject_25,eeg_fnirs_single_trial__subject_25__session_00__prefrontal__w12,train,LMI,22.28,1,4.4285468955343195
eeg_fnirs_single_trial,subject_25,eeg_fnirs_single_trial__subject_25__session_00__prefrontal__w12,train,LMI,22.98,1,-5.651779196752774
eeg_fnirs_single_trial,subject_25,eeg_fnirs_single_trial__subject_25__session_00__prefrontal__w12,train,LMI,23.62,1,4.498960912405992
eeg_fnirs_single_trial,subject_25,eeg_fnirs_single_trial__subject_25__session_00__prefrontal__w12,train,LMI,24.56,1,5.489127289755955
eeg_fnirs_single_trial,subject_25,eeg_fnirs_single_trial__subject_25__session_00__prefrontal__w12,train,LMI,26.92,1,3.405598229071532
eeg_fnirs_single_trial,subject_25,eeg_fnirs_single_trial__subject_25__session_00__prefrontal__w12,train,LMI,27.44,1,-8.06294676047251
eeg_fnirs_single_trial,subject_25,eeg_fnirs_single_trial__subject_25__session_00__prefrontal__w14,train,RMI,1.84,0,4.771108867916441
eeg_fnirs_single_trial,subject_25,eeg_fnirs_single_trial__subject_25__session_00__prefrontal__w14,train,RMI,4.06,0,3.06110717415438
eeg_fnirs_single_trial,subject_25,eeg_fnirs_single_trial__subject_25__session_00__prefrontal__w14,train,RMI,6.6,0,4.15447436142489
eeg_fnirs_single_trial,subject_25,eeg_fnirs_single_trial__subject_25__session_00__prefrontal__w14,train,RMI,10.18,0,3.6049712256622404
eeg_fnirs_single_trial,subject_25,eeg_fnirs_single_trial__subject_25__session_00__prefrontal__w14,train,RMI,15.38,0,4.517366611704587
eeg_fnirs_single_trial,subject_25,eeg_fnirs_single_trial__subject_25__session_00__prefrontal__w14,train,RMI,16.14,0,3.3434300505166363
eeg_fnirs_single_trial,subject_25,eeg_fnirs_single_trial__subject_25__session_00__prefrontal__w14,train,RMI,18.2,0,4.424183251159696
eeg_fnirs_single_trial,subject_25,eeg_fnirs_single_trial__subject_25__session_00__prefrontal__w14,train,RMI,19.94,0,4.244746932499764
eeg_fnirs_single_trial,subject_25,eeg_fnirs_single_trial__subject_25__session_00__prefrontal__w14,train,RMI,21.76,0,4.286907223285169
eeg_fnirs_single_trial,subject_25,eeg_fnirs_single_trial__subject_25__session_00__prefrontal__w14,train,RMI,23.76,0,3.453971879410884
eeg_fnirs_single_trial,subject_25,eeg_fnirs_single_trial__subject_25__session_00__prefrontal__w14,train,RMI,26.26,0,4.65021415519821
eeg_fnirs_single_trial,subject_25,eeg_fnirs_single_trial__subject_25__session_00__prefrontal__w14,train,RMI,0.74,1,5.32399087999448
eeg_fnirs_single_trial,subject_25,eeg_fnirs_single_trial__subject_25__session_00__prefrontal__w14,train,RMI,6.26,1,-9.638625812710034
eeg_fnirs_single_trial,subject_25,eeg_fnirs_single_trial__subject_25__session_00__prefrontal__w14,train,RMI,9.16,1,5.927889939753762
eeg_fnirs_single_trial,subject_25,eeg_fnirs_single_trial__subject_25__session_00__prefrontal__w14,train,RMI,16.04,1,4.913078648976968
eeg_fnirs_single_trial,subject_25,eeg_fnirs_single_trial__subject_25__session_00__prefrontal__w14,train,RMI,17.26,1,4.491724180886592
eeg_fnirs_single_trial,subject_25,eeg_fnirs_single_trial__subject_25__session_00__prefrontal__w14,train,RMI,17.8,1,-8.332064227362157
eeg_fnirs_single_trial,subject_25,eeg_fnirs_single_trial__subject_25__session_00__prefrontal__w14,train,RMI,21.08,1,4.57492891366907
eeg_fnirs_single_trial,subject_25,eeg_fnirs_single_trial__subject_25__session_00__prefrontal__w14,train,RMI,22.12,1,-3.623489419448061
eeg_fnirs_single_trial,subject_25,eeg_fnirs_single_trial__subject_25__session_00__prefrontal__w14,train,RMI,28.18,1,4.850334689970037
eeg_fnirs_single_trial,subject_25,eeg_fnirs_single_trial__subject_25__session_00__prefrontal__w14,train,RMI,29.4,1,-9.315173280718541
eeg_fnirs_single_trial,subject_26,eeg_fnirs_single_trial__subject_26__session_00__prefrontal__w0,evaluate,LMI,0.7,0,5.595116379496919
eeg_fnirs_single_trial,subject_26,eeg_fnirs_single_trial__subject_26__session_00__prefrontal__w0,evaluate,LMI,2.68,0,5.74168513576078
eeg_fnirs_single_trial,subject_26,eeg_fnirs_single_trial__subject_26__session_00__prefrontal__w0,evaluate,LMI,5.54,0,6.134888517550907
eeg_fnirs_single_trial,subject_26,eeg_fnirs_single_trial__subject_26__session_00__prefrontal__w0,evaluate,LMI,12.74,0,3.4951806779602412
eeg_fnirs_single_trial,subject_26,eeg_fnirs_single_trial__subject_26__session_00__prefrontal__w0,evaluate,LMI,16.14,0,6.762760567079196
eeg_fnirs_single_trial,subject_26,eeg_fnirs_single_trial__subject_26__session_00__prefrontal__w0,evaluate,LMI,17.42,0,5.616775750776364
eeg_fnirs_single_trial,subject_26,eeg_fnirs_single_trial__subject_26__session_00__prefrontal__w0,evaluate,LMI,20.62,0,5.329540492232964
eeg_fnirs_single_trial,subject_26,eeg_fnirs_single_trial__subject_26__session_00__prefrontal__w0,evaluate,LMI,21.34,0,5.295772363301188
eeg_fnirs_single_trial,subject_26,eeg_fnirs_single_trial__subject_26__session_00__prefrontal__w0,evaluate,LMI,26.34,0,5.74615472742304
eeg_fnirs_single_trial,subject_26,eeg_fnirs_single_trial__subject_26__session_00__prefrontal__w0,evaluate,LMI,28.1,0,5.4938916688811785
eeg_fnirs_single_trial,subject_26,eeg_fnirs_single_trial__subject_26__session_00__prefrontal__w0,evaluate,LMI,2.48,1,-6.134836625014741
eeg_fnirs_single_trial,subject_26,eeg_fnirs_single_trial__subject_26__session_00__prefrontal__w0,evaluate,LMI,6.62,1,3.246820840396985
eeg_fnirs_single_trial,subject_26,eeg_fnirs_single_trial__subject_26__session_00__prefrontal__w0,evaluate,LMI,16.06,1,-4.383588540844827
eeg_fnirs_single_trial,subject_26,eeg_fnirs_single_trial__subject_26__session_00__prefrontal__w2,evaluate,RMI,8.96,0,3.5875038498435106
eeg_fnirs_single_trial,subject_26,eeg_fnirs_single_trial__subject_26__session_00__prefrontal__w2,evaluate,RMI,11.58,0,4.263168631912263
eeg_fnirs_single_trial,subject_26,eeg_fnirs_single_trial__subject_26__session_00__prefrontal__w2,evaluate,RMI,13.58,0,3.845865435821471
eeg_fnirs_single_trial,subject_26,eeg_fnirs_single_trial__subject_26__session_00__prefrontal__w2,evaluate,RMI,14.58,0,5.630739502608464
eeg_fnirs_single_trial,subject_26,eeg_fnirs_single_trial__subject_26__session_00__prefrontal__w2,evaluate,RMI,19.54,0,6.3106714104479265
eeg_fnirs_single_trial,subject_26,eeg_fnirs_single_trial__subject_26__session_00__prefrontal__w2,evaluate,RMI,21.16,0,6.064361756168275
eeg_fnirs_single_trial,subject_26,eeg_fnirs_single_trial__subject_26__session_00__prefrontal__w2,evaluate,RMI,25.68,0,4.815886151185804
eeg_fnirs_single_trial,subject_26,eeg_fnirs_single_trial__subject_26__session_00__prefrontal__w2,evaluate,RMI,28.98,0,5.643057838682624
eeg_fnirs_single_trial,subject_26,eeg_fnirs_single_trial__subject_26__session_00__prefrontal__w2,evaluate,RMI,3.9,1,-3.87827902195981
eeg_fnirs_single_trial,subject_26,eeg_fnirs_single_trial__subject_26__session_00__prefrontal__w2,evaluate,RMI,5.8,1,-8.792485381294359
eeg_fnirs_single_trial,subject_26,eeg_fnirs_single_trial__subject_26__session_00__prefrontal__w2,evaluate,RMI,8.88,1,-4.10253730009558
eeg_fnirs_single_trial,subject_26,eeg_fnirs_single_trial__subject_26__session_00__prefrontal__w2,evaluate,RMI,13.3,1,-3.093371563197768
eeg_fnirs_single_trial,subject_26,eeg_fnirs_single_trial__subject_26__session_00__prefrontal__w2,evaluate,RMI,14.4,1,-3.8552694644736376
eeg_fnirs_single_trial,subject_26,eeg_fnirs_single_trial__subject_26__session_00__prefrontal__w2,evaluate,RMI,15.74,1,11.497070407920281
eeg_fnirs_single_trial,subject_26,eeg_fnirs_single_trial__subject_26__session_00__prefrontal__w4,evaluate,LMI,2.54,0,5.018509742200846
eeg_fnirs_single_trial,subject_26,eeg_fnirs_single_trial__subject_26__session_00__prefrontal__w4,evaluate,LMI,4.1,0,5.3747194480668
eeg_fnirs_single_trial,subject_26,eeg_fnirs_single_trial__subject_26__session_00__prefrontal__w4,evaluate,LMI,5.12,0,5.373677128476834
eeg_fnirs_single_trial,subject_26,eeg_fnirs_single_trial__subject_26__session_00__prefrontal__w4,evaluate,LMI,6.42,0,4.01243499023779
eeg_fnirs_single_trial,subject_26,eeg_fnirs_single_trial__subject_26__session_00__prefrontal__w4,evaluate,LMI,9.74,0,5.276775912636384
eeg_fnirs_single_trial,subject_26,eeg_fnirs_single_trial__subject_26__session_00__prefrontal__w4,evaluate,LMI,12.64,0,4.5658168202545735
eeg_fnirs_single_trial,subject_26,eeg_fnirs_single_trial__subject_26__session_00__prefrontal__w4,evaluate,LMI,14.24,0,-3.17214948833678
eeg_fnirs_single_trial,subject_26,eeg_fnirs_single_trial__subject_26__session_00__prefrontal__w4,evaluate,LMI,15.28,0,-3.2279893597920575
eeg_fnirs_single_trial,subject_26,eeg_fnirs_single_trial__subject_26__session_00__prefrontal__w4,evaluate,LMI,19.64,0,-3.2702946430853403
eeg_fnirs_single_trial,subject_26,eeg_fnirs_single_trial__subject_26__session_00__prefrontal__w4,evaluate,LMI,23.14,0,4.041375831266072
eeg_fnirs_single_trial,subject_26,eeg_fnirs_single_trial__subject_26__session_00__prefrontal__w4,evaluate,LMI,24.26,0,5.033346379252752
eeg_fnirs_single_trial,subject_26,eeg_fnirs_single_trial__subject_26__session_00__prefrontal__w4,evaluate,LMI,27.82,0,4.101204354176778
eeg_fnirs_single_trial,subject_26,eeg_fnirs_single_trial__subject_26__session_00__prefrontal__w4,evaluate,LMI,28.5,0,4.663615682664214
eeg_fnirs_single_trial,subject_26,eeg_fnirs_single_trial__subject_26__session_00__prefrontal__w4,evaluate,LMI,15.8,1,-3.360130540955658
eeg_fnirs_single_trial,subject_26,eeg_fnirs_single_trial__subject_26__session_00__prefrontal__w4,evaluate,LMI,17.1,1,-3.242166885589234
eeg_fnirs_single_trial,subject_26,eeg_fnirs_single_trial__subject_26__session_00__prefrontal__w4,evaluate,LMI,25.34,1,-3.03174884849445
eeg_fnirs_single_trial,subject_26,eeg_fnirs_single_trial__subject_26__session_00__prefrontal__w6,evaluate,LMI,0.1,0,9.003194973551315
eeg_fnirs_single_trial,subject_26,eeg_fnirs_single_trial__subject_26__session_00__prefrontal__w6,evaluate,LMI,2.66,0,4.288575232838123
eeg_fnirs_single_trial,subject_26,eeg_fnirs_single_trial__subject_26__session_00__prefrontal__w6,evaluate,LMI,3.84,0,5.858786052137584
eeg_fnirs_single_trial,subject_26,eeg_fnirs_single_trial__subject_26__session_00__prefrontal__w6,evaluate,LMI,5.36,0,6.6329167400442275
eeg_fnirs_single_trial,subject_26,eeg_fnirs_single_trial__subject_26__session_00__prefrontal__w6,evaluate,LMI,11.32,0,3.0974054110785785
eeg_fnirs_single_trial,subject_26,eeg_fnirs_single_trial__subject_26__session_00__prefrontal__w6,evaluate,LMI,12.74,0,6.177684625918623
eeg_fnirs_single_trial,subject_26,eeg_fnirs_single_trial__subject_26__session_00__prefrontal__w6,evaluate,LMI,15.86,0,5.542517740916647
eeg_fnirs_single_trial,subject_26,eeg_fnirs_single_trial__subject_26__session_00__prefrontal__w6,evaluate,LMI,17.24,0,5.336001099594655
eeg_fnirs_single_trial,subject_26,eeg_fnirs_single_trial__subject_26__session_00__prefrontal__w6,evaluate,LMI,18.88,0,5.825793648079071
eeg_fnirs_single_trial,subject_26,eeg_fnirs_single_trial__subject_26__session_00__prefrontal__w6,evaluate,LMI,20.1,0,6.1725906120158385
eeg_fnirs_single_trial,subject_26,eeg_fnirs_single_trial__subject_26__session_00__prefrontal__w6,evaluate,LMI,21.88,0,5.560450049581332
eeg_fnirs_single_trial,subject_26,eeg_fnirs_single_trial__subject_26__session_00__prefrontal__w6,evaluate,LMI,24.08,0,5.347759681348897
eeg_fnirs_single_trial,subject_26,eeg_fnirs_single_trial__subject_26__session_00__prefrontal__w6,evaluate,LMI,26.58,0,5.29821952107231
eeg_fnirs_single_trial,subject_26,eeg_fnirs_single_trial__subject_26__session_00__prefrontal__w6,evaluate,LMI,29.78,0,3.525852877879445
eeg_fnirs_single_trial,subject_26,eeg_fnirs_single_trial__subject_26__session_00__prefrontal__w6,evaluate,LMI,7.74,1,7.727064981778604
eeg_fnirs_single_trial,subject_26,eeg_fnirs_single_trial__subject_26__session_00__prefrontal__w6,evaluate,LMI,12.68,1,-4.649347727223958
eeg_fnirs_single_trial,subject_26,eeg_fnirs_single_trial__subject_26__session_00__prefrontal__w6,evaluate,LMI,13.52,1,7.01600581398275
eeg_fnirs_single_trial,subject_26,eeg_fnirs_single_trial__subject_26__session_00__prefrontal__w6,evaluate,LMI,15.8,1,-6.380858593005442
eeg_fnirs_single_trial,subject_26,eeg_fnirs_single_trial__subject_26__session_00__prefrontal__w8,evaluate,LMI,1.1,0,6.269291090371925
eeg_fnirs_single_trial,subject_26,eeg_fnirs_single_trial__subject_26__session_00__prefrontal__w8,evaluate,LMI,2.26,0,5.335083030486055
eeg_fnirs_single_trial,subject_26,eeg_fnirs_single_trial__subject_26__session_00__prefrontal__w8,evaluate,LMI,3.78,0,5.85815590150542
eeg_fnirs_single_trial,subject_26,eeg_fnirs_single_trial__subject_26__session_00__prefrontal__w8,evaluate,LMI,5.72,0,5.21474928998284
eeg_fnirs_single_trial,subject_26,eeg_fnirs_single_trial__subject_26__session_00__prefrontal__w8,evaluate,LMI,11.72,0,3.172180850489822
eeg_fnirs_single_trial,subject_26,eeg_fnirs_single_trial__subject_26__session_00__prefrontal__w8,evaluate,LMI,12.94,0,3.2570050111614117
eeg_fnirs_single_trial,subject_26,eeg_fnirs_single_trial__subject_26__session_00__prefrontal__w8,evaluate,LMI,15.02,0,4.011591867529804
eeg_fnirs_single_trial,subject_26,eeg_fnirs_single_trial__subject_26__session_00__prefrontal__w8,evaluate,LMI,15.74,0,5.794159394460469
eeg_fnirs_single_trial,subject_26,eeg_fnirs_single_trial__subject_26__session_00__prefrontal__w8,evaluate,LMI,17.36,0,5.726627336335935
eeg_fnirs_single_trial,subject_26,eeg_fnirs_single_trial__subject_26__session_00__prefrontal__w8,evaluate,LMI,19.48,0,5.313232933716899
eeg_fnirs_single_trial,subject_26,eeg_fnirs_single_trial__subject_26__session_00__prefrontal__w8,evaluate,LMI,21.9,0,4.980881194818769
eeg_fnirs_single_trial,subject_26,eeg_fnirs_single_trial__subject_26__session_00__prefrontal__w8,evaluate,LMI,23.6,0,5.885576615949846
eeg_fnirs_single_trial,subject_26,eeg_fnirs_single_trial__subject_26__session_00__prefrontal__w8,evaluate,LMI,26.96,0,4.993769490764719
eeg_fnirs_single_trial,subject_26,eeg_fnirs_single_trial__subject_26__session_00__prefrontal__w8,evaluate,LMI,28.52,0,3.9000993863270037
eeg_fnirs_single_trial,subject_26,eeg_fnirs_single_trial__subject_26__session_00__prefrontal__w8,evaluate,LMI,15.66,1,-5.5973261615261105
eeg_fnirs_single_trial,subject_26,eeg_fnirs_single_trial__subject_26__session_00__prefrontal__w10,evaluate,LMI,3.76,0,5.530473356669584
eeg_fnirs_single_trial,subject_26,eeg_fnirs_single_trial__subject_26__session_00__prefrontal__w10,evaluate,LMI,14.6,0,4.057213862733925
eeg_fnirs_single_trial,subject_26,eeg_fnirs_single_trial__subject_26__session_00__prefrontal__w10,evaluate,LMI,15.74,0,5.753519811028813
eeg_fnirs_single_trial,subject_26,eeg_fnirs_single_trial__subject_26__session_00__prefrontal__w10,evaluate,LMI,18.16,0,5.781697628569861
eeg_fnirs_single_trial,subject_26,eeg_fnirs_single_trial__subject_26__session_00__prefrontal__w10,evaluate,LMI,21.08,0,5.674872458907776
eeg_fnirs_single_trial,subject_26,eeg_fnirs_single_trial__subject_26__session_00__prefrontal__w10,evaluate,LMI,25.16,0,5.173030573720029
eeg_fnirs_single_trial,subject_26,eeg_fnirs_single_trial__subject_26__session_00__prefrontal__w10,evaluate,LMI,27.56,0,5.488836061466071
eeg_fnirs_single_trial,subject_26,eeg_fnirs_single_trial__subject_26__session_00__prefrontal__w10,evaluate,LMI,28.76,0,5.894004667077113
eeg_fnirs_single_trial,subject_26,eeg_fnirs_single_trial__subject_26__session_00__prefrontal__w10,evaluate,LMI,29.84,0,4.0968947373006355
eeg_fnirs_single_trial,subject_26,eeg_fnirs_single_trial__subject_26__session_00__prefrontal__w10,evaluate,LMI,4.28,1,-4.488179453002325
eeg_fnirs_single_trial,subject_26,eeg_fnirs_single_trial__subject_26__session_00__prefrontal__w10,evaluate,LMI,5.68,1,7.215409263474888
eeg_fnirs_single_trial,subject_26,eeg_fnirs_single_trial__subject_26__session_00__prefrontal__w10,evaluate,LMI,13.06,1,3.089412111368203
eeg_fnirs_single_trial,subject_26,eeg_fnirs_single_trial__subject_26__session_00__prefrontal__w10,evaluate,LMI,13.82,1,5.608484746189226
eeg_fnirs_single_trial,subject_26,eeg_fnirs_single_trial__subject_26__session_00__prefrontal__w10,evaluate,LMI,15.7,1,-4.123712346165593
eeg_fnirs_single_trial,subject_26,eeg_fnirs_single_trial__subject_26__session_00__prefrontal__w12,evaluate,RMI,1.44,0,5.835596021898713
eeg_fnirs_single_trial,subject_26,eeg_fnirs_single_trial__subject_26__session_00__prefrontal__w12,evaluate,RMI,2.94,0,5.957030799303652
eeg_fnirs_single_trial,subject_26,eeg_fnirs_single_trial__subject_26__session_00__prefrontal__w12,evaluate,RMI,5.02,0,4.779663413692893
eeg_fnirs_single_trial,subject_26,eeg_fnirs_single_trial__subject_26__session_00__prefrontal__w12,evaluate,RMI,5.74,0,-3.8151648315003728
eeg_fnirs_single_trial,subject_26,eeg_fnirs_single_trial__subject_26__session_00__prefrontal__w12,evaluate,RMI,8.24,0,4.236137612297209
eeg_fnirs_single_trial,subject_26,eeg_fnirs_single_trial__subject_26__session_00__prefrontal__w12,evaluate,RMI,15.98,0,6.4432625680543865
eeg_fnirs_single_trial,subject_26,eeg_fnirs_single_trial__subject_26__session_00__prefrontal__w12,evaluate,RMI,18.72,0,5.577866728651166
eeg_fnirs_single_trial,subject_26,eeg_fnirs_single_trial__subject_26__session_00__prefrontal__w12,evaluate,RMI,21.1,0,5.189181134973628
eeg_fnirs_single_trial,subject_26,eeg_fnirs_single_trial__subject_26__session_00__prefrontal__w12,evaluate,RMI,22.0,0,5.6993440383986345
eeg_fnirs_single_trial,subject_26,eeg_fnirs_single_trial__subject_26__session_00__prefrontal__w12,evaluate,RMI,23.76,0,5.024392807785604
eeg_fnirs_single_trial,subject_26,eeg_fnirs_single_trial__subject_26__session_00__prefrontal__w12,evaluate,RMI,27.08,0,5.470144440345092
eeg_fnirs_single_trial,subject_26,eeg_fnirs_single_trial__subject_26__session_00__prefrontal__w12,evaluate,RMI,28.76,0,5.376771126840434
eeg_fnirs_single_trial,subject_26,eeg_fnirs_single_trial__subject_26__session_00__prefrontal__w12,evaluate,RMI,5.14,1,-3.2673528153194558
eeg_fnirs_single_trial,subject_26,eeg_fnirs_single_trial__subject_26__session_00__prefrontal__w12,evaluate,RMI,5.7,1,-6.197111399023656
eeg_fnirs_single_trial,subject_26,eeg_fnirs_single_trial__subject_26__session_00__prefrontal__w12,evaluate,RMI,6.46,1,-4.059696363604162
eeg_fnirs_single_trial,subject_26,eeg_fnirs_single_trial__subject_26__session_00__prefrontal__w12,evaluate,RMI,8.06,1,-3.0254856335962006
eeg_fnirs_single_trial,subject_26,eeg_fnirs_single_trial__subject_26__session_00__prefrontal__w12,evaluate,RMI,9.12,1,-3.685481021649314
eeg_fnirs_single_trial,subject_26,eeg_fnirs_single_trial__subject_26__session_00__prefrontal__w12,evaluate,RMI,14.38,1,-3.042242128827716
eeg_fnirs_single_trial,subject_26,eeg_fnirs_single_trial__subject_26__session_00__prefrontal__w12,evaluate,RMI,15.82,1,7.616437947953446
eeg_fnirs_single_trial,subject_26,eeg_fnirs_single_trial__subject_26__session_00__prefrontal__w12,evaluate,RMI,16.44,1,-4.543193792881951
eeg_fnirs_single_trial,subject_26,eeg_fnirs_single_trial__subject_26__session_00__prefrontal__w14,evaluate,RMI,1.56,0,-5.0341217072939015
eeg_fnirs_single_trial,subject_26,eeg_fnirs_single_trial__subject_26__session_00__prefrontal__w14,evaluate,RMI,2.64,0,-5.055503379534871
eeg_fnirs_single_trial,subject_26,eeg_fnirs_single_trial__subject_26__session_00__prefrontal__w14,evaluate,RMI,5.52,0,7.279183783524765
eeg_fnirs_single_trial,subject_26,eeg_fnirs_single_trial__subject_26__session_00__prefrontal__w14,evaluate,RMI,7.32,0,3.40204151373598
eeg_fnirs_single_trial,subject_26,eeg_fnirs_single_trial__subject_26__session_00__prefrontal__w14,evaluate,RMI,15.96,0,7.555146050722165
eeg_fnirs_single_trial,subject_26,eeg_fnirs_single_trial__subject_26__session_00__prefrontal__w14,evaluate,RMI,18.82,0,6.756299808384685
eeg_fnirs_single_trial,subject_26,eeg_fnirs_single_trial__subject_26__session_00__prefrontal__w14,evaluate,RMI,27.68,0,4.81550007406258
eeg_fnirs_single_trial,subject_26,eeg_fnirs_single_trial__subject_26__session_00__prefrontal__w14,evaluate,RMI,5.54,1,-8.833679662730685
eeg_fnirs_single_trial,subject_26,eeg_fnirs_single_trial__subject_26__session_00__prefrontal__w14,evaluate,RMI,7.26,1,-3.2557625235958647
eeg_fnirs_single_trial,subject_26,eeg_fnirs_single_trial__subject_26__session_00__prefrontal__w14,evaluate,RMI,11.36,1,-3.757453216256939
eeg_fnirs_single_trial,subject_26,eeg_fnirs_single_trial__subject_26__session_00__prefrontal__w14,evaluate,RMI,15.84,1,7.275520284711383
eeg_fnirs_single_trial,subject_26,eeg_fnirs_single_trial__subject_26__session_00__prefrontal__w14,evaluate,RMI,25.96,1,4.9873305173497995
eeg_fnirs_single_trial,subject_27,eeg_fnirs_single_trial__subject_27__session_00__prefrontal__w0,train,RMI,0.28,0,3.2847475558438943
eeg_fnirs_single_trial,subject_27,eeg_fnirs_single_trial__subject_27__session_00__prefrontal__w0,train,RMI,0.84,0,3.610976600466403
eeg_fnirs_single_trial,subject_27,eeg_fnirs_single_trial__subject_27__session_00__prefrontal__w0,train,RMI,1.52,0,3.3480643279500124
eeg_fnirs_single_trial,subject_27,eeg_fnirs_single_trial__subject_27__session_00__prefrontal__w0,train,RMI,5.44,0,4.726491146981384
eeg_fnirs_single_trial,subject_27,eeg_fnirs_single_trial__subject_27__session_00__prefrontal__w0,train,RMI,10.36,0,3.6657895843568666
eeg_fnirs_single_trial,subject_27,eeg_fnirs_single_trial__subject_27__session_00__prefrontal__w0,train,RMI,14.16,0,4.345515088698732
eeg_fnirs_single_trial,subject_27,eeg_fnirs_single_trial__subject_27__session_00__prefrontal__w0,train,RMI,16.02,0,4.5373547575899495
eeg_fnirs_single_trial,subject_27,eeg_fnirs_single_trial__subject_27__session_00__prefrontal__w0,train,RMI,16.88,0,3.750959074478568
eeg_fnirs_single_trial,subject_27,eeg_fnirs_single_trial__subject_27__session_00__prefrontal__w0,train,RMI,18.14,0,3.768381425786674
eeg_fnirs_single_trial,subject_27,eeg_fnirs_single_trial__subject_27__session_00__prefrontal__w0,train,RMI,26.4,0,3.061089471875258
eeg_fnirs_single_trial,subject_27,eeg_fnirs_single_trial__subject_27__session_00__prefrontal__w0,train,RMI,29.48,0,3.2242441105455013
eeg_fnirs_single_trial,subject_27,eeg_fnirs_single_trial__subject_27__session_00__prefrontal__w0,train,RMI,0.8,1,3.0797854853315054
eeg_fnirs_single_trial,subject_27,eeg_fnirs_single_trial__subject_27__session_00__prefrontal__w0,train,RMI,1.48,1,3.8164084924093284
eeg_fnirs_single_trial,subject_27,eeg_fnirs_single_trial__subject_27__session_00__prefrontal__w0,train,RMI,5.28,1,3.752545748054131
eeg_fnirs_single_trial,subject_27,eeg_fnirs_single_trial__subject_27__session_00__prefrontal__w2,train,RMI,1.98,0,3.732720169024424
eeg_fnirs_single_trial,subject_27,eeg_fnirs_single_trial__subject_27__session_00__prefrontal__w2,train,RMI,3.2,0,4.350294112598247
eeg_fnirs_single_trial,subject_27,eeg_fnirs_single_trial__subject_27__session_00__prefrontal__w2,train,RMI,6.58,0,3.4249272170514877
eeg_fnirs_single_trial,subject_27,eeg_fnirs_single_trial__subject_27__session_00__prefrontal__w2,train,RMI,7.22,0,3.352402579448526
eeg_fnirs_single_trial,subject_27,eeg_fnirs_single_trial__subject_27__session_00__prefrontal__w2,train,RMI,9.58,0,4.458946507732849
eeg_fnirs_single_trial,subject_27,eeg_fnirs_single_trial__subject_27__session_00__prefrontal__w2,train,RMI,10.62,0,5.208280392771469
eeg_fnirs_single_trial,subject_27,eeg_fnirs_single_trial__subject_27__session_00__prefrontal__w2,train,RMI,11.38,0,4.12346549119862
eeg_fnirs_single_trial,subject_27,eeg_fnirs_single_trial__subject_27__session_00__prefrontal__w2,train,RMI,14.48,0,4.315085825870557
eeg_fnirs_single_trial,subject_27,eeg_fnirs_single_trial__subject_27__session_00__prefrontal__w2,train,RMI,15.1,0,3.980713438309898
eeg_fnirs_single_trial,subject_27,eeg_fnirs_single_trial__subject_27__session_00__prefrontal__w2,train,RMI,18.24,0,5.412785828362554
eeg_fnirs_single_trial,subject_27,eeg_fnirs_single_trial__subject_27__session_00__prefrontal__w2,train,RMI,19.06,0,-4.53487988835057
eeg_fnirs_single_trial,subject_27,eeg_fnirs_single_trial__subject_27__session_00__prefrontal__w2,train,RMI,19.62,0,5.471395849969082
eeg_fnirs_single_trial,subject_27,eeg_fnirs_single_trial__subject_27__session_00__prefrontal__w2,train,RMI,21.02,0,6.0000184091088276
eeg_fnirs_single_trial,subject_27,eeg_fnirs_single_trial__subject_27__session_00__prefrontal__w2,train,RMI,22.88,0,4.0654445244242545
eeg_fnirs_single_trial,subject_27,eeg_fnirs_single_trial__subject_27__session_00__prefrontal__w2,train,RMI,23.86,0,3.8060204151735233
eeg_fnirs_single_trial,subject_27,eeg_fnirs_single_trial__subject_27__session_00__prefrontal__w2,train,RMI,25.32,0,4.221270326344127
eeg_fnirs_single_trial,subject_27,eeg_fnirs_single_trial__subject_27__session_00__prefrontal__w2,train,RMI,29.06,0,3.6950587369890533
eeg_fnirs_single_trial,subject_27,eeg_fnirs_single_trial__subject_27__session_00__prefrontal__w2,train,RMI,10.58,1,6.885452124633895
eeg_fnirs_single_trial,subject_27,eeg_fnirs_single_trial__subject_27__session_00__prefrontal__w2,train,RMI,15.74,1,4.7999743546250135
eeg_fnirs_single_trial,subject_27,eeg_fnirs_single_trial__subject_27__session_00__prefrontal__w2,train,RMI,16.38,1,-8.766358452375844
eeg_fnirs_single_trial,subject_27,eeg_fnirs_single_trial__subject_27__session_00__prefrontal__w2,train,RMI,18.4,1,3.518339928416479
eeg_fnirs_single_trial,subject_27,eeg_fnirs_single_trial__subject_27__session_00__prefrontal__w2,train,RMI,19.2,1,-8.7852318712365
eeg_fnirs_single_trial,subject_27,eeg_fnirs_single_trial__subject_27__session_00__prefrontal__w2,train,RMI,20.04,1,-11.435697427490206
eeg_fnirs_single_trial,subject_27,eeg_fnirs_single_trial__subject_27__session_00__prefrontal__w2,train,RMI,20.98,1,8.852839026056792
eeg_fnirs_single_trial,subject_27,eeg_fnirs_single_trial__subject_27__session_00__prefrontal__w4,train,RMI,2.3,0,4.934791308056099
eeg_fnirs_single_trial,subject_27,eeg_fnirs_single_trial__subject_27__session_00__prefrontal__w4,train,RMI,6.84,0,5.244719342682838
eeg_fnirs_single_trial,subject_27,eeg_fnirs_single_trial__subject_27__session_00__prefrontal__w4,train,RMI,15.06,0,4.180002054386673
eeg_fnirs_single_trial,subject_27,eeg_fnirs_single_trial__subject_27__session_00__prefrontal__w4,train,RMI,16.72,0,20.745307659948153
eeg_fnirs_single_trial,subject_27,eeg_fnirs_single_trial__subject_27__session_00__prefrontal__w4,train,RMI,18.4,0,6.672422091750866
eeg_fnirs_single_trial,subject_27,eeg_fnirs_single_trial__subject_27__session_00__prefrontal__w4,train,RMI,19.3,0,5.801050321807586
eeg_fnirs_single_trial,subject_27,eeg_fnirs_single_trial__subject_27__session_00__prefrontal__w4,train,RMI,20.34,0,13.908069344134772
eeg_fnirs_single_trial,subject_27,eeg_fnirs_single_trial__subject_27__session_00__prefrontal__w4,train,RMI,21.06,0,-3.3805727318946057
eeg_fnirs_single_trial,subject_27,eeg_fnirs_single_trial__subject_27__session_00__prefrontal__w4,train,RMI,21.58,0,4.636179194409735
eeg_fnirs_single_trial,subject_27,eeg_fnirs_single_trial__subject_27__session_00__prefrontal__w4,train,RMI,25.22,0,4.2978046330341675
eeg_fnirs_single_trial,subject_27,eeg_fnirs_single_trial__subject_27__session_00__prefrontal__w4,train,RMI,28.48,0,3.725461942845053
eeg_fnirs_single_trial,subject_27,eeg_fnirs_single_trial__subject_27__session_00__prefrontal__w4,train,RMI,3.18,1,-3.2572120151793476
eeg_fnirs_single_trial,subject_27,eeg_fnirs_single_trial__subject_27__session_00__prefrontal__w4,train,RMI,6.68,1,11.810712388130385
eeg_fnirs_single_trial,subject_27,eeg_fnirs_single_trial__subject_27__session_00__prefrontal__w4,train,RMI,15.68,1,11.157804805742087
eeg_fnirs_single_trial,subject_27,eeg_fnirs_single_trial__subject_27__session_00__prefrontal__w4,train,RMI,16.64,1,19.668446342026254
eeg_fnirs_single_trial,subject_27,eeg_fnirs_single_trial__subject_27__session_00__prefrontal__w4,train,RMI,18.32,1,12.48211163688333
eeg_fnirs_single_trial,subject_27,eeg_fnirs_single_trial__subject_27__session_00__prefrontal__w4,train,RMI,18.86,1,-9.890447587390451
eeg_fnirs_single_trial,subject_27,eeg_fnirs_single_trial__subject_27__session_00__prefrontal__w4,train,RMI,19.72,1,3.9486257520542067
eeg_fnirs_single_trial,subject_27,eeg_fnirs_single_trial__subject_27__session_00__prefrontal__w4,train,RMI,20.26,1,18.922475952216903
eeg_fnirs_single_trial,subject_27,eeg_fnirs_single_trial__subject_27__session_00__prefrontal__w4,train,RMI,21.0,1,-9.870716883223192
eeg_fnirs_single_trial,subject_27,eeg_fnirs_single_trial__subject_27__session_00__prefrontal__w4,train,RMI,21.54,1,4.018688059064359
eeg_fnirs_single_trial,subject_27,eeg_fnirs_single_trial__subject_27__session_00__prefrontal__w4,train,RMI,22.6,1,11.181158833923085
eeg_fnirs_single_trial,subject_27,eeg_fnirs_single_trial__subject_27__session_00__prefrontal__w4,train,RMI,23.16,1,-6.07019008385925
eeg_fnirs_single_trial,subject_27,eeg_fnirs_single_trial__subject_27__session_00__prefrontal__w4,train,RMI,24.22,1,13.459079743563166
eeg_fnirs_single_trial,subject_27,eeg_fnirs_single_trial__subject_27__session_00__prefrontal__w4,train,RMI,24.72,1,-14.63855224652127
eeg_fnirs_single_trial,subject_27,eeg_fnirs_single_trial__subject_27__session_00__prefrontal__w4,train,RMI,25.38,1,11.80148826697396
eeg_fnirs_single_trial,subject_27,eeg_fnirs_single_trial__subject_27__session_00__prefrontal__w4,train,RMI,26.4,1,3.5213351449635866
eeg_fnirs_single_trial,subject_27,eeg_fnirs_single_trial__subject_27__session_00__prefrontal__w4,train,RMI,28.56,1,5.369507885524715
eeg_fnirs_single_trial,subject_27,eeg_fnirs_single_trial__subject_27__session_00__prefrontal__w6,train,RMI,1.52,0,3.707633664116937
eeg_fnirs_single_trial,subject_27,eeg_fnirs_single_trial__subject_27__session_00__prefrontal__w6,train,RMI,6.32,0,3.1001898942045965
eeg_fnirs_single_trial,subject_27,eeg_fnirs_single_trial__subject_27__session_00__prefrontal__w6,train,RMI,7.84,0,4.182238520659571
eeg_fnirs_single_trial,subject_27,eeg_fnirs_single_trial__subject_27__session_00__prefrontal__w6,train,RMI,12.34,0,3.0157432130957447
eeg_fnirs_single_trial,subject_27,eeg_fnirs_single_trial__subject_27__session_00__prefrontal__w6,train,RMI,16.3,0,-4.4256593579729895
eeg_fnirs_single_trial,subject_27,eeg_fnirs_single_trial__subject_27__session_00__prefrontal__w6,train,RMI,17.2,0,16.954029654914052
eeg_fnirs_single_trial,subject_27,eeg_fnirs_single_trial__subject_27__session_00__prefrontal__w6,train,RMI,17.72,0,-18.006294486186714
eeg_fnirs_single_trial,subject_27,eeg_fnirs_single_trial__subject_27__session_00__prefrontal__w6,train,RMI,18.7,0,3.5532016545800373
eeg_fnirs_single_trial,subject_27,eeg_fnirs_single_trial__subject_27__session_00__prefrontal__w6,train,RMI,20.28,0,4.541245036055486
eeg_fnirs_single_trial,subject_27,eeg_fnirs_single_trial__subject_27__session_00__prefrontal__w6,train,RMI,21.0,0,-4.191966795381921
eeg_fnirs_single_trial,subject_27,eeg_fnirs_single_trial__subject_27__session_00__prefrontal__w6,train,RMI,22.8,0,5.963891459829913
eeg_fnirs_single_trial,subject_27,eeg_fnirs_single_trial__subject_27__session_00__prefrontal__w6,train,RMI,24.1,0,5.729851806332611
eeg_fnirs_single_trial,subject_27,eeg_fnirs_single_trial__subject_27__session_00__prefrontal__w6,train,RMI,26.74,0,4.276003195870179
eeg_fnirs_single_trial,subject_27,eeg_fnirs_single_trial__subject_27__session_00__prefrontal__w6,train,RMI,28.7,0,3.0262182380972664
eeg_fnirs_single_trial,subject_27,eeg_fnirs_single_trial__subject_27__session_00__prefrontal__w6,train,RMI,0.84,1,9.693222367744026
eeg_fnirs_single_trial,subject_27,eeg_fnirs_single_trial__subject_27__session_00__prefrontal__w6,train,RMI,8.0,1,8.813887416401343
eeg_fnirs_single_trial,subject_27,eeg_fnirs_single_trial__subject_27__session_00__prefrontal__w6,train,RMI,10.2,1,-14.154470361476555
eeg_fnirs_single_trial,subject_27,eeg_fnirs_single_trial__subject_27__session_00__prefrontal__w6,train,RMI,10.98,1,3.980759818692304
eeg_fnirs_single_trial,subject_27,eeg_fnirs_single_trial__subject_27__session_00__prefrontal__w6,train,RMI,15.98,1,4.04577513936098
eeg_fnirs_single_trial,subject_27,eeg_fnirs_single_trial__subject_27__session_00__prefrontal__w6,train,RMI,17.14,1,6.399045649059543
eeg_fnirs_single_trial,subject_27,eeg_fnirs_single_trial__subject_27__session_00__prefrontal__w6,train,RMI,17.88,1,8.58143828458956
eeg_fnirs_single_trial,subject_27,eeg_fnirs_single_trial__subject_27__session_00__prefrontal__w6,train,RMI,20.24,1,-12.802204900767743
eeg_fnirs_single_trial,subject_27,eeg_fnirs_single_trial__subject_27__session_00__prefrontal__w6,train,RMI,20.86,1,9.012838002872368
eeg_fnirs_single_trial,subject_27,eeg_fnirs_single_trial__subject_27__session_00__prefrontal__w6,train,RMI,21.44,1,-19.29649137689804
eeg_fnirs_single_trial,subject_27,eeg_fnirs_single_trial__subject_27__session_00__prefrontal__w6,train,RMI,22.04,1,20.362994011991532
eeg_fnirs_single_trial,subject_27,eeg_fnirs_single_trial__subject_27__session_00__prefrontal__w6,train,RMI,24.22,1,5.532438752040615
eeg_fnirs_single_trial,subject_27,eeg_fnirs_single_trial__subject_27__session_00__prefrontal__w6,train,RMI,27.04,1,-12.416050305419873
eeg_fnirs_single_trial,subject_27,eeg_fnirs_single_trial__subject_27__session_00__prefrontal__w8,train,RMI,5.12,0,3.4327537370802217
eeg_fnirs_single_trial,subject_27,eeg_fnirs_single_trial__subject_27__session_00__prefrontal__w8,train,RMI,6.16,0,4.274242573377622
eeg_fnirs_single_trial,subject_27,eeg_fnirs_single_trial__subject_27__session_00__prefrontal__w8,train,RMI,7.44,0,5.457454503843194
eeg_fnirs_single_trial,subject_27,eeg_fnirs_single_trial__subject_27__session_00__prefrontal__w8,train,RMI,8.04,0,-3.548994366501812
eeg_fnirs_single_trial,subject_27,eeg_fnirs_single_trial__subject_27__session_00__prefrontal__w8,train,RMI,8.62,0,7.593217458670709
eeg_fnirs_single_trial,subject_27,eeg_fnirs_single_trial__subject_27__session_00__prefrontal__w8,train,RMI,9.86,0,13.815737496594991
eeg_fnirs_single_trial,subject_27,eeg_fnirs_single_trial__subject_27__session_00__prefrontal__w8,train,RMI,12.68,0,3.093677924127185
eeg_fnirs_single_trial,subject_27,eeg_fnirs_single_trial__subject_27__session_00__prefrontal__w8,train,RMI,16.14,0,4.384274830761553
eeg_fnirs_single_trial,subject_27,eeg_fnirs_single_trial__subject_27__session_00__prefrontal__w8,train,RMI,17.74,0,3.620846412569921
eeg_fnirs_single_trial,subject_27,eeg_fnirs_single_trial__subject_27__session_00__prefrontal__w8,train,RMI,18.36,0,3.1536126038481207
eeg_fnirs_single_trial,subject_27,eeg_fnirs_single_trial__subject_27__session_00__prefrontal__w8,train,RMI,19.5,0,4.291975697750749
eeg_fnirs_single_trial,subject_27,eeg_fnirs_single_trial__subject_27__session_00__prefrontal__w8,train,RMI,20.98,0,3.916673005602962
eeg_fnirs_single_trial,subject_27,eeg_fnirs_single_trial__subject_27__session_00__prefrontal__w8,train,RMI,21.82,0,-4.994049129386939
eeg_fnirs_single_trial,subject_27,eeg_fnirs_single_trial__subject_27__session_00__prefrontal__w8,train,RMI,22.32,0,5.681174658593811
eeg_fnirs_single_trial,subject_27,eeg_fnirs_single_trial__subject_27__session_00__prefrontal__w8,train,RMI,23.9,0,13.18574922567739
eeg_fnirs_single_trial,subject_27,eeg_fnirs_single_trial__subject_27__session_00__prefrontal__w8,train,RMI,27.9,0,3.5747628722270175
eeg_fnirs_single_trial,subject_27,eeg_fnirs_single_trial__subject_27__session_00__prefrontal__w8,train,RMI,7.34,1,-17.129462738536095
eeg_fnirs_single_trial,subject_27,eeg_fnirs_single_trial__subject_27__session_00__prefrontal__w8,train,RMI,8.0,1,4.18658196768054
eeg_fnirs_single_trial,subject_27,eeg_fnirs_single_trial__subject_27__session_00__prefrontal__w8,train,RMI,8.72,1,-6.400609937873218
eeg_fnirs_single_trial,subject_27,eeg_fnirs_single_trial__subject_27__session_00__prefrontal__w8,train,RMI,10.2,1,17.298799836733814
eeg_fnirs_single_trial,subject_27,eeg_fnirs_single_trial__subject_27__session_00__prefrontal__w8,train,RMI,11.46,1,-4.922089473557231
eeg_fnirs_single_trial,subject_27,eeg_fnirs_single_trial__subject_27__session_00__prefrontal__w8,train,RMI,12.76,1,3.850344320976658
eeg_fnirs_single_trial,subject_27,eeg_fnirs_single_trial__subject_27__session_00__prefrontal__w8,train,RMI,18.38,1,-3.612880772437124
eeg_fnirs_single_trial,subject_27,eeg_fnirs_single_trial__subject_27__session_00__prefrontal__w8,train,RMI,19.38,1,-6.443795362861978
eeg_fnirs_single_trial,subject_27,eeg_fnirs_single_trial__subject_27__session_00__prefrontal__w8,train,RMI,20.14,1,9.988735713080382
eeg_fnirs_single_trial,subject_27,eeg_fnirs_single_trial__subject_27__session_00__prefrontal__w8,train,RMI,21.48,1,8.977919201091224
eeg_fnirs_single_trial,subject_27,eeg_fnirs_single_trial__subject_27__session_00__prefrontal__w8,train,RMI,21.98,1,7.301911115800627
eeg_fnirs_single_trial,subject_27,eeg_fnirs_single_trial__subject_27__session_00__prefrontal__w8,train,RMI,22.5,1,-8.413932007571347
eeg_fnirs_single_trial,subject_27,eeg_fnirs_single_trial__subject_27__session_00__prefrontal__w8,train,RMI,23.0,1,5.174944181156314
eeg_fnirs_single_trial,subject_27,eeg_fnirs_single_trial__subject_27__session_00__prefrontal__w8,train,RMI,24.72,1,-16.616273360901104
eeg_fnirs_single_trial,subject_27,eeg_fnirs_single_trial__subject_27__session_00__prefrontal__w8,train,RMI,25.62,1,15.45811558082895
eeg_fnirs_single_trial,subject_27,eeg_fnirs_single_trial__subject_27__session_00__prefrontal__w8,train,RMI,28.06,1,5.9480924865196805
eeg_fnirs_single_trial,subject_27,eeg_fnirs_single_trial__subject_27__session_00__prefrontal__w10,train,LMI,6.8,0,3.4121631172266182
eeg_fnirs_single_trial,subject_27,eeg_fnirs_single_trial__subject_27__session_00__prefrontal__w10,train,LMI,9.1,0,3.5204119044933573
eeg_fnirs_single_trial,subject_27,eeg_fnirs_single_trial__subject_27__session_00__prefrontal__w10,train,LMI,11.0,0,3.5481994998469726
eeg_fnirs_single_trial,subject_27,eeg_fnirs_single_trial__subject_27__session_00__prefrontal__w10,train,LMI,12.48,0,4.182732700996264
eeg_fnirs_single_trial,subject_27,eeg_fnirs_single_trial__subject_27__session_00__prefrontal__w10,train,LMI,13.8,0,3.5216195930532637
eeg_fnirs_single_trial,subject_27,eeg_fnirs_single_trial__subject_27__session_00__prefrontal__w10,train,LMI,18.66,0,3.63759450402173
eeg_fnirs_single_trial,subject_27,eeg_fnirs_single_trial__subject_27__session_00__prefrontal__w10,train,LMI,19.36,0,3.873364386481168
eeg_fnirs_single_trial,subject_27,eeg_fnirs_single_trial__subject_27__session_00__prefrontal__w10,train,LMI,20.6,0,5.292016073657653
eeg_fnirs_single_trial,subject_27,eeg_fnirs_single_trial__subject_27__session_00__prefrontal__w10,train,LMI,21.84,0,13.699916670896544
eeg_fnirs_single_trial,subject_27,eeg_fnirs_single_trial__subject_27__session_00__prefrontal__w10,train,LMI,22.7,0,-4.751164690078274
eeg_fnirs_single_trial,subject_27,eeg_fnirs_single_trial__subject_27__session_00__prefrontal__w10,train,LMI,23.74,0,5.179182651807171
eeg_fnirs_single_trial,subject_27,eeg_fnirs_single_trial__subject_27__session_00__prefrontal__w10,train,LMI,25.42,0,3.5123568742076476
eeg_fnirs_single_trial,subject_27,eeg_fnirs_single_trial__subject_27__session_00__prefrontal__w10,train,LMI,26.7,0,3.0444497143176976
eeg_fnirs_single_trial,subject_27,eeg_fnirs_single_trial__subject_27__session_00__prefrontal__w10,train,LMI,27.62,0,3.2903308968821197
eeg_fnirs_single_trial,subject_27,eeg_fnirs_single_trial__subject_27__session_00__prefrontal__w10,train,LMI,28.42,0,3.0107953963813157
eeg_fnirs_single_trial,subject_27,eeg_fnirs_single_trial__subject_27__session_00__prefrontal__w10,train,LMI,4.08,1,10.345428970917858
eeg_fnirs_single_trial,subject_27,eeg_fnirs_single_trial__subject_27__session_00__prefrontal__w10,train,LMI,5.14,1,-10.403379637910444
eeg_fnirs_single_trial,subject_27,eeg_fnirs_single_trial__subject_27__session_00__prefrontal__w10,train,LMI,8.5,1,-8.802865499109796
eeg_fnirs_single_trial,subject_27,eeg_fnirs_single_trial__subject_27__session_00__prefrontal__w10,train,LMI,9.16,1,3.4404963725336497
eeg_fnirs_single_trial,subject_27,eeg_fnirs_single_trial__subject_27__session_00__prefrontal__w10,train,LMI,10.96,1,-3.500358873167636
eeg_fnirs_single_trial,subject_27,eeg_fnirs_single_trial__subject_27__session_00__prefrontal__w10,train,LMI,12.48,1,-3.004544494335176
eeg_fnirs_single_trial,subject_27,eeg_fnirs_single_trial__subject_27__session_00__prefrontal__w10,train,LMI,13.9,1,6.768334636700409
eeg_fnirs_single_trial,subject_27,eeg_fnirs_single_trial__subject_27__session_00__prefrontal__w10,train,LMI,14.5,1,-7.080092591716464
eeg_fnirs_single_trial,subject_27,eeg_fnirs_single_trial__subject_27__session_00__prefrontal__w10,train,LMI,15.24,1,13.649993958475035
eeg_fnirs_single_trial,subject_27,eeg_fnirs_single_trial__subject_27__session_00__prefrontal__w10,train,LMI,19.3,1,3.8598975951455663
eeg_fnirs_single_trial,subject_27,eeg_fnirs_single_trial__subject_27__session_00__prefrontal__w10,train,LMI,19.84,1,-5.764217324946517
eeg_fnirs_single_trial,subject_27,eeg_fnirs_single_trial__subject_27__session_00__prefrontal__w10,train,LMI,20.6,1,-4.824918758958726
eeg_fnirs_single_trial,subject_27,eeg_fnirs_single_trial__subject_27__session_00__prefrontal__w10,train,LMI,21.9,1,18.543995364337032
eeg_fnirs_single_trial,subject_27,eeg_fnirs_single_trial__subject_27__session_00__prefrontal__w10,train,LMI,23.7,1,4.2868945120427835
eeg_fnirs_single_trial,subject_27,eeg_fnirs_single_trial__subject_27__session_00__prefrontal__w10,train,LMI,24.26,1,-9.372183253010888
eeg_fnirs_single_trial,subject_27,eeg_fnirs_single_trial__subject_27__session_00__prefrontal__w10,train,LMI,24.76,1,13.904027759522943
eeg_fnirs_single_trial,subject_27,eeg_fnirs_single_trial__subject_27__session_00__prefrontal__w10,train,LMI,25.28,1,-27.89063057690717
eeg_fnirs_single_trial,subject_27,eeg_fnirs_single_trial__subject_27__session_00__prefrontal__w10,train,LMI,26.04,1,-4.768551765738353
eeg_fnirs_single_trial,subject_27,eeg_fnirs_single_trial__subject_27__session_00__prefrontal__w10,train,LMI,26.82,1,-3.3459746146884513
eeg_fnirs_single_trial,subject_27,eeg_fnirs_single_trial__subject_27__session_00__prefrontal__w12,train,LMI,0.84,0,3.096088235660372
eeg_fnirs_single_trial,subject_27,eeg_fnirs_single_trial__subject_27__session_00__prefrontal__w12,train,LMI,2.88,0,5.857494944719562
eeg_fnirs_single_trial,subject_27,eeg_fnirs_single_trial__subject_27__session_00__prefrontal__w12,train,LMI,6.3,0,4.059540386068292
eeg_fnirs_single_trial,subject_27,eeg_fnirs_single_trial__subject_27__session_00__prefrontal__w12,train,LMI,7.54,0,3.0163439526473934
eeg_fnirs_single_trial,subject_27,eeg_fnirs_single_trial__subject_27__session_00__prefrontal__w12,train,LMI,8.06,0,-3.817024262179926
eeg_fnirs_single_trial,subject_27,eeg_fnirs_single_trial__subject_27__session_00__prefrontal__w12,train,LMI,8.6,0,3.1441657688689433
eeg_fnirs_single_trial,subject_27,eeg_fnirs_single_trial__subject_27__session_00__prefrontal__w12,train,LMI,12.92,0,20.885371985558404
eeg_fnirs_single_trial,subject_27,eeg_fnirs_single_trial__subject_27__session_00__prefrontal__w12,train,LMI,13.52,0,-3.8831167472727537
eeg_fnirs_single_trial,subject_27,eeg_fnirs_single_trial__subject_27__session_00__prefrontal__w12,train,LMI,15.06,0,3.6700653498842413
eeg_fnirs_single_trial,subject_27,eeg_fnirs_single_trial__subject_27__session_00__prefrontal__w12,train,LMI,16.44,0,4.448872852140264
eeg_fnirs_single_trial,subject_27,eeg_fnirs_single_trial__subject_27__session_00__prefrontal__w12,train,LMI,19.1,0,3.5843051188170483
eeg_fnirs_single_trial,subject_27,eeg_fnirs_single_trial__subject_27__session_00__prefrontal__w12,train,LMI,24.54,0,3.184508444550831
eeg_fnirs_single_trial,subject_27,eeg_fnirs_single_trial__subject_27__session_00__prefrontal__w12,train,LMI,25.92,0,5.27707640254263
eeg_fnirs_single_trial,subject_27,eeg_fnirs_single_trial__subject_27__session_00__prefrontal__w12,train,LMI,26.72,0,-10.304611706651999
eeg_fnirs_single_trial,subject_27,eeg_fnirs_single_trial__subject_27__session_00__prefrontal__w12,train,LMI,2.94,1,3.9141487118857587
eeg_fnirs_single_trial,subject_27,eeg_fnirs_single_trial__subject_27__session_00__prefrontal__w12,train,LMI,8.68,1,9.629518494772102
eeg_fnirs_single_trial,subject_27,eeg_fnirs_single_trial__subject_27__session_00__prefrontal__w12,train,LMI,9.48,1,3.213847163328407
eeg_fnirs_single_trial,subject_27,eeg_fnirs_single_trial__subject_27__session_00__prefrontal__w12,train,LMI,10.92,1,-3.0295227683857004
eeg_fnirs_single_trial,subject_27,eeg_fnirs_single_trial__subject_27__session_00__prefrontal__w12,train,LMI,12.56,1,3.88624955439707
eeg_fnirs_single_trial,subject_27,eeg_fnirs_single_trial__subject_27__session_00__prefrontal__w12,train,LMI,15.02,1,5.72781135986945
eeg_fnirs_single_trial,subject_27,eeg_fnirs_single_trial__subject_27__session_00__prefrontal__w12,train,LMI,16.52,1,4.1859244650191645
eeg_fnirs_single_trial,subject_27,eeg_fnirs_single_trial__subject_27__session_00__prefrontal__w12,train,LMI,18.24,1,3.4916997704081036
eeg_fnirs_single_trial,subject_27,eeg_fnirs_single_trial__subject_27__session_00__prefrontal__w12,train,LMI,19.14,1,3.7144065725961326
eeg_fnirs_single_trial,subject_27,eeg_fnirs_single_trial__subject_27__session_00__prefrontal__w12,train,LMI,25.78,1,-3.9958325770256145
eeg_fnirs_single_trial,subject_27,eeg_fnirs_single_trial__subject_27__session_00__prefrontal__w12,train,LMI,26.52,1,6.123747718244085
eeg_fnirs_single_trial,subject_27,eeg_fnirs_single_trial__subject_27__session_00__prefrontal__w14,train,RMI,2.3,0,3.1232167436837277
eeg_fnirs_single_trial,subject_27,eeg_fnirs_single_trial__subject_27__session_00__prefrontal__w14,train,RMI,4.86,0,3.8636273885977253
eeg_fnirs_single_trial,subject_27,eeg_fnirs_single_trial__subject_27__session_00__prefrontal__w14,train,RMI,6.26,0,3.0131694652687098
eeg_fnirs_single_trial,subject_27,eeg_fnirs_single_trial__subject_27__session_00__prefrontal__w14,train,RMI,7.58,0,3.486490711395114
eeg_fnirs_single_trial,subject_27,eeg_fnirs_single_trial__subject_27__session_00__prefrontal__w14,train,RMI,8.6,0,3.4885943890930915
eeg_fnirs_single_trial,subject_27,eeg_fnirs_single_trial__subject_27__session_00__prefrontal__w14,train,RMI,12.58,0,3.736875894800501
eeg_fnirs_single_trial,subject_27,eeg_fnirs_single_trial__subject_27__session_00__prefrontal__w14,train,RMI,14.48,0,3.5942657801401725
eeg_fnirs_single_trial,subject_27,eeg_fnirs_single_trial__subject_27__session_00__prefrontal__w14,train,RMI,15.04,0,5.4234019486179434
eeg_fnirs_single_trial,subject_27,eeg_fnirs_single_trial__subject_27__session_00__prefrontal__w14,train,RMI,15.82,0,-13.677128288781816
eeg_fnirs_single_trial,subject_27,eeg_fnirs_single_trial__subject_27__session_00__prefrontal__w14,train,RMI,16.48,0,6.401282755083663
eeg_fnirs_single_trial,subject_27,eeg_fnirs_single_trial__subject_27__session_00__prefrontal__w14,train,RMI,17.02,0,-6.701026451187668
eeg_fnirs_single_trial,subject_27,eeg_fnirs_single_trial__subject_27__session_00__prefrontal__w14,train,RMI,17.6,0,3.8266145828523253
eeg_fnirs_single_trial,subject_27,eeg_fnirs_single_trial__subject_27__session_00__prefrontal__w14,train,RMI,18.2,0,3.239260828946505
eeg_fnirs_single_trial,subject_27,eeg_fnirs_single_trial__subject_27__session_00__prefrontal__w14,train,RMI,19.58,0,4.193738742788696
eeg_fnirs_single_trial,subject_27,eeg_fnirs_single_trial__subject_27__session_00__prefrontal__w14,train,RMI,20.86,0,3.8813770860141203
eeg_fnirs_single_trial,subject_27,eeg_fnirs_single_trial__subject_27__session_00__prefrontal__w14,train,RMI,27.34,0,3.4416884879039547
eeg_fnirs_single_trial,subject_27,eeg_fnirs_single_trial__subject_27__session_00__prefrontal__w14,train,RMI,28.14,0,-3.1751003390529213
eeg_fnirs_single_trial,subject_27,eeg_fnirs_single_trial__subject_27__session_00__prefrontal__w14,train,RMI,28.68,0,3.3849462346240253
eeg_fnirs_single_trial,subject_27,eeg_fnirs_single_trial__subject_27__session_00__prefrontal__w14,train,RMI,3.48,1,-3.3242601188550003
eeg_fnirs_single_trial,subject_27,eeg_fnirs_single_trial__subject_27__session_00__prefrontal__w14,train,RMI,6.36,1,5.102238388980391
eeg_fnirs_single_trial,subject_27,eeg_fnirs_single_trial__subject_27__session_00__prefrontal__w14,train,RMI,7.68,1,-3.137309706248053
eeg_fnirs_single_trial,subject_27,eeg_fnirs_single_trial__subject_27__session_00__prefrontal__w14,train,RMI,10.96,1,-5.16249369479847
eeg_fnirs_single_trial,subject_27,eeg_fnirs_single_trial__subject_27__session_00__prefrontal__w14,train,RMI,13.28,1,3.21265074486948
eeg_fnirs_single_trial,subject_27,eeg_fnirs_single_trial__subject_27__session_00__prefrontal__w14,train,RMI,16.0,1,21.65796939945791
eeg_fnirs_single_trial,subject_27,eeg_fnirs_single_trial__subject_27__session_00__prefrontal__w14,train,RMI,17.64,1,6.070711135072112
eeg_fnirs_single_trial,subject_27,eeg_fnirs_single_trial__subject_27__session_00__prefrontal__w14,train,RMI,20.02,1,10.397482564813448
eeg_fnirs_single_trial,subject_27,eeg_fnirs_single_trial__subject_27__session_00__prefrontal__w14,train,RMI,20.78,1,-6.481208879529042
eeg_fnirs_single_trial,subject_27,eeg_fnirs_single_trial__subject_27__session_00__prefrontal__w14,train,RMI,22.76,1,3.228332692885634
eeg_fnirs_single_trial,subject_27,eeg_fnirs_single_trial__subject_27__session_00__prefrontal__w14,train,RMI,28.92,1,3.372795581198122
eeg_fnirs_single_trial,subject_27,eeg_fnirs_single_trial__subject_27__session_00__prefrontal__w14,train,RMI,29.42,1,-9.5727978139553
eeg_fnirs_single_trial,subject_28,eeg_fnirs_single_trial__subject_28__session_00__prefrontal__w0,evaluate,LMI,0.18,0,5.746491676869359
eeg_fnirs_single_trial,subject_28,eeg_fnirs_single_trial__subject_28__session_00__prefrontal__w0,evaluate,LMI,2.86,0,4.121653583323826
eeg_fnirs_single_trial,subject_28,eeg_fnirs_single_trial__subject_28__session_00__prefrontal__w0,evaluate,LMI,3.88,0,5.046147819691864
eeg_fnirs_single_trial,subject_28,eeg_fnirs_single_trial__subject_28__session_00__prefrontal__w0,evaluate,LMI,14.24,0,5.1272787040185
eeg_fnirs_single_trial,subject_28,eeg_fnirs_single_trial__subject_28__session_00__prefrontal__w0,evaluate,LMI,16.06,0,4.444254976444675
eeg_fnirs_single_trial,subject_28,eeg_fnirs_single_trial__subject_28__session_00__prefrontal__w0,evaluate,LMI,19.3,0,4.925622066681376
eeg_fnirs_single_trial,subject_28,eeg_fnirs_single_trial__subject_28__session_00__prefrontal__w0,evaluate,LMI,21.66,0,4.633953817296246
eeg_fnirs_single_trial,subject_28,eeg_fnirs_single_trial__subject_28__session_00__prefrontal__w0,evaluate,LMI,23.2,0,4.64627969703074
eeg_fnirs_single_trial,subject_28,eeg_fnirs_single_trial__subject_28__session_00__prefrontal__w0,evaluate,LMI,24.58,0,4.597573478706837
eeg_fnirs_single_trial,subject_28,eeg_fnirs_single_trial__subject_28__session_00__prefrontal__w0,evaluate,LMI,27.02,0,4.817868606237861
eeg_fnirs_single_trial,subject_28,eeg_fnirs_single_trial__subject_28__session_00__prefrontal__w0,evaluate,LMI,0.14,1,3.674093226764798
eeg_fnirs_single_trial,subject_28,eeg_fnirs_single_trial__subject_28__session_00__prefrontal__w0,evaluate,LMI,3.84,1,3.623520948474611
eeg_fnirs_single_trial,subject_28,eeg_fnirs_single_trial__subject_28__session_00__prefrontal__w0,evaluate,LMI,14.2,1,4.56500074390886
eeg_fnirs_single_trial,subject_28,eeg_fnirs_single_trial__subject_28__session_00__prefrontal__w0,evaluate,LMI,16.04,1,3.4679047542711117
eeg_fnirs_single_trial,subject_28,eeg_fnirs_single_trial__subject_28__session_00__prefrontal__w0,evaluate,LMI,23.18,1,3.10381035815504
eeg_fnirs_single_trial,subject_28,eeg_fnirs_single_trial__subject_28__session_00__prefrontal__w0,evaluate,LMI,27.08,1,-3.6224753336872957
eeg_fnirs_single_trial,subject_28,eeg_fnirs_single_trial__subject_28__session_00__prefrontal__w2,evaluate,LMI,0.66,0,4.434156337304329
eeg_fnirs_single_trial,subject_28,eeg_fnirs_single_trial__subject_28__session_00__prefrontal__w2,evaluate,LMI,3.88,0,4.893364283572725
eeg_fnirs_single_trial,subject_28,eeg_fnirs_single_trial__subject_28__session_00__prefrontal__w2,evaluate,LMI,8.64,0,4.700041614827974
eeg_fnirs_single_trial,subject_28,eeg_fnirs_single_trial__subject_28__session_00__prefrontal__w2,evaluate,LMI,10.7,0,4.835271433529202
eeg_fnirs_single_trial,subject_28,eeg_fnirs_single_trial__subject_28__session_00__prefrontal__w2,evaluate,LMI,16.08,0,4.385544221924063
eeg_fnirs_single_trial,subject_28,eeg_fnirs_single_trial__subject_28__session_00__prefrontal__w2,evaluate,LMI,19.2,0,4.41547743358552
eeg_fnirs_single_trial,subject_28,eeg_fnirs_single_trial__subject_28__session_00__prefrontal__w2,evaluate,LMI,21.88,0,4.92067685566656
eeg_fnirs_single_trial,subject_28,eeg_fnirs_single_trial__subject_28__session_00__prefrontal__w2,evaluate,LMI,23.48,0,4.754657761278674
eeg_fnirs_single_trial,subject_28,eeg_fnirs_single_trial__subject_28__session_00__prefrontal__w2,evaluate,LMI,27.26,0,4.71164068615487
eeg_fnirs_single_trial,subject_28,eeg_fnirs_single_trial__subject_28__session_00__prefrontal__w2,evaluate,LMI,28.92,0,4.3235326560611975
eeg_fnirs_single_trial,subject_28,eeg_fnirs_single_trial__subject_28__session_00__prefrontal__w2,evaluate,LMI,8.6,1,4.425046650203594
eeg_fnirs_single_trial,subject_28,eeg_fnirs_single_trial__subject_28__session_00__prefrontal__w2,evaluate,LMI,19.16,1,3.5812589469305562
eeg_fnirs_single_trial,subject_28,eeg_fnirs_single_trial__subject_28__session_00__prefrontal__w2,evaluate,LMI,21.94,1,-3.6353160362790247
eeg_fnirs_single_trial,subject_28,eeg_fnirs_single_trial__subject_28__session_00__prefrontal__w2,evaluate,LMI,27.24,1,3.521324730027124
eeg_fnirs_single_trial,subject_28,eeg_fnirs_single_trial__subject_28__session_00__prefrontal__w2,evaluate,LMI,28.9,1,3.120878878422047
eeg_fnirs_single_trial,subject_28,eeg_fnirs_single_trial__subject_28__session_00__prefrontal__w4,evaluate,RMI,4.0,0,4.820410367663935
eeg_fnirs_single_trial,subject_28,eeg_fnirs_single_trial__subject_28__session_00__prefrontal__w4,evaluate,RMI,9.46,0,5.000838456714859
eeg_fnirs_single_trial,subject_28,eeg_fnirs_single_trial__subject_28__session_00__prefrontal__w4,evaluate,RMI,11.56,0,5.090487389108776
eeg_fnirs_single_trial,subject_28,eeg_fnirs_single_trial__subject_28__session_00__prefrontal__w4,evaluate,RMI,13.14,0,5.091207180191716
eeg_fnirs_single_trial,subject_28,eeg_fnirs_single_trial__subject_28__session_00__prefrontal__w4,evaluate,RMI,15.92,0,4.622873124904967
eeg_fnirs_single_trial,subject_28,eeg_fnirs_single_trial__subject_28__session_00__prefrontal__w4,evaluate,RMI,18.96,0,4.171828035490546
eeg_fnirs_single_trial,subject_28,eeg_fnirs_single_trial__subject_28__session_00__prefrontal__w4,evaluate,RMI,21.24,0,5.011351950927913
eeg_fnirs_single_trial,subject_28,eeg_fnirs_single_trial__subject_28__session_00__prefrontal__w4,evaluate,RMI,25.94,0,3.988956652102304
eeg_fnirs_single_trial,subject_28,eeg_fnirs_single_trial__subject_28__session_00__prefrontal__w4,evaluate,RMI,27.48,0,5.092856441851002
eeg_fnirs_single_trial,subject_28,eeg_fnirs_single_trial__subject_28__session_00__prefrontal__w4,evaluate,RMI,29.08,0,4.887283190608987
eeg_fnirs_single_trial,subject_28,eeg_fnirs_single_trial__subject_28__session_00__prefrontal__w4,evaluate,RMI,3.48,1,-3.134875411509259
eeg_fnirs_single_trial,subject_28,eeg_fnirs_single_trial__subject_28__session_00__prefrontal__w4,evaluate,RMI,3.98,1,4.424652890110498
eeg_fnirs_single_trial,subject_28,eeg_fnirs_single_trial__subject_28__session_00__prefrontal__w4,evaluate,RMI,9.44,1,4.457316292507173
eeg_fnirs_single_trial,subject_28,eeg_fnirs_single_trial__subject_28__session_00__prefrontal__w4,evaluate,RMI,15.9,1,4.393689205943351
eeg_fnirs_single_trial,subject_28,eeg_fnirs_single_trial__subject_28__session_00__prefrontal__w4,evaluate,RMI,18.92,1,3.0444190518825955
eeg_fnirs_single_trial,subject_28,eeg_fnirs_single_trial__subject_28__session_00__prefrontal__w4,evaluate,RMI,21.32,1,-3.5000299605206386
eeg_fnirs_single_trial,subject_28,eeg_fnirs_single_trial__subject_28__session_00__prefrontal__w4,evaluate,RMI,25.92,1,4.734383105988866
eeg_fnirs_single_trial,subject_28,eeg_fnirs_single_trial__subject_28__session_00__prefrontal__w4,evaluate,RMI,27.46,1,3.5023798039687724
eeg_fnirs_single_trial,subject_28,eeg_fnirs_single_trial__subject_28__session_00__prefrontal__w4,evaluate,RMI,29.02,1,4.171453528733003
eeg_fnirs_single_trial,subject_28,eeg_fnirs_single_trial__subject_28__session_00__prefrontal__w6,evaluate,LMI,0.22,0,4.49596046508888
eeg_fnirs_single_trial,subject_28,eeg_fnirs_single_trial__subject_28__session_00__prefrontal__w6,evaluate,LMI,3.76,0,4.999285297240598
eeg_fnirs_single_trial,subject_28,eeg_fnirs_single_trial__subject_28__session_00__prefrontal__w6,evaluate,LMI,12.0,0,4.469893628486607
eeg_fnirs_single_trial,subject_28,eeg_fnirs_single_trial__subject_28__session_00__prefrontal__w6,evaluate,LMI,14.7,0,4.344737296981209
eeg_fnirs_single_trial,subject_28,eeg_fnirs_single_trial__subject_28__session_00__prefrontal__w6,evaluate,LMI,16.02,0,3.9438858402500374
eeg_fnirs_single_trial,subject_28,eeg_fnirs_single_trial__subject_28__session_00__prefrontal__w6,evaluate,LMI,18.8,0,4.6119809741486995
eeg_fnirs_single_trial,subject_28,eeg_fnirs_single_trial__subject_28__session_00__prefrontal__w6,evaluate,LMI,21.46,0,4.457157076025593
eeg_fnirs_single_trial,subject_28,eeg_fnirs_single_trial__subject_28__session_00__prefrontal__w6,evaluate,LMI,23.8,0,3.850747229764153
eeg_fnirs_single_trial,subject_28,eeg_fnirs_single_trial__subject_28__session_00__prefrontal__w6,evaluate,LMI,26.86,0,4.882769574906456
eeg_fnirs_single_trial,subject_28,eeg_fnirs_single_trial__subject_28__session_00__prefrontal__w6,evaluate,LMI,29.42,0,4.519254402723091
eeg_fnirs_single_trial,subject_28,eeg_fnirs_single_trial__subject_28__session_00__prefrontal__w6,evaluate,LMI,0.2,1,3.4437603833065875
eeg_fnirs_single_trial,subject_28,eeg_fnirs_single_trial__subject_28__session_00__prefrontal__w6,evaluate,LMI,11.96,1,3.8469356356032396
eeg_fnirs_single_trial,subject_28,eeg_fnirs_single_trial__subject_28__session_00__prefrontal__w6,evaluate,LMI,14.66,1,3.9234487681773182
eeg_fnirs_single_trial,subject_28,eeg_fnirs_single_trial__subject_28__session_00__prefrontal__w6,evaluate,LMI,18.78,1,3.3205902715154116
eeg_fnirs_single_trial,subject_28,eeg_fnirs_single_trial__subject_28__session_00__prefrontal__w6,evaluate,LMI,21.42,1,3.4483042665997554
eeg_fnirs_single_trial,subject_28,eeg_fnirs_single_trial__subject_28__session_00__prefrontal__w6,evaluate,LMI,23.76,1,3.486978247485191
eeg_fnirs_single_trial,subject_28,eeg_fnirs_single_trial__subject_28__session_00__prefrontal__w6,evaluate,LMI,26.84,1,3.2617754142297795
eeg_fnirs_single_trial,subject_28,eeg_fnirs_single_trial__subject_28__session_00__prefrontal__w8,evaluate,LMI,1.7,0,4.068728779954117
eeg_fnirs_single_trial,subject_28,eeg_fnirs_single_trial__subject_28__session_00__prefrontal__w8,evaluate,LMI,3.74,0,4.747911768426983
eeg_fnirs_single_trial,subject_28,eeg_fnirs_single_trial__subject_28__session_00__prefrontal__w8,evaluate,LMI,8.06,0,3.716622037019083
eeg_fnirs_single_trial,subject_28,eeg_fnirs_single_trial__subject_28__session_00__prefrontal__w8,evaluate,LMI,12.32,0,4.0252087397091305
eeg_fnirs_single_trial,subject_28,eeg_fnirs_single_trial__subject_28__session_00__prefrontal__w8,evaluate,LMI,15.96,0,4.341435505222602
eeg_fnirs_single_trial,subject_28,eeg_fnirs_single_trial__subject_28__session_00__prefrontal__w8,evaluate,LMI,17.62,0,3.5822832829129494
eeg_fnirs_single_trial,subject_28,eeg_fnirs_single_trial__subject_28__session_00__prefrontal__w8,evaluate,LMI,18.8,0,4.226622522857974
eeg_fnirs_single_trial,subject_28,eeg_fnirs_single_trial__subject_28__session_00__prefrontal__w8,evaluate,LMI,20.0,0,3.697134685113725
eeg_fnirs_single_trial,subject_28,eeg_fnirs_single_trial__subject_28__session_00__prefrontal__w8,evaluate,LMI,20.94,0,4.2513249203731185
eeg_fnirs_single_trial,subject_28,eeg_fnirs_single_trial__subject_28__session_00__prefrontal__w8,evaluate,LMI,22.36,0,4.307935802789958
eeg_fnirs_single_trial,subject_28,eeg_fnirs_single_trial__subject_28__session_00__prefrontal__w8,evaluate,LMI,25.54,0,3.055314724347279
eeg_fnirs_single_trial,subject_28,eeg_fnirs_single_trial__subject_28__session_00__prefrontal__w8,evaluate,LMI,28.78,0,4.26376477485311
eeg_fnirs_single_trial,subject_28,eeg_fnirs_single_trial__subject_28__session_00__prefrontal__w8,evaluate,LMI,1.66,1,3.0693395555289302
eeg_fnirs_single_trial,subject_28,eeg_fnirs_single_trial__subject_28__session_00__prefrontal__w8,evaluate,LMI,3.7,1,3.97238780275338
eeg_fnirs_single_trial,subject_28,eeg_fnirs_single_trial__subject_28__session_00__prefrontal__w8,evaluate,LMI,12.28,1,3.4867304151940997
eeg_fnirs_single_trial,subject_28,eeg_fnirs_single_trial__subject_28__session_00__prefrontal__w8,evaluate,LMI,15.92,1,3.1150095996081504
eeg_fnirs_single_trial,subject_28,eeg_fnirs_single_trial__subject_28__session_00__prefrontal__w8,evaluate,LMI,18.76,1,3.124538540001023
eeg_fnirs_single_trial,subject_28,eeg_fnirs_single_trial__subject_28__session_00__prefrontal__w10,evaluate,RMI,0.24,0,4.293923443840901
eeg_fnirs_single_trial,subject_28,eeg_fnirs_single_trial__subject_28__session_00__prefrontal__w10,evaluate,RMI,3.84,0,4.31349863394848
eeg_fnirs_single_trial,subject_28,eeg_fnirs_single_trial__subject_28__session_00__prefrontal__w10,evaluate,RMI,13.42,0,4.545174789230449
eeg_fnirs_single_trial,subject_28,eeg_fnirs_single_trial__subject_28__session_00__prefrontal__w10,evaluate,RMI,15.92,0,4.378151311906839
eeg_fnirs_single_trial,subject_28,eeg_fnirs_single_trial__subject_28__session_00__prefrontal__w10,evaluate,RMI,17.76,0,4.41297477992539
eeg_fnirs_single_trial,subject_28,eeg_fnirs_single_trial__subject_28__session_00__prefrontal__w10,evaluate,RMI,19.86,0,4.124865381268099
eeg_fnirs_single_trial,subject_28,eeg_fnirs_single_trial__subject_28__session_00__prefrontal__w10,evaluate,RMI,21.88,0,4.848097290713831
eeg_fnirs_single_trial,subject_28,eeg_fnirs_single_trial__subject_28__session_00__prefrontal__w10,evaluate,RMI,23.7,0,4.600052208615846
eeg_fnirs_single_trial,subject_28,eeg_fnirs_single_trial__subject_28__session_00__prefrontal__w10,evaluate,RMI,25.42,0,4.8286218758788975
eeg_fnirs_single_trial,subject_28,eeg_fnirs_single_trial__subject_28__session_00__prefrontal__w10,evaluate,RMI,27.82,0,4.699656685701843
eeg_fnirs_single_trial,subject_28,eeg_fnirs_single_trial__subject_28__session_00__prefrontal__w10,evaluate,RMI,28.66,0,-3.1995131383619633
eeg_fnirs_single_trial,subject_28,eeg_fnirs_single_trial__subject_28__session_00__prefrontal__w10,evaluate,RMI,0.22,1,3.3572913324517355
eeg_fnirs_single_trial,subject_28,eeg_fnirs_single_trial__subject_28__session_00__prefrontal__w10,evaluate,RMI,13.38,1,3.510506003637389
eeg_fnirs_single_trial,subject_28,eeg_fnirs_single_trial__subject_28__session_00__prefrontal__w10,evaluate,RMI,15.98,1,-3.4992786991788347
eeg_fnirs_single_trial,subject_28,eeg_fnirs_single_trial__subject_28__session_00__prefrontal__w10,evaluate,RMI,19.92,1,-3.002791127668129
eeg_fnirs_single_trial,subject_28,eeg_fnirs_single_trial__subject_28__session_00__prefrontal__w10,evaluate,RMI,21.82,1,3.1253202077487
eeg_fnirs_single_trial,subject_28,eeg_fnirs_single_trial__subject_28__session_00__prefrontal__w10,evaluate,RMI,23.66,1,3.1802719009447347
eeg_fnirs_single_trial,subject_28,eeg_fnirs_single_trial__subject_28__session_00__prefrontal__w10,evaluate,RMI,25.4,1,3.284923413692373
eeg_fnirs_single_trial,subject_28,eeg_fnirs_single_trial__subject_28__session_00__prefrontal__w10,evaluate,RMI,27.78,1,3.2764555857653646
eeg_fnirs_single_trial,subject_28,eeg_fnirs_single_trial__subject_28__session_00__prefrontal__w10,evaluate,RMI,29.38,1,-4.947945574051494
eeg_fnirs_single_trial,subject_28,eeg_fnirs_single_trial__subject_28__session_00__prefrontal__w12,evaluate,RMI,3.6,0,4.080364222406922
eeg_fnirs_single_trial,subject_28,eeg_fnirs_single_trial__subject_28__session_00__prefrontal__w12,evaluate,RMI,13.54,0,4.216153508887358
eeg_fnirs_single_trial,subject_28,eeg_fnirs_single_trial__subject_28__session_00__prefrontal__w12,evaluate,RMI,16.0,0,3.9805638590167187
eeg_fnirs_single_trial,subject_28,eeg_fnirs_single_trial__subject_28__session_00__prefrontal__w12,evaluate,RMI,16.94,0,4.078542202165644
eeg_fnirs_single_trial,subject_28,eeg_fnirs_single_trial__subject_28__session_00__prefrontal__w12,evaluate,RMI,22.18,0,4.24900232243019
eeg_fnirs_single_trial,subject_28,eeg_fnirs_single_trial__subject_28__session_00__prefrontal__w12,evaluate,RMI,24.8,0,3.788078395099209
eeg_fnirs_single_trial,subject_28,eeg_fnirs_single_trial__subject_28__session_00__prefrontal__w12,evaluate,RMI,29.52,0,4.270764657869548
eeg_fnirs_single_trial,subject_28,eeg_fnirs_single_trial__subject_28__session_00__prefrontal__w12,evaluate,RMI,4.04,1,3.7377011780447154
eeg_fnirs_single_trial,subject_28,eeg_fnirs_single_trial__subject_28__session_00__prefrontal__w12,evaluate,RMI,13.52,1,3.526987125247313
eeg_fnirs_single_trial,subject_28,eeg_fnirs_single_trial__subject_28__session_00__prefrontal__w12,evaluate,RMI,15.98,1,3.8836686083117375
eeg_fnirs_single_trial,subject_28,eeg_fnirs_single_trial__subject_28__session_00__prefrontal__w12,evaluate,RMI,17.0,1,-3.0170490016864506
eeg_fnirs_single_trial,subject_28,eeg_fnirs_single_trial__subject_28__session_00__prefrontal__w12,evaluate,RMI,22.16,1,3.857239795356765
eeg_fnirs_single_trial,subject_28,eeg_fnirs_single_trial__subject_28__session_00__prefrontal__w12,evaluate,RMI,29.48,1,4.426336807746779
eeg_fnirs_single_trial,subject_28,eeg_fnirs_single_trial__subject_28__session_00__prefrontal__w14,evaluate,LMI,0.66,0,4.313063442622262
eeg_fnirs_single_trial,subject_28,eeg_fnirs_single_trial__subject_28__session_00__prefrontal__w14,evaluate,LMI,2.9,0,4.251246170939831
eeg_fnirs_single_trial,subject_28,eeg_fnirs_single_trial__subject_28__session_00__prefrontal__w14,evaluate,LMI,5.1,0,4.713938537642284
eeg_fnirs_single_trial,subject_28,eeg_fnirs_single_trial__subject_28__session_00__prefrontal__w14,evaluate,LMI,8.18,0,4.249861054931915
eeg_fnirs_single_trial,subject_28,eeg_fnirs_single_trial__subject_28__session_00__prefrontal__w14,evaluate,LMI,15.98,0,4.287404510069884
eeg_fnirs_single_trial,subject_28,eeg_fnirs_single_trial__subject_28__session_00__prefrontal__w14,evaluate,LMI,18.1,0,4.657464451417257
eeg_fnirs_single_trial,subject_28,eeg_fnirs_single_trial__subject_28__session_00__prefrontal__w14,evaluate,LMI,19.42,0,4.661424445344787
eeg_fnirs_single_trial,subject_28,eeg_fnirs_single_trial__subject_28__session_00__prefrontal__w14,evaluate,LMI,21.38,0,3.699670489920305
eeg_fnirs_single_trial,subject_28,eeg_fnirs_single_trial__subject_28__session_00__prefrontal__w14,evaluate,LMI,23.16,0,4.278220334012812
eeg_fnirs_single_trial,subject_28,eeg_fnirs_single_trial__subject_28__session_00__prefrontal__w14,evaluate,LMI,26.28,0,4.118941326506518
eeg_fnirs_single_trial,subject_28,eeg_fnirs_single_trial__subject_28__session_00__prefrontal__w14,evaluate,LMI,27.8,0,3.916446656214853
eeg_fnirs_single_trial,subject_28,eeg_fnirs_single_trial__subject_28__session_00__prefrontal__w14,evaluate,LMI,0.66,1,3.878796373998841
eeg_fnirs_single_trial,subject_28,eeg_fnirs_single_trial__subject_28__session_00__prefrontal__w14,evaluate,LMI,5.08,1,3.285252588601506
eeg_fnirs_single_trial,subject_28,eeg_fnirs_single_trial__subject_28__session_00__prefrontal__w14,evaluate,LMI,8.26,1,-9.385642073146391
eeg_fnirs_single_trial,subject_28,eeg_fnirs_single_trial__subject_28__session_00__prefrontal__w14,evaluate,LMI,11.18,1,-4.312120689727039
eeg_fnirs_single_trial,subject_28,eeg_fnirs_single_trial__subject_28__session_00__prefrontal__w14,evaluate,LMI,15.96,1,4.067766739591692
eeg_fnirs_single_trial,subject_28,eeg_fnirs_single_trial__subject_28__session_00__prefrontal__w14,evaluate,LMI,18.06,1,4.414031170594912
eeg_fnirs_single_trial,subject_28,eeg_fnirs_single_trial__subject_28__session_00__prefrontal__w14,evaluate,LMI,23.14,1,3.025748646307264
eeg_fnirs_single_trial,subject_28,eeg_fnirs_single_trial__subject_28__session_00__prefrontal__w14,evaluate,LMI,26.24,1,3.800436477392967
eeg_fnirs_single_trial,subject_28,eeg_fnirs_single_trial__subject_28__session_00__prefrontal__w14,evaluate,LMI,27.78,1,3.0700569121628716
eeg_fnirs_single_trial,subject_29,eeg_fnirs_single_trial__subject_29__session_00__prefrontal__w0,train,LMI,6.24,0,4.454626894459957
eeg_fnirs_single_trial,subject_29,eeg_fnirs_single_trial__subject_29__session_00__prefrontal__w0,train,LMI,8.78,0,3.6307985740725828
eeg_fnirs_single_trial,subject_29,eeg_fnirs_single_trial__subject_29__session_00__prefrontal__w0,train,LMI,10.8,0,3.4868380740937877
eeg_fnirs_single_trial,subject_29,eeg_fnirs_single_trial__subject_29__session_00__prefrontal__w0,train,LMI,12.54,0,3.4439622796711142
eeg_fnirs_single_trial,subject_29,eeg_fnirs_single_trial__subject_29__session_00__prefrontal__w0,train,LMI,13.9,0,3.403288165161651
eeg_fnirs_single_trial,subject_29,eeg_fnirs_single_trial__subject_29__session_00__prefrontal__w0,train,LMI,15.46,0,4.140342798152896
eeg_fnirs_single_trial,subject_29,eeg_fnirs_single_trial__subject_29__session_00__prefrontal__w0,train,LMI,16.84,0,5.216536256354081
eeg_fnirs_single_trial,subject_29,eeg_fnirs_single_trial__subject_29__session_00__prefrontal__w0,train,LMI,20.64,0,3.627956203105036
eeg_fnirs_single_trial,subject_29,eeg_fnirs_single_trial__subject_29__session_00__prefrontal__w0,train,LMI,22.08,0,3.899790625096331
eeg_fnirs_single_trial,subject_29,eeg_fnirs_single_trial__subject_29__session_00__prefrontal__w0,train,LMI,28.96,0,4.7109600008498225
eeg_fnirs_single_trial,subject_29,eeg_fnirs_single_trial__subject_29__session_00__prefrontal__w0,train,LMI,6.2,1,3.3226548843630592
eeg_fnirs_single_trial,subject_29,eeg_fnirs_single_trial__subject_29__session_00__prefrontal__w2,train,RMI,4.84,0,3.0197485271506737
eeg_fnirs_single_trial,subject_29,eeg_fnirs_single_trial__subject_29__session_00__prefrontal__w2,train,RMI,9.78,0,3.39597349469395
eeg_fnirs_single_trial,subject_29,eeg_fnirs_single_trial__subject_29__session_00__prefrontal__w2,train,RMI,13.06,0,4.1418901948750735
eeg_fnirs_single_trial,subject_29,eeg_fnirs_single_trial__subject_29__session_00__prefrontal__w2,train,RMI,15.8,0,3.684409452452434
eeg_fnirs_single_trial,subject_29,eeg_fnirs_single_trial__subject_29__session_00__prefrontal__w2,train,RMI,17.86,0,3.0472213360308955
eeg_fnirs_single_trial,subject_29,eeg_fnirs_single_trial__subject_29__session_00__prefrontal__w2,train,RMI,18.7,0,4.838020920924198
eeg_fnirs_single_trial,subject_29,eeg_fnirs_single_trial__subject_29__session_00__prefrontal__w2,train,RMI,20.62,0,-4.497289825913833
eeg_fnirs_single_trial,subject_29,eeg_fnirs_single_trial__subject_29__session_00__prefrontal__w2,train,RMI,23.06,0,4.663626981406502
eeg_fnirs_single_trial,subject_29,eeg_fnirs_single_trial__subject_29__session_00__prefrontal__w2,train,RMI,24.18,0,21.938841392802008
eeg_fnirs_single_trial,subject_29,eeg_fnirs_single_trial__subject_29__session_00__prefrontal__w2,train,RMI,9.22,1,-3.4641119713248876
eeg_fnirs_single_trial,subject_29,eeg_fnirs_single_trial__subject_29__session_00__prefrontal__w2,train,RMI,13.14,1,3.3110028176003237
eeg_fnirs_single_trial,subject_29,eeg_fnirs_single_trial__subject_29__session_00__prefrontal__w2,train,RMI,15.76,1,3.6603755423291595
eeg_fnirs_single_trial,subject_29,eeg_fnirs_single_trial__subject_29__session_00__prefrontal__w2,train,RMI,21.52,1,5.392384396452749
eeg_fnirs_single_trial,subject_29,eeg_fnirs_single_trial__subject_29__session_00__prefrontal__w2,train,RMI,23.02,1,7.3907174067313095
eeg_fnirs_single_trial,subject_29,eeg_fnirs_single_trial__subject_29__session_00__prefrontal__w2,train,RMI,23.6,1,-11.878957882634651
eeg_fnirs_single_trial,subject_29,eeg_fnirs_single_trial__subject_29__session_00__prefrontal__w2,train,RMI,24.14,1,18.859113901854506
eeg_fnirs_single_trial,subject_29,eeg_fnirs_single_trial__subject_29__session_00__prefrontal__w4,train,RMI,3.88,0,-14.31057916239677
eeg_fnirs_single_trial,subject_29,eeg_fnirs_single_trial__subject_29__session_00__prefrontal__w4,train,RMI,4.88,0,7.487060983938105
eeg_fnirs_single_trial,subject_29,eeg_fnirs_single_trial__subject_29__session_00__prefrontal__w4,train,RMI,5.38,0,-5.078371075580931
eeg_fnirs_single_trial,subject_29,eeg_fnirs_single_trial__subject_29__session_00__prefrontal__w4,train,RMI,6.08,0,19.076319118872778
eeg_fnirs_single_trial,subject_29,eeg_fnirs_single_trial__subject_29__session_00__prefrontal__w4,train,RMI,6.88,0,19.674075180656146
eeg_fnirs_single_trial,subject_29,eeg_fnirs_single_trial__subject_29__session_00__prefrontal__w4,train,RMI,13.78,0,3.9389298693542583
eeg_fnirs_single_trial,subject_29,eeg_fnirs_single_trial__subject_29__session_00__prefrontal__w4,train,RMI,15.16,0,4.618291486094008
eeg_fnirs_single_trial,subject_29,eeg_fnirs_single_trial__subject_29__session_00__prefrontal__w4,train,RMI,16.98,0,3.4261709716205613
eeg_fnirs_single_trial,subject_29,eeg_fnirs_single_trial__subject_29__session_00__prefrontal__w4,train,RMI,18.42,0,3.544096553420457
eeg_fnirs_single_trial,subject_29,eeg_fnirs_single_trial__subject_29__session_00__prefrontal__w4,train,RMI,19.3,0,4.754718503679642
eeg_fnirs_single_trial,subject_29,eeg_fnirs_single_trial__subject_29__session_00__prefrontal__w4,train,RMI,21.14,0,4.806891038000268
eeg_fnirs_single_trial,subject_29,eeg_fnirs_single_trial__subject_29__session_00__prefrontal__w4,train,RMI,22.0,0,5.053155367444456
eeg_fnirs_single_trial,subject_29,eeg_fnirs_single_trial__subject_29__session_00__prefrontal__w4,train,RMI,23.16,0,4.254973290853275
eeg_fnirs_single_trial,subject_29,eeg_fnirs_single_trial__subject_29__session_00__prefrontal__w4,train,RMI,25.56,0,3.330084803393056
eeg_fnirs_single_trial,subject_29,eeg_fnirs_single_trial__subject_29__session_00__prefrontal__w4,train,RMI,27.46,0,3.9078075870721722
eeg_fnirs_single_trial,subject_29,eeg_fnirs_single_trial__subject_29__session_00__prefrontal__w4,train,RMI,29.14,0,3.966599631928419
eeg_fnirs_single_trial,subject_29,eeg_fnirs_single_trial__subject_29__session_00__prefrontal__w4,train,RMI,29.74,0,-3.22636381054755
eeg_fnirs_single_trial,subject_29,eeg_fnirs_single_trial__subject_29__session_00__prefrontal__w4,train,RMI,3.98,1,10.199667549691917
eeg_fnirs_single_trial,subject_29,eeg_fnirs_single_trial__subject_29__session_00__prefrontal__w4,train,RMI,4.68,1,-7.7939037425315325
eeg_fnirs_single_trial,subject_29,eeg_fnirs_single_trial__subject_29__session_00__prefrontal__w4,train,RMI,5.18,1,3.7593308202608204
eeg_fnirs_single_trial,subject_29,eeg_fnirs_single_trial__subject_29__session_00__prefrontal__w4,train,RMI,6.04,1,13.523426950323016
eeg_fnirs_single_trial,subject_29,eeg_fnirs_single_trial__subject_29__session_00__prefrontal__w4,train,RMI,6.84,1,16.35149202561412
eeg_fnirs_single_trial,subject_29,eeg_fnirs_single_trial__subject_29__session_00__prefrontal__w6,train,RMI,0.74,0,3.874723448714374
eeg_fnirs_single_trial,subject_29,eeg_fnirs_single_trial__subject_29__session_00__prefrontal__w6,train,RMI,1.52,0,4.870183458722021
eeg_fnirs_single_trial,subject_29,eeg_fnirs_single_trial__subject_29__session_00__prefrontal__w6,train,RMI,5.58,0,4.4526961319647675
eeg_fnirs_single_trial,subject_29,eeg_fnirs_single_trial__subject_29__session_00__prefrontal__w6,train,RMI,11.5,0,3.887381273325506
eeg_fnirs_single_trial,subject_29,eeg_fnirs_single_trial__subject_29__session_00__prefrontal__w6,train,RMI,12.42,0,5.0249094534982515
eeg_fnirs_single_trial,subject_29,eeg_fnirs_single_trial__subject_29__session_00__prefrontal__w6,train,RMI,15.78,0,4.298285129571472
eeg_fnirs_single_trial,subject_29,eeg_fnirs_single_trial__subject_29__session_00__prefrontal__w6,train,RMI,16.46,0,-5.309472680385601
eeg_fnirs_single_trial,subject_29,eeg_fnirs_single_trial__subject_29__session_00__prefrontal__w6,train,RMI,17.16,0,-14.385233608033811
eeg_fnirs_single_trial,subject_29,eeg_fnirs_single_trial__subject_29__session_00__prefrontal__w6,train,RMI,17.8,0,7.618938187393666
eeg_fnirs_single_trial,subject_29,eeg_fnirs_single_trial__subject_29__session_00__prefrontal__w6,train,RMI,18.58,0,25.16995295593363
eeg_fnirs_single_trial,subject_29,eeg_fnirs_single_trial__subject_29__session_00__prefrontal__w6,train,RMI,20.0,0,7.181050665223357
eeg_fnirs_single_trial,subject_29,eeg_fnirs_single_trial__subject_29__session_00__prefrontal__w6,train,RMI,23.48,0,7.303745137226259
eeg_fnirs_single_trial,subject_29,eeg_fnirs_single_trial__subject_29__session_00__prefrontal__w6,train,RMI,24.24,0,-16.24248252115976
eeg_fnirs_single_trial,subject_29,eeg_fnirs_single_trial__subject_29__session_00__prefrontal__w6,train,RMI,25.42,0,3.895612900752231
eeg_fnirs_single_trial,subject_29,eeg_fnirs_single_trial__subject_29__session_00__prefrontal__w6,train,RMI,26.18,0,13.728005360255384
eeg_fnirs_single_trial,subject_29,eeg_fnirs_single_trial__subject_29__session_00__prefrontal__w6,train,RMI,26.7,0,-13.455738187652656
eeg_fnirs_single_trial,subject_29,eeg_fnirs_single_trial__subject_29__session_00__prefrontal__w6,train,RMI,27.86,0,-13.969644174584657
eeg_fnirs_single_trial,subject_29,eeg_fnirs_single_trial__subject_29__session_00__prefrontal__w6,train,RMI,28.38,0,10.408087113298212
eeg_fnirs_single_trial,subject_29,eeg_fnirs_single_trial__subject_29__session_00__prefrontal__w6,train,RMI,29.28,0,4.582811135929155
eeg_fnirs_single_trial,subject_29,eeg_fnirs_single_trial__subject_29__session_00__prefrontal__w6,train,RMI,1.64,1,4.751300130941042
eeg_fnirs_single_trial,subject_29,eeg_fnirs_single_trial__subject_29__session_00__prefrontal__w6,train,RMI,16.88,1,-5.54575992134512
eeg_fnirs_single_trial,subject_29,eeg_fnirs_single_trial__subject_29__session_00__prefrontal__w6,train,RMI,17.42,1,-4.975732142524367
eeg_fnirs_single_trial,subject_29,eeg_fnirs_single_trial__subject_29__session_00__prefrontal__w6,train,RMI,18.52,1,27.02241431090822
eeg_fnirs_single_trial,subject_29,eeg_fnirs_single_trial__subject_29__session_00__prefrontal__w6,train,RMI,19.98,1,3.819883603523882
eeg_fnirs_single_trial,subject_29,eeg_fnirs_single_trial__subject_29__session_00__prefrontal__w6,train,RMI,24.3,1,25.34532834653718
eeg_fnirs_single_trial,subject_29,eeg_fnirs_single_trial__subject_29__session_00__prefrontal__w6,train,RMI,25.28,1,-15.757591955982226
eeg_fnirs_single_trial,subject_29,eeg_fnirs_single_trial__subject_29__session_00__prefrontal__w6,train,RMI,26.18,1,17.469992277369855
eeg_fnirs_single_trial,subject_29,eeg_fnirs_single_trial__subject_29__session_00__prefrontal__w6,train,RMI,26.78,1,19.24692556591403
eeg_fnirs_single_trial,subject_29,eeg_fnirs_single_trial__subject_29__session_00__prefrontal__w6,train,RMI,27.52,1,-22.55581979006022
eeg_fnirs_single_trial,subject_29,eeg_fnirs_single_trial__subject_29__session_00__prefrontal__w6,train,RMI,28.32,1,-14.255165734295735
eeg_fnirs_single_trial,subject_29,eeg_fnirs_single_trial__subject_29__session_00__prefrontal__w8,train,LMI,0.2,0,4.167433907846443
eeg_fnirs_single_trial,subject_29,eeg_fnirs_single_trial__subject_29__session_00__prefrontal__w8,train,LMI,1.24,0,4.6482111125474255
eeg_fnirs_single_trial,subject_29,eeg_fnirs_single_trial__subject_29__session_00__prefrontal__w8,train,LMI,4.48,0,5.302063540742385
eeg_fnirs_single_trial,subject_29,eeg_fnirs_single_trial__subject_29__session_00__prefrontal__w8,train,LMI,5.96,0,4.543336492805296
eeg_fnirs_single_trial,subject_29,eeg_fnirs_single_trial__subject_29__session_00__prefrontal__w8,train,LMI,7.86,0,3.929836367378515
eeg_fnirs_single_trial,subject_29,eeg_fnirs_single_trial__subject_29__session_00__prefrontal__w8,train,LMI,10.42,0,3.600075418817095
eeg_fnirs_single_trial,subject_29,eeg_fnirs_single_trial__subject_29__session_00__prefrontal__w8,train,LMI,12.32,0,4.3440672689881294
eeg_fnirs_single_trial,subject_29,eeg_fnirs_single_trial__subject_29__session_00__prefrontal__w8,train,LMI,13.78,0,4.600054087851137
eeg_fnirs_single_trial,subject_29,eeg_fnirs_single_trial__subject_29__session_00__prefrontal__w8,train,LMI,14.74,0,4.970691056538602
eeg_fnirs_single_trial,subject_29,eeg_fnirs_single_trial__subject_29__session_00__prefrontal__w8,train,LMI,15.84,0,4.948397935129581
eeg_fnirs_single_trial,subject_29,eeg_fnirs_single_trial__subject_29__session_00__prefrontal__w8,train,LMI,16.36,0,-15.375033913832809
eeg_fnirs_single_trial,subject_29,eeg_fnirs_single_trial__subject_29__session_00__prefrontal__w8,train,LMI,17.74,0,4.4989284112215735
eeg_fnirs_single_trial,subject_29,eeg_fnirs_single_trial__subject_29__session_00__prefrontal__w8,train,LMI,18.88,0,11.038590410603831
eeg_fnirs_single_trial,subject_29,eeg_fnirs_single_trial__subject_29__session_00__prefrontal__w8,train,LMI,19.62,0,-5.992360225485057
eeg_fnirs_single_trial,subject_29,eeg_fnirs_single_trial__subject_29__session_00__prefrontal__w8,train,LMI,21.24,0,3.349358736604885
eeg_fnirs_single_trial,subject_29,eeg_fnirs_single_trial__subject_29__session_00__prefrontal__w8,train,LMI,22.66,0,3.36418100571596
eeg_fnirs_single_trial,subject_29,eeg_fnirs_single_trial__subject_29__session_00__prefrontal__w8,train,LMI,24.28,0,3.9172466346989707
eeg_fnirs_single_trial,subject_29,eeg_fnirs_single_trial__subject_29__session_00__prefrontal__w8,train,LMI,25.56,0,3.627068121234884
eeg_fnirs_single_trial,subject_29,eeg_fnirs_single_trial__subject_29__session_00__prefrontal__w8,train,LMI,27.9,0,3.1266259147647557
eeg_fnirs_single_trial,subject_29,eeg_fnirs_single_trial__subject_29__session_00__prefrontal__w8,train,LMI,28.72,0,3.518059863260558
eeg_fnirs_single_trial,subject_29,eeg_fnirs_single_trial__subject_29__session_00__prefrontal__w8,train,LMI,4.58,1,-7.086978551593264
eeg_fnirs_single_trial,subject_29,eeg_fnirs_single_trial__subject_29__session_00__prefrontal__w8,train,LMI,5.9,1,3.4145342956590374
eeg_fnirs_single_trial,subject_29,eeg_fnirs_single_trial__subject_29__session_00__prefrontal__w8,train,LMI,15.86,1,-4.386661282913116
eeg_fnirs_single_trial,subject_29,eeg_fnirs_single_trial__subject_29__session_00__prefrontal__w8,train,LMI,16.44,1,21.605967052714806
eeg_fnirs_single_trial,subject_29,eeg_fnirs_single_trial__subject_29__session_00__prefrontal__w8,train,LMI,16.98,1,-3.762875025916214
eeg_fnirs_single_trial,subject_29,eeg_fnirs_single_trial__subject_29__session_00__prefrontal__w8,train,LMI,17.52,1,-12.783053845707597
eeg_fnirs_single_trial,subject_29,eeg_fnirs_single_trial__subject_29__session_00__prefrontal__w8,train,LMI,18.4,1,-3.386854632450528
eeg_fnirs_single_trial,subject_29,eeg_fnirs_single_trial__subject_29__session_00__prefrontal__w8,train,LMI,19.24,1,-36.95336515218974
eeg_fnirs_single_trial,subject_29,eeg_fnirs_single_trial__subject_29__session_00__prefrontal__w10,train,LMI,1.16,0,3.078421404976295
eeg_fnirs_single_trial,subject_29,eeg_fnirs_single_trial__subject_29__session_00__prefrontal__w10,train,LMI,1.82,0,4.446701212630351
eeg_fnirs_single_trial,subject_29,eeg_fnirs_single_trial__subject_29__session_00__prefrontal__w10,train,LMI,3.72,0,3.380869516754297
eeg_fnirs_single_trial,subject_29,eeg_fnirs_single_trial__subject_29__session_00__prefrontal__w10,train,LMI,5.92,0,5.842736451659644
eeg_fnirs_single_trial,subject_29,eeg_fnirs_single_trial__subject_29__session_00__prefrontal__w10,train,LMI,10.74,0,3.2699409600686704
eeg_fnirs_single_trial,subject_29,eeg_fnirs_single_trial__subject_29__session_00__prefrontal__w10,train,LMI,11.92,0,4.438060214078745
eeg_fnirs_single_trial,subject_29,eeg_fnirs_single_trial__subject_29__session_00__prefrontal__w10,train,LMI,14.34,0,3.7133822131918226
eeg_fnirs_single_trial,subject_29,eeg_fnirs_single_trial__subject_29__session_00__prefrontal__w10,train,LMI,14.84,0,3.323585103804258
eeg_fnirs_single_trial,subject_29,eeg_fnirs_single_trial__subject_29__session_00__prefrontal__w10,train,LMI,15.34,0,9.186184675425721
eeg_fnirs_single_trial,subject_29,eeg_fnirs_single_trial__subject_29__session_00__prefrontal__w10,train,LMI,18.24,0,3.334946540222096
eeg_fnirs_single_trial,subject_29,eeg_fnirs_single_trial__subject_29__session_00__prefrontal__w10,train,LMI,20.18,0,4.213543494842227
eeg_fnirs_single_trial,subject_29,eeg_fnirs_single_trial__subject_29__session_00__prefrontal__w10,train,LMI,21.64,0,4.788839155972975
eeg_fnirs_single_trial,subject_29,eeg_fnirs_single_trial__subject_29__session_00__prefrontal__w10,train,LMI,28.26,0,3.9934464807946677
eeg_fnirs_single_trial,subject_29,eeg_fnirs_single_trial__subject_29__session_00__prefrontal__w10,train,LMI,29.16,0,3.972450123500421
eeg_fnirs_single_trial,subject_29,eeg_fnirs_single_trial__subject_29__session_00__prefrontal__w10,train,LMI,1.12,1,3.3422430440911968
eeg_fnirs_single_trial,subject_29,eeg_fnirs_single_trial__subject_29__session_00__prefrontal__w10,train,LMI,1.88,1,3.8824403279799715
eeg_fnirs_single_trial,subject_29,eeg_fnirs_single_trial__subject_29__session_00__prefrontal__w10,train,LMI,15.3,1,3.1410521112795626
eeg_fnirs_single_trial,subject_29,eeg_fnirs_single_trial__subject_29__session_00__prefrontal__w12,train,LMI,2.14,0,26.46310982115678
eeg_fnirs_single_trial,subject_29,eeg_fnirs_single_trial__subject_29__session_00__prefrontal__w12,train,LMI,3.76,0,5.241792784063946
eeg_fnirs_single_trial,subject_29,eeg_fnirs_single_trial__subject_29__session_00__prefrontal__w12,train,LMI,5.64,0,5.468154175521987
eeg_fnirs_single_trial,subject_29,eeg_fnirs_single_trial__subject_29__session_00__prefrontal__w12,train,LMI,6.7,0,5.564952958925666
eeg_fnirs_single_trial,subject_29,eeg_fnirs_single_trial__subject_29__session_00__prefrontal__w12,train,LMI,9.22,0,4.075016639930974
eeg_fnirs_single_trial,subject_29,eeg_fnirs_single_trial__subject_29__session_00__prefrontal__w12,train,LMI,11.34,0,4.435559364791895
eeg_fnirs_single_trial,subject_29,eeg_fnirs_single_trial__subject_29__session_00__prefrontal__w12,train,LMI,12.0,0,4.933955756674948
eeg_fnirs_single_trial,subject_29,eeg_fnirs_single_trial__subject_29__session_00__prefrontal__w12,train,LMI,15.78,0,4.188270650646805
eeg_fnirs_single_trial,subject_29,eeg_fnirs_single_trial__subject_29__session_00__prefrontal__w12,train,LMI,16.78,0,5.139419120462397
eeg_fnirs_single_trial,subject_29,eeg_fnirs_single_trial__subject_29__session_00__prefrontal__w12,train,LMI,18.96,0,5.004743032030507
eeg_fnirs_single_trial,subject_29,eeg_fnirs_single_trial__subject_29__session_00__prefrontal__w12,train,LMI,20.72,0,4.395164229627886
eeg_fnirs_single_trial,subject_29,eeg_fnirs_single_trial__subject_29__session_00__prefrontal__w12,train,LMI,22.62,0,3.5573253837394083
eeg_fnirs_single_trial,subject_29,eeg_fnirs_single_trial__subject_29__session_00__prefrontal__w12,train,LMI,23.94,0,4.181684854372134
eeg_fnirs_single_trial,subject_29,eeg_fnirs_single_trial__subject_29__session_00__prefrontal__w12,train,LMI,24.92,0,3.6941758193918313
eeg_fnirs_single_trial,subject_29,eeg_fnirs_single_trial__subject_29__session_00__prefrontal__w12,train,LMI,27.2,0,4.166286271253323
eeg_fnirs_single_trial,subject_29,eeg_fnirs_single_trial__subject_29__session_00__prefrontal__w12,train,LMI,29.5,0,4.326038411998237
eeg_fnirs_single_trial,subject_29,eeg_fnirs_single_trial__subject_29__session_00__prefrontal__w12,train,LMI,0.26,1,3.7784961419072762
eeg_fnirs_single_trial,subject_29,eeg_fnirs_single_trial__subject_29__session_00__prefrontal__w12,train,LMI,2.0,1,11.603679971876296
eeg_fnirs_single_trial,subject_29,eeg_fnirs_single_trial__subject_29__session_00__prefrontal__w12,train,LMI,3.7,1,3.6020757193172517
eeg_fnirs_single_trial,subject_29,eeg_fnirs_single_trial__subject_29__session_00__prefrontal__w12,train,LMI,27.12,1,3.0583392487807832
eeg_fnirs_single_trial,subject_29,eeg_fnirs_single_trial__subject_29__session_00__prefrontal__w12,train,LMI,28.64,1,-3.220274811280138
eeg_fnirs_single_trial,subject_29,eeg_fnirs_single_trial__subject_29__session_00__prefrontal__w12,train,LMI,29.64,1,3.6818217451533477
eeg_fnirs_single_trial,subject_29,eeg_fnirs_single_trial__subject_29__session_00__prefrontal__w14,train,RMI,0.72,0,4.374835990221212
eeg_fnirs_single_trial,subject_29,eeg_fnirs_single_trial__subject_29__session_00__prefrontal__w14,train,RMI,1.22,0,-4.824785729314016
eeg_fnirs_single_trial,subject_29,eeg_fnirs_single_trial__subject_29__session_00__prefrontal__w14,train,RMI,2.26,0,-3.7098863750972484
eeg_fnirs_single_trial,subject_29,eeg_fnirs_single_trial__subject_29__session_00__prefrontal__w14,train,RMI,4.46,0,4.6025365247770385
eeg_fnirs_single_trial,subject_29,eeg_fnirs_single_trial__subject_29__session_00__prefrontal__w14,train,RMI,6.56,0,3.627074761355246
eeg_fnirs_single_trial,subject_29,eeg_fnirs_single_trial__subject_29__session_00__prefrontal__w14,train,RMI,7.72,0,6.8586979631300595
eeg_fnirs_single_trial,subject_29,eeg_fnirs_single_trial__subject_29__session_00__prefrontal__w14,train,RMI,9.36,0,16.602142934661202
eeg_fnirs_single_trial,subject_29,eeg_fnirs_single_trial__subject_29__session_00__prefrontal__w14,train,RMI,10.08,0,-5.839459073082827
eeg_fnirs_single_trial,subject_29,eeg_fnirs_single_trial__subject_29__session_00__prefrontal__w14,train,RMI,11.34,0,5.166677390133281
eeg_fnirs_single_trial,subject_29,eeg_fnirs_single_trial__subject_29__session_00__prefrontal__w14,train,RMI,12.82,0,4.457116297174399
eeg_fnirs_single_trial,subject_29,eeg_fnirs_single_trial__subject_29__session_00__prefrontal__w14,train,RMI,13.68,0,3.427068220919316
eeg_fnirs_single_trial,subject_29,eeg_fnirs_single_trial__subject_29__session_00__prefrontal__w14,train,RMI,15.38,0,3.7682992700673053
eeg_fnirs_single_trial,subject_29,eeg_fnirs_single_trial__subject_29__session_00__prefrontal__w14,train,RMI,15.92,0,-4.192266558547517
eeg_fnirs_single_trial,subject_29,eeg_fnirs_single_trial__subject_29__session_00__prefrontal__w14,train,RMI,17.08,0,-3.31207580817002
eeg_fnirs_single_trial,subject_29,eeg_fnirs_single_trial__subject_29__session_00__prefrontal__w14,train,RMI,19.18,0,5.252329584097182
eeg_fnirs_single_trial,subject_29,eeg_fnirs_single_trial__subject_29__session_00__prefrontal__w14,train,RMI,22.04,0,12.349461076743694
eeg_fnirs_single_trial,subject_29,eeg_fnirs_single_trial__subject_29__session_00__prefrontal__w14,train,RMI,23.04,0,-3.2641070312159792
eeg_fnirs_single_trial,subject_29,eeg_fnirs_single_trial__subject_29__session_00__prefrontal__w14,train,RMI,23.88,0,5.661617561139441
eeg_fnirs_single_trial,subject_29,eeg_fnirs_single_trial__subject_29__session_00__prefrontal__w14,train,RMI,25.06,0,-11.892422122566805
eeg_fnirs_single_trial,subject_29,eeg_fnirs_single_trial__subject_29__session_00__prefrontal__w14,train,RMI,25.9,0,10.755409181702698
eeg_fnirs_single_trial,subject_29,eeg_fnirs_single_trial__subject_29__session_00__prefrontal__w14,train,RMI,27.18,0,21.505160208585927
eeg_fnirs_single_trial,subject_29,eeg_fnirs_single_trial__subject_29__session_00__prefrontal__w14,train,RMI,27.76,0,-11.120422926587555
eeg_fnirs_single_trial,subject_29,eeg_fnirs_single_trial__subject_29__session_00__prefrontal__w14,train,RMI,28.66,0,37.01094608082224
eeg_fnirs_single_trial,subject_29,eeg_fnirs_single_trial__subject_29__session_00__prefrontal__w14,train,RMI,29.88,0,28.12731757251659
eeg_fnirs_single_trial,subject_29,eeg_fnirs_single_trial__subject_29__session_00__prefrontal__w14,train,RMI,1.52,1,-3.0636401433916927
eeg_fnirs_single_trial,subject_29,eeg_fnirs_single_trial__subject_29__session_00__prefrontal__w14,train,RMI,2.22,1,5.276135809350775
eeg_fnirs_single_trial,subject_29,eeg_fnirs_single_trial__subject_29__session_00__prefrontal__w14,train,RMI,3.22,1,-3.068783152879992
eeg_fnirs_single_trial,subject_29,eeg_fnirs_single_trial__subject_29__session_00__prefrontal__w14,train,RMI,9.4,1,20.37279187809544
eeg_fnirs_single_trial,subject_29,eeg_fnirs_single_trial__subject_29__session_00__prefrontal__w14,train,RMI,16.48,1,-6.2229411023640395
eeg_fnirs_single_trial,subject_29,eeg_fnirs_single_trial__subject_29__session_00__prefrontal__w14,train,RMI,17.02,1,6.262167825366897
eeg_fnirs_single_trial,subject_29,eeg_fnirs_single_trial__subject_29__session_00__prefrontal__w14,train,RMI,22.06,1,25.414850388215445
eeg_fnirs_single_trial,subject_29,eeg_fnirs_single_trial__subject_29__session_00__prefrontal__w14,train,RMI,22.74,1,-4.002929981168102
eeg_fnirs_single_trial,subject_29,eeg_fnirs_single_trial__subject_29__session_00__prefrontal__w14,train,RMI,23.64,1,-12.441861038331412
eeg_fnirs_single_trial,subject_29,eeg_fnirs_single_trial__subject_29__session_00__prefrontal__w14,train,RMI,25.28,1,14.370834171153541
eeg_fnirs_single_trial,subject_29,eeg_fnirs_single_trial__subject_29__session_00__prefrontal__w14,train,RMI,25.84,1,-27.60326489454714
eeg_fnirs_single_trial,subject_29,eeg_fnirs_single_trial__subject_29__session_00__prefrontal__w14,train,RMI,27.46,1,-13.505452953917471
eeg_fnirs_single_trial,subject_29,eeg_fnirs_single_trial__subject_29__session_00__prefrontal__w14,train,RMI,28.62,1,20.699965762734177
eeg_fnirs_single_trial,subject_29,eeg_fnirs_single_trial__subject_29__session_00__prefrontal__w14,train,RMI,29.82,1,20.892136239462832
simultaneous_eeg_nirs,VP001,simultaneous_eeg_nirs__VP001__cnt_wg__prefrontal__w0,train,BL,0.94,0,3.8701141485161417
simultaneous_eeg_nirs,VP001,simultaneous_eeg_nirs__VP001__cnt_wg__prefrontal__w0,train,BL,1.76,0,4.1202724263268005
simultaneous_eeg_nirs,VP001,simultaneous_eeg_nirs__VP001__cnt_wg__prefrontal__w0,train,BL,3.48,0,4.114542950792281
simultaneous_eeg_nirs,VP001,simultaneous_eeg_nirs__VP001__cnt_wg__prefrontal__w0,train,BL,4.72,0,4.03850204006583
simultaneous_eeg_nirs,VP001,simultaneous_eeg_nirs__VP001__cnt_wg__prefrontal__w0,train,BL,5.28,0,4.548534994310327
simultaneous_eeg_nirs,VP001,simultaneous_eeg_nirs__VP001__cnt_wg__prefrontal__w0,train,BL,7.16,0,4.260822246255267
simultaneous_eeg_nirs,VP001,simultaneous_eeg_nirs__VP001__cnt_wg__prefrontal__w0,train,BL,10.3,0,3.8796554555644005
simultaneous_eeg_nirs,VP001,simultaneous_eeg_nirs__VP001__cnt_wg__prefrontal__w0,train,BL,12.34,0,3.7465285727793267
simultaneous_eeg_nirs,VP001,simultaneous_eeg_nirs__VP001__cnt_wg__prefrontal__w0,train,BL,16.6,0,5.327165795309564
simultaneous_eeg_nirs,VP001,simultaneous_eeg_nirs__VP001__cnt_wg__prefrontal__w0,train,BL,17.96,0,4.524415524463919
simultaneous_eeg_nirs,VP001,simultaneous_eeg_nirs__VP001__cnt_wg__prefrontal__w0,train,BL,19.16,0,4.52298083080719
simultaneous_eeg_nirs,VP001,simultaneous_eeg_nirs__VP001__cnt_wg__prefrontal__w0,train,BL,20.56,0,4.272142357983588
simultaneous_eeg_nirs,VP001,simultaneous_eeg_nirs__VP001__cnt_wg__prefrontal__w0,train,BL,23.96,0,4.3471907908380425
simultaneous_eeg_nirs,VP001,simultaneous_eeg_nirs__VP001__cnt_wg__prefrontal__w0,train,BL,24.9,0,5.141236609848289
simultaneous_eeg_nirs,VP001,simultaneous_eeg_nirs__VP001__cnt_wg__prefrontal__w0,train,BL,27.52,0,3.901661512819365
simultaneous_eeg_nirs,VP001,simultaneous_eeg_nirs__VP001__cnt_wg__prefrontal__w0,train,BL,0.2,1,-4.603015033485473
simultaneous_eeg_nirs,VP001,simultaneous_eeg_nirs__VP001__cnt_wg__prefrontal__w0,train,BL,7.98,1,-7.081541344981909
simultaneous_eeg_nirs,VP001,simultaneous_eeg_nirs__VP001__cnt_wg__prefrontal__w0,train,BL,9.32,1,8.703178791210838
simultaneous_eeg_nirs,VP001,simultaneous_eeg_nirs__VP001__cnt_wg__prefrontal__w0,train,BL,9.84,1,-5.793701479874496
simultaneous_eeg_nirs,VP001,simultaneous_eeg_nirs__VP001__cnt_wg__prefrontal__w0,train,BL,11.26,1,5.642190440054575
simultaneous_eeg_nirs,VP001,simultaneous_eeg_nirs__VP001__cnt_wg__prefrontal__w0,train,BL,12.72,1,-4.513206747855061
simultaneous_eeg_nirs,VP001,simultaneous_eeg_nirs__VP001__cnt_wg__prefrontal__w0,train,BL,14.4,1,-5.223448732088587
simultaneous_eeg_nirs,VP001,simultaneous_eeg_nirs__VP001__cnt_wg__prefrontal__w0,train,BL,15.88,1,3.71837138273274
simultaneous_eeg_nirs,VP001,simultaneous_eeg_nirs__VP001__cnt_wg__prefrontal__w0,train,BL,16.6,1,5.409414181334754
simultaneous_eeg_nirs,VP001,simultaneous_eeg_nirs__VP001__cnt_wg__prefrontal__w0,train,BL,17.28,1,-3.9987292428169665
simultaneous_eeg_nirs,VP001,simultaneous_eeg_nirs__VP001__cnt_wg__prefrontal__w0,train,BL,18.3,1,-7.359091361064597
simultaneous_eeg_nirs,VP001,simultaneous_eeg_nirs__VP001__cnt_wg__prefrontal__w0,train,BL,18.8,1,9.280279027228316
simultaneous_eeg_nirs,VP001,simultaneous_eeg_nirs__VP001__cnt_wg__prefrontal__w0,train,BL,19.46,1,-5.488011352481345
simultaneous_eeg_nirs,VP001,simultaneous_eeg_nirs__VP001__cnt_wg__prefrontal__w0,train,BL,20.18,1,8.464287469268024
simultaneous_eeg_nirs,VP001,simultaneous_eeg_nirs__VP001__cnt_wg__prefrontal__w0,train,BL,20.94,1,-7.162377902417518
simultaneous_eeg_nirs,VP001,simultaneous_eeg_nirs__VP001__cnt_wg__prefrontal__w0,train,BL,21.46,1,8.163974502354757
simultaneous_eeg_nirs,VP001,simultaneous_eeg_nirs__VP001__cnt_wg__prefrontal__w0,train,BL,22.34,1,-7.238499848881494
simultaneous_eeg_nirs,VP001,simultaneous_eeg_nirs__VP001__cnt_wg__prefrontal__w0,train,BL,22.84,1,11.451963379810492
simultaneous_eeg_nirs,VP001,simultaneous_eeg_nirs__VP001__cnt_wg__prefrontal__w0,train,BL,23.66,1,-7.272461356511467
simultaneous_eeg_nirs,VP001,simultaneous_eeg_nirs__VP001__cnt_wg__prefrontal__w0,train,BL,28.06,1,-6.353886923848714
simultaneous_eeg_nirs,VP001,simultaneous_eeg_nirs__VP001__cnt_wg__prefrontal__w1,train,BL,3.44,0,3.665790749852498
simultaneous_eeg_nirs,VP001,simultaneous_eeg_nirs__VP001__cnt_wg__prefrontal__w1,train,BL,10.1,0,4.199746323098855
simultaneous_eeg_nirs,VP001,simultaneous_eeg_nirs__VP001__cnt_wg__prefrontal__w1,train,BL,10.6,0,4.371435454278528
simultaneous_eeg_nirs,VP001,simultaneous_eeg_nirs__VP001__cnt_wg__prefrontal__w1,train,BL,16.0,0,4.952586409428156
simultaneous_eeg_nirs,VP001,simultaneous_eeg_nirs__VP001__cnt_wg__prefrontal__w1,train,BL,16.56,0,5.146365901053025
simultaneous_eeg_nirs,VP001,simultaneous_eeg_nirs__VP001__cnt_wg__prefrontal__w1,train,BL,18.8,0,4.382160004927885
simultaneous_eeg_nirs,VP001,simultaneous_eeg_nirs__VP001__cnt_wg__prefrontal__w1,train,BL,20.9,0,3.4484321911532296
simultaneous_eeg_nirs,VP001,simultaneous_eeg_nirs__VP001__cnt_wg__prefrontal__w1,train,BL,23.12,0,3.9086956435599443
simultaneous_eeg_nirs,VP001,simultaneous_eeg_nirs__VP001__cnt_wg__prefrontal__w1,train,BL,26.4,0,3.744800832115151
simultaneous_eeg_nirs,VP001,simultaneous_eeg_nirs__VP001__cnt_wg__prefrontal__w1,train,BL,29.46,0,3.8911351750947056
simultaneous_eeg_nirs,VP001,simultaneous_eeg_nirs__VP001__cnt_wg__prefrontal__w1,train,BL,16.94,1,-3.6172337328634208
simultaneous_eeg_nirs,VP001,simultaneous_eeg_nirs__VP001__cnt_wg__prefrontal__w1,train,BL,19.48,1,8.419376045577305
simultaneous_eeg_nirs,VP001,simultaneous_eeg_nirs__VP001__cnt_wg__prefrontal__w1,train,BL,20.38,1,-8.304186058606875
simultaneous_eeg_nirs,VP001,simultaneous_eeg_nirs__VP001__cnt_wg__prefrontal__w1,train,BL,24.48,1,6.914536766410643
simultaneous_eeg_nirs,VP001,simultaneous_eeg_nirs__VP001__cnt_wg__prefrontal__w1,train,BL,26.34,1,-5.084445754681544
simultaneous_eeg_nirs,VP001,simultaneous_eeg_nirs__VP001__cnt_wg__prefrontal__w1,train,BL,27.94,1,7.956581428542721
simultaneous_eeg_nirs,VP001,simultaneous_eeg_nirs__VP001__cnt_wg__prefrontal__w1,train,BL,28.58,1,-5.045450736245849
simultaneous_eeg_nirs,VP001,simultaneous_eeg_nirs__VP001__cnt_wg__prefrontal__w1,train,BL,29.12,1,8.444640816153786
simultaneous_eeg_nirs,VP001,simultaneous_eeg_nirs__VP001__cnt_wg__prefrontal__w2,train,BL,4.12,0,3.841549309992998
simultaneous_eeg_nirs,VP001,simultaneous_eeg_nirs__VP001__cnt_wg__prefrontal__w2,train,BL,6.76,0,3.8284440613674717
simultaneous_eeg_nirs,VP001,simultaneous_eeg_nirs__VP001__cnt_wg__prefrontal__w2,train,BL,9.12,0,4.214704931128283
simultaneous_eeg_nirs,VP001,simultaneous_eeg_nirs__VP001__cnt_wg__prefrontal__w2,train,BL,11.68,0,3.4385262845413354
simultaneous_eeg_nirs,VP001,simultaneous_eeg_nirs__VP001__cnt_wg__prefrontal__w2,train,BL,16.36,0,4.7808021268740095
simultaneous_eeg_nirs,VP001,simultaneous_eeg_nirs__VP001__cnt_wg__prefrontal__w2,train,BL,18.18,0,4.1938536625911444
simultaneous_eeg_nirs,VP001,simultaneous_eeg_nirs__VP001__cnt_wg__prefrontal__w2,train,BL,21.0,0,3.7131343555989993
simultaneous_eeg_nirs,VP001,simultaneous_eeg_nirs__VP001__cnt_wg__prefrontal__w2,train,BL,21.56,0,3.3044940681779362
simultaneous_eeg_nirs,VP001,simultaneous_eeg_nirs__VP001__cnt_wg__prefrontal__w2,train,BL,23.62,0,4.112872928649636
simultaneous_eeg_nirs,VP001,simultaneous_eeg_nirs__VP001__cnt_wg__prefrontal__w2,train,BL,27.76,0,3.519040222396693
simultaneous_eeg_nirs,VP001,simultaneous_eeg_nirs__VP001__cnt_wg__prefrontal__w2,train,BL,0.26,1,4.104980710450649
simultaneous_eeg_nirs,VP001,simultaneous_eeg_nirs__VP001__cnt_wg__prefrontal__w2,train,BL,1.56,1,-9.747108232632563
simultaneous_eeg_nirs,VP001,simultaneous_eeg_nirs__VP001__cnt_wg__prefrontal__w2,train,BL,4.44,1,-8.510499077169056
simultaneous_eeg_nirs,VP001,simultaneous_eeg_nirs__VP001__cnt_wg__prefrontal__w2,train,BL,5.22,1,7.811799301527713
simultaneous_eeg_nirs,VP001,simultaneous_eeg_nirs__VP001__cnt_wg__prefrontal__w2,train,BL,6.74,1,-4.834208684696499
simultaneous_eeg_nirs,VP001,simultaneous_eeg_nirs__VP001__cnt_wg__prefrontal__w2,train,BL,7.38,1,7.240404276216548
simultaneous_eeg_nirs,VP001,simultaneous_eeg_nirs__VP001__cnt_wg__prefrontal__w3,train,WG,0.18,0,6.8967030893434345
simultaneous_eeg_nirs,VP001,simultaneous_eeg_nirs__VP001__cnt_wg__prefrontal__w3,train,WG,5.64,0,4.624354016443972
simultaneous_eeg_nirs,VP001,simultaneous_eeg_nirs__VP001__cnt_wg__prefrontal__w3,train,WG,7.76,0,3.7351956328320397
simultaneous_eeg_nirs,VP001,simultaneous_eeg_nirs__VP001__cnt_wg__prefrontal__w3,train,WG,9.74,0,5.2479640542692545
simultaneous_eeg_nirs,VP001,simultaneous_eeg_nirs__VP001__cnt_wg__prefrontal__w3,train,WG,11.32,0,4.895351309078379
simultaneous_eeg_nirs,VP001,simultaneous_eeg_nirs__VP001__cnt_wg__prefrontal__w3,train,WG,13.6,0,4.577693447607028
simultaneous_eeg_nirs,VP001,simultaneous_eeg_nirs__VP001__cnt_wg__prefrontal__w3,train,WG,15.94,0,4.653637768692476
simultaneous_eeg_nirs,VP001,simultaneous_eeg_nirs__VP001__cnt_wg__prefrontal__w3,train,WG,18.54,0,4.645128688322412
simultaneous_eeg_nirs,VP001,simultaneous_eeg_nirs__VP001__cnt_wg__prefrontal__w3,train,WG,21.76,0,3.689665391008284
simultaneous_eeg_nirs,VP001,simultaneous_eeg_nirs__VP001__cnt_wg__prefrontal__w3,train,WG,24.44,0,3.7274865232370105
simultaneous_eeg_nirs,VP001,simultaneous_eeg_nirs__VP001__cnt_wg__prefrontal__w3,train,WG,26.02,0,4.313225756286467
simultaneous_eeg_nirs,VP001,simultaneous_eeg_nirs__VP001__cnt_wg__prefrontal__w3,train,WG,27.72,0,3.86040352837215
simultaneous_eeg_nirs,VP001,simultaneous_eeg_nirs__VP001__cnt_wg__prefrontal__w3,train,WG,29.84,0,3.435340614535808
simultaneous_eeg_nirs,VP001,simultaneous_eeg_nirs__VP001__cnt_wg__prefrontal__w3,train,WG,6.1,1,-6.020997789502586
simultaneous_eeg_nirs,VP001,simultaneous_eeg_nirs__VP001__cnt_wg__prefrontal__w3,train,WG,7.46,1,10.439425687267114
simultaneous_eeg_nirs,VP001,simultaneous_eeg_nirs__VP001__cnt_wg__prefrontal__w3,train,WG,8.14,1,5.744452369583809
simultaneous_eeg_nirs,VP001,simultaneous_eeg_nirs__VP001__cnt_wg__prefrontal__w3,train,WG,9.68,1,-8.249731950348592
simultaneous_eeg_nirs,VP001,simultaneous_eeg_nirs__VP001__cnt_wg__prefrontal__w3,train,WG,12.58,1,9.247416641833883
simultaneous_eeg_nirs,VP001,simultaneous_eeg_nirs__VP001__cnt_wg__prefrontal__w3,train,WG,13.96,1,-10.069830348562283
simultaneous_eeg_nirs,VP001,simultaneous_eeg_nirs__VP001__cnt_wg__prefrontal__w3,train,WG,14.58,1,10.34714398653383
simultaneous_eeg_nirs,VP001,simultaneous_eeg_nirs__VP001__cnt_wg__prefrontal__w3,train,WG,15.48,1,-17.553815656487068
simultaneous_eeg_nirs,VP001,simultaneous_eeg_nirs__VP001__cnt_wg__prefrontal__w3,train,WG,16.7,1,3.111532003376437
simultaneous_eeg_nirs,VP001,simultaneous_eeg_nirs__VP001__cnt_wg__prefrontal__w3,train,WG,22.14,1,-7.961523136378561
simultaneous_eeg_nirs,VP001,simultaneous_eeg_nirs__VP001__cnt_wg__prefrontal__w3,train,WG,24.14,1,8.134633245334545
simultaneous_eeg_nirs,VP001,simultaneous_eeg_nirs__VP001__cnt_wg__prefrontal__w3,train,WG,26.44,1,10.60534639738584
simultaneous_eeg_nirs,VP001,simultaneous_eeg_nirs__VP001__cnt_wg__prefrontal__w3,train,WG,27.16,1,-14.618177494671379
simultaneous_eeg_nirs,VP001,simultaneous_eeg_nirs__VP001__cnt_wg__prefrontal__w4,train,BL,3.14,0,3.973574335539274
simultaneous_eeg_nirs,VP001,simultaneous_eeg_nirs__VP001__cnt_wg__prefrontal__w4,train,BL,11.0,0,4.607459095383236
simultaneous_eeg_nirs,VP001,simultaneous_eeg_nirs__VP001__cnt_wg__prefrontal__w4,train,BL,15.6,0,4.413478834979567
simultaneous_eeg_nirs,VP001,simultaneous_eeg_nirs__VP001__cnt_wg__prefrontal__w4,train,BL,16.8,0,5.371493974443598
simultaneous_eeg_nirs,VP001,simultaneous_eeg_nirs__VP001__cnt_wg__prefrontal__w4,train,BL,17.74,0,4.919501376927795
simultaneous_eeg_nirs,VP001,simultaneous_eeg_nirs__VP001__cnt_wg__prefrontal__w4,train,BL,24.42,0,3.4969715781005735
simultaneous_eeg_nirs,VP001,simultaneous_eeg_nirs__VP001__cnt_wg__prefrontal__w4,train,BL,24.92,0,4.042353123625652
simultaneous_eeg_nirs,VP001,simultaneous_eeg_nirs__VP001__cnt_wg__prefrontal__w4,train,BL,26.86,0,4.245497840963884
simultaneous_eeg_nirs,VP001,simultaneous_eeg_nirs__VP001__cnt_wg__prefrontal__w4,train,BL,28.12,0,4.848236234995283
simultaneous_eeg_nirs,VP001,simultaneous_eeg_nirs__VP001__cnt_wg__prefrontal__w4,train,BL,29.68,0,3.8000653256257344
simultaneous_eeg_nirs,VP001,simultaneous_eeg_nirs__VP001__cnt_wg__prefrontal__w4,train,BL,3.98,1,-7.614551356590562
simultaneous_eeg_nirs,VP001,simultaneous_eeg_nirs__VP001__cnt_wg__prefrontal__w4,train,BL,5.12,1,9.184375184293478
simultaneous_eeg_nirs,VP001,simultaneous_eeg_nirs__VP001__cnt_wg__prefrontal__w4,train,BL,5.9,1,4.8454981335485
simultaneous_eeg_nirs,VP001,simultaneous_eeg_nirs__VP001__cnt_wg__prefrontal__w4,train,BL,8.5,1,-5.558726737285772
simultaneous_eeg_nirs,VP001,simultaneous_eeg_nirs__VP001__cnt_wg__prefrontal__w4,train,BL,14.64,1,-3.0279490767586754
simultaneous_eeg_nirs,VP001,simultaneous_eeg_nirs__VP001__cnt_wg__prefrontal__w4,train,BL,16.78,1,3.1003086041648475
simultaneous_eeg_nirs,VP001,simultaneous_eeg_nirs__VP001__cnt_wg__prefrontal__w4,train,BL,18.42,1,4.8572275332946955
simultaneous_eeg_nirs,VP001,simultaneous_eeg_nirs__VP001__cnt_wg__prefrontal__w5,train,WG,1.54,0,3.7020963292908586
simultaneous_eeg_nirs,VP001,simultaneous_eeg_nirs__VP001__cnt_wg__prefrontal__w5,train,WG,5.64,0,3.9143417288755655
simultaneous_eeg_nirs,VP001,simultaneous_eeg_nirs__VP001__cnt_wg__prefrontal__w5,train,WG,6.74,0,3.5113557947390834
simultaneous_eeg_nirs,VP001,simultaneous_eeg_nirs__VP001__cnt_wg__prefrontal__w5,train,WG,7.6,0,3.71826835664195
simultaneous_eeg_nirs,VP001,simultaneous_eeg_nirs__VP001__cnt_wg__prefrontal__w5,train,WG,8.76,0,5.019602622879226
simultaneous_eeg_nirs,VP001,simultaneous_eeg_nirs__VP001__cnt_wg__prefrontal__w5,train,WG,10.34,0,4.7765568211854585
simultaneous_eeg_nirs,VP001,simultaneous_eeg_nirs__VP001__cnt_wg__prefrontal__w5,train,WG,11.86,0,4.350421062760337
simultaneous_eeg_nirs,VP001,simultaneous_eeg_nirs__VP001__cnt_wg__prefrontal__w5,train,WG,13.82,0,4.7534324826936025
simultaneous_eeg_nirs,VP001,simultaneous_eeg_nirs__VP001__cnt_wg__prefrontal__w5,train,WG,16.08,0,4.267279327441819
simultaneous_eeg_nirs,VP001,simultaneous_eeg_nirs__VP001__cnt_wg__prefrontal__w5,train,WG,17.7,0,4.354152107824071
simultaneous_eeg_nirs,VP001,simultaneous_eeg_nirs__VP001__cnt_wg__prefrontal__w5,train,WG,20.04,0,5.50223728966617
simultaneous_eeg_nirs,VP001,simultaneous_eeg_nirs__VP001__cnt_wg__prefrontal__w5,train,WG,23.66,0,3.9726246542212915
simultaneous_eeg_nirs,VP001,simultaneous_eeg_nirs__VP001__cnt_wg__prefrontal__w5,train,WG,24.16,0,3.737316315827111
simultaneous_eeg_nirs,VP001,simultaneous_eeg_nirs__VP001__cnt_wg__prefrontal__w5,train,WG,24.8,0,4.257172239890256
simultaneous_eeg_nirs,VP001,simultaneous_eeg_nirs__VP001__cnt_wg__prefrontal__w5,train,WG,26.52,0,4.227893517046261
simultaneous_eeg_nirs,VP001,simultaneous_eeg_nirs__VP001__cnt_wg__prefrontal__w5,train,WG,28.6,0,4.228928509555454
simultaneous_eeg_nirs,VP001,simultaneous_eeg_nirs__VP001__cnt_wg__prefrontal__w5,train,WG,0.28,1,7.908345377659228
simultaneous_eeg_nirs,VP001,simultaneous_eeg_nirs__VP001__cnt_wg__prefrontal__w5,train,WG,2.32,1,-5.74549560611995
simultaneous_eeg_nirs,VP001,simultaneous_eeg_nirs__VP001__cnt_wg__prefrontal__w5,train,WG,6.22,1,15.292968304475837
simultaneous_eeg_nirs,VP001,simultaneous_eeg_nirs__VP001__cnt_wg__prefrontal__w5,train,WG,6.72,1,-17.727904325265598
simultaneous_eeg_nirs,VP001,simultaneous_eeg_nirs__VP001__cnt_wg__prefrontal__w5,train,WG,7.28,1,5.547121220773075
simultaneous_eeg_nirs,VP001,simultaneous_eeg_nirs__VP001__cnt_wg__prefrontal__w5,train,WG,8.26,1,-5.516421213837924
simultaneous_eeg_nirs,VP001,simultaneous_eeg_nirs__VP001__cnt_wg__prefrontal__w5,train,WG,9.08,1,9.266217461458421
simultaneous_eeg_nirs,VP001,simultaneous_eeg_nirs__VP001__cnt_wg__prefrontal__w5,train,WG,10.32,1,-5.322090418417583
simultaneous_eeg_nirs,VP001,simultaneous_eeg_nirs__VP001__cnt_wg__prefrontal__w5,train,WG,17.22,1,-4.599925909175446
simultaneous_eeg_nirs,VP001,simultaneous_eeg_nirs__VP001__cnt_wg__prefrontal__w5,train,WG,17.74,1,-4.867908865370658
simultaneous_eeg_nirs,VP001,simultaneous_eeg_nirs__VP001__cnt_wg__prefrontal__w5,train,WG,18.26,1,14.766695230035303
simultaneous_eeg_nirs,VP001,simultaneous_eeg_nirs__VP001__cnt_wg__prefrontal__w5,train,WG,18.96,1,-7.094655402134319
simultaneous_eeg_nirs,VP001,simultaneous_eeg_nirs__VP001__cnt_wg__prefrontal__w5,train,WG,19.7,1,-4.158488427386139
simultaneous_eeg_nirs,VP001,simultaneous_eeg_nirs__VP001__cnt_wg__prefrontal__w5,train,WG,20.52,1,-8.48738471227415
simultaneous_eeg_nirs,VP001,simultaneous_eeg_nirs__VP001__cnt_wg__prefrontal__w5,train,WG,22.54,1,7.533868576321351
simultaneous_eeg_nirs,VP001,simultaneous_eeg_nirs__VP001__cnt_wg__prefrontal__w5,train,WG,26.94,1,9.116983602510473
simultaneous_eeg_nirs,VP001,simultaneous_eeg_nirs__VP001__cnt_wg__prefrontal__w5,train,WG,27.54,1,-4.073553017564467
simultaneous_eeg_nirs,VP001,simultaneous_eeg_nirs__VP001__cnt_wg__prefrontal__w6,train,WG,1.94,0,4.062980830346418
simultaneous_eeg_nirs,VP001,simultaneous_eeg_nirs__VP001__cnt_wg__prefrontal__w6,train,WG,5.5,0,3.7789819850730795
simultaneous_eeg_nirs,VP001,simultaneous_eeg_nirs__VP001__cnt_wg__prefrontal__w6,train,WG,6.86,0,4.911576048270017
simultaneous_eeg_nirs,VP001,simultaneous_eeg_nirs__VP001__cnt_wg__prefrontal__w6,train,WG,8.12,0,3.3628870780237077
simultaneous_eeg_nirs,VP001,simultaneous_eeg_nirs__VP001__cnt_wg__prefrontal__w6,train,WG,10.2,0,4.3939806491962665
simultaneous_eeg_nirs,VP001,simultaneous_eeg_nirs__VP001__cnt_wg__prefrontal__w6,train,WG,11.46,0,4.329754376034701
simultaneous_eeg_nirs,VP001,simultaneous_eeg_nirs__VP001__cnt_wg__prefrontal__w6,train,WG,12.3,0,3.721149752689797
simultaneous_eeg_nirs,VP001,simultaneous_eeg_nirs__VP001__cnt_wg__prefrontal__w6,train,WG,12.9,0,4.790894961058813
simultaneous_eeg_nirs,VP001,simultaneous_eeg_nirs__VP001__cnt_wg__prefrontal__w6,train,WG,14.78,0,4.032773587695093
simultaneous_eeg_nirs,VP001,simultaneous_eeg_nirs__VP001__cnt_wg__prefrontal__w6,train,WG,16.64,0,4.41825784877864
simultaneous_eeg_nirs,VP001,simultaneous_eeg_nirs__VP001__cnt_wg__prefrontal__w6,train,WG,17.34,0,3.836566088236252
simultaneous_eeg_nirs,VP001,simultaneous_eeg_nirs__VP001__cnt_wg__prefrontal__w6,train,WG,18.42,0,3.988250403420174
simultaneous_eeg_nirs,VP001,simultaneous_eeg_nirs__VP001__cnt_wg__prefrontal__w6,train,WG,20.02,0,4.241761118387302
simultaneous_eeg_nirs,VP001,simultaneous_eeg_nirs__VP001__cnt_wg__prefrontal__w6,train,WG,22.38,0,3.859149821440985
simultaneous_eeg_nirs,VP001,simultaneous_eeg_nirs__VP001__cnt_wg__prefrontal__w6,train,WG,25.28,0,4.057745870142098
simultaneous_eeg_nirs,VP001,simultaneous_eeg_nirs__VP001__cnt_wg__prefrontal__w6,train,WG,26.98,0,4.776989038892533
simultaneous_eeg_nirs,VP001,simultaneous_eeg_nirs__VP001__cnt_wg__prefrontal__w6,train,WG,29.24,0,3.967455168619392
simultaneous_eeg_nirs,VP001,simultaneous_eeg_nirs__VP001__cnt_wg__prefrontal__w6,train,WG,6.04,1,9.47094139130227
simultaneous_eeg_nirs,VP001,simultaneous_eeg_nirs__VP001__cnt_wg__prefrontal__w6,train,WG,6.82,1,-16.939133238370943
simultaneous_eeg_nirs,VP001,simultaneous_eeg_nirs__VP001__cnt_wg__prefrontal__w6,train,WG,7.34,1,3.979880847455364
simultaneous_eeg_nirs,VP001,simultaneous_eeg_nirs__VP001__cnt_wg__prefrontal__w6,train,WG,8.44,1,-3.3204120092499942
simultaneous_eeg_nirs,VP001,simultaneous_eeg_nirs__VP001__cnt_wg__prefrontal__w6,train,WG,9.16,1,-5.657260177966111
simultaneous_eeg_nirs,VP001,simultaneous_eeg_nirs__VP001__cnt_wg__prefrontal__w6,train,WG,10.14,1,13.536881904628617
simultaneous_eeg_nirs,VP001,simultaneous_eeg_nirs__VP001__cnt_wg__prefrontal__w6,train,WG,11.24,1,-14.486842080060386
simultaneous_eeg_nirs,VP001,simultaneous_eeg_nirs__VP001__cnt_wg__prefrontal__w6,train,WG,15.64,1,4.8209947859705515
simultaneous_eeg_nirs,VP001,simultaneous_eeg_nirs__VP001__cnt_wg__prefrontal__w6,train,WG,18.8,1,-9.546241984176616
simultaneous_eeg_nirs,VP001,simultaneous_eeg_nirs__VP001__cnt_wg__prefrontal__w6,train,WG,19.64,1,7.803655495492065
simultaneous_eeg_nirs,VP001,simultaneous_eeg_nirs__VP001__cnt_wg__prefrontal__w6,train,WG,20.54,1,-6.858812730718675
simultaneous_eeg_nirs,VP001,simultaneous_eeg_nirs__VP001__cnt_wg__prefrontal__w6,train,WG,22.1,1,9.32395552517853
simultaneous_eeg_nirs,VP001,simultaneous_eeg_nirs__VP001__cnt_wg__prefrontal__w6,train,WG,28.76,1,5.881603431231248
simultaneous_eeg_nirs,VP001,simultaneous_eeg_nirs__VP001__cnt_wg__prefrontal__w7,train,WG,2.88,0,4.116263696568716
simultaneous_eeg_nirs,VP001,simultaneous_eeg_nirs__VP001__cnt_wg__prefrontal__w7,train,WG,5.56,0,3.4855322641673294
simultaneous_eeg_nirs,VP001,simultaneous_eeg_nirs__VP001__cnt_wg__prefrontal__w7,train,WG,6.52,0,3.8451179112646776
simultaneous_eeg_nirs,VP001,simultaneous_eeg_nirs__VP001__cnt_wg__prefrontal__w7,train,WG,7.24,0,4.125195090830347
simultaneous_eeg_nirs,VP001,simultaneous_eeg_nirs__VP001__cnt_wg__prefrontal__w7,train,WG,7.82,0,4.689023044555046
simultaneous_eeg_nirs,VP001,simultaneous_eeg_nirs__VP001__cnt_wg__prefrontal__w7,train,WG,9.32,0,4.603534125948128
simultaneous_eeg_nirs,VP001,simultaneous_eeg_nirs__VP001__cnt_wg__prefrontal__w7,train,WG,11.02,0,4.811048813411865
simultaneous_eeg_nirs,VP001,simultaneous_eeg_nirs__VP001__cnt_wg__prefrontal__w7,train,WG,12.66,0,4.448973286120385
simultaneous_eeg_nirs,VP001,simultaneous_eeg_nirs__VP001__cnt_wg__prefrontal__w7,train,WG,14.18,0,5.235616503839361
simultaneous_eeg_nirs,VP001,simultaneous_eeg_nirs__VP001__cnt_wg__prefrontal__w7,train,WG,16.12,0,5.259045535212488
simultaneous_eeg_nirs,VP001,simultaneous_eeg_nirs__VP001__cnt_wg__prefrontal__w7,train,WG,17.68,0,4.398692824817176
simultaneous_eeg_nirs,VP001,simultaneous_eeg_nirs__VP001__cnt_wg__prefrontal__w7,train,WG,18.74,0,4.525570125019665
simultaneous_eeg_nirs,VP001,simultaneous_eeg_nirs__VP001__cnt_wg__prefrontal__w7,train,WG,19.44,0,4.055050743300374
simultaneous_eeg_nirs,VP001,simultaneous_eeg_nirs__VP001__cnt_wg__prefrontal__w7,train,WG,20.32,0,4.850115559149256
simultaneous_eeg_nirs,VP001,simultaneous_eeg_nirs__VP001__cnt_wg__prefrontal__w7,train,WG,21.14,0,4.584441442742758
simultaneous_eeg_nirs,VP001,simultaneous_eeg_nirs__VP001__cnt_wg__prefrontal__w7,train,WG,21.74,0,4.758525938871122
simultaneous_eeg_nirs,VP001,simultaneous_eeg_nirs__VP001__cnt_wg__prefrontal__w7,train,WG,23.96,0,3.7699298261126852
simultaneous_eeg_nirs,VP001,simultaneous_eeg_nirs__VP001__cnt_wg__prefrontal__w7,train,WG,26.18,0,4.496802383407363
simultaneous_eeg_nirs,VP001,simultaneous_eeg_nirs__VP001__cnt_wg__prefrontal__w7,train,WG,27.66,0,4.9323760221175625
simultaneous_eeg_nirs,VP001,simultaneous_eeg_nirs__VP001__cnt_wg__prefrontal__w7,train,WG,28.88,0,5.088167187695688
simultaneous_eeg_nirs,VP001,simultaneous_eeg_nirs__VP001__cnt_wg__prefrontal__w7,train,WG,29.8,0,3.165065433496778
simultaneous_eeg_nirs,VP001,simultaneous_eeg_nirs__VP001__cnt_wg__prefrontal__w7,train,WG,5.78,1,15.69314491614573
simultaneous_eeg_nirs,VP001,simultaneous_eeg_nirs__VP001__cnt_wg__prefrontal__w7,train,WG,6.3,1,-13.944378453027822
simultaneous_eeg_nirs,VP001,simultaneous_eeg_nirs__VP001__cnt_wg__prefrontal__w7,train,WG,7.54,1,3.4674234411362197
simultaneous_eeg_nirs,VP001,simultaneous_eeg_nirs__VP001__cnt_wg__prefrontal__w7,train,WG,8.5,1,9.934607169930308
simultaneous_eeg_nirs,VP001,simultaneous_eeg_nirs__VP001__cnt_wg__prefrontal__w7,train,WG,10.92,1,4.737541250426939
simultaneous_eeg_nirs,VP001,simultaneous_eeg_nirs__VP001__cnt_wg__prefrontal__w7,train,WG,11.46,1,8.47473707944539
simultaneous_eeg_nirs,VP001,simultaneous_eeg_nirs__VP001__cnt_wg__prefrontal__w7,train,WG,13.0,1,-9.038779379941554
simultaneous_eeg_nirs,VP001,simultaneous_eeg_nirs__VP001__cnt_wg__prefrontal__w7,train,WG,13.9,1,9.296343490591381
simultaneous_eeg_nirs,VP001,simultaneous_eeg_nirs__VP001__cnt_wg__prefrontal__w7,train,WG,17.28,1,-3.5925647385574644
simultaneous_eeg_nirs,VP001,simultaneous_eeg_nirs__VP001__cnt_wg__prefrontal__w7,train,WG,18.08,1,-8.17469508592304
simultaneous_eeg_nirs,VP001,simultaneous_eeg_nirs__VP001__cnt_wg__prefrontal__w7,train,WG,18.58,1,7.886061657879211
simultaneous_eeg_nirs,VP001,simultaneous_eeg_nirs__VP001__cnt_wg__prefrontal__w7,train,WG,20.94,1,-12.785351831033825
simultaneous_eeg_nirs,VP001,simultaneous_eeg_nirs__VP001__cnt_wg__prefrontal__w7,train,WG,25.02,1,-6.231292385063252
simultaneous_eeg_nirs,VP001,simultaneous_eeg_nirs__VP001__cnt_wg__prefrontal__w7,train,WG,25.86,1,7.458777232629345
simultaneous_eeg_nirs,VP002,simultaneous_eeg_nirs__VP002__cnt_wg__prefrontal__w0,evaluate,BL,0.7,0,3.0732908978223317
simultaneous_eeg_nirs,VP002,simultaneous_eeg_nirs__VP002__cnt_wg__prefrontal__w0,evaluate,BL,1.58,0,3.2125003659677365
simultaneous_eeg_nirs,VP002,simultaneous_eeg_nirs__VP002__cnt_wg__prefrontal__w0,evaluate,BL,4.22,0,3.3440216176843873
simultaneous_eeg_nirs,VP002,simultaneous_eeg_nirs__VP002__cnt_wg__prefrontal__w0,evaluate,BL,5.9,0,3.6259907591330998
simultaneous_eeg_nirs,VP002,simultaneous_eeg_nirs__VP002__cnt_wg__prefrontal__w0,evaluate,BL,6.64,0,3.342797988768977
simultaneous_eeg_nirs,VP002,simultaneous_eeg_nirs__VP002__cnt_wg__prefrontal__w0,evaluate,BL,10.48,0,3.6109347670083305
simultaneous_eeg_nirs,VP002,simultaneous_eeg_nirs__VP002__cnt_wg__prefrontal__w0,evaluate,BL,17.62,0,3.5523774262866006
simultaneous_eeg_nirs,VP002,simultaneous_eeg_nirs__VP002__cnt_wg__prefrontal__w0,evaluate,BL,22.04,0,4.1283550255979815
simultaneous_eeg_nirs,VP002,simultaneous_eeg_nirs__VP002__cnt_wg__prefrontal__w0,evaluate,BL,25.76,0,3.5266170636564858
simultaneous_eeg_nirs,VP002,simultaneous_eeg_nirs__VP002__cnt_wg__prefrontal__w0,evaluate,BL,26.72,0,3.428411224699997
simultaneous_eeg_nirs,VP002,simultaneous_eeg_nirs__VP002__cnt_wg__prefrontal__w0,evaluate,BL,28.12,0,4.383275112368683
simultaneous_eeg_nirs,VP002,simultaneous_eeg_nirs__VP002__cnt_wg__prefrontal__w0,evaluate,BL,4.32,1,3.377955226042738
simultaneous_eeg_nirs,VP002,simultaneous_eeg_nirs__VP002__cnt_wg__prefrontal__w0,evaluate,BL,23.56,1,3.9914799347966423
simultaneous_eeg_nirs,VP002,simultaneous_eeg_nirs__VP002__cnt_wg__prefrontal__w0,evaluate,BL,25.18,1,7.131648453654138
simultaneous_eeg_nirs,VP002,simultaneous_eeg_nirs__VP002__cnt_wg__prefrontal__w0,evaluate,BL,27.38,1,-5.149547128089938
simultaneous_eeg_nirs,VP002,simultaneous_eeg_nirs__VP002__cnt_wg__prefrontal__w0,evaluate,BL,28.0,1,-4.011605100782675
simultaneous_eeg_nirs,VP002,simultaneous_eeg_nirs__VP002__cnt_wg__prefrontal__w0,evaluate,BL,29.12,1,-4.811262258018817
simultaneous_eeg_nirs,VP002,simultaneous_eeg_nirs__VP002__cnt_wg__prefrontal__w1,evaluate,WG,0.24,0,4.902875027317822
simultaneous_eeg_nirs,VP002,simultaneous_eeg_nirs__VP002__cnt_wg__prefrontal__w1,evaluate,WG,1.12,0,3.1329305363978768
simultaneous_eeg_nirs,VP002,simultaneous_eeg_nirs__VP002__cnt_wg__prefrontal__w1,evaluate,WG,2.06,0,3.5034649496847843
simultaneous_eeg_nirs,VP002,simultaneous_eeg_nirs__VP002__cnt_wg__prefrontal__w1,evaluate,WG,5.46,0,3.067684227347408
simultaneous_eeg_nirs,VP002,simultaneous_eeg_nirs__VP002__cnt_wg__prefrontal__w1,evaluate,WG,6.54,0,3.1054232979399212
simultaneous_eeg_nirs,VP002,simultaneous_eeg_nirs__VP002__cnt_wg__prefrontal__w1,evaluate,WG,7.6,0,4.078137188644945
simultaneous_eeg_nirs,VP002,simultaneous_eeg_nirs__VP002__cnt_wg__prefrontal__w1,evaluate,WG,8.48,0,3.333321361300889
simultaneous_eeg_nirs,VP002,simultaneous_eeg_nirs__VP002__cnt_wg__prefrontal__w1,evaluate,WG,9.04,0,3.691598563073479
simultaneous_eeg_nirs,VP002,simultaneous_eeg_nirs__VP002__cnt_wg__prefrontal__w1,evaluate,WG,9.82,0,3.8646788342336316
simultaneous_eeg_nirs,VP002,simultaneous_eeg_nirs__VP002__cnt_wg__prefrontal__w1,evaluate,WG,10.88,0,3.8089032580304414
simultaneous_eeg_nirs,VP002,simultaneous_eeg_nirs__VP002__cnt_wg__prefrontal__w1,evaluate,WG,11.8,0,3.5664964236355816
simultaneous_eeg_nirs,VP002,simultaneous_eeg_nirs__VP002__cnt_wg__prefrontal__w1,evaluate,WG,12.68,0,3.751020377554129
simultaneous_eeg_nirs,VP002,simultaneous_eeg_nirs__VP002__cnt_wg__prefrontal__w1,evaluate,WG,13.48,0,3.6178722445873843
simultaneous_eeg_nirs,VP002,simultaneous_eeg_nirs__VP002__cnt_wg__prefrontal__w1,evaluate,WG,14.54,0,3.6166586436583925
simultaneous_eeg_nirs,VP002,simultaneous_eeg_nirs__VP002__cnt_wg__prefrontal__w1,evaluate,WG,15.34,0,3.7962088406171364
simultaneous_eeg_nirs,VP002,simultaneous_eeg_nirs__VP002__cnt_wg__prefrontal__w1,evaluate,WG,17.62,0,3.5556128764588366
simultaneous_eeg_nirs,VP002,simultaneous_eeg_nirs__VP002__cnt_wg__prefrontal__w1,evaluate,WG,19.14,0,3.101514472923327
simultaneous_eeg_nirs,VP002,simultaneous_eeg_nirs__VP002__cnt_wg__prefrontal__w1,evaluate,WG,20.58,0,3.686084544011318
simultaneous_eeg_nirs,VP002,simultaneous_eeg_nirs__VP002__cnt_wg__prefrontal__w1,evaluate,WG,21.46,0,3.334663707795488
simultaneous_eeg_nirs,VP002,simultaneous_eeg_nirs__VP002__cnt_wg__prefrontal__w1,evaluate,WG,22.32,0,3.272193591567892
simultaneous_eeg_nirs,VP002,simultaneous_eeg_nirs__VP002__cnt_wg__prefrontal__w1,evaluate,WG,23.9,0,3.4092511149267026
simultaneous_eeg_nirs,VP002,simultaneous_eeg_nirs__VP002__cnt_wg__prefrontal__w1,evaluate,WG,24.92,0,3.64172447015221
simultaneous_eeg_nirs,VP002,simultaneous_eeg_nirs__VP002__cnt_wg__prefrontal__w1,evaluate,WG,27.28,0,3.4154434445277997
simultaneous_eeg_nirs,VP002,simultaneous_eeg_nirs__VP002__cnt_wg__prefrontal__w1,evaluate,WG,28.48,0,3.102269843458695
simultaneous_eeg_nirs,VP002,simultaneous_eeg_nirs__VP002__cnt_wg__prefrontal__w1,evaluate,WG,0.16,1,-13.695898218552294
simultaneous_eeg_nirs,VP002,simultaneous_eeg_nirs__VP002__cnt_wg__prefrontal__w1,evaluate,WG,1.14,1,4.096364192731943
simultaneous_eeg_nirs,VP002,simultaneous_eeg_nirs__VP002__cnt_wg__prefrontal__w1,evaluate,WG,2.16,1,3.3024395352967844
simultaneous_eeg_nirs,VP002,simultaneous_eeg_nirs__VP002__cnt_wg__prefrontal__w1,evaluate,WG,5.78,1,-3.115266744991592
simultaneous_eeg_nirs,VP002,simultaneous_eeg_nirs__VP002__cnt_wg__prefrontal__w1,evaluate,WG,17.86,1,6.3040399829763105
simultaneous_eeg_nirs,VP002,simultaneous_eeg_nirs__VP002__cnt_wg__prefrontal__w1,evaluate,WG,20.44,1,-3.3968249838248363
simultaneous_eeg_nirs,VP002,simultaneous_eeg_nirs__VP002__cnt_wg__prefrontal__w1,evaluate,WG,22.64,1,-4.131013969930057
simultaneous_eeg_nirs,VP002,simultaneous_eeg_nirs__VP002__cnt_wg__prefrontal__w1,evaluate,WG,24.62,1,-15.005839511177165
simultaneous_eeg_nirs,VP002,simultaneous_eeg_nirs__VP002__cnt_wg__prefrontal__w1,evaluate,WG,26.56,1,-8.697573589467291
simultaneous_eeg_nirs,VP002,simultaneous_eeg_nirs__VP002__cnt_wg__prefrontal__w1,evaluate,WG,27.82,1,9.205236622535335
simultaneous_eeg_nirs,VP002,simultaneous_eeg_nirs__VP002__cnt_wg__prefrontal__w1,evaluate,WG,29.68,1,-5.8447254541419005
simultaneous_eeg_nirs,VP002,simultaneous_eeg_nirs__VP002__cnt_wg__prefrontal__w2,evaluate,BL,0.26,0,4.277831582259155
simultaneous_eeg_nirs,VP002,simultaneous_eeg_nirs__VP002__cnt_wg__prefrontal__w2,evaluate,BL,6.4,0,3.711875108552867
simultaneous_eeg_nirs,VP002,simultaneous_eeg_nirs__VP002__cnt_wg__prefrontal__w2,evaluate,BL,9.54,0,4.018718058654399
simultaneous_eeg_nirs,VP002,simultaneous_eeg_nirs__VP002__cnt_wg__prefrontal__w2,evaluate,BL,15.82,0,3.1554605949254992
simultaneous_eeg_nirs,VP002,simultaneous_eeg_nirs__VP002__cnt_wg__prefrontal__w2,evaluate,BL,18.48,0,3.261559009968883
simultaneous_eeg_nirs,VP002,simultaneous_eeg_nirs__VP002__cnt_wg__prefrontal__w2,evaluate,BL,22.78,0,3.0594186475238616
simultaneous_eeg_nirs,VP002,simultaneous_eeg_nirs__VP002__cnt_wg__prefrontal__w2,evaluate,BL,23.28,0,3.1169180228044073
simultaneous_eeg_nirs,VP002,simultaneous_eeg_nirs__VP002__cnt_wg__prefrontal__w2,evaluate,BL,0.22,1,4.880470308693739
simultaneous_eeg_nirs,VP002,simultaneous_eeg_nirs__VP002__cnt_wg__prefrontal__w2,evaluate,BL,0.92,1,13.716049696726467
simultaneous_eeg_nirs,VP002,simultaneous_eeg_nirs__VP002__cnt_wg__prefrontal__w2,evaluate,BL,1.9,1,5.846466040703874
simultaneous_eeg_nirs,VP002,simultaneous_eeg_nirs__VP002__cnt_wg__prefrontal__w2,evaluate,BL,5.58,1,-11.54351693660381
simultaneous_eeg_nirs,VP002,simultaneous_eeg_nirs__VP002__cnt_wg__prefrontal__w2,evaluate,BL,8.22,1,8.952322491938443
simultaneous_eeg_nirs,VP002,simultaneous_eeg_nirs__VP002__cnt_wg__prefrontal__w2,evaluate,BL,9.2,1,-9.83111800122137
simultaneous_eeg_nirs,VP002,simultaneous_eeg_nirs__VP002__cnt_wg__prefrontal__w2,evaluate,BL,11.76,1,-6.205074494996948
simultaneous_eeg_nirs,VP002,simultaneous_eeg_nirs__VP002__cnt_wg__prefrontal__w2,evaluate,BL,29.7,1,4.114286072853234
simultaneous_eeg_nirs,VP002,simultaneous_eeg_nirs__VP002__cnt_wg__prefrontal__w3,evaluate,WG,1.92,0,3.113154841495825
simultaneous_eeg_nirs,VP002,simultaneous_eeg_nirs__VP002__cnt_wg__prefrontal__w3,evaluate,WG,9.4,0,3.777242588226496
simultaneous_eeg_nirs,VP002,simultaneous_eeg_nirs__VP002__cnt_wg__prefrontal__w3,evaluate,WG,15.9,0,3.355497677200066
simultaneous_eeg_nirs,VP002,simultaneous_eeg_nirs__VP002__cnt_wg__prefrontal__w3,evaluate,WG,19.3,0,3.4834346092474164
simultaneous_eeg_nirs,VP002,simultaneous_eeg_nirs__VP002__cnt_wg__prefrontal__w3,evaluate,WG,24.14,0,3.3471539674801853
simultaneous_eeg_nirs,VP002,simultaneous_eeg_nirs__VP002__cnt_wg__prefrontal__w3,evaluate,WG,27.14,0,3.09626082079192
simultaneous_eeg_nirs,VP002,simultaneous_eeg_nirs__VP002__cnt_wg__prefrontal__w3,evaluate,WG,0.26,1,3.0319031584242455
simultaneous_eeg_nirs,VP002,simultaneous_eeg_nirs__VP002__cnt_wg__prefrontal__w3,evaluate,WG,9.34,1,-4.915368689591957
simultaneous_eeg_nirs,VP002,simultaneous_eeg_nirs__VP002__cnt_wg__prefrontal__w3,evaluate,WG,10.0,1,3.0923525797276294
simultaneous_eeg_nirs,VP002,simultaneous_eeg_nirs__VP002__cnt_wg__prefrontal__w3,evaluate,WG,13.04,1,-15.857080037698054
simultaneous_eeg_nirs,VP002,simultaneous_eeg_nirs__VP002__cnt_wg__prefrontal__w3,evaluate,WG,18.54,1,3.82155438685056
simultaneous_eeg_nirs,VP002,simultaneous_eeg_nirs__VP002__cnt_wg__prefrontal__w3,evaluate,WG,20.5,1,7.101610519215838
simultaneous_eeg_nirs,VP002,simultaneous_eeg_nirs__VP002__cnt_wg__prefrontal__w3,evaluate,WG,21.02,1,-14.058882175801921
simultaneous_eeg_nirs,VP002,simultaneous_eeg_nirs__VP002__cnt_wg__prefrontal__w3,evaluate,WG,22.56,1,-4.153251128561371
simultaneous_eeg_nirs,VP002,simultaneous_eeg_nirs__VP002__cnt_wg__prefrontal__w3,evaluate,WG,25.42,1,5.042807830176186
simultaneous_eeg_nirs,VP002,simultaneous_eeg_nirs__VP002__cnt_wg__prefrontal__w3,evaluate,WG,29.64,1,-6.788452088781741
simultaneous_eeg_nirs,VP002,simultaneous_eeg_nirs__VP002__cnt_wg__prefrontal__w4,evaluate,BL,1.12,0,3.0912305682495376
simultaneous_eeg_nirs,VP002,simultaneous_eeg_nirs__VP002__cnt_wg__prefrontal__w4,evaluate,BL,2.36,0,-3.2594359852541195
simultaneous_eeg_nirs,VP002,simultaneous_eeg_nirs__VP002__cnt_wg__prefrontal__w4,evaluate,BL,3.16,0,4.030259034023294
simultaneous_eeg_nirs,VP002,simultaneous_eeg_nirs__VP002__cnt_wg__prefrontal__w4,evaluate,BL,4.86,0,3.671863991436654
simultaneous_eeg_nirs,VP002,simultaneous_eeg_nirs__VP002__cnt_wg__prefrontal__w4,evaluate,BL,7.38,0,4.316560056830964
simultaneous_eeg_nirs,VP002,simultaneous_eeg_nirs__VP002__cnt_wg__prefrontal__w4,evaluate,BL,7.92,0,3.0338707234317432
simultaneous_eeg_nirs,VP002,simultaneous_eeg_nirs__VP002__cnt_wg__prefrontal__w4,evaluate,BL,9.26,0,3.08919954437911
simultaneous_eeg_nirs,VP002,simultaneous_eeg_nirs__VP002__cnt_wg__prefrontal__w4,evaluate,BL,11.58,0,3.4325516720356375
simultaneous_eeg_nirs,VP002,simultaneous_eeg_nirs__VP002__cnt_wg__prefrontal__w4,evaluate,BL,15.88,0,3.3584712170856252
simultaneous_eeg_nirs,VP002,simultaneous_eeg_nirs__VP002__cnt_wg__prefrontal__w4,evaluate,BL,17.6,0,3.0411398006816803
simultaneous_eeg_nirs,VP002,simultaneous_eeg_nirs__VP002__cnt_wg__prefrontal__w4,evaluate,BL,20.34,0,3.7018032084604098
simultaneous_eeg_nirs,VP002,simultaneous_eeg_nirs__VP002__cnt_wg__prefrontal__w4,evaluate,BL,21.04,0,3.735169356026853
simultaneous_eeg_nirs,VP002,simultaneous_eeg_nirs__VP002__cnt_wg__prefrontal__w4,evaluate,BL,22.14,0,3.2682594120183026
simultaneous_eeg_nirs,VP002,simultaneous_eeg_nirs__VP002__cnt_wg__prefrontal__w4,evaluate,BL,23.7,0,3.358356726773881
simultaneous_eeg_nirs,VP002,simultaneous_eeg_nirs__VP002__cnt_wg__prefrontal__w4,evaluate,BL,25.1,0,3.681113174326947
simultaneous_eeg_nirs,VP002,simultaneous_eeg_nirs__VP002__cnt_wg__prefrontal__w4,evaluate,BL,25.8,0,3.3278938024044638
simultaneous_eeg_nirs,VP002,simultaneous_eeg_nirs__VP002__cnt_wg__prefrontal__w4,evaluate,BL,27.2,0,3.331799649292537
simultaneous_eeg_nirs,VP002,simultaneous_eeg_nirs__VP002__cnt_wg__prefrontal__w4,evaluate,BL,0.14,1,14.466088972073505
simultaneous_eeg_nirs,VP002,simultaneous_eeg_nirs__VP002__cnt_wg__prefrontal__w4,evaluate,BL,1.08,1,-13.408474376588266
simultaneous_eeg_nirs,VP002,simultaneous_eeg_nirs__VP002__cnt_wg__prefrontal__w4,evaluate,BL,3.12,1,-4.37290614818777
simultaneous_eeg_nirs,VP002,simultaneous_eeg_nirs__VP002__cnt_wg__prefrontal__w4,evaluate,BL,4.2,1,3.3530896597275137
simultaneous_eeg_nirs,VP002,simultaneous_eeg_nirs__VP002__cnt_wg__prefrontal__w4,evaluate,BL,4.8,1,-5.288210456740142
simultaneous_eeg_nirs,VP002,simultaneous_eeg_nirs__VP002__cnt_wg__prefrontal__w4,evaluate,BL,7.0,1,10.96095772145496
simultaneous_eeg_nirs,VP002,simultaneous_eeg_nirs__VP002__cnt_wg__prefrontal__w4,evaluate,BL,17.88,1,3.4247201176235214
simultaneous_eeg_nirs,VP002,simultaneous_eeg_nirs__VP002__cnt_wg__prefrontal__w4,evaluate,BL,19.7,1,9.732900654326404
simultaneous_eeg_nirs,VP002,simultaneous_eeg_nirs__VP002__cnt_wg__prefrontal__w4,evaluate,BL,20.3,1,-8.440313449331445
simultaneous_eeg_nirs,VP002,simultaneous_eeg_nirs__VP002__cnt_wg__prefrontal__w4,evaluate,BL,29.64,1,-4.462780450044027
simultaneous_eeg_nirs,VP002,simultaneous_eeg_nirs__VP002__cnt_wg__prefrontal__w5,evaluate,WG,1.36,0,3.0673499319673323
simultaneous_eeg_nirs,VP002,simultaneous_eeg_nirs__VP002__cnt_wg__prefrontal__w5,evaluate,WG,2.64,0,3.331130131914533
simultaneous_eeg_nirs,VP002,simultaneous_eeg_nirs__VP002__cnt_wg__prefrontal__w5,evaluate,WG,5.38,0,3.0345791568140643
simultaneous_eeg_nirs,VP002,simultaneous_eeg_nirs__VP002__cnt_wg__prefrontal__w5,evaluate,WG,6.14,0,3.4822281834512245
simultaneous_eeg_nirs,VP002,simultaneous_eeg_nirs__VP002__cnt_wg__prefrontal__w5,evaluate,WG,7.72,0,3.250472606714821
simultaneous_eeg_nirs,VP002,simultaneous_eeg_nirs__VP002__cnt_wg__prefrontal__w5,evaluate,WG,8.54,0,3.089087989134463
simultaneous_eeg_nirs,VP002,simultaneous_eeg_nirs__VP002__cnt_wg__prefrontal__w5,evaluate,WG,9.96,0,3.2713485356753296
simultaneous_eeg_nirs,VP002,simultaneous_eeg_nirs__VP002__cnt_wg__prefrontal__w5,evaluate,WG,11.76,0,3.017699669752852
simultaneous_eeg_nirs,VP002,simultaneous_eeg_nirs__VP002__cnt_wg__prefrontal__w5,evaluate,WG,13.6,0,3.044372651316835
simultaneous_eeg_nirs,VP002,simultaneous_eeg_nirs__VP002__cnt_wg__prefrontal__w5,evaluate,WG,24.04,0,3.125974491507711
simultaneous_eeg_nirs,VP002,simultaneous_eeg_nirs__VP002__cnt_wg__prefrontal__w5,evaluate,WG,24.04,1,-9.092003801269382
simultaneous_eeg_nirs,VP002,simultaneous_eeg_nirs__VP002__cnt_wg__prefrontal__w5,evaluate,WG,29.96,1,6.634610109687369
simultaneous_eeg_nirs,VP002,simultaneous_eeg_nirs__VP002__cnt_wg__prefrontal__w6,evaluate,BL,5.52,0,4.38854107252146
simultaneous_eeg_nirs,VP002,simultaneous_eeg_nirs__VP002__cnt_wg__prefrontal__w6,evaluate,BL,6.2,0,3.2613885674766583
simultaneous_eeg_nirs,VP002,simultaneous_eeg_nirs__VP002__cnt_wg__prefrontal__w6,evaluate,BL,7.32,0,3.257293738655929
simultaneous_eeg_nirs,VP002,simultaneous_eeg_nirs__VP002__cnt_wg__prefrontal__w6,evaluate,BL,9.46,0,3.3098426113350694
simultaneous_eeg_nirs,VP002,simultaneous_eeg_nirs__VP002__cnt_wg__prefrontal__w6,evaluate,BL,10.96,0,3.578089734931224
simultaneous_eeg_nirs,VP002,simultaneous_eeg_nirs__VP002__cnt_wg__prefrontal__w6,evaluate,BL,14.42,0,3.7518500502314955
simultaneous_eeg_nirs,VP002,simultaneous_eeg_nirs__VP002__cnt_wg__prefrontal__w6,evaluate,BL,15.72,0,3.155262087857303
simultaneous_eeg_nirs,VP002,simultaneous_eeg_nirs__VP002__cnt_wg__prefrontal__w6,evaluate,BL,23.8,0,3.871424169795659
simultaneous_eeg_nirs,VP002,simultaneous_eeg_nirs__VP002__cnt_wg__prefrontal__w6,evaluate,BL,25.5,0,3.1998079155673267
simultaneous_eeg_nirs,VP002,simultaneous_eeg_nirs__VP002__cnt_wg__prefrontal__w6,evaluate,BL,27.52,0,4.357910057800134
simultaneous_eeg_nirs,VP002,simultaneous_eeg_nirs__VP002__cnt_wg__prefrontal__w6,evaluate,BL,0.14,1,3.4372456431821092
simultaneous_eeg_nirs,VP002,simultaneous_eeg_nirs__VP002__cnt_wg__prefrontal__w6,evaluate,BL,0.64,1,-9.58683065963223
simultaneous_eeg_nirs,VP002,simultaneous_eeg_nirs__VP002__cnt_wg__prefrontal__w6,evaluate,BL,1.72,1,-3.0663686444376204
simultaneous_eeg_nirs,VP002,simultaneous_eeg_nirs__VP002__cnt_wg__prefrontal__w6,evaluate,BL,4.16,1,3.4865395842158082
simultaneous_eeg_nirs,VP002,simultaneous_eeg_nirs__VP002__cnt_wg__prefrontal__w6,evaluate,BL,5.44,1,-4.3229081397864775
simultaneous_eeg_nirs,VP002,simultaneous_eeg_nirs__VP002__cnt_wg__prefrontal__w6,evaluate,BL,6.14,1,-3.1283429110293355
simultaneous_eeg_nirs,VP002,simultaneous_eeg_nirs__VP002__cnt_wg__prefrontal__w6,evaluate,BL,6.96,1,4.432729578932859
simultaneous_eeg_nirs,VP002,simultaneous_eeg_nirs__VP002__cnt_wg__prefrontal__w6,evaluate,BL,10.04,1,-7.1647129839929935
simultaneous_eeg_nirs,VP002,simultaneous_eeg_nirs__VP002__cnt_wg__prefrontal__w6,evaluate,BL,11.02,1,5.059990188106404
simultaneous_eeg_nirs,VP002,simultaneous_eeg_nirs__VP002__cnt_wg__prefrontal__w6,evaluate,BL,21.6,1,-3.050190566321437
simultaneous_eeg_nirs,VP002,simultaneous_eeg_nirs__VP002__cnt_wg__prefrontal__w6,evaluate,BL,23.48,1,-14.164380779453772
simultaneous_eeg_nirs,VP002,simultaneous_eeg_nirs__VP002__cnt_wg__prefrontal__w6,evaluate,BL,24.86,1,6.816712632257176
simultaneous_eeg_nirs,VP002,simultaneous_eeg_nirs__VP002__cnt_wg__prefrontal__w6,evaluate,BL,25.84,1,9.26265805473702
simultaneous_eeg_nirs,VP002,simultaneous_eeg_nirs__VP002__cnt_wg__prefrontal__w6,evaluate,BL,27.48,1,-9.990011469413243
simultaneous_eeg_nirs,VP002,simultaneous_eeg_nirs__VP002__cnt_wg__prefrontal__w6,evaluate,BL,27.98,1,-5.232440613814775
simultaneous_eeg_nirs,VP002,simultaneous_eeg_nirs__VP002__cnt_wg__prefrontal__w6,evaluate,BL,29.54,1,-9.623036768704218
simultaneous_eeg_nirs,VP002,simultaneous_eeg_nirs__VP002__cnt_wg__prefrontal__w7,evaluate,WG,2.72,0,3.423213858164959
simultaneous_eeg_nirs,VP002,simultaneous_eeg_nirs__VP002__cnt_wg__prefrontal__w7,evaluate,WG,5.42,0,3.25787530389139
simultaneous_eeg_nirs,VP002,simultaneous_eeg_nirs__VP002__cnt_wg__prefrontal__w7,evaluate,WG,10.52,0,3.0295340337706653
simultaneous_eeg_nirs,VP002,simultaneous_eeg_nirs__VP002__cnt_wg__prefrontal__w7,evaluate,WG,15.8,0,4.150442859424721
simultaneous_eeg_nirs,VP002,simultaneous_eeg_nirs__VP002__cnt_wg__prefrontal__w7,evaluate,WG,17.18,0,4.4682512100430865
simultaneous_eeg_nirs,VP002,simultaneous_eeg_nirs__VP002__cnt_wg__prefrontal__w7,evaluate,WG,19.76,0,3.3661452955583693
simultaneous_eeg_nirs,VP002,simultaneous_eeg_nirs__VP002__cnt_wg__prefrontal__w7,evaluate,WG,21.42,0,3.3911680360822123
simultaneous_eeg_nirs,VP002,simultaneous_eeg_nirs__VP002__cnt_wg__prefrontal__w7,evaluate,WG,22.82,0,3.08172446566133
simultaneous_eeg_nirs,VP002,simultaneous_eeg_nirs__VP002__cnt_wg__prefrontal__w7,evaluate,WG,23.96,0,3.1280583242656084
simultaneous_eeg_nirs,VP002,simultaneous_eeg_nirs__VP002__cnt_wg__prefrontal__w7,evaluate,WG,25.4,0,3.1854687272477045
simultaneous_eeg_nirs,VP002,simultaneous_eeg_nirs__VP002__cnt_wg__prefrontal__w7,evaluate,WG,29.58,0,3.0782497701390263
simultaneous_eeg_nirs,VP002,simultaneous_eeg_nirs__VP002__cnt_wg__prefrontal__w7,evaluate,WG,0.12,1,15.536541532413535
simultaneous_eeg_nirs,VP002,simultaneous_eeg_nirs__VP002__cnt_wg__prefrontal__w7,evaluate,WG,2.26,1,-19.057732904571527
simultaneous_eeg_nirs,VP002,simultaneous_eeg_nirs__VP002__cnt_wg__prefrontal__w7,evaluate,WG,16.26,1,7.067682572828046
simultaneous_eeg_nirs,VP002,simultaneous_eeg_nirs__VP002__cnt_wg__prefrontal__w7,evaluate,WG,16.8,1,9.37295658061888
simultaneous_eeg_nirs,VP002,simultaneous_eeg_nirs__VP002__cnt_wg__prefrontal__w7,evaluate,WG,17.82,1,14.370622989942866
simultaneous_eeg_nirs,VP002,simultaneous_eeg_nirs__VP002__cnt_wg__prefrontal__w7,evaluate,WG,18.38,1,-6.669403530666234
simultaneous_eeg_nirs,VP002,simultaneous_eeg_nirs__VP002__cnt_wg__prefrontal__w7,evaluate,WG,19.46,1,-8.619729744838002
simultaneous_eeg_nirs,VP002,simultaneous_eeg_nirs__VP002__cnt_wg__prefrontal__w7,evaluate,WG,20.1,1,-4.118035426241127
simultaneous_eeg_nirs,VP002,simultaneous_eeg_nirs__VP002__cnt_wg__prefrontal__w7,evaluate,WG,29.74,1,3.4194420155541003
simultaneous_eeg_nirs,VP003,simultaneous_eeg_nirs__VP003__cnt_wg__prefrontal__w0,train,BL,2.16,0,4.425465385658897
simultaneous_eeg_nirs,VP003,simultaneous_eeg_nirs__VP003__cnt_wg__prefrontal__w0,train,BL,3.6,0,4.567152865095939
simultaneous_eeg_nirs,VP003,simultaneous_eeg_nirs__VP003__cnt_wg__prefrontal__w0,train,BL,5.46,0,4.06398584383211
simultaneous_eeg_nirs,VP003,simultaneous_eeg_nirs__VP003__cnt_wg__prefrontal__w0,train,BL,8.52,0,5.177546473426363
simultaneous_eeg_nirs,VP003,simultaneous_eeg_nirs__VP003__cnt_wg__prefrontal__w0,train,BL,9.86,0,4.323351028319478
simultaneous_eeg_nirs,VP003,simultaneous_eeg_nirs__VP003__cnt_wg__prefrontal__w0,train,BL,12.38,0,5.067916171883984
simultaneous_eeg_nirs,VP003,simultaneous_eeg_nirs__VP003__cnt_wg__prefrontal__w0,train,BL,14.76,0,3.6741657572697743
simultaneous_eeg_nirs,VP003,simultaneous_eeg_nirs__VP003__cnt_wg__prefrontal__w0,train,BL,19.8,0,3.841335229633128
simultaneous_eeg_nirs,VP003,simultaneous_eeg_nirs__VP003__cnt_wg__prefrontal__w0,train,BL,23.76,0,3.238272372815749
simultaneous_eeg_nirs,VP003,simultaneous_eeg_nirs__VP003__cnt_wg__prefrontal__w0,train,BL,27.76,0,4.422480990675627
simultaneous_eeg_nirs,VP003,simultaneous_eeg_nirs__VP003__cnt_wg__prefrontal__w0,train,BL,2.14,1,3.334258247955343
simultaneous_eeg_nirs,VP003,simultaneous_eeg_nirs__VP003__cnt_wg__prefrontal__w0,train,BL,3.68,1,4.599852814335673
simultaneous_eeg_nirs,VP003,simultaneous_eeg_nirs__VP003__cnt_wg__prefrontal__w0,train,BL,4.4,1,4.436479634159981
simultaneous_eeg_nirs,VP003,simultaneous_eeg_nirs__VP003__cnt_wg__prefrontal__w0,train,BL,5.0,1,-9.168525187923276
simultaneous_eeg_nirs,VP003,simultaneous_eeg_nirs__VP003__cnt_wg__prefrontal__w0,train,BL,7.14,1,-3.1284635448258764
simultaneous_eeg_nirs,VP003,simultaneous_eeg_nirs__VP003__cnt_wg__prefrontal__w0,train,BL,8.6,1,4.520707421430852
simultaneous_eeg_nirs,VP003,simultaneous_eeg_nirs__VP003__cnt_wg__prefrontal__w0,train,BL,9.92,1,4.735564181735659
simultaneous_eeg_nirs,VP003,simultaneous_eeg_nirs__VP003__cnt_wg__prefrontal__w0,train,BL,11.56,1,-3.247581050515105
simultaneous_eeg_nirs,VP003,simultaneous_eeg_nirs__VP003__cnt_wg__prefrontal__w0,train,BL,12.48,1,8.729863001010076
simultaneous_eeg_nirs,VP003,simultaneous_eeg_nirs__VP003__cnt_wg__prefrontal__w0,train,BL,14.72,1,-3.197028212791358
simultaneous_eeg_nirs,VP003,simultaneous_eeg_nirs__VP003__cnt_wg__prefrontal__w0,train,BL,16.04,1,-3.8488906166978962
simultaneous_eeg_nirs,VP003,simultaneous_eeg_nirs__VP003__cnt_wg__prefrontal__w0,train,BL,17.12,1,-3.624267468808705
simultaneous_eeg_nirs,VP003,simultaneous_eeg_nirs__VP003__cnt_wg__prefrontal__w0,train,BL,22.6,1,-6.149885423581992
simultaneous_eeg_nirs,VP003,simultaneous_eeg_nirs__VP003__cnt_wg__prefrontal__w0,train,BL,25.14,1,4.31587944358215
simultaneous_eeg_nirs,VP003,simultaneous_eeg_nirs__VP003__cnt_wg__prefrontal__w0,train,BL,29.08,1,4.4799563548630115
simultaneous_eeg_nirs,VP003,simultaneous_eeg_nirs__VP003__cnt_wg__prefrontal__w0,train,BL,29.82,1,-6.349811774999978
simultaneous_eeg_nirs,VP003,simultaneous_eeg_nirs__VP003__cnt_wg__prefrontal__w1,train,WG,1.82,0,3.679832110490419
simultaneous_eeg_nirs,VP003,simultaneous_eeg_nirs__VP003__cnt_wg__prefrontal__w1,train,WG,4.04,0,3.641308753569383
simultaneous_eeg_nirs,VP003,simultaneous_eeg_nirs__VP003__cnt_wg__prefrontal__w1,train,WG,9.02,0,3.567815209829982
simultaneous_eeg_nirs,VP003,simultaneous_eeg_nirs__VP003__cnt_wg__prefrontal__w1,train,WG,11.56,0,3.1583312063383353
simultaneous_eeg_nirs,VP003,simultaneous_eeg_nirs__VP003__cnt_wg__prefrontal__w1,train,WG,15.7,0,3.75156038562275
simultaneous_eeg_nirs,VP003,simultaneous_eeg_nirs__VP003__cnt_wg__prefrontal__w1,train,WG,18.02,0,4.17607691705176
simultaneous_eeg_nirs,VP003,simultaneous_eeg_nirs__VP003__cnt_wg__prefrontal__w1,train,WG,21.94,0,3.2670240886578683
simultaneous_eeg_nirs,VP003,simultaneous_eeg_nirs__VP003__cnt_wg__prefrontal__w1,train,WG,27.04,0,4.163115634527782
simultaneous_eeg_nirs,VP003,simultaneous_eeg_nirs__VP003__cnt_wg__prefrontal__w1,train,WG,0.56,1,-7.177676164932321
simultaneous_eeg_nirs,VP003,simultaneous_eeg_nirs__VP003__cnt_wg__prefrontal__w1,train,WG,4.02,1,-6.300220379395727
simultaneous_eeg_nirs,VP003,simultaneous_eeg_nirs__VP003__cnt_wg__prefrontal__w1,train,WG,9.08,1,3.9874250274139906
simultaneous_eeg_nirs,VP003,simultaneous_eeg_nirs__VP003__cnt_wg__prefrontal__w1,train,WG,9.92,1,-3.2836759107640705
simultaneous_eeg_nirs,VP003,simultaneous_eeg_nirs__VP003__cnt_wg__prefrontal__w1,train,WG,10.72,1,4.098295296280114
simultaneous_eeg_nirs,VP003,simultaneous_eeg_nirs__VP003__cnt_wg__prefrontal__w1,train,WG,11.62,1,5.8179282161225965
simultaneous_eeg_nirs,VP003,simultaneous_eeg_nirs__VP003__cnt_wg__prefrontal__w1,train,WG,15.64,1,4.314333444498931
simultaneous_eeg_nirs,VP003,simultaneous_eeg_nirs__VP003__cnt_wg__prefrontal__w1,train,WG,19.26,1,4.745145756190956
simultaneous_eeg_nirs,VP003,simultaneous_eeg_nirs__VP003__cnt_wg__prefrontal__w1,train,WG,21.9,1,-3.2781621362686484
simultaneous_eeg_nirs,VP003,simultaneous_eeg_nirs__VP003__cnt_wg__prefrontal__w1,train,WG,23.46,1,8.962872469868174
simultaneous_eeg_nirs,VP003,simultaneous_eeg_nirs__VP003__cnt_wg__prefrontal__w1,train,WG,24.48,1,13.727631144155247
simultaneous_eeg_nirs,VP003,simultaneous_eeg_nirs__VP003__cnt_wg__prefrontal__w1,train,WG,27.0,1,-5.7964926461157145
simultaneous_eeg_nirs,VP003,simultaneous_eeg_nirs__VP003__cnt_wg__prefrontal__w2,train,BL,2.08,0,4.140410167888299
simultaneous_eeg_nirs,VP003,simultaneous_eeg_nirs__VP003__cnt_wg__prefrontal__w2,train,BL,2.68,0,-3.015905252242549
simultaneous_eeg_nirs,VP003,simultaneous_eeg_nirs__VP003__cnt_wg__prefrontal__w2,train,BL,3.18,0,3.8955071136043413
simultaneous_eeg_nirs,VP003,simultaneous_eeg_nirs__VP003__cnt_wg__prefrontal__w2,train,BL,8.2,0,4.4915094464994265
simultaneous_eeg_nirs,VP003,simultaneous_eeg_nirs__VP003__cnt_wg__prefrontal__w2,train,BL,16.1,0,4.070122318762246
simultaneous_eeg_nirs,VP003,simultaneous_eeg_nirs__VP003__cnt_wg__prefrontal__w2,train,BL,20.04,0,4.587285477917475
simultaneous_eeg_nirs,VP003,simultaneous_eeg_nirs__VP003__cnt_wg__prefrontal__w2,train,BL,24.4,0,3.537101239963655
simultaneous_eeg_nirs,VP003,simultaneous_eeg_nirs__VP003__cnt_wg__prefrontal__w2,train,BL,0.72,1,5.658208657972406
simultaneous_eeg_nirs,VP003,simultaneous_eeg_nirs__VP003__cnt_wg__prefrontal__w2,train,BL,1.32,1,18.82562192332165
simultaneous_eeg_nirs,VP003,simultaneous_eeg_nirs__VP003__cnt_wg__prefrontal__w2,train,BL,2.2,1,-4.05231808138701
simultaneous_eeg_nirs,VP003,simultaneous_eeg_nirs__VP003__cnt_wg__prefrontal__w2,train,BL,2.9,1,3.5990343585354205
simultaneous_eeg_nirs,VP003,simultaneous_eeg_nirs__VP003__cnt_wg__prefrontal__w2,train,BL,3.78,1,-5.687436096928555
simultaneous_eeg_nirs,VP003,simultaneous_eeg_nirs__VP003__cnt_wg__prefrontal__w2,train,BL,10.18,1,5.980021039925091
simultaneous_eeg_nirs,VP003,simultaneous_eeg_nirs__VP003__cnt_wg__prefrontal__w2,train,BL,10.78,1,-4.767689872282731
simultaneous_eeg_nirs,VP003,simultaneous_eeg_nirs__VP003__cnt_wg__prefrontal__w2,train,BL,14.62,1,-7.837122140538019
simultaneous_eeg_nirs,VP003,simultaneous_eeg_nirs__VP003__cnt_wg__prefrontal__w2,train,BL,15.44,1,6.864192144979158
simultaneous_eeg_nirs,VP003,simultaneous_eeg_nirs__VP003__cnt_wg__prefrontal__w2,train,BL,16.08,1,-5.234787065544765
simultaneous_eeg_nirs,VP003,simultaneous_eeg_nirs__VP003__cnt_wg__prefrontal__w2,train,BL,16.92,1,3.5335499996765947
simultaneous_eeg_nirs,VP003,simultaneous_eeg_nirs__VP003__cnt_wg__prefrontal__w2,train,BL,17.6,1,-3.522632042591364
simultaneous_eeg_nirs,VP003,simultaneous_eeg_nirs__VP003__cnt_wg__prefrontal__w2,train,BL,21.56,1,3.054456033287175
simultaneous_eeg_nirs,VP003,simultaneous_eeg_nirs__VP003__cnt_wg__prefrontal__w2,train,BL,22.52,1,-7.612132657143638
simultaneous_eeg_nirs,VP003,simultaneous_eeg_nirs__VP003__cnt_wg__prefrontal__w2,train,BL,24.44,1,4.686710558153764
simultaneous_eeg_nirs,VP003,simultaneous_eeg_nirs__VP003__cnt_wg__prefrontal__w2,train,BL,25.84,1,-3.8682879310753706
simultaneous_eeg_nirs,VP003,simultaneous_eeg_nirs__VP003__cnt_wg__prefrontal__w3,train,BL,1.34,0,3.57935853450303
simultaneous_eeg_nirs,VP003,simultaneous_eeg_nirs__VP003__cnt_wg__prefrontal__w3,train,BL,4.24,0,3.686450637553207
simultaneous_eeg_nirs,VP003,simultaneous_eeg_nirs__VP003__cnt_wg__prefrontal__w3,train,BL,9.28,0,4.032863540320347
simultaneous_eeg_nirs,VP003,simultaneous_eeg_nirs__VP003__cnt_wg__prefrontal__w3,train,BL,14.48,0,5.56383183678961
simultaneous_eeg_nirs,VP003,simultaneous_eeg_nirs__VP003__cnt_wg__prefrontal__w3,train,BL,16.24,0,4.83098273496363
simultaneous_eeg_nirs,VP003,simultaneous_eeg_nirs__VP003__cnt_wg__prefrontal__w3,train,BL,17.08,0,3.8190141062948926
simultaneous_eeg_nirs,VP003,simultaneous_eeg_nirs__VP003__cnt_wg__prefrontal__w3,train,BL,18.2,0,3.9585854899223545
simultaneous_eeg_nirs,VP003,simultaneous_eeg_nirs__VP003__cnt_wg__prefrontal__w3,train,BL,25.02,0,5.227993661175255
simultaneous_eeg_nirs,VP003,simultaneous_eeg_nirs__VP003__cnt_wg__prefrontal__w3,train,BL,28.28,0,4.1633475682439975
simultaneous_eeg_nirs,VP003,simultaneous_eeg_nirs__VP003__cnt_wg__prefrontal__w3,train,BL,1.3,1,-5.154484247607898
simultaneous_eeg_nirs,VP003,simultaneous_eeg_nirs__VP003__cnt_wg__prefrontal__w3,train,BL,4.18,1,4.203487933933298
simultaneous_eeg_nirs,VP003,simultaneous_eeg_nirs__VP003__cnt_wg__prefrontal__w3,train,BL,9.22,1,-3.18913528974646
simultaneous_eeg_nirs,VP003,simultaneous_eeg_nirs__VP003__cnt_wg__prefrontal__w3,train,BL,9.86,1,4.036342769368256
simultaneous_eeg_nirs,VP003,simultaneous_eeg_nirs__VP003__cnt_wg__prefrontal__w3,train,BL,12.3,1,-3.0885539747070063
simultaneous_eeg_nirs,VP003,simultaneous_eeg_nirs__VP003__cnt_wg__prefrontal__w3,train,BL,14.5,1,8.79654077802125
simultaneous_eeg_nirs,VP003,simultaneous_eeg_nirs__VP003__cnt_wg__prefrontal__w3,train,BL,15.38,1,-15.988339175079505
simultaneous_eeg_nirs,VP003,simultaneous_eeg_nirs__VP003__cnt_wg__prefrontal__w3,train,BL,15.92,1,4.195273917260861
simultaneous_eeg_nirs,VP003,simultaneous_eeg_nirs__VP003__cnt_wg__prefrontal__w3,train,BL,18.32,1,4.898222748893779
simultaneous_eeg_nirs,VP003,simultaneous_eeg_nirs__VP003__cnt_wg__prefrontal__w3,train,BL,25.08,1,5.432559114981808
simultaneous_eeg_nirs,VP003,simultaneous_eeg_nirs__VP003__cnt_wg__prefrontal__w3,train,BL,25.74,1,-4.372207270844699
simultaneous_eeg_nirs,VP003,simultaneous_eeg_nirs__VP003__cnt_wg__prefrontal__w3,train,BL,27.64,1,-3.34593385259486
simultaneous_eeg_nirs,VP003,simultaneous_eeg_nirs__VP003__cnt_wg__prefrontal__w3,train,BL,28.7,1,10.313351654521833
simultaneous_eeg_nirs,VP003,simultaneous_eeg_nirs__VP003__cnt_wg__prefrontal__w3,train,BL,29.2,1,-12.334145599492437
simultaneous_eeg_nirs,VP003,simultaneous_eeg_nirs__VP003__cnt_wg__prefrontal__w4,train,BL,3.0,0,4.2095467513450044
simultaneous_eeg_nirs,VP003,simultaneous_eeg_nirs__VP003__cnt_wg__prefrontal__w4,train,BL,9.0,0,3.209873499351268
simultaneous_eeg_nirs,VP003,simultaneous_eeg_nirs__VP003__cnt_wg__prefrontal__w4,train,BL,14.26,0,4.991624973404182
simultaneous_eeg_nirs,VP003,simultaneous_eeg_nirs__VP003__cnt_wg__prefrontal__w4,train,BL,17.9,0,4.490618448409741
simultaneous_eeg_nirs,VP003,simultaneous_eeg_nirs__VP003__cnt_wg__prefrontal__w4,train,BL,24.2,0,3.108025070052591
simultaneous_eeg_nirs,VP003,simultaneous_eeg_nirs__VP003__cnt_wg__prefrontal__w4,train,BL,1.24,1,-11.71031267665673
simultaneous_eeg_nirs,VP003,simultaneous_eeg_nirs__VP003__cnt_wg__prefrontal__w4,train,BL,2.94,1,-6.122281488403447
simultaneous_eeg_nirs,VP003,simultaneous_eeg_nirs__VP003__cnt_wg__prefrontal__w4,train,BL,7.04,1,3.931671011532327
simultaneous_eeg_nirs,VP003,simultaneous_eeg_nirs__VP003__cnt_wg__prefrontal__w4,train,BL,7.88,1,-7.763806620234045
simultaneous_eeg_nirs,VP003,simultaneous_eeg_nirs__VP003__cnt_wg__prefrontal__w4,train,BL,8.48,1,5.052863349651938
simultaneous_eeg_nirs,VP003,simultaneous_eeg_nirs__VP003__cnt_wg__prefrontal__w4,train,BL,16.1,1,-3.5948656561512027
simultaneous_eeg_nirs,VP003,simultaneous_eeg_nirs__VP003__cnt_wg__prefrontal__w4,train,BL,17.28,1,-4.065374682183676
simultaneous_eeg_nirs,VP003,simultaneous_eeg_nirs__VP003__cnt_wg__prefrontal__w4,train,BL,20.82,1,3.894968741799747
simultaneous_eeg_nirs,VP003,simultaneous_eeg_nirs__VP003__cnt_wg__prefrontal__w4,train,BL,22.4,1,-5.426948880318098
simultaneous_eeg_nirs,VP003,simultaneous_eeg_nirs__VP003__cnt_wg__prefrontal__w4,train,BL,26.72,1,3.8713158588302745
simultaneous_eeg_nirs,VP003,simultaneous_eeg_nirs__VP003__cnt_wg__prefrontal__w4,train,BL,28.46,1,4.051778413290051
simultaneous_eeg_nirs,VP003,simultaneous_eeg_nirs__VP003__cnt_wg__prefrontal__w5,train,WG,3.56,0,3.7932785878566646
simultaneous_eeg_nirs,VP003,simultaneous_eeg_nirs__VP003__cnt_wg__prefrontal__w5,train,WG,4.28,0,3.8498583211619515
simultaneous_eeg_nirs,VP003,simultaneous_eeg_nirs__VP003__cnt_wg__prefrontal__w5,train,WG,5.56,0,5.017058906454386
simultaneous_eeg_nirs,VP003,simultaneous_eeg_nirs__VP003__cnt_wg__prefrontal__w5,train,WG,11.1,0,4.133537147805369
simultaneous_eeg_nirs,VP003,simultaneous_eeg_nirs__VP003__cnt_wg__prefrontal__w5,train,WG,15.52,0,3.2327320760868465
simultaneous_eeg_nirs,VP003,simultaneous_eeg_nirs__VP003__cnt_wg__prefrontal__w5,train,WG,17.64,0,3.4734534410772233
simultaneous_eeg_nirs,VP003,simultaneous_eeg_nirs__VP003__cnt_wg__prefrontal__w5,train,WG,19.7,0,3.0920912972054806
simultaneous_eeg_nirs,VP003,simultaneous_eeg_nirs__VP003__cnt_wg__prefrontal__w5,train,WG,21.52,0,3.4229275415487
simultaneous_eeg_nirs,VP003,simultaneous_eeg_nirs__VP003__cnt_wg__prefrontal__w5,train,WG,24.78,0,5.358558794675866
simultaneous_eeg_nirs,VP003,simultaneous_eeg_nirs__VP003__cnt_wg__prefrontal__w5,train,WG,1.3,1,-8.276034456379282
simultaneous_eeg_nirs,VP003,simultaneous_eeg_nirs__VP003__cnt_wg__prefrontal__w5,train,WG,3.64,1,5.435481503318924
simultaneous_eeg_nirs,VP003,simultaneous_eeg_nirs__VP003__cnt_wg__prefrontal__w5,train,WG,11.14,1,7.842186935664479
simultaneous_eeg_nirs,VP003,simultaneous_eeg_nirs__VP003__cnt_wg__prefrontal__w5,train,WG,11.78,1,3.927048426028378
simultaneous_eeg_nirs,VP003,simultaneous_eeg_nirs__VP003__cnt_wg__prefrontal__w5,train,WG,12.52,1,-3.776297824309698
simultaneous_eeg_nirs,VP003,simultaneous_eeg_nirs__VP003__cnt_wg__prefrontal__w5,train,WG,13.64,1,4.98227153831829
simultaneous_eeg_nirs,VP003,simultaneous_eeg_nirs__VP003__cnt_wg__prefrontal__w5,train,WG,17.58,1,5.198421569183811
simultaneous_eeg_nirs,VP003,simultaneous_eeg_nirs__VP003__cnt_wg__prefrontal__w5,train,WG,18.26,1,-3.282678464678719
simultaneous_eeg_nirs,VP003,simultaneous_eeg_nirs__VP003__cnt_wg__prefrontal__w5,train,WG,19.76,1,3.4459957371946683
simultaneous_eeg_nirs,VP003,simultaneous_eeg_nirs__VP003__cnt_wg__prefrontal__w5,train,WG,20.4,1,5.208410842613396
simultaneous_eeg_nirs,VP003,simultaneous_eeg_nirs__VP003__cnt_wg__prefrontal__w5,train,WG,21.02,1,-5.702929728209872
simultaneous_eeg_nirs,VP003,simultaneous_eeg_nirs__VP003__cnt_wg__prefrontal__w5,train,WG,21.58,1,-3.884090981017417
simultaneous_eeg_nirs,VP003,simultaneous_eeg_nirs__VP003__cnt_wg__prefrontal__w5,train,WG,22.5,1,-4.158693259713395
simultaneous_eeg_nirs,VP003,simultaneous_eeg_nirs__VP003__cnt_wg__prefrontal__w5,train,WG,24.48,1,7.394219691005095
simultaneous_eeg_nirs,VP003,simultaneous_eeg_nirs__VP003__cnt_wg__prefrontal__w5,train,WG,26.58,1,8.425368023199093
simultaneous_eeg_nirs,VP003,simultaneous_eeg_nirs__VP003__cnt_wg__prefrontal__w5,train,WG,28.74,1,-5.203621196584456
simultaneous_eeg_nirs,VP003,simultaneous_eeg_nirs__VP003__cnt_wg__prefrontal__w5,train,WG,29.56,1,-9.74156868120909
simultaneous_eeg_nirs,VP003,simultaneous_eeg_nirs__VP003__cnt_wg__prefrontal__w6,train,BL,1.82,0,3.9556199993550463
simultaneous_eeg_nirs,VP003,simultaneous_eeg_nirs__VP003__cnt_wg__prefrontal__w6,train,BL,9.14,0,4.74847208174425
simultaneous_eeg_nirs,VP003,simultaneous_eeg_nirs__VP003__cnt_wg__prefrontal__w6,train,BL,15.34,0,4.039791377390741
simultaneous_eeg_nirs,VP003,simultaneous_eeg_nirs__VP003__cnt_wg__prefrontal__w6,train,BL,19.96,0,4.462976988845241
simultaneous_eeg_nirs,VP003,simultaneous_eeg_nirs__VP003__cnt_wg__prefrontal__w6,train,BL,25.96,0,3.6903872663772432
simultaneous_eeg_nirs,VP003,simultaneous_eeg_nirs__VP003__cnt_wg__prefrontal__w6,train,BL,28.36,0,3.161503503988455
simultaneous_eeg_nirs,VP003,simultaneous_eeg_nirs__VP003__cnt_wg__prefrontal__w6,train,BL,1.9,1,-4.497337687097723
simultaneous_eeg_nirs,VP003,simultaneous_eeg_nirs__VP003__cnt_wg__prefrontal__w6,train,BL,4.44,1,-5.602754952542755
simultaneous_eeg_nirs,VP003,simultaneous_eeg_nirs__VP003__cnt_wg__prefrontal__w6,train,BL,12.68,1,8.80384656875029
simultaneous_eeg_nirs,VP003,simultaneous_eeg_nirs__VP003__cnt_wg__prefrontal__w6,train,BL,15.38,1,4.695417440662817
simultaneous_eeg_nirs,VP003,simultaneous_eeg_nirs__VP003__cnt_wg__prefrontal__w6,train,BL,15.9,1,-3.362447425856034
simultaneous_eeg_nirs,VP003,simultaneous_eeg_nirs__VP003__cnt_wg__prefrontal__w6,train,BL,16.5,1,3.3520656475817945
simultaneous_eeg_nirs,VP003,simultaneous_eeg_nirs__VP003__cnt_wg__prefrontal__w6,train,BL,26.68,1,5.74591079685637
simultaneous_eeg_nirs,VP003,simultaneous_eeg_nirs__VP003__cnt_wg__prefrontal__w6,train,BL,27.22,1,-9.454707405250662
simultaneous_eeg_nirs,VP003,simultaneous_eeg_nirs__VP003__cnt_wg__prefrontal__w6,train,BL,28.3,1,-3.033160046596232
simultaneous_eeg_nirs,VP003,simultaneous_eeg_nirs__VP003__cnt_wg__prefrontal__w6,train,BL,29.44,1,-4.83861608317045
simultaneous_eeg_nirs,VP003,simultaneous_eeg_nirs__VP003__cnt_wg__prefrontal__w7,train,BL,3.78,0,3.9244638343652354
simultaneous_eeg_nirs,VP003,simultaneous_eeg_nirs__VP003__cnt_wg__prefrontal__w7,train,BL,11.34,0,3.9663622307706143
simultaneous_eeg_nirs,VP003,simultaneous_eeg_nirs__VP003__cnt_wg__prefrontal__w7,train,BL,12.38,0,4.0669859523508345
simultaneous_eeg_nirs,VP003,simultaneous_eeg_nirs__VP003__cnt_wg__prefrontal__w7,train,BL,16.02,0,3.8242413559467887
simultaneous_eeg_nirs,VP003,simultaneous_eeg_nirs__VP003__cnt_wg__prefrontal__w7,train,BL,18.38,0,3.987056766806494
simultaneous_eeg_nirs,VP003,simultaneous_eeg_nirs__VP003__cnt_wg__prefrontal__w7,train,BL,22.02,0,3.604744675490787
simultaneous_eeg_nirs,VP003,simultaneous_eeg_nirs__VP003__cnt_wg__prefrontal__w7,train,BL,25.36,0,3.915188935436887
simultaneous_eeg_nirs,VP003,simultaneous_eeg_nirs__VP003__cnt_wg__prefrontal__w7,train,BL,27.68,0,4.089059067742147
simultaneous_eeg_nirs,VP003,simultaneous_eeg_nirs__VP003__cnt_wg__prefrontal__w7,train,BL,0.28,1,-10.869476119298273
simultaneous_eeg_nirs,VP003,simultaneous_eeg_nirs__VP003__cnt_wg__prefrontal__w7,train,BL,0.82,1,-4.299024590189467
simultaneous_eeg_nirs,VP003,simultaneous_eeg_nirs__VP003__cnt_wg__prefrontal__w7,train,BL,1.62,1,13.617170912171439
simultaneous_eeg_nirs,VP003,simultaneous_eeg_nirs__VP003__cnt_wg__prefrontal__w7,train,BL,3.86,1,3.555192298325588
simultaneous_eeg_nirs,VP003,simultaneous_eeg_nirs__VP003__cnt_wg__prefrontal__w7,train,BL,4.7,1,-5.022959749834529
simultaneous_eeg_nirs,VP003,simultaneous_eeg_nirs__VP003__cnt_wg__prefrontal__w7,train,BL,5.22,1,6.9694027344084954
simultaneous_eeg_nirs,VP003,simultaneous_eeg_nirs__VP003__cnt_wg__prefrontal__w7,train,BL,8.44,1,11.60231153508164
simultaneous_eeg_nirs,VP003,simultaneous_eeg_nirs__VP003__cnt_wg__prefrontal__w7,train,BL,9.52,1,22.66590690763706
simultaneous_eeg_nirs,VP003,simultaneous_eeg_nirs__VP003__cnt_wg__prefrontal__w7,train,BL,11.4,1,4.263186233954349
simultaneous_eeg_nirs,VP003,simultaneous_eeg_nirs__VP003__cnt_wg__prefrontal__w7,train,BL,12.06,1,-7.8277048868298555
simultaneous_eeg_nirs,VP003,simultaneous_eeg_nirs__VP003__cnt_wg__prefrontal__w7,train,BL,12.92,1,-3.7038265865869
simultaneous_eeg_nirs,VP003,simultaneous_eeg_nirs__VP003__cnt_wg__prefrontal__w7,train,BL,13.8,1,-6.57302465125771
simultaneous_eeg_nirs,VP003,simultaneous_eeg_nirs__VP003__cnt_wg__prefrontal__w7,train,BL,15.96,1,-4.113852201553115
simultaneous_eeg_nirs,VP003,simultaneous_eeg_nirs__VP003__cnt_wg__prefrontal__w7,train,BL,16.88,1,10.690329695262287
simultaneous_eeg_nirs,VP003,simultaneous_eeg_nirs__VP003__cnt_wg__prefrontal__w7,train,BL,20.06,1,-12.006981708706867
simultaneous_eeg_nirs,VP003,simultaneous_eeg_nirs__VP003__cnt_wg__prefrontal__w7,train,BL,22.08,1,4.042749497115039
simultaneous_eeg_nirs,VP003,simultaneous_eeg_nirs__VP003__cnt_wg__prefrontal__w7,train,BL,22.9,1,-8.99428744513169
simultaneous_eeg_nirs,VP003,simultaneous_eeg_nirs__VP003__cnt_wg__prefrontal__w7,train,BL,25.74,1,-7.91392740354459
simultaneous_eeg_nirs,VP004,simultaneous_eeg_nirs__VP004__cnt_wg__prefrontal__w0,evaluate,BL,7.34,1,7.092156588011351
simultaneous_eeg_nirs,VP004,simultaneous_eeg_nirs__VP004__cnt_wg__prefrontal__w0,evaluate,BL,11.44,1,6.6290973891451355
simultaneous_eeg_nirs,VP004,simultaneous_eeg_nirs__VP004__cnt_wg__prefrontal__w0,evaluate,BL,17.58,1,-3.7500051897980717
simultaneous_eeg_nirs,VP004,simultaneous_eeg_nirs__VP004__cnt_wg__prefrontal__w0,evaluate,BL,19.38,1,4.451318125803238
simultaneous_eeg_nirs,VP004,simultaneous_eeg_nirs__VP004__cnt_wg__prefrontal__w0,evaluate,BL,21.12,1,9.658745043789803
simultaneous_eeg_nirs,VP004,simultaneous_eeg_nirs__VP004__cnt_wg__prefrontal__w1,evaluate,WG,10.62,0,5.31524652979067
simultaneous_eeg_nirs,VP004,simultaneous_eeg_nirs__VP004__cnt_wg__prefrontal__w1,evaluate,WG,5.24,1,3.139091486074682
simultaneous_eeg_nirs,VP004,simultaneous_eeg_nirs__VP004__cnt_wg__prefrontal__w1,evaluate,WG,6.12,1,3.3292748931040927
simultaneous_eeg_nirs,VP004,simultaneous_eeg_nirs__VP004__cnt_wg__prefrontal__w1,evaluate,WG,7.34,1,3.3712711246596605
simultaneous_eeg_nirs,VP004,simultaneous_eeg_nirs__VP004__cnt_wg__prefrontal__w1,evaluate,WG,10.84,1,-5.811105560652483
simultaneous_eeg_nirs,VP004,simultaneous_eeg_nirs__VP004__cnt_wg__prefrontal__w1,evaluate,WG,20.82,1,-4.808756345954319
simultaneous_eeg_nirs,VP004,simultaneous_eeg_nirs__VP004__cnt_wg__prefrontal__w1,evaluate,WG,21.54,1,4.745458446319213
simultaneous_eeg_nirs,VP004,simultaneous_eeg_nirs__VP004__cnt_wg__prefrontal__w1,evaluate,WG,25.24,1,-3.789397459151739
simultaneous_eeg_nirs,VP004,simultaneous_eeg_nirs__VP004__cnt_wg__prefrontal__w1,evaluate,WG,27.26,1,4.749087125481443
simultaneous_eeg_nirs,VP004,simultaneous_eeg_nirs__VP004__cnt_wg__prefrontal__w2,evaluate,WG,5.56,0,3.9727151645905856
simultaneous_eeg_nirs,VP004,simultaneous_eeg_nirs__VP004__cnt_wg__prefrontal__w2,evaluate,WG,3.46,1,3.0961923095942976
simultaneous_eeg_nirs,VP004,simultaneous_eeg_nirs__VP004__cnt_wg__prefrontal__w2,evaluate,WG,4.6,1,4.5255706271177
simultaneous_eeg_nirs,VP004,simultaneous_eeg_nirs__VP004__cnt_wg__prefrontal__w2,evaluate,WG,5.52,1,12.28516757712538
simultaneous_eeg_nirs,VP004,simultaneous_eeg_nirs__VP004__cnt_wg__prefrontal__w2,evaluate,WG,16.7,1,3.1152135222332125
simultaneous_eeg_nirs,VP004,simultaneous_eeg_nirs__VP004__cnt_wg__prefrontal__w3,evaluate,WG,5.96,1,3.9047500787755705
simultaneous_eeg_nirs,VP004,simultaneous_eeg_nirs__VP004__cnt_wg__prefrontal__w3,evaluate,WG,21.9,1,3.662643264057765
simultaneous_eeg_nirs,VP004,simultaneous_eeg_nirs__VP004__cnt_wg__prefrontal__w4,evaluate,BL,29.1,1,3.335104472823888
simultaneous_eeg_nirs,VP004,simultaneous_eeg_nirs__VP004__cnt_wg__prefrontal__w4,evaluate,BL,29.8,1,4.1897488106703875
simultaneous_eeg_nirs,VP004,simultaneous_eeg_nirs__VP004__cnt_wg__prefrontal__w5,evaluate,WG,17.16,1,-7.429609013974145
simultaneous_eeg_nirs,VP004,simultaneous_eeg_nirs__VP004__cnt_wg__prefrontal__w6,evaluate,BL,7.64,1,-3.3914216381246423
simultaneous_eeg_nirs,VP004,simultaneous_eeg_nirs__VP004__cnt_wg__prefrontal__w6,evaluate,BL,27.76,1,3.4516323075654656
simultaneous_eeg_nirs,VP004,simultaneous_eeg_nirs__VP004__cnt_wg__prefrontal__w7,evaluate,BL,0.66,1,3.280858635393149
simultaneous_eeg_nirs,VP004,simultaneous_eeg_nirs__VP004__cnt_wg__prefrontal__w7,evaluate,BL,6.38,1,-3.3876335422486306
simultaneous_eeg_nirs,VP004,simultaneous_eeg_nirs__VP004__cnt_wg__prefrontal__w7,evaluate,BL,7.1,1,5.673752587243599
simultaneous_eeg_nirs,VP004,simultaneous_eeg_nirs__VP004__cnt_wg__prefrontal__w7,evaluate,BL,7.64,1,-5.079312601440531
simultaneous_eeg_nirs,VP005,simultaneous_eeg_nirs__VP005__cnt_wg__prefrontal__w0,train,BL,1.68,0,3.85738575670415
simultaneous_eeg_nirs,VP005,simultaneous_eeg_nirs__VP005__cnt_wg__prefrontal__w0,train,BL,2.36,0,-12.693779757596142
simultaneous_eeg_nirs,VP005,simultaneous_eeg_nirs__VP005__cnt_wg__prefrontal__w0,train,BL,3.44,0,-5.461145990106224
simultaneous_eeg_nirs,VP005,simultaneous_eeg_nirs__VP005__cnt_wg__prefrontal__w0,train,BL,4.26,0,4.720396632084514
simultaneous_eeg_nirs,VP005,simultaneous_eeg_nirs__VP005__cnt_wg__prefrontal__w0,train,BL,10.68,0,3.119967060152857
simultaneous_eeg_nirs,VP005,simultaneous_eeg_nirs__VP005__cnt_wg__prefrontal__w0,train,BL,11.46,0,3.0680270872663344
simultaneous_eeg_nirs,VP005,simultaneous_eeg_nirs__VP005__cnt_wg__prefrontal__w0,train,BL,0.94,1,3.373617587959554
simultaneous_eeg_nirs,VP005,simultaneous_eeg_nirs__VP005__cnt_wg__prefrontal__w0,train,BL,1.86,1,7.827823548988582
simultaneous_eeg_nirs,VP005,simultaneous_eeg_nirs__VP005__cnt_wg__prefrontal__w0,train,BL,6.9,1,-3.5217032605497502
simultaneous_eeg_nirs,VP005,simultaneous_eeg_nirs__VP005__cnt_wg__prefrontal__w0,train,BL,8.02,1,6.0730761530390165
simultaneous_eeg_nirs,VP005,simultaneous_eeg_nirs__VP005__cnt_wg__prefrontal__w0,train,BL,8.66,1,-5.9455028560811485
simultaneous_eeg_nirs,VP005,simultaneous_eeg_nirs__VP005__cnt_wg__prefrontal__w0,train,BL,9.62,1,9.042434103241717
simultaneous_eeg_nirs,VP005,simultaneous_eeg_nirs__VP005__cnt_wg__prefrontal__w0,train,BL,10.7,1,8.090744681243082
simultaneous_eeg_nirs,VP005,simultaneous_eeg_nirs__VP005__cnt_wg__prefrontal__w0,train,BL,11.44,1,-11.218898067401112
simultaneous_eeg_nirs,VP005,simultaneous_eeg_nirs__VP005__cnt_wg__prefrontal__w0,train,BL,12.24,1,4.533482892091828
simultaneous_eeg_nirs,VP005,simultaneous_eeg_nirs__VP005__cnt_wg__prefrontal__w0,train,BL,12.86,1,-3.7988457056678744
simultaneous_eeg_nirs,VP005,simultaneous_eeg_nirs__VP005__cnt_wg__prefrontal__w0,train,BL,13.66,1,-5.535713384014845
simultaneous_eeg_nirs,VP005,simultaneous_eeg_nirs__VP005__cnt_wg__prefrontal__w0,train,BL,14.42,1,8.693024346236811
simultaneous_eeg_nirs,VP005,simultaneous_eeg_nirs__VP005__cnt_wg__prefrontal__w0,train,BL,15.46,1,-6.212116225519486
simultaneous_eeg_nirs,VP005,simultaneous_eeg_nirs__VP005__cnt_wg__prefrontal__w0,train,BL,16.26,1,-3.611543344014133
simultaneous_eeg_nirs,VP005,simultaneous_eeg_nirs__VP005__cnt_wg__prefrontal__w0,train,BL,18.68,1,5.089951870939073
simultaneous_eeg_nirs,VP005,simultaneous_eeg_nirs__VP005__cnt_wg__prefrontal__w0,train,BL,25.88,1,3.1146714475095454
simultaneous_eeg_nirs,VP005,simultaneous_eeg_nirs__VP005__cnt_wg__prefrontal__w0,train,BL,26.66,1,-5.6828637613110375
simultaneous_eeg_nirs,VP005,simultaneous_eeg_nirs__VP005__cnt_wg__prefrontal__w1,train,WG,1.6,0,3.056268382113812
simultaneous_eeg_nirs,VP005,simultaneous_eeg_nirs__VP005__cnt_wg__prefrontal__w1,train,WG,10.16,0,3.262121361204139
simultaneous_eeg_nirs,VP005,simultaneous_eeg_nirs__VP005__cnt_wg__prefrontal__w1,train,WG,11.2,0,3.502224558148976
simultaneous_eeg_nirs,VP005,simultaneous_eeg_nirs__VP005__cnt_wg__prefrontal__w1,train,WG,17.48,0,3.0321662627463493
simultaneous_eeg_nirs,VP005,simultaneous_eeg_nirs__VP005__cnt_wg__prefrontal__w1,train,WG,21.2,0,3.0372306439099948
simultaneous_eeg_nirs,VP005,simultaneous_eeg_nirs__VP005__cnt_wg__prefrontal__w1,train,WG,22.1,0,3.2372483935741254
simultaneous_eeg_nirs,VP005,simultaneous_eeg_nirs__VP005__cnt_wg__prefrontal__w1,train,WG,28.52,0,3.0098602621318107
simultaneous_eeg_nirs,VP005,simultaneous_eeg_nirs__VP005__cnt_wg__prefrontal__w1,train,WG,0.28,1,-6.977399917727909
simultaneous_eeg_nirs,VP005,simultaneous_eeg_nirs__VP005__cnt_wg__prefrontal__w1,train,WG,1.74,1,-3.048625417611331
simultaneous_eeg_nirs,VP005,simultaneous_eeg_nirs__VP005__cnt_wg__prefrontal__w1,train,WG,5.94,1,-7.140867131353603
simultaneous_eeg_nirs,VP005,simultaneous_eeg_nirs__VP005__cnt_wg__prefrontal__w1,train,WG,6.62,1,3.9487189546094603
simultaneous_eeg_nirs,VP005,simultaneous_eeg_nirs__VP005__cnt_wg__prefrontal__w1,train,WG,7.64,1,6.640059767624687
simultaneous_eeg_nirs,VP005,simultaneous_eeg_nirs__VP005__cnt_wg__prefrontal__w1,train,WG,8.28,1,-4.392129526463314
simultaneous_eeg_nirs,VP005,simultaneous_eeg_nirs__VP005__cnt_wg__prefrontal__w1,train,WG,9.58,1,-4.066362705284385
simultaneous_eeg_nirs,VP005,simultaneous_eeg_nirs__VP005__cnt_wg__prefrontal__w1,train,WG,10.28,1,8.328991121853136
simultaneous_eeg_nirs,VP005,simultaneous_eeg_nirs__VP005__cnt_wg__prefrontal__w1,train,WG,11.2,1,-7.836661084628918
simultaneous_eeg_nirs,VP005,simultaneous_eeg_nirs__VP005__cnt_wg__prefrontal__w1,train,WG,11.9,1,-3.8035047226410668
simultaneous_eeg_nirs,VP005,simultaneous_eeg_nirs__VP005__cnt_wg__prefrontal__w1,train,WG,13.02,1,12.013637883294717
simultaneous_eeg_nirs,VP005,simultaneous_eeg_nirs__VP005__cnt_wg__prefrontal__w1,train,WG,14.12,1,11.52319174421916
simultaneous_eeg_nirs,VP005,simultaneous_eeg_nirs__VP005__cnt_wg__prefrontal__w1,train,WG,15.76,1,-11.423496516960448
simultaneous_eeg_nirs,VP005,simultaneous_eeg_nirs__VP005__cnt_wg__prefrontal__w1,train,WG,17.98,1,3.887697713424755
simultaneous_eeg_nirs,VP005,simultaneous_eeg_nirs__VP005__cnt_wg__prefrontal__w1,train,WG,18.64,1,-6.221999124996523
simultaneous_eeg_nirs,VP005,simultaneous_eeg_nirs__VP005__cnt_wg__prefrontal__w1,train,WG,22.46,1,-8.794150081084695
simultaneous_eeg_nirs,VP005,simultaneous_eeg_nirs__VP005__cnt_wg__prefrontal__w1,train,WG,23.66,1,3.3596439169413475
simultaneous_eeg_nirs,VP005,simultaneous_eeg_nirs__VP005__cnt_wg__prefrontal__w1,train,WG,24.62,1,5.963714097513476
simultaneous_eeg_nirs,VP005,simultaneous_eeg_nirs__VP005__cnt_wg__prefrontal__w1,train,WG,25.34,1,-7.966061475950843
simultaneous_eeg_nirs,VP005,simultaneous_eeg_nirs__VP005__cnt_wg__prefrontal__w2,train,BL,8.08,0,5.418463583150398
simultaneous_eeg_nirs,VP005,simultaneous_eeg_nirs__VP005__cnt_wg__prefrontal__w2,train,BL,13.46,0,3.1398041642757573
simultaneous_eeg_nirs,VP005,simultaneous_eeg_nirs__VP005__cnt_wg__prefrontal__w2,train,BL,15.16,0,3.34797777852984
simultaneous_eeg_nirs,VP005,simultaneous_eeg_nirs__VP005__cnt_wg__prefrontal__w2,train,BL,21.06,0,3.2023157158257187
simultaneous_eeg_nirs,VP005,simultaneous_eeg_nirs__VP005__cnt_wg__prefrontal__w2,train,BL,0.26,1,-3.7727615216479937
simultaneous_eeg_nirs,VP005,simultaneous_eeg_nirs__VP005__cnt_wg__prefrontal__w2,train,BL,2.08,1,8.709963643862881
simultaneous_eeg_nirs,VP005,simultaneous_eeg_nirs__VP005__cnt_wg__prefrontal__w2,train,BL,2.68,1,-6.6799114413559035
simultaneous_eeg_nirs,VP005,simultaneous_eeg_nirs__VP005__cnt_wg__prefrontal__w2,train,BL,3.3,1,4.871174860707919
simultaneous_eeg_nirs,VP005,simultaneous_eeg_nirs__VP005__cnt_wg__prefrontal__w2,train,BL,4.4,1,-9.639148306443987
simultaneous_eeg_nirs,VP005,simultaneous_eeg_nirs__VP005__cnt_wg__prefrontal__w2,train,BL,4.98,1,-4.321996351048967
simultaneous_eeg_nirs,VP005,simultaneous_eeg_nirs__VP005__cnt_wg__prefrontal__w2,train,BL,5.62,1,6.042503150992714
simultaneous_eeg_nirs,VP005,simultaneous_eeg_nirs__VP005__cnt_wg__prefrontal__w2,train,BL,6.44,1,6.483052677993788
simultaneous_eeg_nirs,VP005,simultaneous_eeg_nirs__VP005__cnt_wg__prefrontal__w2,train,BL,8.12,1,-4.091325010754682
simultaneous_eeg_nirs,VP005,simultaneous_eeg_nirs__VP005__cnt_wg__prefrontal__w2,train,BL,10.42,1,5.7173718515187915
simultaneous_eeg_nirs,VP005,simultaneous_eeg_nirs__VP005__cnt_wg__prefrontal__w2,train,BL,13.5,1,-3.6322533948069124
simultaneous_eeg_nirs,VP005,simultaneous_eeg_nirs__VP005__cnt_wg__prefrontal__w2,train,BL,15.2,1,6.6762881989341025
simultaneous_eeg_nirs,VP005,simultaneous_eeg_nirs__VP005__cnt_wg__prefrontal__w2,train,BL,17.2,1,5.6376899387006345
simultaneous_eeg_nirs,VP005,simultaneous_eeg_nirs__VP005__cnt_wg__prefrontal__w2,train,BL,18.02,1,-3.107681625951399
simultaneous_eeg_nirs,VP005,simultaneous_eeg_nirs__VP005__cnt_wg__prefrontal__w2,train,BL,21.5,1,-4.997265813493066
simultaneous_eeg_nirs,VP005,simultaneous_eeg_nirs__VP005__cnt_wg__prefrontal__w2,train,BL,28.44,1,-3.06643360308101
simultaneous_eeg_nirs,VP005,simultaneous_eeg_nirs__VP005__cnt_wg__prefrontal__w2,train,BL,29.7,1,3.3505491921654955
simultaneous_eeg_nirs,VP005,simultaneous_eeg_nirs__VP005__cnt_wg__prefrontal__w3,train,BL,11.14,0,3.0857461894056697
simultaneous_eeg_nirs,VP005,simultaneous_eeg_nirs__VP005__cnt_wg__prefrontal__w3,train,BL,6.28,1,-10.045289108674305
simultaneous_eeg_nirs,VP005,simultaneous_eeg_nirs__VP005__cnt_wg__prefrontal__w3,train,BL,7.54,1,6.7799262597727
simultaneous_eeg_nirs,VP005,simultaneous_eeg_nirs__VP005__cnt_wg__prefrontal__w3,train,BL,8.14,1,-8.33841988126424
simultaneous_eeg_nirs,VP005,simultaneous_eeg_nirs__VP005__cnt_wg__prefrontal__w3,train,BL,18.26,1,6.482706324572696
simultaneous_eeg_nirs,VP005,simultaneous_eeg_nirs__VP005__cnt_wg__prefrontal__w4,train,WG,1.86,0,3.1398225477233868
simultaneous_eeg_nirs,VP005,simultaneous_eeg_nirs__VP005__cnt_wg__prefrontal__w4,train,WG,14.5,0,3.228162925375457
simultaneous_eeg_nirs,VP005,simultaneous_eeg_nirs__VP005__cnt_wg__prefrontal__w4,train,WG,20.14,0,3.120345285805568
simultaneous_eeg_nirs,VP005,simultaneous_eeg_nirs__VP005__cnt_wg__prefrontal__w4,train,WG,26.0,0,3.2359265179349617
simultaneous_eeg_nirs,VP005,simultaneous_eeg_nirs__VP005__cnt_wg__prefrontal__w4,train,WG,0.06,1,-5.006934809749706
simultaneous_eeg_nirs,VP005,simultaneous_eeg_nirs__VP005__cnt_wg__prefrontal__w4,train,WG,1.34,1,8.16033744304138
simultaneous_eeg_nirs,VP005,simultaneous_eeg_nirs__VP005__cnt_wg__prefrontal__w4,train,WG,1.86,1,-9.926247653548343
simultaneous_eeg_nirs,VP005,simultaneous_eeg_nirs__VP005__cnt_wg__prefrontal__w4,train,WG,3.88,1,-9.359326222190331
simultaneous_eeg_nirs,VP005,simultaneous_eeg_nirs__VP005__cnt_wg__prefrontal__w4,train,WG,6.34,1,3.135066351065055
simultaneous_eeg_nirs,VP005,simultaneous_eeg_nirs__VP005__cnt_wg__prefrontal__w4,train,WG,15.86,1,8.71556265270025
simultaneous_eeg_nirs,VP005,simultaneous_eeg_nirs__VP005__cnt_wg__prefrontal__w4,train,WG,16.48,1,-8.016772266473692
simultaneous_eeg_nirs,VP005,simultaneous_eeg_nirs__VP005__cnt_wg__prefrontal__w4,train,WG,20.24,1,5.663694359837184
simultaneous_eeg_nirs,VP005,simultaneous_eeg_nirs__VP005__cnt_wg__prefrontal__w4,train,WG,20.96,1,-10.244728041995
simultaneous_eeg_nirs,VP005,simultaneous_eeg_nirs__VP005__cnt_wg__prefrontal__w4,train,WG,24.7,1,-3.421851913263931
simultaneous_eeg_nirs,VP005,simultaneous_eeg_nirs__VP005__cnt_wg__prefrontal__w4,train,WG,26.04,1,5.0667360726564565
simultaneous_eeg_nirs,VP005,simultaneous_eeg_nirs__VP005__cnt_wg__prefrontal__w4,train,WG,28.16,1,3.591837473061787
simultaneous_eeg_nirs,VP005,simultaneous_eeg_nirs__VP005__cnt_wg__prefrontal__w5,train,WG,6.58,0,3.225292013416239
simultaneous_eeg_nirs,VP005,simultaneous_eeg_nirs__VP005__cnt_wg__prefrontal__w5,train,WG,14.98,0,3.221597741861309
simultaneous_eeg_nirs,VP005,simultaneous_eeg_nirs__VP005__cnt_wg__prefrontal__w5,train,WG,18.02,0,-3.114819391046294
simultaneous_eeg_nirs,VP005,simultaneous_eeg_nirs__VP005__cnt_wg__prefrontal__w5,train,WG,22.62,0,3.029009856541836
simultaneous_eeg_nirs,VP005,simultaneous_eeg_nirs__VP005__cnt_wg__prefrontal__w5,train,WG,0.52,1,-3.562005615813481
simultaneous_eeg_nirs,VP005,simultaneous_eeg_nirs__VP005__cnt_wg__prefrontal__w5,train,WG,2.4,1,-10.174579243334113
simultaneous_eeg_nirs,VP005,simultaneous_eeg_nirs__VP005__cnt_wg__prefrontal__w5,train,WG,6.2,1,-5.312657092473794
simultaneous_eeg_nirs,VP005,simultaneous_eeg_nirs__VP005__cnt_wg__prefrontal__w5,train,WG,7.94,1,8.35710922134852
simultaneous_eeg_nirs,VP005,simultaneous_eeg_nirs__VP005__cnt_wg__prefrontal__w5,train,WG,8.62,1,-8.829875786128285
simultaneous_eeg_nirs,VP005,simultaneous_eeg_nirs__VP005__cnt_wg__prefrontal__w5,train,WG,9.86,1,10.517843351681929
simultaneous_eeg_nirs,VP005,simultaneous_eeg_nirs__VP005__cnt_wg__prefrontal__w5,train,WG,10.94,1,-7.751121473436345
simultaneous_eeg_nirs,VP005,simultaneous_eeg_nirs__VP005__cnt_wg__prefrontal__w5,train,WG,11.76,1,12.218339206301081
simultaneous_eeg_nirs,VP005,simultaneous_eeg_nirs__VP005__cnt_wg__prefrontal__w5,train,WG,13.44,1,-7.340701335103758
simultaneous_eeg_nirs,VP005,simultaneous_eeg_nirs__VP005__cnt_wg__prefrontal__w5,train,WG,15.04,1,7.088667905702494
simultaneous_eeg_nirs,VP005,simultaneous_eeg_nirs__VP005__cnt_wg__prefrontal__w5,train,WG,15.56,1,-17.356822767160782
simultaneous_eeg_nirs,VP005,simultaneous_eeg_nirs__VP005__cnt_wg__prefrontal__w5,train,WG,16.4,1,-12.724302579473331
simultaneous_eeg_nirs,VP005,simultaneous_eeg_nirs__VP005__cnt_wg__prefrontal__w5,train,WG,16.96,1,14.025267504289873
simultaneous_eeg_nirs,VP005,simultaneous_eeg_nirs__VP005__cnt_wg__prefrontal__w5,train,WG,17.92,1,9.72394787852613
simultaneous_eeg_nirs,VP005,simultaneous_eeg_nirs__VP005__cnt_wg__prefrontal__w5,train,WG,20.4,1,5.648144884326181
simultaneous_eeg_nirs,VP005,simultaneous_eeg_nirs__VP005__cnt_wg__prefrontal__w5,train,WG,24.04,1,12.670975553898884
simultaneous_eeg_nirs,VP005,simultaneous_eeg_nirs__VP005__cnt_wg__prefrontal__w5,train,WG,25.38,1,4.705897689946577
simultaneous_eeg_nirs,VP005,simultaneous_eeg_nirs__VP005__cnt_wg__prefrontal__w5,train,WG,27.42,1,4.182539241606959
simultaneous_eeg_nirs,VP005,simultaneous_eeg_nirs__VP005__cnt_wg__prefrontal__w5,train,WG,29.54,1,-3.947535553819734
simultaneous_eeg_nirs,VP005,simultaneous_eeg_nirs__VP005__cnt_wg__prefrontal__w6,train,BL,2.84,0,3.1671987456254858
simultaneous_eeg_nirs,VP005,simultaneous_eeg_nirs__VP005__cnt_wg__prefrontal__w6,train,BL,5.5,0,3.009687080449997
simultaneous_eeg_nirs,VP005,simultaneous_eeg_nirs__VP005__cnt_wg__prefrontal__w6,train,BL,13.58,0,3.2162065699039344
simultaneous_eeg_nirs,VP005,simultaneous_eeg_nirs__VP005__cnt_wg__prefrontal__w6,train,BL,14.5,0,3.7491212845320865
simultaneous_eeg_nirs,VP005,simultaneous_eeg_nirs__VP005__cnt_wg__prefrontal__w6,train,BL,17.26,0,3.1214328594996688
simultaneous_eeg_nirs,VP005,simultaneous_eeg_nirs__VP005__cnt_wg__prefrontal__w6,train,BL,18.58,0,3.406978050709331
simultaneous_eeg_nirs,VP005,simultaneous_eeg_nirs__VP005__cnt_wg__prefrontal__w6,train,BL,21.84,0,3.0733163337585276
simultaneous_eeg_nirs,VP005,simultaneous_eeg_nirs__VP005__cnt_wg__prefrontal__w6,train,BL,23.52,0,3.0166714320721364
simultaneous_eeg_nirs,VP005,simultaneous_eeg_nirs__VP005__cnt_wg__prefrontal__w6,train,BL,24.56,0,3.464236236629899
simultaneous_eeg_nirs,VP005,simultaneous_eeg_nirs__VP005__cnt_wg__prefrontal__w6,train,BL,25.74,0,3.550860448615454
simultaneous_eeg_nirs,VP005,simultaneous_eeg_nirs__VP005__cnt_wg__prefrontal__w6,train,BL,27.34,0,3.4677724969151833
simultaneous_eeg_nirs,VP005,simultaneous_eeg_nirs__VP005__cnt_wg__prefrontal__w6,train,BL,0.3,1,-7.4507215734689645
simultaneous_eeg_nirs,VP005,simultaneous_eeg_nirs__VP005__cnt_wg__prefrontal__w6,train,BL,0.92,1,-4.626633640456534
simultaneous_eeg_nirs,VP005,simultaneous_eeg_nirs__VP005__cnt_wg__prefrontal__w6,train,BL,2.98,1,-4.182532627223744
simultaneous_eeg_nirs,VP005,simultaneous_eeg_nirs__VP005__cnt_wg__prefrontal__w6,train,BL,3.92,1,6.446987480031415
simultaneous_eeg_nirs,VP005,simultaneous_eeg_nirs__VP005__cnt_wg__prefrontal__w6,train,BL,4.42,1,-7.237727814071483
simultaneous_eeg_nirs,VP005,simultaneous_eeg_nirs__VP005__cnt_wg__prefrontal__w6,train,BL,4.98,1,9.34706834121695
simultaneous_eeg_nirs,VP005,simultaneous_eeg_nirs__VP005__cnt_wg__prefrontal__w6,train,BL,5.56,1,-7.220610026813027
simultaneous_eeg_nirs,VP005,simultaneous_eeg_nirs__VP005__cnt_wg__prefrontal__w6,train,BL,7.68,1,-3.824014874279931
simultaneous_eeg_nirs,VP005,simultaneous_eeg_nirs__VP005__cnt_wg__prefrontal__w6,train,BL,8.42,1,5.23886911461853
simultaneous_eeg_nirs,VP005,simultaneous_eeg_nirs__VP005__cnt_wg__prefrontal__w6,train,BL,9.48,1,-3.5028886527721497
simultaneous_eeg_nirs,VP005,simultaneous_eeg_nirs__VP005__cnt_wg__prefrontal__w6,train,BL,10.5,1,5.750403009582434
simultaneous_eeg_nirs,VP005,simultaneous_eeg_nirs__VP005__cnt_wg__prefrontal__w6,train,BL,11.1,1,5.088650040711446
simultaneous_eeg_nirs,VP005,simultaneous_eeg_nirs__VP005__cnt_wg__prefrontal__w6,train,BL,13.0,1,3.199694946382065
simultaneous_eeg_nirs,VP005,simultaneous_eeg_nirs__VP005__cnt_wg__prefrontal__w6,train,BL,14.1,1,-9.058335067194466
simultaneous_eeg_nirs,VP005,simultaneous_eeg_nirs__VP005__cnt_wg__prefrontal__w6,train,BL,14.98,1,9.485124094784219
simultaneous_eeg_nirs,VP005,simultaneous_eeg_nirs__VP005__cnt_wg__prefrontal__w6,train,BL,15.48,1,-12.646285789258108
simultaneous_eeg_nirs,VP005,simultaneous_eeg_nirs__VP005__cnt_wg__prefrontal__w6,train,BL,16.52,1,-4.283433529448057
simultaneous_eeg_nirs,VP005,simultaneous_eeg_nirs__VP005__cnt_wg__prefrontal__w6,train,BL,17.34,1,4.948867768872637
simultaneous_eeg_nirs,VP005,simultaneous_eeg_nirs__VP005__cnt_wg__prefrontal__w6,train,BL,17.84,1,-5.315928360610909
simultaneous_eeg_nirs,VP005,simultaneous_eeg_nirs__VP005__cnt_wg__prefrontal__w6,train,BL,18.82,1,5.6690546530919255
simultaneous_eeg_nirs,VP005,simultaneous_eeg_nirs__VP005__cnt_wg__prefrontal__w6,train,BL,21.18,1,6.224263706062611
simultaneous_eeg_nirs,VP005,simultaneous_eeg_nirs__VP005__cnt_wg__prefrontal__w6,train,BL,22.16,1,-9.912807486836371
simultaneous_eeg_nirs,VP005,simultaneous_eeg_nirs__VP005__cnt_wg__prefrontal__w6,train,BL,23.08,1,13.967787294728115
simultaneous_eeg_nirs,VP005,simultaneous_eeg_nirs__VP005__cnt_wg__prefrontal__w6,train,BL,23.86,1,4.373715677158594
simultaneous_eeg_nirs,VP005,simultaneous_eeg_nirs__VP005__cnt_wg__prefrontal__w6,train,BL,24.56,1,6.3545594630940965
simultaneous_eeg_nirs,VP005,simultaneous_eeg_nirs__VP005__cnt_wg__prefrontal__w6,train,BL,25.32,1,3.571825101588309
simultaneous_eeg_nirs,VP005,simultaneous_eeg_nirs__VP005__cnt_wg__prefrontal__w6,train,BL,26.38,1,3.3601379991745555
simultaneous_eeg_nirs,VP005,simultaneous_eeg_nirs__VP005__cnt_wg__prefrontal__w6,train,BL,27.34,1,-7.990524754692688
simultaneous_eeg_nirs,VP005,simultaneous_eeg_nirs__VP005__cnt_wg__prefrontal__w7,train,WG,15.34,0,3.004092916989481
simultaneous_eeg_nirs,VP005,simultaneous_eeg_nirs__VP005__cnt_wg__prefrontal__w7,train,WG,21.58,0,3.514524426200855
simultaneous_eeg_nirs,VP005,simultaneous_eeg_nirs__VP005__cnt_wg__prefrontal__w7,train,WG,28.64,0,3.345389463014882
simultaneous_eeg_nirs,VP005,simultaneous_eeg_nirs__VP005__cnt_wg__prefrontal__w7,train,WG,0.22,1,4.873951645177172
simultaneous_eeg_nirs,VP005,simultaneous_eeg_nirs__VP005__cnt_wg__prefrontal__w7,train,WG,1.26,1,-4.105302275892485
simultaneous_eeg_nirs,VP005,simultaneous_eeg_nirs__VP005__cnt_wg__prefrontal__w7,train,WG,5.34,1,-4.220268025725169
simultaneous_eeg_nirs,VP005,simultaneous_eeg_nirs__VP005__cnt_wg__prefrontal__w7,train,WG,7.94,1,8.88113881581653
simultaneous_eeg_nirs,VP005,simultaneous_eeg_nirs__VP005__cnt_wg__prefrontal__w7,train,WG,8.8,1,-5.9212686174510445
simultaneous_eeg_nirs,VP005,simultaneous_eeg_nirs__VP005__cnt_wg__prefrontal__w7,train,WG,9.56,1,9.572722415998076
simultaneous_eeg_nirs,VP005,simultaneous_eeg_nirs__VP005__cnt_wg__prefrontal__w7,train,WG,15.34,1,-9.17224179671083
simultaneous_eeg_nirs,VP005,simultaneous_eeg_nirs__VP005__cnt_wg__prefrontal__w7,train,WG,15.98,1,5.662271715679626
simultaneous_eeg_nirs,VP005,simultaneous_eeg_nirs__VP005__cnt_wg__prefrontal__w7,train,WG,16.5,1,-6.783004563514912
simultaneous_eeg_nirs,VP005,simultaneous_eeg_nirs__VP005__cnt_wg__prefrontal__w7,train,WG,17.42,1,9.693518575559942
simultaneous_eeg_nirs,VP005,simultaneous_eeg_nirs__VP005__cnt_wg__prefrontal__w7,train,WG,18.74,1,5.120299790964598
simultaneous_eeg_nirs,VP005,simultaneous_eeg_nirs__VP005__cnt_wg__prefrontal__w7,train,WG,20.26,1,-3.152967190221822
simultaneous_eeg_nirs,VP005,simultaneous_eeg_nirs__VP005__cnt_wg__prefrontal__w7,train,WG,21.56,1,4.203063374424546
simultaneous_eeg_nirs,VP005,simultaneous_eeg_nirs__VP005__cnt_wg__prefrontal__w7,train,WG,22.18,1,6.825881026394824
simultaneous_eeg_nirs,VP005,simultaneous_eeg_nirs__VP005__cnt_wg__prefrontal__w7,train,WG,29.8,1,4.103423410566385
simultaneous_eeg_nirs,VP006,simultaneous_eeg_nirs__VP006__cnt_wg__prefrontal__w0,evaluate,BL,0.74,0,6.596784537938206
simultaneous_eeg_nirs,VP006,simultaneous_eeg_nirs__VP006__cnt_wg__prefrontal__w0,evaluate,BL,6.92,0,3.9996231113067364
simultaneous_eeg_nirs,VP006,simultaneous_eeg_nirs__VP006__cnt_wg__prefrontal__w0,evaluate,BL,15.92,0,6.141778085904136
simultaneous_eeg_nirs,VP006,simultaneous_eeg_nirs__VP006__cnt_wg__prefrontal__w0,evaluate,BL,20.58,0,3.472947477941878
simultaneous_eeg_nirs,VP006,simultaneous_eeg_nirs__VP006__cnt_wg__prefrontal__w0,evaluate,BL,23.46,0,5.437569212835327
simultaneous_eeg_nirs,VP006,simultaneous_eeg_nirs__VP006__cnt_wg__prefrontal__w0,evaluate,BL,26.28,0,3.504199468900844
simultaneous_eeg_nirs,VP006,simultaneous_eeg_nirs__VP006__cnt_wg__prefrontal__w0,evaluate,BL,16.42,1,3.1905202676815017
simultaneous_eeg_nirs,VP006,simultaneous_eeg_nirs__VP006__cnt_wg__prefrontal__w0,evaluate,BL,27.96,1,7.5122815065605995
simultaneous_eeg_nirs,VP006,simultaneous_eeg_nirs__VP006__cnt_wg__prefrontal__w1,evaluate,WG,3.12,0,4.792910952814104
simultaneous_eeg_nirs,VP006,simultaneous_eeg_nirs__VP006__cnt_wg__prefrontal__w1,evaluate,WG,3.68,0,4.782208629733259
simultaneous_eeg_nirs,VP006,simultaneous_eeg_nirs__VP006__cnt_wg__prefrontal__w1,evaluate,WG,4.62,0,6.001548425549893
simultaneous_eeg_nirs,VP006,simultaneous_eeg_nirs__VP006__cnt_wg__prefrontal__w1,evaluate,WG,5.38,0,6.010792118487297
simultaneous_eeg_nirs,VP006,simultaneous_eeg_nirs__VP006__cnt_wg__prefrontal__w1,evaluate,WG,6.58,0,5.738011814023155
simultaneous_eeg_nirs,VP006,simultaneous_eeg_nirs__VP006__cnt_wg__prefrontal__w1,evaluate,WG,7.28,0,5.643027239434525
simultaneous_eeg_nirs,VP006,simultaneous_eeg_nirs__VP006__cnt_wg__prefrontal__w1,evaluate,WG,9.24,0,5.129260531793438
simultaneous_eeg_nirs,VP006,simultaneous_eeg_nirs__VP006__cnt_wg__prefrontal__w1,evaluate,WG,11.02,0,4.574501454217573
simultaneous_eeg_nirs,VP006,simultaneous_eeg_nirs__VP006__cnt_wg__prefrontal__w1,evaluate,WG,13.06,0,4.785948870489123
simultaneous_eeg_nirs,VP006,simultaneous_eeg_nirs__VP006__cnt_wg__prefrontal__w1,evaluate,WG,13.78,0,4.423422370174535
simultaneous_eeg_nirs,VP006,simultaneous_eeg_nirs__VP006__cnt_wg__prefrontal__w1,evaluate,WG,14.68,0,4.42405160649844
simultaneous_eeg_nirs,VP006,simultaneous_eeg_nirs__VP006__cnt_wg__prefrontal__w1,evaluate,WG,27.84,0,3.131026296387157
simultaneous_eeg_nirs,VP006,simultaneous_eeg_nirs__VP006__cnt_wg__prefrontal__w1,evaluate,WG,10.62,1,8.513318818772428
simultaneous_eeg_nirs,VP006,simultaneous_eeg_nirs__VP006__cnt_wg__prefrontal__w1,evaluate,WG,13.78,1,3.409896931382948
simultaneous_eeg_nirs,VP006,simultaneous_eeg_nirs__VP006__cnt_wg__prefrontal__w1,evaluate,WG,14.68,1,-21.16675850769645
simultaneous_eeg_nirs,VP006,simultaneous_eeg_nirs__VP006__cnt_wg__prefrontal__w1,evaluate,WG,15.32,1,-3.5980262280887025
simultaneous_eeg_nirs,VP006,simultaneous_eeg_nirs__VP006__cnt_wg__prefrontal__w1,evaluate,WG,15.82,1,4.452940024475106
simultaneous_eeg_nirs,VP006,simultaneous_eeg_nirs__VP006__cnt_wg__prefrontal__w1,evaluate,WG,16.76,1,4.672597275748976
simultaneous_eeg_nirs,VP006,simultaneous_eeg_nirs__VP006__cnt_wg__prefrontal__w2,evaluate,WG,1.54,0,4.193793941915604
simultaneous_eeg_nirs,VP006,simultaneous_eeg_nirs__VP006__cnt_wg__prefrontal__w2,evaluate,WG,2.84,0,5.766629321522503
simultaneous_eeg_nirs,VP006,simultaneous_eeg_nirs__VP006__cnt_wg__prefrontal__w2,evaluate,WG,3.7,0,5.326747682351287
simultaneous_eeg_nirs,VP006,simultaneous_eeg_nirs__VP006__cnt_wg__prefrontal__w2,evaluate,WG,4.36,0,5.249282906794877
simultaneous_eeg_nirs,VP006,simultaneous_eeg_nirs__VP006__cnt_wg__prefrontal__w2,evaluate,WG,5.36,0,5.99740508040248
simultaneous_eeg_nirs,VP006,simultaneous_eeg_nirs__VP006__cnt_wg__prefrontal__w2,evaluate,WG,8.5,0,5.0434210050605905
simultaneous_eeg_nirs,VP006,simultaneous_eeg_nirs__VP006__cnt_wg__prefrontal__w2,evaluate,WG,11.24,0,5.11802333061381
simultaneous_eeg_nirs,VP006,simultaneous_eeg_nirs__VP006__cnt_wg__prefrontal__w2,evaluate,WG,13.44,0,4.507037690654916
simultaneous_eeg_nirs,VP006,simultaneous_eeg_nirs__VP006__cnt_wg__prefrontal__w2,evaluate,WG,15.14,0,5.612758617341082
simultaneous_eeg_nirs,VP006,simultaneous_eeg_nirs__VP006__cnt_wg__prefrontal__w2,evaluate,WG,20.64,0,5.13529579348871
simultaneous_eeg_nirs,VP006,simultaneous_eeg_nirs__VP006__cnt_wg__prefrontal__w2,evaluate,WG,22.3,0,5.4086167031667465
simultaneous_eeg_nirs,VP006,simultaneous_eeg_nirs__VP006__cnt_wg__prefrontal__w2,evaluate,WG,25.6,0,4.444508921186623
simultaneous_eeg_nirs,VP006,simultaneous_eeg_nirs__VP006__cnt_wg__prefrontal__w2,evaluate,WG,4.34,1,-17.605608904758196
simultaneous_eeg_nirs,VP006,simultaneous_eeg_nirs__VP006__cnt_wg__prefrontal__w2,evaluate,WG,16.24,1,-3.6456694094014193
simultaneous_eeg_nirs,VP006,simultaneous_eeg_nirs__VP006__cnt_wg__prefrontal__w2,evaluate,WG,17.36,1,-3.053877481535394
simultaneous_eeg_nirs,VP006,simultaneous_eeg_nirs__VP006__cnt_wg__prefrontal__w2,evaluate,WG,18.18,1,-9.861949247785839
simultaneous_eeg_nirs,VP006,simultaneous_eeg_nirs__VP006__cnt_wg__prefrontal__w2,evaluate,WG,19.0,1,4.973542451923443
simultaneous_eeg_nirs,VP006,simultaneous_eeg_nirs__VP006__cnt_wg__prefrontal__w3,evaluate,BL,0.8,0,3.571530061574114
simultaneous_eeg_nirs,VP006,simultaneous_eeg_nirs__VP006__cnt_wg__prefrontal__w3,evaluate,BL,16.0,0,5.983960871497255
simultaneous_eeg_nirs,VP006,simultaneous_eeg_nirs__VP006__cnt_wg__prefrontal__w3,evaluate,BL,21.3,0,3.821051035224991
simultaneous_eeg_nirs,VP006,simultaneous_eeg_nirs__VP006__cnt_wg__prefrontal__w3,evaluate,BL,26.28,0,3.8220019638995306
simultaneous_eeg_nirs,VP006,simultaneous_eeg_nirs__VP006__cnt_wg__prefrontal__w3,evaluate,BL,16.12,1,4.0736735837220275
simultaneous_eeg_nirs,VP006,simultaneous_eeg_nirs__VP006__cnt_wg__prefrontal__w3,evaluate,BL,17.08,1,-3.8716047913267038
simultaneous_eeg_nirs,VP006,simultaneous_eeg_nirs__VP006__cnt_wg__prefrontal__w3,evaluate,BL,29.94,1,-3.182509668904426
simultaneous_eeg_nirs,VP006,simultaneous_eeg_nirs__VP006__cnt_wg__prefrontal__w4,evaluate,BL,13.02,0,5.201638181449716
simultaneous_eeg_nirs,VP006,simultaneous_eeg_nirs__VP006__cnt_wg__prefrontal__w4,evaluate,BL,14.78,0,5.383648667576685
simultaneous_eeg_nirs,VP006,simultaneous_eeg_nirs__VP006__cnt_wg__prefrontal__w4,evaluate,BL,16.08,0,5.985282917364638
simultaneous_eeg_nirs,VP006,simultaneous_eeg_nirs__VP006__cnt_wg__prefrontal__w4,evaluate,BL,17.06,1,-4.10690728067063
simultaneous_eeg_nirs,VP006,simultaneous_eeg_nirs__VP006__cnt_wg__prefrontal__w5,evaluate,BL,10.38,0,3.4702700898729484
simultaneous_eeg_nirs,VP006,simultaneous_eeg_nirs__VP006__cnt_wg__prefrontal__w5,evaluate,BL,12.22,0,4.635380684205298
simultaneous_eeg_nirs,VP006,simultaneous_eeg_nirs__VP006__cnt_wg__prefrontal__w5,evaluate,BL,14.18,0,4.367697958324796
simultaneous_eeg_nirs,VP006,simultaneous_eeg_nirs__VP006__cnt_wg__prefrontal__w5,evaluate,BL,16.14,0,5.440151723437328
simultaneous_eeg_nirs,VP006,simultaneous_eeg_nirs__VP006__cnt_wg__prefrontal__w5,evaluate,BL,17.22,0,5.607741746138147
simultaneous_eeg_nirs,VP006,simultaneous_eeg_nirs__VP006__cnt_wg__prefrontal__w5,evaluate,BL,19.98,0,3.5303723719474642
simultaneous_eeg_nirs,VP006,simultaneous_eeg_nirs__VP006__cnt_wg__prefrontal__w5,evaluate,BL,21.5,0,3.8177319295802037
simultaneous_eeg_nirs,VP006,simultaneous_eeg_nirs__VP006__cnt_wg__prefrontal__w5,evaluate,BL,24.06,0,3.710196475152744
simultaneous_eeg_nirs,VP006,simultaneous_eeg_nirs__VP006__cnt_wg__prefrontal__w5,evaluate,BL,29.74,0,3.0136370553475573
simultaneous_eeg_nirs,VP006,simultaneous_eeg_nirs__VP006__cnt_wg__prefrontal__w5,evaluate,BL,16.84,1,3.8916408509620015
simultaneous_eeg_nirs,VP006,simultaneous_eeg_nirs__VP006__cnt_wg__prefrontal__w6,evaluate,WG,1.4,0,4.005281111876732
simultaneous_eeg_nirs,VP006,simultaneous_eeg_nirs__VP006__cnt_wg__prefrontal__w6,evaluate,WG,2.68,0,5.88606084948407
simultaneous_eeg_nirs,VP006,simultaneous_eeg_nirs__VP006__cnt_wg__prefrontal__w6,evaluate,WG,5.74,0,3.9403388402681574
simultaneous_eeg_nirs,VP006,simultaneous_eeg_nirs__VP006__cnt_wg__prefrontal__w6,evaluate,WG,6.32,0,6.379429776752906
simultaneous_eeg_nirs,VP006,simultaneous_eeg_nirs__VP006__cnt_wg__prefrontal__w6,evaluate,WG,8.74,0,4.1102734336282
simultaneous_eeg_nirs,VP006,simultaneous_eeg_nirs__VP006__cnt_wg__prefrontal__w6,evaluate,WG,14.66,0,3.939433700307352
simultaneous_eeg_nirs,VP006,simultaneous_eeg_nirs__VP006__cnt_wg__prefrontal__w6,evaluate,WG,15.9,0,3.399950298978815
simultaneous_eeg_nirs,VP006,simultaneous_eeg_nirs__VP006__cnt_wg__prefrontal__w6,evaluate,WG,23.28,0,3.3091612012519183
simultaneous_eeg_nirs,VP006,simultaneous_eeg_nirs__VP006__cnt_wg__prefrontal__w6,evaluate,WG,6.2,1,-6.877256738967379
simultaneous_eeg_nirs,VP006,simultaneous_eeg_nirs__VP006__cnt_wg__prefrontal__w6,evaluate,WG,7.82,1,-3.6572346997886593
simultaneous_eeg_nirs,VP006,simultaneous_eeg_nirs__VP006__cnt_wg__prefrontal__w6,evaluate,WG,8.32,1,3.742860776350701
simultaneous_eeg_nirs,VP006,simultaneous_eeg_nirs__VP006__cnt_wg__prefrontal__w6,evaluate,WG,10.0,1,6.213999414075074
simultaneous_eeg_nirs,VP006,simultaneous_eeg_nirs__VP006__cnt_wg__prefrontal__w6,evaluate,WG,11.68,1,-6.432565498423605
simultaneous_eeg_nirs,VP006,simultaneous_eeg_nirs__VP006__cnt_wg__prefrontal__w6,evaluate,WG,16.4,1,-4.432650464518483
simultaneous_eeg_nirs,VP006,simultaneous_eeg_nirs__VP006__cnt_wg__prefrontal__w7,evaluate,WG,2.68,0,4.929210120333126
simultaneous_eeg_nirs,VP006,simultaneous_eeg_nirs__VP006__cnt_wg__prefrontal__w7,evaluate,WG,4.12,0,4.955800682962518
simultaneous_eeg_nirs,VP006,simultaneous_eeg_nirs__VP006__cnt_wg__prefrontal__w7,evaluate,WG,5.08,0,3.9523636617344966
simultaneous_eeg_nirs,VP006,simultaneous_eeg_nirs__VP006__cnt_wg__prefrontal__w7,evaluate,WG,5.86,0,5.632668210471676
simultaneous_eeg_nirs,VP006,simultaneous_eeg_nirs__VP006__cnt_wg__prefrontal__w7,evaluate,WG,9.18,0,4.66655249912551
simultaneous_eeg_nirs,VP006,simultaneous_eeg_nirs__VP006__cnt_wg__prefrontal__w7,evaluate,WG,11.16,0,5.962195002234636
simultaneous_eeg_nirs,VP006,simultaneous_eeg_nirs__VP006__cnt_wg__prefrontal__w7,evaluate,WG,12.6,0,4.764998185564648
simultaneous_eeg_nirs,VP006,simultaneous_eeg_nirs__VP006__cnt_wg__prefrontal__w7,evaluate,WG,15.94,0,3.0913527570792874
simultaneous_eeg_nirs,VP006,simultaneous_eeg_nirs__VP006__cnt_wg__prefrontal__w7,evaluate,WG,21.24,0,4.705102152104379
simultaneous_eeg_nirs,VP006,simultaneous_eeg_nirs__VP006__cnt_wg__prefrontal__w7,evaluate,WG,22.96,0,4.21911802399519
simultaneous_eeg_nirs,VP006,simultaneous_eeg_nirs__VP006__cnt_wg__prefrontal__w7,evaluate,WG,25.6,0,4.060433141348418
simultaneous_eeg_nirs,VP006,simultaneous_eeg_nirs__VP006__cnt_wg__prefrontal__w7,evaluate,WG,27.84,0,4.81100148804353
simultaneous_eeg_nirs,VP006,simultaneous_eeg_nirs__VP006__cnt_wg__prefrontal__w7,evaluate,WG,6.42,1,-12.788009443452026
simultaneous_eeg_nirs,VP006,simultaneous_eeg_nirs__VP006__cnt_wg__prefrontal__w7,evaluate,WG,7.28,1,-12.658235792743932
simultaneous_eeg_nirs,VP006,simultaneous_eeg_nirs__VP006__cnt_wg__prefrontal__w7,evaluate,WG,10.82,1,4.80303228821577
simultaneous_eeg_nirs,VP006,simultaneous_eeg_nirs__VP006__cnt_wg__prefrontal__w7,evaluate,WG,12.14,1,-10.173967318271169
simultaneous_eeg_nirs,VP006,simultaneous_eeg_nirs__VP006__cnt_wg__prefrontal__w7,evaluate,WG,12.92,1,14.702728770446118
simultaneous_eeg_nirs,VP006,simultaneous_eeg_nirs__VP006__cnt_wg__prefrontal__w7,evaluate,WG,13.98,1,-15.313937282862431
simultaneous_eeg_nirs,VP006,simultaneous_eeg_nirs__VP006__cnt_wg__prefrontal__w7,evaluate,WG,16.92,1,4.0669688613987605
simultaneous_eeg_nirs,VP006,simultaneous_eeg_nirs__VP006__cnt_wg__prefrontal__w7,evaluate,WG,17.86,1,-3.934036779697132
simultaneous_eeg_nirs,VP006,simultaneous_eeg_nirs__VP006__cnt_wg__prefrontal__w7,evaluate,WG,18.42,1,3.1101599014701065
simultaneous_eeg_nirs,VP007,simultaneous_eeg_nirs__VP007__cnt_wg__prefrontal__w0,train,WG,2.72,1,3.4387220049325826
simultaneous_eeg_nirs,VP007,simultaneous_eeg_nirs__VP007__cnt_wg__prefrontal__w0,train,WG,17.84,1,-3.147738561057075
simultaneous_eeg_nirs,VP007,simultaneous_eeg_nirs__VP007__cnt_wg__prefrontal__w0,train,WG,19.32,1,-10.132214975605121
simultaneous_eeg_nirs,VP007,simultaneous_eeg_nirs__VP007__cnt_wg__prefrontal__w1,train,WG,0.24,1,-4.758458683656099
simultaneous_eeg_nirs,VP007,simultaneous_eeg_nirs__VP007__cnt_wg__prefrontal__w1,train,WG,3.66,1,7.045074783274574
simultaneous_eeg_nirs,VP007,simultaneous_eeg_nirs__VP007__cnt_wg__prefrontal__w1,train,WG,4.84,1,-12.313376212130681
simultaneous_eeg_nirs,VP007,simultaneous_eeg_nirs__VP007__cnt_wg__prefrontal__w1,train,WG,13.96,1,6.976100078088411
simultaneous_eeg_nirs,VP007,simultaneous_eeg_nirs__VP007__cnt_wg__prefrontal__w1,train,WG,16.58,1,7.6326911968306845
simultaneous_eeg_nirs,VP007,simultaneous_eeg_nirs__VP007__cnt_wg__prefrontal__w1,train,WG,17.18,1,-11.4496566100846
simultaneous_eeg_nirs,VP007,simultaneous_eeg_nirs__VP007__cnt_wg__prefrontal__w1,train,WG,21.46,1,4.413990742205938
simultaneous_eeg_nirs,VP007,simultaneous_eeg_nirs__VP007__cnt_wg__prefrontal__w1,train,WG,22.54,1,-4.69961789285725
simultaneous_eeg_nirs,VP007,simultaneous_eeg_nirs__VP007__cnt_wg__prefrontal__w1,train,WG,24.1,1,-4.54616587197611
simultaneous_eeg_nirs,VP007,simultaneous_eeg_nirs__VP007__cnt_wg__prefrontal__w2,train,BL,16.56,1,3.0521256209446976
simultaneous_eeg_nirs,VP007,simultaneous_eeg_nirs__VP007__cnt_wg__prefrontal__w2,train,BL,17.1,1,-3.3144121407185856
simultaneous_eeg_nirs,VP007,simultaneous_eeg_nirs__VP007__cnt_wg__prefrontal__w2,train,BL,19.78,1,-3.123972230588684
simultaneous_eeg_nirs,VP007,simultaneous_eeg_nirs__VP007__cnt_wg__prefrontal__w2,train,BL,26.68,1,3.776543738642638
simultaneous_eeg_nirs,VP007,simultaneous_eeg_nirs__VP007__cnt_wg__prefrontal__w2,train,BL,29.92,1,4.439774485243161
simultaneous_eeg_nirs,VP007,simultaneous_eeg_nirs__VP007__cnt_wg__prefrontal__w3,train,BL,1.0,1,-8.51904496956159
simultaneous_eeg_nirs,VP007,simultaneous_eeg_nirs__VP007__cnt_wg__prefrontal__w3,train,BL,8.64,1,5.792484652675831
simultaneous_eeg_nirs,VP007,simultaneous_eeg_nirs__VP007__cnt_wg__prefrontal__w3,train,BL,9.96,1,6.32854292633282
simultaneous_eeg_nirs,VP007,simultaneous_eeg_nirs__VP007__cnt_wg__prefrontal__w3,train,BL,10.68,1,-7.084368288967297
simultaneous_eeg_nirs,VP007,simultaneous_eeg_nirs__VP007__cnt_wg__prefrontal__w3,train,BL,14.72,1,5.856398433362725
simultaneous_eeg_nirs,VP007,simultaneous_eeg_nirs__VP007__cnt_wg__prefrontal__w3,train,BL,18.04,1,5.427537628652951
simultaneous_eeg_nirs,VP007,simultaneous_eeg_nirs__VP007__cnt_wg__prefrontal__w3,train,BL,26.94,1,-4.565601185838805
simultaneous_eeg_nirs,VP007,simultaneous_eeg_nirs__VP007__cnt_wg__prefrontal__w3,train,BL,27.98,1,-6.854891474989542
simultaneous_eeg_nirs,VP007,simultaneous_eeg_nirs__VP007__cnt_wg__prefrontal__w3,train,BL,28.58,1,3.9703987325000396
simultaneous_eeg_nirs,VP007,simultaneous_eeg_nirs__VP007__cnt_wg__prefrontal__w3,train,BL,29.1,1,3.0634584646037237
simultaneous_eeg_nirs,VP007,simultaneous_eeg_nirs__VP007__cnt_wg__prefrontal__w4,train,WG,21.54,0,3.185707346314581
simultaneous_eeg_nirs,VP007,simultaneous_eeg_nirs__VP007__cnt_wg__prefrontal__w4,train,WG,1.38,1,3.928317216918369
simultaneous_eeg_nirs,VP007,simultaneous_eeg_nirs__VP007__cnt_wg__prefrontal__w4,train,WG,17.1,1,3.6264157230749063
simultaneous_eeg_nirs,VP007,simultaneous_eeg_nirs__VP007__cnt_wg__prefrontal__w4,train,WG,17.62,1,-3.454462891986489
simultaneous_eeg_nirs,VP007,simultaneous_eeg_nirs__VP007__cnt_wg__prefrontal__w4,train,WG,23.44,1,-9.49450566756673
simultaneous_eeg_nirs,VP007,simultaneous_eeg_nirs__VP007__cnt_wg__prefrontal__w4,train,WG,27.42,1,-3.2122176229761665
simultaneous_eeg_nirs,VP007,simultaneous_eeg_nirs__VP007__cnt_wg__prefrontal__w5,train,BL,14.32,1,10.509970556000257
simultaneous_eeg_nirs,VP007,simultaneous_eeg_nirs__VP007__cnt_wg__prefrontal__w5,train,BL,14.82,1,-5.920659205090893
simultaneous_eeg_nirs,VP007,simultaneous_eeg_nirs__VP007__cnt_wg__prefrontal__w5,train,BL,16.0,1,3.263407440964046
simultaneous_eeg_nirs,VP007,simultaneous_eeg_nirs__VP007__cnt_wg__prefrontal__w5,train,BL,16.52,1,-3.810296821331939
simultaneous_eeg_nirs,VP007,simultaneous_eeg_nirs__VP007__cnt_wg__prefrontal__w5,train,BL,20.9,1,3.020396684344003
simultaneous_eeg_nirs,VP007,simultaneous_eeg_nirs__VP007__cnt_wg__prefrontal__w5,train,BL,27.88,1,-6.927804896785232
simultaneous_eeg_nirs,VP007,simultaneous_eeg_nirs__VP007__cnt_wg__prefrontal__w5,train,BL,28.56,1,4.971519250956548
simultaneous_eeg_nirs,VP007,simultaneous_eeg_nirs__VP007__cnt_wg__prefrontal__w5,train,BL,29.1,1,-10.566718065996206
simultaneous_eeg_nirs,VP007,simultaneous_eeg_nirs__VP007__cnt_wg__prefrontal__w5,train,BL,29.6,1,5.465934842368345
simultaneous_eeg_nirs,VP007,simultaneous_eeg_nirs__VP007__cnt_wg__prefrontal__w6,train,BL,0.66,1,8.065813812106194
simultaneous_eeg_nirs,VP007,simultaneous_eeg_nirs__VP007__cnt_wg__prefrontal__w6,train,BL,1.22,1,-7.390533330135818
simultaneous_eeg_nirs,VP007,simultaneous_eeg_nirs__VP007__cnt_wg__prefrontal__w6,train,BL,2.02,1,5.800314307263456
simultaneous_eeg_nirs,VP007,simultaneous_eeg_nirs__VP007__cnt_wg__prefrontal__w6,train,BL,2.52,1,-14.239947030490164
simultaneous_eeg_nirs,VP007,simultaneous_eeg_nirs__VP007__cnt_wg__prefrontal__w6,train,BL,5.0,1,-10.042961157043237
simultaneous_eeg_nirs,VP007,simultaneous_eeg_nirs__VP007__cnt_wg__prefrontal__w6,train,BL,7.52,1,8.008523050312485
simultaneous_eeg_nirs,VP007,simultaneous_eeg_nirs__VP007__cnt_wg__prefrontal__w6,train,BL,8.06,1,-7.293867440784907
simultaneous_eeg_nirs,VP007,simultaneous_eeg_nirs__VP007__cnt_wg__prefrontal__w6,train,BL,8.88,1,3.4377328353282577
simultaneous_eeg_nirs,VP007,simultaneous_eeg_nirs__VP007__cnt_wg__prefrontal__w6,train,BL,17.08,1,-3.0386966797265904
simultaneous_eeg_nirs,VP007,simultaneous_eeg_nirs__VP007__cnt_wg__prefrontal__w6,train,BL,17.66,1,-3.2415585810065464
simultaneous_eeg_nirs,VP007,simultaneous_eeg_nirs__VP007__cnt_wg__prefrontal__w6,train,BL,26.2,1,3.373667971379495
simultaneous_eeg_nirs,VP007,simultaneous_eeg_nirs__VP007__cnt_wg__prefrontal__w6,train,BL,27.42,1,3.644750429628662
simultaneous_eeg_nirs,VP007,simultaneous_eeg_nirs__VP007__cnt_wg__prefrontal__w6,train,BL,28.0,1,-3.4107074739658576
simultaneous_eeg_nirs,VP007,simultaneous_eeg_nirs__VP007__cnt_wg__prefrontal__w7,train,WG,1.28,1,7.977625751894333
simultaneous_eeg_nirs,VP007,simultaneous_eeg_nirs__VP007__cnt_wg__prefrontal__w7,train,WG,2.1,1,-5.128412371533538
simultaneous_eeg_nirs,VP007,simultaneous_eeg_nirs__VP007__cnt_wg__prefrontal__w7,train,WG,3.56,1,-3.6502391506665606
simultaneous_eeg_nirs,VP007,simultaneous_eeg_nirs__VP007__cnt_wg__prefrontal__w7,train,WG,15.66,1,-6.161912357638558
simultaneous_eeg_nirs,VP007,simultaneous_eeg_nirs__VP007__cnt_wg__prefrontal__w7,train,WG,18.02,1,8.37268346964814
simultaneous_eeg_nirs,VP007,simultaneous_eeg_nirs__VP007__cnt_wg__prefrontal__w7,train,WG,18.58,1,-8.964772654276805
simultaneous_eeg_nirs,VP007,simultaneous_eeg_nirs__VP007__cnt_wg__prefrontal__w7,train,WG,20.02,1,3.293789489894656
simultaneous_eeg_nirs,VP007,simultaneous_eeg_nirs__VP007__cnt_wg__prefrontal__w7,train,WG,21.84,1,-4.005797160497802
simultaneous_eeg_nirs,VP007,simultaneous_eeg_nirs__VP007__cnt_wg__prefrontal__w7,train,WG,22.4,1,7.508777964687502
simultaneous_eeg_nirs,VP007,simultaneous_eeg_nirs__VP007__cnt_wg__prefrontal__w7,train,WG,22.94,1,3.257453781051012
simultaneous_eeg_nirs,VP007,simultaneous_eeg_nirs__VP007__cnt_wg__prefrontal__w7,train,WG,23.6,1,-3.087841972021927
simultaneous_eeg_nirs,VP007,simultaneous_eeg_nirs__VP007__cnt_wg__prefrontal__w7,train,WG,24.12,1,-4.986771477320843
simultaneous_eeg_nirs,VP007,simultaneous_eeg_nirs__VP007__cnt_wg__prefrontal__w7,train,WG,27.04,1,4.052615576004717
simultaneous_eeg_nirs,VP007,simultaneous_eeg_nirs__VP007__cnt_wg__prefrontal__w7,train,WG,27.86,1,-4.685015291076498
simultaneous_eeg_nirs,VP008,simultaneous_eeg_nirs__VP008__cnt_wg__prefrontal__w0,evaluate,BL,2.1,0,3.260061671311167
simultaneous_eeg_nirs,VP008,simultaneous_eeg_nirs__VP008__cnt_wg__prefrontal__w0,evaluate,BL,3.18,0,3.9210831900588836
simultaneous_eeg_nirs,VP008,simultaneous_eeg_nirs__VP008__cnt_wg__prefrontal__w0,evaluate,BL,5.18,0,3.5950487417301225
simultaneous_eeg_nirs,VP008,simultaneous_eeg_nirs__VP008__cnt_wg__prefrontal__w0,evaluate,BL,6.7,0,3.6348267984818663
simultaneous_eeg_nirs,VP008,simultaneous_eeg_nirs__VP008__cnt_wg__prefrontal__w0,evaluate,BL,7.54,0,3.508345102048145
simultaneous_eeg_nirs,VP008,simultaneous_eeg_nirs__VP008__cnt_wg__prefrontal__w0,evaluate,BL,9.6,0,3.479256586582291
simultaneous_eeg_nirs,VP008,simultaneous_eeg_nirs__VP008__cnt_wg__prefrontal__w0,evaluate,BL,12.48,0,3.4673627909628446
simultaneous_eeg_nirs,VP008,simultaneous_eeg_nirs__VP008__cnt_wg__prefrontal__w0,evaluate,BL,13.52,0,3.28208353530317
simultaneous_eeg_nirs,VP008,simultaneous_eeg_nirs__VP008__cnt_wg__prefrontal__w0,evaluate,BL,17.86,0,3.014470238571934
simultaneous_eeg_nirs,VP008,simultaneous_eeg_nirs__VP008__cnt_wg__prefrontal__w0,evaluate,BL,26.76,0,3.243851062900074
simultaneous_eeg_nirs,VP008,simultaneous_eeg_nirs__VP008__cnt_wg__prefrontal__w0,evaluate,BL,28.14,0,3.1638242027074748
simultaneous_eeg_nirs,VP008,simultaneous_eeg_nirs__VP008__cnt_wg__prefrontal__w0,evaluate,BL,29.12,0,3.1451644957258282
simultaneous_eeg_nirs,VP008,simultaneous_eeg_nirs__VP008__cnt_wg__prefrontal__w0,evaluate,BL,15.22,1,3.8791270200514534
simultaneous_eeg_nirs,VP008,simultaneous_eeg_nirs__VP008__cnt_wg__prefrontal__w0,evaluate,BL,16.54,1,-20.487901872575048
simultaneous_eeg_nirs,VP008,simultaneous_eeg_nirs__VP008__cnt_wg__prefrontal__w0,evaluate,BL,17.16,1,11.437530140889907
simultaneous_eeg_nirs,VP008,simultaneous_eeg_nirs__VP008__cnt_wg__prefrontal__w0,evaluate,BL,17.9,1,-3.1778044670189147
simultaneous_eeg_nirs,VP008,simultaneous_eeg_nirs__VP008__cnt_wg__prefrontal__w0,evaluate,BL,18.74,1,-4.118905622360192
simultaneous_eeg_nirs,VP008,simultaneous_eeg_nirs__VP008__cnt_wg__prefrontal__w0,evaluate,BL,20.2,1,7.600847618386814
simultaneous_eeg_nirs,VP008,simultaneous_eeg_nirs__VP008__cnt_wg__prefrontal__w0,evaluate,BL,21.08,1,5.604539538182042
simultaneous_eeg_nirs,VP008,simultaneous_eeg_nirs__VP008__cnt_wg__prefrontal__w0,evaluate,BL,21.9,1,-3.4537273904663914
simultaneous_eeg_nirs,VP008,simultaneous_eeg_nirs__VP008__cnt_wg__prefrontal__w0,evaluate,BL,22.94,1,5.17978572022387
simultaneous_eeg_nirs,VP008,simultaneous_eeg_nirs__VP008__cnt_wg__prefrontal__w0,evaluate,BL,24.32,1,-3.3376039491371428
simultaneous_eeg_nirs,VP008,simultaneous_eeg_nirs__VP008__cnt_wg__prefrontal__w1,evaluate,WG,0.12,0,4.039182921678728
simultaneous_eeg_nirs,VP008,simultaneous_eeg_nirs__VP008__cnt_wg__prefrontal__w1,evaluate,WG,1.98,0,3.858639496695405
simultaneous_eeg_nirs,VP008,simultaneous_eeg_nirs__VP008__cnt_wg__prefrontal__w1,evaluate,WG,3.76,0,3.3760188682853682
simultaneous_eeg_nirs,VP008,simultaneous_eeg_nirs__VP008__cnt_wg__prefrontal__w1,evaluate,WG,4.6,0,3.905046434427509
simultaneous_eeg_nirs,VP008,simultaneous_eeg_nirs__VP008__cnt_wg__prefrontal__w1,evaluate,WG,5.56,0,3.6148575817967314
simultaneous_eeg_nirs,VP008,simultaneous_eeg_nirs__VP008__cnt_wg__prefrontal__w1,evaluate,WG,7.56,0,3.7085371525304147
simultaneous_eeg_nirs,VP008,simultaneous_eeg_nirs__VP008__cnt_wg__prefrontal__w1,evaluate,WG,9.0,0,3.66710031040952
simultaneous_eeg_nirs,VP008,simultaneous_eeg_nirs__VP008__cnt_wg__prefrontal__w1,evaluate,WG,9.76,0,3.683450076413336
simultaneous_eeg_nirs,VP008,simultaneous_eeg_nirs__VP008__cnt_wg__prefrontal__w1,evaluate,WG,10.5,0,3.00888936936987
simultaneous_eeg_nirs,VP008,simultaneous_eeg_nirs__VP008__cnt_wg__prefrontal__w1,evaluate,WG,11.1,0,3.7933052321193292
simultaneous_eeg_nirs,VP008,simultaneous_eeg_nirs__VP008__cnt_wg__prefrontal__w1,evaluate,WG,12.48,0,4.553284927546216
simultaneous_eeg_nirs,VP008,simultaneous_eeg_nirs__VP008__cnt_wg__prefrontal__w1,evaluate,WG,13.14,0,3.3574664461031993
simultaneous_eeg_nirs,VP008,simultaneous_eeg_nirs__VP008__cnt_wg__prefrontal__w1,evaluate,WG,13.84,0,3.366187515974128
simultaneous_eeg_nirs,VP008,simultaneous_eeg_nirs__VP008__cnt_wg__prefrontal__w1,evaluate,WG,14.66,0,3.4837440469145324
simultaneous_eeg_nirs,VP008,simultaneous_eeg_nirs__VP008__cnt_wg__prefrontal__w1,evaluate,WG,15.2,0,3.3704731451920353
simultaneous_eeg_nirs,VP008,simultaneous_eeg_nirs__VP008__cnt_wg__prefrontal__w1,evaluate,WG,16.16,0,4.117499793480976
simultaneous_eeg_nirs,VP008,simultaneous_eeg_nirs__VP008__cnt_wg__prefrontal__w1,evaluate,WG,17.56,0,6.15516560576086
simultaneous_eeg_nirs,VP008,simultaneous_eeg_nirs__VP008__cnt_wg__prefrontal__w1,evaluate,WG,18.96,0,5.393613447171169
simultaneous_eeg_nirs,VP008,simultaneous_eeg_nirs__VP008__cnt_wg__prefrontal__w1,evaluate,WG,19.76,0,3.9951001921072864
simultaneous_eeg_nirs,VP008,simultaneous_eeg_nirs__VP008__cnt_wg__prefrontal__w1,evaluate,WG,20.4,0,3.5222524969232754
simultaneous_eeg_nirs,VP008,simultaneous_eeg_nirs__VP008__cnt_wg__prefrontal__w1,evaluate,WG,21.12,0,3.6788518075787042
simultaneous_eeg_nirs,VP008,simultaneous_eeg_nirs__VP008__cnt_wg__prefrontal__w1,evaluate,WG,22.32,0,3.529064717294179
simultaneous_eeg_nirs,VP008,simultaneous_eeg_nirs__VP008__cnt_wg__prefrontal__w1,evaluate,WG,22.9,0,3.3690238960847965
simultaneous_eeg_nirs,VP008,simultaneous_eeg_nirs__VP008__cnt_wg__prefrontal__w1,evaluate,WG,23.94,0,3.220575654327026
simultaneous_eeg_nirs,VP008,simultaneous_eeg_nirs__VP008__cnt_wg__prefrontal__w1,evaluate,WG,25.38,0,4.198490389800778
simultaneous_eeg_nirs,VP008,simultaneous_eeg_nirs__VP008__cnt_wg__prefrontal__w1,evaluate,WG,27.0,0,3.603247557746844
simultaneous_eeg_nirs,VP008,simultaneous_eeg_nirs__VP008__cnt_wg__prefrontal__w1,evaluate,WG,28.4,0,4.343954957674509
simultaneous_eeg_nirs,VP008,simultaneous_eeg_nirs__VP008__cnt_wg__prefrontal__w1,evaluate,WG,29.28,0,3.9118044888802355
simultaneous_eeg_nirs,VP008,simultaneous_eeg_nirs__VP008__cnt_wg__prefrontal__w1,evaluate,WG,3.76,1,-3.8878250530303613
simultaneous_eeg_nirs,VP008,simultaneous_eeg_nirs__VP008__cnt_wg__prefrontal__w1,evaluate,WG,4.56,1,-13.756948739599178
simultaneous_eeg_nirs,VP008,simultaneous_eeg_nirs__VP008__cnt_wg__prefrontal__w1,evaluate,WG,5.16,1,9.495298352551282
simultaneous_eeg_nirs,VP008,simultaneous_eeg_nirs__VP008__cnt_wg__prefrontal__w1,evaluate,WG,6.1,1,-6.509213446291516
simultaneous_eeg_nirs,VP008,simultaneous_eeg_nirs__VP008__cnt_wg__prefrontal__w1,evaluate,WG,6.88,1,6.897759728491561
simultaneous_eeg_nirs,VP008,simultaneous_eeg_nirs__VP008__cnt_wg__prefrontal__w1,evaluate,WG,12.46,1,3.0824429731334306
simultaneous_eeg_nirs,VP008,simultaneous_eeg_nirs__VP008__cnt_wg__prefrontal__w1,evaluate,WG,18.18,1,-4.877664499103317
simultaneous_eeg_nirs,VP008,simultaneous_eeg_nirs__VP008__cnt_wg__prefrontal__w1,evaluate,WG,18.92,1,6.372677346898482
simultaneous_eeg_nirs,VP008,simultaneous_eeg_nirs__VP008__cnt_wg__prefrontal__w1,evaluate,WG,24.32,1,-5.151993908953829
simultaneous_eeg_nirs,VP008,simultaneous_eeg_nirs__VP008__cnt_wg__prefrontal__w2,evaluate,BL,1.26,0,3.7312180751753115
simultaneous_eeg_nirs,VP008,simultaneous_eeg_nirs__VP008__cnt_wg__prefrontal__w2,evaluate,BL,4.08,0,3.457442263024445
simultaneous_eeg_nirs,VP008,simultaneous_eeg_nirs__VP008__cnt_wg__prefrontal__w2,evaluate,BL,4.88,0,3.382694856224932
simultaneous_eeg_nirs,VP008,simultaneous_eeg_nirs__VP008__cnt_wg__prefrontal__w2,evaluate,BL,6.46,0,4.66294519019647
simultaneous_eeg_nirs,VP008,simultaneous_eeg_nirs__VP008__cnt_wg__prefrontal__w2,evaluate,BL,7.52,0,4.159514777469198
simultaneous_eeg_nirs,VP008,simultaneous_eeg_nirs__VP008__cnt_wg__prefrontal__w2,evaluate,BL,8.52,0,4.0715931438869415
simultaneous_eeg_nirs,VP008,simultaneous_eeg_nirs__VP008__cnt_wg__prefrontal__w2,evaluate,BL,9.3,0,3.339076266220866
simultaneous_eeg_nirs,VP008,simultaneous_eeg_nirs__VP008__cnt_wg__prefrontal__w2,evaluate,BL,10.42,0,3.3844813115061263
simultaneous_eeg_nirs,VP008,simultaneous_eeg_nirs__VP008__cnt_wg__prefrontal__w2,evaluate,BL,11.58,0,4.045777929368841
simultaneous_eeg_nirs,VP008,simultaneous_eeg_nirs__VP008__cnt_wg__prefrontal__w2,evaluate,BL,12.6,0,4.840651145780856
simultaneous_eeg_nirs,VP008,simultaneous_eeg_nirs__VP008__cnt_wg__prefrontal__w2,evaluate,BL,13.46,0,3.022631495925989
simultaneous_eeg_nirs,VP008,simultaneous_eeg_nirs__VP008__cnt_wg__prefrontal__w2,evaluate,BL,13.98,0,3.3573795581029673
simultaneous_eeg_nirs,VP008,simultaneous_eeg_nirs__VP008__cnt_wg__prefrontal__w2,evaluate,BL,17.64,0,5.031003142075041
simultaneous_eeg_nirs,VP008,simultaneous_eeg_nirs__VP008__cnt_wg__prefrontal__w2,evaluate,BL,18.76,0,4.11368235479272
simultaneous_eeg_nirs,VP008,simultaneous_eeg_nirs__VP008__cnt_wg__prefrontal__w2,evaluate,BL,19.52,0,4.541189647838867
simultaneous_eeg_nirs,VP008,simultaneous_eeg_nirs__VP008__cnt_wg__prefrontal__w2,evaluate,BL,20.72,0,4.729593439194047
simultaneous_eeg_nirs,VP008,simultaneous_eeg_nirs__VP008__cnt_wg__prefrontal__w2,evaluate,BL,22.02,0,3.542903572613274
simultaneous_eeg_nirs,VP008,simultaneous_eeg_nirs__VP008__cnt_wg__prefrontal__w2,evaluate,BL,22.56,0,3.030412607630323
simultaneous_eeg_nirs,VP008,simultaneous_eeg_nirs__VP008__cnt_wg__prefrontal__w2,evaluate,BL,23.66,0,3.9240733066592925
simultaneous_eeg_nirs,VP008,simultaneous_eeg_nirs__VP008__cnt_wg__prefrontal__w2,evaluate,BL,25.78,0,4.975453585570543
simultaneous_eeg_nirs,VP008,simultaneous_eeg_nirs__VP008__cnt_wg__prefrontal__w2,evaluate,BL,26.28,0,-5.520808377771549
simultaneous_eeg_nirs,VP008,simultaneous_eeg_nirs__VP008__cnt_wg__prefrontal__w2,evaluate,BL,26.88,0,4.232130220044026
simultaneous_eeg_nirs,VP008,simultaneous_eeg_nirs__VP008__cnt_wg__prefrontal__w2,evaluate,BL,28.64,0,3.8509323800547657
simultaneous_eeg_nirs,VP008,simultaneous_eeg_nirs__VP008__cnt_wg__prefrontal__w2,evaluate,BL,29.2,0,3.8456320597710776
simultaneous_eeg_nirs,VP008,simultaneous_eeg_nirs__VP008__cnt_wg__prefrontal__w2,evaluate,BL,18.28,1,-4.5528572016965345
simultaneous_eeg_nirs,VP008,simultaneous_eeg_nirs__VP008__cnt_wg__prefrontal__w2,evaluate,BL,24.64,1,14.247534176927758
simultaneous_eeg_nirs,VP008,simultaneous_eeg_nirs__VP008__cnt_wg__prefrontal__w2,evaluate,BL,25.38,1,-13.307205846806893
simultaneous_eeg_nirs,VP008,simultaneous_eeg_nirs__VP008__cnt_wg__prefrontal__w2,evaluate,BL,26.56,1,8.521819904801758
simultaneous_eeg_nirs,VP008,simultaneous_eeg_nirs__VP008__cnt_wg__prefrontal__w2,evaluate,BL,27.1,1,-5.083548169331194
simultaneous_eeg_nirs,VP008,simultaneous_eeg_nirs__VP008__cnt_wg__prefrontal__w2,evaluate,BL,27.8,1,-3.549953841027311
simultaneous_eeg_nirs,VP008,simultaneous_eeg_nirs__VP008__cnt_wg__prefrontal__w2,evaluate,BL,28.7,1,3.9938886432038068
simultaneous_eeg_nirs,VP008,simultaneous_eeg_nirs__VP008__cnt_wg__prefrontal__w3,evaluate,BL,0.6,0,4.214794888941927
simultaneous_eeg_nirs,VP008,simultaneous_eeg_nirs__VP008__cnt_wg__prefrontal__w3,evaluate,BL,1.7,0,5.175977772342919
simultaneous_eeg_nirs,VP008,simultaneous_eeg_nirs__VP008__cnt_wg__prefrontal__w3,evaluate,BL,2.64,0,4.696657838084467
simultaneous_eeg_nirs,VP008,simultaneous_eeg_nirs__VP008__cnt_wg__prefrontal__w3,evaluate,BL,3.72,0,4.450919761464807
simultaneous_eeg_nirs,VP008,simultaneous_eeg_nirs__VP008__cnt_wg__prefrontal__w3,evaluate,BL,4.58,0,4.230826637119798
simultaneous_eeg_nirs,VP008,simultaneous_eeg_nirs__VP008__cnt_wg__prefrontal__w3,evaluate,BL,5.58,0,4.044714946214555
simultaneous_eeg_nirs,VP008,simultaneous_eeg_nirs__VP008__cnt_wg__prefrontal__w3,evaluate,BL,6.22,0,4.563900389069991
simultaneous_eeg_nirs,VP008,simultaneous_eeg_nirs__VP008__cnt_wg__prefrontal__w3,evaluate,BL,7.46,0,4.6237776105673785
simultaneous_eeg_nirs,VP008,simultaneous_eeg_nirs__VP008__cnt_wg__prefrontal__w3,evaluate,BL,8.04,0,3.5466953085468584
simultaneous_eeg_nirs,VP008,simultaneous_eeg_nirs__VP008__cnt_wg__prefrontal__w3,evaluate,BL,8.62,0,4.336589746114354
simultaneous_eeg_nirs,VP008,simultaneous_eeg_nirs__VP008__cnt_wg__prefrontal__w3,evaluate,BL,12.38,0,3.0473694336327157
simultaneous_eeg_nirs,VP008,simultaneous_eeg_nirs__VP008__cnt_wg__prefrontal__w3,evaluate,BL,13.18,0,3.386872177221896
simultaneous_eeg_nirs,VP008,simultaneous_eeg_nirs__VP008__cnt_wg__prefrontal__w3,evaluate,BL,13.8,0,3.661005656009285
simultaneous_eeg_nirs,VP008,simultaneous_eeg_nirs__VP008__cnt_wg__prefrontal__w3,evaluate,BL,15.42,0,3.764988854724028
simultaneous_eeg_nirs,VP008,simultaneous_eeg_nirs__VP008__cnt_wg__prefrontal__w3,evaluate,BL,17.68,0,4.085323742897485
simultaneous_eeg_nirs,VP008,simultaneous_eeg_nirs__VP008__cnt_wg__prefrontal__w3,evaluate,BL,18.28,0,3.6232968906664884
simultaneous_eeg_nirs,VP008,simultaneous_eeg_nirs__VP008__cnt_wg__prefrontal__w3,evaluate,BL,18.98,0,6.319789629991417
simultaneous_eeg_nirs,VP008,simultaneous_eeg_nirs__VP008__cnt_wg__prefrontal__w3,evaluate,BL,21.26,0,3.918564806402097
simultaneous_eeg_nirs,VP008,simultaneous_eeg_nirs__VP008__cnt_wg__prefrontal__w3,evaluate,BL,21.98,0,4.37117597840964
simultaneous_eeg_nirs,VP008,simultaneous_eeg_nirs__VP008__cnt_wg__prefrontal__w3,evaluate,BL,23.04,0,4.5726945201279525
simultaneous_eeg_nirs,VP008,simultaneous_eeg_nirs__VP008__cnt_wg__prefrontal__w3,evaluate,BL,23.64,0,3.2731001366048647
simultaneous_eeg_nirs,VP008,simultaneous_eeg_nirs__VP008__cnt_wg__prefrontal__w3,evaluate,BL,24.7,0,4.089990680253181
simultaneous_eeg_nirs,VP008,simultaneous_eeg_nirs__VP008__cnt_wg__prefrontal__w3,evaluate,BL,25.32,0,3.401806544992197
simultaneous_eeg_nirs,VP008,simultaneous_eeg_nirs__VP008__cnt_wg__prefrontal__w3,evaluate,BL,26.86,0,4.987533219260886
simultaneous_eeg_nirs,VP008,simultaneous_eeg_nirs__VP008__cnt_wg__prefrontal__w3,evaluate,BL,27.86,0,5.448524236115367
simultaneous_eeg_nirs,VP008,simultaneous_eeg_nirs__VP008__cnt_wg__prefrontal__w3,evaluate,BL,29.72,0,4.054591063366818
simultaneous_eeg_nirs,VP008,simultaneous_eeg_nirs__VP008__cnt_wg__prefrontal__w3,evaluate,BL,3.04,1,-4.628890862941218
simultaneous_eeg_nirs,VP008,simultaneous_eeg_nirs__VP008__cnt_wg__prefrontal__w3,evaluate,BL,3.66,1,-3.2009955132662804
simultaneous_eeg_nirs,VP008,simultaneous_eeg_nirs__VP008__cnt_wg__prefrontal__w3,evaluate,BL,5.58,1,3.2225630887070666
simultaneous_eeg_nirs,VP008,simultaneous_eeg_nirs__VP008__cnt_wg__prefrontal__w3,evaluate,BL,7.46,1,4.9130690970954065
simultaneous_eeg_nirs,VP008,simultaneous_eeg_nirs__VP008__cnt_wg__prefrontal__w3,evaluate,BL,9.16,1,-4.405515912595054
simultaneous_eeg_nirs,VP008,simultaneous_eeg_nirs__VP008__cnt_wg__prefrontal__w3,evaluate,BL,10.56,1,7.40337897108808
simultaneous_eeg_nirs,VP008,simultaneous_eeg_nirs__VP008__cnt_wg__prefrontal__w3,evaluate,BL,11.84,1,-4.1217680943138735
simultaneous_eeg_nirs,VP008,simultaneous_eeg_nirs__VP008__cnt_wg__prefrontal__w3,evaluate,BL,18.24,1,6.991032515259878
simultaneous_eeg_nirs,VP008,simultaneous_eeg_nirs__VP008__cnt_wg__prefrontal__w3,evaluate,BL,18.98,1,-6.544375505084032
simultaneous_eeg_nirs,VP008,simultaneous_eeg_nirs__VP008__cnt_wg__prefrontal__w3,evaluate,BL,20.68,1,-3.9456885805699855
simultaneous_eeg_nirs,VP008,simultaneous_eeg_nirs__VP008__cnt_wg__prefrontal__w3,evaluate,BL,23.64,1,-4.150566048120872
simultaneous_eeg_nirs,VP008,simultaneous_eeg_nirs__VP008__cnt_wg__prefrontal__w3,evaluate,BL,24.8,1,-3.525834611761404
simultaneous_eeg_nirs,VP008,simultaneous_eeg_nirs__VP008__cnt_wg__prefrontal__w3,evaluate,BL,25.34,1,8.148307665958097
simultaneous_eeg_nirs,VP008,simultaneous_eeg_nirs__VP008__cnt_wg__prefrontal__w3,evaluate,BL,25.88,1,6.429295765599398
simultaneous_eeg_nirs,VP008,simultaneous_eeg_nirs__VP008__cnt_wg__prefrontal__w3,evaluate,BL,26.84,1,-8.406545545723068
simultaneous_eeg_nirs,VP008,simultaneous_eeg_nirs__VP008__cnt_wg__prefrontal__w3,evaluate,BL,28.62,1,-4.3311254789056814
simultaneous_eeg_nirs,VP008,simultaneous_eeg_nirs__VP008__cnt_wg__prefrontal__w3,evaluate,BL,29.58,1,6.608153539588215
simultaneous_eeg_nirs,VP008,simultaneous_eeg_nirs__VP008__cnt_wg__prefrontal__w4,evaluate,BL,0.34,0,3.3469131189257912
simultaneous_eeg_nirs,VP008,simultaneous_eeg_nirs__VP008__cnt_wg__prefrontal__w4,evaluate,BL,1.78,0,4.385012829449951
simultaneous_eeg_nirs,VP008,simultaneous_eeg_nirs__VP008__cnt_wg__prefrontal__w4,evaluate,BL,2.94,0,3.4724170308619575
simultaneous_eeg_nirs,VP008,simultaneous_eeg_nirs__VP008__cnt_wg__prefrontal__w4,evaluate,BL,3.96,0,4.155815787686618
simultaneous_eeg_nirs,VP008,simultaneous_eeg_nirs__VP008__cnt_wg__prefrontal__w4,evaluate,BL,8.0,0,3.0490569620270294
simultaneous_eeg_nirs,VP008,simultaneous_eeg_nirs__VP008__cnt_wg__prefrontal__w4,evaluate,BL,11.18,0,3.060164735879129
simultaneous_eeg_nirs,VP008,simultaneous_eeg_nirs__VP008__cnt_wg__prefrontal__w4,evaluate,BL,14.54,0,4.030703033619631
simultaneous_eeg_nirs,VP008,simultaneous_eeg_nirs__VP008__cnt_wg__prefrontal__w4,evaluate,BL,15.36,0,3.2449548934254984
simultaneous_eeg_nirs,VP008,simultaneous_eeg_nirs__VP008__cnt_wg__prefrontal__w4,evaluate,BL,16.58,0,4.720788504436949
simultaneous_eeg_nirs,VP008,simultaneous_eeg_nirs__VP008__cnt_wg__prefrontal__w4,evaluate,BL,17.76,0,5.795298778536781
simultaneous_eeg_nirs,VP008,simultaneous_eeg_nirs__VP008__cnt_wg__prefrontal__w4,evaluate,BL,21.36,0,6.072741210221543
simultaneous_eeg_nirs,VP008,simultaneous_eeg_nirs__VP008__cnt_wg__prefrontal__w4,evaluate,BL,22.64,0,3.995440375008935
simultaneous_eeg_nirs,VP008,simultaneous_eeg_nirs__VP008__cnt_wg__prefrontal__w4,evaluate,BL,24.3,0,3.961389658731941
simultaneous_eeg_nirs,VP008,simultaneous_eeg_nirs__VP008__cnt_wg__prefrontal__w4,evaluate,BL,26.32,0,4.030612185085682
simultaneous_eeg_nirs,VP008,simultaneous_eeg_nirs__VP008__cnt_wg__prefrontal__w4,evaluate,BL,27.76,0,4.129497038256613
simultaneous_eeg_nirs,VP008,simultaneous_eeg_nirs__VP008__cnt_wg__prefrontal__w4,evaluate,BL,28.86,0,3.64648449269338
simultaneous_eeg_nirs,VP008,simultaneous_eeg_nirs__VP008__cnt_wg__prefrontal__w4,evaluate,BL,29.68,0,3.0005003764821536
simultaneous_eeg_nirs,VP008,simultaneous_eeg_nirs__VP008__cnt_wg__prefrontal__w4,evaluate,BL,3.96,1,4.448405668060655
simultaneous_eeg_nirs,VP008,simultaneous_eeg_nirs__VP008__cnt_wg__prefrontal__w4,evaluate,BL,5.28,1,-3.3125767823529513
simultaneous_eeg_nirs,VP008,simultaneous_eeg_nirs__VP008__cnt_wg__prefrontal__w4,evaluate,BL,7.72,1,15.089619713749654
simultaneous_eeg_nirs,VP008,simultaneous_eeg_nirs__VP008__cnt_wg__prefrontal__w4,evaluate,BL,8.24,1,-3.97993313598987
simultaneous_eeg_nirs,VP008,simultaneous_eeg_nirs__VP008__cnt_wg__prefrontal__w4,evaluate,BL,9.32,1,3.8292725810941963
simultaneous_eeg_nirs,VP008,simultaneous_eeg_nirs__VP008__cnt_wg__prefrontal__w4,evaluate,BL,15.96,1,8.59940974337563
simultaneous_eeg_nirs,VP008,simultaneous_eeg_nirs__VP008__cnt_wg__prefrontal__w4,evaluate,BL,17.94,1,-4.243326836967568
simultaneous_eeg_nirs,VP008,simultaneous_eeg_nirs__VP008__cnt_wg__prefrontal__w4,evaluate,BL,19.14,1,4.164770020211945
simultaneous_eeg_nirs,VP008,simultaneous_eeg_nirs__VP008__cnt_wg__prefrontal__w4,evaluate,BL,20.86,1,3.527667873133851
simultaneous_eeg_nirs,VP008,simultaneous_eeg_nirs__VP008__cnt_wg__prefrontal__w4,evaluate,BL,28.46,1,8.548007953822653
simultaneous_eeg_nirs,VP008,simultaneous_eeg_nirs__VP008__cnt_wg__prefrontal__w4,evaluate,BL,29.6,1,9.132341108249237
simultaneous_eeg_nirs,VP008,simultaneous_eeg_nirs__VP008__cnt_wg__prefrontal__w5,evaluate,WG,0.04,0,3.5873791254961627
simultaneous_eeg_nirs,VP008,simultaneous_eeg_nirs__VP008__cnt_wg__prefrontal__w5,evaluate,WG,0.62,0,4.811571286551915
simultaneous_eeg_nirs,VP008,simultaneous_eeg_nirs__VP008__cnt_wg__prefrontal__w5,evaluate,WG,1.42,0,3.3626435946494704
simultaneous_eeg_nirs,VP008,simultaneous_eeg_nirs__VP008__cnt_wg__prefrontal__w5,evaluate,WG,1.96,0,3.3072799052891946
simultaneous_eeg_nirs,VP008,simultaneous_eeg_nirs__VP008__cnt_wg__prefrontal__w5,evaluate,WG,4.84,0,4.435099860014253
simultaneous_eeg_nirs,VP008,simultaneous_eeg_nirs__VP008__cnt_wg__prefrontal__w5,evaluate,WG,5.76,0,4.62460464824921
simultaneous_eeg_nirs,VP008,simultaneous_eeg_nirs__VP008__cnt_wg__prefrontal__w5,evaluate,WG,7.42,0,3.3926536767998305
simultaneous_eeg_nirs,VP008,simultaneous_eeg_nirs__VP008__cnt_wg__prefrontal__w5,evaluate,WG,10.26,0,6.129195617037801
simultaneous_eeg_nirs,VP008,simultaneous_eeg_nirs__VP008__cnt_wg__prefrontal__w5,evaluate,WG,10.86,0,4.077037965693079
simultaneous_eeg_nirs,VP008,simultaneous_eeg_nirs__VP008__cnt_wg__prefrontal__w5,evaluate,WG,12.66,0,3.0032145917326196
simultaneous_eeg_nirs,VP008,simultaneous_eeg_nirs__VP008__cnt_wg__prefrontal__w5,evaluate,WG,13.2,0,-3.444061318679154
simultaneous_eeg_nirs,VP008,simultaneous_eeg_nirs__VP008__cnt_wg__prefrontal__w5,evaluate,WG,13.9,0,5.270456497042568
simultaneous_eeg_nirs,VP008,simultaneous_eeg_nirs__VP008__cnt_wg__prefrontal__w5,evaluate,WG,15.1,0,4.578973882618391
simultaneous_eeg_nirs,VP008,simultaneous_eeg_nirs__VP008__cnt_wg__prefrontal__w5,evaluate,WG,17.58,0,5.690511897789692
simultaneous_eeg_nirs,VP008,simultaneous_eeg_nirs__VP008__cnt_wg__prefrontal__w5,evaluate,WG,18.18,0,3.5937133695848122
simultaneous_eeg_nirs,VP008,simultaneous_eeg_nirs__VP008__cnt_wg__prefrontal__w5,evaluate,WG,20.1,0,4.5601386212651045
simultaneous_eeg_nirs,VP008,simultaneous_eeg_nirs__VP008__cnt_wg__prefrontal__w5,evaluate,WG,21.18,0,4.108452264570553
simultaneous_eeg_nirs,VP008,simultaneous_eeg_nirs__VP008__cnt_wg__prefrontal__w5,evaluate,WG,22.02,0,4.08822285080651
simultaneous_eeg_nirs,VP008,simultaneous_eeg_nirs__VP008__cnt_wg__prefrontal__w5,evaluate,WG,23.54,0,4.0728457475683575
simultaneous_eeg_nirs,VP008,simultaneous_eeg_nirs__VP008__cnt_wg__prefrontal__w5,evaluate,WG,24.7,0,4.313995819267943
simultaneous_eeg_nirs,VP008,simultaneous_eeg_nirs__VP008__cnt_wg__prefrontal__w5,evaluate,WG,26.04,0,4.280587577238454
simultaneous_eeg_nirs,VP008,simultaneous_eeg_nirs__VP008__cnt_wg__prefrontal__w5,evaluate,WG,27.98,0,3.533643071470738
simultaneous_eeg_nirs,VP008,simultaneous_eeg_nirs__VP008__cnt_wg__prefrontal__w5,evaluate,WG,28.84,0,3.1516619890510036
simultaneous_eeg_nirs,VP008,simultaneous_eeg_nirs__VP008__cnt_wg__prefrontal__w5,evaluate,WG,0.26,1,-11.729161829956501
simultaneous_eeg_nirs,VP008,simultaneous_eeg_nirs__VP008__cnt_wg__prefrontal__w5,evaluate,WG,0.78,1,-7.954257861512811
simultaneous_eeg_nirs,VP008,simultaneous_eeg_nirs__VP008__cnt_wg__prefrontal__w5,evaluate,WG,2.08,1,-4.3564737034019725
simultaneous_eeg_nirs,VP008,simultaneous_eeg_nirs__VP008__cnt_wg__prefrontal__w5,evaluate,WG,6.14,1,-5.752849884145266
simultaneous_eeg_nirs,VP008,simultaneous_eeg_nirs__VP008__cnt_wg__prefrontal__w5,evaluate,WG,6.74,1,9.140835760382695
simultaneous_eeg_nirs,VP008,simultaneous_eeg_nirs__VP008__cnt_wg__prefrontal__w5,evaluate,WG,7.78,1,-5.652153932101207
simultaneous_eeg_nirs,VP008,simultaneous_eeg_nirs__VP008__cnt_wg__prefrontal__w5,evaluate,WG,8.4,1,-7.140006060771605
simultaneous_eeg_nirs,VP008,simultaneous_eeg_nirs__VP008__cnt_wg__prefrontal__w5,evaluate,WG,10.3,1,3.5244478826587087
simultaneous_eeg_nirs,VP008,simultaneous_eeg_nirs__VP008__cnt_wg__prefrontal__w5,evaluate,WG,10.88,1,3.8519893459739043
simultaneous_eeg_nirs,VP008,simultaneous_eeg_nirs__VP008__cnt_wg__prefrontal__w5,evaluate,WG,12.04,1,3.90189823906548
simultaneous_eeg_nirs,VP008,simultaneous_eeg_nirs__VP008__cnt_wg__prefrontal__w5,evaluate,WG,12.64,1,-10.655539456752273
simultaneous_eeg_nirs,VP008,simultaneous_eeg_nirs__VP008__cnt_wg__prefrontal__w5,evaluate,WG,14.32,1,-5.1752347987270975
simultaneous_eeg_nirs,VP008,simultaneous_eeg_nirs__VP008__cnt_wg__prefrontal__w5,evaluate,WG,15.12,1,9.615946296020162
simultaneous_eeg_nirs,VP008,simultaneous_eeg_nirs__VP008__cnt_wg__prefrontal__w5,evaluate,WG,15.66,1,5.180174503070719
simultaneous_eeg_nirs,VP008,simultaneous_eeg_nirs__VP008__cnt_wg__prefrontal__w5,evaluate,WG,17.56,1,-3.3554096509554587
simultaneous_eeg_nirs,VP008,simultaneous_eeg_nirs__VP008__cnt_wg__prefrontal__w6,evaluate,WG,2.0,0,4.41219108493964
simultaneous_eeg_nirs,VP008,simultaneous_eeg_nirs__VP008__cnt_wg__prefrontal__w6,evaluate,WG,3.64,0,4.363757749217459
simultaneous_eeg_nirs,VP008,simultaneous_eeg_nirs__VP008__cnt_wg__prefrontal__w6,evaluate,WG,5.44,0,6.184593413139536
simultaneous_eeg_nirs,VP008,simultaneous_eeg_nirs__VP008__cnt_wg__prefrontal__w6,evaluate,WG,9.52,0,4.170262542053382
simultaneous_eeg_nirs,VP008,simultaneous_eeg_nirs__VP008__cnt_wg__prefrontal__w6,evaluate,WG,11.58,0,3.951309775761747
simultaneous_eeg_nirs,VP008,simultaneous_eeg_nirs__VP008__cnt_wg__prefrontal__w6,evaluate,WG,12.6,0,4.322820972833205
simultaneous_eeg_nirs,VP008,simultaneous_eeg_nirs__VP008__cnt_wg__prefrontal__w6,evaluate,WG,13.9,0,5.464331587666617
simultaneous_eeg_nirs,VP008,simultaneous_eeg_nirs__VP008__cnt_wg__prefrontal__w6,evaluate,WG,15.28,0,4.9861260667580085
simultaneous_eeg_nirs,VP008,simultaneous_eeg_nirs__VP008__cnt_wg__prefrontal__w6,evaluate,WG,17.0,0,3.4454491659309467
simultaneous_eeg_nirs,VP008,simultaneous_eeg_nirs__VP008__cnt_wg__prefrontal__w6,evaluate,WG,17.66,0,3.9844904645549946
simultaneous_eeg_nirs,VP008,simultaneous_eeg_nirs__VP008__cnt_wg__prefrontal__w6,evaluate,WG,20.3,0,3.6228963993743353
simultaneous_eeg_nirs,VP008,simultaneous_eeg_nirs__VP008__cnt_wg__prefrontal__w6,evaluate,WG,20.86,0,3.3109041747764842
simultaneous_eeg_nirs,VP008,simultaneous_eeg_nirs__VP008__cnt_wg__prefrontal__w6,evaluate,WG,21.7,0,4.416215905243168
simultaneous_eeg_nirs,VP008,simultaneous_eeg_nirs__VP008__cnt_wg__prefrontal__w6,evaluate,WG,24.22,0,3.071714464622464
simultaneous_eeg_nirs,VP008,simultaneous_eeg_nirs__VP008__cnt_wg__prefrontal__w6,evaluate,WG,26.86,0,4.30411143811903
simultaneous_eeg_nirs,VP008,simultaneous_eeg_nirs__VP008__cnt_wg__prefrontal__w6,evaluate,WG,28.18,0,4.467212985232193
simultaneous_eeg_nirs,VP008,simultaneous_eeg_nirs__VP008__cnt_wg__prefrontal__w6,evaluate,WG,29.12,0,3.802983941333945
simultaneous_eeg_nirs,VP008,simultaneous_eeg_nirs__VP008__cnt_wg__prefrontal__w6,evaluate,WG,0.36,1,-4.886650233830497
simultaneous_eeg_nirs,VP008,simultaneous_eeg_nirs__VP008__cnt_wg__prefrontal__w6,evaluate,WG,2.02,1,4.056005190211378
simultaneous_eeg_nirs,VP008,simultaneous_eeg_nirs__VP008__cnt_wg__prefrontal__w6,evaluate,WG,4.88,1,3.234094525627551
simultaneous_eeg_nirs,VP008,simultaneous_eeg_nirs__VP008__cnt_wg__prefrontal__w6,evaluate,WG,5.4,1,3.066584154837372
simultaneous_eeg_nirs,VP008,simultaneous_eeg_nirs__VP008__cnt_wg__prefrontal__w6,evaluate,WG,6.14,1,7.83340522841529
simultaneous_eeg_nirs,VP008,simultaneous_eeg_nirs__VP008__cnt_wg__prefrontal__w6,evaluate,WG,6.96,1,-8.685730555366522
simultaneous_eeg_nirs,VP008,simultaneous_eeg_nirs__VP008__cnt_wg__prefrontal__w6,evaluate,WG,7.7,1,3.5293925527008425
simultaneous_eeg_nirs,VP008,simultaneous_eeg_nirs__VP008__cnt_wg__prefrontal__w6,evaluate,WG,9.56,1,-4.7537479240266345
simultaneous_eeg_nirs,VP008,simultaneous_eeg_nirs__VP008__cnt_wg__prefrontal__w6,evaluate,WG,10.06,1,-5.071394467859285
simultaneous_eeg_nirs,VP008,simultaneous_eeg_nirs__VP008__cnt_wg__prefrontal__w6,evaluate,WG,11.68,1,-3.4992487551058633
simultaneous_eeg_nirs,VP008,simultaneous_eeg_nirs__VP008__cnt_wg__prefrontal__w6,evaluate,WG,14.1,1,-4.109750808424066
simultaneous_eeg_nirs,VP008,simultaneous_eeg_nirs__VP008__cnt_wg__prefrontal__w6,evaluate,WG,14.88,1,5.114500812865352
simultaneous_eeg_nirs,VP008,simultaneous_eeg_nirs__VP008__cnt_wg__prefrontal__w6,evaluate,WG,17.96,1,-4.795652057401773
simultaneous_eeg_nirs,VP008,simultaneous_eeg_nirs__VP008__cnt_wg__prefrontal__w6,evaluate,WG,20.34,1,3.353611018735037
simultaneous_eeg_nirs,VP008,simultaneous_eeg_nirs__VP008__cnt_wg__prefrontal__w6,evaluate,WG,21.26,1,-12.493714275178752
simultaneous_eeg_nirs,VP008,simultaneous_eeg_nirs__VP008__cnt_wg__prefrontal__w6,evaluate,WG,21.8,1,4.820360541064276
simultaneous_eeg_nirs,VP008,simultaneous_eeg_nirs__VP008__cnt_wg__prefrontal__w6,evaluate,WG,26.38,1,3.9604874137741546
simultaneous_eeg_nirs,VP008,simultaneous_eeg_nirs__VP008__cnt_wg__prefrontal__w7,evaluate,BL,0.24,0,-3.4953544466129927
simultaneous_eeg_nirs,VP008,simultaneous_eeg_nirs__VP008__cnt_wg__prefrontal__w7,evaluate,BL,1.0,0,4.364359389995344
simultaneous_eeg_nirs,VP008,simultaneous_eeg_nirs__VP008__cnt_wg__prefrontal__w7,evaluate,BL,1.56,0,3.539847917382885
simultaneous_eeg_nirs,VP008,simultaneous_eeg_nirs__VP008__cnt_wg__prefrontal__w7,evaluate,BL,2.76,0,3.789492307788511
simultaneous_eeg_nirs,VP008,simultaneous_eeg_nirs__VP008__cnt_wg__prefrontal__w7,evaluate,BL,3.42,0,3.1868095828427174
simultaneous_eeg_nirs,VP008,simultaneous_eeg_nirs__VP008__cnt_wg__prefrontal__w7,evaluate,BL,4.56,0,3.32440106045987
simultaneous_eeg_nirs,VP008,simultaneous_eeg_nirs__VP008__cnt_wg__prefrontal__w7,evaluate,BL,6.14,0,3.7350614907229898
simultaneous_eeg_nirs,VP008,simultaneous_eeg_nirs__VP008__cnt_wg__prefrontal__w7,evaluate,BL,6.92,0,3.5619427900396428
simultaneous_eeg_nirs,VP008,simultaneous_eeg_nirs__VP008__cnt_wg__prefrontal__w7,evaluate,BL,7.46,0,3.6860364746831698
simultaneous_eeg_nirs,VP008,simultaneous_eeg_nirs__VP008__cnt_wg__prefrontal__w7,evaluate,BL,8.22,0,5.050688433355039
simultaneous_eeg_nirs,VP008,simultaneous_eeg_nirs__VP008__cnt_wg__prefrontal__w7,evaluate,BL,9.18,0,4.848617989850847
simultaneous_eeg_nirs,VP008,simultaneous_eeg_nirs__VP008__cnt_wg__prefrontal__w7,evaluate,BL,10.14,0,3.9207383784488754
simultaneous_eeg_nirs,VP008,simultaneous_eeg_nirs__VP008__cnt_wg__prefrontal__w7,evaluate,BL,10.78,0,6.20050748043146
simultaneous_eeg_nirs,VP008,simultaneous_eeg_nirs__VP008__cnt_wg__prefrontal__w7,evaluate,BL,11.56,0,4.2053543525116455
simultaneous_eeg_nirs,VP008,simultaneous_eeg_nirs__VP008__cnt_wg__prefrontal__w7,evaluate,BL,12.14,0,3.8019268157774877
simultaneous_eeg_nirs,VP008,simultaneous_eeg_nirs__VP008__cnt_wg__prefrontal__w7,evaluate,BL,13.14,0,3.7289432927881934
simultaneous_eeg_nirs,VP008,simultaneous_eeg_nirs__VP008__cnt_wg__prefrontal__w7,evaluate,BL,14.18,0,4.232764419401083
simultaneous_eeg_nirs,VP008,simultaneous_eeg_nirs__VP008__cnt_wg__prefrontal__w7,evaluate,BL,15.44,0,4.900627324944679
simultaneous_eeg_nirs,VP008,simultaneous_eeg_nirs__VP008__cnt_wg__prefrontal__w7,evaluate,BL,16.68,0,4.4352159374039655
simultaneous_eeg_nirs,VP008,simultaneous_eeg_nirs__VP008__cnt_wg__prefrontal__w7,evaluate,BL,17.96,0,3.4995760211420923
simultaneous_eeg_nirs,VP008,simultaneous_eeg_nirs__VP008__cnt_wg__prefrontal__w7,evaluate,BL,18.46,0,3.8538626246707146
simultaneous_eeg_nirs,VP008,simultaneous_eeg_nirs__VP008__cnt_wg__prefrontal__w7,evaluate,BL,19.4,0,3.7616919848343535
simultaneous_eeg_nirs,VP008,simultaneous_eeg_nirs__VP008__cnt_wg__prefrontal__w7,evaluate,BL,20.42,0,3.299699701504456
simultaneous_eeg_nirs,VP008,simultaneous_eeg_nirs__VP008__cnt_wg__prefrontal__w7,evaluate,BL,21.44,0,3.173208334413826
simultaneous_eeg_nirs,VP008,simultaneous_eeg_nirs__VP008__cnt_wg__prefrontal__w7,evaluate,BL,22.12,0,3.3852544743739865
simultaneous_eeg_nirs,VP008,simultaneous_eeg_nirs__VP008__cnt_wg__prefrontal__w7,evaluate,BL,22.86,0,3.366538896056148
simultaneous_eeg_nirs,VP008,simultaneous_eeg_nirs__VP008__cnt_wg__prefrontal__w7,evaluate,BL,24.06,0,4.145122441321061
simultaneous_eeg_nirs,VP008,simultaneous_eeg_nirs__VP008__cnt_wg__prefrontal__w7,evaluate,BL,25.44,0,3.5848029550077216
simultaneous_eeg_nirs,VP008,simultaneous_eeg_nirs__VP008__cnt_wg__prefrontal__w7,evaluate,BL,26.12,0,5.180631137264611
simultaneous_eeg_nirs,VP008,simultaneous_eeg_nirs__VP008__cnt_wg__prefrontal__w7,evaluate,BL,27.36,0,4.692947014393272
simultaneous_eeg_nirs,VP008,simultaneous_eeg_nirs__VP008__cnt_wg__prefrontal__w7,evaluate,BL,28.28,0,3.1224599749511968
simultaneous_eeg_nirs,VP008,simultaneous_eeg_nirs__VP008__cnt_wg__prefrontal__w7,evaluate,BL,28.86,0,3.1659490419711536
simultaneous_eeg_nirs,VP008,simultaneous_eeg_nirs__VP008__cnt_wg__prefrontal__w7,evaluate,BL,0.2,1,-3.3670116164188624
simultaneous_eeg_nirs,VP008,simultaneous_eeg_nirs__VP008__cnt_wg__prefrontal__w7,evaluate,BL,1.0,1,3.13163993528842
simultaneous_eeg_nirs,VP008,simultaneous_eeg_nirs__VP008__cnt_wg__prefrontal__w7,evaluate,BL,8.88,1,3.3859758075165987
simultaneous_eeg_nirs,VP008,simultaneous_eeg_nirs__VP008__cnt_wg__prefrontal__w7,evaluate,BL,9.6,1,-8.09490346771645
simultaneous_eeg_nirs,VP008,simultaneous_eeg_nirs__VP008__cnt_wg__prefrontal__w7,evaluate,BL,10.86,1,-8.064822232955214
simultaneous_eeg_nirs,VP008,simultaneous_eeg_nirs__VP008__cnt_wg__prefrontal__w7,evaluate,BL,12.76,1,-5.061889978253711
simultaneous_eeg_nirs,VP008,simultaneous_eeg_nirs__VP008__cnt_wg__prefrontal__w7,evaluate,BL,14.18,1,8.204207466276804
simultaneous_eeg_nirs,VP008,simultaneous_eeg_nirs__VP008__cnt_wg__prefrontal__w7,evaluate,BL,15.42,1,-11.10882971066156
simultaneous_eeg_nirs,VP008,simultaneous_eeg_nirs__VP008__cnt_wg__prefrontal__w7,evaluate,BL,18.46,1,5.601147965031838
simultaneous_eeg_nirs,VP008,simultaneous_eeg_nirs__VP008__cnt_wg__prefrontal__w7,evaluate,BL,19.06,1,-5.99026387743564
simultaneous_eeg_nirs,VP008,simultaneous_eeg_nirs__VP008__cnt_wg__prefrontal__w7,evaluate,BL,20.56,1,-8.45858895194241
simultaneous_eeg_nirs,VP008,simultaneous_eeg_nirs__VP008__cnt_wg__prefrontal__w7,evaluate,BL,21.26,1,4.8708451191320785
simultaneous_eeg_nirs,VP008,simultaneous_eeg_nirs__VP008__cnt_wg__prefrontal__w7,evaluate,BL,22.94,1,-13.79364607449714
simultaneous_eeg_nirs,VP008,simultaneous_eeg_nirs__VP008__cnt_wg__prefrontal__w7,evaluate,BL,26.62,1,-4.6823692662542795
simultaneous_eeg_nirs,VP008,simultaneous_eeg_nirs__VP008__cnt_wg__prefrontal__w7,evaluate,BL,27.38,1,3.3289915618303434
simultaneous_eeg_nirs,VP009,simultaneous_eeg_nirs__VP009__cnt_wg__prefrontal__w0,train,WG,0.4,0,5.097446660186267
simultaneous_eeg_nirs,VP009,simultaneous_eeg_nirs__VP009__cnt_wg__prefrontal__w0,train,WG,5.46,0,6.257387189909378
simultaneous_eeg_nirs,VP009,simultaneous_eeg_nirs__VP009__cnt_wg__prefrontal__w0,train,WG,7.82,0,5.486634591196597
simultaneous_eeg_nirs,VP009,simultaneous_eeg_nirs__VP009__cnt_wg__prefrontal__w0,train,WG,9.78,0,4.816752789115317
simultaneous_eeg_nirs,VP009,simultaneous_eeg_nirs__VP009__cnt_wg__prefrontal__w0,train,WG,12.16,0,4.926131115068856
simultaneous_eeg_nirs,VP009,simultaneous_eeg_nirs__VP009__cnt_wg__prefrontal__w0,train,WG,14.92,0,4.298104849935989
simultaneous_eeg_nirs,VP009,simultaneous_eeg_nirs__VP009__cnt_wg__prefrontal__w0,train,WG,17.16,0,3.8454789779747003
simultaneous_eeg_nirs,VP009,simultaneous_eeg_nirs__VP009__cnt_wg__prefrontal__w0,train,WG,20.42,0,3.5362879551768516
simultaneous_eeg_nirs,VP009,simultaneous_eeg_nirs__VP009__cnt_wg__prefrontal__w0,train,WG,24.6,0,3.24478804944995
simultaneous_eeg_nirs,VP009,simultaneous_eeg_nirs__VP009__cnt_wg__prefrontal__w0,train,WG,26.8,0,4.364856311820664
simultaneous_eeg_nirs,VP009,simultaneous_eeg_nirs__VP009__cnt_wg__prefrontal__w0,train,WG,0.34,1,5.665590515688174
simultaneous_eeg_nirs,VP009,simultaneous_eeg_nirs__VP009__cnt_wg__prefrontal__w1,train,BL,1.1,0,3.838894572051627
simultaneous_eeg_nirs,VP009,simultaneous_eeg_nirs__VP009__cnt_wg__prefrontal__w1,train,BL,3.02,0,3.3070228752598902
simultaneous_eeg_nirs,VP009,simultaneous_eeg_nirs__VP009__cnt_wg__prefrontal__w1,train,BL,9.04,0,3.7944120749169885
simultaneous_eeg_nirs,VP009,simultaneous_eeg_nirs__VP009__cnt_wg__prefrontal__w1,train,BL,16.08,0,-3.511693415620719
simultaneous_eeg_nirs,VP009,simultaneous_eeg_nirs__VP009__cnt_wg__prefrontal__w1,train,BL,16.76,0,4.571354474436459
simultaneous_eeg_nirs,VP009,simultaneous_eeg_nirs__VP009__cnt_wg__prefrontal__w1,train,BL,19.82,0,4.26464744262834
simultaneous_eeg_nirs,VP009,simultaneous_eeg_nirs__VP009__cnt_wg__prefrontal__w1,train,BL,22.74,0,5.14478216556528
simultaneous_eeg_nirs,VP009,simultaneous_eeg_nirs__VP009__cnt_wg__prefrontal__w1,train,BL,25.22,0,4.315617190876606
simultaneous_eeg_nirs,VP009,simultaneous_eeg_nirs__VP009__cnt_wg__prefrontal__w1,train,BL,27.18,0,3.7229984440083417
simultaneous_eeg_nirs,VP009,simultaneous_eeg_nirs__VP009__cnt_wg__prefrontal__w1,train,BL,16.1,1,3.6756113572675613
simultaneous_eeg_nirs,VP009,simultaneous_eeg_nirs__VP009__cnt_wg__prefrontal__w1,train,BL,16.82,1,4.133355236201346
simultaneous_eeg_nirs,VP009,simultaneous_eeg_nirs__VP009__cnt_wg__prefrontal__w1,train,BL,17.52,1,3.0785401259788245
simultaneous_eeg_nirs,VP009,simultaneous_eeg_nirs__VP009__cnt_wg__prefrontal__w1,train,BL,19.48,1,3.1494948656435873
simultaneous_eeg_nirs,VP009,simultaneous_eeg_nirs__VP009__cnt_wg__prefrontal__w2,train,WG,0.64,0,3.797610049804708
simultaneous_eeg_nirs,VP009,simultaneous_eeg_nirs__VP009__cnt_wg__prefrontal__w2,train,WG,2.82,0,4.3282355461003
simultaneous_eeg_nirs,VP009,simultaneous_eeg_nirs__VP009__cnt_wg__prefrontal__w2,train,WG,6.72,0,3.72321027334315
simultaneous_eeg_nirs,VP009,simultaneous_eeg_nirs__VP009__cnt_wg__prefrontal__w2,train,WG,9.18,0,3.2200382422758866
simultaneous_eeg_nirs,VP009,simultaneous_eeg_nirs__VP009__cnt_wg__prefrontal__w2,train,WG,11.76,0,3.8904165288836667
simultaneous_eeg_nirs,VP009,simultaneous_eeg_nirs__VP009__cnt_wg__prefrontal__w2,train,WG,15.0,0,3.4073914417379325
simultaneous_eeg_nirs,VP009,simultaneous_eeg_nirs__VP009__cnt_wg__prefrontal__w2,train,WG,16.52,0,4.943609341744156
simultaneous_eeg_nirs,VP009,simultaneous_eeg_nirs__VP009__cnt_wg__prefrontal__w2,train,WG,18.54,0,4.0369638089397535
simultaneous_eeg_nirs,VP009,simultaneous_eeg_nirs__VP009__cnt_wg__prefrontal__w2,train,WG,20.76,0,3.67225576988128
simultaneous_eeg_nirs,VP009,simultaneous_eeg_nirs__VP009__cnt_wg__prefrontal__w2,train,WG,23.36,0,4.361313134491461
simultaneous_eeg_nirs,VP009,simultaneous_eeg_nirs__VP009__cnt_wg__prefrontal__w2,train,WG,25.38,0,4.077723042349592
simultaneous_eeg_nirs,VP009,simultaneous_eeg_nirs__VP009__cnt_wg__prefrontal__w2,train,WG,27.22,0,3.8411131228003677
simultaneous_eeg_nirs,VP009,simultaneous_eeg_nirs__VP009__cnt_wg__prefrontal__w2,train,WG,28.8,0,3.6985813946538975
simultaneous_eeg_nirs,VP009,simultaneous_eeg_nirs__VP009__cnt_wg__prefrontal__w2,train,WG,0.6,1,-3.543467046818608
simultaneous_eeg_nirs,VP009,simultaneous_eeg_nirs__VP009__cnt_wg__prefrontal__w2,train,WG,16.48,1,4.289646848608806
simultaneous_eeg_nirs,VP009,simultaneous_eeg_nirs__VP009__cnt_wg__prefrontal__w2,train,WG,23.04,1,-4.548516605139687
simultaneous_eeg_nirs,VP009,simultaneous_eeg_nirs__VP009__cnt_wg__prefrontal__w3,train,BL,0.82,0,5.169070573756578
simultaneous_eeg_nirs,VP009,simultaneous_eeg_nirs__VP009__cnt_wg__prefrontal__w3,train,BL,3.58,0,4.794252137597874
simultaneous_eeg_nirs,VP009,simultaneous_eeg_nirs__VP009__cnt_wg__prefrontal__w3,train,BL,6.22,0,5.257738349520921
simultaneous_eeg_nirs,VP009,simultaneous_eeg_nirs__VP009__cnt_wg__prefrontal__w3,train,BL,9.44,0,3.864788562556275
simultaneous_eeg_nirs,VP009,simultaneous_eeg_nirs__VP009__cnt_wg__prefrontal__w3,train,BL,10.54,0,4.567599828721257
simultaneous_eeg_nirs,VP009,simultaneous_eeg_nirs__VP009__cnt_wg__prefrontal__w3,train,BL,11.42,0,3.798506054638091
simultaneous_eeg_nirs,VP009,simultaneous_eeg_nirs__VP009__cnt_wg__prefrontal__w3,train,BL,13.74,0,4.567244234809672
simultaneous_eeg_nirs,VP009,simultaneous_eeg_nirs__VP009__cnt_wg__prefrontal__w3,train,BL,15.82,0,4.3058881299806355
simultaneous_eeg_nirs,VP009,simultaneous_eeg_nirs__VP009__cnt_wg__prefrontal__w3,train,BL,21.12,0,4.045383600792925
simultaneous_eeg_nirs,VP009,simultaneous_eeg_nirs__VP009__cnt_wg__prefrontal__w3,train,BL,24.62,0,4.117150137216393
simultaneous_eeg_nirs,VP009,simultaneous_eeg_nirs__VP009__cnt_wg__prefrontal__w3,train,BL,26.06,0,4.529563218831771
simultaneous_eeg_nirs,VP009,simultaneous_eeg_nirs__VP009__cnt_wg__prefrontal__w3,train,BL,27.28,0,5.688301498888294
simultaneous_eeg_nirs,VP009,simultaneous_eeg_nirs__VP009__cnt_wg__prefrontal__w3,train,BL,29.24,0,5.611419693234071
simultaneous_eeg_nirs,VP009,simultaneous_eeg_nirs__VP009__cnt_wg__prefrontal__w3,train,BL,29.92,0,3.7702121541625395
simultaneous_eeg_nirs,VP009,simultaneous_eeg_nirs__VP009__cnt_wg__prefrontal__w3,train,BL,4.92,1,-3.5978660405382112
simultaneous_eeg_nirs,VP009,simultaneous_eeg_nirs__VP009__cnt_wg__prefrontal__w3,train,BL,24.68,1,-4.492585835641581
simultaneous_eeg_nirs,VP009,simultaneous_eeg_nirs__VP009__cnt_wg__prefrontal__w3,train,BL,28.02,1,-8.979069961274803
simultaneous_eeg_nirs,VP009,simultaneous_eeg_nirs__VP009__cnt_wg__prefrontal__w3,train,BL,28.52,1,4.002533171826175
simultaneous_eeg_nirs,VP009,simultaneous_eeg_nirs__VP009__cnt_wg__prefrontal__w3,train,BL,29.54,1,5.739289563635525
simultaneous_eeg_nirs,VP009,simultaneous_eeg_nirs__VP009__cnt_wg__prefrontal__w4,train,BL,1.4,0,4.049637429430802
simultaneous_eeg_nirs,VP009,simultaneous_eeg_nirs__VP009__cnt_wg__prefrontal__w4,train,BL,2.2,0,3.5015614378249564
simultaneous_eeg_nirs,VP009,simultaneous_eeg_nirs__VP009__cnt_wg__prefrontal__w4,train,BL,2.96,0,4.908930522872648
simultaneous_eeg_nirs,VP009,simultaneous_eeg_nirs__VP009__cnt_wg__prefrontal__w4,train,BL,4.62,0,6.29810235546884
simultaneous_eeg_nirs,VP009,simultaneous_eeg_nirs__VP009__cnt_wg__prefrontal__w4,train,BL,5.5,0,4.055006661716062
simultaneous_eeg_nirs,VP009,simultaneous_eeg_nirs__VP009__cnt_wg__prefrontal__w4,train,BL,6.26,0,5.0330175375978845
simultaneous_eeg_nirs,VP009,simultaneous_eeg_nirs__VP009__cnt_wg__prefrontal__w4,train,BL,9.08,0,3.895678443992344
simultaneous_eeg_nirs,VP009,simultaneous_eeg_nirs__VP009__cnt_wg__prefrontal__w4,train,BL,9.9,0,4.581281115445849
simultaneous_eeg_nirs,VP009,simultaneous_eeg_nirs__VP009__cnt_wg__prefrontal__w4,train,BL,11.5,0,4.697653864877402
simultaneous_eeg_nirs,VP009,simultaneous_eeg_nirs__VP009__cnt_wg__prefrontal__w4,train,BL,14.4,0,4.429363231935888
simultaneous_eeg_nirs,VP009,simultaneous_eeg_nirs__VP009__cnt_wg__prefrontal__w4,train,BL,15.96,0,4.717415399864695
simultaneous_eeg_nirs,VP009,simultaneous_eeg_nirs__VP009__cnt_wg__prefrontal__w4,train,BL,17.92,0,6.056620895095975
simultaneous_eeg_nirs,VP009,simultaneous_eeg_nirs__VP009__cnt_wg__prefrontal__w4,train,BL,20.14,0,4.588311125703416
simultaneous_eeg_nirs,VP009,simultaneous_eeg_nirs__VP009__cnt_wg__prefrontal__w4,train,BL,21.48,0,5.217087728704414
simultaneous_eeg_nirs,VP009,simultaneous_eeg_nirs__VP009__cnt_wg__prefrontal__w4,train,BL,25.44,0,5.565500125161337
simultaneous_eeg_nirs,VP009,simultaneous_eeg_nirs__VP009__cnt_wg__prefrontal__w4,train,BL,28.3,0,4.734831421292398
simultaneous_eeg_nirs,VP009,simultaneous_eeg_nirs__VP009__cnt_wg__prefrontal__w4,train,BL,29.34,0,4.552657170239888
simultaneous_eeg_nirs,VP009,simultaneous_eeg_nirs__VP009__cnt_wg__prefrontal__w4,train,BL,4.72,1,3.416376545152086
simultaneous_eeg_nirs,VP009,simultaneous_eeg_nirs__VP009__cnt_wg__prefrontal__w4,train,BL,15.98,1,-3.05404514671046
simultaneous_eeg_nirs,VP009,simultaneous_eeg_nirs__VP009__cnt_wg__prefrontal__w4,train,BL,28.24,1,3.8490150863125643
simultaneous_eeg_nirs,VP009,simultaneous_eeg_nirs__VP009__cnt_wg__prefrontal__w5,train,BL,1.0,0,3.8239735468490696
simultaneous_eeg_nirs,VP009,simultaneous_eeg_nirs__VP009__cnt_wg__prefrontal__w5,train,BL,3.74,0,4.184634955777036
simultaneous_eeg_nirs,VP009,simultaneous_eeg_nirs__VP009__cnt_wg__prefrontal__w5,train,BL,5.0,0,4.417317302314367
simultaneous_eeg_nirs,VP009,simultaneous_eeg_nirs__VP009__cnt_wg__prefrontal__w5,train,BL,11.04,0,3.5840128381637792
simultaneous_eeg_nirs,VP009,simultaneous_eeg_nirs__VP009__cnt_wg__prefrontal__w5,train,BL,12.7,0,6.6135081910872575
simultaneous_eeg_nirs,VP009,simultaneous_eeg_nirs__VP009__cnt_wg__prefrontal__w5,train,BL,16.3,0,4.0377160463974375
simultaneous_eeg_nirs,VP009,simultaneous_eeg_nirs__VP009__cnt_wg__prefrontal__w5,train,BL,18.54,0,3.3954040600813618
simultaneous_eeg_nirs,VP009,simultaneous_eeg_nirs__VP009__cnt_wg__prefrontal__w5,train,BL,21.78,0,3.839768136055144
simultaneous_eeg_nirs,VP009,simultaneous_eeg_nirs__VP009__cnt_wg__prefrontal__w5,train,BL,24.4,0,3.635767010714848
simultaneous_eeg_nirs,VP009,simultaneous_eeg_nirs__VP009__cnt_wg__prefrontal__w5,train,BL,26.12,0,3.6902568634017183
simultaneous_eeg_nirs,VP009,simultaneous_eeg_nirs__VP009__cnt_wg__prefrontal__w5,train,BL,27.42,0,5.09009922595528
simultaneous_eeg_nirs,VP009,simultaneous_eeg_nirs__VP009__cnt_wg__prefrontal__w5,train,BL,28.36,0,5.585514216446842
simultaneous_eeg_nirs,VP009,simultaneous_eeg_nirs__VP009__cnt_wg__prefrontal__w5,train,BL,29.32,0,5.572784377305419
simultaneous_eeg_nirs,VP009,simultaneous_eeg_nirs__VP009__cnt_wg__prefrontal__w5,train,BL,1.1,1,3.1088215225385043
simultaneous_eeg_nirs,VP009,simultaneous_eeg_nirs__VP009__cnt_wg__prefrontal__w5,train,BL,16.4,1,3.165339938887636
simultaneous_eeg_nirs,VP009,simultaneous_eeg_nirs__VP009__cnt_wg__prefrontal__w5,train,BL,17.74,1,-4.223497754813328
simultaneous_eeg_nirs,VP009,simultaneous_eeg_nirs__VP009__cnt_wg__prefrontal__w6,train,WG,0.18,0,4.756247644496109
simultaneous_eeg_nirs,VP009,simultaneous_eeg_nirs__VP009__cnt_wg__prefrontal__w6,train,WG,1.12,0,5.289617306978262
simultaneous_eeg_nirs,VP009,simultaneous_eeg_nirs__VP009__cnt_wg__prefrontal__w6,train,WG,2.6,0,5.0486453835500305
simultaneous_eeg_nirs,VP009,simultaneous_eeg_nirs__VP009__cnt_wg__prefrontal__w6,train,WG,6.82,0,4.177021997035326
simultaneous_eeg_nirs,VP009,simultaneous_eeg_nirs__VP009__cnt_wg__prefrontal__w6,train,WG,7.92,0,5.696885067222098
simultaneous_eeg_nirs,VP009,simultaneous_eeg_nirs__VP009__cnt_wg__prefrontal__w6,train,WG,9.82,0,5.824049382151148
simultaneous_eeg_nirs,VP009,simultaneous_eeg_nirs__VP009__cnt_wg__prefrontal__w6,train,WG,11.1,0,6.676797717965513
simultaneous_eeg_nirs,VP009,simultaneous_eeg_nirs__VP009__cnt_wg__prefrontal__w6,train,WG,14.0,0,5.564094436934721
simultaneous_eeg_nirs,VP009,simultaneous_eeg_nirs__VP009__cnt_wg__prefrontal__w6,train,WG,16.0,0,4.876402522960028
simultaneous_eeg_nirs,VP009,simultaneous_eeg_nirs__VP009__cnt_wg__prefrontal__w6,train,WG,16.72,0,4.747202747136968
simultaneous_eeg_nirs,VP009,simultaneous_eeg_nirs__VP009__cnt_wg__prefrontal__w6,train,WG,17.58,0,6.251050242246602
simultaneous_eeg_nirs,VP009,simultaneous_eeg_nirs__VP009__cnt_wg__prefrontal__w6,train,WG,18.96,0,5.257067296978417
simultaneous_eeg_nirs,VP009,simultaneous_eeg_nirs__VP009__cnt_wg__prefrontal__w6,train,WG,20.26,0,5.682153564283235
simultaneous_eeg_nirs,VP009,simultaneous_eeg_nirs__VP009__cnt_wg__prefrontal__w6,train,WG,23.88,0,3.951807397240444
simultaneous_eeg_nirs,VP009,simultaneous_eeg_nirs__VP009__cnt_wg__prefrontal__w6,train,WG,24.88,0,4.977421932608422
simultaneous_eeg_nirs,VP009,simultaneous_eeg_nirs__VP009__cnt_wg__prefrontal__w6,train,WG,25.92,0,4.533938868524874
simultaneous_eeg_nirs,VP009,simultaneous_eeg_nirs__VP009__cnt_wg__prefrontal__w6,train,WG,27.78,0,4.399199498232
simultaneous_eeg_nirs,VP009,simultaneous_eeg_nirs__VP009__cnt_wg__prefrontal__w6,train,WG,29.26,0,4.632868903143147
simultaneous_eeg_nirs,VP009,simultaneous_eeg_nirs__VP009__cnt_wg__prefrontal__w6,train,WG,7.86,1,4.371963803493009
simultaneous_eeg_nirs,VP009,simultaneous_eeg_nirs__VP009__cnt_wg__prefrontal__w6,train,WG,9.3,1,4.761675136646478
simultaneous_eeg_nirs,VP009,simultaneous_eeg_nirs__VP009__cnt_wg__prefrontal__w6,train,WG,10.34,1,3.3620389332538347
simultaneous_eeg_nirs,VP009,simultaneous_eeg_nirs__VP009__cnt_wg__prefrontal__w6,train,WG,11.44,1,-8.001200616177671
simultaneous_eeg_nirs,VP009,simultaneous_eeg_nirs__VP009__cnt_wg__prefrontal__w6,train,WG,14.0,1,3.927743701190277
simultaneous_eeg_nirs,VP009,simultaneous_eeg_nirs__VP009__cnt_wg__prefrontal__w6,train,WG,16.7,1,-5.463346337410938
simultaneous_eeg_nirs,VP009,simultaneous_eeg_nirs__VP009__cnt_wg__prefrontal__w6,train,WG,17.54,1,15.207195474688167
simultaneous_eeg_nirs,VP009,simultaneous_eeg_nirs__VP009__cnt_wg__prefrontal__w6,train,WG,22.98,1,-3.259432024362237
simultaneous_eeg_nirs,VP009,simultaneous_eeg_nirs__VP009__cnt_wg__prefrontal__w7,train,WG,1.2,0,4.844347337850573
simultaneous_eeg_nirs,VP009,simultaneous_eeg_nirs__VP009__cnt_wg__prefrontal__w7,train,WG,2.9,0,5.474937045880374
simultaneous_eeg_nirs,VP009,simultaneous_eeg_nirs__VP009__cnt_wg__prefrontal__w7,train,WG,6.44,0,5.036406230260791
simultaneous_eeg_nirs,VP009,simultaneous_eeg_nirs__VP009__cnt_wg__prefrontal__w7,train,WG,7.86,0,4.739993790039379
simultaneous_eeg_nirs,VP009,simultaneous_eeg_nirs__VP009__cnt_wg__prefrontal__w7,train,WG,9.84,0,4.698065494862341
simultaneous_eeg_nirs,VP009,simultaneous_eeg_nirs__VP009__cnt_wg__prefrontal__w7,train,WG,11.64,0,4.560956744603094
simultaneous_eeg_nirs,VP009,simultaneous_eeg_nirs__VP009__cnt_wg__prefrontal__w7,train,WG,14.24,0,5.012235141469748
simultaneous_eeg_nirs,VP009,simultaneous_eeg_nirs__VP009__cnt_wg__prefrontal__w7,train,WG,15.92,0,4.903684299410671
simultaneous_eeg_nirs,VP009,simultaneous_eeg_nirs__VP009__cnt_wg__prefrontal__w7,train,WG,17.42,0,4.603151738730794
simultaneous_eeg_nirs,VP009,simultaneous_eeg_nirs__VP009__cnt_wg__prefrontal__w7,train,WG,18.26,0,4.420023310340538
simultaneous_eeg_nirs,VP009,simultaneous_eeg_nirs__VP009__cnt_wg__prefrontal__w7,train,WG,20.0,0,4.161846287001669
simultaneous_eeg_nirs,VP009,simultaneous_eeg_nirs__VP009__cnt_wg__prefrontal__w7,train,WG,21.4,0,4.5141104955866975
simultaneous_eeg_nirs,VP009,simultaneous_eeg_nirs__VP009__cnt_wg__prefrontal__w7,train,WG,23.3,0,5.786035829713967
simultaneous_eeg_nirs,VP009,simultaneous_eeg_nirs__VP009__cnt_wg__prefrontal__w7,train,WG,25.52,0,4.368599821228239
simultaneous_eeg_nirs,VP009,simultaneous_eeg_nirs__VP009__cnt_wg__prefrontal__w7,train,WG,26.9,0,5.755862654170348
simultaneous_eeg_nirs,VP009,simultaneous_eeg_nirs__VP009__cnt_wg__prefrontal__w7,train,WG,1.24,1,-3.2200274621127147
simultaneous_eeg_nirs,VP009,simultaneous_eeg_nirs__VP009__cnt_wg__prefrontal__w7,train,WG,11.32,1,-6.0048392626110845
simultaneous_eeg_nirs,VP009,simultaneous_eeg_nirs__VP009__cnt_wg__prefrontal__w7,train,WG,17.28,1,-4.613675644357167
simultaneous_eeg_nirs,VP010,simultaneous_eeg_nirs__VP010__cnt_wg__prefrontal__w0,evaluate,BL,5.42,0,3.0089473914914353
simultaneous_eeg_nirs,VP010,simultaneous_eeg_nirs__VP010__cnt_wg__prefrontal__w1,evaluate,WG,14.02,0,3.096557273352969
simultaneous_eeg_nirs,VP010,simultaneous_eeg_nirs__VP010__cnt_wg__prefrontal__w1,evaluate,WG,17.98,0,3.020933097439128
simultaneous_eeg_nirs,VP010,simultaneous_eeg_nirs__VP010__cnt_wg__prefrontal__w1,evaluate,WG,14.72,1,3.821423095064324
simultaneous_eeg_nirs,VP010,simultaneous_eeg_nirs__VP010__cnt_wg__prefrontal__w2,evaluate,WG,21.5,0,3.540342415772575
simultaneous_eeg_nirs,VP010,simultaneous_eeg_nirs__VP010__cnt_wg__prefrontal__w2,evaluate,WG,17.9,1,4.994564542917831
simultaneous_eeg_nirs,VP010,simultaneous_eeg_nirs__VP010__cnt_wg__prefrontal__w3,evaluate,BL,1.46,0,3.534747917043121
simultaneous_eeg_nirs,VP010,simultaneous_eeg_nirs__VP010__cnt_wg__prefrontal__w3,evaluate,BL,16.74,0,3.116709358254105
simultaneous_eeg_nirs,VP010,simultaneous_eeg_nirs__VP010__cnt_wg__prefrontal__w3,evaluate,BL,18.68,0,3.245752115127899
simultaneous_eeg_nirs,VP010,simultaneous_eeg_nirs__VP010__cnt_wg__prefrontal__w3,evaluate,BL,28.18,0,3.6502639495292684
simultaneous_eeg_nirs,VP010,simultaneous_eeg_nirs__VP010__cnt_wg__prefrontal__w3,evaluate,BL,1.54,1,4.262125138592933
simultaneous_eeg_nirs,VP010,simultaneous_eeg_nirs__VP010__cnt_wg__prefrontal__w3,evaluate,BL,2.42,1,3.09073986017363
simultaneous_eeg_nirs,VP010,simultaneous_eeg_nirs__VP010__cnt_wg__prefrontal__w4,evaluate,WG,6.04,0,3.1047538636552097
simultaneous_eeg_nirs,VP010,simultaneous_eeg_nirs__VP010__cnt_wg__prefrontal__w4,evaluate,WG,21.68,0,3.1088477080392107
simultaneous_eeg_nirs,VP010,simultaneous_eeg_nirs__VP010__cnt_wg__prefrontal__w5,evaluate,BL,19.34,1,-3.5839163074022733
simultaneous_eeg_nirs,VP010,simultaneous_eeg_nirs__VP010__cnt_wg__prefrontal__w6,evaluate,WG,0.48,0,3.1934139302271385
simultaneous_eeg_nirs,VP010,simultaneous_eeg_nirs__VP010__cnt_wg__prefrontal__w6,evaluate,WG,15.04,0,3.719079823754586
simultaneous_eeg_nirs,VP010,simultaneous_eeg_nirs__VP010__cnt_wg__prefrontal__w6,evaluate,WG,18.34,0,3.842083471266821
simultaneous_eeg_nirs,VP010,simultaneous_eeg_nirs__VP010__cnt_wg__prefrontal__w6,evaluate,WG,23.46,0,3.519376088735157
simultaneous_eeg_nirs,VP010,simultaneous_eeg_nirs__VP010__cnt_wg__prefrontal__w7,evaluate,WG,5.16,0,3.233422750306427
simultaneous_eeg_nirs,VP010,simultaneous_eeg_nirs__VP010__cnt_wg__prefrontal__w7,evaluate,WG,11.14,0,3.2459051717934386
simultaneous_eeg_nirs,VP010,simultaneous_eeg_nirs__VP010__cnt_wg__prefrontal__w7,evaluate,WG,18.4,0,3.305951170993046
simultaneous_eeg_nirs,VP010,simultaneous_eeg_nirs__VP010__cnt_wg__prefrontal__w7,evaluate,WG,17.94,1,3.0797831516799
simultaneous_eeg_nirs,VP011,simultaneous_eeg_nirs__VP011__cnt_wg__prefrontal__w0,train,BL,3.2,1,-3.5174052779549236
simultaneous_eeg_nirs,VP011,simultaneous_eeg_nirs__VP011__cnt_wg__prefrontal__w0,train,BL,14.62,1,-3.33222800338937
simultaneous_eeg_nirs,VP011,simultaneous_eeg_nirs__VP011__cnt_wg__prefrontal__w0,train,BL,25.9,1,3.3592548729573255
simultaneous_eeg_nirs,VP011,simultaneous_eeg_nirs__VP011__cnt_wg__prefrontal__w0,train,BL,27.5,1,-3.170747121541781
simultaneous_eeg_nirs,VP011,simultaneous_eeg_nirs__VP011__cnt_wg__prefrontal__w0,train,BL,28.16,1,3.055206197071957
simultaneous_eeg_nirs,VP011,simultaneous_eeg_nirs__VP011__cnt_wg__prefrontal__w0,train,BL,29.16,1,3.2129183434498385
simultaneous_eeg_nirs,VP011,simultaneous_eeg_nirs__VP011__cnt_wg__prefrontal__w1,train,BL,19.14,1,3.8588387951574536
simultaneous_eeg_nirs,VP011,simultaneous_eeg_nirs__VP011__cnt_wg__prefrontal__w1,train,BL,22.08,1,3.4498485989300907
simultaneous_eeg_nirs,VP011,simultaneous_eeg_nirs__VP011__cnt_wg__prefrontal__w1,train,BL,29.66,1,3.019826927463924
simultaneous_eeg_nirs,VP011,simultaneous_eeg_nirs__VP011__cnt_wg__prefrontal__w2,train,WG,6.92,0,3.08938173280612
simultaneous_eeg_nirs,VP011,simultaneous_eeg_nirs__VP011__cnt_wg__prefrontal__w2,train,WG,0.86,1,4.642266162297818
simultaneous_eeg_nirs,VP011,simultaneous_eeg_nirs__VP011__cnt_wg__prefrontal__w2,train,WG,15.2,1,3.5028343032844456
simultaneous_eeg_nirs,VP011,simultaneous_eeg_nirs__VP011__cnt_wg__prefrontal__w2,train,WG,29.9,1,3.4059767166296195
simultaneous_eeg_nirs,VP011,simultaneous_eeg_nirs__VP011__cnt_wg__prefrontal__w3,train,BL,2.9,1,-3.0909677700559866
simultaneous_eeg_nirs,VP011,simultaneous_eeg_nirs__VP011__cnt_wg__prefrontal__w3,train,BL,24.92,1,3.0689429116128717
simultaneous_eeg_nirs,VP011,simultaneous_eeg_nirs__VP011__cnt_wg__prefrontal__w4,train,WG,0.62,1,3.110097469339394
simultaneous_eeg_nirs,VP011,simultaneous_eeg_nirs__VP011__cnt_wg__prefrontal__w4,train,WG,12.5,1,-3.1552180960974328
simultaneous_eeg_nirs,VP011,simultaneous_eeg_nirs__VP011__cnt_wg__prefrontal__w4,train,WG,14.04,1,3.466419971229617
simultaneous_eeg_nirs,VP011,simultaneous_eeg_nirs__VP011__cnt_wg__prefrontal__w4,train,WG,14.94,1,-3.2158167804944373
simultaneous_eeg_nirs,VP011,simultaneous_eeg_nirs__VP011__cnt_wg__prefrontal__w4,train,WG,15.5,1,3.127289980929219
simultaneous_eeg_nirs,VP011,simultaneous_eeg_nirs__VP011__cnt_wg__prefrontal__w4,train,WG,25.48,1,-5.101527902278622
simultaneous_eeg_nirs,VP011,simultaneous_eeg_nirs__VP011__cnt_wg__prefrontal__w4,train,WG,26.36,1,3.478989416687612
simultaneous_eeg_nirs,VP011,simultaneous_eeg_nirs__VP011__cnt_wg__prefrontal__w4,train,WG,28.8,1,3.112019998993435
simultaneous_eeg_nirs,VP011,simultaneous_eeg_nirs__VP011__cnt_wg__prefrontal__w5,train,BL,2.78,1,4.735792233661525
simultaneous_eeg_nirs,VP011,simultaneous_eeg_nirs__VP011__cnt_wg__prefrontal__w5,train,BL,4.3,1,3.94864002223057
simultaneous_eeg_nirs,VP011,simultaneous_eeg_nirs__VP011__cnt_wg__prefrontal__w5,train,BL,4.92,1,-5.794442313172921
simultaneous_eeg_nirs,VP011,simultaneous_eeg_nirs__VP011__cnt_wg__prefrontal__w5,train,BL,5.6,1,-3.6014356231611937
simultaneous_eeg_nirs,VP011,simultaneous_eeg_nirs__VP011__cnt_wg__prefrontal__w5,train,BL,11.38,1,-3.0600734277608463
simultaneous_eeg_nirs,VP011,simultaneous_eeg_nirs__VP011__cnt_wg__prefrontal__w5,train,BL,25.64,1,3.969057791935367
simultaneous_eeg_nirs,VP011,simultaneous_eeg_nirs__VP011__cnt_wg__prefrontal__w5,train,BL,28.78,1,-3.0086548199731107
simultaneous_eeg_nirs,VP011,simultaneous_eeg_nirs__VP011__cnt_wg__prefrontal__w6,train,WG,14.7,0,-3.5202862302411466
simultaneous_eeg_nirs,VP011,simultaneous_eeg_nirs__VP011__cnt_wg__prefrontal__w6,train,WG,1.68,1,3.4463790705137796
simultaneous_eeg_nirs,VP011,simultaneous_eeg_nirs__VP011__cnt_wg__prefrontal__w6,train,WG,2.3,1,3.6159037047607834
simultaneous_eeg_nirs,VP011,simultaneous_eeg_nirs__VP011__cnt_wg__prefrontal__w6,train,WG,3.08,1,-3.077872861524295
simultaneous_eeg_nirs,VP011,simultaneous_eeg_nirs__VP011__cnt_wg__prefrontal__w6,train,WG,5.96,1,3.59430991106453
simultaneous_eeg_nirs,VP011,simultaneous_eeg_nirs__VP011__cnt_wg__prefrontal__w6,train,WG,11.04,1,3.5341952595519763
simultaneous_eeg_nirs,VP011,simultaneous_eeg_nirs__VP011__cnt_wg__prefrontal__w6,train,WG,14.56,1,-5.155451687812577
simultaneous_eeg_nirs,VP011,simultaneous_eeg_nirs__VP011__cnt_wg__prefrontal__w6,train,WG,27.56,1,-3.705119389071932
simultaneous_eeg_nirs,VP011,simultaneous_eeg_nirs__VP011__cnt_wg__prefrontal__w7,train,WG,10.8,1,-4.2632222487668034
simultaneous_eeg_nirs,VP011,simultaneous_eeg_nirs__VP011__cnt_wg__prefrontal__w7,train,WG,11.72,1,7.734098867736535
simultaneous_eeg_nirs,VP011,simultaneous_eeg_nirs__VP011__cnt_wg__prefrontal__w7,train,WG,12.48,1,-7.274405771307821
simultaneous_eeg_nirs,VP011,simultaneous_eeg_nirs__VP011__cnt_wg__prefrontal__w7,train,WG,13.1,1,7.369874317440768
simultaneous_eeg_nirs,VP012,simultaneous_eeg_nirs__VP012__cnt_wg__prefrontal__w0,evaluate,WG,1.54,0,5.056134808182313
simultaneous_eeg_nirs,VP012,simultaneous_eeg_nirs__VP012__cnt_wg__prefrontal__w0,evaluate,WG,8.36,0,5.2478613919881205
simultaneous_eeg_nirs,VP012,simultaneous_eeg_nirs__VP012__cnt_wg__prefrontal__w0,evaluate,WG,10.92,0,5.235100240055503
simultaneous_eeg_nirs,VP012,simultaneous_eeg_nirs__VP012__cnt_wg__prefrontal__w0,evaluate,WG,12.32,0,5.180243968652412
simultaneous_eeg_nirs,VP012,simultaneous_eeg_nirs__VP012__cnt_wg__prefrontal__w0,evaluate,WG,13.5,0,4.8610424590357
simultaneous_eeg_nirs,VP012,simultaneous_eeg_nirs__VP012__cnt_wg__prefrontal__w0,evaluate,WG,15.4,0,4.773142938729006
simultaneous_eeg_nirs,VP012,simultaneous_eeg_nirs__VP012__cnt_wg__prefrontal__w0,evaluate,WG,16.8,0,5.397526263846964
simultaneous_eeg_nirs,VP012,simultaneous_eeg_nirs__VP012__cnt_wg__prefrontal__w0,evaluate,WG,20.44,0,5.808454568634145
simultaneous_eeg_nirs,VP012,simultaneous_eeg_nirs__VP012__cnt_wg__prefrontal__w0,evaluate,WG,22.14,0,5.657673574133443
simultaneous_eeg_nirs,VP012,simultaneous_eeg_nirs__VP012__cnt_wg__prefrontal__w0,evaluate,WG,24.0,0,4.780522769760962
simultaneous_eeg_nirs,VP012,simultaneous_eeg_nirs__VP012__cnt_wg__prefrontal__w0,evaluate,WG,27.62,0,5.292142813505864
simultaneous_eeg_nirs,VP012,simultaneous_eeg_nirs__VP012__cnt_wg__prefrontal__w0,evaluate,WG,20.5,1,-3.125129857857536
simultaneous_eeg_nirs,VP012,simultaneous_eeg_nirs__VP012__cnt_wg__prefrontal__w1,evaluate,WG,0.94,0,5.57454279705552
simultaneous_eeg_nirs,VP012,simultaneous_eeg_nirs__VP012__cnt_wg__prefrontal__w1,evaluate,WG,1.98,0,5.001058859604948
simultaneous_eeg_nirs,VP012,simultaneous_eeg_nirs__VP012__cnt_wg__prefrontal__w1,evaluate,WG,4.78,0,5.487274620684066
simultaneous_eeg_nirs,VP012,simultaneous_eeg_nirs__VP012__cnt_wg__prefrontal__w1,evaluate,WG,5.92,0,5.28495907628637
simultaneous_eeg_nirs,VP012,simultaneous_eeg_nirs__VP012__cnt_wg__prefrontal__w1,evaluate,WG,7.74,0,5.01863006034202
simultaneous_eeg_nirs,VP012,simultaneous_eeg_nirs__VP012__cnt_wg__prefrontal__w1,evaluate,WG,10.1,0,5.254327257201325
simultaneous_eeg_nirs,VP012,simultaneous_eeg_nirs__VP012__cnt_wg__prefrontal__w1,evaluate,WG,11.16,0,4.93120349296407
simultaneous_eeg_nirs,VP012,simultaneous_eeg_nirs__VP012__cnt_wg__prefrontal__w1,evaluate,WG,13.06,0,4.953773711582486
simultaneous_eeg_nirs,VP012,simultaneous_eeg_nirs__VP012__cnt_wg__prefrontal__w1,evaluate,WG,14.58,0,4.480670649064701
simultaneous_eeg_nirs,VP012,simultaneous_eeg_nirs__VP012__cnt_wg__prefrontal__w1,evaluate,WG,17.2,0,5.498283366924853
simultaneous_eeg_nirs,VP012,simultaneous_eeg_nirs__VP012__cnt_wg__prefrontal__w1,evaluate,WG,18.38,0,5.381791948280232
simultaneous_eeg_nirs,VP012,simultaneous_eeg_nirs__VP012__cnt_wg__prefrontal__w1,evaluate,WG,19.7,0,4.8468210759768295
simultaneous_eeg_nirs,VP012,simultaneous_eeg_nirs__VP012__cnt_wg__prefrontal__w1,evaluate,WG,21.5,0,4.651169077348167
simultaneous_eeg_nirs,VP012,simultaneous_eeg_nirs__VP012__cnt_wg__prefrontal__w1,evaluate,WG,22.6,0,4.872990108580219
simultaneous_eeg_nirs,VP012,simultaneous_eeg_nirs__VP012__cnt_wg__prefrontal__w1,evaluate,WG,24.38,0,5.366112610736405
simultaneous_eeg_nirs,VP012,simultaneous_eeg_nirs__VP012__cnt_wg__prefrontal__w1,evaluate,WG,28.46,0,5.836226914622746
simultaneous_eeg_nirs,VP012,simultaneous_eeg_nirs__VP012__cnt_wg__prefrontal__w1,evaluate,WG,22.56,1,3.0097914858526136
simultaneous_eeg_nirs,VP012,simultaneous_eeg_nirs__VP012__cnt_wg__prefrontal__w2,evaluate,WG,1.2,0,5.007703295099885
simultaneous_eeg_nirs,VP012,simultaneous_eeg_nirs__VP012__cnt_wg__prefrontal__w2,evaluate,WG,7.44,0,5.639715638500808
simultaneous_eeg_nirs,VP012,simultaneous_eeg_nirs__VP012__cnt_wg__prefrontal__w2,evaluate,WG,9.32,0,4.487983102104788
simultaneous_eeg_nirs,VP012,simultaneous_eeg_nirs__VP012__cnt_wg__prefrontal__w2,evaluate,WG,12.18,0,5.191398231696282
simultaneous_eeg_nirs,VP012,simultaneous_eeg_nirs__VP012__cnt_wg__prefrontal__w2,evaluate,WG,15.7,0,4.856159132716408
simultaneous_eeg_nirs,VP012,simultaneous_eeg_nirs__VP012__cnt_wg__prefrontal__w2,evaluate,WG,18.3,0,4.732993989652641
simultaneous_eeg_nirs,VP012,simultaneous_eeg_nirs__VP012__cnt_wg__prefrontal__w2,evaluate,WG,19.42,0,4.415465512456541
simultaneous_eeg_nirs,VP012,simultaneous_eeg_nirs__VP012__cnt_wg__prefrontal__w2,evaluate,WG,20.42,0,4.064140861641458
simultaneous_eeg_nirs,VP012,simultaneous_eeg_nirs__VP012__cnt_wg__prefrontal__w2,evaluate,WG,21.04,0,3.7583903739120013
simultaneous_eeg_nirs,VP012,simultaneous_eeg_nirs__VP012__cnt_wg__prefrontal__w2,evaluate,WG,21.74,0,3.7878716772793712
simultaneous_eeg_nirs,VP012,simultaneous_eeg_nirs__VP012__cnt_wg__prefrontal__w2,evaluate,WG,22.76,0,5.498167829210972
simultaneous_eeg_nirs,VP012,simultaneous_eeg_nirs__VP012__cnt_wg__prefrontal__w2,evaluate,WG,23.58,0,5.827655155296673
simultaneous_eeg_nirs,VP012,simultaneous_eeg_nirs__VP012__cnt_wg__prefrontal__w2,evaluate,WG,24.78,0,5.176183592316322
simultaneous_eeg_nirs,VP012,simultaneous_eeg_nirs__VP012__cnt_wg__prefrontal__w2,evaluate,WG,25.62,0,4.135525009275758
simultaneous_eeg_nirs,VP012,simultaneous_eeg_nirs__VP012__cnt_wg__prefrontal__w2,evaluate,WG,26.12,0,4.612948408487877
simultaneous_eeg_nirs,VP012,simultaneous_eeg_nirs__VP012__cnt_wg__prefrontal__w2,evaluate,WG,26.96,0,4.994128521376239
simultaneous_eeg_nirs,VP012,simultaneous_eeg_nirs__VP012__cnt_wg__prefrontal__w2,evaluate,WG,28.56,0,5.207180519094036
simultaneous_eeg_nirs,VP012,simultaneous_eeg_nirs__VP012__cnt_wg__prefrontal__w2,evaluate,WG,29.66,0,4.642462888849554
simultaneous_eeg_nirs,VP012,simultaneous_eeg_nirs__VP012__cnt_wg__prefrontal__w2,evaluate,WG,23.64,1,-3.1314170195919915
simultaneous_eeg_nirs,VP012,simultaneous_eeg_nirs__VP012__cnt_wg__prefrontal__w2,evaluate,WG,26.9,1,3.6351156959107778
simultaneous_eeg_nirs,VP012,simultaneous_eeg_nirs__VP012__cnt_wg__prefrontal__w2,evaluate,WG,27.42,1,4.098710130906381
simultaneous_eeg_nirs,VP012,simultaneous_eeg_nirs__VP012__cnt_wg__prefrontal__w3,evaluate,BL,0.16,0,-3.3034595722569864
simultaneous_eeg_nirs,VP012,simultaneous_eeg_nirs__VP012__cnt_wg__prefrontal__w3,evaluate,BL,3.36,0,5.485623699167687
simultaneous_eeg_nirs,VP012,simultaneous_eeg_nirs__VP012__cnt_wg__prefrontal__w3,evaluate,BL,4.82,0,5.322489359390677
simultaneous_eeg_nirs,VP012,simultaneous_eeg_nirs__VP012__cnt_wg__prefrontal__w3,evaluate,BL,8.24,0,6.330791187340824
simultaneous_eeg_nirs,VP012,simultaneous_eeg_nirs__VP012__cnt_wg__prefrontal__w3,evaluate,BL,12.16,0,5.374810079682481
simultaneous_eeg_nirs,VP012,simultaneous_eeg_nirs__VP012__cnt_wg__prefrontal__w3,evaluate,BL,14.02,0,4.84212619829644
simultaneous_eeg_nirs,VP012,simultaneous_eeg_nirs__VP012__cnt_wg__prefrontal__w3,evaluate,BL,15.98,0,4.734928358855099
simultaneous_eeg_nirs,VP012,simultaneous_eeg_nirs__VP012__cnt_wg__prefrontal__w3,evaluate,BL,17.04,0,5.254110895428191
simultaneous_eeg_nirs,VP012,simultaneous_eeg_nirs__VP012__cnt_wg__prefrontal__w3,evaluate,BL,17.98,0,5.018462347850572
simultaneous_eeg_nirs,VP012,simultaneous_eeg_nirs__VP012__cnt_wg__prefrontal__w3,evaluate,BL,18.8,0,5.688294499952274
simultaneous_eeg_nirs,VP012,simultaneous_eeg_nirs__VP012__cnt_wg__prefrontal__w3,evaluate,BL,19.58,0,3.9961612730655176
simultaneous_eeg_nirs,VP012,simultaneous_eeg_nirs__VP012__cnt_wg__prefrontal__w3,evaluate,BL,20.14,0,4.757362687949239
simultaneous_eeg_nirs,VP012,simultaneous_eeg_nirs__VP012__cnt_wg__prefrontal__w3,evaluate,BL,22.14,0,5.1349980742786
simultaneous_eeg_nirs,VP012,simultaneous_eeg_nirs__VP012__cnt_wg__prefrontal__w3,evaluate,BL,25.84,0,5.677475265729241
simultaneous_eeg_nirs,VP012,simultaneous_eeg_nirs__VP012__cnt_wg__prefrontal__w3,evaluate,BL,28.68,0,5.93913074806214
simultaneous_eeg_nirs,VP012,simultaneous_eeg_nirs__VP012__cnt_wg__prefrontal__w4,evaluate,WG,1.56,0,4.315971414771328
simultaneous_eeg_nirs,VP012,simultaneous_eeg_nirs__VP012__cnt_wg__prefrontal__w4,evaluate,WG,2.06,0,4.45581308485697
simultaneous_eeg_nirs,VP012,simultaneous_eeg_nirs__VP012__cnt_wg__prefrontal__w4,evaluate,WG,3.38,0,7.528298926482093
simultaneous_eeg_nirs,VP012,simultaneous_eeg_nirs__VP012__cnt_wg__prefrontal__w4,evaluate,WG,5.14,0,5.198241758773683
simultaneous_eeg_nirs,VP012,simultaneous_eeg_nirs__VP012__cnt_wg__prefrontal__w4,evaluate,WG,7.32,0,4.759039798685234
simultaneous_eeg_nirs,VP012,simultaneous_eeg_nirs__VP012__cnt_wg__prefrontal__w4,evaluate,WG,8.4,0,4.7027214831628275
simultaneous_eeg_nirs,VP012,simultaneous_eeg_nirs__VP012__cnt_wg__prefrontal__w4,evaluate,WG,9.76,0,4.428096152964718
simultaneous_eeg_nirs,VP012,simultaneous_eeg_nirs__VP012__cnt_wg__prefrontal__w4,evaluate,WG,11.3,0,4.374371568334358
simultaneous_eeg_nirs,VP012,simultaneous_eeg_nirs__VP012__cnt_wg__prefrontal__w4,evaluate,WG,12.22,0,4.3507912715711665
simultaneous_eeg_nirs,VP012,simultaneous_eeg_nirs__VP012__cnt_wg__prefrontal__w4,evaluate,WG,13.64,0,4.498662075917666
simultaneous_eeg_nirs,VP012,simultaneous_eeg_nirs__VP012__cnt_wg__prefrontal__w4,evaluate,WG,15.68,0,4.686899648622361
simultaneous_eeg_nirs,VP012,simultaneous_eeg_nirs__VP012__cnt_wg__prefrontal__w4,evaluate,WG,16.28,0,3.9595554813850815
simultaneous_eeg_nirs,VP012,simultaneous_eeg_nirs__VP012__cnt_wg__prefrontal__w4,evaluate,WG,17.8,0,4.548814177034407
simultaneous_eeg_nirs,VP012,simultaneous_eeg_nirs__VP012__cnt_wg__prefrontal__w4,evaluate,WG,19.3,0,4.192982082731134
simultaneous_eeg_nirs,VP012,simultaneous_eeg_nirs__VP012__cnt_wg__prefrontal__w4,evaluate,WG,22.46,0,4.662124682244261
simultaneous_eeg_nirs,VP012,simultaneous_eeg_nirs__VP012__cnt_wg__prefrontal__w4,evaluate,WG,24.1,0,6.830108692284342
simultaneous_eeg_nirs,VP012,simultaneous_eeg_nirs__VP012__cnt_wg__prefrontal__w4,evaluate,WG,26.54,0,5.108772279372043
simultaneous_eeg_nirs,VP012,simultaneous_eeg_nirs__VP012__cnt_wg__prefrontal__w4,evaluate,WG,3.46,1,-10.798758667686576
simultaneous_eeg_nirs,VP012,simultaneous_eeg_nirs__VP012__cnt_wg__prefrontal__w4,evaluate,WG,5.12,1,5.220345741294169
simultaneous_eeg_nirs,VP012,simultaneous_eeg_nirs__VP012__cnt_wg__prefrontal__w4,evaluate,WG,8.38,1,3.216342141145296
simultaneous_eeg_nirs,VP012,simultaneous_eeg_nirs__VP012__cnt_wg__prefrontal__w4,evaluate,WG,16.34,1,-3.8662818356469324
simultaneous_eeg_nirs,VP012,simultaneous_eeg_nirs__VP012__cnt_wg__prefrontal__w4,evaluate,WG,19.34,1,-3.1237026016317593
simultaneous_eeg_nirs,VP012,simultaneous_eeg_nirs__VP012__cnt_wg__prefrontal__w4,evaluate,WG,24.18,1,-12.012573938847666
simultaneous_eeg_nirs,VP012,simultaneous_eeg_nirs__VP012__cnt_wg__prefrontal__w4,evaluate,WG,26.48,1,3.8773829384348932
simultaneous_eeg_nirs,VP012,simultaneous_eeg_nirs__VP012__cnt_wg__prefrontal__w5,evaluate,BL,2.84,0,5.265911096355178
simultaneous_eeg_nirs,VP012,simultaneous_eeg_nirs__VP012__cnt_wg__prefrontal__w5,evaluate,BL,8.22,0,4.5920667775338355
simultaneous_eeg_nirs,VP012,simultaneous_eeg_nirs__VP012__cnt_wg__prefrontal__w5,evaluate,BL,10.12,0,4.512336715058331
simultaneous_eeg_nirs,VP012,simultaneous_eeg_nirs__VP012__cnt_wg__prefrontal__w5,evaluate,BL,11.34,0,3.784437887406917
simultaneous_eeg_nirs,VP012,simultaneous_eeg_nirs__VP012__cnt_wg__prefrontal__w5,evaluate,BL,11.98,0,3.6092544027532205
simultaneous_eeg_nirs,VP012,simultaneous_eeg_nirs__VP012__cnt_wg__prefrontal__w5,evaluate,BL,12.66,0,3.3654486947793436
simultaneous_eeg_nirs,VP012,simultaneous_eeg_nirs__VP012__cnt_wg__prefrontal__w5,evaluate,BL,13.58,0,4.596024538180584
simultaneous_eeg_nirs,VP012,simultaneous_eeg_nirs__VP012__cnt_wg__prefrontal__w5,evaluate,BL,14.76,0,5.9304432731962375
simultaneous_eeg_nirs,VP012,simultaneous_eeg_nirs__VP012__cnt_wg__prefrontal__w5,evaluate,BL,16.26,0,5.701091472758689
simultaneous_eeg_nirs,VP012,simultaneous_eeg_nirs__VP012__cnt_wg__prefrontal__w5,evaluate,BL,17.36,0,4.65845930438882
simultaneous_eeg_nirs,VP012,simultaneous_eeg_nirs__VP012__cnt_wg__prefrontal__w5,evaluate,BL,19.9,0,3.9909802509801704
simultaneous_eeg_nirs,VP012,simultaneous_eeg_nirs__VP012__cnt_wg__prefrontal__w5,evaluate,BL,23.14,0,5.55807580831056
simultaneous_eeg_nirs,VP012,simultaneous_eeg_nirs__VP012__cnt_wg__prefrontal__w5,evaluate,BL,25.0,0,4.744446565247821
simultaneous_eeg_nirs,VP012,simultaneous_eeg_nirs__VP012__cnt_wg__prefrontal__w5,evaluate,BL,27.6,0,4.693748725451993
simultaneous_eeg_nirs,VP012,simultaneous_eeg_nirs__VP012__cnt_wg__prefrontal__w5,evaluate,BL,10.88,1,3.3104872773787437
simultaneous_eeg_nirs,VP012,simultaneous_eeg_nirs__VP012__cnt_wg__prefrontal__w5,evaluate,BL,17.2,1,3.2508688736665228
simultaneous_eeg_nirs,VP012,simultaneous_eeg_nirs__VP012__cnt_wg__prefrontal__w5,evaluate,BL,23.2,1,-4.254928215251972
simultaneous_eeg_nirs,VP012,simultaneous_eeg_nirs__VP012__cnt_wg__prefrontal__w6,evaluate,BL,0.92,0,4.601308774987772
simultaneous_eeg_nirs,VP012,simultaneous_eeg_nirs__VP012__cnt_wg__prefrontal__w6,evaluate,BL,2.6,0,5.1494040908849215
simultaneous_eeg_nirs,VP012,simultaneous_eeg_nirs__VP012__cnt_wg__prefrontal__w6,evaluate,BL,6.68,0,4.762023817178299
simultaneous_eeg_nirs,VP012,simultaneous_eeg_nirs__VP012__cnt_wg__prefrontal__w6,evaluate,BL,8.68,0,4.236059730267108
simultaneous_eeg_nirs,VP012,simultaneous_eeg_nirs__VP012__cnt_wg__prefrontal__w6,evaluate,BL,11.42,0,4.666294660621013
simultaneous_eeg_nirs,VP012,simultaneous_eeg_nirs__VP012__cnt_wg__prefrontal__w6,evaluate,BL,16.56,0,5.58558288655596
simultaneous_eeg_nirs,VP012,simultaneous_eeg_nirs__VP012__cnt_wg__prefrontal__w6,evaluate,BL,18.68,0,4.460181617984272
simultaneous_eeg_nirs,VP012,simultaneous_eeg_nirs__VP012__cnt_wg__prefrontal__w6,evaluate,BL,21.98,0,4.810463608367709
simultaneous_eeg_nirs,VP012,simultaneous_eeg_nirs__VP012__cnt_wg__prefrontal__w6,evaluate,BL,23.78,0,5.862543166493039
simultaneous_eeg_nirs,VP012,simultaneous_eeg_nirs__VP012__cnt_wg__prefrontal__w6,evaluate,BL,25.9,0,5.8490461750463725
simultaneous_eeg_nirs,VP012,simultaneous_eeg_nirs__VP012__cnt_wg__prefrontal__w6,evaluate,BL,28.72,0,4.883482762005811
simultaneous_eeg_nirs,VP012,simultaneous_eeg_nirs__VP012__cnt_wg__prefrontal__w7,evaluate,BL,1.14,0,5.410737764031915
simultaneous_eeg_nirs,VP012,simultaneous_eeg_nirs__VP012__cnt_wg__prefrontal__w7,evaluate,BL,2.22,0,4.196616070264736
simultaneous_eeg_nirs,VP012,simultaneous_eeg_nirs__VP012__cnt_wg__prefrontal__w7,evaluate,BL,3.86,0,4.467729593673264
simultaneous_eeg_nirs,VP012,simultaneous_eeg_nirs__VP012__cnt_wg__prefrontal__w7,evaluate,BL,4.68,0,4.2298836349770434
simultaneous_eeg_nirs,VP012,simultaneous_eeg_nirs__VP012__cnt_wg__prefrontal__w7,evaluate,BL,7.42,0,5.084472731523227
simultaneous_eeg_nirs,VP012,simultaneous_eeg_nirs__VP012__cnt_wg__prefrontal__w7,evaluate,BL,9.56,0,5.150487347746189
simultaneous_eeg_nirs,VP012,simultaneous_eeg_nirs__VP012__cnt_wg__prefrontal__w7,evaluate,BL,11.58,0,4.4210845632987334
simultaneous_eeg_nirs,VP012,simultaneous_eeg_nirs__VP012__cnt_wg__prefrontal__w7,evaluate,BL,12.9,0,4.2911598386105725
simultaneous_eeg_nirs,VP012,simultaneous_eeg_nirs__VP012__cnt_wg__prefrontal__w7,evaluate,BL,16.84,0,4.680568470511748
simultaneous_eeg_nirs,VP012,simultaneous_eeg_nirs__VP012__cnt_wg__prefrontal__w7,evaluate,BL,19.48,0,4.147326239127694
simultaneous_eeg_nirs,VP012,simultaneous_eeg_nirs__VP012__cnt_wg__prefrontal__w7,evaluate,BL,20.2,0,5.002973873602711
simultaneous_eeg_nirs,VP012,simultaneous_eeg_nirs__VP012__cnt_wg__prefrontal__w7,evaluate,BL,22.02,0,4.800676956675327
simultaneous_eeg_nirs,VP012,simultaneous_eeg_nirs__VP012__cnt_wg__prefrontal__w7,evaluate,BL,22.96,0,3.8683634599737333
simultaneous_eeg_nirs,VP012,simultaneous_eeg_nirs__VP012__cnt_wg__prefrontal__w7,evaluate,BL,23.64,0,4.247723280554716
simultaneous_eeg_nirs,VP012,simultaneous_eeg_nirs__VP012__cnt_wg__prefrontal__w7,evaluate,BL,24.82,0,5.046949920584975
simultaneous_eeg_nirs,VP012,simultaneous_eeg_nirs__VP012__cnt_wg__prefrontal__w7,evaluate,BL,25.88,0,4.195523358962207
simultaneous_eeg_nirs,VP012,simultaneous_eeg_nirs__VP012__cnt_wg__prefrontal__w7,evaluate,BL,26.4,0,3.7672201647211288
simultaneous_eeg_nirs,VP012,simultaneous_eeg_nirs__VP012__cnt_wg__prefrontal__w7,evaluate,BL,27.36,0,5.022184083814189
simultaneous_eeg_nirs,VP012,simultaneous_eeg_nirs__VP012__cnt_wg__prefrontal__w7,evaluate,BL,28.92,0,4.496516683757663
simultaneous_eeg_nirs,VP012,simultaneous_eeg_nirs__VP012__cnt_wg__prefrontal__w7,evaluate,BL,1.2,1,-3.067645381861758
simultaneous_eeg_nirs,VP012,simultaneous_eeg_nirs__VP012__cnt_wg__prefrontal__w7,evaluate,BL,4.74,1,-3.4110508380500955
simultaneous_eeg_nirs,VP012,simultaneous_eeg_nirs__VP012__cnt_wg__prefrontal__w7,evaluate,BL,21.52,1,8.342486636349607
simultaneous_eeg_nirs,VP013,simultaneous_eeg_nirs__VP013__cnt_wg__prefrontal__w0,train,WG,1.7,0,4.617951464933023
simultaneous_eeg_nirs,VP013,simultaneous_eeg_nirs__VP013__cnt_wg__prefrontal__w0,train,WG,3.64,0,4.847061215333526
simultaneous_eeg_nirs,VP013,simultaneous_eeg_nirs__VP013__cnt_wg__prefrontal__w0,train,WG,5.08,0,5.07880816337729
simultaneous_eeg_nirs,VP013,simultaneous_eeg_nirs__VP013__cnt_wg__prefrontal__w0,train,WG,6.28,0,4.460589619642807
simultaneous_eeg_nirs,VP013,simultaneous_eeg_nirs__VP013__cnt_wg__prefrontal__w0,train,WG,7.12,0,4.401189426602203
simultaneous_eeg_nirs,VP013,simultaneous_eeg_nirs__VP013__cnt_wg__prefrontal__w0,train,WG,7.64,0,4.3690201120026915
simultaneous_eeg_nirs,VP013,simultaneous_eeg_nirs__VP013__cnt_wg__prefrontal__w0,train,WG,8.86,0,4.772051146885076
simultaneous_eeg_nirs,VP013,simultaneous_eeg_nirs__VP013__cnt_wg__prefrontal__w0,train,WG,9.72,0,4.9472636965642165
simultaneous_eeg_nirs,VP013,simultaneous_eeg_nirs__VP013__cnt_wg__prefrontal__w0,train,WG,10.68,0,4.464053270273192
simultaneous_eeg_nirs,VP013,simultaneous_eeg_nirs__VP013__cnt_wg__prefrontal__w0,train,WG,11.4,0,4.242110468601353
simultaneous_eeg_nirs,VP013,simultaneous_eeg_nirs__VP013__cnt_wg__prefrontal__w0,train,WG,12.14,0,4.165898391860835
simultaneous_eeg_nirs,VP013,simultaneous_eeg_nirs__VP013__cnt_wg__prefrontal__w0,train,WG,13.04,0,3.8196290384369194
simultaneous_eeg_nirs,VP013,simultaneous_eeg_nirs__VP013__cnt_wg__prefrontal__w0,train,WG,13.92,0,4.578611258766534
simultaneous_eeg_nirs,VP013,simultaneous_eeg_nirs__VP013__cnt_wg__prefrontal__w0,train,WG,15.2,0,5.3408403514324405
simultaneous_eeg_nirs,VP013,simultaneous_eeg_nirs__VP013__cnt_wg__prefrontal__w0,train,WG,16.44,0,4.454388260665115
simultaneous_eeg_nirs,VP013,simultaneous_eeg_nirs__VP013__cnt_wg__prefrontal__w0,train,WG,17.68,0,4.485285164443072
simultaneous_eeg_nirs,VP013,simultaneous_eeg_nirs__VP013__cnt_wg__prefrontal__w0,train,WG,19.32,0,4.569158081933533
simultaneous_eeg_nirs,VP013,simultaneous_eeg_nirs__VP013__cnt_wg__prefrontal__w0,train,WG,20.76,0,4.327001473080956
simultaneous_eeg_nirs,VP013,simultaneous_eeg_nirs__VP013__cnt_wg__prefrontal__w0,train,WG,22.14,0,4.010559608284169
simultaneous_eeg_nirs,VP013,simultaneous_eeg_nirs__VP013__cnt_wg__prefrontal__w0,train,WG,23.6,0,4.438936339822303
simultaneous_eeg_nirs,VP013,simultaneous_eeg_nirs__VP013__cnt_wg__prefrontal__w0,train,WG,25.1,0,3.3517808034870256
simultaneous_eeg_nirs,VP013,simultaneous_eeg_nirs__VP013__cnt_wg__prefrontal__w0,train,WG,25.76,0,3.9641513335575547
simultaneous_eeg_nirs,VP013,simultaneous_eeg_nirs__VP013__cnt_wg__prefrontal__w0,train,WG,27.2,0,4.011270688955106
simultaneous_eeg_nirs,VP013,simultaneous_eeg_nirs__VP013__cnt_wg__prefrontal__w0,train,WG,28.68,0,5.387942405592629
simultaneous_eeg_nirs,VP013,simultaneous_eeg_nirs__VP013__cnt_wg__prefrontal__w0,train,WG,29.9,0,4.027112575002655
simultaneous_eeg_nirs,VP013,simultaneous_eeg_nirs__VP013__cnt_wg__prefrontal__w0,train,WG,8.8,1,-6.559464396358343
simultaneous_eeg_nirs,VP013,simultaneous_eeg_nirs__VP013__cnt_wg__prefrontal__w0,train,WG,13.54,1,-5.901157438245838
simultaneous_eeg_nirs,VP013,simultaneous_eeg_nirs__VP013__cnt_wg__prefrontal__w1,train,BL,1.08,0,4.377109517455689
simultaneous_eeg_nirs,VP013,simultaneous_eeg_nirs__VP013__cnt_wg__prefrontal__w1,train,BL,2.28,0,3.9473318372242168
simultaneous_eeg_nirs,VP013,simultaneous_eeg_nirs__VP013__cnt_wg__prefrontal__w1,train,BL,3.24,0,3.686029887285642
simultaneous_eeg_nirs,VP013,simultaneous_eeg_nirs__VP013__cnt_wg__prefrontal__w1,train,BL,5.04,0,4.358190706677866
simultaneous_eeg_nirs,VP013,simultaneous_eeg_nirs__VP013__cnt_wg__prefrontal__w1,train,BL,6.72,0,4.089968661431458
simultaneous_eeg_nirs,VP013,simultaneous_eeg_nirs__VP013__cnt_wg__prefrontal__w1,train,BL,8.32,0,4.306957827537597
simultaneous_eeg_nirs,VP013,simultaneous_eeg_nirs__VP013__cnt_wg__prefrontal__w1,train,BL,9.26,0,4.47655500139827
simultaneous_eeg_nirs,VP013,simultaneous_eeg_nirs__VP013__cnt_wg__prefrontal__w1,train,BL,10.52,0,-3.3848849388518274
simultaneous_eeg_nirs,VP013,simultaneous_eeg_nirs__VP013__cnt_wg__prefrontal__w1,train,BL,11.02,0,3.6233350288241963
simultaneous_eeg_nirs,VP013,simultaneous_eeg_nirs__VP013__cnt_wg__prefrontal__w1,train,BL,11.82,0,4.275496509849666
simultaneous_eeg_nirs,VP013,simultaneous_eeg_nirs__VP013__cnt_wg__prefrontal__w1,train,BL,13.52,0,4.069200848007433
simultaneous_eeg_nirs,VP013,simultaneous_eeg_nirs__VP013__cnt_wg__prefrontal__w1,train,BL,14.46,0,3.8109289888343953
simultaneous_eeg_nirs,VP013,simultaneous_eeg_nirs__VP013__cnt_wg__prefrontal__w1,train,BL,16.0,0,4.681997656833138
simultaneous_eeg_nirs,VP013,simultaneous_eeg_nirs__VP013__cnt_wg__prefrontal__w1,train,BL,17.18,0,4.224708174357842
simultaneous_eeg_nirs,VP013,simultaneous_eeg_nirs__VP013__cnt_wg__prefrontal__w1,train,BL,18.06,0,4.203850100183833
simultaneous_eeg_nirs,VP013,simultaneous_eeg_nirs__VP013__cnt_wg__prefrontal__w1,train,BL,18.92,0,4.434228691755294
simultaneous_eeg_nirs,VP013,simultaneous_eeg_nirs__VP013__cnt_wg__prefrontal__w1,train,BL,19.62,0,4.1020832814462835
simultaneous_eeg_nirs,VP013,simultaneous_eeg_nirs__VP013__cnt_wg__prefrontal__w1,train,BL,20.64,0,4.318779915929561
simultaneous_eeg_nirs,VP013,simultaneous_eeg_nirs__VP013__cnt_wg__prefrontal__w1,train,BL,21.76,0,4.010246996908812
simultaneous_eeg_nirs,VP013,simultaneous_eeg_nirs__VP013__cnt_wg__prefrontal__w1,train,BL,22.34,0,3.87137825179314
simultaneous_eeg_nirs,VP013,simultaneous_eeg_nirs__VP013__cnt_wg__prefrontal__w1,train,BL,24.36,0,3.9317299735631743
simultaneous_eeg_nirs,VP013,simultaneous_eeg_nirs__VP013__cnt_wg__prefrontal__w1,train,BL,25.32,0,4.4336174370550046
simultaneous_eeg_nirs,VP013,simultaneous_eeg_nirs__VP013__cnt_wg__prefrontal__w1,train,BL,26.8,0,4.485921556851569
simultaneous_eeg_nirs,VP013,simultaneous_eeg_nirs__VP013__cnt_wg__prefrontal__w1,train,BL,28.12,0,4.745289334575674
simultaneous_eeg_nirs,VP013,simultaneous_eeg_nirs__VP013__cnt_wg__prefrontal__w1,train,BL,9.94,1,-4.9931704071753025
simultaneous_eeg_nirs,VP013,simultaneous_eeg_nirs__VP013__cnt_wg__prefrontal__w1,train,BL,10.44,1,9.397557929919063
simultaneous_eeg_nirs,VP013,simultaneous_eeg_nirs__VP013__cnt_wg__prefrontal__w2,train,WG,0.64,0,4.283839567450383
simultaneous_eeg_nirs,VP013,simultaneous_eeg_nirs__VP013__cnt_wg__prefrontal__w2,train,WG,1.34,0,4.629122429758325
simultaneous_eeg_nirs,VP013,simultaneous_eeg_nirs__VP013__cnt_wg__prefrontal__w2,train,WG,2.48,0,4.836362553972198
simultaneous_eeg_nirs,VP013,simultaneous_eeg_nirs__VP013__cnt_wg__prefrontal__w2,train,WG,4.24,0,3.8619762744408415
simultaneous_eeg_nirs,VP013,simultaneous_eeg_nirs__VP013__cnt_wg__prefrontal__w2,train,WG,5.18,0,3.141503576639938
simultaneous_eeg_nirs,VP013,simultaneous_eeg_nirs__VP013__cnt_wg__prefrontal__w2,train,WG,5.7,0,4.390680166809116
simultaneous_eeg_nirs,VP013,simultaneous_eeg_nirs__VP013__cnt_wg__prefrontal__w2,train,WG,6.28,0,4.1480758531847535
simultaneous_eeg_nirs,VP013,simultaneous_eeg_nirs__VP013__cnt_wg__prefrontal__w2,train,WG,7.1,0,4.988026981903419
simultaneous_eeg_nirs,VP013,simultaneous_eeg_nirs__VP013__cnt_wg__prefrontal__w2,train,WG,8.14,0,4.626597704847633
simultaneous_eeg_nirs,VP013,simultaneous_eeg_nirs__VP013__cnt_wg__prefrontal__w2,train,WG,8.86,0,4.00831866942428
simultaneous_eeg_nirs,VP013,simultaneous_eeg_nirs__VP013__cnt_wg__prefrontal__w2,train,WG,9.38,0,4.448359495838267
simultaneous_eeg_nirs,VP013,simultaneous_eeg_nirs__VP013__cnt_wg__prefrontal__w2,train,WG,10.54,0,4.960292488942698
simultaneous_eeg_nirs,VP013,simultaneous_eeg_nirs__VP013__cnt_wg__prefrontal__w2,train,WG,11.34,0,4.286095518285347
simultaneous_eeg_nirs,VP013,simultaneous_eeg_nirs__VP013__cnt_wg__prefrontal__w2,train,WG,11.9,0,4.307873639042545
simultaneous_eeg_nirs,VP013,simultaneous_eeg_nirs__VP013__cnt_wg__prefrontal__w2,train,WG,12.64,0,4.439363928557295
simultaneous_eeg_nirs,VP013,simultaneous_eeg_nirs__VP013__cnt_wg__prefrontal__w2,train,WG,13.66,0,4.440013144247297
simultaneous_eeg_nirs,VP013,simultaneous_eeg_nirs__VP013__cnt_wg__prefrontal__w2,train,WG,14.42,0,3.79272501224008
simultaneous_eeg_nirs,VP013,simultaneous_eeg_nirs__VP013__cnt_wg__prefrontal__w2,train,WG,16.66,0,-3.057512765056744
simultaneous_eeg_nirs,VP013,simultaneous_eeg_nirs__VP013__cnt_wg__prefrontal__w2,train,WG,17.4,0,4.861973498692364
simultaneous_eeg_nirs,VP013,simultaneous_eeg_nirs__VP013__cnt_wg__prefrontal__w2,train,WG,18.32,0,4.4640510914497264
simultaneous_eeg_nirs,VP013,simultaneous_eeg_nirs__VP013__cnt_wg__prefrontal__w2,train,WG,19.38,0,4.169942503807741
simultaneous_eeg_nirs,VP013,simultaneous_eeg_nirs__VP013__cnt_wg__prefrontal__w2,train,WG,19.94,0,4.249433941454712
simultaneous_eeg_nirs,VP013,simultaneous_eeg_nirs__VP013__cnt_wg__prefrontal__w2,train,WG,21.2,0,4.179690441441006
simultaneous_eeg_nirs,VP013,simultaneous_eeg_nirs__VP013__cnt_wg__prefrontal__w2,train,WG,22.24,0,3.6482945616421922
simultaneous_eeg_nirs,VP013,simultaneous_eeg_nirs__VP013__cnt_wg__prefrontal__w2,train,WG,22.82,0,4.851574322892086
simultaneous_eeg_nirs,VP013,simultaneous_eeg_nirs__VP013__cnt_wg__prefrontal__w2,train,WG,24.1,0,5.130798575676353
simultaneous_eeg_nirs,VP013,simultaneous_eeg_nirs__VP013__cnt_wg__prefrontal__w2,train,WG,25.36,0,4.5833773952139065
simultaneous_eeg_nirs,VP013,simultaneous_eeg_nirs__VP013__cnt_wg__prefrontal__w2,train,WG,26.34,0,4.710646393572148
simultaneous_eeg_nirs,VP013,simultaneous_eeg_nirs__VP013__cnt_wg__prefrontal__w2,train,WG,27.18,0,3.487266112057433
simultaneous_eeg_nirs,VP013,simultaneous_eeg_nirs__VP013__cnt_wg__prefrontal__w2,train,WG,27.82,0,3.5511063491516457
simultaneous_eeg_nirs,VP013,simultaneous_eeg_nirs__VP013__cnt_wg__prefrontal__w2,train,WG,28.9,0,4.10362277920954
simultaneous_eeg_nirs,VP013,simultaneous_eeg_nirs__VP013__cnt_wg__prefrontal__w2,train,WG,29.82,0,3.1360450459291194
simultaneous_eeg_nirs,VP013,simultaneous_eeg_nirs__VP013__cnt_wg__prefrontal__w2,train,WG,8.84,1,-4.908312741974936
simultaneous_eeg_nirs,VP013,simultaneous_eeg_nirs__VP013__cnt_wg__prefrontal__w2,train,WG,12.62,1,-19.50245283891154
simultaneous_eeg_nirs,VP013,simultaneous_eeg_nirs__VP013__cnt_wg__prefrontal__w2,train,WG,13.64,1,-3.3017069570117226
simultaneous_eeg_nirs,VP013,simultaneous_eeg_nirs__VP013__cnt_wg__prefrontal__w2,train,WG,14.4,1,-14.503488869558979
simultaneous_eeg_nirs,VP013,simultaneous_eeg_nirs__VP013__cnt_wg__prefrontal__w2,train,WG,15.76,1,4.079060877330682
simultaneous_eeg_nirs,VP013,simultaneous_eeg_nirs__VP013__cnt_wg__prefrontal__w2,train,WG,16.56,1,-4.883026525880727
simultaneous_eeg_nirs,VP013,simultaneous_eeg_nirs__VP013__cnt_wg__prefrontal__w2,train,WG,26.32,1,-4.356805141801821
simultaneous_eeg_nirs,VP013,simultaneous_eeg_nirs__VP013__cnt_wg__prefrontal__w2,train,WG,27.14,1,-5.809518830212102
simultaneous_eeg_nirs,VP013,simultaneous_eeg_nirs__VP013__cnt_wg__prefrontal__w2,train,WG,27.88,1,-4.029221825379861
simultaneous_eeg_nirs,VP013,simultaneous_eeg_nirs__VP013__cnt_wg__prefrontal__w2,train,WG,28.6,1,14.165338753518983
simultaneous_eeg_nirs,VP013,simultaneous_eeg_nirs__VP013__cnt_wg__prefrontal__w3,train,BL,0.46,0,3.8405953295350264
simultaneous_eeg_nirs,VP013,simultaneous_eeg_nirs__VP013__cnt_wg__prefrontal__w3,train,BL,1.02,0,4.706519117102841
simultaneous_eeg_nirs,VP013,simultaneous_eeg_nirs__VP013__cnt_wg__prefrontal__w3,train,BL,2.3,0,4.099969243527159
simultaneous_eeg_nirs,VP013,simultaneous_eeg_nirs__VP013__cnt_wg__prefrontal__w3,train,BL,4.1,0,4.885179292113091
simultaneous_eeg_nirs,VP013,simultaneous_eeg_nirs__VP013__cnt_wg__prefrontal__w3,train,BL,5.12,0,3.457153239633569
simultaneous_eeg_nirs,VP013,simultaneous_eeg_nirs__VP013__cnt_wg__prefrontal__w3,train,BL,6.0,0,4.768487028973594
simultaneous_eeg_nirs,VP013,simultaneous_eeg_nirs__VP013__cnt_wg__prefrontal__w3,train,BL,6.98,0,5.13885912585222
simultaneous_eeg_nirs,VP013,simultaneous_eeg_nirs__VP013__cnt_wg__prefrontal__w3,train,BL,8.22,0,4.84955816893541
simultaneous_eeg_nirs,VP013,simultaneous_eeg_nirs__VP013__cnt_wg__prefrontal__w3,train,BL,9.2,0,5.089360295971472
simultaneous_eeg_nirs,VP013,simultaneous_eeg_nirs__VP013__cnt_wg__prefrontal__w3,train,BL,10.4,0,5.144714546836799
simultaneous_eeg_nirs,VP013,simultaneous_eeg_nirs__VP013__cnt_wg__prefrontal__w3,train,BL,11.52,0,5.050971205374886
simultaneous_eeg_nirs,VP013,simultaneous_eeg_nirs__VP013__cnt_wg__prefrontal__w3,train,BL,12.46,0,4.406643669537436
simultaneous_eeg_nirs,VP013,simultaneous_eeg_nirs__VP013__cnt_wg__prefrontal__w3,train,BL,14.24,0,5.2264327629310605
simultaneous_eeg_nirs,VP013,simultaneous_eeg_nirs__VP013__cnt_wg__prefrontal__w3,train,BL,15.66,0,3.0512175251030356
simultaneous_eeg_nirs,VP013,simultaneous_eeg_nirs__VP013__cnt_wg__prefrontal__w3,train,BL,16.22,0,4.275175380895817
simultaneous_eeg_nirs,VP013,simultaneous_eeg_nirs__VP013__cnt_wg__prefrontal__w3,train,BL,17.54,0,4.157889043782475
simultaneous_eeg_nirs,VP013,simultaneous_eeg_nirs__VP013__cnt_wg__prefrontal__w3,train,BL,18.28,0,4.975650722257824
simultaneous_eeg_nirs,VP013,simultaneous_eeg_nirs__VP013__cnt_wg__prefrontal__w3,train,BL,19.18,0,4.560814850289231
simultaneous_eeg_nirs,VP013,simultaneous_eeg_nirs__VP013__cnt_wg__prefrontal__w3,train,BL,20.04,0,4.672085748240126
simultaneous_eeg_nirs,VP013,simultaneous_eeg_nirs__VP013__cnt_wg__prefrontal__w3,train,BL,20.68,0,4.390349395147487
simultaneous_eeg_nirs,VP013,simultaneous_eeg_nirs__VP013__cnt_wg__prefrontal__w3,train,BL,21.4,0,5.545495180437072
simultaneous_eeg_nirs,VP013,simultaneous_eeg_nirs__VP013__cnt_wg__prefrontal__w3,train,BL,22.44,0,5.407304256974093
simultaneous_eeg_nirs,VP013,simultaneous_eeg_nirs__VP013__cnt_wg__prefrontal__w3,train,BL,23.36,0,4.1158346759991105
simultaneous_eeg_nirs,VP013,simultaneous_eeg_nirs__VP013__cnt_wg__prefrontal__w3,train,BL,24.5,0,5.336830851773201
simultaneous_eeg_nirs,VP013,simultaneous_eeg_nirs__VP013__cnt_wg__prefrontal__w3,train,BL,25.96,0,4.807288188226617
simultaneous_eeg_nirs,VP013,simultaneous_eeg_nirs__VP013__cnt_wg__prefrontal__w3,train,BL,26.74,0,5.128140093152476
simultaneous_eeg_nirs,VP013,simultaneous_eeg_nirs__VP013__cnt_wg__prefrontal__w3,train,BL,28.24,0,4.893499915450072
simultaneous_eeg_nirs,VP013,simultaneous_eeg_nirs__VP013__cnt_wg__prefrontal__w3,train,BL,28.94,0,5.6114057015936
simultaneous_eeg_nirs,VP013,simultaneous_eeg_nirs__VP013__cnt_wg__prefrontal__w3,train,BL,29.86,0,4.390926270718282
simultaneous_eeg_nirs,VP013,simultaneous_eeg_nirs__VP013__cnt_wg__prefrontal__w3,train,BL,3.06,1,11.970421716972213
simultaneous_eeg_nirs,VP013,simultaneous_eeg_nirs__VP013__cnt_wg__prefrontal__w3,train,BL,4.02,1,-11.262277768340093
simultaneous_eeg_nirs,VP013,simultaneous_eeg_nirs__VP013__cnt_wg__prefrontal__w3,train,BL,15.44,1,4.339329994679644
simultaneous_eeg_nirs,VP013,simultaneous_eeg_nirs__VP013__cnt_wg__prefrontal__w3,train,BL,16.32,1,7.475122071698234
simultaneous_eeg_nirs,VP013,simultaneous_eeg_nirs__VP013__cnt_wg__prefrontal__w3,train,BL,17.52,1,-11.376997104190146
simultaneous_eeg_nirs,VP013,simultaneous_eeg_nirs__VP013__cnt_wg__prefrontal__w3,train,BL,18.4,1,3.559188329920693
simultaneous_eeg_nirs,VP013,simultaneous_eeg_nirs__VP013__cnt_wg__prefrontal__w4,train,WG,0.96,0,5.224523052831491
simultaneous_eeg_nirs,VP013,simultaneous_eeg_nirs__VP013__cnt_wg__prefrontal__w4,train,WG,2.94,0,5.39031181432194
simultaneous_eeg_nirs,VP013,simultaneous_eeg_nirs__VP013__cnt_wg__prefrontal__w4,train,WG,4.04,0,4.85692854758961
simultaneous_eeg_nirs,VP013,simultaneous_eeg_nirs__VP013__cnt_wg__prefrontal__w4,train,WG,4.92,0,4.741276819063063
simultaneous_eeg_nirs,VP013,simultaneous_eeg_nirs__VP013__cnt_wg__prefrontal__w4,train,WG,5.82,0,5.55135331414993
simultaneous_eeg_nirs,VP013,simultaneous_eeg_nirs__VP013__cnt_wg__prefrontal__w4,train,WG,7.18,0,5.189869030089666
simultaneous_eeg_nirs,VP013,simultaneous_eeg_nirs__VP013__cnt_wg__prefrontal__w4,train,WG,8.16,0,5.1193281339519325
simultaneous_eeg_nirs,VP013,simultaneous_eeg_nirs__VP013__cnt_wg__prefrontal__w4,train,WG,9.28,0,5.311660661584993
simultaneous_eeg_nirs,VP013,simultaneous_eeg_nirs__VP013__cnt_wg__prefrontal__w4,train,WG,11.0,0,5.800265860346664
simultaneous_eeg_nirs,VP013,simultaneous_eeg_nirs__VP013__cnt_wg__prefrontal__w4,train,WG,12.06,0,5.12349244587428
simultaneous_eeg_nirs,VP013,simultaneous_eeg_nirs__VP013__cnt_wg__prefrontal__w4,train,WG,13.04,0,5.047258887895306
simultaneous_eeg_nirs,VP013,simultaneous_eeg_nirs__VP013__cnt_wg__prefrontal__w4,train,WG,13.8,0,5.492873036031356
simultaneous_eeg_nirs,VP013,simultaneous_eeg_nirs__VP013__cnt_wg__prefrontal__w4,train,WG,14.78,0,5.631778295939022
simultaneous_eeg_nirs,VP013,simultaneous_eeg_nirs__VP013__cnt_wg__prefrontal__w4,train,WG,16.04,0,4.85537913795269
simultaneous_eeg_nirs,VP013,simultaneous_eeg_nirs__VP013__cnt_wg__prefrontal__w4,train,WG,17.62,0,6.985104191046665
simultaneous_eeg_nirs,VP013,simultaneous_eeg_nirs__VP013__cnt_wg__prefrontal__w4,train,WG,18.66,0,-4.115800099508528
simultaneous_eeg_nirs,VP013,simultaneous_eeg_nirs__VP013__cnt_wg__prefrontal__w4,train,WG,21.3,0,3.0349197646198456
simultaneous_eeg_nirs,VP013,simultaneous_eeg_nirs__VP013__cnt_wg__prefrontal__w4,train,WG,22.92,0,5.402260427998967
simultaneous_eeg_nirs,VP013,simultaneous_eeg_nirs__VP013__cnt_wg__prefrontal__w4,train,WG,23.66,0,4.275563992240618
simultaneous_eeg_nirs,VP013,simultaneous_eeg_nirs__VP013__cnt_wg__prefrontal__w4,train,WG,24.96,0,4.517017289815366
simultaneous_eeg_nirs,VP013,simultaneous_eeg_nirs__VP013__cnt_wg__prefrontal__w4,train,WG,26.28,0,5.47536048690133
simultaneous_eeg_nirs,VP013,simultaneous_eeg_nirs__VP013__cnt_wg__prefrontal__w4,train,WG,27.32,0,5.499045189572695
simultaneous_eeg_nirs,VP013,simultaneous_eeg_nirs__VP013__cnt_wg__prefrontal__w4,train,WG,28.82,0,4.206344340913291
simultaneous_eeg_nirs,VP013,simultaneous_eeg_nirs__VP013__cnt_wg__prefrontal__w4,train,WG,9.7,1,10.642851577398233
simultaneous_eeg_nirs,VP013,simultaneous_eeg_nirs__VP013__cnt_wg__prefrontal__w4,train,WG,10.24,1,4.663881940303503
simultaneous_eeg_nirs,VP013,simultaneous_eeg_nirs__VP013__cnt_wg__prefrontal__w4,train,WG,10.94,1,-9.785535433989189
simultaneous_eeg_nirs,VP013,simultaneous_eeg_nirs__VP013__cnt_wg__prefrontal__w4,train,WG,16.46,1,-3.561683338418971
simultaneous_eeg_nirs,VP013,simultaneous_eeg_nirs__VP013__cnt_wg__prefrontal__w4,train,WG,17.96,1,-3.6531170759715144
simultaneous_eeg_nirs,VP013,simultaneous_eeg_nirs__VP013__cnt_wg__prefrontal__w4,train,WG,19.0,1,12.195254445320984
simultaneous_eeg_nirs,VP013,simultaneous_eeg_nirs__VP013__cnt_wg__prefrontal__w4,train,WG,19.7,1,-6.584807121240253
simultaneous_eeg_nirs,VP013,simultaneous_eeg_nirs__VP013__cnt_wg__prefrontal__w4,train,WG,20.56,1,5.049267242865336
simultaneous_eeg_nirs,VP013,simultaneous_eeg_nirs__VP013__cnt_wg__prefrontal__w4,train,WG,21.44,1,3.5402078640144836
simultaneous_eeg_nirs,VP013,simultaneous_eeg_nirs__VP013__cnt_wg__prefrontal__w4,train,WG,26.14,1,3.2262942403058306
simultaneous_eeg_nirs,VP013,simultaneous_eeg_nirs__VP013__cnt_wg__prefrontal__w4,train,WG,27.44,1,3.7780812768498966
simultaneous_eeg_nirs,VP013,simultaneous_eeg_nirs__VP013__cnt_wg__prefrontal__w5,train,WG,0.52,0,4.439351430771586
simultaneous_eeg_nirs,VP013,simultaneous_eeg_nirs__VP013__cnt_wg__prefrontal__w5,train,WG,2.06,0,4.44077124975353
simultaneous_eeg_nirs,VP013,simultaneous_eeg_nirs__VP013__cnt_wg__prefrontal__w5,train,WG,3.32,0,4.688035634268729
simultaneous_eeg_nirs,VP013,simultaneous_eeg_nirs__VP013__cnt_wg__prefrontal__w5,train,WG,4.44,0,4.6258479450189105
simultaneous_eeg_nirs,VP013,simultaneous_eeg_nirs__VP013__cnt_wg__prefrontal__w5,train,WG,5.42,0,4.114551202471611
simultaneous_eeg_nirs,VP013,simultaneous_eeg_nirs__VP013__cnt_wg__prefrontal__w5,train,WG,5.92,0,3.6444271581195458
simultaneous_eeg_nirs,VP013,simultaneous_eeg_nirs__VP013__cnt_wg__prefrontal__w5,train,WG,6.42,0,4.33653111255281
simultaneous_eeg_nirs,VP013,simultaneous_eeg_nirs__VP013__cnt_wg__prefrontal__w5,train,WG,7.0,0,4.573168928046001
simultaneous_eeg_nirs,VP013,simultaneous_eeg_nirs__VP013__cnt_wg__prefrontal__w5,train,WG,7.82,0,4.745193462970485
simultaneous_eeg_nirs,VP013,simultaneous_eeg_nirs__VP013__cnt_wg__prefrontal__w5,train,WG,8.88,0,4.5641008830016485
simultaneous_eeg_nirs,VP013,simultaneous_eeg_nirs__VP013__cnt_wg__prefrontal__w5,train,WG,9.72,0,4.973612732188613
simultaneous_eeg_nirs,VP013,simultaneous_eeg_nirs__VP013__cnt_wg__prefrontal__w5,train,WG,10.44,0,4.546258849908052
simultaneous_eeg_nirs,VP013,simultaneous_eeg_nirs__VP013__cnt_wg__prefrontal__w5,train,WG,11.18,0,3.9974305158188974
simultaneous_eeg_nirs,VP013,simultaneous_eeg_nirs__VP013__cnt_wg__prefrontal__w5,train,WG,11.9,0,4.761195222628564
simultaneous_eeg_nirs,VP013,simultaneous_eeg_nirs__VP013__cnt_wg__prefrontal__w5,train,WG,13.44,0,5.347235992085173
simultaneous_eeg_nirs,VP013,simultaneous_eeg_nirs__VP013__cnt_wg__prefrontal__w5,train,WG,14.88,0,5.695929990236387
simultaneous_eeg_nirs,VP013,simultaneous_eeg_nirs__VP013__cnt_wg__prefrontal__w5,train,WG,17.06,0,4.53535649635163
simultaneous_eeg_nirs,VP013,simultaneous_eeg_nirs__VP013__cnt_wg__prefrontal__w5,train,WG,18.04,0,5.900119431251986
simultaneous_eeg_nirs,VP013,simultaneous_eeg_nirs__VP013__cnt_wg__prefrontal__w5,train,WG,19.34,0,5.649127618067626
simultaneous_eeg_nirs,VP013,simultaneous_eeg_nirs__VP013__cnt_wg__prefrontal__w5,train,WG,20.3,0,3.9963237635848867
simultaneous_eeg_nirs,VP013,simultaneous_eeg_nirs__VP013__cnt_wg__prefrontal__w5,train,WG,21.72,0,4.609815082898302
simultaneous_eeg_nirs,VP013,simultaneous_eeg_nirs__VP013__cnt_wg__prefrontal__w5,train,WG,23.22,0,4.425370794637458
simultaneous_eeg_nirs,VP013,simultaneous_eeg_nirs__VP013__cnt_wg__prefrontal__w5,train,WG,23.72,0,4.154671394366664
simultaneous_eeg_nirs,VP013,simultaneous_eeg_nirs__VP013__cnt_wg__prefrontal__w5,train,WG,24.76,0,6.0564121778327165
simultaneous_eeg_nirs,VP013,simultaneous_eeg_nirs__VP013__cnt_wg__prefrontal__w5,train,WG,26.06,0,4.103610996154496
simultaneous_eeg_nirs,VP013,simultaneous_eeg_nirs__VP013__cnt_wg__prefrontal__w5,train,WG,28.4,0,5.1536509932537475
simultaneous_eeg_nirs,VP013,simultaneous_eeg_nirs__VP013__cnt_wg__prefrontal__w5,train,WG,12.38,1,9.440948677703986
simultaneous_eeg_nirs,VP013,simultaneous_eeg_nirs__VP013__cnt_wg__prefrontal__w5,train,WG,13.04,1,-14.798516458723372
simultaneous_eeg_nirs,VP013,simultaneous_eeg_nirs__VP013__cnt_wg__prefrontal__w5,train,WG,13.72,1,15.718165799176848
simultaneous_eeg_nirs,VP013,simultaneous_eeg_nirs__VP013__cnt_wg__prefrontal__w5,train,WG,14.78,1,-7.665651008987753
simultaneous_eeg_nirs,VP013,simultaneous_eeg_nirs__VP013__cnt_wg__prefrontal__w5,train,WG,15.28,1,-5.17541230358492
simultaneous_eeg_nirs,VP013,simultaneous_eeg_nirs__VP013__cnt_wg__prefrontal__w5,train,WG,17.04,1,-16.806964913949848
simultaneous_eeg_nirs,VP013,simultaneous_eeg_nirs__VP013__cnt_wg__prefrontal__w5,train,WG,20.26,1,-11.931691272610648
simultaneous_eeg_nirs,VP013,simultaneous_eeg_nirs__VP013__cnt_wg__prefrontal__w5,train,WG,21.12,1,-17.572980503285265
simultaneous_eeg_nirs,VP013,simultaneous_eeg_nirs__VP013__cnt_wg__prefrontal__w5,train,WG,21.76,1,3.058858350317397
simultaneous_eeg_nirs,VP013,simultaneous_eeg_nirs__VP013__cnt_wg__prefrontal__w5,train,WG,22.54,1,13.048838464557736
simultaneous_eeg_nirs,VP013,simultaneous_eeg_nirs__VP013__cnt_wg__prefrontal__w5,train,WG,23.18,1,-14.83654561616887
simultaneous_eeg_nirs,VP013,simultaneous_eeg_nirs__VP013__cnt_wg__prefrontal__w5,train,WG,24.02,1,11.82934127792428
simultaneous_eeg_nirs,VP013,simultaneous_eeg_nirs__VP013__cnt_wg__prefrontal__w5,train,WG,24.66,1,-3.8589530341975067
simultaneous_eeg_nirs,VP013,simultaneous_eeg_nirs__VP013__cnt_wg__prefrontal__w5,train,WG,26.42,1,6.556335108034353
simultaneous_eeg_nirs,VP013,simultaneous_eeg_nirs__VP013__cnt_wg__prefrontal__w5,train,WG,29.16,1,-4.94396240004667
simultaneous_eeg_nirs,VP013,simultaneous_eeg_nirs__VP013__cnt_wg__prefrontal__w5,train,WG,29.82,1,7.496899374612386
simultaneous_eeg_nirs,VP013,simultaneous_eeg_nirs__VP013__cnt_wg__prefrontal__w6,train,BL,0.46,0,-3.516861826969122
simultaneous_eeg_nirs,VP013,simultaneous_eeg_nirs__VP013__cnt_wg__prefrontal__w6,train,BL,3.96,0,-3.992068418602192
simultaneous_eeg_nirs,VP013,simultaneous_eeg_nirs__VP013__cnt_wg__prefrontal__w6,train,BL,4.7,0,4.38251767069487
simultaneous_eeg_nirs,VP013,simultaneous_eeg_nirs__VP013__cnt_wg__prefrontal__w6,train,BL,7.98,0,6.007114294971693
simultaneous_eeg_nirs,VP013,simultaneous_eeg_nirs__VP013__cnt_wg__prefrontal__w6,train,BL,10.04,0,4.9095408997745285
simultaneous_eeg_nirs,VP013,simultaneous_eeg_nirs__VP013__cnt_wg__prefrontal__w6,train,BL,11.76,0,4.277946965285711
simultaneous_eeg_nirs,VP013,simultaneous_eeg_nirs__VP013__cnt_wg__prefrontal__w6,train,BL,12.86,0,5.2371416386954035
simultaneous_eeg_nirs,VP013,simultaneous_eeg_nirs__VP013__cnt_wg__prefrontal__w6,train,BL,13.9,0,5.71740546179479
simultaneous_eeg_nirs,VP013,simultaneous_eeg_nirs__VP013__cnt_wg__prefrontal__w6,train,BL,14.9,0,5.2755892577281
simultaneous_eeg_nirs,VP013,simultaneous_eeg_nirs__VP013__cnt_wg__prefrontal__w6,train,BL,16.42,0,4.840655001409914
simultaneous_eeg_nirs,VP013,simultaneous_eeg_nirs__VP013__cnt_wg__prefrontal__w6,train,BL,17.38,0,4.714180625552022
simultaneous_eeg_nirs,VP013,simultaneous_eeg_nirs__VP013__cnt_wg__prefrontal__w6,train,BL,18.12,0,5.542789856975017
simultaneous_eeg_nirs,VP013,simultaneous_eeg_nirs__VP013__cnt_wg__prefrontal__w6,train,BL,19.16,0,4.162625534690685
simultaneous_eeg_nirs,VP013,simultaneous_eeg_nirs__VP013__cnt_wg__prefrontal__w6,train,BL,20.06,0,4.641238328407539
simultaneous_eeg_nirs,VP013,simultaneous_eeg_nirs__VP013__cnt_wg__prefrontal__w6,train,BL,21.3,0,4.871407460533347
simultaneous_eeg_nirs,VP013,simultaneous_eeg_nirs__VP013__cnt_wg__prefrontal__w6,train,BL,24.04,0,3.5202782475947396
simultaneous_eeg_nirs,VP013,simultaneous_eeg_nirs__VP013__cnt_wg__prefrontal__w6,train,BL,28.3,0,4.391607214143895
simultaneous_eeg_nirs,VP013,simultaneous_eeg_nirs__VP013__cnt_wg__prefrontal__w6,train,BL,29.34,0,-3.491403573873171
simultaneous_eeg_nirs,VP013,simultaneous_eeg_nirs__VP013__cnt_wg__prefrontal__w6,train,BL,29.86,0,3.2588229182246224
simultaneous_eeg_nirs,VP013,simultaneous_eeg_nirs__VP013__cnt_wg__prefrontal__w6,train,BL,2.86,1,5.415669681299389
simultaneous_eeg_nirs,VP013,simultaneous_eeg_nirs__VP013__cnt_wg__prefrontal__w6,train,BL,3.4,1,-9.385003088513985
simultaneous_eeg_nirs,VP013,simultaneous_eeg_nirs__VP013__cnt_wg__prefrontal__w6,train,BL,4.08,1,16.91190317267237
simultaneous_eeg_nirs,VP013,simultaneous_eeg_nirs__VP013__cnt_wg__prefrontal__w6,train,BL,4.7,1,-9.036285979914233
simultaneous_eeg_nirs,VP013,simultaneous_eeg_nirs__VP013__cnt_wg__prefrontal__w6,train,BL,10.64,1,14.1487197910674
simultaneous_eeg_nirs,VP013,simultaneous_eeg_nirs__VP013__cnt_wg__prefrontal__w6,train,BL,11.66,1,-9.94408618836216
simultaneous_eeg_nirs,VP013,simultaneous_eeg_nirs__VP013__cnt_wg__prefrontal__w6,train,BL,18.14,1,8.660155415679586
simultaneous_eeg_nirs,VP013,simultaneous_eeg_nirs__VP013__cnt_wg__prefrontal__w6,train,BL,19.1,1,-8.16733873615279
simultaneous_eeg_nirs,VP013,simultaneous_eeg_nirs__VP013__cnt_wg__prefrontal__w6,train,BL,19.6,1,5.8137242609449435
simultaneous_eeg_nirs,VP013,simultaneous_eeg_nirs__VP013__cnt_wg__prefrontal__w6,train,BL,20.16,1,3.3799007173280478
simultaneous_eeg_nirs,VP013,simultaneous_eeg_nirs__VP013__cnt_wg__prefrontal__w6,train,BL,22.22,1,13.338623787299825
simultaneous_eeg_nirs,VP013,simultaneous_eeg_nirs__VP013__cnt_wg__prefrontal__w6,train,BL,24.14,1,-5.4770697949092835
simultaneous_eeg_nirs,VP013,simultaneous_eeg_nirs__VP013__cnt_wg__prefrontal__w6,train,BL,24.84,1,-9.703013436097283
simultaneous_eeg_nirs,VP013,simultaneous_eeg_nirs__VP013__cnt_wg__prefrontal__w6,train,BL,25.88,1,11.49879354404549
simultaneous_eeg_nirs,VP013,simultaneous_eeg_nirs__VP013__cnt_wg__prefrontal__w6,train,BL,27.22,1,-6.709313423101824
simultaneous_eeg_nirs,VP013,simultaneous_eeg_nirs__VP013__cnt_wg__prefrontal__w6,train,BL,27.76,1,-3.4593667535183457
simultaneous_eeg_nirs,VP013,simultaneous_eeg_nirs__VP013__cnt_wg__prefrontal__w6,train,BL,28.6,1,11.922517642596713
simultaneous_eeg_nirs,VP013,simultaneous_eeg_nirs__VP013__cnt_wg__prefrontal__w6,train,BL,29.42,1,14.378992703083359
simultaneous_eeg_nirs,VP013,simultaneous_eeg_nirs__VP013__cnt_wg__prefrontal__w7,train,WG,0.84,0,5.005916103742531
simultaneous_eeg_nirs,VP013,simultaneous_eeg_nirs__VP013__cnt_wg__prefrontal__w7,train,WG,1.7,0,4.360835138953753
simultaneous_eeg_nirs,VP013,simultaneous_eeg_nirs__VP013__cnt_wg__prefrontal__w7,train,WG,2.98,0,4.6131873462976865
simultaneous_eeg_nirs,VP013,simultaneous_eeg_nirs__VP013__cnt_wg__prefrontal__w7,train,WG,4.24,0,4.883290477832187
simultaneous_eeg_nirs,VP013,simultaneous_eeg_nirs__VP013__cnt_wg__prefrontal__w7,train,WG,5.62,0,3.48734729409868
simultaneous_eeg_nirs,VP013,simultaneous_eeg_nirs__VP013__cnt_wg__prefrontal__w7,train,WG,6.5,0,3.829410193499151
simultaneous_eeg_nirs,VP013,simultaneous_eeg_nirs__VP013__cnt_wg__prefrontal__w7,train,WG,7.06,0,4.122827523276692
simultaneous_eeg_nirs,VP013,simultaneous_eeg_nirs__VP013__cnt_wg__prefrontal__w7,train,WG,8.02,0,4.024420200233371
simultaneous_eeg_nirs,VP013,simultaneous_eeg_nirs__VP013__cnt_wg__prefrontal__w7,train,WG,8.54,0,4.652677540203174
simultaneous_eeg_nirs,VP013,simultaneous_eeg_nirs__VP013__cnt_wg__prefrontal__w7,train,WG,9.44,0,4.840560265498407
simultaneous_eeg_nirs,VP013,simultaneous_eeg_nirs__VP013__cnt_wg__prefrontal__w7,train,WG,10.9,0,4.444469332120714
simultaneous_eeg_nirs,VP013,simultaneous_eeg_nirs__VP013__cnt_wg__prefrontal__w7,train,WG,11.9,0,4.258038778749299
simultaneous_eeg_nirs,VP013,simultaneous_eeg_nirs__VP013__cnt_wg__prefrontal__w7,train,WG,12.44,0,3.844621654656296
simultaneous_eeg_nirs,VP013,simultaneous_eeg_nirs__VP013__cnt_wg__prefrontal__w7,train,WG,13.62,0,4.420781494005851
simultaneous_eeg_nirs,VP013,simultaneous_eeg_nirs__VP013__cnt_wg__prefrontal__w7,train,WG,14.38,0,4.753363383630533
simultaneous_eeg_nirs,VP013,simultaneous_eeg_nirs__VP013__cnt_wg__prefrontal__w7,train,WG,15.66,0,5.170323120121435
simultaneous_eeg_nirs,VP013,simultaneous_eeg_nirs__VP013__cnt_wg__prefrontal__w7,train,WG,17.82,0,4.406905097477897
simultaneous_eeg_nirs,VP013,simultaneous_eeg_nirs__VP013__cnt_wg__prefrontal__w7,train,WG,19.02,0,5.035817366873561
simultaneous_eeg_nirs,VP013,simultaneous_eeg_nirs__VP013__cnt_wg__prefrontal__w7,train,WG,20.18,0,5.039713241545187
simultaneous_eeg_nirs,VP013,simultaneous_eeg_nirs__VP013__cnt_wg__prefrontal__w7,train,WG,21.16,0,4.8845693407561885
simultaneous_eeg_nirs,VP013,simultaneous_eeg_nirs__VP013__cnt_wg__prefrontal__w7,train,WG,22.1,0,4.180121698725332
simultaneous_eeg_nirs,VP013,simultaneous_eeg_nirs__VP013__cnt_wg__prefrontal__w7,train,WG,26.0,0,4.758638444964164
simultaneous_eeg_nirs,VP013,simultaneous_eeg_nirs__VP013__cnt_wg__prefrontal__w7,train,WG,26.52,0,4.0835919961977325
simultaneous_eeg_nirs,VP013,simultaneous_eeg_nirs__VP013__cnt_wg__prefrontal__w7,train,WG,27.44,0,3.665860267139168
simultaneous_eeg_nirs,VP013,simultaneous_eeg_nirs__VP013__cnt_wg__prefrontal__w7,train,WG,28.2,0,5.375919203425304
simultaneous_eeg_nirs,VP013,simultaneous_eeg_nirs__VP013__cnt_wg__prefrontal__w7,train,WG,29.38,0,5.530814229001331
simultaneous_eeg_nirs,VP013,simultaneous_eeg_nirs__VP013__cnt_wg__prefrontal__w7,train,WG,7.02,1,13.313394993330137
simultaneous_eeg_nirs,VP013,simultaneous_eeg_nirs__VP013__cnt_wg__prefrontal__w7,train,WG,7.62,1,-16.096566277648435
simultaneous_eeg_nirs,VP013,simultaneous_eeg_nirs__VP013__cnt_wg__prefrontal__w7,train,WG,10.86,1,3.5091202547732383
simultaneous_eeg_nirs,VP013,simultaneous_eeg_nirs__VP013__cnt_wg__prefrontal__w7,train,WG,12.52,1,-3.5596490628982442
simultaneous_eeg_nirs,VP013,simultaneous_eeg_nirs__VP013__cnt_wg__prefrontal__w7,train,WG,13.24,1,13.181650848955824
simultaneous_eeg_nirs,VP013,simultaneous_eeg_nirs__VP013__cnt_wg__prefrontal__w7,train,WG,15.72,1,8.133985350412102
simultaneous_eeg_nirs,VP013,simultaneous_eeg_nirs__VP013__cnt_wg__prefrontal__w7,train,WG,16.3,1,-14.889907126578539
simultaneous_eeg_nirs,VP013,simultaneous_eeg_nirs__VP013__cnt_wg__prefrontal__w7,train,WG,17.34,1,-11.807958981526966
simultaneous_eeg_nirs,VP013,simultaneous_eeg_nirs__VP013__cnt_wg__prefrontal__w7,train,WG,18.92,1,-13.247533190872284
simultaneous_eeg_nirs,VP013,simultaneous_eeg_nirs__VP013__cnt_wg__prefrontal__w7,train,WG,19.62,1,3.2964192334587765
simultaneous_eeg_nirs,VP013,simultaneous_eeg_nirs__VP013__cnt_wg__prefrontal__w7,train,WG,21.22,1,-9.568457207221787
simultaneous_eeg_nirs,VP014,simultaneous_eeg_nirs__VP014__cnt_wg__prefrontal__w0,evaluate,WG,0.58,0,4.04904261336037
simultaneous_eeg_nirs,VP014,simultaneous_eeg_nirs__VP014__cnt_wg__prefrontal__w0,evaluate,WG,4.92,0,4.160633094766989
simultaneous_eeg_nirs,VP014,simultaneous_eeg_nirs__VP014__cnt_wg__prefrontal__w0,evaluate,WG,5.84,0,3.974404209007046
simultaneous_eeg_nirs,VP014,simultaneous_eeg_nirs__VP014__cnt_wg__prefrontal__w0,evaluate,WG,10.22,0,4.651279849936315
simultaneous_eeg_nirs,VP014,simultaneous_eeg_nirs__VP014__cnt_wg__prefrontal__w0,evaluate,WG,15.92,0,4.437279181922446
simultaneous_eeg_nirs,VP014,simultaneous_eeg_nirs__VP014__cnt_wg__prefrontal__w0,evaluate,WG,28.8,0,4.275145503448274
simultaneous_eeg_nirs,VP014,simultaneous_eeg_nirs__VP014__cnt_wg__prefrontal__w0,evaluate,WG,15.96,1,3.6274703129686645
simultaneous_eeg_nirs,VP014,simultaneous_eeg_nirs__VP014__cnt_wg__prefrontal__w1,evaluate,WG,3.02,0,4.745366146080159
simultaneous_eeg_nirs,VP014,simultaneous_eeg_nirs__VP014__cnt_wg__prefrontal__w1,evaluate,WG,9.94,0,3.919610765239624
simultaneous_eeg_nirs,VP014,simultaneous_eeg_nirs__VP014__cnt_wg__prefrontal__w1,evaluate,WG,14.58,0,4.465615099823208
simultaneous_eeg_nirs,VP014,simultaneous_eeg_nirs__VP014__cnt_wg__prefrontal__w1,evaluate,WG,17.16,0,4.7853858312041
simultaneous_eeg_nirs,VP014,simultaneous_eeg_nirs__VP014__cnt_wg__prefrontal__w1,evaluate,WG,28.12,0,3.5094452855170855
simultaneous_eeg_nirs,VP014,simultaneous_eeg_nirs__VP014__cnt_wg__prefrontal__w1,evaluate,WG,8.1,1,-6.5768533174026995
simultaneous_eeg_nirs,VP014,simultaneous_eeg_nirs__VP014__cnt_wg__prefrontal__w1,evaluate,WG,8.88,1,-4.9158352542455255
simultaneous_eeg_nirs,VP014,simultaneous_eeg_nirs__VP014__cnt_wg__prefrontal__w1,evaluate,WG,9.48,1,3.234755082851846
simultaneous_eeg_nirs,VP014,simultaneous_eeg_nirs__VP014__cnt_wg__prefrontal__w1,evaluate,WG,10.04,1,13.816059963661207
simultaneous_eeg_nirs,VP014,simultaneous_eeg_nirs__VP014__cnt_wg__prefrontal__w1,evaluate,WG,10.68,1,-18.52339540844827
simultaneous_eeg_nirs,VP014,simultaneous_eeg_nirs__VP014__cnt_wg__prefrontal__w1,evaluate,WG,13.6,1,7.326162878549853
simultaneous_eeg_nirs,VP014,simultaneous_eeg_nirs__VP014__cnt_wg__prefrontal__w1,evaluate,WG,14.52,1,-4.398367212487178
simultaneous_eeg_nirs,VP014,simultaneous_eeg_nirs__VP014__cnt_wg__prefrontal__w1,evaluate,WG,15.6,1,-7.431769885112596
simultaneous_eeg_nirs,VP014,simultaneous_eeg_nirs__VP014__cnt_wg__prefrontal__w1,evaluate,WG,16.18,1,7.891804004212474
simultaneous_eeg_nirs,VP014,simultaneous_eeg_nirs__VP014__cnt_wg__prefrontal__w2,evaluate,BL,1.16,0,3.701144658053464
simultaneous_eeg_nirs,VP014,simultaneous_eeg_nirs__VP014__cnt_wg__prefrontal__w2,evaluate,BL,5.44,0,3.7569911675325875
simultaneous_eeg_nirs,VP014,simultaneous_eeg_nirs__VP014__cnt_wg__prefrontal__w2,evaluate,BL,20.0,0,5.0062606470605555
simultaneous_eeg_nirs,VP014,simultaneous_eeg_nirs__VP014__cnt_wg__prefrontal__w2,evaluate,BL,5.5,1,4.114965674488917
simultaneous_eeg_nirs,VP014,simultaneous_eeg_nirs__VP014__cnt_wg__prefrontal__w3,evaluate,WG,3.08,0,4.510563636459159
simultaneous_eeg_nirs,VP014,simultaneous_eeg_nirs__VP014__cnt_wg__prefrontal__w3,evaluate,WG,5.52,0,3.749644921645529
simultaneous_eeg_nirs,VP014,simultaneous_eeg_nirs__VP014__cnt_wg__prefrontal__w3,evaluate,WG,7.04,0,4.483835889235297
simultaneous_eeg_nirs,VP014,simultaneous_eeg_nirs__VP014__cnt_wg__prefrontal__w3,evaluate,WG,15.8,0,4.127349043429339
simultaneous_eeg_nirs,VP014,simultaneous_eeg_nirs__VP014__cnt_wg__prefrontal__w3,evaluate,WG,17.76,0,4.038580576092317
simultaneous_eeg_nirs,VP014,simultaneous_eeg_nirs__VP014__cnt_wg__prefrontal__w3,evaluate,WG,25.5,0,4.596775160945909
simultaneous_eeg_nirs,VP014,simultaneous_eeg_nirs__VP014__cnt_wg__prefrontal__w3,evaluate,WG,5.56,1,6.743538163098621
simultaneous_eeg_nirs,VP014,simultaneous_eeg_nirs__VP014__cnt_wg__prefrontal__w3,evaluate,WG,7.54,1,6.264094605693716
simultaneous_eeg_nirs,VP014,simultaneous_eeg_nirs__VP014__cnt_wg__prefrontal__w3,evaluate,WG,15.6,1,-6.638443107779322
simultaneous_eeg_nirs,VP014,simultaneous_eeg_nirs__VP014__cnt_wg__prefrontal__w3,evaluate,WG,17.68,1,-3.7087812364972796
simultaneous_eeg_nirs,VP014,simultaneous_eeg_nirs__VP014__cnt_wg__prefrontal__w4,evaluate,WG,3.02,0,4.967395338317384
simultaneous_eeg_nirs,VP014,simultaneous_eeg_nirs__VP014__cnt_wg__prefrontal__w4,evaluate,WG,7.76,0,4.0954679719320755
simultaneous_eeg_nirs,VP014,simultaneous_eeg_nirs__VP014__cnt_wg__prefrontal__w4,evaluate,WG,9.72,0,4.509636341581818
simultaneous_eeg_nirs,VP014,simultaneous_eeg_nirs__VP014__cnt_wg__prefrontal__w4,evaluate,WG,12.34,0,3.592376627602261
simultaneous_eeg_nirs,VP014,simultaneous_eeg_nirs__VP014__cnt_wg__prefrontal__w4,evaluate,WG,14.3,0,4.768444329815449
simultaneous_eeg_nirs,VP014,simultaneous_eeg_nirs__VP014__cnt_wg__prefrontal__w4,evaluate,WG,17.72,0,3.8199320994947623
simultaneous_eeg_nirs,VP014,simultaneous_eeg_nirs__VP014__cnt_wg__prefrontal__w4,evaluate,WG,23.5,0,3.767990451460962
simultaneous_eeg_nirs,VP014,simultaneous_eeg_nirs__VP014__cnt_wg__prefrontal__w4,evaluate,WG,12.26,1,-4.878341747340698
simultaneous_eeg_nirs,VP014,simultaneous_eeg_nirs__VP014__cnt_wg__prefrontal__w4,evaluate,WG,14.38,1,3.115722289099915
simultaneous_eeg_nirs,VP014,simultaneous_eeg_nirs__VP014__cnt_wg__prefrontal__w4,evaluate,WG,15.96,1,3.1513305861066896
simultaneous_eeg_nirs,VP014,simultaneous_eeg_nirs__VP014__cnt_wg__prefrontal__w5,evaluate,BL,3.9,0,4.3862345228483886
simultaneous_eeg_nirs,VP014,simultaneous_eeg_nirs__VP014__cnt_wg__prefrontal__w5,evaluate,BL,6.96,0,3.8557193325040426
simultaneous_eeg_nirs,VP014,simultaneous_eeg_nirs__VP014__cnt_wg__prefrontal__w5,evaluate,BL,10.12,0,3.9696029283223204
simultaneous_eeg_nirs,VP014,simultaneous_eeg_nirs__VP014__cnt_wg__prefrontal__w5,evaluate,BL,13.04,0,3.8978074259064903
simultaneous_eeg_nirs,VP014,simultaneous_eeg_nirs__VP014__cnt_wg__prefrontal__w5,evaluate,BL,14.44,0,3.7329638285580398
simultaneous_eeg_nirs,VP014,simultaneous_eeg_nirs__VP014__cnt_wg__prefrontal__w5,evaluate,BL,16.1,0,3.8462301067149443
simultaneous_eeg_nirs,VP014,simultaneous_eeg_nirs__VP014__cnt_wg__prefrontal__w5,evaluate,BL,26.12,0,3.4563642848339304
simultaneous_eeg_nirs,VP014,simultaneous_eeg_nirs__VP014__cnt_wg__prefrontal__w6,evaluate,WG,2.9,0,5.1607799578300275
simultaneous_eeg_nirs,VP014,simultaneous_eeg_nirs__VP014__cnt_wg__prefrontal__w6,evaluate,WG,5.92,0,4.679030339155427
simultaneous_eeg_nirs,VP014,simultaneous_eeg_nirs__VP014__cnt_wg__prefrontal__w6,evaluate,WG,8.7,0,4.800522896590914
simultaneous_eeg_nirs,VP014,simultaneous_eeg_nirs__VP014__cnt_wg__prefrontal__w6,evaluate,WG,10.74,0,4.793545853880381
simultaneous_eeg_nirs,VP014,simultaneous_eeg_nirs__VP014__cnt_wg__prefrontal__w6,evaluate,WG,16.16,0,4.566155922652273
simultaneous_eeg_nirs,VP014,simultaneous_eeg_nirs__VP014__cnt_wg__prefrontal__w6,evaluate,WG,17.86,0,3.2781713702266435
simultaneous_eeg_nirs,VP014,simultaneous_eeg_nirs__VP014__cnt_wg__prefrontal__w6,evaluate,WG,24.42,0,3.808084945845208
simultaneous_eeg_nirs,VP014,simultaneous_eeg_nirs__VP014__cnt_wg__prefrontal__w6,evaluate,WG,25.56,0,3.6076468519841765
simultaneous_eeg_nirs,VP014,simultaneous_eeg_nirs__VP014__cnt_wg__prefrontal__w6,evaluate,WG,29.4,0,3.1852334854378697
simultaneous_eeg_nirs,VP014,simultaneous_eeg_nirs__VP014__cnt_wg__prefrontal__w6,evaluate,WG,2.98,1,4.1818754449811495
simultaneous_eeg_nirs,VP014,simultaneous_eeg_nirs__VP014__cnt_wg__prefrontal__w6,evaluate,WG,9.42,1,-3.2450262701903485
simultaneous_eeg_nirs,VP014,simultaneous_eeg_nirs__VP014__cnt_wg__prefrontal__w6,evaluate,WG,10.12,1,-5.402300461862872
simultaneous_eeg_nirs,VP014,simultaneous_eeg_nirs__VP014__cnt_wg__prefrontal__w6,evaluate,WG,10.78,1,3.305920183496056
simultaneous_eeg_nirs,VP014,simultaneous_eeg_nirs__VP014__cnt_wg__prefrontal__w6,evaluate,WG,12.52,1,-3.0342408584922
simultaneous_eeg_nirs,VP014,simultaneous_eeg_nirs__VP014__cnt_wg__prefrontal__w6,evaluate,WG,14.52,1,3.576868179565503
simultaneous_eeg_nirs,VP014,simultaneous_eeg_nirs__VP014__cnt_wg__prefrontal__w6,evaluate,WG,16.28,1,8.109538276347168
simultaneous_eeg_nirs,VP014,simultaneous_eeg_nirs__VP014__cnt_wg__prefrontal__w6,evaluate,WG,17.22,1,-3.2145179617024042
simultaneous_eeg_nirs,VP014,simultaneous_eeg_nirs__VP014__cnt_wg__prefrontal__w7,evaluate,BL,1.68,0,3.711077310496416
simultaneous_eeg_nirs,VP014,simultaneous_eeg_nirs__VP014__cnt_wg__prefrontal__w7,evaluate,BL,3.42,0,3.4658614572660222
simultaneous_eeg_nirs,VP014,simultaneous_eeg_nirs__VP014__cnt_wg__prefrontal__w7,evaluate,BL,4.38,0,3.4532567890566597
simultaneous_eeg_nirs,VP014,simultaneous_eeg_nirs__VP014__cnt_wg__prefrontal__w7,evaluate,BL,13.12,0,3.5261282982914626
simultaneous_eeg_nirs,VP014,simultaneous_eeg_nirs__VP014__cnt_wg__prefrontal__w7,evaluate,BL,16.06,0,4.684693454874264
simultaneous_eeg_nirs,VP014,simultaneous_eeg_nirs__VP014__cnt_wg__prefrontal__w7,evaluate,BL,17.54,0,4.0261382471261795
simultaneous_eeg_nirs,VP014,simultaneous_eeg_nirs__VP014__cnt_wg__prefrontal__w7,evaluate,BL,23.92,0,3.7837452714432582
simultaneous_eeg_nirs,VP014,simultaneous_eeg_nirs__VP014__cnt_wg__prefrontal__w7,evaluate,BL,26.38,0,3.7190526886318938
simultaneous_eeg_nirs,VP014,simultaneous_eeg_nirs__VP014__cnt_wg__prefrontal__w7,evaluate,BL,13.0,1,-3.293468667475526
simultaneous_eeg_nirs,VP014,simultaneous_eeg_nirs__VP014__cnt_wg__prefrontal__w7,evaluate,BL,16.2,1,8.143348809989249
simultaneous_eeg_nirs,VP014,simultaneous_eeg_nirs__VP014__cnt_wg__prefrontal__w7,evaluate,BL,16.92,1,3.8368729180396572
simultaneous_eeg_nirs,VP014,simultaneous_eeg_nirs__VP014__cnt_wg__prefrontal__w7,evaluate,BL,17.66,1,4.572868968082396
simultaneous_eeg_nirs,VP015,simultaneous_eeg_nirs__VP015__cnt_wg__prefrontal__w0,train,BL,0.3,0,5.134009689652165
simultaneous_eeg_nirs,VP015,simultaneous_eeg_nirs__VP015__cnt_wg__prefrontal__w0,train,BL,3.02,0,4.089800982780243
simultaneous_eeg_nirs,VP015,simultaneous_eeg_nirs__VP015__cnt_wg__prefrontal__w0,train,BL,7.32,0,5.038723413178382
simultaneous_eeg_nirs,VP015,simultaneous_eeg_nirs__VP015__cnt_wg__prefrontal__w0,train,BL,9.26,0,5.184494932525725
simultaneous_eeg_nirs,VP015,simultaneous_eeg_nirs__VP015__cnt_wg__prefrontal__w0,train,BL,12.14,0,3.9196796269435037
simultaneous_eeg_nirs,VP015,simultaneous_eeg_nirs__VP015__cnt_wg__prefrontal__w0,train,BL,13.58,0,4.173366609025502
simultaneous_eeg_nirs,VP015,simultaneous_eeg_nirs__VP015__cnt_wg__prefrontal__w0,train,BL,14.92,0,4.0656620807058585
simultaneous_eeg_nirs,VP015,simultaneous_eeg_nirs__VP015__cnt_wg__prefrontal__w0,train,BL,17.26,0,3.5312610444649057
simultaneous_eeg_nirs,VP015,simultaneous_eeg_nirs__VP015__cnt_wg__prefrontal__w0,train,BL,18.22,0,3.5830788316578954
simultaneous_eeg_nirs,VP015,simultaneous_eeg_nirs__VP015__cnt_wg__prefrontal__w0,train,BL,18.78,0,3.180234424525506
simultaneous_eeg_nirs,VP015,simultaneous_eeg_nirs__VP015__cnt_wg__prefrontal__w0,train,BL,25.32,0,5.334719692916034
simultaneous_eeg_nirs,VP015,simultaneous_eeg_nirs__VP015__cnt_wg__prefrontal__w0,train,BL,25.94,0,3.369159448309408
simultaneous_eeg_nirs,VP015,simultaneous_eeg_nirs__VP015__cnt_wg__prefrontal__w0,train,BL,26.78,0,-3.2668902992394773
simultaneous_eeg_nirs,VP015,simultaneous_eeg_nirs__VP015__cnt_wg__prefrontal__w0,train,BL,27.96,0,-3.380123363018042
simultaneous_eeg_nirs,VP015,simultaneous_eeg_nirs__VP015__cnt_wg__prefrontal__w0,train,BL,28.54,0,3.815609418120549
simultaneous_eeg_nirs,VP015,simultaneous_eeg_nirs__VP015__cnt_wg__prefrontal__w0,train,BL,8.84,1,-3.9895048174840437
simultaneous_eeg_nirs,VP015,simultaneous_eeg_nirs__VP015__cnt_wg__prefrontal__w1,train,WG,6.14,0,4.264935754795438
simultaneous_eeg_nirs,VP015,simultaneous_eeg_nirs__VP015__cnt_wg__prefrontal__w1,train,WG,8.8,0,3.954421247856252
simultaneous_eeg_nirs,VP015,simultaneous_eeg_nirs__VP015__cnt_wg__prefrontal__w1,train,WG,13.64,0,4.150135908551971
simultaneous_eeg_nirs,VP015,simultaneous_eeg_nirs__VP015__cnt_wg__prefrontal__w1,train,WG,15.24,0,3.1205087768439745
simultaneous_eeg_nirs,VP015,simultaneous_eeg_nirs__VP015__cnt_wg__prefrontal__w1,train,WG,16.24,0,4.7774989814016555
simultaneous_eeg_nirs,VP015,simultaneous_eeg_nirs__VP015__cnt_wg__prefrontal__w1,train,WG,17.9,0,4.925687743254834
simultaneous_eeg_nirs,VP015,simultaneous_eeg_nirs__VP015__cnt_wg__prefrontal__w1,train,WG,19.5,0,4.796746579047974
simultaneous_eeg_nirs,VP015,simultaneous_eeg_nirs__VP015__cnt_wg__prefrontal__w1,train,WG,21.06,0,3.6230431786309167
simultaneous_eeg_nirs,VP015,simultaneous_eeg_nirs__VP015__cnt_wg__prefrontal__w1,train,WG,23.48,0,3.4039292939604753
simultaneous_eeg_nirs,VP015,simultaneous_eeg_nirs__VP015__cnt_wg__prefrontal__w1,train,WG,25.48,0,4.380721436859469
simultaneous_eeg_nirs,VP015,simultaneous_eeg_nirs__VP015__cnt_wg__prefrontal__w1,train,WG,26.26,0,3.5767411550713906
simultaneous_eeg_nirs,VP015,simultaneous_eeg_nirs__VP015__cnt_wg__prefrontal__w1,train,WG,27.5,0,4.355736861997831
simultaneous_eeg_nirs,VP015,simultaneous_eeg_nirs__VP015__cnt_wg__prefrontal__w1,train,WG,29.28,0,3.4866127411153496
simultaneous_eeg_nirs,VP015,simultaneous_eeg_nirs__VP015__cnt_wg__prefrontal__w2,train,WG,3.44,0,4.557863993828152
simultaneous_eeg_nirs,VP015,simultaneous_eeg_nirs__VP015__cnt_wg__prefrontal__w2,train,WG,6.18,0,3.4795806233185362
simultaneous_eeg_nirs,VP015,simultaneous_eeg_nirs__VP015__cnt_wg__prefrontal__w2,train,WG,13.78,0,4.0561999594206535
simultaneous_eeg_nirs,VP015,simultaneous_eeg_nirs__VP015__cnt_wg__prefrontal__w2,train,WG,16.1,0,3.8554804276819983
simultaneous_eeg_nirs,VP015,simultaneous_eeg_nirs__VP015__cnt_wg__prefrontal__w2,train,WG,19.78,0,4.44599564758549
simultaneous_eeg_nirs,VP015,simultaneous_eeg_nirs__VP015__cnt_wg__prefrontal__w2,train,WG,21.06,0,3.4818989984234663
simultaneous_eeg_nirs,VP015,simultaneous_eeg_nirs__VP015__cnt_wg__prefrontal__w2,train,WG,28.6,0,4.006045868890187
simultaneous_eeg_nirs,VP015,simultaneous_eeg_nirs__VP015__cnt_wg__prefrontal__w3,train,BL,0.44,0,3.1281723269347963
simultaneous_eeg_nirs,VP015,simultaneous_eeg_nirs__VP015__cnt_wg__prefrontal__w3,train,BL,5.0,0,3.8931887041898356
simultaneous_eeg_nirs,VP015,simultaneous_eeg_nirs__VP015__cnt_wg__prefrontal__w3,train,BL,7.0,0,3.1494359987114255
simultaneous_eeg_nirs,VP015,simultaneous_eeg_nirs__VP015__cnt_wg__prefrontal__w3,train,BL,10.28,0,4.113523267203718
simultaneous_eeg_nirs,VP015,simultaneous_eeg_nirs__VP015__cnt_wg__prefrontal__w3,train,BL,12.3,0,3.8663776893633335
simultaneous_eeg_nirs,VP015,simultaneous_eeg_nirs__VP015__cnt_wg__prefrontal__w3,train,BL,14.38,0,3.46512356967283
simultaneous_eeg_nirs,VP015,simultaneous_eeg_nirs__VP015__cnt_wg__prefrontal__w3,train,BL,17.84,0,4.462739771254698
simultaneous_eeg_nirs,VP015,simultaneous_eeg_nirs__VP015__cnt_wg__prefrontal__w3,train,BL,19.46,0,3.694151036954833
simultaneous_eeg_nirs,VP015,simultaneous_eeg_nirs__VP015__cnt_wg__prefrontal__w3,train,BL,21.26,0,4.682636668211634
simultaneous_eeg_nirs,VP015,simultaneous_eeg_nirs__VP015__cnt_wg__prefrontal__w3,train,BL,22.5,0,4.106128424840492
simultaneous_eeg_nirs,VP015,simultaneous_eeg_nirs__VP015__cnt_wg__prefrontal__w3,train,BL,23.7,0,3.2914398075813245
simultaneous_eeg_nirs,VP015,simultaneous_eeg_nirs__VP015__cnt_wg__prefrontal__w3,train,BL,25.72,0,3.0455351362203316
simultaneous_eeg_nirs,VP015,simultaneous_eeg_nirs__VP015__cnt_wg__prefrontal__w3,train,BL,28.32,0,3.8398329651099026
simultaneous_eeg_nirs,VP015,simultaneous_eeg_nirs__VP015__cnt_wg__prefrontal__w3,train,BL,8.6,1,-6.520592123322123
simultaneous_eeg_nirs,VP015,simultaneous_eeg_nirs__VP015__cnt_wg__prefrontal__w3,train,BL,10.68,1,-7.462098980024568
simultaneous_eeg_nirs,VP015,simultaneous_eeg_nirs__VP015__cnt_wg__prefrontal__w3,train,BL,11.78,1,7.796148827843966
simultaneous_eeg_nirs,VP015,simultaneous_eeg_nirs__VP015__cnt_wg__prefrontal__w3,train,BL,13.44,1,3.9833083141943617
simultaneous_eeg_nirs,VP015,simultaneous_eeg_nirs__VP015__cnt_wg__prefrontal__w4,train,WG,0.82,0,3.975554622804035
simultaneous_eeg_nirs,VP015,simultaneous_eeg_nirs__VP015__cnt_wg__prefrontal__w4,train,WG,4.82,0,3.7306546091527197
simultaneous_eeg_nirs,VP015,simultaneous_eeg_nirs__VP015__cnt_wg__prefrontal__w4,train,WG,5.52,0,-3.373237821326156
simultaneous_eeg_nirs,VP015,simultaneous_eeg_nirs__VP015__cnt_wg__prefrontal__w4,train,WG,9.94,0,3.7790951310482406
simultaneous_eeg_nirs,VP015,simultaneous_eeg_nirs__VP015__cnt_wg__prefrontal__w4,train,WG,13.0,0,3.2999149575563207
simultaneous_eeg_nirs,VP015,simultaneous_eeg_nirs__VP015__cnt_wg__prefrontal__w4,train,WG,14.7,0,3.9742699494327036
simultaneous_eeg_nirs,VP015,simultaneous_eeg_nirs__VP015__cnt_wg__prefrontal__w4,train,WG,16.48,0,-3.28970437790925
simultaneous_eeg_nirs,VP015,simultaneous_eeg_nirs__VP015__cnt_wg__prefrontal__w4,train,WG,27.94,0,3.1671029260660495
simultaneous_eeg_nirs,VP015,simultaneous_eeg_nirs__VP015__cnt_wg__prefrontal__w4,train,WG,23.3,1,3.7202799100307775
simultaneous_eeg_nirs,VP015,simultaneous_eeg_nirs__VP015__cnt_wg__prefrontal__w5,train,WG,6.4,0,4.006126937917941
simultaneous_eeg_nirs,VP015,simultaneous_eeg_nirs__VP015__cnt_wg__prefrontal__w5,train,WG,8.4,0,3.367293470144924
simultaneous_eeg_nirs,VP015,simultaneous_eeg_nirs__VP015__cnt_wg__prefrontal__w5,train,WG,10.66,0,3.693694469704556
simultaneous_eeg_nirs,VP015,simultaneous_eeg_nirs__VP015__cnt_wg__prefrontal__w5,train,WG,12.16,0,3.548845262169521
simultaneous_eeg_nirs,VP015,simultaneous_eeg_nirs__VP015__cnt_wg__prefrontal__w5,train,WG,14.1,0,4.030948913452597
simultaneous_eeg_nirs,VP015,simultaneous_eeg_nirs__VP015__cnt_wg__prefrontal__w5,train,WG,17.42,0,4.142679602458632
simultaneous_eeg_nirs,VP015,simultaneous_eeg_nirs__VP015__cnt_wg__prefrontal__w5,train,WG,25.14,0,4.730852960309537
simultaneous_eeg_nirs,VP015,simultaneous_eeg_nirs__VP015__cnt_wg__prefrontal__w5,train,WG,26.84,0,5.007194273857079
simultaneous_eeg_nirs,VP015,simultaneous_eeg_nirs__VP015__cnt_wg__prefrontal__w5,train,WG,28.0,0,3.0128019896704736
simultaneous_eeg_nirs,VP015,simultaneous_eeg_nirs__VP015__cnt_wg__prefrontal__w5,train,WG,13.04,1,4.046763886343541
simultaneous_eeg_nirs,VP015,simultaneous_eeg_nirs__VP015__cnt_wg__prefrontal__w6,train,WG,2.08,0,3.0969633192152575
simultaneous_eeg_nirs,VP015,simultaneous_eeg_nirs__VP015__cnt_wg__prefrontal__w6,train,WG,8.26,0,3.227083985903636
simultaneous_eeg_nirs,VP015,simultaneous_eeg_nirs__VP015__cnt_wg__prefrontal__w6,train,WG,12.7,0,3.10753500183021
simultaneous_eeg_nirs,VP015,simultaneous_eeg_nirs__VP015__cnt_wg__prefrontal__w6,train,WG,15.58,0,-3.128364723549568
simultaneous_eeg_nirs,VP015,simultaneous_eeg_nirs__VP015__cnt_wg__prefrontal__w6,train,WG,16.34,0,5.026055901197233
simultaneous_eeg_nirs,VP015,simultaneous_eeg_nirs__VP015__cnt_wg__prefrontal__w6,train,WG,25.1,0,4.558084420675881
simultaneous_eeg_nirs,VP015,simultaneous_eeg_nirs__VP015__cnt_wg__prefrontal__w6,train,WG,8.26,1,3.8736565101924794
simultaneous_eeg_nirs,VP015,simultaneous_eeg_nirs__VP015__cnt_wg__prefrontal__w6,train,WG,16.14,1,-3.4037304403924904
simultaneous_eeg_nirs,VP015,simultaneous_eeg_nirs__VP015__cnt_wg__prefrontal__w7,train,WG,6.0,0,3.6529969968215754
simultaneous_eeg_nirs,VP015,simultaneous_eeg_nirs__VP015__cnt_wg__prefrontal__w7,train,WG,7.62,0,4.348463260615954
simultaneous_eeg_nirs,VP015,simultaneous_eeg_nirs__VP015__cnt_wg__prefrontal__w7,train,WG,8.76,0,3.145938857778197
simultaneous_eeg_nirs,VP015,simultaneous_eeg_nirs__VP015__cnt_wg__prefrontal__w7,train,WG,16.42,0,3.4846371144850865
simultaneous_eeg_nirs,VP015,simultaneous_eeg_nirs__VP015__cnt_wg__prefrontal__w7,train,WG,23.62,0,-3.049642832236873
simultaneous_eeg_nirs,VP015,simultaneous_eeg_nirs__VP015__cnt_wg__prefrontal__w7,train,WG,14.4,1,-5.413310224891042
simultaneous_eeg_nirs,VP015,simultaneous_eeg_nirs__VP015__cnt_wg__prefrontal__w7,train,WG,22.38,1,4.127260330209938
simultaneous_eeg_nirs,VP016,simultaneous_eeg_nirs__VP016__cnt_wg__prefrontal__w0,evaluate,BL,1.6,0,5.774999075463691
simultaneous_eeg_nirs,VP016,simultaneous_eeg_nirs__VP016__cnt_wg__prefrontal__w0,evaluate,BL,5.36,0,3.5393395684500395
simultaneous_eeg_nirs,VP016,simultaneous_eeg_nirs__VP016__cnt_wg__prefrontal__w0,evaluate,BL,8.22,0,5.008347416112163
simultaneous_eeg_nirs,VP016,simultaneous_eeg_nirs__VP016__cnt_wg__prefrontal__w0,evaluate,BL,12.78,0,4.330546970711617
simultaneous_eeg_nirs,VP016,simultaneous_eeg_nirs__VP016__cnt_wg__prefrontal__w0,evaluate,BL,16.74,0,5.335215773508364
simultaneous_eeg_nirs,VP016,simultaneous_eeg_nirs__VP016__cnt_wg__prefrontal__w0,evaluate,BL,19.68,0,3.874911131805629
simultaneous_eeg_nirs,VP016,simultaneous_eeg_nirs__VP016__cnt_wg__prefrontal__w0,evaluate,BL,23.52,0,5.1979785474916
simultaneous_eeg_nirs,VP016,simultaneous_eeg_nirs__VP016__cnt_wg__prefrontal__w0,evaluate,BL,25.6,0,5.709274995152744
simultaneous_eeg_nirs,VP016,simultaneous_eeg_nirs__VP016__cnt_wg__prefrontal__w0,evaluate,BL,29.12,0,4.918660250098582
simultaneous_eeg_nirs,VP016,simultaneous_eeg_nirs__VP016__cnt_wg__prefrontal__w1,evaluate,WG,1.88,0,6.319946590781057
simultaneous_eeg_nirs,VP016,simultaneous_eeg_nirs__VP016__cnt_wg__prefrontal__w1,evaluate,WG,3.28,0,4.528391302271179
simultaneous_eeg_nirs,VP016,simultaneous_eeg_nirs__VP016__cnt_wg__prefrontal__w1,evaluate,WG,4.36,0,5.055939771558955
simultaneous_eeg_nirs,VP016,simultaneous_eeg_nirs__VP016__cnt_wg__prefrontal__w1,evaluate,WG,5.28,0,3.771624098946695
simultaneous_eeg_nirs,VP016,simultaneous_eeg_nirs__VP016__cnt_wg__prefrontal__w1,evaluate,WG,8.5,0,4.714939769120062
simultaneous_eeg_nirs,VP016,simultaneous_eeg_nirs__VP016__cnt_wg__prefrontal__w1,evaluate,WG,11.8,0,5.287240636051945
simultaneous_eeg_nirs,VP016,simultaneous_eeg_nirs__VP016__cnt_wg__prefrontal__w1,evaluate,WG,14.12,0,5.273589074172208
simultaneous_eeg_nirs,VP016,simultaneous_eeg_nirs__VP016__cnt_wg__prefrontal__w1,evaluate,WG,16.22,0,4.060177879605194
simultaneous_eeg_nirs,VP016,simultaneous_eeg_nirs__VP016__cnt_wg__prefrontal__w1,evaluate,WG,18.34,0,5.520914874119881
simultaneous_eeg_nirs,VP016,simultaneous_eeg_nirs__VP016__cnt_wg__prefrontal__w1,evaluate,WG,24.08,0,5.563825619165516
simultaneous_eeg_nirs,VP016,simultaneous_eeg_nirs__VP016__cnt_wg__prefrontal__w1,evaluate,WG,27.32,0,5.123750670324458
simultaneous_eeg_nirs,VP016,simultaneous_eeg_nirs__VP016__cnt_wg__prefrontal__w1,evaluate,WG,11.78,1,-4.895865319644787
simultaneous_eeg_nirs,VP016,simultaneous_eeg_nirs__VP016__cnt_wg__prefrontal__w1,evaluate,WG,18.3,1,-3.342861198445604
simultaneous_eeg_nirs,VP016,simultaneous_eeg_nirs__VP016__cnt_wg__prefrontal__w2,evaluate,WG,0.48,0,4.287372479625104
simultaneous_eeg_nirs,VP016,simultaneous_eeg_nirs__VP016__cnt_wg__prefrontal__w2,evaluate,WG,2.94,0,5.181332037758655
simultaneous_eeg_nirs,VP016,simultaneous_eeg_nirs__VP016__cnt_wg__prefrontal__w2,evaluate,WG,9.48,0,4.5235730784918955
simultaneous_eeg_nirs,VP016,simultaneous_eeg_nirs__VP016__cnt_wg__prefrontal__w2,evaluate,WG,12.4,0,5.709791667869413
simultaneous_eeg_nirs,VP016,simultaneous_eeg_nirs__VP016__cnt_wg__prefrontal__w2,evaluate,WG,13.96,0,4.71954450566467
simultaneous_eeg_nirs,VP016,simultaneous_eeg_nirs__VP016__cnt_wg__prefrontal__w2,evaluate,WG,16.06,0,4.485676676554545
simultaneous_eeg_nirs,VP016,simultaneous_eeg_nirs__VP016__cnt_wg__prefrontal__w2,evaluate,WG,22.64,0,6.116264301488348
simultaneous_eeg_nirs,VP016,simultaneous_eeg_nirs__VP016__cnt_wg__prefrontal__w2,evaluate,WG,26.96,0,3.9379306115564967
simultaneous_eeg_nirs,VP016,simultaneous_eeg_nirs__VP016__cnt_wg__prefrontal__w2,evaluate,WG,0.12,1,3.464026792816188
simultaneous_eeg_nirs,VP016,simultaneous_eeg_nirs__VP016__cnt_wg__prefrontal__w3,evaluate,WG,2.76,0,5.550651385153025
simultaneous_eeg_nirs,VP016,simultaneous_eeg_nirs__VP016__cnt_wg__prefrontal__w3,evaluate,WG,3.56,0,3.845798167779405
simultaneous_eeg_nirs,VP016,simultaneous_eeg_nirs__VP016__cnt_wg__prefrontal__w3,evaluate,WG,9.16,0,5.383545875448161
simultaneous_eeg_nirs,VP016,simultaneous_eeg_nirs__VP016__cnt_wg__prefrontal__w3,evaluate,WG,11.82,0,4.086648981742752
simultaneous_eeg_nirs,VP016,simultaneous_eeg_nirs__VP016__cnt_wg__prefrontal__w3,evaluate,WG,15.68,0,4.86126453362775
simultaneous_eeg_nirs,VP016,simultaneous_eeg_nirs__VP016__cnt_wg__prefrontal__w3,evaluate,WG,18.08,0,4.421845340867121
simultaneous_eeg_nirs,VP016,simultaneous_eeg_nirs__VP016__cnt_wg__prefrontal__w3,evaluate,WG,23.34,0,4.2384911968729915
simultaneous_eeg_nirs,VP016,simultaneous_eeg_nirs__VP016__cnt_wg__prefrontal__w3,evaluate,WG,26.22,0,6.847111157317397
simultaneous_eeg_nirs,VP016,simultaneous_eeg_nirs__VP016__cnt_wg__prefrontal__w3,evaluate,WG,28.56,0,4.784965215610648
simultaneous_eeg_nirs,VP016,simultaneous_eeg_nirs__VP016__cnt_wg__prefrontal__w4,evaluate,WG,2.64,0,4.699994715869558
simultaneous_eeg_nirs,VP016,simultaneous_eeg_nirs__VP016__cnt_wg__prefrontal__w4,evaluate,WG,3.48,0,5.370879362287674
simultaneous_eeg_nirs,VP016,simultaneous_eeg_nirs__VP016__cnt_wg__prefrontal__w4,evaluate,WG,5.24,0,5.2026328461945095
simultaneous_eeg_nirs,VP016,simultaneous_eeg_nirs__VP016__cnt_wg__prefrontal__w4,evaluate,WG,6.86,0,4.139802682579142
simultaneous_eeg_nirs,VP016,simultaneous_eeg_nirs__VP016__cnt_wg__prefrontal__w4,evaluate,WG,8.06,0,6.474514221853964
simultaneous_eeg_nirs,VP016,simultaneous_eeg_nirs__VP016__cnt_wg__prefrontal__w4,evaluate,WG,9.26,0,5.0666713774742
simultaneous_eeg_nirs,VP016,simultaneous_eeg_nirs__VP016__cnt_wg__prefrontal__w4,evaluate,WG,10.22,0,6.331300154930895
simultaneous_eeg_nirs,VP016,simultaneous_eeg_nirs__VP016__cnt_wg__prefrontal__w4,evaluate,WG,12.98,0,4.1024491677594765
simultaneous_eeg_nirs,VP016,simultaneous_eeg_nirs__VP016__cnt_wg__prefrontal__w4,evaluate,WG,15.18,0,5.275990700605622
simultaneous_eeg_nirs,VP016,simultaneous_eeg_nirs__VP016__cnt_wg__prefrontal__w4,evaluate,WG,16.44,0,4.991554899182816
simultaneous_eeg_nirs,VP016,simultaneous_eeg_nirs__VP016__cnt_wg__prefrontal__w4,evaluate,WG,17.32,0,5.26317387518334
simultaneous_eeg_nirs,VP016,simultaneous_eeg_nirs__VP016__cnt_wg__prefrontal__w4,evaluate,WG,20.92,0,3.0121233566546435
simultaneous_eeg_nirs,VP016,simultaneous_eeg_nirs__VP016__cnt_wg__prefrontal__w4,evaluate,WG,24.18,0,4.3072920809416315
simultaneous_eeg_nirs,VP016,simultaneous_eeg_nirs__VP016__cnt_wg__prefrontal__w4,evaluate,WG,9.24,1,-9.325534517322318
simultaneous_eeg_nirs,VP016,simultaneous_eeg_nirs__VP016__cnt_wg__prefrontal__w4,evaluate,WG,10.2,1,3.2587072912683146
simultaneous_eeg_nirs,VP016,simultaneous_eeg_nirs__VP016__cnt_wg__prefrontal__w4,evaluate,WG,16.1,1,3.048366956891667
simultaneous_eeg_nirs,VP016,simultaneous_eeg_nirs__VP016__cnt_wg__prefrontal__w5,evaluate,BL,0.62,0,4.016888900624565
simultaneous_eeg_nirs,VP016,simultaneous_eeg_nirs__VP016__cnt_wg__prefrontal__w5,evaluate,BL,4.14,0,5.332299187688029
simultaneous_eeg_nirs,VP016,simultaneous_eeg_nirs__VP016__cnt_wg__prefrontal__w5,evaluate,BL,9.94,0,5.22492304157252
simultaneous_eeg_nirs,VP016,simultaneous_eeg_nirs__VP016__cnt_wg__prefrontal__w5,evaluate,BL,13.76,0,4.886282548136746
simultaneous_eeg_nirs,VP016,simultaneous_eeg_nirs__VP016__cnt_wg__prefrontal__w5,evaluate,BL,15.88,0,5.754450061278136
simultaneous_eeg_nirs,VP016,simultaneous_eeg_nirs__VP016__cnt_wg__prefrontal__w5,evaluate,BL,17.82,0,4.625956580237505
simultaneous_eeg_nirs,VP016,simultaneous_eeg_nirs__VP016__cnt_wg__prefrontal__w5,evaluate,BL,19.22,0,5.348455302232292
simultaneous_eeg_nirs,VP016,simultaneous_eeg_nirs__VP016__cnt_wg__prefrontal__w5,evaluate,BL,22.46,0,3.965154257903409
simultaneous_eeg_nirs,VP016,simultaneous_eeg_nirs__VP016__cnt_wg__prefrontal__w5,evaluate,BL,25.7,0,4.896528704489256
simultaneous_eeg_nirs,VP016,simultaneous_eeg_nirs__VP016__cnt_wg__prefrontal__w6,evaluate,WG,2.64,0,3.447670517737558
simultaneous_eeg_nirs,VP016,simultaneous_eeg_nirs__VP016__cnt_wg__prefrontal__w6,evaluate,WG,3.2,0,6.4705558974718995
simultaneous_eeg_nirs,VP016,simultaneous_eeg_nirs__VP016__cnt_wg__prefrontal__w6,evaluate,WG,5.62,0,4.122235715116867
simultaneous_eeg_nirs,VP016,simultaneous_eeg_nirs__VP016__cnt_wg__prefrontal__w6,evaluate,WG,6.94,0,4.594952278150155
simultaneous_eeg_nirs,VP016,simultaneous_eeg_nirs__VP016__cnt_wg__prefrontal__w6,evaluate,WG,8.28,0,4.746590665371452
simultaneous_eeg_nirs,VP016,simultaneous_eeg_nirs__VP016__cnt_wg__prefrontal__w6,evaluate,WG,10.3,0,4.88444912099679
simultaneous_eeg_nirs,VP016,simultaneous_eeg_nirs__VP016__cnt_wg__prefrontal__w6,evaluate,WG,12.4,0,5.1734313257550255
simultaneous_eeg_nirs,VP016,simultaneous_eeg_nirs__VP016__cnt_wg__prefrontal__w6,evaluate,WG,14.12,0,4.374731123448759
simultaneous_eeg_nirs,VP016,simultaneous_eeg_nirs__VP016__cnt_wg__prefrontal__w6,evaluate,WG,15.64,0,5.133804648121581
simultaneous_eeg_nirs,VP016,simultaneous_eeg_nirs__VP016__cnt_wg__prefrontal__w6,evaluate,WG,17.42,0,6.196236055954109
simultaneous_eeg_nirs,VP016,simultaneous_eeg_nirs__VP016__cnt_wg__prefrontal__w6,evaluate,WG,24.06,0,5.4657053533511
simultaneous_eeg_nirs,VP016,simultaneous_eeg_nirs__VP016__cnt_wg__prefrontal__w6,evaluate,WG,26.1,0,5.789468908151127
simultaneous_eeg_nirs,VP016,simultaneous_eeg_nirs__VP016__cnt_wg__prefrontal__w6,evaluate,WG,27.06,0,4.968194172935021
simultaneous_eeg_nirs,VP016,simultaneous_eeg_nirs__VP016__cnt_wg__prefrontal__w6,evaluate,WG,29.3,0,4.337597460936175
simultaneous_eeg_nirs,VP016,simultaneous_eeg_nirs__VP016__cnt_wg__prefrontal__w6,evaluate,WG,3.28,1,-7.4804794846701785
simultaneous_eeg_nirs,VP016,simultaneous_eeg_nirs__VP016__cnt_wg__prefrontal__w6,evaluate,WG,6.92,1,-4.369047259230332
simultaneous_eeg_nirs,VP016,simultaneous_eeg_nirs__VP016__cnt_wg__prefrontal__w6,evaluate,WG,8.26,1,-3.7325933545900707
simultaneous_eeg_nirs,VP016,simultaneous_eeg_nirs__VP016__cnt_wg__prefrontal__w6,evaluate,WG,10.26,1,-5.087062002763945
simultaneous_eeg_nirs,VP016,simultaneous_eeg_nirs__VP016__cnt_wg__prefrontal__w6,evaluate,WG,16.88,1,-3.477884345057553
simultaneous_eeg_nirs,VP016,simultaneous_eeg_nirs__VP016__cnt_wg__prefrontal__w6,evaluate,WG,17.48,1,-4.260035115937211
simultaneous_eeg_nirs,VP016,simultaneous_eeg_nirs__VP016__cnt_wg__prefrontal__w7,evaluate,BL,1.1,0,5.19499932449506
simultaneous_eeg_nirs,VP016,simultaneous_eeg_nirs__VP016__cnt_wg__prefrontal__w7,evaluate,BL,3.02,0,4.946020137411751
simultaneous_eeg_nirs,VP016,simultaneous_eeg_nirs__VP016__cnt_wg__prefrontal__w7,evaluate,BL,4.64,0,4.690669799964344
simultaneous_eeg_nirs,VP016,simultaneous_eeg_nirs__VP016__cnt_wg__prefrontal__w7,evaluate,BL,10.4,0,6.390384738783719
simultaneous_eeg_nirs,VP016,simultaneous_eeg_nirs__VP016__cnt_wg__prefrontal__w7,evaluate,BL,15.78,0,5.248201048638946
simultaneous_eeg_nirs,VP016,simultaneous_eeg_nirs__VP016__cnt_wg__prefrontal__w7,evaluate,BL,18.26,0,5.190765608682419
simultaneous_eeg_nirs,VP016,simultaneous_eeg_nirs__VP016__cnt_wg__prefrontal__w7,evaluate,BL,22.26,0,4.573330592086014
simultaneous_eeg_nirs,VP016,simultaneous_eeg_nirs__VP016__cnt_wg__prefrontal__w7,evaluate,BL,24.0,0,4.894806383867642
simultaneous_eeg_nirs,VP017,simultaneous_eeg_nirs__VP017__cnt_wg__prefrontal__w0,train,WG,2.78,0,-3.760038094698407
simultaneous_eeg_nirs,VP017,simultaneous_eeg_nirs__VP017__cnt_wg__prefrontal__w0,train,WG,3.76,0,-3.463648689255216
simultaneous_eeg_nirs,VP017,simultaneous_eeg_nirs__VP017__cnt_wg__prefrontal__w0,train,WG,4.4,0,-3.2441241095903233
simultaneous_eeg_nirs,VP017,simultaneous_eeg_nirs__VP017__cnt_wg__prefrontal__w0,train,WG,6.28,0,-4.599714452437351
simultaneous_eeg_nirs,VP017,simultaneous_eeg_nirs__VP017__cnt_wg__prefrontal__w0,train,WG,7.2,0,-3.4965334324105344
simultaneous_eeg_nirs,VP017,simultaneous_eeg_nirs__VP017__cnt_wg__prefrontal__w0,train,WG,8.12,0,-3.093959232851321
simultaneous_eeg_nirs,VP017,simultaneous_eeg_nirs__VP017__cnt_wg__prefrontal__w0,train,WG,11.32,0,-3.3484955922459063
simultaneous_eeg_nirs,VP017,simultaneous_eeg_nirs__VP017__cnt_wg__prefrontal__w0,train,WG,12.84,0,-3.021457153585723
simultaneous_eeg_nirs,VP017,simultaneous_eeg_nirs__VP017__cnt_wg__prefrontal__w0,train,WG,23.4,0,-3.4586792595182243
simultaneous_eeg_nirs,VP017,simultaneous_eeg_nirs__VP017__cnt_wg__prefrontal__w0,train,WG,25.96,0,-4.157296288753825
simultaneous_eeg_nirs,VP017,simultaneous_eeg_nirs__VP017__cnt_wg__prefrontal__w0,train,WG,26.58,0,-3.578821871932203
simultaneous_eeg_nirs,VP017,simultaneous_eeg_nirs__VP017__cnt_wg__prefrontal__w0,train,WG,29.28,0,-5.807076081449352
simultaneous_eeg_nirs,VP017,simultaneous_eeg_nirs__VP017__cnt_wg__prefrontal__w0,train,WG,9.82,1,3.486564893051134
simultaneous_eeg_nirs,VP017,simultaneous_eeg_nirs__VP017__cnt_wg__prefrontal__w0,train,WG,19.66,1,5.977927767739496
simultaneous_eeg_nirs,VP017,simultaneous_eeg_nirs__VP017__cnt_wg__prefrontal__w0,train,WG,20.36,1,-12.451799962303461
simultaneous_eeg_nirs,VP017,simultaneous_eeg_nirs__VP017__cnt_wg__prefrontal__w0,train,WG,21.0,1,18.56094551978724
simultaneous_eeg_nirs,VP017,simultaneous_eeg_nirs__VP017__cnt_wg__prefrontal__w0,train,WG,22.4,1,-6.6776642826477035
simultaneous_eeg_nirs,VP017,simultaneous_eeg_nirs__VP017__cnt_wg__prefrontal__w0,train,WG,23.4,1,3.4509905688457216
simultaneous_eeg_nirs,VP017,simultaneous_eeg_nirs__VP017__cnt_wg__prefrontal__w0,train,WG,24.18,1,3.539835019062786
simultaneous_eeg_nirs,VP017,simultaneous_eeg_nirs__VP017__cnt_wg__prefrontal__w0,train,WG,24.7,1,-3.9840181289887355
simultaneous_eeg_nirs,VP017,simultaneous_eeg_nirs__VP017__cnt_wg__prefrontal__w0,train,WG,25.9,1,12.535383441704386
simultaneous_eeg_nirs,VP017,simultaneous_eeg_nirs__VP017__cnt_wg__prefrontal__w0,train,WG,26.48,1,-10.954402285715545
simultaneous_eeg_nirs,VP017,simultaneous_eeg_nirs__VP017__cnt_wg__prefrontal__w1,train,WG,2.32,0,3.3372733499307
simultaneous_eeg_nirs,VP017,simultaneous_eeg_nirs__VP017__cnt_wg__prefrontal__w1,train,WG,5.3,0,-3.478594458419866
simultaneous_eeg_nirs,VP017,simultaneous_eeg_nirs__VP017__cnt_wg__prefrontal__w1,train,WG,9.74,0,-3.4592872294446915
simultaneous_eeg_nirs,VP017,simultaneous_eeg_nirs__VP017__cnt_wg__prefrontal__w1,train,WG,12.34,0,-24.96237472427286
simultaneous_eeg_nirs,VP017,simultaneous_eeg_nirs__VP017__cnt_wg__prefrontal__w1,train,WG,13.68,0,-6.385210196351004
simultaneous_eeg_nirs,VP017,simultaneous_eeg_nirs__VP017__cnt_wg__prefrontal__w1,train,WG,14.4,0,-3.9219660798831675
simultaneous_eeg_nirs,VP017,simultaneous_eeg_nirs__VP017__cnt_wg__prefrontal__w1,train,WG,16.2,0,3.211817782625704
simultaneous_eeg_nirs,VP017,simultaneous_eeg_nirs__VP017__cnt_wg__prefrontal__w1,train,WG,27.96,0,4.086605459724804
simultaneous_eeg_nirs,VP017,simultaneous_eeg_nirs__VP017__cnt_wg__prefrontal__w1,train,WG,0.64,1,-4.434070014438578
simultaneous_eeg_nirs,VP017,simultaneous_eeg_nirs__VP017__cnt_wg__prefrontal__w1,train,WG,1.46,1,-8.294439577339297
simultaneous_eeg_nirs,VP017,simultaneous_eeg_nirs__VP017__cnt_wg__prefrontal__w1,train,WG,2.28,1,12.503614006299648
simultaneous_eeg_nirs,VP017,simultaneous_eeg_nirs__VP017__cnt_wg__prefrontal__w1,train,WG,18.1,1,3.246799224297045
simultaneous_eeg_nirs,VP017,simultaneous_eeg_nirs__VP017__cnt_wg__prefrontal__w1,train,WG,21.72,1,3.660971950353508
simultaneous_eeg_nirs,VP017,simultaneous_eeg_nirs__VP017__cnt_wg__prefrontal__w1,train,WG,24.0,1,-3.0448681182637665
simultaneous_eeg_nirs,VP017,simultaneous_eeg_nirs__VP017__cnt_wg__prefrontal__w1,train,WG,25.14,1,3.0979976845423236
simultaneous_eeg_nirs,VP017,simultaneous_eeg_nirs__VP017__cnt_wg__prefrontal__w1,train,WG,26.08,1,-3.49748206899924
simultaneous_eeg_nirs,VP017,simultaneous_eeg_nirs__VP017__cnt_wg__prefrontal__w1,train,WG,27.88,1,8.695357245598444
simultaneous_eeg_nirs,VP017,simultaneous_eeg_nirs__VP017__cnt_wg__prefrontal__w1,train,WG,29.14,1,9.917845633235068
simultaneous_eeg_nirs,VP017,simultaneous_eeg_nirs__VP017__cnt_wg__prefrontal__w1,train,WG,29.96,1,-5.1408519899868
simultaneous_eeg_nirs,VP017,simultaneous_eeg_nirs__VP017__cnt_wg__prefrontal__w2,train,BL,1.68,0,4.472241099612117
simultaneous_eeg_nirs,VP017,simultaneous_eeg_nirs__VP017__cnt_wg__prefrontal__w2,train,BL,2.86,0,3.287011545495181
simultaneous_eeg_nirs,VP017,simultaneous_eeg_nirs__VP017__cnt_wg__prefrontal__w2,train,BL,5.68,0,3.651402147507105
simultaneous_eeg_nirs,VP017,simultaneous_eeg_nirs__VP017__cnt_wg__prefrontal__w2,train,BL,8.12,0,-7.1492251449044675
simultaneous_eeg_nirs,VP017,simultaneous_eeg_nirs__VP017__cnt_wg__prefrontal__w2,train,BL,8.9,0,3.0438045936129496
simultaneous_eeg_nirs,VP017,simultaneous_eeg_nirs__VP017__cnt_wg__prefrontal__w2,train,BL,9.44,0,-13.55928816457725
simultaneous_eeg_nirs,VP017,simultaneous_eeg_nirs__VP017__cnt_wg__prefrontal__w2,train,BL,10.06,0,3.6417427690273243
simultaneous_eeg_nirs,VP017,simultaneous_eeg_nirs__VP017__cnt_wg__prefrontal__w2,train,BL,13.2,0,-3.650134640291087
simultaneous_eeg_nirs,VP017,simultaneous_eeg_nirs__VP017__cnt_wg__prefrontal__w2,train,BL,15.7,0,-4.617683000170438
simultaneous_eeg_nirs,VP017,simultaneous_eeg_nirs__VP017__cnt_wg__prefrontal__w2,train,BL,17.04,0,-3.8283556750069554
simultaneous_eeg_nirs,VP017,simultaneous_eeg_nirs__VP017__cnt_wg__prefrontal__w2,train,BL,17.8,0,-4.487327665116058
simultaneous_eeg_nirs,VP017,simultaneous_eeg_nirs__VP017__cnt_wg__prefrontal__w2,train,BL,18.38,0,-3.068130514137241
simultaneous_eeg_nirs,VP017,simultaneous_eeg_nirs__VP017__cnt_wg__prefrontal__w2,train,BL,18.98,0,-3.1797720056310355
simultaneous_eeg_nirs,VP017,simultaneous_eeg_nirs__VP017__cnt_wg__prefrontal__w2,train,BL,19.84,0,-3.0412357766510194
simultaneous_eeg_nirs,VP017,simultaneous_eeg_nirs__VP017__cnt_wg__prefrontal__w2,train,BL,23.46,0,-6.880067457406188
simultaneous_eeg_nirs,VP017,simultaneous_eeg_nirs__VP017__cnt_wg__prefrontal__w2,train,BL,24.64,0,-3.502537209177041
simultaneous_eeg_nirs,VP017,simultaneous_eeg_nirs__VP017__cnt_wg__prefrontal__w2,train,BL,25.36,0,-4.440658292215598
simultaneous_eeg_nirs,VP017,simultaneous_eeg_nirs__VP017__cnt_wg__prefrontal__w2,train,BL,26.2,0,-6.44604390379323
simultaneous_eeg_nirs,VP017,simultaneous_eeg_nirs__VP017__cnt_wg__prefrontal__w2,train,BL,26.88,0,-4.787582447025415
simultaneous_eeg_nirs,VP017,simultaneous_eeg_nirs__VP017__cnt_wg__prefrontal__w2,train,BL,27.44,0,-4.134479809306954
simultaneous_eeg_nirs,VP017,simultaneous_eeg_nirs__VP017__cnt_wg__prefrontal__w2,train,BL,28.86,0,-4.882490987437413
simultaneous_eeg_nirs,VP017,simultaneous_eeg_nirs__VP017__cnt_wg__prefrontal__w2,train,BL,29.86,0,-3.5592128277711064
simultaneous_eeg_nirs,VP017,simultaneous_eeg_nirs__VP017__cnt_wg__prefrontal__w2,train,BL,1.64,1,11.02670543501533
simultaneous_eeg_nirs,VP017,simultaneous_eeg_nirs__VP017__cnt_wg__prefrontal__w2,train,BL,2.36,1,4.176320749489134
simultaneous_eeg_nirs,VP017,simultaneous_eeg_nirs__VP017__cnt_wg__prefrontal__w2,train,BL,2.88,1,-8.527517755877215
simultaneous_eeg_nirs,VP017,simultaneous_eeg_nirs__VP017__cnt_wg__prefrontal__w2,train,BL,4.38,1,-3.1026524313236137
simultaneous_eeg_nirs,VP017,simultaneous_eeg_nirs__VP017__cnt_wg__prefrontal__w2,train,BL,5.64,1,5.910023995274672
simultaneous_eeg_nirs,VP017,simultaneous_eeg_nirs__VP017__cnt_wg__prefrontal__w2,train,BL,7.36,1,4.247730650265043
simultaneous_eeg_nirs,VP017,simultaneous_eeg_nirs__VP017__cnt_wg__prefrontal__w2,train,BL,8.06,1,-3.281886387678093
simultaneous_eeg_nirs,VP017,simultaneous_eeg_nirs__VP017__cnt_wg__prefrontal__w2,train,BL,8.92,1,-6.897034293010674
simultaneous_eeg_nirs,VP017,simultaneous_eeg_nirs__VP017__cnt_wg__prefrontal__w2,train,BL,9.48,1,6.6905501478214395
simultaneous_eeg_nirs,VP017,simultaneous_eeg_nirs__VP017__cnt_wg__prefrontal__w2,train,BL,10.5,1,3.2221712442295374
simultaneous_eeg_nirs,VP017,simultaneous_eeg_nirs__VP017__cnt_wg__prefrontal__w2,train,BL,11.42,1,5.5764604124047965
simultaneous_eeg_nirs,VP017,simultaneous_eeg_nirs__VP017__cnt_wg__prefrontal__w2,train,BL,12.18,1,-3.1472051521433566
simultaneous_eeg_nirs,VP017,simultaneous_eeg_nirs__VP017__cnt_wg__prefrontal__w2,train,BL,13.14,1,-9.460275455023938
simultaneous_eeg_nirs,VP017,simultaneous_eeg_nirs__VP017__cnt_wg__prefrontal__w2,train,BL,15.06,1,4.444218427897482
simultaneous_eeg_nirs,VP017,simultaneous_eeg_nirs__VP017__cnt_wg__prefrontal__w2,train,BL,16.98,1,3.3866356677552485
simultaneous_eeg_nirs,VP017,simultaneous_eeg_nirs__VP017__cnt_wg__prefrontal__w2,train,BL,19.88,1,4.174823257168619
simultaneous_eeg_nirs,VP017,simultaneous_eeg_nirs__VP017__cnt_wg__prefrontal__w2,train,BL,20.58,1,3.8869139130155
simultaneous_eeg_nirs,VP017,simultaneous_eeg_nirs__VP017__cnt_wg__prefrontal__w2,train,BL,22.58,1,-3.8105243571076506
simultaneous_eeg_nirs,VP017,simultaneous_eeg_nirs__VP017__cnt_wg__prefrontal__w2,train,BL,24.6,1,-4.503218943591453
simultaneous_eeg_nirs,VP017,simultaneous_eeg_nirs__VP017__cnt_wg__prefrontal__w2,train,BL,25.64,1,5.172855012470485
simultaneous_eeg_nirs,VP017,simultaneous_eeg_nirs__VP017__cnt_wg__prefrontal__w2,train,BL,26.2,1,3.884028423928233
simultaneous_eeg_nirs,VP017,simultaneous_eeg_nirs__VP017__cnt_wg__prefrontal__w2,train,BL,26.82,1,-12.22359170978557
simultaneous_eeg_nirs,VP017,simultaneous_eeg_nirs__VP017__cnt_wg__prefrontal__w2,train,BL,29.82,1,-3.374588705168825
simultaneous_eeg_nirs,VP017,simultaneous_eeg_nirs__VP017__cnt_wg__prefrontal__w3,train,BL,0.36,0,-4.473954013229139
simultaneous_eeg_nirs,VP017,simultaneous_eeg_nirs__VP017__cnt_wg__prefrontal__w3,train,BL,2.78,0,-3.5404285839697955
simultaneous_eeg_nirs,VP017,simultaneous_eeg_nirs__VP017__cnt_wg__prefrontal__w3,train,BL,8.52,0,-3.4444317589152353
simultaneous_eeg_nirs,VP017,simultaneous_eeg_nirs__VP017__cnt_wg__prefrontal__w3,train,BL,9.16,0,-5.820395807973032
simultaneous_eeg_nirs,VP017,simultaneous_eeg_nirs__VP017__cnt_wg__prefrontal__w3,train,BL,11.24,0,-3.232427595630979
simultaneous_eeg_nirs,VP017,simultaneous_eeg_nirs__VP017__cnt_wg__prefrontal__w3,train,BL,12.24,0,-3.5295680389090225
simultaneous_eeg_nirs,VP017,simultaneous_eeg_nirs__VP017__cnt_wg__prefrontal__w3,train,BL,12.76,0,-4.132814846368008
simultaneous_eeg_nirs,VP017,simultaneous_eeg_nirs__VP017__cnt_wg__prefrontal__w3,train,BL,17.58,0,-3.8265342108724747
simultaneous_eeg_nirs,VP017,simultaneous_eeg_nirs__VP017__cnt_wg__prefrontal__w3,train,BL,18.22,0,-3.862587440878036
simultaneous_eeg_nirs,VP017,simultaneous_eeg_nirs__VP017__cnt_wg__prefrontal__w3,train,BL,23.38,0,-7.345585942992243
simultaneous_eeg_nirs,VP017,simultaneous_eeg_nirs__VP017__cnt_wg__prefrontal__w3,train,BL,24.64,0,-18.233412421284335
simultaneous_eeg_nirs,VP017,simultaneous_eeg_nirs__VP017__cnt_wg__prefrontal__w3,train,BL,25.24,0,6.214862955995526
simultaneous_eeg_nirs,VP017,simultaneous_eeg_nirs__VP017__cnt_wg__prefrontal__w3,train,BL,25.86,0,-6.769398115275019
simultaneous_eeg_nirs,VP017,simultaneous_eeg_nirs__VP017__cnt_wg__prefrontal__w3,train,BL,26.66,0,3.513305033314057
simultaneous_eeg_nirs,VP017,simultaneous_eeg_nirs__VP017__cnt_wg__prefrontal__w3,train,BL,27.2,0,-9.6401391692791
simultaneous_eeg_nirs,VP017,simultaneous_eeg_nirs__VP017__cnt_wg__prefrontal__w3,train,BL,28.36,0,3.20020665410896
simultaneous_eeg_nirs,VP017,simultaneous_eeg_nirs__VP017__cnt_wg__prefrontal__w3,train,BL,5.6,1,4.348054511099709
simultaneous_eeg_nirs,VP017,simultaneous_eeg_nirs__VP017__cnt_wg__prefrontal__w3,train,BL,9.08,1,-4.4946452458240005
simultaneous_eeg_nirs,VP017,simultaneous_eeg_nirs__VP017__cnt_wg__prefrontal__w3,train,BL,9.64,1,6.485216148906037
simultaneous_eeg_nirs,VP017,simultaneous_eeg_nirs__VP017__cnt_wg__prefrontal__w3,train,BL,10.46,1,-9.587241980814705
simultaneous_eeg_nirs,VP017,simultaneous_eeg_nirs__VP017__cnt_wg__prefrontal__w3,train,BL,12.28,1,3.041761932208526
simultaneous_eeg_nirs,VP017,simultaneous_eeg_nirs__VP017__cnt_wg__prefrontal__w3,train,BL,24.54,1,9.52776817175527
simultaneous_eeg_nirs,VP017,simultaneous_eeg_nirs__VP017__cnt_wg__prefrontal__w3,train,BL,25.08,1,-12.746914249845787
simultaneous_eeg_nirs,VP017,simultaneous_eeg_nirs__VP017__cnt_wg__prefrontal__w3,train,BL,25.78,1,-9.274922328889858
simultaneous_eeg_nirs,VP017,simultaneous_eeg_nirs__VP017__cnt_wg__prefrontal__w3,train,BL,26.32,1,15.105000260776677
simultaneous_eeg_nirs,VP017,simultaneous_eeg_nirs__VP017__cnt_wg__prefrontal__w3,train,BL,27.34,1,-14.62302995890492
simultaneous_eeg_nirs,VP017,simultaneous_eeg_nirs__VP017__cnt_wg__prefrontal__w3,train,BL,27.9,1,4.016002119656635
simultaneous_eeg_nirs,VP017,simultaneous_eeg_nirs__VP017__cnt_wg__prefrontal__w4,train,BL,8.86,0,3.2701299976878246
simultaneous_eeg_nirs,VP017,simultaneous_eeg_nirs__VP017__cnt_wg__prefrontal__w4,train,BL,14.3,0,-3.164051081370197
simultaneous_eeg_nirs,VP017,simultaneous_eeg_nirs__VP017__cnt_wg__prefrontal__w4,train,BL,15.32,0,-3.3813364769350716
simultaneous_eeg_nirs,VP017,simultaneous_eeg_nirs__VP017__cnt_wg__prefrontal__w4,train,BL,20.22,0,-3.962352017790235
simultaneous_eeg_nirs,VP017,simultaneous_eeg_nirs__VP017__cnt_wg__prefrontal__w4,train,BL,21.08,0,-3.1749893847866404
simultaneous_eeg_nirs,VP017,simultaneous_eeg_nirs__VP017__cnt_wg__prefrontal__w4,train,BL,23.48,0,-5.013332775837336
simultaneous_eeg_nirs,VP017,simultaneous_eeg_nirs__VP017__cnt_wg__prefrontal__w4,train,BL,24.36,0,-20.41457622495765
simultaneous_eeg_nirs,VP017,simultaneous_eeg_nirs__VP017__cnt_wg__prefrontal__w4,train,BL,25.0,0,4.122953755274563
simultaneous_eeg_nirs,VP017,simultaneous_eeg_nirs__VP017__cnt_wg__prefrontal__w4,train,BL,0.1,1,-5.425600023421198
simultaneous_eeg_nirs,VP017,simultaneous_eeg_nirs__VP017__cnt_wg__prefrontal__w4,train,BL,2.14,1,13.070206436558706
simultaneous_eeg_nirs,VP017,simultaneous_eeg_nirs__VP017__cnt_wg__prefrontal__w4,train,BL,2.96,1,-7.438168489143878
simultaneous_eeg_nirs,VP017,simultaneous_eeg_nirs__VP017__cnt_wg__prefrontal__w4,train,BL,4.3,1,-7.864241517379347
simultaneous_eeg_nirs,VP017,simultaneous_eeg_nirs__VP017__cnt_wg__prefrontal__w4,train,BL,5.62,1,4.119208578636068
simultaneous_eeg_nirs,VP017,simultaneous_eeg_nirs__VP017__cnt_wg__prefrontal__w4,train,BL,6.26,1,-4.596301278876294
simultaneous_eeg_nirs,VP017,simultaneous_eeg_nirs__VP017__cnt_wg__prefrontal__w4,train,BL,7.0,1,5.976965668981497
simultaneous_eeg_nirs,VP017,simultaneous_eeg_nirs__VP017__cnt_wg__prefrontal__w4,train,BL,7.9,1,-4.31493411463274
simultaneous_eeg_nirs,VP017,simultaneous_eeg_nirs__VP017__cnt_wg__prefrontal__w4,train,BL,8.94,1,-9.2201729541079
simultaneous_eeg_nirs,VP017,simultaneous_eeg_nirs__VP017__cnt_wg__prefrontal__w4,train,BL,9.98,1,16.58510794121933
simultaneous_eeg_nirs,VP017,simultaneous_eeg_nirs__VP017__cnt_wg__prefrontal__w4,train,BL,10.48,1,5.536062246264553
simultaneous_eeg_nirs,VP017,simultaneous_eeg_nirs__VP017__cnt_wg__prefrontal__w4,train,BL,15.72,1,-5.417362654391625
simultaneous_eeg_nirs,VP017,simultaneous_eeg_nirs__VP017__cnt_wg__prefrontal__w4,train,BL,17.56,1,7.934264938744334
simultaneous_eeg_nirs,VP017,simultaneous_eeg_nirs__VP017__cnt_wg__prefrontal__w4,train,BL,21.38,1,4.703161855298106
simultaneous_eeg_nirs,VP017,simultaneous_eeg_nirs__VP017__cnt_wg__prefrontal__w4,train,BL,22.6,1,-3.334110192434548
simultaneous_eeg_nirs,VP017,simultaneous_eeg_nirs__VP017__cnt_wg__prefrontal__w4,train,BL,23.88,1,6.1265467188924205
simultaneous_eeg_nirs,VP017,simultaneous_eeg_nirs__VP017__cnt_wg__prefrontal__w4,train,BL,24.5,1,-12.236576514716274
simultaneous_eeg_nirs,VP017,simultaneous_eeg_nirs__VP017__cnt_wg__prefrontal__w4,train,BL,25.28,1,-5.444597010242447
simultaneous_eeg_nirs,VP017,simultaneous_eeg_nirs__VP017__cnt_wg__prefrontal__w4,train,BL,25.92,1,3.1645398711129125
simultaneous_eeg_nirs,VP017,simultaneous_eeg_nirs__VP017__cnt_wg__prefrontal__w4,train,BL,28.16,1,8.155962912290493
simultaneous_eeg_nirs,VP017,simultaneous_eeg_nirs__VP017__cnt_wg__prefrontal__w4,train,BL,29.7,1,-4.031744852173244
simultaneous_eeg_nirs,VP017,simultaneous_eeg_nirs__VP017__cnt_wg__prefrontal__w5,train,WG,3.4,0,3.086863101136591
simultaneous_eeg_nirs,VP017,simultaneous_eeg_nirs__VP017__cnt_wg__prefrontal__w5,train,WG,18.44,0,-3.2337212805360487
simultaneous_eeg_nirs,VP017,simultaneous_eeg_nirs__VP017__cnt_wg__prefrontal__w5,train,WG,20.7,0,-3.66769811423739
simultaneous_eeg_nirs,VP017,simultaneous_eeg_nirs__VP017__cnt_wg__prefrontal__w5,train,WG,28.34,0,-4.60786196892216
simultaneous_eeg_nirs,VP017,simultaneous_eeg_nirs__VP017__cnt_wg__prefrontal__w5,train,WG,3.38,1,3.89229251597399
simultaneous_eeg_nirs,VP017,simultaneous_eeg_nirs__VP017__cnt_wg__prefrontal__w5,train,WG,10.8,1,5.435016205615548
simultaneous_eeg_nirs,VP017,simultaneous_eeg_nirs__VP017__cnt_wg__prefrontal__w5,train,WG,12.62,1,3.0207312048779635
simultaneous_eeg_nirs,VP017,simultaneous_eeg_nirs__VP017__cnt_wg__prefrontal__w5,train,WG,13.26,1,3.469437130102454
simultaneous_eeg_nirs,VP017,simultaneous_eeg_nirs__VP017__cnt_wg__prefrontal__w5,train,WG,16.38,1,7.153576635097606
simultaneous_eeg_nirs,VP017,simultaneous_eeg_nirs__VP017__cnt_wg__prefrontal__w6,train,BL,6.88,0,-3.905097837828871
simultaneous_eeg_nirs,VP017,simultaneous_eeg_nirs__VP017__cnt_wg__prefrontal__w6,train,BL,7.6,0,-4.624497757980082
simultaneous_eeg_nirs,VP017,simultaneous_eeg_nirs__VP017__cnt_wg__prefrontal__w6,train,BL,9.86,0,-4.0323631261111625
simultaneous_eeg_nirs,VP017,simultaneous_eeg_nirs__VP017__cnt_wg__prefrontal__w6,train,BL,15.38,0,-3.3903921958407537
simultaneous_eeg_nirs,VP017,simultaneous_eeg_nirs__VP017__cnt_wg__prefrontal__w6,train,BL,23.7,0,-3.4696513028535336
simultaneous_eeg_nirs,VP017,simultaneous_eeg_nirs__VP017__cnt_wg__prefrontal__w6,train,BL,28.64,0,-3.5119683711829137
simultaneous_eeg_nirs,VP017,simultaneous_eeg_nirs__VP017__cnt_wg__prefrontal__w6,train,BL,29.74,0,-4.56054344370034
simultaneous_eeg_nirs,VP017,simultaneous_eeg_nirs__VP017__cnt_wg__prefrontal__w6,train,BL,0.84,1,-3.3096275126187855
simultaneous_eeg_nirs,VP017,simultaneous_eeg_nirs__VP017__cnt_wg__prefrontal__w6,train,BL,5.62,1,-4.666437668654317
simultaneous_eeg_nirs,VP017,simultaneous_eeg_nirs__VP017__cnt_wg__prefrontal__w7,train,WG,4.44,0,-5.538616737264616
simultaneous_eeg_nirs,VP017,simultaneous_eeg_nirs__VP017__cnt_wg__prefrontal__w7,train,WG,5.76,0,-4.487652418518904
simultaneous_eeg_nirs,VP017,simultaneous_eeg_nirs__VP017__cnt_wg__prefrontal__w7,train,WG,8.74,0,-3.7052519107453614
simultaneous_eeg_nirs,VP017,simultaneous_eeg_nirs__VP017__cnt_wg__prefrontal__w7,train,WG,9.82,0,-5.12635217086862
simultaneous_eeg_nirs,VP017,simultaneous_eeg_nirs__VP017__cnt_wg__prefrontal__w7,train,WG,11.22,0,-4.766870617909175
simultaneous_eeg_nirs,VP017,simultaneous_eeg_nirs__VP017__cnt_wg__prefrontal__w7,train,WG,18.8,0,-4.3033430349277255
simultaneous_eeg_nirs,VP017,simultaneous_eeg_nirs__VP017__cnt_wg__prefrontal__w7,train,WG,23.5,0,-5.096956550714266
simultaneous_eeg_nirs,VP017,simultaneous_eeg_nirs__VP017__cnt_wg__prefrontal__w7,train,WG,27.42,0,-3.0597607783374263
simultaneous_eeg_nirs,VP017,simultaneous_eeg_nirs__VP017__cnt_wg__prefrontal__w7,train,WG,2.26,1,-4.083205518130241
simultaneous_eeg_nirs,VP017,simultaneous_eeg_nirs__VP017__cnt_wg__prefrontal__w7,train,WG,11.26,1,-4.029576878586781
simultaneous_eeg_nirs,VP017,simultaneous_eeg_nirs__VP017__cnt_wg__prefrontal__w7,train,WG,12.14,1,3.3749795277721235
simultaneous_eeg_nirs,VP017,simultaneous_eeg_nirs__VP017__cnt_wg__prefrontal__w7,train,WG,15.18,1,4.615222563206299
simultaneous_eeg_nirs,VP017,simultaneous_eeg_nirs__VP017__cnt_wg__prefrontal__w7,train,WG,18.76,1,4.35238926758759
simultaneous_eeg_nirs,VP017,simultaneous_eeg_nirs__VP017__cnt_wg__prefrontal__w7,train,WG,19.74,1,-3.599254940101327
simultaneous_eeg_nirs,VP017,simultaneous_eeg_nirs__VP017__cnt_wg__prefrontal__w7,train,WG,22.06,1,6.68324986016008
simultaneous_eeg_nirs,VP017,simultaneous_eeg_nirs__VP017__cnt_wg__prefrontal__w7,train,WG,23.54,1,3.821020588586554
simultaneous_eeg_nirs,VP017,simultaneous_eeg_nirs__VP017__cnt_wg__prefrontal__w7,train,WG,24.08,1,-3.4831186096421
simultaneous_eeg_nirs,VP017,simultaneous_eeg_nirs__VP017__cnt_wg__prefrontal__w7,train,WG,25.3,1,12.237619995959355
simultaneous_eeg_nirs,VP017,simultaneous_eeg_nirs__VP017__cnt_wg__prefrontal__w7,train,WG,26.68,1,-4.685994123065093
simultaneous_eeg_nirs,VP017,simultaneous_eeg_nirs__VP017__cnt_wg__prefrontal__w7,train,WG,27.74,1,4.584733217562251
simultaneous_eeg_nirs,VP017,simultaneous_eeg_nirs__VP017__cnt_wg__prefrontal__w7,train,WG,28.38,1,-3.862993891555267
simultaneous_eeg_nirs,VP017,simultaneous_eeg_nirs__VP017__cnt_wg__prefrontal__w7,train,WG,29.14,1,8.828101135170318
simultaneous_eeg_nirs,VP017,simultaneous_eeg_nirs__VP017__cnt_wg__prefrontal__w7,train,WG,29.88,1,-5.423113021657318
simultaneous_eeg_nirs,VP018,simultaneous_eeg_nirs__VP018__cnt_wg__prefrontal__w0,evaluate,WG,4.38,0,3.823416770220204
simultaneous_eeg_nirs,VP018,simultaneous_eeg_nirs__VP018__cnt_wg__prefrontal__w0,evaluate,WG,9.22,0,3.297029624371723
simultaneous_eeg_nirs,VP018,simultaneous_eeg_nirs__VP018__cnt_wg__prefrontal__w0,evaluate,WG,13.62,0,3.5297653640821807
simultaneous_eeg_nirs,VP018,simultaneous_eeg_nirs__VP018__cnt_wg__prefrontal__w0,evaluate,WG,16.06,0,3.7011661257928488
simultaneous_eeg_nirs,VP018,simultaneous_eeg_nirs__VP018__cnt_wg__prefrontal__w0,evaluate,WG,17.68,0,4.246159724445968
simultaneous_eeg_nirs,VP018,simultaneous_eeg_nirs__VP018__cnt_wg__prefrontal__w0,evaluate,WG,19.74,0,3.3715553097115265
simultaneous_eeg_nirs,VP018,simultaneous_eeg_nirs__VP018__cnt_wg__prefrontal__w0,evaluate,WG,22.32,0,3.643040727679062
simultaneous_eeg_nirs,VP018,simultaneous_eeg_nirs__VP018__cnt_wg__prefrontal__w0,evaluate,WG,24.8,0,3.3315662174627323
simultaneous_eeg_nirs,VP018,simultaneous_eeg_nirs__VP018__cnt_wg__prefrontal__w0,evaluate,WG,26.7,0,3.984742169447849
simultaneous_eeg_nirs,VP018,simultaneous_eeg_nirs__VP018__cnt_wg__prefrontal__w0,evaluate,WG,27.44,0,4.255089884153916
simultaneous_eeg_nirs,VP018,simultaneous_eeg_nirs__VP018__cnt_wg__prefrontal__w0,evaluate,WG,28.62,0,5.390323192978389
simultaneous_eeg_nirs,VP018,simultaneous_eeg_nirs__VP018__cnt_wg__prefrontal__w0,evaluate,WG,7.26,1,3.3931979476146363
simultaneous_eeg_nirs,VP018,simultaneous_eeg_nirs__VP018__cnt_wg__prefrontal__w0,evaluate,WG,22.24,1,-3.1455402566831903
simultaneous_eeg_nirs,VP018,simultaneous_eeg_nirs__VP018__cnt_wg__prefrontal__w0,evaluate,WG,29.94,1,3.8823677571990722
simultaneous_eeg_nirs,VP018,simultaneous_eeg_nirs__VP018__cnt_wg__prefrontal__w1,evaluate,WG,0.48,0,4.243172600318692
simultaneous_eeg_nirs,VP018,simultaneous_eeg_nirs__VP018__cnt_wg__prefrontal__w1,evaluate,WG,5.56,0,3.1770649266722386
simultaneous_eeg_nirs,VP018,simultaneous_eeg_nirs__VP018__cnt_wg__prefrontal__w1,evaluate,WG,7.46,0,4.0186910320751394
simultaneous_eeg_nirs,VP018,simultaneous_eeg_nirs__VP018__cnt_wg__prefrontal__w1,evaluate,WG,11.46,0,4.115242718937035
simultaneous_eeg_nirs,VP018,simultaneous_eeg_nirs__VP018__cnt_wg__prefrontal__w1,evaluate,WG,16.08,0,3.032264038587084
simultaneous_eeg_nirs,VP018,simultaneous_eeg_nirs__VP018__cnt_wg__prefrontal__w1,evaluate,WG,21.78,0,4.623880744175363
simultaneous_eeg_nirs,VP018,simultaneous_eeg_nirs__VP018__cnt_wg__prefrontal__w1,evaluate,WG,25.2,0,3.4744425172704676
simultaneous_eeg_nirs,VP018,simultaneous_eeg_nirs__VP018__cnt_wg__prefrontal__w1,evaluate,WG,27.14,0,3.9249662911994583
simultaneous_eeg_nirs,VP018,simultaneous_eeg_nirs__VP018__cnt_wg__prefrontal__w1,evaluate,WG,27.74,0,4.180216953431594
simultaneous_eeg_nirs,VP018,simultaneous_eeg_nirs__VP018__cnt_wg__prefrontal__w1,evaluate,WG,0.56,1,4.684992167027527
simultaneous_eeg_nirs,VP018,simultaneous_eeg_nirs__VP018__cnt_wg__prefrontal__w1,evaluate,WG,1.64,1,4.0122029537385915
simultaneous_eeg_nirs,VP018,simultaneous_eeg_nirs__VP018__cnt_wg__prefrontal__w1,evaluate,WG,3.72,1,-3.7761339370131974
simultaneous_eeg_nirs,VP018,simultaneous_eeg_nirs__VP018__cnt_wg__prefrontal__w1,evaluate,WG,11.44,1,4.942686355207807
simultaneous_eeg_nirs,VP018,simultaneous_eeg_nirs__VP018__cnt_wg__prefrontal__w1,evaluate,WG,27.7,1,-7.207949713715017
simultaneous_eeg_nirs,VP018,simultaneous_eeg_nirs__VP018__cnt_wg__prefrontal__w2,evaluate,BL,3.4,0,3.998751302307883
simultaneous_eeg_nirs,VP018,simultaneous_eeg_nirs__VP018__cnt_wg__prefrontal__w2,evaluate,BL,5.28,0,3.13412633369601
simultaneous_eeg_nirs,VP018,simultaneous_eeg_nirs__VP018__cnt_wg__prefrontal__w2,evaluate,BL,7.96,0,3.618305398286358
simultaneous_eeg_nirs,VP018,simultaneous_eeg_nirs__VP018__cnt_wg__prefrontal__w2,evaluate,BL,10.42,0,3.798638934001703
simultaneous_eeg_nirs,VP018,simultaneous_eeg_nirs__VP018__cnt_wg__prefrontal__w2,evaluate,BL,12.22,0,3.5582026776938998
simultaneous_eeg_nirs,VP018,simultaneous_eeg_nirs__VP018__cnt_wg__prefrontal__w2,evaluate,BL,16.78,0,4.052255908527651
simultaneous_eeg_nirs,VP018,simultaneous_eeg_nirs__VP018__cnt_wg__prefrontal__w2,evaluate,BL,19.54,0,4.021722412075854
simultaneous_eeg_nirs,VP018,simultaneous_eeg_nirs__VP018__cnt_wg__prefrontal__w2,evaluate,BL,20.34,0,3.9118805482253887
simultaneous_eeg_nirs,VP018,simultaneous_eeg_nirs__VP018__cnt_wg__prefrontal__w2,evaluate,BL,21.0,0,3.7789101479805147
simultaneous_eeg_nirs,VP018,simultaneous_eeg_nirs__VP018__cnt_wg__prefrontal__w2,evaluate,BL,23.88,0,4.693179144889469
simultaneous_eeg_nirs,VP018,simultaneous_eeg_nirs__VP018__cnt_wg__prefrontal__w2,evaluate,BL,25.46,0,4.097913516073295
simultaneous_eeg_nirs,VP018,simultaneous_eeg_nirs__VP018__cnt_wg__prefrontal__w2,evaluate,BL,4.0,1,-3.1338773222294876
simultaneous_eeg_nirs,VP018,simultaneous_eeg_nirs__VP018__cnt_wg__prefrontal__w2,evaluate,BL,7.92,1,-3.3302311512792793
simultaneous_eeg_nirs,VP018,simultaneous_eeg_nirs__VP018__cnt_wg__prefrontal__w2,evaluate,BL,16.84,1,-3.568637768270484
simultaneous_eeg_nirs,VP018,simultaneous_eeg_nirs__VP018__cnt_wg__prefrontal__w2,evaluate,BL,23.8,1,-3.6342964012643972
simultaneous_eeg_nirs,VP018,simultaneous_eeg_nirs__VP018__cnt_wg__prefrontal__w3,evaluate,BL,0.54,0,3.9295523876742227
simultaneous_eeg_nirs,VP018,simultaneous_eeg_nirs__VP018__cnt_wg__prefrontal__w3,evaluate,BL,3.28,0,4.294623456160188
simultaneous_eeg_nirs,VP018,simultaneous_eeg_nirs__VP018__cnt_wg__prefrontal__w3,evaluate,BL,6.42,0,4.008974342186358
simultaneous_eeg_nirs,VP018,simultaneous_eeg_nirs__VP018__cnt_wg__prefrontal__w3,evaluate,BL,11.74,0,4.182011867878147
simultaneous_eeg_nirs,VP018,simultaneous_eeg_nirs__VP018__cnt_wg__prefrontal__w3,evaluate,BL,13.66,0,4.432240209065277
simultaneous_eeg_nirs,VP018,simultaneous_eeg_nirs__VP018__cnt_wg__prefrontal__w3,evaluate,BL,16.6,0,4.252593497857064
simultaneous_eeg_nirs,VP018,simultaneous_eeg_nirs__VP018__cnt_wg__prefrontal__w3,evaluate,BL,19.78,0,4.286704493007682
simultaneous_eeg_nirs,VP018,simultaneous_eeg_nirs__VP018__cnt_wg__prefrontal__w3,evaluate,BL,23.08,0,3.31128130246099
simultaneous_eeg_nirs,VP018,simultaneous_eeg_nirs__VP018__cnt_wg__prefrontal__w3,evaluate,BL,27.16,0,4.75973627120352
simultaneous_eeg_nirs,VP018,simultaneous_eeg_nirs__VP018__cnt_wg__prefrontal__w3,evaluate,BL,0.4,1,-3.7140203809552554
simultaneous_eeg_nirs,VP018,simultaneous_eeg_nirs__VP018__cnt_wg__prefrontal__w3,evaluate,BL,3.22,1,-3.1218074455865668
simultaneous_eeg_nirs,VP018,simultaneous_eeg_nirs__VP018__cnt_wg__prefrontal__w3,evaluate,BL,11.78,1,3.0606153975968993
simultaneous_eeg_nirs,VP018,simultaneous_eeg_nirs__VP018__cnt_wg__prefrontal__w3,evaluate,BL,13.58,1,-3.204564985145104
simultaneous_eeg_nirs,VP018,simultaneous_eeg_nirs__VP018__cnt_wg__prefrontal__w3,evaluate,BL,16.98,1,-5.725596811195188
simultaneous_eeg_nirs,VP018,simultaneous_eeg_nirs__VP018__cnt_wg__prefrontal__w3,evaluate,BL,27.32,1,3.7665538119130813
simultaneous_eeg_nirs,VP018,simultaneous_eeg_nirs__VP018__cnt_wg__prefrontal__w4,evaluate,BL,0.4,0,3.540494298412498
simultaneous_eeg_nirs,VP018,simultaneous_eeg_nirs__VP018__cnt_wg__prefrontal__w4,evaluate,BL,3.14,0,3.220907311770604
simultaneous_eeg_nirs,VP018,simultaneous_eeg_nirs__VP018__cnt_wg__prefrontal__w4,evaluate,BL,8.36,0,4.057222465528252
simultaneous_eeg_nirs,VP018,simultaneous_eeg_nirs__VP018__cnt_wg__prefrontal__w4,evaluate,BL,12.16,0,3.987150862428523
simultaneous_eeg_nirs,VP018,simultaneous_eeg_nirs__VP018__cnt_wg__prefrontal__w4,evaluate,BL,15.7,0,4.546822421279866
simultaneous_eeg_nirs,VP018,simultaneous_eeg_nirs__VP018__cnt_wg__prefrontal__w4,evaluate,BL,16.96,0,3.785318752773275
simultaneous_eeg_nirs,VP018,simultaneous_eeg_nirs__VP018__cnt_wg__prefrontal__w4,evaluate,BL,19.26,0,4.5487493232009655
simultaneous_eeg_nirs,VP018,simultaneous_eeg_nirs__VP018__cnt_wg__prefrontal__w4,evaluate,BL,21.72,0,4.337751678043063
simultaneous_eeg_nirs,VP018,simultaneous_eeg_nirs__VP018__cnt_wg__prefrontal__w4,evaluate,BL,25.16,0,3.8070280927700195
simultaneous_eeg_nirs,VP018,simultaneous_eeg_nirs__VP018__cnt_wg__prefrontal__w4,evaluate,BL,28.0,0,3.9064279062116163
simultaneous_eeg_nirs,VP018,simultaneous_eeg_nirs__VP018__cnt_wg__prefrontal__w4,evaluate,BL,0.32,1,-3.4233724150754647
simultaneous_eeg_nirs,VP018,simultaneous_eeg_nirs__VP018__cnt_wg__prefrontal__w4,evaluate,BL,1.08,1,3.2004321707821735
simultaneous_eeg_nirs,VP018,simultaneous_eeg_nirs__VP018__cnt_wg__prefrontal__w4,evaluate,BL,1.68,1,-5.43569287016692
simultaneous_eeg_nirs,VP018,simultaneous_eeg_nirs__VP018__cnt_wg__prefrontal__w4,evaluate,BL,2.64,1,-5.602993710468233
simultaneous_eeg_nirs,VP018,simultaneous_eeg_nirs__VP018__cnt_wg__prefrontal__w4,evaluate,BL,8.32,1,-3.345409298841394
simultaneous_eeg_nirs,VP018,simultaneous_eeg_nirs__VP018__cnt_wg__prefrontal__w5,evaluate,WG,0.54,0,5.033959523202096
simultaneous_eeg_nirs,VP018,simultaneous_eeg_nirs__VP018__cnt_wg__prefrontal__w5,evaluate,WG,1.18,0,-3.4935388837239327
simultaneous_eeg_nirs,VP018,simultaneous_eeg_nirs__VP018__cnt_wg__prefrontal__w5,evaluate,WG,6.7,0,3.747722439146742
simultaneous_eeg_nirs,VP018,simultaneous_eeg_nirs__VP018__cnt_wg__prefrontal__w5,evaluate,WG,9.92,0,4.371931222837834
simultaneous_eeg_nirs,VP018,simultaneous_eeg_nirs__VP018__cnt_wg__prefrontal__w5,evaluate,WG,12.4,0,3.332992530273443
simultaneous_eeg_nirs,VP018,simultaneous_eeg_nirs__VP018__cnt_wg__prefrontal__w5,evaluate,WG,14.76,0,3.847064510911239
simultaneous_eeg_nirs,VP018,simultaneous_eeg_nirs__VP018__cnt_wg__prefrontal__w5,evaluate,WG,22.16,0,4.9290629486144075
simultaneous_eeg_nirs,VP018,simultaneous_eeg_nirs__VP018__cnt_wg__prefrontal__w5,evaluate,WG,23.86,0,3.380457140390155
simultaneous_eeg_nirs,VP018,simultaneous_eeg_nirs__VP018__cnt_wg__prefrontal__w5,evaluate,WG,24.84,0,3.3069811577047807
simultaneous_eeg_nirs,VP018,simultaneous_eeg_nirs__VP018__cnt_wg__prefrontal__w5,evaluate,WG,26.9,0,3.447014395565817
simultaneous_eeg_nirs,VP018,simultaneous_eeg_nirs__VP018__cnt_wg__prefrontal__w5,evaluate,WG,2.38,1,-3.48184814496539
simultaneous_eeg_nirs,VP018,simultaneous_eeg_nirs__VP018__cnt_wg__prefrontal__w5,evaluate,WG,9.32,1,3.051308638612785
simultaneous_eeg_nirs,VP018,simultaneous_eeg_nirs__VP018__cnt_wg__prefrontal__w5,evaluate,WG,9.86,1,-4.657781699729521
simultaneous_eeg_nirs,VP018,simultaneous_eeg_nirs__VP018__cnt_wg__prefrontal__w5,evaluate,WG,11.32,1,3.30054174608857
simultaneous_eeg_nirs,VP018,simultaneous_eeg_nirs__VP018__cnt_wg__prefrontal__w5,evaluate,WG,14.62,1,3.1470210900841282
simultaneous_eeg_nirs,VP018,simultaneous_eeg_nirs__VP018__cnt_wg__prefrontal__w5,evaluate,WG,18.28,1,3.2357050909935787
simultaneous_eeg_nirs,VP018,simultaneous_eeg_nirs__VP018__cnt_wg__prefrontal__w5,evaluate,WG,22.08,1,-3.7430876706510317
simultaneous_eeg_nirs,VP018,simultaneous_eeg_nirs__VP018__cnt_wg__prefrontal__w5,evaluate,WG,25.4,1,-3.0477570826719433
simultaneous_eeg_nirs,VP018,simultaneous_eeg_nirs__VP018__cnt_wg__prefrontal__w5,evaluate,WG,27.0,1,-4.759143792429487
simultaneous_eeg_nirs,VP018,simultaneous_eeg_nirs__VP018__cnt_wg__prefrontal__w6,evaluate,BL,2.52,0,3.982523479945014
simultaneous_eeg_nirs,VP018,simultaneous_eeg_nirs__VP018__cnt_wg__prefrontal__w6,evaluate,BL,3.18,0,3.870182422156195
simultaneous_eeg_nirs,VP018,simultaneous_eeg_nirs__VP018__cnt_wg__prefrontal__w6,evaluate,BL,12.1,0,3.451638345924353
simultaneous_eeg_nirs,VP018,simultaneous_eeg_nirs__VP018__cnt_wg__prefrontal__w6,evaluate,BL,14.68,0,4.820597970089742
simultaneous_eeg_nirs,VP018,simultaneous_eeg_nirs__VP018__cnt_wg__prefrontal__w6,evaluate,BL,18.46,0,4.125385113288444
simultaneous_eeg_nirs,VP018,simultaneous_eeg_nirs__VP018__cnt_wg__prefrontal__w6,evaluate,BL,18.98,0,4.075592634861326
simultaneous_eeg_nirs,VP018,simultaneous_eeg_nirs__VP018__cnt_wg__prefrontal__w6,evaluate,BL,21.54,0,4.181994893521359
simultaneous_eeg_nirs,VP018,simultaneous_eeg_nirs__VP018__cnt_wg__prefrontal__w6,evaluate,BL,24.38,0,3.7845442833790663
simultaneous_eeg_nirs,VP018,simultaneous_eeg_nirs__VP018__cnt_wg__prefrontal__w6,evaluate,BL,27.48,0,3.7641465517780803
simultaneous_eeg_nirs,VP018,simultaneous_eeg_nirs__VP018__cnt_wg__prefrontal__w6,evaluate,BL,2.46,1,-3.935977513474476
simultaneous_eeg_nirs,VP018,simultaneous_eeg_nirs__VP018__cnt_wg__prefrontal__w6,evaluate,BL,7.6,1,3.4308325797838757
simultaneous_eeg_nirs,VP018,simultaneous_eeg_nirs__VP018__cnt_wg__prefrontal__w6,evaluate,BL,12.22,1,3.476824781407217
simultaneous_eeg_nirs,VP018,simultaneous_eeg_nirs__VP018__cnt_wg__prefrontal__w6,evaluate,BL,14.66,1,-3.404982862601257
simultaneous_eeg_nirs,VP018,simultaneous_eeg_nirs__VP018__cnt_wg__prefrontal__w6,evaluate,BL,18.46,1,3.595133781648102
simultaneous_eeg_nirs,VP018,simultaneous_eeg_nirs__VP018__cnt_wg__prefrontal__w6,evaluate,BL,18.98,1,-7.268712488513509
simultaneous_eeg_nirs,VP018,simultaneous_eeg_nirs__VP018__cnt_wg__prefrontal__w6,evaluate,BL,21.5,1,-3.554955916103535
simultaneous_eeg_nirs,VP018,simultaneous_eeg_nirs__VP018__cnt_wg__prefrontal__w6,evaluate,BL,22.46,1,-6.014986136255286
simultaneous_eeg_nirs,VP018,simultaneous_eeg_nirs__VP018__cnt_wg__prefrontal__w6,evaluate,BL,24.12,1,3.431102354376426
simultaneous_eeg_nirs,VP018,simultaneous_eeg_nirs__VP018__cnt_wg__prefrontal__w6,evaluate,BL,25.08,1,11.09185365725096
simultaneous_eeg_nirs,VP018,simultaneous_eeg_nirs__VP018__cnt_wg__prefrontal__w7,evaluate,WG,1.62,0,4.639702716486192
simultaneous_eeg_nirs,VP018,simultaneous_eeg_nirs__VP018__cnt_wg__prefrontal__w7,evaluate,WG,5.8,0,-4.24260323720029
simultaneous_eeg_nirs,VP018,simultaneous_eeg_nirs__VP018__cnt_wg__prefrontal__w7,evaluate,WG,9.24,0,4.158457221659163
simultaneous_eeg_nirs,VP018,simultaneous_eeg_nirs__VP018__cnt_wg__prefrontal__w7,evaluate,WG,11.2,0,4.333438782327258
simultaneous_eeg_nirs,VP018,simultaneous_eeg_nirs__VP018__cnt_wg__prefrontal__w7,evaluate,WG,13.94,0,3.9837659452941274
simultaneous_eeg_nirs,VP018,simultaneous_eeg_nirs__VP018__cnt_wg__prefrontal__w7,evaluate,WG,19.44,0,3.7896891699346553
simultaneous_eeg_nirs,VP018,simultaneous_eeg_nirs__VP018__cnt_wg__prefrontal__w7,evaluate,WG,20.6,0,4.85031355157774
simultaneous_eeg_nirs,VP018,simultaneous_eeg_nirs__VP018__cnt_wg__prefrontal__w7,evaluate,WG,22.86,0,3.315914209628108
simultaneous_eeg_nirs,VP018,simultaneous_eeg_nirs__VP018__cnt_wg__prefrontal__w7,evaluate,WG,25.04,0,-3.348067486835728
simultaneous_eeg_nirs,VP018,simultaneous_eeg_nirs__VP018__cnt_wg__prefrontal__w7,evaluate,WG,28.04,0,3.921161135837478
simultaneous_eeg_nirs,VP018,simultaneous_eeg_nirs__VP018__cnt_wg__prefrontal__w7,evaluate,WG,1.74,1,3.208272318008877
simultaneous_eeg_nirs,VP018,simultaneous_eeg_nirs__VP018__cnt_wg__prefrontal__w7,evaluate,WG,11.24,1,3.610903917076078
simultaneous_eeg_nirs,VP018,simultaneous_eeg_nirs__VP018__cnt_wg__prefrontal__w7,evaluate,WG,12.36,1,-3.6710421804767432
simultaneous_eeg_nirs,VP018,simultaneous_eeg_nirs__VP018__cnt_wg__prefrontal__w7,evaluate,WG,13.9,1,-3.1211976518111744
simultaneous_eeg_nirs,VP018,simultaneous_eeg_nirs__VP018__cnt_wg__prefrontal__w7,evaluate,WG,19.2,1,3.2725141827579147
simultaneous_eeg_nirs,VP018,simultaneous_eeg_nirs__VP018__cnt_wg__prefrontal__w7,evaluate,WG,19.8,1,3.115629731611023
simultaneous_eeg_nirs,VP018,simultaneous_eeg_nirs__VP018__cnt_wg__prefrontal__w7,evaluate,WG,25.12,1,-3.352270546991033
simultaneous_eeg_nirs,VP018,simultaneous_eeg_nirs__VP018__cnt_wg__prefrontal__w7,evaluate,WG,27.98,1,-3.477390412808793
simultaneous_eeg_nirs,VP018,simultaneous_eeg_nirs__VP018__cnt_wg__prefrontal__w7,evaluate,WG,29.3,1,10.85786290751408
simultaneous_eeg_nirs,VP019,simultaneous_eeg_nirs__VP019__cnt_wg__prefrontal__w0,train,WG,0.78,0,4.76213195419834
simultaneous_eeg_nirs,VP019,simultaneous_eeg_nirs__VP019__cnt_wg__prefrontal__w0,train,WG,2.18,0,4.767744906312379
simultaneous_eeg_nirs,VP019,simultaneous_eeg_nirs__VP019__cnt_wg__prefrontal__w0,train,WG,3.0,0,4.527605219765331
simultaneous_eeg_nirs,VP019,simultaneous_eeg_nirs__VP019__cnt_wg__prefrontal__w0,train,WG,4.98,0,4.0416918664766746
simultaneous_eeg_nirs,VP019,simultaneous_eeg_nirs__VP019__cnt_wg__prefrontal__w0,train,WG,6.36,0,4.351658617740823
simultaneous_eeg_nirs,VP019,simultaneous_eeg_nirs__VP019__cnt_wg__prefrontal__w0,train,WG,7.78,0,4.927075686601168
simultaneous_eeg_nirs,VP019,simultaneous_eeg_nirs__VP019__cnt_wg__prefrontal__w0,train,WG,10.76,0,4.57100219217495
simultaneous_eeg_nirs,VP019,simultaneous_eeg_nirs__VP019__cnt_wg__prefrontal__w0,train,WG,12.16,0,4.19174300370969
simultaneous_eeg_nirs,VP019,simultaneous_eeg_nirs__VP019__cnt_wg__prefrontal__w0,train,WG,13.18,0,3.799236810411006
simultaneous_eeg_nirs,VP019,simultaneous_eeg_nirs__VP019__cnt_wg__prefrontal__w0,train,WG,13.92,0,3.2981043608923994
simultaneous_eeg_nirs,VP019,simultaneous_eeg_nirs__VP019__cnt_wg__prefrontal__w0,train,WG,14.62,0,4.740036120672853
simultaneous_eeg_nirs,VP019,simultaneous_eeg_nirs__VP019__cnt_wg__prefrontal__w0,train,WG,15.74,0,4.440672927693461
simultaneous_eeg_nirs,VP019,simultaneous_eeg_nirs__VP019__cnt_wg__prefrontal__w0,train,WG,18.84,0,4.363310616581494
simultaneous_eeg_nirs,VP019,simultaneous_eeg_nirs__VP019__cnt_wg__prefrontal__w0,train,WG,0.24,1,-19.29675893419791
simultaneous_eeg_nirs,VP019,simultaneous_eeg_nirs__VP019__cnt_wg__prefrontal__w0,train,WG,14.58,1,3.033719527944636
simultaneous_eeg_nirs,VP019,simultaneous_eeg_nirs__VP019__cnt_wg__prefrontal__w0,train,WG,18.82,1,4.165721554790778
simultaneous_eeg_nirs,VP019,simultaneous_eeg_nirs__VP019__cnt_wg__prefrontal__w1,train,WG,2.5,0,4.962575817373098
simultaneous_eeg_nirs,VP019,simultaneous_eeg_nirs__VP019__cnt_wg__prefrontal__w1,train,WG,3.7,0,5.09679830828447
simultaneous_eeg_nirs,VP019,simultaneous_eeg_nirs__VP019__cnt_wg__prefrontal__w1,train,WG,5.24,0,4.801145673852842
simultaneous_eeg_nirs,VP019,simultaneous_eeg_nirs__VP019__cnt_wg__prefrontal__w1,train,WG,6.94,0,4.018815520221814
simultaneous_eeg_nirs,VP019,simultaneous_eeg_nirs__VP019__cnt_wg__prefrontal__w1,train,WG,7.7,0,3.9827602097798103
simultaneous_eeg_nirs,VP019,simultaneous_eeg_nirs__VP019__cnt_wg__prefrontal__w1,train,WG,8.54,0,4.3306493137837085
simultaneous_eeg_nirs,VP019,simultaneous_eeg_nirs__VP019__cnt_wg__prefrontal__w1,train,WG,9.2,0,3.7858284376086844
simultaneous_eeg_nirs,VP019,simultaneous_eeg_nirs__VP019__cnt_wg__prefrontal__w1,train,WG,9.98,0,4.144319730657125
simultaneous_eeg_nirs,VP019,simultaneous_eeg_nirs__VP019__cnt_wg__prefrontal__w1,train,WG,10.66,0,3.115700080363094
simultaneous_eeg_nirs,VP019,simultaneous_eeg_nirs__VP019__cnt_wg__prefrontal__w1,train,WG,11.34,0,3.900309668065145
simultaneous_eeg_nirs,VP019,simultaneous_eeg_nirs__VP019__cnt_wg__prefrontal__w1,train,WG,12.26,0,4.767398458013153
simultaneous_eeg_nirs,VP019,simultaneous_eeg_nirs__VP019__cnt_wg__prefrontal__w1,train,WG,13.48,0,3.7679771094728687
simultaneous_eeg_nirs,VP019,simultaneous_eeg_nirs__VP019__cnt_wg__prefrontal__w1,train,WG,14.0,0,4.444041121824848
simultaneous_eeg_nirs,VP019,simultaneous_eeg_nirs__VP019__cnt_wg__prefrontal__w1,train,WG,15.06,0,4.21939719102385
simultaneous_eeg_nirs,VP019,simultaneous_eeg_nirs__VP019__cnt_wg__prefrontal__w1,train,WG,21.5,0,3.6053263257872663
simultaneous_eeg_nirs,VP019,simultaneous_eeg_nirs__VP019__cnt_wg__prefrontal__w1,train,WG,26.16,0,4.09670998322114
simultaneous_eeg_nirs,VP019,simultaneous_eeg_nirs__VP019__cnt_wg__prefrontal__w1,train,WG,28.98,0,3.8269383814169187
simultaneous_eeg_nirs,VP019,simultaneous_eeg_nirs__VP019__cnt_wg__prefrontal__w1,train,WG,4.06,1,-7.006809859414397
simultaneous_eeg_nirs,VP019,simultaneous_eeg_nirs__VP019__cnt_wg__prefrontal__w1,train,WG,13.44,1,10.36028734830883
simultaneous_eeg_nirs,VP019,simultaneous_eeg_nirs__VP019__cnt_wg__prefrontal__w1,train,WG,13.96,1,-15.277775442100921
simultaneous_eeg_nirs,VP019,simultaneous_eeg_nirs__VP019__cnt_wg__prefrontal__w1,train,WG,26.18,1,6.710041795514278
simultaneous_eeg_nirs,VP019,simultaneous_eeg_nirs__VP019__cnt_wg__prefrontal__w1,train,WG,27.18,1,-9.890988806335024
simultaneous_eeg_nirs,VP019,simultaneous_eeg_nirs__VP019__cnt_wg__prefrontal__w1,train,WG,29.6,1,-7.354444407337966
simultaneous_eeg_nirs,VP019,simultaneous_eeg_nirs__VP019__cnt_wg__prefrontal__w2,train,WG,2.5,0,4.5247874474439245
simultaneous_eeg_nirs,VP019,simultaneous_eeg_nirs__VP019__cnt_wg__prefrontal__w2,train,WG,3.86,0,4.422767397090343
simultaneous_eeg_nirs,VP019,simultaneous_eeg_nirs__VP019__cnt_wg__prefrontal__w2,train,WG,5.34,0,4.265105871245467
simultaneous_eeg_nirs,VP019,simultaneous_eeg_nirs__VP019__cnt_wg__prefrontal__w2,train,WG,7.98,0,4.026275562710121
simultaneous_eeg_nirs,VP019,simultaneous_eeg_nirs__VP019__cnt_wg__prefrontal__w2,train,WG,9.34,0,4.526220922413976
simultaneous_eeg_nirs,VP019,simultaneous_eeg_nirs__VP019__cnt_wg__prefrontal__w2,train,WG,10.26,0,3.9801624551764245
simultaneous_eeg_nirs,VP019,simultaneous_eeg_nirs__VP019__cnt_wg__prefrontal__w2,train,WG,11.6,0,4.890139181246335
simultaneous_eeg_nirs,VP019,simultaneous_eeg_nirs__VP019__cnt_wg__prefrontal__w2,train,WG,13.62,0,4.554460391340387
simultaneous_eeg_nirs,VP019,simultaneous_eeg_nirs__VP019__cnt_wg__prefrontal__w2,train,WG,15.0,0,4.709733345685618
simultaneous_eeg_nirs,VP019,simultaneous_eeg_nirs__VP019__cnt_wg__prefrontal__w2,train,WG,16.26,0,4.356919454320804
simultaneous_eeg_nirs,VP019,simultaneous_eeg_nirs__VP019__cnt_wg__prefrontal__w2,train,WG,27.42,0,4.0560170400121045
simultaneous_eeg_nirs,VP019,simultaneous_eeg_nirs__VP019__cnt_wg__prefrontal__w2,train,WG,0.78,1,3.1337770349570873
simultaneous_eeg_nirs,VP019,simultaneous_eeg_nirs__VP019__cnt_wg__prefrontal__w2,train,WG,8.68,1,17.730403646505714
simultaneous_eeg_nirs,VP019,simultaneous_eeg_nirs__VP019__cnt_wg__prefrontal__w2,train,WG,9.28,1,-12.6098467222571
simultaneous_eeg_nirs,VP019,simultaneous_eeg_nirs__VP019__cnt_wg__prefrontal__w2,train,WG,9.78,1,7.440566310349266
simultaneous_eeg_nirs,VP019,simultaneous_eeg_nirs__VP019__cnt_wg__prefrontal__w2,train,WG,10.98,1,-14.661962849718062
simultaneous_eeg_nirs,VP019,simultaneous_eeg_nirs__VP019__cnt_wg__prefrontal__w2,train,WG,12.0,1,-6.464256391407647
simultaneous_eeg_nirs,VP019,simultaneous_eeg_nirs__VP019__cnt_wg__prefrontal__w2,train,WG,13.06,1,8.366933456371195
simultaneous_eeg_nirs,VP019,simultaneous_eeg_nirs__VP019__cnt_wg__prefrontal__w3,train,BL,2.04,0,3.0210814058844244
simultaneous_eeg_nirs,VP019,simultaneous_eeg_nirs__VP019__cnt_wg__prefrontal__w3,train,BL,3.06,0,3.715573729683398
simultaneous_eeg_nirs,VP019,simultaneous_eeg_nirs__VP019__cnt_wg__prefrontal__w3,train,BL,6.18,0,5.793661534089326
simultaneous_eeg_nirs,VP019,simultaneous_eeg_nirs__VP019__cnt_wg__prefrontal__w3,train,BL,7.8,0,5.428816425109405
simultaneous_eeg_nirs,VP019,simultaneous_eeg_nirs__VP019__cnt_wg__prefrontal__w3,train,BL,15.6,0,4.212976020239351
simultaneous_eeg_nirs,VP019,simultaneous_eeg_nirs__VP019__cnt_wg__prefrontal__w3,train,BL,22.24,0,4.081598379299155
simultaneous_eeg_nirs,VP019,simultaneous_eeg_nirs__VP019__cnt_wg__prefrontal__w3,train,BL,27.3,0,3.4764351294085785
simultaneous_eeg_nirs,VP019,simultaneous_eeg_nirs__VP019__cnt_wg__prefrontal__w3,train,BL,29.82,0,3.347015377289585
simultaneous_eeg_nirs,VP019,simultaneous_eeg_nirs__VP019__cnt_wg__prefrontal__w3,train,BL,3.0,1,4.2232027192753305
simultaneous_eeg_nirs,VP019,simultaneous_eeg_nirs__VP019__cnt_wg__prefrontal__w3,train,BL,5.7,1,-16.019744202084564
simultaneous_eeg_nirs,VP019,simultaneous_eeg_nirs__VP019__cnt_wg__prefrontal__w3,train,BL,6.28,1,-4.336226353906727
simultaneous_eeg_nirs,VP019,simultaneous_eeg_nirs__VP019__cnt_wg__prefrontal__w3,train,BL,7.28,1,-14.65529643010019
simultaneous_eeg_nirs,VP019,simultaneous_eeg_nirs__VP019__cnt_wg__prefrontal__w3,train,BL,8.16,1,9.759342696720982
simultaneous_eeg_nirs,VP019,simultaneous_eeg_nirs__VP019__cnt_wg__prefrontal__w3,train,BL,15.58,1,-8.648238497294933
simultaneous_eeg_nirs,VP019,simultaneous_eeg_nirs__VP019__cnt_wg__prefrontal__w3,train,BL,17.7,1,9.492734482441962
simultaneous_eeg_nirs,VP019,simultaneous_eeg_nirs__VP019__cnt_wg__prefrontal__w3,train,BL,21.34,1,-12.653939416921968
simultaneous_eeg_nirs,VP019,simultaneous_eeg_nirs__VP019__cnt_wg__prefrontal__w3,train,BL,29.78,1,3.542968448279047
simultaneous_eeg_nirs,VP019,simultaneous_eeg_nirs__VP019__cnt_wg__prefrontal__w4,train,WG,3.08,0,4.656989142331694
simultaneous_eeg_nirs,VP019,simultaneous_eeg_nirs__VP019__cnt_wg__prefrontal__w4,train,WG,5.5,0,4.238816895374118
simultaneous_eeg_nirs,VP019,simultaneous_eeg_nirs__VP019__cnt_wg__prefrontal__w4,train,WG,7.28,0,4.528081854038209
simultaneous_eeg_nirs,VP019,simultaneous_eeg_nirs__VP019__cnt_wg__prefrontal__w4,train,WG,8.12,0,3.6745844445107165
simultaneous_eeg_nirs,VP019,simultaneous_eeg_nirs__VP019__cnt_wg__prefrontal__w4,train,WG,9.06,0,4.18430934528361
simultaneous_eeg_nirs,VP019,simultaneous_eeg_nirs__VP019__cnt_wg__prefrontal__w4,train,WG,9.98,0,3.9698482485241726
simultaneous_eeg_nirs,VP019,simultaneous_eeg_nirs__VP019__cnt_wg__prefrontal__w4,train,WG,10.82,0,4.286104697709917
simultaneous_eeg_nirs,VP019,simultaneous_eeg_nirs__VP019__cnt_wg__prefrontal__w4,train,WG,12.08,0,4.872581896258989
simultaneous_eeg_nirs,VP019,simultaneous_eeg_nirs__VP019__cnt_wg__prefrontal__w4,train,WG,13.8,0,4.903011952394164
simultaneous_eeg_nirs,VP019,simultaneous_eeg_nirs__VP019__cnt_wg__prefrontal__w4,train,WG,15.26,0,4.6464004355575605
simultaneous_eeg_nirs,VP019,simultaneous_eeg_nirs__VP019__cnt_wg__prefrontal__w4,train,WG,16.34,0,4.353740981251806
simultaneous_eeg_nirs,VP019,simultaneous_eeg_nirs__VP019__cnt_wg__prefrontal__w4,train,WG,22.84,0,3.7998244522703404
simultaneous_eeg_nirs,VP019,simultaneous_eeg_nirs__VP019__cnt_wg__prefrontal__w4,train,WG,27.54,0,4.094826492248921
simultaneous_eeg_nirs,VP019,simultaneous_eeg_nirs__VP019__cnt_wg__prefrontal__w4,train,WG,25.14,1,7.928227176427147
simultaneous_eeg_nirs,VP019,simultaneous_eeg_nirs__VP019__cnt_wg__prefrontal__w4,train,WG,27.88,1,12.034828493555295
simultaneous_eeg_nirs,VP019,simultaneous_eeg_nirs__VP019__cnt_wg__prefrontal__w4,train,WG,28.7,1,10.271607740765365
simultaneous_eeg_nirs,VP019,simultaneous_eeg_nirs__VP019__cnt_wg__prefrontal__w5,train,BL,3.34,0,3.596908961460059
simultaneous_eeg_nirs,VP019,simultaneous_eeg_nirs__VP019__cnt_wg__prefrontal__w5,train,BL,4.68,0,4.899570968859598
simultaneous_eeg_nirs,VP019,simultaneous_eeg_nirs__VP019__cnt_wg__prefrontal__w5,train,BL,6.38,0,4.920407086784531
simultaneous_eeg_nirs,VP019,simultaneous_eeg_nirs__VP019__cnt_wg__prefrontal__w5,train,BL,9.48,0,3.673738224623283
simultaneous_eeg_nirs,VP019,simultaneous_eeg_nirs__VP019__cnt_wg__prefrontal__w5,train,BL,10.18,0,4.154112711495499
simultaneous_eeg_nirs,VP019,simultaneous_eeg_nirs__VP019__cnt_wg__prefrontal__w5,train,BL,12.64,0,4.326607946595148
simultaneous_eeg_nirs,VP019,simultaneous_eeg_nirs__VP019__cnt_wg__prefrontal__w5,train,BL,15.82,0,5.7264400857310465
simultaneous_eeg_nirs,VP019,simultaneous_eeg_nirs__VP019__cnt_wg__prefrontal__w5,train,BL,19.56,0,3.224856452725178
simultaneous_eeg_nirs,VP019,simultaneous_eeg_nirs__VP019__cnt_wg__prefrontal__w5,train,BL,21.96,0,4.982552542417778
simultaneous_eeg_nirs,VP019,simultaneous_eeg_nirs__VP019__cnt_wg__prefrontal__w5,train,BL,23.16,0,3.146675032253381
simultaneous_eeg_nirs,VP019,simultaneous_eeg_nirs__VP019__cnt_wg__prefrontal__w5,train,BL,24.5,0,5.530096208273926
simultaneous_eeg_nirs,VP019,simultaneous_eeg_nirs__VP019__cnt_wg__prefrontal__w5,train,BL,27.34,0,3.861695242990782
simultaneous_eeg_nirs,VP019,simultaneous_eeg_nirs__VP019__cnt_wg__prefrontal__w5,train,BL,28.94,0,5.142564617968756
simultaneous_eeg_nirs,VP019,simultaneous_eeg_nirs__VP019__cnt_wg__prefrontal__w5,train,BL,29.92,0,4.643000942280486
simultaneous_eeg_nirs,VP019,simultaneous_eeg_nirs__VP019__cnt_wg__prefrontal__w5,train,BL,4.68,1,4.570483421696873
simultaneous_eeg_nirs,VP019,simultaneous_eeg_nirs__VP019__cnt_wg__prefrontal__w5,train,BL,5.66,1,-22.551326916425825
simultaneous_eeg_nirs,VP019,simultaneous_eeg_nirs__VP019__cnt_wg__prefrontal__w5,train,BL,17.06,1,11.175023450550784
simultaneous_eeg_nirs,VP019,simultaneous_eeg_nirs__VP019__cnt_wg__prefrontal__w5,train,BL,17.92,1,11.42165328059885
simultaneous_eeg_nirs,VP019,simultaneous_eeg_nirs__VP019__cnt_wg__prefrontal__w5,train,BL,18.6,1,-5.855353445388644
simultaneous_eeg_nirs,VP019,simultaneous_eeg_nirs__VP019__cnt_wg__prefrontal__w5,train,BL,19.84,1,4.137852789060469
simultaneous_eeg_nirs,VP019,simultaneous_eeg_nirs__VP019__cnt_wg__prefrontal__w5,train,BL,20.34,1,-6.584596021432682
simultaneous_eeg_nirs,VP019,simultaneous_eeg_nirs__VP019__cnt_wg__prefrontal__w5,train,BL,21.52,1,-16.49690696801362
simultaneous_eeg_nirs,VP019,simultaneous_eeg_nirs__VP019__cnt_wg__prefrontal__w5,train,BL,22.54,1,12.953925732273323
simultaneous_eeg_nirs,VP019,simultaneous_eeg_nirs__VP019__cnt_wg__prefrontal__w5,train,BL,23.62,1,-18.707270657019116
simultaneous_eeg_nirs,VP019,simultaneous_eeg_nirs__VP019__cnt_wg__prefrontal__w5,train,BL,24.48,1,10.575904430981618
simultaneous_eeg_nirs,VP019,simultaneous_eeg_nirs__VP019__cnt_wg__prefrontal__w5,train,BL,26.08,1,-7.900397040120985
simultaneous_eeg_nirs,VP019,simultaneous_eeg_nirs__VP019__cnt_wg__prefrontal__w5,train,BL,27.3,1,10.536734104680011
simultaneous_eeg_nirs,VP019,simultaneous_eeg_nirs__VP019__cnt_wg__prefrontal__w5,train,BL,27.92,1,-6.194541930866561
simultaneous_eeg_nirs,VP019,simultaneous_eeg_nirs__VP019__cnt_wg__prefrontal__w5,train,BL,28.86,1,3.7790085003257943
simultaneous_eeg_nirs,VP019,simultaneous_eeg_nirs__VP019__cnt_wg__prefrontal__w5,train,BL,29.44,1,-11.134069649106173
simultaneous_eeg_nirs,VP019,simultaneous_eeg_nirs__VP019__cnt_wg__prefrontal__w6,train,WG,3.14,0,4.666029079268843
simultaneous_eeg_nirs,VP019,simultaneous_eeg_nirs__VP019__cnt_wg__prefrontal__w6,train,WG,5.6,0,6.2808214215898746
simultaneous_eeg_nirs,VP019,simultaneous_eeg_nirs__VP019__cnt_wg__prefrontal__w6,train,WG,6.36,0,5.045196808493679
simultaneous_eeg_nirs,VP019,simultaneous_eeg_nirs__VP019__cnt_wg__prefrontal__w6,train,WG,7.02,0,4.0140492957172365
simultaneous_eeg_nirs,VP019,simultaneous_eeg_nirs__VP019__cnt_wg__prefrontal__w6,train,WG,7.62,0,4.568801742606027
simultaneous_eeg_nirs,VP019,simultaneous_eeg_nirs__VP019__cnt_wg__prefrontal__w6,train,WG,9.16,0,4.776502874918917
simultaneous_eeg_nirs,VP019,simultaneous_eeg_nirs__VP019__cnt_wg__prefrontal__w6,train,WG,10.64,0,5.064990418805126
simultaneous_eeg_nirs,VP019,simultaneous_eeg_nirs__VP019__cnt_wg__prefrontal__w6,train,WG,11.66,0,4.800269623926047
simultaneous_eeg_nirs,VP019,simultaneous_eeg_nirs__VP019__cnt_wg__prefrontal__w6,train,WG,13.1,0,5.007705198656956
simultaneous_eeg_nirs,VP019,simultaneous_eeg_nirs__VP019__cnt_wg__prefrontal__w6,train,WG,13.84,0,4.243623613627228
simultaneous_eeg_nirs,VP019,simultaneous_eeg_nirs__VP019__cnt_wg__prefrontal__w6,train,WG,15.68,0,5.081621484603762
simultaneous_eeg_nirs,VP019,simultaneous_eeg_nirs__VP019__cnt_wg__prefrontal__w6,train,WG,17.1,0,4.572332588492884
simultaneous_eeg_nirs,VP019,simultaneous_eeg_nirs__VP019__cnt_wg__prefrontal__w6,train,WG,20.28,0,3.5144611514761097
simultaneous_eeg_nirs,VP019,simultaneous_eeg_nirs__VP019__cnt_wg__prefrontal__w6,train,WG,24.3,0,3.2900444850153767
simultaneous_eeg_nirs,VP019,simultaneous_eeg_nirs__VP019__cnt_wg__prefrontal__w6,train,WG,28.34,0,4.86015197380996
simultaneous_eeg_nirs,VP019,simultaneous_eeg_nirs__VP019__cnt_wg__prefrontal__w6,train,WG,2.48,1,3.500752951301725
simultaneous_eeg_nirs,VP019,simultaneous_eeg_nirs__VP019__cnt_wg__prefrontal__w6,train,WG,4.04,1,4.1972836487418
simultaneous_eeg_nirs,VP019,simultaneous_eeg_nirs__VP019__cnt_wg__prefrontal__w6,train,WG,5.52,1,-5.95779036128839
simultaneous_eeg_nirs,VP019,simultaneous_eeg_nirs__VP019__cnt_wg__prefrontal__w6,train,WG,6.06,1,-5.729647685864396
simultaneous_eeg_nirs,VP019,simultaneous_eeg_nirs__VP019__cnt_wg__prefrontal__w6,train,WG,9.72,1,14.300331473643661
simultaneous_eeg_nirs,VP019,simultaneous_eeg_nirs__VP019__cnt_wg__prefrontal__w6,train,WG,10.6,1,-18.65283490010794
simultaneous_eeg_nirs,VP019,simultaneous_eeg_nirs__VP019__cnt_wg__prefrontal__w6,train,WG,12.56,1,13.160152858720672
simultaneous_eeg_nirs,VP019,simultaneous_eeg_nirs__VP019__cnt_wg__prefrontal__w6,train,WG,15.64,1,4.342874743289078
simultaneous_eeg_nirs,VP019,simultaneous_eeg_nirs__VP019__cnt_wg__prefrontal__w6,train,WG,20.98,1,-7.794216500755884
simultaneous_eeg_nirs,VP019,simultaneous_eeg_nirs__VP019__cnt_wg__prefrontal__w6,train,WG,28.34,1,4.028986771025314
simultaneous_eeg_nirs,VP019,simultaneous_eeg_nirs__VP019__cnt_wg__prefrontal__w6,train,WG,29.06,1,-15.636157074949448
simultaneous_eeg_nirs,VP019,simultaneous_eeg_nirs__VP019__cnt_wg__prefrontal__w7,train,WG,0.68,0,3.366490623383212
simultaneous_eeg_nirs,VP019,simultaneous_eeg_nirs__VP019__cnt_wg__prefrontal__w7,train,WG,2.78,0,4.3479193703658146
simultaneous_eeg_nirs,VP019,simultaneous_eeg_nirs__VP019__cnt_wg__prefrontal__w7,train,WG,3.58,0,3.742000314445493
simultaneous_eeg_nirs,VP019,simultaneous_eeg_nirs__VP019__cnt_wg__prefrontal__w7,train,WG,5.5,0,4.227504601275595
simultaneous_eeg_nirs,VP019,simultaneous_eeg_nirs__VP019__cnt_wg__prefrontal__w7,train,WG,6.32,0,3.762433435115122
simultaneous_eeg_nirs,VP019,simultaneous_eeg_nirs__VP019__cnt_wg__prefrontal__w7,train,WG,8.1,0,4.883691079025722
simultaneous_eeg_nirs,VP019,simultaneous_eeg_nirs__VP019__cnt_wg__prefrontal__w7,train,WG,9.36,0,5.057962171538362
simultaneous_eeg_nirs,VP019,simultaneous_eeg_nirs__VP019__cnt_wg__prefrontal__w7,train,WG,10.82,0,4.738953068226854
simultaneous_eeg_nirs,VP019,simultaneous_eeg_nirs__VP019__cnt_wg__prefrontal__w7,train,WG,12.26,0,5.2190602438447895
simultaneous_eeg_nirs,VP019,simultaneous_eeg_nirs__VP019__cnt_wg__prefrontal__w7,train,WG,13.84,0,5.192060114849492
simultaneous_eeg_nirs,VP019,simultaneous_eeg_nirs__VP019__cnt_wg__prefrontal__w7,train,WG,15.64,0,5.389100062466272
simultaneous_eeg_nirs,VP019,simultaneous_eeg_nirs__VP019__cnt_wg__prefrontal__w7,train,WG,18.3,0,3.6073401197776795
simultaneous_eeg_nirs,VP019,simultaneous_eeg_nirs__VP019__cnt_wg__prefrontal__w7,train,WG,22.6,0,3.27603982555098
simultaneous_eeg_nirs,VP019,simultaneous_eeg_nirs__VP019__cnt_wg__prefrontal__w7,train,WG,28.78,0,3.3741335432837216
simultaneous_eeg_nirs,VP019,simultaneous_eeg_nirs__VP019__cnt_wg__prefrontal__w7,train,WG,1.64,1,-13.837316735805299
simultaneous_eeg_nirs,VP019,simultaneous_eeg_nirs__VP019__cnt_wg__prefrontal__w7,train,WG,2.26,1,21.658670472202523
simultaneous_eeg_nirs,VP019,simultaneous_eeg_nirs__VP019__cnt_wg__prefrontal__w7,train,WG,3.52,1,3.8381836277467927
simultaneous_eeg_nirs,VP019,simultaneous_eeg_nirs__VP019__cnt_wg__prefrontal__w7,train,WG,6.9,1,13.462708423461644
simultaneous_eeg_nirs,VP019,simultaneous_eeg_nirs__VP019__cnt_wg__prefrontal__w7,train,WG,7.44,1,-16.472482191054905
simultaneous_eeg_nirs,VP019,simultaneous_eeg_nirs__VP019__cnt_wg__prefrontal__w7,train,WG,8.82,1,-8.979429395497892
simultaneous_eeg_nirs,VP019,simultaneous_eeg_nirs__VP019__cnt_wg__prefrontal__w7,train,WG,9.92,1,7.563822148765872
simultaneous_eeg_nirs,VP019,simultaneous_eeg_nirs__VP019__cnt_wg__prefrontal__w7,train,WG,13.24,1,14.32491137889573
simultaneous_eeg_nirs,VP019,simultaneous_eeg_nirs__VP019__cnt_wg__prefrontal__w7,train,WG,14.22,1,-16.9828126955529
simultaneous_eeg_nirs,VP019,simultaneous_eeg_nirs__VP019__cnt_wg__prefrontal__w7,train,WG,15.2,1,12.305984434837354
simultaneous_eeg_nirs,VP019,simultaneous_eeg_nirs__VP019__cnt_wg__prefrontal__w7,train,WG,15.7,1,-3.201693195483025
simultaneous_eeg_nirs,VP019,simultaneous_eeg_nirs__VP019__cnt_wg__prefrontal__w7,train,WG,20.72,1,7.746960360590741
simultaneous_eeg_nirs,VP019,simultaneous_eeg_nirs__VP019__cnt_wg__prefrontal__w7,train,WG,22.04,1,8.752611731566311
simultaneous_eeg_nirs,VP019,simultaneous_eeg_nirs__VP019__cnt_wg__prefrontal__w7,train,WG,22.6,1,-6.791336044151004
simultaneous_eeg_nirs,VP019,simultaneous_eeg_nirs__VP019__cnt_wg__prefrontal__w7,train,WG,24.64,1,-7.525712213301088
simultaneous_eeg_nirs,VP019,simultaneous_eeg_nirs__VP019__cnt_wg__prefrontal__w7,train,WG,28.86,1,4.50763862569039
simultaneous_eeg_nirs,VP020,simultaneous_eeg_nirs__VP020__cnt_wg__prefrontal__w0,evaluate,BL,1.02,0,3.2124658330463496
simultaneous_eeg_nirs,VP020,simultaneous_eeg_nirs__VP020__cnt_wg__prefrontal__w0,evaluate,BL,4.8,0,3.978178528635883
simultaneous_eeg_nirs,VP020,simultaneous_eeg_nirs__VP020__cnt_wg__prefrontal__w0,evaluate,BL,6.98,0,3.059896721337871
simultaneous_eeg_nirs,VP020,simultaneous_eeg_nirs__VP020__cnt_wg__prefrontal__w0,evaluate,BL,8.08,0,3.458703976019937
simultaneous_eeg_nirs,VP020,simultaneous_eeg_nirs__VP020__cnt_wg__prefrontal__w0,evaluate,BL,16.74,0,3.3756293020702826
simultaneous_eeg_nirs,VP020,simultaneous_eeg_nirs__VP020__cnt_wg__prefrontal__w0,evaluate,BL,19.34,0,3.30448647075097
simultaneous_eeg_nirs,VP020,simultaneous_eeg_nirs__VP020__cnt_wg__prefrontal__w0,evaluate,BL,25.04,0,3.190491564917325
simultaneous_eeg_nirs,VP020,simultaneous_eeg_nirs__VP020__cnt_wg__prefrontal__w0,evaluate,BL,0.52,1,-6.590487878178716
simultaneous_eeg_nirs,VP020,simultaneous_eeg_nirs__VP020__cnt_wg__prefrontal__w0,evaluate,BL,2.44,1,3.8829285597361607
simultaneous_eeg_nirs,VP020,simultaneous_eeg_nirs__VP020__cnt_wg__prefrontal__w0,evaluate,BL,3.12,1,-6.050195689382519
simultaneous_eeg_nirs,VP020,simultaneous_eeg_nirs__VP020__cnt_wg__prefrontal__w0,evaluate,BL,3.72,1,-7.763645708856644
simultaneous_eeg_nirs,VP020,simultaneous_eeg_nirs__VP020__cnt_wg__prefrontal__w0,evaluate,BL,4.64,1,8.384322233258711
simultaneous_eeg_nirs,VP020,simultaneous_eeg_nirs__VP020__cnt_wg__prefrontal__w0,evaluate,BL,8.76,1,5.958656659405557
simultaneous_eeg_nirs,VP020,simultaneous_eeg_nirs__VP020__cnt_wg__prefrontal__w0,evaluate,BL,10.16,1,6.747191563604085
simultaneous_eeg_nirs,VP020,simultaneous_eeg_nirs__VP020__cnt_wg__prefrontal__w0,evaluate,BL,10.88,1,-7.0003044246975366
simultaneous_eeg_nirs,VP020,simultaneous_eeg_nirs__VP020__cnt_wg__prefrontal__w0,evaluate,BL,11.42,1,5.042658876688801
simultaneous_eeg_nirs,VP020,simultaneous_eeg_nirs__VP020__cnt_wg__prefrontal__w0,evaluate,BL,12.66,1,-6.946633198263018
simultaneous_eeg_nirs,VP020,simultaneous_eeg_nirs__VP020__cnt_wg__prefrontal__w0,evaluate,BL,14.68,1,-3.998278090117497
simultaneous_eeg_nirs,VP020,simultaneous_eeg_nirs__VP020__cnt_wg__prefrontal__w0,evaluate,BL,15.46,1,7.412249521799059
simultaneous_eeg_nirs,VP020,simultaneous_eeg_nirs__VP020__cnt_wg__prefrontal__w0,evaluate,BL,16.5,1,-3.077042155115917
simultaneous_eeg_nirs,VP020,simultaneous_eeg_nirs__VP020__cnt_wg__prefrontal__w0,evaluate,BL,17.76,1,-5.310820023958133
simultaneous_eeg_nirs,VP020,simultaneous_eeg_nirs__VP020__cnt_wg__prefrontal__w0,evaluate,BL,18.38,1,-5.554267028110806
simultaneous_eeg_nirs,VP020,simultaneous_eeg_nirs__VP020__cnt_wg__prefrontal__w0,evaluate,BL,18.9,1,7.89207983000313
simultaneous_eeg_nirs,VP020,simultaneous_eeg_nirs__VP020__cnt_wg__prefrontal__w0,evaluate,BL,21.52,1,3.468896438659201
simultaneous_eeg_nirs,VP020,simultaneous_eeg_nirs__VP020__cnt_wg__prefrontal__w0,evaluate,BL,25.0,1,-7.872833777437845
simultaneous_eeg_nirs,VP020,simultaneous_eeg_nirs__VP020__cnt_wg__prefrontal__w0,evaluate,BL,25.52,1,4.11603642515754
simultaneous_eeg_nirs,VP020,simultaneous_eeg_nirs__VP020__cnt_wg__prefrontal__w1,evaluate,BL,14.12,0,3.471501306220928
simultaneous_eeg_nirs,VP020,simultaneous_eeg_nirs__VP020__cnt_wg__prefrontal__w1,evaluate,BL,19.24,0,3.4372596195695886
simultaneous_eeg_nirs,VP020,simultaneous_eeg_nirs__VP020__cnt_wg__prefrontal__w1,evaluate,BL,1.26,1,3.7720314022340604
simultaneous_eeg_nirs,VP020,simultaneous_eeg_nirs__VP020__cnt_wg__prefrontal__w1,evaluate,BL,3.24,1,-5.244974732505534
simultaneous_eeg_nirs,VP020,simultaneous_eeg_nirs__VP020__cnt_wg__prefrontal__w1,evaluate,BL,5.64,1,-4.648569176907134
simultaneous_eeg_nirs,VP020,simultaneous_eeg_nirs__VP020__cnt_wg__prefrontal__w1,evaluate,BL,6.74,1,-3.2572343020194525
simultaneous_eeg_nirs,VP020,simultaneous_eeg_nirs__VP020__cnt_wg__prefrontal__w1,evaluate,BL,9.4,1,-4.072006027116245
simultaneous_eeg_nirs,VP020,simultaneous_eeg_nirs__VP020__cnt_wg__prefrontal__w1,evaluate,BL,12.08,1,-8.708826654852482
simultaneous_eeg_nirs,VP020,simultaneous_eeg_nirs__VP020__cnt_wg__prefrontal__w1,evaluate,BL,14.06,1,-8.549332298796068
simultaneous_eeg_nirs,VP020,simultaneous_eeg_nirs__VP020__cnt_wg__prefrontal__w1,evaluate,BL,14.86,1,-5.719471328543581
simultaneous_eeg_nirs,VP020,simultaneous_eeg_nirs__VP020__cnt_wg__prefrontal__w1,evaluate,BL,15.74,1,-3.2834059778504434
simultaneous_eeg_nirs,VP020,simultaneous_eeg_nirs__VP020__cnt_wg__prefrontal__w1,evaluate,BL,18.2,1,7.6025772439973105
simultaneous_eeg_nirs,VP020,simultaneous_eeg_nirs__VP020__cnt_wg__prefrontal__w1,evaluate,BL,20.54,1,4.58719455669571
simultaneous_eeg_nirs,VP020,simultaneous_eeg_nirs__VP020__cnt_wg__prefrontal__w1,evaluate,BL,22.0,1,-3.9308945651098
simultaneous_eeg_nirs,VP020,simultaneous_eeg_nirs__VP020__cnt_wg__prefrontal__w1,evaluate,BL,22.7,1,4.404375476249476
simultaneous_eeg_nirs,VP020,simultaneous_eeg_nirs__VP020__cnt_wg__prefrontal__w1,evaluate,BL,24.04,1,-3.9434064048551343
simultaneous_eeg_nirs,VP020,simultaneous_eeg_nirs__VP020__cnt_wg__prefrontal__w1,evaluate,BL,25.12,1,-6.50346838201749
simultaneous_eeg_nirs,VP020,simultaneous_eeg_nirs__VP020__cnt_wg__prefrontal__w1,evaluate,BL,28.32,1,4.673683311214934
simultaneous_eeg_nirs,VP020,simultaneous_eeg_nirs__VP020__cnt_wg__prefrontal__w2,evaluate,WG,11.02,0,3.1037485645130896
simultaneous_eeg_nirs,VP020,simultaneous_eeg_nirs__VP020__cnt_wg__prefrontal__w2,evaluate,WG,26.5,0,3.1043789633432293
simultaneous_eeg_nirs,VP020,simultaneous_eeg_nirs__VP020__cnt_wg__prefrontal__w2,evaluate,WG,28.44,0,3.124948098337644
simultaneous_eeg_nirs,VP020,simultaneous_eeg_nirs__VP020__cnt_wg__prefrontal__w2,evaluate,WG,0.36,1,3.1185391854388897
simultaneous_eeg_nirs,VP020,simultaneous_eeg_nirs__VP020__cnt_wg__prefrontal__w2,evaluate,WG,1.56,1,-4.015500315134947
simultaneous_eeg_nirs,VP020,simultaneous_eeg_nirs__VP020__cnt_wg__prefrontal__w2,evaluate,WG,7.34,1,5.5266406177712115
simultaneous_eeg_nirs,VP020,simultaneous_eeg_nirs__VP020__cnt_wg__prefrontal__w2,evaluate,WG,8.36,1,-9.523404249276725
simultaneous_eeg_nirs,VP020,simultaneous_eeg_nirs__VP020__cnt_wg__prefrontal__w2,evaluate,WG,9.04,1,4.927327666036297
simultaneous_eeg_nirs,VP020,simultaneous_eeg_nirs__VP020__cnt_wg__prefrontal__w2,evaluate,WG,9.94,1,3.039146942081301
simultaneous_eeg_nirs,VP020,simultaneous_eeg_nirs__VP020__cnt_wg__prefrontal__w2,evaluate,WG,12.22,1,-5.1826826364436975
simultaneous_eeg_nirs,VP020,simultaneous_eeg_nirs__VP020__cnt_wg__prefrontal__w2,evaluate,WG,13.32,1,-9.312724871813947
simultaneous_eeg_nirs,VP020,simultaneous_eeg_nirs__VP020__cnt_wg__prefrontal__w2,evaluate,WG,19.92,1,5.6193203629413455
simultaneous_eeg_nirs,VP020,simultaneous_eeg_nirs__VP020__cnt_wg__prefrontal__w2,evaluate,WG,21.06,1,-3.306638641746479
simultaneous_eeg_nirs,VP020,simultaneous_eeg_nirs__VP020__cnt_wg__prefrontal__w2,evaluate,WG,26.16,1,-3.9714226583368344
simultaneous_eeg_nirs,VP020,simultaneous_eeg_nirs__VP020__cnt_wg__prefrontal__w2,evaluate,WG,26.72,1,9.134966967836117
simultaneous_eeg_nirs,VP020,simultaneous_eeg_nirs__VP020__cnt_wg__prefrontal__w2,evaluate,WG,27.58,1,-9.565568381312332
simultaneous_eeg_nirs,VP020,simultaneous_eeg_nirs__VP020__cnt_wg__prefrontal__w2,evaluate,WG,28.16,1,3.558711449527626
simultaneous_eeg_nirs,VP020,simultaneous_eeg_nirs__VP020__cnt_wg__prefrontal__w2,evaluate,WG,28.88,1,-7.277833562166641
simultaneous_eeg_nirs,VP020,simultaneous_eeg_nirs__VP020__cnt_wg__prefrontal__w2,evaluate,WG,29.74,1,3.0996040231914064
simultaneous_eeg_nirs,VP020,simultaneous_eeg_nirs__VP020__cnt_wg__prefrontal__w3,evaluate,BL,19.5,0,3.1159714567917196
simultaneous_eeg_nirs,VP020,simultaneous_eeg_nirs__VP020__cnt_wg__prefrontal__w3,evaluate,BL,4.46,1,3.0059396715184863
simultaneous_eeg_nirs,VP020,simultaneous_eeg_nirs__VP020__cnt_wg__prefrontal__w3,evaluate,BL,11.1,1,3.2573799954801155
simultaneous_eeg_nirs,VP020,simultaneous_eeg_nirs__VP020__cnt_wg__prefrontal__w3,evaluate,BL,11.72,1,-4.752743250270087
simultaneous_eeg_nirs,VP020,simultaneous_eeg_nirs__VP020__cnt_wg__prefrontal__w3,evaluate,BL,12.24,1,7.689223415327202
simultaneous_eeg_nirs,VP020,simultaneous_eeg_nirs__VP020__cnt_wg__prefrontal__w3,evaluate,BL,12.88,1,-3.8311385942466316
simultaneous_eeg_nirs,VP020,simultaneous_eeg_nirs__VP020__cnt_wg__prefrontal__w3,evaluate,BL,13.86,1,-4.213937991967876
simultaneous_eeg_nirs,VP020,simultaneous_eeg_nirs__VP020__cnt_wg__prefrontal__w3,evaluate,BL,14.74,1,-6.279876994982762
simultaneous_eeg_nirs,VP020,simultaneous_eeg_nirs__VP020__cnt_wg__prefrontal__w3,evaluate,BL,15.36,1,5.095216117527988
simultaneous_eeg_nirs,VP020,simultaneous_eeg_nirs__VP020__cnt_wg__prefrontal__w3,evaluate,BL,17.78,1,4.923028964281486
simultaneous_eeg_nirs,VP020,simultaneous_eeg_nirs__VP020__cnt_wg__prefrontal__w3,evaluate,BL,18.32,1,-4.106757716418107
simultaneous_eeg_nirs,VP020,simultaneous_eeg_nirs__VP020__cnt_wg__prefrontal__w3,evaluate,BL,18.82,1,6.678818715371315
simultaneous_eeg_nirs,VP020,simultaneous_eeg_nirs__VP020__cnt_wg__prefrontal__w3,evaluate,BL,19.94,1,-6.216719586973998
simultaneous_eeg_nirs,VP020,simultaneous_eeg_nirs__VP020__cnt_wg__prefrontal__w3,evaluate,BL,20.56,1,5.975522591920006
simultaneous_eeg_nirs,VP020,simultaneous_eeg_nirs__VP020__cnt_wg__prefrontal__w3,evaluate,BL,21.48,1,-6.0802125525878346
simultaneous_eeg_nirs,VP020,simultaneous_eeg_nirs__VP020__cnt_wg__prefrontal__w3,evaluate,BL,22.6,1,-4.508322387217151
simultaneous_eeg_nirs,VP020,simultaneous_eeg_nirs__VP020__cnt_wg__prefrontal__w3,evaluate,BL,23.58,1,-8.684705219249352
simultaneous_eeg_nirs,VP020,simultaneous_eeg_nirs__VP020__cnt_wg__prefrontal__w3,evaluate,BL,24.34,1,9.130155907063758
simultaneous_eeg_nirs,VP020,simultaneous_eeg_nirs__VP020__cnt_wg__prefrontal__w3,evaluate,BL,26.72,1,-4.820391964213602
simultaneous_eeg_nirs,VP020,simultaneous_eeg_nirs__VP020__cnt_wg__prefrontal__w3,evaluate,BL,28.46,1,-4.323799849060282
simultaneous_eeg_nirs,VP020,simultaneous_eeg_nirs__VP020__cnt_wg__prefrontal__w3,evaluate,BL,29.1,1,5.781534244212915
simultaneous_eeg_nirs,VP020,simultaneous_eeg_nirs__VP020__cnt_wg__prefrontal__w4,evaluate,BL,0.46,1,-5.001026308949006
simultaneous_eeg_nirs,VP020,simultaneous_eeg_nirs__VP020__cnt_wg__prefrontal__w4,evaluate,BL,2.0,1,-5.482667717832222
simultaneous_eeg_nirs,VP020,simultaneous_eeg_nirs__VP020__cnt_wg__prefrontal__w4,evaluate,BL,11.28,1,-6.740669312954586
simultaneous_eeg_nirs,VP020,simultaneous_eeg_nirs__VP020__cnt_wg__prefrontal__w4,evaluate,BL,11.92,1,-5.625013149124898
simultaneous_eeg_nirs,VP020,simultaneous_eeg_nirs__VP020__cnt_wg__prefrontal__w4,evaluate,BL,12.46,1,3.2997714603571158
simultaneous_eeg_nirs,VP020,simultaneous_eeg_nirs__VP020__cnt_wg__prefrontal__w4,evaluate,BL,13.1,1,-4.606839623108307
simultaneous_eeg_nirs,VP020,simultaneous_eeg_nirs__VP020__cnt_wg__prefrontal__w4,evaluate,BL,15.36,1,-6.453879729977923
simultaneous_eeg_nirs,VP020,simultaneous_eeg_nirs__VP020__cnt_wg__prefrontal__w4,evaluate,BL,16.06,1,3.0354799158584473
simultaneous_eeg_nirs,VP020,simultaneous_eeg_nirs__VP020__cnt_wg__prefrontal__w4,evaluate,BL,18.4,1,-5.6368096003185695
simultaneous_eeg_nirs,VP020,simultaneous_eeg_nirs__VP020__cnt_wg__prefrontal__w4,evaluate,BL,19.8,1,-3.0865811583531775
simultaneous_eeg_nirs,VP020,simultaneous_eeg_nirs__VP020__cnt_wg__prefrontal__w4,evaluate,BL,20.32,1,4.21063624888914
simultaneous_eeg_nirs,VP020,simultaneous_eeg_nirs__VP020__cnt_wg__prefrontal__w4,evaluate,BL,27.02,1,-8.177668466808091
simultaneous_eeg_nirs,VP020,simultaneous_eeg_nirs__VP020__cnt_wg__prefrontal__w4,evaluate,BL,27.52,1,4.276276476527874
simultaneous_eeg_nirs,VP020,simultaneous_eeg_nirs__VP020__cnt_wg__prefrontal__w4,evaluate,BL,28.38,1,-6.10445820838958
simultaneous_eeg_nirs,VP020,simultaneous_eeg_nirs__VP020__cnt_wg__prefrontal__w4,evaluate,BL,29.54,1,-5.543657600529367
simultaneous_eeg_nirs,VP020,simultaneous_eeg_nirs__VP020__cnt_wg__prefrontal__w5,evaluate,WG,0.02,1,-4.069977673423093
simultaneous_eeg_nirs,VP020,simultaneous_eeg_nirs__VP020__cnt_wg__prefrontal__w5,evaluate,WG,1.82,1,3.365111258665319
simultaneous_eeg_nirs,VP020,simultaneous_eeg_nirs__VP020__cnt_wg__prefrontal__w5,evaluate,WG,6.7,1,-4.92251722571244
simultaneous_eeg_nirs,VP020,simultaneous_eeg_nirs__VP020__cnt_wg__prefrontal__w5,evaluate,WG,11.92,1,-6.307109053434904
simultaneous_eeg_nirs,VP020,simultaneous_eeg_nirs__VP020__cnt_wg__prefrontal__w5,evaluate,WG,18.6,1,-3.5886378718945555
simultaneous_eeg_nirs,VP020,simultaneous_eeg_nirs__VP020__cnt_wg__prefrontal__w5,evaluate,WG,19.4,1,3.2497638329805096
simultaneous_eeg_nirs,VP020,simultaneous_eeg_nirs__VP020__cnt_wg__prefrontal__w5,evaluate,WG,20.46,1,3.674277724590848
simultaneous_eeg_nirs,VP020,simultaneous_eeg_nirs__VP020__cnt_wg__prefrontal__w5,evaluate,WG,23.52,1,-3.2175813602348846
simultaneous_eeg_nirs,VP020,simultaneous_eeg_nirs__VP020__cnt_wg__prefrontal__w6,evaluate,WG,23.42,0,3.0745912280635324
simultaneous_eeg_nirs,VP020,simultaneous_eeg_nirs__VP020__cnt_wg__prefrontal__w6,evaluate,WG,0.96,1,-4.432003382178497
simultaneous_eeg_nirs,VP020,simultaneous_eeg_nirs__VP020__cnt_wg__prefrontal__w6,evaluate,WG,2.4,1,-6.411760366170395
simultaneous_eeg_nirs,VP020,simultaneous_eeg_nirs__VP020__cnt_wg__prefrontal__w6,evaluate,WG,3.5,1,8.888389235910399
simultaneous_eeg_nirs,VP020,simultaneous_eeg_nirs__VP020__cnt_wg__prefrontal__w6,evaluate,WG,5.66,1,-8.325102011287237
simultaneous_eeg_nirs,VP020,simultaneous_eeg_nirs__VP020__cnt_wg__prefrontal__w6,evaluate,WG,9.72,1,-3.9890751725505704
simultaneous_eeg_nirs,VP020,simultaneous_eeg_nirs__VP020__cnt_wg__prefrontal__w6,evaluate,WG,18.8,1,3.607299581258003
simultaneous_eeg_nirs,VP020,simultaneous_eeg_nirs__VP020__cnt_wg__prefrontal__w6,evaluate,WG,20.62,1,-4.079489991655558
simultaneous_eeg_nirs,VP020,simultaneous_eeg_nirs__VP020__cnt_wg__prefrontal__w6,evaluate,WG,21.66,1,-3.0073613065309166
simultaneous_eeg_nirs,VP020,simultaneous_eeg_nirs__VP020__cnt_wg__prefrontal__w6,evaluate,WG,22.58,1,-3.795591798695136
simultaneous_eeg_nirs,VP020,simultaneous_eeg_nirs__VP020__cnt_wg__prefrontal__w6,evaluate,WG,24.5,1,3.3842059767703425
simultaneous_eeg_nirs,VP020,simultaneous_eeg_nirs__VP020__cnt_wg__prefrontal__w6,evaluate,WG,26.34,1,-7.363028166158488
simultaneous_eeg_nirs,VP020,simultaneous_eeg_nirs__VP020__cnt_wg__prefrontal__w6,evaluate,WG,28.56,1,-3.8082704823210567
simultaneous_eeg_nirs,VP020,simultaneous_eeg_nirs__VP020__cnt_wg__prefrontal__w6,evaluate,WG,29.36,1,3.360981309007443
simultaneous_eeg_nirs,VP020,simultaneous_eeg_nirs__VP020__cnt_wg__prefrontal__w7,evaluate,BL,6.22,0,3.3752473941082664
simultaneous_eeg_nirs,VP020,simultaneous_eeg_nirs__VP020__cnt_wg__prefrontal__w7,evaluate,BL,0.92,1,-4.145489331083486
simultaneous_eeg_nirs,VP020,simultaneous_eeg_nirs__VP020__cnt_wg__prefrontal__w7,evaluate,BL,2.66,1,-8.497045515012507
simultaneous_eeg_nirs,VP021,simultaneous_eeg_nirs__VP021__cnt_wg__prefrontal__w0,train,BL,0.76,0,4.592471917953686
simultaneous_eeg_nirs,VP021,simultaneous_eeg_nirs__VP021__cnt_wg__prefrontal__w0,train,BL,2.2,0,3.614271210425226
simultaneous_eeg_nirs,VP021,simultaneous_eeg_nirs__VP021__cnt_wg__prefrontal__w0,train,BL,3.94,0,3.20211890954074
simultaneous_eeg_nirs,VP021,simultaneous_eeg_nirs__VP021__cnt_wg__prefrontal__w0,train,BL,4.52,0,3.719569570818505
simultaneous_eeg_nirs,VP021,simultaneous_eeg_nirs__VP021__cnt_wg__prefrontal__w0,train,BL,6.62,0,3.3601746690996235
simultaneous_eeg_nirs,VP021,simultaneous_eeg_nirs__VP021__cnt_wg__prefrontal__w0,train,BL,11.84,0,3.1519511144353327
simultaneous_eeg_nirs,VP021,simultaneous_eeg_nirs__VP021__cnt_wg__prefrontal__w0,train,BL,16.42,0,3.3506022916739773
simultaneous_eeg_nirs,VP021,simultaneous_eeg_nirs__VP021__cnt_wg__prefrontal__w0,train,BL,18.0,0,3.342379887281157
simultaneous_eeg_nirs,VP021,simultaneous_eeg_nirs__VP021__cnt_wg__prefrontal__w0,train,BL,21.94,0,3.3703954423104183
simultaneous_eeg_nirs,VP021,simultaneous_eeg_nirs__VP021__cnt_wg__prefrontal__w0,train,BL,22.88,0,4.655115038071518
simultaneous_eeg_nirs,VP021,simultaneous_eeg_nirs__VP021__cnt_wg__prefrontal__w0,train,BL,24.38,0,4.452866981639449
simultaneous_eeg_nirs,VP021,simultaneous_eeg_nirs__VP021__cnt_wg__prefrontal__w0,train,BL,25.98,0,3.159787548131709
simultaneous_eeg_nirs,VP021,simultaneous_eeg_nirs__VP021__cnt_wg__prefrontal__w0,train,BL,0.08,1,3.6369610346910615
simultaneous_eeg_nirs,VP021,simultaneous_eeg_nirs__VP021__cnt_wg__prefrontal__w0,train,BL,7.12,1,3.263497282253892
simultaneous_eeg_nirs,VP021,simultaneous_eeg_nirs__VP021__cnt_wg__prefrontal__w0,train,BL,15.9,1,7.915769474435893
simultaneous_eeg_nirs,VP021,simultaneous_eeg_nirs__VP021__cnt_wg__prefrontal__w0,train,BL,21.86,1,3.0792136472806693
simultaneous_eeg_nirs,VP021,simultaneous_eeg_nirs__VP021__cnt_wg__prefrontal__w1,train,BL,1.2,0,3.4019746022515007
simultaneous_eeg_nirs,VP021,simultaneous_eeg_nirs__VP021__cnt_wg__prefrontal__w1,train,BL,6.5,0,3.74662462779327
simultaneous_eeg_nirs,VP021,simultaneous_eeg_nirs__VP021__cnt_wg__prefrontal__w1,train,BL,9.2,0,3.686938104365816
simultaneous_eeg_nirs,VP021,simultaneous_eeg_nirs__VP021__cnt_wg__prefrontal__w1,train,BL,11.92,0,3.350281238654378
simultaneous_eeg_nirs,VP021,simultaneous_eeg_nirs__VP021__cnt_wg__prefrontal__w1,train,BL,14.98,0,3.156069701372411
simultaneous_eeg_nirs,VP021,simultaneous_eeg_nirs__VP021__cnt_wg__prefrontal__w1,train,BL,15.76,0,3.8080817407003034
simultaneous_eeg_nirs,VP021,simultaneous_eeg_nirs__VP021__cnt_wg__prefrontal__w1,train,BL,17.14,0,3.5664717360555613
simultaneous_eeg_nirs,VP021,simultaneous_eeg_nirs__VP021__cnt_wg__prefrontal__w1,train,BL,19.16,0,3.3637052573754764
simultaneous_eeg_nirs,VP021,simultaneous_eeg_nirs__VP021__cnt_wg__prefrontal__w1,train,BL,21.02,0,3.3235855130608405
simultaneous_eeg_nirs,VP021,simultaneous_eeg_nirs__VP021__cnt_wg__prefrontal__w1,train,BL,25.22,0,3.141553209660314
simultaneous_eeg_nirs,VP021,simultaneous_eeg_nirs__VP021__cnt_wg__prefrontal__w1,train,BL,26.14,0,3.9160047006037044
simultaneous_eeg_nirs,VP021,simultaneous_eeg_nirs__VP021__cnt_wg__prefrontal__w1,train,BL,27.28,0,3.882289972104337
simultaneous_eeg_nirs,VP021,simultaneous_eeg_nirs__VP021__cnt_wg__prefrontal__w1,train,BL,15.86,1,3.305762940979373
simultaneous_eeg_nirs,VP021,simultaneous_eeg_nirs__VP021__cnt_wg__prefrontal__w2,train,BL,6.06,0,3.5122733418685756
simultaneous_eeg_nirs,VP021,simultaneous_eeg_nirs__VP021__cnt_wg__prefrontal__w2,train,BL,7.32,0,3.4484066822062607
simultaneous_eeg_nirs,VP021,simultaneous_eeg_nirs__VP021__cnt_wg__prefrontal__w2,train,BL,8.64,0,4.6754929283155455
simultaneous_eeg_nirs,VP021,simultaneous_eeg_nirs__VP021__cnt_wg__prefrontal__w2,train,BL,9.98,0,3.4566875533544925
simultaneous_eeg_nirs,VP021,simultaneous_eeg_nirs__VP021__cnt_wg__prefrontal__w2,train,BL,11.54,0,3.3762881009451755
simultaneous_eeg_nirs,VP021,simultaneous_eeg_nirs__VP021__cnt_wg__prefrontal__w2,train,BL,13.52,0,3.0103457892893597
simultaneous_eeg_nirs,VP021,simultaneous_eeg_nirs__VP021__cnt_wg__prefrontal__w2,train,BL,14.42,0,4.002732509877762
simultaneous_eeg_nirs,VP021,simultaneous_eeg_nirs__VP021__cnt_wg__prefrontal__w2,train,BL,15.68,0,3.8982170955300712
simultaneous_eeg_nirs,VP021,simultaneous_eeg_nirs__VP021__cnt_wg__prefrontal__w2,train,BL,17.8,0,4.146525838971784
simultaneous_eeg_nirs,VP021,simultaneous_eeg_nirs__VP021__cnt_wg__prefrontal__w2,train,BL,18.64,0,4.474204106302396
simultaneous_eeg_nirs,VP021,simultaneous_eeg_nirs__VP021__cnt_wg__prefrontal__w2,train,BL,19.6,0,3.8323277858381295
simultaneous_eeg_nirs,VP021,simultaneous_eeg_nirs__VP021__cnt_wg__prefrontal__w2,train,BL,21.26,0,3.318632843311684
simultaneous_eeg_nirs,VP021,simultaneous_eeg_nirs__VP021__cnt_wg__prefrontal__w2,train,BL,22.54,0,3.0399702523049483
simultaneous_eeg_nirs,VP021,simultaneous_eeg_nirs__VP021__cnt_wg__prefrontal__w2,train,BL,23.1,0,4.105275575614295
simultaneous_eeg_nirs,VP021,simultaneous_eeg_nirs__VP021__cnt_wg__prefrontal__w2,train,BL,24.86,0,3.4079513321741053
simultaneous_eeg_nirs,VP021,simultaneous_eeg_nirs__VP021__cnt_wg__prefrontal__w2,train,BL,27.66,0,3.912195653898265
simultaneous_eeg_nirs,VP021,simultaneous_eeg_nirs__VP021__cnt_wg__prefrontal__w2,train,BL,29.06,0,3.3343190343148694
simultaneous_eeg_nirs,VP021,simultaneous_eeg_nirs__VP021__cnt_wg__prefrontal__w2,train,BL,6.04,1,-3.164080723434258
simultaneous_eeg_nirs,VP021,simultaneous_eeg_nirs__VP021__cnt_wg__prefrontal__w2,train,BL,7.4,1,3.6132076521598906
simultaneous_eeg_nirs,VP021,simultaneous_eeg_nirs__VP021__cnt_wg__prefrontal__w2,train,BL,8.12,1,-5.449471423068025
simultaneous_eeg_nirs,VP021,simultaneous_eeg_nirs__VP021__cnt_wg__prefrontal__w2,train,BL,10.04,1,4.259464667787175
simultaneous_eeg_nirs,VP021,simultaneous_eeg_nirs__VP021__cnt_wg__prefrontal__w2,train,BL,15.8,1,5.5945178743286395
simultaneous_eeg_nirs,VP021,simultaneous_eeg_nirs__VP021__cnt_wg__prefrontal__w2,train,BL,16.98,1,6.766919044104602
simultaneous_eeg_nirs,VP021,simultaneous_eeg_nirs__VP021__cnt_wg__prefrontal__w2,train,BL,17.56,1,-7.924612684455761
simultaneous_eeg_nirs,VP021,simultaneous_eeg_nirs__VP021__cnt_wg__prefrontal__w2,train,BL,18.16,1,-4.266820276246692
simultaneous_eeg_nirs,VP021,simultaneous_eeg_nirs__VP021__cnt_wg__prefrontal__w2,train,BL,19.66,1,4.696421583170743
simultaneous_eeg_nirs,VP021,simultaneous_eeg_nirs__VP021__cnt_wg__prefrontal__w2,train,BL,22.6,1,3.1308874003485525
simultaneous_eeg_nirs,VP021,simultaneous_eeg_nirs__VP021__cnt_wg__prefrontal__w2,train,BL,23.98,1,8.249305334129744
simultaneous_eeg_nirs,VP021,simultaneous_eeg_nirs__VP021__cnt_wg__prefrontal__w2,train,BL,24.48,1,-6.783030375500813
simultaneous_eeg_nirs,VP021,simultaneous_eeg_nirs__VP021__cnt_wg__prefrontal__w2,train,BL,27.78,1,5.724797561130825
simultaneous_eeg_nirs,VP021,simultaneous_eeg_nirs__VP021__cnt_wg__prefrontal__w2,train,BL,29.14,1,3.5629940978453662
simultaneous_eeg_nirs,VP021,simultaneous_eeg_nirs__VP021__cnt_wg__prefrontal__w3,train,WG,0.14,0,4.16153587492365
simultaneous_eeg_nirs,VP021,simultaneous_eeg_nirs__VP021__cnt_wg__prefrontal__w3,train,WG,1.12,0,3.0516436881749445
simultaneous_eeg_nirs,VP021,simultaneous_eeg_nirs__VP021__cnt_wg__prefrontal__w3,train,WG,2.5,0,3.5250824130978637
simultaneous_eeg_nirs,VP021,simultaneous_eeg_nirs__VP021__cnt_wg__prefrontal__w3,train,WG,4.72,0,3.2222463015602734
simultaneous_eeg_nirs,VP021,simultaneous_eeg_nirs__VP021__cnt_wg__prefrontal__w3,train,WG,5.58,0,3.4079776583119856
simultaneous_eeg_nirs,VP021,simultaneous_eeg_nirs__VP021__cnt_wg__prefrontal__w3,train,WG,7.02,0,4.265992750906248
simultaneous_eeg_nirs,VP021,simultaneous_eeg_nirs__VP021__cnt_wg__prefrontal__w3,train,WG,8.4,0,3.7208947314503837
simultaneous_eeg_nirs,VP021,simultaneous_eeg_nirs__VP021__cnt_wg__prefrontal__w3,train,WG,9.92,0,3.4487461433016877
simultaneous_eeg_nirs,VP021,simultaneous_eeg_nirs__VP021__cnt_wg__prefrontal__w3,train,WG,12.66,0,3.1918690528808042
simultaneous_eeg_nirs,VP021,simultaneous_eeg_nirs__VP021__cnt_wg__prefrontal__w3,train,WG,15.26,0,3.0691999003168613
simultaneous_eeg_nirs,VP021,simultaneous_eeg_nirs__VP021__cnt_wg__prefrontal__w3,train,WG,15.98,0,3.267991401392242
simultaneous_eeg_nirs,VP021,simultaneous_eeg_nirs__VP021__cnt_wg__prefrontal__w3,train,WG,17.38,0,3.795711416978852
simultaneous_eeg_nirs,VP021,simultaneous_eeg_nirs__VP021__cnt_wg__prefrontal__w3,train,WG,18.36,0,3.991545297153337
simultaneous_eeg_nirs,VP021,simultaneous_eeg_nirs__VP021__cnt_wg__prefrontal__w3,train,WG,19.66,0,3.612347106453259
simultaneous_eeg_nirs,VP021,simultaneous_eeg_nirs__VP021__cnt_wg__prefrontal__w3,train,WG,23.46,0,3.600348207171001
simultaneous_eeg_nirs,VP021,simultaneous_eeg_nirs__VP021__cnt_wg__prefrontal__w3,train,WG,0.24,1,3.5639034813159856
simultaneous_eeg_nirs,VP021,simultaneous_eeg_nirs__VP021__cnt_wg__prefrontal__w3,train,WG,1.86,1,-4.3947074462167945
simultaneous_eeg_nirs,VP021,simultaneous_eeg_nirs__VP021__cnt_wg__prefrontal__w3,train,WG,4.86,1,4.46553732484602
simultaneous_eeg_nirs,VP021,simultaneous_eeg_nirs__VP021__cnt_wg__prefrontal__w3,train,WG,5.96,1,-6.951275835808776
simultaneous_eeg_nirs,VP021,simultaneous_eeg_nirs__VP021__cnt_wg__prefrontal__w3,train,WG,6.6,1,5.5154547311004345
simultaneous_eeg_nirs,VP021,simultaneous_eeg_nirs__VP021__cnt_wg__prefrontal__w3,train,WG,8.5,1,4.279197217909323
simultaneous_eeg_nirs,VP021,simultaneous_eeg_nirs__VP021__cnt_wg__prefrontal__w3,train,WG,10.08,1,4.837782172881686
simultaneous_eeg_nirs,VP021,simultaneous_eeg_nirs__VP021__cnt_wg__prefrontal__w3,train,WG,12.76,1,4.87882617627349
simultaneous_eeg_nirs,VP021,simultaneous_eeg_nirs__VP021__cnt_wg__prefrontal__w3,train,WG,16.16,1,5.720199530051451
simultaneous_eeg_nirs,VP021,simultaneous_eeg_nirs__VP021__cnt_wg__prefrontal__w4,train,WG,0.92,0,3.4692925835559594
simultaneous_eeg_nirs,VP021,simultaneous_eeg_nirs__VP021__cnt_wg__prefrontal__w4,train,WG,2.5,0,3.5088949193489203
simultaneous_eeg_nirs,VP021,simultaneous_eeg_nirs__VP021__cnt_wg__prefrontal__w4,train,WG,3.26,0,3.5941655943181554
simultaneous_eeg_nirs,VP021,simultaneous_eeg_nirs__VP021__cnt_wg__prefrontal__w4,train,WG,5.58,0,4.131974159416119
simultaneous_eeg_nirs,VP021,simultaneous_eeg_nirs__VP021__cnt_wg__prefrontal__w4,train,WG,7.02,0,3.7223172680423753
simultaneous_eeg_nirs,VP021,simultaneous_eeg_nirs__VP021__cnt_wg__prefrontal__w4,train,WG,8.5,0,3.731465911397906
simultaneous_eeg_nirs,VP021,simultaneous_eeg_nirs__VP021__cnt_wg__prefrontal__w4,train,WG,9.32,0,3.7488026292784578
simultaneous_eeg_nirs,VP021,simultaneous_eeg_nirs__VP021__cnt_wg__prefrontal__w4,train,WG,11.12,0,3.467067810966684
simultaneous_eeg_nirs,VP021,simultaneous_eeg_nirs__VP021__cnt_wg__prefrontal__w4,train,WG,13.28,0,3.7604694760383532
simultaneous_eeg_nirs,VP021,simultaneous_eeg_nirs__VP021__cnt_wg__prefrontal__w4,train,WG,14.56,0,3.10375529629687
simultaneous_eeg_nirs,VP021,simultaneous_eeg_nirs__VP021__cnt_wg__prefrontal__w4,train,WG,16.1,0,3.3036035076279076
simultaneous_eeg_nirs,VP021,simultaneous_eeg_nirs__VP021__cnt_wg__prefrontal__w4,train,WG,17.74,0,3.2973641126917532
simultaneous_eeg_nirs,VP021,simultaneous_eeg_nirs__VP021__cnt_wg__prefrontal__w4,train,WG,20.58,0,3.4508247376588725
simultaneous_eeg_nirs,VP021,simultaneous_eeg_nirs__VP021__cnt_wg__prefrontal__w4,train,WG,25.98,0,3.4813278173164037
simultaneous_eeg_nirs,VP021,simultaneous_eeg_nirs__VP021__cnt_wg__prefrontal__w4,train,WG,27.62,0,3.4567166362342876
simultaneous_eeg_nirs,VP021,simultaneous_eeg_nirs__VP021__cnt_wg__prefrontal__w4,train,WG,29.3,0,3.820361458217419
simultaneous_eeg_nirs,VP021,simultaneous_eeg_nirs__VP021__cnt_wg__prefrontal__w4,train,WG,2.66,1,4.076095071311934
simultaneous_eeg_nirs,VP021,simultaneous_eeg_nirs__VP021__cnt_wg__prefrontal__w4,train,WG,3.2,1,-3.38461207924636
simultaneous_eeg_nirs,VP021,simultaneous_eeg_nirs__VP021__cnt_wg__prefrontal__w4,train,WG,7.16,1,4.2379543061934255
simultaneous_eeg_nirs,VP021,simultaneous_eeg_nirs__VP021__cnt_wg__prefrontal__w4,train,WG,8.62,1,3.487298056499649
simultaneous_eeg_nirs,VP021,simultaneous_eeg_nirs__VP021__cnt_wg__prefrontal__w4,train,WG,9.36,1,-3.2068213739207505
simultaneous_eeg_nirs,VP021,simultaneous_eeg_nirs__VP021__cnt_wg__prefrontal__w4,train,WG,11.24,1,5.339990873993295
simultaneous_eeg_nirs,VP021,simultaneous_eeg_nirs__VP021__cnt_wg__prefrontal__w4,train,WG,12.82,1,-3.7425494753097794
simultaneous_eeg_nirs,VP021,simultaneous_eeg_nirs__VP021__cnt_wg__prefrontal__w4,train,WG,14.76,1,3.766561637355451
simultaneous_eeg_nirs,VP021,simultaneous_eeg_nirs__VP021__cnt_wg__prefrontal__w4,train,WG,15.82,1,4.356062889228746
simultaneous_eeg_nirs,VP021,simultaneous_eeg_nirs__VP021__cnt_wg__prefrontal__w4,train,WG,17.02,1,-3.045709097622897
simultaneous_eeg_nirs,VP021,simultaneous_eeg_nirs__VP021__cnt_wg__prefrontal__w5,train,WG,0.86,0,3.245552339503722
simultaneous_eeg_nirs,VP021,simultaneous_eeg_nirs__VP021__cnt_wg__prefrontal__w5,train,WG,1.88,0,4.244676112102025
simultaneous_eeg_nirs,VP021,simultaneous_eeg_nirs__VP021__cnt_wg__prefrontal__w5,train,WG,5.02,0,3.1266136179743698
simultaneous_eeg_nirs,VP021,simultaneous_eeg_nirs__VP021__cnt_wg__prefrontal__w5,train,WG,8.38,0,3.7280423482409724
simultaneous_eeg_nirs,VP021,simultaneous_eeg_nirs__VP021__cnt_wg__prefrontal__w5,train,WG,13.58,0,3.588185421805703
simultaneous_eeg_nirs,VP021,simultaneous_eeg_nirs__VP021__cnt_wg__prefrontal__w5,train,WG,15.18,0,3.7242299379037807
simultaneous_eeg_nirs,VP021,simultaneous_eeg_nirs__VP021__cnt_wg__prefrontal__w5,train,WG,16.18,0,3.659021756611972
simultaneous_eeg_nirs,VP021,simultaneous_eeg_nirs__VP021__cnt_wg__prefrontal__w5,train,WG,17.78,0,3.523912654431025
simultaneous_eeg_nirs,VP021,simultaneous_eeg_nirs__VP021__cnt_wg__prefrontal__w5,train,WG,19.22,0,3.5886485124949403
simultaneous_eeg_nirs,VP021,simultaneous_eeg_nirs__VP021__cnt_wg__prefrontal__w5,train,WG,20.54,0,3.5941645631982584
simultaneous_eeg_nirs,VP021,simultaneous_eeg_nirs__VP021__cnt_wg__prefrontal__w5,train,WG,21.38,0,3.271210476463972
simultaneous_eeg_nirs,VP021,simultaneous_eeg_nirs__VP021__cnt_wg__prefrontal__w5,train,WG,22.12,0,3.206774296953994
simultaneous_eeg_nirs,VP021,simultaneous_eeg_nirs__VP021__cnt_wg__prefrontal__w5,train,WG,23.4,0,3.419019950389105
simultaneous_eeg_nirs,VP021,simultaneous_eeg_nirs__VP021__cnt_wg__prefrontal__w5,train,WG,23.94,0,3.1849945829258766
simultaneous_eeg_nirs,VP021,simultaneous_eeg_nirs__VP021__cnt_wg__prefrontal__w5,train,WG,25.16,0,3.4868890947982214
simultaneous_eeg_nirs,VP021,simultaneous_eeg_nirs__VP021__cnt_wg__prefrontal__w5,train,WG,26.22,0,3.5445245246673367
simultaneous_eeg_nirs,VP021,simultaneous_eeg_nirs__VP021__cnt_wg__prefrontal__w5,train,WG,27.74,0,3.247579980213275
simultaneous_eeg_nirs,VP021,simultaneous_eeg_nirs__VP021__cnt_wg__prefrontal__w5,train,WG,28.48,0,3.714109310745129
simultaneous_eeg_nirs,VP021,simultaneous_eeg_nirs__VP021__cnt_wg__prefrontal__w5,train,WG,29.46,0,4.375735766816931
simultaneous_eeg_nirs,VP021,simultaneous_eeg_nirs__VP021__cnt_wg__prefrontal__w5,train,WG,1.58,1,4.440157030066009
simultaneous_eeg_nirs,VP021,simultaneous_eeg_nirs__VP021__cnt_wg__prefrontal__w5,train,WG,5.32,1,3.878695370496788
simultaneous_eeg_nirs,VP021,simultaneous_eeg_nirs__VP021__cnt_wg__prefrontal__w5,train,WG,13.78,1,3.234554067808686
simultaneous_eeg_nirs,VP021,simultaneous_eeg_nirs__VP021__cnt_wg__prefrontal__w5,train,WG,15.82,1,-4.026320705257451
simultaneous_eeg_nirs,VP021,simultaneous_eeg_nirs__VP021__cnt_wg__prefrontal__w5,train,WG,18.06,1,3.6898702295211603
simultaneous_eeg_nirs,VP021,simultaneous_eeg_nirs__VP021__cnt_wg__prefrontal__w5,train,WG,23.14,1,-5.287601667116494
simultaneous_eeg_nirs,VP021,simultaneous_eeg_nirs__VP021__cnt_wg__prefrontal__w5,train,WG,25.5,1,-10.245281072338924
simultaneous_eeg_nirs,VP021,simultaneous_eeg_nirs__VP021__cnt_wg__prefrontal__w5,train,WG,28.92,1,-3.1984208388863977
simultaneous_eeg_nirs,VP021,simultaneous_eeg_nirs__VP021__cnt_wg__prefrontal__w5,train,WG,29.64,1,5.946602579560349
simultaneous_eeg_nirs,VP021,simultaneous_eeg_nirs__VP021__cnt_wg__prefrontal__w6,train,BL,1.78,0,3.373971072333685
simultaneous_eeg_nirs,VP021,simultaneous_eeg_nirs__VP021__cnt_wg__prefrontal__w6,train,BL,3.04,0,3.1993923154302575
simultaneous_eeg_nirs,VP021,simultaneous_eeg_nirs__VP021__cnt_wg__prefrontal__w6,train,BL,8.42,0,3.377361584116697
simultaneous_eeg_nirs,VP021,simultaneous_eeg_nirs__VP021__cnt_wg__prefrontal__w6,train,BL,9.48,0,3.4587984572221355
simultaneous_eeg_nirs,VP021,simultaneous_eeg_nirs__VP021__cnt_wg__prefrontal__w6,train,BL,10.5,0,3.792497635501341
simultaneous_eeg_nirs,VP021,simultaneous_eeg_nirs__VP021__cnt_wg__prefrontal__w6,train,BL,12.54,0,3.139864503808392
simultaneous_eeg_nirs,VP021,simultaneous_eeg_nirs__VP021__cnt_wg__prefrontal__w6,train,BL,15.68,0,4.043370100608241
simultaneous_eeg_nirs,VP021,simultaneous_eeg_nirs__VP021__cnt_wg__prefrontal__w6,train,BL,18.14,0,4.061986311242757
simultaneous_eeg_nirs,VP021,simultaneous_eeg_nirs__VP021__cnt_wg__prefrontal__w6,train,BL,20.4,0,3.841746746979067
simultaneous_eeg_nirs,VP021,simultaneous_eeg_nirs__VP021__cnt_wg__prefrontal__w6,train,BL,23.24,0,3.200448234979127
simultaneous_eeg_nirs,VP021,simultaneous_eeg_nirs__VP021__cnt_wg__prefrontal__w6,train,BL,27.7,0,3.950015351009099
simultaneous_eeg_nirs,VP021,simultaneous_eeg_nirs__VP021__cnt_wg__prefrontal__w6,train,BL,29.2,0,3.905157881639114
simultaneous_eeg_nirs,VP021,simultaneous_eeg_nirs__VP021__cnt_wg__prefrontal__w6,train,BL,0.44,1,5.791735736018169
simultaneous_eeg_nirs,VP021,simultaneous_eeg_nirs__VP021__cnt_wg__prefrontal__w6,train,BL,8.78,1,-4.093170197777001
simultaneous_eeg_nirs,VP021,simultaneous_eeg_nirs__VP021__cnt_wg__prefrontal__w6,train,BL,9.42,1,7.221282864843893
simultaneous_eeg_nirs,VP021,simultaneous_eeg_nirs__VP021__cnt_wg__prefrontal__w6,train,BL,11.36,1,3.3362024888446906
simultaneous_eeg_nirs,VP021,simultaneous_eeg_nirs__VP021__cnt_wg__prefrontal__w6,train,BL,14.14,1,-6.94951089471178
simultaneous_eeg_nirs,VP021,simultaneous_eeg_nirs__VP021__cnt_wg__prefrontal__w6,train,BL,14.72,1,8.567129373175602
simultaneous_eeg_nirs,VP021,simultaneous_eeg_nirs__VP021__cnt_wg__prefrontal__w6,train,BL,17.28,1,-6.178495878778526
simultaneous_eeg_nirs,VP021,simultaneous_eeg_nirs__VP021__cnt_wg__prefrontal__w6,train,BL,17.92,1,3.454016294773674
simultaneous_eeg_nirs,VP021,simultaneous_eeg_nirs__VP021__cnt_wg__prefrontal__w6,train,BL,26.96,1,-3.9110615041586514
simultaneous_eeg_nirs,VP021,simultaneous_eeg_nirs__VP021__cnt_wg__prefrontal__w7,train,BL,1.36,0,3.454696318976635
simultaneous_eeg_nirs,VP021,simultaneous_eeg_nirs__VP021__cnt_wg__prefrontal__w7,train,BL,4.46,0,3.3268555529173867
simultaneous_eeg_nirs,VP021,simultaneous_eeg_nirs__VP021__cnt_wg__prefrontal__w7,train,BL,9.62,0,3.5046624875476433
simultaneous_eeg_nirs,VP021,simultaneous_eeg_nirs__VP021__cnt_wg__prefrontal__w7,train,BL,21.92,0,3.484105672492021
simultaneous_eeg_nirs,VP021,simultaneous_eeg_nirs__VP021__cnt_wg__prefrontal__w7,train,BL,27.96,0,3.4130317299696005
simultaneous_eeg_nirs,VP021,simultaneous_eeg_nirs__VP021__cnt_wg__prefrontal__w7,train,BL,28.12,1,3.2367114793292577
simultaneous_eeg_nirs,VP022,simultaneous_eeg_nirs__VP022__cnt_wg__prefrontal__w0,evaluate,BL,7.98,0,3.014667816114306
simultaneous_eeg_nirs,VP022,simultaneous_eeg_nirs__VP022__cnt_wg__prefrontal__w0,evaluate,BL,13.66,0,3.437408172346643
simultaneous_eeg_nirs,VP022,simultaneous_eeg_nirs__VP022__cnt_wg__prefrontal__w0,evaluate,BL,28.86,0,3.470570256390173
simultaneous_eeg_nirs,VP022,simultaneous_eeg_nirs__VP022__cnt_wg__prefrontal__w0,evaluate,BL,13.78,1,3.0810187021497115
simultaneous_eeg_nirs,VP022,simultaneous_eeg_nirs__VP022__cnt_wg__prefrontal__w0,evaluate,BL,19.04,1,-6.419821196781184
simultaneous_eeg_nirs,VP022,simultaneous_eeg_nirs__VP022__cnt_wg__prefrontal__w1,evaluate,BL,9.24,0,3.5269623227255242
simultaneous_eeg_nirs,VP022,simultaneous_eeg_nirs__VP022__cnt_wg__prefrontal__w1,evaluate,BL,11.74,0,3.989472795757126
simultaneous_eeg_nirs,VP022,simultaneous_eeg_nirs__VP022__cnt_wg__prefrontal__w1,evaluate,BL,24.02,0,3.656859517884679
simultaneous_eeg_nirs,VP022,simultaneous_eeg_nirs__VP022__cnt_wg__prefrontal__w1,evaluate,BL,25.66,0,3.3453048327361956
simultaneous_eeg_nirs,VP022,simultaneous_eeg_nirs__VP022__cnt_wg__prefrontal__w1,evaluate,BL,28.86,0,3.0618260628078415
simultaneous_eeg_nirs,VP022,simultaneous_eeg_nirs__VP022__cnt_wg__prefrontal__w1,evaluate,BL,2.46,1,7.326785206804313
simultaneous_eeg_nirs,VP022,simultaneous_eeg_nirs__VP022__cnt_wg__prefrontal__w1,evaluate,BL,3.74,1,-3.1685070857517266
simultaneous_eeg_nirs,VP022,simultaneous_eeg_nirs__VP022__cnt_wg__prefrontal__w2,evaluate,WG,10.62,0,3.297081566228475
simultaneous_eeg_nirs,VP022,simultaneous_eeg_nirs__VP022__cnt_wg__prefrontal__w2,evaluate,WG,19.88,0,3.302451119670736
simultaneous_eeg_nirs,VP022,simultaneous_eeg_nirs__VP022__cnt_wg__prefrontal__w2,evaluate,WG,28.48,0,3.1704962524363727
simultaneous_eeg_nirs,VP022,simultaneous_eeg_nirs__VP022__cnt_wg__prefrontal__w3,evaluate,WG,6.78,0,3.319299307875611
simultaneous_eeg_nirs,VP022,simultaneous_eeg_nirs__VP022__cnt_wg__prefrontal__w3,evaluate,WG,15.74,0,3.3249273924031892
simultaneous_eeg_nirs,VP022,simultaneous_eeg_nirs__VP022__cnt_wg__prefrontal__w3,evaluate,WG,20.36,0,4.123924695742562
simultaneous_eeg_nirs,VP022,simultaneous_eeg_nirs__VP022__cnt_wg__prefrontal__w3,evaluate,WG,21.58,0,3.1522312537153923
simultaneous_eeg_nirs,VP022,simultaneous_eeg_nirs__VP022__cnt_wg__prefrontal__w3,evaluate,WG,22.32,0,3.429040684092039
simultaneous_eeg_nirs,VP022,simultaneous_eeg_nirs__VP022__cnt_wg__prefrontal__w4,evaluate,BL,0.84,0,3.4257276259748246
simultaneous_eeg_nirs,VP022,simultaneous_eeg_nirs__VP022__cnt_wg__prefrontal__w4,evaluate,BL,2.94,0,3.3009073716414172
simultaneous_eeg_nirs,VP022,simultaneous_eeg_nirs__VP022__cnt_wg__prefrontal__w4,evaluate,BL,4.84,0,3.5420826179324636
simultaneous_eeg_nirs,VP022,simultaneous_eeg_nirs__VP022__cnt_wg__prefrontal__w4,evaluate,BL,13.1,0,3.232330971865145
simultaneous_eeg_nirs,VP022,simultaneous_eeg_nirs__VP022__cnt_wg__prefrontal__w4,evaluate,BL,21.08,0,3.1961657383873856
simultaneous_eeg_nirs,VP022,simultaneous_eeg_nirs__VP022__cnt_wg__prefrontal__w4,evaluate,BL,22.46,0,3.7383729727981736
simultaneous_eeg_nirs,VP022,simultaneous_eeg_nirs__VP022__cnt_wg__prefrontal__w4,evaluate,BL,24.14,0,3.5142769759023547
simultaneous_eeg_nirs,VP022,simultaneous_eeg_nirs__VP022__cnt_wg__prefrontal__w4,evaluate,BL,25.86,0,3.082604464478289
simultaneous_eeg_nirs,VP022,simultaneous_eeg_nirs__VP022__cnt_wg__prefrontal__w5,evaluate,BL,8.0,0,3.752811456549539
simultaneous_eeg_nirs,VP022,simultaneous_eeg_nirs__VP022__cnt_wg__prefrontal__w5,evaluate,BL,9.66,0,3.7816554280958847
simultaneous_eeg_nirs,VP022,simultaneous_eeg_nirs__VP022__cnt_wg__prefrontal__w5,evaluate,BL,12.42,0,3.1555925903720996
simultaneous_eeg_nirs,VP022,simultaneous_eeg_nirs__VP022__cnt_wg__prefrontal__w5,evaluate,BL,24.14,0,3.120105093731477
simultaneous_eeg_nirs,VP022,simultaneous_eeg_nirs__VP022__cnt_wg__prefrontal__w5,evaluate,BL,25.48,0,3.281070658002166
simultaneous_eeg_nirs,VP022,simultaneous_eeg_nirs__VP022__cnt_wg__prefrontal__w5,evaluate,BL,27.56,0,3.5483053207251323
simultaneous_eeg_nirs,VP022,simultaneous_eeg_nirs__VP022__cnt_wg__prefrontal__w6,evaluate,BL,1.06,0,4.221373229903596
simultaneous_eeg_nirs,VP022,simultaneous_eeg_nirs__VP022__cnt_wg__prefrontal__w6,evaluate,BL,10.6,0,4.18421113368579
simultaneous_eeg_nirs,VP022,simultaneous_eeg_nirs__VP022__cnt_wg__prefrontal__w6,evaluate,BL,11.54,0,3.277852800041961
simultaneous_eeg_nirs,VP022,simultaneous_eeg_nirs__VP022__cnt_wg__prefrontal__w6,evaluate,BL,12.86,0,4.551559625370754
simultaneous_eeg_nirs,VP022,simultaneous_eeg_nirs__VP022__cnt_wg__prefrontal__w6,evaluate,BL,14.24,0,3.79392330644909
simultaneous_eeg_nirs,VP022,simultaneous_eeg_nirs__VP022__cnt_wg__prefrontal__w6,evaluate,BL,14.96,0,3.6822390863159304
simultaneous_eeg_nirs,VP022,simultaneous_eeg_nirs__VP022__cnt_wg__prefrontal__w6,evaluate,BL,17.78,0,3.4690743685324263
simultaneous_eeg_nirs,VP022,simultaneous_eeg_nirs__VP022__cnt_wg__prefrontal__w6,evaluate,BL,24.88,0,3.6330638240203235
simultaneous_eeg_nirs,VP022,simultaneous_eeg_nirs__VP022__cnt_wg__prefrontal__w6,evaluate,BL,27.96,0,3.9027562421800113
simultaneous_eeg_nirs,VP022,simultaneous_eeg_nirs__VP022__cnt_wg__prefrontal__w6,evaluate,BL,8.9,1,3.678516513523387
simultaneous_eeg_nirs,VP022,simultaneous_eeg_nirs__VP022__cnt_wg__prefrontal__w6,evaluate,BL,12.9,1,3.4625999950420123
simultaneous_eeg_nirs,VP022,simultaneous_eeg_nirs__VP022__cnt_wg__prefrontal__w6,evaluate,BL,13.96,1,6.924352477118963
simultaneous_eeg_nirs,VP022,simultaneous_eeg_nirs__VP022__cnt_wg__prefrontal__w6,evaluate,BL,26.6,1,6.980601788652631
simultaneous_eeg_nirs,VP022,simultaneous_eeg_nirs__VP022__cnt_wg__prefrontal__w6,evaluate,BL,27.62,1,7.127995428309635
simultaneous_eeg_nirs,VP022,simultaneous_eeg_nirs__VP022__cnt_wg__prefrontal__w7,evaluate,BL,7.1,0,3.0595315736268804
simultaneous_eeg_nirs,VP022,simultaneous_eeg_nirs__VP022__cnt_wg__prefrontal__w7,evaluate,BL,17.04,0,3.223338942679615
simultaneous_eeg_nirs,VP022,simultaneous_eeg_nirs__VP022__cnt_wg__prefrontal__w7,evaluate,BL,18.52,0,3.0976354027086392
simultaneous_eeg_nirs,VP022,simultaneous_eeg_nirs__VP022__cnt_wg__prefrontal__w7,evaluate,BL,24.48,0,3.0021615712228296
simultaneous_eeg_nirs,VP022,simultaneous_eeg_nirs__VP022__cnt_wg__prefrontal__w7,evaluate,BL,29.78,0,3.035351164870351
simultaneous_eeg_nirs,VP022,simultaneous_eeg_nirs__VP022__cnt_wg__prefrontal__w7,evaluate,BL,2.92,1,-5.284280483605605
simultaneous_eeg_nirs,VP023,simultaneous_eeg_nirs__VP023__cnt_wg__prefrontal__w0,train,WG,0.66,0,3.8639707988498952
simultaneous_eeg_nirs,VP023,simultaneous_eeg_nirs__VP023__cnt_wg__prefrontal__w0,train,WG,3.16,0,4.934441093709621
simultaneous_eeg_nirs,VP023,simultaneous_eeg_nirs__VP023__cnt_wg__prefrontal__w0,train,WG,3.92,0,3.9854330939542306
simultaneous_eeg_nirs,VP023,simultaneous_eeg_nirs__VP023__cnt_wg__prefrontal__w0,train,WG,4.68,0,5.33239013882043
simultaneous_eeg_nirs,VP023,simultaneous_eeg_nirs__VP023__cnt_wg__prefrontal__w0,train,WG,6.96,0,5.0199409267473465
simultaneous_eeg_nirs,VP023,simultaneous_eeg_nirs__VP023__cnt_wg__prefrontal__w0,train,WG,8.66,0,4.244147927705755
simultaneous_eeg_nirs,VP023,simultaneous_eeg_nirs__VP023__cnt_wg__prefrontal__w0,train,WG,9.62,0,3.8530994557811664
simultaneous_eeg_nirs,VP023,simultaneous_eeg_nirs__VP023__cnt_wg__prefrontal__w0,train,WG,11.14,0,4.503909057963396
simultaneous_eeg_nirs,VP023,simultaneous_eeg_nirs__VP023__cnt_wg__prefrontal__w0,train,WG,12.48,0,4.177676594289106
simultaneous_eeg_nirs,VP023,simultaneous_eeg_nirs__VP023__cnt_wg__prefrontal__w0,train,WG,14.02,0,4.84880014373675
simultaneous_eeg_nirs,VP023,simultaneous_eeg_nirs__VP023__cnt_wg__prefrontal__w0,train,WG,15.12,0,3.8669486970272695
simultaneous_eeg_nirs,VP023,simultaneous_eeg_nirs__VP023__cnt_wg__prefrontal__w0,train,WG,18.1,0,3.918907813805461
simultaneous_eeg_nirs,VP023,simultaneous_eeg_nirs__VP023__cnt_wg__prefrontal__w0,train,WG,21.58,0,3.260257004372859
simultaneous_eeg_nirs,VP023,simultaneous_eeg_nirs__VP023__cnt_wg__prefrontal__w0,train,WG,23.68,0,3.8129916089945013
simultaneous_eeg_nirs,VP023,simultaneous_eeg_nirs__VP023__cnt_wg__prefrontal__w0,train,WG,25.8,0,4.225156172560424
simultaneous_eeg_nirs,VP023,simultaneous_eeg_nirs__VP023__cnt_wg__prefrontal__w0,train,WG,27.76,0,3.2792823088187273
simultaneous_eeg_nirs,VP023,simultaneous_eeg_nirs__VP023__cnt_wg__prefrontal__w1,train,WG,1.02,0,3.2310579041556213
simultaneous_eeg_nirs,VP023,simultaneous_eeg_nirs__VP023__cnt_wg__prefrontal__w1,train,WG,2.7,0,4.127986449777813
simultaneous_eeg_nirs,VP023,simultaneous_eeg_nirs__VP023__cnt_wg__prefrontal__w1,train,WG,3.24,0,4.547291003144503
simultaneous_eeg_nirs,VP023,simultaneous_eeg_nirs__VP023__cnt_wg__prefrontal__w1,train,WG,3.92,0,3.9188777746082626
simultaneous_eeg_nirs,VP023,simultaneous_eeg_nirs__VP023__cnt_wg__prefrontal__w1,train,WG,4.84,0,4.590424835518282
simultaneous_eeg_nirs,VP023,simultaneous_eeg_nirs__VP023__cnt_wg__prefrontal__w1,train,WG,6.92,0,5.21005417080557
simultaneous_eeg_nirs,VP023,simultaneous_eeg_nirs__VP023__cnt_wg__prefrontal__w1,train,WG,8.8,0,4.734016193050588
simultaneous_eeg_nirs,VP023,simultaneous_eeg_nirs__VP023__cnt_wg__prefrontal__w1,train,WG,11.12,0,4.147522973241451
simultaneous_eeg_nirs,VP023,simultaneous_eeg_nirs__VP023__cnt_wg__prefrontal__w1,train,WG,12.54,0,4.101315878693003
simultaneous_eeg_nirs,VP023,simultaneous_eeg_nirs__VP023__cnt_wg__prefrontal__w1,train,WG,14.16,0,4.287080543778473
simultaneous_eeg_nirs,VP023,simultaneous_eeg_nirs__VP023__cnt_wg__prefrontal__w1,train,WG,18.42,0,4.4677393207869605
simultaneous_eeg_nirs,VP023,simultaneous_eeg_nirs__VP023__cnt_wg__prefrontal__w1,train,WG,24.82,0,4.136671423694436
simultaneous_eeg_nirs,VP023,simultaneous_eeg_nirs__VP023__cnt_wg__prefrontal__w1,train,WG,26.5,0,3.368071919381258
simultaneous_eeg_nirs,VP023,simultaneous_eeg_nirs__VP023__cnt_wg__prefrontal__w1,train,WG,28.28,0,3.600489305213203
simultaneous_eeg_nirs,VP023,simultaneous_eeg_nirs__VP023__cnt_wg__prefrontal__w2,train,BL,1.58,0,3.7643456197968708
simultaneous_eeg_nirs,VP023,simultaneous_eeg_nirs__VP023__cnt_wg__prefrontal__w2,train,BL,2.98,0,4.016107592289837
simultaneous_eeg_nirs,VP023,simultaneous_eeg_nirs__VP023__cnt_wg__prefrontal__w2,train,BL,6.48,0,3.655695653966999
simultaneous_eeg_nirs,VP023,simultaneous_eeg_nirs__VP023__cnt_wg__prefrontal__w2,train,BL,8.9,0,3.4539142251791324
simultaneous_eeg_nirs,VP023,simultaneous_eeg_nirs__VP023__cnt_wg__prefrontal__w2,train,BL,12.72,0,3.429446100604346
simultaneous_eeg_nirs,VP023,simultaneous_eeg_nirs__VP023__cnt_wg__prefrontal__w2,train,BL,14.76,0,3.463038454218563
simultaneous_eeg_nirs,VP023,simultaneous_eeg_nirs__VP023__cnt_wg__prefrontal__w2,train,BL,16.08,0,4.5825292775306155
simultaneous_eeg_nirs,VP023,simultaneous_eeg_nirs__VP023__cnt_wg__prefrontal__w2,train,BL,17.72,0,4.074818160096941
simultaneous_eeg_nirs,VP023,simultaneous_eeg_nirs__VP023__cnt_wg__prefrontal__w2,train,BL,19.86,0,3.4039215259528937
simultaneous_eeg_nirs,VP023,simultaneous_eeg_nirs__VP023__cnt_wg__prefrontal__w2,train,BL,22.92,0,3.871775887538282
simultaneous_eeg_nirs,VP023,simultaneous_eeg_nirs__VP023__cnt_wg__prefrontal__w2,train,BL,25.32,0,3.2333204938875326
simultaneous_eeg_nirs,VP023,simultaneous_eeg_nirs__VP023__cnt_wg__prefrontal__w2,train,BL,26.92,0,3.569602639682461
simultaneous_eeg_nirs,VP023,simultaneous_eeg_nirs__VP023__cnt_wg__prefrontal__w2,train,BL,28.74,0,3.5876550483110314
simultaneous_eeg_nirs,VP023,simultaneous_eeg_nirs__VP023__cnt_wg__prefrontal__w3,train,BL,1.28,0,3.0013569704273872
simultaneous_eeg_nirs,VP023,simultaneous_eeg_nirs__VP023__cnt_wg__prefrontal__w3,train,BL,6.9,0,4.083146591689785
simultaneous_eeg_nirs,VP023,simultaneous_eeg_nirs__VP023__cnt_wg__prefrontal__w3,train,BL,13.24,0,3.192099583847382
simultaneous_eeg_nirs,VP023,simultaneous_eeg_nirs__VP023__cnt_wg__prefrontal__w3,train,BL,15.74,0,3.1056086109911782
simultaneous_eeg_nirs,VP023,simultaneous_eeg_nirs__VP023__cnt_wg__prefrontal__w3,train,BL,24.98,0,3.843892758226336
simultaneous_eeg_nirs,VP023,simultaneous_eeg_nirs__VP023__cnt_wg__prefrontal__w3,train,BL,28.06,0,3.2689555981509666
simultaneous_eeg_nirs,VP023,simultaneous_eeg_nirs__VP023__cnt_wg__prefrontal__w4,train,BL,0.18,0,3.9117831392128943
simultaneous_eeg_nirs,VP023,simultaneous_eeg_nirs__VP023__cnt_wg__prefrontal__w4,train,BL,2.84,0,3.1950303865215925
simultaneous_eeg_nirs,VP023,simultaneous_eeg_nirs__VP023__cnt_wg__prefrontal__w4,train,BL,4.72,0,3.3454006961406892
simultaneous_eeg_nirs,VP023,simultaneous_eeg_nirs__VP023__cnt_wg__prefrontal__w4,train,BL,10.36,0,3.5194846143419127
simultaneous_eeg_nirs,VP023,simultaneous_eeg_nirs__VP023__cnt_wg__prefrontal__w4,train,BL,13.74,0,3.413171659845328
simultaneous_eeg_nirs,VP023,simultaneous_eeg_nirs__VP023__cnt_wg__prefrontal__w4,train,BL,15.28,0,4.145507709372595
simultaneous_eeg_nirs,VP023,simultaneous_eeg_nirs__VP023__cnt_wg__prefrontal__w4,train,BL,16.68,0,4.123577543948802
simultaneous_eeg_nirs,VP023,simultaneous_eeg_nirs__VP023__cnt_wg__prefrontal__w4,train,BL,18.1,0,3.7774418506079765
simultaneous_eeg_nirs,VP023,simultaneous_eeg_nirs__VP023__cnt_wg__prefrontal__w4,train,BL,20.14,0,3.7731150237409716
simultaneous_eeg_nirs,VP023,simultaneous_eeg_nirs__VP023__cnt_wg__prefrontal__w4,train,BL,22.18,0,3.712128000756865
simultaneous_eeg_nirs,VP023,simultaneous_eeg_nirs__VP023__cnt_wg__prefrontal__w4,train,BL,24.44,0,3.9304074966422613
simultaneous_eeg_nirs,VP023,simultaneous_eeg_nirs__VP023__cnt_wg__prefrontal__w4,train,BL,25.78,0,3.49627294018759
simultaneous_eeg_nirs,VP023,simultaneous_eeg_nirs__VP023__cnt_wg__prefrontal__w4,train,BL,26.72,0,3.7386040041655098
simultaneous_eeg_nirs,VP023,simultaneous_eeg_nirs__VP023__cnt_wg__prefrontal__w4,train,BL,28.58,0,-3.177991265635015
simultaneous_eeg_nirs,VP023,simultaneous_eeg_nirs__VP023__cnt_wg__prefrontal__w4,train,BL,9.26,1,-4.474250711461521
simultaneous_eeg_nirs,VP023,simultaneous_eeg_nirs__VP023__cnt_wg__prefrontal__w4,train,BL,13.74,1,-5.6774402669124875
simultaneous_eeg_nirs,VP023,simultaneous_eeg_nirs__VP023__cnt_wg__prefrontal__w4,train,BL,14.56,1,3.8203123082778574
simultaneous_eeg_nirs,VP023,simultaneous_eeg_nirs__VP023__cnt_wg__prefrontal__w4,train,BL,15.26,1,-4.1944271818224035
simultaneous_eeg_nirs,VP023,simultaneous_eeg_nirs__VP023__cnt_wg__prefrontal__w5,train,WG,0.34,0,4.315466202338622
simultaneous_eeg_nirs,VP023,simultaneous_eeg_nirs__VP023__cnt_wg__prefrontal__w5,train,WG,1.5,0,3.8381486579605144
simultaneous_eeg_nirs,VP023,simultaneous_eeg_nirs__VP023__cnt_wg__prefrontal__w5,train,WG,4.44,0,3.375836558195333
simultaneous_eeg_nirs,VP023,simultaneous_eeg_nirs__VP023__cnt_wg__prefrontal__w5,train,WG,6.74,0,3.547799831228939
simultaneous_eeg_nirs,VP023,simultaneous_eeg_nirs__VP023__cnt_wg__prefrontal__w5,train,WG,7.5,0,3.5121972529720673
simultaneous_eeg_nirs,VP023,simultaneous_eeg_nirs__VP023__cnt_wg__prefrontal__w5,train,WG,9.06,0,3.541192896152111
simultaneous_eeg_nirs,VP023,simultaneous_eeg_nirs__VP023__cnt_wg__prefrontal__w5,train,WG,11.44,0,3.77480868274775
simultaneous_eeg_nirs,VP023,simultaneous_eeg_nirs__VP023__cnt_wg__prefrontal__w5,train,WG,13.08,0,3.849986468189753
simultaneous_eeg_nirs,VP023,simultaneous_eeg_nirs__VP023__cnt_wg__prefrontal__w5,train,WG,14.58,0,3.469180351011167
simultaneous_eeg_nirs,VP023,simultaneous_eeg_nirs__VP023__cnt_wg__prefrontal__w5,train,WG,18.92,0,3.323087272169587
simultaneous_eeg_nirs,VP023,simultaneous_eeg_nirs__VP023__cnt_wg__prefrontal__w5,train,WG,20.36,0,3.5623105533842008
simultaneous_eeg_nirs,VP023,simultaneous_eeg_nirs__VP023__cnt_wg__prefrontal__w5,train,WG,23.3,0,3.439944595686243
simultaneous_eeg_nirs,VP023,simultaneous_eeg_nirs__VP023__cnt_wg__prefrontal__w5,train,WG,25.28,0,3.3048508876542613
simultaneous_eeg_nirs,VP023,simultaneous_eeg_nirs__VP023__cnt_wg__prefrontal__w5,train,WG,28.8,0,3.219552567282603
simultaneous_eeg_nirs,VP023,simultaneous_eeg_nirs__VP023__cnt_wg__prefrontal__w6,train,BL,0.72,0,3.8098534317108004
simultaneous_eeg_nirs,VP023,simultaneous_eeg_nirs__VP023__cnt_wg__prefrontal__w6,train,BL,3.88,0,4.548860601913476
simultaneous_eeg_nirs,VP023,simultaneous_eeg_nirs__VP023__cnt_wg__prefrontal__w6,train,BL,6.72,0,3.496496868769238
simultaneous_eeg_nirs,VP023,simultaneous_eeg_nirs__VP023__cnt_wg__prefrontal__w6,train,BL,10.48,0,3.72079976968798
simultaneous_eeg_nirs,VP023,simultaneous_eeg_nirs__VP023__cnt_wg__prefrontal__w6,train,BL,12.3,0,3.372861056496086
simultaneous_eeg_nirs,VP023,simultaneous_eeg_nirs__VP023__cnt_wg__prefrontal__w6,train,BL,14.12,0,3.5665352268817374
simultaneous_eeg_nirs,VP023,simultaneous_eeg_nirs__VP023__cnt_wg__prefrontal__w6,train,BL,15.94,0,3.6790391212250966
simultaneous_eeg_nirs,VP023,simultaneous_eeg_nirs__VP023__cnt_wg__prefrontal__w6,train,BL,18.06,0,3.4236864503127014
simultaneous_eeg_nirs,VP023,simultaneous_eeg_nirs__VP023__cnt_wg__prefrontal__w6,train,BL,19.48,0,3.495882185230401
simultaneous_eeg_nirs,VP023,simultaneous_eeg_nirs__VP023__cnt_wg__prefrontal__w6,train,BL,21.92,0,3.0848561484100503
simultaneous_eeg_nirs,VP023,simultaneous_eeg_nirs__VP023__cnt_wg__prefrontal__w6,train,BL,24.22,0,3.613324267464212
simultaneous_eeg_nirs,VP023,simultaneous_eeg_nirs__VP023__cnt_wg__prefrontal__w6,train,BL,27.94,0,3.2693263971844333
simultaneous_eeg_nirs,VP023,simultaneous_eeg_nirs__VP023__cnt_wg__prefrontal__w7,train,WG,3.94,0,3.3591114066334784
simultaneous_eeg_nirs,VP023,simultaneous_eeg_nirs__VP023__cnt_wg__prefrontal__w7,train,WG,5.78,0,3.2873943503654943
simultaneous_eeg_nirs,VP023,simultaneous_eeg_nirs__VP023__cnt_wg__prefrontal__w7,train,WG,7.18,0,3.955985722835429
simultaneous_eeg_nirs,VP023,simultaneous_eeg_nirs__VP023__cnt_wg__prefrontal__w7,train,WG,8.12,0,3.615870207316501
simultaneous_eeg_nirs,VP023,simultaneous_eeg_nirs__VP023__cnt_wg__prefrontal__w7,train,WG,11.04,0,4.054846639323256
simultaneous_eeg_nirs,VP023,simultaneous_eeg_nirs__VP023__cnt_wg__prefrontal__w7,train,WG,11.58,0,3.184165793807875
simultaneous_eeg_nirs,VP023,simultaneous_eeg_nirs__VP023__cnt_wg__prefrontal__w7,train,WG,12.38,0,4.0557490472116395
simultaneous_eeg_nirs,VP023,simultaneous_eeg_nirs__VP023__cnt_wg__prefrontal__w7,train,WG,13.72,0,3.7545682885096743
simultaneous_eeg_nirs,VP023,simultaneous_eeg_nirs__VP023__cnt_wg__prefrontal__w7,train,WG,14.96,0,3.590019288556461
simultaneous_eeg_nirs,VP023,simultaneous_eeg_nirs__VP023__cnt_wg__prefrontal__w7,train,WG,17.6,0,3.390875650022013
simultaneous_eeg_nirs,VP023,simultaneous_eeg_nirs__VP023__cnt_wg__prefrontal__w7,train,WG,19.1,0,3.384349744637823
simultaneous_eeg_nirs,VP023,simultaneous_eeg_nirs__VP023__cnt_wg__prefrontal__w7,train,WG,23.78,0,5.289863828849277
simultaneous_eeg_nirs,VP023,simultaneous_eeg_nirs__VP023__cnt_wg__prefrontal__w7,train,WG,26.32,0,4.036894113982371
simultaneous_eeg_nirs,VP023,simultaneous_eeg_nirs__VP023__cnt_wg__prefrontal__w7,train,WG,28.52,0,3.837319369421653
simultaneous_eeg_nirs,VP023,simultaneous_eeg_nirs__VP023__cnt_wg__prefrontal__w7,train,WG,29.62,0,3.28834578616064
simultaneous_eeg_nirs,VP023,simultaneous_eeg_nirs__VP023__cnt_wg__prefrontal__w7,train,WG,10.68,1,8.385246092726705
simultaneous_eeg_nirs,VP023,simultaneous_eeg_nirs__VP023__cnt_wg__prefrontal__w7,train,WG,22.08,1,-4.814674385292966
simultaneous_eeg_nirs,VP024,simultaneous_eeg_nirs__VP024__cnt_wg__prefrontal__w0,evaluate,BL,0.14,1,-3.4871873692402144
simultaneous_eeg_nirs,VP024,simultaneous_eeg_nirs__VP024__cnt_wg__prefrontal__w0,evaluate,BL,2.48,1,3.5323654269334352
simultaneous_eeg_nirs,VP024,simultaneous_eeg_nirs__VP024__cnt_wg__prefrontal__w0,evaluate,BL,16.34,1,-3.7923522722678698
simultaneous_eeg_nirs,VP024,simultaneous_eeg_nirs__VP024__cnt_wg__prefrontal__w1,evaluate,WG,3.08,0,3.1633656114513924
simultaneous_eeg_nirs,VP024,simultaneous_eeg_nirs__VP024__cnt_wg__prefrontal__w1,evaluate,WG,7.22,0,3.190639140269592
simultaneous_eeg_nirs,VP024,simultaneous_eeg_nirs__VP024__cnt_wg__prefrontal__w1,evaluate,WG,27.3,1,-3.4990403016173235
simultaneous_eeg_nirs,VP024,simultaneous_eeg_nirs__VP024__cnt_wg__prefrontal__w2,evaluate,WG,28.36,1,-3.767164823109015
simultaneous_eeg_nirs,VP024,simultaneous_eeg_nirs__VP024__cnt_wg__prefrontal__w4,evaluate,BL,3.24,0,3.032742364570309
simultaneous_eeg_nirs,VP024,simultaneous_eeg_nirs__VP024__cnt_wg__prefrontal__w4,evaluate,BL,17.48,1,-3.5382885163483224
simultaneous_eeg_nirs,VP024,simultaneous_eeg_nirs__VP024__cnt_wg__prefrontal__w4,evaluate,BL,20.1,1,4.223279844939145
simultaneous_eeg_nirs,VP024,simultaneous_eeg_nirs__VP024__cnt_wg__prefrontal__w6,evaluate,BL,1.14,1,4.912390821159632
simultaneous_eeg_nirs,VP024,simultaneous_eeg_nirs__VP024__cnt_wg__prefrontal__w7,evaluate,WG,6.1,1,-3.563236604418274
simultaneous_eeg_nirs,VP025,simultaneous_eeg_nirs__VP025__cnt_wg__prefrontal__w0,train,BL,0.12,0,8.639868116615585
simultaneous_eeg_nirs,VP025,simultaneous_eeg_nirs__VP025__cnt_wg__prefrontal__w0,train,BL,3.24,0,6.3667392322745195
simultaneous_eeg_nirs,VP025,simultaneous_eeg_nirs__VP025__cnt_wg__prefrontal__w0,train,BL,4.46,0,5.986293949631847
simultaneous_eeg_nirs,VP025,simultaneous_eeg_nirs__VP025__cnt_wg__prefrontal__w0,train,BL,7.24,0,4.644914165230038
simultaneous_eeg_nirs,VP025,simultaneous_eeg_nirs__VP025__cnt_wg__prefrontal__w0,train,BL,10.1,0,4.14495462837529
simultaneous_eeg_nirs,VP025,simultaneous_eeg_nirs__VP025__cnt_wg__prefrontal__w0,train,BL,12.4,0,4.459011960482018
simultaneous_eeg_nirs,VP025,simultaneous_eeg_nirs__VP025__cnt_wg__prefrontal__w0,train,BL,13.64,0,5.359208345812678
simultaneous_eeg_nirs,VP025,simultaneous_eeg_nirs__VP025__cnt_wg__prefrontal__w0,train,BL,15.8,0,4.757780078447112
simultaneous_eeg_nirs,VP025,simultaneous_eeg_nirs__VP025__cnt_wg__prefrontal__w0,train,BL,16.48,0,6.0259767452163775
simultaneous_eeg_nirs,VP025,simultaneous_eeg_nirs__VP025__cnt_wg__prefrontal__w0,train,BL,17.84,0,6.318458868867526
simultaneous_eeg_nirs,VP025,simultaneous_eeg_nirs__VP025__cnt_wg__prefrontal__w0,train,BL,20.62,0,4.131553317494476
simultaneous_eeg_nirs,VP025,simultaneous_eeg_nirs__VP025__cnt_wg__prefrontal__w0,train,BL,21.56,0,5.1457173055184375
simultaneous_eeg_nirs,VP025,simultaneous_eeg_nirs__VP025__cnt_wg__prefrontal__w0,train,BL,22.36,0,5.638946416763977
simultaneous_eeg_nirs,VP025,simultaneous_eeg_nirs__VP025__cnt_wg__prefrontal__w0,train,BL,27.2,0,4.065464251366856
simultaneous_eeg_nirs,VP025,simultaneous_eeg_nirs__VP025__cnt_wg__prefrontal__w0,train,BL,29.82,0,3.7076434679748758
simultaneous_eeg_nirs,VP025,simultaneous_eeg_nirs__VP025__cnt_wg__prefrontal__w1,train,WG,0.22,0,6.364270649658354
simultaneous_eeg_nirs,VP025,simultaneous_eeg_nirs__VP025__cnt_wg__prefrontal__w1,train,WG,1.3,0,5.004981330743913
simultaneous_eeg_nirs,VP025,simultaneous_eeg_nirs__VP025__cnt_wg__prefrontal__w1,train,WG,3.66,0,5.084162033814236
simultaneous_eeg_nirs,VP025,simultaneous_eeg_nirs__VP025__cnt_wg__prefrontal__w1,train,WG,8.44,0,3.5629361529179326
simultaneous_eeg_nirs,VP025,simultaneous_eeg_nirs__VP025__cnt_wg__prefrontal__w1,train,WG,10.02,0,4.481838120816782
simultaneous_eeg_nirs,VP025,simultaneous_eeg_nirs__VP025__cnt_wg__prefrontal__w1,train,WG,11.42,0,5.228635845093032
simultaneous_eeg_nirs,VP025,simultaneous_eeg_nirs__VP025__cnt_wg__prefrontal__w1,train,WG,12.18,0,5.8909137610541675
simultaneous_eeg_nirs,VP025,simultaneous_eeg_nirs__VP025__cnt_wg__prefrontal__w1,train,WG,13.68,0,5.38853172928395
simultaneous_eeg_nirs,VP025,simultaneous_eeg_nirs__VP025__cnt_wg__prefrontal__w1,train,WG,15.18,0,5.0172464856976084
simultaneous_eeg_nirs,VP025,simultaneous_eeg_nirs__VP025__cnt_wg__prefrontal__w1,train,WG,19.3,0,6.01470472025671
simultaneous_eeg_nirs,VP025,simultaneous_eeg_nirs__VP025__cnt_wg__prefrontal__w1,train,WG,23.5,0,4.832642578109695
simultaneous_eeg_nirs,VP025,simultaneous_eeg_nirs__VP025__cnt_wg__prefrontal__w1,train,WG,26.38,0,4.6153653220533455
simultaneous_eeg_nirs,VP025,simultaneous_eeg_nirs__VP025__cnt_wg__prefrontal__w1,train,WG,28.18,0,5.445119284545486
simultaneous_eeg_nirs,VP025,simultaneous_eeg_nirs__VP025__cnt_wg__prefrontal__w1,train,WG,1.0,1,4.912020984231539
simultaneous_eeg_nirs,VP025,simultaneous_eeg_nirs__VP025__cnt_wg__prefrontal__w1,train,WG,2.02,1,6.252011692937111
simultaneous_eeg_nirs,VP025,simultaneous_eeg_nirs__VP025__cnt_wg__prefrontal__w1,train,WG,3.52,1,-3.8870043205927978
simultaneous_eeg_nirs,VP025,simultaneous_eeg_nirs__VP025__cnt_wg__prefrontal__w1,train,WG,10.78,1,-6.1473461500438775
simultaneous_eeg_nirs,VP025,simultaneous_eeg_nirs__VP025__cnt_wg__prefrontal__w1,train,WG,12.26,1,-3.768023887025326
simultaneous_eeg_nirs,VP025,simultaneous_eeg_nirs__VP025__cnt_wg__prefrontal__w1,train,WG,16.54,1,4.511803394571985
simultaneous_eeg_nirs,VP025,simultaneous_eeg_nirs__VP025__cnt_wg__prefrontal__w2,train,BL,3.84,0,3.65132528774484
simultaneous_eeg_nirs,VP025,simultaneous_eeg_nirs__VP025__cnt_wg__prefrontal__w2,train,BL,4.92,0,6.132629911908652
simultaneous_eeg_nirs,VP025,simultaneous_eeg_nirs__VP025__cnt_wg__prefrontal__w2,train,BL,6.96,0,5.0709440477672105
simultaneous_eeg_nirs,VP025,simultaneous_eeg_nirs__VP025__cnt_wg__prefrontal__w2,train,BL,11.68,0,3.435674539317333
simultaneous_eeg_nirs,VP025,simultaneous_eeg_nirs__VP025__cnt_wg__prefrontal__w2,train,BL,12.48,0,5.180165271099668
simultaneous_eeg_nirs,VP025,simultaneous_eeg_nirs__VP025__cnt_wg__prefrontal__w2,train,BL,13.34,0,4.904738220716024
simultaneous_eeg_nirs,VP025,simultaneous_eeg_nirs__VP025__cnt_wg__prefrontal__w2,train,BL,13.92,0,4.928927666722276
simultaneous_eeg_nirs,VP025,simultaneous_eeg_nirs__VP025__cnt_wg__prefrontal__w2,train,BL,15.82,0,5.58448925682791
simultaneous_eeg_nirs,VP025,simultaneous_eeg_nirs__VP025__cnt_wg__prefrontal__w2,train,BL,16.54,0,6.023661330942321
simultaneous_eeg_nirs,VP025,simultaneous_eeg_nirs__VP025__cnt_wg__prefrontal__w2,train,BL,19.54,0,5.078143663791114
simultaneous_eeg_nirs,VP025,simultaneous_eeg_nirs__VP025__cnt_wg__prefrontal__w2,train,BL,23.64,0,4.871588259887339
simultaneous_eeg_nirs,VP025,simultaneous_eeg_nirs__VP025__cnt_wg__prefrontal__w2,train,BL,25.46,0,5.184476377321343
simultaneous_eeg_nirs,VP025,simultaneous_eeg_nirs__VP025__cnt_wg__prefrontal__w2,train,BL,8.8,1,-3.4032271546152644
simultaneous_eeg_nirs,VP025,simultaneous_eeg_nirs__VP025__cnt_wg__prefrontal__w2,train,BL,15.46,1,-10.181824878608099
simultaneous_eeg_nirs,VP025,simultaneous_eeg_nirs__VP025__cnt_wg__prefrontal__w2,train,BL,16.18,1,15.64499838155929
simultaneous_eeg_nirs,VP025,simultaneous_eeg_nirs__VP025__cnt_wg__prefrontal__w2,train,BL,17.3,1,4.361762798846377
simultaneous_eeg_nirs,VP025,simultaneous_eeg_nirs__VP025__cnt_wg__prefrontal__w3,train,WG,1.08,0,5.109369953031722
simultaneous_eeg_nirs,VP025,simultaneous_eeg_nirs__VP025__cnt_wg__prefrontal__w3,train,WG,3.34,0,5.687409968834668
simultaneous_eeg_nirs,VP025,simultaneous_eeg_nirs__VP025__cnt_wg__prefrontal__w3,train,WG,5.16,0,4.862989429383153
simultaneous_eeg_nirs,VP025,simultaneous_eeg_nirs__VP025__cnt_wg__prefrontal__w3,train,WG,8.98,0,4.243907465617965
simultaneous_eeg_nirs,VP025,simultaneous_eeg_nirs__VP025__cnt_wg__prefrontal__w3,train,WG,11.08,0,4.442405797242057
simultaneous_eeg_nirs,VP025,simultaneous_eeg_nirs__VP025__cnt_wg__prefrontal__w3,train,WG,11.8,0,4.764859251896805
simultaneous_eeg_nirs,VP025,simultaneous_eeg_nirs__VP025__cnt_wg__prefrontal__w3,train,WG,12.3,0,5.339469432183581
simultaneous_eeg_nirs,VP025,simultaneous_eeg_nirs__VP025__cnt_wg__prefrontal__w3,train,WG,13.62,0,5.773490828241572
simultaneous_eeg_nirs,VP025,simultaneous_eeg_nirs__VP025__cnt_wg__prefrontal__w3,train,WG,14.14,0,5.975469654219685
simultaneous_eeg_nirs,VP025,simultaneous_eeg_nirs__VP025__cnt_wg__prefrontal__w3,train,WG,15.16,0,6.30015535936192
simultaneous_eeg_nirs,VP025,simultaneous_eeg_nirs__VP025__cnt_wg__prefrontal__w3,train,WG,15.82,0,5.7128322088592665
simultaneous_eeg_nirs,VP025,simultaneous_eeg_nirs__VP025__cnt_wg__prefrontal__w3,train,WG,17.26,0,5.986498377765932
simultaneous_eeg_nirs,VP025,simultaneous_eeg_nirs__VP025__cnt_wg__prefrontal__w3,train,WG,19.3,0,5.006746698640666
simultaneous_eeg_nirs,VP025,simultaneous_eeg_nirs__VP025__cnt_wg__prefrontal__w3,train,WG,20.98,0,5.946261358989095
simultaneous_eeg_nirs,VP025,simultaneous_eeg_nirs__VP025__cnt_wg__prefrontal__w3,train,WG,22.64,0,5.492865263685713
simultaneous_eeg_nirs,VP025,simultaneous_eeg_nirs__VP025__cnt_wg__prefrontal__w3,train,WG,23.86,0,5.542328484429848
simultaneous_eeg_nirs,VP025,simultaneous_eeg_nirs__VP025__cnt_wg__prefrontal__w3,train,WG,24.9,0,5.657711381023938
simultaneous_eeg_nirs,VP025,simultaneous_eeg_nirs__VP025__cnt_wg__prefrontal__w3,train,WG,26.7,0,5.81213911151914
simultaneous_eeg_nirs,VP025,simultaneous_eeg_nirs__VP025__cnt_wg__prefrontal__w3,train,WG,27.74,0,6.478979181701704
simultaneous_eeg_nirs,VP025,simultaneous_eeg_nirs__VP025__cnt_wg__prefrontal__w3,train,WG,29.16,0,5.908539893052807
simultaneous_eeg_nirs,VP025,simultaneous_eeg_nirs__VP025__cnt_wg__prefrontal__w3,train,WG,9.38,1,-4.203391300085392
simultaneous_eeg_nirs,VP025,simultaneous_eeg_nirs__VP025__cnt_wg__prefrontal__w3,train,WG,10.46,1,6.896204602922808
simultaneous_eeg_nirs,VP025,simultaneous_eeg_nirs__VP025__cnt_wg__prefrontal__w3,train,WG,11.78,1,6.365935518879803
simultaneous_eeg_nirs,VP025,simultaneous_eeg_nirs__VP025__cnt_wg__prefrontal__w3,train,WG,12.86,1,8.663420950578892
simultaneous_eeg_nirs,VP025,simultaneous_eeg_nirs__VP025__cnt_wg__prefrontal__w3,train,WG,13.7,1,-3.266347930427138
simultaneous_eeg_nirs,VP025,simultaneous_eeg_nirs__VP025__cnt_wg__prefrontal__w3,train,WG,14.86,1,7.433971554836657
simultaneous_eeg_nirs,VP025,simultaneous_eeg_nirs__VP025__cnt_wg__prefrontal__w3,train,WG,15.52,1,4.511529511706616
simultaneous_eeg_nirs,VP025,simultaneous_eeg_nirs__VP025__cnt_wg__prefrontal__w3,train,WG,17.06,1,10.079030075549802
simultaneous_eeg_nirs,VP025,simultaneous_eeg_nirs__VP025__cnt_wg__prefrontal__w3,train,WG,17.78,1,6.128762757219613
simultaneous_eeg_nirs,VP025,simultaneous_eeg_nirs__VP025__cnt_wg__prefrontal__w3,train,WG,19.78,1,-3.9419610348752334
simultaneous_eeg_nirs,VP025,simultaneous_eeg_nirs__VP025__cnt_wg__prefrontal__w4,train,BL,1.94,0,5.411540604992603
simultaneous_eeg_nirs,VP025,simultaneous_eeg_nirs__VP025__cnt_wg__prefrontal__w4,train,BL,3.14,0,5.761302507320097
simultaneous_eeg_nirs,VP025,simultaneous_eeg_nirs__VP025__cnt_wg__prefrontal__w4,train,BL,4.14,0,4.946293366239639
simultaneous_eeg_nirs,VP025,simultaneous_eeg_nirs__VP025__cnt_wg__prefrontal__w4,train,BL,6.32,0,5.949373853393689
simultaneous_eeg_nirs,VP025,simultaneous_eeg_nirs__VP025__cnt_wg__prefrontal__w4,train,BL,7.78,0,5.631089656979069
simultaneous_eeg_nirs,VP025,simultaneous_eeg_nirs__VP025__cnt_wg__prefrontal__w4,train,BL,9.8,0,6.535546293709393
simultaneous_eeg_nirs,VP025,simultaneous_eeg_nirs__VP025__cnt_wg__prefrontal__w4,train,BL,11.62,0,6.950272808043483
simultaneous_eeg_nirs,VP025,simultaneous_eeg_nirs__VP025__cnt_wg__prefrontal__w4,train,BL,13.34,0,5.267512825602705
simultaneous_eeg_nirs,VP025,simultaneous_eeg_nirs__VP025__cnt_wg__prefrontal__w4,train,BL,14.66,0,5.226817605971676
simultaneous_eeg_nirs,VP025,simultaneous_eeg_nirs__VP025__cnt_wg__prefrontal__w4,train,BL,16.16,0,5.282796683369316
simultaneous_eeg_nirs,VP025,simultaneous_eeg_nirs__VP025__cnt_wg__prefrontal__w4,train,BL,17.7,0,5.14064208708808
simultaneous_eeg_nirs,VP025,simultaneous_eeg_nirs__VP025__cnt_wg__prefrontal__w4,train,BL,18.94,0,5.641078802421447
simultaneous_eeg_nirs,VP025,simultaneous_eeg_nirs__VP025__cnt_wg__prefrontal__w4,train,BL,19.88,0,5.783797163196882
simultaneous_eeg_nirs,VP025,simultaneous_eeg_nirs__VP025__cnt_wg__prefrontal__w4,train,BL,21.18,0,5.895204378525705
simultaneous_eeg_nirs,VP025,simultaneous_eeg_nirs__VP025__cnt_wg__prefrontal__w4,train,BL,24.76,0,4.848958043644739
simultaneous_eeg_nirs,VP025,simultaneous_eeg_nirs__VP025__cnt_wg__prefrontal__w4,train,BL,25.6,0,4.633294176247456
simultaneous_eeg_nirs,VP025,simultaneous_eeg_nirs__VP025__cnt_wg__prefrontal__w4,train,BL,26.76,0,5.167808043571777
simultaneous_eeg_nirs,VP025,simultaneous_eeg_nirs__VP025__cnt_wg__prefrontal__w4,train,BL,28.48,0,5.583022337018349
simultaneous_eeg_nirs,VP025,simultaneous_eeg_nirs__VP025__cnt_wg__prefrontal__w4,train,BL,0.2,1,-3.947762559132186
simultaneous_eeg_nirs,VP025,simultaneous_eeg_nirs__VP025__cnt_wg__prefrontal__w4,train,BL,1.12,1,5.538466890901338
simultaneous_eeg_nirs,VP025,simultaneous_eeg_nirs__VP025__cnt_wg__prefrontal__w4,train,BL,1.72,1,6.457769130553778
simultaneous_eeg_nirs,VP025,simultaneous_eeg_nirs__VP025__cnt_wg__prefrontal__w4,train,BL,2.8,1,6.10992609060808
simultaneous_eeg_nirs,VP025,simultaneous_eeg_nirs__VP025__cnt_wg__prefrontal__w4,train,BL,3.5,1,-6.571251861858639
simultaneous_eeg_nirs,VP025,simultaneous_eeg_nirs__VP025__cnt_wg__prefrontal__w5,train,BL,0.98,0,5.508868428833607
simultaneous_eeg_nirs,VP025,simultaneous_eeg_nirs__VP025__cnt_wg__prefrontal__w5,train,BL,2.22,0,5.577483667950151
simultaneous_eeg_nirs,VP025,simultaneous_eeg_nirs__VP025__cnt_wg__prefrontal__w5,train,BL,4.86,0,5.851592708504685
simultaneous_eeg_nirs,VP025,simultaneous_eeg_nirs__VP025__cnt_wg__prefrontal__w5,train,BL,5.92,0,5.949882717645371
simultaneous_eeg_nirs,VP025,simultaneous_eeg_nirs__VP025__cnt_wg__prefrontal__w5,train,BL,6.7,0,5.39956539629042
simultaneous_eeg_nirs,VP025,simultaneous_eeg_nirs__VP025__cnt_wg__prefrontal__w5,train,BL,7.94,0,5.711088671997444
simultaneous_eeg_nirs,VP025,simultaneous_eeg_nirs__VP025__cnt_wg__prefrontal__w5,train,BL,9.24,0,5.867653632531287
simultaneous_eeg_nirs,VP025,simultaneous_eeg_nirs__VP025__cnt_wg__prefrontal__w5,train,BL,11.68,0,6.292361907651245
simultaneous_eeg_nirs,VP025,simultaneous_eeg_nirs__VP025__cnt_wg__prefrontal__w5,train,BL,13.5,0,5.962125839459391
simultaneous_eeg_nirs,VP025,simultaneous_eeg_nirs__VP025__cnt_wg__prefrontal__w5,train,BL,15.36,0,6.471573098385467
simultaneous_eeg_nirs,VP025,simultaneous_eeg_nirs__VP025__cnt_wg__prefrontal__w5,train,BL,16.9,0,7.221058914231484
simultaneous_eeg_nirs,VP025,simultaneous_eeg_nirs__VP025__cnt_wg__prefrontal__w5,train,BL,18.62,0,6.466720731418605
simultaneous_eeg_nirs,VP025,simultaneous_eeg_nirs__VP025__cnt_wg__prefrontal__w5,train,BL,20.66,0,5.519216349934226
simultaneous_eeg_nirs,VP025,simultaneous_eeg_nirs__VP025__cnt_wg__prefrontal__w5,train,BL,21.86,0,5.596391393419499
simultaneous_eeg_nirs,VP025,simultaneous_eeg_nirs__VP025__cnt_wg__prefrontal__w5,train,BL,22.96,0,4.6755335946476375
simultaneous_eeg_nirs,VP025,simultaneous_eeg_nirs__VP025__cnt_wg__prefrontal__w5,train,BL,23.9,0,4.612106424495463
simultaneous_eeg_nirs,VP025,simultaneous_eeg_nirs__VP025__cnt_wg__prefrontal__w5,train,BL,25.58,0,4.392012545809624
simultaneous_eeg_nirs,VP025,simultaneous_eeg_nirs__VP025__cnt_wg__prefrontal__w5,train,BL,26.32,0,5.389718738193773
simultaneous_eeg_nirs,VP025,simultaneous_eeg_nirs__VP025__cnt_wg__prefrontal__w5,train,BL,28.76,0,6.2650505363312865
simultaneous_eeg_nirs,VP025,simultaneous_eeg_nirs__VP025__cnt_wg__prefrontal__w5,train,BL,2.78,1,-5.023685481279151
simultaneous_eeg_nirs,VP025,simultaneous_eeg_nirs__VP025__cnt_wg__prefrontal__w5,train,BL,3.5,1,6.0894746231776855
simultaneous_eeg_nirs,VP025,simultaneous_eeg_nirs__VP025__cnt_wg__prefrontal__w5,train,BL,7.16,1,-5.859145409783788
simultaneous_eeg_nirs,VP025,simultaneous_eeg_nirs__VP025__cnt_wg__prefrontal__w5,train,BL,7.66,1,5.747827628593982
simultaneous_eeg_nirs,VP025,simultaneous_eeg_nirs__VP025__cnt_wg__prefrontal__w5,train,BL,8.8,1,-16.23510175460429
simultaneous_eeg_nirs,VP025,simultaneous_eeg_nirs__VP025__cnt_wg__prefrontal__w5,train,BL,10.2,1,6.23668610583104
simultaneous_eeg_nirs,VP025,simultaneous_eeg_nirs__VP025__cnt_wg__prefrontal__w5,train,BL,17.52,1,3.1554552524134514
simultaneous_eeg_nirs,VP025,simultaneous_eeg_nirs__VP025__cnt_wg__prefrontal__w5,train,BL,19.94,1,3.722271987805145
simultaneous_eeg_nirs,VP025,simultaneous_eeg_nirs__VP025__cnt_wg__prefrontal__w5,train,BL,28.26,1,-13.772559921460411
simultaneous_eeg_nirs,VP025,simultaneous_eeg_nirs__VP025__cnt_wg__prefrontal__w6,train,WG,0.08,0,6.315121665138359
simultaneous_eeg_nirs,VP025,simultaneous_eeg_nirs__VP025__cnt_wg__prefrontal__w6,train,WG,0.88,0,5.059311044673127
simultaneous_eeg_nirs,VP025,simultaneous_eeg_nirs__VP025__cnt_wg__prefrontal__w6,train,WG,2.0,0,6.054922280250798
simultaneous_eeg_nirs,VP025,simultaneous_eeg_nirs__VP025__cnt_wg__prefrontal__w6,train,WG,5.6,0,5.6600774174054305
simultaneous_eeg_nirs,VP025,simultaneous_eeg_nirs__VP025__cnt_wg__prefrontal__w6,train,WG,7.38,0,5.697740068203147
simultaneous_eeg_nirs,VP025,simultaneous_eeg_nirs__VP025__cnt_wg__prefrontal__w6,train,WG,8.46,0,5.28540009130002
simultaneous_eeg_nirs,VP025,simultaneous_eeg_nirs__VP025__cnt_wg__prefrontal__w6,train,WG,10.66,0,5.297392714851373
simultaneous_eeg_nirs,VP025,simultaneous_eeg_nirs__VP025__cnt_wg__prefrontal__w6,train,WG,13.38,0,5.178888923969173
simultaneous_eeg_nirs,VP025,simultaneous_eeg_nirs__VP025__cnt_wg__prefrontal__w6,train,WG,14.4,0,5.5578338281844495
simultaneous_eeg_nirs,VP025,simultaneous_eeg_nirs__VP025__cnt_wg__prefrontal__w6,train,WG,15.46,0,5.139612916571637
simultaneous_eeg_nirs,VP025,simultaneous_eeg_nirs__VP025__cnt_wg__prefrontal__w6,train,WG,16.28,0,5.961895833697794
simultaneous_eeg_nirs,VP025,simultaneous_eeg_nirs__VP025__cnt_wg__prefrontal__w6,train,WG,17.3,0,5.634426000292966
simultaneous_eeg_nirs,VP025,simultaneous_eeg_nirs__VP025__cnt_wg__prefrontal__w6,train,WG,20.34,0,5.835207671542138
simultaneous_eeg_nirs,VP025,simultaneous_eeg_nirs__VP025__cnt_wg__prefrontal__w6,train,WG,22.58,0,4.788640848580329
simultaneous_eeg_nirs,VP025,simultaneous_eeg_nirs__VP025__cnt_wg__prefrontal__w6,train,WG,23.68,0,5.382678879949153
simultaneous_eeg_nirs,VP025,simultaneous_eeg_nirs__VP025__cnt_wg__prefrontal__w6,train,WG,25.34,0,5.982731045998387
simultaneous_eeg_nirs,VP025,simultaneous_eeg_nirs__VP025__cnt_wg__prefrontal__w6,train,WG,26.42,0,5.894271659247292
simultaneous_eeg_nirs,VP025,simultaneous_eeg_nirs__VP025__cnt_wg__prefrontal__w6,train,WG,28.08,0,6.745096053061299
simultaneous_eeg_nirs,VP025,simultaneous_eeg_nirs__VP025__cnt_wg__prefrontal__w6,train,WG,29.4,0,4.819249777608143
simultaneous_eeg_nirs,VP025,simultaneous_eeg_nirs__VP025__cnt_wg__prefrontal__w6,train,WG,6.76,1,4.16120247810767
simultaneous_eeg_nirs,VP025,simultaneous_eeg_nirs__VP025__cnt_wg__prefrontal__w6,train,WG,7.78,1,-4.464105196595698
simultaneous_eeg_nirs,VP025,simultaneous_eeg_nirs__VP025__cnt_wg__prefrontal__w6,train,WG,8.94,1,-3.504752863501379
simultaneous_eeg_nirs,VP025,simultaneous_eeg_nirs__VP025__cnt_wg__prefrontal__w6,train,WG,11.0,1,-7.477866929376627
simultaneous_eeg_nirs,VP025,simultaneous_eeg_nirs__VP025__cnt_wg__prefrontal__w6,train,WG,11.92,1,-8.757799172477746
simultaneous_eeg_nirs,VP025,simultaneous_eeg_nirs__VP025__cnt_wg__prefrontal__w6,train,WG,13.74,1,-5.686025690383381
simultaneous_eeg_nirs,VP025,simultaneous_eeg_nirs__VP025__cnt_wg__prefrontal__w6,train,WG,15.94,1,-12.181884434599764
simultaneous_eeg_nirs,VP025,simultaneous_eeg_nirs__VP025__cnt_wg__prefrontal__w6,train,WG,27.8,1,5.279759664271399
simultaneous_eeg_nirs,VP025,simultaneous_eeg_nirs__VP025__cnt_wg__prefrontal__w6,train,WG,28.84,1,-4.283713634177951
simultaneous_eeg_nirs,VP025,simultaneous_eeg_nirs__VP025__cnt_wg__prefrontal__w7,train,WG,1.18,0,6.203617035245721
simultaneous_eeg_nirs,VP025,simultaneous_eeg_nirs__VP025__cnt_wg__prefrontal__w7,train,WG,1.98,0,6.032436918571939
simultaneous_eeg_nirs,VP025,simultaneous_eeg_nirs__VP025__cnt_wg__prefrontal__w7,train,WG,3.5,0,6.257239257532979
simultaneous_eeg_nirs,VP025,simultaneous_eeg_nirs__VP025__cnt_wg__prefrontal__w7,train,WG,7.36,0,4.6279605384736495
simultaneous_eeg_nirs,VP025,simultaneous_eeg_nirs__VP025__cnt_wg__prefrontal__w7,train,WG,8.58,0,6.168389227555624
simultaneous_eeg_nirs,VP025,simultaneous_eeg_nirs__VP025__cnt_wg__prefrontal__w7,train,WG,9.6,0,6.126554588798606
simultaneous_eeg_nirs,VP025,simultaneous_eeg_nirs__VP025__cnt_wg__prefrontal__w7,train,WG,11.46,0,5.107271478889938
simultaneous_eeg_nirs,VP025,simultaneous_eeg_nirs__VP025__cnt_wg__prefrontal__w7,train,WG,12.26,0,6.103710794561936
simultaneous_eeg_nirs,VP025,simultaneous_eeg_nirs__VP025__cnt_wg__prefrontal__w7,train,WG,13.64,0,4.934795961159446
simultaneous_eeg_nirs,VP025,simultaneous_eeg_nirs__VP025__cnt_wg__prefrontal__w7,train,WG,14.8,0,6.419528037986817
simultaneous_eeg_nirs,VP025,simultaneous_eeg_nirs__VP025__cnt_wg__prefrontal__w7,train,WG,15.9,0,4.999122680892887
simultaneous_eeg_nirs,VP025,simultaneous_eeg_nirs__VP025__cnt_wg__prefrontal__w7,train,WG,16.62,0,5.007985374249502
simultaneous_eeg_nirs,VP025,simultaneous_eeg_nirs__VP025__cnt_wg__prefrontal__w7,train,WG,18.14,0,6.25899323516412
simultaneous_eeg_nirs,VP025,simultaneous_eeg_nirs__VP025__cnt_wg__prefrontal__w7,train,WG,19.18,0,5.671595743575562
simultaneous_eeg_nirs,VP025,simultaneous_eeg_nirs__VP025__cnt_wg__prefrontal__w7,train,WG,19.84,0,4.911284780138233
simultaneous_eeg_nirs,VP025,simultaneous_eeg_nirs__VP025__cnt_wg__prefrontal__w7,train,WG,20.68,0,5.723134618558534
simultaneous_eeg_nirs,VP025,simultaneous_eeg_nirs__VP025__cnt_wg__prefrontal__w7,train,WG,22.22,0,5.474652708597609
simultaneous_eeg_nirs,VP025,simultaneous_eeg_nirs__VP025__cnt_wg__prefrontal__w7,train,WG,23.46,0,4.3968699923060335
simultaneous_eeg_nirs,VP025,simultaneous_eeg_nirs__VP025__cnt_wg__prefrontal__w7,train,WG,25.02,0,5.476036606723818
simultaneous_eeg_nirs,VP025,simultaneous_eeg_nirs__VP025__cnt_wg__prefrontal__w7,train,WG,26.28,0,5.100301534915774
simultaneous_eeg_nirs,VP025,simultaneous_eeg_nirs__VP025__cnt_wg__prefrontal__w7,train,WG,27.14,0,5.876310499630433
simultaneous_eeg_nirs,VP025,simultaneous_eeg_nirs__VP025__cnt_wg__prefrontal__w7,train,WG,28.46,0,5.286821993537838
simultaneous_eeg_nirs,VP025,simultaneous_eeg_nirs__VP025__cnt_wg__prefrontal__w7,train,WG,29.36,0,4.687964165850228
simultaneous_eeg_nirs,VP025,simultaneous_eeg_nirs__VP025__cnt_wg__prefrontal__w7,train,WG,6.46,1,4.062721648771837
simultaneous_eeg_nirs,VP025,simultaneous_eeg_nirs__VP025__cnt_wg__prefrontal__w7,train,WG,9.06,1,-4.201764888021122
simultaneous_eeg_nirs,VP025,simultaneous_eeg_nirs__VP025__cnt_wg__prefrontal__w7,train,WG,11.96,1,3.015338034600533
simultaneous_eeg_nirs,VP025,simultaneous_eeg_nirs__VP025__cnt_wg__prefrontal__w7,train,WG,14.04,1,-8.72864012449011
simultaneous_eeg_nirs,VP025,simultaneous_eeg_nirs__VP025__cnt_wg__prefrontal__w7,train,WG,15.42,1,10.138459496880614
simultaneous_eeg_nirs,VP025,simultaneous_eeg_nirs__VP025__cnt_wg__prefrontal__w7,train,WG,16.08,1,-3.226057819307339
simultaneous_eeg_nirs,VP025,simultaneous_eeg_nirs__VP025__cnt_wg__prefrontal__w7,train,WG,16.96,1,4.228998315371465
simultaneous_eeg_nirs,VP025,simultaneous_eeg_nirs__VP025__cnt_wg__prefrontal__w7,train,WG,28.82,1,-4.610356497322355
simultaneous_eeg_nirs,VP025,simultaneous_eeg_nirs__VP025__cnt_wg__prefrontal__w7,train,WG,29.34,1,-7.164996296434455
simultaneous_eeg_nirs,VP026,simultaneous_eeg_nirs__VP026__cnt_wg__prefrontal__w0,evaluate,BL,1.58,0,6.817302139683487
simultaneous_eeg_nirs,VP026,simultaneous_eeg_nirs__VP026__cnt_wg__prefrontal__w0,evaluate,BL,2.9,0,6.6635072502686725
simultaneous_eeg_nirs,VP026,simultaneous_eeg_nirs__VP026__cnt_wg__prefrontal__w0,evaluate,BL,6.54,0,5.725295115253154
simultaneous_eeg_nirs,VP026,simultaneous_eeg_nirs__VP026__cnt_wg__prefrontal__w0,evaluate,BL,9.26,0,6.306948774789119
simultaneous_eeg_nirs,VP026,simultaneous_eeg_nirs__VP026__cnt_wg__prefrontal__w0,evaluate,BL,13.56,0,8.294037278252235
simultaneous_eeg_nirs,VP026,simultaneous_eeg_nirs__VP026__cnt_wg__prefrontal__w0,evaluate,BL,14.96,0,6.706057376416467
simultaneous_eeg_nirs,VP026,simultaneous_eeg_nirs__VP026__cnt_wg__prefrontal__w0,evaluate,BL,17.22,0,7.003390772618072
simultaneous_eeg_nirs,VP026,simultaneous_eeg_nirs__VP026__cnt_wg__prefrontal__w0,evaluate,BL,18.48,0,7.096824645327039
simultaneous_eeg_nirs,VP026,simultaneous_eeg_nirs__VP026__cnt_wg__prefrontal__w0,evaluate,BL,21.32,0,6.295789937375676
simultaneous_eeg_nirs,VP026,simultaneous_eeg_nirs__VP026__cnt_wg__prefrontal__w0,evaluate,BL,23.7,0,6.5466732123412115
simultaneous_eeg_nirs,VP026,simultaneous_eeg_nirs__VP026__cnt_wg__prefrontal__w0,evaluate,BL,25.68,0,6.667866742838533
simultaneous_eeg_nirs,VP026,simultaneous_eeg_nirs__VP026__cnt_wg__prefrontal__w0,evaluate,BL,1.64,1,3.848527447089707
simultaneous_eeg_nirs,VP026,simultaneous_eeg_nirs__VP026__cnt_wg__prefrontal__w0,evaluate,BL,2.98,1,4.021287520651502
simultaneous_eeg_nirs,VP026,simultaneous_eeg_nirs__VP026__cnt_wg__prefrontal__w0,evaluate,BL,6.5,1,-3.344022838419473
simultaneous_eeg_nirs,VP026,simultaneous_eeg_nirs__VP026__cnt_wg__prefrontal__w0,evaluate,BL,11.88,1,4.476508209279078
simultaneous_eeg_nirs,VP026,simultaneous_eeg_nirs__VP026__cnt_wg__prefrontal__w0,evaluate,BL,12.64,1,-3.7604285106833415
simultaneous_eeg_nirs,VP026,simultaneous_eeg_nirs__VP026__cnt_wg__prefrontal__w0,evaluate,BL,13.46,1,-5.209323769137772
simultaneous_eeg_nirs,VP026,simultaneous_eeg_nirs__VP026__cnt_wg__prefrontal__w0,evaluate,BL,14.86,1,-4.604828969882664
simultaneous_eeg_nirs,VP026,simultaneous_eeg_nirs__VP026__cnt_wg__prefrontal__w0,evaluate,BL,17.3,1,4.133631630694172
simultaneous_eeg_nirs,VP026,simultaneous_eeg_nirs__VP026__cnt_wg__prefrontal__w0,evaluate,BL,20.26,1,-5.629395121006805
simultaneous_eeg_nirs,VP026,simultaneous_eeg_nirs__VP026__cnt_wg__prefrontal__w0,evaluate,BL,21.26,1,-3.391582101085871
simultaneous_eeg_nirs,VP026,simultaneous_eeg_nirs__VP026__cnt_wg__prefrontal__w0,evaluate,BL,27.08,1,4.17376335687751
simultaneous_eeg_nirs,VP026,simultaneous_eeg_nirs__VP026__cnt_wg__prefrontal__w1,evaluate,WG,0.82,0,5.75977151227503
simultaneous_eeg_nirs,VP026,simultaneous_eeg_nirs__VP026__cnt_wg__prefrontal__w1,evaluate,WG,4.14,0,5.8866408829494965
simultaneous_eeg_nirs,VP026,simultaneous_eeg_nirs__VP026__cnt_wg__prefrontal__w1,evaluate,WG,6.4,0,4.87752079896801
simultaneous_eeg_nirs,VP026,simultaneous_eeg_nirs__VP026__cnt_wg__prefrontal__w1,evaluate,WG,8.62,0,6.711548401237135
simultaneous_eeg_nirs,VP026,simultaneous_eeg_nirs__VP026__cnt_wg__prefrontal__w1,evaluate,WG,10.06,0,3.172594964219794
simultaneous_eeg_nirs,VP026,simultaneous_eeg_nirs__VP026__cnt_wg__prefrontal__w1,evaluate,WG,11.62,0,4.550018345974181
simultaneous_eeg_nirs,VP026,simultaneous_eeg_nirs__VP026__cnt_wg__prefrontal__w1,evaluate,WG,17.72,0,7.203113394553559
simultaneous_eeg_nirs,VP026,simultaneous_eeg_nirs__VP026__cnt_wg__prefrontal__w1,evaluate,WG,19.56,0,5.5407220553400185
simultaneous_eeg_nirs,VP026,simultaneous_eeg_nirs__VP026__cnt_wg__prefrontal__w1,evaluate,WG,22.78,0,5.738803700583774
simultaneous_eeg_nirs,VP026,simultaneous_eeg_nirs__VP026__cnt_wg__prefrontal__w1,evaluate,WG,24.72,0,7.30082300287169
simultaneous_eeg_nirs,VP026,simultaneous_eeg_nirs__VP026__cnt_wg__prefrontal__w1,evaluate,WG,27.68,0,6.55869060425861
simultaneous_eeg_nirs,VP026,simultaneous_eeg_nirs__VP026__cnt_wg__prefrontal__w1,evaluate,WG,28.88,0,4.29306855926507
simultaneous_eeg_nirs,VP026,simultaneous_eeg_nirs__VP026__cnt_wg__prefrontal__w1,evaluate,WG,0.9,1,5.578132448604256
simultaneous_eeg_nirs,VP026,simultaneous_eeg_nirs__VP026__cnt_wg__prefrontal__w1,evaluate,WG,4.26,1,5.625095316907673
simultaneous_eeg_nirs,VP026,simultaneous_eeg_nirs__VP026__cnt_wg__prefrontal__w1,evaluate,WG,6.18,1,7.20973633013759
simultaneous_eeg_nirs,VP026,simultaneous_eeg_nirs__VP026__cnt_wg__prefrontal__w1,evaluate,WG,7.64,1,-12.456557165681716
simultaneous_eeg_nirs,VP026,simultaneous_eeg_nirs__VP026__cnt_wg__prefrontal__w1,evaluate,WG,10.0,1,10.842693695863918
simultaneous_eeg_nirs,VP026,simultaneous_eeg_nirs__VP026__cnt_wg__prefrontal__w1,evaluate,WG,11.44,1,-11.186150740941851
simultaneous_eeg_nirs,VP026,simultaneous_eeg_nirs__VP026__cnt_wg__prefrontal__w1,evaluate,WG,12.96,1,11.537443687738541
simultaneous_eeg_nirs,VP026,simultaneous_eeg_nirs__VP026__cnt_wg__prefrontal__w1,evaluate,WG,13.84,1,5.357957579200745
simultaneous_eeg_nirs,VP026,simultaneous_eeg_nirs__VP026__cnt_wg__prefrontal__w1,evaluate,WG,14.84,1,-11.853797226855463
simultaneous_eeg_nirs,VP026,simultaneous_eeg_nirs__VP026__cnt_wg__prefrontal__w1,evaluate,WG,17.62,1,-4.5657000835480215
simultaneous_eeg_nirs,VP026,simultaneous_eeg_nirs__VP026__cnt_wg__prefrontal__w1,evaluate,WG,19.68,1,3.152809879605381
simultaneous_eeg_nirs,VP026,simultaneous_eeg_nirs__VP026__cnt_wg__prefrontal__w1,evaluate,WG,22.88,1,3.6565504008718683
simultaneous_eeg_nirs,VP026,simultaneous_eeg_nirs__VP026__cnt_wg__prefrontal__w1,evaluate,WG,24.64,1,-4.024303585863826
simultaneous_eeg_nirs,VP026,simultaneous_eeg_nirs__VP026__cnt_wg__prefrontal__w1,evaluate,WG,25.2,1,-7.098806970969712
simultaneous_eeg_nirs,VP026,simultaneous_eeg_nirs__VP026__cnt_wg__prefrontal__w1,evaluate,WG,25.94,1,7.707463071261172
simultaneous_eeg_nirs,VP026,simultaneous_eeg_nirs__VP026__cnt_wg__prefrontal__w1,evaluate,WG,26.86,1,8.172354018322531
simultaneous_eeg_nirs,VP026,simultaneous_eeg_nirs__VP026__cnt_wg__prefrontal__w1,evaluate,WG,27.64,1,-5.0324950685178615
simultaneous_eeg_nirs,VP026,simultaneous_eeg_nirs__VP026__cnt_wg__prefrontal__w1,evaluate,WG,28.14,1,10.335750024773997
simultaneous_eeg_nirs,VP026,simultaneous_eeg_nirs__VP026__cnt_wg__prefrontal__w1,evaluate,WG,28.78,1,-7.9996172425446606
simultaneous_eeg_nirs,VP026,simultaneous_eeg_nirs__VP026__cnt_wg__prefrontal__w2,evaluate,WG,0.76,0,6.004698956924204
simultaneous_eeg_nirs,VP026,simultaneous_eeg_nirs__VP026__cnt_wg__prefrontal__w2,evaluate,WG,2.96,0,6.469821594243164
simultaneous_eeg_nirs,VP026,simultaneous_eeg_nirs__VP026__cnt_wg__prefrontal__w2,evaluate,WG,5.1,0,4.81130282652619
simultaneous_eeg_nirs,VP026,simultaneous_eeg_nirs__VP026__cnt_wg__prefrontal__w2,evaluate,WG,11.36,0,5.195227435567262
simultaneous_eeg_nirs,VP026,simultaneous_eeg_nirs__VP026__cnt_wg__prefrontal__w2,evaluate,WG,17.42,0,5.667945878117469
simultaneous_eeg_nirs,VP026,simultaneous_eeg_nirs__VP026__cnt_wg__prefrontal__w2,evaluate,WG,18.06,0,5.261639704718983
simultaneous_eeg_nirs,VP026,simultaneous_eeg_nirs__VP026__cnt_wg__prefrontal__w2,evaluate,WG,19.34,0,5.684317815182929
simultaneous_eeg_nirs,VP026,simultaneous_eeg_nirs__VP026__cnt_wg__prefrontal__w2,evaluate,WG,20.66,0,5.762296147619792
simultaneous_eeg_nirs,VP026,simultaneous_eeg_nirs__VP026__cnt_wg__prefrontal__w2,evaluate,WG,23.26,0,4.818577049785779
simultaneous_eeg_nirs,VP026,simultaneous_eeg_nirs__VP026__cnt_wg__prefrontal__w2,evaluate,WG,25.76,0,6.249039422391114
simultaneous_eeg_nirs,VP026,simultaneous_eeg_nirs__VP026__cnt_wg__prefrontal__w2,evaluate,WG,28.08,0,6.195026037872413
simultaneous_eeg_nirs,VP026,simultaneous_eeg_nirs__VP026__cnt_wg__prefrontal__w2,evaluate,WG,29.54,0,5.571895065849045
simultaneous_eeg_nirs,VP026,simultaneous_eeg_nirs__VP026__cnt_wg__prefrontal__w2,evaluate,WG,1.34,1,3.9273119834394943
simultaneous_eeg_nirs,VP026,simultaneous_eeg_nirs__VP026__cnt_wg__prefrontal__w2,evaluate,WG,2.26,1,-3.5605259561475258
simultaneous_eeg_nirs,VP026,simultaneous_eeg_nirs__VP026__cnt_wg__prefrontal__w2,evaluate,WG,6.5,1,10.72262433335691
simultaneous_eeg_nirs,VP026,simultaneous_eeg_nirs__VP026__cnt_wg__prefrontal__w2,evaluate,WG,7.92,1,-10.703709375560774
simultaneous_eeg_nirs,VP026,simultaneous_eeg_nirs__VP026__cnt_wg__prefrontal__w2,evaluate,WG,9.2,1,-3.0056928661503353
simultaneous_eeg_nirs,VP026,simultaneous_eeg_nirs__VP026__cnt_wg__prefrontal__w2,evaluate,WG,13.1,1,7.91819297856866
simultaneous_eeg_nirs,VP026,simultaneous_eeg_nirs__VP026__cnt_wg__prefrontal__w2,evaluate,WG,14.52,1,-9.890807377825803
simultaneous_eeg_nirs,VP026,simultaneous_eeg_nirs__VP026__cnt_wg__prefrontal__w2,evaluate,WG,17.26,1,-3.1505289627986963
simultaneous_eeg_nirs,VP026,simultaneous_eeg_nirs__VP026__cnt_wg__prefrontal__w2,evaluate,WG,19.4,1,3.4062793617764067
simultaneous_eeg_nirs,VP026,simultaneous_eeg_nirs__VP026__cnt_wg__prefrontal__w2,evaluate,WG,23.22,1,-3.004343390440386
simultaneous_eeg_nirs,VP026,simultaneous_eeg_nirs__VP026__cnt_wg__prefrontal__w2,evaluate,WG,29.62,1,3.5079281408529783
simultaneous_eeg_nirs,VP026,simultaneous_eeg_nirs__VP026__cnt_wg__prefrontal__w3,evaluate,BL,0.18,0,8.027364610431745
simultaneous_eeg_nirs,VP026,simultaneous_eeg_nirs__VP026__cnt_wg__prefrontal__w3,evaluate,BL,1.62,0,8.145874953693877
simultaneous_eeg_nirs,VP026,simultaneous_eeg_nirs__VP026__cnt_wg__prefrontal__w3,evaluate,BL,4.04,0,6.0687310252491375
simultaneous_eeg_nirs,VP026,simultaneous_eeg_nirs__VP026__cnt_wg__prefrontal__w3,evaluate,BL,6.22,0,7.898510207734104
simultaneous_eeg_nirs,VP026,simultaneous_eeg_nirs__VP026__cnt_wg__prefrontal__w3,evaluate,BL,7.66,0,7.927454396107362
simultaneous_eeg_nirs,VP026,simultaneous_eeg_nirs__VP026__cnt_wg__prefrontal__w3,evaluate,BL,9.34,0,5.476957373541369
simultaneous_eeg_nirs,VP026,simultaneous_eeg_nirs__VP026__cnt_wg__prefrontal__w3,evaluate,BL,11.86,0,7.346004123108055
simultaneous_eeg_nirs,VP026,simultaneous_eeg_nirs__VP026__cnt_wg__prefrontal__w3,evaluate,BL,13.42,0,7.221079992385333
simultaneous_eeg_nirs,VP026,simultaneous_eeg_nirs__VP026__cnt_wg__prefrontal__w3,evaluate,BL,14.78,0,6.471933013362223
simultaneous_eeg_nirs,VP026,simultaneous_eeg_nirs__VP026__cnt_wg__prefrontal__w3,evaluate,BL,16.64,0,6.000718076332374
simultaneous_eeg_nirs,VP026,simultaneous_eeg_nirs__VP026__cnt_wg__prefrontal__w3,evaluate,BL,18.3,0,5.808958474406202
simultaneous_eeg_nirs,VP026,simultaneous_eeg_nirs__VP026__cnt_wg__prefrontal__w3,evaluate,BL,21.22,0,4.712717075939725
simultaneous_eeg_nirs,VP026,simultaneous_eeg_nirs__VP026__cnt_wg__prefrontal__w3,evaluate,BL,23.42,0,5.21739559808249
simultaneous_eeg_nirs,VP026,simultaneous_eeg_nirs__VP026__cnt_wg__prefrontal__w3,evaluate,BL,24.74,0,5.0344457662878375
simultaneous_eeg_nirs,VP026,simultaneous_eeg_nirs__VP026__cnt_wg__prefrontal__w3,evaluate,BL,26.6,0,5.505744080465038
simultaneous_eeg_nirs,VP026,simultaneous_eeg_nirs__VP026__cnt_wg__prefrontal__w3,evaluate,BL,29.28,0,5.820513043695884
simultaneous_eeg_nirs,VP026,simultaneous_eeg_nirs__VP026__cnt_wg__prefrontal__w3,evaluate,BL,0.14,1,3.141118905573283
simultaneous_eeg_nirs,VP026,simultaneous_eeg_nirs__VP026__cnt_wg__prefrontal__w3,evaluate,BL,0.86,1,3.0145371323372965
simultaneous_eeg_nirs,VP026,simultaneous_eeg_nirs__VP026__cnt_wg__prefrontal__w3,evaluate,BL,1.7,1,6.04526436839019
simultaneous_eeg_nirs,VP026,simultaneous_eeg_nirs__VP026__cnt_wg__prefrontal__w3,evaluate,BL,7.6,1,-3.3199917457661314
simultaneous_eeg_nirs,VP026,simultaneous_eeg_nirs__VP026__cnt_wg__prefrontal__w3,evaluate,BL,11.12,1,7.801110314081106
simultaneous_eeg_nirs,VP026,simultaneous_eeg_nirs__VP026__cnt_wg__prefrontal__w3,evaluate,BL,11.76,1,-8.336791995804777
simultaneous_eeg_nirs,VP026,simultaneous_eeg_nirs__VP026__cnt_wg__prefrontal__w3,evaluate,BL,16.78,1,4.629714095952145
simultaneous_eeg_nirs,VP026,simultaneous_eeg_nirs__VP026__cnt_wg__prefrontal__w3,evaluate,BL,18.42,1,3.632722988548957
simultaneous_eeg_nirs,VP026,simultaneous_eeg_nirs__VP026__cnt_wg__prefrontal__w3,evaluate,BL,21.3,1,3.802167020601147
simultaneous_eeg_nirs,VP026,simultaneous_eeg_nirs__VP026__cnt_wg__prefrontal__w3,evaluate,BL,23.36,1,-3.1177936841785816
simultaneous_eeg_nirs,VP026,simultaneous_eeg_nirs__VP026__cnt_wg__prefrontal__w3,evaluate,BL,24.86,1,3.180557758618186
simultaneous_eeg_nirs,VP026,simultaneous_eeg_nirs__VP026__cnt_wg__prefrontal__w3,evaluate,BL,26.74,1,4.364954388871664
simultaneous_eeg_nirs,VP026,simultaneous_eeg_nirs__VP026__cnt_wg__prefrontal__w3,evaluate,BL,29.38,1,4.04021802133132
simultaneous_eeg_nirs,VP026,simultaneous_eeg_nirs__VP026__cnt_wg__prefrontal__w4,evaluate,WG,0.28,0,6.440208196059853
simultaneous_eeg_nirs,VP026,simultaneous_eeg_nirs__VP026__cnt_wg__prefrontal__w4,evaluate,WG,4.14,0,6.516155864590799
simultaneous_eeg_nirs,VP026,simultaneous_eeg_nirs__VP026__cnt_wg__prefrontal__w4,evaluate,WG,6.12,0,4.2477033068316015
simultaneous_eeg_nirs,VP026,simultaneous_eeg_nirs__VP026__cnt_wg__prefrontal__w4,evaluate,WG,8.1,0,4.158638730879379
simultaneous_eeg_nirs,VP026,simultaneous_eeg_nirs__VP026__cnt_wg__prefrontal__w4,evaluate,WG,13.88,0,7.339821930231678
simultaneous_eeg_nirs,VP026,simultaneous_eeg_nirs__VP026__cnt_wg__prefrontal__w4,evaluate,WG,17.84,0,-4.640657730484658
simultaneous_eeg_nirs,VP026,simultaneous_eeg_nirs__VP026__cnt_wg__prefrontal__w4,evaluate,WG,19.76,0,7.410476011135879
simultaneous_eeg_nirs,VP026,simultaneous_eeg_nirs__VP026__cnt_wg__prefrontal__w4,evaluate,WG,24.72,0,-3.106100439046831
simultaneous_eeg_nirs,VP026,simultaneous_eeg_nirs__VP026__cnt_wg__prefrontal__w4,evaluate,WG,26.28,0,4.021158314056124
simultaneous_eeg_nirs,VP026,simultaneous_eeg_nirs__VP026__cnt_wg__prefrontal__w4,evaluate,WG,27.46,0,4.645856523088035
simultaneous_eeg_nirs,VP026,simultaneous_eeg_nirs__VP026__cnt_wg__prefrontal__w4,evaluate,WG,28.52,0,5.755894957091407
simultaneous_eeg_nirs,VP026,simultaneous_eeg_nirs__VP026__cnt_wg__prefrontal__w4,evaluate,WG,5.6,1,-14.364860702864965
simultaneous_eeg_nirs,VP026,simultaneous_eeg_nirs__VP026__cnt_wg__prefrontal__w4,evaluate,WG,6.58,1,-14.733086199956194
simultaneous_eeg_nirs,VP026,simultaneous_eeg_nirs__VP026__cnt_wg__prefrontal__w4,evaluate,WG,7.94,1,-6.939233150037729
simultaneous_eeg_nirs,VP026,simultaneous_eeg_nirs__VP026__cnt_wg__prefrontal__w4,evaluate,WG,11.26,1,8.814717187315726
simultaneous_eeg_nirs,VP026,simultaneous_eeg_nirs__VP026__cnt_wg__prefrontal__w4,evaluate,WG,12.9,1,-10.373454871662165
simultaneous_eeg_nirs,VP026,simultaneous_eeg_nirs__VP026__cnt_wg__prefrontal__w4,evaluate,WG,17.88,1,-6.774063981115418
simultaneous_eeg_nirs,VP026,simultaneous_eeg_nirs__VP026__cnt_wg__prefrontal__w4,evaluate,WG,18.9,1,3.4533134803746557
simultaneous_eeg_nirs,VP026,simultaneous_eeg_nirs__VP026__cnt_wg__prefrontal__w4,evaluate,WG,19.68,1,8.792487582933482
simultaneous_eeg_nirs,VP026,simultaneous_eeg_nirs__VP026__cnt_wg__prefrontal__w4,evaluate,WG,24.06,1,-3.4722350272630202
simultaneous_eeg_nirs,VP026,simultaneous_eeg_nirs__VP026__cnt_wg__prefrontal__w4,evaluate,WG,24.88,1,12.21285201838251
simultaneous_eeg_nirs,VP026,simultaneous_eeg_nirs__VP026__cnt_wg__prefrontal__w4,evaluate,WG,26.32,1,3.6857935906642543
simultaneous_eeg_nirs,VP026,simultaneous_eeg_nirs__VP026__cnt_wg__prefrontal__w5,evaluate,BL,2.06,0,7.375398822310714
simultaneous_eeg_nirs,VP026,simultaneous_eeg_nirs__VP026__cnt_wg__prefrontal__w5,evaluate,BL,3.92,0,5.740031478982969
simultaneous_eeg_nirs,VP026,simultaneous_eeg_nirs__VP026__cnt_wg__prefrontal__w5,evaluate,BL,5.52,0,5.876013921741055
simultaneous_eeg_nirs,VP026,simultaneous_eeg_nirs__VP026__cnt_wg__prefrontal__w5,evaluate,BL,11.32,0,9.189686232099536
simultaneous_eeg_nirs,VP026,simultaneous_eeg_nirs__VP026__cnt_wg__prefrontal__w5,evaluate,BL,13.36,0,8.287337219218307
simultaneous_eeg_nirs,VP026,simultaneous_eeg_nirs__VP026__cnt_wg__prefrontal__w5,evaluate,BL,15.06,0,6.652185010543007
simultaneous_eeg_nirs,VP026,simultaneous_eeg_nirs__VP026__cnt_wg__prefrontal__w5,evaluate,BL,18.06,0,7.511222780345734
simultaneous_eeg_nirs,VP026,simultaneous_eeg_nirs__VP026__cnt_wg__prefrontal__w5,evaluate,BL,26.04,0,5.700319235769787
simultaneous_eeg_nirs,VP026,simultaneous_eeg_nirs__VP026__cnt_wg__prefrontal__w5,evaluate,BL,3.88,1,-5.191235265688203
simultaneous_eeg_nirs,VP026,simultaneous_eeg_nirs__VP026__cnt_wg__prefrontal__w5,evaluate,BL,4.5,1,4.504020307960536
simultaneous_eeg_nirs,VP026,simultaneous_eeg_nirs__VP026__cnt_wg__prefrontal__w5,evaluate,BL,5.02,1,10.452836749742179
simultaneous_eeg_nirs,VP026,simultaneous_eeg_nirs__VP026__cnt_wg__prefrontal__w5,evaluate,BL,5.52,1,-8.166714800819484
simultaneous_eeg_nirs,VP026,simultaneous_eeg_nirs__VP026__cnt_wg__prefrontal__w5,evaluate,BL,7.4,1,-9.029920888786839
simultaneous_eeg_nirs,VP026,simultaneous_eeg_nirs__VP026__cnt_wg__prefrontal__w5,evaluate,BL,9.6,1,7.11831475501246
simultaneous_eeg_nirs,VP026,simultaneous_eeg_nirs__VP026__cnt_wg__prefrontal__w5,evaluate,BL,13.4,1,3.2264115860502067
simultaneous_eeg_nirs,VP026,simultaneous_eeg_nirs__VP026__cnt_wg__prefrontal__w5,evaluate,BL,15.46,1,7.696341356424834
simultaneous_eeg_nirs,VP026,simultaneous_eeg_nirs__VP026__cnt_wg__prefrontal__w5,evaluate,BL,18.1,1,5.004131916754968
simultaneous_eeg_nirs,VP026,simultaneous_eeg_nirs__VP026__cnt_wg__prefrontal__w5,evaluate,BL,19.72,1,5.135192469486154
simultaneous_eeg_nirs,VP026,simultaneous_eeg_nirs__VP026__cnt_wg__prefrontal__w5,evaluate,BL,20.52,1,-8.876042663484673
simultaneous_eeg_nirs,VP026,simultaneous_eeg_nirs__VP026__cnt_wg__prefrontal__w5,evaluate,BL,21.06,1,4.448115686818947
simultaneous_eeg_nirs,VP026,simultaneous_eeg_nirs__VP026__cnt_wg__prefrontal__w5,evaluate,BL,26.14,1,6.696948114823519
simultaneous_eeg_nirs,VP026,simultaneous_eeg_nirs__VP026__cnt_wg__prefrontal__w6,evaluate,BL,2.02,0,5.871544268132794
simultaneous_eeg_nirs,VP026,simultaneous_eeg_nirs__VP026__cnt_wg__prefrontal__w6,evaluate,BL,5.0,0,5.007916133908639
simultaneous_eeg_nirs,VP026,simultaneous_eeg_nirs__VP026__cnt_wg__prefrontal__w6,evaluate,BL,7.24,0,6.990126426258601
simultaneous_eeg_nirs,VP026,simultaneous_eeg_nirs__VP026__cnt_wg__prefrontal__w6,evaluate,BL,8.64,0,5.305295576955916
simultaneous_eeg_nirs,VP026,simultaneous_eeg_nirs__VP026__cnt_wg__prefrontal__w6,evaluate,BL,10.48,0,3.481713219302158
simultaneous_eeg_nirs,VP026,simultaneous_eeg_nirs__VP026__cnt_wg__prefrontal__w6,evaluate,BL,16.68,0,6.300582555752015
simultaneous_eeg_nirs,VP026,simultaneous_eeg_nirs__VP026__cnt_wg__prefrontal__w6,evaluate,BL,18.48,0,4.788423799169744
simultaneous_eeg_nirs,VP026,simultaneous_eeg_nirs__VP026__cnt_wg__prefrontal__w6,evaluate,BL,19.74,0,4.675859213901876
simultaneous_eeg_nirs,VP026,simultaneous_eeg_nirs__VP026__cnt_wg__prefrontal__w6,evaluate,BL,22.02,0,4.2588735816563545
simultaneous_eeg_nirs,VP026,simultaneous_eeg_nirs__VP026__cnt_wg__prefrontal__w6,evaluate,BL,23.06,0,5.410855652886426
simultaneous_eeg_nirs,VP026,simultaneous_eeg_nirs__VP026__cnt_wg__prefrontal__w6,evaluate,BL,24.76,0,6.8810829315735855
simultaneous_eeg_nirs,VP026,simultaneous_eeg_nirs__VP026__cnt_wg__prefrontal__w6,evaluate,BL,27.54,0,3.742989822787036
simultaneous_eeg_nirs,VP026,simultaneous_eeg_nirs__VP026__cnt_wg__prefrontal__w6,evaluate,BL,0.04,1,-3.5399094910515583
simultaneous_eeg_nirs,VP026,simultaneous_eeg_nirs__VP026__cnt_wg__prefrontal__w6,evaluate,BL,0.54,1,10.6368535486196
simultaneous_eeg_nirs,VP026,simultaneous_eeg_nirs__VP026__cnt_wg__prefrontal__w6,evaluate,BL,2.06,1,3.2658296636182853
simultaneous_eeg_nirs,VP026,simultaneous_eeg_nirs__VP026__cnt_wg__prefrontal__w6,evaluate,BL,16.82,1,6.310012333694397
simultaneous_eeg_nirs,VP026,simultaneous_eeg_nirs__VP026__cnt_wg__prefrontal__w6,evaluate,BL,18.42,1,-13.213826701868353
simultaneous_eeg_nirs,VP026,simultaneous_eeg_nirs__VP026__cnt_wg__prefrontal__w6,evaluate,BL,23.0,1,-3.635465442781101
simultaneous_eeg_nirs,VP026,simultaneous_eeg_nirs__VP026__cnt_wg__prefrontal__w6,evaluate,BL,27.5,1,7.318524997753436
simultaneous_eeg_nirs,VP026,simultaneous_eeg_nirs__VP026__cnt_wg__prefrontal__w6,evaluate,BL,29.84,1,-4.795788441370262
simultaneous_eeg_nirs,VP026,simultaneous_eeg_nirs__VP026__cnt_wg__prefrontal__w7,evaluate,WG,0.22,0,7.497139179835212
simultaneous_eeg_nirs,VP026,simultaneous_eeg_nirs__VP026__cnt_wg__prefrontal__w7,evaluate,WG,1.56,0,7.271143543172917
simultaneous_eeg_nirs,VP026,simultaneous_eeg_nirs__VP026__cnt_wg__prefrontal__w7,evaluate,WG,3.18,0,7.072250166690428
simultaneous_eeg_nirs,VP026,simultaneous_eeg_nirs__VP026__cnt_wg__prefrontal__w7,evaluate,WG,5.8,0,6.5859606655562555
simultaneous_eeg_nirs,VP026,simultaneous_eeg_nirs__VP026__cnt_wg__prefrontal__w7,evaluate,WG,8.86,0,5.031014684613288
simultaneous_eeg_nirs,VP026,simultaneous_eeg_nirs__VP026__cnt_wg__prefrontal__w7,evaluate,WG,10.06,0,6.042945924090813
simultaneous_eeg_nirs,VP026,simultaneous_eeg_nirs__VP026__cnt_wg__prefrontal__w7,evaluate,WG,13.24,0,5.9816834136964525
simultaneous_eeg_nirs,VP026,simultaneous_eeg_nirs__VP026__cnt_wg__prefrontal__w7,evaluate,WG,19.1,0,3.2127884549763457
simultaneous_eeg_nirs,VP026,simultaneous_eeg_nirs__VP026__cnt_wg__prefrontal__w7,evaluate,WG,19.98,0,7.528688849909942
simultaneous_eeg_nirs,VP026,simultaneous_eeg_nirs__VP026__cnt_wg__prefrontal__w7,evaluate,WG,20.7,0,-3.6021218617309523
simultaneous_eeg_nirs,VP026,simultaneous_eeg_nirs__VP026__cnt_wg__prefrontal__w7,evaluate,WG,22.38,0,6.871550572612345
simultaneous_eeg_nirs,VP026,simultaneous_eeg_nirs__VP026__cnt_wg__prefrontal__w7,evaluate,WG,23.08,0,-3.045672740130166
simultaneous_eeg_nirs,VP026,simultaneous_eeg_nirs__VP026__cnt_wg__prefrontal__w7,evaluate,WG,23.62,0,8.14502433589483
simultaneous_eeg_nirs,VP026,simultaneous_eeg_nirs__VP026__cnt_wg__prefrontal__w7,evaluate,WG,25.84,0,5.297837064962355
simultaneous_eeg_nirs,VP026,simultaneous_eeg_nirs__VP026__cnt_wg__prefrontal__w7,evaluate,WG,28.8,0,5.287776117309979
simultaneous_eeg_nirs,VP026,simultaneous_eeg_nirs__VP026__cnt_wg__prefrontal__w7,evaluate,WG,3.6,1,15.175427907932987
simultaneous_eeg_nirs,VP026,simultaneous_eeg_nirs__VP026__cnt_wg__prefrontal__w7,evaluate,WG,5.86,1,-6.923739911735155
simultaneous_eeg_nirs,VP026,simultaneous_eeg_nirs__VP026__cnt_wg__prefrontal__w7,evaluate,WG,6.72,1,11.860207370206703
simultaneous_eeg_nirs,VP026,simultaneous_eeg_nirs__VP026__cnt_wg__prefrontal__w7,evaluate,WG,7.36,1,-4.2998616239413145
simultaneous_eeg_nirs,VP026,simultaneous_eeg_nirs__VP026__cnt_wg__prefrontal__w7,evaluate,WG,8.78,1,-11.4900371944486
simultaneous_eeg_nirs,VP026,simultaneous_eeg_nirs__VP026__cnt_wg__prefrontal__w7,evaluate,WG,10.08,1,4.391009693676281
simultaneous_eeg_nirs,VP026,simultaneous_eeg_nirs__VP026__cnt_wg__prefrontal__w7,evaluate,WG,14.22,1,3.6742381371260127
simultaneous_eeg_nirs,VP026,simultaneous_eeg_nirs__VP026__cnt_wg__prefrontal__w7,evaluate,WG,16.14,1,9.264271031392873
simultaneous_eeg_nirs,VP026,simultaneous_eeg_nirs__VP026__cnt_wg__prefrontal__w7,evaluate,WG,18.08,1,-10.04048441013243
simultaneous_eeg_nirs,VP026,simultaneous_eeg_nirs__VP026__cnt_wg__prefrontal__w7,evaluate,WG,19.54,1,7.216915153008532
simultaneous_eeg_nirs,VP026,simultaneous_eeg_nirs__VP026__cnt_wg__prefrontal__w7,evaluate,WG,20.76,1,10.791003304938906
simultaneous_eeg_nirs,VP026,simultaneous_eeg_nirs__VP026__cnt_wg__prefrontal__w7,evaluate,WG,22.38,1,-10.714296869463906
simultaneous_eeg_nirs,VP026,simultaneous_eeg_nirs__VP026__cnt_wg__prefrontal__w7,evaluate,WG,23.32,1,9.035385451680193
simultaneous_eeg_nirs,VP026,simultaneous_eeg_nirs__VP026__cnt_wg__prefrontal__w7,evaluate,WG,24.02,1,-5.429802047770868
simultaneous_eeg_nirs,VP026,simultaneous_eeg_nirs__VP026__cnt_wg__prefrontal__w7,evaluate,WG,28.88,1,3.4696949755961453
