dataset,coordinate,seed,side,amplitude,eeg,subject,id,key,status,achieved_amplitude,converged,solver_status,evaluations,iterations,scaled_gradient,objective,score_nrmse,HbO_nrmse,HbR_nrmse,visible_nrmse,remaining_closure_max,missing_remaining_correct,physical_truth_nrmse,remaining_truth_nrmse,driver_truth_nrmse,component_truth_nrmse,flow_truth_rms_baseline_pct,volume_truth_rms_baseline_pct,p_minus_v_truth_rms_baseline_pct,T_truth_rmse,X_truth_rmse,seconds,max_rss_kib,accepted,score_nrmse_penalized,HbO_nrmse_penalized,HbR_nrmse_penalized,physical_truth_nrmse_penalized,component_truth_nrmse_penalized,remaining_truth_nrmse_penalized,driver_truth_nrmse_penalized
eeg_fnirs_single_trial,eeg_fnirs_single_trial__prefrontal,0,0,0.0,paired,0,eeg_fnirs_single_trial__s00__r0__a0__paired,eeg_fnirs_single_trial__s00__r0__a0__paired,completed,0.0,True,stationary_feasible,11,5,2.8007041914198626e-06,64.11524672244366,0.5630407894412418,0.7025685266763658,0.37473634261042027,0.27389386308410857,3.469446951953614e-18,True,0.43567392801106547,0.43567392801106547,0.647076923431447,0.44858224759140886,4.030563577018769,1.3018998419117613,2.213918780757369e-08,0.011441643486618913,0.009103687047162206,0.918835285003297,597888,True,0.5630407894412418,0.7025685266763658,0.37473634261042027,0.43567392801106547,0.44858224759140886,0.43567392801106547,0.647076923431447
eeg_fnirs_single_trial,eeg_fnirs_single_trial__prefrontal,0,1,0.0,paired,0,eeg_fnirs_single_trial__s00__r1__a0__paired,eeg_fnirs_single_trial__s00__r1__a0__paired,completed,0.0,True,stationary_feasible,17,8,2.2167619897534174e-06,67.87873117448125,0.6362114272850907,0.663363627113601,0.6078475620079035,0.2556525432953811,6.938893903907228e-18,True,1.9790569880226703,1.9790569880226703,0.6632715031868264,2.490877648641576,2.8289698879318923,0.851442827074686,2.0590274283862103e-06,0.09209849922343095,0.00803855662796344,1.0783617650158703,599168,True,0.6362114272850907,0.663363627113601,0.6078475620079035,1.9790569880226703,2.490877648641576,1.9790569880226703,0.6632715031868264
eeg_fnirs_single_trial,eeg_fnirs_single_trial__prefrontal,0,0,0.0,wrong_pair,0,eeg_fnirs_single_trial__s00__r0__a0__wrong_pair,eeg_fnirs_single_trial__s00__r0__a0__wrong_pair,completed,0.0,True,stationary_feasible,11,5,4.534723442456574e-06,84.8806333557967,0.9092740784276616,1.1091963758597556,0.6505705950782977,0.3157211864558016,1.734723475976807e-18,True,0.6694023429439366,0.6694023429439366,0.8733604583410377,0.4432613405096459,5.664294132791901,1.8234096964333122,2.782708290844177e-08,0.018271508536892273,0.013831105329070784,1.0289297949057072,592060,True,0.9092740784276616,1.1091963758597556,0.6505705950782977,0.6694023429439366,0.4432613405096459,0.6694023429439366,0.8733604583410377
eeg_fnirs_single_trial,eeg_fnirs_single_trial__prefrontal,0,1,0.0,wrong_pair,0,eeg_fnirs_single_trial__s00__r1__a0__wrong_pair,eeg_fnirs_single_trial__s00__r1__a0__wrong_pair,completed,0.0,True,stationary_feasible,15,7,8.831999586704838e-06,73.81523203704464,0.7385075820761149,0.9629180625265819,0.4044449312673766,0.2693383055591546,6.938893903907228e-18,True,1.9604806248399524,1.9604806248399524,0.769907016716498,2.4807090105193494,3.9595519631147824,1.2163128332470579,2.1423012972714484e-06,0.083125544612074,0.015204231749251411,1.251979772001505,592108,True,0.7385075820761149,0.9629180625265819,0.4044449312673766,1.9604806248399524,2.4807090105193494,1.9604806248399524,0.769907016716498
eeg_fnirs_single_trial,eeg_fnirs_single_trial__prefrontal,0,0,0.0,Hb_only,0,eeg_fnirs_single_trial__s00__r0__a0__Hb_only,eeg_fnirs_single_trial__s00__r0__a0__Hb_only,completed,0.0,True,stationary_feasible,9,4,1.6198750640332756e-06,8.15428438593644,0.43874354233339724,0.5285406071076192,0.32501787414975275,0.1229607141113021,1.734723475976807e-18,True,0.35812718675865146,0.35812718675865146,1.3042508779945179,0.5027340272481473,2.6983799411158182,0.8098686953272692,1.7867113982379304e-07,0.007380134962682551,0.007401667439091234,0.8020277119940147,594576,True,0.43874354233339724,0.5285406071076192,0.32501787414975275,0.35812718675865146,0.5027340272481473,0.35812718675865146,1.3042508779945179
eeg_fnirs_single_trial,eeg_fnirs_single_trial__prefrontal,0,1,0.0,Hb_only,0,eeg_fnirs_single_trial__s00__r1__a0__Hb_only,eeg_fnirs_single_trial__s00__r1__a0__Hb_only,completed,0.0,True,stationary_feasible,17,8,5.231138895757185e-06,48.00444775223171,0.9459947747212989,1.2490655927272059,0.4792153718997708,0.2717483997305265,6.938893903907228e-18,True,1.975894123892365,1.975894123892365,3.950333793370402,2.502954036645567,5.372873006754737,1.4028471140583905,2.4143213081113316e-06,0.08329734630320478,0.01572316375357581,1.242210408905521,594580,True,0.9459947747212989,1.2490655927272059,0.4792153718997708,1.975894123892365,2.502954036645567,1.975894123892365,3.950333793370402
eeg_fnirs_single_trial,eeg_fnirs_single_trial__prefrontal,0,0,0.25,paired,0,eeg_fnirs_single_trial__s00__r0__a0.25__paired,eeg_fnirs_single_trial__s00__r0__a0.25__paired,completed,0.2500011335053799,True,stationary_feasible,13,6,4.488340594135399e-06,61.218195853348476,0.5586095058902429,0.6937718203778355,0.3778489399105246,0.2631100170929072,1.734723475976807e-18,True,0.4186815729011003,0.4186815729011003,0.988031067910814,0.45410630485105324,7.087934574119439,2.3066312872561734,8.50752789613639e-08,0.010561864636699341,0.008794125109082323,1.1283594610868022,597896,True,0.5586095058902429,0.6937718203778355,0.3778489399105246,0.4186815729011003,0.45410630485105324,0.4186815729011003,0.988031067910814
eeg_fnirs_single_trial,eeg_fnirs_single_trial__prefrontal,0,1,0.25,paired,0,eeg_fnirs_single_trial__s00__r1__a0.25__paired,eeg_fnirs_single_trial__s00__r1__a0.25__paired,completed,0.2500003995566658,True,stationary_feasible,17,8,2.375814633412462e-06,68.45764434323969,0.6354240304543333,0.6617897455671585,0.6079158902511224,0.25629152124991034,6.938893903907228e-18,True,1.9773000890528456,1.9773000890528456,0.6614470588411842,2.4888888761253405,2.82101646016395,0.850702863384117,2.5027447341327784e-06,0.09200793528445779,0.008051614401985494,1.333246201975271,597896,True,0.6354240304543333,0.6617897455671585,0.6079158902511224,1.9773000890528456,2.4888888761253405,1.9773000890528456,0.6614470588411842
eeg_fnirs_single_trial,eeg_fnirs_single_trial__prefrontal,0,0,0.25,wrong_pair,0,eeg_fnirs_single_trial__s00__r0__a0.25__wrong_pair,eeg_fnirs_single_trial__s00__r0__a0.25__wrong_pair,completed,0.2500011335053799,True,stationary_feasible,15,7,5.409596051994242e-06,134.9914491042549,0.6305957762081961,0.7444760559862647,0.4909760360815696,0.3952089526321616,3.469446951953614e-18,True,0.4900993362407501,0.4900993362407501,1.0161547035998213,0.44828687472726997,6.9412112463147375,2.2671182471525655,2.8955916724364294e-07,0.017343285689460947,0.008976482048003975,1.2377894949167967,597900,True,0.6305957762081961,0.7444760559862647,0.4909760360815696,0.4900993362407501,0.44828687472726997,0.4900993362407501,1.0161547035998213
eeg_fnirs_single_trial,eeg_fnirs_single_trial__prefrontal,0,1,0.25,wrong_pair,0,eeg_fnirs_single_trial__s00__r1__a0.25__wrong_pair,eeg_fnirs_single_trial__s00__r1__a0.25__wrong_pair,completed,0.2500003995566658,True,stationary_feasible,15,7,8.47761866714368e-06,95.55623535466754,0.7877897344853096,0.8852508071895853,0.6764291092871868,0.31427807534449387,6.938893903907228e-18,True,1.8791781715205138,1.8791781715205138,0.8406133416501184,2.3480854054575384,4.731116495082612,1.4749334991015965,2.0663909495746067e-06,0.08411723291646617,0.01335339324158005,1.235837965970859,597904,True,0.7877897344853096,0.8852508071895853,0.6764291092871868,1.8791781715205138,2.3480854054575384,1.8791781715205138,0.8406133416501184
eeg_fnirs_single_trial,eeg_fnirs_single_trial__prefrontal,0,0,0.25,Hb_only,0,eeg_fnirs_single_trial__s00__r0__a0.25__Hb_only,eeg_fnirs_single_trial__s00__r0__a0.25__Hb_only,completed,0.2500011335053799,True,stationary_feasible,9,4,1.06950593984324e-06,8.37145010407501,0.573968920021679,0.7139187399335362,0.3862650321649854,0.1225043831400751,1.734723475976807e-18,True,0.5372444487993131,0.5372444487993131,0.9899935135064128,0.5019919286801184,4.144317876298341,1.2751013176884323,1.452413433359159e-07,0.010427019153064824,0.011525542454564885,0.8864483290817589,595424,True,0.573968920021679,0.7139187399335362,0.3862650321649854,0.5372444487993131,0.5019919286801184,0.5372444487993131,0.9899935135064128
eeg_fnirs_single_trial,eeg_fnirs_single_trial__prefrontal,0,1,0.25,Hb_only,0,eeg_fnirs_single_trial__s00__r1__a0.25__Hb_only,eeg_fnirs_single_trial__s00__r1__a0.25__Hb_only,completed,0.2500003995566658,True,stationary_feasible,17,8,4.8355714546252856e-06,48.375748421967145,1.003445076511673,1.3216033168232462,0.5168836581986602,0.27270975759058647,6.938893903907228e-18,True,1.9826751127403386,1.9826751127403388,4.236740442045696,2.499345984176119,5.827622567326825,1.541648140012534,2.8023068857485176e-06,0.08421168721879664,0.015674409060263017,1.2450723790097982,595428,True,1.003445076511673,1.3216033168232462,0.5168836581986602,1.9826751127403386,2.499345984176119,1.9826751127403388,4.236740442045696
eeg_fnirs_single_trial,eeg_fnirs_single_trial__prefrontal,0,0,0.5,paired,0,eeg_fnirs_single_trial__s00__r0__a0.5__paired,eeg_fnirs_single_trial__s00__r0__a0.5__paired,completed,0.5000413103601823,True,stationary_feasible,13,6,3.5893927602274778e-06,58.65896731521975,0.5528079275896713,0.681405060819846,0.38324972628963044,0.249367989670915,3.469446951953614e-18,True,0.40070887493760193,0.40070887493760193,1.263712454848781,0.4576466806860299,9.399445577966738,3.049567289657602,1.3413719984887875e-07,0.010072700830050945,0.008398788270491304,1.0906273050932214,597920,True,0.5528079275896713,0.681405060819846,0.38324972628963044,0.40070887493760193,0.4576466806860299,0.40070887493760193,1.263712454848781
eeg_fnirs_single_trial,eeg_fnirs_single_trial__prefrontal,0,1,0.5,paired,0,eeg_fnirs_single_trial__s00__r1__a0.5__paired,eeg_fnirs_single_trial__s00__r1__a0.5__paired,completed,0.5000005886645199,True,stationary_feasible,17,8,2.4330128193510315e-06,69.39827478577077,0.6346693729487479,0.6604325937575328,0.6078151158214242,0.2568558286519227,6.938893903907228e-18,True,1.9752544769107439,1.9752544769107439,0.6616974110507954,2.486723927646106,2.8424143809327997,0.8613222449181328,3.0451849603143315e-06,0.09189964542562287,0.00806633052396028,1.3308068909682333,597924,True,0.6346693729487479,0.6604325937575328,0.6078151158214242,1.9752544769107439,2.486723927646106,1.9752544769107439,0.6616974110507954
eeg_fnirs_single_trial,eeg_fnirs_single_trial__prefrontal,0,0,0.5,wrong_pair,0,eeg_fnirs_single_trial__s00__r0__a0.5__wrong_pair,eeg_fnirs_single_trial__s00__r0__a0.5__wrong_pair,completed,0.5000413103601823,True,stationary_feasible,21,10,5.0416082098652236e-06,274.3301994437956,0.6589746999403479,0.7159266642574776,0.596610695284709,0.556339143340843,6.938893903907228e-18,True,0.7426391119716707,0.7426391119716707,1.618085833775567,0.49909526947352634,13.14609497592016,4.336680565037852,9.063422221145018e-07,0.02712555092371904,0.01307280332486377,1.5102992869215086,598764,True,0.6589746999403479,0.7159266642574776,0.596610695284709,0.7426391119716707,0.49909526947352634,0.7426391119716707,1.618085833775567
eeg_fnirs_single_trial,eeg_fnirs_single_trial__prefrontal,0,1,0.5,wrong_pair,0,eeg_fnirs_single_trial__s00__r1__a0.5__wrong_pair,eeg_fnirs_single_trial__s00__r1__a0.5__wrong_pair,completed,0.5000005886645199,True,stationary_feasible,17,8,7.054647130448146e-06,153.7979786070804,1.0577826982889194,1.112640706060982,0.9999195631724052,0.40768782601859405,6.938893903907228e-18,True,1.9197165672597436,1.9197165672597436,1.124715250567906,2.2245816151481845,7.383034793433519,2.315929129454479,2.1379564587024613e-06,0.08668493060464942,0.0178300770661912,1.3158705430105329,597928,True,1.0577826982889194,1.112640706060982,0.9999195631724052,1.9197165672597436,2.2245816151481845,1.9197165672597436,1.124715250567906
eeg_fnirs_single_trial,eeg_fnirs_single_trial__prefrontal,0,0,0.5,Hb_only,0,eeg_fnirs_single_trial__s00__r0__a0.5__Hb_only,eeg_fnirs_single_trial__s00__r0__a0.5__Hb_only,completed,0.5000413103601823,True,stationary_feasible,9,4,6.654609420598831e-07,9.22130001797315,0.7849158789100427,0.9807185392247598,0.5199779040989171,0.12294757076171331,8.673617379884035e-19,True,0.7795020285506377,0.7795020285506377,0.941670882562038,0.5029094708799379,6.233771908678101,1.9073482480273354,1.1622858975672448e-07,0.016664690566338305,0.016719441078305197,0.8466595240170136,595448,True,0.7849158789100427,0.9807185392247598,0.5199779040989171,0.7795020285506377,0.5029094708799379,0.7795020285506377,0.941670882562038
eeg_fnirs_single_trial,eeg_fnirs_single_trial__prefrontal,0,1,0.5,Hb_only,0,eeg_fnirs_single_trial__s00__r1__a0.5__Hb_only,eeg_fnirs_single_trial__s00__r1__a0.5__Hb_only,completed,0.5000005886645199,True,stationary_feasible,17,8,4.4499310722630186e-06,48.92953853258668,1.1150474322084172,1.4565522642205149,0.6042491652813933,0.2737785579907163,6.938893903907228e-18,True,2.0203521822602353,2.0203521822602353,4.540343864936542,2.4958867502583426,7.066043806791317,1.9430560145693394,3.2491524971896707e-06,0.0857000297418056,0.0172069546093575,1.2510191899491474,595440,True,1.1150474322084172,1.4565522642205149,0.6042491652813933,2.0203521822602353,2.4958867502583426,2.0203521822602353,4.540343864936542
eeg_fnirs_single_trial,eeg_fnirs_single_trial__prefrontal,0,0,1.0,paired,0,eeg_fnirs_single_trial__s00__r0__a1__paired,eeg_fnirs_single_trial__s00__r0__a1__paired,completed,0.9999937532852999,True,stationary_feasible,13,6,2.776848432072283e-06,60.11205550527661,0.5418763039197254,0.6593708643768468,0.39049957837408117,0.2312251192817426,8.673617379884035e-19,True,0.37572981405860195,0.37572981405860195,1.3850560596984374,0.45979938556320377,10.434685285919777,3.3221291967946307,1.3991046483473175e-07,0.009585680192374402,0.007826400556594252,1.122658898937516,597920,True,0.5418763039197254,0.6593708643768468,0.39049957837408117,0.37572981405860195,0.45979938556320377,0.37572981405860195,1.3850560596984374
eeg_fnirs_single_trial,eeg_fnirs_single_trial__prefrontal,0,1,1.0,paired,0,eeg_fnirs_single_trial__s00__r1__a1__paired,eeg_fnirs_single_trial__s00__r1__a1__paired,completed,0.9999997458822831,True,stationary_feasible,17,8,2.2795806207261386e-06,72.42665598244209,0.6333416199436573,0.6583044345904616,0.6073536749738532,0.25791485822148685,6.938893903907228e-18,True,1.9695660868064913,1.9695660868064913,0.6656318295336756,2.4811684178688247,2.925950276196059,0.8985397192013095,4.474305197319957e-06,0.09159973356197924,0.008093956092440131,1.2949113299837336,597924,True,0.6333416199436573,0.6583044345904616,0.6073536749738532,1.9695660868064913,2.4811684178688247,1.9695660868064913,0.6656318295336756
eeg_fnirs_single_trial,eeg_fnirs_single_trial__prefrontal,0,0,1.0,wrong_pair,0,eeg_fnirs_single_trial__s00__r0__a1__wrong_pair,eeg_fnirs_single_trial__s00__r0__a1__wrong_pair,completed,0.9999937532852999,True,stationary_feasible,51,25,9.204220410162561e-06,851.2642308412234,1.511929842767669,1.6792240863895076,1.3236578736940527,0.9713121983923694,6.938893903907228e-18,True,1.7973667054215225,1.7973667054215225,3.0191228962836414,0.7401955059213091,26.78806283474828,9.056343815535781,5.1794657669006635e-06,0.059105682144535134,0.03360367197905561,3.0157254870282486,597924,True,1.511929842767669,1.6792240863895076,1.3236578736940527,1.7973667054215225,0.7401955059213091,1.7973667054215225,3.0191228962836414
eeg_fnirs_single_trial,eeg_fnirs_single_trial__prefrontal,0,1,1.0,wrong_pair,0,eeg_fnirs_single_trial__s00__r1__a1__wrong_pair,eeg_fnirs_single_trial__s00__r1__a1__wrong_pair,completed,0.9999997458822831,True,stationary_feasible,23,11,3.3023855992250375e-06,382.5518559583649,1.8703388674152397,2.017990181441692,1.7099855512644457,0.6527963672760467,6.938893903907228e-18,True,2.3445637237938417,2.3445637237938417,2.0684525290342117,2.0061577374738016,15.27228313355559,4.879699089082921,2.8509259069653154e-06,0.09655944724406085,0.034984387999415355,1.5963770629605278,597924,True,1.8703388674152397,2.017990181441692,1.7099855512644457,2.3445637237938417,2.0061577374738016,2.3445637237938417,2.0684525290342117
eeg_fnirs_single_trial,eeg_fnirs_single_trial__prefrontal,0,0,1.0,Hb_only,0,eeg_fnirs_single_trial__s00__r0__a1__Hb_only,eeg_fnirs_single_trial__s00__r0__a1__Hb_only,completed,0.9999937532852999,True,stationary_feasible,11,5,2.425593288870534e-06,13.467998527693343,1.3294667957971016,1.6536464732870488,0.8946604180577851,0.12740814917761123,4.336808689942018e-19,True,1.3642804604104015,1.3642804604104017,1.5964899193056432,0.5120656652931538,11.025805065943308,3.2841883529509035,7.083572936872395e-08,0.032213178534040265,0.02902832947969879,0.9886889499612153,595448,True,1.3294667957971016,1.6536464732870488,0.8946604180577851,1.3642804604104015,0.5120656652931538,1.3642804604104017,1.5964899193056432
eeg_fnirs_single_trial,eeg_fnirs_single_trial__prefrontal,0,1,1.0,Hb_only,0,eeg_fnirs_single_trial__s00__r1__a1__Hb_only,eeg_fnirs_single_trial__s00__r1__a1__Hb_only,completed,0.9999997458822831,True,stationary_feasible,17,8,3.7509603327895857e-06,50.64321654899983,1.4436143264384393,1.8503495458552088,0.8626999508230193,0.2763154018194695,6.938893903907228e-18,True,2.1802025879703266,2.1802025879703266,5.179057761205346,2.4895687779380684,10.708816739367666,3.0796376776499104,4.3465855330390465e-06,0.09030841175946719,0.023466051853264707,1.2497569730039686,595448,True,1.4436143264384393,1.8503495458552088,0.8626999508230193,2.1802025879703266,2.4895687779380684,2.1802025879703266,5.179057761205346
eeg_fnirs_single_trial,eeg_fnirs_single_trial__prefrontal,1,0,0.0,paired,1,eeg_fnirs_single_trial__s01__r0__a0__paired,eeg_fnirs_single_trial__s01__r0__a0__paired,completed,0.0,True,stationary_feasible,15,7,1.392565833107844e-06,89.43052070619389,0.9549099838428826,1.2347600175410778,0.5468764518312941,0.30454245875280045,3.469446951953614e-18,True,1.0754351078078719,1.0754351078078719,0.9571598981450599,1.6652281629185524,5.046383266166418,1.5478340831288344,7.953558506052672e-07,0.04589718055537247,0.009616374864424697,0.8679774960037321,599112,True,0.9549099838428826,1.2347600175410778,0.5468764518312941,1.0754351078078719,1.6652281629185524,1.0754351078078719,0.9571598981450599
eeg_fnirs_single_trial,eeg_fnirs_single_trial__prefrontal,1,1,0.0,paired,1,eeg_fnirs_single_trial__s01__r1__a0__paired,eeg_fnirs_single_trial__s01__r1__a0__paired,completed,0.0,True,stationary_feasible,15,7,1.1847642377329914e-06,101.80332933366755,1.1665876226943952,1.1567396558950993,1.1763531490701284,0.3196286263981138,6.938893903907228e-18,True,1.2962440553502552,1.2962440553502552,0.8372027487850328,2.3366309471254656,5.02942663663473,1.5653922822973114,8.105701364434809e-07,0.054802658592271444,0.010774317343343878,0.8188449830049649,600816,True,1.1665876226943952,1.1567396558950993,1.1763531490701284,1.2962440553502552,2.3366309471254656,1.2962440553502552,0.8372027487850328
eeg_fnirs_single_trial,eeg_fnirs_single_trial__prefrontal,1,0,0.0,wrong_pair,1,eeg_fnirs_single_trial__s01__r0__a0__wrong_pair,eeg_fnirs_single_trial__s01__r0__a0__wrong_pair,completed,0.0,True,stationary_feasible,13,6,8.231155869063736e-06,90.45069817458108,1.071385791278864,1.2931481371261615,0.7896220127096337,0.3161512709609105,3.469446951953614e-18,True,1.280668753779608,1.280668753779608,0.8034304321589826,1.7545762571479504,5.240753719360462,1.6593452683916632,1.0232677870447508e-06,0.05536577613919327,0.013300716325128541,0.7584471680456772,599968,True,1.071385791278864,1.2931481371261615,0.7896220127096337,1.280668753779608,1.7545762571479504,1.280668753779608,0.8034304321589826
eeg_fnirs_single_trial,eeg_fnirs_single_trial__prefrontal,1,1,0.0,wrong_pair,1,eeg_fnirs_single_trial__s01__r1__a0__wrong_pair,eeg_fnirs_single_trial__s01__r1__a0__wrong_pair,completed,0.0,True,stationary_feasible,15,7,1.9278575308136295e-06,96.85493425733526,1.2001648692335598,1.1832996495471755,1.2167963535720951,0.32044580873741146,6.938893903907228e-18,True,1.2396540667629925,1.2396540667629925,0.7771650828521338,2.311541696861198,2.959897143692836,0.9286242748801203,8.623246442051336e-07,0.05387467996145113,0.008658075791362508,0.8564361289609224,600692,True,1.2001648692335598,1.1832996495471755,1.2167963535720951,1.2396540667629925,2.311541696861198,1.2396540667629925,0.7771650828521338
eeg_fnirs_single_trial,eeg_fnirs_single_trial__prefrontal,1,0,0.0,Hb_only,1,eeg_fnirs_single_trial__s01__r0__a0__Hb_only,eeg_fnirs_single_trial__s01__r0__a0__Hb_only,completed,0.0,True,stationary_feasible,11,5,1.708813117746268e-06,17.5518052911594,0.7676616618163083,0.6134373040290944,0.8957139767083401,0.1730932067287508,3.469446951953614e-18,True,1.0607412971788432,1.0607412971788432,1.6017264542055616,1.5056492506806236,2.157389037800302,0.5717878472248924,4.5380814103753694e-07,0.052012980852180965,0.009159165831169904,0.6186706899898127,595448,True,0.7676616618163083,0.6134373040290944,0.8957139767083401,1.0607412971788432,1.5056492506806236,1.0607412971788432,1.6017264542055616
eeg_fnirs_single_trial,eeg_fnirs_single_trial__prefrontal,1,1,0.0,Hb_only,1,eeg_fnirs_single_trial__s01__r1__a0__Hb_only,eeg_fnirs_single_trial__s01__r1__a0__Hb_only,completed,0.0,True,stationary_feasible,15,7,5.624057004425486e-06,44.379423732614846,1.4420205684812302,1.4064994725146769,1.4766874664809058,0.2794116510192238,6.938893903907228e-18,True,1.3935604536415835,1.3935604536415835,3.404267013901372,2.404286865032692,4.906475020823113,1.3018716449292722,9.076510697380379e-07,0.06493995268052989,0.007904291438549252,0.8108494260814041,592060,True,1.4420205684812302,1.4064994725146769,1.4766874664809058,1.3935604536415835,2.404286865032692,1.3935604536415835,3.404267013901372
eeg_fnirs_single_trial,eeg_fnirs_single_trial__prefrontal,1,0,0.25,paired,1,eeg_fnirs_single_trial__s01__r0__a0.25__paired,eeg_fnirs_single_trial__s01__r0__a0.25__paired,completed,0.25000117896237106,True,stationary_feasible,15,7,2.107723354461807e-06,89.79113538976088,0.95155485587357,1.2292134580930814,0.5476746862107007,0.3044823307733508,6.938893903907228e-18,True,1.0711122321562685,1.0711122321562685,0.9169115203605656,1.6624037028685452,4.52072800723852,1.3615429444131206,7.932988986010245e-07,0.045817968430620463,0.009493345642552088,0.630307252984494,601228,True,0.95155485587357,1.2292134580930814,0.5476746862107007,1.0711122321562685,1.6624037028685452,1.0711122321562685,0.9169115203605656
eeg_fnirs_single_trial,eeg_fnirs_single_trial__prefrontal,1,1,0.25,paired,1,eeg_fnirs_single_trial__s01__r1__a0.25__paired,eeg_fnirs_single_trial__s01__r1__a0.25__paired,completed,0.2500003182839134,True,stationary_feasible,15,7,1.3310328897106475e-06,101.98798254321318,1.1663205980378863,1.151471401765847,1.1809831013737246,0.3196432404785666,6.938893903907228e-18,True,1.3043083404854598,1.3043083404854596,0.7918321426950016,2.3447934404806974,4.556206505242626,1.4008646079824263,9.92506806663576e-07,0.05543177787587091,0.010615199577194742,0.8392460430040956,600808,True,1.1663205980378863,1.151471401765847,1.1809831013737246,1.3043083404854598,2.3447934404806974,1.3043083404854596,0.7918321426950016
eeg_fnirs_single_trial,eeg_fnirs_single_trial__prefrontal,1,0,0.25,wrong_pair,1,eeg_fnirs_single_trial__s01__r0__a0.25__wrong_pair,eeg_fnirs_single_trial__s01__r0__a0.25__wrong_pair,completed,0.25000117896237106,True,stationary_feasible,15,7,2.65560144024194e-06,122.52360635841114,1.168746645406179,1.3774574741447458,0.9135361783854924,0.37032686422423905,6.938893903907228e-18,True,1.3951564375653083,1.3951564375653083,0.9462373561978791,1.776939840817832,6.327453882202945,2.0170080790054534,1.1059988699949043e-06,0.06040523924196933,0.015732707975992664,0.8814765319693834,599980,True,1.168746645406179,1.3774574741447458,0.9135361783854924,1.3951564375653083,1.776939840817832,1.3951564375653083,0.9462373561978791
eeg_fnirs_single_trial,eeg_fnirs_single_trial__prefrontal,1,1,0.25,wrong_pair,1,eeg_fnirs_single_trial__s01__r1__a0.25__wrong_pair,eeg_fnirs_single_trial__s01__r1__a0.25__wrong_pair,completed,0.2500003182839134,True,stationary_feasible,15,7,1.8150423182715939e-06,110.20321236510135,1.2765695446311192,1.1903225967653528,1.3573473100828661,0.3464245922796751,6.938893903907228e-18,True,1.1901824854877852,1.1901824854877852,0.7912240381112507,2.237432241381662,2.7892973852999874,0.850712980295258,8.816653240220466e-07,0.05448219697900572,0.007127777681748214,0.8849307940108702,599956,True,1.2765695446311192,1.1903225967653528,1.3573473100828661,1.1901824854877852,2.237432241381662,1.1901824854877852,0.7912240381112507
eeg_fnirs_single_trial,eeg_fnirs_single_trial__prefrontal,1,0,0.25,Hb_only,1,eeg_fnirs_single_trial__s01__r0__a0.25__Hb_only,eeg_fnirs_single_trial__s01__r0__a0.25__Hb_only,completed,0.25000117896237106,True,stationary_feasible,9,4,1.5029486581737704e-06,17.61196448424581,0.9138919747615157,0.6821925745880572,1.09772964533346,0.17311846054004268,6.938893903907228e-18,True,1.2464615276531565,1.2464615276531565,1.797035094030082,1.4992465992600796,3.047549463862819,0.8721027568927158,4.0437272464323756e-07,0.0581927113993517,0.015149675383092672,0.5568841680651531,597904,True,0.9138919747615157,0.6821925745880572,1.09772964533346,1.2464615276531565,1.4992465992600796,1.2464615276531565,1.797035094030082
eeg_fnirs_single_trial,eeg_fnirs_single_trial__prefrontal,1,1,0.25,Hb_only,1,eeg_fnirs_single_trial__s01__r1__a0.25__Hb_only,eeg_fnirs_single_trial__s01__r1__a0.25__Hb_only,completed,0.2500003182839134,True,stationary_feasible,15,7,5.877529882025985e-06,44.337969571145635,1.514166897064144,1.4475487474867126,1.5779750973888549,0.2790894964164404,6.938893903907228e-18,True,1.4531431762264686,1.4531431762264686,3.4652594546070556,2.413117102175344,5.188990656683827,1.3927956384086637,1.1037065677930855e-06,0.06877046998490258,0.009093203332298917,0.8502785010496154,597900,True,1.514166897064144,1.4475487474867126,1.5779750973888549,1.4531431762264686,2.413117102175344,1.4531431762264686,3.4652594546070556
eeg_fnirs_single_trial,eeg_fnirs_single_trial__prefrontal,1,0,0.5,paired,1,eeg_fnirs_single_trial__s01__r0__a0.5__paired,eeg_fnirs_single_trial__s01__r0__a0.5__paired,completed,0.5000060066614845,True,stationary_feasible,15,7,2.872079544919874e-06,90.28826699788472,0.9494909085822604,1.2261970723434037,0.5472720628144636,0.3041904492383134,6.938893903907228e-18,True,1.0675421252440624,1.0675421252440624,0.8880081336864801,1.6599005521373016,4.105503853308059,1.2150361515603116,7.903114685400093e-07,0.04570961702766278,0.009416339802959861,0.8744800359709188,599124,True,0.9494909085822604,1.2261970723434037,0.5472720628144636,1.0675421252440624,1.6599005521373016,1.0675421252440624,0.8880081336864801
eeg_fnirs_single_trial,eeg_fnirs_single_trial__prefrontal,1,1,0.5,paired,1,eeg_fnirs_single_trial__s01__r1__a0.5__paired,eeg_fnirs_single_trial__s01__r1__a0.5__paired,completed,0.5000017361696504,True,stationary_feasible,15,7,1.5302171289565353e-06,102.34962455347734,1.1657574666955126,1.147429116402047,1.1838020802251936,0.31957353155232215,6.938893903907228e-18,True,1.3129045750039356,1.3129045750039356,0.7508381872719461,2.3529612752652382,4.109128241777532,1.2470495446036143,1.2218633092041173e-06,0.05602276783002521,0.010502638645761416,0.8810888080624864,599972,True,1.1657574666955126,1.147429116402047,1.1838020802251936,1.3129045750039356,2.3529612752652382,1.3129045750039356,0.7508381872719461
eeg_fnirs_single_trial,eeg_fnirs_single_trial__prefrontal,1,0,0.5,wrong_pair,1,eeg_fnirs_single_trial__s01__r0__a0.5__wrong_pair,eeg_fnirs_single_trial__s01__r0__a0.5__wrong_pair,completed,0.5000060066614845,True,stationary_feasible,17,8,7.96571427531634e-06,188.3032614177852,1.346829976391107,1.5636504129250823,1.0876117674844081,0.46200639401890564,6.938893903907228e-18,True,1.582345806980752,1.582345806980752,1.2641745257655848,1.8029935082530366,8.915111321791445,2.8573871157416892,1.2965173066683281e-06,0.06664403184985647,0.020502950359437246,0.8664947840152308,594116,True,1.346829976391107,1.5636504129250823,1.0876117674844081,1.582345806980752,1.8029935082530366,1.582345806980752,1.2641745257655848
eeg_fnirs_single_trial,eeg_fnirs_single_trial__prefrontal,1,1,0.5,wrong_pair,1,eeg_fnirs_single_trial__s01__r1__a0.5__wrong_pair,eeg_fnirs_single_trial__s01__r1__a0.5__wrong_pair,completed,0.5000017361696504,True,stationary_feasible,15,7,2.5564542641483935e-06,145.99027251220116,1.394858062896094,1.2747232159863175,1.5054363998116918,0.40456706937459525,6.938893903907228e-18,True,1.1949175711945255,1.1949175711945255,0.9572258443679439,2.1653660282897365,4.460176530698264,1.3563037435715641,9.610514007862188e-07,0.05566967996118088,0.009072319912676879,0.8790631020674482,599980,True,1.394858062896094,1.2747232159863175,1.5054363998116918,1.1949175711945255,2.1653660282897365,1.1949175711945255,0.9572258443679439
eeg_fnirs_single_trial,eeg_fnirs_single_trial__prefrontal,1,0,0.5,Hb_only,1,eeg_fnirs_single_trial__s01__r0__a0.5__Hb_only,eeg_fnirs_single_trial__s01__r0__a0.5__Hb_only,completed,0.5000060066614845,True,stationary_feasible,11,5,2.0802662837548355e-06,17.759775390369068,1.124558023591338,0.907133309565977,1.306281231405852,0.17313245502117658,6.938893903907228e-18,True,1.4721883038190813,1.4721883038190813,2.031282606875635,1.4921102068848526,4.883252247306576,1.4554130017240148,3.5867776915390317e-07,0.06468137960059651,0.02140384698710973,0.6484884159872308,595448,True,1.124558023591338,0.907133309565977,1.306281231405852,1.4721883038190813,1.4921102068848526,1.4721883038190813,2.031282606875635
eeg_fnirs_single_trial,eeg_fnirs_single_trial__prefrontal,1,1,0.5,Hb_only,1,eeg_fnirs_single_trial__s01__r1__a0.5__Hb_only,eeg_fnirs_single_trial__s01__r1__a0.5__Hb_only,completed,0.5000017361696504,True,stationary_feasible,15,7,5.901332314299368e-06,44.36611815184004,1.6022460166943313,1.5155122904946023,1.684519840603104,0.2786579841349787,6.938893903907228e-18,True,1.5301584002148092,1.5301584002148092,3.531122979973942,2.421080448374108,6.029498094866854,1.6755511688123663,1.3385730545542135e-06,0.07277456252306709,0.011322161049990133,0.8313012080034241,597924,True,1.6022460166943313,1.5155122904946023,1.684519840603104,1.5301584002148092,2.421080448374108,1.5301584002148092,3.531122979973942
eeg_fnirs_single_trial,eeg_fnirs_single_trial__prefrontal,1,0,1.0,paired,1,eeg_fnirs_single_trial__s01__r0__a1__paired,eeg_fnirs_single_trial__s01__r0__a1__paired,completed,0.9999936107886126,True,stationary_feasible,15,7,4.020606090192675e-06,91.7647080933611,0.94809129487814,1.2256947731826753,0.5435315352765528,0.30306585406350867,6.938893903907228e-18,True,1.0617132583888367,1.0617132583888367,0.865989699788733,1.6554546664429606,3.725363212994146,1.0795596305854729,7.69275853058101e-07,0.04541468669509293,0.009360952565283706,0.8375314909499139,600816,True,0.94809129487814,1.2256947731826753,0.5435315352765528,1.0617132583888367,1.6554546664429606,1.0617132583888367,0.865989699788733
eeg_fnirs_single_trial,eeg_fnirs_single_trial__prefrontal,1,1,1.0,paired,1,eeg_fnirs_single_trial__s01__r1__a1__paired,eeg_fnirs_single_trial__s01__r1__a1__paired,completed,1.0000439196256294,True,stationary_feasible,15,7,1.884298756828227e-06,103.6274313783633,1.1637987490617947,1.142557072622531,1.184659610367395,0.31913959812445286,6.938893903907228e-18,True,1.330510109072088,1.330510109072088,0.6950236000035579,2.368590569905006,3.4594607367279075,1.0240387055345002,1.8546970086089603e-06,0.05705981790543478,0.010398220229539413,0.901102616917342,599980,True,1.1637987490617947,1.142557072622531,1.184659610367395,1.330510109072088,2.368590569905006,1.330510109072088,0.6950236000035579
eeg_fnirs_single_trial,eeg_fnirs_single_trial__prefrontal,1,0,1.0,wrong_pair,1,eeg_fnirs_single_trial__s01__r0__a1__wrong_pair,eeg_fnirs_single_trial__s01__r0__a1__wrong_pair,completed,0.9999936107886126,True,stationary_feasible,23,11,5.286771092971525e-06,427.86609790186145,1.888366937616189,2.178884392214493,1.5441250556635522,0.6984187319203006,6.938893903907228e-18,True,2.133303008981074,2.133303008981074,2.322883961055885,1.8731232758524536,17.47786862184752,5.701986577072182,2.363378708476086e-06,0.08253221130880216,0.03376615875626704,1.2698771030409262,599956,True,1.888366937616189,2.178884392214493,1.5441250556635522,2.133303008981074,1.8731232758524536,2.133303008981074,2.322883961055885
eeg_fnirs_single_trial,eeg_fnirs_single_trial__prefrontal,1,1,1.0,wrong_pair,1,eeg_fnirs_single_trial__s01__r1__a1__wrong_pair,eeg_fnirs_single_trial__s01__r1__a1__wrong_pair,completed,1.0000439196256294,True,stationary_feasible,19,9,1.0166587187271417e-06,288.98201824473784,1.7261381442150203,1.6306173901025736,1.81664325417051,0.5777231824115328,6.938893903907228e-18,True,1.3630137989737743,1.3630137989737743,1.7272711555578029,2.026232513963376,11.352865162730435,3.548816618354252,1.3863504684397673e-06,0.059738656425872796,0.017847538893672025,1.0504711599787697,599984,True,1.7261381442150203,1.6306173901025736,1.81664325417051,1.3630137989737743,2.026232513963376,1.3630137989737743,1.7272711555578029
eeg_fnirs_single_trial,eeg_fnirs_single_trial__prefrontal,1,0,1.0,Hb_only,1,eeg_fnirs_single_trial__s01__r0__a1__Hb_only,eeg_fnirs_single_trial__s01__r0__a1__Hb_only,completed,0.9999936107886126,True,stationary_feasible,11,5,7.35471797812195e-06,18.343267481058895,1.6432357948822267,1.5446773424473896,1.7362084157422217,0.17310812161488887,1.734723475976807e-18,True,1.9938267029921382,1.9938267029921382,2.582762848446435,1.4752190890797168,9.259994596274366,2.766739443175561,2.779730252124811e-07,0.07836089749639205,0.03429447249417094,0.6306078110355884,597924,True,1.6432357948822267,1.5446773424473896,1.7362084157422217,1.9938267029921382,1.4752190890797168,1.9938267029921382,2.582762848446435
eeg_fnirs_single_trial,eeg_fnirs_single_trial__prefrontal,1,1,1.0,Hb_only,1,eeg_fnirs_single_trial__s01__r1__a1__Hb_only,eeg_fnirs_single_trial__s01__r1__a1__Hb_only,completed,1.0000439196256294,True,stationary_feasible,15,7,5.47541421092204e-06,44.68103540724404,1.8221412404322725,1.7259811122339754,1.9134750064685166,0.27755070530316334,6.938893903907228e-18,True,1.7324036831838696,1.7324036831838696,3.6735796516388866,2.43463139039388,8.722406795035102,2.529791873028619,1.951961190455582e-06,0.08130803409433159,0.01741857396297581,0.8175904700765386,595448,True,1.8221412404322725,1.7259811122339754,1.9134750064685166,1.7324036831838696,2.43463139039388,1.7324036831838696,3.6735796516388866
eeg_fnirs_single_trial,eeg_fnirs_single_trial__prefrontal,2,0,0.0,paired,2,eeg_fnirs_single_trial__s02__r0__a0__paired,eeg_fnirs_single_trial__s02__r0__a0__paired,completed,0.0,True,stationary_feasible,15,7,1.6875227778884506e-06,170.9218005404806,1.2163162359636863,1.6051386353988928,0.6183690911482551,0.4437009811662609,1.3877787807814457e-17,True,1.0275360162074823,1.0275360162074823,0.8088447875215854,1.3138791947359207,3.7566567424311463,1.1673686868449729,1.359311642208057e-06,0.04213979404983982,0.010522607601757461,0.8382904869504273,599968,True,1.2163162359636863,1.6051386353988928,0.6183690911482551,1.0275360162074823,1.3138791947359207,1.0275360162074823,0.8088447875215854
eeg_fnirs_single_trial,eeg_fnirs_single_trial__prefrontal,2,1,0.0,paired,2,eeg_fnirs_single_trial__s02__r1__a0__paired,eeg_fnirs_single_trial__s02__r1__a0__paired,completed,0.0,True,stationary_feasible,15,7,5.912672425398605e-06,111.47076178313587,0.6782349888872813,0.8564877397254762,0.43178021261031174,0.34899127087972304,6.938893903907228e-18,True,1.3864354377370554,1.3864354377370554,1.1830348544747673,1.240746161078111,8.409590095918878,2.7776371823015493,2.3251017889809727e-06,0.048825808581467164,0.017486636538583827,0.8229320270475,600820,True,0.6782349888872813,0.8564877397254762,0.43178021261031174,1.3864354377370554,1.240746161078111,1.3864354377370554,1.1830348544747673
eeg_fnirs_single_trial,eeg_fnirs_single_trial__prefrontal,2,0,0.0,wrong_pair,2,eeg_fnirs_single_trial__s02__r0__a0__wrong_pair,eeg_fnirs_single_trial__s02__r0__a0__wrong_pair,completed,0.0,True,stationary_feasible,11,5,7.003296649083643e-06,101.64485335849571,1.053233382215188,1.41106215405608,0.47697454042695425,0.33923292223844703,3.469446951953614e-18,True,1.0068658041953378,1.0068658041953378,0.5726016416887139,1.324231201181796,2.826773050685016,0.8958818443212091,1.4883296470467531e-06,0.04591458374390937,0.006640900081894189,0.6311132459668443,599120,True,1.053233382215188,1.41106215405608,0.47697454042695425,1.0068658041953378,1.324231201181796,1.0068658041953378,0.5726016416887139
eeg_fnirs_single_trial,eeg_fnirs_single_trial__prefrontal,2,1,0.0,wrong_pair,2,eeg_fnirs_single_trial__s02__r1__a0__wrong_pair,eeg_fnirs_single_trial__s02__r1__a0__wrong_pair,completed,0.0,True,stationary_feasible,15,7,8.524612507547742e-06,100.0568146928452,0.5396203645102428,0.7266374991718301,0.2331913814566122,0.3314015940029785,6.938893903907228e-18,True,1.328360047181467,1.328360047181467,1.075763293538415,1.2704630351919954,6.26652081956742,2.022174498214794,2.0799190281631273e-06,0.052654569446842915,0.012754421168177418,0.6081986270146444,601232,True,0.5396203645102428,0.7266374991718301,0.2331913814566122,1.328360047181467,1.2704630351919954,1.328360047181467,1.075763293538415
eeg_fnirs_single_trial,eeg_fnirs_single_trial__prefrontal,2,0,0.0,Hb_only,2,eeg_fnirs_single_trial__s02__r0__a0__Hb_only,eeg_fnirs_single_trial__s02__r0__a0__Hb_only,completed,0.0,True,stationary_feasible,11,5,9.562597960282744e-06,38.808066665316424,1.077523423196005,1.4263781210126827,0.5362451966856231,0.2632401291206055,3.469446951953614e-18,True,1.10727554923483,1.10727554923483,2.2860411239322684,1.3877608592400106,3.5530561620688084,0.9971835639705018,1.4071203228378959e-06,0.051805707958458284,0.0072577979138450785,0.6156937510240823,600692,True,1.077523423196005,1.4263781210126827,0.5362451966856231,1.10727554923483,1.3877608592400106,1.10727554923483,2.2860411239322684
eeg_fnirs_single_trial,eeg_fnirs_single_trial__prefrontal,2,1,0.0,Hb_only,2,eeg_fnirs_single_trial__s02__r1__a0__Hb_only,eeg_fnirs_single_trial__s02__r1__a0__Hb_only,completed,0.0,True,stationary_feasible,17,8,2.848448210959867e-06,35.6230854419303,1.223482281787451,1.6053491366706893,0.6455013068045087,0.23091735248494696,6.938893903907228e-18,True,1.644811314358929,1.644811314358929,1.9135990073238864,1.3834015358846192,6.556226363409611,2.1287997383035115,2.5979275340971922e-06,0.0768671509397468,0.013306910507491556,0.923019644105807,597904,True,1.223482281787451,1.6053491366706893,0.6455013068045087,1.644811314358929,1.3834015358846192,1.644811314358929,1.9135990073238864
eeg_fnirs_single_trial,eeg_fnirs_single_trial__prefrontal,2,0,0.25,paired,2,eeg_fnirs_single_trial__s02__r0__a0.25__paired,eeg_fnirs_single_trial__s02__r0__a0.25__paired,completed,0.25000045981825125,True,stationary_feasible,15,7,8.886351286300628e-07,171.0543959725082,1.2157481311801714,1.6045395957963902,0.6176890175951933,0.4435267428611662,3.469446951953614e-18,True,1.0295838713988794,1.0295838713988794,0.8095383759108823,1.3152866596865957,3.61552376567269,1.1255747274596366,1.3312192265824202e-06,0.04232343936815277,0.010486070604612287,0.8605431920150295,594128,True,1.2157481311801714,1.6045395957963902,0.6176890175951933,1.0295838713988794,1.3152866596865957,1.0295838713988794,0.8095383759108823
eeg_fnirs_single_trial,eeg_fnirs_single_trial__prefrontal,2,1,0.25,paired,2,eeg_fnirs_single_trial__s02__r1__a0.25__paired,eeg_fnirs_single_trial__s02__r1__a0.25__paired,completed,0.250010837955606,True,stationary_feasible,15,7,4.274648707139433e-06,113.19315874066582,0.6714234181685044,0.8457842066360775,0.4315876373752351,0.3526339905185802,6.938893903907228e-18,True,1.359654179453624,1.359654179453624,0.9737538481083803,1.2178019121798747,6.6534522775595235,2.2010039674904003,2.0973863095705087e-06,0.046825318593327614,0.017684521839708946,0.8303575949976221,599988,True,0.6714234181685044,0.8457842066360775,0.4315876373752351,1.359654179453624,1.2178019121798747,1.359654179453624,0.9737538481083803
eeg_fnirs_single_trial,eeg_fnirs_single_trial__prefrontal,2,0,0.25,wrong_pair,2,eeg_fnirs_single_trial__s02__r0__a0.25__wrong_pair,eeg_fnirs_single_trial__s02__r0__a0.25__wrong_pair,completed,0.25000045981825125,True,stationary_feasible,11,5,6.5087040336930285e-06,134.97467581036454,1.1428217500101931,1.5473268149931683,0.4667577875042022,0.39225656439128764,3.469446951953614e-18,True,1.0827231470024088,1.0827231470024088,0.6978186856386485,1.345687317211633,3.893534289005976,1.243386964346311,1.431821684216718e-06,0.05091400763262001,0.007783226592811055,0.6462922820355743,600808,True,1.1428217500101931,1.5473268149931683,0.4667577875042022,1.0827231470024088,1.345687317211633,1.0827231470024088,0.6978186856386485
eeg_fnirs_single_trial,eeg_fnirs_single_trial__prefrontal,2,1,0.25,wrong_pair,2,eeg_fnirs_single_trial__s02__r1__a0.25__wrong_pair,eeg_fnirs_single_trial__s02__r1__a0.25__wrong_pair,completed,0.250010837955606,True,stationary_feasible,15,7,5.457657250630987e-06,146.23849565010238,1.0800701627000864,1.4206771230643855,0.5610522477554857,0.4035178563577927,6.938893903907228e-18,True,1.4668986143370992,1.4668986143370992,0.9804754460835947,1.3230128005557646,4.720963653090729,1.4727827765832409,2.4273352853495286e-06,0.06936789546893952,0.008883860619606892,0.833170372992754,599980,True,1.0800701627000864,1.4206771230643855,0.5610522477554857,1.4668986143370992,1.3230128005557646,1.4668986143370992,0.9804754460835947
eeg_fnirs_single_trial,eeg_fnirs_single_trial__prefrontal,2,0,0.25,Hb_only,2,eeg_fnirs_single_trial__s02__r0__a0.25__Hb_only,eeg_fnirs_single_trial__s02__r0__a0.25__Hb_only,completed,0.25000045981825125,True,stationary_feasible,13,6,1.3731297439679334e-06,38.468894650330085,1.1035034759938394,1.459938169927027,0.5513804340481219,0.2625367340763583,3.469446951953614e-18,True,1.137998152940751,1.137998152940751,2.5352671914438343,1.3912930516427935,4.059059117913648,1.1716225278074741,1.3505352287878646e-06,0.05288571631459922,0.008566676259793193,0.6414539091056213,599956,True,1.1035034759938394,1.459938169927027,0.5513804340481219,1.137998152940751,1.3912930516427935,1.137998152940751,2.5352671914438343
eeg_fnirs_single_trial,eeg_fnirs_single_trial__prefrontal,2,1,0.25,Hb_only,2,eeg_fnirs_single_trial__s02__r1__a0.25__Hb_only,eeg_fnirs_single_trial__s02__r1__a0.25__Hb_only,completed,0.250010837955606,True,stationary_feasible,17,8,2.884940396665069e-06,36.04309301036976,1.2129208467030936,1.5906478835892983,0.6420227964541332,0.23291641617106798,6.938893903907228e-18,True,1.6348301485030767,1.6348301485030767,2.033527419148738,1.375958406486702,6.908056464692992,2.2169003028263514,2.669715648164352e-06,0.0751926436208686,0.014029455454645914,0.8652048900257796,597900,True,1.2129208467030936,1.5906478835892983,0.6420227964541332,1.6348301485030767,1.375958406486702,1.6348301485030767,2.033527419148738
eeg_fnirs_single_trial,eeg_fnirs_single_trial__prefrontal,2,0,0.5,paired,2,eeg_fnirs_single_trial__s02__r0__a0.5__paired,eeg_fnirs_single_trial__s02__r0__a0.5__paired,completed,0.5000016881749141,True,stationary_feasible,15,7,6.290478979531512e-07,171.77596471265494,1.2157840005771179,1.604642423959854,0.6175630845078475,0.4434106486839738,3.469446951953614e-18,True,1.0325522333197956,1.0325522333197956,0.8175727019938919,1.3168521674610072,3.589158150153989,1.1244541397830792,1.294020431491609e-06,0.042516172167001785,0.010478186303567229,0.8520500790327787,599124,True,1.2157840005771179,1.604642423959854,0.6175630845078475,1.0325522333197956,1.3168521674610072,1.0325522333197956,0.8175727019938919
eeg_fnirs_single_trial,eeg_fnirs_single_trial__prefrontal,2,1,0.5,paired,2,eeg_fnirs_single_trial__s02__r1__a0.5__paired,eeg_fnirs_single_trial__s02__r1__a0.5__paired,completed,0.5000136691518842,True,stationary_feasible,15,7,2.8569014449122726e-06,115.1923198924409,0.6645098964947723,0.8356878889785563,0.429851785262723,0.35513269240643863,3.469446951953614e-18,True,1.3288029564345405,1.3288029564345407,0.7794625817133312,1.1939310570408759,4.940245797379741,1.6394376117485696,1.8629646227693585e-06,0.04471979114826045,0.017794775808982984,0.6328117189696059,594116,True,0.6645098964947723,0.8356878889785563,0.429851785262723,1.3288029564345405,1.1939310570408759,1.3288029564345407,0.7794625817133312
eeg_fnirs_single_trial,eeg_fnirs_single_trial__prefrontal,2,0,0.5,wrong_pair,2,eeg_fnirs_single_trial__s02__r0__a0.5__wrong_pair,eeg_fnirs_single_trial__s02__r0__a0.5__wrong_pair,completed,0.5000016881749141,True,stationary_feasible,15,7,2.4535878585794187e-06,233.1997297542638,1.3027551064768168,1.7588346207596144,0.5484911227360268,0.5174849758973926,6.938893903907228e-18,True,1.233962370495643,1.2339623704956428,1.0094997155862562,1.3668570386751875,6.375516252037774,2.0315137307556634,1.4604919878387412e-06,0.05689664886830597,0.012558679691608373,0.8784939890028909,599972,True,1.3027551064768168,1.7588346207596144,0.5484911227360268,1.233962370495643,1.3668570386751875,1.2339623704956428,1.0094997155862562
eeg_fnirs_single_trial,eeg_fnirs_single_trial__prefrontal,2,1,0.5,wrong_pair,2,eeg_fnirs_single_trial__s02__r1__a0.5__wrong_pair,eeg_fnirs_single_trial__s02__r1__a0.5__wrong_pair,completed,0.5000136691518842,True,stationary_feasible,19,9,2.1211212534189457e-06,275.3480442425261,1.7177500586479029,2.2023226802164566,1.0252342855045138,0.556537081411344,1.3877787807814457e-17,True,1.8962566620025485,1.8962566620025485,1.3705415973703574,1.3974326583899674,7.800507371893524,2.4339351245155583,3.310818291039287e-06,0.0887867425745945,0.019980663597947368,1.054691978963092,599984,True,1.7177500586479029,2.2023226802164566,1.0252342855045138,1.8962566620025485,1.3974326583899674,1.8962566620025485,1.3705415973703574
eeg_fnirs_single_trial,eeg_fnirs_single_trial__prefrontal,2,0,0.5,Hb_only,2,eeg_fnirs_single_trial__s02__r0__a0.5__Hb_only,eeg_fnirs_single_trial__s02__r0__a0.5__Hb_only,completed,0.5000016881749141,True,stationary_feasible,13,6,1.5069084849037892e-06,38.45951956492095,1.1523080183929884,1.5205159637259866,0.5862241402057627,0.26195862716316803,6.938893903907228e-18,True,1.1910280748029856,1.1910280748029856,2.8226481870692814,1.3954668669786388,5.0309989955402905,1.4883892692034444,1.2938496955980819e-06,0.0544302960948673,0.010743217615551397,0.7468526050215587,599980,True,1.1523080183929884,1.5205159637259866,0.5862241402057627,1.1910280748029856,1.3954668669786388,1.1910280748029856,2.8226481870692814
eeg_fnirs_single_trial,eeg_fnirs_single_trial__prefrontal,2,1,0.5,Hb_only,2,eeg_fnirs_single_trial__s02__r1__a0.5__Hb_only,eeg_fnirs_single_trial__s02__r1__a0.5__Hb_only,completed,0.5000136691518842,True,stationary_feasible,17,8,2.9603872342211706e-06,36.86456610413022,1.2527350251900224,1.6346801861873075,0.6830159409284103,0.2350580331082295,3.469446951953614e-18,True,1.6636491607935366,1.6636491607935364,2.223140237829333,1.3673547758117925,8.059615224226045,2.5395172151603433,2.7298549281743332e-06,0.07415433788389,0.0164208510955363,0.9384780739201233,600816,True,1.2527350251900224,1.6346801861873075,0.6830159409284103,1.6636491607935366,1.3673547758117925,1.6636491607935364,2.223140237829333
eeg_fnirs_single_trial,eeg_fnirs_single_trial__prefrontal,2,0,1.0,paired,2,eeg_fnirs_single_trial__s02__r0__a1__paired,eeg_fnirs_single_trial__s02__r0__a1__paired,completed,0.9999862901547952,True,stationary_feasible,15,7,7.140863865161493e-07,175.13351502619918,1.216611624198184,1.605742865407262,0.6179624086155742,0.443356052620749,6.938893903907228e-18,True,1.040246863486852,1.040246863486852,0.8414735990392652,1.320566991448789,3.7134379722213042,1.1827118802452894,1.1877753212401292e-06,0.042942652551537036,0.010501487691796211,0.8633037769468501,599988,True,1.216611624198184,1.605742865407262,0.6179624086155742,1.040246863486852,1.320566991448789,1.040246863486852,0.8414735990392652
eeg_fnirs_single_trial,eeg_fnirs_single_trial__prefrontal,2,1,1.0,paired,2,eeg_fnirs_single_trial__s02__r1__a1__paired,eeg_fnirs_single_trial__s02__r1__a1__paired,completed,1.0000049691517776,True,stationary_feasible,13,6,8.756226631386476e-06,120.2965962324757,0.6550839554678834,0.8227965004326543,0.4257650717222735,0.35669385003799825,3.469446951953614e-18,True,1.2798497843207224,1.2798497843207224,0.6184228790388182,1.1606349696455829,3.4371108950678275,1.1319146946372853,1.625586729442462e-06,0.04163387760564673,0.01781935110211483,0.7581746600335464,599980,True,0.6550839554678834,0.8227965004326543,0.4257650717222735,1.2798497843207224,1.1606349696455829,1.2798497843207224,0.6184228790388182
eeg_fnirs_single_trial,eeg_fnirs_single_trial__prefrontal,2,0,1.0,wrong_pair,2,eeg_fnirs_single_trial__s02__r0__a1__wrong_pair,eeg_fnirs_single_trial__s02__r0__a1__wrong_pair,completed,0.9999862901547952,True,stationary_feasible,21,10,3.6194472667787512e-06,641.4151103253581,1.776672760403411,2.3502151414448567,0.8886062030181229,0.8606206744977902,1.3877787807814457e-17,True,1.6955662599368944,1.6955662599368944,1.9750504073501842,1.4048835730901903,13.68412844017504,4.421544302259946,1.9097382098073216e-06,0.07109577206547336,0.025107649046565268,1.129861226072535,599120,True,1.776672760403411,2.3502151414448567,0.8886062030181229,1.6955662599368944,1.4048835730901903,1.6955662599368944,1.9750504073501842
eeg_fnirs_single_trial,eeg_fnirs_single_trial__prefrontal,2,1,1.0,wrong_pair,2,eeg_fnirs_single_trial__s02__r1__a1__wrong_pair,eeg_fnirs_single_trial__s02__r1__a1__wrong_pair,completed,1.0000049691517776,True,stationary_feasible,23,11,4.00524331696015e-06,772.8161721554897,3.080815829852492,3.8632760688641548,2.01443549677842,0.9335731756080419,1.3877787807814457e-17,True,3.1540799567903584,3.1540799567903584,2.4027701978277713,1.616087339135732,15.377810264235722,4.887661442451759,9.032776023065377e-06,0.13382730708262622,0.048008304068790114,0.951154918060638,601232,True,3.080815829852492,3.8632760688641548,2.01443549677842,3.1540799567903584,1.616087339135732,3.1540799567903584,2.4027701978277713
eeg_fnirs_single_trial,eeg_fnirs_single_trial__prefrontal,2,0,1.0,Hb_only,2,eeg_fnirs_single_trial__s02__r0__a1__Hb_only,eeg_fnirs_single_trial__s02__r0__a1__Hb_only,completed,0.9999862901547952,True,stationary_feasible,13,6,1.8737275626264683e-06,39.486078013776975,1.3074349502948597,1.7106339722428199,0.7017860867200171,0.26116514052877043,3.469446951953614e-18,True,1.3528584535004013,1.3528584535004013,3.4682759550820044,1.4058361380822564,7.670648193198335,2.303838723869175,1.1852999600519466e-06,0.058708305115767676,0.016268193668104988,0.7381550290156156,600692,True,1.3074349502948597,1.7106339722428199,0.7017860867200171,1.3528584535004013,1.4058361380822564,1.3528584535004013,3.4682759550820044
eeg_fnirs_single_trial,eeg_fnirs_single_trial__prefrontal,2,1,1.0,Hb_only,2,eeg_fnirs_single_trial__s02__r1__a1__Hb_only,eeg_fnirs_single_trial__s02__r1__a1__Hb_only,completed,1.0000049691517776,True,stationary_feasible,17,8,3.409068734899762e-06,39.982512226535185,1.4740508462144717,1.891552083904665,0.8761749302092131,0.23960430556753756,6.938893903907228e-18,True,1.8366760399548177,1.8366760399548174,2.759863602082005,1.3504878245079386,11.657970245572953,3.6209362432632197,2.8603225839907302e-06,0.07472050784537895,0.024007728887536103,0.91812413407024,595448,True,1.4740508462144717,1.891552083904665,0.8761749302092131,1.8366760399548177,1.3504878245079386,1.8366760399548174,2.759863602082005
eeg_fnirs_single_trial,eeg_fnirs_single_trial__prefrontal,3,0,0.0,paired,3,eeg_fnirs_single_trial__s03__r0__a0__paired,eeg_fnirs_single_trial__s03__r0__a0__paired,completed,0.0,True,stationary_feasible,11,5,5.478157313611973e-06,60.55828538680676,0.8102431068855709,0.9962660297650974,0.5660757744748094,0.24637069488292632,3.469446951953614e-18,True,0.9091791052655127,0.9091791052655127,0.809942206124426,0.9823999338732771,4.102817274820165,1.2668089344903017,2.649177367400032e-07,0.01264053572244343,0.01957870562070807,0.6378651850391179,599968,True,0.8102431068855709,0.9962660297650974,0.5660757744748094,0.9091791052655127,0.9823999338732771,0.9091791052655127,0.809942206124426
eeg_fnirs_single_trial,eeg_fnirs_single_trial__prefrontal,3,1,0.0,paired,3,eeg_fnirs_single_trial__s03__r1__a0__paired,eeg_fnirs_single_trial__s03__r1__a0__paired,completed,0.0,True,stationary_feasible,11,5,9.778581901629308e-06,64.85772690833933,0.8870099628440526,1.0873465066877972,0.6255005377799921,0.27452982553950217,3.469446951953614e-18,True,0.6914928786797205,0.6914928786797205,0.5361046545958803,1.062044616719127,1.796817966606601,0.5441243016823442,2.584483165535745e-07,0.005981344442357965,0.015177830201770975,0.6303871830459684,600820,True,0.8870099628440526,1.0873465066877972,0.6255005377799921,0.6914928786797205,1.062044616719127,0.6914928786797205,0.5361046545958803
eeg_fnirs_single_trial,eeg_fnirs_single_trial__prefrontal,3,0,0.0,wrong_pair,3,eeg_fnirs_single_trial__s03__r0__a0__wrong_pair,eeg_fnirs_single_trial__s03__r0__a0__wrong_pair,completed,0.0,True,stationary_feasible,11,5,5.911431347062081e-06,65.86806117633462,0.8906451520872547,1.0874307233525013,0.6356036467659024,0.2594952890894604,3.469446951953614e-18,True,0.9349654137197064,0.9349654137197064,0.906325409836557,0.9763018923014016,5.334612359898052,1.638605631707261,2.1445435039475454e-07,0.015545820056981576,0.020064937534261557,0.6156896200263873,599984,True,0.8906451520872547,1.0874307233525013,0.6356036467659024,0.9349654137197064,0.9763018923014016,0.9349654137197064,0.906325409836557
eeg_fnirs_single_trial,eeg_fnirs_single_trial__prefrontal,3,1,0.0,wrong_pair,3,eeg_fnirs_single_trial__s03__r1__a0__wrong_pair,eeg_fnirs_single_trial__s03__r1__a0__wrong_pair,completed,0.0,True,stationary_feasible,11,5,1.4995485585460973e-06,63.38861635502617,0.8763967352620661,0.9320001086751206,0.8170179144826504,0.26549333813641895,3.469446951953614e-18,True,0.7225090045059106,0.7225090045059106,0.8679339393257082,1.1303926042945982,4.242978638430523,1.3098808489328868,3.5812571002712527e-07,0.014281586413790905,0.014673394742697713,0.6207292600302026,600808,True,0.8763967352620661,0.9320001086751206,0.8170179144826504,0.7225090045059106,1.1303926042945982,0.7225090045059106,0.8679339393257082
eeg_fnirs_single_trial,eeg_fnirs_single_trial__prefrontal,3,0,0.0,Hb_only,3,eeg_fnirs_single_trial__s03__r0__a0__Hb_only,eeg_fnirs_single_trial__s03__r0__a0__Hb_only,completed,0.0,True,stationary_feasible,9,4,8.083569869492158e-06,7.613338838867607,0.628568002432156,0.7183408913155889,0.5236237496781704,0.1130806502810294,3.469446951953614e-18,True,0.5959749000870176,0.5959749000870176,0.901978552220948,0.9858291518100801,2.172676891733536,0.6646659362475839,4.468000059426553e-07,0.009953011131507945,0.011541860980850333,0.5141607809346169,599956,True,0.628568002432156,0.7183408913155889,0.5236237496781704,0.5959749000870176,0.9858291518100801,0.5959749000870176,0.901978552220948
eeg_fnirs_single_trial,eeg_fnirs_single_trial__prefrontal,3,1,0.0,Hb_only,3,eeg_fnirs_single_trial__s03__r1__a0__Hb_only,eeg_fnirs_single_trial__s03__r1__a0__Hb_only,completed,0.0,True,stationary_feasible,9,4,5.5904129666745945e-06,10.983526140975112,0.8174375696026382,0.6224905347673372,0.9741221147889061,0.14174034325296395,1.734723475976807e-18,True,0.3431210385801713,0.3431210385801713,0.5682219432285049,1.1026798267669802,1.026946686845171,0.29152693829941534,2.7152101289031374e-07,0.011476014886193984,0.004527149051128402,0.39185892906971276,599956,True,0.8174375696026382,0.6224905347673372,0.9741221147889061,0.3431210385801713,1.1026798267669802,0.3431210385801713,0.5682219432285049
eeg_fnirs_single_trial,eeg_fnirs_single_trial__prefrontal,3,0,0.25,paired,3,eeg_fnirs_single_trial__s03__r0__a0.25__paired,eeg_fnirs_single_trial__s03__r0__a0.25__paired,completed,0.2500039288980567,True,stationary_feasible,11,5,4.405325766160411e-06,60.00055850347065,0.8081438254205627,0.9953097541765604,0.5617396001456159,0.24470122688198384,3.469446951953614e-18,True,0.9103528194096197,0.9103528194096197,0.8822362101893505,0.9759895444841443,4.733560216501041,1.448980011490398,2.187890674121269e-07,0.012755464887692669,0.019686557254203624,0.6399208690272644,594128,True,0.8081438254205627,0.9953097541765604,0.5617396001456159,0.9103528194096197,0.9759895444841443,0.9103528194096197,0.8822362101893505
eeg_fnirs_single_trial,eeg_fnirs_single_trial__prefrontal,3,1,0.25,paired,3,eeg_fnirs_single_trial__s03__r1__a0.25__paired,eeg_fnirs_single_trial__s03__r1__a0.25__paired,completed,0.25000956822004244,True,stationary_feasible,13,6,4.746824358255948e-06,65.17322607787563,0.8882578240879575,1.0893742786289584,0.6255138728825944,0.2748292835919934,1.734723475976807e-18,True,0.692636285534292,0.692636285534292,0.5448824900645546,1.0607754023252212,2.005861593718202,0.6153219426838701,2.505950671393174e-07,0.006078856250068116,0.01520835721438211,0.7133456110022962,599968,True,0.8882578240879575,1.0893742786289584,0.6255138728825944,0.692636285534292,1.0607754023252212,0.692636285534292,0.5448824900645546
eeg_fnirs_single_trial,eeg_fnirs_single_trial__prefrontal,3,0,0.25,wrong_pair,3,eeg_fnirs_single_trial__s03__r0__a0.25__wrong_pair,eeg_fnirs_single_trial__s03__r0__a0.25__wrong_pair,completed,0.2500039288980567,True,stationary_feasible,11,5,3.5018529183412217e-06,51.191819970103744,0.7596854732744128,0.9719061193589359,0.45786737354936224,0.2285916134070823,3.469446951953614e-18,True,1.0142282908039912,1.0142282908039912,0.8118543967339481,0.9697909604004019,3.969383328199568,1.196544168361928,1.982288562321539e-07,0.013695596432415892,0.022186607895615967,0.630800629965961,599988,True,0.7596854732744128,0.9719061193589359,0.45786737354936224,1.0142282908039912,0.9697909604004019,1.0142282908039912,0.8118543967339481
eeg_fnirs_single_trial,eeg_fnirs_single_trial__prefrontal,3,1,0.25,wrong_pair,3,eeg_fnirs_single_trial__s03__r1__a0.25__wrong_pair,eeg_fnirs_single_trial__s03__r1__a0.25__wrong_pair,completed,0.25000956822004244,True,stationary_feasible,11,5,3.316787462955776e-06,69.18338527990166,0.9575121895669411,1.0076052195902596,0.9046496049814096,0.28123956881771767,6.938893903907228e-18,True,0.6676673797165106,0.6676673797165106,0.8837821618592288,1.084053611409919,4.432782264267221,1.3636713439114858,2.696275767031963e-07,0.014029282568111512,0.013726479900519737,0.49079563503619283,594116,True,0.9575121895669411,1.0076052195902596,0.9046496049814096,0.6676673797165106,1.084053611409919,0.6676673797165106,0.8837821618592288
eeg_fnirs_single_trial,eeg_fnirs_single_trial__prefrontal,3,0,0.25,Hb_only,3,eeg_fnirs_single_trial__s03__r0__a0.25__Hb_only,eeg_fnirs_single_trial__s03__r0__a0.25__Hb_only,completed,0.2500039288980567,True,stationary_feasible,9,4,8.557533168003097e-06,7.673701209357671,0.6268026488556638,0.7521710349213163,0.4690435538948906,0.11321711624346154,3.469446951953614e-18,True,0.6950983852004387,0.6950983852004385,1.3184173143135827,0.9845208804137342,2.372290255357059,0.7172353673619305,4.3842791349307846e-07,0.0070236145755041115,0.014408313661895725,0.5212278590770438,599980,True,0.6268026488556638,0.7521710349213163,0.4690435538948906,0.6950983852004387,0.9845208804137342,0.6950983852004385,1.3184173143135827
eeg_fnirs_single_trial,eeg_fnirs_single_trial__prefrontal,3,1,0.25,Hb_only,3,eeg_fnirs_single_trial__s03__r1__a0.25__Hb_only,eeg_fnirs_single_trial__s03__r1__a0.25__Hb_only,completed,0.25000956822004244,True,stationary_feasible,9,4,5.865098313859564e-06,11.314133880171127,0.8984679299173294,0.7044608680472018,1.0574611707150505,0.14257769695503072,3.469446951953614e-18,True,0.37226646891998255,0.3722664689199826,1.3477131986111475,1.1036434609477435,2.1931187031678565,0.6373999905622186,2.4993307904192243e-07,0.014997926919237969,0.004371498812419158,0.5173097909428179,599980,True,0.8984679299173294,0.7044608680472018,1.0574611707150505,0.37226646891998255,1.1036434609477435,0.3722664689199826,1.3477131986111475
eeg_fnirs_single_trial,eeg_fnirs_single_trial__prefrontal,3,0,0.5,paired,3,eeg_fnirs_single_trial__s03__r0__a0.5__paired,eeg_fnirs_single_trial__s03__r0__a0.5__paired,completed,0.5000118268330423,True,stationary_feasible,11,5,6.069646366763418e-06,59.31431726050896,0.8073744000265549,0.9966829080883504,0.5570727280715042,0.2421621840933405,3.469446951953614e-18,True,0.9156479761596221,0.9156479761596221,0.9974567996368133,0.9695973233900034,5.811099955304912,1.7710024934615973,1.8083393046370424e-07,0.01300062440084473,0.019878739827818792,0.49621886608656496,598840,True,0.8073744000265549,0.9966829080883504,0.5570727280715042,0.9156479761596221,0.9695973233900034,0.9156479761596221,0.9974567996368133
eeg_fnirs_single_trial,eeg_fnirs_single_trial__prefrontal,3,1,0.5,paired,3,eeg_fnirs_single_trial__s03__r1__a0.5__paired,eeg_fnirs_single_trial__s03__r1__a0.5__paired,completed,0.5000235259692806,True,stationary_feasible,13,6,6.45075098901331e-06,66.10134476723498,0.8898368133393164,1.0919248782361788,0.6255550887305171,0.27529771872789216,6.938893903907228e-18,True,0.6940792364279151,0.6940792364279151,0.5557453271314504,1.0594322801642149,2.227669901685006,0.6916118254493843,2.434349826447627e-07,0.006194532961785887,0.015245599013239377,0.7235444319667295,599124,True,0.8898368133393164,1.0919248782361788,0.6255550887305171,0.6940792364279151,1.0594322801642149,0.6940792364279151,0.5557453271314504
eeg_fnirs_single_trial,eeg_fnirs_single_trial__prefrontal,3,0,0.5,wrong_pair,3,eeg_fnirs_single_trial__s03__r0__a0.5__wrong_pair,eeg_fnirs_single_trial__s03__r0__a0.5__wrong_pair,completed,0.5000118268330423,True,stationary_feasible,11,5,2.7418390194700676e-06,44.97792961175292,0.7368001326911098,0.9850348655755304,0.3397869695380776,0.21607968775810535,3.469446951953614e-18,True,1.1729848265006977,1.1729848265006977,0.8077200222444838,0.9642386114982551,3.3079688408009496,0.9623597629223769,1.8907308655563824e-07,0.016133042142810246,0.025828522893377365,0.6767691799905151,599980,True,0.7368001326911098,0.9850348655755304,0.3397869695380776,1.1729848265006977,0.9642386114982551,1.1729848265006977,0.8077200222444838
eeg_fnirs_single_trial,eeg_fnirs_single_trial__prefrontal,3,1,0.5,wrong_pair,3,eeg_fnirs_single_trial__s03__r1__a0.5__wrong_pair,eeg_fnirs_single_trial__s03__r1__a0.5__wrong_pair,completed,0.5000235259692806,True,stationary_feasible,13,6,6.927568405400257e-06,100.20590547767618,1.1284597371474316,1.2155922436547408,1.0340107610137017,0.34175662570946264,6.938893903907228e-18,True,0.7630943008266444,0.7630943008266444,1.0629244923196126,1.037646170060214,6.235114178555266,1.9170875107476022,1.9342895335028007e-07,0.01918816731943847,0.015699971423094254,0.7332565260585397,599972,True,1.1284597371474316,1.2155922436547408,1.0340107610137017,0.7630943008266444,1.037646170060214,0.7630943008266444,1.0629244923196126
eeg_fnirs_single_trial,eeg_fnirs_single_trial__prefrontal,3,0,0.5,Hb_only,3,eeg_fnirs_single_trial__s03__r0__a0.5__Hb_only,eeg_fnirs_single_trial__s03__r0__a0.5__Hb_only,completed,0.5000118268330423,True,stationary_feasible,9,4,9.099174112115978e-06,7.842026041496304,0.6808857701473549,0.8513632937730511,0.4498793238127471,0.1135058860625812,3.469446951953614e-18,True,0.8280846279151131,0.8280846279151131,1.7772094309428288,0.9830325115101916,3.1043173347547466,0.9290994558447627,4.3011515871853927e-07,0.007211685791466718,0.017738078392356638,0.5245939180022106,597924,True,0.6808857701473549,0.8513632937730511,0.4498793238127471,0.8280846279151131,0.9830325115101916,0.8280846279151131,1.7772094309428288
eeg_fnirs_single_trial,eeg_fnirs_single_trial__prefrontal,3,1,0.5,Hb_only,3,eeg_fnirs_single_trial__s03__r1__a0.5__Hb_only,eeg_fnirs_single_trial__s03__r1__a0.5__Hb_only,completed,0.5000235259692806,True,stationary_feasible,9,4,6.170723217298218e-06,11.901550450656941,1.0090796474278594,0.8429054410897532,1.15151807935766,0.14359759966706462,1.734723475976807e-18,True,0.48085812870061395,0.48085812870061395,2.1959988600628972,1.1051078472728415,3.6805256015183625,1.0864142292018608,2.2994998752367015e-07,0.019452022049910832,0.006868490092575876,0.417134549934417,599956,True,1.0090796474278594,0.8429054410897532,1.15151807935766,0.48085812870061395,1.1051078472728415,0.48085812870061395,2.1959988600628972
eeg_fnirs_single_trial,eeg_fnirs_single_trial__prefrontal,3,0,1.0,paired,3,eeg_fnirs_single_trial__s03__r0__a1__paired,eeg_fnirs_single_trial__s03__r0__a1__paired,completed,1.0000138735752593,True,stationary_feasible,13,6,3.2790472757981997e-06,57.73007926688583,0.8101854672152686,1.0062390728917587,0.5479816700945206,0.2350955127114764,3.469446951953614e-18,True,0.9376549691835252,0.9376549691835252,1.2761226896254607,0.9576222948929326,8.314192963705809,2.5122393622553143,1.27255316993942e-07,0.013914940113424,0.02047962760705121,0.7201434100279585,600816,True,0.8101854672152686,1.0062390728917587,0.5479816700945206,0.9376549691835252,0.9576222948929326,0.9376549691835252,1.2761226896254607
eeg_fnirs_single_trial,eeg_fnirs_single_trial__prefrontal,3,1,1.0,paired,3,eeg_fnirs_single_trial__s03__r1__a1__paired,eeg_fnirs_single_trial__s03__r1__a1__paired,completed,0.9999890518565068,True,stationary_feasible,13,6,8.94528083106389e-06,69.80251797514796,0.8938397276306909,1.0983190030936334,0.6257749474253683,0.2766441270687738,3.469446951953614e-18,True,0.6977582130076193,0.6977582130076192,0.5786219573328909,1.0565081753367327,2.632533618105771,0.8338992637957867,2.3171880946505532e-07,0.006479662859693078,0.015337570690052111,0.7150063919834793,599988,True,0.8938397276306909,1.0983190030936334,0.6257749474253683,0.6977582130076193,1.0565081753367327,0.6977582130076192,0.5786219573328909
eeg_fnirs_single_trial,eeg_fnirs_single_trial__prefrontal,3,0,1.0,wrong_pair,3,eeg_fnirs_single_trial__s03__r0__a1__wrong_pair,eeg_fnirs_single_trial__s03__r0__a1__wrong_pair,completed,1.0000138735752593,True,stationary_feasible,11,5,6.845416465609706e-06,59.09070653951502,1.0285938329831021,1.366571097209498,0.4984917078280926,0.2559203570596298,3.469446951953614e-18,True,1.6401335251616977,1.6401335251616977,1.0833921709929188,0.9562364067934651,5.420935567484789,1.6594337087411093,1.9086146600718676e-07,0.028225961280278898,0.03595392095691734,0.637669344083406,599960,True,1.0285938329831021,1.366571097209498,0.4984917078280926,1.6401335251616977,0.9562364067934651,1.6401335251616977,1.0833921709929188
eeg_fnirs_single_trial,eeg_fnirs_single_trial__prefrontal,3,1,1.0,wrong_pair,3,eeg_fnirs_single_trial__s03__r1__a1__wrong_pair,eeg_fnirs_single_trial__s03__r1__a1__wrong_pair,completed,0.9999890518565068,True,stationary_feasible,19,9,2.6733944715750113e-06,237.1029725795921,1.6229798891417246,1.8353419024490891,1.3782770194092069,0.5274451738083703,6.938893903907228e-18,True,1.2290758339823398,1.2290758339823398,1.6800409301179542,0.9469516096909646,11.452984700127493,3.584950821982137,4.081000574603291e-08,0.03549375196329631,0.024964181082102656,1.0015680229989812,600820,True,1.6229798891417246,1.8353419024490891,1.3782770194092069,1.2290758339823398,0.9469516096909646,1.2290758339823398,1.6800409301179542
eeg_fnirs_single_trial,eeg_fnirs_single_trial__prefrontal,3,0,1.0,Hb_only,3,eeg_fnirs_single_trial__s03__r0__a1__Hb_only,eeg_fnirs_single_trial__s03__r0__a1__Hb_only,completed,1.0000138735752593,True,stationary_feasible,11,5,7.879704976400862e-07,8.525008058420227,0.9064052921397975,1.1694312399360343,0.5249492187819056,0.1145948063054399,3.469446951953614e-18,True,1.1455435083804348,1.1455435083804348,2.7396730367467783,0.9794276672626351,5.207011901028404,1.5374465812931222,4.137834868681901e-07,0.014679855441447554,0.025009305325316932,0.6204705230193213,599968,True,0.9064052921397975,1.1694312399360343,0.5249492187819056,1.1455435083804348,0.9794276672626351,1.1455435083804348,2.7396730367467783
eeg_fnirs_single_trial,eeg_fnirs_single_trial__prefrontal,3,1,1.0,Hb_only,3,eeg_fnirs_single_trial__s03__r1__a1__Hb_only,eeg_fnirs_single_trial__s03__r1__a1__Hb_only,completed,0.9999890518565068,True,stationary_feasible,9,4,7.280357118182146e-06,13.876143385069632,1.2866845401442013,1.2058727228668356,1.3627124377277524,0.14623459078784343,1.734723475976807e-18,True,0.7953023122459667,0.7953023122459667,3.847582671082404,1.1096458658402555,6.683958420209759,2.002583144548953,1.9460019968947501e-07,0.02940652831560503,0.013865846173965139,0.5300679879728705,600692,True,1.2866845401442013,1.2058727228668356,1.3627124377277524,0.7953023122459667,1.1096458658402555,0.7953023122459667,3.847582671082404
eeg_fnirs_single_trial,eeg_fnirs_single_trial__prefrontal,4,0,0.0,paired,4,eeg_fnirs_single_trial__s04__r0__a0__paired,eeg_fnirs_single_trial__s04__r0__a0__paired,completed,0.0,True,stationary_feasible,11,5,2.7370367143681436e-06,61.00495401174877,0.9813064439775058,1.2295158386905556,0.6435957398807228,0.26575887169128737,3.469446951953614e-18,True,0.6402872049436769,0.6402872049436769,0.7268728928927596,0.5917435173629165,3.9049887121764195,1.2434568914230966,4.932774162529241e-07,0.025601719434482494,0.009807682707242029,0.6024989659199491,599984,True,0.9813064439775058,1.2295158386905556,0.6435957398807228,0.6402872049436769,0.5917435173629165,0.6402872049436769,0.7268728928927596
eeg_fnirs_single_trial,eeg_fnirs_single_trial__prefrontal,4,1,0.0,paired,4,eeg_fnirs_single_trial__s04__r1__a0__paired,eeg_fnirs_single_trial__s04__r1__a0__paired,completed,0.0,True,stationary_feasible,15,7,1.2652264328334607e-06,184.9252322320516,1.2849946031502666,1.6900151895749187,0.6680351182809731,0.4621808126906096,3.469446951953614e-18,True,0.767920594886818,0.767920594886818,0.8079836940150709,1.769140130691657,3.2060506184181365,0.9981781351775351,5.635261226785102e-07,0.03615546339469129,0.005703956969262889,0.7853633700869977,599984,True,1.2849946031502666,1.6900151895749187,0.6680351182809731,0.767920594886818,1.769140130691657,0.767920594886818,0.8079836940150709
eeg_fnirs_single_trial,eeg_fnirs_single_trial__prefrontal,4,0,0.0,wrong_pair,4,eeg_fnirs_single_trial__s04__r0__a0__wrong_pair,eeg_fnirs_single_trial__s04__r0__a0__wrong_pair,completed,0.0,True,stationary_feasible,11,5,5.428557341736651e-07,50.446898320771204,0.9791106412384137,1.1952070659434502,0.6991390169997984,0.24153375271356425,3.469446951953614e-18,True,0.651575597243623,0.651575597243623,0.7381825111434734,0.5913704785226787,4.124609529484429,1.3174519982174577,4.923764787001053e-07,0.025917556298492832,0.01007678033623964,0.5974324350245297,600808,True,0.9791106412384137,1.1952070659434502,0.6991390169997984,0.651575597243623,0.5913704785226787,0.651575597243623,0.7381825111434734
eeg_fnirs_single_trial,eeg_fnirs_single_trial__prefrontal,4,1,0.0,wrong_pair,4,eeg_fnirs_single_trial__s04__r1__a0__wrong_pair,eeg_fnirs_single_trial__s04__r1__a0__wrong_pair,completed,0.0,True,stationary_feasible,11,5,6.87136486907398e-06,115.06768420965497,1.29088224817117,1.687539445065875,0.6963939823359092,0.36478929857336334,3.469446951953614e-18,True,0.7313393472052558,0.7313393472052558,0.6028770293993568,1.767061124876264,2.3842899600251948,0.704487722044224,6.339556653178975e-07,0.03454493778121286,0.00481266043932141,0.49842989002354443,594116,True,1.29088224817117,1.687539445065875,0.6963939823359092,0.7313393472052558,1.767061124876264,0.7313393472052558,0.6028770293993568
eeg_fnirs_single_trial,eeg_fnirs_single_trial__prefrontal,4,0,0.0,Hb_only,4,eeg_fnirs_single_trial__s04__r0__a0__Hb_only,eeg_fnirs_single_trial__s04__r0__a0__Hb_only,completed,0.0,True,stationary_feasible,7,3,9.577236794340717e-06,12.221201534344113,0.7531810674409787,0.8979385009887744,0.5729484175256068,0.14948998863060914,3.469446951953614e-18,True,0.49441635106310905,0.49441635106310905,0.5136632239839182,0.5979513259177354,1.02747240967253,0.30114494266201436,4.841354730383962e-07,0.023882919527642633,0.001955300103446294,0.3282475509913638,601232,True,0.7531810674409787,0.8979385009887744,0.5729484175256068,0.49441635106310905,0.5979513259177354,0.49441635106310905,0.5136632239839182
eeg_fnirs_single_trial,eeg_fnirs_single_trial__prefrontal,4,1,0.0,Hb_only,4,eeg_fnirs_single_trial__s04__r1__a0__Hb_only,eeg_fnirs_single_trial__s04__r1__a0__Hb_only,completed,0.0,True,stationary_feasible,19,9,4.9230179337418415e-06,45.868554307424375,1.3537274886316955,1.749884456241726,0.7765697758461589,0.2922830494379981,3.469446951953614e-18,True,0.6799877656070071,0.6799877656070071,4.059984847214211,1.6977162944511903,4.640652887083451,1.1614545519759318,4.799737843060244e-07,0.032144060024682015,0.005683959966313217,0.9590099800843745,594128,True,1.3537274886316955,1.749884456241726,0.7765697758461589,0.6799877656070071,1.6977162944511903,0.6799877656070071,4.059984847214211
eeg_fnirs_single_trial,eeg_fnirs_single_trial__prefrontal,4,0,0.25,paired,4,eeg_fnirs_single_trial__s04__r0__a0.25__paired,eeg_fnirs_single_trial__s04__r0__a0.25__paired,completed,0.2500006756495697,True,stationary_feasible,11,5,1.5863092591802814e-06,60.92654643831924,0.9779430676619373,1.2254075556154709,0.6411876556957392,0.26590606138498407,3.469446951953614e-18,True,0.6310011198193242,0.6310011198193242,0.7136704457458191,0.5929566192209359,3.8145484260370384,1.2025763526068294,4.034873958458594e-07,0.025133826341498997,0.009739147107345067,0.6188032970530912,599988,True,0.9779430676619373,1.2254075556154709,0.6411876556957392,0.6310011198193242,0.5929566192209359,0.6310011198193242,0.7136704457458191
eeg_fnirs_single_trial,eeg_fnirs_single_trial__prefrontal,4,1,0.25,paired,4,eeg_fnirs_single_trial__s04__r1__a0.25__paired,eeg_fnirs_single_trial__s04__r1__a0.25__paired,completed,0.25001408577139517,True,stationary_feasible,15,7,2.6529673072454536e-06,187.31155045434625,1.285175019523726,1.6901356927665045,0.6684242677015151,0.46357205485460085,3.469446951953614e-18,True,0.7606755345507278,0.7606755345507278,0.8136596942137526,1.7619149108452015,2.855638619823774,0.854910991479412,1.0302154908902456e-06,0.03570678913529206,0.005821387712559467,0.7921294709667563,599988,True,1.285175019523726,1.6901356927665045,0.6684242677015151,0.7606755345507278,1.7619149108452015,0.7606755345507278,0.8136596942137526
eeg_fnirs_single_trial,eeg_fnirs_single_trial__prefrontal,4,0,0.25,wrong_pair,4,eeg_fnirs_single_trial__s04__r0__a0.25__wrong_pair,eeg_fnirs_single_trial__s04__r0__a0.25__wrong_pair,completed,0.2500006756495697,True,stationary_feasible,11,5,1.1523625418706846e-06,62.24162473143475,1.0799750206218937,1.3402192721149568,0.7324646018656289,0.26513028570063824,6.938893903907228e-18,True,0.7659507606340773,0.7659507606340773,0.7879877786906382,0.5895600526234831,4.979010719221818,1.5741768948022583,4.094346143600736e-07,0.029182906750698213,0.012718765308828841,0.6138048130087554,599988,True,1.0799750206218937,1.3402192721149568,0.7324646018656289,0.7659507606340773,0.5895600526234831,0.7659507606340773,0.7879877786906382
eeg_fnirs_single_trial,eeg_fnirs_single_trial__prefrontal,4,1,0.25,wrong_pair,4,eeg_fnirs_single_trial__s04__r1__a0.25__wrong_pair,eeg_fnirs_single_trial__s04__r1__a0.25__wrong_pair,completed,0.25001408577139517,True,stationary_feasible,21,10,5.365527872578152e-06,363.6157639094845,1.4170550469191578,1.6975513499049701,1.0650865816608182,0.6544106317607813,6.938893903907228e-18,True,1.0596148058032866,1.0596148058032866,1.093569290803954,1.6080963164196662,7.704154132043548,2.4958507088359334,6.980579477783274e-07,0.04215738138573309,0.017823838862639798,1.0931012630462646,599984,True,1.4170550469191578,1.6975513499049701,1.0650865816608182,1.0596148058032866,1.6080963164196662,1.0596148058032866,1.093569290803954
eeg_fnirs_single_trial,eeg_fnirs_single_trial__prefrontal,4,0,0.25,Hb_only,4,eeg_fnirs_single_trial__s04__r0__a0.25__Hb_only,eeg_fnirs_single_trial__s04__r0__a0.25__Hb_only,completed,0.2500006756495697,True,stationary_feasible,9,4,1.089303688889305e-06,12.330486787908995,0.7730461187572549,0.8969716030631166,0.6250140372421202,0.14969552853144205,3.469446951953614e-18,True,0.4885013241336965,0.48850132413369657,0.9985070398217691,0.5964384683525861,1.5558566367861302,0.45656127659688456,4.1637569905174433e-07,0.022195415525727537,0.003361107362116993,0.48321704799309373,599968,True,0.7730461187572549,0.8969716030631166,0.6250140372421202,0.4885013241336965,0.5964384683525861,0.48850132413369657,0.9985070398217691
eeg_fnirs_single_trial,eeg_fnirs_single_trial__prefrontal,4,1,0.25,Hb_only,4,eeg_fnirs_single_trial__s04__r1__a0.25__Hb_only,eeg_fnirs_single_trial__s04__r1__a0.25__Hb_only,completed,0.25001408577139517,True,stationary_feasible,19,9,3.709294991273719e-06,46.585447641181624,1.3247593727732112,1.6602365775165095,0.8680952126219862,0.29305490956346175,3.469446951953614e-18,True,0.7754817867232865,0.7754817867232865,4.001792527834036,1.6933555264922702,4.933239850746941,1.2800110387559123,6.586418321864259e-07,0.035761647666799505,0.00879895772627412,0.9626166579546407,599120,True,1.3247593727732112,1.6602365775165095,0.8680952126219862,0.7754817867232865,1.6933555264922702,0.7754817867232865,4.001792527834036
eeg_fnirs_single_trial,eeg_fnirs_single_trial__prefrontal,4,0,0.5,paired,4,eeg_fnirs_single_trial__s04__r0__a0.5__paired,eeg_fnirs_single_trial__s04__r0__a0.5__paired,completed,0.5000020228048494,True,stationary_feasible,11,5,7.192263844263515e-07,61.08861244556224,0.9755943926360494,1.2229333028475409,0.6387511054176027,0.2660839093945621,3.469446951953614e-18,True,0.6232960796043395,0.6232960796043395,0.7090075950671084,0.5942100199216476,3.825278212683429,1.2003299210140923,3.2903206627628235e-07,0.024718759901940893,0.009702362733857226,0.5101903149625286,598840,True,0.9755943926360494,1.2229333028475409,0.6387511054176027,0.6232960796043395,0.5942100199216476,0.6232960796043395,0.7090075950671084
eeg_fnirs_single_trial,eeg_fnirs_single_trial__prefrontal,4,1,0.5,paired,4,eeg_fnirs_single_trial__s04__r1__a0.5__paired,eeg_fnirs_single_trial__s04__r1__a0.5__paired,completed,0.5000069592098464,True,stationary_feasible,15,7,3.9482041600507004e-06,191.03824188830248,1.2879772186938045,1.6945729773824907,0.6679768379768104,0.4633804790238433,6.938893903907228e-18,True,0.7517416352960069,0.7517416352960069,0.9018820782552314,1.7566490629557265,3.966194721348782,1.2117713847513514,1.7059428409943578e-06,0.035248331152945,0.005834155269631395,0.6825822140090168,599956,True,1.2879772186938045,1.6945729773824907,0.6679768379768104,0.7517416352960069,1.7566490629557265,0.7517416352960069,0.9018820782552314
eeg_fnirs_single_trial,eeg_fnirs_single_trial__prefrontal,4,0,0.5,wrong_pair,4,eeg_fnirs_single_trial__s04__r0__a0.5__wrong_pair,eeg_fnirs_single_trial__s04__r0__a0.5__wrong_pair,completed,0.5000020228048494,True,stationary_feasible,13,6,4.757471683699515e-06,103.41094850929291,1.1942061968003312,1.497158074497768,0.781520684895006,0.336830594371571,3.469446951953614e-18,True,0.8984918372241079,0.8984918372241079,0.8986088827431302,0.5875417120841212,6.1632402836604046,1.9408052074224742,3.62194715210168e-07,0.03299719308568503,0.015625605241307648,0.6939765429124236,599992,True,1.1942061968003312,1.497158074497768,0.781520684895006,0.8984918372241079,0.5875417120841212,0.8984918372241079,0.8986088827431302
eeg_fnirs_single_trial,eeg_fnirs_single_trial__prefrontal,4,1,0.5,wrong_pair,4,eeg_fnirs_single_trial__s04__r1__a0.5__wrong_pair,eeg_fnirs_single_trial__s04__r1__a0.5__wrong_pair,completed,0.5000069592098464,True,stationary_feasible,41,20,8.583409625958854e-06,1053.816711269313,2.0053730323698953,2.2474809811598204,1.7297026441668366,1.1042254511953475,1.3877787807814457e-17,True,1.8784452973031966,1.8784452973031966,3.0089177958991273,1.4951161504035693,24.368359306770415,8.466390094466936,1.9992335105340247e-06,0.057237063183464595,0.03775072196708711,1.7610987609950826,601240,True,2.0053730323698953,2.2474809811598204,1.7297026441668366,1.8784452973031966,1.4951161504035693,1.8784452973031966,3.0089177958991273
eeg_fnirs_single_trial,eeg_fnirs_single_trial__prefrontal,4,0,0.5,Hb_only,4,eeg_fnirs_single_trial__s04__r0__a0.5__Hb_only,eeg_fnirs_single_trial__s04__r0__a0.5__Hb_only,completed,0.5000020228048494,True,stationary_feasible,9,4,1.330436744645593e-06,12.604380366651348,0.8177757817884852,0.9285374494128967,0.6894437349032398,0.14999740695782077,3.469446951953614e-18,True,0.5245864398418891,0.5245864398418891,1.4911006240165505,0.5950447076453447,2.5571175746701718,0.7630670967599559,3.578392949883846e-07,0.02109601290758252,0.006091475531473166,0.502921303967014,600692,True,0.8177757817884852,0.9285374494128967,0.6894437349032398,0.5245864398418891,0.5950447076453447,0.5245864398418891,1.4911006240165505
eeg_fnirs_single_trial,eeg_fnirs_single_trial__prefrontal,4,1,0.5,Hb_only,4,eeg_fnirs_single_trial__s04__r1__a0.5__Hb_only,eeg_fnirs_single_trial__s04__r1__a0.5__Hb_only,completed,0.5000069592098464,True,stationary_feasible,17,8,8.572817214122735e-06,49.213708160924796,1.3508669643313598,1.6184170581297073,1.0150908021445324,0.29440713090241427,3.469446951953614e-18,True,0.974149764977777,0.974149764977777,3.852415398316141,1.6888167807067875,6.0639704778362225,1.6832956247174435,8.710765278790507e-07,0.04153210700924775,0.014388574664780444,0.8610416570445523,599980,True,1.3508669643313598,1.6184170581297073,1.0150908021445324,0.974149764977777,1.6888167807067875,0.974149764977777,3.852415398316141
eeg_fnirs_single_trial,eeg_fnirs_single_trial__prefrontal,4,0,1.0,paired,4,eeg_fnirs_single_trial__s04__r0__a1__paired,eeg_fnirs_single_trial__s04__r0__a1__paired,completed,1.0000012664134148,True,stationary_feasible,11,5,1.4199552743190709e-06,62.1131230489261,0.9742731362532824,1.2233015976842434,0.6339948652416605,0.2665563352491,3.469446951953614e-18,True,0.613716074542186,0.613716074542186,0.7282969590450074,0.5965793912351833,4.160079577045879,1.313906869864298,2.2050362077396516e-07,0.0240958520272285,0.00973487226792237,0.604876981000416,599124,True,0.9742731362532824,1.2233015976842434,0.6339948652416605,0.613716074542186,0.5965793912351833,0.613716074542186,0.7282969590450074
eeg_fnirs_single_trial,eeg_fnirs_single_trial__prefrontal,4,1,1.0,paired,4,eeg_fnirs_single_trial__s04__r1__a1__paired,eeg_fnirs_single_trial__s04__r1__a1__paired,completed,0.9999115286017358,True,stationary_feasible,17,8,7.637351706966246e-06,208.8460203950043,1.2792027631657261,1.6835815152009634,0.6620216765750842,0.4663159873693401,6.938893903907228e-18,True,0.6713270441093216,0.6713270441093216,0.8079722973417598,1.6866146144799288,2.7408982421505517,0.8051723914880987,2.5525382660144616e-06,0.031226161887676764,0.005674618748223461,0.8845266600837931,600684,True,1.2792027631657261,1.6835815152009634,0.6620216765750842,0.6713270441093216,1.6866146144799288,0.6713270441093216,0.8079722973417598
eeg_fnirs_single_trial,eeg_fnirs_single_trial__prefrontal,4,0,1.0,wrong_pair,4,eeg_fnirs_single_trial__s04__r0__a1__wrong_pair,eeg_fnirs_single_trial__s04__r0__a1__wrong_pair,completed,1.0000012664134148,True,stationary_feasible,19,9,3.4515068567440886e-06,272.6016055990419,1.4503729883686982,1.834092422345006,0.9182965735946773,0.5409756427979648,6.938893903907228e-18,True,1.1947725366194388,1.1947725366194388,1.1836826359789643,0.585020352988152,8.522442141465454,2.6754745420790735,3.345303317495709e-07,0.04169011944248482,0.02184381780785881,0.8452432180056348,594116,True,1.4503729883686982,1.834092422345006,0.9182965735946773,1.1947725366194388,0.585020352988152,1.1947725366194388,1.1836826359789643
eeg_fnirs_single_trial,eeg_fnirs_single_trial__prefrontal,4,1,1.0,wrong_pair,4,eeg_fnirs_single_trial__s04__r1__a1__wrong_pair,eeg_fnirs_single_trial__s04__r1__a1__wrong_pair,completed,0.9999115286017358,True,stationary_feasible,44,17,3.0075328637668197e-06,3454.414693701532,3.8588024688117497,4.295688620321035,3.365675602885647,1.9929152494195883,2.7755575615628914e-17,True,3.9069988260535617,3.9069988260535613,5.544671063811751,1.282367261063102,45.97400145311233,17.58803893967921,5.580667380420733e-06,0.09217500349398444,0.08294731195817248,1.7383650010451674,599972,True,3.8588024688117497,4.295688620321035,3.365675602885647,3.9069988260535617,1.282367261063102,3.9069988260535613,5.544671063811751
eeg_fnirs_single_trial,eeg_fnirs_single_trial__prefrontal,4,0,1.0,Hb_only,4,eeg_fnirs_single_trial__s04__r0__a1__Hb_only,eeg_fnirs_single_trial__s04__r0__a1__Hb_only,completed,1.0000012664134148,True,stationary_feasible,9,4,1.953830518828288e-06,13.633170395698837,0.9659500077427408,1.0749274680565533,0.8430004586795489,0.15090099973019153,3.469446951953614e-18,True,0.6892959220662933,0.6892959220662932,2.459783696781731,0.5925935497995858,4.794416764126447,1.4412498456024883,2.63844744702933e-07,0.020984916444532445,0.011984548759225179,0.4928454380715266,599960,True,0.9659500077427408,1.0749274680565533,0.8430004586795489,0.6892959220662933,0.5925935497995858,0.6892959220662932,2.459783696781731
eeg_fnirs_single_trial,eeg_fnirs_single_trial__prefrontal,4,1,1.0,Hb_only,4,eeg_fnirs_single_trial__s04__r1__a1__Hb_only,eeg_fnirs_single_trial__s04__r1__a1__Hb_only,completed,0.9999115286017358,True,stationary_feasible,21,10,4.571202131375093e-06,65.4421065868764,1.5908707529972699,1.7711367576104686,1.3873766940976333,0.30475838211022777,1.734723475976807e-18,True,1.4854948095437472,1.4854948095437472,3.4434718087643454,1.622535195330149,9.419070527148294,2.756408104966927,1.2834357406347221e-06,0.053095412354465105,0.027409252312575766,0.9401696189306676,599984,True,1.5908707529972699,1.7711367576104686,1.3873766940976333,1.4854948095437472,1.622535195330149,1.4854948095437472,3.4434718087643454
eeg_fnirs_single_trial,eeg_fnirs_single_trial__prefrontal,5,0,0.0,paired,5,eeg_fnirs_single_trial__s05__r0__a0__paired,eeg_fnirs_single_trial__s05__r0__a0__paired,completed,0.0,True,stationary_feasible,11,5,5.1871673433214e-06,65.73393373155028,0.7585641462460823,0.9904246064719454,0.4121871259937497,0.27799748682048736,1.734723475976807e-18,True,0.6844523845561847,0.6844523845561847,0.7534579028458602,0.9192295025302525,3.8946504335873136,1.2292626421454893,2.5666167232297843e-07,0.02584951184803458,0.01193824735179341,0.5809763619909063,600808,True,0.7585641462460823,0.9904246064719454,0.4121871259937497,0.6844523845561847,0.9192295025302525,0.6844523845561847,0.7534579028458602
eeg_fnirs_single_trial,eeg_fnirs_single_trial__prefrontal,5,1,0.0,paired,5,eeg_fnirs_single_trial__s05__r1__a0__paired,eeg_fnirs_single_trial__s05__r1__a0__paired,completed,0.0,True,stationary_feasible,13,6,9.225017929168504e-06,85.61935755387182,0.6945591486415018,0.8476356482714342,0.496325124996389,0.2996305613995725,3.469446951953614e-18,True,1.084391782430471,1.084391782430471,1.08164805598502,0.9446344747213644,6.080843324128931,1.9403833423751684,9.74625210646034e-07,0.043376119504638946,0.014729880139705177,0.6770311670843512,599988,True,0.6945591486415018,0.8476356482714342,0.496325124996389,1.084391782430471,0.9446344747213644,1.084391782430471,1.08164805598502
eeg_fnirs_single_trial,eeg_fnirs_single_trial__prefrontal,5,0,0.0,wrong_pair,5,eeg_fnirs_single_trial__s05__r0__a0__wrong_pair,eeg_fnirs_single_trial__s05__r0__a0__wrong_pair,completed,0.0,True,stationary_feasible,11,5,1.0528151177845308e-06,47.56023610407279,0.548491326130276,0.6630938149025921,0.40248237516470753,0.2348471604073789,1.734723475976807e-18,True,0.9431260092852524,0.9431260092852524,0.8317589176428833,0.9014157483160183,3.557256366434871,1.1003811026232777,2.2382990376832093e-07,0.03429160161248987,0.017382558696493203,0.5828295990359038,600816,True,0.548491326130276,0.6630938149025921,0.40248237516470753,0.9431260092852524,0.9014157483160183,0.9431260092852524,0.8317589176428833
eeg_fnirs_single_trial,eeg_fnirs_single_trial__prefrontal,5,1,0.0,wrong_pair,5,eeg_fnirs_single_trial__s05__r1__a0__wrong_pair,eeg_fnirs_single_trial__s05__r1__a0__wrong_pair,completed,0.0,True,stationary_feasible,13,6,2.705507374399841e-06,45.41801569827269,0.6981200992786494,0.7864681682370721,0.5968342872049889,0.22131724737593397,3.469446951953614e-18,True,0.9849773688378385,0.9849773688378385,0.6307335172814107,1.0065676260785044,3.207426671445757,0.9827986748247641,9.723310943898322e-07,0.046501179870368024,0.006967181116251095,0.6258502319687977,599968,True,0.6981200992786494,0.7864681682370721,0.5968342872049889,0.9849773688378385,1.0065676260785044,0.9849773688378385,0.6307335172814107
eeg_fnirs_single_trial,eeg_fnirs_single_trial__prefrontal,5,0,0.0,Hb_only,5,eeg_fnirs_single_trial__s05__r0__a0__Hb_only,eeg_fnirs_single_trial__s05__r0__a0__Hb_only,completed,0.0,True,stationary_feasible,7,3,3.05090259290733e-06,4.089598670591242,0.4351773605330751,0.5423507094850819,0.29088550696467547,0.08762041282724355,2.168404344971009e-19,True,0.6176540047588546,0.6176540047588546,1.0826523705597841,0.818553233379376,1.271941889338117,0.3240545997337183,8.47967858581346e-08,0.02072558009116355,0.011987569435057379,0.33958542393520474,598840,True,0.4351773605330751,0.5423507094850819,0.29088550696467547,0.6176540047588546,0.818553233379376,0.6176540047588546,1.0826523705597841
eeg_fnirs_single_trial,eeg_fnirs_single_trial__prefrontal,5,1,0.0,Hb_only,5,eeg_fnirs_single_trial__s05__r1__a0__Hb_only,eeg_fnirs_single_trial__s05__r1__a0__Hb_only,completed,0.0,True,stationary_feasible,13,6,1.5357136882869448e-06,17.66338854780461,0.7937075436900711,0.9394736870920343,0.6142739788423004,0.17216389690028305,3.469446951953614e-18,True,1.0388971761378727,1.038897176137873,0.7784942740438681,0.9980093856313415,2.5441968727395263,0.7957317665346804,1.3683620645089443e-06,0.050890204232836175,0.007119196978970025,0.6543561069993302,599988,True,0.7937075436900711,0.9394736870920343,0.6142739788423004,1.0388971761378727,0.9980093856313415,1.038897176137873,0.7784942740438681
eeg_fnirs_single_trial,eeg_fnirs_single_trial__prefrontal,5,0,0.25,paired,5,eeg_fnirs_single_trial__s05__r0__a0.25__paired,eeg_fnirs_single_trial__s05__r0__a0.25__paired,completed,0.24999976194552595,True,stationary_feasible,11,5,5.618569668819416e-06,65.73352537800184,0.7623321702616865,0.9953129885770877,0.41430994484990613,0.2776065692555738,3.469446951953614e-18,True,0.6826701692352616,0.6826701692352616,0.7528405431846339,0.9174600992872393,3.907281853253904,1.2421135817924933,2.1776802574236626e-07,0.02568795159895315,0.011935806518125397,0.6078471740474924,599988,True,0.7623321702616865,0.9953129885770877,0.41430994484990613,0.6826701692352616,0.9174600992872393,0.6826701692352616,0.7528405431846339
eeg_fnirs_single_trial,eeg_fnirs_single_trial__prefrontal,5,1,0.25,paired,5,eeg_fnirs_single_trial__s05__r1__a0.25__paired,eeg_fnirs_single_trial__s05__r1__a0.25__paired,completed,0.25000929806937355,True,stationary_feasible,13,6,3.0204957764185165e-06,86.58066171081137,0.691526745003285,0.8450339808451124,0.4922763952565054,0.3002986963945862,6.938893903907228e-18,True,1.0770758674672658,1.0770758674672658,1.0777326376435576,0.9416191430129155,6.026382931737722,1.917827667875076,1.2075907852410821e-06,0.04312698982571839,0.014614487456350122,0.6873756770510226,599992,True,0.691526745003285,0.8450339808451124,0.4922763952565054,1.0770758674672658,0.9416191430129155,1.0770758674672658,1.0777326376435576
eeg_fnirs_single_trial,eeg_fnirs_single_trial__prefrontal,5,0,0.25,wrong_pair,5,eeg_fnirs_single_trial__s05__r0__a0.25__wrong_pair,eeg_fnirs_single_trial__s05__r0__a0.25__wrong_pair,completed,0.24999976194552595,True,stationary_feasible,15,7,2.398921416648066e-06,114.04782172787243,0.6363246697556839,0.8177925278795578,0.3755443409555296,0.36302745099487227,3.469446951953614e-18,True,0.9374923503485972,0.9374923503485972,1.0568942103836927,0.9245731307722155,5.229752817895142,1.6300375639278566,2.6140434957644615e-07,0.035031351940729,0.01674548089598947,0.7839528319891542,600820,True,0.6363246697556839,0.8177925278795578,0.3755443409555296,0.9374923503485972,0.9245731307722155,0.9374923503485972,1.0568942103836927
eeg_fnirs_single_trial,eeg_fnirs_single_trial__prefrontal,5,1,0.25,wrong_pair,5,eeg_fnirs_single_trial__s05__r1__a0.25__wrong_pair,eeg_fnirs_single_trial__s05__r1__a0.25__wrong_pair,completed,0.25000929806937355,True,stationary_feasible,13,6,6.494072404378304e-06,84.81154620514731,0.3109470878230198,0.3495651752675719,0.2667964975245838,0.3066553580320942,6.938893903907228e-18,True,1.0368806698595547,1.0368806698595547,0.8511943901548348,1.1175948486939433,5.492613623878887,1.7575419501597165,1.7004899097532422e-06,0.042426571083672725,0.009055292935708803,0.6169223290635273,599956,True,0.3109470878230198,0.3495651752675719,0.2667964975245838,1.0368806698595547,1.1175948486939433,1.0368806698595547,0.8511943901548348
eeg_fnirs_single_trial,eeg_fnirs_single_trial__prefrontal,5,0,0.25,Hb_only,5,eeg_fnirs_single_trial__s05__r0__a0.25__Hb_only,eeg_fnirs_single_trial__s05__r0__a0.25__Hb_only,completed,0.24999976194552595,True,stationary_feasible,7,3,7.85696795339099e-06,4.4025013412381275,0.42403829827657497,0.4805316281298154,0.3587566183047998,0.08762062762431205,4.336808689942018e-19,True,0.7822677600565605,0.7822677600565606,1.5040915997661413,0.8181644927717051,2.0805095068094426,0.5966001179400222,6.618710809603322e-08,0.02485975828781062,0.015545637122620304,0.405476807965897,599988,True,0.42403829827657497,0.4805316281298154,0.3587566183047998,0.7822677600565605,0.8181644927717051,0.7822677600565606,1.5040915997661413
eeg_fnirs_single_trial,eeg_fnirs_single_trial__prefrontal,5,1,0.25,Hb_only,5,eeg_fnirs_single_trial__s05__r1__a0.25__Hb_only,eeg_fnirs_single_trial__s05__r1__a0.25__Hb_only,completed,0.25000929806937355,True,stationary_feasible,13,6,1.694453089519512e-06,18.14823584168361,0.565112674666104,0.6680547478024801,0.4386428206127631,0.17387271964771303,6.938893903907228e-18,True,0.9218972612208556,0.9218972612208556,1.0665456033262295,0.9785176506891878,3.2268392212417685,0.9723790614226724,1.444298413140719e-06,0.043261078605082486,0.005237937661525992,0.6791499298997223,600692,True,0.565112674666104,0.6680547478024801,0.4386428206127631,0.9218972612208556,0.9785176506891878,0.9218972612208556,1.0665456033262295
eeg_fnirs_single_trial,eeg_fnirs_single_trial__prefrontal,5,0,0.5,paired,5,eeg_fnirs_single_trial__s05__r0__a0.5__paired,eeg_fnirs_single_trial__s05__r0__a0.5__paired,completed,0.5000474207705798,True,stationary_feasible,13,6,3.7193283543521733e-06,66.65666322541584,0.7662098798437564,1.0002271198626873,0.41677436177332283,0.2773274869675867,3.469446951953614e-18,True,0.6811930693855337,0.6811930693855337,0.7525668389916753,0.9158340625575251,3.9295736514821558,1.258891641452194,1.849051675976226e-07,0.025539477527828876,0.011937406334510011,0.6883113670628518,599992,True,0.7662098798437564,1.0002271198626873,0.41677436177332283,0.6811930693855337,0.9158340625575251,0.6811930693855337,0.7525668389916753
eeg_fnirs_single_trial,eeg_fnirs_single_trial__prefrontal,5,1,0.5,paired,5,eeg_fnirs_single_trial__s05__r1__a0.5__paired,eeg_fnirs_single_trial__s05__r1__a0.5__paired,completed,0.5000124428671149,True,stationary_feasible,13,6,3.1298376933201424e-06,88.51141724560914,0.6877730563310706,0.841689952654061,0.48746443729893607,0.3012037491597613,6.938893903907228e-18,True,1.0689182656980714,1.0689182656980714,1.0745450917252233,0.937944526240833,5.978791239564107,1.8973937779461318,1.4999964631402143e-06,0.0428207109319604,0.014498067943216,0.6860514120198786,599964,True,0.6877730563310706,0.841689952654061,0.48746443729893607,1.0689182656980714,0.937944526240833,1.0689182656980714,1.0745450917252233
eeg_fnirs_single_trial,eeg_fnirs_single_trial__prefrontal,5,0,0.5,wrong_pair,5,eeg_fnirs_single_trial__s05__r0__a0.5__wrong_pair,eeg_fnirs_single_trial__s05__r0__a0.5__wrong_pair,completed,0.5000474207705798,True,stationary_feasible,19,9,3.278540142292031e-06,230.22090122991443,0.8386296123743091,1.083000858595451,0.4834339601059114,0.5145337802723831,6.938893903907228e-18,True,1.032229646454784,1.032229646454784,1.4488304158214989,0.9494976222916279,7.751057912329133,2.4270670646959105,3.115670784857123e-07,0.03787275327448293,0.01841267341786729,0.9727409930201247,599128,True,0.8386296123743091,1.083000858595451,0.4834339601059114,1.032229646454784,0.9494976222916279,1.032229646454784,1.4488304158214989
eeg_fnirs_single_trial,eeg_fnirs_single_trial__prefrontal,5,1,0.5,wrong_pair,5,eeg_fnirs_single_trial__s05__r1__a0.5__wrong_pair,eeg_fnirs_single_trial__s05__r1__a0.5__wrong_pair,completed,0.5000124428671149,True,stationary_feasible,15,7,3.494635546706496e-06,226.6234432764217,0.6242522337918112,0.7518275716722181,0.4627493979051595,0.5064881719980265,6.938893903907228e-18,True,1.3607675936151125,1.3607675936151125,1.5936967150804104,1.2346432370377134,11.584537855901482,3.756045460262192,2.7990347005771326e-06,0.040531907132335,0.020780263275867957,0.7797880599973723,594128,True,0.6242522337918112,0.7518275716722181,0.4627493979051595,1.3607675936151125,1.2346432370377134,1.3607675936151125,1.5936967150804104
eeg_fnirs_single_trial,eeg_fnirs_single_trial__prefrontal,5,0,0.5,Hb_only,5,eeg_fnirs_single_trial__s05__r0__a0.5__Hb_only,eeg_fnirs_single_trial__s05__r0__a0.5__Hb_only,completed,0.5000474207705798,True,stationary_feasible,9,4,5.819752693917062e-07,5.019325820478733,0.5298037637919605,0.574478733977257,0.4809971314510542,0.08785705705542701,2.168404344971009e-19,True,0.9734049466821202,0.9734049466821202,1.9511903561927184,0.8165398027124068,3.638030616174967,1.0923182442414543,5.047377119472687e-08,0.029683220873882848,0.01962008222781181,0.43182853795588017,598840,True,0.5298037637919605,0.574478733977257,0.4809971314510542,0.9734049466821202,0.8165398027124068,0.9734049466821202,1.9511903561927184
eeg_fnirs_single_trial,eeg_fnirs_single_trial__prefrontal,5,1,0.5,Hb_only,5,eeg_fnirs_single_trial__s05__r1__a0.5__Hb_only,eeg_fnirs_single_trial__s05__r1__a0.5__Hb_only,completed,0.5000124428671149,True,stationary_feasible,13,6,1.8537883004602547e-06,18.95141633887044,0.5285486695694509,0.6467375511861131,0.37477717659038806,0.17599666723938462,6.938893903907228e-18,True,0.9452404093334144,0.9452404093334144,1.527321074165913,0.954439120788041,5.100709290497646,1.5151225998259201,1.5154374425048952e-06,0.03678889669274351,0.011119204691705672,0.6687137730186805,600808,True,0.5285486695694509,0.6467375511861131,0.37477717659038806,0.9452404093334144,0.954439120788041,0.9452404093334144,1.527321074165913
eeg_fnirs_single_trial,eeg_fnirs_single_trial__prefrontal,5,0,1.0,paired,5,eeg_fnirs_single_trial__s05__r0__a1__paired,eeg_fnirs_single_trial__s05__r0__a1__paired,completed,1.0000122766931299,True,stationary_feasible,13,6,4.336987698585355e-06,71.1130323926308,0.7746044664862829,1.0104242251656366,0.423163141352624,0.2772951062385918,3.469446951953614e-18,True,0.678804120833851,0.6788041208338509,0.7534696864205361,0.9125904396660668,4.0036683684670855,1.3050927425605043,1.3382431485492988e-07,0.025249010609846974,0.011954319510517725,0.699196976958774,599124,True,0.7746044664862829,1.0104242251656366,0.423163141352624,0.678804120833851,0.9125904396660668,0.6788041208338509,0.7534696864205361
eeg_fnirs_single_trial,eeg_fnirs_single_trial__prefrontal,5,1,1.0,paired,5,eeg_fnirs_single_trial__s05__r1__a1__paired,eeg_fnirs_single_trial__s05__r1__a1__paired,completed,0.9999978496451388,True,stationary_feasible,15,7,3.886022537617303e-07,95.54657514316172,0.6785338888432514,0.833261939998194,0.4759107226864488,0.3037604281738846,6.938893903907228e-18,True,1.0515801374870561,1.0515801374870561,1.0717990378025068,0.9299054881935715,5.924107897472728,1.8701786158865161,2.358654356771413e-06,0.04211271377223084,0.014272547512605881,0.7984102809568867,600816,True,0.6785338888432514,0.833261939998194,0.4759107226864488,1.0515801374870561,0.9299054881935715,1.0515801374870561,1.0717990378025068
eeg_fnirs_single_trial,eeg_fnirs_single_trial__prefrontal,5,0,1.0,wrong_pair,5,eeg_fnirs_single_trial__s05__r0__a1__wrong_pair,eeg_fnirs_single_trial__s05__r0__a1__wrong_pair,completed,1.0000122766931299,True,stationary_feasible,27,13,6.705532518166588e-06,600.1552283758318,1.3712557489954387,1.731028631100708,0.8741993689174639,0.8276895511092779,6.938893903907228e-18,True,1.4250306006133346,1.4250306006133346,2.398710537648021,1.0073336662304175,13.458457064349108,4.293146408566599,4.655173936851798e-07,0.04840270136982892,0.026305889368502484,1.3344127390300855,599988,True,1.3712557489954387,1.731028631100708,0.8741993689174639,1.4250306006133346,1.0073336662304175,1.4250306006133346,2.398710537648021
eeg_fnirs_single_trial,eeg_fnirs_single_trial__prefrontal,5,1,1.0,wrong_pair,5,eeg_fnirs_single_trial__s05__r1__a1__wrong_pair,eeg_fnirs_single_trial__s05__r1__a1__wrong_pair,completed,0.9999978496451388,True,stationary_feasible,29,14,6.701020821234473e-06,840.028596421162,1.8271991126405613,2.1660291708873647,1.4091241341109395,0.9800254310625214,1.3877787807814457e-17,True,2.388026904471063,2.388026904471063,3.1296170197060316,1.4790982830445374,23.33057534429802,7.738972623412167,6.464831826103493e-06,0.04543481039248188,0.047084489308783506,1.4434388560475782,599984,True,1.8271991126405613,2.1660291708873647,1.4091241341109395,2.388026904471063,1.4790982830445374,2.388026904471063,3.1296170197060316
eeg_fnirs_single_trial,eeg_fnirs_single_trial__prefrontal,5,0,1.0,Hb_only,5,eeg_fnirs_single_trial__s05__r0__a1__Hb_only,eeg_fnirs_single_trial__s05__r0__a1__Hb_only,completed,1.0000122766931299,True,stationary_feasible,9,4,1.2124876642053676e-06,7.099563166292149,0.8888730914444465,0.9903234586453227,0.7742416887799186,0.08924728086601623,0.0,True,1.3773732869367195,1.3773732869367195,2.8801633257480477,0.8103964527804554,6.9571724919506135,2.1396184200743753,2.7943109928760343e-08,0.03999251957082354,0.02813921535513128,0.526529664057307,599980,True,0.8888730914444465,0.9903234586453227,0.7742416887799186,1.3773732869367195,0.8103964527804554,1.3773732869367195,2.8801633257480477
eeg_fnirs_single_trial,eeg_fnirs_single_trial__prefrontal,5,1,1.0,Hb_only,5,eeg_fnirs_single_trial__s05__r1__a1__Hb_only,eeg_fnirs_single_trial__s05__r1__a1__Hb_only,completed,0.9999978496451388,True,stationary_feasible,13,6,2.142366492123324e-06,21.718838545775878,1.0228026394605418,1.2796882766374384,0.6742761994995852,0.18171604532523816,3.469446951953614e-18,True,1.3585852373543368,1.3585852373543368,2.6321327191585433,0.8944673141592903,9.703205205204949,2.8534301522807994,1.6522606907857789e-06,0.031844430466296036,0.026185875348858294,0.6091982680372894,599968,True,1.0228026394605418,1.2796882766374384,0.6742761994995852,1.3585852373543368,0.8944673141592903,1.3585852373543368,2.6321327191585433
eeg_fnirs_single_trial,eeg_fnirs_single_trial__prefrontal,6,0,0.0,paired,6,eeg_fnirs_single_trial__s06__r0__a0__paired,eeg_fnirs_single_trial__s06__r0__a0__paired,completed,0.0,True,stationary_feasible,13,6,3.6803505352397812e-06,65.72635173743309,0.56589711957722,0.688033775288229,0.4087647538061661,0.27790597865397443,3.469446951953614e-18,True,0.41621576304877395,0.41621576304877395,0.8120117899102149,0.5715406043165231,3.356696244166444,1.0345504728536794,1.1678291237561438e-07,0.014406988963780558,0.0074882517061113756,0.66088865196798,599988,True,0.56589711957722,0.688033775288229,0.4087647538061661,0.41621576304877395,0.5715406043165231,0.41621576304877395,0.8120117899102149
eeg_fnirs_single_trial,eeg_fnirs_single_trial__prefrontal,6,1,0.0,paired,6,eeg_fnirs_single_trial__s06__r1__a0__paired,eeg_fnirs_single_trial__s06__r1__a0__paired,completed,0.0,True,stationary_feasible,11,5,1.834550354783742e-06,57.53566121009958,0.6586985658530855,0.6934559729614522,0.6220019412171547,0.2564069594877032,3.469446951953614e-18,True,0.5661034644005681,0.5661034644005681,0.8128838000265444,1.0637261316743278,4.4363279043995405,1.3718275826418096,3.191404597162815e-07,0.02000097184738721,0.007822735091987944,0.5711092570563778,599988,True,0.6586985658530855,0.6934559729614522,0.6220019412171547,0.5661034644005681,1.0637261316743278,0.5661034644005681,0.8128838000265444
eeg_fnirs_single_trial,eeg_fnirs_single_trial__prefrontal,6,0,0.0,wrong_pair,6,eeg_fnirs_single_trial__s06__r0__a0__wrong_pair,eeg_fnirs_single_trial__s06__r0__a0__wrong_pair,completed,0.0,True,stationary_feasible,11,5,1.3599474797643181e-06,36.129891652711436,0.5552277440542958,0.6951298226055853,0.36517150116017083,0.20486778793534302,1.734723475976807e-18,True,0.41606226807885505,0.41606226807885505,0.76115357018349,0.5956815736256352,3.649934487327813,1.1240912689224456,1.6484233432268399e-07,0.016063023489330717,0.0065686486298457535,0.5220430699409917,594120,True,0.5552277440542958,0.6951298226055853,0.36517150116017083,0.41606226807885505,0.5956815736256352,0.41606226807885505,0.76115357018349
eeg_fnirs_single_trial,eeg_fnirs_single_trial__prefrontal,6,1,0.0,wrong_pair,6,eeg_fnirs_single_trial__s06__r1__a0__wrong_pair,eeg_fnirs_single_trial__s06__r1__a0__wrong_pair,completed,0.0,True,stationary_feasible,9,4,9.514917514571164e-06,62.9255939724398,0.7580223803496939,0.7829878708016049,0.7322061543032818,0.2689557653122247,3.469446951953614e-18,True,0.6159268574853096,0.6159268574853096,0.7973392859942194,1.1040608237868192,3.935274700401381,1.2059102811262563,3.5826390574544036e-07,0.026640575881083522,0.006594343430870937,0.4903850450646132,599992,True,0.7580223803496939,0.7829878708016049,0.7322061543032818,0.6159268574853096,1.1040608237868192,0.6159268574853096,0.7973392859942194
eeg_fnirs_single_trial,eeg_fnirs_single_trial__prefrontal,6,0,0.0,Hb_only,6,eeg_fnirs_single_trial__s06__r0__a0__Hb_only,eeg_fnirs_single_trial__s06__r0__a0__Hb_only,completed,0.0,True,stationary_feasible,7,3,7.973787878232459e-07,5.56262677988283,0.4434569072339567,0.48186740815046475,0.401387416481092,0.10452399766492797,1.734723475976807e-18,True,0.3076915908504406,0.3076915908504406,0.37538486255891806,0.555773527614493,0.6307085546996394,0.17508190295845516,1.2326128120186632e-07,0.01384411930452741,0.0042586206162695105,0.34571946400683373,600684,True,0.4434569072339567,0.48186740815046475,0.401387416481092,0.3076915908504406,0.555773527614493,0.3076915908504406,0.37538486255891806
eeg_fnirs_single_trial,eeg_fnirs_single_trial__prefrontal,6,1,0.0,Hb_only,6,eeg_fnirs_single_trial__s06__r1__a0__Hb_only,eeg_fnirs_single_trial__s06__r1__a0__Hb_only,completed,0.0,True,stationary_feasible,9,4,8.570618825003951e-06,14.042702372167941,0.8091165673190007,0.7172019971410274,0.8916055934756622,0.16055058932650126,3.469446951953614e-18,True,0.5283662637832384,0.5283662637832384,0.8068827153898946,1.0769494665487127,1.4342339811385898,0.4204832297880252,3.634429031348795e-07,0.025758835842376013,0.0033146167385369497,0.4707072969758883,599992,True,0.8091165673190007,0.7172019971410274,0.8916055934756622,0.5283662637832384,1.0769494665487127,0.5283662637832384,0.8068827153898946
eeg_fnirs_single_trial,eeg_fnirs_single_trial__prefrontal,6,0,0.25,paired,6,eeg_fnirs_single_trial__s06__r0__a0.25__paired,eeg_fnirs_single_trial__s06__r0__a0.25__paired,completed,0.2500003850274841,True,stationary_feasible,11,5,6.596213171071893e-06,65.82024592395516,0.5707347791960637,0.6942355771667117,0.4117199773680673,0.2770494424287656,3.469446951953614e-18,True,0.41372046582468264,0.41372046582468264,0.875230378425588,0.5591592107126867,3.9643448767362846,1.2600951784775407,1.3019731857339546e-07,0.01391875473172632,0.007618282953485909,0.5569788210559636,599984,True,0.5707347791960637,0.6942355771667117,0.4117199773680673,0.41372046582468264,0.5591592107126867,0.41372046582468264,0.875230378425588
eeg_fnirs_single_trial,eeg_fnirs_single_trial__prefrontal,6,1,0.25,paired,6,eeg_fnirs_single_trial__s06__r1__a0.25__paired,eeg_fnirs_single_trial__s06__r1__a0.25__paired,completed,0.25000188370502113,True,stationary_feasible,11,5,3.6635038759792966e-06,57.21994066505859,0.6605882733281707,0.701481785413603,0.6169903066097002,0.25445290876652016,1.734723475976807e-18,True,0.5725876274887464,0.5725876274887464,0.8198990386754046,1.0666564556408886,4.511399849936005,1.4018771718502132,3.421463667208598e-07,0.020115454570741136,0.00795081739336127,0.5358613739954308,598852,True,0.6605882733281707,0.701481785413603,0.6169903066097002,0.5725876274887464,1.0666564556408886,0.5725876274887464,0.8198990386754046
eeg_fnirs_single_trial,eeg_fnirs_single_trial__prefrontal,6,0,0.25,wrong_pair,6,eeg_fnirs_single_trial__s06__r0__a0.25__wrong_pair,eeg_fnirs_single_trial__s06__r0__a0.25__wrong_pair,completed,0.2500003850274841,True,stationary_feasible,13,6,4.083623348120181e-06,95.80784523631144,0.8550393696137453,1.03687384640195,0.6221553454134804,0.33090729335878155,6.938893903907228e-18,True,0.7204462418512277,0.7204462418512277,1.0101448558899901,0.6287312648709924,5.62236174525302,1.7162437434721556,2.022479300327535e-07,0.02544002667430778,0.013032910543772614,0.6242456590989605,599956,True,0.8550393696137453,1.03687384640195,0.6221553454134804,0.7204462418512277,0.6287312648709924,0.7204462418512277,1.0101448558899901
eeg_fnirs_single_trial,eeg_fnirs_single_trial__prefrontal,6,1,0.25,wrong_pair,6,eeg_fnirs_single_trial__s06__r1__a0.25__wrong_pair,eeg_fnirs_single_trial__s06__r1__a0.25__wrong_pair,completed,0.25000188370502113,True,stationary_feasible,13,6,3.072575675439579e-06,74.91383783629,0.9097116691155751,1.1019487969910993,0.663972507457922,0.29447115075881963,6.938893903907228e-18,True,0.696659230697795,0.696659230697795,1.2187111923990797,0.9987492728175391,7.5032415270354225,2.2881314414176597,2.1702134705746924e-07,0.01733936835610828,0.013504325670979554,0.6985282349633053,600708,True,0.9097116691155751,1.1019487969910993,0.663972507457922,0.696659230697795,0.9987492728175391,0.696659230697795,1.2187111923990797
eeg_fnirs_single_trial,eeg_fnirs_single_trial__prefrontal,6,0,0.25,Hb_only,6,eeg_fnirs_single_trial__s06__r0__a0.25__Hb_only,eeg_fnirs_single_trial__s06__r0__a0.25__Hb_only,completed,0.2500003850274841,True,stationary_feasible,7,3,2.0373262788713663e-06,6.1390139237456145,0.5673918088706941,0.5761110718144148,0.5585364468680291,0.10488639666904905,4.336808689942018e-19,True,0.5091283148303095,0.5091283148303095,1.3073597956472012,0.5556037700130155,2.4412588884138082,0.7216945186017898,1.255488604915378e-07,0.01918847032741009,0.009091095916170895,0.40585807303432375,600820,True,0.5673918088706941,0.5761110718144148,0.5585364468680291,0.5091283148303095,0.5556037700130155,0.5091283148303095,1.3073597956472012
eeg_fnirs_single_trial,eeg_fnirs_single_trial__prefrontal,6,1,0.25,Hb_only,6,eeg_fnirs_single_trial__s06__r1__a0.25__Hb_only,eeg_fnirs_single_trial__s06__r1__a0.25__Hb_only,completed,0.25000188370502113,True,stationary_feasible,11,5,1.1406836500821793e-06,14.317236438522722,0.8169912467981257,0.868562583823267,0.761937289198896,0.16074412462649038,1.734723475976807e-18,True,0.5342180306505622,0.5342180306505622,0.5285384694855169,1.072729288217482,2.4531564211120362,0.746566923061928,4.5027749025775046e-07,0.02150726442589981,0.006291504408560353,0.5770947919227183,599992,True,0.8169912467981257,0.868562583823267,0.761937289198896,0.5342180306505622,1.072729288217482,0.5342180306505622,0.5285384694855169
eeg_fnirs_single_trial,eeg_fnirs_single_trial__prefrontal,6,0,0.5,paired,6,eeg_fnirs_single_trial__s06__r0__a0.5__paired,eeg_fnirs_single_trial__s06__r0__a0.5__paired,completed,0.499956650279904,True,stationary_feasible,13,6,4.654582536064544e-06,66.22625687400978,0.5763467264039434,0.7041074336167087,0.4105896004513217,0.272885155743302,3.469446951953614e-18,True,0.41358922408477555,0.4135892240847755,1.0103025720064747,0.549682442848198,5.46463521711295,1.7634111669431283,1.3632969392655717e-07,0.013550053340382347,0.00774370346875254,0.6844117880100384,599964,True,0.5763467264039434,0.7041074336167087,0.4105896004513217,0.41358922408477555,0.549682442848198,0.4135892240847755,1.0103025720064747
eeg_fnirs_single_trial,eeg_fnirs_single_trial__prefrontal,6,1,0.5,paired,6,eeg_fnirs_single_trial__s06__r1__a0.5__paired,eeg_fnirs_single_trial__s06__r1__a0.5__paired,completed,0.5000010196464864,True,stationary_feasible,11,5,3.7723419529635656e-06,58.18911378791631,0.6627759287682281,0.7097884151693562,0.6121635967619673,0.25279136921502937,3.469446951953614e-18,True,0.578964111174598,0.578964111174598,0.8130544489965206,1.0692607114870951,4.431899690071658,1.3832251829979045,3.7365393594664174e-07,0.020209725284932967,0.008088302893063445,0.54213203699328,600684,True,0.6627759287682281,0.7097884151693562,0.6121635967619673,0.578964111174598,1.0692607114870951,0.578964111174598,0.8130544489965206
eeg_fnirs_single_trial,eeg_fnirs_single_trial__prefrontal,6,0,0.5,wrong_pair,6,eeg_fnirs_single_trial__s06__r0__a0.5__wrong_pair,eeg_fnirs_single_trial__s06__r0__a0.5__wrong_pair,completed,0.499956650279904,True,stationary_feasible,15,7,7.48240470199218e-06,280.14270681876957,1.2677056537965905,1.530632294739595,0.9334452461906289,0.5661618532421544,6.938893903907228e-18,True,1.1433946807598152,1.1433946807598152,1.4730299216928906,0.653705662511309,8.94529133586573,2.788899115013877,3.040516134553477e-07,0.03698222181310966,0.022052941431119164,0.7789324159966782,600808,True,1.2677056537965905,1.530632294739595,0.9334452461906289,1.1433946807598152,0.653705662511309,1.1433946807598152,1.4730299216928906
eeg_fnirs_single_trial,eeg_fnirs_single_trial__prefrontal,6,1,0.5,wrong_pair,6,eeg_fnirs_single_trial__s06__r1__a0.5__wrong_pair,eeg_fnirs_single_trial__s06__r1__a0.5__wrong_pair,completed,0.5000010196464864,True,stationary_feasible,13,6,7.211582583770388e-06,159.10693837313812,1.2525798968292619,1.6007545256623654,0.7586156763823593,0.43104503600999466,3.469446951953614e-18,True,1.0880238338087544,1.0880238338087544,1.6895852277182994,0.9000941016734777,10.0221132741859,3.0029996243885857,1.0153222381364544e-07,0.025447419264249024,0.022902825105057575,0.6885099350474775,599988,True,1.2525798968292619,1.6007545256623654,0.7586156763823593,1.0880238338087544,0.9000941016734777,1.0880238338087544,1.6895852277182994
eeg_fnirs_single_trial,eeg_fnirs_single_trial__prefrontal,6,0,0.5,Hb_only,6,eeg_fnirs_single_trial__s06__r0__a0.5__Hb_only,eeg_fnirs_single_trial__s06__r0__a0.5__Hb_only,completed,0.499956650279904,True,stationary_feasible,7,3,8.991423138026146e-06,7.530008782299551,0.7773808230914037,0.8145818954016946,0.738307675636871,0.10558900345413895,4.336808689942018e-19,True,0.7646305767341582,0.7646305767341582,2.2683321543047783,0.5556307472242095,4.753063785074123,1.4029384426499318,1.275188880067729e-07,0.025813684227716658,0.014692042560198506,0.4056455489480868,594128,True,0.7773808230914037,0.8145818954016946,0.738307675636871,0.7646305767341582,0.5556307472242095,0.7646305767341582,2.2683321543047783
eeg_fnirs_single_trial,eeg_fnirs_single_trial__prefrontal,6,1,0.5,Hb_only,6,eeg_fnirs_single_trial__s06__r1__a0.5__Hb_only,eeg_fnirs_single_trial__s06__r1__a0.5__Hb_only,completed,0.5000010196464864,True,stationary_feasible,11,5,1.3412657143489648e-06,15.097903253240348,0.9230870865020586,1.117723555074248,0.674443172525234,0.16106100590060415,1.734723475976807e-18,True,0.6749197798249789,0.674919779824979,1.2781073062050463,1.0663076938649696,4.216633408908263,1.2763334291271973,5.459059729459533e-07,0.019603327907077674,0.011803046969591814,0.576824177056551,599124,True,0.9230870865020586,1.117723555074248,0.674443172525234,0.6749197798249789,1.0663076938649696,0.674919779824979,1.2781073062050463
eeg_fnirs_single_trial,eeg_fnirs_single_trial__prefrontal,6,0,1.0,paired,6,eeg_fnirs_single_trial__s06__r0__a1__paired,eeg_fnirs_single_trial__s06__r0__a1__paired,completed,0.9999379425551003,True,stationary_feasible,13,6,2.620511966201936e-06,70.74105937685562,0.5825951234329658,0.7170280826409122,0.4058384954634572,0.264596603447596,1.734723475976807e-18,True,0.4151170946004331,0.4151170946004331,1.1070875273257992,0.5455840790218476,6.465447663285745,2.086997445538096,1.447589355359941e-07,0.013366533517380166,0.007831006970965358,0.622656783903949,594124,True,0.5825951234329658,0.7170280826409122,0.4058384954634572,0.4151170946004331,0.5455840790218476,0.4151170946004331,1.1070875273257992
eeg_fnirs_single_trial,eeg_fnirs_single_trial__prefrontal,6,1,1.0,paired,6,eeg_fnirs_single_trial__s06__r1__a1__paired,eeg_fnirs_single_trial__s06__r1__a1__paired,completed,0.9999431892378536,True,stationary_feasible,11,5,1.8947007561310136e-06,63.75117295419248,0.6671821926245927,0.7239223249422038,0.605145126197834,0.25049459354036474,1.734723475976807e-18,True,0.5909204962903201,0.5909204962903201,0.7835350591017005,1.0743386260524608,4.078783815475237,1.282925206570063,4.5799595701033703e-07,0.02042326954687009,0.008338207748340256,0.5848119810689241,599992,True,0.6671821926245927,0.7239223249422038,0.605145126197834,0.5909204962903201,1.0743386260524608,0.5909204962903201,0.7835350591017005
eeg_fnirs_single_trial,eeg_fnirs_single_trial__prefrontal,6,0,1.0,wrong_pair,6,eeg_fnirs_single_trial__s06__r0__a1__wrong_pair,eeg_fnirs_single_trial__s06__r0__a1__wrong_pair,completed,0.9999379425551003,True,stationary_feasible,35,17,9.603046314746429e-06,1045.2298172963845,2.35274863934267,2.8360628650287567,1.7399999268570245,1.085538211482343,1.3877787807814457e-17,True,2.2489786231161677,2.2489786231161677,3.4749947128477676,0.7329387372172649,24.078215735870415,8.169731962460013,1.502716894401418e-06,0.06716439133971577,0.04497137711964735,1.6859574960544705,599996,True,2.35274863934267,2.8360628650287567,1.7399999268570245,2.2489786231161677,0.7329387372172649,2.2489786231161677,3.4749947128477676
eeg_fnirs_single_trial,eeg_fnirs_single_trial__prefrontal,6,1,1.0,wrong_pair,6,eeg_fnirs_single_trial__s06__r1__a1__wrong_pair,eeg_fnirs_single_trial__s06__r1__a1__wrong_pair,completed,0.9999431892378536,True,stationary_feasible,23,11,5.558883939437426e-06,522.4826937576631,2.1467784425065277,2.758162160365836,1.2688013475511326,0.7777228211086151,6.938893903907228e-18,True,2.118602997153856,2.118602997153856,2.81472109050706,0.7505464387754133,14.939493692892682,4.45681046574029,7.376833001632158e-07,0.06122932443615898,0.04313760641932768,1.0361649269470945,599968,True,2.1467784425065277,2.758162160365836,1.2688013475511326,2.118602997153856,0.7505464387754133,2.118602997153856,2.81472109050706
eeg_fnirs_single_trial,eeg_fnirs_single_trial__prefrontal,6,0,1.0,Hb_only,6,eeg_fnirs_single_trial__s06__r0__a1__Hb_only,eeg_fnirs_single_trial__s06__r0__a1__Hb_only,completed,0.9999379425551003,True,stationary_feasible,9,4,1.7682675768849542e-06,13.101507075304054,1.3135536283823832,1.4671090190334608,1.139489971673171,0.10819986967193697,4.336808689942018e-19,True,1.3428738465620307,1.3428738465620307,4.112159450452054,0.5549305255958019,9.593351850064202,2.7792567678447333,1.2902100581389063e-07,0.04096052695132545,0.0269701288274522,0.49198500090278685,599988,True,1.3135536283823832,1.4671090190334608,1.139489971673171,1.3428738465620307,0.5549305255958019,1.3428738465620307,4.112159450452054
eeg_fnirs_single_trial,eeg_fnirs_single_trial__prefrontal,6,1,1.0,Hb_only,6,eeg_fnirs_single_trial__s06__r1__a1__Hb_only,eeg_fnirs_single_trial__s06__r1__a1__Hb_only,completed,0.9999431892378536,True,stationary_feasible,11,5,1.2286413893044828e-06,18.09216647076893,1.3067334588514838,1.7194770303019673,0.6771287966316694,0.16232695417781345,1.734723475976807e-18,True,1.122563208425388,1.1225632084253883,2.9925409171861377,1.048116435185491,7.990060013277761,2.421502733854954,7.487723559807129e-07,0.024635239691969284,0.023151872660964346,0.5749415949685499,600816,True,1.3067334588514838,1.7194770303019673,0.6771287966316694,1.122563208425388,1.048116435185491,1.1225632084253883,2.9925409171861377
eeg_fnirs_single_trial,eeg_fnirs_single_trial__prefrontal,7,0,0.0,paired,7,eeg_fnirs_single_trial__s07__r0__a0__paired,eeg_fnirs_single_trial__s07__r0__a0__paired,completed,0.0,True,stationary_feasible,15,7,4.670419815755497e-06,162.32146591731959,1.5410898335245542,1.8757435644987945,1.109730521445109,0.4226425523694563,6.938893903907228e-18,True,1.8008348089714157,1.8008348089714157,1.0082010303958773,2.3089712784626713,4.591760198861863,1.423109326689073,1.6648656431640238e-06,0.01662464394175076,0.03770456698608108,0.7455194130307063,599988,True,1.5410898335245542,1.8757435644987945,1.109730521445109,1.8008348089714157,2.3089712784626713,1.8008348089714157,1.0082010303958773
eeg_fnirs_single_trial,eeg_fnirs_single_trial__prefrontal,7,1,0.0,paired,7,eeg_fnirs_single_trial__s07__r1__a0__paired,eeg_fnirs_single_trial__s07__r1__a0__paired,completed,0.0,True,stationary_feasible,15,7,5.425462095301502e-06,71.86531047972068,0.8999827283722883,1.104178103242187,0.6330312307124686,0.27228837832522357,6.938893903907228e-18,True,1.6356397272490915,1.6356397272490915,0.6243089258895482,2.1143638129508227,3.0211819665644857,0.9182744598422092,1.9803846690589187e-06,0.05916114144235059,0.018967219278447817,0.6897533040028065,598852,True,0.8999827283722883,1.104178103242187,0.6330312307124686,1.6356397272490915,2.1143638129508227,1.6356397272490915,0.6243089258895482
eeg_fnirs_single_trial,eeg_fnirs_single_trial__prefrontal,7,0,0.0,wrong_pair,7,eeg_fnirs_single_trial__s07__r0__a0__wrong_pair,eeg_fnirs_single_trial__s07__r0__a0__wrong_pair,completed,0.0,True,stationary_feasible,15,7,3.944804990144475e-06,101.40253462629825,1.1709601644622096,1.1267421772257442,1.2135680778494957,0.335910010660014,6.938893903907228e-18,True,1.4257136605377412,1.4257136605377412,0.6973573009621071,2.2534409265814284,3.1980679946155663,1.0303166591426534,1.4616003632099738e-06,0.014791027980351557,0.0287849949947708,0.7547757939901203,599128,True,1.1709601644622096,1.1267421772257442,1.2135680778494957,1.4257136605377412,2.2534409265814284,1.4257136605377412,0.6973573009621071
eeg_fnirs_single_trial,eeg_fnirs_single_trial__prefrontal,7,1,0.0,wrong_pair,7,eeg_fnirs_single_trial__s07__r1__a0__wrong_pair,eeg_fnirs_single_trial__s07__r1__a0__wrong_pair,completed,0.0,True,stationary_feasible,15,7,5.541193670126677e-06,73.9391728598981,0.8971093431968952,1.1114019971374947,0.611879030578036,0.2746751953250067,3.469446951953614e-18,True,1.6682060883389462,1.6682060883389462,0.5972319477981932,2.1625922306844183,2.919395634842064,0.8998111921750783,2.2391178039875254e-06,0.06293020133360959,0.01776853606388088,0.6942343189148232,599984,True,0.8971093431968952,1.1114019971374947,0.611879030578036,1.6682060883389462,2.1625922306844183,1.6682060883389462,0.5972319477981932
eeg_fnirs_single_trial,eeg_fnirs_single_trial__prefrontal,7,0,0.0,Hb_only,7,eeg_fnirs_single_trial__s07__r0__a0__Hb_only,eeg_fnirs_single_trial__s07__r0__a0__Hb_only,completed,0.0,True,stationary_feasible,15,7,3.0232535088712283e-06,36.35053309280007,1.3143494040647343,1.2802852530211282,1.3475527384214951,0.25195909979094483,6.938893903907228e-18,True,1.4542603300246346,1.4542603300246346,1.9259972686463216,2.3664941788298735,4.112099797868454,1.1659461504655413,1.2838018688198837e-06,0.02654489756770055,0.02707845660592599,0.7325516960117966,600820,True,1.3143494040647343,1.2802852530211282,1.3475527384214951,1.4542603300246346,2.3664941788298735,1.4542603300246346,1.9259972686463216
eeg_fnirs_single_trial,eeg_fnirs_single_trial__prefrontal,7,1,0.0,Hb_only,7,eeg_fnirs_single_trial__s07__r1__a0__Hb_only,eeg_fnirs_single_trial__s07__r1__a0__Hb_only,completed,0.0,True,stationary_feasible,15,7,8.684167184951308e-06,40.354683509335636,1.0781279357635567,1.4263839831294207,0.5386542716988556,0.25156277734673504,3.469446951953614e-18,True,1.8583051870767955,1.8583051870767955,4.354574220730822,2.249038490997984,6.374887455363694,1.682887612451269,2.5279104184829365e-06,0.061834448207195795,0.02473850619122418,0.6752443800214678,601240,True,1.0781279357635567,1.4263839831294207,0.5386542716988556,1.8583051870767955,2.249038490997984,1.8583051870767955,4.354574220730822
eeg_fnirs_single_trial,eeg_fnirs_single_trial__prefrontal,7,0,0.25,paired,7,eeg_fnirs_single_trial__s07__r0__a0.25__paired,eeg_fnirs_single_trial__s07__r0__a0.25__paired,completed,0.25001636248918796,True,stationary_feasible,15,7,4.649041473536237e-06,160.80358739642327,1.5501910291577263,1.8932995899923986,1.105260655364515,0.41845828702504984,6.938893903907228e-18,True,1.8187739903667615,1.8187739903667615,1.1007293591581473,2.31606687383737,5.618199083859559,1.800149318408479,2.2448045140076243e-06,0.01708096912738128,0.038035423743197544,0.7009390679886565,599956,True,1.5501910291577263,1.8932995899923986,1.105260655364515,1.8187739903667615,2.31606687383737,1.8187739903667615,1.1007293591581473
eeg_fnirs_single_trial,eeg_fnirs_single_trial__prefrontal,7,1,0.25,paired,7,eeg_fnirs_single_trial__s07__r1__a0.25__paired,eeg_fnirs_single_trial__s07__r1__a0.25__paired,completed,0.25001185493559597,True,stationary_feasible,15,7,4.588211796967101e-06,71.13223524371612,0.8956514286636019,1.096018949223466,0.6349215906530444,0.2711215162564045,6.938893903907228e-18,True,1.6422393793579873,1.6422393793579873,0.6413898452281019,2.1224089029817255,3.202376816509307,0.972234369461385,1.69269306667426e-06,0.05980712843836467,0.01881551392290346,0.7720181109616533,599976,True,0.8956514286636019,1.096018949223466,0.6349215906530444,1.6422393793579873,2.1224089029817255,1.6422393793579873,0.6413898452281019
eeg_fnirs_single_trial,eeg_fnirs_single_trial__prefrontal,7,0,0.25,wrong_pair,7,eeg_fnirs_single_trial__s07__r0__a0.25__wrong_pair,eeg_fnirs_single_trial__s07__r0__a0.25__wrong_pair,completed,0.25001636248918796,True,stationary_feasible,15,7,8.759648115409377e-06,141.82895657151408,1.1818239753910957,1.1990256683700358,1.1643681824097634,0.3968666406943728,3.469446951953614e-18,True,1.520672950478492,1.520672950478492,1.030117353350365,2.260860534060938,6.514241298786838,2.1128407885449487,2.0915074816567217e-06,0.01665162028509541,0.03100695871531366,0.7696102201007307,594128,True,1.1818239753910957,1.1990256683700358,1.1643681824097634,1.520672950478492,2.260860534060938,1.520672950478492,1.030117353350365
eeg_fnirs_single_trial,eeg_fnirs_single_trial__prefrontal,7,1,0.25,wrong_pair,7,eeg_fnirs_single_trial__s07__r1__a0.25__wrong_pair,eeg_fnirs_single_trial__s07__r1__a0.25__wrong_pair,completed,0.25001185493559597,True,stationary_feasible,15,7,5.944654402849768e-06,80.50650639518945,0.8954657687001331,1.080220611494022,0.6609397221615007,0.2859415468889007,6.938893903907228e-18,True,1.7683138115404748,1.7683138115404748,0.6618338844602365,2.2519293600703567,3.448309397199032,1.0487413534775465,2.1839740477975062e-06,0.07004546373030256,0.016949750278366437,0.7650867879856378,599992,True,0.8954657687001331,1.080220611494022,0.6609397221615007,1.7683138115404748,2.2519293600703567,1.7683138115404748,0.6618338844602365
eeg_fnirs_single_trial,eeg_fnirs_single_trial__prefrontal,7,0,0.25,Hb_only,7,eeg_fnirs_single_trial__s07__r0__a0.25__Hb_only,eeg_fnirs_single_trial__s07__r0__a0.25__Hb_only,completed,0.25001636248918796,True,stationary_feasible,15,7,3.0670491111814264e-06,36.40335789746523,1.276186842521284,1.3062051832181707,1.2454451948531793,0.2504525590901246,6.938893903907228e-18,True,1.520728820650041,1.520728820650041,1.6914784917801329,2.37510569570755,3.754801871319543,1.0523732756194628,1.457429396914622e-06,0.024589283990722747,0.02901510034799151,0.6960805489216,600684,True,1.276186842521284,1.3062051832181707,1.2454451948531793,1.520728820650041,2.37510569570755,1.520728820650041,1.6914784917801329
eeg_fnirs_single_trial,eeg_fnirs_single_trial__prefrontal,7,1,0.25,Hb_only,7,eeg_fnirs_single_trial__s07__r1__a0.25__Hb_only,eeg_fnirs_single_trial__s07__r1__a0.25__Hb_only,completed,0.25001185493559597,True,stationary_feasible,15,7,9.345069627635828e-06,39.92659763750928,1.0231942765263602,1.3285004975582382,0.5735324603020446,0.24945954681751115,3.469446951953614e-18,True,1.8564149362999687,1.856414936299969,4.306092439862121,2.26283042477214,6.211620065801903,1.6205478130518927,2.339067766943031e-06,0.06366860684342576,0.023780911935672538,0.7542971710208803,600708,True,1.0231942765263602,1.3285004975582382,0.5735324603020446,1.8564149362999687,2.26283042477214,1.856414936299969,4.306092439862121
eeg_fnirs_single_trial,eeg_fnirs_single_trial__prefrontal,7,0,0.5,paired,7,eeg_fnirs_single_trial__s07__r0__a0.5__paired,eeg_fnirs_single_trial__s07__r0__a0.5__paired,completed,0.5000411050574326,True,stationary_feasible,15,7,9.210555175718892e-06,158.87432650526966,1.561889172008035,1.9134022610778414,1.1035793395012863,0.41322595010765967,3.469446951953614e-18,True,1.8369130091093622,1.8369130091093622,1.2463348891128034,2.3206552908815716,7.1414914990712495,2.3380403579100677,2.8852956007339065e-06,0.01749154551623254,0.03839666044508577,0.8386754790553823,600540,True,1.561889172008035,1.9134022610778414,1.1035793395012863,1.8369130091093622,2.3206552908815716,1.8369130091093622,1.2463348891128034
eeg_fnirs_single_trial,eeg_fnirs_single_trial__prefrontal,7,1,0.5,paired,7,eeg_fnirs_single_trial__s07__r1__a0.5__paired,eeg_fnirs_single_trial__s07__r1__a0.5__paired,completed,0.5000302850585336,True,stationary_feasible,15,7,3.4926910800336923e-06,70.57751711420764,0.89126350826166,1.0868589236708917,0.6383094565762871,0.26950706086084963,6.938893903907228e-18,True,1.649068827984421,1.649068827984421,0.6703234138613382,2.130887507313474,3.5161938388506173,1.0697295613117133,1.4525925041881053e-06,0.06049637515136058,0.018647116195305662,0.7620630459859967,599988,True,0.89126350826166,1.0868589236708917,0.6383094565762871,1.649068827984421,2.130887507313474,1.649068827984421,0.6703234138613382
eeg_fnirs_single_trial,eeg_fnirs_single_trial__prefrontal,7,0,0.5,wrong_pair,7,eeg_fnirs_single_trial__s07__r0__a0.5__wrong_pair,eeg_fnirs_single_trial__s07__r0__a0.5__wrong_pair,completed,0.5000411050574326,True,stationary_feasible,19,9,2.8987157820877693e-06,217.8199253705606,1.2369660049990199,1.335872363738136,1.1294311943837732,0.4918748186508861,6.938893903907228e-18,True,1.6514798118310297,1.6514798118310297,1.5026609922477248,2.270785479414222,10.32376253642185,3.366499938423282,3.161475348940084e-06,0.020640451147976246,0.03390762827802553,0.9483176009962335,599128,True,1.2369660049990199,1.335872363738136,1.1294311943837732,1.6514798118310297,2.270785479414222,1.6514798118310297,1.5026609922477248
eeg_fnirs_single_trial,eeg_fnirs_single_trial__prefrontal,7,1,0.5,wrong_pair,7,eeg_fnirs_single_trial__s07__r1__a0.5__wrong_pair,eeg_fnirs_single_trial__s07__r1__a0.5__wrong_pair,completed,0.5000302850585336,True,stationary_feasible,17,8,2.6631228678995134e-06,124.64982871700937,0.9252561883253048,1.0935425472901892,0.7185838331987633,0.36257655214522605,6.938893903907228e-18,True,1.8991125701697675,1.8991125701697675,0.8592231504265697,2.35243083832063,5.167621862754464,1.5893695178994232,2.540001424283927e-06,0.07804735385173428,0.01677636308319373,0.8535797649528831,599992,True,0.9252561883253048,1.0935425472901892,0.7185838331987633,1.8991125701697675,2.35243083832063,1.8991125701697675,0.8592231504265697
eeg_fnirs_single_trial,eeg_fnirs_single_trial__prefrontal,7,0,0.5,Hb_only,7,eeg_fnirs_single_trial__s07__r0__a0.5__Hb_only,eeg_fnirs_single_trial__s07__r0__a0.5__Hb_only,completed,0.5000411050574326,True,stationary_feasible,15,7,3.0511354875965644e-06,36.617047905211074,1.2675364367258737,1.3705223945817302,1.1554071156113803,0.24890520288088808,6.938893903907228e-18,True,1.6052636349480607,1.605263634948061,1.6277400346006148,2.3829005550125624,4.0166884712910464,1.1452718753422093,1.6455768552939327e-06,0.02361091774560781,0.031289049126822295,0.6897310070926324,594124,True,1.2675364367258737,1.3705223945817302,1.1554071156113803,1.6052636349480607,2.3829005550125624,1.605263634948061,1.6277400346006148
eeg_fnirs_single_trial,eeg_fnirs_single_trial__prefrontal,7,1,0.5,Hb_only,7,eeg_fnirs_single_trial__s07__r1__a0.5__Hb_only,eeg_fnirs_single_trial__s07__r1__a0.5__Hb_only,completed,0.5000302850585336,True,stationary_feasible,15,7,9.951969284541595e-06,39.6402927276067,0.9849314690038888,1.2438814269497722,0.6268484609199545,0.24735840745518511,6.938893903907228e-18,True,1.8655235709174873,1.865523570917487,4.256771466957909,2.276664337808176,6.302081594490855,1.6550594984829026,2.1558199168030626e-06,0.06585568460259954,0.023098204701892732,0.7580134220188484,599988,True,0.9849314690038888,1.2438814269497722,0.6268484609199545,1.8655235709174873,2.276664337808176,1.865523570917487,4.256771466957909
eeg_fnirs_single_trial,eeg_fnirs_single_trial__prefrontal,7,0,1.0,paired,7,eeg_fnirs_single_trial__s07__r0__a1__paired,eeg_fnirs_single_trial__s07__r0__a1__paired,completed,0.9999739029194401,True,stationary_feasible,17,8,3.623287546590087e-06,154.96666500676437,1.5882174094633272,1.9538476930460047,1.1078575142244642,0.4024340004582851,6.938893903907228e-18,True,1.8687620429370821,1.868762042937082,1.4993619349604703,2.3233508890668575,9.531766368147341,3.1840912618708264,4.0796326651540085e-06,0.01812787084140387,0.03908495823487101,0.8601790770189837,600816,True,1.5882174094633272,1.9538476930460047,1.1078575142244642,1.8687620429370821,2.3233508890668575,1.868762042937082,1.4993619349604703
eeg_fnirs_single_trial,eeg_fnirs_single_trial__prefrontal,7,1,1.0,paired,7,eeg_fnirs_single_trial__s07__r1__a1__paired,eeg_fnirs_single_trial__s07__r1__a1__paired,completed,0.9999925135547747,True,stationary_feasible,13,6,8.065750632549372e-06,70.09444285776388,0.8828114201233518,1.0673022939705572,0.6477482692262515,0.26523794452874544,3.469446951953614e-18,True,1.6656669746218442,1.6656669746218442,0.7339521113902077,2.1504847332778545,4.178057976986177,1.2738983512886726,1.1107289061450743e-06,0.06206406598435297,0.018293995969470428,0.6731297199148685,599996,True,0.8828114201233518,1.0673022939705572,0.6477482692262515,1.6656669746218442,2.1504847332778545,1.6656669746218442,0.7339521113902077
eeg_fnirs_single_trial,eeg_fnirs_single_trial__prefrontal,7,0,1.0,wrong_pair,7,eeg_fnirs_single_trial__s07__r0__a1__wrong_pair,eeg_fnirs_single_trial__s07__r0__a1__wrong_pair,completed,0.9999739029194401,True,stationary_feasible,27,13,3.7871840823041153e-06,476.85564807059035,1.4668501273265406,1.7506637195417167,1.112867976516594,0.7276328520977743,6.938893903907228e-18,True,1.9998643277378105,1.9998643277378105,2.588808575501149,2.296625903766017,18.427234064879627,6.104013861729214,7.953684362063528e-06,0.031840678505886975,0.04133355168650282,1.3095527739496902,600808,True,1.4668501273265406,1.7506637195417167,1.112867976516594,1.9998643277378105,2.296625903766017,1.9998643277378105,2.588808575501149
eeg_fnirs_single_trial,eeg_fnirs_single_trial__prefrontal,7,1,1.0,wrong_pair,7,eeg_fnirs_single_trial__s07__r1__a1__wrong_pair,eeg_fnirs_single_trial__s07__r1__a1__wrong_pair,completed,0.9999925135547747,True,stationary_feasible,19,9,4.930519218416664e-06,325.0349944369872,1.0738479801195955,1.2640263529281028,0.8417460115243492,0.5976665030199148,6.938893903907228e-18,True,2.243735943967339,2.243735943967339,1.809371332615535,2.5820999204528277,13.282115923266272,4.292884669582111,5.677697521449959e-06,0.09625291765376788,0.018629478889422783,0.954982370021753,599984,True,1.0738479801195955,1.2640263529281028,0.8417460115243492,2.243735943967339,2.5820999204528277,2.243735943967339,1.809371332615535
eeg_fnirs_single_trial,eeg_fnirs_single_trial__prefrontal,7,0,1.0,Hb_only,7,eeg_fnirs_single_trial__s07__r0__a1__Hb_only,eeg_fnirs_single_trial__s07__r0__a1__Hb_only,completed,0.9999739029194401,True,stationary_feasible,15,7,2.848418914242748e-06,37.56339648795388,1.3367349374040514,1.5898071529544187,1.0228557093589457,0.24575039510349764,3.469446951953614e-18,True,1.8153862880110407,1.8153862880110407,2.0991481411432735,2.395926272927461,5.962424591570745,1.7633595294725257,2.0630761597277514e-06,0.0249398723673707,0.036525909982980574,0.690590642974712,598852,True,1.3367349374040514,1.5898071529544187,1.0228557093589457,1.8153862880110407,2.395926272927461,1.8153862880110407,2.0991481411432735
eeg_fnirs_single_trial,eeg_fnirs_single_trial__prefrontal,7,1,1.0,Hb_only,7,eeg_fnirs_single_trial__s07__r1__a1__Hb_only,eeg_fnirs_single_trial__s07__r1__a1__Hb_only,completed,0.9999925135547747,True,stationary_feasible,17,8,2.482788998617429e-06,39.50238015108312,0.9697664386825215,1.1315487314315356,0.7749137755812862,0.2430986539224947,3.469446951953614e-18,True,1.9179800847954995,1.9179800847954995,4.1599408578514225,2.3042320440751265,7.210148872945056,1.9872973824834341,1.808326978235456e-06,0.0712207450130322,0.02271635261317381,0.839180690003559,599988,True,0.9697664386825215,1.1315487314315356,0.7749137755812862,1.9179800847954995,2.3042320440751265,1.9179800847954995,4.1599408578514225
eeg_fnirs_single_trial,eeg_fnirs_single_trial__prefrontal,8,0,0.0,paired,8,eeg_fnirs_single_trial__s08__r0__a0__paired,eeg_fnirs_single_trial__s08__r0__a0__paired,completed,0.0,True,stationary_feasible,15,7,1.7345567897489429e-06,158.9391515222383,0.9419823194006584,1.1866635711667204,0.605384959338051,0.42870418425634105,3.469446951953614e-18,True,0.9878017845194534,0.9878017845194534,0.8919322533530066,1.491438172692832,4.248055363828621,1.315592089519533,6.510496379385019e-07,0.045260543742186625,0.011613142485907542,0.6986558840144426,599984,True,0.9419823194006584,1.1866635711667204,0.605384959338051,0.9878017845194534,1.491438172692832,0.9878017845194534,0.8919322533530066
eeg_fnirs_single_trial,eeg_fnirs_single_trial__prefrontal,8,1,0.0,paired,8,eeg_fnirs_single_trial__s08__r1__a0__paired,eeg_fnirs_single_trial__s08__r1__a0__paired,completed,0.0,True,stationary_feasible,11,5,9.203265089495532e-06,78.98394843052107,1.187003869769017,1.4378431758287589,0.8663506076733095,0.2811835833940453,3.469446951953614e-18,True,1.1566031785838846,1.1566031785838846,1.3674323010686888,0.7665933980546529,8.713694652750315,2.7280804228229836,6.465450198895694e-07,0.03828230970129798,0.020896618369027706,0.5656980220228434,599132,True,1.187003869769017,1.4378431758287589,0.8663506076733095,1.1566031785838846,0.7665933980546529,1.1566031785838846,1.3674323010686888
eeg_fnirs_single_trial,eeg_fnirs_single_trial__prefrontal,8,0,0.0,wrong_pair,8,eeg_fnirs_single_trial__s08__r0__a0__wrong_pair,eeg_fnirs_single_trial__s08__r0__a0__wrong_pair,completed,0.0,True,stationary_feasible,11,5,2.2153756938527015e-06,99.86268928794887,0.9605806588995649,1.2187213866250977,0.6001238091314521,0.3388549064335497,3.469446951953614e-18,True,0.931147501812427,0.931147501812427,0.891988523724809,1.4158209738598697,4.799643195127677,1.469199373942035,4.722790174530417e-07,0.04281226349507615,0.011135397658834797,0.5201934640062973,601244,True,0.9605806588995649,1.2187213866250977,0.6001238091314521,0.931147501812427,1.4158209738598697,0.931147501812427,0.891988523724809
eeg_fnirs_single_trial,eeg_fnirs_single_trial__prefrontal,8,1,0.0,wrong_pair,8,eeg_fnirs_single_trial__s08__r1__a0__wrong_pair,eeg_fnirs_single_trial__s08__r1__a0__wrong_pair,completed,0.0,True,stationary_feasible,11,5,6.164154883917394e-07,32.784606003593495,0.6150080490823736,0.6966226376790277,0.5207558943932643,0.19405462816277685,1.734723475976807e-18,True,0.5344577363561474,0.5344577363561474,0.8079229834320059,0.667559908778506,3.372504558128731,1.0378993170938413,4.832462136795227e-07,0.02287386212874776,0.006275961668817251,0.5714862999739125,600820,True,0.6150080490823736,0.6966226376790277,0.5207558943932643,0.5344577363561474,0.667559908778506,0.5344577363561474,0.8079229834320059
eeg_fnirs_single_trial,eeg_fnirs_single_trial__prefrontal,8,0,0.0,Hb_only,8,eeg_fnirs_single_trial__s08__r0__a0__Hb_only,eeg_fnirs_single_trial__s08__r0__a0__Hb_only,completed,0.0,True,stationary_feasible,9,4,4.004996157643874e-06,12.443970502737834,0.7821280586040857,0.9733206952399258,0.5254478321672477,0.15101997985280652,1.734723475976807e-18,True,0.7985907547566103,0.7985907547566103,1.3498037408586794,1.3150044070299882,1.9303751018652313,0.5264225283617436,3.6931595336075177e-07,0.03663488377657847,0.01045625803889702,0.4301925200270489,599956,True,0.7821280586040857,0.9733206952399258,0.5254478321672477,0.7985907547566103,1.3150044070299882,0.7985907547566103,1.3498037408586794
eeg_fnirs_single_trial,eeg_fnirs_single_trial__prefrontal,8,1,0.0,Hb_only,8,eeg_fnirs_single_trial__s08__r1__a0__Hb_only,eeg_fnirs_single_trial__s08__r1__a0__Hb_only,completed,0.0,True,stationary_feasible,7,3,5.4645479667651084e-06,6.2476322276485625,0.4483970664189047,0.49954003401713365,0.39061440418950266,0.10745525946814115,8.673617379884035e-19,True,0.46493594404330774,0.46493594404330774,0.7320927323963194,0.638033846633521,1.2896260669579058,0.3690149122155541,4.3317317271417755e-07,0.0226158092022783,0.00408549485954594,0.3482401600340381,599968,True,0.4483970664189047,0.49954003401713365,0.39061440418950266,0.46493594404330774,0.638033846633521,0.46493594404330774,0.7320927323963194
eeg_fnirs_single_trial,eeg_fnirs_single_trial__prefrontal,8,0,0.25,paired,8,eeg_fnirs_single_trial__s08__r0__a0.25__paired,eeg_fnirs_single_trial__s08__r0__a0.25__paired,completed,0.2500109976498667,True,stationary_feasible,15,7,2.9773425772672686e-06,159.79779906624879,0.9349461342931973,1.1779991540750547,0.6004719319485652,0.4291802646925924,3.469446951953614e-18,True,0.9795166492266129,0.979516649226613,0.9534461518348065,1.4853295641400408,5.062013596235368,1.5608666592228024,5.510045685451718e-07,0.04490996078332931,0.011570026708330386,0.7107826790306717,600688,True,0.9349461342931973,1.1779991540750547,0.6004719319485652,0.9795166492266129,1.4853295641400408,0.979516649226613,0.9534461518348065
eeg_fnirs_single_trial,eeg_fnirs_single_trial__prefrontal,8,1,0.25,paired,8,eeg_fnirs_single_trial__s08__r1__a0.25__paired,eeg_fnirs_single_trial__s08__r1__a0.25__paired,completed,0.24999890850397508,True,stationary_feasible,11,5,6.7706573805807506e-06,79.39412642670696,1.1933528981718582,1.4457700715332407,0.8705924301354308,0.28179247329993135,3.469446951953614e-18,True,1.1626112749286477,1.1626112749286477,1.3665181236879356,0.7667043823550266,8.694732249844643,2.742821965419868,6.526730846491378e-07,0.03835720542016277,0.021055683365149836,0.590291331987828,599980,True,1.1933528981718582,1.4457700715332407,0.8705924301354308,1.1626112749286477,0.7667043823550266,1.1626112749286477,1.3665181236879356
eeg_fnirs_single_trial,eeg_fnirs_single_trial__prefrontal,8,0,0.25,wrong_pair,8,eeg_fnirs_single_trial__s08__r0__a0.25__wrong_pair,eeg_fnirs_single_trial__s08__r0__a0.25__wrong_pair,completed,0.2500109976498667,True,stationary_feasible,11,5,8.86555551244661e-06,118.92310272303544,1.009090259432165,1.311882400576882,0.5616857399101254,0.3695849462532807,3.469446951953614e-18,True,0.7329798890991117,0.7329798890991117,0.8758308550316705,1.3602452748031348,4.677721479335295,1.429944393045311,3.9912739595389693e-07,0.034305510666131626,0.007765988024052354,0.5853171390481293,594128,True,1.009090259432165,1.311882400576882,0.5616857399101254,0.7329798890991117,1.3602452748031348,0.7329798890991117,0.8758308550316705
eeg_fnirs_single_trial,eeg_fnirs_single_trial__prefrontal,8,1,0.25,wrong_pair,8,eeg_fnirs_single_trial__s08__r1__a0.25__wrong_pair,eeg_fnirs_single_trial__s08__r1__a0.25__wrong_pair,completed,0.24999890850397508,True,stationary_feasible,11,5,6.9744582530275565e-06,83.97668491818948,0.7924258435011707,0.8944428564542044,0.6751662102291017,0.3134168587054286,3.469446951953614e-18,True,0.689633508026075,0.689633508026075,1.2343260578009962,0.6928579470366238,6.901828698576091,2.1095799062285545,4.846352261982417e-07,0.02398868978563149,0.011251700990200252,0.5901926499791443,599996,True,0.7924258435011707,0.8944428564542044,0.6751662102291017,0.689633508026075,0.6928579470366238,0.689633508026075,1.2343260578009962
eeg_fnirs_single_trial,eeg_fnirs_single_trial__prefrontal,8,0,0.25,Hb_only,8,eeg_fnirs_single_trial__s08__r0__a0.25__Hb_only,eeg_fnirs_single_trial__s08__r0__a0.25__Hb_only,completed,0.2500109976498667,True,stationary_feasible,9,4,4.237024245210304e-06,12.87267347186811,0.7113706260319558,0.8572295852448345,0.5265489277770511,0.1521455901741881,1.734723475976807e-18,True,0.9151944573729418,0.9151944573729419,2.207439050783981,1.3099942185105333,3.0049989906330095,0.8473263239741158,3.594090911038113e-07,0.039689919780787536,0.013678279700600177,0.48760635405778885,600708,True,0.7113706260319558,0.8572295852448345,0.5265489277770511,0.9151944573729418,1.3099942185105333,0.9151944573729419,2.207439050783981
eeg_fnirs_single_trial,eeg_fnirs_single_trial__prefrontal,8,1,0.25,Hb_only,8,eeg_fnirs_single_trial__s08__r1__a0.25__Hb_only,eeg_fnirs_single_trial__s08__r1__a0.25__Hb_only,completed,0.24999890850397508,True,stationary_feasible,7,3,2.4730050295867954e-06,6.407271407700057,0.4587273968338514,0.5375227732162281,0.36322295836835383,0.10737529817289015,8.673617379884035e-19,True,0.5714179616080779,0.5714179616080779,1.4853777444424756,0.6415677631578369,2.7219730528918697,0.8192058868527518,3.8139425932037014e-07,0.02600805389643176,0.007304833498560857,0.3985972380032763,599988,True,0.4587273968338514,0.5375227732162281,0.36322295836835383,0.5714179616080779,0.6415677631578369,0.5714179616080779,1.4853777444424756
eeg_fnirs_single_trial,eeg_fnirs_single_trial__prefrontal,8,0,0.5,paired,8,eeg_fnirs_single_trial__s08__r0__a0.5__paired,eeg_fnirs_single_trial__s08__r0__a0.5__paired,completed,0.5000199521511443,True,stationary_feasible,15,7,1.3698675116270386e-06,160.98605881935043,0.9263156914294727,1.1676728114732053,0.5938532863621993,0.42914586140171457,3.469446951953614e-18,True,0.9713435133533926,0.9713435133533928,1.043717048213209,1.4794395944464978,6.107726419035149,1.875497797010893,4.7169439914261005e-07,0.04456704516674654,0.011529284669386537,0.707266433048062,594128,True,0.9263156914294727,1.1676728114732053,0.5938532863621993,0.9713435133533926,1.4794395944464978,0.9713435133533928,1.043717048213209
eeg_fnirs_single_trial,eeg_fnirs_single_trial__prefrontal,8,1,0.5,paired,8,eeg_fnirs_single_trial__s08__r1__a0.5__paired,eeg_fnirs_single_trial__s08__r1__a0.5__paired,completed,0.4999967745322684,True,stationary_feasible,11,5,4.04515345926272e-06,80.68985756715485,1.199454495949613,1.4536194278106185,0.8742841270428114,0.2825175225161193,3.469446951953614e-18,True,1.1683790143928918,1.1683790143928918,1.3652782929519496,0.7667393291388039,8.67039847442379,2.7573295023456237,6.609078874975366e-07,0.03843309081063315,0.021209667898448775,0.6090591980610043,600540,True,1.199454495949613,1.4536194278106185,0.8742841270428114,1.1683790143928918,0.7667393291388039,1.1683790143928918,1.3652782929519496
eeg_fnirs_single_trial,eeg_fnirs_single_trial__prefrontal,8,0,0.5,wrong_pair,8,eeg_fnirs_single_trial__s08__r0__a0.5__wrong_pair,eeg_fnirs_single_trial__s08__r0__a0.5__wrong_pair,completed,0.5000199521511443,True,stationary_feasible,15,7,5.634605805929644e-06,186.22674397480407,1.1710066965897914,1.5403481880064849,0.6081453992438081,0.4637096161261733,6.938893903907228e-18,True,0.7027389227845829,0.7027389227845829,1.0760402631449795,1.3087801317310799,6.5667468988886,1.9807286453635216,3.3189241653001246e-07,0.028889197451517173,0.010103492900507959,0.7647414340171963,599996,True,1.1710066965897914,1.5403481880064849,0.6081453992438081,0.7027389227845829,1.3087801317310799,0.7027389227845829,1.0760402631449795
eeg_fnirs_single_trial,eeg_fnirs_single_trial__prefrontal,8,1,0.5,wrong_pair,8,eeg_fnirs_single_trial__s08__r1__a0.5__wrong_pair,eeg_fnirs_single_trial__s08__r1__a0.5__wrong_pair,completed,0.4999967745322684,True,stationary_feasible,15,7,1.9881238306510587e-06,184.7774266655038,1.098927785890907,1.2688212978505078,0.8974280312800217,0.46651399436803836,6.938893903907228e-18,True,0.9997793737543472,0.9997793737543472,1.7312318164634506,0.7186275161732762,10.637765701264634,3.2633105078421627,5.130768257760431e-07,0.029655477006765487,0.018904008184562657,0.79064903606195,599992,True,1.098927785890907,1.2688212978505078,0.8974280312800217,0.9997793737543472,0.7186275161732762,0.9997793737543472,1.7312318164634506
eeg_fnirs_single_trial,eeg_fnirs_single_trial__prefrontal,8,0,0.5,Hb_only,8,eeg_fnirs_single_trial__s08__r0__a0.5__Hb_only,eeg_fnirs_single_trial__s08__r0__a0.5__Hb_only,completed,0.5000199521511443,True,stationary_feasible,9,4,4.010621808780941e-06,13.649661144459259,0.7119830737739737,0.8240579934942691,0.5785915813762507,0.15331581344764525,1.734723475976807e-18,True,1.0733018400737182,1.0733018400737182,3.09814513644604,1.304718631884466,4.802473734279624,1.3912952918020183,3.4828208528340403e-07,0.043525408086829004,0.01771364512214696,0.45013004692737013,599956,True,0.7119830737739737,0.8240579934942691,0.5785915813762507,1.0733018400737182,1.304718631884466,1.0733018400737182,3.09814513644604
eeg_fnirs_single_trial,eeg_fnirs_single_trial__prefrontal,8,1,0.5,Hb_only,8,eeg_fnirs_single_trial__s08__r1__a0.5__Hb_only,eeg_fnirs_single_trial__s08__r1__a0.5__Hb_only,completed,0.4999967745322684,True,stationary_feasible,7,3,1.9090281507160254e-06,6.937198084600491,0.5250431080506834,0.6426503391332623,0.37194229691572606,0.10711998800287453,8.673617379884035e-19,True,0.7103669083757194,0.7103669083757194,2.3061380380411673,0.6440532008195241,4.262999148203854,1.3069469918351686,3.320060977933079e-07,0.02999484817866732,0.010873462146595248,0.3721808990230784,599968,True,0.5250431080506834,0.6426503391332623,0.37194229691572606,0.7103669083757194,0.6440532008195241,0.7103669083757194,2.3061380380411673
eeg_fnirs_single_trial,eeg_fnirs_single_trial__prefrontal,8,0,1.0,paired,8,eeg_fnirs_single_trial__s08__r0__a1__paired,eeg_fnirs_single_trial__s08__r0__a1__paired,completed,0.9999013815688188,True,stationary_feasible,15,7,4.976915139837527e-06,164.75741471945426,0.9089321894231573,1.1471455631657563,0.5799762985228522,0.42896621171728566,3.469446951953614e-18,True,0.9532421354232562,0.9532421354232562,1.20465478786178,1.4651826018544454,7.785272359369966,2.370753086510665,3.791400968205103e-07,0.043711372445060126,0.011496563002855693,0.7162293579895049,601244,True,0.9089321894231573,1.1471455631657563,0.5799762985228522,0.9532421354232562,1.4651826018544454,0.9532421354232562,1.20465478786178
eeg_fnirs_single_trial,eeg_fnirs_single_trial__prefrontal,8,1,1.0,paired,8,eeg_fnirs_single_trial__s08__r1__a1__paired,eeg_fnirs_single_trial__s08__r1__a1__paired,completed,1.0000341695265638,True,stationary_feasible,11,5,1.048967682561745e-06,85.95994670382461,1.2102646717803045,1.4685772356140343,0.879068856549484,0.28423248629968556,3.469446951953614e-18,True,1.1788446490442956,1.1788446490442954,1.3621576152445398,0.7669219798494155,8.610824846971965,2.786844630853483,6.835399055667764e-07,0.03860562692515464,0.021487181226880106,0.5894723980454728,599996,True,1.2102646717803045,1.4685772356140343,0.879068856549484,1.1788446490442956,0.7669219798494155,1.1788446490442954,1.3621576152445398
eeg_fnirs_single_trial,eeg_fnirs_single_trial__prefrontal,8,0,1.0,wrong_pair,8,eeg_fnirs_single_trial__s08__r0__a1__wrong_pair,eeg_fnirs_single_trial__s08__r0__a1__wrong_pair,completed,0.9999013815688188,True,stationary_feasible,23,11,7.26682274255523e-06,468.82295767476154,1.6826068705905213,2.215375858039586,0.8685859597830384,0.7388595048345478,1.3877787807814457e-17,True,1.1133109113727973,1.1133109113727973,1.7990694930881812,1.2174655667385603,12.427494552325292,3.668537841826974,2.1610094434895038e-07,0.03266299592414187,0.022189366717145883,1.1402265490032732,599132,True,1.6826068705905213,2.215375858039586,0.8685859597830384,1.1133109113727973,1.2174655667385603,1.1133109113727973,1.7990694930881812
eeg_fnirs_single_trial,eeg_fnirs_single_trial__prefrontal,8,1,1.0,wrong_pair,8,eeg_fnirs_single_trial__s08__r1__a1__wrong_pair,eeg_fnirs_single_trial__s08__r1__a1__wrong_pair,completed,1.0000341695265638,True,stationary_feasible,21,10,8.63209584090214e-06,526.5685060471194,1.8097988272790397,2.1461218091178083,1.3945984263830509,0.7887847432173761,1.3877787807814457e-17,True,1.7254879185768492,1.7254879185768492,2.642241430517794,0.7682972947708536,16.974097921978583,5.295180843266374,6.814528463763595e-07,0.047219986281432105,0.03484084140901985,1.0487837720429525,599128,True,1.8097988272790397,2.1461218091178083,1.3945984263830509,1.7254879185768492,0.7682972947708536,1.7254879185768492,2.642241430517794
eeg_fnirs_single_trial,eeg_fnirs_single_trial__prefrontal,8,0,1.0,Hb_only,8,eeg_fnirs_single_trial__s08__r0__a1__Hb_only,eeg_fnirs_single_trial__s08__r0__a1__Hb_only,completed,0.9999013815688188,True,stationary_feasible,9,4,3.5688294036569296e-06,16.31168393144515,0.91495349005826,1.0242647389144086,0.7906715642769628,0.15582869207703337,3.469446951953614e-18,True,1.463499158855454,1.463499158855454,4.806598630054279,1.2934109862670662,8.813282585075196,2.5638600992489677,3.2230675302798984e-07,0.05292970597964569,0.026871475819024715,0.4901405529817566,600820,True,0.91495349005826,1.0242647389144086,0.7906715642769628,1.463499158855454,1.2934109862670662,1.463499158855454,4.806598630054279
eeg_fnirs_single_trial,eeg_fnirs_single_trial__prefrontal,8,1,1.0,Hb_only,8,eeg_fnirs_single_trial__s08__r1__a1__Hb_only,eeg_fnirs_single_trial__s08__r1__a1__Hb_only,completed,1.0000341695265638,True,stationary_feasible,9,4,3.54578326906533e-06,9.17050160922162,0.7608437303631689,0.9595298629948436,0.4868971206394442,0.10618205540162397,8.673617379884035e-19,True,1.0317833632308462,1.0317833632308462,3.8779842995022076,0.6455285715862835,7.120344761774034,2.250763645832531,2.4358569741996696e-07,0.03884468045986289,0.01829402337743289,0.4955562410177663,600816,True,0.7608437303631689,0.9595298629948436,0.4868971206394442,1.0317833632308462,0.6455285715862835,1.0317833632308462,3.8779842995022076
eeg_fnirs_single_trial,eeg_fnirs_single_trial__prefrontal,9,0,0.0,paired,9,eeg_fnirs_single_trial__s09__r0__a0__paired,eeg_fnirs_single_trial__s09__r0__a0__paired,completed,0.0,True,stationary_feasible,13,6,4.765142368767285e-06,73.81841891583593,0.6675614781525453,0.8233275937640953,0.4619613918641333,0.28134821829061335,6.938893903907228e-18,True,1.7744066330147386,1.7744066330147386,0.8470136609306533,1.8851336885843555,5.543240942106971,1.7447917220061369,1.6763775244097636e-06,0.08409106460585218,0.014386325340920261,0.6162448279792443,598856,True,0.6675614781525453,0.8233275937640953,0.4619613918641333,1.7744066330147386,1.8851336885843555,1.7744066330147386,0.8470136609306533
eeg_fnirs_single_trial,eeg_fnirs_single_trial__prefrontal,9,1,0.0,paired,9,eeg_fnirs_single_trial__s09__r1__a0__paired,eeg_fnirs_single_trial__s09__r1__a0__paired,completed,0.0,True,stationary_feasible,9,4,1.781781602324616e-06,82.74270365944336,1.2183815336659938,1.56687220005179,0.7168114339639547,0.3061815956876366,3.469446951953614e-18,True,1.0250862844877424,1.0250862844877424,0.892289186263055,1.3954809862730992,5.562226581141193,1.755057264409516,6.907372602687314e-07,0.04225921551232844,0.015354942709672489,0.453725949046202,599984,True,1.2183815336659938,1.56687220005179,0.7168114339639547,1.0250862844877424,1.3954809862730992,1.0250862844877424,0.892289186263055
eeg_fnirs_single_trial,eeg_fnirs_single_trial__prefrontal,9,0,0.0,wrong_pair,9,eeg_fnirs_single_trial__s09__r0__a0__wrong_pair,eeg_fnirs_single_trial__s09__r0__a0__wrong_pair,completed,0.0,True,stationary_feasible,13,6,5.119872383637709e-06,57.668146982047276,0.7964001764525279,0.9950976119210269,0.5275293592363413,0.24350866355393674,3.469446951953614e-18,True,1.7041062453716522,1.7041062453716522,0.9016227761196905,1.9136200799036829,5.455743141443454,1.6936561934954626,1.757581741543689e-06,0.0797485460918537,0.011942732469121262,0.6722101520281285,600712,True,0.7964001764525279,0.9950976119210269,0.5275293592363413,1.7041062453716522,1.9136200799036829,1.7041062453716522,0.9016227761196905
eeg_fnirs_single_trial,eeg_fnirs_single_trial__prefrontal,9,1,0.0,wrong_pair,9,eeg_fnirs_single_trial__s09__r1__a0__wrong_pair,eeg_fnirs_single_trial__s09__r1__a0__wrong_pair,completed,0.0,True,stationary_feasible,11,5,4.148257893811199e-07,61.911095055492716,0.9807071045260372,1.202215761664673,0.6915562971593254,0.2653601226594834,3.469446951953614e-18,True,0.8735104187237074,0.8735104187237074,0.694321066492621,1.3155850546324455,2.994670680743038,0.9399400559013175,5.508463367577273e-07,0.03846350042044771,0.012392823360885756,0.5726417429978028,599992,True,0.9807071045260372,1.202215761664673,0.6915562971593254,0.8735104187237074,1.3155850546324455,0.8735104187237074,0.694321066492621
eeg_fnirs_single_trial,eeg_fnirs_single_trial__prefrontal,9,0,0.0,Hb_only,9,eeg_fnirs_single_trial__s09__r0__a0__Hb_only,eeg_fnirs_single_trial__s09__r0__a0__Hb_only,completed,0.0,True,stationary_feasible,15,7,2.4935605312601698e-06,28.16909757646009,0.7038559701299902,0.9241355699443198,0.3698647073443838,0.21172187845044965,3.469446951953614e-18,True,1.623038362555259,1.623038362555259,3.237925558795185,1.853014060631945,4.93325730824882,1.328417097369521,1.6202880800394418e-06,0.0785783834710418,0.008383067507036827,0.7410921109840274,599988,True,0.7038559701299902,0.9241355699443198,0.3698647073443838,1.623038362555259,1.853014060631945,1.623038362555259,3.237925558795185
eeg_fnirs_single_trial,eeg_fnirs_single_trial__prefrontal,9,1,0.0,Hb_only,9,eeg_fnirs_single_trial__s09__r1__a0__Hb_only,eeg_fnirs_single_trial__s09__r1__a0__Hb_only,completed,0.0,True,stationary_feasible,9,4,3.2007016020450683e-06,20.057219473544226,0.9458067908922342,1.1783028778179996,0.6330112949399508,0.19510376902862842,1.734723475976807e-18,True,0.5879208206285925,0.5879208206285925,1.8256883716045693,1.2116913636574278,2.3704944170933966,0.6326766246519214,3.41153117839834e-07,0.026422811958269787,0.00809222947887698,0.47058893693611026,599996,True,0.9458067908922342,1.1783028778179996,0.6330112949399508,0.5879208206285925,1.2116913636574278,0.5879208206285925,1.8256883716045693
eeg_fnirs_single_trial,eeg_fnirs_single_trial__prefrontal,9,0,0.25,paired,9,eeg_fnirs_single_trial__s09__r0__a0.25__paired,eeg_fnirs_single_trial__s09__r0__a0.25__paired,completed,0.2500002088732439,True,stationary_feasible,13,6,4.286112863069269e-06,73.8198680528723,0.6641719004295493,0.8190904850472485,0.45971665615405066,0.2810727847589413,3.469446951953614e-18,True,1.783516237025651,1.783516237025651,0.8472071807435062,1.893752869982947,5.552289941299732,1.7412419688122682,1.788906371584299e-06,0.08461015858921712,0.014345171637343378,0.6805734079098329,594128,True,0.6641719004295493,0.8190904850472485,0.45971665615405066,1.783516237025651,1.893752869982947,1.783516237025651,0.8472071807435062
eeg_fnirs_single_trial,eeg_fnirs_single_trial__prefrontal,9,1,0.25,paired,9,eeg_fnirs_single_trial__s09__r1__a0.25__paired,eeg_fnirs_single_trial__s09__r1__a0.25__paired,completed,0.25000024772085594,True,stationary_feasible,11,5,8.18212197818803e-06,83.75082522159005,1.2206348896660475,1.5686974349548206,0.720477220532512,0.30692552454662037,3.469446951953614e-18,True,1.0300504356485043,1.0300504356485043,0.9070034983343814,1.3922485050339621,5.568263524785459,1.7757065747706153,6.01232035533859e-07,0.04231843955506084,0.015563502703772943,0.5912294000154361,599984,True,1.2206348896660475,1.5686974349548206,0.720477220532512,1.0300504356485043,1.3922485050339621,1.0300504356485043,0.9070034983343814
eeg_fnirs_single_trial,eeg_fnirs_single_trial__prefrontal,9,0,0.25,wrong_pair,9,eeg_fnirs_single_trial__s09__r0__a0.25__wrong_pair,eeg_fnirs_single_trial__s09__r0__a0.25__wrong_pair,completed,0.2500002088732439,True,stationary_feasible,13,6,5.89169168373564e-06,59.15470809348104,0.6466221094105541,0.8213928006683465,0.40193801980817806,0.2500357940973645,3.469446951953614e-18,True,1.691790763953887,1.691790763953887,0.8870347686653575,1.8593741163216164,4.7948724000697736,1.4762511718898597,1.7368612178948853e-06,0.08117525157689262,0.011984283876273549,0.6925286781042814,599996,True,0.6466221094105541,0.8213928006683465,0.40193801980817806,1.691790763953887,1.8593741163216164,1.691790763953887,0.8870347686653575
eeg_fnirs_single_trial,eeg_fnirs_single_trial__prefrontal,9,1,0.25,wrong_pair,9,eeg_fnirs_single_trial__s09__r1__a0.25__wrong_pair,eeg_fnirs_single_trial__s09__r1__a0.25__wrong_pair,completed,0.25000024772085594,True,stationary_feasible,11,5,9.948880951995528e-06,96.92243941178432,1.1035038762907416,1.3946866495089136,0.7002076546703738,0.33460760239086607,3.469446951953614e-18,True,0.6624873582277029,0.6624873582277028,0.7837036685236095,1.2916336336752645,3.700347093609066,1.1049485254298959,5.298351424928543e-07,0.030049888752571165,0.007850406786733054,0.5952238870086148,599988,True,1.1035038762907416,1.3946866495089136,0.7002076546703738,0.6624873582277029,1.2916336336752645,0.6624873582277028,0.7837036685236095
eeg_fnirs_single_trial,eeg_fnirs_single_trial__prefrontal,9,0,0.25,Hb_only,9,eeg_fnirs_single_trial__s09__r0__a0.25__Hb_only,eeg_fnirs_single_trial__s09__r0__a0.25__Hb_only,completed,0.2500002088732439,True,stationary_feasible,15,7,2.5036861891820257e-06,27.958100910736736,0.643637724012439,0.8569920166290754,0.3067633012240149,0.2105032555432615,3.469446951953614e-18,True,1.6753285135243388,1.6753285135243388,3.13153972138639,1.8614346443745575,5.090612051237801,1.3735378556506426,1.7562098087277339e-06,0.08159819089710528,0.009750222055510889,0.7106563179986551,599968,True,0.643637724012439,0.8569920166290754,0.3067633012240149,1.6753285135243388,1.8614346443745575,1.6753285135243388,3.13153972138639
eeg_fnirs_single_trial,eeg_fnirs_single_trial__prefrontal,9,1,0.25,Hb_only,9,eeg_fnirs_single_trial__s09__r1__a0.25__Hb_only,eeg_fnirs_single_trial__s09__r1__a0.25__Hb_only,completed,0.25000024772085594,True,stationary_feasible,9,4,3.8653695303255e-06,20.19600845930003,1.020296789899343,1.2931140981054279,0.6402085662022908,0.1956221548408282,3.469446951953614e-18,True,0.49031496012960574,0.49031496012960574,1.4672979708337204,1.206193312701074,2.783785990050298,0.7729160732973521,3.2953874980477245e-07,0.021991957279701994,0.006116259852974694,0.4572826490039006,600688,True,1.020296789899343,1.2931140981054279,0.6402085662022908,0.49031496012960574,1.206193312701074,0.49031496012960574,1.4672979708337204
eeg_fnirs_single_trial,eeg_fnirs_single_trial__prefrontal,9,0,0.5,paired,9,eeg_fnirs_single_trial__s09__r0__a0.5__paired,eeg_fnirs_single_trial__s09__r0__a0.5__paired,completed,0.5000010860032608,True,stationary_feasible,13,6,3.7849851381542433e-06,73.93158425117119,0.6606480575397826,0.8146890988022512,0.45737663271635526,0.28078050587306186,3.469446951953614e-18,True,1.7928784918851097,1.7928784918851097,0.8475468670144707,1.9025433344293048,5.563432813158802,1.738347207676381,1.9107746288580303e-06,0.08514269042960368,0.014305166121668605,0.6449203080264851,599956,True,0.6606480575397826,0.8146890988022512,0.45737663271635526,1.7928784918851097,1.9025433344293048,1.7928784918851097,0.8475468670144707
eeg_fnirs_single_trial,eeg_fnirs_single_trial__prefrontal,9,1,0.5,paired,9,eeg_fnirs_single_trial__s09__r1__a0.5__paired,eeg_fnirs_single_trial__s09__r1__a0.5__paired,completed,0.500000848862631,True,stationary_feasible,13,6,4.237733568847497e-06,85.78710605908746,1.223853998380576,1.5714491844181209,0.725385883165553,0.30826078719414746,3.469446951953614e-18,True,1.0392328816133183,1.0392328816133183,0.9365080606070205,1.3897815592930782,5.738192934179893,1.8597275869308896,5.170111989067686e-07,0.04251727363152442,0.01586228101771964,0.6411554670194164,600540,True,1.223853998380576,1.5714491844181209,0.725385883165553,1.0392328816133183,1.3897815592930782,1.0392328816133183,0.9365080606070205
eeg_fnirs_single_trial,eeg_fnirs_single_trial__prefrontal,9,0,0.5,wrong_pair,9,eeg_fnirs_single_trial__s09__r0__a0.5__wrong_pair,eeg_fnirs_single_trial__s09__r0__a0.5__wrong_pair,completed,0.5000010860032608,True,stationary_feasible,13,6,6.931383707414985e-06,79.15373868023526,0.5709123424361252,0.7324756070266152,0.33964877535889726,0.2953708154632348,3.469446951953614e-18,True,1.7129356123046453,1.7129356123046453,0.9373589330686428,1.8028188199043158,4.881982797403446,1.4886170055685928,1.6667558860139633e-06,0.08273383900227604,0.01417480226603142,0.6772116929059848,600820,True,0.5709123424361252,0.7324756070266152,0.33964877535889726,1.7129356123046453,1.8028188199043158,1.7129356123046453,0.9373589330686428
eeg_fnirs_single_trial,eeg_fnirs_single_trial__prefrontal,9,1,0.5,wrong_pair,9,eeg_fnirs_single_trial__s09__r1__a0.5__wrong_pair,eeg_fnirs_single_trial__s09__r1__a0.5__wrong_pair,completed,0.500000848862631,True,stationary_feasible,15,7,8.523017349323026e-06,181.69363744078117,1.3964792398792332,1.777283831637738,0.8611450032523228,0.4580467405707714,3.469446951953614e-18,True,0.7758261177269009,0.7758261177269009,1.2371562156403566,1.2669182668476868,7.585968370894699,2.2993648380294793,5.695384842244266e-07,0.02711875693438097,0.013105551627026446,0.726715391036123,599984,True,1.3964792398792332,1.777283831637738,0.8611450032523228,0.7758261177269009,1.2669182668476868,0.7758261177269009,1.2371562156403566
eeg_fnirs_single_trial,eeg_fnirs_single_trial__prefrontal,9,0,0.5,Hb_only,9,eeg_fnirs_single_trial__s09__r0__a0.5__Hb_only,eeg_fnirs_single_trial__s09__r0__a0.5__Hb_only,completed,0.5000010860032608,True,stationary_feasible,15,7,2.493812696593773e-06,27.810674338488713,0.6350821959787967,0.8490077341818139,0.29299259137043726,0.2092581173052609,3.469446951953614e-18,True,1.7476243974396704,1.7476243974396704,3.0367751368632137,1.8698734539236666,5.755043268643706,1.5927333481532995,1.9019588842075335e-06,0.08488813173039808,0.012286207786259743,0.7612412150483578,600816,True,0.6350821959787967,0.8490077341818139,0.29299259137043726,1.7476243974396704,1.8698734539236666,1.7476243974396704,3.0367751368632137
eeg_fnirs_single_trial,eeg_fnirs_single_trial__prefrontal,9,1,0.5,Hb_only,9,eeg_fnirs_single_trial__s09__r1__a0.5__Hb_only,eeg_fnirs_single_trial__s09__r1__a0.5__Hb_only,completed,0.500000848862631,True,stationary_feasible,9,4,4.34362734917005e-06,20.555392426591126,1.1689764796695357,1.4904082956754658,0.7153286882426246,0.19605849296139466,1.734723475976807e-18,True,0.5617440627872003,0.5617440627872003,1.2179852045408601,1.201056838258485,4.423072640343134,1.3048376887189483,3.163209878686389e-07,0.019925046862224228,0.00938075834592287,0.4487212799722329,594128,True,1.1689764796695357,1.4904082956754658,0.7153286882426246,0.5617440627872003,1.201056838258485,0.5617440627872003,1.2179852045408601
eeg_fnirs_single_trial,eeg_fnirs_single_trial__prefrontal,9,0,1.0,paired,9,eeg_fnirs_single_trial__s09__r0__a1__paired,eeg_fnirs_single_trial__s09__r0__a1__paired,completed,0.9999931602070533,True,stationary_feasible,13,6,2.848463346639813e-06,74.49739418933555,0.6532758720337741,0.8054648906930214,0.4525097124083139,0.28014579592313893,6.938893903907228e-18,True,1.8124859673656617,1.8124859673656617,0.8486960544975342,1.9207089184068251,5.590317316041252,1.734189106186202,2.190354194385016e-06,0.08625285990389546,0.01423087131572783,0.6829311019973829,600808,True,0.6532758720337741,0.8054648906930214,0.4525097124083139,1.8124859673656617,1.9207089184068251,1.8124859673656617,0.8486960544975342
eeg_fnirs_single_trial,eeg_fnirs_single_trial__prefrontal,9,1,1.0,paired,9,eeg_fnirs_single_trial__s09__r1__a1__paired,eeg_fnirs_single_trial__s09__r1__a1__paired,completed,0.9999928242566283,True,stationary_feasible,13,6,6.846575230334949e-06,93.08478342143542,1.2316710089975733,1.5780777204485459,0.7373585674786192,0.31216496837709823,6.938893903907228e-18,True,1.0659101103120545,1.0659101103120545,1.0021218813635784,1.3871107004311407,6.211929415721907,2.0788436340492678,3.629822024454701e-07,0.04323220280671836,0.016604165541951765,0.692872951971367,599996,True,1.2316710089975733,1.5780777204485459,0.7373585674786192,1.0659101103120545,1.3871107004311407,1.0659101103120545,1.0021218813635784
eeg_fnirs_single_trial,eeg_fnirs_single_trial__prefrontal,9,0,1.0,wrong_pair,9,eeg_fnirs_single_trial__s09__r0__a1__wrong_pair,eeg_fnirs_single_trial__s09__r0__a1__wrong_pair,completed,0.9999931602070533,True,stationary_feasible,13,6,8.355187563091225e-06,177.14882981865426,0.7240979322931074,0.897562209858513,0.4929682652425101,0.4516526126123998,6.938893903907228e-18,True,1.851366005918795,1.851366005918795,1.1582286485795275,1.6822030553126393,6.529231516303989,1.9506233166832267,1.3919459179600837e-06,0.08614687676059936,0.02211672503788752,0.6838960220338777,599996,True,0.7240979322931074,0.897562209858513,0.4929682652425101,1.851366005918795,1.6822030553126393,1.851366005918795,1.1582286485795275
eeg_fnirs_single_trial,eeg_fnirs_single_trial__prefrontal,9,1,1.0,wrong_pair,9,eeg_fnirs_single_trial__s09__r1__a1__wrong_pair,eeg_fnirs_single_trial__s09__r1__a1__wrong_pair,completed,0.9999928242566283,True,stationary_feasible,25,12,5.373988497875409e-06,495.18943391195097,2.230779062037631,2.815960899034689,1.4223623526931295,0.7505782863979747,6.938893903907228e-18,True,1.586285532785251,1.586285532785251,2.6162116214139246,1.218907229602909,18.17606696469575,5.701500540764176,8.128206855588598e-07,0.04198274522373681,0.03229846452529393,1.1400734119815752,598856,True,2.230779062037631,2.815960899034689,1.4223623526931295,1.586285532785251,1.218907229602909,1.586285532785251,2.6162116214139246
eeg_fnirs_single_trial,eeg_fnirs_single_trial__prefrontal,9,0,1.0,Hb_only,9,eeg_fnirs_single_trial__s09__r0__a1__Hb_only,eeg_fnirs_single_trial__s09__r0__a1__Hb_only,completed,0.9999931602070533,True,stationary_feasible,15,7,2.419442402927723e-06,27.72238195023956,0.7718550960765268,1.0091744538176488,0.4160378593835649,0.2067051835793058,3.469446951953614e-18,True,1.9442890842931093,1.9442890842931093,2.8921955666447223,1.886790802321176,8.084801406868802,2.3261015657205193,2.223554578624675e-06,0.09221070417995995,0.01892520262270602,0.7009394250344485,601244,True,0.7718550960765268,1.0091744538176488,0.4160378593835649,1.9442890842931093,1.886790802321176,1.9442890842931093,2.8921955666447223
eeg_fnirs_single_trial,eeg_fnirs_single_trial__prefrontal,9,1,1.0,Hb_only,9,eeg_fnirs_single_trial__s09__r1__a1__Hb_only,eeg_fnirs_single_trial__s09__r1__a1__Hb_only,completed,0.9999928242566283,True,stationary_feasible,9,4,3.8383233206479404e-06,21.871815187527922,1.596963071270027,2.028012324829438,0.9938551767437209,0.19667712948930113,1.734723475976807e-18,True,1.0036588689594286,1.0036588689594286,1.2999900276752423,1.1915358061562458,8.576915131087913,2.575363065137906,2.83778452577499e-07,0.0248071528977235,0.02060272930470749,0.48631219600792974,599996,True,1.596963071270027,2.028012324829438,0.9938551767437209,1.0036588689594286,1.1915358061562458,1.0036588689594286,1.2999900276752423
eeg_fnirs_single_trial,eeg_fnirs_single_trial__prefrontal,10,0,0.0,paired,10,eeg_fnirs_single_trial__s10__r0__a0__paired,eeg_fnirs_single_trial__s10__r0__a0__paired,completed,0.0,True,stationary_feasible,15,7,2.8473223369048874e-06,117.33985088524024,0.9221956106254788,0.9948813483117326,0.8432678052049826,0.35577327899348754,3.469446951953614e-18,True,1.3372722869813172,1.3372722869813172,1.1019957901257318,0.9487032665949675,7.513977726181395,2.4758955083984664,3.321109342658381e-06,0.03691909852048486,0.02181397786619773,0.7506635979516432,599992,True,0.9221956106254788,0.9948813483117326,0.8432678052049826,1.3372722869813172,0.9487032665949675,1.3372722869813172,1.1019957901257318
eeg_fnirs_single_trial,eeg_fnirs_single_trial__prefrontal,10,1,0.0,paired,10,eeg_fnirs_single_trial__s10__r1__a0__paired,eeg_fnirs_single_trial__s10__r1__a0__paired,completed,0.0,True,stationary_feasible,11,5,7.6208151599631175e-06,87.4888359858055,0.6731989445240627,0.8992349395489828,0.31268220497969096,0.3011469087410431,3.469446951953614e-18,True,0.663644074095341,0.663644074095341,0.972989117397466,0.4328443116816154,6.292627529108831,2.0571587962451687,6.417278982349937e-07,0.02648759983448753,0.010537451723325188,0.5757932310225442,599992,True,0.6731989445240627,0.8992349395489828,0.31268220497969096,0.663644074095341,0.4328443116816154,0.663644074095341,0.972989117397466
eeg_fnirs_single_trial,eeg_fnirs_single_trial__prefrontal,10,0,0.0,wrong_pair,10,eeg_fnirs_single_trial__s10__r0__a0__wrong_pair,eeg_fnirs_single_trial__s10__r0__a0__wrong_pair,completed,0.0,True,stationary_feasible,15,7,9.348403009588762e-07,99.6767268250503,0.9443601957583014,1.0594446941331612,0.8131477717723926,0.3291023561991074,6.938893903907228e-18,True,1.3942563674914743,1.3942563674914743,0.9145912901391151,0.9884396392294944,5.61366864354516,1.8279865038602399,2.8768630812899073e-06,0.03850932871480715,0.022637601997248354,0.7084556729532778,600688,True,0.9443601957583014,1.0594446941331612,0.8131477717723926,1.3942563674914743,0.9884396392294944,1.3942563674914743,0.9145912901391151
eeg_fnirs_single_trial,eeg_fnirs_single_trial__prefrontal,10,1,0.0,wrong_pair,10,eeg_fnirs_single_trial__s10__r1__a0__wrong_pair,eeg_fnirs_single_trial__s10__r1__a0__wrong_pair,completed,0.0,True,stationary_feasible,11,5,4.462891769092897e-06,61.884140340168635,0.6624583573086943,0.8696565088544151,0.3484246072587554,0.26356951966714354,3.469446951953614e-18,True,0.6520742914093707,0.6520742914093707,0.7284505136595273,0.4469522206986919,2.6278617674816975,0.8050974188245451,5.426279670540228e-07,0.028685624392654967,0.009294458545107452,0.5692355630453676,599984,True,0.6624583573086943,0.8696565088544151,0.3484246072587554,0.6520742914093707,0.4469522206986919,0.6520742914093707,0.7284505136595273
eeg_fnirs_single_trial,eeg_fnirs_single_trial__prefrontal,10,0,0.0,Hb_only,10,eeg_fnirs_single_trial__s10__r0__a0__Hb_only,eeg_fnirs_single_trial__s10__r0__a0__Hb_only,completed,0.0,True,stationary_feasible,13,6,4.313798160811286e-06,32.864971414079875,0.7730173607503581,0.7631421319220185,0.7827680157801641,0.23564584753025336,3.469446951953614e-18,True,1.4087949976099434,1.4087949976099434,1.7716421879437987,1.098424646352188,3.848999472847725,1.1059852403658716,2.4960744149694075e-06,0.04452851463757058,0.019724807701862718,0.6562100679147989,600712,True,0.7730173607503581,0.7631421319220185,0.7827680157801641,1.4087949976099434,1.098424646352188,1.4087949976099434,1.7716421879437987
eeg_fnirs_single_trial,eeg_fnirs_single_trial__prefrontal,10,1,0.0,Hb_only,10,eeg_fnirs_single_trial__s10__r1__a0__Hb_only,eeg_fnirs_single_trial__s10__r1__a0__Hb_only,completed,0.0,True,stationary_feasible,9,4,5.311976170083542e-07,7.942031270725198,0.4710939214943535,0.6218976810316748,0.23896075005172163,0.12151870338844185,3.469446951953614e-18,True,0.35021157364636524,0.35021157364636524,0.895814970317893,0.3820104087570633,1.4295704851556403,0.42301069969692473,2.0098158714518984e-07,0.015475861273651319,0.004497787463168733,0.47418794594705105,599988,True,0.4710939214943535,0.6218976810316748,0.23896075005172163,0.35021157364636524,0.3820104087570633,0.35021157364636524,0.895814970317893
eeg_fnirs_single_trial,eeg_fnirs_single_trial__prefrontal,10,0,0.25,paired,10,eeg_fnirs_single_trial__s10__r0__a0.25__paired,eeg_fnirs_single_trial__s10__r0__a0.25__paired,completed,0.25000851119429046,True,stationary_feasible,15,7,1.6542524780649701e-06,119.52148285565316,0.914007810655129,0.9890164923757114,0.8322661435418414,0.3612736312179213,6.938893903907228e-18,True,1.3244386335070195,1.3244386335070195,1.0009095958916998,0.9468414587285546,6.670783652036052,2.170645279354118,2.4670037726364326e-06,0.03673904984916051,0.021537777807036425,0.7705371159827337,594128,True,0.914007810655129,0.9890164923757114,0.8322661435418414,1.3244386335070195,0.9468414587285546,1.3244386335070195,1.0009095958916998
eeg_fnirs_single_trial,eeg_fnirs_single_trial__prefrontal,10,1,0.25,paired,10,eeg_fnirs_single_trial__s10__r1__a0.25__paired,eeg_fnirs_single_trial__s10__r1__a0.25__paired,completed,0.25000103192847817,True,stationary_feasible,11,5,7.688753692525088e-06,87.80344028707177,0.6724006129615512,0.8975568070144629,0.31406519514925824,0.3022036957922907,6.938893903907228e-18,True,0.6546372337267442,0.6546372337267442,0.8897671445688933,0.42646956495552235,5.487892302706557,1.7881913630908648,5.333617921956723e-07,0.025884627854963704,0.010543700213304091,0.5934656939934939,599992,True,0.6724006129615512,0.8975568070144629,0.31406519514925824,0.6546372337267442,0.42646956495552235,0.6546372337267442,0.8897671445688933
eeg_fnirs_single_trial,eeg_fnirs_single_trial__prefrontal,10,0,0.25,wrong_pair,10,eeg_fnirs_single_trial__s10__r0__a0.25__wrong_pair,eeg_fnirs_single_trial__s10__r0__a0.25__wrong_pair,completed,0.25000851119429046,True,stationary_feasible,15,7,3.816418946196991e-07,105.71711603600295,1.0586828506275028,1.2348123916113922,0.8466741486241943,0.34477486761517667,1.3877787807814457e-17,True,1.4591112545682137,1.4591112545682137,0.9954456781770052,1.0005717655518547,6.274846628929461,1.979657933659081,2.0025852439075124e-06,0.0426177918763182,0.023506008005204724,0.7702080430462956,599996,True,1.0586828506275028,1.2348123916113922,0.8466741486241943,1.4591112545682137,1.0005717655518547,1.4591112545682137,0.9954456781770052
eeg_fnirs_single_trial,eeg_fnirs_single_trial__prefrontal,10,1,0.25,wrong_pair,10,eeg_fnirs_single_trial__s10__r1__a0.25__wrong_pair,eeg_fnirs_single_trial__s10__r1__a0.25__wrong_pair,completed,0.25000103192847817,True,stationary_feasible,11,5,1.3855646323657384e-06,76.60923214876472,0.5963298290648129,0.8106775178767326,0.23242308851350754,0.29733026283366576,6.938893903907228e-18,True,0.6085547124130266,0.6085547124130266,0.7740725080982528,0.4540698081449058,2.3319879858698136,0.6866122329272193,4.6527957756219366e-07,0.02780233194076407,0.007738136704895497,0.5507031100569293,594132,True,0.5963298290648129,0.8106775178767326,0.23242308851350754,0.6085547124130266,0.4540698081449058,0.6085547124130266,0.7740725080982528
eeg_fnirs_single_trial,eeg_fnirs_single_trial__prefrontal,10,0,0.25,Hb_only,10,eeg_fnirs_single_trial__s10__r0__a0.25__Hb_only,eeg_fnirs_single_trial__s10__r0__a0.25__Hb_only,completed,0.25000851119429046,True,stationary_feasible,13,6,4.679722522434542e-06,33.255717622653705,0.8576694310978797,0.8790042582829988,0.8357901770180578,0.2371043952300035,6.938893903907228e-18,True,1.4322719267061659,1.4322719267061659,1.7905854628029267,1.092952136910711,4.047486048719481,1.1635382386753064,2.235984344062829e-06,0.04286685408078284,0.021115802501935357,0.6338583419565111,599956,True,0.8576694310978797,0.8790042582829988,0.8357901770180578,1.4322719267061659,1.092952136910711,1.4322719267061659,1.7905854628029267
eeg_fnirs_single_trial,eeg_fnirs_single_trial__prefrontal,10,1,0.25,Hb_only,10,eeg_fnirs_single_trial__s10__r1__a0.25__Hb_only,eeg_fnirs_single_trial__s10__r1__a0.25__Hb_only,completed,0.25000103192847817,True,stationary_feasible,9,4,3.544040973612765e-07,7.971359142453413,0.4428805194941803,0.5815939456071956,0.23245384816759726,0.1216004067054906,3.469446951953614e-18,True,0.32817366897698025,0.32817366897698025,0.9650884901735697,0.38165040951992074,2.143826787187111,0.6356755185876141,1.9327050718091816e-07,0.013332570749336805,0.004416575065752574,0.4643974199425429,599968,True,0.4428805194941803,0.5815939456071956,0.23245384816759726,0.32817366897698025,0.38165040951992074,0.32817366897698025,0.9650884901735697
eeg_fnirs_single_trial,eeg_fnirs_single_trial__prefrontal,10,0,0.5,paired,10,eeg_fnirs_single_trial__s10__r0__a0.5__paired,eeg_fnirs_single_trial__s10__r0__a0.5__paired,completed,0.5000213815067204,True,stationary_feasible,15,7,8.673059316946997e-07,121.7568348418794,0.9071916125467048,0.9839967515470216,0.8232518671069565,0.3661388096134515,1.3877787807814457e-17,True,1.3110390631531348,1.3110390631531348,0.8959719801222905,0.9435668909337617,5.789439241017047,1.8555770686536712,1.7955870843465648e-06,0.03642552322425951,0.021291028889189677,0.770275424933061,599132,True,0.9071916125467048,0.9839967515470216,0.8232518671069565,1.3110390631531348,0.9435668909337617,1.3110390631531348,0.8959719801222905
eeg_fnirs_single_trial,eeg_fnirs_single_trial__prefrontal,10,1,0.5,paired,10,eeg_fnirs_single_trial__s10__r1__a0.5__paired,eeg_fnirs_single_trial__s10__r1__a0.5__paired,completed,0.5000041031942944,True,stationary_feasible,11,5,9.569777520478886e-06,88.22232075849486,0.6674811156677843,0.8907100975397172,0.3125661556966906,0.30283688866736547,6.938893903907228e-18,True,0.6405644187426578,0.6405644187426578,0.8123572092392648,0.4192196482359034,4.696406886283868,1.5261756239876338,4.3192199034187503e-07,0.025081105876052886,0.01045689112200761,0.5574183349963278,600540,True,0.6674811156677843,0.8907100975397172,0.3125661556966906,0.6405644187426578,0.4192196482359034,0.6405644187426578,0.8123572092392648
eeg_fnirs_single_trial,eeg_fnirs_single_trial__prefrontal,10,0,0.5,wrong_pair,10,eeg_fnirs_single_trial__s10__r0__a0.5__wrong_pair,eeg_fnirs_single_trial__s10__r0__a0.5__wrong_pair,completed,0.5000213815067204,True,stationary_feasible,11,5,9.066464805794144e-06,142.2834794466847,1.2490455731282823,1.4921699518723697,0.9453351375210424,0.401037358051403,3.469446951953614e-18,True,1.5895119661324584,1.5895119661324584,1.283905738877788,1.0103700405517697,8.646706730187827,2.677636825290745,1.448545913777228e-06,0.047899956520049594,0.026204464293153457,0.5870618129847571,599136,True,1.2490455731282823,1.4921699518723697,0.9453351375210424,1.5895119661324584,1.0103700405517697,1.5895119661324584,1.283905738877788
eeg_fnirs_single_trial,eeg_fnirs_single_trial__prefrontal,10,1,0.5,wrong_pair,10,eeg_fnirs_single_trial__s10__r1__a0.5__wrong_pair,eeg_fnirs_single_trial__s10__r1__a0.5__wrong_pair,completed,0.5000041031942944,True,stationary_feasible,11,5,5.023236858588572e-06,144.63618780706025,0.6502002405882066,0.8638466243289828,0.3151027060457345,0.4111575766661536,6.938893903907228e-18,True,0.6910475563632108,0.6910475563632108,0.9073097469368431,0.4677444682949052,3.9066238452394284,1.2092581317482511,4.2112599807861006e-07,0.028783818675756294,0.010197109441700221,0.5947027399670333,600000,True,0.6502002405882066,0.8638466243289828,0.3151027060457345,0.6910475563632108,0.4677444682949052,0.6910475563632108,0.9073097469368431
eeg_fnirs_single_trial,eeg_fnirs_single_trial__prefrontal,10,0,0.5,Hb_only,10,eeg_fnirs_single_trial__s10__r0__a0.5__Hb_only,eeg_fnirs_single_trial__s10__r0__a0.5__Hb_only,completed,0.5000213815067204,True,stationary_feasible,13,6,5.053733719290402e-06,33.73716408232427,0.981218013731097,1.048755551867137,0.9086745145367813,0.23861208259032782,6.938893903907228e-18,True,1.4862802661779606,1.4862802661779606,1.8590405839301423,1.088296388932417,5.02267663868617,1.4770228511919579,2.0029962809520237e-06,0.04214874652820487,0.02321159577768875,0.668537596007809,600820,True,0.981218013731097,1.048755551867137,0.9086745145367813,1.4862802661779606,1.088296388932417,1.4862802661779606,1.8590405839301423
eeg_fnirs_single_trial,eeg_fnirs_single_trial__prefrontal,10,1,0.5,Hb_only,10,eeg_fnirs_single_trial__s10__r1__a0.5__Hb_only,eeg_fnirs_single_trial__s10__r1__a0.5__Hb_only,completed,0.5000041031942944,True,stationary_feasible,7,3,4.138845281624984e-06,8.149029170591307,0.5454469488693708,0.6922134304242753,0.34038994521294114,0.1217161471115301,3.469446951953614e-18,True,0.469385007402715,0.46938500740271505,1.1517429503501433,0.38124183490612495,4.078846481804133,1.2230613221767235,1.851341291040225e-07,0.014194699264410075,0.008656831637119979,0.40651068300940096,600808,True,0.5454469488693708,0.6922134304242753,0.34038994521294114,0.469385007402715,0.38124183490612495,0.46938500740271505,1.1517429503501433
eeg_fnirs_single_trial,eeg_fnirs_single_trial__prefrontal,10,0,1.0,paired,10,eeg_fnirs_single_trial__s10__r0__a1__paired,eeg_fnirs_single_trial__s10__r0__a1__paired,completed,0.9999879655157904,True,stationary_feasible,13,6,6.7866144103708835e-06,126.02201610067343,0.8992522055702976,0.9783983645425673,0.8124319655863617,0.37290904709748973,1.3877787807814457e-17,True,1.284822038286254,1.284822038286254,0.7638400099030707,0.9336532502574194,4.7636480548036655,1.4814846285757486,9.234172480163373e-07,0.03544122903708313,0.020932695450553245,0.6789206420071423,600000,True,0.8992522055702976,0.9783983645425673,0.8124319655863617,1.284822038286254,0.9336532502574194,1.284822038286254,0.7638400099030707
eeg_fnirs_single_trial,eeg_fnirs_single_trial__prefrontal,10,1,1.0,paired,10,eeg_fnirs_single_trial__s10__r1__a1__paired,eeg_fnirs_single_trial__s10__r1__a1__paired,completed,0.9999699371051592,True,stationary_feasible,13,6,4.859808927578808e-06,89.20329524556847,0.6472569438452509,0.8640470960983924,0.3021683610766094,0.30229435196764576,6.938893903907228e-18,True,0.6025516399526316,0.6025516399526316,0.7377489044395219,0.4051320418277169,3.861919735492124,1.2320415460219083,2.7797087104601785e-07,0.023157158518416984,0.010050600663468015,0.6489743910497054,599984,True,0.6472569438452509,0.8640470960983924,0.3021683610766094,0.6025516399526316,0.4051320418277169,0.6025516399526316,0.7377489044395219
eeg_fnirs_single_trial,eeg_fnirs_single_trial__prefrontal,10,0,1.0,wrong_pair,10,eeg_fnirs_single_trial__s10__r0__a1__wrong_pair,eeg_fnirs_single_trial__s10__r0__a1__wrong_pair,completed,0.9999879655157904,True,stationary_feasible,17,8,8.399759219809248e-06,302.09502198084135,1.7369865752271585,2.1138000832577375,1.25143674752595,0.5794706012284608,6.938893903907228e-18,True,1.9755849069432296,1.9755849069432296,2.06512480910494,1.0244077223498027,14.648679639424453,4.477657497740344,8.260604855646132e-07,0.06056720966400372,0.03477150790576843,0.8684981770347804,600816,True,1.7369865752271585,2.1138000832577375,1.25143674752595,1.9755849069432296,1.0244077223498027,1.9755849069432296,2.06512480910494
eeg_fnirs_single_trial,eeg_fnirs_single_trial__prefrontal,10,1,1.0,wrong_pair,10,eeg_fnirs_single_trial__s10__r1__a1__wrong_pair,eeg_fnirs_single_trial__s10__r1__a1__wrong_pair,completed,0.9999699371051592,True,stationary_feasible,19,9,2.3984717804720715e-06,457.8068977306276,1.018842643844401,1.2384841152220984,0.7363679529788308,0.7323464935713586,6.938893903907228e-18,True,1.1008436603542096,1.1008436603542096,1.3427867640241447,0.5172880707513854,8.211959808027515,2.5652954339504745,4.0779904367574955e-07,0.03581795190552799,0.020425230673914885,0.9559627410490066,599996,True,1.018842643844401,1.2384841152220984,0.7363679529788308,1.1008436603542096,0.5172880707513854,1.1008436603542096,1.3427867640241447
eeg_fnirs_single_trial,eeg_fnirs_single_trial__prefrontal,10,0,1.0,Hb_only,10,eeg_fnirs_single_trial__s10__r0__a1__Hb_only,eeg_fnirs_single_trial__s10__r0__a1__Hb_only,completed,0.9999879655157904,True,stationary_feasible,13,6,5.744334178215516e-06,34.95221162281729,1.2961768628417125,1.469699182600387,1.095505925221823,0.24178727065886116,3.469446951953614e-18,True,1.670345726884506,1.6703457268845059,2.1260212973277564,1.0808009549173732,8.004699840701768,2.4319600818301828,1.6067662910379467e-06,0.04355463333810227,0.028826831816919203,0.6616473559988663,599992,True,1.2961768628417125,1.469699182600387,1.095505925221823,1.670345726884506,1.0808009549173732,1.6703457268845059,2.1260212973277564
eeg_fnirs_single_trial,eeg_fnirs_single_trial__prefrontal,10,1,1.0,Hb_only,10,eeg_fnirs_single_trial__s10__r1__a1__Hb_only,eeg_fnirs_single_trial__s10__r1__a1__Hb_only,completed,0.9999699371051592,True,stationary_feasible,7,3,9.168501425589966e-06,8.977931063525594,0.9510602741361479,1.1694266659548993,0.6644340170652447,0.12205703799140041,1.734723475976807e-18,True,0.9225885008944444,0.9225885008944444,1.739088744317795,0.38027947221045566,8.534146813603849,2.525147613167804,1.67903764995318e-07,0.022899752686321186,0.01908266980933244,0.40788855601567775,599988,True,0.9510602741361479,1.1694266659548993,0.6644340170652447,0.9225885008944444,0.38027947221045566,0.9225885008944444,1.739088744317795
eeg_fnirs_single_trial,eeg_fnirs_single_trial__prefrontal,11,0,0.0,paired,11,eeg_fnirs_single_trial__s11__r0__a0__paired,eeg_fnirs_single_trial__s11__r0__a0__paired,completed,0.0,True,stationary_feasible,13,6,9.138872754151456e-06,150.55295857979738,1.2540487215432128,1.5945813550904684,0.7762645773228216,0.39601566967936547,6.938893903907228e-18,True,1.7472645951792067,1.7472645951792067,1.2516351746098764,1.515502658736973,8.407278333311888,2.735162399659678,1.758000041298036e-06,0.07164159847834653,0.027671159937196425,0.6167321199318394,601248,True,1.2540487215432128,1.5945813550904684,0.7762645773228216,1.7472645951792067,1.515502658736973,1.7472645951792067,1.2516351746098764
eeg_fnirs_single_trial,eeg_fnirs_single_trial__prefrontal,11,1,0.0,paired,11,eeg_fnirs_single_trial__s11__r1__a0__paired,eeg_fnirs_single_trial__s11__r1__a0__paired,completed,0.0,True,stationary_feasible,13,6,7.20398822410491e-06,68.05170727275872,0.7244951234345104,0.844299402430119,0.5804695399561608,0.26031996745178687,6.938893903907228e-18,True,1.5842737503336457,1.5842737503336457,0.899154144550527,1.7506430867998768,5.684415902744838,1.8087229582629731,2.090253580258163e-06,0.0538312189479791,0.021787702091802866,0.661858643987216,599984,True,0.7244951234345104,0.844299402430119,0.5804695399561608,1.5842737503336457,1.7506430867998768,1.5842737503336457,0.899154144550527
eeg_fnirs_single_trial,eeg_fnirs_single_trial__prefrontal,11,0,0.0,wrong_pair,11,eeg_fnirs_single_trial__s11__r0__a0__wrong_pair,eeg_fnirs_single_trial__s11__r0__a0__wrong_pair,completed,0.0,True,stationary_feasible,13,6,2.3356167124558255e-06,69.10201643804767,0.6520692337538747,0.7905541556556749,0.4747764718183427,0.27792322414689447,3.469446951953614e-18,True,1.3333734589134778,1.3333734589134778,0.4474299728113934,1.5770224827376833,1.8985575228955054,0.6144520955322871,1.545190494573089e-06,0.06398760385164844,0.014382086445599561,0.7014547999715433,599992,True,0.6520692337538747,0.7905541556556749,0.4747764718183427,1.3333734589134778,1.5770224827376833,1.3333734589134778,0.4474299728113934
eeg_fnirs_single_trial,eeg_fnirs_single_trial__prefrontal,11,1,0.0,wrong_pair,11,eeg_fnirs_single_trial__s11__r1__a0__wrong_pair,eeg_fnirs_single_trial__s11__r1__a0__wrong_pair,completed,0.0,True,stationary_feasible,15,7,1.1159604618060506e-06,64.7958791554588,0.46376070754156984,0.4570731015982344,0.4703532369552538,0.25862984526725774,6.938893903907228e-18,True,1.4724637059998762,1.4724637059998762,0.6565684113457144,1.748015661393392,3.7064722588584487,1.166996619548748,1.935535646521475e-06,0.054824197278309825,0.016830872518034765,0.7070965999737382,599968,True,0.46376070754156984,0.4570731015982344,0.4703532369552538,1.4724637059998762,1.748015661393392,1.4724637059998762,0.6565684113457144
eeg_fnirs_single_trial,eeg_fnirs_single_trial__prefrontal,11,0,0.0,Hb_only,11,eeg_fnirs_single_trial__s11__r0__a0__Hb_only,eeg_fnirs_single_trial__s11__r0__a0__Hb_only,completed,0.0,True,stationary_feasible,11,5,6.064972683594643e-06,29.17745743088407,0.8236954279759438,1.02781369401845,0.5482219682985119,0.22495609278599848,3.469446951953614e-18,True,1.297770775684484,1.297770775684484,2.538686295325508,1.5364781414978896,4.327496802425981,1.3046194735119936,1.5468208811721192e-06,0.06083364460923631,0.015227766964574157,0.5211424970766529,600688,True,0.8236954279759438,1.02781369401845,0.5482219682985119,1.297770775684484,1.5364781414978896,1.297770775684484,2.538686295325508
eeg_fnirs_single_trial,eeg_fnirs_single_trial__prefrontal,11,1,0.0,Hb_only,11,eeg_fnirs_single_trial__s11__r1__a0__Hb_only,eeg_fnirs_single_trial__s11__r1__a0__Hb_only,completed,0.0,True,stationary_feasible,13,6,9.52337435896801e-06,22.986698057005928,0.6401206814292622,0.7061388828970869,0.5664599294281812,0.18344472347181048,6.938893903907228e-18,True,1.4596087984693729,1.4596087984693729,1.9530622794079435,1.7845777864807022,3.0825062758380994,0.8506820725060155,1.86515775402225e-06,0.05650443348041731,0.014725206271843374,0.6552223120816052,600712,True,0.6401206814292622,0.7061388828970869,0.5664599294281812,1.4596087984693729,1.7845777864807022,1.4596087984693729,1.9530622794079435
eeg_fnirs_single_trial,eeg_fnirs_single_trial__prefrontal,11,0,0.25,paired,11,eeg_fnirs_single_trial__s11__r0__a0.25__paired,eeg_fnirs_single_trial__s11__r0__a0.25__paired,completed,0.24999899781515433,True,stationary_feasible,15,7,1.7048437898144947e-06,151.8196447398547,1.240907695001123,1.5783799209137372,0.7670858102470319,0.3974484912763406,6.938893903907228e-18,True,1.7011670293552474,1.7011670293552472,1.2206000134942436,1.4787121382373203,8.368411331609973,2.667590316229891,1.334975175774193e-06,0.06900956925044044,0.027403618827939707,0.7212370099732652,594132,True,1.240907695001123,1.5783799209137372,0.7670858102470319,1.7011670293552474,1.4787121382373203,1.7011670293552472,1.2206000134942436
eeg_fnirs_single_trial,eeg_fnirs_single_trial__prefrontal,11,1,0.25,paired,11,eeg_fnirs_single_trial__s11__r1__a0.25__paired,eeg_fnirs_single_trial__s11__r1__a0.25__paired,completed,0.2500000041257525,True,stationary_feasible,13,6,5.272427806273874e-06,68.45815835068194,0.7197118622493661,0.8373006317960068,0.5787037077113892,0.2608282248738353,6.938893903907228e-18,True,1.5799628226163402,1.5799628226163402,0.879927721626903,1.7511224214096277,5.692254685011897,1.7983812223083733,1.9938118856185387e-06,0.05402521827778412,0.02156120900806238,0.6806323790224269,599992,True,0.7197118622493661,0.8373006317960068,0.5787037077113892,1.5799628226163402,1.7511224214096277,1.5799628226163402,0.879927721626903
eeg_fnirs_single_trial,eeg_fnirs_single_trial__prefrontal,11,0,0.25,wrong_pair,11,eeg_fnirs_single_trial__s11__r0__a0.25__wrong_pair,eeg_fnirs_single_trial__s11__r0__a0.25__wrong_pair,completed,0.24999899781515433,True,stationary_feasible,13,6,5.11327920851934e-06,91.84186827251335,0.6485263774926499,0.7308542176182257,0.5540984002838569,0.32151663159319177,6.938893903907228e-18,True,1.3411707632441476,1.3411707632441476,0.672460008998624,1.5323558848067513,3.899496730888609,1.231412611553127,1.1858112449073494e-06,0.061899515428090905,0.016853980268025485,0.6949290340999141,600808,True,0.6485263774926499,0.7308542176182257,0.5540984002838569,1.3411707632441476,1.5323558848067513,1.3411707632441476,0.672460008998624
eeg_fnirs_single_trial,eeg_fnirs_single_trial__prefrontal,11,1,0.25,wrong_pair,11,eeg_fnirs_single_trial__s11__r1__a0.25__wrong_pair,eeg_fnirs_single_trial__s11__r1__a0.25__wrong_pair,completed,0.2500000041257525,True,stationary_feasible,15,7,1.3062931370215636e-06,102.81124859403907,0.5396434265557263,0.5459980089165651,0.5332131186577814,0.3346600709703284,6.938893903907228e-18,True,1.3855770044562883,1.3855770044562883,0.8240831433785929,1.6532142942477097,4.924078492967862,1.5560864833625077,1.8064484413274793e-06,0.05000884709835345,0.017607326816629725,0.7235125119332224,599956,True,0.5396434265557263,0.5459980089165651,0.5332131186577814,1.3855770044562883,1.6532142942477097,1.3855770044562883,0.8240831433785929
eeg_fnirs_single_trial,eeg_fnirs_single_trial__prefrontal,11,0,0.25,Hb_only,11,eeg_fnirs_single_trial__s11__r0__a0.25__Hb_only,eeg_fnirs_single_trial__s11__r0__a0.25__Hb_only,completed,0.24999899781515433,True,stationary_feasible,11,5,7.733957114783074e-06,29.287185109528643,0.7968465803929244,0.9893872838578006,0.5394828522838132,0.2256583864597399,3.469446951953614e-18,True,1.3226216928335222,1.3226216928335222,2.500327037844935,1.5254234139436924,4.378220818896978,1.2718936973053934,1.508305440974086e-06,0.06134068768881657,0.016296093195589872,0.5395189099945128,600540,True,0.7968465803929244,0.9893872838578006,0.5394828522838132,1.3226216928335222,1.5254234139436924,1.3226216928335222,2.500327037844935
eeg_fnirs_single_trial,eeg_fnirs_single_trial__prefrontal,11,1,0.25,Hb_only,11,eeg_fnirs_single_trial__s11__r1__a0.25__Hb_only,eeg_fnirs_single_trial__s11__r1__a0.25__Hb_only,completed,0.2500000041257525,True,stationary_feasible,13,6,9.373677260373591e-06,23.10204005382692,0.7758432961449463,0.8583903586869693,0.6833971264640829,0.18360903853672836,3.469446951953614e-18,True,1.4650006157351017,1.4650006157351017,2.4464690562395752,1.7871768580106193,3.9873804415782463,1.1246568602156346,1.8746618826679126e-06,0.060695052476978324,0.012729255501994876,0.6694159379694611,594128,True,0.7758432961449463,0.8583903586869693,0.6833971264640829,1.4650006157351017,1.7871768580106193,1.4650006157351017,2.4464690562395752
eeg_fnirs_single_trial,eeg_fnirs_single_trial__prefrontal,11,0,0.5,paired,11,eeg_fnirs_single_trial__s11__r0__a0.5__paired,eeg_fnirs_single_trial__s11__r0__a0.5__paired,completed,0.49999473517246285,True,stationary_feasible,15,7,3.0520430199760806e-06,152.2571150173074,1.2304920706702267,1.5651114066068488,0.7606890014149909,0.39719442968471563,6.938893903907228e-18,True,1.6579184599308405,1.6579184599308405,1.315504345672836,1.4432608206892414,9.40924989743027,2.9607544871151057,1.0179959160217938e-06,0.06643066246674739,0.027183786327196906,0.7812569970265031,599136,True,1.2304920706702267,1.5651114066068488,0.7606890014149909,1.6579184599308405,1.4432608206892414,1.6579184599308405,1.315504345672836
eeg_fnirs_single_trial,eeg_fnirs_single_trial__prefrontal,11,1,0.5,paired,11,eeg_fnirs_single_trial__s11__r1__a0.5__paired,eeg_fnirs_single_trial__s11__r1__a0.5__paired,completed,0.4999569212190095,True,stationary_feasible,13,6,3.6669429292854782e-06,69.13826928698627,0.714812874597891,0.8292107620848314,0.5782079240415975,0.26088990933794365,6.938893903907228e-18,True,1.5735380422101397,1.5735380422101397,0.9004599137673093,1.7520245069763685,6.050089552333133,1.8878068376208703,1.925226816304614e-06,0.05426966892442002,0.021242147636627563,0.6769757840083912,599996,True,0.714812874597891,0.8292107620848314,0.5782079240415975,1.5735380422101397,1.7520245069763685,1.5735380422101397,0.9004599137673093
eeg_fnirs_single_trial,eeg_fnirs_single_trial__prefrontal,11,0,0.5,wrong_pair,11,eeg_fnirs_single_trial__s11__r0__a0.5__wrong_pair,eeg_fnirs_single_trial__s11__r0__a0.5__wrong_pair,completed,0.49999473517246285,True,stationary_feasible,15,7,2.0944191140285877e-06,141.39596104010823,0.7429945961954343,0.7982043893998079,0.6833386369100704,0.3981699643005816,6.938893903907228e-18,True,1.4133013398049685,1.4133013398049685,1.0747515608035378,1.5002859335491197,7.115223409607083,2.258576511174289,1.005797541407527e-06,0.06140826043482375,0.020481066749757502,0.7816509029362351,599988,True,0.7429945961954343,0.7982043893998079,0.6833386369100704,1.4133013398049685,1.5002859335491197,1.4133013398049685,1.0747515608035378
eeg_fnirs_single_trial,eeg_fnirs_single_trial__prefrontal,11,1,0.5,wrong_pair,11,eeg_fnirs_single_trial__s11__r1__a0.5__wrong_pair,eeg_fnirs_single_trial__s11__r1__a0.5__wrong_pair,completed,0.4999569212190095,True,stationary_feasible,15,7,6.265884624770671e-06,212.40021576928623,0.7383922146937197,0.8117053980039717,0.6569478459450235,0.4907440765825038,6.938893903907228e-18,True,1.3746976259333665,1.3746976259333663,1.15402414669187,1.5634725884733525,7.1728222742485235,2.23319640416175,1.6178419882218179e-06,0.047323093392048696,0.020179399654582923,0.7717407599557191,600000,True,0.7383922146937197,0.8117053980039717,0.6569478459450235,1.3746976259333665,1.5634725884733525,1.3746976259333663,1.15402414669187
eeg_fnirs_single_trial,eeg_fnirs_single_trial__prefrontal,11,0,0.5,Hb_only,11,eeg_fnirs_single_trial__s11__r0__a0.5__Hb_only,eeg_fnirs_single_trial__s11__r0__a0.5__Hb_only,completed,0.49999473517246285,True,stationary_feasible,11,5,9.97137142107833e-06,29.54608506146437,0.8056942203727422,0.9939446491854046,0.5570999801110971,0.2264056680548505,6.938893903907228e-18,True,1.3701014991071263,1.3701014991071263,2.5028035626922343,1.514868657747495,5.235737671477151,1.5295034024365555,1.4740856661494605e-06,0.06224832474181152,0.01802938914784097,0.5343545709038153,598856,True,0.8056942203727422,0.9939446491854046,0.5570999801110971,1.3701014991071263,1.514868657747495,1.3701014991071263,2.5028035626922343
eeg_fnirs_single_trial,eeg_fnirs_single_trial__prefrontal,11,1,0.5,Hb_only,11,eeg_fnirs_single_trial__s11__r1__a0.5__Hb_only,eeg_fnirs_single_trial__s11__r1__a0.5__Hb_only,completed,0.4999569212190095,True,stationary_feasible,13,6,9.167347208379735e-06,23.464130442605526,0.9723672877045838,1.0977304055040482,0.8282416562983632,0.1838575564110201,6.938893903907228e-18,True,1.5213840066806281,1.521384006680628,3.0005171540892426,1.7902913312841708,5.718437813211284,1.6628697903761216,1.8875936734955462e-06,0.06550159259058219,0.013102404539990993,0.6688358070096001,599132,True,0.9723672877045838,1.0977304055040482,0.8282416562983632,1.5213840066806281,1.7902913312841708,1.521384006680628,3.0005171540892426
eeg_fnirs_single_trial,eeg_fnirs_single_trial__prefrontal,11,0,1.0,paired,11,eeg_fnirs_single_trial__s11__r0__a1__paired,eeg_fnirs_single_trial__s11__r0__a1__paired,completed,0.9999572420969883,True,stationary_feasible,15,7,4.917304964691146e-06,151.17862395945397,1.2212394783046767,1.5516153355808506,0.758512740255615,0.3931620193740496,6.938893903907228e-18,True,1.591871039432165,1.591871039432165,1.6899844759411131,1.3843362828565549,12.787032466390174,4.024829395999334,6.497942748022959e-07,0.062085621118150955,0.026983848331493112,0.7872939059743658,600820,True,1.2212394783046767,1.5516153355808506,0.758512740255615,1.591871039432165,1.3843362828565549,1.591871039432165,1.6899844759411131
eeg_fnirs_single_trial,eeg_fnirs_single_trial__prefrontal,11,1,1.0,paired,11,eeg_fnirs_single_trial__s11__r1__a1__paired,eeg_fnirs_single_trial__s11__r1__a1__paired,completed,0.9999998419897834,True,stationary_feasible,13,6,2.1546273661216103e-06,71.5987012932006,0.7069016819253867,0.8136101785054843,0.5809117430816451,0.2603460989360509,3.469446951953614e-18,True,1.5605029997096687,1.5605029997096687,0.9952450353932926,1.7566498428434725,7.1024199361768945,2.1648473423509436,1.932197557063352e-06,0.05498383949705918,0.02047531724484659,0.651460719993338,599984,True,0.7069016819253867,0.8136101785054843,0.5809117430816451,1.5605029997096687,1.7566498428434725,1.5605029997096687,0.9952450353932926
eeg_fnirs_single_trial,eeg_fnirs_single_trial__prefrontal,11,0,1.0,wrong_pair,11,eeg_fnirs_single_trial__s11__r0__a1__wrong_pair,eeg_fnirs_single_trial__s11__r0__a1__wrong_pair,completed,0.9999572420969883,True,stationary_feasible,19,9,1.4387890982141561e-06,319.348283792629,1.102647907001541,1.185764039811005,1.0127331610650667,0.594817260430014,1.3877787807814457e-17,True,1.7142649127595446,1.7142649127595446,1.6865899085243632,1.4747778439304722,11.575871019328268,3.7258698291549757,1.0351746049259923e-06,0.06536441877935865,0.029542993556631692,0.9545038789510727,600000,True,1.102647907001541,1.185764039811005,1.0127331610650667,1.7142649127595446,1.4747778439304722,1.7142649127595446,1.6865899085243632
eeg_fnirs_single_trial,eeg_fnirs_single_trial__prefrontal,11,1,1.0,wrong_pair,11,eeg_fnirs_single_trial__s11__r1__a1__wrong_pair,eeg_fnirs_single_trial__s11__r1__a1__wrong_pair,completed,0.9999998419897834,True,stationary_feasible,23,11,8.331680713150246e-06,650.0681645270233,1.258006560187118,1.4802574661532786,0.9869137980822463,0.8682846834178934,1.3877787807814457e-17,True,1.5719273428401737,1.5719273428401737,1.9829674093394325,1.401727853735534,12.634905853727526,3.8605719073032194,1.19328895762457e-06,0.049300356020776585,0.028441931085705266,1.0552425789646804,601248,True,1.258006560187118,1.4802574661532786,0.9869137980822463,1.5719273428401737,1.401727853735534,1.5719273428401737,1.9829674093394325
eeg_fnirs_single_trial,eeg_fnirs_single_trial__prefrontal,11,0,1.0,Hb_only,11,eeg_fnirs_single_trial__s11__r0__a1__Hb_only,eeg_fnirs_single_trial__s11__r0__a1__Hb_only,completed,0.9999572420969883,True,stationary_feasible,13,6,2.4900030319004684e-06,30.548450281583175,0.9245098977222768,1.127113274323868,0.6626105710112373,0.2280431969765779,6.938893903907228e-18,True,1.52620300433865,1.52620300433865,2.615096416276216,1.4956522464216313,8.08260429181905,2.4885975239744327,1.4204895070372165e-06,0.06526710989075134,0.022898992444222024,0.6336393140954897,600688,True,0.9245098977222768,1.127113274323868,0.6626105710112373,1.52620300433865,1.4956522464216313,1.52620300433865,2.615096416276216
eeg_fnirs_single_trial,eeg_fnirs_single_trial__prefrontal,11,1,1.0,Hb_only,11,eeg_fnirs_single_trial__s11__r1__a1__Hb_only,eeg_fnirs_single_trial__s11__r1__a1__Hb_only,completed,0.9999998419897834,True,stationary_feasible,13,6,8.757532420484961e-06,25.00678356472671,1.4414278391209756,1.6791264501001475,1.1558385680362144,0.1847977758456891,6.938893903907228e-18,True,1.7620419800111344,1.7620419800111344,4.211470900140444,1.7985087387056864,9.874447667305683,2.9539436129631054,1.9311354253381513e-06,0.07646409223168318,0.01953147247357377,0.6643700969871134,599992,True,1.4414278391209756,1.6791264501001475,1.1558385680362144,1.7620419800111344,1.7985087387056864,1.7620419800111344,4.211470900140444
eeg_fnirs_single_trial,eeg_fnirs_single_trial__prefrontal,12,0,0.0,paired,12,eeg_fnirs_single_trial__s12__r0__a0__paired,eeg_fnirs_single_trial__s12__r0__a0__paired,completed,0.0,True,stationary_feasible,15,7,4.4322374200695387e-07,82.54965199140474,1.290571705568993,1.6596206429544733,0.7594800694619308,0.30530803999456574,3.469446951953614e-18,True,0.7588909090860055,0.7588909090860055,0.9072032947267855,1.2863244384044958,6.0396720374978115,1.917581992894168,6.571054650688733e-07,0.01566436343561523,0.013938627110183613,0.7654596060747281,599984,True,1.290571705568993,1.6596206429544733,0.7594800694619308,0.7588909090860055,1.2863244384044958,0.7588909090860055,0.9072032947267855
eeg_fnirs_single_trial,eeg_fnirs_single_trial__prefrontal,12,1,0.0,paired,12,eeg_fnirs_single_trial__s12__r1__a0__paired,eeg_fnirs_single_trial__s12__r1__a0__paired,completed,0.0,True,stationary_feasible,9,4,6.396851170119261e-06,23.85275990759209,0.6270172732153946,0.8216621951374053,0.33342549228113616,0.16458909263237428,1.734723475976807e-18,True,0.5414504719917865,0.5414504719917865,0.4284547418732538,0.9238070082536344,1.8339303147376518,0.5612155492491068,4.154956312898977e-07,0.0255019292489011,0.006136256342682247,0.48536610906012356,599992,True,0.6270172732153946,0.8216621951374053,0.33342549228113616,0.5414504719917865,0.9238070082536344,0.5414504719917865,0.4284547418732538
eeg_fnirs_single_trial,eeg_fnirs_single_trial__prefrontal,12,0,0.0,wrong_pair,12,eeg_fnirs_single_trial__s12__r0__a0__wrong_pair,eeg_fnirs_single_trial__s12__r0__a0__wrong_pair,completed,0.0,True,stationary_feasible,15,7,3.0925923258801395e-06,112.54728298834219,1.2025064884281778,1.5753337903252262,0.640599062193577,0.3597805921755433,6.938893903907228e-18,True,0.7581170311708776,0.7581170311708776,1.0374204584342033,1.281888120672479,7.1866162872472605,2.3270349037115587,8.910019953133718e-07,0.019578439566074753,0.012618123092371907,0.763370024971664,600816,True,1.2025064884281778,1.5753337903252262,0.640599062193577,0.7581170311708776,1.281888120672479,0.7581170311708776,1.0374204584342033
eeg_fnirs_single_trial,eeg_fnirs_single_trial__prefrontal,12,1,0.0,wrong_pair,12,eeg_fnirs_single_trial__s12__r1__a0__wrong_pair,eeg_fnirs_single_trial__s12__r1__a0__wrong_pair,completed,0.0,True,stationary_feasible,11,5,4.32953234284637e-07,30.30280068448265,0.6414365839611648,0.8688273419231274,0.26080803748030806,0.18069556513885934,1.734723475976807e-18,True,0.3775357182544429,0.3775357182544429,0.7267069268863777,0.8763472012905623,3.6655194896735006,1.1383751757966771,3.263794394983593e-07,0.017747871800940316,0.0035963768887533358,0.5840197550132871,600716,True,0.6414365839611648,0.8688273419231274,0.26080803748030806,0.3775357182544429,0.8763472012905623,0.3775357182544429,0.7267069268863777
eeg_fnirs_single_trial,eeg_fnirs_single_trial__prefrontal,12,0,0.0,Hb_only,12,eeg_fnirs_single_trial__s12__r0__a0__Hb_only,eeg_fnirs_single_trial__s12__r0__a0__Hb_only,completed,0.0,True,stationary_feasible,11,5,6.518241762796873e-06,21.934350104732474,1.3035114854033498,1.7654605064827078,0.5305031434465927,0.1965597954280318,3.469446951953614e-18,True,0.8217695521549869,0.8217695521549869,2.5302516680064833,1.2686687278981532,3.9509628921758266,1.1442012820249885,7.094840964706548e-07,0.033339081412902545,0.008526940734225068,0.5266780100064352,599968,True,1.3035114854033498,1.7654605064827078,0.5305031434465927,0.8217695521549869,1.2686687278981532,0.8217695521549869,2.5302516680064833
eeg_fnirs_single_trial,eeg_fnirs_single_trial__prefrontal,12,1,0.0,Hb_only,12,eeg_fnirs_single_trial__s12__r1__a0__Hb_only,eeg_fnirs_single_trial__s12__r1__a0__Hb_only,completed,0.0,True,stationary_feasible,7,3,5.746709751923232e-06,3.8060275673808523,0.5998496010264683,0.7880878052403315,0.3139374124482521,0.08144292658320146,8.673617379884035e-19,True,0.47389095114600205,0.47389095114600205,1.3030034099693077,0.871368360226948,1.9380184829143088,0.5359016599941581,3.547524645079835e-07,0.02144167794244215,0.006293256487202152,0.3559615919366479,600540,True,0.5998496010264683,0.7880878052403315,0.3139374124482521,0.47389095114600205,0.871368360226948,0.47389095114600205,1.3030034099693077
eeg_fnirs_single_trial,eeg_fnirs_single_trial__prefrontal,12,0,0.25,paired,12,eeg_fnirs_single_trial__s12__r0__a0.25__paired,eeg_fnirs_single_trial__s12__r0__a0.25__paired,completed,0.2500006822822009,True,stationary_feasible,15,7,3.497972401088482e-07,83.66954214928106,1.2888368208399588,1.6577147012575608,0.7577484217999138,0.30704918519758934,6.938893903907228e-18,True,0.7529219323492364,0.7529219323492364,0.7949327267421643,1.2876894217811672,5.042336666204767,1.5858431847325125,6.120382704196208e-07,0.01525650949214168,0.013915360639185968,0.7750706310616806,599996,True,1.2888368208399588,1.6577147012575608,0.7577484217999138,0.7529219323492364,1.2876894217811672,0.7529219323492364,0.7949327267421643
eeg_fnirs_single_trial,eeg_fnirs_single_trial__prefrontal,12,1,0.25,paired,12,eeg_fnirs_single_trial__s12__r1__a0.25__paired,eeg_fnirs_single_trial__s12__r1__a0.25__paired,completed,0.2500000257280416,True,stationary_feasible,9,4,6.35669030238218e-07,24.08054849429116,0.6282647316622941,0.8234102047134025,0.3338094978804846,0.1647948065683383,1.734723475976807e-18,True,0.5459948024154062,0.5459948024154062,0.4662500026389176,0.9267938523538376,2.332568211495939,0.7319683482425178,4.182018381414306e-07,0.025722227910709005,0.00618055100959684,0.46852722798939794,594132,True,0.6282647316622941,0.8234102047134025,0.3338094978804846,0.5459948024154062,0.9267938523538376,0.5459948024154062,0.4662500026389176
eeg_fnirs_single_trial,eeg_fnirs_single_trial__prefrontal,12,0,0.25,wrong_pair,12,eeg_fnirs_single_trial__s12__r0__a0.25__wrong_pair,eeg_fnirs_single_trial__s12__r0__a0.25__wrong_pair,completed,0.2500006822822009,True,stationary_feasible,15,7,1.5343988275548745e-06,98.68335821294743,1.2392883272727229,1.6184029431886757,0.6726388553355207,0.3354908127655372,6.938893903907228e-18,True,0.7850364881956272,0.7850364881956271,0.9130140154064417,1.277301628835674,6.1825895402450115,1.9939428381321032,9.09659469930813e-07,0.02161658603013034,0.012415777709484464,0.7659137189621106,600000,True,1.2392883272727229,1.6184029431886757,0.6726388553355207,0.7850364881956272,1.277301628835674,0.7850364881956271,0.9130140154064417
eeg_fnirs_single_trial,eeg_fnirs_single_trial__prefrontal,12,1,0.25,wrong_pair,12,eeg_fnirs_single_trial__s12__r1__a0.25__wrong_pair,eeg_fnirs_single_trial__s12__r1__a0.25__wrong_pair,completed,0.2500000257280416,True,stationary_feasible,11,5,5.403818965603095e-06,59.571611392705805,0.7806064153870483,0.9298478365412327,0.5950426475190019,0.24311857310819307,3.469446951953614e-18,True,0.8844413487829086,0.8844413487829086,0.9468896666007096,0.9232422808271035,5.577644175724015,1.716341569830662,3.1806254129897715e-07,0.03454048784874506,0.015144637204180281,0.5953762740828097,600808,True,0.7806064153870483,0.9298478365412327,0.5950426475190019,0.8844413487829086,0.9232422808271035,0.8844413487829086,0.9468896666007096
eeg_fnirs_single_trial,eeg_fnirs_single_trial__prefrontal,12,0,0.25,Hb_only,12,eeg_fnirs_single_trial__s12__r0__a0.25__Hb_only,eeg_fnirs_single_trial__s12__r0__a0.25__Hb_only,completed,0.2500006822822009,True,stationary_feasible,11,5,6.789905136160537e-06,22.30421125174099,1.1753445068575283,1.573801359350096,0.5348071623567907,0.1969956673933549,3.469446951953614e-18,True,0.8445077951367345,0.8445077951367345,3.014781862336283,1.2678275817935254,4.012520146967817,1.168782397643665,6.922845814137719e-07,0.02903322815220879,0.011246956551692534,0.5328354520024732,598856,True,1.1753445068575283,1.573801359350096,0.5348071623567907,0.8445077951367345,1.2678275817935254,0.8445077951367345,3.014781862336283
eeg_fnirs_single_trial,eeg_fnirs_single_trial__prefrontal,12,1,0.25,Hb_only,12,eeg_fnirs_single_trial__s12__r1__a0.25__Hb_only,eeg_fnirs_single_trial__s12__r1__a0.25__Hb_only,completed,0.2500000257280416,True,stationary_feasible,7,3,3.504147059442958e-06,3.8578133171964804,0.7462472437148898,0.958603343516035,0.4414176336577626,0.08158497454940422,8.673617379884035e-19,True,0.6269675953637106,0.6269675953637107,1.4193295487314068,0.8736575428422366,3.2700697132722563,0.9662211634303762,3.4949925285943953e-07,0.0254607145938705,0.01021852000871003,0.396864257985726,594128,True,0.7462472437148898,0.958603343516035,0.4414176336577626,0.6269675953637106,0.8736575428422366,0.6269675953637107,1.4193295487314068
eeg_fnirs_single_trial,eeg_fnirs_single_trial__prefrontal,12,0,0.5,paired,12,eeg_fnirs_single_trial__s12__r0__a0.5__paired,eeg_fnirs_single_trial__s12__r0__a0.5__paired,completed,0.5000021609976086,True,stationary_feasible,15,7,3.249719397176175e-07,84.95660918817154,1.2852114082680317,1.6527556426897856,0.7562641823077892,0.30855739223482487,3.469446951953614e-18,True,0.7482028174291747,0.7482028174291747,0.6930665718956255,1.2892134373437154,4.085786288857139,1.2692535860047913,5.678199264819489e-07,0.01476124264117955,0.013940553343034179,0.7175316440407187,599956,True,1.2852114082680317,1.6527556426897856,0.7562641823077892,0.7482028174291747,1.2892134373437154,0.7482028174291747,0.6930665718956255
eeg_fnirs_single_trial,eeg_fnirs_single_trial__prefrontal,12,1,0.5,paired,12,eeg_fnirs_single_trial__s12__r1__a0.5__paired,eeg_fnirs_single_trial__s12__r1__a0.5__paired,completed,0.500000077031925,True,stationary_feasible,9,4,6.03503807496887e-06,24.664091231942027,0.6305577646504836,0.8262620917923721,0.33540594030059034,0.1653518069912751,1.734723475976807e-18,True,0.5515246490699265,0.5515246490699265,0.5180920785340972,0.9295804373565221,2.9286371264428714,0.9325864245663623,4.226264929827303e-07,0.02596109761091773,0.0062705898404242745,0.4974088480230421,599996,True,0.6305577646504836,0.8262620917923721,0.33540594030059034,0.5515246490699265,0.9295804373565221,0.5515246490699265,0.5180920785340972
eeg_fnirs_single_trial,eeg_fnirs_single_trial__prefrontal,12,0,0.5,wrong_pair,12,eeg_fnirs_single_trial__s12__r0__a0.5__wrong_pair,eeg_fnirs_single_trial__s12__r0__a0.5__wrong_pair,completed,0.5000021609976086,True,stationary_feasible,15,7,7.014019503950591e-07,103.59234605779433,1.2878681946931978,1.6755157187374143,0.7140420506304082,0.34134968380378794,6.938893903907228e-18,True,0.8382324907634756,0.8382324907634757,0.8346040979850745,1.2739878521022463,5.46507594575567,1.7462231032847504,9.237336571608781e-07,0.024438953481447045,0.012826204312418378,0.7679866469698027,599136,True,1.2878681946931978,1.6755157187374143,0.7140420506304082,0.8382324907634756,1.2739878521022463,0.8382324907634757,0.8346040979850745
eeg_fnirs_single_trial,eeg_fnirs_single_trial__prefrontal,12,1,0.5,wrong_pair,12,eeg_fnirs_single_trial__s12__r1__a0.5__wrong_pair,eeg_fnirs_single_trial__s12__r1__a0.5__wrong_pair,completed,0.500000077031925,True,stationary_feasible,13,6,8.0610948481126e-06,125.47868322556835,1.2678403937976401,1.4785206285211403,1.0143053185936488,0.35137575555373995,3.469446951953614e-18,True,1.5018490602320171,1.5018490602320174,1.3894853456379932,0.9675839414811734,8.770079336536392,2.683138614567638,3.062413247600508e-07,0.0526554039451323,0.028173045046078496,0.6784224319271743,599132,True,1.2678403937976401,1.4785206285211403,1.0143053185936488,1.5018490602320171,0.9675839414811734,1.5018490602320174,1.3894853456379932
eeg_fnirs_single_trial,eeg_fnirs_single_trial__prefrontal,12,0,0.5,Hb_only,12,eeg_fnirs_single_trial__s12__r0__a0.5__Hb_only,eeg_fnirs_single_trial__s12__r0__a0.5__Hb_only,completed,0.5000021609976086,True,stationary_feasible,11,5,7.17192770331095e-06,22.79102172699266,1.075731551374507,1.405806341177519,0.5814682040750676,0.19747104212398162,3.469446951953614e-18,True,0.9189032499817495,0.9189032499817495,3.516735191404928,1.2670195976816108,4.480644541018392,1.3159578911330314,6.757773670466635e-07,0.025316163822988656,0.014860543054844938,0.5764697599224746,600000,True,1.075731551374507,1.405806341177519,0.5814682040750676,0.9189032499817495,1.2670195976816108,0.9189032499817495,3.516735191404928
eeg_fnirs_single_trial,eeg_fnirs_single_trial__prefrontal,12,1,0.5,Hb_only,12,eeg_fnirs_single_trial__s12__r1__a0.5__Hb_only,eeg_fnirs_single_trial__s12__r1__a0.5__Hb_only,completed,0.500000077031925,True,stationary_feasible,7,3,2.309197513794206e-06,4.021160604283459,0.9490368815062541,1.2005825167648696,0.5999530192913133,0.08190053484511155,1.734723475976807e-18,True,0.8393598320847897,0.8393598320847897,1.6269414438425573,0.8755708392665635,5.38391737749433,1.6151925263743483,3.433372512188512e-07,0.03079731897281829,0.015137808954928483,0.4032284019049257,599988,True,0.9490368815062541,1.2005825167648696,0.5999530192913133,0.8393598320847897,0.8755708392665635,0.8393598320847897,1.6269414438425573
eeg_fnirs_single_trial,eeg_fnirs_single_trial__prefrontal,12,0,1.0,paired,12,eeg_fnirs_single_trial__s12__r0__a1__paired,eeg_fnirs_single_trial__s12__r0__a1__paired,completed,1.0000029814038423,True,stationary_feasible,15,7,2.7487193806904786e-07,88.01390663603507,1.2728974049404707,1.634504228942523,0.7542755017746353,0.3107078575324343,3.469446951953614e-18,True,0.7433857970477745,0.7433857970477745,0.5596862529164679,1.2925575804356555,2.6993018973616283,0.8052561132357521,4.899453675173962e-07,0.013583248212702036,0.014129926872888141,0.7299764760537073,599984,True,1.2728974049404707,1.634504228942523,0.7542755017746353,0.7433857970477745,1.2925575804356555,0.7433857970477745,0.5596862529164679
eeg_fnirs_single_trial,eeg_fnirs_single_trial__prefrontal,12,1,1.0,paired,12,eeg_fnirs_single_trial__s12__r1__a1__paired,eeg_fnirs_single_trial__s12__r1__a1__paired,completed,0.9999990823811795,True,stationary_feasible,11,5,1.369085355293938e-06,27.02168158936919,0.6382642655897115,0.8353791606932406,0.34191256680181364,0.16769315899963022,3.469446951953614e-18,True,0.563592545464343,0.563592545464343,0.6212166497916747,0.9336965730344536,3.976250187417691,1.2867770945270283,4.4368537870167906e-07,0.026399874941609062,0.006555841457919876,0.5474313419545069,600540,True,0.6382642655897115,0.8353791606932406,0.34191256680181364,0.563592545464343,0.9336965730344536,0.563592545464343,0.6212166497916747
eeg_fnirs_single_trial,eeg_fnirs_single_trial__prefrontal,12,0,1.0,wrong_pair,12,eeg_fnirs_single_trial__s12__r0__a1__wrong_pair,eeg_fnirs_single_trial__s12__r0__a1__wrong_pair,completed,1.0000029814038423,True,stationary_feasible,13,6,3.3090307400202523e-06,170.683032310167,1.414048669498839,1.8250459909208911,0.8174805260349974,0.4334135608443802,6.938893903907228e-18,True,1.0046680440269513,1.004668044026951,0.8631230774539285,1.271808735182522,5.355417452344969,1.654388730146447,9.45033150253403e-07,0.03164004486302076,0.015151213625023483,0.7144298180937767,599996,True,1.414048669498839,1.8250459909208911,0.8174805260349974,1.0046680440269513,1.271808735182522,1.004668044026951,0.8631230774539285
eeg_fnirs_single_trial,eeg_fnirs_single_trial__prefrontal,12,1,1.0,wrong_pair,12,eeg_fnirs_single_trial__s12__r1__a1__wrong_pair,eeg_fnirs_single_trial__s12__r1__a1__wrong_pair,completed,0.9999990823811795,True,stationary_feasible,21,10,6.9813683621400814e-06,370.9739213000938,2.4744180254099817,2.9369315532287237,1.9026093084491054,0.6090192504696912,6.938893903907228e-18,True,2.7949349137102724,2.7949349137102724,2.4412912409585,1.0468854470824391,15.913628025780845,4.91679672782366,2.9651393769537317e-07,0.08975745464838555,0.054964981012241586,0.9649482779204845,600692,True,2.4744180254099817,2.9369315532287237,1.9026093084491054,2.7949349137102724,1.0468854470824391,2.7949349137102724,2.4412912409585
eeg_fnirs_single_trial,eeg_fnirs_single_trial__prefrontal,12,0,1.0,Hb_only,12,eeg_fnirs_single_trial__s12__r0__a1__Hb_only,eeg_fnirs_single_trial__s12__r0__a1__Hb_only,completed,1.0000029814038423,True,stationary_feasible,11,5,8.408609267808407e-06,24.141508955053702,0.9934391012865442,1.1794282409037542,0.7634078336568924,0.1985761648344179,3.469446951953614e-18,True,1.1760430588857096,1.1760430588857096,4.5493697168922775,1.2655234058370264,6.206582846663744,1.8396293882779982,6.454311044925364e-07,0.020897437996710018,0.023007220288064626,0.5759846529690549,600820,True,0.9934391012865442,1.1794282409037542,0.7634078336568924,1.1760430588857096,1.2655234058370264,1.1760430588857096,4.5493697168922775
eeg_fnirs_single_trial,eeg_fnirs_single_trial__prefrontal,12,1,1.0,Hb_only,12,eeg_fnirs_single_trial__s12__r1__a1__Hb_only,eeg_fnirs_single_trial__s12__r1__a1__Hb_only,completed,0.9999990823811795,True,stationary_feasible,7,3,7.93712965718219e-06,4.724014531181908,1.4208151132365852,1.773211955638055,0.9450664169174804,0.08317810053396006,8.673617379884035e-19,True,1.3207614897558448,1.3207614897558448,2.2080434870389434,0.8782848148150157,9.979588883053667,2.9998760828927264,3.289925999457738e-07,0.04323484735645546,0.0255764737760661,0.39328917395323515,599992,True,1.4208151132365852,1.773211955638055,0.9450664169174804,1.3207614897558448,0.8782848148150157,1.3207614897558448,2.2080434870389434
eeg_fnirs_single_trial,eeg_fnirs_single_trial__prefrontal,13,0,0.0,paired,13,eeg_fnirs_single_trial__s13__r0__a0__paired,eeg_fnirs_single_trial__s13__r0__a0__paired,completed,0.0,True,stationary_feasible,11,5,5.263073119360898e-06,69.40143517964266,1.087414433326238,1.2219041452895176,0.9337508015186601,0.27867368098610396,6.938893903907228e-18,True,0.8924127710409477,0.8924127710409477,1.001771757597908,1.2196781834484118,5.619593398678644,1.7529938337504962,3.457987037752349e-07,0.01775105242845244,0.018665934058974876,0.5346510609379038,599968,True,1.087414433326238,1.2219041452895176,0.9337508015186601,0.8924127710409477,1.2196781834484118,0.8924127710409477,1.001771757597908
eeg_fnirs_single_trial,eeg_fnirs_single_trial__prefrontal,13,1,0.0,paired,13,eeg_fnirs_single_trial__s13__r1__a0__paired,eeg_fnirs_single_trial__s13__r1__a0__paired,completed,0.0,True,stationary_feasible,17,8,4.881072186230734e-06,129.56048161382438,0.5851001601153335,0.7133431866795349,0.4193159819895542,0.38188661151852893,3.469446951953614e-18,True,1.255690376235966,1.255690376235966,0.9855863007441418,1.2661564914484913,6.273504300048714,2.0329324664971185,1.8831073712002275e-06,0.04776669387407689,0.014212227034125712,0.7844453499419615,594132,True,0.5851001601153335,0.7133431866795349,0.4193159819895542,1.255690376235966,1.2661564914484913,1.255690376235966,0.9855863007441418
eeg_fnirs_single_trial,eeg_fnirs_single_trial__prefrontal,13,0,0.0,wrong_pair,13,eeg_fnirs_single_trial__s13__r0__a0__wrong_pair,eeg_fnirs_single_trial__s13__r0__a0__wrong_pair,completed,0.0,True,stationary_feasible,11,5,5.601395186326617e-06,90.57684263769877,0.9004152210103554,0.754739595599843,1.0256038627501556,0.32195040060046737,6.938893903907228e-18,True,0.7050966038486663,0.7050966038486663,0.7539028650953286,1.3746083852697641,3.646110591081713,1.140860297569224,7.585418908704578e-07,0.020313923222445008,0.01151204680566484,0.5874916618922725,600716,True,0.9004152210103554,0.754739595599843,1.0256038627501556,0.7050966038486663,1.3746083852697641,0.7050966038486663,0.7539028650953286
eeg_fnirs_single_trial,eeg_fnirs_single_trial__prefrontal,13,1,0.0,wrong_pair,13,eeg_fnirs_single_trial__s13__r1__a0__wrong_pair,eeg_fnirs_single_trial__s13__r1__a0__wrong_pair,completed,0.0,True,stationary_feasible,15,7,5.547407436713974e-06,101.23621421180671,0.7716403728298995,0.9486354221274702,0.5393964829762695,0.33039864565369914,6.938893903907228e-18,True,1.3957001057712575,1.3957001057712575,1.116910936040961,1.3627843838673235,7.103305694450519,2.3146073936510003,2.2937374383938197e-06,0.05911165813890036,0.013072532826256221,0.7598279119702056,594128,True,0.7716403728298995,0.9486354221274702,0.5393964829762695,1.3957001057712575,1.3627843838673235,1.3957001057712575,1.116910936040961
eeg_fnirs_single_trial,eeg_fnirs_single_trial__prefrontal,13,0,0.0,Hb_only,13,eeg_fnirs_single_trial__s13__r0__a0__Hb_only,eeg_fnirs_single_trial__s13__r0__a0__Hb_only,completed,0.0,True,stationary_feasible,11,5,5.8666096461862044e-06,28.60160022216429,0.8922077121647202,0.5376172356580364,1.1415064218898725,0.2282209491702253,6.938893903907228e-18,True,0.5848986040025967,0.5848986040025967,1.0310866423267082,1.3511087694946489,2.2144941662987994,0.6783091839492876,7.925538908330702e-07,0.021487733489466792,0.007077079208986479,0.5571493139723316,599984,True,0.8922077121647202,0.5376172356580364,1.1415064218898725,0.5848986040025967,1.3511087694946489,0.5848986040025967,1.0310866423267082
eeg_fnirs_single_trial,eeg_fnirs_single_trial__prefrontal,13,1,0.0,Hb_only,13,eeg_fnirs_single_trial__s13__r1__a0__Hb_only,eeg_fnirs_single_trial__s13__r1__a0__Hb_only,completed,0.0,True,stationary_feasible,17,8,4.708572816368907e-06,40.84471839150028,1.0538452122569537,1.3219119352262847,0.688279229891551,0.25367294473162044,6.938893903907228e-18,True,1.6238606060029976,1.6238606060029976,2.0209129501146124,1.4645786106639238,7.636913097367123,2.5140465252209854,2.5057304027887155e-06,0.07338032802666389,0.01565609776881568,0.8344528450397775,600000,True,1.0538452122569537,1.3219119352262847,0.688279229891551,1.6238606060029976,1.4645786106639238,1.6238606060029976,2.0209129501146124
eeg_fnirs_single_trial,eeg_fnirs_single_trial__prefrontal,13,0,0.25,paired,13,eeg_fnirs_single_trial__s13__r0__a0.25__paired,eeg_fnirs_single_trial__s13__r0__a0.25__paired,completed,0.25001054427347813,True,stationary_feasible,11,5,6.3039640917084545e-06,69.6180000622609,1.0859094948934376,1.2184819858072722,0.9347194833010642,0.27881865574590137,6.938893903907228e-18,True,0.8886092104343287,0.8886092104343288,1.003108083149288,1.216368596576717,5.641729991629827,1.751882902041696,3.8829098137944943e-07,0.017653322195800427,0.0186098190007104,0.5443753409199417,598860,True,1.0859094948934376,1.2184819858072722,0.9347194833010642,0.8886092104343287,1.216368596576717,0.8886092104343288,1.003108083149288
eeg_fnirs_single_trial,eeg_fnirs_single_trial__prefrontal,13,1,0.25,paired,13,eeg_fnirs_single_trial__s13__r1__a0.25__paired,eeg_fnirs_single_trial__s13__r1__a0.25__paired,completed,0.2500144602285503,True,stationary_feasible,17,8,4.41435476193693e-06,130.14952525107853,0.5824077135223198,0.709885443529907,0.4176842666475963,0.38295192340702494,3.469446951953614e-18,True,1.2431747900424386,1.2431747900424386,0.9484242072820589,1.2584237899235287,5.964552199269233,1.9096390581707912,1.6905901816281935e-06,0.047301965697201465,0.014048667333962536,0.85827878897544,600000,True,0.5824077135223198,0.709885443529907,0.4176842666475963,1.2431747900424386,1.2584237899235287,1.2431747900424386,0.9484242072820589
eeg_fnirs_single_trial,eeg_fnirs_single_trial__prefrontal,13,0,0.25,wrong_pair,13,eeg_fnirs_single_trial__s13__r0__a0.25__wrong_pair,eeg_fnirs_single_trial__s13__r0__a0.25__wrong_pair,completed,0.25001054427347813,True,stationary_feasible,15,7,5.584045759307203e-07,114.37028923922165,0.9582544534443512,0.8601684662491379,1.047193107675213,0.36154248599298006,6.938893903907228e-18,True,0.7797520289019279,0.7797520289019279,0.9166745033860632,1.4064519350441076,5.249711066853964,1.670900582054174,1.1233839723004756e-06,0.024217704194713294,0.012436590598695762,0.7702334040077403,600808,True,0.9582544534443512,0.8601684662491379,1.047193107675213,0.7797520289019279,1.4064519350441076,0.7797520289019279,0.9166745033860632
eeg_fnirs_single_trial,eeg_fnirs_single_trial__prefrontal,13,1,0.25,wrong_pair,13,eeg_fnirs_single_trial__s13__r1__a0.25__wrong_pair,eeg_fnirs_single_trial__s13__r1__a0.25__wrong_pair,completed,0.2500144602285503,True,stationary_feasible,15,7,3.5571570152556155e-06,115.25883938870611,0.6844399598728957,0.8437943676923819,0.47426488631590213,0.35054876571968807,6.938893903907228e-18,True,1.4222659206618815,1.4222659206618815,1.2737417414071508,1.3845000642491536,8.680939152325157,2.831209613178162,2.32916126901405e-06,0.05674986830320813,0.015204365162570017,0.7795978150097653,600816,True,0.6844399598728957,0.8437943676923819,0.47426488631590213,1.4222659206618815,1.3845000642491536,1.4222659206618815,1.2737417414071508
eeg_fnirs_single_trial,eeg_fnirs_single_trial__prefrontal,13,0,0.25,Hb_only,13,eeg_fnirs_single_trial__s13__r0__a0.25__Hb_only,eeg_fnirs_single_trial__s13__r0__a0.25__Hb_only,completed,0.25001054427347813,True,stationary_feasible,11,5,3.5989387314104755e-06,28.891128745482238,0.897301183361474,0.610346164670857,1.1125539926652452,0.229099973871401,6.938893903907228e-18,True,0.6388446087926377,0.6388446087926377,0.6770145001112633,1.349418686586443,2.782683233774652,0.8693220955649632,8.957412365446453e-07,0.020953742336338912,0.009351112256359699,0.5814245520159602,599988,True,0.897301183361474,0.610346164670857,1.1125539926652452,0.6388446087926377,1.349418686586443,0.6388446087926377,0.6770145001112633
eeg_fnirs_single_trial,eeg_fnirs_single_trial__prefrontal,13,1,0.25,Hb_only,13,eeg_fnirs_single_trial__s13__r1__a0.25__Hb_only,eeg_fnirs_single_trial__s13__r1__a0.25__Hb_only,completed,0.2500144602285503,True,stationary_feasible,17,8,4.701252372218899e-06,40.75148850704672,0.9378159506549895,1.183655413749688,0.5982953920154312,0.2531501252974561,6.938893903907228e-18,True,1.5863820671110285,1.5863820671110285,2.1287471977405636,1.4664678950465566,7.772354035360762,2.5561484413672044,2.4046334389993606e-06,0.07175202779801786,0.014425393903605529,0.8469122590031475,599996,True,0.9378159506549895,1.183655413749688,0.5982953920154312,1.5863820671110285,1.4664678950465566,1.5863820671110285,2.1287471977405636
eeg_fnirs_single_trial,eeg_fnirs_single_trial__prefrontal,13,0,0.5,paired,13,eeg_fnirs_single_trial__s13__r0__a0.5__paired,eeg_fnirs_single_trial__s13__r0__a0.5__paired,completed,0.5000223970714874,True,stationary_feasible,11,5,7.707960270410192e-06,70.17885851186543,1.08431609842017,1.2149057072632814,0.9356745828787834,0.27889510060622186,6.938893903907228e-18,True,0.8846337787352657,0.8846337787352656,1.006763085476847,1.2134870448391113,5.688079241979525,1.7594744076403714,4.404617055547572e-07,0.0175696915778173,0.01854403802471992,0.545358342002146,601248,True,1.08431609842017,1.2149057072632814,0.9356745828787834,0.8846337787352657,1.2134870448391113,0.8846337787352656,1.006763085476847
eeg_fnirs_single_trial,eeg_fnirs_single_trial__prefrontal,13,1,0.5,paired,13,eeg_fnirs_single_trial__s13__r1__a0.5__paired,eeg_fnirs_single_trial__s13__r1__a0.5__paired,completed,0.5000236347191784,True,stationary_feasible,17,8,3.694756436544947e-06,131.3336944251289,0.5795382501656731,0.7059166182412568,0.41642633790504685,0.38431907490556183,3.469446951953614e-18,True,1.2258511212595216,1.2258511212595216,0.8866762969105226,1.2460049768279722,5.427547909303099,1.714367301051216,1.4635622725261976e-06,0.046504899709239725,0.013925228095185942,0.8554702280089259,600000,True,0.5795382501656731,0.7059166182412568,0.41642633790504685,1.2258511212595216,1.2460049768279722,1.2258511212595216,0.8866762969105226
eeg_fnirs_single_trial,eeg_fnirs_single_trial__prefrontal,13,0,0.5,wrong_pair,13,eeg_fnirs_single_trial__s13__r0__a0.5__wrong_pair,eeg_fnirs_single_trial__s13__r0__a0.5__wrong_pair,completed,0.5000223970714874,True,stationary_feasible,15,7,5.0100398100826845e-06,185.18491346177456,1.1010006687747222,1.0852652583395597,1.1165143368205979,0.45900605485964135,6.938893903907228e-18,True,0.9706410034645012,0.9706410034645013,1.3786713831626667,1.4571912144601238,9.118838454938729,2.9639127806287804,2.129053832005356e-06,0.031464637819575814,0.01594307246255975,0.764782008016482,600000,True,1.1010006687747222,1.0852652583395597,1.1165143368205979,0.9706410034645012,1.4571912144601238,0.9706410034645013,1.3786713831626667
eeg_fnirs_single_trial,eeg_fnirs_single_trial__prefrontal,13,1,0.5,wrong_pair,13,eeg_fnirs_single_trial__s13__r1__a0.5__wrong_pair,eeg_fnirs_single_trial__s13__r1__a0.5__wrong_pair,completed,0.5000236347191784,True,stationary_feasible,15,7,3.7008084241347886e-06,192.3033415674464,0.6585674319614487,0.8163325251793022,0.448356257026685,0.45724892943761325,6.938893903907228e-18,True,1.4977074964808301,1.4977074964808301,1.6260119151193904,1.426783207692554,11.538599912899436,3.773952657664629,2.689511435819418e-06,0.05597812034497588,0.01810603611929868,0.7154543820070103,599956,True,0.6585674319614487,0.8163325251793022,0.448356257026685,1.4977074964808301,1.426783207692554,1.4977074964808301,1.6260119151193904
eeg_fnirs_single_trial,eeg_fnirs_single_trial__prefrontal,13,0,0.5,Hb_only,13,eeg_fnirs_single_trial__s13__r0__a0.5__Hb_only,eeg_fnirs_single_trial__s13__r0__a0.5__Hb_only,completed,0.5000223970714874,True,stationary_feasible,9,4,6.160874048798104e-06,29.38415414321314,0.9723920542609308,0.8074337034156694,1.1131681943749754,0.22984469193892662,6.938893903907228e-18,True,0.777031802705011,0.777031802705011,0.8288505144349431,1.3466016559863236,4.423956876403251,1.3945929923002578,1.0079788863697468e-06,0.022490846663059526,0.01348084217829324,0.4491946609923616,600540,True,0.9723920542609308,0.8074337034156694,1.1131681943749754,0.777031802705011,1.3466016559863236,0.777031802705011,0.8288505144349431
eeg_fnirs_single_trial,eeg_fnirs_single_trial__prefrontal,13,1,0.5,Hb_only,13,eeg_fnirs_single_trial__s13__r1__a0.5__Hb_only,eeg_fnirs_single_trial__s13__r1__a0.5__Hb_only,completed,0.5000236347191784,True,stationary_feasible,17,8,4.789168191789811e-06,40.98040684151202,0.8623379853427815,1.093670144018058,0.5395731813328145,0.2530441799048456,6.938893903907228e-18,True,1.5791088999562461,1.5791088999562461,2.2984613431586713,1.4675770750932047,8.427585859574284,2.7426179232684205,2.2856204912303545e-06,0.07040867343053932,0.014706481690435426,0.8419121250044554,600000,True,0.8623379853427815,1.093670144018058,0.5395731813328145,1.5791088999562461,1.4675770750932047,1.5791088999562461,2.2984613431586713
eeg_fnirs_single_trial,eeg_fnirs_single_trial__prefrontal,13,0,1.0,paired,13,eeg_fnirs_single_trial__s13__r0__a1__paired,eeg_fnirs_single_trial__s13__r0__a1__paired,completed,0.9999038793100363,True,stationary_feasible,13,6,2.386182429794762e-06,72.43256121749977,1.081657994297888,1.2083865259723114,0.9379605733215164,0.27911469103666503,6.938893903907228e-18,True,0.8777519227400289,0.8777519227400289,1.0143419289097235,1.210271242770903,5.776832374353617,1.7788809890897737,5.962723202610771e-07,0.017475060343762606,0.018410261287164477,0.6795110180974007,599136,True,1.081657994297888,1.2083865259723114,0.9379605733215164,0.8777519227400289,1.210271242770903,0.8777519227400289,1.0143419289097235
eeg_fnirs_single_trial,eeg_fnirs_single_trial__prefrontal,13,1,1.0,paired,13,eeg_fnirs_single_trial__s13__r1__a1__paired,eeg_fnirs_single_trial__s13__r1__a1__paired,completed,0.9999968585315021,True,stationary_feasible,17,8,2.1856786184589096e-06,135.18127599273748,0.5758502348952592,0.699326491465579,0.41731216659988934,0.3866801638337936,6.938893903907228e-18,True,1.1878595288396148,1.1878595288396148,0.7571389933190745,1.215402752224241,4.254031083835439,1.3139420921064093,1.0503471640347628e-06,0.04450408956760855,0.013831538621285956,0.8683292510686442,600820,True,0.5758502348952592,0.699326491465579,0.41731216659988934,1.1878595288396148,1.215402752224241,1.1878595288396148,0.7571389933190745
eeg_fnirs_single_trial,eeg_fnirs_single_trial__prefrontal,13,0,1.0,wrong_pair,13,eeg_fnirs_single_trial__s13__r0__a1__wrong_pair,eeg_fnirs_single_trial__s13__r0__a1__wrong_pair,completed,0.9999038793100363,True,stationary_feasible,23,11,1.5382702829699244e-06,455.1902787598402,1.5815069488855302,1.7376127267306753,1.4082011470844729,0.7078999430501253,6.938893903907228e-18,True,1.5554631621807335,1.5554631621807335,2.933087121288427,1.5940275118767637,21.170599999864187,7.257849413990508,1.2698158301515235e-05,0.05130667292395886,0.027160574530160995,1.0581594350514933,599968,True,1.5815069488855302,1.7376127267306753,1.4082011470844729,1.5554631621807335,1.5940275118767637,1.5554631621807335,2.933087121288427
eeg_fnirs_single_trial,eeg_fnirs_single_trial__prefrontal,13,1,1.0,wrong_pair,13,eeg_fnirs_single_trial__s13__r1__a1__wrong_pair,eeg_fnirs_single_trial__s13__r1__a1__wrong_pair,completed,0.9999968585315021,True,stationary_feasible,23,11,1.3411931664031466e-06,535.5285437971936,0.79975455489017,1.0013216957676503,0.5258988093922108,0.772555121221992,1.3877787807814457e-17,True,1.7503815899249544,1.7503815899249544,2.664586765690982,1.556604102482917,19.613237366390052,6.523866287106701,4.574379921427182e-06,0.05791834044589381,0.02513188701186591,1.1450903590302914,599136,True,0.79975455489017,1.0013216957676503,0.5258988093922108,1.7503815899249544,1.556604102482917,1.7503815899249544,2.664586765690982
eeg_fnirs_single_trial,eeg_fnirs_single_trial__prefrontal,13,0,1.0,Hb_only,13,eeg_fnirs_single_trial__s13__r0__a1__Hb_only,eeg_fnirs_single_trial__s13__r0__a1__Hb_only,completed,0.9999038793100363,True,stationary_feasible,11,5,2.2217453497006033e-06,31.032112053314197,1.27294244090606,1.3402985259269518,1.2018172810863537,0.23091847515704644,3.469446951953614e-18,True,1.175469329752105,1.175469329752105,1.945124928113218,1.3381188746965555,8.330619935787643,2.653674690707601,1.2653867155999394e-06,0.030284812569571783,0.02320081463748074,0.5417674341006204,599984,True,1.27294244090606,1.3402985259269518,1.2018172810863537,1.175469329752105,1.3381188746965555,1.175469329752105,1.945124928113218
eeg_fnirs_single_trial,eeg_fnirs_single_trial__prefrontal,13,1,1.0,Hb_only,13,eeg_fnirs_single_trial__s13__r1__a1__Hb_only,eeg_fnirs_single_trial__s13__r1__a1__Hb_only,completed,0.9999968585315021,True,stationary_feasible,17,8,5.207101458168183e-06,42.38763377531813,0.8844551673885284,1.1165975956599201,0.5636769425894809,0.25402807594515747,6.938893903907228e-18,True,1.6620956101120983,1.6620956101120983,2.756576690357152,1.4673721376551823,10.909912291779495,3.4408217500138503,2.009119979747833e-06,0.06879923727135738,0.019445986398609144,0.8625475610606372,600716,True,0.8844551673885284,1.1165975956599201,0.5636769425894809,1.6620956101120983,1.4673721376551823,1.6620956101120983,2.756576690357152
eeg_fnirs_single_trial,eeg_fnirs_single_trial__prefrontal,14,0,0.0,paired,14,eeg_fnirs_single_trial__s14__r0__a0__paired,eeg_fnirs_single_trial__s14__r0__a0__paired,completed,0.0,True,stationary_feasible,15,7,1.5193372478180017e-06,112.95510232288134,0.7186026152877769,0.8691180749448723,0.526700303019644,0.3598716784373025,3.469446951953614e-18,True,0.9579039121316357,0.9579039121316357,0.7628059742305606,1.160612080337834,3.7028268454128446,1.210871464712373,3.952033528999132e-07,0.013672403265394732,0.0211600110008141,0.7547859270125628,599996,True,0.7186026152877769,0.8691180749448723,0.526700303019644,0.9579039121316357,1.160612080337834,0.9579039121316357,0.7628059742305606
eeg_fnirs_single_trial,eeg_fnirs_single_trial__prefrontal,14,1,0.0,paired,14,eeg_fnirs_single_trial__s14__r1__a0__paired,eeg_fnirs_single_trial__s14__r1__a0__paired,completed,0.0,True,stationary_feasible,15,7,4.744444306820362e-07,102.14240476423997,1.3089594511821778,1.5732253429935215,0.9755571279229187,0.3381217863604989,6.938893903907228e-18,True,1.4886799239841915,1.4886799239841915,1.0118419233522307,1.8646680353842255,6.410713885481836,2.0265591995796073,1.2542765145773317e-06,0.06643077834843247,0.016112567303262566,0.7473496090387926,599988,True,1.3089594511821778,1.5732253429935215,0.9755571279229187,1.4886799239841915,1.8646680353842255,1.4886799239841915,1.0118419233522307
eeg_fnirs_single_trial,eeg_fnirs_single_trial__prefrontal,14,0,0.0,wrong_pair,14,eeg_fnirs_single_trial__s14__r0__a0__wrong_pair,eeg_fnirs_single_trial__s14__r0__a0__wrong_pair,completed,0.0,True,stationary_feasible,13,6,7.930596571802738e-06,87.10648367530736,0.786371214719047,1.0299174435851706,0.41955861816485945,0.3137363926428073,6.938893903907228e-18,True,1.2177757700027392,1.2177757700027392,0.7367751365624675,1.1632972824470074,3.1517055018407074,1.0165821334972287,4.235642551288137e-07,0.020038883809631477,0.026827036887956717,0.6111429880838841,598860,True,0.786371214719047,1.0299174435851706,0.41955861816485945,1.2177757700027392,1.1632972824470074,1.2177757700027392,0.7367751365624675
eeg_fnirs_single_trial,eeg_fnirs_single_trial__prefrontal,14,1,0.0,wrong_pair,14,eeg_fnirs_single_trial__s14__r1__a0__wrong_pair,eeg_fnirs_single_trial__s14__r1__a0__wrong_pair,completed,0.0,True,stationary_feasible,15,7,4.607737120535482e-06,136.35171096304174,1.1371604495988046,1.3898005181333972,0.8091491185558144,0.38840747772949513,6.938893903907228e-18,True,1.3434022710823605,1.3434022710823605,0.714806480535364,1.8366970473063329,4.518099047296388,1.4315741420840533,1.0526140862891105e-06,0.06271659864754021,0.011056006439899353,0.7014978089137003,594132,True,1.1371604495988046,1.3898005181333972,0.8091491185558144,1.3434022710823605,1.8366970473063329,1.3434022710823605,0.714806480535364
eeg_fnirs_single_trial,eeg_fnirs_single_trial__prefrontal,14,0,0.0,Hb_only,14,eeg_fnirs_single_trial__s14__r0__a0__Hb_only,eeg_fnirs_single_trial__s14__r0__a0__Hb_only,completed,0.0,True,stationary_feasible,9,4,5.492865039742859e-06,16.58163468181514,0.7307133434981543,0.736375470809274,0.7250069977061763,0.16968978313454391,1.734723475976807e-18,True,0.6623360075681284,0.6623360075681284,0.7380624505036198,1.2415878250822197,1.1429170461359501,0.40537091828261723,6.260936959969157e-07,0.008857628380723521,0.013105505323367518,0.4675746790599078,594128,True,0.7307133434981543,0.736375470809274,0.7250069977061763,0.6623360075681284,1.2415878250822197,0.6623360075681284,0.7380624505036198
eeg_fnirs_single_trial,eeg_fnirs_single_trial__prefrontal,14,1,0.0,Hb_only,14,eeg_fnirs_single_trial__s14__r1__a0__Hb_only,eeg_fnirs_single_trial__s14__r1__a0__Hb_only,completed,0.0,True,stationary_feasible,11,5,3.4772446376910937e-06,17.53478334355088,0.9422853733348148,0.9998327087524347,0.880986948887571,0.17281561801004547,3.469446951953614e-18,True,1.1458331113220854,1.1458331113220854,1.8118955346422474,1.5923171059849992,2.2743837428781926,0.6028620073525759,5.506881115319117e-07,0.056117840675446055,0.010220426913710792,0.5677531539695337,599988,True,0.9422853733348148,0.9998327087524347,0.880986948887571,1.1458331113220854,1.5923171059849992,1.1458331113220854,1.8118955346422474
eeg_fnirs_single_trial,eeg_fnirs_single_trial__prefrontal,14,0,0.25,paired,14,eeg_fnirs_single_trial__s14__r0__a0.25__paired,eeg_fnirs_single_trial__s14__r0__a0.25__paired,completed,0.25000693205488217,True,stationary_feasible,15,7,5.76614247896148e-07,114.13520600471318,0.7168764752699285,0.8666642339097693,0.5260388457637568,0.36379305545876206,3.469446951953614e-18,True,0.9524489851242299,0.9524489851242299,0.6464419068207401,1.163137204316951,1.8032900423556295,0.5457414923668709,2.675820325507261e-07,0.013039356179749202,0.02104922633234092,0.712171568069607,600540,True,0.7168764752699285,0.8666642339097693,0.5260388457637568,0.9524489851242299,1.163137204316951,0.9524489851242299,0.6464419068207401
eeg_fnirs_single_trial,eeg_fnirs_single_trial__prefrontal,14,1,0.25,paired,14,eeg_fnirs_single_trial__s14__r1__a0.25__paired,eeg_fnirs_single_trial__s14__r1__a0.25__paired,completed,0.24999951780040075,True,stationary_feasible,15,7,3.80910799607775e-07,102.37552227192933,1.3091744120476223,1.5756195198092364,0.972264578762688,0.3385710955410365,6.938893903907228e-18,True,1.4792971172702265,1.4792971172702265,0.9999523460648854,1.8592013840730282,6.3567150673181265,2.0008813041778826,1.1829339145271413e-06,0.06596576243020195,0.016017514746746852,0.7219150479650125,601248,True,1.3091744120476223,1.5756195198092364,0.972264578762688,1.4792971172702265,1.8592013840730282,1.4792971172702265,0.9999523460648854
eeg_fnirs_single_trial,eeg_fnirs_single_trial__prefrontal,14,0,0.25,wrong_pair,14,eeg_fnirs_single_trial__s14__r0__a0.25__wrong_pair,eeg_fnirs_single_trial__s14__r0__a0.25__wrong_pair,completed,0.25000693205488217,True,stationary_feasible,11,5,9.456960089967178e-06,79.28791508803984,0.8181562914635391,1.0676698948313148,0.445915272438198,0.2995777986018982,6.938893903907228e-18,True,1.1704998300053007,1.1704998300053007,0.7502259681424207,1.194996959188744,3.8063817238343423,1.1857547340801087,5.190836193432869e-07,0.01538942995862065,0.02572286638629427,0.5453605250222608,600692,True,0.8181562914635391,1.0676698948313148,0.445915272438198,1.1704998300053007,1.194996959188744,1.1704998300053007,0.7502259681424207
eeg_fnirs_single_trial,eeg_fnirs_single_trial__prefrontal,14,1,0.25,wrong_pair,14,eeg_fnirs_single_trial__s14__r1__a0.25__wrong_pair,eeg_fnirs_single_trial__s14__r1__a0.25__wrong_pair,completed,0.24999951780040075,True,stationary_feasible,17,8,3.1994196781472163e-06,183.07255917207985,1.2736395760652042,1.5197934183823143,0.9667179034655897,0.45138444663942856,6.938893903907228e-18,True,1.3960884910488573,1.3960884910488573,0.8561748228099172,1.805686127273488,5.904285345515176,1.8714270279150729,9.423592326840457e-07,0.06354848289830764,0.014603100105592187,0.8667018699925393,600808,True,1.2736395760652042,1.5197934183823143,0.9667179034655897,1.3960884910488573,1.805686127273488,1.3960884910488573,0.8561748228099172
eeg_fnirs_single_trial,eeg_fnirs_single_trial__prefrontal,14,0,0.25,Hb_only,14,eeg_fnirs_single_trial__s14__r0__a0.25__Hb_only,eeg_fnirs_single_trial__s14__r0__a0.25__Hb_only,completed,0.25000693205488217,True,stationary_feasible,9,4,5.95270887672425e-06,16.520545852353457,0.7455270951449549,0.7938081076519946,0.6938947956401665,0.16939937259943702,1.734723475976807e-18,True,0.7053068441099858,0.7053068441099858,0.48986566985447794,1.2428714909649696,2.376167306784327,0.7485816018338004,5.249846662722109e-07,0.010704295817576578,0.013993836425164927,0.4896274310303852,600816,True,0.7455270951449549,0.7938081076519946,0.6938947956401665,0.7053068441099858,1.2428714909649696,0.7053068441099858,0.48986566985447794
eeg_fnirs_single_trial,eeg_fnirs_single_trial__prefrontal,14,1,0.25,Hb_only,14,eeg_fnirs_single_trial__s14__r1__a0.25__Hb_only,eeg_fnirs_single_trial__s14__r1__a0.25__Hb_only,completed,0.24999951780040075,True,stationary_feasible,11,5,2.270159982766182e-06,17.748168197804787,1.046102514412532,1.1041189539270702,0.984673690569336,0.17373149278603264,3.469446951953614e-18,True,1.212672314571356,1.212672314571356,2.1434419511200837,1.5865616325632066,3.2622521098151176,0.9532344413402098,5.176589098287393e-07,0.05792306580849953,0.012854601594100429,0.5892825679620728,600000,True,1.046102514412532,1.1041189539270702,0.984673690569336,1.212672314571356,1.5865616325632066,1.212672314571356,2.1434419511200837
eeg_fnirs_single_trial,eeg_fnirs_single_trial__prefrontal,14,0,0.5,paired,14,eeg_fnirs_single_trial__s14__r0__a0.5__paired,eeg_fnirs_single_trial__s14__r0__a0.5__paired,completed,0.5000157112907387,True,stationary_feasible,13,6,3.9331032286568825e-06,114.33702751738441,0.7144585669247944,0.8658991005176838,0.5206926496764938,0.36402043790621114,3.469446951953614e-18,True,0.9540111389111967,0.9540111389111967,0.7657312184973258,1.1654064734755696,3.6137799433441966,1.1155353874620797,1.7970637796851293e-07,0.012623776482669552,0.02108692063145518,0.6765255710342899,600000,True,0.7144585669247944,0.8658991005176838,0.5206926496764938,0.9540111389111967,1.1654064734755696,0.9540111389111967,0.7657312184973258
eeg_fnirs_single_trial,eeg_fnirs_single_trial__prefrontal,14,1,0.5,paired,14,eeg_fnirs_single_trial__s14__r1__a0.5__paired,eeg_fnirs_single_trial__s14__r1__a0.5__paired,completed,0.4999970895631667,True,stationary_feasible,13,6,9.4054073483391e-06,102.73470570478865,1.311381100535997,1.5798795208864225,0.9712988629508911,0.33898264562046937,6.938893903907228e-18,True,1.4705097807894887,1.4705097807894887,1.003002330159388,1.8533442627253438,6.44404814404,2.0312998838822947,1.1144793954675857e-06,0.06549769782797864,0.015967372710411435,0.633824318065308,599956,True,1.311381100535997,1.5798795208864225,0.9712988629508911,1.4705097807894887,1.8533442627253438,1.4705097807894887,1.003002330159388
eeg_fnirs_single_trial,eeg_fnirs_single_trial__prefrontal,14,0,0.5,wrong_pair,14,eeg_fnirs_single_trial__s14__r0__a0.5__wrong_pair,eeg_fnirs_single_trial__s14__r0__a0.5__wrong_pair,completed,0.5000157112907387,True,stationary_feasible,13,6,6.577830355641942e-06,126.26596930708536,0.9305317294114159,1.193359122453684,0.5546824350377203,0.38057309361750036,6.938893903907228e-18,True,1.2079904986345735,1.2079904986345735,0.9037323483267989,1.237537512598911,5.5502016826041825,1.7140828138313717,5.870229006596082e-07,0.01718531118848407,0.02597575496009617,0.6383637300459668,599984,True,0.9305317294114159,1.193359122453684,0.5546824350377203,1.2079904986345735,1.237537512598911,1.2079904986345735,0.9037323483267989
eeg_fnirs_single_trial,eeg_fnirs_single_trial__prefrontal,14,1,0.5,wrong_pair,14,eeg_fnirs_single_trial__s14__r1__a0.5__wrong_pair,eeg_fnirs_single_trial__s14__r1__a0.5__wrong_pair,completed,0.4999970895631667,True,stationary_feasible,17,8,9.695091944223132e-06,249.5565290419314,1.4390326817262447,1.6930507133167072,1.1292516992638286,0.5283702992628767,6.938893903907228e-18,True,1.4854642417463004,1.4854642417463002,1.051011254190987,1.7736672412207342,7.60839607853982,2.4147751408303377,8.438869550232971e-07,0.06479141888560541,0.01887732869612382,0.8640225939452648,600000,True,1.4390326817262447,1.6930507133167072,1.1292516992638286,1.4854642417463004,1.7736672412207342,1.4854642417463002,1.051011254190987
eeg_fnirs_single_trial,eeg_fnirs_single_trial__prefrontal,14,0,0.5,Hb_only,14,eeg_fnirs_single_trial__s14__r0__a0.5__Hb_only,eeg_fnirs_single_trial__s14__r0__a0.5__Hb_only,completed,0.5000157112907387,True,stationary_feasible,9,4,6.096483938128954e-06,16.637343291402075,0.837261706724804,0.9487392250593732,0.7084548072595763,0.16913501448139914,1.734723475976807e-18,True,0.8256852224709872,0.8256852224709872,0.5855484549789163,1.2442048491173356,4.374911377228384,1.3679240186195585,4.4070556219534494e-07,0.015513950931272431,0.016551003189764466,0.4836702320026234,599996,True,0.837261706724804,0.9487392250593732,0.7084548072595763,0.8256852224709872,1.2442048491173356,0.8256852224709872,0.5855484549789163
eeg_fnirs_single_trial,eeg_fnirs_single_trial__prefrontal,14,1,0.5,Hb_only,14,eeg_fnirs_single_trial__s14__r1__a0.5__Hb_only,eeg_fnirs_single_trial__s14__r1__a0.5__Hb_only,completed,0.4999970895631667,True,stationary_feasible,9,4,9.163272449938153e-06,18.044816584256246,1.169669477609052,1.2395333964813262,1.0953585407107267,0.17455414089241164,3.469446951953614e-18,True,1.303029412116529,1.303029412116529,2.496636241569834,1.580750708135786,4.496054743595777,1.3722790379715797,4.855555041369765e-07,0.06007785362211719,0.016011975149485106,0.4880201490595937,599136,True,1.169669477609052,1.2395333964813262,1.0953585407107267,1.303029412116529,1.580750708135786,1.303029412116529,2.496636241569834
eeg_fnirs_single_trial,eeg_fnirs_single_trial__prefrontal,14,0,1.0,paired,14,eeg_fnirs_single_trial__s14__r0__a1__paired,eeg_fnirs_single_trial__s14__r0__a1__paired,completed,0.9999420218478171,True,stationary_feasible,15,7,1.0844355016065189e-06,112.5220138812348,0.7119084838967051,0.8719007713855765,0.5034048308721791,0.3564054585183233,6.938893903907228e-18,True,0.9760998610186611,0.9760998610186611,1.2668071354202555,1.1684579251993665,8.641326588450134,2.7073291785774583,8.700257202328059e-08,0.0125966978253212,0.021563431577258773,0.7735840670065954,600000,True,0.7119084838967051,0.8719007713855765,0.5034048308721791,0.9760998610186611,1.1684579251993665,0.9760998610186611,1.2668071354202555
eeg_fnirs_single_trial,eeg_fnirs_single_trial__prefrontal,14,1,1.0,paired,14,eeg_fnirs_single_trial__s14__r1__a1__paired,eeg_fnirs_single_trial__s14__r1__a1__paired,completed,0.9999925644330795,True,stationary_feasible,13,6,7.153438429682719e-06,103.85694065959291,1.3216954209264362,1.5941113721191082,0.9759951355802717,0.3397031850367988,6.938893903907228e-18,True,1.4547442739822891,1.4547442739822891,1.0470305026093938,1.8404634049175965,6.957288223035973,2.2298115688475515,9.98441507892884e-07,0.0645454711929363,0.016002345030380498,0.676296073012054,600000,True,1.3216954209264362,1.5941113721191082,0.9759951355802717,1.4547442739822891,1.8404634049175965,1.4547442739822891,1.0470305026093938
eeg_fnirs_single_trial,eeg_fnirs_single_trial__prefrontal,14,0,1.0,wrong_pair,14,eeg_fnirs_single_trial__s14__r0__a1__wrong_pair,eeg_fnirs_single_trial__s14__r0__a1__wrong_pair,completed,0.9999420218478171,True,stationary_feasible,19,9,4.800197587359616e-06,378.6605715914909,1.3002912476442143,1.609279732939895,0.8897940202930088,0.6643139080761671,6.938893903907228e-18,True,1.4820206517576997,1.4820206517576997,1.3953343849841082,1.3517125975521544,9.60500909993115,2.9819222368836638,7.688029276325791e-07,0.03253359434977603,0.029869991797267362,0.9638911971123889,594128,True,1.3002912476442143,1.609279732939895,0.8897940202930088,1.4820206517576997,1.3517125975521544,1.4820206517576997,1.3953343849841082
eeg_fnirs_single_trial,eeg_fnirs_single_trial__prefrontal,14,1,1.0,wrong_pair,14,eeg_fnirs_single_trial__s14__r1__a1__wrong_pair,eeg_fnirs_single_trial__s14__r1__a1__wrong_pair,completed,0.9999925644330795,True,stationary_feasible,23,11,4.708221006039522e-06,439.4335654180683,1.8213532985168213,2.121155908975602,1.4612848065500779,0.7035405519768311,6.938893903907228e-18,True,1.7479126560029803,1.7479126560029803,1.5001095867975647,1.7071405161865127,11.266923251882968,3.605277845956979,6.811093677541135e-07,0.06843344344485128,0.028189264971296164,1.0756388700101525,598860,True,1.8213532985168213,2.121155908975602,1.4612848065500779,1.7479126560029803,1.7071405161865127,1.7479126560029803,1.5001095867975647
eeg_fnirs_single_trial,eeg_fnirs_single_trial__prefrontal,14,0,1.0,Hb_only,14,eeg_fnirs_single_trial__s14__r0__a1__Hb_only,eeg_fnirs_single_trial__s14__r0__a1__Hb_only,completed,0.9999420218478171,True,stationary_feasible,9,4,4.639027619224486e-06,17.361128018342697,1.1677917640399675,1.4112158462652176,0.8578723935231298,0.1686409014102386,8.673617379884035e-19,True,1.1970320611163048,1.1970320611163048,1.2916753391173934,1.2468346265620522,8.524823597774807,2.702382928956567,3.1188130222661125e-07,0.027687496847867286,0.024389126697079683,0.49122735497076064,600820,True,1.1677917640399675,1.4112158462652176,0.8578723935231298,1.1970320611163048,1.2468346265620522,1.1970320611163048,1.2916753391173934
eeg_fnirs_single_trial,eeg_fnirs_single_trial__prefrontal,14,1,1.0,Hb_only,14,eeg_fnirs_single_trial__s14__r1__a1__Hb_only,eeg_fnirs_single_trial__s14__r1__a1__Hb_only,completed,0.9999925644330795,True,stationary_feasible,9,4,6.8541628875811325e-06,18.89546117571446,1.4518876069313171,1.565274968176943,1.328860233553613,0.1759385239349203,3.469446951953614e-18,True,1.533688163755016,1.533688163755016,3.218847931122334,1.569017514816919,7.071347593157605,2.243739095234587,4.24835519698059e-07,0.06523325902340896,0.022928883072652194,0.4999824028927833,599988,True,1.4518876069313171,1.565274968176943,1.328860233553613,1.533688163755016,1.569017514816919,1.533688163755016,3.218847931122334
eeg_fnirs_single_trial,eeg_fnirs_single_trial__prefrontal,15,0,0.0,paired,15,eeg_fnirs_single_trial__s15__r0__a0__paired,eeg_fnirs_single_trial__s15__r0__a0__paired,completed,0.0,True,stationary_feasible,15,7,5.414431593508702e-06,121.25220098563102,0.9236993637400908,1.1898460357475944,0.5391729225057869,0.3581213387957364,6.938893903907228e-18,True,1.8803283611048685,1.8803283611048685,1.0920196782228213,1.5646697321769591,7.236850723248875,2.34540180777126,2.883260358529692e-06,0.08675221123811215,0.014799585176730854,0.7598349259933457,599996,True,0.9236993637400908,1.1898460357475944,0.5391729225057869,1.8803283611048685,1.5646697321769591,1.8803283611048685,1.0920196782228213
eeg_fnirs_single_trial,eeg_fnirs_single_trial__prefrontal,15,1,0.0,paired,15,eeg_fnirs_single_trial__s15__r1__a0__paired,eeg_fnirs_single_trial__s15__r1__a0__paired,completed,0.0,True,stationary_feasible,15,7,4.806800937493756e-06,165.4721637060326,1.0039990531266294,1.2038287516678798,0.7528775026630103,0.40988732697988195,6.938893903907228e-18,True,1.9088387526205985,1.9088387526205985,1.441378702541272,2.1700590378401,9.32220160933172,3.0819713521296124,4.63482518510633e-06,0.08925044104753155,0.010680917421560536,0.7523985739098862,599988,True,1.0039990531266294,1.2038287516678798,0.7528775026630103,1.9088387526205985,2.1700590378401,1.9088387526205985,1.441378702541272
eeg_fnirs_single_trial,eeg_fnirs_single_trial__prefrontal,15,0,0.0,wrong_pair,15,eeg_fnirs_single_trial__s15__r0__a0__wrong_pair,eeg_fnirs_single_trial__s15__r0__a0__wrong_pair,completed,0.0,True,stationary_feasible,17,8,5.6925218624565855e-06,89.58527469058865,0.7141939611019447,0.9226049343021258,0.4110306112083894,0.306778346049634,6.938893903907228e-18,True,1.692638441756071,1.692638441756071,0.6958153923672762,1.5400483463461838,3.340255243594891,1.0462214203543667,2.487531261167363e-06,0.08135370334136066,0.004990575019777593,0.7981265449197963,600692,True,0.7141939611019447,0.9226049343021258,0.4110306112083894,1.692638441756071,1.5400483463461838,1.692638441756071,0.6958153923672762
eeg_fnirs_single_trial,eeg_fnirs_single_trial__prefrontal,15,1,0.0,wrong_pair,15,eeg_fnirs_single_trial__s15__r1__a0__wrong_pair,eeg_fnirs_single_trial__s15__r1__a0__wrong_pair,completed,0.0,True,stationary_feasible,17,8,2.995860782804839e-06,124.56262052420834,1.0258586564832113,1.1505115852306946,0.8837958239395751,0.3597729255229322,6.938893903907228e-18,True,1.929660446019515,1.929660446019515,1.0269384545009534,2.1184076205194136,6.275675154885396,2.0568259016678123,4.2806492199319625e-06,0.09377614962333071,0.010497489947943122,0.8434455669485033,600816,True,1.0258586564832113,1.1505115852306946,0.8837958239395751,1.929660446019515,2.1184076205194136,1.929660446019515,1.0269384545009534
eeg_fnirs_single_trial,eeg_fnirs_single_trial__prefrontal,15,0,0.0,Hb_only,15,eeg_fnirs_single_trial__s15__r0__a0__Hb_only,eeg_fnirs_single_trial__s15__r0__a0__Hb_only,completed,0.0,True,stationary_feasible,17,8,5.816922832772965e-06,44.522993343748226,1.3112557195381003,1.6863893847439277,0.7712807316831919,0.25826995790471075,6.938893903907228e-18,True,2.0164946803269412,2.0164946803269412,2.261443071528489,1.6264737760607115,6.219993372392184,1.9987200824853946,3.597182151481578e-06,0.09766403498902276,0.015073667824733733,0.8445381839992478,600716,True,1.3112557195381003,1.6863893847439277,0.7712807316831919,2.0164946803269412,1.6264737760607115,2.0164946803269412,2.261443071528489
eeg_fnirs_single_trial,eeg_fnirs_single_trial__prefrontal,15,1,0.0,Hb_only,15,eeg_fnirs_single_trial__s15__r1__a0__Hb_only,eeg_fnirs_single_trial__s15__r1__a0__Hb_only,completed,0.0,True,stationary_feasible,17,8,3.1107340158956746e-06,56.72402854702933,1.3179698110076052,1.4636029016641303,1.154103717910649,0.298276824412771,6.938893903907228e-18,True,1.918458680066578,1.918458680066578,1.5050219058698302,2.050612493765979,4.459138986450679,1.4624411270380677,3.7562876730314436e-06,0.0939022619286818,0.013269220974084806,0.7687682330142707,594132,True,1.3179698110076052,1.4636029016641303,1.154103717910649,1.918458680066578,2.050612493765979,1.918458680066578,1.5050219058698302
eeg_fnirs_single_trial,eeg_fnirs_single_trial__prefrontal,15,0,0.25,paired,15,eeg_fnirs_single_trial__s15__r0__a0.25__paired,eeg_fnirs_single_trial__s15__r0__a0.25__paired,completed,0.25000018267087487,True,stationary_feasible,15,7,5.2040451938639325e-06,120.85934617007933,0.9269805964982498,1.1948229673269175,0.53942944795089,0.357083587553371,6.938893903907228e-18,True,1.9018285468433163,1.9018285468433165,1.137755668449469,1.583313757642233,7.591924523626201,2.456885476368305,2.9346622339614685e-06,0.08797541729004558,0.01473917749603823,0.7297466859454289,600540,True,0.9269805964982498,1.1948229673269175,0.53942944795089,1.9018285468433163,1.583313757642233,1.9018285468433165,1.137755668449469
eeg_fnirs_single_trial,eeg_fnirs_single_trial__prefrontal,15,1,0.25,paired,15,eeg_fnirs_single_trial__s15__r1__a0.25__paired,eeg_fnirs_single_trial__s15__r1__a0.25__paired,completed,0.25000106575822645,True,stationary_feasible,15,7,3.6087517029527986e-06,167.7783518513666,0.9981431166350784,1.1930864015675247,0.7544032084811348,0.4139067015554342,6.938893903907228e-18,True,1.8585633494788003,1.8585633494788003,1.3461933552605756,2.12994237304945,8.399863874333855,2.7806849916604186,3.8322428254563425e-06,0.0867045750455953,0.010643290094218176,0.7740477089537308,600000,True,0.9981431166350784,1.1930864015675247,0.7544032084811348,1.8585633494788003,2.12994237304945,1.8585633494788003,1.3461933552605756
eeg_fnirs_single_trial,eeg_fnirs_single_trial__prefrontal,15,0,0.25,wrong_pair,15,eeg_fnirs_single_trial__s15__r0__a0.25__wrong_pair,eeg_fnirs_single_trial__s15__r0__a0.25__wrong_pair,completed,0.25000018267087487,True,stationary_feasible,17,8,5.351963659905079e-06,106.90894128258813,0.4920576665853653,0.6176781685075164,0.32049208202398566,0.34003589880379803,6.938893903907228e-18,True,1.5786640826107954,1.5786640826107954,0.866250465279427,1.494190366475727,5.352149701870451,1.711592045953706,2.2831937720699402e-06,0.06969513863569553,0.009536035275081657,0.8214210940059274,601248,True,0.4920576665853653,0.6176781685075164,0.32049208202398566,1.5786640826107954,1.494190366475727,1.5786640826107954,0.866250465279427
eeg_fnirs_single_trial,eeg_fnirs_single_trial__prefrontal,15,1,0.25,wrong_pair,15,eeg_fnirs_single_trial__s15__r1__a0.25__wrong_pair,eeg_fnirs_single_trial__s15__r1__a0.25__wrong_pair,completed,0.25000106575822645,True,stationary_feasible,17,8,8.478487825999526e-06,181.1153365073988,0.9336859260940569,1.013611831256328,0.8462445702688001,0.4440115867820591,6.938893903907228e-18,True,1.9061696724751296,1.9061696724751294,1.0810073280442374,2.1291438644574234,6.926115130854273,2.2847821580510677,3.7299548311611082e-06,0.09046644538005719,0.012222369687946528,0.8170243289787322,599968,True,0.9336859260940569,1.013611831256328,0.8462445702688001,1.9061696724751296,2.1291438644574234,1.9061696724751294,1.0810073280442374
eeg_fnirs_single_trial,eeg_fnirs_single_trial__prefrontal,15,0,0.25,Hb_only,15,eeg_fnirs_single_trial__s15__r0__a0.25__Hb_only,eeg_fnirs_single_trial__s15__r0__a0.25__Hb_only,completed,0.25000018267087487,True,stationary_feasible,17,8,6.03787451589703e-06,44.07140534093718,1.2250840899423354,1.5870642233442955,0.6949022994927041,0.2559023440229672,6.938893903907228e-18,True,1.983207213520525,1.983207213520525,2.281310629831604,1.638127506279251,6.508458952478156,2.0881581283220254,3.547465707404196e-06,0.09634985661686703,0.013234809747460661,0.8387900609523058,599996,True,1.2250840899423354,1.5870642233442955,0.6949022994927041,1.983207213520525,1.638127506279251,1.983207213520525,2.281310629831604
eeg_fnirs_single_trial,eeg_fnirs_single_trial__prefrontal,15,1,0.25,Hb_only,15,eeg_fnirs_single_trial__s15__r1__a0.25__Hb_only,eeg_fnirs_single_trial__s15__r1__a0.25__Hb_only,completed,0.25000106575822645,True,stationary_feasible,17,8,3.5949264459200283e-06,57.16455951993139,1.2615304546032111,1.4005471794840745,1.1051632340165738,0.300413156913301,6.938893903907228e-18,True,1.8688852149468305,1.8688852149468305,1.626317322875273,2.0326193548601785,4.974419171355842,1.6421559189106676,3.453641296406389e-06,0.09073854449738436,0.013021274173466723,0.8976663359208032,599136,True,1.2615304546032111,1.4005471794840745,1.1051632340165738,1.8688852149468305,2.0326193548601785,1.8688852149468305,1.626317322875273
eeg_fnirs_single_trial,eeg_fnirs_single_trial__prefrontal,15,0,0.5,paired,15,eeg_fnirs_single_trial__s15__r0__a0.5__paired,eeg_fnirs_single_trial__s15__r0__a0.5__paired,completed,0.5000010647018213,True,stationary_feasible,15,7,4.642076499578812e-06,120.60220896964587,0.9306892504876164,1.2002697562232445,0.540108761493642,0.3561155211823673,6.938893903907228e-18,True,1.9212202246149113,1.9212202246149115,1.1793640393761455,1.6002397001173057,7.919192100542441,2.555725012565472,2.9493644219585072e-06,0.08911352686059647,0.014665097390987567,0.774988284916617,599144,True,0.9306892504876164,1.2002697562232445,0.540108761493642,1.9212202246149113,1.6002397001173057,1.9212202246149115,1.1793640393761455
eeg_fnirs_single_trial,eeg_fnirs_single_trial__prefrontal,15,1,0.5,paired,15,eeg_fnirs_single_trial__s15__r1__a0.5__paired,eeg_fnirs_single_trial__s15__r1__a0.5__paired,completed,0.5000011099702062,True,stationary_feasible,15,7,2.855456605583676e-06,170.7388505146282,0.9903684382494277,1.1800450383302352,0.7544222918720087,0.41772671413862844,1.3877787807814457e-17,True,1.8016415206176357,1.8016415206176357,1.23521819538829,2.085417344123627,7.262213370419889,2.4067324654352684,3.0682135527770673e-06,0.08383194513172317,0.01055630742204439,0.7657418650342152,600000,True,0.9903684382494277,1.1800450383302352,0.7544222918720087,1.8016415206176357,2.085417344123627,1.8016415206176357,1.23521819538829
eeg_fnirs_single_trial,eeg_fnirs_single_trial__prefrontal,15,0,0.5,wrong_pair,15,eeg_fnirs_single_trial__s15__r0__a0.5__wrong_pair,eeg_fnirs_single_trial__s15__r0__a0.5__wrong_pair,completed,0.5000010647018213,True,stationary_feasible,17,8,6.147280939279591e-06,140.3322878232246,0.5153918891558565,0.5900392497046046,0.4279150413613813,0.3948457474202271,5.204170427930421e-18,True,1.5679884070049812,1.5679884070049812,1.1674600624494662,1.4539585398087338,8.186683961725667,2.632204526243573,2.182257952176654e-06,0.05841279808842574,0.017036652480605537,0.8229160519549623,599956,True,0.5153918891558565,0.5900392497046046,0.4279150413613813,1.5679884070049812,1.4539585398087338,1.5679884070049812,1.1674600624494662
eeg_fnirs_single_trial,eeg_fnirs_single_trial__prefrontal,15,1,0.5,wrong_pair,15,eeg_fnirs_single_trial__s15__r1__a0.5__wrong_pair,eeg_fnirs_single_trial__s15__r1__a0.5__wrong_pair,completed,0.5000011099702062,True,stationary_feasible,19,9,7.660917965372845e-06,339.27701348815583,1.063017488897352,1.1260257319930205,0.9960313319835108,0.6181746218999425,1.3877787807814457e-17,True,2.025545513906317,2.025545513906317,1.3979028437000554,2.166454758024236,10.091444888835738,3.307781378216943,3.643087746301345e-06,0.0903172134309201,0.019587882326408672,0.9252238570479676,599984,True,1.063017488897352,1.1260257319930205,0.9960313319835108,2.025545513906317,2.166454758024236,2.025545513906317,1.3979028437000554
eeg_fnirs_single_trial,eeg_fnirs_single_trial__prefrontal,15,0,0.5,Hb_only,15,eeg_fnirs_single_trial__s15__r0__a0.5__Hb_only,eeg_fnirs_single_trial__s15__r0__a0.5__Hb_only,completed,0.5000010647018213,True,stationary_feasible,17,8,6.280680096763159e-06,43.6763254546497,1.1514347184463227,1.5025196355432981,0.6277249130741577,0.25355290361382976,6.938893903907228e-18,True,1.960081022286639,1.960081022286639,2.3134248050174815,1.6492134960307867,7.153011359129864,2.2811628186212034,3.484722285076807e-06,0.09508393700292023,0.011991183832779346,0.8533541639335454,600808,True,1.1514347184463227,1.5025196355432981,0.6277249130741577,1.960081022286639,1.6492134960307867,1.960081022286639,2.3134248050174815
eeg_fnirs_single_trial,eeg_fnirs_single_trial__prefrontal,15,1,0.5,Hb_only,15,eeg_fnirs_single_trial__s15__r1__a0.5__Hb_only,eeg_fnirs_single_trial__s15__r1__a0.5__Hb_only,completed,0.5000011099702062,True,stationary_feasible,17,8,4.21125590998912e-06,57.91219838622248,1.2470146642492,1.3953179381506349,1.0785077640796799,0.30259812077616954,1.3877787807814457e-17,True,1.8488112540493584,1.8488112540493586,1.7906083179070145,2.0141304661069097,6.267045710137905,2.02851031155328,3.1678586190513595e-06,0.08799377336618726,0.01447080229223076,0.8421669990057126,600820,True,1.2470146642492,1.3953179381506349,1.0785077640796799,1.8488112540493584,2.0141304661069097,1.8488112540493586,1.7906083179070145
eeg_fnirs_single_trial,eeg_fnirs_single_trial__prefrontal,15,0,1.0,paired,15,eeg_fnirs_single_trial__s15__r0__a1__paired,eeg_fnirs_single_trial__s15__r0__a1__paired,completed,1.0000024463738737,True,stationary_feasible,15,7,1.9665068797981966e-06,120.61634838375024,0.9380940559044728,1.2108505498729971,0.5421087172503949,0.3545821267494981,6.938893903907228e-18,True,1.9525236625702145,1.9525236625702145,1.2389387412783455,1.6280575971924143,8.390526910161501,2.684779345700314,2.853336268366466e-06,0.0910422878303592,0.014482435047923879,0.7757142329355702,599996,True,0.9380940559044728,1.2108505498729971,0.5421087172503949,1.9525236625702145,1.6280575971924143,1.9525236625702145,1.2389387412783455
eeg_fnirs_single_trial,eeg_fnirs_single_trial__prefrontal,15,1,1.0,paired,15,eeg_fnirs_single_trial__s15__r1__a1__paired,eeg_fnirs_single_trial__s15__r1__a1__paired,completed,0.9999843872156193,True,stationary_feasible,15,7,4.804653506950669e-06,178.20007401852337,0.9711072659408627,1.1512792758721102,0.7487687712997014,0.42339260118143063,6.938893903907228e-18,True,1.6891318958659511,1.6891318958659514,1.0626540623365226,2.000158288364235,5.248106713044542,1.7363168256441783,1.9673893387073005e-06,0.07814490241946054,0.010300122549216431,0.7691040859790519,600004,True,0.9711072659408627,1.1512792758721102,0.7487687712997014,1.6891318958659511,2.000158288364235,1.6891318958659514,1.0626540623365226
eeg_fnirs_single_trial,eeg_fnirs_single_trial__prefrontal,15,0,1.0,wrong_pair,15,eeg_fnirs_single_trial__s15__r0__a1__wrong_pair,eeg_fnirs_single_trial__s15__r0__a1__wrong_pair,completed,1.0000024463738737,True,stationary_feasible,19,9,2.504504702119862e-06,257.87566350559456,1.1170790914187765,1.2932093383647942,0.9073813972834626,0.5433651265715075,6.938893903907228e-18,True,1.8576694939181377,1.8576694939181377,2.0139536037459624,1.3893845829452207,15.323689351129035,4.972798893294351,2.251972974773313e-06,0.0374519481616956,0.03347857302947272,0.9505582770798355,600000,True,1.1170790914187765,1.2932093383647942,0.9073813972834626,1.8576694939181377,1.3893845829452207,1.8576694939181377,2.0139536037459624
eeg_fnirs_single_trial,eeg_fnirs_single_trial__prefrontal,15,1,1.0,wrong_pair,15,eeg_fnirs_single_trial__s15__r1__a1__wrong_pair,eeg_fnirs_single_trial__s15__r1__a1__wrong_pair,completed,0.9999843872156193,True,stationary_feasible,31,15,3.242133792712308e-06,964.2836538980529,1.7525533725371427,1.849526273697796,1.649890666100082,1.0501261608841064,1.3877787807814457e-17,True,2.623973776815574,2.623973776815574,2.4339298915286443,2.3258481546146044,19.724073563364534,6.540994009025233,5.356970901700528e-06,0.09963455724524586,0.03874224406408528,1.4761140840128064,600000,True,1.7525533725371427,1.849526273697796,1.649890666100082,2.623973776815574,2.3258481546146044,2.623973776815574,2.4339298915286443
eeg_fnirs_single_trial,eeg_fnirs_single_trial__prefrontal,15,0,1.0,Hb_only,15,eeg_fnirs_single_trial__s15__r0__a1__Hb_only,eeg_fnirs_single_trial__s15__r0__a1__Hb_only,completed,1.0000024463738737,True,stationary_feasible,17,8,6.831684177786408e-06,43.08831141874271,1.0542841555176532,1.3909948417348,0.5368086357523701,0.2490045314412146,6.938893903907228e-18,True,1.9471007953864052,1.947100795386405,2.412050563958857,1.6697327835037794,9.21017958587398,2.8820113704568207,3.3196168853012245e-06,0.09270407410927492,0.012090861805906768,0.854819496977143,599996,True,1.0542841555176532,1.3909948417348,0.5368086357523701,1.9471007953864052,1.6697327835037794,1.947100795386405,2.412050563958857
eeg_fnirs_single_trial,eeg_fnirs_single_trial__prefrontal,15,1,1.0,Hb_only,15,eeg_fnirs_single_trial__s15__r1__a1__Hb_only,eeg_fnirs_single_trial__s15__r1__a1__Hb_only,completed,0.9999843872156193,True,stationary_feasible,17,8,5.845218965998795e-06,60.43251378107399,1.3463195177282041,1.5546211683236266,1.0992295077152408,0.30708691234249486,1.3877787807814457e-17,True,1.901081439507838,1.901081439507838,2.201259074240784,1.9766715350065447,9.887270046040891,3.0750242288058645,2.6525114478068507e-06,0.0840126620730239,0.020712841373794786,0.843745967024006,599988,True,1.3463195177282041,1.5546211683236266,1.0992295077152408,1.901081439507838,1.9766715350065447,1.901081439507838,2.201259074240784
simultaneous_eeg_nirs,simultaneous_eeg_nirs__prefrontal,0,0,0.0,paired,0,simultaneous_eeg_nirs__s00__r0__a0__paired,simultaneous_eeg_nirs__s00__r0__a0__paired,completed,0.0,True,stationary_feasible,15,7,9.467902908725181e-07,161.02218369517232,0.4852497682082267,0.5923584172333681,0.3464768110928268,0.421244285653493,6.938893903907228e-18,True,1.8092532316336143,1.8092532316336143,1.392748266105919,1.8133567498559897,8.743681637999268,2.8906598498590657,3.074876973152017e-06,0.053107467318735335,0.012684923483398045,0.7541667440673336,594128,True,0.4852497682082267,0.5923584172333681,0.3464768110928268,1.8092532316336143,1.8133567498559897,1.8092532316336143,1.392748266105919
simultaneous_eeg_nirs,simultaneous_eeg_nirs__prefrontal,0,1,0.0,paired,0,simultaneous_eeg_nirs__s00__r1__a0__paired,simultaneous_eeg_nirs__s00__r1__a0__paired,completed,0.0,True,stationary_feasible,17,8,4.231034779312881e-06,141.75165188156438,0.7990587155205349,0.9541608562781639,0.6054475386399512,0.3797347986238615,6.938893903907228e-18,True,2.251335661582058,2.251335661582058,1.376613005881678,2.2237583530884315,9.775287170790046,3.261007497564381,5.951530081068247e-06,0.09401949866638569,0.005476370045168643,0.8060699109919369,600692,True,0.7990587155205349,0.9541608562781639,0.6054475386399512,2.251335661582058,2.2237583530884315,2.251335661582058,1.376613005881678
simultaneous_eeg_nirs,simultaneous_eeg_nirs__prefrontal,0,0,0.0,wrong_pair,0,simultaneous_eeg_nirs__s00__r0__a0__wrong_pair,simultaneous_eeg_nirs__s00__r0__a0__wrong_pair,completed,0.0,True,stationary_feasible,15,7,6.644671561653937e-06,261.8995517117919,0.4406160610614909,0.480433554083123,0.39682316797503886,0.5437063642255929,6.938893903907228e-18,True,1.8820388187385642,1.8820388187385642,1.5029361814454563,1.826202169394889,9.58950361642815,3.201322811984328,3.036363017595322e-06,0.05335095104759103,0.015855050319282915,0.7149870250141248,594132,True,0.4406160610614909,0.480433554083123,0.39682316797503886,1.8820388187385642,1.826202169394889,1.8820388187385642,1.5029361814454563
simultaneous_eeg_nirs,simultaneous_eeg_nirs__prefrontal,0,1,0.0,wrong_pair,0,simultaneous_eeg_nirs__s00__r1__a0__wrong_pair,simultaneous_eeg_nirs__s00__r1__a0__wrong_pair,completed,0.0,True,stationary_feasible,17,8,3.677489454010263e-06,132.38550691317752,0.76663438929681,0.8977929685602112,0.6078028951138926,0.3640225723588774,6.938893903907228e-18,True,2.245197021898332,2.245197021898332,1.3406893422149915,2.2070841617556978,9.520193433685206,3.1732675204298433,5.871051292041706e-06,0.09394303193019404,0.00571415165540883,0.7947845449671149,600540,True,0.76663438929681,0.8977929685602112,0.6078028951138926,2.245197021898332,2.2070841617556978,2.245197021898332,1.3406893422149915
simultaneous_eeg_nirs,simultaneous_eeg_nirs__prefrontal,0,0,0.0,Hb_only,0,simultaneous_eeg_nirs__s00__r0__a0__Hb_only,simultaneous_eeg_nirs__s00__r0__a0__Hb_only,completed,0.0,True,stationary_feasible,11,5,5.639318733701279e-06,49.0923532253499,0.7104298145871066,0.7634741032870012,0.653091369196264,0.28748730734584105,6.938893903907228e-18,True,1.6373416497316504,1.6373416497316504,1.7995364415550907,1.74880917117892,6.172308629089749,1.9825089215050966,2.102212879923912e-06,0.057794535556781115,0.01312092202352685,0.5574711189838126,600816,True,0.7104298145871066,0.7634741032870012,0.653091369196264,1.6373416497316504,1.74880917117892,1.6373416497316504,1.7995364415550907
simultaneous_eeg_nirs,simultaneous_eeg_nirs__prefrontal,0,1,0.0,Hb_only,0,simultaneous_eeg_nirs__s00__r1__a0__Hb_only,simultaneous_eeg_nirs__s00__r1__a0__Hb_only,completed,0.0,True,stationary_feasible,19,9,4.562739008406505e-06,68.76169815697152,1.4973895473391496,1.7074738622398569,1.2525509661202585,0.32645469706342806,3.469446951953614e-18,True,2.4141165535413625,2.4141165535413625,1.476369183430991,2.244746499080677,5.337232197326245,1.7620430779724738,5.860629329238589e-06,0.1153907261831162,0.022378847006492817,0.9113307750085369,600716,True,1.4973895473391496,1.7074738622398569,1.2525509661202585,2.4141165535413625,2.244746499080677,2.4141165535413625,1.476369183430991
simultaneous_eeg_nirs,simultaneous_eeg_nirs__prefrontal,0,0,0.25,paired,0,simultaneous_eeg_nirs__s00__r0__a0.25__paired,simultaneous_eeg_nirs__s00__r0__a0.25__paired,completed,0.24999965511306954,True,stationary_feasible,15,7,1.8832483741906836e-06,161.12208432368146,0.4846236337190481,0.5892275115995123,0.35004438617460326,0.4194655525498616,6.938893903907228e-18,True,1.8349691285342675,1.8349691285342677,1.516270743923355,1.8215239922843525,9.892803115348576,3.3179481385024925,3.2158915419710937e-06,0.053146838368205655,0.01319224797146557,0.7740879049524665,600004,True,0.4846236337190481,0.5892275115995123,0.35004438617460326,1.8349691285342675,1.8215239922843525,1.8349691285342677,1.516270743923355
simultaneous_eeg_nirs,simultaneous_eeg_nirs__prefrontal,0,1,0.25,paired,0,simultaneous_eeg_nirs__s00__r1__a0.25__paired,simultaneous_eeg_nirs__s00__r1__a0.25__paired,completed,0.2500029233588982,True,stationary_feasible,17,8,3.7835190552322938e-06,140.0206418147531,0.7958993959823263,0.9473038058598302,0.607887486672941,0.3759264563966279,6.938893903907228e-18,True,2.2778302418414595,2.27783024184146,1.476582096377973,2.2402893656484535,10.634145994832734,3.5456694219500005,6.263029343272097e-06,0.09482219626795377,0.005523324322529338,0.8116556899622083,598860,True,0.7958993959823263,0.9473038058598302,0.607887486672941,2.2778302418414595,2.2402893656484535,2.27783024184146,1.476582096377973
simultaneous_eeg_nirs,simultaneous_eeg_nirs__prefrontal,0,0,0.25,wrong_pair,0,simultaneous_eeg_nirs__s00__r0__a0.25__wrong_pair,simultaneous_eeg_nirs__s00__r0__a0.25__wrong_pair,completed,0.24999965511306954,True,stationary_feasible,19,9,3.135767252980762e-06,323.6085115426975,0.5576959276755784,0.6108559414067181,0.4989033116145453,0.606400283637009,6.938893903907228e-18,True,1.8107515235849063,1.8107515235849063,1.518611068423537,1.8636978843138048,9.620197806450246,3.226560233414162,3.49457039481249e-06,0.061960455183913694,0.012212896305426383,0.9137255039531738,599968,True,0.5576959276755784,0.6108559414067181,0.4989033116145453,1.8107515235849063,1.8636978843138048,1.8107515235849063,1.518611068423537
simultaneous_eeg_nirs,simultaneous_eeg_nirs__prefrontal,0,1,0.25,wrong_pair,0,simultaneous_eeg_nirs__s00__r1__a0.25__wrong_pair,simultaneous_eeg_nirs__s00__r1__a0.25__wrong_pair,completed,0.2500029233588982,True,stationary_feasible,19,9,1.71186115520723e-06,202.73261829361635,0.8654707678169178,1.038130912464176,0.6483544620633896,0.4545849353182558,6.938893903907228e-18,True,2.3290821517507005,2.3290821517507005,1.523619504790504,2.2679569832940536,11.307679773083825,3.7758072334063257,8.071633918779482e-06,0.10252628339386204,0.011637084941858555,0.8997803640086204,601252,True,0.8654707678169178,1.038130912464176,0.6483544620633896,2.3290821517507005,2.2679569832940536,2.3290821517507005,1.523619504790504
simultaneous_eeg_nirs,simultaneous_eeg_nirs__prefrontal,0,0,0.25,Hb_only,0,simultaneous_eeg_nirs__s00__r0__a0.25__Hb_only,simultaneous_eeg_nirs__s00__r0__a0.25__Hb_only,completed,0.24999965511306954,True,stationary_feasible,11,5,6.4861036914145654e-06,49.12269561329696,0.8775355087685454,0.9254036904415759,0.826900929988866,0.28735748552864576,6.938893903907228e-18,True,1.6209142027213135,1.6209142027213135,1.8011799984031565,1.7457137687816855,6.1806525622506925,1.9906466035186534,1.9537123499326767e-06,0.0619763456509319,0.013765621781458237,0.5760706949513406,599996,True,0.8775355087685454,0.9254036904415759,0.826900929988866,1.6209142027213135,1.7457137687816855,1.6209142027213135,1.8011799984031565
simultaneous_eeg_nirs,simultaneous_eeg_nirs__prefrontal,0,1,0.25,Hb_only,0,simultaneous_eeg_nirs__s00__r1__a0.25__Hb_only,simultaneous_eeg_nirs__s00__r1__a0.25__Hb_only,completed,0.2500029233588982,True,stationary_feasible,19,9,4.219134510800329e-06,68.32029953611705,1.6790847725776836,1.9056723801047477,1.4167089068366903,0.3232113394636939,3.469446951953614e-18,True,2.507004887599526,2.507004887599526,1.4244808665157052,2.261910588346974,6.284813323281864,2.0269667203209765,6.183265117182795e-06,0.1200061928269919,0.02612849168845072,0.92671979800798,599144,True,1.6790847725776836,1.9056723801047477,1.4167089068366903,2.507004887599526,2.261910588346974,2.507004887599526,1.4244808665157052
simultaneous_eeg_nirs,simultaneous_eeg_nirs__prefrontal,0,0,0.5,paired,0,simultaneous_eeg_nirs__s00__r0__a0.5__paired,simultaneous_eeg_nirs__s00__r0__a0.5__paired,completed,0.49999788196091505,True,stationary_feasible,15,7,2.6565575666257876e-06,161.22030646172,0.48577243674866405,0.5865295392441686,0.3576769774580032,0.4173074633215883,6.938893903907228e-18,True,1.8612678116266963,1.8612678116266963,1.6290717928385179,1.8266953664121042,10.914924165882566,3.712394674561069,3.315914065110005e-06,0.05292933988972232,0.01382097312258072,0.7674900890560821,600000,True,0.48577243674866405,0.5865295392441686,0.3576769774580032,1.8612678116266963,1.8266953664121042,1.8612678116266963,1.6290717928385179
simultaneous_eeg_nirs,simultaneous_eeg_nirs__prefrontal,0,1,0.5,paired,0,simultaneous_eeg_nirs__s00__r1__a0.5__paired,simultaneous_eeg_nirs__s00__r1__a0.5__paired,completed,0.5000040992062018,True,stationary_feasible,17,8,3.1619587386534004e-06,139.43125450039653,0.790774080752981,0.9374930663726897,0.609716363635236,0.3743546828371836,1.3877787807814457e-17,True,2.280007167444934,2.280007167444934,1.4869905932252674,2.235925636531904,10.715701599024857,3.563748780050265,6.03180409841421e-06,0.09456472197640009,0.005556985639084353,0.8232553459238261,599136,True,0.790774080752981,0.9374930663726897,0.609716363635236,2.280007167444934,2.235925636531904,2.280007167444934,1.4869905932252674
simultaneous_eeg_nirs,simultaneous_eeg_nirs__prefrontal,0,0,0.5,wrong_pair,0,simultaneous_eeg_nirs__s00__r0__a0.5__wrong_pair,simultaneous_eeg_nirs__s00__r0__a0.5__wrong_pair,completed,0.49999788196091505,True,stationary_feasible,23,11,1.554746797785392e-06,405.2501423439298,0.800618789042931,0.8654412192293388,0.7300632758850252,0.6797190277904163,1.3877787807814457e-17,True,1.7977769912993884,1.7977769912993884,1.568921986836435,1.9013679656179239,9.86065555665776,3.317317093691767,4.053511842499217e-06,0.0706696587085303,0.01143710147342088,1.1006801209878176,599956,True,0.800618789042931,0.8654412192293388,0.7300632758850252,1.7977769912993884,1.9013679656179239,1.7977769912993884,1.568921986836435
simultaneous_eeg_nirs,simultaneous_eeg_nirs__prefrontal,0,1,0.5,wrong_pair,0,simultaneous_eeg_nirs__s00__r1__a0.5__wrong_pair,simultaneous_eeg_nirs__s00__r1__a0.5__wrong_pair,completed,0.5000040992062018,True,stationary_feasible,23,11,2.222893434375495e-06,410.12830751704143,1.2390605412911653,1.4334522342365816,1.0078475788191703,0.6554412579065805,1.3877787807814457e-17,True,2.6513195999270174,2.6513195999270174,2.2813674356630043,2.4292051344002035,17.661984422024382,5.993323516392597,1.7944900593576723e-05,0.11790424211941807,0.02200491525241297,1.1145881270058453,599996,True,1.2390605412911653,1.4334522342365816,1.0078475788191703,2.6513195999270174,2.4292051344002035,2.6513195999270174,2.2813674356630043
simultaneous_eeg_nirs,simultaneous_eeg_nirs__prefrontal,0,0,0.5,Hb_only,0,simultaneous_eeg_nirs__s00__r0__a0.5__Hb_only,simultaneous_eeg_nirs__s00__r0__a0.5__Hb_only,completed,0.49999788196091505,True,stationary_feasible,11,5,7.6253551207390554e-06,49.22054925275881,1.0620501195018484,1.1081347034453857,1.0138729662476398,0.28721834903791554,6.938893903907228e-18,True,1.6336045585122807,1.6336045585122807,1.8889399537911582,1.7424003076789192,6.524942705928861,2.1058407595831037,1.816841564056264e-06,0.06619992127357331,0.015590501957157978,0.5635633709607646,599984,True,1.0620501195018484,1.1081347034453857,1.0138729662476398,1.6336045585122807,1.7424003076789192,1.6336045585122807,1.8889399537911582
simultaneous_eeg_nirs,simultaneous_eeg_nirs__prefrontal,0,1,0.5,Hb_only,0,simultaneous_eeg_nirs__s00__r1__a0.5__Hb_only,simultaneous_eeg_nirs__s00__r1__a0.5__Hb_only,completed,0.5000040992062018,True,stationary_feasible,19,9,3.9340739660129934e-06,68.23303006670544,1.8724729459617302,2.115486196712159,1.5928050785446175,0.31974906146572857,6.938893903907228e-18,True,2.6159464575288327,2.6159464575288327,1.5502630676292344,2.274869501626331,7.613640075216114,2.397215118549168,6.510741143923691e-06,0.12453700491265267,0.030090670815737686,0.9103852399857715,600808,True,1.8724729459617302,2.115486196712159,1.5928050785446175,2.6159464575288327,2.274869501626331,2.6159464575288327,1.5502630676292344
simultaneous_eeg_nirs,simultaneous_eeg_nirs__prefrontal,0,0,1.0,paired,0,simultaneous_eeg_nirs__s00__r0__a1__paired,simultaneous_eeg_nirs__s00__r0__a1__paired,completed,0.9999936776127218,True,stationary_feasible,15,7,3.4886828088386287e-06,161.59601832268964,0.4983078912810094,0.5864506825943266,0.39076477055960523,0.41258561116392123,6.938893903907228e-18,True,1.9140287149196018,1.9140287149196018,1.8103634380074807,1.8288098658553296,12.522261377284973,4.375079706552523,3.3634887961809462e-06,0.05185225602491637,0.015349055019327932,0.7604973479174078,600004,True,0.4983078912810094,0.5864506825943266,0.39076477055960523,1.9140287149196018,1.8288098658553296,1.9140287149196018,1.8103634380074807
simultaneous_eeg_nirs,simultaneous_eeg_nirs__prefrontal,0,1,1.0,paired,0,simultaneous_eeg_nirs__s00__r1__a1__paired,simultaneous_eeg_nirs__s00__r1__a1__paired,completed,0.9999643833752715,True,stationary_feasible,15,7,9.361070327881337e-06,141.55568352169195,0.7787840421727071,0.9171511408224367,0.6097892698086979,0.37576040458858506,6.938893903907228e-18,True,2.2347610734620957,2.2347610734620957,1.3305500421033907,2.1880112588727214,9.346212838801796,3.077993663857402,4.728394089843046e-06,0.09211946351074173,0.005570059909475308,0.7649888349696994,600820,True,0.7787840421727071,0.9171511408224367,0.6097892698086979,2.2347610734620957,2.1880112588727214,2.2347610734620957,1.3305500421033907
simultaneous_eeg_nirs,simultaneous_eeg_nirs__prefrontal,0,0,1.0,wrong_pair,0,simultaneous_eeg_nirs__s00__r0__a1__wrong_pair,simultaneous_eeg_nirs__s00__r0__a1__wrong_pair,completed,0.9999936776127218,True,stationary_feasible,27,13,4.494476450190198e-06,623.4458356993227,1.3826196637295987,1.472376384659614,1.2866165127807823,0.84344951058866,6.938893903907228e-18,True,1.937714657913377,1.937714657913377,1.7505858267453605,1.9762011229370688,10.82582710973824,3.6576780482252933,5.535931533056752e-06,0.08811316039612227,0.018279630085209424,1.4063412440009415,600816,True,1.3826196637295987,1.472376384659614,1.2866165127807823,1.937714657913377,1.9762011229370688,1.937714657913377,1.7505858267453605
simultaneous_eeg_nirs,simultaneous_eeg_nirs__prefrontal,0,1,1.0,wrong_pair,0,simultaneous_eeg_nirs__s00__r1__a1__wrong_pair,simultaneous_eeg_nirs__s00__r1__a1__wrong_pair,completed,0.9999643833752715,True,stationary_feasible,39,19,4.8136732109283475e-06,1181.4636093310585,2.4655725749364006,2.685432277434912,2.224084019965921,1.1057573198436432,1.3877787807814457e-17,True,3.7735964146521077,3.7735964146521077,4.544592572166791,2.8448552092418127,35.89546045104313,13.08288037368568,0.00018572921696310602,0.16016259768431898,0.048573198910819834,1.8025411990238354,600004,True,2.4655725749364006,2.685432277434912,2.224084019965921,3.7735964146521077,2.8448552092418127,3.7735964146521077,4.544592572166791
simultaneous_eeg_nirs,simultaneous_eeg_nirs__prefrontal,0,0,1.0,Hb_only,0,simultaneous_eeg_nirs__s00__r0__a1__Hb_only,simultaneous_eeg_nirs__s00__r0__a1__Hb_only,completed,0.9999936776127218,True,stationary_feasible,13,6,2.8089502628923614e-06,49.604346687016516,1.4548578235651466,1.5028726171494087,1.4052033554613785,0.286920058537432,6.938893903907228e-18,True,1.7411601133378483,1.7411601133378483,2.2494361598229946,1.735245035822752,7.958421028401877,2.5863749009843504,1.5741385343889145e-06,0.07472352084664254,0.021373761565139586,0.6496961859520525,594132,True,1.4548578235651466,1.5028726171494087,1.4052033554613785,1.7411601133378483,1.735245035822752,1.7411601133378483,2.2494361598229946
simultaneous_eeg_nirs,simultaneous_eeg_nirs__prefrontal,0,1,1.0,Hb_only,0,simultaneous_eeg_nirs__s00__r1__a1__Hb_only,simultaneous_eeg_nirs__s00__r1__a1__Hb_only,completed,0.9999643833752715,True,stationary_feasible,19,9,3.477820902235486e-06,69.09901295875814,2.273722376338542,2.551248033019094,1.9572328331962394,0.3121112106339149,6.938893903907228e-18,True,2.8656172007310627,2.8656172007310627,2.226457337721145,2.2836463721169076,10.861766956208815,3.313570039986591,7.149635662113123e-06,0.13303562422659973,0.03820040955785628,0.9068651259876788,594128,True,2.273722376338542,2.551248033019094,1.9572328331962394,2.8656172007310627,2.2836463721169076,2.8656172007310627,2.226457337721145
simultaneous_eeg_nirs,simultaneous_eeg_nirs__prefrontal,1,0,0.0,paired,1,simultaneous_eeg_nirs__s01__r0__a0__paired,simultaneous_eeg_nirs__s01__r0__a0__paired,completed,0.0,True,stationary_feasible,15,7,9.146658037925992e-06,191.82028555784734,0.9458931935222923,1.1402281020294367,0.6995053555520145,0.4682935687306667,6.938893903907228e-18,True,1.1024400641315188,1.1024400641315188,1.302731920494327,0.6415820706721534,7.1649278185637755,2.3382237786569897,5.516533677893821e-07,0.007039230228358437,0.019062204801223455,0.7347987019456923,599996,True,0.9458931935222923,1.1402281020294367,0.6995053555520145,1.1024400641315188,0.6415820706721534,1.1024400641315188,1.302731920494327
simultaneous_eeg_nirs,simultaneous_eeg_nirs__prefrontal,1,1,0.0,paired,1,simultaneous_eeg_nirs__s01__r1__a0__paired,simultaneous_eeg_nirs__s01__r1__a0__paired,completed,0.0,True,stationary_feasible,19,9,2.8805747867863996e-06,281.14658112194,1.0514594755888202,0.8272928644183376,1.235605347226021,0.5614920316395677,1.3877787807814457e-17,True,2.043789297458796,2.0437892974587966,1.401149427151448,1.3416418326354593,8.511429819466686,2.8055293073165553,2.292972564014884e-06,0.048465275280752645,0.018922300074599475,0.9055262809852138,599988,True,1.0514594755888202,0.8272928644183376,1.235605347226021,2.043789297458796,1.3416418326354593,2.0437892974587966,1.401149427151448
simultaneous_eeg_nirs,simultaneous_eeg_nirs__prefrontal,1,0,0.0,wrong_pair,1,simultaneous_eeg_nirs__s01__r0__a0__wrong_pair,simultaneous_eeg_nirs__s01__r0__a0__wrong_pair,completed,0.0,True,stationary_feasible,15,7,5.012253105942025e-06,114.5105517739881,0.6861975223061073,0.888640643408042,0.3899383106613433,0.356780175436036,6.938893903907228e-18,True,0.8432359804295227,0.8432359804295227,1.224370737064359,0.6093058303036795,8.267303326119446,2.6752916364629056,5.766197754275574e-07,0.005140684373997075,0.014383959089408274,0.7342654559761286,600000,True,0.6861975223061073,0.888640643408042,0.3899383106613433,0.8432359804295227,0.6093058303036795,0.8432359804295227,1.224370737064359
simultaneous_eeg_nirs,simultaneous_eeg_nirs__prefrontal,1,1,0.0,wrong_pair,1,simultaneous_eeg_nirs__s01__r1__a0__wrong_pair,simultaneous_eeg_nirs__s01__r1__a0__wrong_pair,completed,0.0,True,stationary_feasible,15,7,4.237020102620101e-06,109.77783634355313,0.9805514838094935,0.8331957003914002,1.1084887683920317,0.33596727730689957,1.3877787807814457e-17,True,1.9730646200047235,1.9730646200047235,1.4694265209870199,1.3190644548713004,10.585716557556212,3.53053733344788,2.69955867433772e-06,0.04846671813959218,0.017517219606421594,0.7273852629587054,600700,True,0.9805514838094935,0.8331957003914002,1.1084887683920317,1.9730646200047235,1.3190644548713004,1.9730646200047235,1.4694265209870199
simultaneous_eeg_nirs,simultaneous_eeg_nirs__prefrontal,1,0,0.0,Hb_only,1,simultaneous_eeg_nirs__s01__r0__a0__Hb_only,simultaneous_eeg_nirs__s01__r0__a0__Hb_only,completed,0.0,True,stationary_feasible,9,4,9.316543295353569e-06,17.68927328157346,0.6077243884688612,0.7963215815183361,0.323310691886054,0.17505241470059094,6.938893903907228e-18,True,0.6895360809676245,0.6895360809676245,1.1778525145752732,0.5306059152145423,1.3636746191172835,0.3687682833364291,1.9031879748483902e-07,0.005128683485184799,0.012043839618328837,0.45330676005687565,600540,True,0.6077243884688612,0.7963215815183361,0.323310691886054,0.6895360809676245,0.5306059152145423,0.6895360809676245,1.1778525145752732
simultaneous_eeg_nirs,simultaneous_eeg_nirs__prefrontal,1,1,0.0,Hb_only,1,simultaneous_eeg_nirs__s01__r1__a0__Hb_only,simultaneous_eeg_nirs__s01__r1__a0__Hb_only,completed,0.0,True,stationary_feasible,15,7,2.9904705272766676e-06,34.59097633225728,1.120295829816987,1.5439528198605155,0.3554366084907765,0.22362563493804866,6.938893903907228e-18,True,1.5777292883585985,1.5777292883585985,1.9522692955083039,1.265920938373189,5.788335598385634,1.835566131965248,1.9550384264864186e-06,0.06588745183684026,0.011654868815938767,0.7225094969617203,600004,True,1.120295829816987,1.5439528198605155,0.3554366084907765,1.5777292883585985,1.265920938373189,1.5777292883585985,1.9522692955083039
simultaneous_eeg_nirs,simultaneous_eeg_nirs__prefrontal,1,0,0.25,paired,1,simultaneous_eeg_nirs__s01__r0__a0.25__paired,simultaneous_eeg_nirs__s01__r0__a0.25__paired,completed,0.2500000312939392,True,stationary_feasible,15,7,7.6235989517489764e-06,193.3535770993402,0.9546247681302217,1.149352358867498,0.7082415202606217,0.4715801300058069,3.469446951953614e-18,True,1.1082174857729055,1.1082174857729055,1.1659384717537224,0.6361086928993288,5.59088673361242,1.8099081860160668,4.562814571442832e-07,0.00737003878152253,0.01924949448873026,0.7431525540305302,598860,True,0.9546247681302217,1.149352358867498,0.7082415202606217,1.1082174857729055,0.6361086928993288,1.1082174857729055,1.1659384717537224
simultaneous_eeg_nirs,simultaneous_eeg_nirs__prefrontal,1,1,0.25,paired,1,simultaneous_eeg_nirs__s01__r1__a0.25__paired,simultaneous_eeg_nirs__s01__r1__a0.25__paired,completed,0.2500168490424409,True,stationary_feasible,19,9,4.494264290705359e-06,279.51306944683483,1.058773368472338,0.8354338164465654,1.2425990624131535,0.5569052361982296,1.3877787807814457e-17,True,2.0545276644146235,2.0545276644146235,1.5495234440765777,1.3494777840126841,9.904766499433599,3.294877053836951,2.989639486056831e-06,0.04907977060319475,0.018911090743594823,0.9156060960376635,600720,True,1.058773368472338,0.8354338164465654,1.2425990624131535,2.0545276644146235,1.3494777840126841,2.0545276644146235,1.5495234440765777
simultaneous_eeg_nirs,simultaneous_eeg_nirs__prefrontal,1,0,0.25,wrong_pair,1,simultaneous_eeg_nirs__s01__r0__a0.25__wrong_pair,simultaneous_eeg_nirs__s01__r0__a0.25__wrong_pair,completed,0.2500000312939392,True,stationary_feasible,15,7,1.9113347016458006e-06,99.39416709636676,0.6795849813126581,0.8641812959884498,0.4205498559210012,0.33230287984820406,3.469446951953614e-18,True,0.7849336650697207,0.7849336650697207,1.2748569118341893,0.5574951092752218,8.558476460703606,2.775830820983521,5.077665334915911e-07,0.008856544614470751,0.013812752780319794,0.7531108220573515,599984,True,0.6795849813126581,0.8641812959884498,0.4205498559210012,0.7849336650697207,0.5574951092752218,0.7849336650697207,1.2748569118341893
simultaneous_eeg_nirs,simultaneous_eeg_nirs__prefrontal,1,1,0.25,wrong_pair,1,simultaneous_eeg_nirs__s01__r1__a0.25__wrong_pair,simultaneous_eeg_nirs__s01__r1__a0.25__wrong_pair,completed,0.2500168490424409,True,stationary_feasible,15,7,5.874994711781178e-06,100.73784124453026,0.8861270451978925,0.8307619962190447,0.938230667853297,0.31695983784576703,6.938893903907228e-18,True,1.879954855030267,1.879954855030267,1.3211032796082673,1.318757184808564,9.03601212653919,2.9725422530152894,2.7776307060703043e-06,0.05174244081239472,0.014579382670380269,0.7353025180054829,600004,True,0.8861270451978925,0.8307619962190447,0.938230667853297,1.879954855030267,1.318757184808564,1.879954855030267,1.3211032796082673
simultaneous_eeg_nirs,simultaneous_eeg_nirs__prefrontal,1,0,0.25,Hb_only,1,simultaneous_eeg_nirs__s01__r0__a0.25__Hb_only,simultaneous_eeg_nirs__s01__r0__a0.25__Hb_only,completed,0.2500000312939392,True,stationary_feasible,9,4,5.458792060613999e-06,17.79607943382171,0.5268654528048277,0.699909839131304,0.25553987517736704,0.17593329435325736,3.469446951953614e-18,True,0.6054457944151533,0.6054457944151533,1.4248518838852011,0.5361982692619707,2.30845566641027,0.6518042067375395,2.077281792682675e-07,0.006440789225569221,0.01018079470672907,0.46719562995713204,601252,True,0.5268654528048277,0.699909839131304,0.25553987517736704,0.6054457944151533,0.5361982692619707,0.6054457944151533,1.4248518838852011
simultaneous_eeg_nirs,simultaneous_eeg_nirs__prefrontal,1,1,0.25,Hb_only,1,simultaneous_eeg_nirs__s01__r1__a0.25__Hb_only,simultaneous_eeg_nirs__s01__r1__a0.25__Hb_only,completed,0.2500168490424409,True,stationary_feasible,15,7,4.091146141455833e-06,35.156452702736196,1.078247718084076,1.4970543167408517,0.28993905537994624,0.2245649873945261,6.938893903907228e-18,True,1.5646885901233871,1.564688590123387,1.9527993527362244,1.250404225886378,5.67443279947084,1.8052470408463246,1.993377801684673e-06,0.06359989606799507,0.01190809383092439,0.7366460730554536,599968,True,1.078247718084076,1.4970543167408517,0.28993905537994624,1.5646885901233871,1.250404225886378,1.564688590123387,1.9527993527362244
simultaneous_eeg_nirs,simultaneous_eeg_nirs__prefrontal,1,0,0.5,paired,1,simultaneous_eeg_nirs__s01__r0__a0.5__paired,simultaneous_eeg_nirs__s01__r0__a0.5__paired,completed,0.49997263836399913,True,stationary_feasible,15,7,5.477036444581812e-06,194.7128478752939,0.9595116085986255,1.1548966731510135,0.7124175239392733,0.4739533758472505,6.938893903907228e-18,True,1.1085845186357897,1.1085845186357897,1.0487352490581299,0.6284304397763818,3.990422140091098,1.2744330461586924,3.737746924777745e-07,0.007743346242881122,0.019356626080186616,0.7500655860640109,599136,True,0.9595116085986255,1.1548966731510135,0.7124175239392733,1.1085845186357897,0.6284304397763818,1.1085845186357897,1.0487352490581299
simultaneous_eeg_nirs,simultaneous_eeg_nirs__prefrontal,1,1,0.5,paired,1,simultaneous_eeg_nirs__s01__r1__a0.5__paired,simultaneous_eeg_nirs__s01__r1__a0.5__paired,completed,0.5000347857827887,True,stationary_feasible,19,9,7.446707011144684e-06,278.2783167345353,1.0648340038957347,0.8466545533762238,1.2453589759392871,0.5521584354192453,1.3877787807814457e-17,True,2.0536366280714744,2.0536366280714744,1.6584415121182283,1.3502382461918534,10.884344566354692,3.647931518002659,3.7185537865625723e-06,0.04936987265925101,0.01882456490611529,0.9162431668955833,599144,True,1.0648340038957347,0.8466545533762238,1.2453589759392871,2.0536366280714744,1.3502382461918534,2.0536366280714744,1.6584415121182283
simultaneous_eeg_nirs,simultaneous_eeg_nirs__prefrontal,1,0,0.5,wrong_pair,1,simultaneous_eeg_nirs__s01__r0__a0.5__wrong_pair,simultaneous_eeg_nirs__s01__r0__a0.5__wrong_pair,completed,0.49997263836399913,True,stationary_feasible,15,7,1.1993075930224106e-06,131.83398271958782,0.8014901909714536,0.9578848938734316,0.6059947050395729,0.3723145839842337,1.3877787807814457e-17,True,0.8508039706077041,0.8508039706077041,1.5293338796077733,0.5126491164857523,10.339161742494536,3.373342242353279,4.826612816904335e-07,0.01590248407694369,0.015605493983478037,0.7255597569746897,600004,True,0.8014901909714536,0.9578848938734316,0.6059947050395729,0.8508039706077041,0.5126491164857523,0.8508039706077041,1.5293338796077733
simultaneous_eeg_nirs,simultaneous_eeg_nirs__prefrontal,1,1,0.5,wrong_pair,1,simultaneous_eeg_nirs__s01__r1__a0.5__wrong_pair,simultaneous_eeg_nirs__s01__r1__a0.5__wrong_pair,completed,0.5000347857827887,True,stationary_feasible,17,8,2.8412087427338958e-06,126.93907707411763,0.9626945379058097,1.0061594511387795,0.917172124255568,0.35628156982024206,1.3877787807814457e-17,True,1.8872505203841632,1.8872505203841632,1.4127481310067465,1.3304178694624924,9.248637670147893,3.0137641430124567,3.1576439448320034e-06,0.05691300962840604,0.015422871890013084,0.8288862269837409,600000,True,0.9626945379058097,1.0061594511387795,0.917172124255568,1.8872505203841632,1.3304178694624924,1.8872505203841632,1.4127481310067465
simultaneous_eeg_nirs,simultaneous_eeg_nirs__prefrontal,1,0,0.5,Hb_only,1,simultaneous_eeg_nirs__s01__r0__a0.5__Hb_only,simultaneous_eeg_nirs__s01__r0__a0.5__Hb_only,completed,0.49997263836399913,True,stationary_feasible,9,4,1.7591223112539648e-06,17.995275853674325,0.5209378533935077,0.668580273557469,0.30943967426025276,0.1765855471829675,3.469446951953614e-18,True,0.5864036629100194,0.5864036629100194,1.7096954534805866,0.541501392239987,3.807746021182533,1.1076371453096425,2.26396938191672e-07,0.011194169092463634,0.00966239137032483,0.46773516898974776,600820,True,0.5209378533935077,0.668580273557469,0.30943967426025276,0.5864036629100194,0.541501392239987,0.5864036629100194,1.7096954534805866
simultaneous_eeg_nirs,simultaneous_eeg_nirs__prefrontal,1,1,0.5,Hb_only,1,simultaneous_eeg_nirs__s01__r1__a0.5__Hb_only,simultaneous_eeg_nirs__s01__r1__a0.5__Hb_only,completed,0.5000347857827887,True,stationary_feasible,15,7,5.4909657863087755e-06,36.026602482327476,1.0512920652496844,1.4622934194579116,0.26856650633312706,0.2257403741715092,1.3877787807814457e-17,True,1.565207847995305,1.565207847995305,1.9805958348694264,1.235943061116146,5.803665205870568,1.8440247759205393,2.0319401230828876e-06,0.061535979969111976,0.01268550129039366,0.7401840359671041,600540,True,1.0512920652496844,1.4622934194579116,0.26856650633312706,1.565207847995305,1.235943061116146,1.565207847995305,1.9805958348694264
simultaneous_eeg_nirs,simultaneous_eeg_nirs__prefrontal,1,0,1.0,paired,1,simultaneous_eeg_nirs__s01__r0__a1__paired,simultaneous_eeg_nirs__s01__r0__a1__paired,completed,0.9999997322474573,True,stationary_feasible,15,7,1.5759874386882494e-06,196.8373298476119,0.9591639861700636,1.1562783988146759,0.7092329442192186,0.4758804816075979,1.3877787807814457e-17,True,1.0962830752156092,1.0962830752156092,0.9359429255224366,0.6086795474259,1.7630192996433276,0.505994778304461,2.5756669996098274e-07,0.00855719065026991,0.019360644078739633,0.7312894789502025,600808,True,0.9591639861700636,1.1562783988146759,0.7092329442192186,1.0962830752156092,0.6086795474259,1.0962830752156092,0.9359429255224366
simultaneous_eeg_nirs,simultaneous_eeg_nirs__prefrontal,1,1,1.0,paired,1,simultaneous_eeg_nirs__s01__r1__a1__paired,simultaneous_eeg_nirs__s01__r1__a1__paired,completed,1.0000028089669675,True,stationary_feasible,21,10,4.366266011120079e-06,277.89848374041264,1.073901360138345,0.8711954579928378,1.2440043153408369,0.5444176685297766,6.938893903907228e-18,True,2.0254782777875477,2.0254782777875477,1.73209875713971,1.3330229417623385,11.50920155809292,3.8977434288453487,4.938431428509647e-06,0.04893823090996154,0.018580933083530846,1.0162628809921443,594132,True,1.073901360138345,0.8711954579928378,1.2440043153408369,2.0254782777875477,1.3330229417623385,2.0254782777875477,1.73209875713971
simultaneous_eeg_nirs,simultaneous_eeg_nirs__prefrontal,1,0,1.0,wrong_pair,1,simultaneous_eeg_nirs__s01__r0__a1__wrong_pair,simultaneous_eeg_nirs__s01__r0__a1__wrong_pair,completed,0.9999997322474573,True,stationary_feasible,21,10,3.7952521902909388e-06,335.6281563997524,1.2761316718748479,1.3999153917602374,1.1389736537062525,0.5684094523498082,6.938893903907228e-18,True,1.2630213672658113,1.2630213672658113,2.43366754858498,0.4473367066012558,16.97961791917539,5.686290592417397,4.7608595790759016e-07,0.03156171565086355,0.023989847923077665,1.033866515965201,599956,True,1.2761316718748479,1.3999153917602374,1.1389736537062525,1.2630213672658113,0.4473367066012558,1.2630213672658113,2.43366754858498
simultaneous_eeg_nirs,simultaneous_eeg_nirs__prefrontal,1,1,1.0,wrong_pair,1,simultaneous_eeg_nirs__s01__r1__a1__wrong_pair,simultaneous_eeg_nirs__s01__r1__a1__wrong_pair,completed,1.0000028089669675,True,stationary_feasible,21,10,4.027867364405131e-06,282.5924584637629,1.4534787286991087,1.6231004306774122,1.261247724079752,0.5411998669555367,1.3877787807814457e-17,True,2.1508477683011735,2.1508477683011735,2.030636844339561,1.3819458929491533,13.16035337469973,4.318373472762997,5.255644306992067e-06,0.07146764577448743,0.02485568019055985,1.034035642980598,599996,True,1.4534787286991087,1.6231004306774122,1.261247724079752,2.1508477683011735,1.3819458929491533,2.1508477683011735,2.030636844339561
simultaneous_eeg_nirs,simultaneous_eeg_nirs__prefrontal,1,0,1.0,Hb_only,1,simultaneous_eeg_nirs__s01__r0__a1__Hb_only,simultaneous_eeg_nirs__s01__r0__a1__Hb_only,completed,0.9999997322474573,True,stationary_feasible,9,4,4.8858322762365565e-06,18.66838102915534,0.7160203946298783,0.8167212002778942,0.5986124723629547,0.1772449405434215,3.469446951953614e-18,True,0.7454558901019765,0.7454558901019764,2.3218050645192014,0.5516439871959614,7.061289923390706,2.097882430061651,2.6720447395881746e-07,0.02235445835454814,0.012850942443238382,0.46251740504521877,600000,True,0.7160203946298783,0.8167212002778942,0.5986124723629547,0.7454558901019765,0.5516439871959614,0.7454558901019764,2.3218050645192014
simultaneous_eeg_nirs,simultaneous_eeg_nirs__prefrontal,1,1,1.0,Hb_only,1,simultaneous_eeg_nirs__s01__r1__a1__Hb_only,simultaneous_eeg_nirs__s01__r1__a1__Hb_only,completed,1.0000028089669675,True,stationary_feasible,15,7,9.334521976822348e-06,38.777018595569736,1.0460612727950975,1.4302812397928748,0.37786763288214564,0.22898680549873976,1.3877787807814457e-17,True,1.6066886957324737,1.6066886957324737,2.105766106047112,1.210095350054314,6.684327896733405,2.103280099943593,2.106671140826277e-06,0.05809304331825243,0.015460250028456045,0.7488670919556171,600700,True,1.0460612727950975,1.4302812397928748,0.37786763288214564,1.6066886957324737,1.210095350054314,1.6066886957324737,2.105766106047112
simultaneous_eeg_nirs,simultaneous_eeg_nirs__prefrontal,2,0,0.0,paired,2,simultaneous_eeg_nirs__s02__r0__a0__paired,simultaneous_eeg_nirs__s02__r0__a0__paired,completed,0.0,True,stationary_feasible,19,9,2.7854553498092383e-06,164.806254383505,0.9555783082529093,0.9577698255548505,0.9533817533724964,0.42649451954066686,6.938893903907228e-18,True,1.1439507630743069,1.1439507630743069,1.9419518531122297,0.5921354690171968,14.052675770606553,4.735279151038061,4.306490678317884e-07,0.034968823100536575,0.022576187114829293,0.9025265249656513,599996,True,0.9555783082529093,0.9577698255548505,0.9533817533724964,1.1439507630743069,0.5921354690171968,1.1439507630743069,1.9419518531122297
simultaneous_eeg_nirs,simultaneous_eeg_nirs__prefrontal,2,1,0.0,paired,2,simultaneous_eeg_nirs__s02__r1__a0__paired,simultaneous_eeg_nirs__s02__r1__a0__paired,completed,0.0,True,stationary_feasible,11,5,7.993527074663277e-06,64.8679641844048,0.5834633989345788,0.7494431797568547,0.34524483502076847,0.2746543721509338,3.469446951953614e-18,True,0.42748479947843165,0.42748479947843165,0.7517781975772087,0.3567722120046949,2.7194422457193355,0.8277019439919959,1.907541174148972e-07,0.016874589209007803,0.00775689226586841,0.559896771912463,601256,True,0.5834633989345788,0.7494431797568547,0.34524483502076847,0.42748479947843165,0.3567722120046949,0.42748479947843165,0.7517781975772087
simultaneous_eeg_nirs,simultaneous_eeg_nirs__prefrontal,2,0,0.0,wrong_pair,2,simultaneous_eeg_nirs__s02__r0__a0__wrong_pair,simultaneous_eeg_nirs__s02__r0__a0__wrong_pair,completed,0.0,True,stationary_feasible,15,7,3.983020798724713e-06,104.60329825701017,0.8953695424401688,0.912673726340048,0.8777242757880207,0.33566088110747344,6.938893903907228e-18,True,1.062343157213801,1.062343157213801,1.9231882212984721,0.6533530543951168,13.9780688456431,4.717384047729685,6.381863502579484e-07,0.03703547174875444,0.020717794178202343,0.7269834260223433,600004,True,0.8953695424401688,0.912673726340048,0.8777242757880207,1.062343157213801,0.6533530543951168,1.062343157213801,1.9231882212984721
simultaneous_eeg_nirs,simultaneous_eeg_nirs__prefrontal,2,1,0.0,wrong_pair,2,simultaneous_eeg_nirs__s02__r1__a0__wrong_pair,simultaneous_eeg_nirs__s02__r1__a0__wrong_pair,completed,0.0,True,stationary_feasible,11,5,2.387007778610618e-06,54.43496648876728,0.4894922806762444,0.5044804566181114,0.47403043633678665,0.2525759015103572,3.469446951953614e-18,True,0.2377035034970178,0.2377035034970178,0.5978811096932298,0.3663132571005209,1.631510905805638,0.49142968305329143,1.3514593749034295e-07,0.008595544890211802,0.0034253896448004522,0.545363737968728,594128,True,0.4894922806762444,0.5044804566181114,0.47403043633678665,0.2377035034970178,0.3663132571005209,0.2377035034970178,0.5978811096932298
simultaneous_eeg_nirs,simultaneous_eeg_nirs__prefrontal,2,0,0.0,Hb_only,2,simultaneous_eeg_nirs__s02__r0__a0__Hb_only,simultaneous_eeg_nirs__s02__r0__a0__Hb_only,completed,0.0,True,stationary_feasible,9,4,8.973255744989948e-07,9.321841909286993,0.4989156199018458,0.569259560048699,0.4168658595486656,0.11934627386743411,3.469446951953614e-18,True,0.5512666941470346,0.5512666941470346,1.8877900547467634,0.6563415320795343,2.5097412836069486,0.6889001162171315,1.8351227085322688e-07,0.02488443102360018,0.008879864653952406,0.44834263308439404,599988,True,0.4989156199018458,0.569259560048699,0.4168658595486656,0.5512666941470346,0.6563415320795343,0.5512666941470346,1.8877900547467634
simultaneous_eeg_nirs,simultaneous_eeg_nirs__prefrontal,2,1,0.0,Hb_only,2,simultaneous_eeg_nirs__s02__r1__a0__Hb_only,simultaneous_eeg_nirs__s02__r1__a0__Hb_only,completed,0.0,True,stationary_feasible,7,3,3.934452288286609e-06,6.281350634482028,0.504042040982676,0.6566075996885434,0.27745849813478907,0.10964865335251206,8.673617379884035e-19,True,0.30895212924864107,0.30895212924864107,0.8989892831081736,0.38984039091817707,1.065294268328706,0.2827201575370186,1.45614321264548e-07,0.012576357123510625,0.005705098962769565,0.3629282839829102,600820,True,0.504042040982676,0.6566075996885434,0.27745849813478907,0.30895212924864107,0.38984039091817707,0.30895212924864107,0.8989892831081736
simultaneous_eeg_nirs,simultaneous_eeg_nirs__prefrontal,2,0,0.25,paired,2,simultaneous_eeg_nirs__s02__r0__a0.25__paired,simultaneous_eeg_nirs__s02__r0__a0.25__paired,completed,0.2500195017452678,True,stationary_feasible,19,9,2.756914246614815e-06,164.5267630800491,0.9630023736405444,0.9613862728377542,0.9646157668594147,0.4255961246145875,6.938893903907228e-18,True,1.1487670037690971,1.1487670037690971,1.9869911056055236,0.5906858452707106,14.406000109597933,4.853746236199452,4.302551886708711e-07,0.03481623507226955,0.022700644319178762,1.0042119920253754,598860,True,0.9630023736405444,0.9613862728377542,0.9646157668594147,1.1487670037690971,0.5906858452707106,1.1487670037690971,1.9869911056055236
simultaneous_eeg_nirs,simultaneous_eeg_nirs__prefrontal,2,1,0.25,paired,2,simultaneous_eeg_nirs__s02__r1__a0.25__paired,simultaneous_eeg_nirs__s02__r1__a0.25__paired,completed,0.2500009663995614,True,stationary_feasible,11,5,8.545236531974385e-06,67.84085341406086,0.5924145504185688,0.7627915396915507,0.3464954055543355,0.277232193590611,3.469446951953614e-18,True,0.4439869049673822,0.4439869049673822,0.7484114870597753,0.3518260074640663,2.4511166240760365,0.741703620183599,3.4561586034933085e-07,0.017759230114869223,0.007999014256960863,0.5655463489238173,600004,True,0.5924145504185688,0.7627915396915507,0.3464954055543355,0.4439869049673822,0.3518260074640663,0.4439869049673822,0.7484114870597753
simultaneous_eeg_nirs,simultaneous_eeg_nirs__prefrontal,2,0,0.25,wrong_pair,2,simultaneous_eeg_nirs__s02__r0__a0.25__wrong_pair,simultaneous_eeg_nirs__s02__r0__a0.25__wrong_pair,completed,0.2500195017452678,True,stationary_feasible,17,8,2.837040276931941e-06,138.37426567679938,0.9114739184744471,0.9724577887642298,0.8461059373329741,0.3850843801098024,6.938893903907228e-18,True,1.0271074672397498,1.0271074672397498,2.166477818959813,0.6600149469622593,15.802233625594727,5.372361714153334,8.44761794095418e-07,0.03574739892208221,0.01971847908370399,0.8536692920606583,599984,True,0.9114739184744471,0.9724577887642298,0.8461059373329741,1.0271074672397498,0.6600149469622593,1.0271074672397498,2.166477818959813
simultaneous_eeg_nirs,simultaneous_eeg_nirs__prefrontal,2,1,0.25,wrong_pair,2,simultaneous_eeg_nirs__s02__r1__a0.25__wrong_pair,simultaneous_eeg_nirs__s02__r1__a0.25__wrong_pair,completed,0.2500009663995614,True,stationary_feasible,15,7,2.241223459224841e-06,161.07425173359113,0.8933918167030169,0.6831603107481735,1.0628216530172374,0.4257189131367279,3.469446951953614e-18,True,0.8270651088785235,0.8270651088785235,1.6998953657838651,0.40918922441290373,11.127514926505306,3.6680845572604355,4.82069786658099e-07,0.020993345161591768,0.015116371840398109,0.7441348710563034,599968,True,0.8933918167030169,0.6831603107481735,1.0628216530172374,0.8270651088785235,0.40918922441290373,0.8270651088785235,1.6998953657838651
simultaneous_eeg_nirs,simultaneous_eeg_nirs__prefrontal,2,0,0.25,Hb_only,2,simultaneous_eeg_nirs__s02__r0__a0.25__Hb_only,simultaneous_eeg_nirs__s02__r0__a0.25__Hb_only,completed,0.2500195017452678,True,stationary_feasible,9,4,8.150570339934271e-07,9.133213336251085,0.4331406655093669,0.5425481518273858,0.28436451111994,0.11838260692025282,6.938893903907228e-18,True,0.47657118985216446,0.47657118985216446,0.9593669622296538,0.6539235150615719,2.4166237523282055,0.7183792829907968,1.9161340964548388e-07,0.021311699923460107,0.006658781957707521,0.48120557598304003,599136,True,0.4331406655093669,0.5425481518273858,0.28436451111994,0.47657118985216446,0.6539235150615719,0.47657118985216446,0.9593669622296538
simultaneous_eeg_nirs,simultaneous_eeg_nirs__prefrontal,2,1,0.25,Hb_only,2,simultaneous_eeg_nirs__s02__r1__a0.25__Hb_only,simultaneous_eeg_nirs__s02__r1__a0.25__Hb_only,completed,0.2500009663995614,True,stationary_feasible,9,4,1.29610705282748e-06,7.716184369452915,0.614840538526339,0.8230643424070673,0.2803976888077698,0.11168261595167911,1.734723475976807e-18,True,0.4650687137690838,0.4650687137690839,3.0793723924548613,0.3941275798318808,2.5751034139697704,0.663342940293237,2.5690442256262864e-07,0.0173300251038867,0.008834337739043694,0.4759584879502654,600720,True,0.614840538526339,0.8230643424070673,0.2803976888077698,0.4650687137690838,0.3941275798318808,0.4650687137690839,3.0793723924548613
simultaneous_eeg_nirs,simultaneous_eeg_nirs__prefrontal,2,0,0.5,paired,2,simultaneous_eeg_nirs__s02__r0__a0.5__paired,simultaneous_eeg_nirs__s02__r0__a0.5__paired,completed,0.49999945578100635,True,stationary_feasible,19,9,2.5930929845207035e-06,165.28073509760574,0.9710995237440778,0.9656301095834303,0.976538305187176,0.4253518316283964,6.938893903907228e-18,True,1.1540304850718062,1.1540304850718062,2.011131305003394,0.5890568848020123,14.581638304924176,4.9109268720646435,4.2111343605811193e-07,0.03466041998589911,0.022831739151257604,0.93506168294698,600004,True,0.9710995237440778,0.9656301095834303,0.976538305187176,1.1540304850718062,0.5890568848020123,1.1540304850718062,2.011131305003394
simultaneous_eeg_nirs,simultaneous_eeg_nirs__prefrontal,2,1,0.5,paired,2,simultaneous_eeg_nirs__s02__r1__a0.5__paired,simultaneous_eeg_nirs__s02__r1__a0.5__paired,completed,0.499988239082605,True,stationary_feasible,13,6,1.241793228604752e-07,74.09309083161456,0.5991619465656131,0.7743461209912063,0.34406127554617527,0.27929252349403627,1.734723475976807e-18,True,0.45790125443182056,0.45790125443182056,0.7923526820559668,0.3472293740696565,3.0579377892709343,0.9338155738002961,5.692192738644915e-07,0.018576587431512488,0.008193316496795338,0.6553062639432028,600004,True,0.5991619465656131,0.7743461209912063,0.34406127554617527,0.45790125443182056,0.3472293740696565,0.45790125443182056,0.7923526820559668
simultaneous_eeg_nirs,simultaneous_eeg_nirs__prefrontal,2,0,0.5,wrong_pair,2,simultaneous_eeg_nirs__s02__r0__a0.5__wrong_pair,simultaneous_eeg_nirs__s02__r0__a0.5__wrong_pair,completed,0.49999945578100635,True,stationary_feasible,19,9,1.4479346104335573e-06,193.07892820845663,1.040664055183563,1.1398038876520338,0.9310265566542697,0.4546994159674031,6.938893903907228e-18,True,1.0974466371070766,1.0974466371070766,2.4687114426886905,0.6689500256780705,17.981609672578646,6.162149685026776,1.1500223584868523e-06,0.03630372553991064,0.02074486507136062,0.9275514219189063,600540,True,1.040664055183563,1.1398038876520338,0.9310265566542697,1.0974466371070766,0.6689500256780705,1.0974466371070766,2.4687114426886905
simultaneous_eeg_nirs,simultaneous_eeg_nirs__prefrontal,2,1,0.5,wrong_pair,2,simultaneous_eeg_nirs__s02__r1__a0.5__wrong_pair,simultaneous_eeg_nirs__s02__r1__a0.5__wrong_pair,completed,0.499988239082605,True,stationary_feasible,23,11,5.169917382906719e-06,500.5868983102564,1.7973513973144382,1.5777591325483777,1.9928924232171985,0.7428521867250663,6.938893903907228e-18,True,1.7758080312344777,1.7758080312344777,2.9741903613574743,0.4785229397653478,20.09403211827232,6.891784370078162,1.0873882103464305e-06,0.043949932040358165,0.03329188971010984,1.1258296200539917,600816,True,1.7973513973144382,1.5777591325483777,1.9928924232171985,1.7758080312344777,0.4785229397653478,1.7758080312344777,2.9741903613574743
simultaneous_eeg_nirs,simultaneous_eeg_nirs__prefrontal,2,0,0.5,Hb_only,2,simultaneous_eeg_nirs__s02__r0__a0.5__Hb_only,simultaneous_eeg_nirs__s02__r0__a0.5__Hb_only,completed,0.49999945578100635,True,stationary_feasible,9,4,7.148289445975148e-07,9.311699796476075,0.48766306841370866,0.6202417457888131,0.30154719924116735,0.11803811598748198,6.938893903907228e-18,True,0.510139359350466,0.510139359350466,0.9501800540662537,0.6519446521002058,3.3399344875753987,1.0250353260186764,1.9948572673131591e-07,0.01905161731134539,0.007121159660677356,0.47924252203665674,600000,True,0.48766306841370866,0.6202417457888131,0.30154719924116735,0.510139359350466,0.6519446521002058,0.510139359350466,0.9501800540662537
simultaneous_eeg_nirs,simultaneous_eeg_nirs__prefrontal,2,1,0.5,Hb_only,2,simultaneous_eeg_nirs__s02__r1__a0.5__Hb_only,simultaneous_eeg_nirs__s02__r1__a0.5__Hb_only,completed,0.499988239082605,True,stationary_feasible,9,4,5.066405338553102e-06,11.294361091843692,0.7687454035722174,1.0090608048578915,0.4046421667675859,0.11676744034329953,4.336808689942018e-19,True,0.6515637908767034,0.6515637908767034,5.25744498070523,0.3976048216375358,4.651580621804447,1.2178201449027442,4.544027610612094e-07,0.023040976173279167,0.012405003156237495,0.4736395110376179,600820,True,0.7687454035722174,1.0090608048578915,0.4046421667675859,0.6515637908767034,0.3976048216375358,0.6515637908767034,5.25744498070523
simultaneous_eeg_nirs,simultaneous_eeg_nirs__prefrontal,2,0,1.0,paired,2,simultaneous_eeg_nirs__s02__r0__a1__paired,simultaneous_eeg_nirs__s02__r0__a1__paired,completed,1.0000279873642637,True,stationary_feasible,17,8,9.64375764844731e-06,169.7905987210923,0.9869687359429979,0.9743623599322605,0.9994161110393781,0.4265471384772234,6.938893903907228e-18,True,1.164155758827698,1.164155758827698,2.006831576053292,0.5854369241630013,14.492710564439667,4.872542652195057,3.8427163143045137e-07,0.034333367600528845,0.023073692416408036,0.8364575830055401,599144,True,0.9869687359429979,0.9743623599322605,0.9994161110393781,1.164155758827698,0.5854369241630013,1.164155758827698,2.006831576053292
simultaneous_eeg_nirs,simultaneous_eeg_nirs__prefrontal,2,1,1.0,paired,2,simultaneous_eeg_nirs__s02__r1__a1__paired,simultaneous_eeg_nirs__s02__r1__a1__paired,completed,0.9999962893281951,True,stationary_feasible,11,5,4.7809952977164914e-06,98.28111838117803,0.6075894556974124,0.7898395996147156,0.33835380924384667,0.2832733966552741,1.734723475976807e-18,True,0.4670417254280297,0.4670417254280297,0.8205371833813733,0.34809182039697695,3.398760355932837,1.020985337062665,1.1531588310571731e-06,0.01883138586367293,0.00844442101942476,0.5752854889724404,600808,True,0.6075894556974124,0.7898395996147156,0.33835380924384667,0.4670417254280297,0.34809182039697695,0.4670417254280297,0.8205371833813733
simultaneous_eeg_nirs,simultaneous_eeg_nirs__prefrontal,2,0,1.0,wrong_pair,2,simultaneous_eeg_nirs__s02__r0__a1__wrong_pair,simultaneous_eeg_nirs__s02__r0__a1__wrong_pair,completed,1.0000279873642637,True,stationary_feasible,21,10,7.885961103257033e-06,361.2959042506737,1.5125513484433082,1.6583458443970602,1.351115177816584,0.6221940178196588,6.938893903907228e-18,True,1.4845182186115067,1.4845182186115067,3.1749301009217206,0.6947369586099742,22.90871508061587,7.996029133301352,2.2608764140694076e-06,0.04243490483309337,0.02773001416296685,1.0074195350753143,601256,True,1.5125513484433082,1.6583458443970602,1.351115177816584,1.4845182186115067,0.6947369586099742,1.4845182186115067,3.1749301009217206
simultaneous_eeg_nirs,simultaneous_eeg_nirs__prefrontal,2,1,1.0,wrong_pair,2,simultaneous_eeg_nirs__s02__r1__a1__wrong_pair,simultaneous_eeg_nirs__s02__r1__a1__wrong_pair,completed,0.9999962893281951,True,stationary_feasible,77,38,9.575561766996821e-06,1940.555032327148,3.7626946274343873,3.5745746714770568,3.941846982910663,1.4579965877875098,1.3877787807814457e-17,True,3.7406649720054648,3.7406649720054648,4.76309919367759,0.7054022499667503,31.90941027437299,11.538826809912853,4.666091043018469e-07,0.09618092148419159,0.07077387331965254,3.5644193419720978,600828,True,3.7626946274343873,3.5745746714770568,3.941846982910663,3.7406649720054648,0.7054022499667503,3.7406649720054648,4.76309919367759
simultaneous_eeg_nirs,simultaneous_eeg_nirs__prefrontal,2,0,1.0,Hb_only,2,simultaneous_eeg_nirs__s02__r0__a1__Hb_only,simultaneous_eeg_nirs__s02__r0__a1__Hb_only,completed,1.0000279873642637,True,stationary_feasible,9,4,4.1232009581876884e-07,10.688439841310469,0.8161118914371759,0.9570627747067372,0.6450644029559923,0.119143692521675,6.938893903907228e-18,True,0.8060020347030274,0.8060020347030274,2.8654965242719155,0.6494812729540598,6.182475751846264,1.883965720704921,2.1389361623379222e-07,0.019940151696094303,0.013564237328446822,0.4739887210307643,594128,True,0.8161118914371759,0.9570627747067372,0.6450644029559923,0.8060020347030274,0.6494812729540598,0.8060020347030274,2.8654965242719155
simultaneous_eeg_nirs,simultaneous_eeg_nirs__prefrontal,2,1,1.0,Hb_only,2,simultaneous_eeg_nirs__s02__r1__a1__Hb_only,simultaneous_eeg_nirs__s02__r1__a1__Hb_only,completed,0.9999962893281951,True,stationary_feasible,13,6,3.0984950526540398e-06,25.8501240172873,1.0676624946128894,1.3208526924541935,0.731542595918067,0.13588018965822163,8.673617379884035e-19,True,0.9730962263896888,0.9730962263896888,9.920288709593587,0.4121707393796942,9.117433818171497,2.389821177861685,1.169425406608656e-06,0.03305119424986756,0.018301172344132224,0.6534833109471947,600700,True,1.0676624946128894,1.3208526924541935,0.731542595918067,0.9730962263896888,0.4121707393796942,0.9730962263896888,9.920288709593587
simultaneous_eeg_nirs,simultaneous_eeg_nirs__prefrontal,3,0,0.0,paired,3,simultaneous_eeg_nirs__s03__r0__a0__paired,simultaneous_eeg_nirs__s03__r0__a0__paired,completed,0.0,True,stationary_feasible,11,5,4.401446250606758e-06,66.48506484073185,0.8972426516678527,0.883592053316563,0.9106886598941152,0.2708821045957777,3.469446951953614e-18,True,1.2562355768927154,1.2562355768927154,1.2405165928492372,0.89780320745474,7.417588999050525,2.455977079697127,6.7115468322201046e-09,0.023478604235729214,0.02424216414514164,0.5536778999958187,600004,True,0.8972426516678527,0.883592053316563,0.9106886598941152,1.2562355768927154,0.89780320745474,1.2562355768927154,1.2405165928492372
simultaneous_eeg_nirs,simultaneous_eeg_nirs__prefrontal,3,1,0.0,paired,3,simultaneous_eeg_nirs__s03__r1__a0__paired,simultaneous_eeg_nirs__s03__r1__a0__paired,completed,0.0,True,stationary_feasible,19,9,3.3850402801694957e-06,208.00955612571522,0.5645984137646927,0.6809704749308171,0.41691959647360244,0.47327115208775195,6.938893903907228e-18,True,2.0516688610528697,2.0516688610528697,1.6500896444340711,1.9140673557678647,10.689959491307963,3.540117083265215,4.352395132204722e-06,0.08754364430404485,0.0051100079503812275,1.014171345042996,600004,True,0.5645984137646927,0.6809704749308171,0.41691959647360244,2.0516688610528697,1.9140673557678647,2.0516688610528697,1.6500896444340711
simultaneous_eeg_nirs,simultaneous_eeg_nirs__prefrontal,3,0,0.0,wrong_pair,3,simultaneous_eeg_nirs__s03__r0__a0__wrong_pair,simultaneous_eeg_nirs__s03__r0__a0__wrong_pair,completed,0.0,True,stationary_feasible,13,6,5.788608684758294e-06,82.95142053332023,0.4631518634229779,0.5054022209482779,0.41663880309556106,0.3045185248381877,1.734723475976807e-18,True,0.9148632341425929,0.9148632341425929,0.8595317802092228,0.923022569595226,5.970022393623478,1.9640785929067677,1.252804719265004e-07,0.011031526488312305,0.01693215971025022,0.6380534810014069,599136,True,0.4631518634229779,0.5054022209482779,0.41663880309556106,0.9148632341425929,0.923022569595226,0.9148632341425929,0.8595317802092228
simultaneous_eeg_nirs,simultaneous_eeg_nirs__prefrontal,3,1,0.0,wrong_pair,3,simultaneous_eeg_nirs__s03__r1__a0__wrong_pair,simultaneous_eeg_nirs__s03__r1__a0__wrong_pair,completed,0.0,True,stationary_feasible,19,9,3.646768334794535e-06,188.3534268474514,0.5590056265205205,0.4694407563441942,0.6360817221444036,0.447451883288589,6.938893903907228e-18,True,2.074979919936308,2.074979919936308,1.8118213956391922,1.8592597728360951,11.190801638772065,3.722174870959104,3.7247133014513038e-06,0.08094467101933948,0.00935277975060527,0.9064395120367408,600724,True,0.5590056265205205,0.4694407563441942,0.6360817221444036,2.074979919936308,1.8592597728360951,2.074979919936308,1.8118213956391922
simultaneous_eeg_nirs,simultaneous_eeg_nirs__prefrontal,3,0,0.0,Hb_only,3,simultaneous_eeg_nirs__s03__r0__a0__Hb_only,simultaneous_eeg_nirs__s03__r0__a0__Hb_only,completed,0.0,True,stationary_feasible,9,4,7.050410480227913e-06,27.48877884340062,0.6447202266633076,0.7015900859252724,0.58232267057787,0.22064287300155258,3.469446951953614e-18,True,0.3721571462222139,0.3721571462222139,0.5590904054913176,0.9009394434262936,0.6117368772392251,0.16576249233550552,9.147620591835835e-09,0.0031738380103955304,0.00663220955865994,0.4454574399860576,594132,True,0.6447202266633076,0.7015900859252724,0.58232267057787,0.3721571462222139,0.9009394434262936,0.3721571462222139,0.5590904054913176
simultaneous_eeg_nirs,simultaneous_eeg_nirs__prefrontal,3,1,0.0,Hb_only,3,simultaneous_eeg_nirs__s03__r1__a0__Hb_only,simultaneous_eeg_nirs__s03__r1__a0__Hb_only,completed,0.0,True,stationary_feasible,19,9,7.306280879008063e-06,87.98774042292766,1.4127891790808804,1.6237079360306381,1.1642676099278808,0.3942349578634024,6.938893903907228e-18,True,2.2613513557499987,2.2613513557499987,2.5776946135794785,1.9000312456495585,8.244189728109973,2.684149285573558,3.6831804737612196e-06,0.10747880538864767,0.028045979124040124,0.8986371679930016,599996,True,1.4127891790808804,1.6237079360306381,1.1642676099278808,2.2613513557499987,1.9000312456495585,2.2613513557499987,2.5776946135794785
simultaneous_eeg_nirs,simultaneous_eeg_nirs__prefrontal,3,0,0.25,paired,3,simultaneous_eeg_nirs__s03__r0__a0.25__paired,simultaneous_eeg_nirs__s03__r0__a0.25__paired,completed,0.2500003296263554,True,stationary_feasible,11,5,4.190831037273062e-06,66.48338850095399,0.8959758863290955,0.8845871888199855,0.9072216284579925,0.27103920653684993,3.469446951953614e-18,True,1.2498393070613674,1.2498393070613671,1.1694989448527493,0.8966716792408699,6.668767688516616,2.2011860098989433,1.0154737792575524e-09,0.023624382694137427,0.024148083637941818,0.574581875000149,599956,True,0.8959758863290955,0.8845871888199855,0.9072216284579925,1.2498393070613674,0.8966716792408699,1.2498393070613671,1.1694989448527493
simultaneous_eeg_nirs,simultaneous_eeg_nirs__prefrontal,3,1,0.25,paired,3,simultaneous_eeg_nirs__s03__r1__a0.25__paired,simultaneous_eeg_nirs__s03__r1__a0.25__paired,completed,0.24999961668075457,True,stationary_feasible,19,9,3.1167357977006456e-06,208.96115514364675,0.5539304707872985,0.6718518728973795,0.4028560460233407,0.4744448254320611,6.938893903907228e-18,True,2.020674466702954,2.020674466702954,1.561692782899933,1.887407501210209,9.870973839272775,3.2523593874665675,3.6501047391307916e-06,0.08625168995648666,0.004896467973718058,0.9349356879247352,600004,True,0.5539304707872985,0.6718518728973795,0.4028560460233407,2.020674466702954,1.887407501210209,2.020674466702954,1.561692782899933
simultaneous_eeg_nirs,simultaneous_eeg_nirs__prefrontal,3,0,0.25,wrong_pair,3,simultaneous_eeg_nirs__s03__r0__a0.25__wrong_pair,simultaneous_eeg_nirs__s03__r0__a0.25__wrong_pair,completed,0.2500003296263554,True,stationary_feasible,13,6,7.000781765415096e-06,83.78693927515451,0.5509101187492231,0.5803895096086505,0.5197614212470913,0.3061157861768689,3.469446951953614e-18,True,1.101750912868546,1.101750912868546,0.8938824508705523,0.9257445754716357,6.112850729159755,1.9918773816089845,1.258290930510644e-07,0.015435261027879366,0.02059095022587266,0.6657114179106429,600004,True,0.5509101187492231,0.5803895096086505,0.5197614212470913,1.101750912868546,0.9257445754716357,1.101750912868546,0.8938824508705523
simultaneous_eeg_nirs,simultaneous_eeg_nirs__prefrontal,3,1,0.25,wrong_pair,3,simultaneous_eeg_nirs__s03__r1__a0.25__wrong_pair,simultaneous_eeg_nirs__s03__r1__a0.25__wrong_pair,completed,0.24999961668075457,True,stationary_feasible,19,9,5.109928881543842e-06,240.1852091086641,0.5349485900973782,0.5032419347006952,0.5648783437635458,0.5045932843469263,6.938893903907228e-18,True,2.0670185394846485,2.0670185394846485,2.08988045976887,1.8982363291649729,13.51771041445216,4.51472886913944,5.174619947318888e-06,0.08777004347198993,0.009200677594828352,0.9239630959928036,599996,True,0.5349485900973782,0.5032419347006952,0.5648783437635458,2.0670185394846485,1.8982363291649729,2.0670185394846485,2.08988045976887
simultaneous_eeg_nirs,simultaneous_eeg_nirs__prefrontal,3,0,0.25,Hb_only,3,simultaneous_eeg_nirs__s03__r0__a0.25__Hb_only,simultaneous_eeg_nirs__s03__r0__a0.25__Hb_only,completed,0.2500003296263554,True,stationary_feasible,9,4,7.491713932341819e-06,27.295446564432307,0.5170599901358511,0.5500744989253735,0.4817884519481265,0.2196034457897477,1.734723475976807e-18,True,0.5913050691849068,0.5913050691849068,0.8310459768507211,0.8996789597338475,1.9292874086050376,0.5842785330859779,4.294167709539281e-09,0.009181173895068598,0.011116170187857708,0.47628403501585126,600820,True,0.5170599901358511,0.5500744989253735,0.4817884519481265,0.5913050691849068,0.8996789597338475,0.5913050691849068,0.8310459768507211
simultaneous_eeg_nirs,simultaneous_eeg_nirs__prefrontal,3,1,0.25,Hb_only,3,simultaneous_eeg_nirs__s03__r1__a0.25__Hb_only,simultaneous_eeg_nirs__s03__r1__a0.25__Hb_only,completed,0.24999961668075457,True,stationary_feasible,19,9,6.928301913659673e-06,88.08069924574893,1.5394815694031765,1.7446423911619093,1.3023939235212174,0.39452315018645956,6.938893903907228e-18,True,2.3200787825310445,2.3200787825310445,2.722465625502899,1.891745417383989,8.844520662455688,2.8521642963871847,3.411261291011617e-06,0.10920593311189812,0.03038905029373747,0.901600148063153,599968,True,1.5394815694031765,1.7446423911619093,1.3023939235212174,2.3200787825310445,1.891745417383989,2.3200787825310445,2.722465625502899
simultaneous_eeg_nirs,simultaneous_eeg_nirs__prefrontal,3,0,0.5,paired,3,simultaneous_eeg_nirs__s03__r0__a0.5__paired,simultaneous_eeg_nirs__s03__r0__a0.5__paired,completed,0.5000016444832126,True,stationary_feasible,11,5,2.889951643474622e-06,66.63825243981289,0.8935118237347701,0.8846961501068817,0.9022413647653998,0.2711303732314957,3.469446951953614e-18,True,1.2457421500514392,1.2457421500514392,1.095091233862573,0.8953436380256296,5.834141483232773,1.9198654410589735,5.0444006772917985e-09,0.02384931352777504,0.024102414012655615,0.5730980050284415,599984,True,0.8935118237347701,0.8846961501068817,0.9022413647653998,1.2457421500514392,0.8953436380256296,1.2457421500514392,1.095091233862573
simultaneous_eeg_nirs,simultaneous_eeg_nirs__prefrontal,3,1,0.5,paired,3,simultaneous_eeg_nirs__s03__r1__a0.5__paired,simultaneous_eeg_nirs__s03__r1__a0.5__paired,completed,0.4999983237854334,True,stationary_feasible,19,9,2.6170324662222114e-06,210.38223934602897,0.5455079415727048,0.6648712417808684,0.39128513962396405,0.475746624041078,6.938893903907228e-18,True,1.9834771820203523,1.9834771820203523,1.457168825534392,1.8557891111803066,8.875455610570382,2.906308389905308,3.007762150715695e-06,0.084770759451601,0.0047578684804592064,0.9202045460697263,600004,True,0.5455079415727048,0.6648712417808684,0.39128513962396405,1.9834771820203523,1.8557891111803066,1.9834771820203523,1.457168825534392
simultaneous_eeg_nirs,simultaneous_eeg_nirs__prefrontal,3,0,0.5,wrong_pair,3,simultaneous_eeg_nirs__s03__r0__a0.5__wrong_pair,simultaneous_eeg_nirs__s03__r0__a0.5__wrong_pair,completed,0.5000016444832126,True,stationary_feasible,15,7,1.6252332399125906e-06,111.10425295366166,0.828044061103806,0.8651330067825659,0.7892140488067378,0.3540187704258788,6.938893903907228e-18,True,1.376934077113099,1.376934077113099,1.2028371000252396,0.9307924569326139,8.357984515973083,2.692550162357235,1.5061640426548804e-07,0.023198260787344667,0.02590684925251177,0.7593764939811081,600808,True,0.828044061103806,0.8651330067825659,0.7892140488067378,1.376934077113099,0.9307924569326139,1.376934077113099,1.2028371000252396
simultaneous_eeg_nirs,simultaneous_eeg_nirs__prefrontal,3,1,0.5,wrong_pair,3,simultaneous_eeg_nirs__s03__r1__a0.5__wrong_pair,simultaneous_eeg_nirs__s03__r1__a0.5__wrong_pair,completed,0.4999983237854334,True,stationary_feasible,23,11,1.6312103776518503e-06,360.84426775951454,0.8099393557466431,0.8262473125244242,0.7932962236899539,0.6208140003376542,6.938893903907228e-18,True,2.1843768170038818,2.1843768170038818,2.5808581617918755,1.9705015230087524,17.62637900861671,5.947465429571212,8.393725100158064e-06,0.09696550925058131,0.015170852346227883,1.1087693989975378,594128,True,0.8099393557466431,0.8262473125244242,0.7932962236899539,2.1843768170038818,1.9705015230087524,2.1843768170038818,2.5808581617918755
simultaneous_eeg_nirs,simultaneous_eeg_nirs__prefrontal,3,0,0.5,Hb_only,3,simultaneous_eeg_nirs__s03__r0__a0.5__Hb_only,simultaneous_eeg_nirs__s03__r0__a0.5__Hb_only,completed,0.5000016444832126,True,stationary_feasible,9,4,8.943726992798564e-06,27.203642575557033,0.5302956605509275,0.5387422223282863,0.5217123662316892,0.21849506217660608,1.734723475976807e-18,True,0.8543327930979074,0.8543327930979074,1.139127452887339,0.8983828459735108,3.72147206237258,1.1344375397922672,3.9244013246887e-10,0.016076763102308152,0.016354173968598517,0.4814343819161877,598860,True,0.5302956605509275,0.5387422223282863,0.5217123662316892,0.8543327930979074,0.8983828459735108,0.8543327930979074,1.139127452887339
simultaneous_eeg_nirs,simultaneous_eeg_nirs__prefrontal,3,1,0.5,Hb_only,3,simultaneous_eeg_nirs__s03__r1__a0.5__Hb_only,simultaneous_eeg_nirs__s03__r1__a0.5__Hb_only,completed,0.4999983237854334,True,stationary_feasible,19,9,6.595436227074431e-06,88.3706457503308,1.6900962526249814,1.889847889860423,1.4633269079273155,0.39481516085292084,6.938893903907228e-18,True,2.401200902190322,2.401200902190322,2.886735855794883,1.8830881863066495,9.777951418906945,3.1265047193629854,3.1620157472077734e-06,0.11120413417864795,0.03319083302867596,0.9011860680766404,594132,True,1.6900962526249814,1.889847889860423,1.4633269079273155,2.401200902190322,1.8830881863066495,2.401200902190322,2.886735855794883
simultaneous_eeg_nirs,simultaneous_eeg_nirs__prefrontal,3,0,1.0,paired,3,simultaneous_eeg_nirs__s03__r0__a1__paired,simultaneous_eeg_nirs__s03__r0__a1__paired,completed,0.9999413698756968,True,stationary_feasible,11,5,2.492177399676227e-06,67.28357861093727,0.886589899056153,0.8832017247054901,0.8899651744276552,0.2704622114985028,3.469446951953614e-18,True,1.2466435783175607,1.2466435783175607,0.9758658578934263,0.8922786022563696,4.3072502121132485,1.4023481695899433,1.699252155927494e-08,0.024542440093591078,0.024193995058863594,0.5736332030501217,600004,True,0.886589899056153,0.8832017247054901,0.8899651744276552,1.2466435783175607,0.8922786022563696,1.2466435783175607,0.9758658578934263
simultaneous_eeg_nirs,simultaneous_eeg_nirs__prefrontal,3,1,1.0,paired,3,simultaneous_eeg_nirs__s03__r1__a1__paired,simultaneous_eeg_nirs__s03__r1__a1__paired,completed,1.000006747363896,True,stationary_feasible,19,9,1.8094331407812294e-06,214.31681093630272,0.5359835864969662,0.6582700016399263,0.3758156661573237,0.4780835541354775,1.3877787807814457e-17,True,1.9021565792016768,1.9021565792016768,1.2464900380622819,1.7878005561231638,6.732846802496164,2.168281501488815,2.0203221330866422e-06,0.08171547855306856,0.004713095714140925,1.0095554430736229,600004,True,0.5359835864969662,0.6582700016399263,0.3758156661573237,1.9021565792016768,1.7878005561231638,1.9021565792016768,1.2464900380622819
simultaneous_eeg_nirs,simultaneous_eeg_nirs__prefrontal,3,0,1.0,wrong_pair,3,simultaneous_eeg_nirs__s03__r0__a1__wrong_pair,simultaneous_eeg_nirs__s03__r0__a1__wrong_pair,completed,0.9999413698756968,True,stationary_feasible,19,9,8.005520455199924e-06,251.72329482209557,1.548712058374221,1.6309361754725624,1.4618704699946448,0.5354048950462164,6.938893903907228e-18,True,2.062951865792107,2.062951865792107,2.2256067963806947,0.9514252945100392,16.091988834548335,5.2398685993210545,3.4893602117886627e-07,0.04162319032515034,0.038948964009872446,0.9194416920654476,599144,True,1.548712058374221,1.6309361754725624,1.4618704699946448,2.062951865792107,0.9514252945100392,2.062951865792107,2.2256067963806947
simultaneous_eeg_nirs,simultaneous_eeg_nirs__prefrontal,3,1,1.0,wrong_pair,3,simultaneous_eeg_nirs__s03__r1__a1__wrong_pair,simultaneous_eeg_nirs__s03__r1__a1__wrong_pair,completed,1.000006747363896,True,stationary_feasible,31,15,9.919988330022695e-06,781.6456431192469,1.6611281730746081,1.714514632120745,1.605967991900286,0.9143682541912115,1.3877787807814457e-17,True,2.7019281285356245,2.7019281285356245,3.942174913931641,2.171056086066872,28.556036698258225,10.01894270178977,2.94460527872375e-05,0.12024553704623665,0.032166798260945685,1.5555311599746346,600700,True,1.6611281730746081,1.714514632120745,1.605967991900286,2.7019281285356245,2.171056086066872,2.7019281285356245,3.942174913931641
simultaneous_eeg_nirs,simultaneous_eeg_nirs__prefrontal,3,0,1.0,Hb_only,3,simultaneous_eeg_nirs__s03__r0__a1__Hb_only,simultaneous_eeg_nirs__s03__r0__a1__Hb_only,completed,0.9999413698756968,True,stationary_feasible,11,5,3.08504452988008e-06,27.343784743695153,0.9087116526763374,0.9127156466121314,0.9046899379615756,0.2159780201208201,3.469446951953614e-18,True,1.4249880229156617,1.4249880229156617,1.786025609965827,0.8955810029675214,7.470420540307542,2.2614490195897483,9.564697984594363e-09,0.030482305374190503,0.02758884474502436,0.5411513410508633,600540,True,0.9087116526763374,0.9127156466121314,0.9046899379615756,1.4249880229156617,0.8955810029675214,1.4249880229156617,1.786025609965827
simultaneous_eeg_nirs,simultaneous_eeg_nirs__prefrontal,3,1,1.0,Hb_only,3,simultaneous_eeg_nirs__s03__r1__a1__Hb_only,simultaneous_eeg_nirs__s03__r1__a1__Hb_only,completed,1.000006747363896,True,stationary_feasible,19,9,5.9429238404473625e-06,89.47000315717789,2.0363649555430197,2.2299113608216174,1.8223775095204977,0.39542974169901024,1.3877787807814457e-17,True,2.6182350456641363,2.6182350456641363,3.251050710677007,1.8640807576711087,12.2501763198645,3.902598455126764,2.7127586736008598e-06,0.11587840521211601,0.03966390468673723,0.9082748759537935,599136,True,2.0363649555430197,2.2299113608216174,1.8223775095204977,2.6182350456641363,1.8640807576711087,2.6182350456641363,3.251050710677007
simultaneous_eeg_nirs,simultaneous_eeg_nirs__prefrontal,4,0,0.0,paired,4,simultaneous_eeg_nirs__s04__r0__a0__paired,simultaneous_eeg_nirs__s04__r0__a0__paired,completed,0.0,True,stationary_feasible,13,6,3.83773247614653e-06,66.3856610321837,0.3775462446073983,0.3272233620146736,0.4219090008356217,0.27325310138627334,3.469446951953614e-18,True,0.7315895544930608,0.7315895544930608,0.9369826882259974,0.651373531393979,2.7687226619502066,0.8239687434718581,2.0611312379022902e-07,0.008891123211987664,0.01141602723409655,0.6381683269282803,600820,True,0.3775462446073983,0.3272233620146736,0.4219090008356217,0.7315895544930608,0.651373531393979,0.7315895544930608,0.9369826882259974
simultaneous_eeg_nirs,simultaneous_eeg_nirs__prefrontal,4,1,0.0,paired,4,simultaneous_eeg_nirs__s04__r1__a0__paired,simultaneous_eeg_nirs__s04__r1__a0__paired,completed,0.0,True,stationary_feasible,21,10,3.5083739845990067e-06,111.89367377120065,0.4815131343387546,0.49067610849475746,0.4721723770339642,0.32151332040995867,3.469446951953614e-18,True,2.515937216094969,2.515937216094969,1.6783292164067292,2.580019068660321,12.323858398611918,4.093210022055109,6.143634511430526e-06,0.09891405075309476,0.005792450465447329,0.9994981100317091,599956,True,0.4815131343387546,0.49067610849475746,0.4721723770339642,2.515937216094969,2.580019068660321,2.515937216094969,1.6783292164067292
simultaneous_eeg_nirs,simultaneous_eeg_nirs__prefrontal,4,0,0.0,wrong_pair,4,simultaneous_eeg_nirs__s04__r0__a0__wrong_pair,simultaneous_eeg_nirs__s04__r0__a0__wrong_pair,completed,0.0,True,stationary_feasible,15,7,7.124368770430602e-07,112.46456526753659,0.5094124172710646,0.4466865053607375,0.56521959243157,0.3627748118638612,3.469446951953614e-18,True,1.0526956902126745,1.0526956902126745,1.2476012946484256,0.744017545768307,6.423675481590796,2.1067557735467064,5.715924536174098e-07,0.010831839348463983,0.016080529605559085,0.7273179789772257,601256,True,0.5094124172710646,0.4466865053607375,0.56521959243157,1.0526956902126745,0.744017545768307,1.0526956902126745,1.2476012946484256
simultaneous_eeg_nirs,simultaneous_eeg_nirs__prefrontal,4,1,0.0,wrong_pair,4,simultaneous_eeg_nirs__s04__r1__a0__wrong_pair,simultaneous_eeg_nirs__s04__r1__a0__wrong_pair,completed,0.0,True,stationary_feasible,21,10,3.36886211769215e-06,101.72035284389091,0.6523126670558521,0.6382963149460218,0.6660341173914194,0.305194751383032,3.469446951953614e-18,True,2.4941823603509,2.4941823603509,1.692812288400395,2.489558342674254,11.987413284972078,3.9927568649650085,4.817376544622646e-06,0.09084450433962886,0.010978631494060122,1.0370356899220496,600816,True,0.6523126670558521,0.6382963149460218,0.6660341173914194,2.4941823603509,2.489558342674254,2.4941823603509,1.692812288400395
simultaneous_eeg_nirs,simultaneous_eeg_nirs__prefrontal,4,0,0.0,Hb_only,4,simultaneous_eeg_nirs__s04__r0__a0__Hb_only,simultaneous_eeg_nirs__s04__r0__a0__Hb_only,completed,0.0,True,stationary_feasible,11,5,1.8683938890710639e-06,12.004179929830952,0.6277821948073237,0.7647353040250484,0.4509998703014424,0.15062882759827373,1.734723475976807e-18,True,0.5313005159539043,0.5313005159539043,0.669448458711438,0.7129997241175765,2.265412386197549,0.704096741848882,4.384876879350446e-07,0.020386037271556065,0.004429168237345389,0.5255432929843664,599984,True,0.6277821948073237,0.7647353040250484,0.4509998703014424,0.5313005159539043,0.7129997241175765,0.5313005159539043,0.669448458711438
simultaneous_eeg_nirs,simultaneous_eeg_nirs__prefrontal,4,1,0.0,Hb_only,4,simultaneous_eeg_nirs__s04__r1__a0__Hb_only,simultaneous_eeg_nirs__s04__r1__a0__Hb_only,completed,0.0,True,stationary_feasible,23,11,3.771211393406731e-06,71.81494252020227,1.5902186098278142,1.5067639140855826,1.6695068018115133,0.3231287937723357,3.469446951953614e-18,True,2.7435888653668763,2.7435888653668763,3.313338072153095,2.5622454116503532,8.629836929461309,2.790415094795297,6.383049501582573e-06,0.13246191755628572,0.03292753514370086,1.0616689550224692,598860,True,1.5902186098278142,1.5067639140855826,1.6695068018115133,2.7435888653668763,2.5622454116503532,2.7435888653668763,3.313338072153095
simultaneous_eeg_nirs,simultaneous_eeg_nirs__prefrontal,4,0,0.25,paired,4,simultaneous_eeg_nirs__s04__r0__a0.25__paired,simultaneous_eeg_nirs__s04__r0__a0.25__paired,completed,0.2500097184557577,True,stationary_feasible,13,6,2.9079730294950334e-06,66.41736725251607,0.37669269310298054,0.3269090318339899,0.4206248387574323,0.2730021366525843,3.469446951953614e-18,True,0.7272348779714477,0.7272348779714477,0.9366574853612634,0.6504433993886205,2.762368816810481,0.8238512744375034,2.061781347379742e-07,0.008867459027389266,0.011355629601278096,0.6472536579240113,600004,True,0.37669269310298054,0.3269090318339899,0.4206248387574323,0.7272348779714477,0.6504433993886205,0.7272348779714477,0.9366574853612634
simultaneous_eeg_nirs,simultaneous_eeg_nirs__prefrontal,4,1,0.25,paired,4,simultaneous_eeg_nirs__s04__r1__a0.25__paired,simultaneous_eeg_nirs__s04__r1__a0.25__paired,completed,0.2500022430527932,True,stationary_feasible,21,10,3.5660618632561045e-06,113.3741815652043,0.48577368728999804,0.4943020542405725,0.47709289420425427,0.32516641822073383,3.469446951953614e-18,True,2.497474266731693,2.497474266731693,1.5926214808800077,2.559950062186737,11.616924166670092,3.85885343148604,5.720719227203704e-06,0.09772808709228503,0.00587006299140397,0.9987017110688612,600724,True,0.48577368728999804,0.4943020542405725,0.47709289420425427,2.497474266731693,2.559950062186737,2.497474266731693,1.5926214808800077
simultaneous_eeg_nirs,simultaneous_eeg_nirs__prefrontal,4,0,0.25,wrong_pair,4,simultaneous_eeg_nirs__s04__r0__a0.25__wrong_pair,simultaneous_eeg_nirs__s04__r0__a0.25__wrong_pair,completed,0.2500097184557577,True,stationary_feasible,15,7,1.460812136344566e-06,118.392082287535,0.6230284503130865,0.5321073746228289,0.7022753318115713,0.3715790159170196,3.469446951953614e-18,True,1.1132130160403693,1.1132130160403693,1.3146640588442087,0.750559464467328,7.112228975943107,2.3313083256286484,5.839069319173292e-07,0.014643272567046393,0.017449624605924956,0.7632347149774432,600000,True,0.6230284503130865,0.5321073746228289,0.7022753318115713,1.1132130160403693,0.750559464467328,1.1132130160403693,1.3146640588442087
simultaneous_eeg_nirs,simultaneous_eeg_nirs__prefrontal,4,1,0.25,wrong_pair,4,simultaneous_eeg_nirs__s04__r1__a0.25__wrong_pair,simultaneous_eeg_nirs__s04__r1__a0.25__wrong_pair,completed,0.2500022430527932,True,stationary_feasible,21,10,4.108910733240756e-06,116.25830687804198,0.8019880439397824,0.8287418145032617,0.7743104352509775,0.33214471864531386,3.469446951953614e-18,True,2.5560376324982967,2.5560376324982967,1.6836170799162364,2.4866558939842567,11.827945350215654,3.939524191055652,4.300543588249692e-06,0.0871326479563925,0.012978500587626809,1.0905567549634725,600004,True,0.8019880439397824,0.8287418145032617,0.7743104352509775,2.5560376324982967,2.4866558939842567,2.5560376324982967,1.6836170799162364
simultaneous_eeg_nirs,simultaneous_eeg_nirs__prefrontal,4,0,0.25,Hb_only,4,simultaneous_eeg_nirs__s04__r0__a0.25__Hb_only,simultaneous_eeg_nirs__s04__r0__a0.25__Hb_only,completed,0.2500097184557577,True,stationary_feasible,11,5,1.8555370019647071e-06,12.172367048334223,0.6816606086931953,0.82469265346198,0.4992037642223801,0.15116574736647034,1.734723475976807e-18,True,0.5414352739666467,0.5414352739666467,0.7148848609036047,0.7115123809552597,2.382915289700061,0.7370715477883559,4.2058562686048213e-07,0.021474470097582053,0.005330201830591939,0.5503650319296867,600808,True,0.6816606086931953,0.82469265346198,0.4992037642223801,0.5414352739666467,0.7115123809552597,0.5414352739666467,0.7148848609036047
simultaneous_eeg_nirs,simultaneous_eeg_nirs__prefrontal,4,1,0.25,Hb_only,4,simultaneous_eeg_nirs__s04__r1__a0.25__Hb_only,simultaneous_eeg_nirs__s04__r1__a0.25__Hb_only,completed,0.2500022430527932,True,stationary_feasible,23,11,3.847449867554371e-06,72.04574768862838,1.624683461210254,1.5555338805831511,1.6910077009340276,0.3238403365509618,3.469446951953614e-18,True,2.7544518196628816,2.754451819662882,3.260974454129456,2.5610859266739765,8.553572763922993,2.7630191987748525,6.394302128301241e-06,0.13314307420101978,0.033340153567005475,1.0747720910003409,600004,True,1.624683461210254,1.5555338805831511,1.6910077009340276,2.7544518196628816,2.5610859266739765,2.754451819662882,3.260974454129456
simultaneous_eeg_nirs,simultaneous_eeg_nirs__prefrontal,4,0,0.5,paired,4,simultaneous_eeg_nirs__s04__r0__a0.5__paired,simultaneous_eeg_nirs__s04__r0__a0.5__paired,completed,0.5000306899854702,True,stationary_feasible,11,5,7.913444038365754e-06,66.63115482661945,0.37598953542141295,0.32656910827181235,0.41962945441826793,0.27280007652453125,1.734723475976807e-18,True,0.7234168392014347,0.7234168392014346,0.9360993409546432,0.6497091807380729,2.759184480523114,0.8257484057290722,2.078011418762451e-07,0.008853542655098906,0.011299385438832852,0.563686279929243,600004,True,0.37598953542141295,0.32656910827181235,0.41962945441826793,0.7234168392014347,0.6497091807380729,0.7234168392014346,0.9360993409546432
simultaneous_eeg_nirs,simultaneous_eeg_nirs__prefrontal,4,1,0.5,paired,4,simultaneous_eeg_nirs__s04__r1__a0.5__paired,simultaneous_eeg_nirs__s04__r1__a0.5__paired,completed,0.5000059930182226,True,stationary_feasible,21,10,3.617057650364426e-06,115.29936652026491,0.49119632125466334,0.49999093688340207,0.4822413452439418,0.3293938459668519,3.469446951953614e-18,True,2.4736495279034107,2.4736495279034107,1.4808460803481205,2.5355301658068927,10.692496707931669,3.549837916797564,5.198960595183376e-06,0.09634522056226191,0.005974864470678398,1.0116517819697037,599996,True,0.49119632125466334,0.49999093688340207,0.4822413452439418,2.4736495279034107,2.5355301658068927,2.4736495279034107,1.4808460803481205
simultaneous_eeg_nirs,simultaneous_eeg_nirs__prefrontal,4,0,0.5,wrong_pair,4,simultaneous_eeg_nirs__s04__r0__a0.5__wrong_pair,simultaneous_eeg_nirs__s04__r0__a0.5__wrong_pair,completed,0.5000306899854702,True,stationary_feasible,15,7,4.26502044458159e-06,136.32124324663133,0.790561537390347,0.6907401195103143,0.8791206834677789,0.3973211733235575,3.469446951953614e-18,True,1.2205521369049048,1.2205521369049048,1.4437553410448212,0.7600066134643534,8.446161935809872,2.779412320371283,6.329412125705103e-07,0.019380865149471613,0.019795052472873897,0.7464078770717606,599968,True,0.790561537390347,0.6907401195103143,0.8791206834677789,1.2205521369049048,0.7600066134643534,1.2205521369049048,1.4437553410448212
simultaneous_eeg_nirs,simultaneous_eeg_nirs__prefrontal,4,1,0.5,wrong_pair,4,simultaneous_eeg_nirs__s04__r1__a0.5__wrong_pair,simultaneous_eeg_nirs__s04__r1__a0.5__wrong_pair,completed,0.5000059930182226,True,stationary_feasible,21,10,5.726210976068316e-06,161.05717645478418,1.0973484235591076,1.1614605369115363,1.0292504780530751,0.4036134858587721,3.469446951953614e-18,True,2.6827189117209174,2.6827189117209174,1.7983006147617286,2.4864008311407155,12.609057228237152,4.173113788351094,3.880086618203142e-06,0.0848734981052662,0.01850766445254281,0.995932576013729,600540,True,1.0973484235591076,1.1614605369115363,1.0292504780530751,2.6827189117209174,2.4864008311407155,2.6827189117209174,1.7983006147617286
simultaneous_eeg_nirs,simultaneous_eeg_nirs__prefrontal,4,0,0.5,Hb_only,4,simultaneous_eeg_nirs__s04__r0__a0.5__Hb_only,simultaneous_eeg_nirs__s04__r0__a0.5__Hb_only,completed,0.5000306899854702,True,stationary_feasible,11,5,1.814782761254589e-06,12.406656848074956,0.7482218532231183,0.8947870197221769,0.5648257010954618,0.1517340859011937,1.734723475976807e-18,True,0.5726997146929205,0.5726997146929205,0.7822889330225514,0.7102853951424364,2.877346320941019,0.893802624093913,4.036975818445967e-07,0.02284308514294733,0.006782316503033401,0.5435373079963028,600004,True,0.7482218532231183,0.8947870197221769,0.5648257010954618,0.5726997146929205,0.7102853951424364,0.5726997146929205,0.7822889330225514
simultaneous_eeg_nirs,simultaneous_eeg_nirs__prefrontal,4,1,0.5,Hb_only,4,simultaneous_eeg_nirs__s04__r1__a0.5__Hb_only,simultaneous_eeg_nirs__s04__r1__a0.5__Hb_only,completed,0.5000059930182226,True,stationary_feasible,23,11,3.953372854076904e-06,72.47064926301985,1.6841735732144405,1.635629073123713,1.7313574976244095,0.324820673356021,3.469446951953614e-18,True,2.7807140098000622,2.7807140098000622,3.2260663551532596,2.5587737596738735,8.91204411520549,2.860672030743827,6.373914950057292e-06,0.13395629923955168,0.03420107758558925,1.0687043661018834,600820,True,1.6841735732144405,1.635629073123713,1.7313574976244095,2.7807140098000622,2.5587737596738735,2.7807140098000622,3.2260663551532596
simultaneous_eeg_nirs,simultaneous_eeg_nirs__prefrontal,4,0,1.0,paired,4,simultaneous_eeg_nirs__s04__r0__a1__paired,simultaneous_eeg_nirs__s04__r0__a1__paired,completed,1.0000592768359797,True,stationary_feasible,11,5,4.659320445011382e-06,67.58679688576693,0.3750679762984076,0.3256480998810245,0.4186947440953182,0.2724221457890389,3.469446951953614e-18,True,0.7175923346163974,0.7175923346163974,0.9352351329738878,0.6486519004438628,2.7743533276475825,0.839883268147645,2.1486707072238067e-07,0.008845152102380656,0.011208498400908224,0.5841550310142338,599984,True,0.3750679762984076,0.3256480998810245,0.4186947440953182,0.7175923346163974,0.6486519004438628,0.7175923346163974,0.9352351329738878
simultaneous_eeg_nirs,simultaneous_eeg_nirs__prefrontal,4,1,1.0,paired,4,simultaneous_eeg_nirs__s04__r1__a1__paired,simultaneous_eeg_nirs__s04__r1__a1__paired,completed,0.9999942704384579,True,stationary_feasible,21,10,3.636735821467685e-06,120.10460870128752,0.5016288680066074,0.5137253021206055,0.4892334375288276,0.3380818575413717,3.469446951953614e-18,True,2.4168208124058372,2.4168208124058372,1.2128604233088105,2.4808934074365485,8.444479869146003,2.7957651225724436,4.110863870146438e-06,0.09339475046918676,0.006182789988098408,1.003264782950282,594132,True,0.5016288680066074,0.5137253021206055,0.4892334375288276,2.4168208124058372,2.4808934074365485,2.4168208124058372,1.2128604233088105
simultaneous_eeg_nirs,simultaneous_eeg_nirs__prefrontal,4,0,1.0,wrong_pair,4,simultaneous_eeg_nirs__s04__r0__a1__wrong_pair,simultaneous_eeg_nirs__s04__r0__a1__wrong_pair,completed,1.0000592768359797,True,stationary_feasible,19,9,2.3998096031319344e-06,206.25281917506052,1.2058407165260687,1.1033912308699991,1.3002428461265971,0.4844889047810553,6.938893903907228e-18,True,1.5431537798656236,1.5431537798656236,1.8490171806181381,0.7864936872638493,12.2532414238906,4.106467706941796,8.632139091549216e-07,0.030044905940955605,0.0265120052610919,0.9145317880902439,594128,True,1.2058407165260687,1.1033912308699991,1.3002428461265971,1.5431537798656236,0.7864936872638493,1.5431537798656236,1.8490171806181381
simultaneous_eeg_nirs,simultaneous_eeg_nirs__prefrontal,4,1,1.0,wrong_pair,4,simultaneous_eeg_nirs__s04__r1__a1__wrong_pair,simultaneous_eeg_nirs__s04__r1__a1__wrong_pair,completed,0.9999942704384579,True,stationary_feasible,23,11,3.930632384874213e-06,340.17510640650477,1.8254401592012304,1.9492259571468726,1.6926256873963845,0.6106871689393217,6.938893903907228e-18,True,3.090789360363269,3.090789360363269,2.300144607928841,2.4927489989959146,16.24523688035507,5.296922361248668,3.2436666785030347e-06,0.0849146964456458,0.03254093789578137,1.1005313210189342,599148,True,1.8254401592012304,1.9492259571468726,1.6926256873963845,3.090789360363269,2.4927489989959146,3.090789360363269,2.300144607928841
simultaneous_eeg_nirs,simultaneous_eeg_nirs__prefrontal,4,0,1.0,Hb_only,4,simultaneous_eeg_nirs__s04__r0__a1__Hb_only,simultaneous_eeg_nirs__s04__r0__a1__Hb_only,completed,1.0000592768359797,True,stationary_feasible,11,5,1.6374527123677713e-06,13.066202674845972,0.90906506734084,1.0578654394855513,0.7305609524610889,0.15297400890245905,1.734723475976807e-18,True,0.68674142804704,0.68674142804704,0.9619688559540405,0.7085381949159311,4.417695635012773,1.3955272663491252,3.7263206863863267e-07,0.026250760496726047,0.010408832502629478,0.5552405249327421,601256,True,0.90906506734084,1.0578654394855513,0.7305609524610889,0.68674142804704,0.7085381949159311,0.68674142804704,0.9619688559540405
simultaneous_eeg_nirs,simultaneous_eeg_nirs__prefrontal,4,1,1.0,Hb_only,4,simultaneous_eeg_nirs__s04__r1__a1__Hb_only,simultaneous_eeg_nirs__s04__r1__a1__Hb_only,completed,0.9999942704384579,True,stationary_feasible,23,11,4.24461290644453e-06,73.87534440171648,1.8681993592639716,1.872384217158722,1.8640051060132714,0.3274374195817215,3.469446951953614e-18,True,2.878021708462213,2.878021708462213,3.2191374042899628,2.5513240076525365,10.701974795502412,3.3770430541146896,6.255321938785844e-06,0.13604641791205366,0.037138785986670086,1.0871548090362921,600004,True,1.8681993592639716,1.872384217158722,1.8640051060132714,2.878021708462213,2.5513240076525365,2.878021708462213,3.2191374042899628
simultaneous_eeg_nirs,simultaneous_eeg_nirs__prefrontal,5,0,0.0,paired,5,simultaneous_eeg_nirs__s05__r0__a0__paired,simultaneous_eeg_nirs__s05__r0__a0__paired,completed,0.0,True,stationary_feasible,11,5,5.09824144432021e-06,73.87417242559768,0.5889183313920341,0.688373595356125,0.46881914990285684,0.294548880166022,3.469446951953614e-18,True,0.4720742480421422,0.4720742480421422,0.9303223096631954,0.4862455865764742,4.471310345620653,1.4440020519693626,1.321314552968061e-07,0.013867431410004238,0.009328351236309174,0.5443342729704455,600004,True,0.5889183313920341,0.688373595356125,0.46881914990285684,0.4720742480421422,0.4862455865764742,0.4720742480421422,0.9303223096631954
simultaneous_eeg_nirs,simultaneous_eeg_nirs__prefrontal,5,1,0.0,paired,5,simultaneous_eeg_nirs__s05__r1__a0__paired,simultaneous_eeg_nirs__s05__r1__a0__paired,completed,0.0,True,stationary_feasible,17,8,3.3386195706071373e-06,109.0687929291199,1.0016606842590878,1.2697460490667403,0.6280073436355437,0.3378655376212193,6.938893903907228e-18,True,2.3366756337500707,2.3366756337500707,1.544406813838059,2.4722612764746854,9.459041524759492,3.1000100072440384,2.315344190166947e-06,0.046932913105956854,0.02482854270207009,0.8148531570332125,599136,True,1.0016606842590878,1.2697460490667403,0.6280073436355437,2.3366756337500707,2.4722612764746854,2.3366756337500707,1.544406813838059
simultaneous_eeg_nirs,simultaneous_eeg_nirs__prefrontal,5,0,0.0,wrong_pair,5,simultaneous_eeg_nirs__s05__r0__a0__wrong_pair,simultaneous_eeg_nirs__s05__r0__a0__wrong_pair,completed,0.0,True,stationary_feasible,11,5,2.1944753757901306e-06,61.386222656298095,0.3687743127424457,0.4684244508032088,0.22927608110537515,0.2686431919793638,6.938893903907228e-18,True,0.4364513774173677,0.4364513774173677,0.7697934635927526,0.4853996977684602,3.280711645794692,1.0356267025465855,1.308127244595215e-07,0.011978202220737368,0.008194103614823766,0.5456139870220795,600808,True,0.3687743127424457,0.4684244508032088,0.22927608110537515,0.4364513774173677,0.4853996977684602,0.4364513774173677,0.7697934635927526
simultaneous_eeg_nirs,simultaneous_eeg_nirs__prefrontal,5,1,0.0,wrong_pair,5,simultaneous_eeg_nirs__s05__r1__a0__wrong_pair,simultaneous_eeg_nirs__s05__r1__a0__wrong_pair,completed,0.0,True,stationary_feasible,17,8,4.703792007369948e-06,132.36749627460514,0.758100783792428,1.0410678458029976,0.25614710072240376,0.37556579159710946,6.938893903907228e-18,True,2.2522001608394704,2.2522001608394704,1.4317315118414589,2.495543073923531,10.23718455757188,3.374470912364596,3.1335966663068897e-06,0.052502718271937775,0.020827715211644574,0.8043424730421975,600004,True,0.758100783792428,1.0410678458029976,0.25614710072240376,2.2522001608394704,2.495543073923531,2.2522001608394704,1.4317315118414589
simultaneous_eeg_nirs,simultaneous_eeg_nirs__prefrontal,5,0,0.0,Hb_only,5,simultaneous_eeg_nirs__s05__r0__a0__Hb_only,simultaneous_eeg_nirs__s05__r0__a0__Hb_only,completed,0.0,True,stationary_feasible,7,3,2.3101493618432754e-06,7.015502444405771,0.39774935353866936,0.46019804897519295,0.32346074290442833,0.11600581402560377,1.734723475976807e-18,True,0.2367037610064726,0.2367037610064726,0.3506127749766899,0.4898811943162538,1.2035611942302782,0.38951986857322524,1.648873046144956e-07,0.009218209917338533,0.0031532661447237166,0.3686120379716158,599956,True,0.39774935353866936,0.46019804897519295,0.32346074290442833,0.2367037610064726,0.4898811943162538,0.2367037610064726,0.3506127749766899
simultaneous_eeg_nirs,simultaneous_eeg_nirs__prefrontal,5,1,0.0,Hb_only,5,simultaneous_eeg_nirs__s05__r1__a0__Hb_only,simultaneous_eeg_nirs__s05__r1__a0__Hb_only,completed,0.0,True,stationary_feasible,17,8,3.475039783302509e-06,48.827216500326514,1.1492773288676326,0.628745250474592,1.4987848969428148,0.28060355944903637,6.938893903907228e-18,True,1.7862730129525937,1.7862730129525937,3.6309529985215936,2.456644525253762,5.801390263268342,1.7327519424390705,2.7774295260363644e-06,0.07908831569938908,0.011187117586517714,0.8655240620719269,600000,True,1.1492773288676326,0.628745250474592,1.4987848969428148,1.7862730129525937,2.456644525253762,1.7862730129525937,3.6309529985215936
simultaneous_eeg_nirs,simultaneous_eeg_nirs__prefrontal,5,0,0.25,paired,5,simultaneous_eeg_nirs__s05__r0__a0.25__paired,simultaneous_eeg_nirs__s05__r0__a0.25__paired,completed,0.25000207099605515,True,stationary_feasible,11,5,6.0196129758094536e-06,73.96636373043803,0.5825528195706402,0.6823211308085866,0.4617071037264831,0.2944967030968815,3.469446951953614e-18,True,0.463789175776333,0.463789175776333,0.9963053383438734,0.4858783610789002,5.224084771853817,1.6758692882142618,1.3220513182971865e-07,0.013604826264199144,0.009169829906703179,0.5730579249793664,600004,True,0.5825528195706402,0.6823211308085866,0.4617071037264831,0.463789175776333,0.4858783610789002,0.463789175776333,0.9963053383438734
simultaneous_eeg_nirs,simultaneous_eeg_nirs__prefrontal,5,1,0.25,paired,5,simultaneous_eeg_nirs__s05__r1__a0.25__paired,simultaneous_eeg_nirs__s05__r1__a0.25__paired,completed,0.25000023680163386,True,stationary_feasible,17,8,3.207134683982889e-06,109.32706762325955,0.9944391678944795,1.2558089368999579,0.633057999939601,0.3371562512730851,6.938893903907228e-18,True,2.322696058448792,2.322696058448792,1.5925416207844074,2.471965639267232,9.926117286777227,3.244123973788592,2.594941175447064e-06,0.04719925325002025,0.024504023992110217,0.8429105739342049,600816,True,0.9944391678944795,1.2558089368999579,0.633057999939601,2.322696058448792,2.471965639267232,2.322696058448792,1.5925416207844074
simultaneous_eeg_nirs,simultaneous_eeg_nirs__prefrontal,5,0,0.25,wrong_pair,5,simultaneous_eeg_nirs__s05__r0__a0.25__wrong_pair,simultaneous_eeg_nirs__s05__r0__a0.25__wrong_pair,completed,0.25000207099605515,True,stationary_feasible,13,6,5.264151377901843e-06,84.43562891190994,0.510440044683312,0.6478146465976695,0.3184874598569616,0.3138655802945164,3.469446951953614e-18,True,0.42037999521871156,0.42037999521871156,0.8626307130370232,0.4835020359198623,3.8299617520386504,1.179822028897608,1.2155042089513366e-07,0.012220085508555838,0.007847378213518068,0.6660937309497967,599968,True,0.510440044683312,0.6478146465976695,0.3184874598569616,0.42037999521871156,0.4835020359198623,0.42037999521871156,0.8626307130370232
simultaneous_eeg_nirs,simultaneous_eeg_nirs__prefrontal,5,1,0.25,wrong_pair,5,simultaneous_eeg_nirs__s05__r1__a0.25__wrong_pair,simultaneous_eeg_nirs__s05__r1__a0.25__wrong_pair,completed,0.25000023680163386,True,stationary_feasible,19,9,3.1231789955691707e-06,215.4079520555554,1.4651877101658473,1.8896485876207723,0.8501636709157225,0.48834336420448815,6.938893903907228e-18,True,2.8018743106263977,2.8018743106263977,2.023322780300767,2.459068278709816,15.29547162347781,5.120611217503764,3.42900172076142e-06,0.03440224480066087,0.036811776223885,0.9449368990026414,598860,True,1.4651877101658473,1.8896485876207723,0.8501636709157225,2.8018743106263977,2.459068278709816,2.8018743106263977,2.023322780300767
simultaneous_eeg_nirs,simultaneous_eeg_nirs__prefrontal,5,0,0.25,Hb_only,5,simultaneous_eeg_nirs__s05__r0__a0.25__Hb_only,simultaneous_eeg_nirs__s05__r0__a0.25__Hb_only,completed,0.25000207099605515,True,stationary_feasible,7,3,6.550532828832972e-06,7.13208224546691,0.5051457444158977,0.6096949252104159,0.37231242844638973,0.11602137171086438,1.734723475976807e-18,True,0.2944783804704501,0.2944783804704501,0.47382276957976455,0.48838976456049465,2.389414559297912,0.7298569254556864,1.6647425642657584e-07,0.01152168487557793,0.00475573499231257,0.39483587502036244,599984,True,0.5051457444158977,0.6096949252104159,0.37231242844638973,0.2944783804704501,0.48838976456049465,0.2944783804704501,0.47382276957976455
simultaneous_eeg_nirs,simultaneous_eeg_nirs__prefrontal,5,1,0.25,Hb_only,5,simultaneous_eeg_nirs__s05__r1__a0.25__Hb_only,simultaneous_eeg_nirs__s05__r1__a0.25__Hb_only,completed,0.25000023680163386,True,stationary_feasible,17,8,3.354109311466953e-06,49.34615400439126,1.108232657775088,0.6797937415085233,1.4121755261030102,0.2817866943461782,6.938893903907228e-18,True,1.7784772039825612,1.7784772039825612,3.773270830017926,2.4403022736653317,6.2263342924763085,1.8690608935014754,2.879479697836833e-06,0.07602956081722109,0.011210934377756193,0.8356575580546632,600724,True,1.108232657775088,0.6797937415085233,1.4121755261030102,1.7784772039825612,2.4403022736653317,1.7784772039825612,3.773270830017926
simultaneous_eeg_nirs,simultaneous_eeg_nirs__prefrontal,5,0,0.5,paired,5,simultaneous_eeg_nirs__s05__r0__a0.5__paired,simultaneous_eeg_nirs__s05__r0__a0.5__paired,completed,0.5000109997425435,True,stationary_feasible,11,5,8.860854589937275e-06,74.37141451555941,0.5740673039367095,0.6740665101300946,0.4524830149512355,0.2945498419229537,3.469446951953614e-18,True,0.45309151148493915,0.45309151148493915,1.0623858894054334,0.4855694670856243,5.933169542763177,1.8910064210447817,1.3182245973559793e-07,0.013334077130622056,0.008962015676665316,0.580606178031303,599956,True,0.5740673039367095,0.6740665101300946,0.4524830149512355,0.45309151148493915,0.4855694670856243,0.45309151148493915,1.0623858894054334
simultaneous_eeg_nirs,simultaneous_eeg_nirs__prefrontal,5,1,0.5,paired,5,simultaneous_eeg_nirs__s05__r1__a0.5__paired,simultaneous_eeg_nirs__s05__r1__a0.5__paired,completed,0.5000179782364076,True,stationary_feasible,17,8,2.8996042003264572e-06,110.50806336824901,0.9873614224903526,1.241853543663197,0.6384081244278654,0.33724545303733144,1.3877787807814457e-17,True,2.3000345321786084,2.3000345321786084,1.5985183719080154,2.4633630136548033,9.983825216714758,3.248320600177912,2.7832345683593575e-06,0.047081245416806215,0.024168071639268224,0.8259596680290997,601260,True,0.9873614224903526,1.241853543663197,0.6384081244278654,2.3000345321786084,2.4633630136548033,2.3000345321786084,1.5985183719080154
simultaneous_eeg_nirs,simultaneous_eeg_nirs__prefrontal,5,0,0.5,wrong_pair,5,simultaneous_eeg_nirs__s05__r0__a0.5__wrong_pair,simultaneous_eeg_nirs__s05__r0__a0.5__wrong_pair,completed,0.5000109997425435,True,stationary_feasible,15,7,4.00771189652345e-06,132.81231038608726,0.7421296269630501,0.9015622555055897,0.5373064915672484,0.3920885559808773,3.469446951953614e-18,True,0.5708176189655974,0.5708176189655974,1.1009896543016335,0.4820404058113393,5.659954486775712,1.720289395694671,1.1125436935050843e-07,0.016428694663731435,0.010785663756467454,0.765153516898863,600004,True,0.7421296269630501,0.9015622555055897,0.5373064915672484,0.5708176189655974,0.4820404058113393,0.5708176189655974,1.1009896543016335
simultaneous_eeg_nirs,simultaneous_eeg_nirs__prefrontal,5,1,0.5,wrong_pair,5,simultaneous_eeg_nirs__s05__r1__a0.5__wrong_pair,simultaneous_eeg_nirs__s05__r1__a0.5__wrong_pair,completed,0.5000179782364076,True,stationary_feasible,23,11,5.034324501910379e-06,387.6093948574604,2.376075122170636,2.836600295201638,1.8014340780773481,0.6604400221736572,1.3877787807814457e-17,True,3.594800142269042,3.594800142269042,3.0002000266232725,2.473209030747501,22.88433312681126,7.861569573878624,4.9006392734932e-06,0.02265895814421591,0.05505909939938233,1.0936574300285429,600004,True,2.376075122170636,2.836600295201638,1.8014340780773481,3.594800142269042,2.473209030747501,3.594800142269042,3.0002000266232725
simultaneous_eeg_nirs,simultaneous_eeg_nirs__prefrontal,5,0,0.5,Hb_only,5,simultaneous_eeg_nirs__s05__r0__a0.5__Hb_only,simultaneous_eeg_nirs__s05__r0__a0.5__Hb_only,completed,0.5000109997425435,True,stationary_feasible,9,4,3.667671814089397e-07,7.347827406277589,0.6706602209537079,0.7958535721994262,0.5159334797789008,0.11613308984205589,1.734723475976807e-18,True,0.462526984168807,0.462526984168807,0.6797459863668904,0.4873336909787579,4.2735623851332,1.301264617407677,1.6814155509764162e-07,0.015511336996298206,0.00845051914287792,0.4760906139854342,599996,True,0.6706602209537079,0.7958535721994262,0.5159334797789008,0.462526984168807,0.4873336909787579,0.462526984168807,0.6797459863668904
simultaneous_eeg_nirs,simultaneous_eeg_nirs__prefrontal,5,1,0.5,Hb_only,5,simultaneous_eeg_nirs__s05__r1__a0.5__Hb_only,simultaneous_eeg_nirs__s05__r1__a0.5__Hb_only,completed,0.5000179782364076,True,stationary_feasible,17,8,3.2674766661613372e-06,50.40992595511156,1.1063307223148207,0.8079231277029646,1.3398490788137016,0.28318944894034337,1.3877787807814457e-17,True,1.7993216548455893,1.7993216548455893,3.9295659699890555,2.421921442179179,7.113332893560932,2.147182970721487,2.9682871097613998e-06,0.07303654907437662,0.012810877951554882,0.8181473939912394,600700,True,1.1063307223148207,0.8079231277029646,1.3398490788137016,1.7993216548455893,2.421921442179179,1.7993216548455893,3.9295659699890555
simultaneous_eeg_nirs,simultaneous_eeg_nirs__prefrontal,5,0,1.0,paired,5,simultaneous_eeg_nirs__s05__r0__a1__paired,simultaneous_eeg_nirs__s05__r0__a1__paired,completed,1.0000596760239862,True,stationary_feasible,13,6,1.1309949240646653e-06,76.29666561610487,0.5533868069560404,0.6532448637570684,0.43098151259771345,0.29513762138516664,3.469446951953614e-18,True,0.4272919725057598,0.4272919725057598,1.1756776805526994,0.4850778729553039,7.0830536923100595,2.22789901997383,1.288094727942864e-07,0.012815405767108483,0.008452345891053328,0.658735882025212,600540,True,0.5533868069560404,0.6532448637570684,0.43098151259771345,0.4272919725057598,0.4850778729553039,0.4272919725057598,1.1756776805526994
simultaneous_eeg_nirs,simultaneous_eeg_nirs__prefrontal,5,1,1.0,paired,5,simultaneous_eeg_nirs__s05__r1__a1__paired,simultaneous_eeg_nirs__s05__r1__a1__paired,completed,0.999985949030898,True,stationary_feasible,15,7,9.507264894111223e-06,115.94206662615596,0.9784216259351509,1.224685843853972,0.64402045003156,0.33976866190460586,1.3877787807814457e-17,True,2.2387502810857547,2.2387502810857547,1.5004727145589258,2.419237117346558,9.030563871686978,2.900395231861033,2.8513832855168563e-06,0.0454008138661722,0.023726172999597516,0.7559529729187489,600004,True,0.9784216259351509,1.224685843853972,0.64402045003156,2.2387502810857547,2.419237117346558,2.2387502810857547,1.5004727145589258
simultaneous_eeg_nirs,simultaneous_eeg_nirs__prefrontal,5,0,1.0,wrong_pair,5,simultaneous_eeg_nirs__s05__r0__a1__wrong_pair,simultaneous_eeg_nirs__s05__r0__a1__wrong_pair,completed,1.0000596760239862,True,stationary_feasible,21,10,4.7539606445264866e-06,312.657171538688,1.286039009453177,1.4894033561802562,1.0437769446915406,0.599164239425896,6.938893903907228e-18,True,1.0663980305868046,1.0663980305868046,1.7836595339656616,0.4802080598123689,10.499088317932511,3.1421515183771453,8.973088590424784e-08,0.029720711226423373,0.020418283793204216,1.023608211078681,600808,True,1.286039009453177,1.4894033561802562,1.0437769446915406,1.0663980305868046,0.4802080598123689,1.0663980305868046,1.7836595339656616
simultaneous_eeg_nirs,simultaneous_eeg_nirs__prefrontal,5,1,1.0,wrong_pair,5,simultaneous_eeg_nirs__s05__r1__a1__wrong_pair,simultaneous_eeg_nirs__s05__r1__a1__wrong_pair,completed,0.999985949030898,True,stationary_feasible,37,18,7.950309009672022e-06,1002.2481693350621,4.717360369488545,5.150594030866608,4.240089484957067,1.055963503760568,1.3877787807814457e-17,True,5.854940889816333,5.854940889816333,5.705222524093143,2.661650979468222,43.790861659130435,16.448996688967977,2.0887754105595834e-05,0.04411512287217595,0.10041832003172489,1.7304078850429505,600004,True,4.717360369488545,5.150594030866608,4.240089484957067,5.854940889816333,2.661650979468222,5.854940889816333,5.705222524093143
simultaneous_eeg_nirs,simultaneous_eeg_nirs__prefrontal,5,0,1.0,Hb_only,5,simultaneous_eeg_nirs__s05__r0__a1__Hb_only,simultaneous_eeg_nirs__s05__r0__a1__Hb_only,completed,1.0000596760239862,True,stationary_feasible,9,4,9.270627070198551e-07,8.111542202357812,1.0648794992172732,1.212463509949635,0.8932350937726713,0.11668293923049149,1.734723475976807e-18,True,0.8720977693692006,0.8720977693692005,1.174743728440684,0.4865978683314881,8.431651534917679,2.5366747377687195,1.715647568456919e-07,0.025415194238487312,0.01669475261083318,0.478826922015287,599984,True,1.0648794992172732,1.212463509949635,0.8932350937726713,0.8720977693692006,0.4865978683314881,0.8720977693692005,1.174743728440684
simultaneous_eeg_nirs,simultaneous_eeg_nirs__prefrontal,5,1,1.0,Hb_only,5,simultaneous_eeg_nirs__s05__r1__a1__Hb_only,simultaneous_eeg_nirs__s05__r1__a1__Hb_only,completed,0.999985949030898,True,stationary_feasible,17,8,3.191681568119936e-06,54.3152745062604,1.2334142400139771,1.2127702438148196,1.2537183538003491,0.2868571821340305,6.938893903907228e-18,True,1.936919375616635,1.936919375616635,4.246389938829669,2.3768162157142156,9.77531115191391,2.9728163845990165,3.0713324874543725e-06,0.06732857590051512,0.01938920429952675,0.8408996519865468,594128,True,1.2334142400139771,1.2127702438148196,1.2537183538003491,1.936919375616635,2.3768162157142156,1.936919375616635,4.246389938829669
simultaneous_eeg_nirs,simultaneous_eeg_nirs__prefrontal,6,0,0.0,paired,6,simultaneous_eeg_nirs__s06__r0__a0__paired,simultaneous_eeg_nirs__s06__r0__a0__paired,completed,0.0,True,stationary_feasible,15,7,1.7344923815676182e-06,115.68306903621891,0.5209461222321461,0.6897657795464925,0.2588298551250214,0.35450301343170176,6.938893903907228e-18,True,1.4852854593817988,1.4852854593817988,1.0081278441844137,1.7305820922742994,6.252583525437505,2.0585790350084707,1.6974386697294758e-06,0.04302314744651703,0.010814157918901023,0.7328172200359404,599136,True,0.5209461222321461,0.6897657795464925,0.2588298551250214,1.4852854593817988,1.7305820922742994,1.4852854593817988,1.0081278441844137
simultaneous_eeg_nirs,simultaneous_eeg_nirs__prefrontal,6,1,0.0,paired,6,simultaneous_eeg_nirs__s06__r1__a0__paired,simultaneous_eeg_nirs__s06__r1__a0__paired,completed,0.0,True,stationary_feasible,11,5,2.3639966752917944e-06,70.77231650310112,0.4003360803576763,0.4293506445637703,0.36904739327757174,0.2786746923436574,3.469446951953614e-18,True,1.4573463980655013,1.4573463980655013,0.8143182251687323,1.2479160311632322,2.30869624847031,0.6924663440876896,1.1855230994168465e-06,0.055642576518917096,0.005391955117259264,0.5662915239809081,600820,True,0.4003360803576763,0.4293506445637703,0.36904739327757174,1.4573463980655013,1.2479160311632322,1.4573463980655013,0.8143182251687323
simultaneous_eeg_nirs,simultaneous_eeg_nirs__prefrontal,6,0,0.0,wrong_pair,6,simultaneous_eeg_nirs__s06__r0__a0__wrong_pair,simultaneous_eeg_nirs__s06__r0__a0__wrong_pair,completed,0.0,True,stationary_feasible,13,6,3.640416322865324e-06,127.19026795819009,0.5185880190525293,0.5358884901002102,0.5006901169263975,0.3782256279023424,6.938893903907228e-18,True,1.3777932101017514,1.3777932101017514,1.009463477319742,1.722056315510511,2.7837840838678267,0.8843862719376476,1.2996155307036767e-06,0.04751780213667316,0.007183457067016207,0.627886853995733,594132,True,0.5185880190525293,0.5358884901002102,0.5006901169263975,1.3777932101017514,1.722056315510511,1.3777932101017514,1.009463477319742
simultaneous_eeg_nirs,simultaneous_eeg_nirs__prefrontal,6,1,0.0,wrong_pair,6,simultaneous_eeg_nirs__s06__r1__a0__wrong_pair,simultaneous_eeg_nirs__s06__r1__a0__wrong_pair,completed,0.0,True,stationary_feasible,11,5,5.618207243815759e-06,66.20280020531219,0.42597631707106737,0.35438490123256006,0.4871580720764562,0.2633002435099105,6.938893903907228e-18,True,1.5538466688964507,1.5538466688964507,0.7979577250607613,1.334811657250852,3.388133550345102,1.0774004984804473,1.741500328325586e-06,0.05699995641187902,0.007155246182523965,0.5632345359772444,600004,True,0.42597631707106737,0.35438490123256006,0.4871580720764562,1.5538466688964507,1.334811657250852,1.5538466688964507,0.7979577250607613
simultaneous_eeg_nirs,simultaneous_eeg_nirs__prefrontal,6,0,0.0,Hb_only,6,simultaneous_eeg_nirs__s06__r0__a0__Hb_only,simultaneous_eeg_nirs__s06__r0__a0__Hb_only,completed,0.0,True,stationary_feasible,13,6,1.7830481174702817e-06,24.141882809280705,0.6705747003350914,0.4456000232579285,0.8371269179351053,0.1934784322186325,6.938893903907228e-18,True,1.353417969712393,1.353417969712393,1.4260874303025333,1.7708350892576104,4.684294312231609,1.4812551873744555,1.7130819515086162e-06,0.05605336082005948,0.009414553897410272,0.6206892679911107,599968,True,0.6705747003350914,0.4456000232579285,0.8371269179351053,1.353417969712393,1.7708350892576104,1.353417969712393,1.4260874303025333
simultaneous_eeg_nirs,simultaneous_eeg_nirs__prefrontal,6,1,0.0,Hb_only,6,simultaneous_eeg_nirs__s06__r1__a0__Hb_only,simultaneous_eeg_nirs__s06__r1__a0__Hb_only,completed,0.0,True,stationary_feasible,11,5,4.054197346783453e-06,20.048795988788314,0.45196713849780135,0.365004313706338,0.5247098622472677,0.1748178973819557,6.938893903907228e-18,True,1.5866280863625661,1.5866280863625661,0.1638423829421587,1.3406581794590533,0.4970580165601468,0.16727174948880852,1.4492193601552787e-06,0.055350753808949944,0.005920743460733445,0.5378319909796119,600004,True,0.45196713849780135,0.365004313706338,0.5247098622472677,1.5866280863625661,1.3406581794590533,1.5866280863625661,0.1638423829421587
simultaneous_eeg_nirs,simultaneous_eeg_nirs__prefrontal,6,0,0.25,paired,6,simultaneous_eeg_nirs__s06__r0__a0.25__paired,simultaneous_eeg_nirs__s06__r0__a0.25__paired,completed,0.2500001396604774,True,stationary_feasible,15,7,2.1615519637914965e-06,114.6293503019442,0.5165692294270656,0.6811881165063739,0.26395129761424435,0.35227367547303,6.938893903907228e-18,True,1.5151090949127934,1.5151090949127934,1.1456568312912152,1.7607120201543822,7.582801168299434,2.5028022234154537,1.9774832158764194e-06,0.04449149028269032,0.010770756289026934,0.7669577019987628,599148,True,0.5165692294270656,0.6811881165063739,0.26395129761424435,1.5151090949127934,1.7607120201543822,1.5151090949127934,1.1456568312912152
simultaneous_eeg_nirs,simultaneous_eeg_nirs__prefrontal,6,1,0.25,paired,6,simultaneous_eeg_nirs__s06__r1__a0.25__paired,simultaneous_eeg_nirs__s06__r1__a0.25__paired,completed,0.2500144231633208,True,stationary_feasible,11,5,3.021865986625763e-06,70.4021174160653,0.396267963947927,0.425704731285773,0.364461356338061,0.27745598920527254,3.469446951953614e-18,True,1.457098245800385,1.457098245800385,0.8345375891198101,1.2494956571609832,2.757086667578454,0.8338464215687471,1.008918321472379e-06,0.0557061615690564,0.005286943770498065,0.5632640849798918,599996,True,0.396267963947927,0.425704731285773,0.364461356338061,1.457098245800385,1.2494956571609832,1.457098245800385,0.8345375891198101
simultaneous_eeg_nirs,simultaneous_eeg_nirs__prefrontal,6,0,0.25,wrong_pair,6,simultaneous_eeg_nirs__s06__r0__a0.25__wrong_pair,simultaneous_eeg_nirs__s06__r0__a0.25__wrong_pair,completed,0.2500001396604774,True,stationary_feasible,13,6,4.3288315113990936e-06,143.17856778079505,0.5556791648787863,0.5991608220530412,0.508492849386788,0.4014559830571728,6.938893903907228e-18,True,1.3866229558655572,1.3866229558655572,0.9955276808440956,1.7435495381081085,2.371255921494405,0.7435108903409845,1.3409938819576373e-06,0.0498263208566541,0.005864527790510952,0.6661667730659246,599956,True,0.5556791648787863,0.5991608220530412,0.508492849386788,1.3866229558655572,1.7435495381081085,1.3866229558655572,0.9955276808440956
simultaneous_eeg_nirs,simultaneous_eeg_nirs__prefrontal,6,1,0.25,wrong_pair,6,simultaneous_eeg_nirs__s06__r1__a0.25__wrong_pair,simultaneous_eeg_nirs__s06__r1__a0.25__wrong_pair,completed,0.2500144231633208,True,stationary_feasible,13,6,7.586572778278221e-07,91.64257314297025,0.5892877906236941,0.525528306041243,0.6467922385942266,0.3108257982245569,3.469446951953614e-18,True,1.6640550327476122,1.6640550327476122,0.867500742226594,1.3518606667714308,4.564560095487869,1.437733514118816,1.6478376509047632e-06,0.05575884327368584,0.012567571494005145,0.6559648489346728,600000,True,0.5892877906236941,0.525528306041243,0.6467922385942266,1.6640550327476122,1.3518606667714308,1.6640550327476122,0.867500742226594
simultaneous_eeg_nirs,simultaneous_eeg_nirs__prefrontal,6,0,0.25,Hb_only,6,simultaneous_eeg_nirs__s06__r0__a0.25__Hb_only,simultaneous_eeg_nirs__s06__r0__a0.25__Hb_only,completed,0.2500001396604774,True,stationary_feasible,11,5,9.60667429456031e-06,24.004489666358737,0.6683990116313394,0.5457052621723657,0.7718291548891454,0.19237516818473382,6.938893903907228e-18,True,1.3659461880463721,1.3659461880463721,1.4162868887213167,1.7844771879605914,4.890949745734752,1.5442213711874107,1.7573856537033601e-06,0.05538674078998012,0.008735442144927105,0.5665635430486873,600816,True,0.6683990116313394,0.5457052621723657,0.7718291548891454,1.3659461880463721,1.7844771879605914,1.3659461880463721,1.4162868887213167
simultaneous_eeg_nirs,simultaneous_eeg_nirs__prefrontal,6,1,0.25,Hb_only,6,simultaneous_eeg_nirs__s06__r1__a0.25__Hb_only,simultaneous_eeg_nirs__s06__r1__a0.25__Hb_only,completed,0.2500144231633208,True,stationary_feasible,11,5,3.860022480866295e-06,20.044066064467586,0.4015895910820098,0.3910010458779037,0.4119060347375566,0.17438589394074108,3.469446951953614e-18,True,1.5805365412421526,1.5805365412421526,0.7547342156620355,1.345117119201933,1.9104909901585487,0.5849786817520239,1.341718116376095e-06,0.05791120164075774,0.006058740286384307,0.5716229049721733,600724,True,0.4015895910820098,0.3910010458779037,0.4119060347375566,1.5805365412421526,1.345117119201933,1.5805365412421526,0.7547342156620355
simultaneous_eeg_nirs,simultaneous_eeg_nirs__prefrontal,6,0,0.5,paired,6,simultaneous_eeg_nirs__s06__r0__a0.5__paired,simultaneous_eeg_nirs__s06__r0__a0.5__paired,completed,0.5000008368028934,True,stationary_feasible,15,7,2.202226076813147e-06,113.45850318572086,0.511216806995526,0.6694247568985403,0.27304897428983665,0.3496635645445002,6.938893903907228e-18,True,1.5422866188709583,1.5422866188709585,1.2821455446264511,1.7901349548780545,8.832143773942642,2.9195948186241747,2.2769818853214844e-06,0.045967929872062684,0.010684812474251492,0.7445862009190023,600540,True,0.511216806995526,0.6694247568985403,0.27304897428983665,1.5422866188709583,1.7901349548780545,1.5422866188709585,1.2821455446264511
simultaneous_eeg_nirs,simultaneous_eeg_nirs__prefrontal,6,1,0.5,paired,6,simultaneous_eeg_nirs__s06__r1__a0.5__paired,simultaneous_eeg_nirs__s06__r1__a0.5__paired,completed,0.5000382431180556,True,stationary_feasible,11,5,5.9521325155361766e-06,70.2179116780341,0.39053424059957653,0.4208976150452913,0.3576019907810381,0.2757983702529715,6.938893903907228e-18,True,1.4564837373921924,1.4564837373921924,0.8752136326420693,1.2509430051936756,3.4748744747016667,1.0612372627030127,8.626661657214479e-07,0.055759300840533675,0.005172990705213562,0.5719267360400409,599984,True,0.39053424059957653,0.4208976150452913,0.3576019907810381,1.4564837373921924,1.2509430051936756,1.4564837373921924,0.8752136326420693
simultaneous_eeg_nirs,simultaneous_eeg_nirs__prefrontal,6,0,0.5,wrong_pair,6,simultaneous_eeg_nirs__s06__r0__a0.5__wrong_pair,simultaneous_eeg_nirs__s06__r0__a0.5__wrong_pair,completed,0.5000008368028934,True,stationary_feasible,13,6,8.952519606847214e-06,176.10415620085323,0.6660998528897488,0.7343692451900871,0.5899829148021424,0.44626661883412194,6.938893903907228e-18,True,1.4330699539118346,1.4330699539118346,1.0534815481214193,1.7684237600242756,3.2651351304062297,1.0071738084677015,1.415190587968057e-06,0.05291130318615034,0.007210942438832679,0.6679445459740236,600004,True,0.6660998528897488,0.7343692451900871,0.5899829148021424,1.4330699539118346,1.7684237600242756,1.4330699539118346,1.0534815481214193
simultaneous_eeg_nirs,simultaneous_eeg_nirs__prefrontal,6,1,0.5,wrong_pair,6,simultaneous_eeg_nirs__s06__r1__a0.5__wrong_pair,simultaneous_eeg_nirs__s06__r1__a0.5__wrong_pair,completed,0.5000382431180556,True,stationary_feasible,13,6,8.117239108785703e-06,133.4575891956937,0.9343048427097101,0.908147538890662,0.9597495120230412,0.3768998838303499,6.938893903907228e-18,True,1.8659309129287482,1.8659309129287482,1.1150538886660484,1.3685148142156058,7.284259995547748,2.278961273119693,1.5772836996991736e-06,0.0563833079724661,0.020016345415252566,0.6665581880370155,598860,True,0.9343048427097101,0.908147538890662,0.9597495120230412,1.8659309129287482,1.3685148142156058,1.8659309129287482,1.1150538886660484
simultaneous_eeg_nirs,simultaneous_eeg_nirs__prefrontal,6,0,0.5,Hb_only,6,simultaneous_eeg_nirs__s06__r0__a0.5__Hb_only,simultaneous_eeg_nirs__s06__r0__a0.5__Hb_only,completed,0.5000008368028934,True,stationary_feasible,11,5,8.245326182987375e-06,23.916791638800834,0.7023226539221954,0.6726295676839275,0.7308102935112262,0.19125989475571928,6.938893903907228e-18,True,1.3965191049191472,1.3965191049191472,1.4488961175521857,1.7983739724835972,5.465582021386929,1.7155643816610922,1.8028942460238624e-06,0.05499813683219766,0.00906785845743578,0.5583027510438114,601260,True,0.7023226539221954,0.6726295676839275,0.7308102935112262,1.3965191049191472,1.7983739724835972,1.3965191049191472,1.4488961175521857
simultaneous_eeg_nirs,simultaneous_eeg_nirs__prefrontal,6,1,0.5,Hb_only,6,simultaneous_eeg_nirs__s06__r1__a0.5__Hb_only,simultaneous_eeg_nirs__s06__r1__a0.5__Hb_only,completed,0.5000382431180556,True,stationary_feasible,11,5,3.661612949741397e-06,20.191766316650412,0.4805886974676191,0.5480006550429937,0.40202770344802774,0.17409126941951436,6.938893903907228e-18,True,1.6104442589557248,1.6104442589557248,1.4603175102743087,1.34951871346621,3.719194455084588,1.1354738181350814,1.2415481692334698e-06,0.06089483773593009,0.009000586372139215,0.5573546150699258,600004,True,0.4805886974676191,0.5480006550429937,0.40202770344802774,1.6104442589557248,1.34951871346621,1.6104442589557248,1.4603175102743087
simultaneous_eeg_nirs,simultaneous_eeg_nirs__prefrontal,6,0,1.0,paired,6,simultaneous_eeg_nirs__s06__r0__a1__paired,simultaneous_eeg_nirs__s06__r0__a1__paired,completed,1.0000022077664215,True,stationary_feasible,15,7,1.5088933170607751e-06,110.9471990392253,0.49984830343708825,0.6388520362705,0.30259664348916143,0.34379588573244724,6.938893903907228e-18,True,1.5885571056965033,1.588557105696503,1.5239918921656175,1.8453180382663437,10.947225167287638,3.623624767322854,2.880730631248303e-06,0.04884819391596601,0.010428541421945431,0.7635926690418273,600820,True,0.49984830343708825,0.6388520362705,0.30259664348916143,1.5885571056965033,1.8453180382663437,1.588557105696503,1.5239918921656175
simultaneous_eeg_nirs,simultaneous_eeg_nirs__prefrontal,6,1,1.0,paired,6,simultaneous_eeg_nirs__s06__r1__a1__paired,simultaneous_eeg_nirs__s06__r1__a1__paired,completed,1.0000128329934284,True,stationary_feasible,13,6,2.423959632089365e-06,70.52887227810423,0.3761043136701573,0.4090572987192136,0.3399721104548727,0.27165291005865055,6.938893903907228e-18,True,1.4550901214701197,1.4550901214701197,0.9860956506369885,1.2536862370921582,5.011734934109501,1.540252305173908,6.49663353715514e-07,0.05584160460642322,0.004962411180572417,0.6674850099952891,600700,True,0.3761043136701573,0.4090572987192136,0.3399721104548727,1.4550901214701197,1.2536862370921582,1.4550901214701197,0.9860956506369885
simultaneous_eeg_nirs,simultaneous_eeg_nirs__prefrontal,6,0,1.0,wrong_pair,6,simultaneous_eeg_nirs__s06__r0__a1__wrong_pair,simultaneous_eeg_nirs__s06__r0__a1__wrong_pair,completed,1.0000022077664215,True,stationary_feasible,17,8,7.481114310353377e-06,294.81469870774333,1.000754104863341,1.1085870774571709,0.8798023917315883,0.5806138125874589,6.938893903907228e-18,True,1.6255013843899553,1.6255013843899553,1.342237499946653,1.8302165753625506,6.542332278124759,2.000055519532993,1.6922998984605743e-06,0.06116217202176788,0.013865123428042109,0.8414131259778515,600004,True,1.000754104863341,1.1085870774571709,0.8798023917315883,1.6255013843899553,1.8302165753625506,1.6255013843899553,1.342237499946653
simultaneous_eeg_nirs,simultaneous_eeg_nirs__prefrontal,6,1,1.0,wrong_pair,6,simultaneous_eeg_nirs__s06__r1__a1__wrong_pair,simultaneous_eeg_nirs__s06__r1__a1__wrong_pair,completed,1.0000128329934284,True,stationary_feasible,17,8,8.797767962416514e-06,267.29338396131976,1.730978405016235,1.7660557327294772,1.6951753968714998,0.5373636635504555,6.938893903907228e-18,True,2.4438853518680603,2.4438853518680603,1.8307637002697235,1.4004139633712331,13.640237468109914,4.236424290049115,1.4836350938296501e-06,0.06288547711428781,0.03594492674209368,0.8275127799715847,594132,True,1.730978405016235,1.7660557327294772,1.6951753968714998,2.4438853518680603,1.4004139633712331,2.4438853518680603,1.8307637002697235
simultaneous_eeg_nirs,simultaneous_eeg_nirs__prefrontal,6,0,1.0,Hb_only,6,simultaneous_eeg_nirs__s06__r0__a1__Hb_only,simultaneous_eeg_nirs__s06__r0__a1__Hb_only,completed,1.0000022077664215,True,stationary_feasible,11,5,5.214295560217806e-06,23.895696402658587,0.8562955306024217,0.9634315837568066,0.7336781684629965,0.18897952134276572,6.938893903907228e-18,True,1.5065997613513804,1.5065997613513804,1.6319629355014722,1.827032243806549,7.3614870259218135,2.271364418384171,1.8973009400413696e-06,0.05507528645458644,0.012184569761138747,0.5604961490025744,599136,True,0.8562955306024217,0.9634315837568066,0.7336781684629965,1.5065997613513804,1.827032243806549,1.5065997613513804,1.6319629355014722
simultaneous_eeg_nirs,simultaneous_eeg_nirs__prefrontal,6,1,1.0,Hb_only,6,simultaneous_eeg_nirs__s06__r1__a1__Hb_only,simultaneous_eeg_nirs__s06__r1__a1__Hb_only,completed,1.0000128329934284,True,stationary_feasible,11,5,3.2309220925899165e-06,20.958373486318727,0.8418344076192168,0.9902802232757494,0.6608444742086653,0.17393035459023487,6.938893903907228e-18,True,1.768832852574315,1.768832852574315,2.9125571675046067,1.358036388760387,7.433627158514129,2.264625007577114,1.0618696963618081e-06,0.06790944098552738,0.017248250767180746,0.5584254659479484,600004,True,0.8418344076192168,0.9902802232757494,0.6608444742086653,1.768832852574315,1.358036388760387,1.768832852574315,2.9125571675046067
simultaneous_eeg_nirs,simultaneous_eeg_nirs__prefrontal,7,0,0.0,paired,7,simultaneous_eeg_nirs__s07__r0__a0__paired,simultaneous_eeg_nirs__s07__r0__a0__paired,completed,0.0,True,stationary_feasible,17,8,7.5300552183633925e-06,150.91684246981828,0.6387551530083497,0.5375559867114782,0.725981991608669,0.39075003822761223,6.938893903907228e-18,True,2.466424212461787,2.466424212461787,1.5577030654527164,2.7151841050959002,9.99952513963788,3.320263737586468,5.610391975732063e-06,0.10383627982418428,0.008563362402453605,0.8100829330505803,599968,True,0.6387551530083497,0.5375559867114782,0.725981991608669,2.466424212461787,2.7151841050959002,2.466424212461787,1.5577030654527164
simultaneous_eeg_nirs,simultaneous_eeg_nirs__prefrontal,7,1,0.0,paired,7,simultaneous_eeg_nirs__s07__r1__a0__paired,simultaneous_eeg_nirs__s07__r1__a0__paired,completed,0.0,True,stationary_feasible,11,5,7.4255369683120035e-06,85.9394458457948,0.5214778404808007,0.7071621754559344,0.20928433727699042,0.3054735581895896,6.938893903907228e-18,True,1.475118258786913,1.475118258786913,0.6840585865607799,1.5911068329704174,2.148008413276921,0.6587581734129815,9.94039763109521e-07,0.030346731093644688,0.015207815175348693,0.5499976230785251,599996,True,0.5214778404808007,0.7071621754559344,0.20928433727699042,1.475118258786913,1.5911068329704174,1.475118258786913,0.6840585865607799
simultaneous_eeg_nirs,simultaneous_eeg_nirs__prefrontal,7,0,0.0,wrong_pair,7,simultaneous_eeg_nirs__s07__r0__a0__wrong_pair,simultaneous_eeg_nirs__s07__r0__a0__wrong_pair,completed,0.0,True,stationary_feasible,17,8,7.885414737602143e-06,137.66108152423556,0.7311298662389031,0.864815860823049,0.5667409368326248,0.36871158650043173,6.938893903907228e-18,True,2.5215314448574735,2.5215314448574735,1.5921428167907299,2.7382939422458086,10.784933492935341,3.578473538178674,5.83547322868318e-06,0.10196049681420671,0.007012189300641518,0.8157247310737148,600004,True,0.7311298662389031,0.864815860823049,0.5667409368326248,2.5215314448574735,2.7382939422458086,2.5215314448574735,1.5921428167907299
simultaneous_eeg_nirs,simultaneous_eeg_nirs__prefrontal,7,1,0.0,wrong_pair,7,simultaneous_eeg_nirs__s07__r1__a0__wrong_pair,simultaneous_eeg_nirs__s07__r1__a0__wrong_pair,completed,0.0,True,stationary_feasible,11,5,6.193167249238715e-06,71.64408874675138,0.5691334872263139,0.7621361105641666,0.2587941296453492,0.27869506364763175,6.938893903907228e-18,True,1.5731841032508596,1.5731841032508596,0.7263859444865529,1.5862962259035354,4.270467336991914,1.3910081771403866,1.226157665489544e-06,0.027668253733674736,0.017808668789798445,0.556235900032334,594128,True,0.5691334872263139,0.7621361105641666,0.2587941296453492,1.5731841032508596,1.5862962259035354,1.5731841032508596,0.7263859444865529
simultaneous_eeg_nirs,simultaneous_eeg_nirs__prefrontal,7,0,0.0,Hb_only,7,simultaneous_eeg_nirs__s07__r0__a0__Hb_only,simultaneous_eeg_nirs__s07__r0__a0__Hb_only,completed,0.0,True,stationary_feasible,19,9,5.541319903156444e-06,75.55305262997105,1.638390767945055,1.504205163333025,1.7623891294425986,0.3420558527931776,6.938893903907228e-18,True,2.624459727919948,2.624459727919948,2.1726885889328584,2.7055325425601806,7.879800853847738,2.5821454347486337,6.086712884482975e-06,0.1251798968589353,0.027524784496682213,0.8901919709751382,600808,True,1.638390767945055,1.504205163333025,1.7623891294425986,2.624459727919948,2.7055325425601806,2.624459727919948,2.1726885889328584
simultaneous_eeg_nirs,simultaneous_eeg_nirs__prefrontal,7,1,0.0,Hb_only,7,simultaneous_eeg_nirs__s07__r1__a0__Hb_only,simultaneous_eeg_nirs__s07__r1__a0__Hb_only,completed,0.0,True,stationary_feasible,11,5,2.856791273804106e-06,23.884968117733198,0.5426238749673274,0.49751427052733294,0.5842609776382225,0.19401852594484129,6.938893903907228e-18,True,1.229816952342355,1.229816952342355,1.2427303848651339,1.5498406305466985,3.9068890406615715,1.2286062579900017,1.2734902550837954e-06,0.038831114233009785,0.009761605598934705,0.53851985395886,600816,True,0.5426238749673274,0.49751427052733294,0.5842609776382225,1.229816952342355,1.5498406305466985,1.229816952342355,1.2427303848651339
simultaneous_eeg_nirs,simultaneous_eeg_nirs__prefrontal,7,0,0.25,paired,7,simultaneous_eeg_nirs__s07__r0__a0.25__paired,simultaneous_eeg_nirs__s07__r0__a0.25__paired,completed,0.25000017562882276,True,stationary_feasible,17,8,7.812473512469073e-06,151.35354688702313,0.6461587273004162,0.5370423293962721,0.739342774475827,0.39200805516260306,6.938893903907228e-18,True,2.4455533235099667,2.4455533235099667,1.470436709772307,2.697985792390106,9.16581480647621,3.0123798346942743,5.297245034483541e-06,0.10326795940409761,0.008578626161901914,0.8371696620015427,600000,True,0.6461587273004162,0.5370423293962721,0.739342774475827,2.4455533235099667,2.697985792390106,2.4455533235099667,1.470436709772307
simultaneous_eeg_nirs,simultaneous_eeg_nirs__prefrontal,7,1,0.25,paired,7,simultaneous_eeg_nirs__s07__r1__a0.25__paired,simultaneous_eeg_nirs__s07__r1__a0.25__paired,completed,0.2499985519512373,True,stationary_feasible,11,5,9.011465303911208e-06,87.506626380518,0.5235440748344715,0.7100692427806617,0.2097581155651986,0.30650798538042756,6.938893903907228e-18,True,1.4463437861926516,1.4463437861926516,0.6507890170747445,1.5633543367656255,1.660334245527714,0.49595004312123,8.901507817315744e-07,0.028940248303648483,0.015216644169630271,0.5757805729517713,599956,True,0.5235440748344715,0.7100692427806617,0.2097581155651986,1.4463437861926516,1.5633543367656255,1.4463437861926516,0.6507890170747445
simultaneous_eeg_nirs,simultaneous_eeg_nirs__prefrontal,7,0,0.25,wrong_pair,7,simultaneous_eeg_nirs__s07__r0__a0.25__wrong_pair,simultaneous_eeg_nirs__s07__r0__a0.25__wrong_pair,completed,0.25000017562882276,True,stationary_feasible,19,9,2.5311352315922584e-06,158.24441319498914,0.7402553980263523,0.9342521924030345,0.47236527137844303,0.4008468202370267,6.938893903907228e-18,True,2.546643280392507,2.546643280392507,1.6231565075553862,2.716346677214303,11.209330317874132,3.68702796286573,5.094369573058188e-06,0.09348761033496349,0.009521259680981602,0.9397676551016048,600828,True,0.7402553980263523,0.9342521924030345,0.47236527137844303,2.546643280392507,2.716346677214303,2.546643280392507,1.6231565075553862
simultaneous_eeg_nirs,simultaneous_eeg_nirs__prefrontal,7,1,0.25,wrong_pair,7,simultaneous_eeg_nirs__s07__r1__a0.25__wrong_pair,simultaneous_eeg_nirs__s07__r1__a0.25__wrong_pair,completed,0.2499985519512373,True,stationary_feasible,15,7,5.900295471361129e-07,98.50151491309948,0.7510735603035225,0.9807600551381932,0.40783906166445866,0.32916995708378727,6.938893903907228e-18,True,1.6349654134822857,1.6349654134822857,0.8687777964080476,1.6177433791847446,4.833254488759613,1.5428367560492537,1.390893359615212e-06,0.03015024406685637,0.018938080803741677,0.7610056389821693,599148,True,0.7510735603035225,0.9807600551381932,0.40783906166445866,1.6349654134822857,1.6177433791847446,1.6349654134822857,0.8687777964080476
simultaneous_eeg_nirs,simultaneous_eeg_nirs__prefrontal,7,0,0.25,Hb_only,7,simultaneous_eeg_nirs__s07__r0__a0.25__Hb_only,simultaneous_eeg_nirs__s07__r0__a0.25__Hb_only,completed,0.25000017562882276,True,stationary_feasible,19,9,6.022146964460962e-06,75.73143914248483,1.4526931883918517,1.3474839813332788,1.5507810674787026,0.3430031219303919,6.938893903907228e-18,True,2.545394924656455,2.545394924656455,2.021226200135904,2.6944730038600113,8.016240895819521,2.589273007828137,5.928065177092045e-06,0.12032375323823226,0.023719873826068435,0.9249241159996018,600724,True,1.4526931883918517,1.3474839813332788,1.5507810674787026,2.545394924656455,2.6944730038600113,2.545394924656455,2.021226200135904
simultaneous_eeg_nirs,simultaneous_eeg_nirs__prefrontal,7,1,0.25,Hb_only,7,simultaneous_eeg_nirs__s07__r1__a0.25__Hb_only,simultaneous_eeg_nirs__s07__r1__a0.25__Hb_only,completed,0.2499985519512373,True,stationary_feasible,11,5,4.3472577804417264e-06,24.66544964769086,0.5233331142624523,0.5769313701177501,0.4635787863366157,0.19518124012492571,6.938893903907228e-18,True,1.248850679331796,1.248850679331796,1.8921449503264354,1.5264193165742772,3.5167929222138077,1.068110449635248,1.1770811424493731e-06,0.0344830187158827,0.01106546417863593,0.5645768899703398,599984,True,0.5233331142624523,0.5769313701177501,0.4635787863366157,1.248850679331796,1.5264193165742772,1.248850679331796,1.8921449503264354
simultaneous_eeg_nirs,simultaneous_eeg_nirs__prefrontal,7,0,0.5,paired,7,simultaneous_eeg_nirs__s07__r0__a0.5__paired,simultaneous_eeg_nirs__s07__r0__a0.5__paired,completed,0.5000009091397832,True,stationary_feasible,17,8,7.939872815989254e-06,152.01053515404993,0.6503614779499376,0.5357501561584207,0.7476040891933926,0.3933366842475284,6.938893903907228e-18,True,2.4224856502161236,2.4224856502161236,1.3740376466372368,2.6783244585457724,8.216278661961448,2.671539230536957,4.930056776325217e-06,0.10250056727871369,0.008558239125708753,0.8243215340189636,601260,True,0.6503614779499376,0.5357501561584207,0.7476040891933926,2.4224856502161236,2.6783244585457724,2.4224856502161236,1.3740376466372368
simultaneous_eeg_nirs,simultaneous_eeg_nirs__prefrontal,7,1,0.5,paired,7,simultaneous_eeg_nirs__s07__r1__a0.5__paired,simultaneous_eeg_nirs__s07__r1__a0.5__paired,completed,0.49999343781116856,True,stationary_feasible,13,6,6.275383536900126e-06,89.96722279644779,0.5278487470960906,0.7168992318235875,0.20809635035861537,0.30758159217782055,6.938893903907228e-18,True,1.4220629433766194,1.4220629433766194,0.7323515787725722,1.5386668258653151,3.2083661499879934,1.0114007155787794,8.142895117220139e-07,0.027612345140538546,0.015264827592324986,0.6589733299333602,600004,True,0.5278487470960906,0.7168992318235875,0.20809635035861537,1.4220629433766194,1.5386668258653151,1.4220629433766194,0.7323515787725722
simultaneous_eeg_nirs,simultaneous_eeg_nirs__prefrontal,7,0,0.5,wrong_pair,7,simultaneous_eeg_nirs__s07__r0__a0.5__wrong_pair,simultaneous_eeg_nirs__s07__r0__a0.5__wrong_pair,completed,0.5000009091397832,True,stationary_feasible,19,9,4.289707627231189e-06,203.55948538907867,0.8925772826920527,1.1271624399696474,0.5682369620831865,0.46150362447869614,6.938893903907228e-18,True,2.6218946005923494,2.6218946005923494,1.7065549695472206,2.7006932951467943,11.988417868291483,3.9159094588996823,4.540157412735168e-06,0.08536963261033571,0.014892285599710828,0.9318326500942931,598860,True,0.8925772826920527,1.1271624399696474,0.5682369620831865,2.6218946005923494,2.7006932951467943,2.6218946005923494,1.7065549695472206
simultaneous_eeg_nirs,simultaneous_eeg_nirs__prefrontal,7,1,0.5,wrong_pair,7,simultaneous_eeg_nirs__s07__r1__a0.5__wrong_pair,simultaneous_eeg_nirs__s07__r1__a0.5__wrong_pair,completed,0.49999343781116856,True,stationary_feasible,15,7,3.4254025287640882e-06,152.8444363242505,1.0177707093271016,1.2677034200386466,0.6816468824477241,0.41313818132307206,6.938893903907228e-18,True,1.7670085431233618,1.7670085431233615,1.2117466197802866,1.6524108287757455,6.809167699930383,2.1668813053063087,1.6299012113195537e-06,0.0347955381453695,0.02207207706501746,0.7502413819311187,600004,True,1.0177707093271016,1.2677034200386466,0.6816468824477241,1.7670085431233618,1.6524108287757455,1.7670085431233615,1.2117466197802866
simultaneous_eeg_nirs,simultaneous_eeg_nirs__prefrontal,7,0,0.5,Hb_only,7,simultaneous_eeg_nirs__s07__r0__a0.5__Hb_only,simultaneous_eeg_nirs__s07__r0__a0.5__Hb_only,completed,0.5000009091397832,True,stationary_feasible,19,9,6.579514378053446e-06,76.04815034568125,1.285025180535569,1.22083076863643,1.346161826665549,0.344019435746338,6.938893903907228e-18,True,2.487804028291609,2.487804028291609,1.9394012252962316,2.6825771900197117,8.411290051390402,2.6750698637911197,5.7410877046580635e-06,0.11536543658222928,0.02032649514114999,0.9068243179935962,600540,True,1.285025180535569,1.22083076863643,1.346161826665549,2.487804028291609,2.6825771900197117,2.487804028291609,1.9394012252962316
simultaneous_eeg_nirs,simultaneous_eeg_nirs__prefrontal,7,1,0.5,Hb_only,7,simultaneous_eeg_nirs__s07__r1__a0.5__Hb_only,simultaneous_eeg_nirs__s07__r1__a0.5__Hb_only,completed,0.49999343781116856,True,stationary_feasible,11,5,6.399189940192233e-06,26.001377062831022,0.5873712740666306,0.7224501118892898,0.40997056361215306,0.1972765564760667,6.938893903907228e-18,True,1.3013443878606679,1.3013443878606679,2.7327259340935344,1.503557953760805,4.026048414139551,1.1847586481852828,1.0901346547868096e-06,0.03090267469207318,0.013482217022069039,0.5736053510336205,600700,True,0.5873712740666306,0.7224501118892898,0.40997056361215306,1.3013443878606679,1.503557953760805,1.3013443878606679,2.7327259340935344
simultaneous_eeg_nirs,simultaneous_eeg_nirs__prefrontal,7,0,1.0,paired,7,simultaneous_eeg_nirs__s07__r0__a1__paired,simultaneous_eeg_nirs__s07__r0__a1__paired,completed,1.0000092234458022,True,stationary_feasible,17,8,7.631928126767765e-06,153.83862731513372,0.648478952688275,0.5308292694666276,0.7478436941212319,0.3955132834913095,6.938893903907228e-18,True,2.3751197061355773,2.3751197061355773,1.1846191622565598,2.636688477079923,6.209680510650396,1.9733749109115382,4.187291372299061e-06,0.10059527427939646,0.008397062218364022,0.8277501789852977,599136,True,0.648478952688275,0.5308292694666276,0.7478436941212319,2.3751197061355773,2.636688477079923,2.3751197061355773,1.1846191622565598
simultaneous_eeg_nirs,simultaneous_eeg_nirs__prefrontal,7,1,1.0,paired,7,simultaneous_eeg_nirs__s07__r1__a1__paired,simultaneous_eeg_nirs__s07__r1__a1__paired,completed,1.0000285252791334,True,stationary_feasible,15,7,6.194518580927771e-07,97.90418250689945,0.5408693666265314,0.7376300081274172,0.2024384217976338,0.3103142946907539,6.938893903907228e-18,True,1.3892361457964975,1.3892361457964975,0.9919213765790331,1.5024657690591285,6.2085510143219835,1.9943574719341355,7.556400539847828e-07,0.025488699658518812,0.015424552459712644,0.7468908550217748,600004,True,0.5408693666265314,0.7376300081274172,0.2024384217976338,1.3892361457964975,1.5024657690591285,1.3892361457964975,0.9919213765790331
simultaneous_eeg_nirs,simultaneous_eeg_nirs__prefrontal,7,0,1.0,wrong_pair,7,simultaneous_eeg_nirs__s07__r0__a1__wrong_pair,simultaneous_eeg_nirs__s07__r0__a1__wrong_pair,completed,1.0000092234458022,True,stationary_feasible,23,11,1.79552403524244e-06,373.8172475006308,1.4283743232427428,1.7115205578726553,1.0729416547872497,0.6372746882406917,6.938893903907228e-18,True,2.9138342436947062,2.9138342436947062,2.024418641955741,2.691067299361588,14.625367876604376,4.7518667824074585,3.910863183620129e-06,0.07069485505362326,0.02769511323409441,1.1017909540096298,600820,True,1.4283743232427428,1.7115205578726553,1.0729416547872497,2.9138342436947062,2.691067299361588,2.9138342436947062,2.024418641955741
simultaneous_eeg_nirs,simultaneous_eeg_nirs__prefrontal,7,1,1.0,wrong_pair,7,simultaneous_eeg_nirs__s07__r1__a1__wrong_pair,simultaneous_eeg_nirs__s07__r1__a1__wrong_pair,completed,1.0000285252791334,True,stationary_feasible,19,9,5.385075194844053e-06,339.13202969380245,1.632376985141336,1.915495246031206,1.28848252051399,0.6194264611253192,6.938893903907228e-18,True,2.1826312025793833,2.1826312025793833,2.0501125443797275,1.7322253471565068,11.912777310126014,3.872509692555396,2.49943181490551e-06,0.04779839077684358,0.031585638016605945,0.920488791889511,599996,True,1.632376985141336,1.915495246031206,1.28848252051399,2.1826312025793833,1.7322253471565068,2.1826312025793833,2.0501125443797275
simultaneous_eeg_nirs,simultaneous_eeg_nirs__prefrontal,7,0,1.0,Hb_only,7,simultaneous_eeg_nirs__s07__r0__a1__Hb_only,simultaneous_eeg_nirs__s07__r0__a1__Hb_only,completed,1.0000092234458022,True,stationary_feasible,19,9,7.86715622639549e-06,77.11251378643065,1.0598433345210614,1.119855363626094,0.9962227421692972,0.3461448071078406,6.938893903907228e-18,True,2.4515794609385533,2.4515794609385533,2.0866227459975164,2.656406762852868,9.880044467157244,3.0542568988881875,5.291710886714172e-06,0.10521785387157254,0.01638496025971865,0.8984663650626317,594128,True,1.0598433345210614,1.119855363626094,0.9962227421692972,2.4515794609385533,2.656406762852868,2.4515794609385533,2.0866227459975164
simultaneous_eeg_nirs,simultaneous_eeg_nirs__prefrontal,7,1,1.0,Hb_only,7,simultaneous_eeg_nirs__s07__r1__a1__Hb_only,simultaneous_eeg_nirs__s07__r1__a1__Hb_only,completed,1.0000285252791334,True,stationary_feasible,13,6,2.0211068695403366e-06,30.411369199805684,0.8631523728371209,1.0886747353203332,0.5521334604458479,0.20420608354761047,6.938893903907228e-18,True,1.4827420929375144,1.4827420929375144,4.519604831511163,1.4600298453909326,6.512226037990811,1.9446417796993496,9.442549996223418e-07,0.027013482306436284,0.01969948319976388,0.6503578380215913,600816,True,0.8631523728371209,1.0886747353203332,0.5521334604458479,1.4827420929375144,1.4600298453909326,1.4827420929375144,4.519604831511163
simultaneous_eeg_nirs,simultaneous_eeg_nirs__prefrontal,8,0,0.0,paired,8,simultaneous_eeg_nirs__s08__r0__a0__paired,simultaneous_eeg_nirs__s08__r0__a0__paired,completed,0.0,True,stationary_feasible,23,11,3.6525915175446265e-06,237.99945936006964,1.3601580094530372,1.653195510900332,0.9833637292972965,0.4869561265614331,6.938893903907228e-18,True,4.020158156928098,4.020158156928098,1.4386861186840543,2.9317292428951416,10.024441106742358,3.354962626539309,7.839100348763415e-06,0.1765342652507886,0.012494944422629837,1.0763256590580568,594132,True,1.3601580094530372,1.653195510900332,0.9833637292972965,4.020158156928098,2.9317292428951416,4.020158156928098,1.4386861186840543
simultaneous_eeg_nirs,simultaneous_eeg_nirs__prefrontal,8,1,0.0,paired,8,simultaneous_eeg_nirs__s08__r1__a0__paired,simultaneous_eeg_nirs__s08__r1__a0__paired,completed,0.0,True,stationary_feasible,11,5,3.2624921700599427e-06,86.1777525371007,0.6744632293649035,0.8583933263045804,0.41588723578204123,0.3151493634556452,6.938893903907228e-18,True,1.0899447719853104,1.0899447719853104,1.2541964081020518,1.2950514518247638,5.004044801252391,1.5652078373778977,9.310090232271612e-07,0.02711051292153261,0.011957383924252083,0.5529727030079812,599956,True,0.6744632293649035,0.8583933263045804,0.41588723578204123,1.0899447719853104,1.2950514518247638,1.0899447719853104,1.2541964081020518
simultaneous_eeg_nirs,simultaneous_eeg_nirs__prefrontal,8,0,0.0,wrong_pair,8,simultaneous_eeg_nirs__s08__r0__a0__wrong_pair,simultaneous_eeg_nirs__s08__r0__a0__wrong_pair,completed,0.0,True,stationary_feasible,21,10,6.132002057638188e-06,199.70908347538162,1.309268431684038,1.363018386050275,1.2532152774753682,0.4370248010256528,1.3877787807814457e-17,True,4.028485267301615,4.028485267301615,1.504565808666019,2.9186325721617283,10.410071461299736,3.470298482566536,1.0870700559143153e-05,0.16760988132968607,0.005100275979395706,1.000737085007131,600004,True,1.309268431684038,1.363018386050275,1.2532152774753682,4.028485267301615,2.9186325721617283,4.028485267301615,1.504565808666019
simultaneous_eeg_nirs,simultaneous_eeg_nirs__prefrontal,8,1,0.0,wrong_pair,8,simultaneous_eeg_nirs__s08__r1__a0__wrong_pair,simultaneous_eeg_nirs__s08__r1__a0__wrong_pair,completed,0.0,True,stationary_feasible,15,7,6.827155222905254e-07,104.75110024341699,0.7529423468419552,1.0290973129188299,0.27350150982944527,0.3485160860192719,3.469446951953614e-18,True,1.1651860083572867,1.1651860083572867,0.8331499137917514,1.27348025122736,2.6617998110897076,0.8368431046868019,7.462524969041783e-07,0.02078264585813134,0.013630204934609957,0.7614387510111555,599984,True,0.7529423468419552,1.0290973129188299,0.27350150982944527,1.1651860083572867,1.27348025122736,1.1651860083572867,0.8331499137917514
simultaneous_eeg_nirs,simultaneous_eeg_nirs__prefrontal,8,0,0.0,Hb_only,8,simultaneous_eeg_nirs__s08__r0__a0__Hb_only,simultaneous_eeg_nirs__s08__r0__a0__Hb_only,completed,0.0,True,stationary_feasible,23,11,4.161247284957453e-06,143.2642513510866,2.25518464673278,0.9397366897748227,3.0477221880626795,0.466289932352485,6.938893903907228e-18,True,4.669975213226515,4.669975213226515,3.0122421430137827,2.9280068196820106,4.63674383946789,1.382418618995602,1.4311228686497799e-05,0.1307315296058638,0.034031747625308306,1.0701895190868527,599968,True,2.25518464673278,0.9397366897748227,3.0477221880626795,4.669975213226515,2.9280068196820106,4.669975213226515,3.0122421430137827
simultaneous_eeg_nirs,simultaneous_eeg_nirs__prefrontal,8,1,0.0,Hb_only,8,simultaneous_eeg_nirs__s08__r1__a0__Hb_only,simultaneous_eeg_nirs__s08__r1__a0__Hb_only,completed,0.0,True,stationary_feasible,11,5,3.057132836379502e-06,17.572376832559574,0.5145416088787066,0.44363296295497795,0.5767979964552259,0.17804198550266395,3.469446951953614e-18,True,0.8430251220047305,0.8430251220047305,2.3430107041703176,1.2801487758387893,2.571619997639301,0.6597293417745383,8.475636783032116e-07,0.03313285071622878,0.003188864560069905,0.5341771990060806,600004,True,0.5145416088787066,0.44363296295497795,0.5767979964552259,0.8430251220047305,1.2801487758387893,0.8430251220047305,2.3430107041703176
simultaneous_eeg_nirs,simultaneous_eeg_nirs__prefrontal,8,0,0.25,paired,8,simultaneous_eeg_nirs__s08__r0__a0.25__paired,simultaneous_eeg_nirs__s08__r0__a0.25__paired,completed,0.25000328108211206,True,stationary_feasible,21,10,9.683999718175536e-06,237.97616774267718,1.3586470704774225,1.653969233058611,0.9778698790377353,0.48643430696417633,6.938893903907228e-18,True,4.012201938772733,4.012201938772733,1.5157323565129432,2.9235104449936173,10.750804798574446,3.610848649990676,9.344962155018514e-06,0.17614556146260346,0.01238432620402479,1.0097822159295902,600004,True,1.3586470704774225,1.653969233058611,0.9778698790377353,4.012201938772733,2.9235104449936173,4.012201938772733,1.5157323565129432
simultaneous_eeg_nirs,simultaneous_eeg_nirs__prefrontal,8,1,0.25,paired,8,simultaneous_eeg_nirs__s08__r1__a0.25__paired,simultaneous_eeg_nirs__s08__r1__a0.25__paired,completed,0.2500000117749144,True,stationary_feasible,11,5,1.5608884137297758e-06,86.70575923436417,0.6734800496587041,0.8576998036253712,0.4141277598007416,0.31635336492321486,3.469446951953614e-18,True,1.071669077667382,1.071669077667382,1.210866742399336,1.2786273922739744,4.319413046307786,1.3236497219860797,8.244244524542447e-07,0.02642242023616791,0.01189088488054834,0.5710959190037102,600808,True,0.6734800496587041,0.8576998036253712,0.4141277598007416,1.071669077667382,1.2786273922739744,1.071669077667382,1.210866742399336
simultaneous_eeg_nirs,simultaneous_eeg_nirs__prefrontal,8,0,0.25,wrong_pair,8,simultaneous_eeg_nirs__s08__r0__a0.25__wrong_pair,simultaneous_eeg_nirs__s08__r0__a0.25__wrong_pair,completed,0.25000328108211206,True,stationary_feasible,21,10,5.195144932331965e-06,197.61798998662206,1.3059316162064394,1.1453787759332055,1.4488002733492555,0.4361254527968398,6.938893903907228e-18,True,4.006007139467442,4.006007139467442,1.3322480178318374,2.873737597362059,8.777695622881673,2.9041515768197126,1.109849720503293e-05,0.1618637125144474,0.004467588918821415,1.0324128379579633,599148,True,1.3059316162064394,1.1453787759332055,1.4488002733492555,4.006007139467442,2.873737597362059,4.006007139467442,1.3322480178318374
simultaneous_eeg_nirs,simultaneous_eeg_nirs__prefrontal,8,1,0.25,wrong_pair,8,simultaneous_eeg_nirs__s08__r1__a0.25__wrong_pair,simultaneous_eeg_nirs__s08__r1__a0.25__wrong_pair,completed,0.2500000117749144,True,stationary_feasible,15,7,3.502905174181196e-06,138.458403613429,1.05275488797318,1.3759628470291991,0.5686052689679779,0.4007905394593335,3.469446951953614e-18,True,1.371612560946086,1.371612560946086,0.9477378442586287,1.2672206090097897,4.631261319123514,1.4946228666073822,6.741370644866996e-07,0.019859105179250696,0.019707522029183164,0.7435576459392905,600000,True,1.05275488797318,1.3759628470291991,0.5686052689679779,1.371612560946086,1.2672206090097897,1.371612560946086,0.9477378442586287
simultaneous_eeg_nirs,simultaneous_eeg_nirs__prefrontal,8,0,0.25,Hb_only,8,simultaneous_eeg_nirs__s08__r0__a0.25__Hb_only,simultaneous_eeg_nirs__s08__r0__a0.25__Hb_only,completed,0.25000328108211206,True,stationary_feasible,23,11,3.525092985182488e-06,143.80788202380432,2.279758664416349,0.9258943140835848,3.08825498544251,0.46710936209595255,6.938893903907228e-18,True,4.6678711467782446,4.6678711467782446,3.301510325876981,2.908291016286221,5.099030475413816,1.5537680754757974,1.581768724796141e-05,0.12977870192558866,0.03486741120650136,1.1012473520822823,600004,True,2.279758664416349,0.9258943140835848,3.08825498544251,4.6678711467782446,2.908291016286221,4.6678711467782446,3.301510325876981
simultaneous_eeg_nirs,simultaneous_eeg_nirs__prefrontal,8,1,0.25,Hb_only,8,simultaneous_eeg_nirs__s08__r1__a0.25__Hb_only,simultaneous_eeg_nirs__s08__r1__a0.25__Hb_only,completed,0.2500000117749144,True,stationary_feasible,11,5,3.6511960048096443e-06,17.745843445754833,0.5386010957371213,0.5849093894087607,0.48791729508178544,0.17862896688512508,3.469446951953614e-18,True,0.8669815460343228,0.8669815460343228,2.1081085076636366,1.2761647552689686,2.8085823212680463,0.7406218415884123,8.715802420874561e-07,0.03128041599275941,0.004472210550047043,0.5698230529669672,600700,True,0.5386010957371213,0.5849093894087607,0.48791729508178544,0.8669815460343228,1.2761647552689686,0.8669815460343228,2.1081085076636366
simultaneous_eeg_nirs,simultaneous_eeg_nirs__prefrontal,8,0,0.5,paired,8,simultaneous_eeg_nirs__s08__r0__a0.5__paired,simultaneous_eeg_nirs__s08__r0__a0.5__paired,completed,0.5000098652795638,True,stationary_feasible,21,10,7.96394282468395e-06,238.34739376089397,1.35695296393501,1.654000453673854,0.9731008128198749,0.4862609107430938,6.938893903907228e-18,True,3.9999712866557644,3.9999712866557644,1.5704244360866353,2.9111861793439706,11.261997500836673,3.795135353280959,1.0882954676190693e-05,0.1755541264926906,0.012249009555275449,0.9941113999811932,601264,True,1.35695296393501,1.654000453673854,0.9731008128198749,3.9999712866557644,2.9111861793439706,3.9999712866557644,1.5704244360866353
simultaneous_eeg_nirs,simultaneous_eeg_nirs__prefrontal,8,1,0.5,paired,8,simultaneous_eeg_nirs__s08__r1__a0.5__paired,simultaneous_eeg_nirs__s08__r1__a0.5__paired,completed,0.4999799068782126,True,stationary_feasible,13,6,4.411387495101392e-06,87.77630877629696,0.6759079964271946,0.861306703791013,0.41455277260333084,0.31724998874756455,3.469446951953614e-18,True,1.0554581749905947,1.0554581749905947,1.187730112445072,1.262194215719607,3.9302379929649995,1.1931291821799646,7.234783220463856e-07,0.025696700602003634,0.011889760717225962,0.6448408960131928,600004,True,0.6759079964271946,0.861306703791013,0.41455277260333084,1.0554581749905947,1.262194215719607,1.0554581749905947,1.187730112445072
simultaneous_eeg_nirs,simultaneous_eeg_nirs__prefrontal,8,0,0.5,wrong_pair,8,simultaneous_eeg_nirs__s08__r0__a0.5__wrong_pair,simultaneous_eeg_nirs__s08__r0__a0.5__wrong_pair,completed,0.5000098652795638,True,stationary_feasible,21,10,4.4602693360176226e-06,204.28750643197688,1.3507546844619356,0.9597604479020052,1.651646547489707,0.44656115128290225,6.938893903907228e-18,True,3.9956255593320873,3.9956255593320873,1.1945983854351916,2.826866843646449,7.232266182422965,2.361887402428476,1.1065518805465746e-05,0.1562310002055748,0.008020530888817292,1.0477847990114242,600728,True,1.3507546844619356,0.9597604479020052,1.651646547489707,3.9956255593320873,2.826866843646449,3.9956255593320873,1.1945983854351916
simultaneous_eeg_nirs,simultaneous_eeg_nirs__prefrontal,8,1,0.5,wrong_pair,8,simultaneous_eeg_nirs__s08__r1__a0.5__wrong_pair,simultaneous_eeg_nirs__s08__r1__a0.5__wrong_pair,completed,0.4999799068782126,True,stationary_feasible,19,9,1.948367345002506e-06,254.3170989522347,1.4287818156339653,1.7762486893135256,0.9632110605078013,0.5451760073974175,6.938893903907228e-18,True,1.682169222139897,1.682169222139897,1.2530795566164967,1.2763417996080688,7.757986783022335,2.527649067284789,7.067015920103636e-07,0.024326352120113637,0.027191123264213395,0.945835683029145,600828,True,1.4287818156339653,1.7762486893135256,0.9632110605078013,1.682169222139897,1.2763417996080688,1.682169222139897,1.2530795566164967
simultaneous_eeg_nirs,simultaneous_eeg_nirs__prefrontal,8,0,0.5,Hb_only,8,simultaneous_eeg_nirs__s08__r0__a0.5__Hb_only,simultaneous_eeg_nirs__s08__r0__a0.5__Hb_only,completed,0.5000098652795638,True,stationary_feasible,21,10,9.397074460528084e-06,144.50052489264144,2.3225196882271306,0.9674035947172336,3.1388414565462637,0.46813291701434406,6.938893903907228e-18,True,4.673222544619557,4.673222544619557,3.581626962558076,2.8880381437009492,6.09970607032243,1.8906786245602876,1.7390714080889777e-05,0.12915567268258407,0.03612430992653034,0.9978216050658375,599956,True,2.3225196882271306,0.9674035947172336,3.1388414565462637,4.673222544619557,2.8880381437009492,4.673222544619557,3.581626962558076
simultaneous_eeg_nirs,simultaneous_eeg_nirs__prefrontal,8,1,0.5,Hb_only,8,simultaneous_eeg_nirs__s08__r1__a0.5__Hb_only,simultaneous_eeg_nirs__s08__r1__a0.5__Hb_only,completed,0.4999799068782126,True,stationary_feasible,11,5,4.215603085331855e-06,18.306734455263545,0.6347204001058468,0.7625582615880947,0.4735450034630242,0.1795710149842799,3.469446951953614e-18,True,0.9381268393430348,0.9381268393430348,1.878201086741725,1.27169662755035,3.8249792909371623,1.087143060484688,8.870659937633626e-07,0.029904436462546258,0.007893529291435416,0.5542368580354378,600004,True,0.6347204001058468,0.7625582615880947,0.4735450034630242,0.9381268393430348,1.27169662755035,0.9381268393430348,1.878201086741725
simultaneous_eeg_nirs,simultaneous_eeg_nirs__prefrontal,8,0,1.0,paired,8,simultaneous_eeg_nirs__s08__r0__a1__paired,simultaneous_eeg_nirs__s08__r0__a1__paired,completed,1.000003812438489,True,stationary_feasible,21,10,5.186216234370257e-06,240.47884099574176,1.3537640941757638,1.6529049834251375,0.9660536015808854,0.48734127116544096,6.938893903907228e-18,True,3.964185889529302,3.964185889529302,1.603932728266513,2.8760656887128064,11.59113993961928,3.929293223642496,1.371085274297335e-05,0.1738800879801772,0.01197173910672983,1.0269915239186957,598864,True,1.3537640941757638,1.6529049834251375,0.9660536015808854,3.964185889529302,2.8760656887128064,3.964185889529302,1.603932728266513
simultaneous_eeg_nirs,simultaneous_eeg_nirs__prefrontal,8,1,1.0,paired,8,simultaneous_eeg_nirs__s08__r1__a1__paired,simultaneous_eeg_nirs__s08__r1__a1__paired,completed,0.999998656336281,True,stationary_feasible,13,6,7.665747300610897e-06,91.56983662247947,0.6899416957586514,0.8779820572920003,0.42566018625889085,0.318365921805733,3.469446951953614e-18,True,1.034193994830149,1.034193994830149,1.2069723900140463,1.2364318779804606,4.318504576233735,1.3449611372464811,5.876614969145427e-07,0.024521475014304742,0.012047120697162612,0.7861183149507269,600816,True,0.6899416957586514,0.8779820572920003,0.42566018625889085,1.034193994830149,1.2364318779804606,1.034193994830149,1.2069723900140463
simultaneous_eeg_nirs,simultaneous_eeg_nirs__prefrontal,8,0,1.0,wrong_pair,8,simultaneous_eeg_nirs__s08__r0__a1__wrong_pair,simultaneous_eeg_nirs__s08__r0__a1__wrong_pair,completed,1.000003812438489,True,stationary_feasible,21,10,3.442858355708023e-06,243.30417082823703,1.5549807723122173,0.7684574464040813,2.0604377101935203,0.4963836721662667,6.938893903907228e-18,True,4.011910737092525,4.011910737092525,1.1625955306945428,2.7313644052621755,5.871555277707944,1.8741809980863853,1.0478000846083456e-05,0.14563378034752839,0.017151313959950145,1.0011578199919313,600540,True,1.5549807723122173,0.7684574464040813,2.0604377101935203,4.011910737092525,2.7313644052621755,4.011910737092525,1.1625955306945428
simultaneous_eeg_nirs,simultaneous_eeg_nirs__prefrontal,8,1,1.0,wrong_pair,8,simultaneous_eeg_nirs__s08__r1__a1__wrong_pair,simultaneous_eeg_nirs__s08__r1__a1__wrong_pair,completed,0.999998656336281,True,stationary_feasible,27,13,9.748304501975174e-06,735.2108958684049,2.307518283090109,2.6777587202922297,1.8651781388085078,0.9292475695717468,1.3877787807814457e-17,True,2.500616690448107,2.500616690448107,2.420584111474048,1.3420009604121634,17.081138847980608,5.688154097464667,1.3149774723136592e-06,0.0418580971648398,0.04438752780296081,1.2661791699938476,599136,True,2.307518283090109,2.6777587202922297,1.8651781388085078,2.500616690448107,1.3420009604121634,2.500616690448107,2.420584111474048
simultaneous_eeg_nirs,simultaneous_eeg_nirs__prefrontal,8,0,1.0,Hb_only,8,simultaneous_eeg_nirs__s08__r0__a1__Hb_only,simultaneous_eeg_nirs__s08__r0__a1__Hb_only,completed,1.000003812438489,True,stationary_feasible,21,10,7.097492422413861e-06,146.3827183734769,2.453511208633999,1.1808672768523767,3.2626656243391827,0.47095179824148814,6.938893903907228e-18,True,4.703526664977773,4.703526664977773,4.104386563874723,2.8464511667466983,8.899599157066728,2.802831625356366,2.0650526396274616e-05,0.12898637873677302,0.039623196313790965,0.9897991809993982,600004,True,2.453511208633999,1.1808672768523767,3.2626656243391827,4.703526664977773,2.8464511667466983,4.703526664977773,4.104386563874723
simultaneous_eeg_nirs,simultaneous_eeg_nirs__prefrontal,8,1,1.0,Hb_only,8,simultaneous_eeg_nirs__s08__r1__a1__Hb_only,simultaneous_eeg_nirs__s08__r1__a1__Hb_only,completed,0.999998656336281,True,stationary_feasible,11,5,4.772526213215606e-06,20.649805890542414,0.96022160379686,1.1721605253133314,0.6856316501545148,0.18258243240239985,3.469446951953614e-18,True,1.1951394447792556,1.1951394447792556,1.5340894055937362,1.2615687794279813,6.694135795480291,1.9985414598654352,8.90792731627868e-07,0.029172975703447568,0.01599646234108984,0.557173183071427,599996,True,0.96022160379686,1.1721605253133314,0.6856316501545148,1.1951394447792556,1.2615687794279813,1.1951394447792556,1.5340894055937362
simultaneous_eeg_nirs,simultaneous_eeg_nirs__prefrontal,9,0,0.0,paired,9,simultaneous_eeg_nirs__s09__r0__a0__paired,simultaneous_eeg_nirs__s09__r0__a0__paired,completed,0.0,True,stationary_feasible,19,9,4.085554792329283e-06,276.6950350702821,1.3041366430728867,1.429399774006122,1.1654874746997856,0.5424377099880116,1.3877787807814457e-17,True,2.8863137446592213,2.8863137446592213,1.731487790225871,1.9155375497018934,11.569119835258782,3.852221627522049,8.612833068939365e-06,0.10774914506841975,0.009979911645858083,0.9199132509529591,594128,True,1.3041366430728867,1.429399774006122,1.1654874746997856,2.8863137446592213,1.9155375497018934,2.8863137446592213,1.731487790225871
simultaneous_eeg_nirs,simultaneous_eeg_nirs__prefrontal,9,1,0.0,paired,9,simultaneous_eeg_nirs__s09__r1__a0__paired,simultaneous_eeg_nirs__s09__r1__a0__paired,completed,0.0,True,stationary_feasible,15,7,6.224242973144508e-07,105.24685779183334,0.7953217675604842,1.0001657446693104,0.5145307678857984,0.342619440947759,6.938893903907228e-18,True,1.6571690471941642,1.6571690471941642,1.1020087194995765,1.5559040331252725,5.8821188183116035,1.8985768666756782,9.76953490345641e-07,0.02113542661015174,0.022086424116151054,0.7436696690274402,600808,True,0.7953217675604842,1.0001657446693104,0.5145307678857984,1.6571690471941642,1.5559040331252725,1.6571690471941642,1.1020087194995765
simultaneous_eeg_nirs,simultaneous_eeg_nirs__prefrontal,9,0,0.0,wrong_pair,9,simultaneous_eeg_nirs__s09__r0__a0__wrong_pair,simultaneous_eeg_nirs__s09__r0__a0__wrong_pair,completed,0.0,True,stationary_feasible,19,9,9.324454639526229e-07,186.34301958903626,1.2719787388942405,1.1067390803731105,1.4180932382508729,0.4371242319276224,1.3877787807814457e-17,True,2.7869267288370656,2.7869267288370656,1.3654544147320682,1.7780712963503287,9.329767422269875,3.0960851036426127,8.284146574470566e-06,0.09555271643950555,0.012997734687804196,0.979868486057967,599984,True,1.2719787388942405,1.1067390803731105,1.4180932382508729,2.7869267288370656,1.7780712963503287,2.7869267288370656,1.3654544147320682
simultaneous_eeg_nirs,simultaneous_eeg_nirs__prefrontal,9,1,0.0,wrong_pair,9,simultaneous_eeg_nirs__s09__r1__a0__wrong_pair,simultaneous_eeg_nirs__s09__r1__a0__wrong_pair,completed,0.0,True,stationary_feasible,11,5,2.4460683360346395e-06,78.82422807163948,0.8626032593292318,1.1069393058324095,0.5126930262975019,0.2887876779404325,6.938893903907228e-18,True,1.7989886227143417,1.7989886227143417,1.1775034730884477,1.533251286155967,7.941392763947079,2.6241339037971994,1.134628412752279e-06,0.016817227257773612,0.025522596954410524,0.5724536359775811,600700,True,0.8626032593292318,1.1069393058324095,0.5126930262975019,1.7989886227143417,1.533251286155967,1.7989886227143417,1.1775034730884477
simultaneous_eeg_nirs,simultaneous_eeg_nirs__prefrontal,9,0,0.0,Hb_only,9,simultaneous_eeg_nirs__s09__r0__a0__Hb_only,simultaneous_eeg_nirs__s09__r0__a0__Hb_only,completed,0.0,True,stationary_feasible,17,8,4.060672933689051e-06,74.66693335733366,1.4798421224848182,0.6008718663739308,2.0046990834439598,0.33574114765393676,1.3877787807814457e-17,True,3.1026873333635465,3.1026873333635465,1.426987698382354,1.7825997909603923,2.384040717942159,0.6935806921190308,6.043604779097454e-06,0.08194119497442125,0.02445457322103662,0.8063030070625246,600820,True,1.4798421224848182,0.6008718663739308,2.0046990834439598,3.1026873333635465,1.7825997909603923,3.1026873333635465,1.426987698382354
simultaneous_eeg_nirs,simultaneous_eeg_nirs__prefrontal,9,1,0.0,Hb_only,9,simultaneous_eeg_nirs__s09__r1__a0__Hb_only,simultaneous_eeg_nirs__s09__r1__a0__Hb_only,completed,0.0,True,stationary_feasible,11,5,1.5231134436318229e-06,18.980296053600817,0.4738111810253239,0.34013743162498694,0.5773219189817601,0.16940450382477956,6.938893903907228e-18,True,1.1695909800689683,1.1695909800689683,1.0364976990237047,1.5336933311705785,3.0335530034628655,0.9388982322262858,9.882464363474053e-07,0.034953833544791986,0.009089315020577894,0.5360294199781492,600000,True,0.4738111810253239,0.34013743162498694,0.5773219189817601,1.1695909800689683,1.5336933311705785,1.1695909800689683,1.0364976990237047
simultaneous_eeg_nirs,simultaneous_eeg_nirs__prefrontal,9,0,0.25,paired,9,simultaneous_eeg_nirs__s09__r0__a0.25__paired,simultaneous_eeg_nirs__s09__r0__a0.25__paired,completed,0.2500006859494846,True,stationary_feasible,19,9,8.544239033626216e-06,275.5147053575349,1.304289873694582,1.4192088898303077,1.178214868464612,0.5383196814944596,1.3877787807814457e-17,True,2.886035278076698,2.886035278076698,1.8325453945040449,1.9118446741008976,12.468685922829613,4.1649276400567565,1.0239876829328667e-05,0.10734219443214973,0.010243948074169345,0.9409911909606308,600004,True,1.304289873694582,1.4192088898303077,1.178214868464612,2.886035278076698,1.9118446741008976,2.886035278076698,1.8325453945040449
simultaneous_eeg_nirs,simultaneous_eeg_nirs__prefrontal,9,1,0.25,paired,9,simultaneous_eeg_nirs__s09__r1__a0.25__paired,simultaneous_eeg_nirs__s09__r1__a0.25__paired,completed,0.2500001317566214,True,stationary_feasible,15,7,6.427123179931723e-07,105.09674675249876,0.7987009238707555,1.0029108444521493,0.5196308013044204,0.341926849027733,6.938893903907228e-18,True,1.6551677170684895,1.6551677170684895,1.1122537915769564,1.5528194434603428,6.007806776365093,1.9417958428140603,1.017490602898895e-06,0.021031633924951082,0.02211193854395258,0.7531369909411296,600004,True,0.7987009238707555,1.0029108444521493,0.5196308013044204,1.6551677170684895,1.5528194434603428,1.6551677170684895,1.1122537915769564
simultaneous_eeg_nirs,simultaneous_eeg_nirs__prefrontal,9,0,0.25,wrong_pair,9,simultaneous_eeg_nirs__s09__r0__a0.25__wrong_pair,simultaneous_eeg_nirs__s09__r0__a0.25__wrong_pair,completed,0.2500006859494846,True,stationary_feasible,19,9,2.7052387718452577e-06,206.25850321763656,1.3213025799578468,0.9806481777570735,1.5906005680459994,0.4615195809005306,1.3877787807814457e-17,True,2.793923528020046,2.793923528020046,1.4286135395358468,1.7370677608359153,10.032602817917882,3.3132027843661636,9.723926866204e-06,0.09054918502156822,0.016205019567500513,0.9131460210774094,594132,True,1.3213025799578468,0.9806481777570735,1.5906005680459994,2.793923528020046,1.7370677608359153,2.793923528020046,1.4286135395358468
simultaneous_eeg_nirs,simultaneous_eeg_nirs__prefrontal,9,1,0.25,wrong_pair,9,simultaneous_eeg_nirs__s09__r1__a0.25__wrong_pair,simultaneous_eeg_nirs__s09__r1__a0.25__wrong_pair,completed,0.2500001317566214,True,stationary_feasible,11,5,7.548030499471481e-06,96.70549395367698,1.072166994939645,1.343823502341197,0.7022980312027481,0.3239162896648214,6.938893903907228e-18,True,1.9700108897932014,1.9700108897932014,1.3491533076079,1.5337406855724105,9.248373260103707,3.033048511766591,1.1207974618076463e-06,0.014832187901952641,0.02965379846342566,0.5778199870837852,600004,True,1.072166994939645,1.343823502341197,0.7022980312027481,1.9700108897932014,1.5337406855724105,1.9700108897932014,1.3491533076079
simultaneous_eeg_nirs,simultaneous_eeg_nirs__prefrontal,9,0,0.25,Hb_only,9,simultaneous_eeg_nirs__s09__r0__a0.25__Hb_only,simultaneous_eeg_nirs__s09__r0__a0.25__Hb_only,completed,0.2500006859494846,True,stationary_feasible,17,8,3.818751137589911e-06,75.36242827016764,1.460061048935595,0.7464978477240997,1.9251746665123939,0.33721146392728646,1.3877787807814457e-17,True,3.046125265375354,3.046125265375354,1.4021583686330465,1.7680122529723687,3.177832914692151,0.9285458934470806,6.3649634478817335e-06,0.0831278390892153,0.02302739545712769,0.8125308459857479,599968,True,1.460061048935595,0.7464978477240997,1.9251746665123939,3.046125265375354,1.7680122529723687,3.046125265375354,1.4021583686330465
simultaneous_eeg_nirs,simultaneous_eeg_nirs__prefrontal,9,1,0.25,Hb_only,9,simultaneous_eeg_nirs__s09__r1__a0.25__Hb_only,simultaneous_eeg_nirs__s09__r1__a0.25__Hb_only,completed,0.2500001317566214,True,stationary_feasible,11,5,1.497101590729892e-06,19.024643508395744,0.48719681075481613,0.4610733980370729,0.5119890491425331,0.16959425171733372,3.469446951953614e-18,True,1.2260172815349708,1.2260172815349708,1.160922211433488,1.5276707795249953,3.836880786564767,1.1916678249176362,1.0094004325967801e-06,0.03326824234381905,0.011464106141076779,0.5695425829617307,600004,True,0.48719681075481613,0.4610733980370729,0.5119890491425331,1.2260172815349708,1.5276707795249953,1.2260172815349708,1.160922211433488
simultaneous_eeg_nirs,simultaneous_eeg_nirs__prefrontal,9,0,0.5,paired,9,simultaneous_eeg_nirs__s09__r0__a0.5__paired,simultaneous_eeg_nirs__s09__r0__a0.5__paired,completed,0.5000015023231916,True,stationary_feasible,21,10,8.347601694604798e-06,274.8211164900328,1.3047520340985626,1.4082908602434827,1.1922552553557246,0.53475564803659,6.938893903907228e-18,True,2.8855613839289456,2.8855613839289456,1.8967846844936622,1.9078667914214589,13.02941591629339,4.3616703869206495,1.17548204769152e-05,0.10692092233736532,0.010513738153396955,1.0409415699541569,599148,True,1.3047520340985626,1.4082908602434827,1.1922552553557246,2.8855613839289456,1.9078667914214589,2.8855613839289456,1.8967846844936622
simultaneous_eeg_nirs,simultaneous_eeg_nirs__prefrontal,9,1,0.5,paired,9,simultaneous_eeg_nirs__s09__r1__a0.5__paired,simultaneous_eeg_nirs__s09__r1__a0.5__paired,completed,0.5000002204899928,True,stationary_feasible,15,7,6.476331960792826e-07,105.13290319614106,0.8021517566376747,1.0059004465047985,0.5244608403639512,0.3413151538878559,6.938893903907228e-18,True,1.6523972103331224,1.6523972103331224,1.1169001225160489,1.5490382357717911,6.065639889972269,1.9633201551694803,1.0512593097821893e-06,0.020897727047954482,0.022136814248723033,0.7288358139339834,599996,True,0.8021517566376747,1.0059004465047985,0.5244608403639512,1.6523972103331224,1.5490382357717911,1.6523972103331224,1.1169001225160489
simultaneous_eeg_nirs,simultaneous_eeg_nirs__prefrontal,9,0,0.5,wrong_pair,9,simultaneous_eeg_nirs__s09__r0__a0.5__wrong_pair,simultaneous_eeg_nirs__s09__r0__a0.5__wrong_pair,completed,0.5000015023231916,True,stationary_feasible,21,10,4.517926501141998e-06,254.39656913094225,1.4632064582808917,0.9839700278751621,1.820370639005468,0.514056886444778,1.3877787807814457e-17,True,2.853608353948329,2.853608353948329,1.6333500858166328,1.7002714757339457,11.874237455860998,3.909555290777144,1.220255479531349e-05,0.08655218409712338,0.021349563622079935,1.0307580990483984,600004,True,1.4632064582808917,0.9839700278751621,1.820370639005468,2.853608353948329,1.7002714757339457,2.853608353948329,1.6333500858166328
simultaneous_eeg_nirs,simultaneous_eeg_nirs__prefrontal,9,1,0.5,wrong_pair,9,simultaneous_eeg_nirs__s09__r1__a0.5__wrong_pair,simultaneous_eeg_nirs__s09__r1__a0.5__wrong_pair,completed,0.5000002204899928,True,stationary_feasible,15,7,1.3476453399127077e-06,144.2879209841816,1.3100878417114303,1.605282392528511,0.9250560773478367,0.40204263169387466,6.938893903907228e-18,True,2.1639600602738653,2.1639600602738653,1.5709195530510673,1.5346105966001387,10.794564591036613,3.5036092616547423,1.1043092370765933e-06,0.016150494189416793,0.03416135980529325,0.7782891419483349,600828,True,1.3100878417114303,1.605282392528511,0.9250560773478367,2.1639600602738653,1.5346105966001387,2.1639600602738653,1.5709195530510673
simultaneous_eeg_nirs,simultaneous_eeg_nirs__prefrontal,9,0,0.5,Hb_only,9,simultaneous_eeg_nirs__s09__r0__a0.5__Hb_only,simultaneous_eeg_nirs__s09__r0__a0.5__Hb_only,completed,0.5000015023231916,True,stationary_feasible,17,8,3.6080663668423637e-06,76.22517886311002,1.4781406995301287,0.9430888170860597,1.8655785532381246,0.3388711970254326,1.3877787807814457e-17,True,3.0068876782599028,3.0068876782599028,1.433555985021684,1.754183374658089,4.892387476457994,1.4443230795047552,6.688928814487195e-06,0.08485615493592917,0.022403901386058814,0.8551457580178976,600816,True,1.4781406995301287,0.9430888170860597,1.8655785532381246,3.0068876782599028,1.754183374658089,3.0068876782599028,1.433555985021684
simultaneous_eeg_nirs,simultaneous_eeg_nirs__prefrontal,9,1,0.5,Hb_only,9,simultaneous_eeg_nirs__s09__r1__a0.5__Hb_only,simultaneous_eeg_nirs__s09__r1__a0.5__Hb_only,completed,0.5000002204899928,True,stationary_feasible,11,5,1.4598202535284152e-06,19.14608686312163,0.614197043274119,0.6714648363070601,0.5510090648405641,0.16987874600418537,3.469446951953614e-18,True,1.327816948883611,1.327816948883611,1.3664912967876033,1.521563934144939,5.327465312047353,1.6539847286934732,1.0294283528482842e-06,0.03278539564521126,0.015076928532302362,0.5360454639885575,601264,True,0.614197043274119,0.6714648363070601,0.5510090648405641,1.327816948883611,1.521563934144939,1.327816948883611,1.3664912967876033
simultaneous_eeg_nirs,simultaneous_eeg_nirs__prefrontal,9,0,1.0,paired,9,simultaneous_eeg_nirs__s09__r0__a1__paired,simultaneous_eeg_nirs__s09__r0__a1__paired,completed,0.9999991543362057,True,stationary_feasible,23,11,4.605999578245636e-06,275.3169508233116,1.306398874381817,1.3871636378961314,1.2203004055030573,0.5302624765032697,1.3877787807814457e-17,True,2.882704023160277,2.882704023160277,1.9196120625268038,1.8988563352966816,13.2136633766077,4.433428749670116,1.4081802287570823e-05,0.10605831901032094,0.011010830532065946,1.1428275030339137,600728,True,1.306398874381817,1.3871636378961314,1.2203004055030573,2.882704023160277,1.8988563352966816,2.882704023160277,1.9196120625268038
simultaneous_eeg_nirs,simultaneous_eeg_nirs__prefrontal,9,1,1.0,paired,9,simultaneous_eeg_nirs__s09__r1__a1__paired,simultaneous_eeg_nirs__s09__r1__a1__paired,completed,0.9999844958866367,True,stationary_feasible,15,7,5.911116862771181e-07,105.77123376294004,0.8086259484442726,1.0124718477088823,0.531650831459672,0.340379100415062,6.938893903907228e-18,True,1.6444708368078542,1.6444708368078542,1.1086534694932997,1.5392960648012397,5.971874783045986,1.9406780034081967,1.0948413177796497e-06,0.020518016965786305,0.022184704672935453,0.765551054966636,600700,True,0.8086259484442726,1.0124718477088823,0.531650831459672,1.6444708368078542,1.5392960648012397,1.6444708368078542,1.1086534694932997
simultaneous_eeg_nirs,simultaneous_eeg_nirs__prefrontal,9,0,1.0,wrong_pair,9,simultaneous_eeg_nirs__s09__r0__a1__wrong_pair,simultaneous_eeg_nirs__s09__r0__a1__wrong_pair,completed,0.9999991543362057,True,stationary_feasible,27,13,4.717772340104143e-06,433.2652717146512,1.9619777930068583,1.3686286186580299,2.413621640749506,0.6713093522855722,1.3877787807814457e-17,True,3.1359550516071,3.1359550516071,2.302599574828651,1.6403233590663118,17.479607465840875,5.7997784475132645,2.2354648667600133e-05,0.08222449437361545,0.03441919983435823,1.242863217019476,600000,True,1.9619777930068583,1.3686286186580299,2.413621640749506,3.1359550516071,1.6403233590663118,3.1359550516071,2.302599574828651
simultaneous_eeg_nirs,simultaneous_eeg_nirs__prefrontal,9,1,1.0,wrong_pair,9,simultaneous_eeg_nirs__s09__r1__a1__wrong_pair,simultaneous_eeg_nirs__s09__r1__a1__wrong_pair,completed,0.9999844958866367,True,stationary_feasible,19,9,2.54829287593005e-06,328.52029810651385,1.821573621045577,2.1623218118058447,1.400223302179649,0.6169388414246522,6.938893903907228e-18,True,2.5962978348436003,2.5962978348436003,2.095480447077018,1.537379373711543,14.250494075704964,4.5345433974195375,1.0614590865530638e-06,0.025495596039109985,0.04376096791929703,0.9220957329962403,600808,True,1.821573621045577,2.1623218118058447,1.400223302179649,2.5962978348436003,1.537379373711543,2.5962978348436003,2.095480447077018
simultaneous_eeg_nirs,simultaneous_eeg_nirs__prefrontal,9,0,1.0,Hb_only,9,simultaneous_eeg_nirs__s09__r0__a1__Hb_only,simultaneous_eeg_nirs__s09__r0__a1__Hb_only,completed,0.9999991543362057,True,stationary_feasible,17,8,3.3004014723434062e-06,78.48444037411895,1.6199614085409042,1.4011906679179105,1.8125161081941925,0.34284171621696735,6.938893903907228e-18,True,2.9823739794845316,2.9823739794845316,1.6508008000756191,1.729014065413833,8.94864286584531,2.6416170328516357,7.330256341591616e-06,0.08984084579466857,0.023722994964426623,0.806830539018847,599956,True,1.6199614085409042,1.4011906679179105,1.8125161081941925,2.9823739794845316,1.729014065413833,2.9823739794845316,1.6508008000756191
simultaneous_eeg_nirs,simultaneous_eeg_nirs__prefrontal,9,1,1.0,Hb_only,9,simultaneous_eeg_nirs__s09__r1__a1__Hb_only,simultaneous_eeg_nirs__s09__r1__a1__Hb_only,completed,0.9999844958866367,True,stationary_feasible,11,5,1.3836128368542278e-06,19.61414842344031,1.0177046748405407,1.162843382363127,0.8480807028100947,0.17072357407777417,1.734723475976807e-18,True,1.6293551315227628,1.6293551315227628,1.9118870210358458,1.5091025675865708,8.957821516400552,2.7755332631649923,1.0662413920210059e-06,0.03555964794251705,0.02364700124444021,0.5374234919436276,600540,True,1.0177046748405407,1.162843382363127,0.8480807028100947,1.6293551315227628,1.5091025675865708,1.6293551315227628,1.9118870210358458
simultaneous_eeg_nirs,simultaneous_eeg_nirs__prefrontal,10,0,0.0,paired,10,simultaneous_eeg_nirs__s10__r0__a0__paired,simultaneous_eeg_nirs__s10__r0__a0__paired,completed,0.0,True,stationary_feasible,15,7,6.176339700446759e-06,85.6838700167095,0.5437292357924339,0.6527439599318616,0.4064582223098959,0.30899628735621776,3.469446951953614e-18,True,1.2657589486898881,1.2657589486898881,0.8137949654858886,1.1602879685220298,3.4016057634531824,1.073465414356641,1.3457416698429532e-06,0.04512231476184061,0.005970932802789452,0.7479715519584715,598864,True,0.5437292357924339,0.6527439599318616,0.4064582223098959,1.2657589486898881,1.1602879685220298,1.2657589486898881,0.8137949654858886
simultaneous_eeg_nirs,simultaneous_eeg_nirs__prefrontal,10,1,0.0,paired,10,simultaneous_eeg_nirs__s10__r1__a0__paired,simultaneous_eeg_nirs__s10__r1__a0__paired,completed,0.0,True,stationary_feasible,19,9,8.862563194897767e-07,222.93687052748598,0.5663908471108067,0.6614094736104019,0.45181267312925766,0.5100348778357083,6.938893903907228e-18,True,0.7556865741407427,0.7556865741407427,1.075704320658079,0.41907683554357406,3.2562753448691772,1.0259813828350255,4.2033875990100254e-08,0.013007425801852294,0.01440361444976109,0.8919121450744569,600004,True,0.5663908471108067,0.6614094736104019,0.45181267312925766,0.7556865741407427,0.41907683554357406,0.7556865741407427,1.075704320658079
simultaneous_eeg_nirs,simultaneous_eeg_nirs__prefrontal,10,0,0.0,wrong_pair,10,simultaneous_eeg_nirs__s10__r0__a0__wrong_pair,simultaneous_eeg_nirs__s10__r0__a0__wrong_pair,completed,0.0,True,stationary_feasible,15,7,2.9640016973010466e-06,90.41686144754091,0.6448799263766265,0.3660764702994027,0.8353012970061623,0.3152491238134183,3.469446951953614e-18,True,1.545693719490426,1.545693719490426,1.1270985057742502,1.1425989047388947,5.824152663736299,1.90754897736155,1.2010602483988166e-06,0.03430466568666803,0.016075797962273382,0.7451477639842778,600004,True,0.6448799263766265,0.3660764702994027,0.8353012970061623,1.545693719490426,1.1425989047388947,1.545693719490426,1.1270985057742502
simultaneous_eeg_nirs,simultaneous_eeg_nirs__prefrontal,10,1,0.0,wrong_pair,10,simultaneous_eeg_nirs__s10__r1__a0__wrong_pair,simultaneous_eeg_nirs__s10__r1__a0__wrong_pair,completed,0.0,True,stationary_feasible,15,7,1.1822831323384827e-06,81.43763156099783,0.29401320474249104,0.35981369786163747,0.2083785784504592,0.30591632404794583,3.469446951953614e-18,True,0.5258063838678122,0.5258063838678122,0.8245378227830614,0.3944070171758142,4.571889891427372,1.4624641048961715,2.384180649221292e-08,0.010805149291971875,0.010241128338556966,0.7465133689111099,594128,True,0.29401320474249104,0.35981369786163747,0.2083785784504592,0.5258063838678122,0.3944070171758142,0.5258063838678122,0.8245378227830614
simultaneous_eeg_nirs,simultaneous_eeg_nirs__prefrontal,10,0,0.0,Hb_only,10,simultaneous_eeg_nirs__s10__r0__a0__Hb_only,simultaneous_eeg_nirs__s10__r0__a0__Hb_only,completed,0.0,True,stationary_feasible,15,7,8.071142074389218e-06,42.99272333802404,0.9188502955834704,1.1468105869972336,0.6110623609245804,0.2786488167589792,3.469446951953614e-18,True,1.2840947102559828,1.2840947102559828,1.5755956640136544,1.1927402596475256,3.441976349683229,1.0758794548963624,1.7192291253996993e-06,0.059160048725542695,0.009662715072373117,0.7281993319047615,600820,True,0.9188502955834704,1.1468105869972336,0.6110623609245804,1.2840947102559828,1.1927402596475256,1.2840947102559828,1.5755956640136544
simultaneous_eeg_nirs,simultaneous_eeg_nirs__prefrontal,10,1,0.0,Hb_only,10,simultaneous_eeg_nirs__s10__r1__a0__Hb_only,simultaneous_eeg_nirs__s10__r1__a0__Hb_only,completed,0.0,True,stationary_feasible,7,3,1.896431546089996e-06,3.4518744841781013,0.3122302553248097,0.35799689278221575,0.2584834413239472,0.07284708953072537,1.734723475976807e-18,True,0.3425088982475815,0.3425088982475815,1.5979764730467474,0.37418966665318226,1.849480594679231,0.4768515037371413,9.39856053914974e-08,0.01201156579697336,0.006627941266518852,0.3797718030400574,600004,True,0.3122302553248097,0.35799689278221575,0.2584834413239472,0.3425088982475815,0.37418966665318226,0.3425088982475815,1.5979764730467474
simultaneous_eeg_nirs,simultaneous_eeg_nirs__prefrontal,10,0,0.25,paired,10,simultaneous_eeg_nirs__s10__r0__a0.25__paired,simultaneous_eeg_nirs__s10__r0__a0.25__paired,completed,0.25001635504081754,True,stationary_feasible,15,7,6.11939161352823e-06,87.42648971284295,0.5385306690715154,0.6463230962648442,0.402861040925842,0.31031754448606064,3.469446951953614e-18,True,1.2280255896644368,1.2280255896644368,0.7571237647479901,1.1296643952227539,2.5221545238889664,0.7818336477087104,1.15234955443479e-06,0.043428996933669896,0.005992267308702232,0.7607347400626168,600004,True,0.5385306690715154,0.6463230962648442,0.402861040925842,1.2280255896644368,1.1296643952227539,1.2280255896644368,0.7571237647479901
simultaneous_eeg_nirs,simultaneous_eeg_nirs__prefrontal,10,1,0.25,paired,10,simultaneous_eeg_nirs__s10__r1__a0.25__paired,simultaneous_eeg_nirs__s10__r1__a0.25__paired,completed,0.2500189060652435,True,stationary_feasible,19,9,8.386799659388345e-07,223.0194913463644,0.5683522553207786,0.6627415938238223,0.45477703555950455,0.5098397268485476,6.938893903907228e-18,True,0.7569060590106711,0.7569060590106711,1.0933695976133164,0.4199510692111519,3.5420154735335574,1.1255314395250642,4.37021171709936e-08,0.012934121999804774,0.014413186094291274,0.9435079329414293,599984,True,0.5683522553207786,0.6627415938238223,0.45477703555950455,0.7569060590106711,0.4199510692111519,0.7569060590106711,1.0933695976133164
simultaneous_eeg_nirs,simultaneous_eeg_nirs__prefrontal,10,0,0.25,wrong_pair,10,simultaneous_eeg_nirs__s10__r0__a0.25__wrong_pair,simultaneous_eeg_nirs__s10__r0__a0.25__wrong_pair,completed,0.25001635504081754,True,stationary_feasible,13,6,7.480119307015537e-06,142.72243435260916,0.8137475892928853,0.614246685800417,0.9731758767782771,0.40288003496142377,3.469446951953614e-18,True,1.6448849291939307,1.6448849291939307,1.2546240667747062,1.0647070198116642,6.626230623709664,2.094248141032044,8.988836116205182e-07,0.03135994538506046,0.02120139322087126,0.653684843913652,599136,True,0.8137475892928853,0.614246685800417,0.9731758767782771,1.6448849291939307,1.0647070198116642,1.6448849291939307,1.2546240667747062
simultaneous_eeg_nirs,simultaneous_eeg_nirs__prefrontal,10,1,0.25,wrong_pair,10,simultaneous_eeg_nirs__s10__r1__a0.25__wrong_pair,simultaneous_eeg_nirs__s10__r1__a0.25__wrong_pair,completed,0.2500189060652435,True,stationary_feasible,15,7,3.7216914663954556e-06,113.37286240462994,0.46113371156685806,0.5255213528584741,0.3861552894583365,0.3598110734757483,3.469446951953614e-18,True,0.7458257606508494,0.7458257606508494,1.0393532668675987,0.3996038986253494,6.683293300411745,2.1596568525383675,1.1678221593402445e-08,0.01572356092761471,0.014489781865885726,0.7279792209155858,601264,True,0.46113371156685806,0.5255213528584741,0.3861552894583365,0.7458257606508494,0.3996038986253494,0.7458257606508494,1.0393532668675987
simultaneous_eeg_nirs,simultaneous_eeg_nirs__prefrontal,10,0,0.25,Hb_only,10,simultaneous_eeg_nirs__s10__r0__a0.25__Hb_only,simultaneous_eeg_nirs__s10__r0__a0.25__Hb_only,completed,0.25001635504081754,True,stationary_feasible,15,7,7.998086844645433e-06,43.986870083188066,0.6910870777057891,0.8980142424530192,0.3857111850794385,0.2815250708291962,3.469446951953614e-18,True,1.2425205031784834,1.2425205031784834,2.8397136238646703,1.1615515070537035,4.061359043736118,1.258458043287169,1.5099849440509511e-06,0.05189136697304647,0.007277960175112217,0.7494572469731793,600004,True,0.6910870777057891,0.8980142424530192,0.3857111850794385,1.2425205031784834,1.1615515070537035,1.2425205031784834,2.8397136238646703
simultaneous_eeg_nirs,simultaneous_eeg_nirs__prefrontal,10,1,0.25,Hb_only,10,simultaneous_eeg_nirs__s10__r1__a0.25__Hb_only,simultaneous_eeg_nirs__s10__r1__a0.25__Hb_only,completed,0.2500189060652435,True,stationary_feasible,7,3,4.54484273693779e-06,3.579301504502679,0.2834601856992371,0.33769608368314935,0.21601089976747787,0.07301371256070927,1.734723475976807e-18,True,0.3708704620056356,0.3708704620056356,1.950335614288367,0.3736069048566642,2.4555298538528616,0.6818653729426148,9.002669223900748e-08,0.012650630089296544,0.0071347812873020335,0.3817854829831049,599968,True,0.2834601856992371,0.33769608368314935,0.21601089976747787,0.3708704620056356,0.3736069048566642,0.3708704620056356,1.950335614288367
simultaneous_eeg_nirs,simultaneous_eeg_nirs__prefrontal,10,0,0.5,paired,10,simultaneous_eeg_nirs__s10__r0__a0.5__paired,simultaneous_eeg_nirs__s10__r0__a0.5__paired,completed,0.5000208636695047,True,stationary_feasible,15,7,6.1798472896625505e-06,90.82544049427733,0.5307019023949376,0.6370558501580461,0.39679826384527067,0.3114858480408999,3.469446951953614e-18,True,1.190806053642499,1.190806053642499,0.7317617524278333,1.0983978717911183,2.0255575920378335,0.6132778666613526,9.844829135831396e-07,0.041649296378678556,0.006041640593943715,0.7311358869774267,594132,True,0.5307019023949376,0.6370558501580461,0.39679826384527067,1.190806053642499,1.0983978717911183,1.190806053642499,0.7317617524278333
simultaneous_eeg_nirs,simultaneous_eeg_nirs__prefrontal,10,1,0.5,paired,10,simultaneous_eeg_nirs__s10__r1__a0.5__paired,simultaneous_eeg_nirs__s10__r1__a0.5__paired,completed,0.5000475189463693,True,stationary_feasible,15,7,8.569556141897844e-06,223.33644529435756,0.5709954000271775,0.6647071715601851,0.4585148523012658,0.5095963264450126,3.469446951953614e-18,True,0.7583390054393303,0.7583390054393303,1.1094195636197557,0.4204783218051773,3.7911911728536922,1.2134578624501222,4.450520662286637e-08,0.012899724010493791,0.014431514703655259,0.7318695520516485,599996,True,0.5709954000271775,0.6647071715601851,0.4585148523012658,0.7583390054393303,0.4204783218051773,0.7583390054393303,1.1094195636197557
simultaneous_eeg_nirs,simultaneous_eeg_nirs__prefrontal,10,0,0.5,wrong_pair,10,simultaneous_eeg_nirs__s10__r0__a0.5__wrong_pair,simultaneous_eeg_nirs__s10__r0__a0.5__wrong_pair,completed,0.5000208636695047,True,stationary_feasible,19,9,3.525259230568941e-06,274.06864803194725,1.1468032473636458,1.0575046020223153,1.2296338451056195,0.5639521253685847,6.938893903907228e-18,True,1.8406517108139353,1.8406517108139353,1.658933988142845,0.9757640716050386,9.318672189142012,2.8170254187849224,5.845345284027275e-07,0.03358105531028592,0.028098581214259653,0.8984224390005693,600540,True,1.1468032473636458,1.0575046020223153,1.2296338451056195,1.8406517108139353,0.9757640716050386,1.8406517108139353,1.658933988142845
simultaneous_eeg_nirs,simultaneous_eeg_nirs__prefrontal,10,1,0.5,wrong_pair,10,simultaneous_eeg_nirs__s10__r1__a0.5__wrong_pair,simultaneous_eeg_nirs__s10__r1__a0.5__wrong_pair,completed,0.5000475189463693,True,stationary_feasible,19,9,6.937886380487678e-07,179.43391588102335,0.7331430830784632,0.7870261102781919,0.6749721937027985,0.45299064719592713,6.938893903907228e-18,True,1.0152435666053372,1.0152435666053372,1.3120379040268786,0.4070292137462037,9.101352631273395,2.9579486740148004,2.886956698335443e-10,0.02221296874034595,0.019667065117863997,0.9605132550932467,600828,True,0.7331430830784632,0.7870261102781919,0.6749721937027985,1.0152435666053372,0.4070292137462037,1.0152435666053372,1.3120379040268786
simultaneous_eeg_nirs,simultaneous_eeg_nirs__prefrontal,10,0,0.5,Hb_only,10,simultaneous_eeg_nirs__s10__r0__a0.5__Hb_only,simultaneous_eeg_nirs__s10__r0__a0.5__Hb_only,completed,0.5000208636695047,True,stationary_feasible,15,7,8.054093757330912e-06,45.79226388849735,0.5838952840858843,0.7411701282391,0.36405253269481197,0.28495075824147226,3.469446951953614e-18,True,1.2905306686097473,1.2905306686097473,4.20435944798012,1.1294982052741238,5.567484024141444,1.6855344446132527,1.3147193989193958e-06,0.04535607705530987,0.009994145174587542,0.7527708349516615,600004,True,0.5838952840858843,0.7411701282391,0.36405253269481197,1.2905306686097473,1.1294982052741238,1.2905306686097473,4.20435944798012
simultaneous_eeg_nirs,simultaneous_eeg_nirs__prefrontal,10,1,0.5,Hb_only,10,simultaneous_eeg_nirs__s10__r1__a0.5__Hb_only,simultaneous_eeg_nirs__s10__r1__a0.5__Hb_only,completed,0.5000475189463693,True,stationary_feasible,7,3,7.244707146379429e-06,3.797628130297671,0.36070760459630163,0.41558078059291415,0.2958252302103185,0.07328638671013936,4.336808689942018e-19,True,0.473460959795698,0.473460959795698,2.3116733369102804,0.3731167950826321,3.6615096498963933,1.0839931472004312,8.60592102109422e-08,0.014833606731263932,0.009073964708024886,0.39711416605859995,600816,True,0.36070760459630163,0.41558078059291415,0.2958252302103185,0.473460959795698,0.3731167950826321,0.473460959795698,2.3116733369102804
simultaneous_eeg_nirs,simultaneous_eeg_nirs__prefrontal,10,0,1.0,paired,10,simultaneous_eeg_nirs__s10__r0__a1__paired,simultaneous_eeg_nirs__s10__r0__a1__paired,completed,0.9999922440829195,True,stationary_feasible,15,7,6.050855639312574e-06,103.1278962330769,0.5118740406948484,0.6155285128035326,0.38099175450449624,0.3134376567863457,3.469446951953614e-18,True,1.1283681277981121,1.1283681277981121,0.7636703560291955,1.0434919415546244,2.6201680136596335,0.7901664770591023,7.62005516645699e-07,0.03840268504768615,0.006215054239828319,0.7815890609053895,600700,True,0.5118740406948484,0.6155285128035326,0.38099175450449624,1.1283681277981121,1.0434919415546244,1.1283681277981121,0.7636703560291955
simultaneous_eeg_nirs,simultaneous_eeg_nirs__prefrontal,10,1,1.0,paired,10,simultaneous_eeg_nirs__s10__r1__a1__paired,simultaneous_eeg_nirs__s10__r1__a1__paired,completed,0.9999828065753509,True,stationary_feasible,19,9,7.664724403697364e-07,224.67852554013822,0.5773580204082815,0.6697259776112231,0.46706710692600767,0.509078365183107,3.469446951953614e-18,True,0.7613079506975046,0.7613079506975046,1.1324145158535577,0.42063019241587696,4.133037456065766,1.3387583646925396,4.35311764130064e-08,0.012927044282127539,0.014482049940462175,0.9408792729955167,599148,True,0.5773580204082815,0.6697259776112231,0.46706710692600767,0.7613079506975046,0.42063019241587696,0.7613079506975046,1.1324145158535577
simultaneous_eeg_nirs,simultaneous_eeg_nirs__prefrontal,10,0,1.0,wrong_pair,10,simultaneous_eeg_nirs__s10__r0__a1__wrong_pair,simultaneous_eeg_nirs__s10__r0__a1__wrong_pair,completed,0.9999922440829195,True,stationary_feasible,23,11,8.520723692841627e-06,782.1201495770572,1.9201489396532985,1.9908082306684693,1.8467881550427088,0.9560598876593411,1.3877787807814457e-17,True,2.4023676633756383,2.4023676633756383,3.0347654882753807,0.7900711683773083,18.679775557545742,5.410997289633785,1.689518180962227e-07,0.050052169135569466,0.043119497797996995,1.0891241629142314,599956,True,1.9201489396532985,1.9908082306684693,1.8467881550427088,2.4023676633756383,0.7900711683773083,2.4023676633756383,3.0347654882753807
simultaneous_eeg_nirs,simultaneous_eeg_nirs__prefrontal,10,1,1.0,wrong_pair,10,simultaneous_eeg_nirs__s10__r1__a1__wrong_pair,simultaneous_eeg_nirs__s10__r1__a1__wrong_pair,completed,0.9999828065753509,True,stationary_feasible,19,9,5.943135623151804e-06,410.7763747891603,1.3382197104653621,1.379379590941782,1.2957530362878869,0.6875482870944006,6.938893903907228e-18,True,1.6035862005162504,1.6035862005162504,1.9174571779484861,0.4275675964708623,14.122742848474179,4.643769472789386,2.0529650356963768e-08,0.036609319953211726,0.030944207332408626,0.951866953051649,598864,True,1.3382197104653621,1.379379590941782,1.2957530362878869,1.6035862005162504,0.4275675964708623,1.6035862005162504,1.9174571779484861
simultaneous_eeg_nirs,simultaneous_eeg_nirs__prefrontal,10,0,1.0,Hb_only,10,simultaneous_eeg_nirs__s10__r0__a1__Hb_only,simultaneous_eeg_nirs__s10__r0__a1__Hb_only,completed,0.9999922440829195,True,stationary_feasible,15,7,7.061957470092004e-06,52.21886932219169,0.8922632855618379,0.9144203473113877,0.8695418160997967,0.29352149448784987,3.469446951953614e-18,True,1.6209569037307514,1.6209569037307512,6.953036697325746,1.062844689098753,9.558993592820041,2.808091699181646,9.66674053461984e-07,0.036547182242825646,0.02171503646018911,0.7288836350198835,599968,True,0.8922632855618379,0.9144203473113877,0.8695418160997967,1.6209569037307514,1.062844689098753,1.6209569037307512,6.953036697325746
simultaneous_eeg_nirs,simultaneous_eeg_nirs__prefrontal,10,1,1.0,Hb_only,10,simultaneous_eeg_nirs__s10__r1__a1__Hb_only,simultaneous_eeg_nirs__s10__r1__a1__Hb_only,completed,0.9999828065753509,True,stationary_feasible,9,4,2.1735624577663868e-07,4.487346063282647,0.6566463877714753,0.7141013928443294,0.5936565992932633,0.07411644926136218,8.673617379884035e-19,True,0.7727092137270266,0.7727092137270266,3.043709095391021,0.372405224718851,6.474785619854129,2.013519614289184,7.82700107437125e-08,0.02180145951558087,0.014780689213390392,0.47544832003768533,600004,True,0.6566463877714753,0.7141013928443294,0.5936565992932633,0.7727092137270266,0.372405224718851,0.7727092137270266,3.043709095391021
simultaneous_eeg_nirs,simultaneous_eeg_nirs__prefrontal,11,0,0.0,paired,11,simultaneous_eeg_nirs__s11__r0__a0__paired,simultaneous_eeg_nirs__s11__r0__a0__paired,completed,0.0,True,stationary_feasible,19,9,3.5014178168148117e-06,208.3258866705502,0.9409705346910964,0.9147422122190729,0.9664873405783712,0.4817265619272618,6.938893903907228e-18,True,1.3265933750511054,1.3265933750511054,1.6995264999940707,0.8751226972582037,12.748768344249084,4.314016049112813,3.361436941018604e-07,0.03896540660368293,0.026287425396908676,0.9273056380916387,600004,True,0.9409705346910964,0.9147422122190729,0.9664873405783712,1.3265933750511054,0.8751226972582037,1.3265933750511054,1.6995264999940707
simultaneous_eeg_nirs,simultaneous_eeg_nirs__prefrontal,11,1,0.0,paired,11,simultaneous_eeg_nirs__s11__r1__a0__paired,simultaneous_eeg_nirs__s11__r1__a0__paired,completed,0.0,True,stationary_feasible,13,6,2.9572336681862414e-06,48.92477084827878,0.4437894200834882,0.4375482664891618,0.449944011237406,0.22819339195712082,6.938893903907228e-18,True,1.52997328474693,1.52997328474693,0.9103906959115569,1.5187885924251046,5.166899341613167,1.6748380320817169,1.6276650506823938e-06,0.03976689294247529,0.013004902227179316,0.6705508679151535,594128,True,0.4437894200834882,0.4375482664891618,0.449944011237406,1.52997328474693,1.5187885924251046,1.52997328474693,0.9103906959115569
simultaneous_eeg_nirs,simultaneous_eeg_nirs__prefrontal,11,0,0.0,wrong_pair,11,simultaneous_eeg_nirs__s11__r0__a0__wrong_pair,simultaneous_eeg_nirs__s11__r0__a0__wrong_pair,completed,0.0,True,stationary_feasible,15,7,2.1804292299215693e-06,97.94906741427293,0.6361375936991631,0.6810175378466972,0.5878411259685269,0.32244869518919017,6.938893903907228e-18,True,1.0510907439542514,1.0510907439542514,1.5803815794232763,0.883710705035257,10.312197506829158,3.4691433629691306,2.9888464211556064e-07,0.0330003427790028,0.020770694574832677,0.7559607799630612,600808,True,0.6361375936991631,0.6810175378466972,0.5878411259685269,1.0510907439542514,0.883710705035257,1.0510907439542514,1.5803815794232763
simultaneous_eeg_nirs,simultaneous_eeg_nirs__prefrontal,11,1,0.0,wrong_pair,11,simultaneous_eeg_nirs__s11__r1__a0__wrong_pair,simultaneous_eeg_nirs__s11__r1__a0__wrong_pair,completed,0.0,True,stationary_feasible,11,5,3.7030809041337574e-06,69.28738302025468,0.5110384353058746,0.48012758351378226,0.5401833654130503,0.27557122147990565,6.938893903907228e-18,True,1.4662043279031143,1.4662043279031143,1.0153796031308264,1.443854878777981,4.280916494398312,1.3730846367763072,1.2564502241606468e-06,0.03732666260104379,0.013603174753290244,0.5690917409956455,600820,True,0.5110384353058746,0.48012758351378226,0.5401833654130503,1.4662043279031143,1.443854878777981,1.4662043279031143,1.0153796031308264
simultaneous_eeg_nirs,simultaneous_eeg_nirs__prefrontal,11,0,0.0,Hb_only,11,simultaneous_eeg_nirs__s11__r0__a0__Hb_only,simultaneous_eeg_nirs__s11__r0__a0__Hb_only,completed,0.0,True,stationary_feasible,11,5,1.489785873688047e-06,23.319186540693018,0.6045507267195869,0.7572706149300987,0.3968682125312527,0.19739551458714436,6.938893903907228e-18,True,0.6053491846853374,0.6053491846853374,1.1201841853379606,0.8971982605649753,3.4628282264730204,1.0170247319865005,1.294784252916723e-07,0.022082950023304567,0.011514040875013957,0.5278305429965258,599136,True,0.6045507267195869,0.7572706149300987,0.3968682125312527,0.6053491846853374,0.8971982605649753,0.6053491846853374,1.1201841853379606
simultaneous_eeg_nirs,simultaneous_eeg_nirs__prefrontal,11,1,0.0,Hb_only,11,simultaneous_eeg_nirs__s11__r1__a0__Hb_only,simultaneous_eeg_nirs__s11__r1__a0__Hb_only,completed,0.0,True,stationary_feasible,11,5,9.169740474990736e-06,16.263734143790717,0.7542007428751267,0.8170244647440557,0.6856446201323798,0.15693381544326454,6.938893903907228e-18,True,1.2995499584062604,1.2995499584062604,0.9176506070054052,1.4917013556991692,2.9542267331768635,0.9424351767342428,1.6536427272291572e-06,0.05073523506688821,0.006311881919957756,0.5365244129206985,600004,True,0.7542007428751267,0.8170244647440557,0.6856446201323798,1.2995499584062604,1.4917013556991692,1.2995499584062604,0.9176506070054052
simultaneous_eeg_nirs,simultaneous_eeg_nirs__prefrontal,11,0,0.25,paired,11,simultaneous_eeg_nirs__s11__r0__a0.25__paired,simultaneous_eeg_nirs__s11__r0__a0.25__paired,completed,0.24999982846876903,True,stationary_feasible,19,9,3.71565049802216e-06,209.55230646157688,0.9621658162178129,0.9338785303434919,0.9896448890181063,0.48250918251911934,6.938893903907228e-18,True,1.3504635653864347,1.350463565386435,1.6711441561462896,0.8731952476075909,12.478945259180422,4.237107687573481,3.592918185637292e-07,0.039081730011420075,0.026769874070170334,0.9431708169868216,600004,True,0.9621658162178129,0.9338785303434919,0.9896448890181063,1.3504635653864347,0.8731952476075909,1.350463565386435,1.6711441561462896
simultaneous_eeg_nirs,simultaneous_eeg_nirs__prefrontal,11,1,0.25,paired,11,simultaneous_eeg_nirs__s11__r1__a0.25__paired,simultaneous_eeg_nirs__s11__r1__a0.25__paired,completed,0.25001323970771544,True,stationary_feasible,13,6,2.5971653219204967e-06,49.0931779000083,0.43950306801306066,0.4346549955808652,0.4442982426280619,0.22815956786806085,6.938893903907228e-18,True,1.5242730752149727,1.5242730752149727,0.938212481312469,1.5169632746785346,5.455903238261851,1.7637008395658533,1.683606940155877e-06,0.0397074719664048,0.01289552981570515,0.6809525990393013,600732,True,0.43950306801306066,0.4346549955808652,0.4442982426280619,1.5242730752149727,1.5169632746785346,1.5242730752149727,0.938212481312469
simultaneous_eeg_nirs,simultaneous_eeg_nirs__prefrontal,11,0,0.25,wrong_pair,11,simultaneous_eeg_nirs__s11__r0__a0.25__wrong_pair,simultaneous_eeg_nirs__s11__r0__a0.25__wrong_pair,completed,0.24999982846876903,True,stationary_feasible,15,7,1.616800950521668e-06,87.57545343237582,0.8280886038406656,0.7694026681679308,0.8828822151553596,0.30744254141591837,6.938893903907228e-18,True,1.2481394507801267,1.2481394507801267,1.6756568986251876,0.8977317400411337,10.961167539109354,3.6495114659820533,3.5383630817002355e-07,0.03936576706104362,0.024492094706524734,0.7697434939909726,600816,True,0.8280886038406656,0.7694026681679308,0.8828822151553596,1.2481394507801267,0.8977317400411337,1.2481394507801267,1.6756568986251876
simultaneous_eeg_nirs,simultaneous_eeg_nirs__prefrontal,11,1,0.25,wrong_pair,11,simultaneous_eeg_nirs__s11__r1__a0.25__wrong_pair,simultaneous_eeg_nirs__s11__r1__a0.25__wrong_pair,completed,0.25001323970771544,True,stationary_feasible,15,7,7.926646490050797e-07,101.55433829820802,0.5937961634276486,0.6130684924009567,0.5738769824866717,0.3387375106208654,6.938893903907228e-18,True,1.4023480632143082,1.4023480632143082,1.141530362242436,1.4728241420584796,5.0981217521947695,1.5683446366185436,1.4729598999330932e-06,0.043028788812916156,0.01125569053857061,0.7291083100717515,601264,True,0.5937961634276486,0.6130684924009567,0.5738769824866717,1.4023480632143082,1.4728241420584796,1.4023480632143082,1.141530362242436
simultaneous_eeg_nirs,simultaneous_eeg_nirs__prefrontal,11,0,0.25,Hb_only,11,simultaneous_eeg_nirs__s11__r0__a0.25__Hb_only,simultaneous_eeg_nirs__s11__r0__a0.25__Hb_only,completed,0.24999982846876903,True,stationary_feasible,11,5,1.4327233209848098e-06,23.46814475655715,0.6298382478513861,0.7750285225221458,0.4390025355167644,0.19736611806962295,6.938893903907228e-18,True,0.5008469899789847,0.5008469899789847,1.3191773501364927,0.9024689833871734,3.579886661129076,1.027480503614646,1.560264674559633e-07,0.01970203086596478,0.00906931041188494,0.5748072669375688,600004,True,0.6298382478513861,0.7750285225221458,0.4390025355167644,0.5008469899789847,0.9024689833871734,0.5008469899789847,1.3191773501364927
simultaneous_eeg_nirs,simultaneous_eeg_nirs__prefrontal,11,1,0.25,Hb_only,11,simultaneous_eeg_nirs__s11__r1__a0.25__Hb_only,simultaneous_eeg_nirs__s11__r1__a0.25__Hb_only,completed,0.25001323970771544,True,stationary_feasible,11,5,9.770920863315719e-06,16.48423756888563,0.7480236582902831,0.8185233773933459,0.6701479444007469,0.1573991629426539,6.938893903907228e-18,True,1.327498643403547,1.327498643403547,0.8728975361525279,1.4906942816327056,3.6737442940064238,1.166700617832232,1.7171912837994037e-06,0.05030410112341985,0.008005957166863578,0.5487902759341523,594132,True,0.7480236582902831,0.8185233773933459,0.6701479444007469,1.327498643403547,1.4906942816327056,1.327498643403547,0.8728975361525279
simultaneous_eeg_nirs,simultaneous_eeg_nirs__prefrontal,11,0,0.5,paired,11,simultaneous_eeg_nirs__s11__r0__a0.5__paired,simultaneous_eeg_nirs__s11__r0__a0.5__paired,completed,0.4999990243195952,True,stationary_feasible,19,9,3.465935536763981e-06,211.5015510779428,0.9814878328143428,0.9514250467745955,1.0106567727449065,0.4838530394501012,6.938893903907228e-18,True,1.372455365834431,1.3724553658344307,1.6169259339838893,0.8718102841449217,11.982877459692855,4.08127510358987,3.7748864812345875e-07,0.039252951085985616,0.027209873163561635,0.9013835469959304,600000,True,0.9814878328143428,0.9514250467745955,1.0106567727449065,1.372455365834431,0.8718102841449217,1.3724553658344307,1.6169259339838893
simultaneous_eeg_nirs,simultaneous_eeg_nirs__prefrontal,11,1,0.5,paired,11,simultaneous_eeg_nirs__s11__r1__a0.5__paired,simultaneous_eeg_nirs__s11__r1__a0.5__paired,completed,0.5000204168382303,True,stationary_feasible,13,6,2.0916391907698052e-06,49.713012465876666,0.4350495170886743,0.4314958153932806,0.4385744246262717,0.22838264545376002,6.938893903907228e-18,True,1.5160008019868996,1.5160008019868996,0.951456441695373,1.5129928889288287,5.591371958560916,1.8011264157191955,1.709565003644986e-06,0.03953693614196096,0.012783888993849614,0.6660849160980433,599984,True,0.4350495170886743,0.4314958153932806,0.4385744246262717,1.5160008019868996,1.5129928889288287,1.5160008019868996,0.951456441695373
simultaneous_eeg_nirs,simultaneous_eeg_nirs__prefrontal,11,0,0.5,wrong_pair,11,simultaneous_eeg_nirs__s11__r0__a0.5__wrong_pair,simultaneous_eeg_nirs__s11__r0__a0.5__wrong_pair,completed,0.4999990243195952,True,stationary_feasible,15,7,4.645936724750234e-06,108.56056595212685,1.18989974012395,1.0944961598110212,1.2782022294038666,0.3445037474752623,6.938893903907228e-18,True,1.5696679208949413,1.5696679208949413,1.9259088771022344,0.9131927295381801,13.167392683098145,4.367905264528872,4.4357812706609603e-07,0.047908998760578234,0.030596354534851315,0.7397425079252571,599996,True,1.18989974012395,1.0944961598110212,1.2782022294038666,1.5696679208949413,0.9131927295381801,1.5696679208949413,1.9259088771022344
simultaneous_eeg_nirs,simultaneous_eeg_nirs__prefrontal,11,1,0.5,wrong_pair,11,simultaneous_eeg_nirs__s11__r1__a0.5__wrong_pair,simultaneous_eeg_nirs__s11__r1__a0.5__wrong_pair,completed,0.5000204168382303,True,stationary_feasible,15,7,5.674250161764296e-06,242.1747888975037,0.8097459504280132,0.8588754133168032,0.7574364876800058,0.527814511931472,6.938893903907228e-18,True,1.4100027039418395,1.4100027039418395,1.3543659832333046,1.5065033930002876,6.655903834172655,1.9973062795362058,1.7868937123361421e-06,0.04973281458816537,0.01198315340621789,0.760532503016293,600004,True,0.8097459504280132,0.8588754133168032,0.7574364876800058,1.4100027039418395,1.5065033930002876,1.4100027039418395,1.3543659832333046
simultaneous_eeg_nirs,simultaneous_eeg_nirs__prefrontal,11,0,0.5,Hb_only,11,simultaneous_eeg_nirs__s11__r0__a0.5__Hb_only,simultaneous_eeg_nirs__s11__r0__a0.5__Hb_only,completed,0.4999990243195952,True,stationary_feasible,11,5,1.4401390893164462e-06,23.861916449407783,0.7336791145794228,0.8616643926956523,0.578017785799472,0.19749615875661372,6.938893903907228e-18,True,0.49353610162807365,0.49353610162807365,1.8084591564202157,0.9078385141298434,4.500801122022023,1.3041778791243097,1.8644928449739302e-07,0.018857196556225888,0.008477889072524013,0.573101612040773,600004,True,0.7336791145794228,0.8616643926956523,0.578017785799472,0.49353610162807365,0.9078385141298434,0.49353610162807365,1.8084591564202157
simultaneous_eeg_nirs,simultaneous_eeg_nirs__prefrontal,11,1,0.5,Hb_only,11,simultaneous_eeg_nirs__s11__r1__a0.5__Hb_only,simultaneous_eeg_nirs__s11__r1__a0.5__Hb_only,completed,0.5000204168382303,True,stationary_feasible,13,6,1.3690570246282997e-06,16.9463614217369,0.8181922542195613,0.8965263004173993,0.7315174108588706,0.15803762680772127,6.938893903907228e-18,True,1.4005527246563745,1.4005527246563745,1.1459341716349007,1.4890573469399442,5.192553986131047,1.623120357950234,1.7726575074478353e-06,0.05049986478371365,0.011640216455488357,0.6598684410564601,600700,True,0.8181922542195613,0.8965263004173993,0.7315174108588706,1.4005527246563745,1.4890573469399442,1.4005527246563745,1.1459341716349007
simultaneous_eeg_nirs,simultaneous_eeg_nirs__prefrontal,11,0,1.0,paired,11,simultaneous_eeg_nirs__s11__r0__a1__paired,simultaneous_eeg_nirs__s11__r0__a1__paired,completed,0.9999918407609695,True,stationary_feasible,19,9,2.189055089776589e-06,217.23674983649457,1.0109192980468882,0.9790074857442272,1.0418541151159277,0.4874942654456948,3.469446951953614e-18,True,1.4068967360233886,1.4068967360233886,1.4552571775450198,0.8719113290800002,10.502181043232172,3.5990436088009377,4.137257810212991e-07,0.039878893953613936,0.02789073380472021,0.9010809329338372,600540,True,1.0109192980468882,0.9790074857442272,1.0418541151159277,1.4068967360233886,0.8719113290800002,1.4068967360233886,1.4552571775450198
simultaneous_eeg_nirs,simultaneous_eeg_nirs__prefrontal,11,1,1.0,paired,11,simultaneous_eeg_nirs__s11__r1__a1__paired,simultaneous_eeg_nirs__s11__r1__a1__paired,completed,0.9999970184133492,True,stationary_feasible,11,5,7.701094113128164e-06,52.41720765207096,0.42635708617598667,0.42467648614217846,0.4280310876360356,0.22941873106871688,3.469446951953614e-18,True,1.4936519885474804,1.4936519885474804,0.9376425609815132,1.499323391489082,5.450656378120632,1.7399372510190902,1.678986250834347e-06,0.0388704773152069,0.012592680175784784,0.5876066440250725,600820,True,0.42635708617598667,0.42467648614217846,0.4280310876360356,1.4936519885474804,1.499323391489082,1.4936519885474804,0.9376425609815132
simultaneous_eeg_nirs,simultaneous_eeg_nirs__prefrontal,11,0,1.0,wrong_pair,11,simultaneous_eeg_nirs__s11__r0__a1__wrong_pair,simultaneous_eeg_nirs__s11__r0__a1__wrong_pair,completed,0.9999918407609695,True,stationary_feasible,19,9,4.314285021645299e-06,238.86960729067826,2.0758578245693813,1.9704276623235784,2.1761861692423947,0.5119680606165843,6.938893903907228e-18,True,2.393098396365133,2.393098396365133,2.7348316930182084,0.9430459215996823,20.08911769729802,6.756937385129634,8.086987611578245e-07,0.0680951849462145,0.04632514995313179,0.8995895750122145,599136,True,2.0758578245693813,1.9704276623235784,2.1761861692423947,2.393098396365133,0.9430459215996823,2.393098396365133,2.7348316930182084
simultaneous_eeg_nirs,simultaneous_eeg_nirs__prefrontal,11,1,1.0,wrong_pair,11,simultaneous_eeg_nirs__s11__r1__a1__wrong_pair,simultaneous_eeg_nirs__s11__r1__a1__wrong_pair,completed,0.9999970184133492,True,stationary_feasible,33,16,8.709413907828843e-06,861.5931422634635,1.4034565210578371,1.4763631378712956,1.3265490183684718,0.9975405209963519,1.3877787807814457e-17,True,1.639442820531451,1.639442820531451,1.951128454902637,1.5906792540082049,10.911534436205775,3.2298410517368334,2.9861451466823945e-06,0.06561015656604943,0.02054737690651739,1.5118983839638531,600004,True,1.4034565210578371,1.4763631378712956,1.3265490183684718,1.639442820531451,1.5906792540082049,1.639442820531451,1.951128454902637
simultaneous_eeg_nirs,simultaneous_eeg_nirs__prefrontal,11,0,1.0,Hb_only,11,simultaneous_eeg_nirs__s11__r0__a1__Hb_only,simultaneous_eeg_nirs__s11__r0__a1__Hb_only,completed,0.9999918407609695,True,stationary_feasible,11,5,1.687212718332819e-06,25.342209980210402,1.0745823134367567,1.1693576049816852,0.970596254048861,0.19819079865697892,6.938893903907228e-18,True,0.7458964537105452,0.7458964537105452,3.0601765881872414,0.9189673677428373,7.365581349076135,2.200038258487409,2.6005935950621745e-07,0.022171668431269387,0.013117553592250636,0.5446216790005565,599968,True,1.0745823134367567,1.1693576049816852,0.970596254048861,0.7458964537105452,0.9189673677428373,0.7458964537105452,3.0601765881872414
simultaneous_eeg_nirs,simultaneous_eeg_nirs__prefrontal,11,1,1.0,Hb_only,11,simultaneous_eeg_nirs__s11__r1__a1__Hb_only,simultaneous_eeg_nirs__s11__r1__a1__Hb_only,completed,0.9999970184133492,True,stationary_feasible,13,6,1.5398757014931982e-06,18.670321063523307,1.1142725640831943,1.208699622801643,1.0110647437114195,0.15999269790763615,6.938893903907228e-18,True,1.6557244284129806,1.6557244284129806,2.1627411674341785,1.483480542886054,9.003316517909095,2.749028930837779,1.8471034448765214e-06,0.052634623078311536,0.020518053841328848,0.6683155860519037,600828,True,1.1142725640831943,1.208699622801643,1.0110647437114195,1.6557244284129806,1.483480542886054,1.6557244284129806,2.1627411674341785
simultaneous_eeg_nirs,simultaneous_eeg_nirs__prefrontal,12,0,0.0,paired,12,simultaneous_eeg_nirs__s12__r0__a0__paired,simultaneous_eeg_nirs__s12__r0__a0__paired,completed,0.0,True,stationary_feasible,11,5,3.435135326161077e-06,70.94639948748713,0.4195074441953728,0.550947058814833,0.22006892069066133,0.28018332041569244,6.938893903907228e-18,True,1.180167304829968,1.180167304829968,0.9416232350969348,1.2792041134530434,2.883929296492987,0.8668459756725959,7.929865052956874e-07,0.050508924277317735,0.005197590572392259,0.5647733199875802,594128,True,0.4195074441953728,0.550947058814833,0.22006892069066133,1.180167304829968,1.2792041134530434,1.180167304829968,0.9416232350969348
simultaneous_eeg_nirs,simultaneous_eeg_nirs__prefrontal,12,1,0.0,paired,12,simultaneous_eeg_nirs__s12__r1__a0__paired,simultaneous_eeg_nirs__s12__r1__a0__paired,completed,0.0,True,stationary_feasible,11,5,9.406238525644995e-06,59.56462878327029,0.4752004792566091,0.5076882129667551,0.4403222335813224,0.2537717929462554,3.469446951953614e-18,True,1.4129750138166715,1.4129750138166715,0.840910193791399,1.6410745051548017,2.6385867563731185,0.7928507916108346,8.842742352259687e-07,0.0666792982494735,0.009886836039425927,0.562923970981501,600808,True,0.4752004792566091,0.5076882129667551,0.4403222335813224,1.4129750138166715,1.6410745051548017,1.4129750138166715,0.840910193791399
simultaneous_eeg_nirs,simultaneous_eeg_nirs__prefrontal,12,0,0.0,wrong_pair,12,simultaneous_eeg_nirs__s12__r0__a0__wrong_pair,simultaneous_eeg_nirs__s12__r0__a0__wrong_pair,completed,0.0,True,stationary_feasible,15,7,1.098577832959047e-06,126.36574629141035,0.424419484428751,0.4518585451530243,0.39507929925234747,0.3784998035807294,6.938893903907228e-18,True,1.2137213772300122,1.2137213772300122,1.1424827225997318,1.2645292831597044,4.272232546831893,1.2633483045996148,7.283679581713787e-07,0.05467165879443375,0.010400243847779501,0.746203865041025,599148,True,0.424419484428751,0.4518585451530243,0.39507929925234747,1.2137213772300122,1.2645292831597044,1.2137213772300122,1.1424827225997318
simultaneous_eeg_nirs,simultaneous_eeg_nirs__prefrontal,12,1,0.0,wrong_pair,12,simultaneous_eeg_nirs__s12__r1__a0__wrong_pair,simultaneous_eeg_nirs__s12__r1__a0__wrong_pair,completed,0.0,True,stationary_feasible,15,7,9.436633969230345e-07,108.60873550908286,0.4368808974377491,0.5470328825490883,0.2872017801164567,0.3477558553027718,3.469446951953614e-18,True,1.2355579414046431,1.2355579414046431,0.9707249679560623,1.4928385874948138,3.4554192280312157,1.0496273213382448,8.826434555565997e-07,0.05503477323011823,0.007028275497050576,0.7097598349209875,594132,True,0.4368808974377491,0.5470328825490883,0.2872017801164567,1.2355579414046431,1.4928385874948138,1.2355579414046431,0.9707249679560623
simultaneous_eeg_nirs,simultaneous_eeg_nirs__prefrontal,12,0,0.0,Hb_only,12,simultaneous_eeg_nirs__s12__r0__a0__Hb_only,simultaneous_eeg_nirs__s12__r0__a0__Hb_only,completed,0.0,True,stationary_feasible,9,4,2.7557813113879864e-06,15.998439999110598,0.4394920996460165,0.5742205696736287,0.2378599349748114,0.15836501243374185,6.938893903907228e-18,True,1.1673271913541932,1.1673271913541932,0.7932008808938906,1.2795157462687252,1.8959180815407293,0.5544361295750558,9.603038621838461e-07,0.04587984789234612,0.0036367435492976863,0.46578871295787394,600004,True,0.4394920996460165,0.5742205696736287,0.2378599349748114,1.1673271913541932,1.2795157462687252,1.1673271913541932,0.7932008808938906
simultaneous_eeg_nirs,simultaneous_eeg_nirs__prefrontal,12,1,0.0,Hb_only,12,simultaneous_eeg_nirs__s12__r1__a0__Hb_only,simultaneous_eeg_nirs__s12__r1__a0__Hb_only,completed,0.0,True,stationary_feasible,13,6,6.962550577576784e-06,26.363258183282078,0.5500335438120212,0.6578290703374553,0.4151321631189044,0.21168819137565698,3.469446951953614e-18,True,1.3383659497892872,1.3383659497892872,1.2318022407246842,1.6076938158951934,2.649625398437864,0.7630145929306938,1.0831289405999704e-06,0.05812784991745166,0.0059348473454238675,0.6444968259893358,600732,True,0.5500335438120212,0.6578290703374553,0.4151321631189044,1.3383659497892872,1.6076938158951934,1.3383659497892872,1.2318022407246842
simultaneous_eeg_nirs,simultaneous_eeg_nirs__prefrontal,12,0,0.25,paired,12,simultaneous_eeg_nirs__s12__r0__a0.25__paired,simultaneous_eeg_nirs__s12__r0__a0.25__paired,completed,0.2499993383317626,True,stationary_feasible,11,5,2.326899505308025e-06,70.77155328692211,0.41750938271264226,0.548584945033821,0.2183637501702667,0.27890438785988303,6.938893903907228e-18,True,1.1997967771951625,1.1997967771951625,0.9452688216739321,1.295587932912216,2.927250823888421,0.8827397317003589,9.178647542781459e-07,0.05134991698891845,0.005205637332351713,0.5897723910165951,598864,True,0.41750938271264226,0.548584945033821,0.2183637501702667,1.1997967771951625,1.295587932912216,1.1997967771951625,0.9452688216739321
simultaneous_eeg_nirs,simultaneous_eeg_nirs__prefrontal,12,1,0.25,paired,12,simultaneous_eeg_nirs__s12__r1__a0.25__paired,simultaneous_eeg_nirs__s12__r1__a0.25__paired,completed,0.25000069863366225,True,stationary_feasible,11,5,8.322581982391066e-06,59.56431095290907,0.4761662791246346,0.5072520615748138,0.4429040491787133,0.25364621508644525,3.469446951953614e-18,True,1.42074640684839,1.42074640684839,0.8253948961155978,1.6476284558142136,2.4658766246466732,0.7404340209568274,9.078210457747164e-07,0.06708660196495772,0.009960251078593274,0.5813366529764608,600004,True,0.4761662791246346,0.5072520615748138,0.4429040491787133,1.42074640684839,1.6476284558142136,1.42074640684839,0.8253948961155978
simultaneous_eeg_nirs,simultaneous_eeg_nirs__prefrontal,12,0,0.25,wrong_pair,12,simultaneous_eeg_nirs__s12__r0__a0.25__wrong_pair,simultaneous_eeg_nirs__s12__r0__a0.25__wrong_pair,completed,0.2499993383317626,True,stationary_feasible,15,7,9.131738803535773e-07,188.08364354953935,0.41539220576807784,0.42580635242335074,0.4047101672328723,0.4624816443695272,6.938893903907228e-18,True,1.2661021051992425,1.2661021051992425,1.1482314639851454,1.2864314891328636,4.452789513741159,1.3757892489387913,1.0233212511370676e-06,0.05539152982433685,0.010924979198330484,0.7317466071108356,601268,True,0.41539220576807784,0.42580635242335074,0.4047101672328723,1.2661021051992425,1.2864314891328636,1.2661021051992425,1.1482314639851454
simultaneous_eeg_nirs,simultaneous_eeg_nirs__prefrontal,12,1,0.25,wrong_pair,12,simultaneous_eeg_nirs__s12__r1__a0.25__wrong_pair,simultaneous_eeg_nirs__s12__r1__a0.25__wrong_pair,completed,0.25000069863366225,True,stationary_feasible,15,7,4.314656954377772e-06,132.26568645199598,0.4430011957525301,0.5642064149406869,0.27234397407712274,0.3861629871795451,3.469446951953614e-18,True,1.2453718404543985,1.2453718404543985,0.904910498931419,1.5026646675187438,2.436677877264045,0.7021327753997189,1.079938406652363e-06,0.055097353071462504,0.006291988307862631,0.7675905439537019,600816,True,0.4430011957525301,0.5642064149406869,0.27234397407712274,1.2453718404543985,1.5026646675187438,1.2453718404543985,0.904910498931419
simultaneous_eeg_nirs,simultaneous_eeg_nirs__prefrontal,12,0,0.25,Hb_only,12,simultaneous_eeg_nirs__s12__r0__a0.25__Hb_only,simultaneous_eeg_nirs__s12__r0__a0.25__Hb_only,completed,0.2499993383317626,True,stationary_feasible,9,4,3.303239983510085e-06,16.180222503939444,0.5621393050319161,0.6903884193449326,0.39416370578471194,0.15827764505565114,3.469446951953614e-18,True,1.2531464433744204,1.2531464433744204,1.4166538197869252,1.2905227114141806,2.9634842224354747,0.890933456004992,1.1522554681923762e-06,0.04187884567018607,0.00707689576347093,0.48848743399139494,599984,True,0.5621393050319161,0.6903884193449326,0.39416370578471194,1.2531464433744204,1.2905227114141806,1.2531464433744204,1.4166538197869252
simultaneous_eeg_nirs,simultaneous_eeg_nirs__prefrontal,12,1,0.25,Hb_only,12,simultaneous_eeg_nirs__s12__r1__a0.25__Hb_only,simultaneous_eeg_nirs__s12__r1__a0.25__Hb_only,completed,0.25000069863366225,True,stationary_feasible,13,6,7.2246690054411286e-06,26.45024887652333,0.6014034855781109,0.6587063466956667,0.5380318334019373,0.21147757637341805,3.469446951953614e-18,True,1.3602206037291844,1.3602206037291844,1.1873478217489586,1.6106899269970953,2.8676949003116574,0.8409844840887578,1.0806915362046214e-06,0.06162889137779653,0.008745869286760485,0.6435601679841056,599956,True,0.6014034855781109,0.6587063466956667,0.5380318334019373,1.3602206037291844,1.6106899269970953,1.3602206037291844,1.1873478217489586
simultaneous_eeg_nirs,simultaneous_eeg_nirs__prefrontal,12,0,0.5,paired,12,simultaneous_eeg_nirs__s12__r0__a0.5__paired,simultaneous_eeg_nirs__s12__r0__a0.5__paired,completed,0.49999692750702046,True,stationary_feasible,11,5,2.1339986591397042e-06,70.9810795326678,0.41565268394416066,0.546331957371988,0.21692325761444045,0.27782517992861,6.938893903907228e-18,True,1.2191353508654457,1.2191353508654457,0.9445461158344598,1.3115848344497818,2.9060426309818537,0.8789014900101654,1.0712493148905077e-06,0.0521727866333257,0.005215392279233297,0.5813538419315591,600004,True,0.41565268394416066,0.546331957371988,0.21692325761444045,1.2191353508654457,1.3115848344497818,1.2191353508654457,0.9445461158344598
simultaneous_eeg_nirs,simultaneous_eeg_nirs__prefrontal,12,1,0.5,paired,12,simultaneous_eeg_nirs__s12__r1__a0.5__paired,simultaneous_eeg_nirs__s12__r1__a0.5__paired,completed,0.5000037910663789,True,stationary_feasible,11,5,8.464221026017764e-06,59.86983282995456,0.47593468653580223,0.5069973389070674,0.442697808936318,0.2536290361861369,3.469446951953614e-18,True,1.4282441367911582,1.4282441367911582,0.8180272749062963,1.6538407708152814,2.4567589183100282,0.7448764081135396,9.29100580415068e-07,0.06743659219018498,0.009993228873671954,0.5923330819932744,600004,True,0.47593468653580223,0.5069973389070674,0.442697808936318,1.4282441367911582,1.6538407708152814,1.4282441367911582,0.8180272749062963
simultaneous_eeg_nirs,simultaneous_eeg_nirs__prefrontal,12,0,0.5,wrong_pair,12,simultaneous_eeg_nirs__s12__r0__a0.5__wrong_pair,simultaneous_eeg_nirs__s12__r0__a0.5__wrong_pair,completed,0.49999692750702046,True,stationary_feasible,13,6,6.586889532045457e-06,292.4460758590838,0.56947739741057,0.5800245886198188,0.5587311418915564,0.5769384573049806,6.938893903907228e-18,True,1.3693675438594128,1.3693675438594128,1.2989625059716372,1.3008866804965973,6.296397190703273,2.004526147231556,1.4959330146915317e-06,0.0566623163722893,0.013794769238253948,0.6529538190225139,599996,True,0.56947739741057,0.5800245886198188,0.5587311418915564,1.3693675438594128,1.3008866804965973,1.3693675438594128,1.2989625059716372
simultaneous_eeg_nirs,simultaneous_eeg_nirs__prefrontal,12,1,0.5,wrong_pair,12,simultaneous_eeg_nirs__s12__r1__a0.5__wrong_pair,simultaneous_eeg_nirs__s12__r1__a0.5__wrong_pair,completed,0.5000037910663789,True,stationary_feasible,17,8,8.303651113821728e-06,178.4061649207192,0.4971361499353257,0.6311726478319555,0.3096930605839201,0.4507612041189539,6.938893903907228e-18,True,1.279830869420063,1.279830869420063,0.996725072725769,1.516197806342982,3.9876000351574943,1.1888671187875197,1.3892811076667131e-06,0.055440688982702956,0.006608987041586266,0.8626422709785402,600820,True,0.4971361499353257,0.6311726478319555,0.3096930605839201,1.279830869420063,1.516197806342982,1.279830869420063,0.996725072725769
simultaneous_eeg_nirs,simultaneous_eeg_nirs__prefrontal,12,0,0.5,Hb_only,12,simultaneous_eeg_nirs__s12__r0__a0.5__Hb_only,simultaneous_eeg_nirs__s12__r0__a0.5__Hb_only,completed,0.49999692750702046,True,stationary_feasible,9,4,3.5755112209250607e-06,16.55779643519591,0.7944251009164202,0.9139198205284659,0.6534317436254115,0.1583957065889591,6.938893903907228e-18,True,1.4028238004695959,1.4028238004695956,2.1209682208431215,1.2997473974547424,4.983408423917974,1.53835723872048,1.371977442714437e-06,0.03899417778165654,0.012620632222410116,0.4859046069905162,600004,True,0.7944251009164202,0.9139198205284659,0.6534317436254115,1.4028238004695959,1.2997473974547424,1.4028238004695956,2.1209682208431215
simultaneous_eeg_nirs,simultaneous_eeg_nirs__prefrontal,12,1,0.5,Hb_only,12,simultaneous_eeg_nirs__s12__r1__a0.5__Hb_only,simultaneous_eeg_nirs__s12__r1__a0.5__Hb_only,completed,0.5000037910663789,True,stationary_feasible,13,6,7.503027210707104e-06,26.660534669110145,0.6968302525567266,0.7084325438118956,0.6850314829442143,0.21136279457434126,3.469446951953614e-18,True,1.4055490123725187,1.4055490123725187,1.2097319228228183,1.6136765662192558,3.8218958255360134,1.1555234201267446,1.077431788027999e-06,0.06527762707492187,0.011956134691439644,0.6382057389710099,599968,True,0.6968302525567266,0.7084325438118956,0.6850314829442143,1.4055490123725187,1.6136765662192558,1.4055490123725187,1.2097319228228183
simultaneous_eeg_nirs,simultaneous_eeg_nirs__prefrontal,12,0,1.0,paired,12,simultaneous_eeg_nirs__s12__r0__a1__paired,simultaneous_eeg_nirs__s12__r0__a1__paired,completed,1.0000081047805183,True,stationary_feasible,11,5,4.932628985663514e-06,72.55979071859443,0.4129910214773588,0.5426893466193466,0.21589682885047443,0.27629519147927883,6.938893903907228e-18,True,1.2545206009998433,1.2545206009998433,0.9345004715285349,1.3401387221472612,2.738793754160004,0.8337960140126508,1.4801108865153043e-06,0.05367251069679083,0.005254536908617038,0.5599369280971587,600000,True,0.4129910214773588,0.5426893466193466,0.21589682885047443,1.2545206009998433,1.3401387221472612,1.2545206009998433,0.9345004715285349
simultaneous_eeg_nirs,simultaneous_eeg_nirs__prefrontal,12,1,1.0,paired,12,simultaneous_eeg_nirs__s12__r1__a1__paired,simultaneous_eeg_nirs__s12__r1__a1__paired,completed,1.0000679050398447,True,stationary_feasible,11,5,6.400752520092931e-06,61.498326374926506,0.4725887975274237,0.506792205545409,0.4357086222411171,0.2538995925712704,3.469446951953614e-18,True,1.4412689809828376,1.4412689809828376,0.8232264593502725,1.664298216918731,2.797686943098839,0.8654852638975629,9.553563169647923e-07,0.06794099388214915,0.009959785620661781,0.5812801748979837,600700,True,0.4725887975274237,0.506792205545409,0.4357086222411171,1.4412689809828376,1.664298216918731,1.4412689809828376,0.8232264593502725
simultaneous_eeg_nirs,simultaneous_eeg_nirs__prefrontal,12,0,1.0,wrong_pair,12,simultaneous_eeg_nirs__s12__r0__a1__wrong_pair,simultaneous_eeg_nirs__s12__r0__a1__wrong_pair,completed,1.0000081047805183,True,stationary_feasible,19,9,7.998714544055976e-06,618.7613735729165,1.0678732252171463,1.0958548309693958,1.039138412201367,0.8381025886226273,6.938893903907228e-18,True,1.6858395145607903,1.6858395145607903,1.936249394356521,1.2949122739173986,12.1624481091205,3.9838373375281453,3.455967191973062e-06,0.06022778207662089,0.022861557754292387,0.9477950199507177,594128,True,1.0678732252171463,1.0958548309693958,1.039138412201367,1.6858395145607903,1.2949122739173986,1.6858395145607903,1.936249394356521
simultaneous_eeg_nirs,simultaneous_eeg_nirs__prefrontal,12,1,1.0,wrong_pair,12,simultaneous_eeg_nirs__s12__r1__a1__wrong_pair,simultaneous_eeg_nirs__s12__r1__a1__wrong_pair,completed,1.0000679050398447,True,stationary_feasible,19,9,6.747146555499404e-06,342.3740276818815,0.7233945353621518,0.8849541483394276,0.5132791276883225,0.6263192757408054,6.938893903907228e-18,True,1.4342176209526996,1.4342176209526993,1.6586936934498802,1.5568601686813828,10.707314348541933,3.3067937219370394,2.679453572910876e-06,0.05688105649283796,0.010142366314690716,0.9522370940539986,600004,True,0.7233945353621518,0.8849541483394276,0.5132791276883225,1.4342176209526996,1.5568601686813828,1.4342176209526993,1.6586936934498802
simultaneous_eeg_nirs,simultaneous_eeg_nirs__prefrontal,12,0,1.0,Hb_only,12,simultaneous_eeg_nirs__s12__r0__a1__Hb_only,simultaneous_eeg_nirs__s12__r0__a1__Hb_only,completed,1.0000081047805183,True,stationary_feasible,9,4,1.9213069544824185e-06,17.91572605414967,1.3458374371326394,1.4699096979569404,1.2090997867122626,0.15934982186602883,6.938893903907228e-18,True,1.8171917139408482,1.8171917139408482,3.5714708012947893,1.3131278640579738,9.333864383973218,2.9708892615048765,1.9040664616748605e-06,0.037476080832787584,0.02415616625647502,0.48747250309679657,600828,True,1.3458374371326394,1.4699096979569404,1.2090997867122626,1.8171917139408482,1.3131278640579738,1.8171917139408482,3.5714708012947893
simultaneous_eeg_nirs,simultaneous_eeg_nirs__prefrontal,12,1,1.0,Hb_only,12,simultaneous_eeg_nirs__s12__r1__a1__Hb_only,simultaneous_eeg_nirs__s12__r1__a1__Hb_only,completed,1.0000679050398447,True,stationary_feasible,13,6,7.988090273275978e-06,27.4880927989081,0.963178919245508,0.9175104539064003,1.0067779437047482,0.2114208341972524,3.469446951953614e-18,True,1.5573168994149829,1.5573168994149826,1.4530029480639706,1.6193638325064976,6.650761543998107,2.032849807027103,1.0678010653109686e-06,0.07295259899119313,0.01875874514861495,0.6528405740391463,600808,True,0.963178919245508,0.9175104539064003,1.0067779437047482,1.5573168994149829,1.6193638325064976,1.5573168994149826,1.4530029480639706
simultaneous_eeg_nirs,simultaneous_eeg_nirs__prefrontal,13,0,0.0,paired,13,simultaneous_eeg_nirs__s13__r0__a0__paired,simultaneous_eeg_nirs__s13__r0__a0__paired,completed,0.0,True,stationary_feasible,15,7,5.33526639396929e-06,156.71815896045388,0.6149285893501116,0.5604173490897407,0.6649862666547814,0.42150984276916065,3.469446951953614e-18,True,1.2109724296364985,1.2109724296364985,0.934443177957198,1.435807480889663,3.935368455905002,1.2432670366088268,6.180199810072702e-07,0.054423857742631754,0.005754379116103262,0.7514162040315568,598864,True,0.6149285893501116,0.5604173490897407,0.6649862666547814,1.2109724296364985,1.435807480889663,1.2109724296364985,0.934443177957198
simultaneous_eeg_nirs,simultaneous_eeg_nirs__prefrontal,13,1,0.0,paired,13,simultaneous_eeg_nirs__s13__r1__a0__paired,simultaneous_eeg_nirs__s13__r1__a0__paired,completed,0.0,True,stationary_feasible,23,11,7.010884931539768e-06,254.93780476581423,1.378765949622676,1.6392036176059475,1.0559368294104599,0.5113717544327474,6.938893903907228e-18,True,2.837698879577387,2.837698879577387,2.2354961859743288,2.0457265119950727,16.068315890428106,5.450434968849027,9.912598529698013e-06,0.11508090628631558,0.0073606959613313865,1.1207762770354748,599984,True,1.378765949622676,1.6392036176059475,1.0559368294104599,2.837698879577387,2.0457265119950727,2.837698879577387,2.2354961859743288
simultaneous_eeg_nirs,simultaneous_eeg_nirs__prefrontal,13,0,0.0,wrong_pair,13,simultaneous_eeg_nirs__s13__r0__a0__wrong_pair,simultaneous_eeg_nirs__s13__r0__a0__wrong_pair,completed,0.0,True,stationary_feasible,11,5,1.7935556331388602e-06,51.93906915953474,0.9362901787580195,0.882542659000537,0.9871155214673255,0.23653271193128728,3.469446951953614e-18,True,1.4470704546289381,1.4470704546289381,0.7242572068815868,1.5816356405817242,4.0902524716976245,1.2996025806247467,9.244570631870147e-07,0.0657809215277989,0.012429978043620539,0.614650966017507,600732,True,0.9362901787580195,0.882542659000537,0.9871155214673255,1.4470704546289381,1.5816356405817242,1.4470704546289381,0.7242572068815868
simultaneous_eeg_nirs,simultaneous_eeg_nirs__prefrontal,13,1,0.0,wrong_pair,13,simultaneous_eeg_nirs__s13__r1__a0__wrong_pair,simultaneous_eeg_nirs__s13__r1__a0__wrong_pair,completed,0.0,True,stationary_feasible,25,12,5.794584212260981e-06,293.62960481377627,1.5661545784590722,2.0467407355393252,0.846482538946061,0.5524541746551397,6.938893903907228e-18,True,2.970491543495157,2.970491543495157,2.3189825843265894,2.1543797471224773,16.9086760059826,5.7944577449872545,1.3844512839331128e-05,0.1257029090536676,0.012210672850319322,1.1513323539402336,600540,True,1.5661545784590722,2.0467407355393252,0.846482538946061,2.970491543495157,2.1543797471224773,2.970491543495157,2.3189825843265894
simultaneous_eeg_nirs,simultaneous_eeg_nirs__prefrontal,13,0,0.0,Hb_only,13,simultaneous_eeg_nirs__s13__r0__a0__Hb_only,simultaneous_eeg_nirs__s13__r0__a0__Hb_only,completed,0.0,True,stationary_feasible,11,5,2.33724989562573e-06,18.709965740411526,0.7159169286260446,0.7267775797793672,0.7048889607000124,0.16750554407898902,3.469446951953614e-18,True,1.4396983563319066,1.4396983563319066,3.109689301234426,1.570369189601725,5.105067954636371,1.3928326839679868,9.002681050350985e-07,0.05413422799785212,0.008670882677880576,0.553773706080392,600004,True,0.7159169286260446,0.7267775797793672,0.7048889607000124,1.4396983563319066,1.570369189601725,1.4396983563319066,3.109689301234426
simultaneous_eeg_nirs,simultaneous_eeg_nirs__prefrontal,13,1,0.0,Hb_only,13,simultaneous_eeg_nirs__s13__r1__a0__Hb_only,simultaneous_eeg_nirs__s13__r1__a0__Hb_only,completed,0.0,True,stationary_feasible,27,13,6.4109354266456876e-06,174.84562421300768,2.9874015823769002,3.9031342559872586,1.6169970341700715,0.5503443663951538,6.938893903907228e-18,True,3.3634800646240848,3.3634800646240848,3.899411496920993,2.138501208845788,9.129990766041287,2.9880718225789433,1.1752290089096201e-05,0.16297907751946195,0.043642784594605806,1.2253059269860387,599136,True,2.9874015823769002,3.9031342559872586,1.6169970341700715,3.3634800646240848,2.138501208845788,3.3634800646240848,3.899411496920993
simultaneous_eeg_nirs,simultaneous_eeg_nirs__prefrontal,13,0,0.25,paired,13,simultaneous_eeg_nirs__s13__r0__a0.25__paired,simultaneous_eeg_nirs__s13__r0__a0.25__paired,completed,0.2499999791907216,True,stationary_feasible,13,6,4.01929759651861e-06,157.23455062141588,0.6080693979440216,0.5532217021179777,0.6583635270408723,0.4226127130147469,6.938893903907228e-18,True,1.2156131003895336,1.2156131003895336,0.9306207147902753,1.4386269213552372,3.884484911779745,1.2238216715461474,6.673871751981636e-07,0.054614393054010564,0.005747021380899111,0.6394331130431965,594132,True,0.6080693979440216,0.5532217021179777,0.6583635270408723,1.2156131003895336,1.4386269213552372,1.2156131003895336,0.9306207147902753
simultaneous_eeg_nirs,simultaneous_eeg_nirs__prefrontal,13,1,0.25,paired,13,simultaneous_eeg_nirs__s13__r1__a0.25__paired,simultaneous_eeg_nirs__s13__r1__a0.25__paired,completed,0.2500030487269374,True,stationary_feasible,23,11,6.692432700896729e-06,252.41568402759063,1.3973057422476234,1.6692183803225997,1.0576562170334742,0.5057261178411764,6.938893903907228e-18,True,2.912595943807789,2.912595943807789,2.270081249263938,2.110907894788876,16.373729579810984,5.55714354132451,1.2138090412149948e-05,0.11882706399856892,0.007590817480492212,1.1289659780450165,599148,True,1.3973057422476234,1.6692183803225997,1.0576562170334742,2.912595943807789,2.110907894788876,2.912595943807789,2.270081249263938
simultaneous_eeg_nirs,simultaneous_eeg_nirs__prefrontal,13,0,0.25,wrong_pair,13,simultaneous_eeg_nirs__s13__r0__a0.25__wrong_pair,simultaneous_eeg_nirs__s13__r0__a0.25__wrong_pair,completed,0.2499999791907216,True,stationary_feasible,11,5,2.0209624730073217e-06,40.31642112537353,0.862186405835565,0.7872494375145959,0.9311117655514034,0.20500581042954635,3.469446951953614e-18,True,1.4227784366557858,1.4227784366557858,0.7540331454613567,1.5695026327371735,3.8813064633693894,1.230550216371284,9.706701593256295e-07,0.06544059107865086,0.011976172053452082,0.5756191579857841,600004,True,0.862186405835565,0.7872494375145959,0.9311117655514034,1.4227784366557858,1.5695026327371735,1.4227784366557858,0.7540331454613567
simultaneous_eeg_nirs,simultaneous_eeg_nirs__prefrontal,13,1,0.25,wrong_pair,13,simultaneous_eeg_nirs__s13__r1__a0.25__wrong_pair,simultaneous_eeg_nirs__s13__r1__a0.25__wrong_pair,completed,0.2500030487269374,True,stationary_feasible,23,11,7.803128842029515e-06,317.4787172213767,1.6119028663233674,2.1361315307758635,0.7958666874220462,0.5682310907591178,6.938893903907228e-18,True,3.0823680679512795,3.0823680679512795,2.5678583633280496,2.263064343813586,19.0509077752848,6.561227115592083,2.099234552321258e-05,0.1321523033314473,0.012876373759804988,1.0881091009359807,599956,True,1.6119028663233674,2.1361315307758635,0.7958666874220462,3.0823680679512795,2.263064343813586,3.0823680679512795,2.5678583633280496
simultaneous_eeg_nirs,simultaneous_eeg_nirs__prefrontal,13,0,0.25,Hb_only,13,simultaneous_eeg_nirs__s13__r0__a0.25__Hb_only,simultaneous_eeg_nirs__s13__r0__a0.25__Hb_only,completed,0.2499999791907216,True,stationary_feasible,11,5,2.096508230797224e-06,18.49332404343873,0.6951548682592836,0.6998344988775566,0.6904435211586558,0.1670653159052423,3.469446951953614e-18,True,1.432671073013498,1.432671073013498,2.8035730968859016,1.5697255611043595,5.315829839306949,1.478354441387888,9.15937392422971e-07,0.05596671787018171,0.00897034448660949,0.5816938129719347,600004,True,0.6951548682592836,0.6998344988775566,0.6904435211586558,1.432671073013498,1.5697255611043595,1.432671073013498,2.8035730968859016
simultaneous_eeg_nirs,simultaneous_eeg_nirs__prefrontal,13,1,0.25,Hb_only,13,simultaneous_eeg_nirs__s13__r1__a0.25__Hb_only,simultaneous_eeg_nirs__s13__r1__a0.25__Hb_only,completed,0.2500030487269374,True,stationary_feasible,27,13,5.7236579699794024e-06,173.82878133113783,2.9003923347045255,3.8132146119756105,1.5112728785501417,0.5465146808231611,6.938893903907228e-18,True,3.3510130172151453,3.3510130172151453,4.205138238991767,2.1769561982980385,9.18901343795361,3.0130413531838207,1.3170831447831565e-05,0.1626366561732581,0.04182184961643714,1.2351686959154904,601268,True,2.9003923347045255,3.8132146119756105,1.5112728785501417,3.3510130172151453,2.1769561982980385,3.3510130172151453,4.205138238991767
simultaneous_eeg_nirs,simultaneous_eeg_nirs__prefrontal,13,0,0.5,paired,13,simultaneous_eeg_nirs__s13__r0__a0.5__paired,simultaneous_eeg_nirs__s13__r0__a0.5__paired,completed,0.5000000142580187,True,stationary_feasible,13,6,9.778343915945546e-06,158.23424069659183,0.6014475368493752,0.5463190891221751,0.6519307724176534,0.42374818860082913,6.938893903907228e-18,True,1.2207984838488628,1.2207984838488628,0.9212253001229217,1.4416146190645203,3.7473907010027485,1.1782986195511036,7.283183571348225e-07,0.054806550300131186,0.005750137341485043,0.6697248409036547,600004,True,0.6014475368493752,0.5463190891221751,0.6519307724176534,1.2207984838488628,1.4416146190645203,1.2207984838488628,0.9212253001229217
simultaneous_eeg_nirs,simultaneous_eeg_nirs__prefrontal,13,1,0.5,paired,13,simultaneous_eeg_nirs__s13__r1__a0.5__paired,simultaneous_eeg_nirs__s13__r1__a0.5__paired,completed,0.500009385112867,True,stationary_feasible,23,11,6.136009354108993e-06,250.1577239181863,1.4164205377955965,1.7003687805177108,1.0588863442405168,0.5002177100756335,6.938893903907228e-18,True,2.9859979247379207,2.9859979247379207,2.285213575627476,2.1755565304978624,16.516299232131736,5.6063259031941515,1.460819233367327e-05,0.12253669366170768,0.007859247976847374,1.1275499280309305,600816,True,1.4164205377955965,1.7003687805177108,1.0588863442405168,2.9859979247379207,2.1755565304978624,2.9859979247379207,2.285213575627476
simultaneous_eeg_nirs,simultaneous_eeg_nirs__prefrontal,13,0,0.5,wrong_pair,13,simultaneous_eeg_nirs__s13__r0__a0.5__wrong_pair,simultaneous_eeg_nirs__s13__r0__a0.5__wrong_pair,completed,0.5000000142580187,True,stationary_feasible,11,5,3.1160908525714728e-06,54.06722441900908,0.8652550721551664,0.7822748711372379,0.9409456444278289,0.24051915175979588,3.469446951953614e-18,True,1.4472163241064666,1.4472163241064666,0.8954208836671462,1.557576061353172,4.855894077867984,1.5210969590294234,1.033390019149626e-06,0.06578683723219249,0.013523292807088307,0.5657408419065177,599996,True,0.8652550721551664,0.7822748711372379,0.9409456444278289,1.4472163241064666,1.557576061353172,1.4472163241064666,0.8954208836671462
simultaneous_eeg_nirs,simultaneous_eeg_nirs__prefrontal,13,1,0.5,wrong_pair,13,simultaneous_eeg_nirs__s13__r1__a0.5__wrong_pair,simultaneous_eeg_nirs__s13__r1__a0.5__wrong_pair,completed,0.500009385112867,True,stationary_feasible,25,12,6.785341089734737e-06,364.19780972917454,1.6815283777395191,2.253112743813614,0.7606302215605731,0.6027014024743105,1.3877787807814457e-17,True,3.2349095718087426,3.2349095718087426,2.88936284090738,2.4040238209955493,21.714651162705604,7.532447414495196,3.3852481372180466e-05,0.14056443674388092,0.014308400153876171,1.1469127300661057,600000,True,1.6815283777395191,2.253112743813614,0.7606302215605731,3.2349095718087426,2.4040238209955493,3.2349095718087426,2.88936284090738
simultaneous_eeg_nirs,simultaneous_eeg_nirs__prefrontal,13,0,0.5,Hb_only,13,simultaneous_eeg_nirs__s13__r0__a0.5__Hb_only,simultaneous_eeg_nirs__s13__r0__a0.5__Hb_only,completed,0.5000000142580187,True,stationary_feasible,11,5,1.9440604901700865e-06,18.46068817462,0.7540774431398503,0.7562029766745987,0.7519459013606927,0.166773846082669,3.469446951953614e-18,True,1.4653786961453363,1.4653786961453363,2.546466114789887,1.5695084347258568,6.11652639862662,1.7603467897342395,9.310183472967261e-07,0.058363961751781615,0.011300592886374061,0.578802486998029,600828,True,0.7540774431398503,0.7562029766745987,0.7519459013606927,1.4653786961453363,1.5695084347258568,1.4653786961453363,2.546466114789887
simultaneous_eeg_nirs,simultaneous_eeg_nirs__prefrontal,13,1,0.5,Hb_only,13,simultaneous_eeg_nirs__s13__r1__a0.5__Hb_only,simultaneous_eeg_nirs__s13__r1__a0.5__Hb_only,completed,0.500009385112867,True,stationary_feasible,29,14,8.077231483533841e-06,172.76869460606488,2.8311626575527358,3.741492499683838,1.4255517745251227,0.5420986255094209,6.938893903907228e-18,True,3.3579113783200563,3.3579113783200563,4.5421632226568915,2.2200565884933186,9.454995761112059,3.097721905996604,1.490522084549122e-05,0.16284918524215278,0.040398648823309784,1.3841640109894797,600700,True,2.8311626575527358,3.741492499683838,1.4255517745251227,3.3579113783200563,2.2200565884933186,3.3579113783200563,4.5421632226568915
simultaneous_eeg_nirs,simultaneous_eeg_nirs__prefrontal,13,0,1.0,paired,13,simultaneous_eeg_nirs__s13__r0__a1__paired,simultaneous_eeg_nirs__s13__r0__a1__paired,completed,0.9999996460328209,True,stationary_feasible,15,7,9.54872140385269e-07,161.6616337516261,0.5894509210556289,0.5340222038516268,0.6400976975900712,0.4258931577391986,6.938893903907228e-18,True,1.23252906573278,1.23252906573278,0.8943538067600515,1.4479078812870565,3.3222946451299173,1.0432834540433717,8.856022148904898e-07,0.055183940989056254,0.005783916116189676,0.7359653930179775,599968,True,0.5894509210556289,0.5340222038516268,0.6400976975900712,1.23252906573278,1.4479078812870565,1.23252906573278,0.8943538067600515
simultaneous_eeg_nirs,simultaneous_eeg_nirs__prefrontal,13,1,1.0,paired,13,simultaneous_eeg_nirs__s13__r1__a1__paired,simultaneous_eeg_nirs__s13__r1__a1__paired,completed,1.0000075309800711,True,stationary_feasible,23,11,4.566669583110689e-06,246.42397413469945,1.454855211627791,1.7628806508979897,1.060876611246836,0.48964265014162683,6.938893903907228e-18,True,3.128642205059137,3.128642205059137,2.264037144988228,2.3023859301676377,16.37108657160707,5.553943233149599,2.023377514530722e-05,0.12976983299068406,0.00847149862710303,1.11370820493903,600808,True,1.454855211627791,1.7628806508979897,1.060876611246836,3.128642205059137,2.3023859301676377,3.128642205059137,2.264037144988228
simultaneous_eeg_nirs,simultaneous_eeg_nirs__prefrontal,13,0,1.0,wrong_pair,13,simultaneous_eeg_nirs__s13__r0__a1__wrong_pair,simultaneous_eeg_nirs__s13__r0__a1__wrong_pair,completed,0.9999996460328209,True,stationary_feasible,15,7,1.8388621733711027e-06,158.74719169941886,1.0798681524157805,1.0179889167823486,1.138388781792953,0.4241726010506401,6.938893903907228e-18,True,1.6265855602249861,1.6265855602249861,1.3598179773402235,1.5346964986034188,8.439691042676456,2.5994863302871325,1.2088855903862542e-06,0.06843975152628409,0.020251676678101266,0.7564106009667739,600820,True,1.0798681524157805,1.0179889167823486,1.138388781792953,1.6265855602249861,1.5346964986034188,1.6265855602249861,1.3598179773402235
simultaneous_eeg_nirs,simultaneous_eeg_nirs__prefrontal,13,1,1.0,wrong_pair,13,simultaneous_eeg_nirs__s13__r1__a1__wrong_pair,simultaneous_eeg_nirs__s13__r1__a1__wrong_pair,completed,1.0000075309800711,True,stationary_feasible,27,13,9.413593212626754e-06,523.6184302749793,1.9029600217033378,2.5802820099304236,0.764629608131773,0.7119521521879747,1.3877787807814457e-17,True,3.660402083081209,3.660402083081209,3.6609319390693127,2.7856973427895646,27.931142386196406,9.879799317606235,9.904033678707067e-05,0.16357853818263166,0.01934660990793052,1.2830189579399303,600004,True,1.9029600217033378,2.5802820099304236,0.764629608131773,3.660402083081209,2.7856973427895646,3.660402083081209,3.6609319390693127
simultaneous_eeg_nirs,simultaneous_eeg_nirs__prefrontal,13,0,1.0,Hb_only,13,simultaneous_eeg_nirs__s13__r0__a1__Hb_only,simultaneous_eeg_nirs__s13__r0__a1__Hb_only,completed,0.9999996460328209,True,stationary_feasible,11,5,1.8916297292946751e-06,18.980661660860218,1.0377662975485387,1.0437540890361763,1.0317437561116933,0.16664520812157832,3.469446951953614e-18,True,1.6362036247632745,1.6362036247632745,2.286584321057382,1.5707417437916267,8.756741297662602,2.624944092995391,9.598857267512356e-07,0.06456953498532618,0.018593265387122058,0.5748857110738754,600732,True,1.0377662975485387,1.0437540890361763,1.0317437561116933,1.6362036247632745,1.5707417437916267,1.6362036247632745,2.286584321057382
simultaneous_eeg_nirs,simultaneous_eeg_nirs__prefrontal,13,1,1.0,Hb_only,13,simultaneous_eeg_nirs__s13__r1__a1__Hb_only,simultaneous_eeg_nirs__s13__r1__a1__Hb_only,completed,1.0000075309800711,True,stationary_feasible,43,21,7.981532349690106e-06,170.4177442566878,2.7703347988889573,3.680608507629762,1.342620873304766,0.5304905296864089,6.938893903907228e-18,True,3.4486603831062763,3.4486603831062763,5.3341455252337875,2.3319518464271742,10.60969675343664,3.4507852138439605,2.0061904887435232e-05,0.16604344153569886,0.0392896004719364,1.9243771400069818,600004,True,2.7703347988889573,3.680608507629762,1.342620873304766,3.4486603831062763,2.3319518464271742,3.4486603831062763,5.3341455252337875
simultaneous_eeg_nirs,simultaneous_eeg_nirs__prefrontal,14,0,0.0,paired,14,simultaneous_eeg_nirs__s14__r0__a0__paired,simultaneous_eeg_nirs__s14__r0__a0__paired,completed,0.0,True,stationary_feasible,11,5,5.270079285530427e-06,86.10958802855893,0.43149490383152705,0.48674074686575103,0.36804775424627784,0.3029668823914083,3.469446951953614e-18,True,1.61111412621785,1.61111412621785,0.9367398398525509,1.5940809804847855,2.803389471262161,0.8315802124507136,1.1763890859278363e-06,0.07443317858973562,0.009133621242552821,0.537081963964738,594132,True,0.43149490383152705,0.48674074686575103,0.36804775424627784,1.61111412621785,1.5940809804847855,1.61111412621785,0.9367398398525509
simultaneous_eeg_nirs,simultaneous_eeg_nirs__prefrontal,14,1,0.0,paired,14,simultaneous_eeg_nirs__s14__r1__a0__paired,simultaneous_eeg_nirs__s14__r1__a0__paired,completed,0.0,True,stationary_feasible,15,7,2.6308530299377085e-06,81.89269670612191,0.7485611712527515,0.5825227168301425,0.8839428367215901,0.30163796361616574,3.469446951953614e-18,True,1.2911289458066588,1.2911289458066588,0.8822447400115496,0.7108944266779286,4.296151359378217,1.3983521524847864,1.171213206281649e-06,0.046637500594654574,0.0067923513311973415,0.7415591790340841,594128,True,0.7485611712527515,0.5825227168301425,0.8839428367215901,1.2911289458066588,0.7108944266779286,1.2911289458066588,0.8822447400115496
simultaneous_eeg_nirs,simultaneous_eeg_nirs__prefrontal,14,0,0.0,wrong_pair,14,simultaneous_eeg_nirs__s14__r0__a0__wrong_pair,simultaneous_eeg_nirs__s14__r0__a0__wrong_pair,completed,0.0,True,stationary_feasible,15,7,1.1415916444486223e-06,93.48685057219852,0.4736837935299634,0.5202582352019904,0.42200004882746694,0.30459981391694435,6.938893903907228e-18,True,1.6296975561708917,1.6296975561708917,1.0812732341591214,1.5326067798619316,3.5981604350121903,1.0940950098476652,1.3897484378719167e-06,0.06284963470238003,0.006858876205192945,0.7348504660185426,600004,True,0.4736837935299634,0.5202582352019904,0.42200004882746694,1.6296975561708917,1.5326067798619316,1.6296975561708917,1.0812732341591214
simultaneous_eeg_nirs,simultaneous_eeg_nirs__prefrontal,14,1,0.0,wrong_pair,14,simultaneous_eeg_nirs__s14__r1__a0__wrong_pair,simultaneous_eeg_nirs__s14__r1__a0__wrong_pair,completed,0.0,True,stationary_feasible,15,7,1.3795360566290306e-06,100.560056819176,0.7446482241599738,0.7451328713070329,0.7441632613794784,0.33297017895050407,6.938893903907228e-18,True,1.2327975310708021,1.2327975310708021,0.9833037321806412,0.6903504785563467,4.890963832818332,1.574060752869413,1.2204630568328678e-06,0.04860265756313212,0.005976291269671116,0.7566839329665527,598864,True,0.7446482241599738,0.7451328713070329,0.7441632613794784,1.2327975310708021,0.6903504785563467,1.2327975310708021,0.9833037321806412
simultaneous_eeg_nirs,simultaneous_eeg_nirs__prefrontal,14,0,0.0,Hb_only,14,simultaneous_eeg_nirs__s14__r0__a0__Hb_only,simultaneous_eeg_nirs__s14__r0__a0__Hb_only,completed,0.0,True,stationary_feasible,13,6,6.735928582960026e-06,31.136667856916173,0.5144316009919151,0.551979709362565,0.47391786698775995,0.21498561267052704,3.469446951953614e-18,True,1.7590763947148922,1.7590763947148922,2.21633074046602,1.6790968853858312,3.3627665174746793,0.9199449534476881,1.587899714393889e-06,0.06799091103983176,0.0061141986090274695,0.6420307670487091,600004,True,0.5144316009919151,0.551979709362565,0.47391786698775995,1.7590763947148922,1.6790968853858312,1.7590763947148922,2.21633074046602
simultaneous_eeg_nirs,simultaneous_eeg_nirs__prefrontal,14,1,0.0,Hb_only,14,simultaneous_eeg_nirs__s14__r1__a0__Hb_only,simultaneous_eeg_nirs__s14__r1__a0__Hb_only,completed,0.0,True,stationary_feasible,15,7,6.664372227376505e-06,43.656790311762265,1.0225574169154283,1.3530451856731065,0.5104077461249337,0.2823114685272343,3.469446951953614e-18,True,1.3897078525111537,1.3897078525111537,1.4742786807796289,0.7891285123008611,4.599066451323684,1.4514776421189954,1.6774727734330107e-06,0.0658534841736413,0.01418086055023426,0.7223676339490339,600004,True,1.0225574169154283,1.3530451856731065,0.5104077461249337,1.3897078525111537,0.7891285123008611,1.3897078525111537,1.4742786807796289
simultaneous_eeg_nirs,simultaneous_eeg_nirs__prefrontal,14,0,0.25,paired,14,simultaneous_eeg_nirs__s14__r0__a0.25__paired,simultaneous_eeg_nirs__s14__r0__a0.25__paired,completed,0.2500025179093481,True,stationary_feasible,13,6,9.941043789258673e-06,87.22041087805981,0.43293096055295627,0.48846706027394154,0.36913190628546905,0.30465568726477077,3.469446951953614e-18,True,1.6093980096598868,1.6093980096598868,0.9193310194523076,1.5931644777785918,2.5858948031232396,0.7857193860457138,1.2037646656814453e-06,0.07436958465738877,0.009160235601271887,0.6507006189785898,599996,True,0.43293096055295627,0.48846706027394154,0.36913190628546905,1.6093980096598868,1.5931644777785918,1.6093980096598868,0.9193310194523076
simultaneous_eeg_nirs,simultaneous_eeg_nirs__prefrontal,14,1,0.25,paired,14,simultaneous_eeg_nirs__s14__r1__a0.25__paired,simultaneous_eeg_nirs__s14__r1__a0.25__paired,completed,0.25001450961837457,True,stationary_feasible,15,7,2.8158981269090897e-06,82.1559993905201,0.7478992385370096,0.5840820811727135,0.8817906012548722,0.30209876495915255,3.469446951953614e-18,True,1.2795184901724577,1.279518490172458,0.881043108271349,0.7020635185082285,4.279927767083816,1.3953635338004433,1.1719038933997337e-06,0.046146065252246585,0.006806134855122212,0.7510945069370791,600004,True,0.7478992385370096,0.5840820811727135,0.8817906012548722,1.2795184901724577,0.7020635185082285,1.279518490172458,0.881043108271349
simultaneous_eeg_nirs,simultaneous_eeg_nirs__prefrontal,14,0,0.25,wrong_pair,14,simultaneous_eeg_nirs__s14__r0__a0.25__wrong_pair,simultaneous_eeg_nirs__s14__r0__a0.25__wrong_pair,completed,0.2500025179093481,True,stationary_feasible,15,7,2.4374880925312785e-06,120.74341384352367,0.5346692586688407,0.5876888738005703,0.475777489948813,0.35066691928461724,3.469446951953614e-18,True,1.6031582748488844,1.6031582748488844,1.16712131192012,1.5024599881018195,5.2150474302689656,1.618270430771074,9.925285346989921e-07,0.06045183898282746,0.0071218748816575415,0.7627699129516259,600828,True,0.5346692586688407,0.5876888738005703,0.475777489948813,1.6031582748488844,1.5024599881018195,1.6031582748488844,1.16712131192012
simultaneous_eeg_nirs,simultaneous_eeg_nirs__prefrontal,14,1,0.25,wrong_pair,14,simultaneous_eeg_nirs__s14__r1__a0.25__wrong_pair,simultaneous_eeg_nirs__s14__r1__a0.25__wrong_pair,completed,0.25001450961837457,True,stationary_feasible,15,7,2.2105697638195943e-06,120.78822789090012,0.7295337971560855,0.7343236826673508,0.7247122542497904,0.36756909286732037,6.938893903907228e-18,True,1.2344198898237615,1.2344198898237615,0.9458218785833148,0.6757706239484178,4.560192735164947,1.5031374811542602,1.2197570501455726e-06,0.04907194251882313,0.006688661875223923,0.7395129230571911,599968,True,0.7295337971560855,0.7343236826673508,0.7247122542497904,1.2344198898237615,0.6757706239484178,1.2344198898237615,0.9458218785833148
simultaneous_eeg_nirs,simultaneous_eeg_nirs__prefrontal,14,0,0.25,Hb_only,14,simultaneous_eeg_nirs__s14__r0__a0.25__Hb_only,simultaneous_eeg_nirs__s14__r0__a0.25__Hb_only,completed,0.2500025179093481,True,stationary_feasible,13,6,6.543440967343197e-06,31.370765500533267,0.5167732543045952,0.5632470439163739,0.4656843998338251,0.21589743880449508,3.469446951953614e-18,True,1.7549040615680997,1.7549040615680997,2.637206538630599,1.6730109610043207,4.084300338419148,1.1455415997995542,1.38597618799461e-06,0.0695335333736734,0.0073017932104491754,0.6538200729992241,599984,True,0.5167732543045952,0.5632470439163739,0.4656843998338251,1.7549040615680997,1.6730109610043207,1.7549040615680997,2.637206538630599
simultaneous_eeg_nirs,simultaneous_eeg_nirs__prefrontal,14,1,0.25,Hb_only,14,simultaneous_eeg_nirs__s14__r1__a0.25__Hb_only,simultaneous_eeg_nirs__s14__r1__a0.25__Hb_only,completed,0.25001450961837457,True,stationary_feasible,15,7,6.621356901898206e-06,44.11034664980936,1.015199013482899,1.3504979468552185,0.4872508281092411,0.2840773513911413,6.938893903907228e-18,True,1.3854897268883157,1.385489726888316,1.527997847916737,0.7728477238561173,4.577999423461153,1.4431942611488633,1.6085440874201905e-06,0.06571371078839369,0.014742370517595657,0.7215570659609511,600540,True,1.015199013482899,1.3504979468552185,0.4872508281092411,1.3854897268883157,0.7728477238561173,1.385489726888316,1.527997847916737
simultaneous_eeg_nirs,simultaneous_eeg_nirs__prefrontal,14,0,0.5,paired,14,simultaneous_eeg_nirs__s14__r0__a0.5__paired,simultaneous_eeg_nirs__s14__r0__a0.5__paired,completed,0.5000052609439216,True,stationary_feasible,15,7,9.461109227769066e-07,88.42326135452426,0.4359517581873732,0.49156774044122636,0.37211426671229764,0.3053267311167445,6.938893903907228e-18,True,1.6107339760617412,1.6107339760617412,0.9406284313615687,1.5949018617362372,3.1458924862443025,0.9950449361097929,1.2378636464346224e-06,0.07447162048232575,0.009220130420852679,0.7578483399702236,600736,True,0.4359517581873732,0.49156774044122636,0.37211426671229764,1.6107339760617412,1.5949018617362372,1.6107339760617412,0.9406284313615687
simultaneous_eeg_nirs,simultaneous_eeg_nirs__prefrontal,14,1,0.5,paired,14,simultaneous_eeg_nirs__s14__r1__a0.5__paired,simultaneous_eeg_nirs__s14__r1__a0.5__paired,completed,0.5000430056652948,True,stationary_feasible,15,7,2.9001361334540364e-06,82.51658928592347,0.7471557294964329,0.5857237730499558,0.879437905666351,0.30255554171392157,3.469446951953614e-18,True,1.2677360081632532,1.2677360081632532,0.8784246088733874,0.6932028326811429,4.245336909659187,1.386462142664024,1.170429518616226e-06,0.045653116590666,0.006818936931884627,0.7553805379429832,599148,True,0.7471557294964329,0.5857237730499558,0.879437905666351,1.2677360081632532,0.6932028326811429,1.2677360081632532,0.8784246088733874
simultaneous_eeg_nirs,simultaneous_eeg_nirs__prefrontal,14,0,0.5,wrong_pair,14,simultaneous_eeg_nirs__s14__r0__a0.5__wrong_pair,simultaneous_eeg_nirs__s14__r0__a0.5__wrong_pair,completed,0.5000052609439216,True,stationary_feasible,17,8,1.9753417956182943e-06,206.85229950205658,0.653827812420653,0.7161946132717512,0.5848477515645248,0.47142739467543027,6.938893903907228e-18,True,1.6011903162998942,1.6011903162998942,1.3531225765669035,1.471384036079168,7.585362689890637,2.367497824171877,7.101245174905977e-07,0.058512793930957166,0.009167379550303622,0.8064724480500445,594132,True,0.653827812420653,0.7161946132717512,0.5848477515645248,1.6011903162998942,1.471384036079168,1.6011903162998942,1.3531225765669035
simultaneous_eeg_nirs,simultaneous_eeg_nirs__prefrontal,14,1,0.5,wrong_pair,14,simultaneous_eeg_nirs__s14__r1__a0.5__wrong_pair,simultaneous_eeg_nirs__s14__r1__a0.5__wrong_pair,completed,0.5000430056652948,True,stationary_feasible,15,7,3.5181316929016602e-06,153.9473192823447,0.7443960929473846,0.7593787994451671,0.7291055652948201,0.41786946597605745,6.938893903907228e-18,True,1.2485981485070705,1.2485981485070705,0.9239324621814433,0.6573776832418442,4.265010473789333,1.4411424360518017,1.1686623131112492e-06,0.049599619332205955,0.008422193376205015,0.7372920319903642,599956,True,0.7443960929473846,0.7593787994451671,0.7291055652948201,1.2485981485070705,0.6573776832418442,1.2485981485070705,0.9239324621814433
simultaneous_eeg_nirs,simultaneous_eeg_nirs__prefrontal,14,0,0.5,Hb_only,14,simultaneous_eeg_nirs__s14__r0__a0.5__Hb_only,simultaneous_eeg_nirs__s14__r0__a0.5__Hb_only,completed,0.5000052609439216,True,stationary_feasible,13,6,6.209735613251067e-06,31.78382480324544,0.6241258807887016,0.6824614053265828,0.5597433879736415,0.21678222422671944,3.469446951953614e-18,True,1.7840336818839158,1.7840336818839158,3.1058748213885634,1.666466086506837,5.50850205127135,1.600864909561778,1.2103799936609424e-06,0.07151910824102313,0.010624820359511147,0.6435038109775633,599136,True,0.6241258807887016,0.6824614053265828,0.5597433879736415,1.7840336818839158,1.666466086506837,1.7840336818839158,3.1058748213885634
simultaneous_eeg_nirs,simultaneous_eeg_nirs__prefrontal,14,1,0.5,Hb_only,14,simultaneous_eeg_nirs__s14__r1__a0.5__Hb_only,simultaneous_eeg_nirs__s14__r1__a0.5__Hb_only,completed,0.5000430056652948,True,stationary_feasible,15,7,6.5266264769842856e-06,44.60235178635651,1.032108852973378,1.368515114948568,0.5076058992263106,0.28572403233201954,6.938893903907228e-18,True,1.399796786959813,1.399796786959813,1.6046526156421108,0.7570569483577697,4.969499359521064,1.562946704329713,1.541776948792187e-06,0.06583676744535014,0.015868665766014277,0.7351341010071337,600820,True,1.032108852973378,1.368515114948568,0.5076058992263106,1.399796786959813,0.7570569483577697,1.399796786959813,1.6046526156421108
simultaneous_eeg_nirs,simultaneous_eeg_nirs__prefrontal,14,0,1.0,paired,14,simultaneous_eeg_nirs__s14__r0__a1__paired,simultaneous_eeg_nirs__s14__r0__a1__paired,completed,0.9999903594264216,True,stationary_feasible,15,7,9.044739515038457e-07,91.15176790766225,0.4463955359103587,0.5009945733061416,0.3841124659252675,0.30424980317198314,3.469446951953614e-18,True,1.618857232109027,1.618857232109027,1.0567429515534643,1.602305780860152,5.041572864178679,1.6408551158272167,1.260110480206337e-06,0.0749620955325009,0.00942277717515506,0.743091038079001,600816,True,0.4463955359103587,0.5009945733061416,0.3841124659252675,1.618857232109027,1.602305780860152,1.618857232109027,1.0567429515534643
simultaneous_eeg_nirs,simultaneous_eeg_nirs__prefrontal,14,1,1.0,paired,14,simultaneous_eeg_nirs__s14__r1__a1__paired,simultaneous_eeg_nirs__s14__r1__a1__paired,completed,1.000050251068,True,stationary_feasible,15,7,2.7867042117997127e-06,83.52512849221793,0.745352408585342,0.5893174560597984,0.8739595882826329,0.3034625294487537,3.469446951953614e-18,True,1.243789862639455,1.243789862639455,0.8695589668314637,0.6755350950200597,4.127799891810958,1.3530072116204919,1.1619115253925644e-06,0.044674536960298765,0.006842175685596325,0.7469880928983912,600004,True,0.745352408585342,0.5893174560597984,0.8739595882826329,1.243789862639455,0.6755350950200597,1.243789862639455,0.8695589668314637
simultaneous_eeg_nirs,simultaneous_eeg_nirs__prefrontal,14,0,1.0,wrong_pair,14,simultaneous_eeg_nirs__s14__r0__a1__wrong_pair,simultaneous_eeg_nirs__s14__r0__a1__wrong_pair,completed,0.9999903594264216,True,stationary_feasible,25,12,2.3322617877034457e-06,554.8789902106864,0.9669443702094588,1.0558175883448322,0.8690293725192704,0.792041305087618,1.3877787807814457e-17,True,1.6663706686983217,1.6663706686983217,1.8973144576182948,1.4075761202847392,12.911211292721042,4.013358035090316,3.653357435271007e-07,0.056206306011685254,0.015283019841942564,1.1566324579762295,601268,True,0.9669443702094588,1.0558175883448322,0.8690293725192704,1.6663706686983217,1.4075761202847392,1.6663706686983217,1.8973144576182948
simultaneous_eeg_nirs,simultaneous_eeg_nirs__prefrontal,14,1,1.0,wrong_pair,14,simultaneous_eeg_nirs__s14__r1__a1__wrong_pair,simultaneous_eeg_nirs__s14__r1__a1__wrong_pair,completed,1.000050251068,True,stationary_feasible,17,8,4.678434883440606e-06,257.5841055663708,0.8563656779539361,0.9049728413367351,0.8048282457754112,0.5456444864376612,1.3877787807814457e-17,True,1.3166337192752218,1.3166337192752218,1.0017565894156228,0.6123971158796372,4.728175219737387,1.6193757646008025,9.5315674140278e-07,0.05101920494795882,0.01328117511446099,0.8249576139496639,600004,True,0.8563656779539361,0.9049728413367351,0.8048282457754112,1.3166337192752218,0.6123971158796372,1.3166337192752218,1.0017565894156228
simultaneous_eeg_nirs,simultaneous_eeg_nirs__prefrontal,14,0,1.0,Hb_only,14,simultaneous_eeg_nirs__s14__r0__a1__Hb_only,simultaneous_eeg_nirs__s14__r0__a1__Hb_only,completed,0.9999903594264216,True,stationary_feasible,13,6,5.1131277932495636e-06,33.138989060776865,0.9948190539944682,1.0803087290246725,0.9012563177997669,0.21850384937339581,6.938893903907228e-18,True,1.933476146667345,1.933476146667345,4.104605208284697,1.6522730471269307,9.094647203776566,2.7235364279312946,9.256005115107589e-07,0.07666540803787679,0.019001419444275348,0.63958734809421,594128,True,0.9948190539944682,1.0803087290246725,0.9012563177997669,1.933476146667345,1.6522730471269307,1.933476146667345,4.104605208284697
simultaneous_eeg_nirs,simultaneous_eeg_nirs__prefrontal,14,1,1.0,Hb_only,14,simultaneous_eeg_nirs__s14__r1__a1__Hb_only,simultaneous_eeg_nirs__s14__r1__a1__Hb_only,completed,1.000050251068,True,stationary_feasible,15,7,6.199703837430611e-06,45.69782982666154,1.1319813476657905,1.4612215858892865,0.6539075009951456,0.2886812346060727,6.938893903907228e-18,True,1.480207820429844,1.4802078204298441,1.8120079737142603,0.7267639222664507,6.602464968508291,2.0759542483146816,1.414347708712403e-06,0.06683571747404568,0.019356404777303316,0.716158195049502,600000,True,1.1319813476657905,1.4612215858892865,0.6539075009951456,1.480207820429844,0.7267639222664507,1.4802078204298441,1.8120079737142603
simultaneous_eeg_nirs,simultaneous_eeg_nirs__prefrontal,15,0,0.0,paired,15,simultaneous_eeg_nirs__s15__r0__a0__paired,simultaneous_eeg_nirs__s15__r0__a0__paired,completed,0.0,True,stationary_feasible,19,9,7.034396430574704e-06,168.02254970397527,0.3892546860153565,0.40860420112889173,0.36889162092631994,0.4279203236888369,6.938893903907228e-18,True,1.8352980999928674,1.8352980999928674,1.4451623750975278,1.6805682431330455,8.628670407005156,2.865903377823853,2.2433145236264635e-06,0.04555195987447289,0.01589343797473577,0.887196319992654,599996,True,0.3892546860153565,0.40860420112889173,0.36889162092631994,1.8352980999928674,1.6805682431330455,1.8352980999928674,1.4451623750975278
simultaneous_eeg_nirs,simultaneous_eeg_nirs__prefrontal,15,1,0.0,paired,15,simultaneous_eeg_nirs__s15__r1__a0__paired,simultaneous_eeg_nirs__s15__r1__a0__paired,completed,0.0,True,stationary_feasible,15,7,7.610780228686991e-07,91.79635917735379,0.7507745652300276,0.7809932728804795,0.7192874274642306,0.3237154052689792,3.469446951953614e-18,True,0.6945311273422455,0.6945311273422455,0.898614171993705,0.35792632122365586,2.916653518285261,0.8770297047306752,6.500741847534703e-07,0.028351449014915684,0.0058254361266154055,0.7245342259993777,600008,True,0.7507745652300276,0.7809932728804795,0.7192874274642306,0.6945311273422455,0.35792632122365586,0.6945311273422455,0.898614171993705
simultaneous_eeg_nirs,simultaneous_eeg_nirs__prefrontal,15,0,0.0,wrong_pair,15,simultaneous_eeg_nirs__s15__r0__a0__wrong_pair,simultaneous_eeg_nirs__s15__r0__a0__wrong_pair,completed,0.0,True,stationary_feasible,17,8,5.213701238550846e-06,109.2998231223697,0.5963104219852354,0.6998898796357104,0.4704533931431784,0.3374853240785124,6.938893903907228e-18,True,1.7765098121104632,1.7765098121104632,1.3447173467796059,1.6363749049343272,9.014309285893313,3.035328274793551,2.291646844546979e-06,0.04743014984678093,0.015730941343276225,0.8405890609137714,598864,True,0.5963104219852354,0.6998898796357104,0.4704533931431784,1.7765098121104632,1.6363749049343272,1.7765098121104632,1.3447173467796059
simultaneous_eeg_nirs,simultaneous_eeg_nirs__prefrontal,15,1,0.0,wrong_pair,15,simultaneous_eeg_nirs__s15__r1__a0__wrong_pair,simultaneous_eeg_nirs__s15__r1__a0__wrong_pair,completed,0.0,True,stationary_feasible,13,6,8.728114065011263e-06,71.78640741836529,0.7888707831227219,0.9530068293418431,0.580010524177898,0.28387824907562503,6.938893903907228e-18,True,0.748336605346045,0.748336605346045,0.8677301027577201,0.34167708420204346,4.499502255086423,1.4548189323112064,8.008868388196447e-07,0.03462851258396802,0.008371922975853404,0.6418372020125389,600004,True,0.7888707831227219,0.9530068293418431,0.580010524177898,0.748336605346045,0.34167708420204346,0.748336605346045,0.8677301027577201
simultaneous_eeg_nirs,simultaneous_eeg_nirs__prefrontal,15,0,0.0,Hb_only,15,simultaneous_eeg_nirs__s15__r0__a0__Hb_only,simultaneous_eeg_nirs__s15__r0__a0__Hb_only,completed,0.0,True,stationary_feasible,19,9,6.0514646820413225e-06,74.80948341906603,1.4834218793018954,1.7515094579801167,1.1546841830515102,0.3637710676576174,6.938893903907228e-18,True,1.565442567073152,1.565442567073152,2.035458386741497,1.6492555630613508,3.8560465207066836,1.2250609707011686,2.4120662358915176e-06,0.07348934177459694,0.013642241707149928,0.87783676199615,600808,True,1.4834218793018954,1.7515094579801167,1.1546841830515102,1.565442567073152,1.6492555630613508,1.565442567073152,2.035458386741497
simultaneous_eeg_nirs,simultaneous_eeg_nirs__prefrontal,15,1,0.0,Hb_only,15,simultaneous_eeg_nirs__s15__r1__a0__Hb_only,simultaneous_eeg_nirs__s15__r1__a0__Hb_only,completed,0.0,True,stationary_feasible,13,6,2.927440716880089e-06,30.02788693599889,0.6808258497738019,0.5621556280015462,0.7816832640824711,0.2359798144642139,6.938893903907228e-18,True,0.6346397763435461,0.6346397763435461,0.29829892444999423,0.32452949135081327,0.9247255089039974,0.27777261935097985,6.829662380521328e-07,0.022713197252253757,0.002760573488701788,0.6268833600915968,600828,True,0.6808258497738019,0.5621556280015462,0.7816832640824711,0.6346397763435461,0.32452949135081327,0.6346397763435461,0.29829892444999423
simultaneous_eeg_nirs,simultaneous_eeg_nirs__prefrontal,15,0,0.25,paired,15,simultaneous_eeg_nirs__s15__r0__a0.25__paired,simultaneous_eeg_nirs__s15__r0__a0.25__paired,completed,0.24999882528382925,True,stationary_feasible,19,9,6.576163380357198e-06,168.82637519401956,0.3912429927999794,0.39593183910892227,0.38649726727364575,0.4281613813839979,6.938893903907228e-18,True,1.849855318747252,1.849855318747252,1.4487510365194318,1.6801033450374132,8.681583334821264,2.9079383453022385,2.0400865785088864e-06,0.045224242521665646,0.01628650740152968,0.9165388710098341,600700,True,0.3912429927999794,0.39593183910892227,0.38649726727364575,1.849855318747252,1.6801033450374132,1.849855318747252,1.4487510365194318
simultaneous_eeg_nirs,simultaneous_eeg_nirs__prefrontal,15,1,0.25,paired,15,simultaneous_eeg_nirs__s15__r1__a0.25__paired,simultaneous_eeg_nirs__s15__r1__a0.25__paired,completed,0.2500002800594412,True,stationary_feasible,15,7,7.578649784509512e-07,91.93491932747388,0.7503123796116973,0.7826117599991004,0.7165585580454997,0.32385984529635675,6.938893903907228e-18,True,0.7031134048226905,0.7031134048226905,0.8919608896780581,0.3595972675406706,2.886494756891317,0.8599194607682521,6.174317562748072e-07,0.028823889010189962,0.005780676063975501,0.7463555269641802,599984,True,0.7503123796116973,0.7826117599991004,0.7165585580454997,0.7031134048226905,0.3595972675406706,0.7031134048226905,0.8919608896780581
simultaneous_eeg_nirs,simultaneous_eeg_nirs__prefrontal,15,0,0.25,wrong_pair,15,simultaneous_eeg_nirs__s15__r0__a0.25__wrong_pair,simultaneous_eeg_nirs__s15__r0__a0.25__wrong_pair,completed,0.24999882528382925,True,stationary_feasible,17,8,6.875298108626087e-06,132.1903203128507,0.6569698120246449,0.7669604064116676,0.524395273453379,0.3762676697544243,3.469446951953614e-18,True,1.724305367235216,1.724305367235216,1.2968965302656612,1.629231534443256,8.745448458920773,2.9438794247841877,2.07879057019079e-06,0.04794661824338576,0.014719507383966591,0.8218653500080109,599968,True,0.6569698120246449,0.7669604064116676,0.524395273453379,1.724305367235216,1.629231534443256,1.724305367235216,1.2968965302656612
simultaneous_eeg_nirs,simultaneous_eeg_nirs__prefrontal,15,1,0.25,wrong_pair,15,simultaneous_eeg_nirs__s15__r1__a0.25__wrong_pair,simultaneous_eeg_nirs__s15__r1__a0.25__wrong_pair,completed,0.2500002800594412,True,stationary_feasible,13,6,8.547612281193489e-06,75.02755181952779,0.8210640386888639,1.0869133172482082,0.4085483472548046,0.28854169097818244,6.938893903907228e-18,True,0.8254016805391575,0.8254016805391575,0.8302078749111694,0.3587613832000296,3.7221209580927033,1.1709088497320372,7.531296967066985e-07,0.03945687084325488,0.009436008007651316,0.6515357450116426,600004,True,0.8210640386888639,1.0869133172482082,0.4085483472548046,0.8254016805391575,0.3587613832000296,0.8254016805391575,0.8302078749111694
simultaneous_eeg_nirs,simultaneous_eeg_nirs__prefrontal,15,0,0.25,Hb_only,15,simultaneous_eeg_nirs__s15__r0__a0.25__Hb_only,simultaneous_eeg_nirs__s15__r0__a0.25__Hb_only,completed,0.24999882528382925,True,stationary_feasible,19,9,6.112628175021881e-06,74.7632280199016,1.721860273694354,1.9955815861988757,1.395442487914701,0.3634269412153389,3.469446951953614e-18,True,1.6589435990023675,1.6589435990023678,2.436088126353748,1.6499289788591014,4.50295339103218,1.411148424376449,2.2331218116926937e-06,0.07868154754885859,0.01846698537278255,0.8868393889861181,600540,True,1.721860273694354,1.9955815861988757,1.395442487914701,1.6589435990023675,1.6499289788591014,1.6589435990023678,2.436088126353748
simultaneous_eeg_nirs,simultaneous_eeg_nirs__prefrontal,15,1,0.25,Hb_only,15,simultaneous_eeg_nirs__s15__r1__a0.25__Hb_only,simultaneous_eeg_nirs__s15__r1__a0.25__Hb_only,completed,0.2500002800594412,True,stationary_feasible,13,6,2.729406093857348e-06,29.9171841836707,0.6941127387442042,0.7417408701496444,0.6429661497494314,0.23567552965994903,6.938893903907228e-18,True,0.6549571993403066,0.6549571993403066,0.46441824146431926,0.3252152485589972,2.1984515105445457,0.6666143237654185,6.530322912925192e-07,0.026399095386031014,0.004485584934089086,0.6350495319347829,599136,True,0.6941127387442042,0.7417408701496444,0.6429661497494314,0.6549571993403066,0.3252152485589972,0.6549571993403066,0.46441824146431926
simultaneous_eeg_nirs,simultaneous_eeg_nirs__prefrontal,15,0,0.5,paired,15,simultaneous_eeg_nirs__s15__r0__a0.5__paired,simultaneous_eeg_nirs__s15__r0__a0.5__paired,completed,0.4999934892701398,True,stationary_feasible,19,9,6.02038657085864e-06,169.94282979053864,0.394762180085164,0.38415552329961916,0.4050912138884015,0.4286110569771768,6.938893903907228e-18,True,1.8623898273867046,1.8623898273867046,1.4419372640204537,1.6781245965014264,8.627620482674445,2.913704229512701,1.8376675745656225e-06,0.04481307783163969,0.016675829800281008,0.9407950410386547,600736,True,0.394762180085164,0.38415552329961916,0.4050912138884015,1.8623898273867046,1.6781245965014264,1.8623898273867046,1.4419372640204537
simultaneous_eeg_nirs,simultaneous_eeg_nirs__prefrontal,15,1,0.5,paired,15,simultaneous_eeg_nirs__s15__r1__a0.5__paired,simultaneous_eeg_nirs__s15__r1__a0.5__paired,completed,0.500000519833931,True,stationary_feasible,13,6,8.428509434125558e-06,92.21663386765401,0.7495923441170534,0.784460827068527,0.7130207398896335,0.3238800619579481,6.938893903907228e-18,True,0.7122457043161196,0.7122457043161196,0.905325331395529,0.36196583527655324,3.2113491421988,0.9620248130832976,5.883031017365735e-07,0.02932206373931907,0.005710941255265926,0.6610056710196659,599148,True,0.7495923441170534,0.784460827068527,0.7130207398896335,0.7122457043161196,0.36196583527655324,0.7122457043161196,0.905325331395529
simultaneous_eeg_nirs,simultaneous_eeg_nirs__prefrontal,15,0,0.5,wrong_pair,15,simultaneous_eeg_nirs__s15__r0__a0.5__wrong_pair,simultaneous_eeg_nirs__s15__r0__a0.5__wrong_pair,completed,0.4999934892701398,True,stationary_feasible,19,9,2.7815093379474502e-06,191.15491744961597,0.7554288583194341,0.8714029316435474,0.6180634681702505,0.4602817264034562,6.938893903907228e-18,True,1.6909638936279152,1.6909638936279152,1.3087030757356735,1.6225237395196606,8.78395012304067,2.9465097591713505,1.901074651493734e-06,0.048911371579253224,0.014496824459066592,0.9147741359192878,599956,True,0.7554288583194341,0.8714029316435474,0.6180634681702505,1.6909638936279152,1.6225237395196606,1.6909638936279152,1.3087030757356735
simultaneous_eeg_nirs,simultaneous_eeg_nirs__prefrontal,15,1,0.5,wrong_pair,15,simultaneous_eeg_nirs__s15__r1__a0.5__wrong_pair,simultaneous_eeg_nirs__s15__r1__a0.5__wrong_pair,completed,0.500000519833931,True,stationary_feasible,15,7,2.7101537537970794e-06,99.77717091049585,0.9983628989272757,1.3265734470995676,0.48338374544384355,0.33171714757370846,3.469446951953614e-18,True,1.0395553160964954,1.0395553160964954,0.986112105393942,0.38302138650429296,5.065207331835227,1.5755809097588194,7.273450573622839e-07,0.04594899387904249,0.014494925462144972,0.7246827039634809,594132,True,0.9983628989272757,1.3265734470995676,0.48338374544384355,1.0395553160964954,0.38302138650429296,1.0395553160964954,0.986112105393942
simultaneous_eeg_nirs,simultaneous_eeg_nirs__prefrontal,15,0,0.5,Hb_only,15,simultaneous_eeg_nirs__s15__r0__a0.5__Hb_only,simultaneous_eeg_nirs__s15__r0__a0.5__Hb_only,completed,0.4999934892701398,True,stationary_feasible,19,9,6.189580049510727e-06,74.85753367248759,1.9621668610730856,2.2407720878725326,1.6368072677008074,0.3632238543393984,6.938893903907228e-18,True,1.7854965918537964,1.7854965918537964,2.8529425078568913,1.6497835576877689,5.64487245665036,1.7692592065015162,2.0618380565214893e-06,0.08380840836735858,0.023392499964228597,0.9091438950272277,600820,True,1.9621668610730856,2.2407720878725326,1.6368072677008074,1.7854965918537964,1.6497835576877689,1.7854965918537964,2.8529425078568913
simultaneous_eeg_nirs,simultaneous_eeg_nirs__prefrontal,15,1,0.5,Hb_only,15,simultaneous_eeg_nirs__s15__r1__a0.5__Hb_only,simultaneous_eeg_nirs__s15__r1__a0.5__Hb_only,completed,0.500000519833931,True,stationary_feasible,13,6,2.504026521166587e-06,29.89433300419985,0.7900077415609711,0.960479857250639,0.5707038700309679,0.23522718322455258,6.938893903907228e-18,True,0.7610139295568145,0.7610139295568146,0.7785839567886617,0.3264044959518498,3.934115334646937,1.2035861702696937,6.235085743553381e-07,0.03097569507416372,0.008876857398612511,0.6394666900159791,594128,True,0.7900077415609711,0.960479857250639,0.5707038700309679,0.7610139295568145,0.3264044959518498,0.7610139295568146,0.7785839567886617
simultaneous_eeg_nirs,simultaneous_eeg_nirs__prefrontal,15,0,1.0,paired,15,simultaneous_eeg_nirs__s15__r0__a1__paired,simultaneous_eeg_nirs__s15__r0__a1__paired,completed,0.9999946906559062,True,stationary_feasible,19,9,4.91712066600434e-06,173.02980168447752,0.4049614394979255,0.36515373149499775,0.4411918940050271,0.43003516046399887,6.938893903907228e-18,True,1.8812457098956712,1.8812457098956712,1.4050809533886959,1.6714337621556568,8.274683236421996,2.83921254297564,1.4620415671623324e-06,0.043888429059153446,0.01738064940832961,0.9213824680773541,600816,True,0.4049614394979255,0.36515373149499775,0.4411918940050271,1.8812457098956712,1.6714337621556568,1.8812457098956712,1.4050809533886959
simultaneous_eeg_nirs,simultaneous_eeg_nirs__prefrontal,15,1,1.0,paired,15,simultaneous_eeg_nirs__s15__r1__a1__paired,simultaneous_eeg_nirs__s15__r1__a1__paired,completed,0.9999567586108404,True,stationary_feasible,13,6,5.930687889091928e-06,93.27869053522689,0.7483212343185617,0.7890012709762956,0.7052987550406578,0.32362230664245595,3.469446951953614e-18,True,0.7327598717494559,0.7327598717494559,0.9719104770711924,0.3687472284018591,4.33628346247826,1.3225502787180783,5.505870410826599e-07,0.030372101459203268,0.005535554498422079,0.6539075280306861,600004,True,0.7483212343185617,0.7890012709762956,0.7052987550406578,0.7327598717494559,0.3687472284018591,0.7327598717494559,0.9719104770711924
simultaneous_eeg_nirs,simultaneous_eeg_nirs__prefrontal,15,0,1.0,wrong_pair,15,simultaneous_eeg_nirs__s15__r0__a1__wrong_pair,simultaneous_eeg_nirs__s15__r0__a1__wrong_pair,completed,0.9999946906559062,True,stationary_feasible,23,11,2.5727218428597535e-06,407.23096825130244,1.0121184084592785,1.1419198958361272,0.8630100213658556,0.6843504181323297,6.938893903907228e-18,True,1.6785133138463535,1.6785133138463535,1.4770820934703288,1.6087270763793369,9.60887083713134,3.1884935999971225,1.614322303298658e-06,0.05190527838354468,0.0162740080240856,1.0782712990185246,600000,True,1.0121184084592785,1.1419198958361272,0.8630100213658556,1.6785133138463535,1.6087270763793369,1.6785133138463535,1.4770820934703288
simultaneous_eeg_nirs,simultaneous_eeg_nirs__prefrontal,15,1,1.0,wrong_pair,15,simultaneous_eeg_nirs__s15__r1__a1__wrong_pair,simultaneous_eeg_nirs__s15__r1__a1__wrong_pair,completed,0.9999567586108404,True,stationary_feasible,17,8,1.2099025253407705e-06,216.1258255747254,1.5615890538991277,1.954846667591222,1.0274703171978452,0.4884986373580543,3.469446951953614e-18,True,1.6441551355142334,1.6441551355142334,1.5786330082244386,0.449966361551418,9.949355316197495,3.115177344993495,7.478942016009831e-07,0.061750265750300536,0.027437024424149872,0.81020173500292,600008,True,1.5615890538991277,1.954846667591222,1.0274703171978452,1.6441551355142334,0.449966361551418,1.6441551355142334,1.5786330082244386
simultaneous_eeg_nirs,simultaneous_eeg_nirs__prefrontal,15,0,1.0,Hb_only,15,simultaneous_eeg_nirs__s15__r0__a1__Hb_only,simultaneous_eeg_nirs__s15__r0__a1__Hb_only,completed,0.9999946906559062,True,stationary_feasible,19,9,6.398483130368672e-06,75.45324519373965,2.4367849819642435,2.723866903695766,2.1110166241893498,0.36328191362126366,3.469446951953614e-18,True,2.1026139359910494,2.1026139359910494,3.682304450314411,1.6473194245189675,8.47233689366496,2.704392174168547,1.7406053675802957e-06,0.093762479444567,0.03310259774474782,0.9004827169701457,600004,True,2.4367849819642435,2.723866903695766,2.1110166241893498,2.1026139359910494,1.6473194245189675,2.1026139359910494,3.682304450314411
simultaneous_eeg_nirs,simultaneous_eeg_nirs__prefrontal,15,1,1.0,Hb_only,15,simultaneous_eeg_nirs__s15__r1__a1__Hb_only,simultaneous_eeg_nirs__s15__r1__a1__Hb_only,completed,0.9999567586108404,True,stationary_feasible,13,6,1.988226317374336e-06,30.115682203022107,1.132084440671323,1.4431897124837791,0.6931333316189541,0.2338738131517437,3.469446951953614e-18,True,1.1189657500451915,1.1189657500451915,1.484676602744811,0.33044122035949314,7.5472466321820555,2.3261950785855974,5.660367125918707e-07,0.041606482767131144,0.0182955485667986,0.6316721390467137,600004,True,1.132084440671323,1.4431897124837791,0.6931333316189541,1.1189657500451915,0.33044122035949314,1.1189657500451915,1.484676602744811
visual_cognitive_motivation,visual_cognitive_motivation__prefrontal__montage0,0,0,0.0,paired,0,visual_cognitive_motivation__s00__r0__a0__paired,visual_cognitive_motivation__s00__r0__a0__paired,completed,0.0,True,stationary_feasible,15,7,3.485095200338467e-07,113.91490643472474,0.64188648668882,0.6902992238090051,0.5895112426375925,0.3621891418591921,3.469446951953614e-18,True,1.0037693362014186,1.0037693362014186,1.3324138977128601,0.9927972331665341,4.927804388663115,1.4856272631944065,6.644210435042743e-07,0.0486892245616291,0.008968472451401458,0.723179369000718,600828,True,0.64188648668882,0.6902992238090051,0.5895112426375925,1.0037693362014186,0.9927972331665341,1.0037693362014186,1.3324138977128601
visual_cognitive_motivation,visual_cognitive_motivation__prefrontal__montage0,0,1,0.0,paired,0,visual_cognitive_motivation__s00__r1__a0__paired,visual_cognitive_motivation__s00__r1__a0__paired,completed,0.0,True,stationary_feasible,15,7,6.644363882902251e-06,159.07326252486973,1.1971359283734015,1.413253100219384,0.9321934009234305,0.42526367066364534,6.938893903907228e-18,True,1.5768531341650527,1.5768531341650527,0.6701954584827885,1.439940102664771,2.403496232919195,0.730288945052428,1.9467462457560284e-06,0.07789444441149698,0.014801780372317459,0.7434863250236958,598864,True,1.1971359283734015,1.413253100219384,0.9321934009234305,1.5768531341650527,1.439940102664771,1.5768531341650527,0.6701954584827885
visual_cognitive_motivation,visual_cognitive_motivation__prefrontal__montage0,0,0,0.0,wrong_pair,0,visual_cognitive_motivation__s00__r0__a0__wrong_pair,visual_cognitive_motivation__s00__r0__a0__wrong_pair,completed,0.0,True,stationary_feasible,11,5,9.888192786288975e-06,89.12789448743041,0.4583601181543284,0.5250309319909755,0.3801716931619021,0.3118226499009141,3.469446951953614e-18,True,1.0567992490569782,1.0567992490569782,0.9696790935589845,1.0337592986761788,4.324629130997926,1.351838449589835,1.1620121722149284e-06,0.049679571878371624,0.009770894655010779,0.548770772991702,599996,True,0.4583601181543284,0.5250309319909755,0.3801716931619021,1.0567992490569782,1.0337592986761788,1.0567992490569782,0.9696790935589845
visual_cognitive_motivation,visual_cognitive_motivation__prefrontal__montage0,0,1,0.0,wrong_pair,0,visual_cognitive_motivation__s00__r1__a0__wrong_pair,visual_cognitive_motivation__s00__r1__a0__wrong_pair,completed,0.0,True,stationary_feasible,15,7,6.617006357476196e-07,133.76116010393457,0.9808146384377975,1.1569076514082846,0.7652185283046287,0.3854379791556751,6.938893903907228e-18,True,1.5556752997826182,1.5556752997826182,1.0675879584349195,1.5053868335691374,5.938191704486105,1.910773592200193,2.735844634283058e-06,0.07521631472175394,0.01082599354121136,0.7281722580082715,600808,True,0.9808146384377975,1.1569076514082846,0.7652185283046287,1.5556752997826182,1.5053868335691374,1.5556752997826182,1.0675879584349195
visual_cognitive_motivation,visual_cognitive_motivation__prefrontal__montage0,0,0,0.0,Hb_only,0,visual_cognitive_motivation__s00__r0__a0__Hb_only,visual_cognitive_motivation__s00__r0__a0__Hb_only,completed,0.0,True,stationary_feasible,9,4,7.529915437756566e-06,21.39937452036455,0.7096492331692895,0.80719554667061,0.5963551104087701,0.19823448473780364,3.469446951953614e-18,True,1.0941883876104104,1.0941883876104104,1.1672445912903258,1.060631932172957,2.9312255341387106,0.9065035209530068,1.2218600759358092e-06,0.05333641842853808,0.010492921776084114,0.4576890360331163,600004,True,0.7096492331692895,0.80719554667061,0.5963551104087701,1.0941883876104104,1.060631932172957,1.0941883876104104,1.1672445912903258
visual_cognitive_motivation,visual_cognitive_motivation__prefrontal__montage0,0,1,0.0,Hb_only,0,visual_cognitive_motivation__s00__r1__a0__Hb_only,visual_cognitive_motivation__s00__r1__a0__Hb_only,completed,0.0,True,stationary_feasible,13,6,6.082806194175404e-06,52.67221590011863,0.9942787141306018,1.1939195392537856,0.7427896448756095,0.3104618543047009,6.938893903907228e-18,True,1.4256889523521028,1.4256889523521028,1.4741132802565096,1.3843316534151728,4.817684662805073,1.5574444842280712,1.9721045426449346e-06,0.06691855807671275,0.011677581161286182,0.6290341439889744,599984,True,0.9942787141306018,1.1939195392537856,0.7427896448756095,1.4256889523521028,1.3843316534151728,1.4256889523521028,1.4741132802565096
visual_cognitive_motivation,visual_cognitive_motivation__prefrontal__montage0,0,0,0.25,paired,0,visual_cognitive_motivation__s00__r0__a0.25__paired,visual_cognitive_motivation__s00__r0__a0.25__paired,completed,0.2500097349491288,True,stationary_feasible,11,5,8.226394399330617e-06,113.94527319032035,0.6441232810318102,0.693648726988646,0.5904583354322297,0.36303151671930944,3.469446951953614e-18,True,1.0198272560274522,1.0198272560274522,1.270556497063375,1.0043273847536316,4.011875014136114,1.2133898657558209,7.499543791341887e-07,0.04946456933991204,0.00907306915095988,0.560249006957747,599136,True,0.6441232810318102,0.693648726988646,0.5904583354322297,1.0198272560274522,1.0043273847536316,1.0198272560274522,1.270556497063375
visual_cognitive_motivation,visual_cognitive_motivation__prefrontal__montage0,0,1,0.25,paired,0,visual_cognitive_motivation__s00__r1__a0.25__paired,visual_cognitive_motivation__s00__r1__a0.25__paired,completed,0.24999939069807106,True,stationary_feasible,15,7,7.180075719884677e-06,158.511952041792,1.1952120856652788,1.410880948193705,0.9308484352808051,0.42463371203828326,6.938893903907228e-18,True,1.5721594893864135,1.5721594893864135,0.6711658688717443,1.435631244429695,2.4126456220418366,0.7368391859520026,1.7157097509914e-06,0.07763672790895097,0.014788299565549374,0.7366824090713635,601272,True,1.1952120856652788,1.410880948193705,0.9308484352808051,1.5721594893864135,1.435631244429695,1.5721594893864135,0.6711658688717443
visual_cognitive_motivation,visual_cognitive_motivation__prefrontal__montage0,0,0,0.25,wrong_pair,0,visual_cognitive_motivation__s00__r0__a0.25__wrong_pair,visual_cognitive_motivation__s00__r0__a0.25__wrong_pair,completed,0.2500097349491288,True,stationary_feasible,11,5,8.098392291580308e-06,84.99421486605951,0.6224607906610782,0.7293415904639137,0.49292567009681887,0.3052564516376751,3.469446951953614e-18,True,1.15880983076445,1.15880983076445,0.9400426794942401,1.0292144738198605,3.571267671596376,1.0920894556624916,1.1026751598480083e-06,0.055508925562159805,0.013422035446072301,0.5668576599564403,600004,True,0.6224607906610782,0.7293415904639137,0.49292567009681887,1.15880983076445,1.0292144738198605,1.15880983076445,0.9400426794942401
visual_cognitive_motivation,visual_cognitive_motivation__prefrontal__montage0,0,1,0.25,wrong_pair,0,visual_cognitive_motivation__s00__r1__a0.25__wrong_pair,visual_cognitive_motivation__s00__r1__a0.25__wrong_pair,completed,0.24999939069807106,True,stationary_feasible,15,7,7.970990951345489e-07,154.06213349721006,1.1651847398512405,1.3599357463305453,0.9305298070544487,0.41284470841041554,6.938893903907228e-18,True,1.651925945570063,1.651925945570063,0.999296617490544,1.50831346465135,5.222860878672932,1.6506398327349858,2.5404430980279014e-06,0.08116357372361789,0.014963239594201594,0.7484212069539353,599148,True,1.1651847398512405,1.3599357463305453,0.9305298070544487,1.651925945570063,1.50831346465135,1.651925945570063,0.999296617490544
visual_cognitive_motivation,visual_cognitive_motivation__prefrontal__montage0,0,0,0.25,Hb_only,0,visual_cognitive_motivation__s00__r0__a0.25__Hb_only,visual_cognitive_motivation__s00__r0__a0.25__Hb_only,completed,0.2500097349491288,True,stationary_feasible,11,5,8.170316351137005e-07,21.598096399190723,0.7555268991761313,0.8638972303008985,0.6287474582340961,0.198937148965887,3.469446951953614e-18,True,1.1122712786916358,1.1122712786916358,1.0124332613190197,1.0524367042084948,2.816812401686621,0.8607424654583185,1.1553677815864751e-06,0.054359740041153314,0.011527376243561798,0.5592546670231968,600700,True,0.7555268991761313,0.8638972303008985,0.6287474582340961,1.1122712786916358,1.0524367042084948,1.1122712786916358,1.0124332613190197
visual_cognitive_motivation,visual_cognitive_motivation__prefrontal__montage0,0,1,0.25,Hb_only,0,visual_cognitive_motivation__s00__r1__a0.25__Hb_only,visual_cognitive_motivation__s00__r1__a0.25__Hb_only,completed,0.24999939069807106,True,stationary_feasible,13,6,6.459414233309931e-06,52.922198971244214,1.0544903670983519,1.2500979478400454,0.8131143765870467,0.3105826281833971,6.938893903907228e-18,True,1.4721775377807143,1.4721775377807143,1.612957087594598,1.3860981262365293,5.034079604089404,1.6078299104554126,1.8352276569804489e-06,0.07000054688801681,0.013394758762645608,0.6443247770657763,599968,True,1.0544903670983519,1.2500979478400454,0.8131143765870467,1.4721775377807143,1.3860981262365293,1.4721775377807143,1.612957087594598
visual_cognitive_motivation,visual_cognitive_motivation__prefrontal__montage0,0,0,0.5,paired,0,visual_cognitive_motivation__s00__r0__a0.5__paired,visual_cognitive_motivation__s00__r0__a0.5__paired,completed,0.5000252741552048,True,stationary_feasible,11,5,2.858690227927039e-06,113.99677726361602,0.6449069218326924,0.6953589456969257,0.5901574470382432,0.3631704919481654,3.469446951953614e-18,True,1.0340768792670343,1.0340768792670345,1.225594827931034,1.0153073855433024,3.2994069539607844,1.0032275832787734,8.489584360172295e-07,0.0501641739848643,0.009125478940526713,0.5732872349908575,594128,True,0.6449069218326924,0.6953589456969257,0.5901574470382432,1.0340768792670343,1.0153073855433024,1.0340768792670345,1.225594827931034
visual_cognitive_motivation,visual_cognitive_motivation__prefrontal__montage0,0,1,0.5,paired,0,visual_cognitive_motivation__s00__r1__a0.5__paired,visual_cognitive_motivation__s00__r1__a0.5__paired,completed,0.4999975158547416,True,stationary_feasible,15,7,7.120497900761387e-06,158.2474640824092,1.193360993368234,1.408504112430927,0.9296973089402825,0.424063454975266,6.938893903907228e-18,True,1.5665043413433704,1.5665043413433704,0.6717020808883998,1.4303704973434768,2.4210487287779943,0.7437593328595401,1.5054151358113478e-06,0.0773298464153334,0.014777170147807498,0.7359448440838605,594132,True,1.193360993368234,1.408504112430927,0.9296973089402825,1.5665043413433704,1.4303704973434768,1.5665043413433704,0.6717020808883998
visual_cognitive_motivation,visual_cognitive_motivation__prefrontal__montage0,0,0,0.5,wrong_pair,0,visual_cognitive_motivation__s00__r0__a0.5__wrong_pair,visual_cognitive_motivation__s00__r0__a0.5__wrong_pair,completed,0.5000252741552048,True,stationary_feasible,9,4,7.270437108521516e-06,98.47810476962609,0.9021226382355598,1.0582435709234166,0.7125805592586915,0.3313026634447576,3.469446951953614e-18,True,1.3443218860517698,1.3443218860517698,1.1100689452393269,1.0212798521600526,5.365807086638307,1.658736569708472,1.0082401847960964e-06,0.06184976457853,0.01919725625086055,0.47854293894488364,600540,True,0.9021226382355598,1.0582435709234166,0.7125805592586915,1.3443218860517698,1.0212798521600526,1.3443218860517698,1.1100689452393269
visual_cognitive_motivation,visual_cognitive_motivation__prefrontal__montage0,0,1,0.5,wrong_pair,0,visual_cognitive_motivation__s00__r1__a0.5__wrong_pair,visual_cognitive_motivation__s00__r1__a0.5__wrong_pair,completed,0.4999975158547416,True,stationary_feasible,15,7,7.703208645899101e-07,190.52119838536058,1.40196365929299,1.6234633138119399,1.1381436959642386,0.4592999010669561,6.938893903907228e-18,True,1.792261185836034,1.7922611858360338,0.9975984309107134,1.499890564134589,5.150917999963982,1.590676364097955,2.1774425155133827e-06,0.08679461331970775,0.020567234996017356,0.7524666578974575,600004,True,1.40196365929299,1.6234633138119399,1.1381436959642386,1.792261185836034,1.499890564134589,1.7922611858360338,0.9975984309107134
visual_cognitive_motivation,visual_cognitive_motivation__prefrontal__montage0,0,0,0.5,Hb_only,0,visual_cognitive_motivation__s00__r0__a0.5__Hb_only,visual_cognitive_motivation__s00__r0__a0.5__Hb_only,completed,0.5000252741552048,True,stationary_feasible,11,5,1.088688083646416e-06,21.911389812934086,0.8194808039141597,0.9422317188254851,0.6747569666233663,0.1996757575603653,3.469446951953614e-18,True,1.1452128451954018,1.1452128451954018,1.045046451793405,1.0444486409157172,3.3740746268018884,1.0190660432937555,1.0909494996698145e-06,0.05559094163318932,0.012993784622394533,0.5620101060485467,600736,True,0.8194808039141597,0.9422317188254851,0.6747569666233663,1.1452128451954018,1.0444486409157172,1.1452128451954018,1.045046451793405
visual_cognitive_motivation,visual_cognitive_motivation__prefrontal__montage0,0,1,0.5,Hb_only,0,visual_cognitive_motivation__s00__r1__a0.5__Hb_only,visual_cognitive_motivation__s00__r1__a0.5__Hb_only,completed,0.4999975158547416,True,stationary_feasible,13,6,6.750487185593837e-06,53.34086178888946,1.1571161383997612,1.3561453693023289,0.9158085240978051,0.31075050192113224,6.938893903907228e-18,True,1.5512046210881176,1.5512046210881176,1.8156548245901662,1.3863760899321238,5.841025395602413,1.846250883723376,1.702488022403533e-06,0.07329086558976457,0.0163685234582027,0.6443525491049513,599956,True,1.1571161383997612,1.3561453693023289,0.9158085240978051,1.5512046210881176,1.3863760899321238,1.5512046210881176,1.8156548245901662
visual_cognitive_motivation,visual_cognitive_motivation__prefrontal__montage0,0,0,1.0,paired,0,visual_cognitive_motivation__s00__r0__a1__paired,visual_cognitive_motivation__s00__r0__a1__paired,completed,0.9999936809803456,True,stationary_feasible,15,7,1.8848094569792247e-06,114.16233027169453,0.6420551016814868,0.6936547954606571,0.5859287771776384,0.3613246045326679,6.938893903907228e-18,True,1.0543644785846487,1.0543644785846487,1.1973437313516588,1.0332212786363042,3.128815206474388,0.9926067011199713,1.0704886168068001e-06,0.05119176917635137,0.00906830740692075,0.7374223410151899,599996,True,0.6420551016814868,0.6936547954606571,0.5859287771776384,1.0543644785846487,1.0332212786363042,1.0543644785846487,1.1973437313516588
visual_cognitive_motivation,visual_cognitive_motivation__prefrontal__montage0,0,1,1.0,paired,0,visual_cognitive_motivation__s00__r1__a1__paired,visual_cognitive_motivation__s00__r1__a1__paired,completed,1.0000148951957295,True,stationary_feasible,15,7,5.475187079172538e-06,158.54728506147038,1.1910666058333195,1.40496614154158,0.9291660024906064,0.42302550762816127,6.938893903907228e-18,True,1.5543330836027631,1.5543330836027631,0.6731846173245901,1.418319209380805,2.4609472192122417,0.7712178475288892,1.149024222235109e-06,0.07666649525244386,0.01479119523324992,0.740111369988881,600004,True,1.1910666058333195,1.40496614154158,0.9291660024906064,1.5543330836027631,1.418319209380805,1.5543330836027631,0.6731846173245901
visual_cognitive_motivation,visual_cognitive_motivation__prefrontal__montage0,0,0,1.0,wrong_pair,0,visual_cognitive_motivation__s00__r0__a1__wrong_pair,visual_cognitive_motivation__s00__r0__a1__wrong_pair,completed,0.9999936809803456,True,stationary_feasible,15,7,4.7385261309995024e-06,176.5129420804139,1.5306789220419883,1.789786808209942,1.2176284761473488,0.4499904343380284,6.938893903907228e-18,True,1.8393867158422592,1.8393867158422592,1.8414927971665085,0.9969378816718973,11.953631984148219,3.722968815335976,7.652627209430743e-07,0.07519984207073273,0.032031417075478213,0.7417088899528608,600820,True,1.5306789220419883,1.789786808209942,1.2176284761473488,1.8393867158422592,0.9969378816718973,1.8393867158422592,1.8414927971665085
visual_cognitive_motivation,visual_cognitive_motivation__prefrontal__montage0,0,1,1.0,wrong_pair,0,visual_cognitive_motivation__s00__r1__a1__wrong_pair,visual_cognitive_motivation__s00__r1__a1__wrong_pair,completed,1.0000148951957295,True,stationary_feasible,17,8,9.37970704798422e-06,306.48806116042635,1.9457864555312707,2.2332997850248857,1.6076510601699896,0.5838900535946943,1.3877787807814457e-17,True,2.1721201059489976,2.1721201059489976,1.3496619891487145,1.4625210221262557,8.642543079984264,2.7624441567839875,1.331410790990004e-06,0.09757127489194088,0.03293005544026747,0.8340049770195037,600004,True,1.9457864555312707,2.2332997850248857,1.6076510601699896,2.1721201059489976,1.4625210221262557,2.1721201059489976,1.3496619891487145
visual_cognitive_motivation,visual_cognitive_motivation__prefrontal__montage0,0,0,1.0,Hb_only,0,visual_cognitive_motivation__s00__r0__a1__Hb_only,visual_cognitive_motivation__s00__r0__a1__Hb_only,completed,0.9999936809803456,True,stationary_feasible,11,5,1.5780311470089612e-06,22.87706565737964,0.9845462879037282,1.1424792471151708,0.7958667953628762,0.201260983112289,6.938893903907228e-18,True,1.2488359787249461,1.2488359787249461,1.5283677706962155,1.0291282645033888,5.478224960802663,1.662848007043247,9.68924160941057e-07,0.05861445920061491,0.01668562116259425,0.5468930150382221,600008,True,0.9845462879037282,1.1424792471151708,0.7958667953628762,1.2488359787249461,1.0291282645033888,1.2488359787249461,1.5283677706962155
visual_cognitive_motivation,visual_cognitive_motivation__prefrontal__montage0,0,1,1.0,Hb_only,0,visual_cognitive_motivation__s00__r1__a1__Hb_only,visual_cognitive_motivation__s00__r1__a1__Hb_only,completed,1.0000148951957295,True,stationary_feasible,13,6,7.000250423853634e-06,54.6528230869693,1.4425539346708174,1.6672521955042596,1.1756673957606971,0.31124912964477236,6.938893903907228e-18,True,1.782778043247623,1.7827780432476228,2.3478037633927937,1.3832884752892436,8.369066224110808,2.660794298659158,1.4484886807833124e-06,0.08032405080607521,0.02390856213629087,0.6477129090344533,600828,True,1.4425539346708174,1.6672521955042596,1.1756673957606971,1.782778043247623,1.3832884752892436,1.7827780432476228,2.3478037633927937
visual_cognitive_motivation,visual_cognitive_motivation__prefrontal__montage0,1,0,0.0,paired,1,visual_cognitive_motivation__s01__r0__a0__paired,visual_cognitive_motivation__s01__r0__a0__paired,completed,0.0,True,stationary_feasible,19,9,7.461583844462329e-06,165.79753541938777,0.967142294272057,0.931758585385309,1.0012763720873494,0.4194609366756437,6.938893903907228e-18,True,2.306251538656892,2.306251538656892,1.0177266571241843,2.4236692041684016,5.052715613866016,1.5933222528382838,5.3529136877184316e-06,0.10728025428715099,0.0065282208525038864,0.8965015630237758,600816,True,0.967142294272057,0.931758585385309,1.0012763720873494,2.306251538656892,2.4236692041684016,2.306251538656892,1.0177266571241843
visual_cognitive_motivation,visual_cognitive_motivation__prefrontal__montage0,1,1,0.0,paired,1,visual_cognitive_motivation__s01__r1__a0__paired,visual_cognitive_motivation__s01__r1__a0__paired,completed,0.0,True,stationary_feasible,11,5,3.952301603627149e-07,68.89772574225825,0.4406578313564431,0.5154419981893125,0.3502544720258911,0.28354152858546805,3.469446951953614e-18,True,0.7132997109312206,0.7132997109312206,0.6080216891530132,0.8223296995686523,1.5149428323290832,0.4804203939362155,4.516756111516417e-07,0.011544481433763751,0.011082562769439877,0.5576156650204211,598864,True,0.4406578313564431,0.5154419981893125,0.3502544720258911,0.7132997109312206,0.8223296995686523,0.7132997109312206,0.6080216891530132
visual_cognitive_motivation,visual_cognitive_motivation__prefrontal__montage0,1,0,0.0,wrong_pair,1,visual_cognitive_motivation__s01__r0__a0__wrong_pair,visual_cognitive_motivation__s01__r0__a0__wrong_pair,completed,0.0,True,stationary_feasible,19,9,3.478312677725146e-06,154.73603353576513,0.9071012511350529,0.8810971520733661,0.9323803774371058,0.4061243353760685,6.938893903907228e-18,True,2.307507006464428,2.307507006464428,0.9359814670809098,2.404836707584362,2.9813913335311293,0.9291305572058156,3.983517087543243e-06,0.10990254022333136,0.008147242691955922,0.891660185996443,599136,True,0.9071012511350529,0.8810971520733661,0.9323803774371058,2.307507006464428,2.404836707584362,2.307507006464428,0.9359814670809098
visual_cognitive_motivation,visual_cognitive_motivation__prefrontal__montage0,1,1,0.0,wrong_pair,1,visual_cognitive_motivation__s01__r1__a0__wrong_pair,visual_cognitive_motivation__s01__r1__a0__wrong_pair,completed,0.0,True,stationary_feasible,13,6,6.244814190814608e-07,139.7531737056768,0.6487191553293358,0.652280190540636,0.6451384642157723,0.4007679041848042,3.469446951953614e-18,True,0.7057511570266707,0.7057511570266707,1.0276641669982904,0.8577947285907622,4.409741094444292,1.3859361359527913,5.167872086582836e-07,0.02578714289510179,0.008874050837297033,0.6386074690381065,599984,True,0.6487191553293358,0.652280190540636,0.6451384642157723,0.7057511570266707,0.8577947285907622,0.7057511570266707,1.0276641669982904
visual_cognitive_motivation,visual_cognitive_motivation__prefrontal__montage0,1,0,0.0,Hb_only,1,visual_cognitive_motivation__s01__r0__a0__Hb_only,visual_cognitive_motivation__s01__r0__a0__Hb_only,completed,0.0,True,stationary_feasible,19,9,8.284240801719136e-06,108.03855806254242,1.3971786378677826,1.386782017931088,1.4074984642873059,0.4356236404554402,6.938893903907228e-18,True,2.377252380218936,2.377252380218936,3.178395554928378,2.486776325989563,3.9322734225778206,1.0831377058832188,5.856491706071721e-06,0.10150355974265256,0.008278643392635936,0.8795805920381099,600004,True,1.3971786378677826,1.386782017931088,1.4074984642873059,2.377252380218936,2.486776325989563,2.377252380218936,3.178395554928378
visual_cognitive_motivation,visual_cognitive_motivation__prefrontal__montage0,1,1,0.0,Hb_only,1,visual_cognitive_motivation__s01__r1__a0__Hb_only,visual_cognitive_motivation__s01__r1__a0__Hb_only,completed,0.0,True,stationary_feasible,9,4,5.1515204360874855e-06,42.61281586525006,0.4327801510346231,0.4766301006888718,0.3839545095143671,0.2930921137095909,3.469446951953614e-18,True,0.6306132843001867,0.6306132843001867,1.2368213582667447,0.8010106657081234,1.5041469921584816,0.4501394175917105,3.8320532947458933e-07,0.013445614719490408,0.008939051787558747,0.44520337402354926,600004,True,0.4327801510346231,0.4766301006888718,0.3839545095143671,0.6306132843001867,0.8010106657081234,0.6306132843001867,1.2368213582667447
visual_cognitive_motivation,visual_cognitive_motivation__prefrontal__montage0,1,0,0.25,paired,1,visual_cognitive_motivation__s01__r0__a0.25__paired,visual_cognitive_motivation__s01__r0__a0.25__paired,completed,0.2500038449210641,True,stationary_feasible,19,9,6.661701223847579e-06,167.04693791330925,0.9647838896635226,0.9336911932766939,0.9949053538433169,0.4219107988459214,6.938893903907228e-18,True,2.2729421294335435,2.2729421294335435,0.9272462476008015,2.398252543878315,3.995574249049287,1.2404840475836911,5.066745508316801e-06,0.10579995977146575,0.006522229085451945,0.9235294649843127,600700,True,0.9647838896635226,0.9336911932766939,0.9949053538433169,2.2729421294335435,2.398252543878315,2.2729421294335435,0.9272462476008015
visual_cognitive_motivation,visual_cognitive_motivation__prefrontal__montage0,1,1,0.25,paired,1,visual_cognitive_motivation__s01__r1__a0.25__paired,visual_cognitive_motivation__s01__r1__a0.25__paired,completed,0.2500051743658571,True,stationary_feasible,9,4,9.018196773243425e-06,68.8432589205601,0.4400335722641652,0.5137113360085642,0.35122607063744643,0.28390138472017223,3.469446951953614e-18,True,0.7066595903897411,0.7066595903897411,0.652493354902659,0.8175441703693517,2.552370849023083,0.818072555490065,3.9894616969076483e-07,0.011297926048188803,0.011033447683456559,0.47432945494074374,600808,True,0.4400335722641652,0.5137113360085642,0.35122607063744643,0.7066595903897411,0.8175441703693517,0.7066595903897411,0.652493354902659
visual_cognitive_motivation,visual_cognitive_motivation__prefrontal__montage0,1,0,0.25,wrong_pair,1,visual_cognitive_motivation__s01__r0__a0.25__wrong_pair,visual_cognitive_motivation__s01__r0__a0.25__wrong_pair,completed,0.2500038449210641,True,stationary_feasible,19,9,4.592513636402118e-06,166.25260249446552,1.1315972936224112,1.1457507382014018,1.1172645683892757,0.4208866588310234,6.938893903907228e-18,True,2.207203213144881,2.207203213144881,0.9639111633351006,2.3303162386319256,3.398905868670225,1.058103117514343,3.89578541420376e-06,0.10291100549596728,0.008704119835112918,0.898996757925488,600000,True,1.1315972936224112,1.1457507382014018,1.1172645683892757,2.207203213144881,2.3303162386319256,2.207203213144881,0.9639111633351006
visual_cognitive_motivation,visual_cognitive_motivation__prefrontal__montage0,1,1,0.25,wrong_pair,1,visual_cognitive_motivation__s01__r1__a0.25__wrong_pair,visual_cognitive_motivation__s01__r1__a0.25__wrong_pair,completed,0.2500051743658571,True,stationary_feasible,13,6,6.574084631731454e-06,110.47742818939004,0.7070686218927753,0.7263096904745138,0.6872890990358518,0.35737698566904463,3.469446951953614e-18,True,0.7641689644689417,0.7641689644689417,1.0669667691809648,0.8066424672105128,4.835524027254446,1.5086872339544828,3.3321208372160313e-07,0.023049188616584913,0.012254476446560351,0.6480942050693557,600540,True,0.7070686218927753,0.7263096904745138,0.6872890990358518,0.7641689644689417,0.8066424672105128,0.7641689644689417,1.0669667691809648
visual_cognitive_motivation,visual_cognitive_motivation__prefrontal__montage0,1,0,0.25,Hb_only,1,visual_cognitive_motivation__s01__r0__a0.25__Hb_only,visual_cognitive_motivation__s01__r0__a0.25__Hb_only,completed,0.2500038449210641,True,stationary_feasible,19,9,7.658576594749995e-06,109.29111969100248,1.3313082934841514,1.3239232782336772,1.3386525680513075,0.439752153838594,6.938893903907228e-18,True,2.339974581118368,2.339974581118368,3.161986752315909,2.4590578243206247,4.046863591534527,1.1216839820107996,5.516870719292962e-06,0.10332450057742341,0.006887336830562216,0.8873538450570777,599968,True,1.3313082934841514,1.3239232782336772,1.3386525680513075,2.339974581118368,2.4590578243206247,2.339974581118368,3.161986752315909
visual_cognitive_motivation,visual_cognitive_motivation__prefrontal__montage0,1,1,0.25,Hb_only,1,visual_cognitive_motivation__s01__r1__a0.25__Hb_only,visual_cognitive_motivation__s01__r1__a0.25__Hb_only,completed,0.2500051743658571,True,stationary_feasible,9,4,3.840684024996553e-06,42.40696281022446,0.4581986711918516,0.481119117385219,0.4340696251183961,0.29305104153023287,3.469446951953614e-18,True,0.6058612956615331,0.6058612956615331,0.8461188517556597,0.7963893990956986,1.9923586361214503,0.6401833571848071,3.5027108424579196e-07,0.01530493520718673,0.008188829090385341,0.47178230399731547,594128,True,0.4581986711918516,0.481119117385219,0.4340696251183961,0.6058612956615331,0.7963893990956986,0.6058612956615331,0.8461188517556597
visual_cognitive_motivation,visual_cognitive_motivation__prefrontal__montage0,1,0,0.5,paired,1,visual_cognitive_motivation__s01__r0__a0.5__paired,visual_cognitive_motivation__s01__r0__a0.5__paired,completed,0.5000073788105146,True,stationary_feasible,19,9,5.661993386974064e-06,168.39522479589556,0.9616045831201658,0.9348113818934346,0.9876712149485288,0.42410198201592025,6.938893903907228e-18,True,2.241380858383566,2.241380858383566,0.8635193335376318,2.374566096958187,3.1884846779675042,0.9607308010964186,4.794575472513082e-06,0.10443782470443781,0.006505860570921866,0.901861472055316,601272,True,0.9616045831201658,0.9348113818934346,0.9876712149485288,2.241380858383566,2.374566096958187,2.241380858383566,0.8635193335376318
visual_cognitive_motivation,visual_cognitive_motivation__prefrontal__montage0,1,1,0.5,paired,1,visual_cognitive_motivation__s01__r1__a0.5__paired,visual_cognitive_motivation__s01__r1__a0.5__paired,completed,0.5000132279608224,True,stationary_feasible,9,4,1.281976342915488e-06,69.03966388936149,0.4404002202584408,0.5132270874819002,0.35284935125661254,0.2841246111158883,3.469446951953614e-18,True,0.7022692178925142,0.7022692178925142,0.7334339268918336,0.8124466257986708,3.770227141003187,1.209660655216044,3.507947387653678e-07,0.011014604246136109,0.011043938286613129,0.4831836560042575,599148,True,0.4404002202584408,0.5132270874819002,0.35284935125661254,0.7022692178925142,0.8124466257986708,0.7022692178925142,0.7334339268918336
visual_cognitive_motivation,visual_cognitive_motivation__prefrontal__montage0,1,0,0.5,wrong_pair,1,visual_cognitive_motivation__s01__r0__a0.5__wrong_pair,visual_cognitive_motivation__s01__r0__a0.5__wrong_pair,completed,0.5000073788105146,True,stationary_feasible,19,9,6.553983503341791e-06,207.72833945757634,1.3791978840486956,1.4411914845014155,1.3142833452986478,0.4712611347241299,6.938893903907228e-18,True,2.1486364921705325,2.1486364921705325,1.1676744431956751,2.257265801484109,5.664158603435478,1.7558026262212678,3.978524749029844e-06,0.09664186144787497,0.012418644096635121,0.9224742080550641,600736,True,1.3791978840486956,1.4411914845014155,1.3142833452986478,2.1486364921705325,2.257265801484109,2.1486364921705325,1.1676744431956751
visual_cognitive_motivation,visual_cognitive_motivation__prefrontal__montage0,1,1,0.5,wrong_pair,1,visual_cognitive_motivation__s01__r1__a0.5__wrong_pair,visual_cognitive_motivation__s01__r1__a0.5__wrong_pair,completed,0.5000132279608224,True,stationary_feasible,15,7,4.872046096246889e-07,124.85950989748562,0.8623206925033381,0.916746508365225,0.8042199903254342,0.38101693016830407,3.469446951953614e-18,True,0.9183303421029789,0.9183303421029789,1.249796270904543,0.7574719374851262,7.0806621209985225,2.231206453164324,2.361608197907742e-07,0.023674811654472126,0.016996167112453164,0.7286877179285511,594132,True,0.8623206925033381,0.916746508365225,0.8042199903254342,0.9183303421029789,0.7574719374851262,0.9183303421029789,1.249796270904543
visual_cognitive_motivation,visual_cognitive_motivation__prefrontal__montage0,1,0,0.5,Hb_only,1,visual_cognitive_motivation__s01__r0__a0.5__Hb_only,visual_cognitive_motivation__s01__r0__a0.5__Hb_only,completed,0.5000073788105146,True,stationary_feasible,19,9,6.888898674278796e-06,110.6150435985511,1.3191698934900464,1.3333464293589696,1.3048393445542508,0.44352989657242,6.938893903907228e-18,True,2.3370446970650116,2.3370446970650116,3.180439530404804,2.4334796830661323,5.102048353148725,1.4779456372525441,5.188604033189668e-06,0.1056451439460338,0.009438830843133116,0.8920476050116122,599956,True,1.3191698934900464,1.3333464293589696,1.3048393445542508,2.3370446970650116,2.4334796830661323,2.3370446970650116,3.180439530404804
visual_cognitive_motivation,visual_cognitive_motivation__prefrontal__montage0,1,1,0.5,Hb_only,1,visual_cognitive_motivation__s01__r1__a0.5__Hb_only,visual_cognitive_motivation__s01__r1__a0.5__Hb_only,completed,0.5000132279608224,True,stationary_feasible,9,4,2.6864506479592668e-06,42.39419876812609,0.5148971446373519,0.5271368282297529,0.5023593369643607,0.2930330416722065,3.469446951953614e-18,True,0.6061694327638493,0.6061694327638493,0.5959417747840859,0.7918053681326059,2.805568964799876,0.9067489202747454,3.1942672911330097e-07,0.017673472885589923,0.008158222014540622,0.4698630329221487,600004,True,0.5148971446373519,0.5271368282297529,0.5023593369643607,0.6061694327638493,0.7918053681326059,0.6061694327638493,0.5959417747840859
visual_cognitive_motivation,visual_cognitive_motivation__prefrontal__montage0,1,0,1.0,paired,1,visual_cognitive_motivation__s01__r0__a1__paired,visual_cognitive_motivation__s01__r0__a1__paired,completed,0.9999633044164776,True,stationary_feasible,19,9,3.87736836518351e-06,171.4074088604084,0.9554306732776864,0.9364007380500249,0.974088907984828,0.4274584019871134,6.938893903907228e-18,True,2.187100538278897,2.187100538278897,0.8370806212180516,2.3346723002784264,3.071085092216039,0.8858029447792009,4.4804505329785825e-06,0.10216578697550009,0.006448406671318727,0.9235347749199718,600008,True,0.9554306732776864,0.9364007380500249,0.974088907984828,2.187100538278897,2.3346723002784264,2.187100538278897,0.8370806212180516
visual_cognitive_motivation,visual_cognitive_motivation__prefrontal__montage0,1,1,1.0,paired,1,visual_cognitive_motivation__s01__r1__a1__paired,visual_cognitive_motivation__s01__r1__a1__paired,completed,0.9999912393140695,True,stationary_feasible,11,5,5.651599870433799e-07,70.20056095483687,0.44467603356843244,0.5165242810722775,0.3587146731360094,0.28436565999638,3.469446951953614e-18,True,0.7005766761586771,0.7005766761586771,0.9415341302261961,0.8011001159776157,6.096450296484019,1.9553932314988853,2.772497274195738e-07,0.0103269750811396,0.011255680435248664,0.5560069860657677,600004,True,0.44467603356843244,0.5165242810722775,0.3587146731360094,0.7005766761586771,0.8011001159776157,0.7005766761586771,0.9415341302261961
visual_cognitive_motivation,visual_cognitive_motivation__prefrontal__montage0,1,0,1.0,wrong_pair,1,visual_cognitive_motivation__s01__r0__a1__wrong_pair,visual_cognitive_motivation__s01__r0__a1__wrong_pair,completed,0.9999633044164776,True,stationary_feasible,21,10,7.108648879942946e-06,378.91549787474656,1.9057152866227582,2.06834959221038,1.727840117527799,0.6387761036804243,6.938893903907228e-18,True,2.1630208982051453,2.163020898205145,1.7671629158382047,2.1159748122961,10.628731715668774,3.2791196560920812,4.638807258526884e-06,0.0866469490498688,0.022577995370053637,1.0236212729942054,598864,True,1.9057152866227582,2.06834959221038,1.727840117527799,2.1630208982051453,2.1159748122961,2.163020898205145,1.7671629158382047
visual_cognitive_motivation,visual_cognitive_motivation__prefrontal__montage0,1,1,1.0,wrong_pair,1,visual_cognitive_motivation__s01__r1__a1__wrong_pair,visual_cognitive_motivation__s01__r1__a1__wrong_pair,completed,0.9999912393140695,True,stationary_feasible,15,7,6.2882153786382485e-06,283.2573533680733,1.332001769454798,1.4646068578926985,1.184645170283112,0.5762416324392488,6.938893903907228e-18,True,1.3869323046169426,1.3869323046169426,1.6791974516810728,0.669527701134858,11.043424209140182,3.535356509345147,1.4086219684058568e-07,0.03364101146163186,0.02801640006143626,0.7350527390372008,599996,True,1.332001769454798,1.4646068578926985,1.184645170283112,1.3869323046169426,0.669527701134858,1.3869323046169426,1.6791974516810728
visual_cognitive_motivation,visual_cognitive_motivation__prefrontal__montage0,1,0,1.0,Hb_only,1,visual_cognitive_motivation__s01__r0__a1__Hb_only,visual_cognitive_motivation__s01__r0__a1__Hb_only,completed,0.9999633044164776,True,stationary_feasible,19,9,5.200439527798895e-06,113.49032138480543,1.4592082443402297,1.5570463406258286,1.3543205284734874,0.4500096376242358,6.938893903907228e-18,True,2.433185221819678,2.433185221819678,3.3413888618036696,2.3899252683546304,8.462328505100624,2.571153649269223,4.604647664869463e-06,0.11157552698932054,0.01891162757064469,0.901195919024758,600004,True,1.4592082443402297,1.5570463406258286,1.3543205284734874,2.433185221819678,2.3899252683546304,2.433185221819678,3.3413888618036696
visual_cognitive_motivation,visual_cognitive_motivation__prefrontal__montage0,1,1,1.0,Hb_only,1,visual_cognitive_motivation__s01__r1__a1__Hb_only,visual_cognitive_motivation__s01__r1__a1__Hb_only,completed,0.9999912393140695,True,stationary_feasible,9,4,9.968139442932467e-07,42.925335403362446,0.6915203309768039,0.7097945673893168,0.6727498854798485,0.29305864245188457,3.469446951953614e-18,True,0.6839158024540266,0.6839158024540266,0.9620588452031124,0.782913001553225,4.705610053743159,1.5059203344312029,2.641593595745212e-07,0.023329678178189876,0.010265386139586765,0.4760914660291746,600828,True,0.6915203309768039,0.7097945673893168,0.6727498854798485,0.6839158024540266,0.782913001553225,0.6839158024540266,0.9620588452031124
visual_cognitive_motivation,visual_cognitive_motivation__prefrontal__montage0,2,0,0.0,paired,2,visual_cognitive_motivation__s02__r0__a0__paired,visual_cognitive_motivation__s02__r0__a0__paired,completed,0.0,True,stationary_feasible,15,7,5.805473255047674e-07,227.38266389830972,0.9552618393169989,0.9525363906721569,0.9579795341007302,0.5147447240327148,6.938893903907228e-18,True,1.3336054073051717,1.3336054073051717,0.9671916585917546,1.4646309062783434,5.9383329738656725,1.9211944006363624,1.2486679023150387e-06,0.031062793375944,0.01809684955789457,0.7327120989793912,600808,True,0.9552618393169989,0.9525363906721569,0.9579795341007302,1.3336054073051717,1.4646309062783434,1.3336054073051717,0.9671916585917546
visual_cognitive_motivation,visual_cognitive_motivation__prefrontal__montage0,2,1,0.0,paired,2,visual_cognitive_motivation__s02__r1__a0__paired,visual_cognitive_motivation__s02__r1__a0__paired,completed,0.0,True,stationary_feasible,15,7,3.96743672350536e-06,207.78845398770937,0.705287710036281,0.6346270391314057,0.7694868608753157,0.4871405816859967,3.469446951953614e-18,True,1.551110264688829,1.551110264688829,0.8895909091261284,1.7289445908084342,5.553653497372782,1.771355378619398,2.0087342715661e-06,0.06373729221498586,0.008457981079857364,0.7347356149693951,600820,True,0.705287710036281,0.6346270391314057,0.7694868608753157,1.551110264688829,1.7289445908084342,1.551110264688829,0.8895909091261284
visual_cognitive_motivation,visual_cognitive_motivation__prefrontal__montage0,2,0,0.0,wrong_pair,2,visual_cognitive_motivation__s02__r0__a0__wrong_pair,visual_cognitive_motivation__s02__r0__a0__wrong_pair,completed,0.0,True,stationary_feasible,13,6,6.096022238538463e-06,207.0862022355344,0.9930614187939576,0.9389411061138364,1.0443809468981429,0.4892663083981225,6.938893903907228e-18,True,1.2805562299951143,1.2805562299951143,0.6962544154416916,1.4224370291788633,4.06478761922869,1.2823786780040498,9.052364864910148e-07,0.025403134089267435,0.01866607235098313,0.653134668013081,594128,True,0.9930614187939576,0.9389411061138364,1.0443809468981429,1.2805562299951143,1.4224370291788633,1.2805562299951143,0.6962544154416916
visual_cognitive_motivation,visual_cognitive_motivation__prefrontal__montage0,2,1,0.0,wrong_pair,2,visual_cognitive_motivation__s02__r1__a0__wrong_pair,visual_cognitive_motivation__s02__r1__a0__wrong_pair,completed,0.0,True,stationary_feasible,15,7,3.5615806398332882e-06,195.27092945144778,0.6441881204803098,0.5462269045789367,0.7291041337490972,0.47037004744136024,6.938893903907228e-18,True,1.5801447784000378,1.5801447784000378,1.0685520906033878,1.753259671504851,6.640470090956072,2.1454200076684087,2.224653250613865e-06,0.062089284439742716,0.008781214481416888,0.7377583350753412,599984,True,0.6441881204803098,0.5462269045789367,0.7291041337490972,1.5801447784000378,1.753259671504851,1.5801447784000378,1.0685520906033878
visual_cognitive_motivation,visual_cognitive_motivation__prefrontal__montage0,2,0,0.0,Hb_only,2,visual_cognitive_motivation__s02__r0__a0__Hb_only,visual_cognitive_motivation__s02__r0__a0__Hb_only,completed,0.0,True,stationary_feasible,13,6,4.57444693605636e-06,162.85746608557187,0.8875993194438662,0.7739361637459229,0.9882752239131937,0.5739537982745654,6.938893903907228e-18,True,1.1659124735246567,1.1659124735246567,1.2886971386809636,1.4821202500092812,4.923062643275821,1.5652052422185605,1.2422321178098466e-06,0.04401043696449574,0.011302957711062742,0.6358890290139243,600004,True,0.8875993194438662,0.7739361637459229,0.9882752239131937,1.1659124735246567,1.4821202500092812,1.1659124735246567,1.2886971386809636
visual_cognitive_motivation,visual_cognitive_motivation__prefrontal__montage0,2,1,0.0,Hb_only,2,visual_cognitive_motivation__s02__r1__a0__Hb_only,visual_cognitive_motivation__s02__r1__a0__Hb_only,completed,0.0,True,stationary_feasible,17,8,2.6370286371699423e-06,152.48904983322137,1.162042049242239,1.2126030302937452,1.1091786778227533,0.5471285695155783,6.938893903907228e-18,True,1.6746420549540175,1.6746420549540175,1.838806451419577,1.7714675465373264,6.580823609519623,2.1184011186164677,2.1415626948674904e-06,0.07610664715205123,0.013829073869262552,0.8014062759466469,599148,True,1.162042049242239,1.2126030302937452,1.1091786778227533,1.6746420549540175,1.7714675465373264,1.6746420549540175,1.838806451419577
visual_cognitive_motivation,visual_cognitive_motivation__prefrontal__montage0,2,0,0.25,paired,2,visual_cognitive_motivation__s02__r0__a0.25__paired,visual_cognitive_motivation__s02__r0__a0.25__paired,completed,0.2500065675989331,True,stationary_feasible,15,7,4.602524863966629e-07,227.1812286272903,0.9514933555539068,0.9497547721481727,0.9532287679818727,0.5144459889515319,6.938893903907228e-18,True,1.3391559129190442,1.3391559129190442,1.0389219276207216,1.4672936728407808,6.695244788871323,2.1813814172849475,1.3134216678119164e-06,0.031163256825377655,0.018172619884433538,0.7362607290269807,600540,True,0.9514933555539068,0.9497547721481727,0.9532287679818727,1.3391559129190442,1.4672936728407808,1.3391559129190442,1.0389219276207216
visual_cognitive_motivation,visual_cognitive_motivation__prefrontal__montage0,2,1,0.25,paired,2,visual_cognitive_motivation__s02__r1__a0.25__paired,visual_cognitive_motivation__s02__r1__a0.25__paired,completed,0.2500044580255409,True,stationary_feasible,15,7,3.380873739425266e-06,207.09606970995856,0.7099296951758819,0.6412222351520172,0.7725505739637323,0.48641519348388346,6.938893903907228e-18,True,1.5797732427989766,1.5797732427989766,1.1070957049937697,1.7543459670362715,7.578042565451944,2.4218298963663276,2.317477486265217e-06,0.06530682702248597,0.008342592384355132,0.7648362090112641,600816,True,0.7099296951758819,0.6412222351520172,0.7725505739637323,1.5797732427989766,1.7543459670362715,1.5797732427989766,1.1070957049937697
visual_cognitive_motivation,visual_cognitive_motivation__prefrontal__montage0,2,0,0.25,wrong_pair,2,visual_cognitive_motivation__s02__r0__a0.25__wrong_pair,visual_cognitive_motivation__s02__r0__a0.25__wrong_pair,completed,0.2500065675989331,True,stationary_feasible,13,6,9.189541509109386e-06,228.7319816897686,1.0811726231199346,1.0237982315456873,1.1356520871516964,0.5136523853408183,6.938893903907228e-18,True,1.2343729703079331,1.2343729703079331,0.7354460624851692,1.4226955720317822,4.4465135745697655,1.391263697622691,9.189540541560038e-07,0.02983849194944444,0.01695859050036821,0.6503783729858696,599136,True,1.0811726231199346,1.0237982315456873,1.1356520871516964,1.2343729703079331,1.4226955720317822,1.2343729703079331,0.7354460624851692
visual_cognitive_motivation,visual_cognitive_motivation__prefrontal__montage0,2,1,0.25,wrong_pair,2,visual_cognitive_motivation__s02__r1__a0.25__wrong_pair,visual_cognitive_motivation__s02__r1__a0.25__wrong_pair,completed,0.2500044580255409,True,stationary_feasible,15,7,3.2266731997008163e-06,211.6602273014217,0.733967141365544,0.6579788475255594,0.8027947218421119,0.4911489618904569,6.938893903907228e-18,True,1.5820960395755315,1.5820960395755315,1.2199552348289622,1.7318469413660305,7.927816037803462,2.543407041590419,2.3402636061345065e-06,0.0636210105467138,0.009814866369059838,0.7560285429935902,600004,True,0.733967141365544,0.6579788475255594,0.8027947218421119,1.5820960395755315,1.7318469413660305,1.5820960395755315,1.2199552348289622
visual_cognitive_motivation,visual_cognitive_motivation__prefrontal__montage0,2,0,0.25,Hb_only,2,visual_cognitive_motivation__s02__r0__a0.25__Hb_only,visual_cognitive_motivation__s02__r0__a0.25__Hb_only,completed,0.2500065675989331,True,stationary_feasible,13,6,4.169634270476418e-06,162.76716979924694,1.0297100666483543,0.9497806012224022,1.1038670446460155,0.573956179933526,6.938893903907228e-18,True,1.177332066591856,1.177332066591856,1.3359110155771219,1.4838046122928263,5.417215993284085,1.7048233085857247,1.3038099418215797e-06,0.04802375897390776,0.011187527787237896,0.6507603110512719,600004,True,1.0297100666483543,0.9497806012224022,1.1038670446460155,1.177332066591856,1.4838046122928263,1.177332066591856,1.3359110155771219
visual_cognitive_motivation,visual_cognitive_motivation__prefrontal__montage0,2,1,0.25,Hb_only,2,visual_cognitive_motivation__s02__r1__a0.25__Hb_only,visual_cognitive_motivation__s02__r1__a0.25__Hb_only,completed,0.2500044580255409,True,stationary_feasible,17,8,2.2665979408372537e-06,152.12413341697214,1.1888652218548004,1.2558125546131278,1.117915855128541,0.5468770001183368,6.938893903907228e-18,True,1.6997622022382315,1.6997622022382315,1.7703007545004663,1.7794290979093568,7.635355354186707,2.433939839061929,2.250625454209298e-06,0.07708577866938154,0.014521589269433801,0.8337587889982387,600700,True,1.1888652218548004,1.2558125546131278,1.117915855128541,1.6997622022382315,1.7794290979093568,1.6997622022382315,1.7703007545004663
visual_cognitive_motivation,visual_cognitive_motivation__prefrontal__montage0,2,0,0.5,paired,2,visual_cognitive_motivation__s02__r0__a0.5__paired,visual_cognitive_motivation__s02__r0__a0.5__paired,completed,0.5000192958273497,True,stationary_feasible,15,7,4.84780617145602e-07,227.19209146500947,0.9472084505378431,0.9467816521903034,0.9476350566628499,0.5142075873278121,6.938893903907228e-18,True,1.3448013622808315,1.3448013622808315,1.110184340231269,1.469237829849285,7.405603271221038,2.4275563983696418,1.3695040253480237e-06,0.031184371328025734,0.018278554134025887,0.7206700609531254,600000,True,0.9472084505378431,0.9467816521903034,0.9476350566628499,1.3448013622808315,1.469237829849285,1.3448013622808315,1.110184340231269
visual_cognitive_motivation,visual_cognitive_motivation__prefrontal__montage0,2,1,0.5,paired,2,visual_cognitive_motivation__s02__r1__a0.5__paired,visual_cognitive_motivation__s02__r1__a0.5__paired,completed,0.5000162167750386,True,stationary_feasible,15,7,2.7380510291632857e-06,207.34003085146512,0.7178779779018583,0.6496830465858157,0.7801342969591162,0.48578238252705913,6.938893903907228e-18,True,1.603341859700611,1.6033418597006113,1.3446837119999255,1.7778861846034992,9.65183416101192,3.0783798787586085,2.6402732865877776e-06,0.0668276032112181,0.008101559937723692,0.754852865007706,600828,True,0.7178779779018583,0.6496830465858157,0.7801342969591162,1.603341859700611,1.7778861846034992,1.6033418597006113,1.3446837119999255
visual_cognitive_motivation,visual_cognitive_motivation__prefrontal__montage0,2,0,0.5,wrong_pair,2,visual_cognitive_motivation__s02__r0__a0.5__wrong_pair,visual_cognitive_motivation__s02__r0__a0.5__wrong_pair,completed,0.5000192958273497,True,stationary_feasible,15,7,6.83195383305751e-07,263.78404918035164,1.2252187590391397,1.1892327649239425,1.2601775453618325,0.5510336061935406,6.938893903907228e-18,True,1.2449258909716847,1.2449258909716847,0.87155875395288,1.419340324528028,5.599061945452884,1.7406890021507626,8.968773109106632e-07,0.03499205337751714,0.01703329432332438,0.7304632898885757,600004,True,1.2252187590391397,1.1892327649239425,1.2601775453618325,1.2449258909716847,1.419340324528028,1.2449258909716847,0.87155875395288
visual_cognitive_motivation,visual_cognitive_motivation__prefrontal__montage0,2,1,0.5,wrong_pair,2,visual_cognitive_motivation__s02__r1__a0.5__wrong_pair,visual_cognitive_motivation__s02__r1__a0.5__wrong_pair,completed,0.5000162167750386,True,stationary_feasible,15,7,2.563793938867739e-06,258.7401667527656,1.0015401715065144,1.0109803077758446,0.9920102053769685,0.5449997071009561,3.469446951953614e-18,True,1.680447040093159,1.680447040093159,1.5479562555040967,1.7041128474794667,10.20457998721804,3.244912377997855,2.3801657836051785e-06,0.06661852288907978,0.015953270762796547,0.7351413379656151,599968,True,1.0015401715065144,1.0109803077758446,0.9920102053769685,1.680447040093159,1.7041128474794667,1.680447040093159,1.5479562555040967
visual_cognitive_motivation,visual_cognitive_motivation__prefrontal__montage0,2,0,0.5,Hb_only,2,visual_cognitive_motivation__s02__r0__a0.5__Hb_only,visual_cognitive_motivation__s02__r0__a0.5__Hb_only,completed,0.5000192958273497,True,stationary_feasible,13,6,3.791091475274577e-06,162.78092514417625,1.2018875198873311,1.1628475548527417,1.239698667053748,0.5739877054875249,6.938893903907228e-18,True,1.2350045334910054,1.2350045334910054,1.488682360331396,1.4857744504516484,6.3014231742556035,1.9652246453567292,1.3686992814757098e-06,0.052487537931711174,0.01300549159273587,0.628197722020559,601272,True,1.2018875198873311,1.1628475548527417,1.239698667053748,1.2350045334910054,1.4857744504516484,1.2350045334910054,1.488682360331396
visual_cognitive_motivation,visual_cognitive_motivation__prefrontal__montage0,2,1,0.5,Hb_only,2,visual_cognitive_motivation__s02__r1__a0.5__Hb_only,visual_cognitive_motivation__s02__r1__a0.5__Hb_only,completed,0.5000162167750386,True,stationary_feasible,15,7,8.875971071515275e-06,152.1321846057429,1.2370214279316407,1.3249377974559202,1.1423589012200699,0.5468288151634755,6.938893903907228e-18,True,1.7380474387042764,1.7380474387042761,1.7779407907785971,1.7872240489589926,9.14613318998002,2.872715367466278,2.3618971628754846e-06,0.07831006866241977,0.015810608363200217,0.7159016620134935,594132,True,1.2370214279316407,1.3249377974559202,1.1423589012200699,1.7380474387042764,1.7872240489589926,1.7380474387042761,1.7779407907785971
visual_cognitive_motivation,visual_cognitive_motivation__prefrontal__montage0,2,0,1.0,paired,2,visual_cognitive_motivation__s02__r0__a1__paired,visual_cognitive_motivation__s02__r0__a1__paired,completed,1.0000190530950466,True,stationary_feasible,13,6,8.477824664194214e-06,227.92004476622176,0.93843957787357,0.941436695611417,0.9354328574490554,0.5140238255377878,3.469446951953614e-18,True,1.3548486102050747,1.3548486102050747,1.2335332031825612,1.4699460928474106,8.570240427950184,2.8392738013589374,1.4370261264754952e-06,0.030948724602193327,0.018568371759123025,0.6490515490295365,599996,True,0.93843957787357,0.941436695611417,0.9354328574490554,1.3548486102050747,1.4699460928474106,1.3548486102050747,1.2335332031825612
visual_cognitive_motivation,visual_cognitive_motivation__prefrontal__montage0,2,1,1.0,paired,2,visual_cognitive_motivation__s02__r1__a1__paired,visual_cognitive_motivation__s02__r1__a1__paired,completed,0.9999858866914679,True,stationary_feasible,13,6,6.06076544529977e-06,211.65402725242177,0.7435640692590798,0.6714602158273588,0.809268947104311,0.4856726732362217,6.938893903907228e-18,True,1.6294434319809532,1.6294434319809532,1.7821465104985952,1.81240674087142,13.315103208941483,4.204801145616451,3.142213140504901e-06,0.06927022681659385,0.0073698056378735015,0.6633948930539191,600740,True,0.7435640692590798,0.6714602158273588,0.809268947104311,1.6294434319809532,1.81240674087142,1.6294434319809532,1.7821465104985952
visual_cognitive_motivation,visual_cognitive_motivation__prefrontal__montage0,2,0,1.0,wrong_pair,2,visual_cognitive_motivation__s02__r0__a1__wrong_pair,visual_cognitive_motivation__s02__r0__a1__wrong_pair,completed,1.0000190530950466,True,stationary_feasible,15,7,5.913082442419912e-06,372.4469774734535,1.6091166217897959,1.6481204143707762,1.569143621461946,0.6532595487988592,6.938893903907228e-18,True,1.4164524267343117,1.416452426734312,1.35208852334833,1.4012055006371467,9.354407960874598,2.908786440751853,7.593231333940292e-07,0.04612043189612449,0.021821536460985343,0.7619179179891944,594128,True,1.6091166217897959,1.6481204143707762,1.569143621461946,1.4164524267343117,1.4012055006371467,1.416452426734312,1.35208852334833
visual_cognitive_motivation,visual_cognitive_motivation__prefrontal__montage0,2,1,1.0,wrong_pair,2,visual_cognitive_motivation__s02__r1__a1__wrong_pair,visual_cognitive_motivation__s02__r1__a1__wrong_pair,completed,0.9999858866914679,True,stationary_feasible,19,9,5.584948049241986e-06,459.68826339441375,1.7375132962280624,1.919311584540232,1.5343232875076482,0.7299576948016874,6.938893903907228e-18,True,2.11632249563913,2.11632249563913,2.4715371210677737,1.6243330655370898,16.140683922544643,5.03964290194137,2.140387273523856e-06,0.07637467660525545,0.031949468532549624,0.9391753379022703,600808,True,1.7375132962280624,1.919311584540232,1.5343232875076482,2.11632249563913,1.6243330655370898,2.11632249563913,2.4715371210677737
visual_cognitive_motivation,visual_cognitive_motivation__prefrontal__montage0,2,0,1.0,Hb_only,2,visual_cognitive_motivation__s02__r0__a1__Hb_only,visual_cognitive_motivation__s02__r0__a1__Hb_only,completed,1.0000190530950466,True,stationary_feasible,13,6,3.0629922145455215e-06,163.10079910016668,1.5953560683068477,1.6402361537543362,1.5491763389892543,0.5741341254706377,1.3877787807814457e-17,True,1.4623074976901038,1.4623074976901038,1.9895373968815826,1.490324103221471,8.707176376351953,2.6952936803655385,1.5070344580146916e-06,0.062340670612172744,0.0199020066361262,0.6549709859536961,600004,True,1.5953560683068477,1.6402361537543362,1.5491763389892543,1.4623074976901038,1.490324103221471,1.4623074976901038,1.9895373968815826
visual_cognitive_motivation,visual_cognitive_motivation__prefrontal__montage0,2,1,1.0,Hb_only,2,visual_cognitive_motivation__s02__r1__a1__Hb_only,visual_cognitive_motivation__s02__r1__a1__Hb_only,completed,0.9999858866914679,True,stationary_feasible,15,7,6.632321029485397e-06,153.36196157747773,1.3864252559328165,1.527448654495032,1.2293293246555486,0.5474319032984126,6.938893903907228e-18,True,1.8501795878396055,1.8501795878396055,2.0445858628889844,1.8015187760248457,13.077319887266173,3.9724785169704875,2.579083544846003e-06,0.08134625160181173,0.01968124723881303,0.729373263893649,599956,True,1.3864252559328165,1.527448654495032,1.2293293246555486,1.8501795878396055,1.8015187760248457,1.8501795878396055,2.0445858628889844
visual_cognitive_motivation,visual_cognitive_motivation__prefrontal__montage0,3,0,0.0,paired,3,visual_cognitive_motivation__s03__r0__a0__paired,visual_cognitive_motivation__s03__r0__a0__paired,completed,0.0,True,stationary_feasible,17,8,4.716019541110617e-06,167.06421228850914,0.7268957988762713,0.7180596634070198,0.7356258047647205,0.4307126607372378,3.469446951953614e-18,True,1.6133601377815878,1.6133601377815878,1.628194610871784,1.5787831774135597,9.726667064661592,3.2043231495138014,1.939458291518271e-06,0.035680964956830104,0.022270982396379344,0.8346451970282942,600820,True,0.7268957988762713,0.7180596634070198,0.7356258047647205,1.6133601377815878,1.5787831774135597,1.6133601377815878,1.628194610871784
visual_cognitive_motivation,visual_cognitive_motivation__prefrontal__montage0,3,1,0.0,paired,3,visual_cognitive_motivation__s03__r1__a0__paired,visual_cognitive_motivation__s03__r1__a0__paired,completed,0.0,True,stationary_feasible,27,13,8.614806252008547e-06,480.6873367353832,0.7510017264921985,0.5933341422095345,0.8808869292236102,0.71414663941031,6.938893903907228e-18,True,1.2736609428291827,1.2736609428291827,2.7234422104550324,1.580594323869695,19.42524880477867,6.6272580568371415,1.8231927307618594e-06,0.05058322299012833,0.023338633298548194,1.2682709399377927,600008,True,0.7510017264921985,0.5933341422095345,0.8808869292236102,1.2736609428291827,1.580594323869695,1.2736609428291827,2.7234422104550324
visual_cognitive_motivation,visual_cognitive_motivation__prefrontal__montage0,3,0,0.0,wrong_pair,3,visual_cognitive_motivation__s03__r0__a0__wrong_pair,visual_cognitive_motivation__s03__r0__a0__wrong_pair,completed,0.0,True,stationary_feasible,19,9,2.0662888223725055e-06,212.179875537526,0.669006987970624,0.5698295948581753,0.7552714298388501,0.4870643082907218,6.938893903907228e-18,True,1.4396251751549483,1.4396251751549483,1.3048711691450965,1.5927318996326272,8.366799919865924,2.6733359803929373,2.0531035290625994e-06,0.04391407717323454,0.015595130583959418,0.9156682289903983,599984,True,0.669006987970624,0.5698295948581753,0.7552714298388501,1.4396251751549483,1.5927318996326272,1.4396251751549483,1.3048711691450965
visual_cognitive_motivation,visual_cognitive_motivation__prefrontal__montage0,3,1,0.0,wrong_pair,3,visual_cognitive_motivation__s03__r1__a0__wrong_pair,visual_cognitive_motivation__s03__r1__a0__wrong_pair,completed,0.0,True,stationary_feasible,23,11,8.158290573812015e-06,352.5019468857265,0.9213706162320598,0.9073374339939739,0.9351932451557391,0.6046832233927399,6.938893903907228e-18,True,1.594203964896243,1.594203964896243,2.931957357706899,1.5813565399671465,21.9322955770432,7.575934178048955,1.80571774009408e-06,0.058806159157455316,0.030626349961881297,1.092505113920197,600008,True,0.9213706162320598,0.9073374339939739,0.9351932451557391,1.594203964896243,1.5813565399671465,1.594203964896243,2.931957357706899
visual_cognitive_motivation,visual_cognitive_motivation__prefrontal__montage0,3,0,0.0,Hb_only,3,visual_cognitive_motivation__s03__r0__a0__Hb_only,visual_cognitive_motivation__s03__r0__a0__Hb_only,completed,0.0,True,stationary_feasible,17,8,6.000253896005606e-06,96.84809527934674,1.0131052098417386,1.0345929761325068,0.9911517069320055,0.42914516333063724,6.938893903907228e-18,True,1.406928222552237,1.406928222552237,2.3361133281200996,1.6052652222578865,6.363181750782978,2.0265593804386266,1.7363249029543282e-06,0.05965036549992156,0.012333758866003505,0.783908684970811,600540,True,1.0131052098417386,1.0345929761325068,0.9911517069320055,1.406928222552237,1.6052652222578865,1.406928222552237,2.3361133281200996
visual_cognitive_motivation,visual_cognitive_motivation__prefrontal__montage0,3,1,0.0,Hb_only,3,visual_cognitive_motivation__s03__r1__a0__Hb_only,visual_cognitive_motivation__s03__r1__a0__Hb_only,completed,0.0,True,stationary_feasible,9,4,3.46630988392365e-06,89.50784508595672,0.8001829210625635,0.7685407874502924,0.8306205345076161,0.4245969584793588,6.938893903907228e-18,True,1.6835175741560613,1.6835175741560613,0.8212991288862348,1.5635485523241348,2.0784308681290287,0.6198838397367034,1.1541797080666617e-07,0.059002767202621584,0.03311128576324385,0.4683806460816413,598864,True,0.8001829210625635,0.7685407874502924,0.8306205345076161,1.6835175741560613,1.5635485523241348,1.6835175741560613,0.8212991288862348
visual_cognitive_motivation,visual_cognitive_motivation__prefrontal__montage0,3,0,0.25,paired,3,visual_cognitive_motivation__s03__r0__a0.25__paired,visual_cognitive_motivation__s03__r0__a0.25__paired,completed,0.25000380202783185,True,stationary_feasible,17,8,4.449490221235192e-06,169.0167633599663,0.7276639197520306,0.7238874198956171,0.7314209209030363,0.4348730472418367,6.938893903907228e-18,True,1.6133135472978142,1.6133135472978142,1.5294414811553514,1.5695226230258643,8.708762311420621,2.840427873967245,1.8026815043377986e-06,0.03489295911515204,0.022518209071182665,0.820455800043419,599136,True,0.7276639197520306,0.7238874198956171,0.7314209209030363,1.6133135472978142,1.5695226230258643,1.6133135472978142,1.5294414811553514
visual_cognitive_motivation,visual_cognitive_motivation__prefrontal__montage0,3,1,0.25,paired,3,visual_cognitive_motivation__s03__r1__a0.25__paired,visual_cognitive_motivation__s03__r1__a0.25__paired,completed,0.2500021931278048,True,stationary_feasible,27,13,9.781941014929383e-06,485.73846528907956,0.7499620391582774,0.593194881983706,0.8792075706823848,0.7234883200998311,6.938893903907228e-18,True,1.2848462508948895,1.2848462508948895,2.4988566586468184,1.5772060160036965,17.57761748550359,5.932219593891209,1.4774175896248543e-06,0.05035504677357541,0.023762099576877336,1.2749036320019513,599148,True,0.7499620391582774,0.593194881983706,0.8792075706823848,1.2848462508948895,1.5772060160036965,1.2848462508948895,2.4988566586468184
visual_cognitive_motivation,visual_cognitive_motivation__prefrontal__montage0,3,0,0.25,wrong_pair,3,visual_cognitive_motivation__s03__r0__a0.25__wrong_pair,visual_cognitive_motivation__s03__r0__a0.25__wrong_pair,completed,0.25000380202783185,True,stationary_feasible,17,8,8.68234653116699e-06,224.1786031394097,0.9106214151157493,0.871420363530746,0.9482031814747102,0.5040865589044798,3.469446951953614e-18,True,1.5139798709430372,1.5139798709430372,1.3766105282492165,1.6064269706182988,8.34919219949197,2.595820479777967,1.7761450335499893e-06,0.05106588024264451,0.017646801292727315,0.830172354937531,600008,True,0.9106214151157493,0.871420363530746,0.9482031814747102,1.5139798709430372,1.6064269706182988,1.5139798709430372,1.3766105282492165
visual_cognitive_motivation,visual_cognitive_motivation__prefrontal__montage0,3,1,0.25,wrong_pair,3,visual_cognitive_motivation__s03__r1__a0.25__wrong_pair,visual_cognitive_motivation__s03__r1__a0.25__wrong_pair,completed,0.2500021931278048,True,stationary_feasible,25,12,3.857910566986911e-06,375.22262236460256,0.9479378388266448,0.9906619990814794,0.9031949380585275,0.6335396713773922,6.938893903907228e-18,True,1.7316748650485938,1.7316748650485936,2.9407618819374535,1.5853027472241152,22.041029525744904,7.571879448070957,1.771388344514137e-06,0.06271817844882463,0.03353995352509047,1.2030110389459878,600816,True,0.9479378388266448,0.9906619990814794,0.9031949380585275,1.7316748650485938,1.5853027472241152,1.7316748650485936,2.9407618819374535
visual_cognitive_motivation,visual_cognitive_motivation__prefrontal__montage0,3,0,0.25,Hb_only,3,visual_cognitive_motivation__s03__r0__a0.25__Hb_only,visual_cognitive_motivation__s03__r0__a0.25__Hb_only,completed,0.25000380202783185,True,stationary_feasible,17,8,5.027916300109161e-06,97.2880952291032,1.0192733543182668,1.0481625222138804,0.9895411404649421,0.4305157887369003,6.938893903907228e-18,True,1.4372920496026451,1.4372920496026453,2.1161035534890513,1.6117480660433112,6.700847040983229,2.1233029458887933,1.7907737480269627e-06,0.05940689056056535,0.013350611729010283,0.824992733891122,600004,True,1.0192733543182668,1.0481625222138804,0.9895411404649421,1.4372920496026451,1.6117480660433112,1.4372920496026453,2.1161035534890513
visual_cognitive_motivation,visual_cognitive_motivation__prefrontal__montage0,3,1,0.25,Hb_only,3,visual_cognitive_motivation__s03__r1__a0.25__Hb_only,visual_cognitive_motivation__s03__r1__a0.25__Hb_only,completed,0.2500021931278048,True,stationary_feasible,9,4,4.7038827497436746e-06,89.24049165302056,0.8460056118790197,0.8351405509246689,0.8567328935338189,0.4245950663773475,6.938893903907228e-18,True,1.6684304936458585,1.6684304936458585,0.5622765274357975,1.5643342901003487,2.57569674423683,0.7761966023789508,1.2597745922913513e-07,0.05862234423617591,0.0327750962604372,0.4593072640709579,601272,True,0.8460056118790197,0.8351405509246689,0.8567328935338189,1.6684304936458585,1.5643342901003487,1.6684304936458585,0.5622765274357975
visual_cognitive_motivation,visual_cognitive_motivation__prefrontal__montage0,3,0,0.5,paired,3,visual_cognitive_motivation__s03__r0__a0.5__paired,visual_cognitive_motivation__s03__r0__a0.5__paired,completed,0.5000039735525266,True,stationary_feasible,17,8,3.829029116670113e-06,171.3592740363967,0.7275133424367712,0.7278246038439106,0.7272019478016406,0.43905898345078204,6.938893903907228e-18,True,1.6017594214855655,1.6017594214855655,1.4012928414522547,1.5530756103293561,7.297126747775725,2.3474335853189148,1.5928687993992679e-06,0.03375889780114295,0.022656079726110518,0.8157062060199678,600000,True,0.7275133424367712,0.7278246038439106,0.7272019478016406,1.6017594214855655,1.5530756103293561,1.6017594214855655,1.4012928414522547
visual_cognitive_motivation,visual_cognitive_motivation__prefrontal__montage0,3,1,0.5,paired,3,visual_cognitive_motivation__s03__r1__a0.5__paired,visual_cognitive_motivation__s03__r1__a0.5__paired,completed,0.5000069596870362,True,stationary_feasible,27,13,9.711327849295535e-06,490.53474950782004,0.7475495434805817,0.5926314512764335,0.8754705037144543,0.7324025193863636,6.938893903907228e-18,True,1.298389637533985,1.298389637533985,2.2392678831319333,1.5754470538589727,15.4250835019424,5.1446868027145705,1.180484505129281e-06,0.05038855089978669,0.024170258463008357,1.2584104260895401,600004,True,0.7475495434805817,0.5926314512764335,0.8754705037144543,1.298389637533985,1.5754470538589727,1.298389637533985,2.2392678831319333
visual_cognitive_motivation,visual_cognitive_motivation__prefrontal__montage0,3,0,0.5,wrong_pair,3,visual_cognitive_motivation__s03__r0__a0.5__wrong_pair,visual_cognitive_motivation__s03__r0__a0.5__wrong_pair,completed,0.5000039735525266,True,stationary_feasible,19,9,8.53975440313743e-06,377.9242620878955,1.352157760157774,1.4157365702084599,1.2854381278319709,0.6594612216046104,6.938893903907228e-18,True,1.8237377683818077,1.8237377683818077,1.959557384112142,1.6777439040053266,12.4769205940696,3.930065901130128,2.426587112504823e-06,0.06413065525779492,0.02515326160821682,0.9310517529956996,600828,True,1.352157760157774,1.4157365702084599,1.2854381278319709,1.8237377683818077,1.6777439040053266,1.8237377683818077,1.959557384112142
visual_cognitive_motivation,visual_cognitive_motivation__prefrontal__montage0,3,1,0.5,wrong_pair,3,visual_cognitive_motivation__s03__r1__a0.5__wrong_pair,visual_cognitive_motivation__s03__r1__a0.5__wrong_pair,completed,0.5000069596870362,True,stationary_feasible,25,12,5.646753100657695e-06,407.7874243043992,1.024559865408779,1.127906488066922,0.9095453753328929,0.6690436063540842,6.938893903907228e-18,True,1.8866326733385321,1.8866326733385321,2.963740027978836,1.5896602584148807,22.23870764804127,7.597393070687391,1.7374098712122438e-06,0.06707233951905597,0.03678474392855846,1.1657694129971787,599968,True,1.024559865408779,1.127906488066922,0.9095453753328929,1.8866326733385321,1.5896602584148807,1.8866326733385321,2.963740027978836
visual_cognitive_motivation,visual_cognitive_motivation__prefrontal__montage0,3,0,0.5,Hb_only,3,visual_cognitive_motivation__s03__r0__a0.5__Hb_only,visual_cognitive_motivation__s03__r0__a0.5__Hb_only,completed,0.5000039735525266,True,stationary_feasible,17,8,4.374055522266123e-06,98.10356038508193,1.0751277379185553,1.126731446027057,1.0209189753440362,0.43196936442314493,6.938893903907228e-18,True,1.5046582107912947,1.5046582107912947,1.942078914329739,1.6164971496019724,7.6061373293207275,2.393206484191924,1.8263918654232922e-06,0.05956709687295014,0.015891217012411737,0.800889482954517,594132,True,1.0751277379185553,1.126731446027057,1.0209189753440362,1.5046582107912947,1.6164971496019724,1.5046582107912947,1.942078914329739
visual_cognitive_motivation,visual_cognitive_motivation__prefrontal__montage0,3,1,0.5,Hb_only,3,visual_cognitive_motivation__s03__r1__a0.5__Hb_only,visual_cognitive_motivation__s03__r1__a0.5__Hb_only,completed,0.5000069596870362,True,stationary_feasible,9,4,6.3394270854938775e-06,89.07041670673536,0.9074762368398941,0.9210046969950916,0.8937430217748111,0.4246247677346902,3.469446951953614e-18,True,1.663042730023477,1.663042730023477,0.5833879693385577,1.5650462698761731,3.437242270021727,1.0399254560390572,1.3706288514493032e-07,0.05843855001887609,0.03264265495136703,0.4735005139373243,600700,True,0.9074762368398941,0.9210046969950916,0.8937430217748111,1.663042730023477,1.5650462698761731,1.663042730023477,0.5833879693385577
visual_cognitive_motivation,visual_cognitive_motivation__prefrontal__montage0,3,0,1.0,paired,3,visual_cognitive_motivation__s03__r0__a1__paired,visual_cognitive_motivation__s03__r0__a1__paired,completed,0.9999108967977565,True,stationary_feasible,17,8,2.430059726318088e-06,176.32675061243222,0.7250494945047663,0.7288399786971584,0.7212390896339159,0.44490912878731137,6.938893903907228e-18,True,1.5664149585683782,1.5664149585683782,1.2082721243465337,1.5190967960595614,4.803563331695211,1.4902177924563942,1.2680854445078544e-06,0.03167876848041617,0.022638673915321157,0.8187525449320674,599996,True,0.7250494945047663,0.7288399786971584,0.7212390896339159,1.5664149585683782,1.5190967960595614,1.5664149585683782,1.2082721243465337
visual_cognitive_motivation,visual_cognitive_motivation__prefrontal__montage0,3,1,1.0,paired,3,visual_cognitive_motivation__s03__r1__a1__paired,visual_cognitive_motivation__s03__r1__a1__paired,completed,1.0000095125295925,True,stationary_feasible,27,13,6.20699182088357e-06,498.360221314633,0.7380488897707234,0.5891859870660968,0.8615638107700112,0.7469838672008431,6.938893903907228e-18,True,1.3317488709891818,1.3317488709891818,1.6617381612839526,1.5776908328928627,10.50177736681865,3.41247942035202,7.538912038111636e-07,0.051384711000865786,0.024899812043026572,1.3037013630382717,600740,True,0.7380488897707234,0.5891859870660968,0.8615638107700112,1.3317488709891818,1.5776908328928627,1.3317488709891818,1.6617381612839526
visual_cognitive_motivation,visual_cognitive_motivation__prefrontal__montage0,3,0,1.0,wrong_pair,3,visual_cognitive_motivation__s03__r0__a1__wrong_pair,visual_cognitive_motivation__s03__r0__a1__wrong_pair,completed,0.9999108967977565,True,stationary_feasible,33,16,8.818650828230677e-06,1074.4655524458335,2.496691773351964,2.761841907012572,2.1998111061897814,1.107848893120799,1.3877787807814457e-17,True,2.934571554504194,2.934571554504194,4.024498429743384,2.016980313409641,27.40687325238462,9.290969272690056,1.547570544540966e-05,0.10497091872138582,0.04717695386654319,1.5683846259489655,600004,True,2.496691773351964,2.761841907012572,2.1998111061897814,2.934571554504194,2.016980313409641,2.934571554504194,4.024498429743384
visual_cognitive_motivation,visual_cognitive_motivation__prefrontal__montage0,3,1,1.0,wrong_pair,3,visual_cognitive_motivation__s03__r1__a1__wrong_pair,visual_cognitive_motivation__s03__r1__a1__wrong_pair,completed,1.0000095125295925,True,stationary_feasible,27,13,4.048120259194647e-06,502.8440735657327,1.2855186151933324,1.5003100800050813,1.0267355471845283,0.7561533212739725,6.938893903907228e-18,True,2.233309810777488,2.233309810777488,3.0522050040156103,1.5999154266269788,22.900171246526362,7.738710048187039,1.6736942887111214e-06,0.07686752424728341,0.04393994959748288,1.3226466660853475,598864,True,1.2855186151933324,1.5003100800050813,1.0267355471845283,2.233309810777488,1.5999154266269788,2.233309810777488,3.0522050040156103
visual_cognitive_motivation,visual_cognitive_motivation__prefrontal__montage0,3,0,1.0,Hb_only,3,visual_cognitive_motivation__s03__r0__a1__Hb_only,visual_cognitive_motivation__s03__r0__a1__Hb_only,completed,0.9999108967977565,True,stationary_feasible,17,8,3.7465046980455254e-06,100.64528235842316,1.317685859704567,1.4418085018477291,1.1805847253502544,0.43482287824213484,6.938893903907228e-18,True,1.7355198370934752,1.7355198370934752,1.860101946867217,1.6209606451573089,10.458813116174188,3.276628131944686,1.856494931337683e-06,0.061462388770887035,0.023490605365699715,0.8056958939414471,599956,True,1.317685859704567,1.4418085018477291,1.1805847253502544,1.7355198370934752,1.6209606451573089,1.7355198370934752,1.860101946867217
visual_cognitive_motivation,visual_cognitive_motivation__prefrontal__montage0,3,1,1.0,Hb_only,3,visual_cognitive_motivation__s03__r1__a1__Hb_only,visual_cognitive_motivation__s03__r1__a1__Hb_only,completed,1.0000095125295925,True,stationary_feasible,11,5,8.544762477870647e-07,89.02140672152916,1.066488454050289,1.1331072311035544,0.9954211410583901,0.4247826209252289,3.469446951953614e-18,True,1.6825378639140431,1.6825378639140431,1.2615255382566504,1.5661978701082158,5.569046783205101,1.6807438995656714,1.6033513559852862e-07,0.05868492102554477,0.033017699607856076,0.5655783240217716,594128,True,1.066488454050289,1.1331072311035544,0.9954211410583901,1.6825378639140431,1.5661978701082158,1.6825378639140431,1.2615255382566504
visual_cognitive_motivation,visual_cognitive_motivation__prefrontal__montage0,4,0,0.0,paired,4,visual_cognitive_motivation__s04__r0__a0__paired,visual_cognitive_motivation__s04__r0__a0__paired,completed,0.0,True,stationary_feasible,11,5,4.174527299541703e-06,103.63403746574863,0.6729522695616873,0.69792781557758,0.6470133526130347,0.34817524600043104,3.469446951953614e-18,True,0.4335450308386979,0.4335450308386979,0.9203218322606811,0.47198087353847623,4.295991027903191,1.3193058869428689,1.6391475053312303e-07,0.012383138056875383,0.008649490204123342,0.5613243810366839,600820,True,0.6729522695616873,0.69792781557758,0.6470133526130347,0.4335450308386979,0.47198087353847623,0.4335450308386979,0.9203218322606811
visual_cognitive_motivation,visual_cognitive_motivation__prefrontal__montage0,4,1,0.0,paired,4,visual_cognitive_motivation__s04__r1__a0__paired,visual_cognitive_motivation__s04__r1__a0__paired,completed,0.0,True,stationary_feasible,11,5,5.0680035254987664e-06,219.13876326425125,0.9046383825556069,0.7610507741106715,1.028369060994737,0.5081135466645167,3.469446951953614e-18,True,1.193047834195734,1.193047834195734,1.089842444084576,1.3411221430262346,5.18830498172942,1.6128547331583902,1.939447699213562e-07,0.03140240440365684,0.024674540564191175,0.5431797080673277,601272,True,0.9046383825556069,0.7610507741106715,1.028369060994737,1.193047834195734,1.3411221430262346,1.193047834195734,1.089842444084576
visual_cognitive_motivation,visual_cognitive_motivation__prefrontal__montage0,4,0,0.0,wrong_pair,4,visual_cognitive_motivation__s04__r0__a0__wrong_pair,visual_cognitive_motivation__s04__r0__a0__wrong_pair,completed,0.0,True,stationary_feasible,15,7,5.916334216584558e-07,147.96442401274268,0.6859377921260988,0.6929129995837624,0.6788909222706453,0.4172636663626528,6.938893903907228e-18,True,0.49893754399103213,0.49893754399103213,1.0567968098351153,0.46853444059977795,3.3239973766402806,0.9916861245813215,1.0966074970866761e-07,0.010839740096962697,0.01014948412175208,0.733262407942675,600808,True,0.6859377921260988,0.6929129995837624,0.6788909222706453,0.49893754399103213,0.46853444059977795,0.49893754399103213,1.0567968098351153
visual_cognitive_motivation,visual_cognitive_motivation__prefrontal__montage0,4,1,0.0,wrong_pair,4,visual_cognitive_motivation__s04__r1__a0__wrong_pair,visual_cognitive_motivation__s04__r1__a0__wrong_pair,completed,0.0,True,stationary_feasible,11,5,6.936826728870053e-06,211.13101134879935,0.7964790705651027,0.6901060215559879,0.8902311490330285,0.49862477374983194,3.469446951953614e-18,True,1.3423090717046724,1.3423090717046724,1.06695932490334,1.3403695973213448,5.14895269327981,1.6403161277244935,1.7214569777559125e-07,0.03327003929550435,0.027970333355285548,0.540447055012919,600540,True,0.7964790705651027,0.6901060215559879,0.8902311490330285,1.3423090717046724,1.3403695973213448,1.3423090717046724,1.06695932490334
visual_cognitive_motivation,visual_cognitive_motivation__prefrontal__montage0,4,0,0.0,Hb_only,4,visual_cognitive_motivation__s04__r0__a0__Hb_only,visual_cognitive_motivation__s04__r0__a0__Hb_only,completed,0.0,True,stationary_feasible,9,4,1.855422267775559e-06,47.93966286912674,0.4648922269205437,0.49401658447351887,0.43381698856476697,0.31261163377647083,1.734723475976807e-18,True,0.10524340052335653,0.10524340052335651,1.228479034914172,0.4727040164817767,1.3649267377331062,0.3405471938257908,1.5136846644227701e-07,0.0035805420402029065,0.0019650576892672185,0.450882661039941,600700,True,0.4648922269205437,0.49401658447351887,0.43381698856476697,0.10524340052335653,0.4727040164817767,0.10524340052335651,1.228479034914172
visual_cognitive_motivation,visual_cognitive_motivation__prefrontal__montage0,4,1,0.0,Hb_only,4,visual_cognitive_motivation__s04__r1__a0__Hb_only,visual_cognitive_motivation__s04__r1__a0__Hb_only,completed,0.0,True,stationary_feasible,11,5,2.0758776835801125e-06,155.0863076950806,0.7596093842331925,0.6184758426937029,0.8783509920496325,0.5653009239626777,3.469446951953614e-18,True,1.1687810514094688,1.1687810514094688,1.0681545623671993,1.3403655939171066,3.443563738022335,1.084998958310097,1.3761682460890414e-07,0.03051208450163036,0.024274498616541552,0.5421075479825959,599984,True,0.7596093842331925,0.6184758426937029,0.8783509920496325,1.1687810514094688,1.3403655939171066,1.1687810514094688,1.0681545623671993
visual_cognitive_motivation,visual_cognitive_motivation__prefrontal__montage0,4,0,0.25,paired,4,visual_cognitive_motivation__s04__r0__a0.25__paired,visual_cognitive_motivation__s04__r0__a0.25__paired,completed,0.25001876444802656,True,stationary_feasible,11,5,3.696275400996115e-06,103.7003455016001,0.6728872292472565,0.697114533875361,0.6477544081114678,0.3483574527064454,6.938893903907228e-18,True,0.4346302316859787,0.4346302316859787,0.9192848108649015,0.4718041906360549,4.274286907058305,1.3123409846639529,1.5784146817454334e-07,0.012400817767022655,0.00866985662218743,0.5598978890338913,599136,True,0.6728872292472565,0.697114533875361,0.6477544081114678,0.4346302316859787,0.4718041906360549,0.4346302316859787,0.9192848108649015
visual_cognitive_motivation,visual_cognitive_motivation__prefrontal__montage0,4,1,0.25,paired,4,visual_cognitive_motivation__s04__r1__a0.25__paired,visual_cognitive_motivation__s04__r1__a0.25__paired,completed,0.2500006150303498,True,stationary_feasible,11,5,3.4675435927784644e-06,219.5127899808259,0.9040627538738933,0.7594016090528819,1.028575773607365,0.5082355370616574,3.469446951953614e-18,True,1.1876514270090588,1.1876514270090588,1.0860192754478433,1.3411228801087087,5.140065837607099,1.5872206104382751,1.8505179327136548e-07,0.03131017971431841,0.024562186706706044,0.5798081370303407,600008,True,0.9040627538738933,0.7594016090528819,1.028575773607365,1.1876514270090588,1.3411228801087087,1.1876514270090588,1.0860192754478433
visual_cognitive_motivation,visual_cognitive_motivation__prefrontal__montage0,4,0,0.25,wrong_pair,4,visual_cognitive_motivation__s04__r0__a0.25__wrong_pair,visual_cognitive_motivation__s04__r0__a0.25__wrong_pair,completed,0.25001876444802656,True,stationary_feasible,15,7,7.838199988082519e-07,151.70016291699758,0.7421891451881547,0.7647907175834042,0.7188773280390119,0.4217130203044005,6.938893903907228e-18,True,0.5333117359306561,0.5333117359306561,1.127461856077182,0.4687079724735862,4.273865782908285,1.3080138810679371,8.461926321314687e-08,0.013026344249853121,0.010741927977730797,0.7596568239387125,600004,True,0.7421891451881547,0.7647907175834042,0.7188773280390119,0.5333117359306561,0.4687079724735862,0.5333117359306561,1.127461856077182
visual_cognitive_motivation,visual_cognitive_motivation__prefrontal__montage0,4,1,0.25,wrong_pair,4,visual_cognitive_motivation__s04__r1__a0.25__wrong_pair,visual_cognitive_motivation__s04__r1__a0.25__wrong_pair,completed,0.2500006150303498,True,stationary_feasible,15,7,7.903361961272103e-07,228.01463514417557,0.9234754503684656,0.8567922061725555,0.9856576131235663,0.5180185889723233,3.469446951953614e-18,True,1.4752355088363804,1.4752355088363804,1.2419996579017798,1.3407921494201391,7.424717586680861,2.3823897450684584,2.3836604913898164e-07,0.03791131061096366,0.03065924278273247,0.7607699750224128,600008,True,0.9234754503684656,0.8567922061725555,0.9856576131235663,1.4752355088363804,1.3407921494201391,1.4752355088363804,1.2419996579017798
visual_cognitive_motivation,visual_cognitive_motivation__prefrontal__montage0,4,0,0.25,Hb_only,4,visual_cognitive_motivation__s04__r0__a0.25__Hb_only,visual_cognitive_motivation__s04__r0__a0.25__Hb_only,completed,0.25001876444802656,True,stationary_feasible,9,4,2.6055171365564322e-06,47.91320443599984,0.5705190600264127,0.6148067225352979,0.5224908512426303,0.31258692261076876,3.469446951953614e-18,True,0.25542866224132443,0.25542866224132443,0.9352533074001991,0.47288400911892975,2.07849042861596,0.60030976418923,1.561270372580902e-07,0.0069896499833416136,0.00518851289366922,0.4587471269769594,600000,True,0.5705190600264127,0.6148067225352979,0.5224908512426303,0.25542866224132443,0.47288400911892975,0.25542866224132443,0.9352533074001991
visual_cognitive_motivation,visual_cognitive_motivation__prefrontal__montage0,4,1,0.25,Hb_only,4,visual_cognitive_motivation__s04__r1__a0.25__Hb_only,visual_cognitive_motivation__s04__r1__a0.25__Hb_only,completed,0.2500006150303498,True,stationary_feasible,11,5,1.5305537287630122e-06,155.0766902279042,0.7883355103664189,0.6723216794393955,0.8893420675786989,0.5651456347700348,3.469446951953614e-18,True,1.3131854868729131,1.3131854868729131,1.0548536254266179,1.3404079889288416,3.735804835648248,1.179583734828618,1.2901904073981598e-07,0.033774226750860975,0.02730127310369448,0.5395216689212248,594132,True,0.7883355103664189,0.6723216794393955,0.8893420675786989,1.3131854868729131,1.3404079889288416,1.3131854868729131,1.0548536254266179
visual_cognitive_motivation,visual_cognitive_motivation__prefrontal__montage0,4,0,0.5,paired,4,visual_cognitive_motivation__s04__r0__a0.5__paired,visual_cognitive_motivation__s04__r0__a0.5__paired,completed,0.5000493315251688,True,stationary_feasible,11,5,3.927074404153812e-06,103.9774970727639,0.6729214022658383,0.6964367142153213,0.6485540303997896,0.34854685563949084,3.469446951953614e-18,True,0.4357747908746297,0.4357747908746297,0.9178871506647536,0.4716232901952035,4.247276048738262,1.3036377576074076,1.5164257211707577e-07,0.012419637608456725,0.008691385384383214,0.5889539959607646,594128,True,0.6729214022658383,0.6964367142153213,0.6485540303997896,0.4357747908746297,0.4716232901952035,0.4357747908746297,0.9178871506647536
visual_cognitive_motivation,visual_cognitive_motivation__prefrontal__montage0,4,1,0.5,paired,4,visual_cognitive_motivation__s04__r1__a0.5__paired,visual_cognitive_motivation__s04__r1__a0.5__paired,completed,0.5000035361274691,True,stationary_feasible,11,5,5.932520423075449e-06,220.0548826201806,0.9034496748216831,0.757778075272199,1.028695785209394,0.5083913261763933,3.469446951953614e-18,True,1.18241552894458,1.18241552894458,1.0803710011200216,1.3411237253361425,5.069337142157373,1.5543947342098139,1.760141041677634e-07,0.031230277201043394,0.02445256012483512,0.5907600660575554,600008,True,0.9034496748216831,0.757778075272199,1.028695785209394,1.18241552894458,1.3411237253361425,1.18241552894458,1.0803710011200216
visual_cognitive_motivation,visual_cognitive_motivation__prefrontal__montage0,4,0,0.5,wrong_pair,4,visual_cognitive_motivation__s04__r0__a0.5__wrong_pair,visual_cognitive_motivation__s04__r0__a0.5__wrong_pair,completed,0.5000493315251688,True,stationary_feasible,15,7,1.5814345458355854e-06,182.41525833330417,0.8969729827950681,0.9599355820639052,0.8292434757151815,0.4611962031973125,6.938893903907228e-18,True,0.7004490920923653,0.7004490920923653,1.2791090221421615,0.46908918454421844,5.9031177048365135,1.850354598164831,7.142232555802008e-08,0.018421204843325423,0.014116365242152902,0.7719879349460825,600820,True,0.8969729827950681,0.9599355820639052,0.8292434757151815,0.7004490920923653,0.46908918454421844,0.7004490920923653,1.2791090221421615
visual_cognitive_motivation,visual_cognitive_motivation__prefrontal__montage0,4,1,0.5,wrong_pair,4,visual_cognitive_motivation__s04__r1__a0.5__wrong_pair,visual_cognitive_motivation__s04__r1__a0.5__wrong_pair,completed,0.5000035361274691,True,stationary_feasible,15,7,4.026848160518131e-06,260.7147934078305,1.097721607020874,1.0814230390678283,1.1137816947742867,0.5534954493963751,6.938893903907228e-18,True,1.6399289883201351,1.6399289883201351,1.4862350902505657,1.3419579887195099,9.9608283318435,3.1973424239171195,3.1906690988691514e-07,0.04343639055662231,0.03396933441532222,0.7725220989668742,600828,True,1.097721607020874,1.0814230390678283,1.1137816947742867,1.6399289883201351,1.3419579887195099,1.6399289883201351,1.4862350902505657
visual_cognitive_motivation,visual_cognitive_motivation__prefrontal__montage0,4,0,0.5,Hb_only,4,visual_cognitive_motivation__s04__r0__a0.5__Hb_only,visual_cognitive_motivation__s04__r0__a0.5__Hb_only,completed,0.5000493315251688,True,stationary_feasible,9,4,3.709473632478015e-06,47.979873045516705,0.7272305350743569,0.7972869859232147,0.6496629621323249,0.31260847595486313,3.469446951953614e-18,True,0.4626415823629454,0.4626415823629454,0.763178974326725,0.47309361616014123,3.5054283218716176,1.069425411947764,1.6105095343002718e-07,0.012267189808574231,0.009457970894429447,0.45320980402175337,601272,True,0.7272305350743569,0.7972869859232147,0.6496629621323249,0.4626415823629454,0.47309361616014123,0.4626415823629454,0.763178974326725
visual_cognitive_motivation,visual_cognitive_motivation__prefrontal__montage0,4,1,0.5,Hb_only,4,visual_cognitive_motivation__s04__r1__a0.5__Hb_only,visual_cognitive_motivation__s04__r1__a0.5__Hb_only,completed,0.5000035361274691,True,stationary_feasible,11,5,1.1129691668918593e-06,155.1299692037355,0.8843749047726406,0.8196952592506475,0.9446362402243778,0.5650036986720147,3.469446951953614e-18,True,1.4832001588244323,1.4832001588244323,1.143116837916383,1.3404854183233332,4.79409437933363,1.5020141647586838,1.2067421662383556e-07,0.03773070079740575,0.030845146799276652,0.5446640390437096,599996,True,0.8843749047726406,0.8196952592506475,0.9446362402243778,1.4832001588244323,1.3404854183233332,1.4832001588244323,1.143116837916383
visual_cognitive_motivation,visual_cognitive_motivation__prefrontal__montage0,4,0,1.0,paired,4,visual_cognitive_motivation__s04__r0__a1__paired,visual_cognitive_motivation__s04__r0__a1__paired,completed,0.9999932768436656,True,stationary_feasible,11,5,1.3708296494583398e-06,105.14943452872153,0.6734909273452231,0.6956681876591454,0.6505580920345986,0.3489219741337667,3.469446951953614e-18,True,0.43840624458658584,0.43840624458658584,0.9148228632067191,0.4712630563391946,4.188804515436691,1.2850905624382092,1.3939338753505262e-07,0.012461714112137114,0.008741640200493466,0.5836714359465986,600700,True,0.6734909273452231,0.6956681876591454,0.6505580920345986,0.43840624458658584,0.4712630563391946,0.43840624458658584,0.9148228632067191
visual_cognitive_motivation,visual_cognitive_motivation__prefrontal__montage0,4,1,1.0,paired,4,visual_cognitive_motivation__s04__r1__a1__paired,visual_cognitive_motivation__s04__r1__a1__paired,completed,1.0000071204924945,True,stationary_feasible,13,6,4.0181126317029606e-06,221.6590796286391,0.9021168533413725,0.7546506983034992,1.0286554125240968,0.5088129275659964,3.469446951953614e-18,True,1.1726948336078717,1.1726948336078717,1.0647225531008986,1.3411251808528009,4.872279445835435,1.4716385615428096,1.57849626262656e-07,0.031107376408653308,0.024247362465929914,0.6843439930817112,600816,True,0.9021168533413725,0.7546506983034992,1.0286554125240968,1.1726948336078717,1.3411251808528009,1.1726948336078717,1.0647225531008986
visual_cognitive_motivation,visual_cognitive_motivation__prefrontal__montage0,4,0,1.0,wrong_pair,4,visual_cognitive_motivation__s04__r0__a1__wrong_pair,visual_cognitive_motivation__s04__r0__a1__wrong_pair,completed,0.9999932768436656,True,stationary_feasible,15,7,7.032790001217219e-06,321.6129481967719,1.3635376083885016,1.523689651136904,1.1818796326183003,0.6101445720208432,1.3877787807814457e-17,True,1.199650956840276,1.199650956840276,1.7320566145426353,0.4705107707502125,9.826616628256838,3.198504515453029,6.883288159674941e-08,0.03223838489688576,0.024303488240448187,0.7666333690285683,599148,True,1.3635376083885016,1.523689651136904,1.1818796326183003,1.199650956840276,0.4705107707502125,1.199650956840276,1.7320566145426353
visual_cognitive_motivation,visual_cognitive_motivation__prefrontal__montage0,4,1,1.0,wrong_pair,4,visual_cognitive_motivation__s04__r1__a1__wrong_pair,visual_cognitive_motivation__s04__r1__a1__wrong_pair,completed,1.0000071204924945,True,stationary_feasible,19,9,3.6513690523894995e-06,376.7527052712994,1.5270833052504487,1.6133013249896782,1.4356969308095007,0.6642396283087025,6.938893903907228e-18,True,2.0382073329517656,2.0382073329517656,2.0758866287219293,1.346956726356584,15.235154995523134,4.874393460460513,5.28244873535333e-07,0.05630999555766339,0.041939663649439636,0.8991743809310719,600540,True,1.5270833052504487,1.6133013249896782,1.4356969308095007,2.0382073329517656,1.346956726356584,2.0382073329517656,2.0758866287219293
visual_cognitive_motivation,visual_cognitive_motivation__prefrontal__montage0,4,0,1.0,Hb_only,4,visual_cognitive_motivation__s04__r0__a1__Hb_only,visual_cognitive_motivation__s04__r0__a1__Hb_only,completed,0.9999932768436656,True,stationary_feasible,9,4,6.508554901435339e-06,48.388017856958015,1.1016398880683487,1.2318993966229437,0.953752988234645,0.31278846707180524,1.734723475976807e-18,True,0.8895553151316679,0.8895553151316679,1.0069873187772271,0.4735997306133775,6.639587610896679,2.084564027989128,1.7119184622904675e-07,0.02344605923164024,0.018189519620231576,0.45870516798458993,599956,True,1.1016398880683487,1.2318993966229437,0.953752988234645,0.8895553151316679,0.4735997306133775,0.8895553151316679,1.0069873187772271
visual_cognitive_motivation,visual_cognitive_motivation__prefrontal__montage0,4,1,1.0,Hb_only,4,visual_cognitive_motivation__s04__r1__a1__Hb_only,visual_cognitive_motivation__s04__r1__a1__Hb_only,completed,1.0000071204924945,True,stationary_feasible,11,5,1.1844124580612592e-06,155.43750601673293,1.2059395059851385,1.252626324958879,1.15737093198826,0.564761287122871,3.469446951953614e-18,True,1.871890565689662,1.871890565689662,1.5458311527313056,1.340755090825429,7.9545963565230515,2.4383450060411027,1.0480607919098446e-07,0.04703918874250498,0.03891571542154727,0.581428557052277,599984,True,1.2059395059851385,1.252626324958879,1.15737093198826,1.871890565689662,1.340755090825429,1.871890565689662,1.5458311527313056
visual_cognitive_motivation,visual_cognitive_motivation__prefrontal__montage0,5,0,0.0,paired,5,visual_cognitive_motivation__s05__r0__a0__paired,visual_cognitive_motivation__s05__r0__a0__paired,completed,0.0,True,stationary_feasible,11,5,1.3514341990889086e-06,133.40953831831112,0.582789948862643,0.5787123168302655,0.5868392482951276,0.3937678057824785,3.469446951953614e-18,True,0.453573508318223,0.453573508318223,1.0387352748428154,0.5586358498152361,3.4167627764486674,1.0494436761264134,1.0101971914534188e-07,0.015708169217505213,0.00857909508433014,0.5899145809235051,599136,True,0.582789948862643,0.5787123168302655,0.5868392482951276,0.453573508318223,0.5586358498152361,0.453573508318223,1.0387352748428154
visual_cognitive_motivation,visual_cognitive_motivation__prefrontal__montage0,5,1,0.0,paired,5,visual_cognitive_motivation__s05__r1__a0__paired,visual_cognitive_motivation__s05__r1__a0__paired,completed,0.0,True,stationary_feasible,15,7,2.2289850260034117e-06,173.92704866495654,0.8386555973756564,0.9712125347201166,0.6807588665757975,0.4455487972808163,6.938893903907228e-18,True,1.2738135128459933,1.2738135128459933,1.182862092821625,1.5088616771841619,6.287281253106805,2.0143965822132297,1.0967924282375086e-06,0.02763613919984661,0.017550133574870584,0.7059561039786786,599968,True,0.8386555973756564,0.9712125347201166,0.6807588665757975,1.2738135128459933,1.5088616771841619,1.2738135128459933,1.182862092821625
visual_cognitive_motivation,visual_cognitive_motivation__prefrontal__montage0,5,0,0.0,wrong_pair,5,visual_cognitive_motivation__s05__r0__a0__wrong_pair,visual_cognitive_motivation__s05__r0__a0__wrong_pair,completed,0.0,True,stationary_feasible,11,5,8.078799687688279e-07,115.19074322200282,0.5779787865271806,0.6371399256960757,0.5120270211960141,0.36918360547599743,3.469446951953614e-18,True,0.4086548531091303,0.4086548531091303,0.7719910336336905,0.5567986681170715,2.501578098496207,0.7847910936145431,7.164099665171263e-08,0.014268378415592989,0.007916843511735567,0.5648912210017443,600008,True,0.5779787865271806,0.6371399256960757,0.5120270211960141,0.4086548531091303,0.5567986681170715,0.4086548531091303,0.7719910336336905
visual_cognitive_motivation,visual_cognitive_motivation__prefrontal__montage0,5,1,0.0,wrong_pair,5,visual_cognitive_motivation__s05__r1__a0__wrong_pair,visual_cognitive_motivation__s05__r1__a0__wrong_pair,completed,0.0,True,stationary_feasible,15,7,3.1255849803949295e-06,189.14161244530902,0.8042671653342265,0.8829960731684278,0.716944405960909,0.4665908874888717,3.469446951953614e-18,True,1.2167918693557969,1.2167918693557969,1.0299717673248854,1.523063952720077,6.578118818481535,2.1368622181020114,1.3419731544077263e-06,0.03302142848732673,0.014376421962083708,0.7557235690765083,600808,True,0.8042671653342265,0.8829960731684278,0.716944405960909,1.2167918693557969,1.523063952720077,1.2167918693557969,1.0299717673248854
visual_cognitive_motivation,visual_cognitive_motivation__prefrontal__montage0,5,0,0.0,Hb_only,5,visual_cognitive_motivation__s05__r0__a0__Hb_only,visual_cognitive_motivation__s05__r0__a0__Hb_only,completed,0.0,True,stationary_feasible,9,4,1.0950892688979677e-06,83.12195594386644,0.6459226308921009,0.7290248745951907,0.5504133196231835,0.4141885176347423,3.469446951953614e-18,True,0.3486908278980227,0.3486908278980227,1.759632953648325,0.5624678622398569,3.4275694129338197,0.9716279540941805,1.0497932021322478e-07,0.011545813175069256,0.006255434548071266,0.4379625410074368,600000,True,0.6459226308921009,0.7290248745951907,0.5504133196231835,0.3486908278980227,0.5624678622398569,0.3486908278980227,1.759632953648325
visual_cognitive_motivation,visual_cognitive_motivation__prefrontal__montage0,5,1,0.0,Hb_only,5,visual_cognitive_motivation__s05__r1__a0__Hb_only,visual_cognitive_motivation__s05__r1__a0__Hb_only,completed,0.0,True,stationary_feasible,15,7,2.771175229660539e-06,133.74162159960147,0.8588853766307282,0.7505636357234429,0.9549986435120327,0.5151988346348045,6.938893903907228e-18,True,1.0465528895948668,1.0465528895948668,4.549825080768792,1.5060864961668414,5.007706176204878,1.3126153372237823,1.0739308029967845e-06,0.04700029413387789,0.006033414157543208,0.6979796220548451,600004,True,0.8588853766307282,0.7505636357234429,0.9549986435120327,1.0465528895948668,1.5060864961668414,1.0465528895948668,4.549825080768792
visual_cognitive_motivation,visual_cognitive_motivation__prefrontal__montage0,5,0,0.25,paired,5,visual_cognitive_motivation__s05__r0__a0.25__paired,visual_cognitive_motivation__s05__r0__a0.25__paired,completed,0.24999972947724938,True,stationary_feasible,11,5,5.660298134306191e-06,132.8103530636587,0.5814434710245772,0.5768190104964351,0.5860314403887644,0.3927022948844226,3.469446951953614e-18,True,0.4560393455427944,0.4560393455427944,1.1079866568678582,0.5607323799287607,4.230199071391005,1.2893500851350734,9.942482650739532e-08,0.016283847572122815,0.008474485211820718,0.5475824460154399,594132,True,0.5814434710245772,0.5768190104964351,0.5860314403887644,0.4560393455427944,0.5607323799287607,0.4560393455427944,1.1079866568678582
visual_cognitive_motivation,visual_cognitive_motivation__prefrontal__montage0,5,1,0.25,paired,5,visual_cognitive_motivation__s05__r1__a0.25__paired,visual_cognitive_motivation__s05__r1__a0.25__paired,completed,0.24999958526850116,True,stationary_feasible,15,7,2.2414656920551792e-06,173.60102075789115,0.8390288584027703,0.9730134655483953,0.679105033354056,0.44582138525163867,6.938893903907228e-18,True,1.27805466328879,1.27805466328879,1.2130006201675951,1.5102692505660886,6.636208713867337,2.127531508463315,1.1047537653079387e-06,0.02761860710474999,0.01763136691561128,0.7244793170830235,601272,True,0.8390288584027703,0.9730134655483953,0.679105033354056,1.27805466328879,1.5102692505660886,1.27805466328879,1.2130006201675951
visual_cognitive_motivation,visual_cognitive_motivation__prefrontal__montage0,5,0,0.25,wrong_pair,5,visual_cognitive_motivation__s05__r0__a0.25__wrong_pair,visual_cognitive_motivation__s05__r0__a0.25__wrong_pair,completed,0.24999972947724938,True,stationary_feasible,9,4,9.491705710784606e-06,115.02004024938068,0.671693402642313,0.755757228599368,0.5754781192419217,0.369461964439335,3.469446951953614e-18,True,0.4984994398918692,0.4984994398918692,0.8447800182894416,0.5598174562826589,3.46472238035123,1.081484329756504,9.150367159883634e-08,0.016570386263540796,0.009621164889430517,0.5136181099805981,594128,True,0.671693402642313,0.755757228599368,0.5754781192419217,0.4984994398918692,0.5598174562826589,0.4984994398918692,0.8447800182894416
visual_cognitive_motivation,visual_cognitive_motivation__prefrontal__montage0,5,1,0.25,wrong_pair,5,visual_cognitive_motivation__s05__r1__a0.25__wrong_pair,visual_cognitive_motivation__s05__r1__a0.25__wrong_pair,completed,0.24999958526850116,True,stationary_feasible,15,7,2.916513978373049e-06,194.48124127918243,0.86208413352538,0.9300136246493975,0.7883227540283865,0.4743599163163739,6.938893903907228e-18,True,1.2009803799023107,1.2009803799023107,0.8984404803439836,1.4895067088620362,5.784459090924189,1.8880384752228043,1.1803158654823103e-06,0.03590089493485506,0.014501938439837336,0.778461180976592,600008,True,0.86208413352538,0.9300136246493975,0.7883227540283865,1.2009803799023107,1.4895067088620362,1.2009803799023107,0.8984404803439836
visual_cognitive_motivation,visual_cognitive_motivation__prefrontal__montage0,5,0,0.25,Hb_only,5,visual_cognitive_motivation__s05__r0__a0.25__Hb_only,visual_cognitive_motivation__s05__r0__a0.25__Hb_only,completed,0.24999972947724938,True,stationary_feasible,9,4,1.1116794955099705e-06,83.16717056638937,0.6776472876390564,0.7749733978026987,0.5637622952870119,0.4142850406680325,3.469446951953614e-18,True,0.3924092679328645,0.3924092679328645,2.1456945409601342,0.5639783508242681,4.318059759818219,1.2541665975726008,1.0591718983945538e-07,0.013411264267070346,0.007033932224829572,0.4968625850742683,600740,True,0.6776472876390564,0.7749733978026987,0.5637622952870119,0.3924092679328645,0.5639783508242681,0.3924092679328645,2.1456945409601342
visual_cognitive_motivation,visual_cognitive_motivation__prefrontal__montage0,5,1,0.25,Hb_only,5,visual_cognitive_motivation__s05__r1__a0.25__Hb_only,visual_cognitive_motivation__s05__r1__a0.25__Hb_only,completed,0.24999958526850116,True,stationary_feasible,15,7,2.6906061854357277e-06,133.34026897139705,0.9721039687967824,0.8768846159732631,1.058794419408383,0.5148815107123597,6.938893903907228e-18,True,1.1057633708890013,1.1057633708890013,4.099282822424241,1.5096187657644733,5.3728446730075845,1.4546459125634554,1.1130451398149972e-06,0.05102207261312326,0.00883518310844724,0.7660005589714274,600004,True,0.9721039687967824,0.8768846159732631,1.058794419408383,1.1057633708890013,1.5096187657644733,1.1057633708890013,4.099282822424241
visual_cognitive_motivation,visual_cognitive_motivation__prefrontal__montage0,5,0,0.5,paired,5,visual_cognitive_motivation__s05__r0__a0.5__paired,visual_cognitive_motivation__s05__r0__a0.5__paired,completed,0.49999826455039875,True,stationary_feasible,13,6,2.1373035896785196e-06,131.8632671501561,0.5788396103975677,0.5736041194361925,0.5840281699509419,0.39057371363247123,3.469446951953614e-18,True,0.4559180705254049,0.4559180705254049,1.263600749355473,0.5634059814871312,6.137607613098704,1.8925522137555157,9.524161007570149e-08,0.01686779993626334,0.008273138585033748,0.6481699009891599,599996,True,0.5788396103975677,0.5736041194361925,0.5840281699509419,0.4559180705254049,0.5634059814871312,0.4559180705254049,1.263600749355473
visual_cognitive_motivation,visual_cognitive_motivation__prefrontal__montage0,5,1,0.5,paired,5,visual_cognitive_motivation__s05__r1__a0.5__paired,visual_cognitive_motivation__s05__r1__a0.5__paired,completed,0.4999976185240116,True,stationary_feasible,15,7,2.204598940694143e-06,173.59223791354967,0.8395785833570601,0.9751400080067653,0.6774115145524632,0.4462021609287713,6.938893903907228e-18,True,1.2817829630242155,1.2817829630242152,1.2387350351459898,1.5109697201250578,6.925021199500669,2.2217983846260587,1.1054260050946356e-06,0.027547922192648486,0.017719488343750252,0.7680119230644777,600008,True,0.8395785833570601,0.9751400080067653,0.6774115145524632,1.2817829630242155,1.5109697201250578,1.2817829630242152,1.2387350351459898
visual_cognitive_motivation,visual_cognitive_motivation__prefrontal__montage0,5,0,0.5,wrong_pair,5,visual_cognitive_motivation__s05__r0__a0.5__wrong_pair,visual_cognitive_motivation__s05__r0__a0.5__wrong_pair,completed,0.49999826455039875,True,stationary_feasible,11,5,8.470467186487234e-07,130.63295567623794,0.8689996502501601,0.9806035299044907,0.7407681833128726,0.393137340806438,6.938893903907228e-18,True,0.7201578070302012,0.7201578070302012,0.9978672335906493,0.5643492106541559,5.491338994443701,1.7395833784266364,1.0981042092001326e-07,0.021403796009467624,0.014209104416977513,0.5522737869760022,599956,True,0.8689996502501601,0.9806035299044907,0.7407681833128726,0.7201578070302012,0.5643492106541559,0.7201578070302012,0.9978672335906493
visual_cognitive_motivation,visual_cognitive_motivation__prefrontal__montage0,5,1,0.5,wrong_pair,5,visual_cognitive_motivation__s05__r1__a0.5__wrong_pair,visual_cognitive_motivation__s05__r1__a0.5__wrong_pair,completed,0.4999976185240116,True,stationary_feasible,15,7,2.6998514078050457e-06,211.25531295086373,1.084226647120805,1.1591387699847135,1.0037390878968355,0.49527160357388217,6.938893903907228e-18,True,1.3179921360443885,1.3179921360443885,0.9691322912934293,1.4550497228338934,6.881896386345339,2.251944837978866,1.0140312408682168e-06,0.04083447578682489,0.018918285758960894,0.7998354439623654,598864,True,1.084226647120805,1.1591387699847135,1.0037390878968355,1.3179921360443885,1.4550497228338934,1.3179921360443885,0.9691322912934293
visual_cognitive_motivation,visual_cognitive_motivation__prefrontal__montage0,5,0,0.5,Hb_only,5,visual_cognitive_motivation__s05__r0__a0.5__Hb_only,visual_cognitive_motivation__s05__r0__a0.5__Hb_only,completed,0.49999826455039875,True,stationary_feasible,9,4,1.1175711943750639e-06,83.30171597440462,0.7806670093204862,0.8990242812869927,0.6408098786217254,0.4144186879034543,3.469446951953614e-18,True,0.5417117284984766,0.5417117284984766,2.576436433158114,0.5656962875931566,5.850580572455737,1.7562850549905424,1.0615021530940226e-07,0.017240295898931304,0.010231685657253613,0.5012008909834549,600700,True,0.7806670093204862,0.8990242812869927,0.6408098786217254,0.5417117284984766,0.5656962875931566,0.5417117284984766,2.576436433158114
visual_cognitive_motivation,visual_cognitive_motivation__prefrontal__montage0,5,1,0.5,Hb_only,5,visual_cognitive_motivation__s05__r1__a0.5__Hb_only,visual_cognitive_motivation__s05__r1__a0.5__Hb_only,completed,0.4999976185240116,True,stationary_feasible,15,7,2.602884676891453e-06,133.06049062567556,1.1341450747537591,1.0700119071207759,1.1948408345031483,0.5146191116739258,6.938893903907228e-18,True,1.21760329731253,1.2176032973125301,3.668281616820373,1.5127495832257327,6.226601142420511,1.7711747784649594,1.150245387647747e-06,0.05544538914363158,0.013311893619952967,0.7625809370074421,599984,True,1.1341450747537591,1.0700119071207759,1.1948408345031483,1.21760329731253,1.5127495832257327,1.2176032973125301,3.668281616820373
visual_cognitive_motivation,visual_cognitive_motivation__prefrontal__montage0,5,0,1.0,paired,5,visual_cognitive_motivation__s05__r0__a1__paired,visual_cognitive_motivation__s05__r0__a1__paired,completed,0.9999947407428691,True,stationary_feasible,13,6,2.9902665008256695e-06,129.19773977019582,0.5745817516695704,0.5674023432748116,0.5816725535467498,0.3838969313629476,3.469446951953614e-18,True,0.45403966480306934,0.45403966480306934,1.6903666784733855,0.5702903557416522,10.48047383043602,3.270150477922539,8.407804097092848e-08,0.018017473324720742,0.007721400205446172,0.6472150150220841,600000,True,0.5745817516695704,0.5674023432748116,0.5816725535467498,0.45403966480306934,0.5702903557416522,0.45403966480306934,1.6903666784733855
visual_cognitive_motivation,visual_cognitive_motivation__prefrontal__montage0,5,1,1.0,paired,5,visual_cognitive_motivation__s05__r1__a1__paired,visual_cognitive_motivation__s05__r1__a1__paired,completed,1.000093173288373,True,stationary_feasible,15,7,1.8956387821807178e-06,174.50492871662476,0.8412697944846532,0.9802608178048235,0.6742095099456251,0.44724345079948064,6.938893903907228e-18,True,1.2874081362464056,1.2874081362464056,1.2740813328139429,1.5102521095737718,7.308185010930199,2.3482774385663236,1.0835536180393269e-06,0.027261922006064677,0.01790865547870427,0.7700466139940545,600816,True,0.8412697944846532,0.9802608178048235,0.6742095099456251,1.2874081362464056,1.5102521095737718,1.2874081362464056,1.2740813328139429
visual_cognitive_motivation,visual_cognitive_motivation__prefrontal__montage0,5,0,1.0,wrong_pair,5,visual_cognitive_motivation__s05__r0__a1__wrong_pair,visual_cognitive_motivation__s05__r0__a1__wrong_pair,completed,0.9999947407428691,True,stationary_feasible,15,7,9.885447975548186e-07,206.84143442665646,1.3776424889334042,1.5443150628480715,1.1878083352501814,0.4914068486274003,6.938893903907228e-18,True,1.2646019055843178,1.2646019055843178,1.4303242726225198,0.5781410924901602,10.166919535952601,3.2730360577653905,1.407181467401208e-07,0.03387675909434691,0.025450377479180677,0.7737761229509488,600820,True,1.3776424889334042,1.5443150628480715,1.1878083352501814,1.2646019055843178,0.5781410924901602,1.2646019055843178,1.4303242726225198
visual_cognitive_motivation,visual_cognitive_motivation__prefrontal__montage0,5,1,1.0,wrong_pair,5,visual_cognitive_motivation__s05__r1__a1__wrong_pair,visual_cognitive_motivation__s05__r1__a1__wrong_pair,completed,1.000093173288373,True,stationary_feasible,13,6,2.6464462153798073e-06,276.87232303006203,1.7223540097003476,1.8402629139716777,1.595756584483423,0.5673932419526755,6.938893903907228e-18,True,1.8028728636624867,1.8028728636624867,1.5679569941433886,1.3854493255691982,12.300116988368623,3.9983360456057633,7.065037987177212e-07,0.05408273092884911,0.03240563910151565,0.6718280019704252,600828,True,1.7223540097003476,1.8402629139716777,1.595756584483423,1.8028728636624867,1.3854493255691982,1.8028728636624867,1.5679569941433886
visual_cognitive_motivation,visual_cognitive_motivation__prefrontal__montage0,5,0,1.0,Hb_only,5,visual_cognitive_motivation__s05__r0__a1__Hb_only,visual_cognitive_motivation__s05__r0__a1__Hb_only,completed,0.9999947407428691,True,stationary_feasible,9,4,1.2141228825163277e-06,83.83722245126144,1.107349477241352,1.2755504401642268,0.9085245203571767,0.41480861258128876,3.469446951953614e-18,True,0.9406623066596813,0.9406623066596813,3.50869839748264,0.5697563691386358,9.497557215862631,2.9582581966291,1.049272692733952e-07,0.02715038974360477,0.018597626960531605,0.49275237903930247,599136,True,1.107349477241352,1.2755504401642268,0.9085245203571767,0.9406623066596813,0.5697563691386358,0.9406623066596813,3.50869839748264
visual_cognitive_motivation,visual_cognitive_motivation__prefrontal__montage0,5,1,1.0,Hb_only,5,visual_cognitive_motivation__s05__r1__a1__Hb_only,visual_cognitive_motivation__s05__r1__a1__Hb_only,completed,1.000093173288373,True,stationary_feasible,15,7,2.384233561260311e-06,132.84748122802455,1.5358644127233256,1.546468584170632,1.5251865153853192,0.5142595326954467,6.938893903907228e-18,True,1.545548312146596,1.545548312146596,2.893228294907209,1.5178818256196582,8.703868820040755,2.656338654834175,1.2172343314328714e-06,0.0650832071219198,0.02330136691906773,0.7530064469901845,600008,True,1.5358644127233256,1.546468584170632,1.5251865153853192,1.545548312146596,1.5178818256196582,1.545548312146596,2.893228294907209
visual_cognitive_motivation,visual_cognitive_motivation__prefrontal__montage0,6,0,0.0,paired,6,visual_cognitive_motivation__s06__r0__a0__paired,visual_cognitive_motivation__s06__r0__a0__paired,completed,0.0,True,stationary_feasible,15,7,7.914551797997767e-06,168.33500273091593,0.7944378437942876,0.6843646427471505,0.8910151575941897,0.43696424510535364,6.938893903907228e-18,True,1.6173260314365094,1.6173260314365094,1.0762550487814497,1.5723977248353849,3.240057828951816,0.9324379551835515,2.218649262051255e-06,0.0644850002820267,0.008991063974520557,0.7508743980433792,600004,True,0.7944378437942876,0.6843646427471505,0.8910151575941897,1.6173260314365094,1.5723977248353849,1.6173260314365094,1.0762550487814497
visual_cognitive_motivation,visual_cognitive_motivation__prefrontal__montage0,6,1,0.0,paired,6,visual_cognitive_motivation__s06__r1__a0__paired,visual_cognitive_motivation__s06__r1__a0__paired,completed,0.0,True,stationary_feasible,19,9,7.423556256453843e-06,327.83575339712553,0.9459073209114431,0.9710582397390579,0.9200691357406843,0.6085403052478267,6.938893903907228e-18,True,1.076933739008099,1.076933739008099,2.286609162974166,0.8434597700921422,16.827467324033382,5.738622970476498,2.526107902919211e-07,0.03305840458734898,0.02184639031929865,0.9310852818889543,599148,True,0.9459073209114431,0.9710582397390579,0.9200691357406843,1.076933739008099,0.8434597700921422,1.076933739008099,2.286609162974166
visual_cognitive_motivation,visual_cognitive_motivation__prefrontal__montage0,6,0,0.0,wrong_pair,6,visual_cognitive_motivation__s06__r0__a0__wrong_pair,visual_cognitive_motivation__s06__r0__a0__wrong_pair,completed,0.0,True,stationary_feasible,17,8,7.212033392370439e-06,195.12919907190403,0.685106272454487,0.7894048132671646,0.5617661879319513,0.46978998422819246,6.938893903907228e-18,True,1.6439382849218778,1.6439382849218778,1.1778735350105114,1.564183604310084,5.485079585009088,1.7475568832837567,2.3303828483696903e-06,0.0730608507111294,0.010224640692968067,0.7915533339837566,599968,True,0.685106272454487,0.7894048132671646,0.5617661879319513,1.6439382849218778,1.564183604310084,1.6439382849218778,1.1778735350105114
visual_cognitive_motivation,visual_cognitive_motivation__prefrontal__montage0,6,1,0.0,wrong_pair,6,visual_cognitive_motivation__s06__r1__a0__wrong_pair,visual_cognitive_motivation__s06__r1__a0__wrong_pair,completed,0.0,True,stationary_feasible,19,9,6.264800669223672e-06,312.4022318652689,0.9314920849599324,0.894001670156469,0.967530889658541,0.5939967877811767,1.3877787807814457e-17,True,0.9220258553631373,0.9220258553631373,1.869874187588269,0.8293597781836304,13.407783598298014,4.4860802865342375,1.0264602090005146e-07,0.02834439754742364,0.018628403531158105,0.8719966530334204,594132,True,0.9314920849599324,0.894001670156469,0.967530889658541,0.9220258553631373,0.8293597781836304,0.9220258553631373,1.869874187588269
visual_cognitive_motivation,visual_cognitive_motivation__prefrontal__montage0,6,0,0.0,Hb_only,6,visual_cognitive_motivation__s06__r0__a0__Hb_only,visual_cognitive_motivation__s06__r0__a0__Hb_only,completed,0.0,True,stationary_feasible,17,8,2.8468731583750146e-06,98.5609929674203,0.6855345102162901,0.6541416304487877,0.715551435404038,0.4348179160655185,6.938893903907228e-18,True,1.6690988616297484,1.6690988616297484,3.718669141479729,1.6207346253217811,4.399162595606207,1.13789501885607,2.1826058524942604e-06,0.06985946741165747,0.008021678221173886,0.825735621037893,600740,True,0.6855345102162901,0.6541416304487877,0.715551435404038,1.6690988616297484,1.6207346253217811,1.6690988616297484,3.718669141479729
visual_cognitive_motivation,visual_cognitive_motivation__prefrontal__montage0,6,1,0.0,Hb_only,6,visual_cognitive_motivation__s06__r1__a0__Hb_only,visual_cognitive_motivation__s06__r1__a0__Hb_only,completed,0.0,True,stationary_feasible,13,6,4.028799489504993e-06,143.783780886125,0.7661662761646068,0.7296516547707205,0.8010180947732892,0.540890686570209,6.938893903907228e-18,True,0.6771263465673291,0.6771263465673291,1.921084355826919,0.8250815096849626,2.9583836027305797,0.8801919178898419,1.2363208846163787e-08,0.021525990536677145,0.013624243758278039,0.6104705330217257,600004,True,0.7661662761646068,0.7296516547707205,0.8010180947732892,0.6771263465673291,0.8250815096849626,0.6771263465673291,1.921084355826919
visual_cognitive_motivation,visual_cognitive_motivation__prefrontal__montage0,6,0,0.25,paired,6,visual_cognitive_motivation__s06__r0__a0.25__paired,visual_cognitive_motivation__s06__r0__a0.25__paired,completed,0.2500005335682508,True,stationary_feasible,15,7,7.748841980955187e-06,169.36412174512617,0.7957068338793688,0.6857672990619714,0.8922006178555961,0.4371250295612394,3.469446951953614e-18,True,1.6216654170613045,1.6216654170613045,1.0829554145450118,1.5753967108788134,3.239056408747283,0.9244035572204261,2.403910511716497e-06,0.0646218269634498,0.009013701993910639,0.7831073829438537,594128,True,0.7957068338793688,0.6857672990619714,0.8922006178555961,1.6216654170613045,1.5753967108788134,1.6216654170613045,1.0829554145450118
visual_cognitive_motivation,visual_cognitive_motivation__prefrontal__montage0,6,1,0.25,paired,6,visual_cognitive_motivation__s06__r1__a0.25__paired,visual_cognitive_motivation__s06__r1__a0.25__paired,completed,0.2500002430147234,True,stationary_feasible,19,9,6.831466968581613e-06,326.5419725509318,0.9289240662369725,0.9531193977621506,0.9040814428346476,0.6069073638475796,1.3877787807814457e-17,True,1.0531948461397564,1.0531948461397564,2.335250726461441,0.8450853413650306,17.247887469979137,5.844232904620067,2.6590895263720196e-07,0.032869438127511766,0.02129129774180997,0.8932522920658812,600540,True,0.9289240662369725,0.9531193977621506,0.9040814428346476,1.0531948461397564,0.8450853413650306,1.0531948461397564,2.335250726461441
visual_cognitive_motivation,visual_cognitive_motivation__prefrontal__montage0,6,0,0.25,wrong_pair,6,visual_cognitive_motivation__s06__r0__a0.25__wrong_pair,visual_cognitive_motivation__s06__r0__a0.25__wrong_pair,completed,0.2500005335682508,True,stationary_feasible,19,9,5.093324126132877e-06,308.1912801229544,0.6384654478025464,0.6724521891661603,0.6025647760706321,0.5931822152161116,6.938893903907228e-18,True,1.6863006985861277,1.6863006985861277,1.353310767224454,1.6079761665635903,7.431979307320609,2.40211307620326,3.054234920405732e-06,0.07665127251417497,0.009251574622236617,0.9593442280311137,600808,True,0.6384654478025464,0.6724521891661603,0.6025647760706321,1.6863006985861277,1.6079761665635903,1.6863006985861277,1.353310767224454
visual_cognitive_motivation,visual_cognitive_motivation__prefrontal__montage0,6,1,0.25,wrong_pair,6,visual_cognitive_motivation__s06__r1__a0.25__wrong_pair,visual_cognitive_motivation__s06__r1__a0.25__wrong_pair,completed,0.2500002430147234,True,stationary_feasible,19,9,2.9431824284847987e-06,289.98282133452113,0.8659753674104883,0.8269488757603692,0.9033173477810121,0.572473653255485,6.938893903907228e-18,True,0.8505897949498186,0.8505897949498186,1.8554061389457648,0.836477229193806,13.167583047237502,4.376083382249491,1.5322297883734963e-07,0.027933144993452907,0.01700584119324908,0.9644363269908354,600700,True,0.8659753674104883,0.8269488757603692,0.9033173477810121,0.8505897949498186,0.836477229193806,0.8505897949498186,1.8554061389457648
visual_cognitive_motivation,visual_cognitive_motivation__prefrontal__montage0,6,0,0.25,Hb_only,6,visual_cognitive_motivation__s06__r0__a0.25__Hb_only,visual_cognitive_motivation__s06__r0__a0.25__Hb_only,completed,0.2500005335682508,True,stationary_feasible,17,8,2.926462311296752e-06,98.94502382104689,0.6566206029444249,0.6422989631098968,0.6706364696392165,0.43469950973003335,6.938893903907228e-18,True,1.6886657561533922,1.6886657561533922,4.320161227757383,1.6272378041523041,4.977535854875685,1.287762730260759,2.3031311224026825e-06,0.07293241912473641,0.008016657560966601,0.799583638086915,599956,True,0.6566206029444249,0.6422989631098968,0.6706364696392165,1.6886657561533922,1.6272378041523041,1.6886657561533922,4.320161227757383
visual_cognitive_motivation,visual_cognitive_motivation__prefrontal__montage0,6,1,0.25,Hb_only,6,visual_cognitive_motivation__s06__r1__a0.25__Hb_only,visual_cognitive_motivation__s06__r1__a0.25__Hb_only,completed,0.2500002430147234,True,stationary_feasible,13,6,2.0541984120387483e-06,143.82032271657914,0.8241508355623107,0.8159166549804971,0.8323035573884965,0.540964175082883,6.938893903907228e-18,True,0.7952385566901513,0.7952385566901513,1.6189521583425404,0.8264021987487591,3.493680961923655,1.0723025076297668,1.4214593727266277e-08,0.02446460558182089,0.016124024002543223,0.6266394869890064,601272,True,0.8241508355623107,0.8159166549804971,0.8323035573884965,0.7952385566901513,0.8264021987487591,0.7952385566901513,1.6189521583425404
visual_cognitive_motivation,visual_cognitive_motivation__prefrontal__montage0,6,0,0.5,paired,6,visual_cognitive_motivation__s06__r0__a0.5__paired,visual_cognitive_motivation__s06__r0__a0.5__paired,completed,0.5000020145218801,True,stationary_feasible,15,7,6.908337730696082e-06,171.11325817425552,0.7969232670882109,0.6874538040353704,0.8930737117228311,0.4373716342798252,6.938893903907228e-18,True,1.6243511823368737,1.6243511823368737,1.0897293098125467,1.577044825129068,3.288870266733318,0.936233056899176,2.5560431125422513e-06,0.06467995868862934,0.009034268091375657,0.7316939960001037,599996,True,0.7969232670882109,0.6874538040353704,0.8930737117228311,1.6243511823368737,1.577044825129068,1.6243511823368737,1.0897293098125467
visual_cognitive_motivation,visual_cognitive_motivation__prefrontal__montage0,6,1,0.5,paired,6,visual_cognitive_motivation__s06__r1__a0.5__paired,visual_cognitive_motivation__s06__r1__a0.5__paired,completed,0.5000013972633749,True,stationary_feasible,19,9,6.057481161284721e-06,325.7050156668829,0.9126170373073748,0.9355939066951408,0.8890465428324351,0.6056554616393183,6.938893903907228e-18,True,1.0297084579828195,1.0297084579828195,2.367893522568163,0.8469814944715113,17.535800440054476,5.902719008790374,2.7767692411344973e-07,0.03272224667840908,0.020727695597519677,0.9510876380372792,599136,True,0.9126170373073748,0.9355939066951408,0.8890465428324351,1.0297084579828195,0.8469814944715113,1.0297084579828195,2.367893522568163
visual_cognitive_motivation,visual_cognitive_motivation__prefrontal__montage0,6,0,0.5,wrong_pair,6,visual_cognitive_motivation__s06__r0__a0.5__wrong_pair,visual_cognitive_motivation__s06__r0__a0.5__wrong_pair,completed,0.5000020145218801,True,stationary_feasible,27,13,3.4986186365954876e-06,503.2815641749495,0.7467314964264978,0.739723490982556,0.7536743410779578,0.7594513874832407,6.938893903907228e-18,True,1.8078873842777503,1.8078873842777503,1.8377708412716642,1.6664931521495563,11.961948927366983,3.8996032892295673,4.680629667773384e-06,0.08194246795504011,0.012346969162751305,1.3251144320238382,600008,True,0.7467314964264978,0.739723490982556,0.7536743410779578,1.8078873842777503,1.6664931521495563,1.8078873842777503,1.8377708412716642
visual_cognitive_motivation,visual_cognitive_motivation__prefrontal__montage0,6,1,0.5,wrong_pair,6,visual_cognitive_motivation__s06__r1__a0.5__wrong_pair,visual_cognitive_motivation__s06__r1__a0.5__wrong_pair,completed,0.5000013972633749,True,stationary_feasible,17,8,8.645313640758551e-06,283.92834098191923,0.8780473153726853,0.8685610764002102,0.8874321566344483,0.5668610782681658,1.3877787807814457e-17,True,0.858792588565872,0.858792588565872,1.900608765965557,0.8449683265584729,13.334722802984396,4.3964952704198135,2.0247769467714114e-07,0.029450630785944353,0.016943559576058954,0.8690623310394585,600004,True,0.8780473153726853,0.8685610764002102,0.8874321566344483,0.858792588565872,0.8449683265584729,0.858792588565872,1.900608765965557
visual_cognitive_motivation,visual_cognitive_motivation__prefrontal__montage0,6,0,0.5,Hb_only,6,visual_cognitive_motivation__s06__r0__a0.5__Hb_only,visual_cognitive_motivation__s06__r0__a0.5__Hb_only,completed,0.5000020145218801,True,stationary_feasible,17,8,2.971951680006963e-06,99.65030152946096,0.6900731941968707,0.716863264295526,0.6622001865008096,0.4347050192162479,6.938893903907228e-18,True,1.732934656619494,1.732934656619494,4.96408303340724,1.63336989481429,6.132543712333436,1.6398150317738267,2.4237889159089105e-06,0.07637989258710912,0.009989833571968029,0.850143971038051,600008,True,0.6900731941968707,0.716863264295526,0.6622001865008096,1.732934656619494,1.63336989481429,1.732934656619494,4.96408303340724
visual_cognitive_motivation,visual_cognitive_motivation__prefrontal__montage0,6,1,0.5,Hb_only,6,visual_cognitive_motivation__s06__r1__a0.5__Hb_only,visual_cognitive_motivation__s06__r1__a0.5__Hb_only,completed,0.5000013972633749,True,stationary_feasible,11,5,8.280628854746761e-06,143.98473241251884,0.9207590924802475,0.9495143445874351,0.891076384039433,0.5410907452392717,6.938893903907228e-18,True,0.9392518154917043,0.9392518154917042,1.3769446748075598,0.8278768857346009,4.665855717776261,1.4438686577340363,1.578273449025693e-08,0.02814166887875438,0.019116358770074775,0.5479904379462823,600000,True,0.9207590924802475,0.9495143445874351,0.891076384039433,0.9392518154917043,0.8278768857346009,0.9392518154917042,1.3769446748075598
visual_cognitive_motivation,visual_cognitive_motivation__prefrontal__montage0,6,0,1.0,paired,6,visual_cognitive_motivation__s06__r0__a1__paired,visual_cognitive_motivation__s06__r0__a1__paired,completed,0.9999817084078209,True,stationary_feasible,15,7,4.709707903568115e-06,177.09627262902706,0.7961860991481302,0.6883567629047505,0.8910609271630788,0.43838174782514033,6.938893903907228e-18,True,1.6250807439743853,1.6250807439743855,1.09135720014864,1.5777295458924372,3.2943063512341317,0.9305413004876821,2.724728463065004e-06,0.06469946316821881,0.008998742145231855,0.7939585100393742,598864,True,0.7961860991481302,0.6883567629047505,0.8910609271630788,1.6250807439743853,1.5777295458924372,1.6250807439743855,1.09135720014864
visual_cognitive_motivation,visual_cognitive_motivation__prefrontal__montage0,6,1,1.0,paired,6,visual_cognitive_motivation__s06__r1__a1__paired,visual_cognitive_motivation__s06__r1__a1__paired,completed,1.0000026260094292,True,stationary_feasible,19,9,4.247447291046624e-06,325.5200722500328,0.8842762866400912,0.9039698524058508,0.8641340221107613,0.6043857805693241,6.938893903907228e-18,True,0.9865053641812094,0.9865053641812094,2.3845980605044184,0.8513751434097294,17.710581420495316,5.8805567921784565,2.9148017868204604e-07,0.03256359346776049,0.019641738580063992,0.9446079739136621,600828,True,0.8842762866400912,0.9039698524058508,0.8641340221107613,0.9865053641812094,0.8513751434097294,0.9865053641812094,2.3845980605044184
visual_cognitive_motivation,visual_cognitive_motivation__prefrontal__montage0,6,0,1.0,wrong_pair,6,visual_cognitive_motivation__s06__r0__a1__wrong_pair,visual_cognitive_motivation__s06__r0__a1__wrong_pair,completed,0.9999817084078209,True,stationary_feasible,49,24,9.170706194151815e-06,1153.006144359812,1.2710289148742395,1.2913476623901234,1.2503800301237773,1.1467646696731713,1.3877787807814457e-17,True,2.270172068614383,2.270172068614383,3.3972932480557136,1.8322115038194777,24.793177203664175,8.33332270120765,1.598972684786781e-05,0.09737529852426126,0.02409479471796277,2.33692021202296,599984,True,1.2710289148742395,1.2913476623901234,1.2503800301237773,2.270172068614383,1.8322115038194777,2.270172068614383,3.3972932480557136
visual_cognitive_motivation,visual_cognitive_motivation__prefrontal__montage0,6,1,1.0,wrong_pair,6,visual_cognitive_motivation__s06__r1__a1__wrong_pair,visual_cognitive_motivation__s06__r1__a1__wrong_pair,completed,1.0000026260094292,True,stationary_feasible,17,8,9.669981632198619e-06,323.62488770409703,1.1099467200329498,1.2086968531496316,1.0015065450659746,0.6064878862440176,6.938893903907228e-18,True,1.0911661072776666,1.0911661072776666,2.157429640301236,0.8664540199622928,14.854961083430581,4.815307803121344,2.9989731051159494e-07,0.03712376805832624,0.021235717938041028,0.8643694879719988,600816,True,1.1099467200329498,1.2086968531496316,1.0015065450659746,1.0911661072776666,0.8664540199622928,1.0911661072776666,2.157429640301236
visual_cognitive_motivation,visual_cognitive_motivation__prefrontal__montage0,6,0,1.0,Hb_only,6,visual_cognitive_motivation__s06__r0__a1__Hb_only,visual_cognitive_motivation__s06__r0__a1__Hb_only,completed,0.9999817084078209,True,stationary_feasible,17,8,2.9007697250230978e-06,102.15302251567051,0.9136960870565147,1.0465226932169607,0.7579388706133838,0.4351299954473759,6.938893903907228e-18,True,1.8924346702052204,1.8924346702052204,6.358661259363269,1.644072390189326,9.362150387349477,2.607358555130424,2.648740170629021e-06,0.08440277291893113,0.016909801288842636,0.8444849739316851,600820,True,0.9136960870565147,1.0465226932169607,0.7579388706133838,1.8924346702052204,1.644072390189326,1.8924346702052204,6.358661259363269
visual_cognitive_motivation,visual_cognitive_motivation__prefrontal__montage0,6,1,1.0,Hb_only,6,visual_cognitive_motivation__s06__r1__a1__Hb_only,visual_cognitive_motivation__s06__r1__a1__Hb_only,completed,1.0000026260094292,True,stationary_feasible,11,5,2.905905831715177e-06,144.71090188979318,1.190337150036296,1.2985372006809615,1.0712638330312079,0.5415094633069947,3.469446951953614e-18,True,1.2697827730909965,1.2697827730909965,1.241596958409169,0.831266067034868,7.759020985097687,2.376198168397875,1.808667881343167e-08,0.03683545388136693,0.025900403096752036,0.5787008609622717,600004,True,1.190337150036296,1.2985372006809615,1.0712638330312079,1.2697827730909965,0.831266067034868,1.2697827730909965,1.241596958409169
visual_cognitive_motivation,visual_cognitive_motivation__prefrontal__montage0,7,0,0.0,paired,7,visual_cognitive_motivation__s07__r0__a0__paired,visual_cognitive_motivation__s07__r0__a0__paired,completed,0.0,True,stationary_feasible,15,7,6.552056690890671e-06,147.83132691703568,0.8542754723698492,0.7935029684155259,0.9110028564725838,0.40761373814019314,5.204170427930421e-18,True,1.172189726818102,1.172189726818102,1.1839906030724663,1.3832916718094117,5.607987118828159,1.7421073764740131,3.051652476160905e-06,0.05427934856443007,0.006138101975251591,0.7415444198995829,600012,True,0.8542754723698492,0.7935029684155259,0.9110028564725838,1.172189726818102,1.3832916718094117,1.172189726818102,1.1839906030724663
visual_cognitive_motivation,visual_cognitive_motivation__prefrontal__montage0,7,1,0.0,paired,7,visual_cognitive_motivation__s07__r1__a0__paired,visual_cognitive_motivation__s07__r1__a0__paired,completed,0.0,True,stationary_feasible,25,12,6.812273131490341e-06,503.99123483601113,1.4669748802750182,1.3752406696654018,1.553300904272596,0.751297716826071,1.3877787807814457e-17,True,1.6596007140273517,1.6596007140273517,2.0453378952971963,1.3905452306001587,15.16365320994707,5.126744771230099,1.4869060440532573e-05,0.03169590817101784,0.02445448931488337,1.1371358420001343,600004,True,1.4669748802750182,1.3752406696654018,1.553300904272596,1.6596007140273517,1.3905452306001587,1.6596007140273517,2.0453378952971963
visual_cognitive_motivation,visual_cognitive_motivation__prefrontal__montage0,7,0,0.0,wrong_pair,7,visual_cognitive_motivation__s07__r0__a0__wrong_pair,visual_cognitive_motivation__s07__r0__a0__wrong_pair,completed,0.0,True,stationary_feasible,15,7,8.513396189975678e-06,169.74704641025951,0.6095296420865903,0.5881315236037428,0.6302016186173707,0.4388707783492136,3.469446951953614e-18,True,1.2378751681936022,1.2378751681936022,1.0923700689674711,1.3720720757259848,7.716503025057836,2.52025413783342,3.079835416434098e-06,0.06162616404535914,0.010827750107875527,0.7014208900509402,599968,True,0.6095296420865903,0.5881315236037428,0.6302016186173707,1.2378751681936022,1.3720720757259848,1.2378751681936022,1.0923700689674711
visual_cognitive_motivation,visual_cognitive_motivation__prefrontal__montage0,7,1,0.0,wrong_pair,7,visual_cognitive_motivation__s07__r1__a0__wrong_pair,visual_cognitive_motivation__s07__r1__a0__wrong_pair,completed,0.0,True,stationary_feasible,23,11,6.355548141147438e-06,470.6535901488417,1.5336078075888309,1.4516403612928106,1.6114112065082948,0.725560707986295,6.938893903907228e-18,True,1.8013491086285933,1.8013491086285933,1.9602855353010311,1.426664300261254,13.660104865922934,4.595211987677548,1.4855978806557625e-05,0.030700646014173893,0.027694922506130055,1.1176633789436892,599148,True,1.5336078075888309,1.4516403612928106,1.6114112065082948,1.8013491086285933,1.426664300261254,1.8013491086285933,1.9602855353010311
visual_cognitive_motivation,visual_cognitive_motivation__prefrontal__montage0,7,0,0.0,Hb_only,7,visual_cognitive_motivation__s07__r0__a0__Hb_only,visual_cognitive_motivation__s07__r0__a0__Hb_only,completed,0.0,True,stationary_feasible,15,7,2.4185433927301014e-06,81.53393250134904,0.7976739499284519,0.7357271111566678,0.8551450629559765,0.39662293766270856,3.469446951953614e-18,True,1.2325783036606628,1.2325783036606628,2.295319403860432,1.41751563953702,2.475245454765552,0.6347326112635243,2.0827117142189935e-06,0.05980821661548957,0.005732568871747307,0.7359487629728392,594128,True,0.7976739499284519,0.7357271111566678,0.8551450629559765,1.2325783036606628,1.41751563953702,1.2325783036606628,2.295319403860432
visual_cognitive_motivation,visual_cognitive_motivation__prefrontal__montage0,7,1,0.0,Hb_only,7,visual_cognitive_motivation__s07__r1__a0__Hb_only,visual_cognitive_motivation__s07__r1__a0__Hb_only,completed,0.0,True,stationary_feasible,15,7,8.290707589031375e-06,244.41640419079437,1.4950155427242633,1.421449563588921,1.5651274977288954,0.6982563563467551,1.3877787807814457e-17,True,1.7958519585697275,1.7958519585697275,4.78052235847483,1.5338536851062265,4.90577534519232,1.26404862670363,4.879794752690671e-06,0.041413083186748335,0.024262274748783782,0.6956538850208744,601272,True,1.4950155427242633,1.421449563588921,1.5651274977288954,1.7958519585697275,1.5338536851062265,1.7958519585697275,4.78052235847483
visual_cognitive_motivation,visual_cognitive_motivation__prefrontal__montage0,7,0,0.25,paired,7,visual_cognitive_motivation__s07__r0__a0.25__paired,visual_cognitive_motivation__s07__r0__a0.25__paired,completed,0.25001903631583905,True,stationary_feasible,15,7,6.062768552169039e-06,147.5405161022074,0.8527546715603911,0.7942017592525509,0.9075376715796949,0.4069302617235263,3.469446951953614e-18,True,1.1588353484875666,1.1588353484875666,1.2239767525133367,1.3752094976711533,6.056992384268818,1.8898408221192629,3.28533106834647e-06,0.05367743077483718,0.006142806890274886,0.770582195953466,600740,True,0.8527546715603911,0.7942017592525509,0.9075376715796949,1.1588353484875666,1.3752094976711533,1.1588353484875666,1.2239767525133367
visual_cognitive_motivation,visual_cognitive_motivation__prefrontal__montage0,7,1,0.25,paired,7,visual_cognitive_motivation__s07__r1__a0.25__paired,visual_cognitive_motivation__s07__r1__a0.25__paired,completed,0.24999975669265653,True,stationary_feasible,25,12,7.303856968641911e-06,505.24725382585495,1.4504161196669043,1.3611359785912207,1.534510569583579,0.7523557953916268,1.3877787807814457e-17,True,1.6445146594052686,1.6445146594052686,1.9381767112498844,1.392794097763114,14.278164137467039,4.848704928216062,1.4388322508492385e-05,0.03201247803363898,0.024051211902886137,1.1493867459939793,594132,True,1.4504161196669043,1.3611359785912207,1.534510569583579,1.6445146594052686,1.392794097763114,1.6445146594052686,1.9381767112498844
visual_cognitive_motivation,visual_cognitive_motivation__prefrontal__montage0,7,0,0.25,wrong_pair,7,visual_cognitive_motivation__s07__r0__a0.25__wrong_pair,visual_cognitive_motivation__s07__r0__a0.25__wrong_pair,completed,0.25001903631583905,True,stationary_feasible,15,7,9.342540623299442e-06,166.04179139508395,0.7188555049276667,0.6536770607046439,0.778596669809317,0.4342566904017555,3.469446951953614e-18,True,1.089817723303225,1.089817723303225,1.0942544036257933,1.3250781007031305,7.365032617363254,2.392615141507096,3.227484019858762e-06,0.05370590808703004,0.006644421384551821,0.7092820609686896,600540,True,0.7188555049276667,0.6536770607046439,0.778596669809317,1.089817723303225,1.3250781007031305,1.089817723303225,1.0942544036257933
visual_cognitive_motivation,visual_cognitive_motivation__prefrontal__montage0,7,1,0.25,wrong_pair,7,visual_cognitive_motivation__s07__r1__a0.25__wrong_pair,visual_cognitive_motivation__s07__r1__a0.25__wrong_pair,completed,0.24999975669265653,True,stationary_feasible,23,11,7.368467089107058e-06,486.42755383748795,1.520511416903459,1.4339480678924106,1.602405340872013,0.7394119866560795,6.938893903907228e-18,True,1.7736871106048415,1.7736871106048415,1.8679235127644636,1.4200104410859027,12.718336314005807,4.276388081943342,1.3471427662998334e-05,0.03203195947590582,0.026886261604648177,1.0737140610581264,599996,True,1.520511416903459,1.4339480678924106,1.602405340872013,1.7736871106048415,1.4200104410859027,1.7736871106048415,1.8679235127644636
visual_cognitive_motivation,visual_cognitive_motivation__prefrontal__montage0,7,0,0.25,Hb_only,7,visual_cognitive_motivation__s07__r0__a0.25__Hb_only,visual_cognitive_motivation__s07__r0__a0.25__Hb_only,completed,0.25001903631583905,True,stationary_feasible,15,7,2.1838987557593314e-06,81.84651630429208,0.8901594505568408,0.8220031727169563,0.95345607076287,0.39751912425253516,3.469446951953614e-18,True,1.2005858680342567,1.200585868034257,2.031910013603929,1.4096149051999993,2.6689153597656676,0.7258884709929638,2.2127452739678883e-06,0.05614879371599558,0.004619980642074034,0.7072949199937284,600000,True,0.8901594505568408,0.8220031727169563,0.95345607076287,1.2005858680342567,1.4096149051999993,1.200585868034257,2.031910013603929
visual_cognitive_motivation,visual_cognitive_motivation__prefrontal__montage0,7,1,0.25,Hb_only,7,visual_cognitive_motivation__s07__r1__a0.25__Hb_only,visual_cognitive_motivation__s07__r1__a0.25__Hb_only,completed,0.24999975669265653,True,stationary_feasible,15,7,7.3376530959686955e-06,244.89146426126752,1.5190812299025607,1.4481894664594561,1.586809010347631,0.6991238313120328,6.938893903907228e-18,True,1.8080859090872752,1.8080859090872752,4.8349822829541305,1.5269454891826222,5.169575732546786,1.3489587473075633,4.694407814915691e-06,0.040052339787286076,0.024962259901387934,0.7212860139552504,599956,True,1.5190812299025607,1.4481894664594561,1.586809010347631,1.8080859090872752,1.5269454891826222,1.8080859090872752,4.8349822829541305
visual_cognitive_motivation,visual_cognitive_motivation__prefrontal__montage0,7,0,0.5,paired,7,visual_cognitive_motivation__s07__r0__a0.5__paired,visual_cognitive_motivation__s07__r0__a0.5__paired,completed,0.49999948395591637,True,stationary_feasible,15,7,5.502039785823573e-06,147.5324370283045,0.8496810231140632,0.7935935614054662,0.9022887239548718,0.4063783651052574,6.938893903907228e-18,True,1.1451788718211995,1.1451788718211995,1.2562713840950694,1.3671427103544833,6.40483305626396,2.004262464207916,3.4913982464762938e-06,0.05309587999449825,0.006147772796984439,0.770959943998605,600808,True,0.8496810231140632,0.7935935614054662,0.9022887239548718,1.1451788718211995,1.3671427103544833,1.1451788718211995,1.2562713840950694
visual_cognitive_motivation,visual_cognitive_motivation__prefrontal__montage0,7,1,0.5,paired,7,visual_cognitive_motivation__s07__r1__a0.5__paired,visual_cognitive_motivation__s07__r1__a0.5__paired,completed,0.4999983876551823,True,stationary_feasible,25,12,7.290414871154406e-06,506.9072461753611,1.434784610030669,1.3479501939733105,1.5166555406317652,0.7539416807617964,1.3877787807814457e-17,True,1.6291207256821012,1.6291207256821014,1.8115067691176625,1.3938597706321365,13.222512989690005,4.5066849844041235,1.3652366310408683e-05,0.032243670197912966,0.023667455719020142,1.2262309689540416,600700,True,1.434784610030669,1.3479501939733105,1.5166555406317652,1.6291207256821012,1.3938597706321365,1.6291207256821014,1.8115067691176625
visual_cognitive_motivation,visual_cognitive_motivation__prefrontal__montage0,7,0,0.5,wrong_pair,7,visual_cognitive_motivation__s07__r0__a0.5__wrong_pair,visual_cognitive_motivation__s07__r0__a0.5__wrong_pair,completed,0.49999948395591637,True,stationary_feasible,19,9,1.4094297053665218e-06,180.63714733129459,0.8966273606581261,0.8290513610308617,0.9594556209301137,0.4508768375643925,6.938893903907228e-18,True,1.0002744685516538,1.0002744685516538,1.165783110104201,1.2808874171315894,7.643110652554336,2.468974426346624,3.494243875294363e-06,0.04630971058540222,0.00560136162804489,0.9563943090615794,600004,True,0.8966273606581261,0.8290513610308617,0.9594556209301137,1.0002744685516538,1.2808874171315894,1.0002744685516538,1.165783110104201
visual_cognitive_motivation,visual_cognitive_motivation__prefrontal__montage0,7,1,0.5,wrong_pair,7,visual_cognitive_motivation__s07__r1__a0.5__wrong_pair,visual_cognitive_motivation__s07__r1__a0.5__wrong_pair,completed,0.4999983876551823,True,stationary_feasible,23,11,9.573981851131943e-06,512.1088600401357,1.5229908631507,1.43867691601991,1.6028758747303145,0.760196956055472,1.3877787807814457e-17,True,1.7580656629912772,1.758065662991277,1.815137578073998,1.411765737617317,11.920803884331491,3.997226179490388,1.2194437854425391e-05,0.03369248736746679,0.026424149916868943,1.1407194519415498,600004,True,1.5229908631507,1.43867691601991,1.6028758747303145,1.7580656629912772,1.411765737617317,1.758065662991277,1.815137578073998
visual_cognitive_motivation,visual_cognitive_motivation__prefrontal__montage0,7,0,0.5,Hb_only,7,visual_cognitive_motivation__s07__r0__a0.5__Hb_only,visual_cognitive_motivation__s07__r0__a0.5__Hb_only,completed,0.49999948395591637,True,stationary_feasible,15,7,1.9590093819168406e-06,82.24808921671264,1.0121662898340131,0.9513210377202965,1.069555739428049,0.39843101448026813,3.469446951953614e-18,True,1.2016516360998732,1.2016516360998732,1.783732822438182,1.4017112210358107,3.3968079894081082,0.99774981147059,2.344953252447641e-06,0.05281468779625835,0.006618493865716491,0.7547207500319928,600008,True,1.0121662898340131,0.9513210377202965,1.069555739428049,1.2016516360998732,1.4017112210358107,1.2016516360998732,1.783732822438182
visual_cognitive_motivation,visual_cognitive_motivation__prefrontal__montage0,7,1,0.5,Hb_only,7,visual_cognitive_motivation__s07__r1__a0.5__Hb_only,visual_cognitive_motivation__s07__r1__a0.5__Hb_only,completed,0.4999983876551823,True,stationary_feasible,15,7,6.54530604171689e-06,245.43669146012422,1.5439998930134111,1.4763100284493662,1.608844317872516,0.700002505942861,6.938893903907228e-18,True,1.8211579449382553,1.8211579449382553,4.894104132901556,1.519629272595,5.71936428015083,1.5443816153680332,4.504851996015476e-06,0.03879938549155327,0.025666049512624453,0.7728851099964231,598864,True,1.5439998930134111,1.4763100284493662,1.608844317872516,1.8211579449382553,1.519629272595,1.8211579449382553,4.894104132901556
visual_cognitive_motivation,visual_cognitive_motivation__prefrontal__montage0,7,0,1.0,paired,7,visual_cognitive_motivation__s07__r0__a1__paired,visual_cognitive_motivation__s07__r0__a1__paired,completed,1.0000657695871984,True,stationary_feasible,15,7,4.408739758115736e-06,148.40133183934148,0.8410707807440394,0.7902032740949423,0.8890325652372975,0.4058562746101402,6.938893903907228e-18,True,1.1182037136972136,1.1182037136972136,1.293813906922785,1.3515445643533555,6.786595971544762,2.1284237722048713,3.8022483885124634e-06,0.0520014763759935,0.006168962486558993,0.7774962950497866,599136,True,0.8410707807440394,0.7902032740949423,0.8890325652372975,1.1182037136972136,1.3515445643533555,1.1182037136972136,1.293813906922785
visual_cognitive_motivation,visual_cognitive_motivation__prefrontal__montage0,7,1,1.0,paired,7,visual_cognitive_motivation__s07__r1__a1__paired,visual_cognitive_motivation__s07__r1__a1__paired,completed,0.9999930284665293,True,stationary_feasible,25,12,5.9406892499159755e-06,511.04805199968587,1.4085926535686393,1.3264349483823956,1.4862156152742014,0.7581850051515009,1.3877787807814457e-17,True,1.598883626624817,1.5988836266248168,1.5149669333558153,1.391735377726642,10.698393772036853,3.665084870929842,1.1689770968894741e-05,0.032368045140417516,0.0230154640035978,1.2301903939805925,600012,True,1.4085926535686393,1.3264349483823956,1.4862156152742014,1.598883626624817,1.391735377726642,1.5988836266248168,1.5149669333558153
visual_cognitive_motivation,visual_cognitive_motivation__prefrontal__montage0,7,0,1.0,wrong_pair,7,visual_cognitive_motivation__s07__r0__a1__wrong_pair,visual_cognitive_motivation__s07__r0__a1__wrong_pair,completed,1.0000657695871984,True,stationary_feasible,21,10,4.734409290325863e-06,261.77165435839044,1.3466201639620292,1.3239300421110847,1.3689342480827873,0.5341238514005289,6.938893903907228e-18,True,1.0480481996762774,1.0480481996762774,1.4657264710371911,1.2004740794477404,9.61454708077901,3.0973094459845143,4.408238457098495e-06,0.034202525561538945,0.013744602112599804,1.0352628040127456,600816,True,1.3466201639620292,1.3239300421110847,1.3689342480827873,1.0480481996762774,1.2004740794477404,1.0480481996762774,1.4657264710371911
visual_cognitive_motivation,visual_cognitive_motivation__prefrontal__montage0,7,1,1.0,wrong_pair,7,visual_cognitive_motivation__s07__r1__a1__wrong_pair,visual_cognitive_motivation__s07__r1__a1__wrong_pair,completed,0.9999930284665293,True,stationary_feasible,25,12,9.1605126488904e-06,592.4726896916175,1.571951305531863,1.5105427750936593,1.6310494592559124,0.8196848343759302,6.938893903907228e-18,True,1.762930049352296,1.762930049352296,1.8436784276518303,1.3912525320712101,10.95303239066972,3.6243883176418135,1.0027307159608042e-05,0.03775922953826558,0.026549832759723096,1.2324382029473782,600828,True,1.571951305531863,1.5105427750936593,1.6310494592559124,1.762930049352296,1.3912525320712101,1.762930049352296,1.8436784276518303
visual_cognitive_motivation,visual_cognitive_motivation__prefrontal__montage0,7,0,1.0,Hb_only,7,visual_cognitive_motivation__s07__r0__a1__Hb_only,visual_cognitive_motivation__s07__r0__a1__Hb_only,completed,1.0000657695871984,True,stationary_feasible,15,7,1.538277526023263e-06,83.30907346827485,1.3088795741860484,1.2817563041237852,1.3354520793655746,0.40030201991647246,3.469446951953614e-18,True,1.2989361294717667,1.2989361294717667,1.3748918542487292,1.3860811336984988,5.508571987772743,1.7271805952925545,2.6143963974636864e-06,0.04736984434331314,0.0137491880790875,0.7506177080795169,600820,True,1.3088795741860484,1.2817563041237852,1.3354520793655746,1.2989361294717667,1.3860811336984988,1.2989361294717667,1.3748918542487292
visual_cognitive_motivation,visual_cognitive_motivation__prefrontal__montage0,7,1,1.0,Hb_only,7,visual_cognitive_motivation__s07__r1__a1__Hb_only,visual_cognitive_motivation__s07__r1__a1__Hb_only,completed,0.9999930284665293,True,stationary_feasible,15,7,5.3087278421497746e-06,246.72804938842484,1.5964204100817898,1.5361799666857365,1.6544689061462683,0.7017734543178651,6.938893903907228e-18,True,1.850021251056946,1.850021251056946,5.02505153805112,1.5038995503175334,7.371165941673742,2.133981394697811,4.119429265108914e-06,0.03663548732443639,0.027086901049225932,0.7165097539545968,599968,True,1.5964204100817898,1.5361799666857365,1.6544689061462683,1.850021251056946,1.5038995503175334,1.850021251056946,5.02505153805112
visual_cognitive_motivation,visual_cognitive_motivation__prefrontal__montage0,8,0,0.0,paired,8,visual_cognitive_motivation__s08__r0__a0__paired,visual_cognitive_motivation__s08__r0__a0__paired,completed,0.0,True,stationary_feasible,11,5,1.8958733722408535e-06,131.86160124525966,0.7434091137161203,0.7552922037232243,0.7313329663752964,0.39310610072974994,3.469446951953614e-18,True,0.5944753246801915,0.5944753246801915,0.828756217180939,0.6769689449558673,3.7497467700296228,1.1852582458838576,7.255370481040719e-08,0.014759486783242154,0.012319291137647185,0.5293241470353678,601272,True,0.7434091137161203,0.7552922037232243,0.7313329663752964,0.5944753246801915,0.6769689449558673,0.5944753246801915,0.828756217180939
visual_cognitive_motivation,visual_cognitive_motivation__prefrontal__montage0,8,1,0.0,paired,8,visual_cognitive_motivation__s08__r1__a0__paired,visual_cognitive_motivation__s08__r1__a0__paired,completed,0.0,True,stationary_feasible,15,7,1.6169224080052674e-06,206.75352857741512,0.966047851938198,1.0073922949734395,0.9228530048154794,0.4879416928728076,3.469446951953614e-18,True,1.3801108920297127,1.3801108920297127,1.2003998031276457,0.9736397323078358,4.465002469987525,1.4455642371013557,3.272656495131142e-07,0.041606456329012664,0.02811689342241093,0.758012025966309,594128,True,0.966047851938198,1.0073922949734395,0.9228530048154794,1.3801108920297127,0.9736397323078358,1.3801108920297127,1.2003998031276457
visual_cognitive_motivation,visual_cognitive_motivation__prefrontal__montage0,8,0,0.0,wrong_pair,8,visual_cognitive_motivation__s08__r0__a0__wrong_pair,visual_cognitive_motivation__s08__r0__a0__wrong_pair,completed,0.0,True,stationary_feasible,11,5,8.187203306168488e-07,129.23377531620164,0.6523086121630043,0.6526911562536678,0.6519258435990244,0.3895355818475419,3.469446951953614e-18,True,0.5748261976182474,0.5748261976182474,0.9803228577650815,0.6842449723980629,3.2241315142789473,0.9923104086759942,4.40334667675574e-08,0.011943260778718738,0.011866208678009001,0.5854475239757448,600740,True,0.6523086121630043,0.6526911562536678,0.6519258435990244,0.5748261976182474,0.6842449723980629,0.5748261976182474,0.9803228577650815
visual_cognitive_motivation,visual_cognitive_motivation__prefrontal__montage0,8,1,0.0,wrong_pair,8,visual_cognitive_motivation__s08__r1__a0__wrong_pair,visual_cognitive_motivation__s08__r1__a0__wrong_pair,completed,0.0,True,stationary_feasible,15,7,4.575362914022354e-06,203.56531288299124,0.7261558299273951,0.7170849024212118,0.7351148355152746,0.4796618701206396,3.469446951953614e-18,True,0.9263858474605379,0.9263858474605379,1.1998731596117802,0.9682243687138633,8.10312732996324,2.6816090713355134,5.956413007044878e-07,0.03282693382094922,0.018120705938542547,0.7574354909593239,600008,True,0.7261558299273951,0.7170849024212118,0.7351148355152746,0.9263858474605379,0.9682243687138633,0.9263858474605379,1.1998731596117802
visual_cognitive_motivation,visual_cognitive_motivation__prefrontal__montage0,8,0,0.0,Hb_only,8,visual_cognitive_motivation__s08__r0__a0__Hb_only,visual_cognitive_motivation__s08__r0__a0__Hb_only,completed,0.0,True,stationary_feasible,7,3,6.145520343314295e-06,84.79496887994975,0.6744016196452363,0.6347844539300141,0.7118172421408527,0.4178383573940893,1.734723475976807e-18,True,0.440304343770058,0.440304343770058,1.57236078481451,0.6787584584682474,2.2491513828883183,0.6734840755511107,4.597874186631866e-09,0.009073533917693812,0.00910389289261936,0.35567300801631063,600540,True,0.6744016196452363,0.6347844539300141,0.7118172421408527,0.440304343770058,0.6787584584682474,0.440304343770058,1.57236078481451
visual_cognitive_motivation,visual_cognitive_motivation__prefrontal__montage0,8,1,0.0,Hb_only,8,visual_cognitive_motivation__s08__r1__a0__Hb_only,visual_cognitive_motivation__s08__r1__a0__Hb_only,completed,0.0,True,stationary_feasible,7,3,8.297719929740541e-06,74.15680660818337,0.8138713036054551,0.8343524652533064,0.7928612497723769,0.3895199950961932,3.469446951953614e-18,True,1.0068525568868234,1.0068525568868234,1.6484909266436876,0.9579830698979791,1.832830843696049,0.4598329381994906,1.7630907556202537e-07,0.03161177473186666,0.020410989598693332,0.3563363599823788,600000,True,0.8138713036054551,0.8343524652533064,0.7928612497723769,1.0068525568868234,0.9579830698979791,1.0068525568868234,1.6484909266436876
visual_cognitive_motivation,visual_cognitive_motivation__prefrontal__montage0,8,0,0.25,paired,8,visual_cognitive_motivation__s08__r0__a0.25__paired,visual_cognitive_motivation__s08__r0__a0.25__paired,completed,0.24999948404338895,True,stationary_feasible,11,5,1.650609351234952e-06,132.42179254515153,0.7441557318918713,0.7551070967404911,0.73304077585575,0.3935894108246322,3.469446951953614e-18,True,0.5927464622512434,0.5927464622512434,0.8079926893913453,0.6771767733853549,3.5011215453447546,1.1094246065940603,6.12140298727932e-08,0.014655514812016327,0.012285330632144093,0.5566503040026873,599956,True,0.7441557318918713,0.7551070967404911,0.73304077585575,0.5927464622512434,0.6771767733853549,0.5927464622512434,0.8079926893913453
visual_cognitive_motivation,visual_cognitive_motivation__prefrontal__montage0,8,1,0.25,paired,8,visual_cognitive_motivation__s08__r1__a0.25__paired,visual_cognitive_motivation__s08__r1__a0.25__paired,completed,0.2500007929983263,True,stationary_feasible,15,7,1.0149531917350244e-06,206.32926108964043,0.967488421553017,1.0104697308996937,0.9225067016633522,0.4877760039144211,3.469446951953614e-18,True,1.384176412619905,1.384176412619905,1.2368902639120523,0.9739281771926455,5.069112656371375,1.6393780622635277,3.569188918099635e-07,0.04182801867259106,0.028188559442907435,0.7771794609725475,600808,True,0.967488421553017,1.0104697308996937,0.9225067016633522,1.384176412619905,0.9739281771926455,1.384176412619905,1.2368902639120523
visual_cognitive_motivation,visual_cognitive_motivation__prefrontal__montage0,8,0,0.25,wrong_pair,8,visual_cognitive_motivation__s08__r0__a0.25__wrong_pair,visual_cognitive_motivation__s08__r0__a0.25__wrong_pair,completed,0.24999948404338895,True,stationary_feasible,11,5,6.611328029849364e-06,188.47352801626985,0.8123963492467274,0.8705360681554365,0.7497617025290733,0.4703429474264495,3.469446951953614e-18,True,0.7817338222608348,0.7817338222608348,1.0715506087351319,0.690985444152802,4.025892395607756,1.2693502976011735,9.531540932925332e-08,0.015861222627949995,0.016177983586383067,0.5627255170838907,600004,True,0.8123963492467274,0.8705360681554365,0.7497617025290733,0.7817338222608348,0.690985444152802,0.7817338222608348,1.0715506087351319
visual_cognitive_motivation,visual_cognitive_motivation__prefrontal__montage0,8,1,0.25,wrong_pair,8,visual_cognitive_motivation__s08__r1__a0.25__wrong_pair,visual_cognitive_motivation__s08__r1__a0.25__wrong_pair,completed,0.2500007929983263,True,stationary_feasible,15,7,5.904518378013956e-06,188.56237162312078,0.77193010593026,0.7457124560946464,0.7972860902513572,0.4644719699838851,3.469446951953614e-18,True,0.7994601397628534,0.7994601397628534,1.3714392645466873,0.9743959012825052,9.62603681597814,3.174088070858155,6.431557161864472e-07,0.03025274288300605,0.015167013866255147,0.7824255360756069,599148,True,0.77193010593026,0.7457124560946464,0.7972860902513572,0.7994601397628534,0.9743959012825052,0.7994601397628534,1.3714392645466873
visual_cognitive_motivation,visual_cognitive_motivation__prefrontal__montage0,8,0,0.25,Hb_only,8,visual_cognitive_motivation__s08__r0__a0.25__Hb_only,visual_cognitive_motivation__s08__r0__a0.25__Hb_only,completed,0.24999948404338895,True,stationary_feasible,7,3,2.94830228720533e-06,85.01890151622129,0.8333930997390607,0.8447015727590295,0.8219290543372841,0.417842734945322,3.469446951953614e-18,True,0.6242969960691909,0.6242969960691909,1.3819028911311408,0.6785376146956807,3.0537421591151874,0.9496751342204482,6.4295042192546895e-09,0.013676380282534557,0.012987550465231326,0.40377339301630855,600008,True,0.8333930997390607,0.8447015727590295,0.8219290543372841,0.6242969960691909,0.6785376146956807,0.6242969960691909,1.3819028911311408
visual_cognitive_motivation,visual_cognitive_motivation__prefrontal__montage0,8,1,0.25,Hb_only,8,visual_cognitive_motivation__s08__r1__a0.25__Hb_only,visual_cognitive_motivation__s08__r1__a0.25__Hb_only,completed,0.2500007929983263,True,stationary_feasible,9,4,4.1804422614341865e-07,74.57142867951431,0.8718046702496512,0.8865837351381827,0.8567707083733866,0.3896690034885117,3.469446951953614e-18,True,1.018042654807804,1.018042654807804,2.2643225269947287,0.9599788597808693,2.6914166472107497,0.7678060027327634,2.1221150498120346e-07,0.032247354335081094,0.020586758806623622,0.49781641794834286,598864,True,0.8718046702496512,0.8865837351381827,0.8567707083733866,1.018042654807804,0.9599788597808693,1.018042654807804,2.2643225269947287
visual_cognitive_motivation,visual_cognitive_motivation__prefrontal__montage0,8,0,0.5,paired,8,visual_cognitive_motivation__s08__r0__a0.5__paired,visual_cognitive_motivation__s08__r0__a0.5__paired,completed,0.49999766903482595,True,stationary_feasible,9,4,4.840655804747895e-06,133.2888077460224,0.7452409758907061,0.7554734857064456,0.7348659991369972,0.3940247658605678,6.938893903907228e-18,True,0.5916316937832736,0.5916316937832736,0.788448196056556,0.6774060119757314,3.264909029613494,1.037811444618534,5.1184704398202493e-08,0.014566705987043713,0.0122640704662062,0.4725133680040017,600540,True,0.7452409758907061,0.7554734857064456,0.7348659991369972,0.5916316937832736,0.6774060119757314,0.5916316937832736,0.788448196056556
visual_cognitive_motivation,visual_cognitive_motivation__prefrontal__montage0,8,1,0.5,paired,8,visual_cognitive_motivation__s08__r1__a0.5__paired,visual_cognitive_motivation__s08__r1__a0.5__paired,completed,0.5000038136177931,True,stationary_feasible,15,7,1.0770766052851091e-06,206.63504078409258,0.9685893571460156,1.0137817771039122,0.9211824976437065,0.48798536408971543,3.469446951953614e-18,True,1.3886564520624363,1.3886564520624363,1.2806136624147648,0.9739619542266116,5.716305740681734,1.8382233962205896,3.8080479910739373e-07,0.04200686036358141,0.028275418533638286,0.7342062590178102,600000,True,0.9685893571460156,1.0137817771039122,0.9211824976437065,1.3886564520624363,0.9739619542266116,1.3886564520624363,1.2806136624147648
visual_cognitive_motivation,visual_cognitive_motivation__prefrontal__montage0,8,0,0.5,wrong_pair,8,visual_cognitive_motivation__s08__r0__a0.5__wrong_pair,visual_cognitive_motivation__s08__r0__a0.5__wrong_pair,completed,0.49999766903482595,True,stationary_feasible,15,7,5.846587964676583e-06,294.88311906933006,1.07294530642645,1.1945226218709317,0.9357023923255156,0.5877186073902451,6.938893903907228e-18,True,1.0746215630380396,1.0746215630380396,1.3093041589450727,0.6982850905641713,6.655492265911104,2.1571222925090385,1.6435907378376504e-07,0.02308998331053834,0.022157937590411833,0.7750554060330614,599136,True,1.07294530642645,1.1945226218709317,0.9357023923255156,1.0746215630380396,0.6982850905641713,1.0746215630380396,1.3093041589450727
visual_cognitive_motivation,visual_cognitive_motivation__prefrontal__montage0,8,1,0.5,wrong_pair,8,visual_cognitive_motivation__s08__r1__a0.5__wrong_pair,visual_cognitive_motivation__s08__r1__a0.5__wrong_pair,completed,0.5000038136177931,True,stationary_feasible,19,9,1.6726296801567654e-06,225.52428636535083,0.87748040570918,0.8612326401978261,0.8934327418809856,0.5105252545135879,6.938893903907228e-18,True,0.7232884634610418,0.7232884634610417,1.6560956957015278,0.9821488612513051,11.910527377497193,3.913923282989044,7.390798890325261e-07,0.02885373750166371,0.013104670687736134,0.9089232640108094,599996,True,0.87748040570918,0.8612326401978261,0.8934327418809856,0.7232884634610418,0.9821488612513051,0.7232884634610417,1.6560956957015278
visual_cognitive_motivation,visual_cognitive_motivation__prefrontal__montage0,8,0,0.5,Hb_only,8,visual_cognitive_motivation__s08__r0__a0.5__Hb_only,visual_cognitive_motivation__s08__r0__a0.5__Hb_only,completed,0.49999766903482595,True,stationary_feasible,7,3,6.825045078359788e-06,85.39134975028628,1.034249231022467,1.0971810279484968,0.9672314798697408,0.41785458590010366,3.469446951953614e-18,True,0.8491828162152798,0.8491828162152798,1.282946547081365,0.6783655176831817,4.743378118157377,1.4971590040081948,7.811118506318132e-09,0.019769449690554535,0.017614075052648115,0.3600244600092992,594132,True,1.034249231022467,1.0971810279484968,0.9672314798697408,0.8491828162152798,0.6783655176831817,0.8491828162152798,1.282946547081365
visual_cognitive_motivation,visual_cognitive_motivation__prefrontal__montage0,8,1,0.5,Hb_only,8,visual_cognitive_motivation__s08__r1__a0.5__Hb_only,visual_cognitive_motivation__s08__r1__a0.5__Hb_only,completed,0.5000038136177931,True,stationary_feasible,9,4,1.20496771638014e-06,75.21274737185858,0.9496787627150521,0.9657549896861792,0.9333256690996088,0.3898481070013617,3.469446951953614e-18,True,1.0504398039778111,1.0504398039778111,2.9101712507936406,0.9620128120421555,4.42295405500129,1.3279370600708698,2.524189022722237e-07,0.03332044077591558,0.02120163884439358,0.46380371297709644,601272,True,0.9496787627150521,0.9657549896861792,0.9333256690996088,1.0504398039778111,0.9620128120421555,1.0504398039778111,2.9101712507936406
visual_cognitive_motivation,visual_cognitive_motivation__prefrontal__montage0,8,0,1.0,paired,8,visual_cognitive_motivation__s08__r0__a1__paired,visual_cognitive_motivation__s08__r0__a1__paired,completed,1.0000104351519186,True,stationary_feasible,11,5,9.44550057893466e-06,135.83787385221302,0.7486837718910936,0.7582750084725627,0.7389680589254757,0.39473121196848127,3.469446951953614e-18,True,0.5917586102194671,0.5917586102194671,0.7618920430331966,0.6778708351596203,2.96257185437158,0.9511658655902046,3.596982623724146e-08,0.01447827829983543,0.012268880817813523,0.6010993450181559,600004,True,0.7486837718910936,0.7582750084725627,0.7389680589254757,0.5917586102194671,0.6778708351596203,0.5917586102194671,0.7618920430331966
visual_cognitive_motivation,visual_cognitive_motivation__prefrontal__montage0,8,1,1.0,paired,8,visual_cognitive_motivation__s08__r1__a1__paired,visual_cognitive_motivation__s08__r1__a1__paired,completed,0.9999912833596102,True,stationary_feasible,13,6,2.9465482434206487e-06,209.77760536732154,0.9687615179664308,1.018960661589318,0.9158148980654911,0.48958791204806534,3.469446951953614e-18,True,1.3957158321199978,1.3957158321199978,1.3601865969841458,0.9732530526148934,6.768668202394728,2.138458182617483,3.977456201724069e-07,0.04214879937350037,0.02842989190197553,0.6876583290286362,600820,True,0.9687615179664308,1.018960661589318,0.9158148980654911,1.3957158321199978,0.9732530526148934,1.3957158321199978,1.3601865969841458
visual_cognitive_motivation,visual_cognitive_motivation__prefrontal__montage0,8,0,1.0,wrong_pair,8,visual_cognitive_motivation__s08__r0__a1__wrong_pair,visual_cognitive_motivation__s08__r0__a1__wrong_pair,completed,1.0000104351519186,True,stationary_feasible,25,12,9.715972746381001e-06,630.7744382916205,1.7156766936401353,1.9566392329295492,1.4348017097706423,0.8543122870503265,6.938893903907228e-18,True,1.7558373381660626,1.7558373381660626,2.195921630424198,0.7145341339121051,14.657349024562022,4.988341709336937,5.17141726110292e-07,0.040612871846566624,0.0359533862631133,1.1604255459969863,599968,True,1.7156766936401353,1.9566392329295492,1.4348017097706423,1.7558373381660626,0.7145341339121051,1.7558373381660626,2.195921630424198
visual_cognitive_motivation,visual_cognitive_motivation__prefrontal__montage0,8,1,1.0,wrong_pair,8,visual_cognitive_motivation__s08__r1__a1__wrong_pair,visual_cognitive_motivation__s08__r1__a1__wrong_pair,completed,0.9999912833596102,True,stationary_feasible,25,12,7.595552658078795e-06,464.30072426130624,1.2123711590436406,1.2649907549648645,1.157361673987463,0.7333825233441551,6.938893903907228e-18,True,0.7985371343618218,0.7985371343618218,2.4414694233232357,1.0026808946412356,17.879368328708164,5.8733349072310235,1.104580231233731e-06,0.030387536148583912,0.013751636963462387,1.224165519932285,600740,True,1.2123711590436406,1.2649907549648645,1.157361673987463,0.7985371343618218,1.0026808946412356,0.7985371343618218,2.4414694233232357
visual_cognitive_motivation,visual_cognitive_motivation__prefrontal__montage0,8,0,1.0,Hb_only,8,visual_cognitive_motivation__s08__r0__a1__Hb_only,visual_cognitive_motivation__s08__r0__a1__Hb_only,completed,1.0000104351519186,True,stationary_feasible,9,4,1.0765770400957528e-06,86.5255277074303,1.4867540651830538,1.6447254951479184,1.3098676827401718,0.417894171866197,1.734723475976807e-18,True,1.3321676479054985,1.3321676479054987,1.3714414174681289,0.6781354391013837,8.573069039951307,2.7566881296104095,9.551757661272804e-09,0.032987848293112715,0.027452254103377594,0.4582054269267246,599956,True,1.4867540651830538,1.6447254951479184,1.3098676827401718,1.3321676479054985,0.6781354391013837,1.3321676479054987,1.3714414174681289
visual_cognitive_motivation,visual_cognitive_motivation__prefrontal__montage0,8,1,1.0,Hb_only,8,visual_cognitive_motivation__s08__r1__a1__Hb_only,visual_cognitive_motivation__s08__r1__a1__Hb_only,completed,0.9999912833596102,True,stationary_feasible,9,4,7.350437823300828e-06,77.22761939715349,1.1465739159956139,1.180500310327145,1.111612570548097,0.3903442892419758,3.469446951953614e-18,True,1.16689978412147,1.16689978412147,4.267459021454984,0.9662116674306191,8.45524396539691,2.551446362951292,3.46725874224432e-07,0.03656319816983853,0.02350503324264746,0.4909682330908254,594128,True,1.1465739159956139,1.180500310327145,1.111612570548097,1.16689978412147,0.9662116674306191,1.16689978412147,4.267459021454984
visual_cognitive_motivation,visual_cognitive_motivation__prefrontal__montage0,9,0,0.0,paired,9,visual_cognitive_motivation__s09__r0__a0__paired,visual_cognitive_motivation__s09__r0__a0__paired,completed,0.0,True,stationary_feasible,11,5,8.250580929854035e-06,233.27365516093369,0.772757665232431,0.6290373505895439,0.8936558789121476,0.5229086361288071,3.469446951953614e-18,True,1.160162064844065,1.160162064844065,1.0656297751999548,1.415553048117955,6.302356130848861,2.0361383690375954,4.5367522015591197e-07,0.03375092223023422,0.023831511908738168,0.5618119069840759,600004,True,0.772757665232431,0.6290373505895439,0.8936558789121476,1.160162064844065,1.415553048117955,1.160162064844065,1.0656297751999548
visual_cognitive_motivation,visual_cognitive_motivation__prefrontal__montage0,9,1,0.0,paired,9,visual_cognitive_motivation__s09__r1__a0__paired,visual_cognitive_motivation__s09__r1__a0__paired,completed,0.0,True,stationary_feasible,13,6,8.064324481162652e-06,106.42409073994861,0.5791776035278623,0.687409008079289,0.44537876966465684,0.3468553385836182,3.469446951953614e-18,True,1.2318822072854518,1.2318822072854518,1.115894153162443,1.087896679194346,4.454327770960985,1.41400452764308,1.2443978812559674e-06,0.05253670086719704,0.009782473699410522,0.6586219819728285,600700,True,0.5791776035278623,0.687409008079289,0.44537876966465684,1.2318822072854518,1.087896679194346,1.2318822072854518,1.115894153162443
visual_cognitive_motivation,visual_cognitive_motivation__prefrontal__montage0,9,0,0.0,wrong_pair,9,visual_cognitive_motivation__s09__r0__a0__wrong_pair,visual_cognitive_motivation__s09__r0__a0__wrong_pair,completed,0.0,True,stationary_feasible,11,5,8.015324037139803e-06,204.12669945961628,0.8557593079632788,0.6000404700903599,1.0509992486131088,0.48960512687813684,3.469446951953614e-18,True,0.8768014259815554,0.8768014259815554,1.0300660566336317,1.4201783808204627,3.2716026359776196,0.9568716942708435,4.314328125937298e-07,0.03223745904275696,0.016830256940702032,0.5328788700280711,600004,True,0.8557593079632788,0.6000404700903599,1.0509992486131088,0.8768014259815554,1.4201783808204627,0.8768014259815554,1.0300660566336317
visual_cognitive_motivation,visual_cognitive_motivation__prefrontal__montage0,9,1,0.0,wrong_pair,9,visual_cognitive_motivation__s09__r1__a0__wrong_pair,visual_cognitive_motivation__s09__r1__a0__wrong_pair,completed,0.0,True,stationary_feasible,13,6,7.543608850823117e-06,89.08238247697325,0.4679879491964255,0.4487604876782452,0.48645602667141025,0.31877739944294914,3.469446951953614e-18,True,1.1605605750472539,1.1605605750472539,0.6623564284882633,1.0814992212033467,2.4839953546719484,0.7634827756233666,1.2581600810183165e-06,0.04993855411258036,0.005494041664337481,0.6553169789258391,600008,True,0.4679879491964255,0.4487604876782452,0.48645602667141025,1.1605605750472539,1.0814992212033467,1.1605605750472539,0.6623564284882633
visual_cognitive_motivation,visual_cognitive_motivation__prefrontal__montage0,9,0,0.0,Hb_only,9,visual_cognitive_motivation__s09__r0__a0__Hb_only,visual_cognitive_motivation__s09__r0__a0__Hb_only,completed,0.0,True,stationary_feasible,11,5,2.081689593173118e-06,145.17888368634843,0.7969744264121583,0.6562976464264305,0.9163022820036549,0.5449251955201536,3.469446951953614e-18,True,1.1880608696666533,1.1880608696666533,1.2324491768759749,1.4186353529716609,3.1810321463696507,0.9835958589687381,4.100123477791542e-07,0.039928162933663594,0.023669523706073982,0.5253242329927161,594132,True,0.7969744264121583,0.6562976464264305,0.9163022820036549,1.1880608696666533,1.4186353529716609,1.1880608696666533,1.2324491768759749
visual_cognitive_motivation,visual_cognitive_motivation__prefrontal__montage0,9,1,0.0,Hb_only,9,visual_cognitive_motivation__s09__r1__a0__Hb_only,visual_cognitive_motivation__s09__r1__a0__Hb_only,completed,0.0,True,stationary_feasible,13,6,5.655305328502757e-06,56.503235306440146,0.5833231174405744,0.6198898354589719,0.5443053468190708,0.3302545205458418,3.469446951953614e-18,True,1.225527011328458,1.225527011328458,2.7916494054424605,1.1122376944246302,4.054186222318317,1.0940879118556233,1.2320482762508111e-06,0.04838081385058809,0.008371271849164103,0.6462884100619704,600008,True,0.5833231174405744,0.6198898354589719,0.5443053468190708,1.225527011328458,1.1122376944246302,1.225527011328458,2.7916494054424605
visual_cognitive_motivation,visual_cognitive_motivation__prefrontal__montage0,9,0,0.25,paired,9,visual_cognitive_motivation__s09__r0__a0.25__paired,visual_cognitive_motivation__s09__r0__a0.25__paired,completed,0.25001121340282473,True,stationary_feasible,11,5,9.485959238228887e-06,233.69206202796846,0.772600453976188,0.6270301581963853,0.8947938889379161,0.5229808264045875,3.469446951953614e-18,True,1.1557906931431512,1.1557906931431512,1.0011510897549982,1.4155858450148529,5.611382460962073,1.8028762467143757,4.260691650250362e-07,0.033907301645008874,0.02371373498168852,0.5860230930848047,600816,True,0.772600453976188,0.6270301581963853,0.8947938889379161,1.1557906931431512,1.4155858450148529,1.1557906931431512,1.0011510897549982
visual_cognitive_motivation,visual_cognitive_motivation__prefrontal__montage0,9,1,0.25,paired,9,visual_cognitive_motivation__s09__r1__a0.25__paired,visual_cognitive_motivation__s09__r1__a0.25__paired,completed,0.24999940646232,True,stationary_feasible,13,6,2.053340546504233e-06,106.5139016676852,0.579477750975177,0.6881514569610026,0.4450129211977423,0.3472321817343889,3.469446951953614e-18,True,1.2251250085567205,1.2251250085567205,1.1036881828060308,1.08194490913461,4.254124038408521,1.333224308622757,9.292172125934334e-07,0.052277483668110754,0.00976539115144347,0.6475339129101485,600540,True,0.579477750975177,0.6881514569610026,0.4450129211977423,1.2251250085567205,1.08194490913461,1.2251250085567205,1.1036881828060308
visual_cognitive_motivation,visual_cognitive_motivation__prefrontal__montage0,9,0,0.25,wrong_pair,9,visual_cognitive_motivation__s09__r0__a0.25__wrong_pair,visual_cognitive_motivation__s09__r0__a0.25__wrong_pair,completed,0.25001121340282473,True,stationary_feasible,11,5,4.8290802758972e-06,200.35859792106606,0.9149263568209477,0.7147270097134536,1.0785850816682794,0.48437736419534944,3.469446951953614e-18,True,0.9617543794782956,0.9617543794782956,1.0202174517068223,1.420725062052464,3.452820635369283,1.0381293657851105,4.699262087224275e-07,0.0337379136778903,0.018790146529508455,0.5799779309891164,598864,True,0.9149263568209477,0.7147270097134536,1.0785850816682794,0.9617543794782956,1.420725062052464,0.9617543794782956,1.0202174517068223
visual_cognitive_motivation,visual_cognitive_motivation__prefrontal__montage0,9,1,0.25,wrong_pair,9,visual_cognitive_motivation__s09__r1__a0.25__wrong_pair,visual_cognitive_motivation__s09__r1__a0.25__wrong_pair,completed,0.24999940646232,True,stationary_feasible,13,6,4.655630125693646e-06,86.06580924949542,0.653153108264316,0.5620792407641733,0.7329971983388787,0.3127703293650511,3.469446951953614e-18,True,1.2435806191458922,1.2435806191458922,0.7220714198373565,1.1019753837243524,2.98237813329661,0.9329377463402304,1.1680821637558847e-06,0.04228396683581408,0.010831111329202042,0.6512519549578428,601272,True,0.653153108264316,0.5620792407641733,0.7329971983388787,1.2435806191458922,1.1019753837243524,1.2435806191458922,0.7220714198373565
visual_cognitive_motivation,visual_cognitive_motivation__prefrontal__montage0,9,0,0.25,Hb_only,9,visual_cognitive_motivation__s09__r0__a0.25__Hb_only,visual_cognitive_motivation__s09__r0__a0.25__Hb_only,completed,0.25001121340282473,True,stationary_feasible,11,5,2.1563675429470324e-06,145.3237705048609,0.8341455220897309,0.7434975963272854,0.9158650710122361,0.5446648423897867,6.938893903907228e-18,True,1.3180655643355252,1.3180655643355252,1.6664025054066636,1.418960876430535,3.304827407137987,1.0215131502868031,3.805328589470163e-07,0.04323273797593451,0.026427399109891433,0.5711556039750576,600808,True,0.8341455220897309,0.7434975963272854,0.9158650710122361,1.3180655643355252,1.418960876430535,1.3180655643355252,1.6664025054066636
visual_cognitive_motivation,visual_cognitive_motivation__prefrontal__montage0,9,1,0.25,Hb_only,9,visual_cognitive_motivation__s09__r1__a0.25__Hb_only,visual_cognitive_motivation__s09__r1__a0.25__Hb_only,completed,0.24999940646232,True,stationary_feasible,13,6,5.3486208570763055e-06,56.56146594872032,0.6610783448602642,0.6845431264916896,0.636749451557954,0.3304991389642018,3.469446951953614e-18,True,1.2466646173220564,1.2466646173220564,3.041138945219067,1.1095590209626978,4.9065511016494865,1.391025240383261,1.0658126179606158e-06,0.04619926097005377,0.010021010573746965,0.6414430779404938,600012,True,0.6610783448602642,0.6845431264916896,0.636749451557954,1.2466646173220564,1.1095590209626978,1.2466646173220564,3.041138945219067
visual_cognitive_motivation,visual_cognitive_motivation__prefrontal__montage0,9,0,0.5,paired,9,visual_cognitive_motivation__s09__r0__a0.5__paired,visual_cognitive_motivation__s09__r0__a0.5__paired,completed,0.5000298833991306,True,stationary_feasible,13,6,5.21339210701791e-06,234.3535545179636,0.7728342886222862,0.6260177684101028,0.8959059264093887,0.523078946417974,6.938893903907228e-18,True,1.1530327228499515,1.1530327228499517,0.9338827349581054,1.4156351656831474,4.837053450617953,1.5442090433594984,3.9650762988616997e-07,0.034100536058312585,0.02362878379219524,0.6755807930603623,600828,True,0.7728342886222862,0.6260177684101028,0.8959059264093887,1.1530327228499515,1.4156351656831474,1.1530327228499517,0.9338827349581054
visual_cognitive_motivation,visual_cognitive_motivation__prefrontal__montage0,9,1,0.5,paired,9,visual_cognitive_motivation__s09__r1__a0.5__paired,visual_cognitive_motivation__s09__r1__a0.5__paired,completed,0.4999967165342908,True,stationary_feasible,13,6,4.282908508704564e-06,106.2991720211999,0.5791984305486713,0.6870327782547456,0.4460130104645531,0.34632549902410253,3.469446951953614e-18,True,1.2162871376207878,1.216287137620788,1.156348501130762,1.0745799476119102,5.022945824921661,1.5644026321962485,6.956210217204053e-07,0.05181510851599365,0.00971877539084146,0.657748230965808,599956,True,0.5791984305486713,0.6870327782547456,0.4460130104645531,1.2162871376207878,1.0745799476119102,1.216287137620788,1.156348501130762
visual_cognitive_motivation,visual_cognitive_motivation__prefrontal__montage0,9,0,0.5,wrong_pair,9,visual_cognitive_motivation__s09__r0__a0.5__wrong_pair,visual_cognitive_motivation__s09__r0__a0.5__wrong_pair,completed,0.5000298833991306,True,stationary_feasible,13,6,2.0940959617563175e-06,242.31137422483906,1.053988338403202,0.9393762629187313,1.1573050901316924,0.5320780676933207,3.469446951953614e-18,True,1.1174701971670462,1.1174701971670462,1.12213719749065,1.421093245932326,5.312535100943677,1.6503058251391156,5.349812537517253e-07,0.03663787464821637,0.022233196009701302,0.6613363210344687,599148,True,1.053988338403202,0.9393762629187313,1.1573050901316924,1.1174701971670462,1.421093245932326,1.1174701971670462,1.12213719749065
visual_cognitive_motivation,visual_cognitive_motivation__prefrontal__montage0,9,1,0.5,wrong_pair,9,visual_cognitive_motivation__s09__r1__a0.5__wrong_pair,visual_cognitive_motivation__s09__r1__a0.5__wrong_pair,completed,0.4999967165342908,True,stationary_feasible,13,6,3.6992945000943153e-06,96.05922054410652,1.0369307134460672,1.0014416300986912,1.0712447294996679,0.3299429389489155,3.469446951953614e-18,True,1.4797296269824651,1.4797296269824651,1.0235389695586183,1.123228950978318,6.403126257682979,2.0193852755610875,1.1299046122918155e-06,0.03691088265965781,0.019768593588677323,0.6789004890015349,600004,True,1.0369307134460672,1.0014416300986912,1.0712447294996679,1.4797296269824651,1.123228950978318,1.4797296269824651,1.0235389695586183
visual_cognitive_motivation,visual_cognitive_motivation__prefrontal__montage0,9,0,0.5,Hb_only,9,visual_cognitive_motivation__s09__r0__a0.5__Hb_only,visual_cognitive_motivation__s09__r0__a0.5__Hb_only,completed,0.5000298833991306,True,stationary_feasible,11,5,2.184774264023706e-06,145.59759376084577,0.9438672684775354,0.9234187330029178,0.9638820905825431,0.5444121052505095,3.469446951953614e-18,True,1.4845352489809178,1.4845352489809178,2.1414820512971025,1.4193025641894434,4.319146271224778,1.3321530143016695,3.5184992007564723e-07,0.0473022610150627,0.029938707447760473,0.5474774499889463,600000,True,0.9438672684775354,0.9234187330029178,0.9638820905825431,1.4845352489809178,1.4193025641894434,1.4845352489809178,2.1414820512971025
visual_cognitive_motivation,visual_cognitive_motivation__prefrontal__montage0,9,1,0.5,Hb_only,9,visual_cognitive_motivation__s09__r1__a0.5__Hb_only,visual_cognitive_motivation__s09__r1__a0.5__Hb_only,completed,0.4999967165342908,True,stationary_feasible,13,6,4.868897235844201e-06,56.67990759112963,0.7743266119363799,0.8027131135864315,0.7448590881382349,0.330681027672976,3.469446951953614e-18,True,1.2918824387059236,1.2918824387059236,3.311673637921988,1.1059958204797709,6.336430877374832,1.8781645134298026,9.207379939140496e-07,0.04452422514115631,0.012508630682842721,0.6657116240821779,599136,True,0.7743266119363799,0.8027131135864315,0.7448590881382349,1.2918824387059236,1.1059958204797709,1.2918824387059236,3.311673637921988
visual_cognitive_motivation,visual_cognitive_motivation__prefrontal__montage0,9,0,1.0,paired,9,visual_cognitive_motivation__s09__r0__a1__paired,visual_cognitive_motivation__s09__r0__a1__paired,completed,1.0000201583127604,True,stationary_feasible,13,6,3.064733781184329e-06,236.345747316088,0.7741558203358535,0.6268564153987152,0.8975998567252726,0.5232138676987214,6.938893903907228e-18,True,1.1523163939551675,1.1523163939551675,0.8145587798525163,1.4157789112689316,3.207383392748896,1.007281472114239,3.3793586923238303e-07,0.03454163721968968,0.023563570821957026,0.6691239329520613,594128,True,0.7741558203358535,0.6268564153987152,0.8975998567252726,1.1523163939551675,1.4157789112689316,1.1523163939551675,0.8145587798525163
visual_cognitive_motivation,visual_cognitive_motivation__prefrontal__montage0,9,1,1.0,paired,9,visual_cognitive_motivation__s09__r1__a1__paired,visual_cognitive_motivation__s09__r1__a1__paired,completed,0.9999953317693945,True,stationary_feasible,15,7,1.5826089300780417e-06,105.1557265141312,0.5791818841172268,0.682173247730444,0.45336847029768157,0.34143843115530836,3.469446951953614e-18,True,1.1950837369917535,1.1950837369917535,1.3840234174426131,1.057177399369282,7.766039191919457,2.4411405821234586,4.064734287342558e-07,0.0504224886940644,0.00960553241817493,0.7688302099704742,599984,True,0.5791818841172268,0.682173247730444,0.45336847029768157,1.1950837369917535,1.057177399369282,1.1950837369917535,1.3840234174426131
visual_cognitive_motivation,visual_cognitive_motivation__prefrontal__montage0,9,0,1.0,wrong_pair,9,visual_cognitive_motivation__s09__r0__a1__wrong_pair,visual_cognitive_motivation__s09__r0__a1__wrong_pair,completed,1.0000201583127604,True,stationary_feasible,19,9,8.932495023885098e-06,466.5946923890862,1.4750370870044145,1.5164228209367794,1.4324561578697892,0.7369362427969238,6.938893903907228e-18,True,1.5573538837983967,1.5573538837983967,1.6677588075127459,1.4212201079395235,11.354245469290325,3.602384463838843,8.189295173103304e-07,0.04559355149647728,0.0316530177098056,0.9515885290456936,600820,True,1.4750370870044145,1.5164228209367794,1.4324561578697892,1.5573538837983967,1.4212201079395235,1.5573538837983967,1.6677588075127459
visual_cognitive_motivation,visual_cognitive_motivation__prefrontal__montage0,9,1,1.0,wrong_pair,9,visual_cognitive_motivation__s09__r1__a1__wrong_pair,visual_cognitive_motivation__s09__r1__a1__wrong_pair,completed,0.9999953317693945,True,stationary_feasible,13,6,8.375998079768313e-06,152.4335579266904,1.9017147054935815,1.9981349044628283,1.8001373685772992,0.4154319095994524,6.938893903907228e-18,True,2.1748058107737887,2.1748058107737887,1.7462303289875962,1.1683220179962392,12.884397006084418,4.0593839642264475,1.1872227412891381e-06,0.035838216942583434,0.038249199166167286,0.6752128109801561,600004,True,1.9017147054935815,1.9981349044628283,1.8001373685772992,2.1748058107737887,1.1683220179962392,2.1748058107737887,1.7462303289875962
visual_cognitive_motivation,visual_cognitive_motivation__prefrontal__montage0,9,0,1.0,Hb_only,9,visual_cognitive_motivation__s09__r0__a1__Hb_only,visual_cognitive_motivation__s09__r0__a1__Hb_only,completed,1.0000201583127604,True,stationary_feasible,11,5,2.103463696641088e-06,146.55632736477827,1.2982779008452194,1.4108541983458833,1.1749644448475596,0.5439242713778981,3.469446951953614e-18,True,1.8872336590856038,1.8872336590856038,3.128109616807725,1.420020983834469,7.417891764324712,2.2735139063958494,2.973223881915319e-07,0.05707381263228963,0.03837531088921558,0.5473488570423797,600004,True,1.2982779008452194,1.4108541983458833,1.1749644448475596,1.8872336590856038,1.420020983834469,1.8872336590856038,3.128109616807725
visual_cognitive_motivation,visual_cognitive_motivation__prefrontal__montage0,9,1,1.0,Hb_only,9,visual_cognitive_motivation__s09__r1__a1__Hb_only,visual_cognitive_motivation__s09__r1__a1__Hb_only,completed,0.9999953317693945,True,stationary_feasible,13,6,3.3269135897848547e-06,57.07787399023236,1.057993931340041,1.1251366756075705,0.986290919915344,0.33084835510278415,6.938893903907228e-18,True,1.4432739967948849,1.4432739967948849,3.8898432070822224,1.0961574620146588,9.793250511099707,3.0501734996247998,6.848937261457504e-07,0.042887013933884714,0.018550204726561704,0.6397737070219591,594132,True,1.057993931340041,1.1251366756075705,0.986290919915344,1.4432739967948849,1.0961574620146588,1.4432739967948849,3.8898432070822224
visual_cognitive_motivation,visual_cognitive_motivation__prefrontal__montage0,10,0,0.0,paired,10,visual_cognitive_motivation__s10__r0__a0__paired,visual_cognitive_motivation__s10__r0__a0__paired,completed,0.0,True,stationary_feasible,19,9,4.987990432934407e-06,479.31432021931005,1.201407973585444,0.9347366813622057,1.4188127341215033,0.7426475965136937,1.3877787807814457e-17,True,2.0335902939117605,2.0335902939117605,1.7776728339089478,2.7690486893365973,12.268708902320723,4.044403967745329,3.5092622173982944e-06,0.03708243050744386,0.03036055978252502,0.8843628970207646,599996,True,1.201407973585444,0.9347366813622057,1.4188127341215033,2.0335902939117605,2.7690486893365973,2.0335902939117605,1.7776728339089478
visual_cognitive_motivation,visual_cognitive_motivation__prefrontal__montage0,10,1,0.0,paired,10,visual_cognitive_motivation__s10__r1__a0__paired,visual_cognitive_motivation__s10__r1__a0__paired,completed,0.0,True,stationary_feasible,15,7,1.176812610640179e-06,179.05630874203976,0.5628724575328544,0.4941621925510821,0.6240629249933514,0.4579350329601993,3.469446951953614e-18,True,0.8392046584455738,0.8392046584455738,1.2601735812900223,0.9449894783777367,6.145486799367741,1.9805573680552122,4.86001669242939e-07,0.012531863319385378,0.014551205823551893,0.7416510520270094,600700,True,0.5628724575328544,0.4941621925510821,0.6240629249933514,0.8392046584455738,0.9449894783777367,0.8392046584455738,1.2601735812900223
visual_cognitive_motivation,visual_cognitive_motivation__prefrontal__montage0,10,0,0.0,wrong_pair,10,visual_cognitive_motivation__s10__r0__a0__wrong_pair,visual_cognitive_motivation__s10__r0__a0__wrong_pair,completed,0.0,True,stationary_feasible,19,9,2.2164185507886785e-06,458.2071749710792,1.1308550212205406,0.9108902774096952,1.3145132409222464,0.7258025430657934,1.3877787807814457e-17,True,2.157825832238258,2.157825832238258,1.7915182724129675,2.7528470868712485,12.656971779813148,4.182252088502272,3.1147389266454518e-06,0.030185624683839084,0.03467614681271289,0.9197088159853593,600008,True,1.1308550212205406,0.9108902774096952,1.3145132409222464,2.157825832238258,2.7528470868712485,2.157825832238258,1.7915182724129675
visual_cognitive_motivation,visual_cognitive_motivation__prefrontal__montage0,10,1,0.0,wrong_pair,10,visual_cognitive_motivation__s10__r1__a0__wrong_pair,visual_cognitive_motivation__s10__r1__a0__wrong_pair,completed,0.0,True,stationary_feasible,13,6,9.763361274697608e-06,174.67597106374134,0.5789047713928144,0.5640971144464961,0.5933429987417649,0.4521607952027564,6.938893903907228e-18,True,0.8858199338443976,0.8858199338443976,0.9938070790445208,0.9504118573196179,6.0537428679354,1.9489034606604179,4.6055485617626106e-07,0.007852898505377522,0.015838462614240215,0.6581479229498655,600816,True,0.5789047713928144,0.5640971144464961,0.5933429987417649,0.8858199338443976,0.9504118573196179,0.8858199338443976,0.9938070790445208
visual_cognitive_motivation,visual_cognitive_motivation__prefrontal__montage0,10,0,0.0,Hb_only,10,visual_cognitive_motivation__s10__r0__a0__Hb_only,visual_cognitive_motivation__s10__r0__a0__Hb_only,completed,0.0,True,stationary_feasible,21,10,3.456629877150501e-06,362.3493998697991,1.6067029839214777,1.4717870256093628,1.7311360167047258,0.8535024974521993,6.938893903907228e-18,True,1.7766173581090376,1.7766173581090376,4.664740351706416,2.701251251384499,9.290737988030482,2.973690893301306,1.8166863591116371e-06,0.04708714025510965,0.02571640722536419,1.0074878389714286,600008,True,1.6067029839214777,1.4717870256093628,1.7311360167047258,1.7766173581090376,2.701251251384499,1.7766173581090376,4.664740351706416
visual_cognitive_motivation,visual_cognitive_motivation__prefrontal__montage0,10,1,0.0,Hb_only,10,visual_cognitive_motivation__s10__r1__a0__Hb_only,visual_cognitive_motivation__s10__r1__a0__Hb_only,completed,0.0,True,stationary_feasible,11,5,1.3376222100947544e-06,109.992128611469,0.7314564698347036,0.7650474530624602,0.6962467444008167,0.4736422301513196,3.469446951953614e-18,True,0.8032958806204884,0.8032958806204884,1.5469791954875072,0.9599315900853419,4.341078398306402,1.368830965021886,3.368075133132187e-07,0.016857230392746746,0.013493781738769434,0.5571076039923355,598864,True,0.7314564698347036,0.7650474530624602,0.6962467444008167,0.8032958806204884,0.9599315900853419,0.8032958806204884,1.5469791954875072
visual_cognitive_motivation,visual_cognitive_motivation__prefrontal__montage0,10,0,0.25,paired,10,visual_cognitive_motivation__s10__r0__a0.25__paired,visual_cognitive_motivation__s10__r0__a0.25__paired,completed,0.25000326020740404,True,stationary_feasible,19,9,5.4155955277806356e-06,480.46324915981154,1.2055643079325795,0.9339026974858106,1.4263927764646895,0.743167864045729,1.3877787807814457e-17,True,2.001957781770531,2.001957781770531,1.614283694695619,2.757662518707981,10.844583474056828,3.556531596347765,3.656130630770277e-06,0.03651393527982903,0.029906967111925354,0.894671434070915,600540,True,1.2055643079325795,0.9339026974858106,1.4263927764646895,2.001957781770531,2.757662518707981,2.001957781770531,1.614283694695619
visual_cognitive_motivation,visual_cognitive_motivation__prefrontal__montage0,10,1,0.25,paired,10,visual_cognitive_motivation__s10__r1__a0.25__paired,visual_cognitive_motivation__s10__r1__a0.25__paired,completed,0.2500029014520767,True,stationary_feasible,15,7,9.414525680573288e-07,179.269846979603,0.5640990677283596,0.493810661118875,0.6265513126547166,0.458266874459891,3.469446951953614e-18,True,0.8451849546546132,0.8451849546546132,1.2616355342053476,0.943285913917334,6.173289203051134,2.0040341688320464,4.698897928447727e-07,0.012350934425101955,0.014759274645544225,0.769050384988077,600808,True,0.5640990677283596,0.493810661118875,0.6265513126547166,0.8451849546546132,0.943285913917334,0.8451849546546132,1.2616355342053476
visual_cognitive_motivation,visual_cognitive_motivation__prefrontal__montage0,10,0,0.25,wrong_pair,10,visual_cognitive_motivation__s10__r0__a0.25__wrong_pair,visual_cognitive_motivation__s10__r0__a0.25__wrong_pair,completed,0.25000326020740404,True,stationary_feasible,17,8,9.998926030005418e-06,447.90426060318185,1.1877486380307793,1.0758527417966341,1.289974624656085,0.716705883829078,1.3877787807814457e-17,True,2.4295954130659245,2.4295954130659245,1.8466935918009304,2.735000381578998,13.211433398024106,4.376766120703234,2.9546660515583887e-06,0.01997531052652084,0.042703699774037526,0.8061638589715585,601272,True,1.1877486380307793,1.0758527417966341,1.289974624656085,2.4295954130659245,2.735000381578998,2.4295954130659245,1.8466935918009304
visual_cognitive_motivation,visual_cognitive_motivation__prefrontal__montage0,10,1,0.25,wrong_pair,10,visual_cognitive_motivation__s10__r1__a0.25__wrong_pair,visual_cognitive_motivation__s10__r1__a0.25__wrong_pair,completed,0.2500029014520767,True,stationary_feasible,13,6,8.601591713909529e-06,174.00677349882835,0.5823867038192455,0.5642138206073005,0.600009425098143,0.44995316238218913,3.469446951953614e-18,True,0.8227137001367513,0.8227137001367513,0.9619173676753199,0.9577834239265933,5.432129137998072,1.742346598895194,4.4925744274468476e-07,0.00952604327904111,0.014088997567549508,0.6822189420927316,600012,True,0.5823867038192455,0.5642138206073005,0.600009425098143,0.8227137001367513,0.9577834239265933,0.8227137001367513,0.9619173676753199
visual_cognitive_motivation,visual_cognitive_motivation__prefrontal__montage0,10,0,0.25,Hb_only,10,visual_cognitive_motivation__s10__r0__a0.25__Hb_only,visual_cognitive_motivation__s10__r0__a0.25__Hb_only,completed,0.25000326020740404,True,stationary_feasible,21,10,3.7448252676879902e-06,363.40156656355896,1.4874978396328906,1.3316093499356492,1.6285319109520056,0.8540991633291216,1.3877787807814457e-17,True,1.8553260921844528,1.8553260921844525,4.827805840917538,2.6903667161499225,8.906979106951962,2.8656172231774226,1.9002767107329453e-06,0.04094520984334053,0.028777325584451355,0.9787346480879933,600000,True,1.4874978396328906,1.3316093499356492,1.6285319109520056,1.8553260921844528,2.6903667161499225,1.8553260921844525,4.827805840917538
visual_cognitive_motivation,visual_cognitive_motivation__prefrontal__montage0,10,1,0.25,Hb_only,10,visual_cognitive_motivation__s10__r1__a0.25__Hb_only,visual_cognitive_motivation__s10__r1__a0.25__Hb_only,completed,0.2500029014520767,True,stationary_feasible,11,5,1.5994210642116054e-06,110.11736829600346,0.7754511686238883,0.8367874300694432,0.7088270781495897,0.47376038507230966,3.469446951953614e-18,True,0.7440281275616847,0.7440281275616847,1.482343393159734,0.9580095780640348,4.23596537629671,1.3324338226932537,3.348638597832383e-07,0.01904704228974237,0.01179163849711468,0.5758747790241614,600828,True,0.7754511686238883,0.8367874300694432,0.7088270781495897,0.7440281275616847,0.9580095780640348,0.7440281275616847,1.482343393159734
visual_cognitive_motivation,visual_cognitive_motivation__prefrontal__montage0,10,0,0.5,paired,10,visual_cognitive_motivation__s10__r0__a0.5__paired,visual_cognitive_motivation__s10__r0__a0.5__paired,completed,0.50000816875931,True,stationary_feasible,19,9,5.77047444107145e-06,481.7956654668064,1.2090114348136776,0.9327952894896964,1.4329376284145405,0.7436907082873814,6.938893903907228e-18,True,1.9734957987719053,1.9734957987719053,1.4509428559401711,2.7442905908873216,9.379616100992957,3.061193117706069,3.7851770054698595e-06,0.03565246496299026,0.02960905574477396,0.8721766209928319,600512,True,1.2090114348136776,0.9327952894896964,1.4329376284145405,1.9734957987719053,2.7442905908873216,1.9734957987719053,1.4509428559401711
visual_cognitive_motivation,visual_cognitive_motivation__prefrontal__montage0,10,1,0.5,paired,10,visual_cognitive_motivation__s10__r1__a0.5__paired,visual_cognitive_motivation__s10__r1__a0.5__paired,completed,0.5000087251169789,True,stationary_feasible,15,7,7.125523102377841e-07,179.66433764990242,0.5654479990915413,0.4936790779310426,0.6290817493509179,0.45865792499116365,3.469446951953614e-18,True,0.8509476426039183,0.8509476426039183,1.258791862082087,0.9414371275482714,6.147477755568322,2.00970847664452,4.5122149948157537e-07,0.012166955008855819,0.014965473119450274,0.7827833949122578,600580,True,0.5654479990915413,0.4936790779310426,0.6290817493509179,0.8509476426039183,0.9414371275482714,0.8509476426039183,1.258791862082087
visual_cognitive_motivation,visual_cognitive_motivation__prefrontal__montage0,10,0,0.5,wrong_pair,10,visual_cognitive_motivation__s10__r0__a0.5__wrong_pair,visual_cognitive_motivation__s10__r0__a0.5__wrong_pair,completed,0.50000816875931,True,stationary_feasible,19,9,2.36115281252595e-06,449.62122191275984,1.385716318659901,1.4100219042763493,1.3609767305364169,0.7174968530462713,6.938893903907228e-18,True,2.740968837491339,2.740968837491339,1.9239017622233792,2.7126433380818327,13.803939455382524,4.560192681032899,2.732794966431835e-06,0.012816592037600272,0.05106643119515904,0.9021874469472095,599148,True,1.385716318659901,1.4100219042763493,1.3609767305364169,2.740968837491339,2.7126433380818327,2.740968837491339,1.9239017622233792
visual_cognitive_motivation,visual_cognitive_motivation__prefrontal__montage0,10,1,0.5,wrong_pair,10,visual_cognitive_motivation__s10__r1__a0.5__wrong_pair,visual_cognitive_motivation__s10__r1__a0.5__wrong_pair,completed,0.5000087251169789,True,stationary_feasible,15,7,6.469984191811976e-07,189.07296546050705,0.6185691095436858,0.603354988563183,0.6334179065508475,0.4649003102480158,3.469446951953614e-18,True,0.7856325207059882,0.7856325207059882,1.0073973737053334,0.9678391187415181,5.603779450850585,1.802510451667108,4.7474727602092553e-07,0.012504975013476766,0.012786835603481407,0.768274683970958,600004,True,0.6185691095436858,0.603354988563183,0.6334179065508475,0.7856325207059882,0.9678391187415181,0.7856325207059882,1.0073973737053334
visual_cognitive_motivation,visual_cognitive_motivation__prefrontal__montage0,10,0,0.5,Hb_only,10,visual_cognitive_motivation__s10__r0__a0.5__Hb_only,visual_cognitive_motivation__s10__r0__a0.5__Hb_only,completed,0.50000816875931,True,stationary_feasible,21,10,4.043156811357856e-06,364.5443195363891,1.4327346311412845,1.286489914158836,1.5653755930481017,0.8547133398077194,6.938893903907228e-18,True,1.9861407697929112,1.9861407697929112,5.005917088681156,2.678220104104881,8.95940112104953,2.8797087382004114,1.986153084442722e-06,0.03578458826499827,0.03299958961025668,0.9702359939692542,600004,True,1.4327346311412845,1.286489914158836,1.5653755930481017,1.9861407697929112,2.678220104104881,1.9861407697929112,5.005917088681156
visual_cognitive_motivation,visual_cognitive_motivation__prefrontal__montage0,10,1,0.5,Hb_only,10,visual_cognitive_motivation__s10__r1__a0.5__Hb_only,visual_cognitive_motivation__s10__r1__a0.5__Hb_only,completed,0.5000087251169789,True,stationary_feasible,11,5,1.8889260297597025e-06,110.32389512326283,0.8444011676300547,0.9336446391780521,0.7445363332464603,0.473896686831963,3.469446951953614e-18,True,0.7128445784036082,0.7128445784036082,1.4653854733874023,0.9562019125518344,4.407558701954619,1.380675651711614,3.328714430299093e-07,0.021658873312487677,0.010753268075807459,0.5768991420045495,600740,True,0.8444011676300547,0.9336446391780521,0.7445363332464603,0.7128445784036082,0.9562019125518344,0.7128445784036082,1.4653854733874023
visual_cognitive_motivation,visual_cognitive_motivation__prefrontal__montage0,10,0,1.0,paired,10,visual_cognitive_motivation__s10__r0__a1__paired,visual_cognitive_motivation__s10__r0__a1__paired,completed,1.000002272213692,True,stationary_feasible,19,9,6.21084473819032e-06,484.9477779913923,1.2113735745030088,0.927757183810679,1.4401800171839876,0.7445602517597314,6.938893903907228e-18,True,1.9281839304418815,1.9281839304418815,1.1525428907200406,2.713399055297084,6.513148240385619,2.105178053436321,4.046001887182804e-06,0.033193226278511664,0.029462851184603,0.9563911510631442,599136,True,1.2113735745030088,0.927757183810679,1.4401800171839876,1.9281839304418815,2.713399055297084,1.9281839304418815,1.1525428907200406
visual_cognitive_motivation,visual_cognitive_motivation__prefrontal__montage0,10,1,1.0,paired,10,visual_cognitive_motivation__s10__r1__a1__paired,visual_cognitive_motivation__s10__r1__a1__paired,completed,1.000012423558345,True,stationary_feasible,15,7,3.755486502536256e-07,180.97542205630597,0.5683616473082491,0.49417058894357846,0.6339285080236178,0.45956004347422214,3.469446951953614e-18,True,0.861169860195147,0.861169860195147,1.2417349940724445,0.9373604143101508,5.951059335375682,1.9719948120230233,4.0832654256759017e-07,0.011806098461525291,0.015354323197200129,0.7748102429322898,594128,True,0.5683616473082491,0.49417058894357846,0.6339285080236178,0.861169860195147,0.9373604143101508,0.861169860195147,1.2417349940724445
visual_cognitive_motivation,visual_cognitive_motivation__prefrontal__montage0,10,0,1.0,wrong_pair,10,visual_cognitive_motivation__s10__r0__a1__wrong_pair,visual_cognitive_motivation__s10__r0__a1__wrong_pair,completed,1.000002272213692,True,stationary_feasible,19,9,2.9991323219307855e-06,490.63644189042725,2.0175222687236727,2.27185015147471,1.7261196652712605,0.7491462022795679,6.938893903907228e-18,True,3.440757269446601,3.440757269446601,2.1520985675547117,2.657085023410959,15.224072720529916,4.941934487491113,2.214488502756028e-06,0.02497852445375582,0.06828400182184777,0.8982695000013337,594132,True,2.0175222687236727,2.27185015147471,1.7261196652712605,3.440757269446601,2.657085023410959,3.440757269446601,2.1520985675547117
visual_cognitive_motivation,visual_cognitive_motivation__prefrontal__montage0,10,1,1.0,wrong_pair,10,visual_cognitive_motivation__s10__r1__a1__wrong_pair,visual_cognitive_motivation__s10__r1__a1__wrong_pair,completed,1.000012423558345,True,stationary_feasible,15,7,6.587350164389665e-06,264.66646024865895,0.7680213442593224,0.7686020514046379,0.7674401977042744,0.5370314209131736,6.938893903907228e-18,True,0.8025203461548939,0.8025203461548938,1.3143314886960091,0.9957969913612242,8.017404050204952,2.637925007504083,6.66008420866437e-07,0.02023722011141967,0.012104615803140468,0.7680493509396911,600004,True,0.7680213442593224,0.7686020514046379,0.7674401977042744,0.8025203461548939,0.9957969913612242,0.8025203461548938,1.3143314886960091
visual_cognitive_motivation,visual_cognitive_motivation__prefrontal__montage0,10,0,1.0,Hb_only,10,visual_cognitive_motivation__s10__r0__a1__Hb_only,visual_cognitive_motivation__s10__r0__a1__Hb_only,completed,1.000002272213692,True,stationary_feasible,21,10,4.637775358600347e-06,367.1463347892496,1.5426009161208907,1.505382727891221,1.5789420557451774,0.8560123192673711,6.938893903907228e-18,True,2.3703709175291694,2.3703709175291694,5.403669523321717,2.650314823979774,10.30987478771242,3.2554093388333585,2.1662552083284553e-06,0.030802623246858445,0.043591217164907554,1.0366125099826604,599984,True,1.5426009161208907,1.505382727891221,1.5789420557451774,2.3703709175291694,2.650314823979774,2.3703709175291694,5.403669523321717
visual_cognitive_motivation,visual_cognitive_motivation__prefrontal__montage0,10,1,1.0,Hb_only,10,visual_cognitive_motivation__s10__r1__a1__Hb_only,visual_cognitive_motivation__s10__r1__a1__Hb_only,completed,1.000012423558345,True,stationary_feasible,11,5,2.590774554873139e-06,110.97260399473137,1.0341946718317907,1.1749009984736891,0.8710481515255392,0.4742224297019722,3.469446951953614e-18,True,0.7436967069886937,0.7436967069886937,1.5662434037494557,0.9529188426734476,5.416583359527132,1.6912681609691516,3.287201458815636e-07,0.027630220343501283,0.011239115042376006,0.5748743519652635,598864,True,1.0341946718317907,1.1749009984736891,0.8710481515255392,0.7436967069886937,0.9529188426734476,0.7436967069886937,1.5662434037494557
visual_cognitive_motivation,visual_cognitive_motivation__prefrontal__montage0,11,0,0.0,paired,11,visual_cognitive_motivation__s11__r0__a0__paired,visual_cognitive_motivation__s11__r0__a0__paired,completed,0.0,True,stationary_feasible,15,7,4.555380170673553e-06,245.73625382451786,0.7617245410806845,0.6702674710247561,0.8433208584253307,0.5139721348940576,3.469446951953614e-18,True,1.0939840193023902,1.0939840193023902,1.6003210146680742,1.2589264323743028,11.169240309235303,3.7174281734290098,1.0701856189742345e-06,0.016088032476437274,0.02246728837087607,0.7542367050191388,600816,True,0.7617245410806845,0.6702674710247561,0.8433208584253307,1.0939840193023902,1.2589264323743028,1.0939840193023902,1.6003210146680742
visual_cognitive_motivation,visual_cognitive_motivation__prefrontal__montage0,11,1,0.0,paired,11,visual_cognitive_motivation__s11__r1__a0__paired,visual_cognitive_motivation__s11__r1__a0__paired,completed,0.0,True,stationary_feasible,19,9,8.72991651442917e-06,242.57185783403762,0.8748367869696374,0.9383614593175614,0.8063228753657768,0.5135471524329822,3.469446951953614e-18,True,1.5160619744960002,1.5160619744960002,2.1576396308648897,1.5486505049983519,15.388633350859212,5.158014558817187,2.92903732554791e-06,0.024266414568908105,0.024821354569529743,0.9360627960413694,600700,True,0.8748367869696374,0.9383614593175614,0.8063228753657768,1.5160619744960002,1.5486505049983519,1.5160619744960002,2.1576396308648897
visual_cognitive_motivation,visual_cognitive_motivation__prefrontal__montage0,11,0,0.0,wrong_pair,11,visual_cognitive_motivation__s11__r0__a0__wrong_pair,visual_cognitive_motivation__s11__r0__a0__wrong_pair,completed,0.0,True,stationary_feasible,15,7,2.2058614057522546e-06,225.9391670556828,0.974353879012643,0.9382818969588934,1.0091372775461172,0.5047179951731271,3.469446951953614e-18,True,1.3013033377424172,1.3013033377424172,1.203905355094387,1.2650795687292742,7.335158469924037,2.3712965087569997,9.697350280508783e-07,0.017758507510061566,0.026845736502911163,0.7605085599934682,600820,True,0.974353879012643,0.9382818969588934,1.0091372775461172,1.3013033377424172,1.2650795687292742,1.3013033377424172,1.203905355094387
visual_cognitive_motivation,visual_cognitive_motivation__prefrontal__montage0,11,1,0.0,wrong_pair,11,visual_cognitive_motivation__s11__r1__a0__wrong_pair,visual_cognitive_motivation__s11__r1__a0__wrong_pair,completed,0.0,True,stationary_feasible,19,9,5.941202466146738e-06,210.4886930923434,0.9360934577981073,1.0663378835592312,0.7845160556363733,0.4732371711214181,3.469446951953614e-18,True,1.6580132113842896,1.6580132113842896,1.9247092457851356,1.5392239983806735,13.76506332370049,4.619305473714022,2.1002641091579235e-06,0.019056487996851924,0.02884425855857133,0.883105612010695,599996,True,0.9360934577981073,1.0663378835592312,0.7845160556363733,1.6580132113842896,1.5392239983806735,1.6580132113842896,1.9247092457851356
visual_cognitive_motivation,visual_cognitive_motivation__prefrontal__montage0,11,0,0.0,Hb_only,11,visual_cognitive_motivation__s11__r0__a0__Hb_only,visual_cognitive_motivation__s11__r0__a0__Hb_only,completed,0.0,True,stationary_feasible,11,5,4.713788561476181e-06,128.7671472016205,0.8994608819076779,0.8140324539035197,0.977451236715208,0.5134337982293108,3.469446951953614e-18,True,1.0625328777979084,1.0625328777979084,0.8438778896719487,1.2660172370515899,0.9391122936302766,0.24947440223707387,4.375047761321319e-07,0.011500660243169133,0.021761434814181295,0.558874633978121,600012,True,0.8994608819076779,0.8140324539035197,0.977451236715208,1.0625328777979084,1.2660172370515899,1.0625328777979084,0.8438778896719487
visual_cognitive_motivation,visual_cognitive_motivation__prefrontal__montage0,11,1,0.0,Hb_only,11,visual_cognitive_motivation__s11__r1__a0__Hb_only,visual_cognitive_motivation__s11__r1__a0__Hb_only,completed,0.0,True,stationary_feasible,19,9,2.5835932926324934e-06,94.14021192833057,0.8893734649951716,0.8270752247539047,0.9475847682784445,0.4240197241105506,6.938893903907228e-18,True,1.1531514381689376,1.1531514381689376,3.287299802446099,1.5053741077080967,7.187746220861913,2.263972280975756,1.1451346913404787e-06,0.03927269460093343,0.015021801220546622,0.9534754330525175,600808,True,0.8893734649951716,0.8270752247539047,0.9475847682784445,1.1531514381689376,1.5053741077080967,1.1531514381689376,3.287299802446099
visual_cognitive_motivation,visual_cognitive_motivation__prefrontal__montage0,11,0,0.25,paired,11,visual_cognitive_motivation__s11__r0__a0.25__paired,visual_cognitive_motivation__s11__r0__a0.25__paired,completed,0.25000401577185466,True,stationary_feasible,15,7,9.940167473038646e-06,253.64117649803035,0.7638897289965367,0.668738643265034,0.8484360100425054,0.5261725483874843,3.469446951953614e-18,True,1.0809498878231174,1.0809498878231174,1.1893050171228075,1.2639181472691146,7.469125064559866,2.4073707460683593,6.984631738122815e-07,0.014990545044224004,0.022134541584116582,0.7728521070675924,600828,True,0.7638897289965367,0.668738643265034,0.8484360100425054,1.0809498878231174,1.2639181472691146,1.0809498878231174,1.1893050171228075
visual_cognitive_motivation,visual_cognitive_motivation__prefrontal__montage0,11,1,0.25,paired,11,visual_cognitive_motivation__s11__r1__a0.25__paired,visual_cognitive_motivation__s11__r1__a0.25__paired,completed,0.25001437447602265,True,stationary_feasible,19,9,8.85471573302898e-06,241.8919542503126,0.8583498796547602,0.9147044077023081,0.7980256125818596,0.5120837495555975,3.469446951953614e-18,True,1.490309036039274,1.490309036039274,2.1517984664658227,1.5441756289756023,15.340848407102907,5.105435313129636,3.004749430690187e-06,0.024326851610109217,0.024248573729933602,0.9449406310450286,600008,True,0.8583498796547602,0.9147044077023081,0.7980256125818596,1.490309036039274,1.5441756289756023,1.490309036039274,2.1517984664658227
visual_cognitive_motivation,visual_cognitive_motivation__prefrontal__montage0,11,0,0.25,wrong_pair,11,visual_cognitive_motivation__s11__r0__a0.25__wrong_pair,visual_cognitive_motivation__s11__r0__a0.25__wrong_pair,completed,0.25000401577185466,True,stationary_feasible,15,7,4.061535377701849e-06,307.04194695848975,0.9059294446581144,0.8637321026725401,0.9462468875563034,0.5990806133888033,6.938893903907228e-18,True,0.9699231884397608,0.9699231884397608,1.0653895118514762,1.2812671383401224,6.208548813648884,1.9098052942592467,6.416083669433102e-07,0.01336279393362757,0.018943706714232428,0.7300209299428388,601272,True,0.9059294446581144,0.8637321026725401,0.9462468875563034,0.9699231884397608,1.2812671383401224,0.9699231884397608,1.0653895118514762
visual_cognitive_motivation,visual_cognitive_motivation__prefrontal__montage0,11,1,0.25,wrong_pair,11,visual_cognitive_motivation__s11__r1__a0.25__wrong_pair,visual_cognitive_motivation__s11__r1__a0.25__wrong_pair,completed,0.25001437447602265,True,stationary_feasible,21,10,6.567997430413817e-06,277.1290879581714,1.2066489328359034,1.4372853254738436,0.9198990093513506,0.5413577668623855,6.938893903907228e-18,True,1.8935915127995504,1.8935915127995504,2.3750825385162764,1.5597991116568823,17.25601063502297,5.802973716167339,2.665313483232338e-06,0.0189871514754199,0.0346215704793813,1.0450817600358278,600740,True,1.2066489328359034,1.4372853254738436,0.9198990093513506,1.8935915127995504,1.5597991116568823,1.8935915127995504,2.3750825385162764
visual_cognitive_motivation,visual_cognitive_motivation__prefrontal__montage0,11,0,0.25,Hb_only,11,visual_cognitive_motivation__s11__r0__a0.25__Hb_only,visual_cognitive_motivation__s11__r0__a0.25__Hb_only,completed,0.25000401577185466,True,stationary_feasible,13,6,1.7196725858336862e-06,128.8429627085995,0.85594133698611,0.77126967267052,0.9329599330849356,0.5137370666106674,3.469446951953614e-18,True,0.923376181014387,0.923376181014387,1.0954230903300173,1.2671831459483252,2.675472389098567,0.795199434466706,4.293850124867265e-07,0.009751267109287505,0.01860754380352022,0.6327525560045615,600540,True,0.85594133698611,0.77126967267052,0.9329599330849356,0.923376181014387,1.2671831459483252,0.923376181014387,1.0954230903300173
visual_cognitive_motivation,visual_cognitive_motivation__prefrontal__montage0,11,1,0.25,Hb_only,11,visual_cognitive_motivation__s11__r1__a0.25__Hb_only,visual_cognitive_motivation__s11__r1__a0.25__Hb_only,completed,0.25001437447602265,True,stationary_feasible,19,9,2.589761480840287e-06,94.40117319434611,0.9246073995418217,0.9213550400903084,0.9278483586638314,0.42439604318607477,6.938893903907228e-18,True,1.2114924455263463,1.2114924455263463,3.425918789932542,1.4938597606903161,7.742894105490755,2.437487320244129,1.1283697001599061e-06,0.036809845952218444,0.017555436267803873,0.929379845969379,600008,True,0.9246073995418217,0.9213550400903084,0.9278483586638314,1.2114924455263463,1.4938597606903161,1.2114924455263463,3.425918789932542
visual_cognitive_motivation,visual_cognitive_motivation__prefrontal__montage0,11,0,0.5,paired,11,visual_cognitive_motivation__s11__r0__a0.5__paired,visual_cognitive_motivation__s11__r0__a0.5__paired,completed,0.5000010394600866,True,stationary_feasible,13,6,9.088816449228036e-06,259.75922641512267,0.7644430756202667,0.6651733263073066,0.8522270106590256,0.5345738723743182,6.938893903907228e-18,True,1.0627169172350446,1.0627169172350446,0.8464689962300205,1.2677145045090368,3.7399358227862813,1.1324645626233931,4.265372647842324e-07,0.013965111430510867,0.021692208643335716,0.6911503180162981,600580,True,0.7644430756202667,0.6651733263073066,0.8522270106590256,1.0627169172350446,1.2677145045090368,1.0627169172350446,0.8464689962300205
visual_cognitive_motivation,visual_cognitive_motivation__prefrontal__montage0,11,1,0.5,paired,11,visual_cognitive_motivation__s11__r1__a0.5__paired,visual_cognitive_motivation__s11__r1__a0.5__paired,completed,0.500028754826964,True,stationary_feasible,19,9,8.522488568654985e-06,241.7016318834414,0.8433325819803181,0.8925134176259968,0.7911001750832463,0.5112418037568064,3.469446951953614e-18,True,1.4632400015364326,1.4632400015364326,2.1224941302870364,1.5370278004908322,15.098410951493399,4.986539219529441,3.0114750435504313e-06,0.0242212952895278,0.02370521734306629,0.94941232400015,600004,True,0.8433325819803181,0.8925134176259968,0.7911001750832463,1.4632400015364326,1.5370278004908322,1.4632400015364326,2.1224941302870364
visual_cognitive_motivation,visual_cognitive_motivation__prefrontal__montage0,11,0,0.5,wrong_pair,11,visual_cognitive_motivation__s11__r0__a0.5__wrong_pair,visual_cognitive_motivation__s11__r0__a0.5__wrong_pair,completed,0.5000010394600866,True,stationary_feasible,17,8,7.359822987962865e-06,511.53531862599914,1.1273329596824126,1.1854236360691437,1.0660816136775018,0.7780179667184384,1.3877787807814457e-17,True,0.9027539474697354,0.9027539474697354,1.303057426407755,1.2967811915596255,7.379807530487718,2.196168911607579,4.4080757016444214e-07,0.023698799206633238,0.016071572237650236,0.8596405920106918,598864,True,1.1273329596824126,1.1854236360691437,1.0660816136775018,0.9027539474697354,1.2967811915596255,0.9027539474697354,1.303057426407755
visual_cognitive_motivation,visual_cognitive_motivation__prefrontal__montage0,11,1,0.5,wrong_pair,11,visual_cognitive_motivation__s11__r1__a0.5__wrong_pair,visual_cognitive_motivation__s11__r1__a0.5__wrong_pair,completed,0.500028754826964,True,stationary_feasible,23,11,9.930727972724556e-06,390.3242236668936,1.6410005386655702,1.9543308792392369,1.2515415895020725,0.6435264625674298,6.938893903907228e-18,True,2.2558184584300194,2.2558184584300194,2.905131417869,1.5821591695065143,21.291760501960365,7.20290419988865,3.38173638685963e-06,0.026662578102741,0.0430085334833452,1.0838137629907578,600512,True,1.6410005386655702,1.9543308792392369,1.2515415895020725,2.2558184584300194,1.5821591695065143,2.2558184584300194,2.905131417869
visual_cognitive_motivation,visual_cognitive_motivation__prefrontal__montage0,11,0,0.5,Hb_only,11,visual_cognitive_motivation__s11__r0__a0.5__Hb_only,visual_cognitive_motivation__s11__r0__a0.5__Hb_only,completed,0.5000010394600866,True,stationary_feasible,13,6,4.348968679964764e-06,129.4182276959274,0.9084179842155337,0.8650269239163895,0.9498288735304776,0.5142105773851952,6.938893903907228e-18,True,0.8489906284363077,0.8489906284363077,1.5028430869216718,1.268229658704604,5.0902245596427935,1.5177128051618303,4.189828247047508e-07,0.013334627318962225,0.016676324311388126,0.6680082129314542,594128,True,0.9084179842155337,0.8650269239163895,0.9498288735304776,0.8489906284363077,1.268229658704604,0.8489906284363077,1.5028430869216718
visual_cognitive_motivation,visual_cognitive_motivation__prefrontal__montage0,11,1,0.5,Hb_only,11,visual_cognitive_motivation__s11__r1__a0.5__Hb_only,visual_cognitive_motivation__s11__r1__a0.5__Hb_only,completed,0.500028754826964,True,stationary_feasible,19,9,2.609043631087941e-06,94.79652057271966,1.0234279858980913,1.0907781267643968,0.9513215874830137,0.4248478355246766,3.469446951953614e-18,True,1.316990021555403,1.316990021555403,3.605077913725977,1.4824090456979009,8.810016547040089,2.7543470804029817,1.1109590875290362e-06,0.03568656840746227,0.02104345341584834,0.8937337440438569,599148,True,1.0234279858980913,1.0907781267643968,0.9513215874830137,1.316990021555403,1.4824090456979009,1.316990021555403,3.605077913725977
visual_cognitive_motivation,visual_cognitive_motivation__prefrontal__montage0,11,0,1.0,paired,11,visual_cognitive_motivation__s11__r0__a1__paired,visual_cognitive_motivation__s11__r0__a1__paired,completed,0.9999626357662109,True,stationary_feasible,17,8,2.7665997588642337e-06,265.66479995007063,0.7614474450334614,0.6574847186569087,0.8528295655221024,0.5385736141285031,3.469446951953614e-18,True,1.025474230371462,1.025474230371462,1.120599822645214,1.2714729492240222,6.908222820666319,2.0595236142794175,2.0508155187897921e-07,0.012467144401885578,0.02080651544271267,0.8217904079938307,600000,True,0.7614474450334614,0.6574847186569087,0.8528295655221024,1.025474230371462,1.2714729492240222,1.025474230371462,1.120599822645214
visual_cognitive_motivation,visual_cognitive_motivation__prefrontal__montage0,11,1,1.0,paired,11,visual_cognitive_motivation__s11__r1__a1__paired,visual_cognitive_motivation__s11__r1__a1__paired,completed,0.9999189858834869,True,stationary_feasible,19,9,6.631211806935488e-06,242.74668892110216,0.8188516949992894,0.8550681369126897,0.7809575392062494,0.5110345589388999,3.469446951953614e-18,True,1.4089457310466234,1.4089457310466234,2.009041706731922,1.5162031444835407,14.155623503367973,4.5990270781403195,2.863758149474868e-06,0.023547224911044284,0.022774120900719397,0.9351031900150701,600004,True,0.8188516949992894,0.8550681369126897,0.7809575392062494,1.4089457310466234,1.5162031444835407,1.4089457310466234,2.009041706731922
visual_cognitive_motivation,visual_cognitive_motivation__prefrontal__montage0,11,0,1.0,wrong_pair,11,visual_cognitive_motivation__s11__r0__a1__wrong_pair,visual_cognitive_motivation__s11__r0__a1__wrong_pair,completed,0.9999626357662109,True,stationary_feasible,37,18,5.717309862346866e-06,1302.3293318803985,1.9212560074403002,2.2039830468382915,1.5889959161370706,1.2418204296392215,1.3877787807814457e-17,True,1.4754135144373512,1.4754135144373512,2.2479972014005796,1.3252226376001086,12.678952586008657,3.7084919453802927,2.623277131708486e-07,0.05167086090849276,0.027001480288477164,1.7042851109290496,600004,True,1.9212560074403002,2.2039830468382915,1.5889959161370706,1.4754135144373512,1.3252226376001086,1.4754135144373512,2.2479972014005796
visual_cognitive_motivation,visual_cognitive_motivation__prefrontal__montage0,11,1,1.0,wrong_pair,11,visual_cognitive_motivation__s11__r1__a1__wrong_pair,visual_cognitive_motivation__s11__r1__a1__wrong_pair,completed,0.9999189858834869,True,stationary_feasible,33,16,5.884717528183063e-06,764.1756221220411,2.717970541015052,3.1776553049307297,2.1626914913359463,0.9057476888626199,1.3877787807814457e-17,True,3.216499328165822,3.216499328165822,4.098658686698615,1.634401980105425,30.271741749603585,10.430810499367984,5.567661650785776e-06,0.050789782613421666,0.06412066315404957,1.5385976309189573,599136,True,2.717970541015052,3.1776553049307297,2.1626914913359463,3.216499328165822,1.634401980105425,3.216499328165822,4.098658686698615
visual_cognitive_motivation,visual_cognitive_motivation__prefrontal__montage0,11,0,1.0,Hb_only,11,visual_cognitive_motivation__s11__r0__a1__Hb_only,visual_cognitive_motivation__s11__r0__a1__Hb_only,completed,0.9999626357662109,True,stationary_feasible,15,7,5.114008155768626e-06,132.08472141555959,1.2528633733317465,1.3373027888824462,1.1623056892744,0.5156109000934752,6.938893903907228e-18,True,0.9737009341990007,0.9737009341990007,2.543131390997113,1.2696656568893179,10.098852407592352,2.9631196889323155,3.915088144005593e-07,0.02699275504799541,0.018578475832687305,0.7488091540290043,600816,True,1.2528633733317465,1.3373027888824462,1.1623056892744,0.9737009341990007,1.2696656568893179,0.9737009341990007,2.543131390997113
visual_cognitive_motivation,visual_cognitive_motivation__prefrontal__montage0,11,1,1.0,Hb_only,11,visual_cognitive_motivation__s11__r1__a1__Hb_only,visual_cognitive_motivation__s11__r1__a1__Hb_only,completed,0.9999189858834869,True,stationary_feasible,19,9,2.6891369568831958e-06,96.03002938025939,1.351308251881143,1.5529076937303075,1.1137978622521054,0.4259869788666456,3.469446951953614e-18,True,1.631164642620776,1.631164642620776,4.0702721990761574,1.4599319613372652,11.938402615116251,3.663118849645375,1.0754911547832427e-06,0.0379155985273542,0.02950936249460494,0.9157917279517278,600012,True,1.351308251881143,1.5529076937303075,1.1137978622521054,1.631164642620776,1.4599319613372652,1.631164642620776,4.0702721990761574
visual_cognitive_motivation,visual_cognitive_motivation__prefrontal__montage0,12,0,0.0,paired,12,visual_cognitive_motivation__s12__r0__a0__paired,visual_cognitive_motivation__s12__r0__a0__paired,completed,0.0,True,stationary_feasible,15,7,1.2406814046296203e-06,280.0531310296432,0.841979656169181,0.7075613856230939,0.9577141370892842,0.5741042365561855,6.938893903907228e-18,True,0.7760543134640032,0.7760543134640032,1.109973851731817,1.0574559560704053,4.4302924638510595,1.3853876250474433,7.6281556738486e-07,0.023233587080294073,0.010450180131504944,0.7090864049969241,594132,True,0.841979656169181,0.7075613856230939,0.9577141370892842,0.7760543134640032,1.0574559560704053,0.7760543134640032,1.109973851731817
visual_cognitive_motivation,visual_cognitive_motivation__prefrontal__montage0,12,1,0.0,paired,12,visual_cognitive_motivation__s12__r1__a0__paired,visual_cognitive_motivation__s12__r1__a0__paired,completed,0.0,True,stationary_feasible,17,8,3.4115164429720686e-06,247.92424339843546,1.178761991391846,1.1849263322006298,1.1725652442221297,0.5306982563051658,6.938893903907228e-18,True,1.8712057455936468,1.8712057455936466,1.0362417490303295,2.0159095185643965,4.781013425658868,1.5219767521935486,2.2519332134517037e-06,0.08063015218976732,0.009911619494825753,0.871976106078364,600820,True,1.178761991391846,1.1849263322006298,1.1725652442221297,1.8712057455936468,2.0159095185643965,1.8712057455936466,1.0362417490303295
visual_cognitive_motivation,visual_cognitive_motivation__prefrontal__montage0,12,0,0.0,wrong_pair,12,visual_cognitive_motivation__s12__r0__a0__wrong_pair,visual_cognitive_motivation__s12__r0__a0__wrong_pair,completed,0.0,True,stationary_feasible,15,7,9.423681417013005e-07,276.3735560773998,0.8254311610694395,0.7752440547424505,0.8727369929797696,0.5659962774115024,6.938893903907228e-18,True,0.6010093539947181,0.6010093539947182,1.0134501879964153,1.0250198809823716,2.6910027602904054,0.8177991942139093,4.087262999351305e-07,0.022232345991631746,0.005918773184823596,0.7274940200150013,600540,True,0.8254311610694395,0.7752440547424505,0.8727369929797696,0.6010093539947181,1.0250198809823716,0.6010093539947182,1.0134501879964153
visual_cognitive_motivation,visual_cognitive_motivation__prefrontal__montage0,12,1,0.0,wrong_pair,12,visual_cognitive_motivation__s12__r1__a0__wrong_pair,visual_cognitive_motivation__s12__r1__a0__wrong_pair,completed,0.0,True,stationary_feasible,17,8,5.13996823227409e-06,242.35478617227326,0.8885493632802773,0.8746154830407906,0.902268085879633,0.5227759303215843,6.938893903907228e-18,True,1.9851095564228485,1.9851095564228485,0.9635643402179007,2.103767153580181,4.986802220485465,1.5756454313435009,3.1655522474596855e-06,0.08146146635058912,0.009613197132627073,0.8271803259849548,599984,True,0.8885493632802773,0.8746154830407906,0.902268085879633,1.9851095564228485,2.103767153580181,1.9851095564228485,0.9635643402179007
visual_cognitive_motivation,visual_cognitive_motivation__prefrontal__montage0,12,0,0.0,Hb_only,12,visual_cognitive_motivation__s12__r0__a0__Hb_only,visual_cognitive_motivation__s12__r0__a0__Hb_only,completed,0.0,True,stationary_feasible,11,5,8.831275306014582e-06,168.62543623171527,0.9418294012192974,0.9981367549096924,0.8819343855982423,0.5858782104123099,3.469446951953614e-18,True,0.8861189761199841,0.8861189761199841,4.111473145256228,0.9981342727165445,8.30766355516262,2.2744720535434824,2.755131278733974e-07,0.023234291749508734,0.015981231365681678,0.550690233008936,600828,True,0.9418294012192974,0.9981367549096924,0.8819343855982423,0.8861189761199841,0.9981342727165445,0.8861189761199841,4.111473145256228
visual_cognitive_motivation,visual_cognitive_motivation__prefrontal__montage0,12,1,0.0,Hb_only,12,visual_cognitive_motivation__s12__r1__a0__Hb_only,visual_cognitive_motivation__s12__r1__a0__Hb_only,completed,0.0,True,stationary_feasible,15,7,4.76210796226694e-06,172.58420613680377,1.0732425754252197,1.0791390673267973,1.0673135081969902,0.5777071408563315,6.938893903907228e-18,True,2.1582612680672995,2.1582612680672995,2.211992727749805,2.1160392560137247,3.2474366212683985,0.8885345930169515,3.3229271748337744e-06,0.06524773139784491,0.022002463303888893,0.7247659120475873,600700,True,1.0732425754252197,1.0791390673267973,1.0673135081969902,2.1582612680672995,2.1160392560137247,2.1582612680672995,2.211992727749805
visual_cognitive_motivation,visual_cognitive_motivation__prefrontal__montage0,12,0,0.25,paired,12,visual_cognitive_motivation__s12__r0__a0.25__paired,visual_cognitive_motivation__s12__r0__a0.25__paired,completed,0.24999946598506698,True,stationary_feasible,15,7,3.317566817475375e-07,281.44245769833475,0.8475204291638746,0.7164339174192003,0.9608871930001018,0.575926027452933,3.469446951953614e-18,True,0.7729808586466842,0.7729808586466842,1.1030789603194342,1.0572928172589335,4.343967058888314,1.3734943569371263,6.458399155698609e-07,0.023463423005989022,0.010382178366838668,0.7481143609620631,599996,True,0.8475204291638746,0.7164339174192003,0.9608871930001018,0.7729808586466842,1.0572928172589335,0.7729808586466842,1.1030789603194342
visual_cognitive_motivation,visual_cognitive_motivation__prefrontal__montage0,12,1,0.25,paired,12,visual_cognitive_motivation__s12__r1__a0.25__paired,visual_cognitive_motivation__s12__r1__a0.25__paired,completed,0.24999857378651155,True,stationary_feasible,17,8,3.0137674159723374e-06,247.2776237045172,1.1867969417529156,1.194473945804851,1.1790699532689046,0.5297688917955711,1.3877787807814457e-17,True,1.8855053743859667,1.8855053743859667,1.041367266695895,2.0267651355188128,4.887336953944861,1.5747366481333829,2.2686792736668467e-06,0.08139190421651536,0.010027858763873913,0.8353456099284813,601272,True,1.1867969417529156,1.194473945804851,1.1790699532689046,1.8855053743859667,2.0267651355188128,1.8855053743859667,1.041367266695895
visual_cognitive_motivation,visual_cognitive_motivation__prefrontal__montage0,12,0,0.25,wrong_pair,12,visual_cognitive_motivation__s12__r0__a0.25__wrong_pair,visual_cognitive_motivation__s12__r0__a0.25__wrong_pair,completed,0.24999946598506698,True,stationary_feasible,15,7,1.5699838475894028e-06,296.1612777320021,0.8086119513360874,0.7026098627030603,0.9022449537234868,0.5811799062163078,6.938893903907228e-18,True,1.01460210130117,1.01460210130117,1.2920016704932162,1.0261984513982716,6.988832715054685,2.1720958245765845,3.6364225610266095e-07,0.01123803076586171,0.018590850789980125,0.7556343689793721,600580,True,0.8086119513360874,0.7026098627030603,0.9022449537234868,1.01460210130117,1.0261984513982716,1.01460210130117,1.2920016704932162
visual_cognitive_motivation,visual_cognitive_motivation__prefrontal__montage0,12,1,0.25,wrong_pair,12,visual_cognitive_motivation__s12__r1__a0.25__wrong_pair,visual_cognitive_motivation__s12__r1__a0.25__wrong_pair,completed,0.24999857378651155,True,stationary_feasible,17,8,5.705956355192569e-06,283.218158527682,0.8657873062157525,0.8426299015796358,0.8883412453401855,0.5683278933077425,6.938893903907228e-18,True,2.021731955999813,2.021731955999813,1.0417540558511051,2.0724971332433433,5.373814379294071,1.6655478115968936,2.7696558865575745e-06,0.07745195299144816,0.01493609620660356,0.8667985589709133,600808,True,0.8657873062157525,0.8426299015796358,0.8883412453401855,2.021731955999813,2.0724971332433433,2.021731955999813,1.0417540558511051
visual_cognitive_motivation,visual_cognitive_motivation__prefrontal__montage0,12,0,0.25,Hb_only,12,visual_cognitive_motivation__s12__r0__a0.25__Hb_only,visual_cognitive_motivation__s12__r0__a0.25__Hb_only,completed,0.24999946598506698,True,stationary_feasible,13,6,2.2305643577064306e-06,168.4719759618122,0.8981779625393105,0.9268389137935872,0.8685717774947892,0.5856908508255274,3.469446951953614e-18,True,0.9716744362377071,0.9716744362377071,3.773759711888409,0.9965582808420979,8.231799457843703,2.2918074247483085,2.557126180069735e-07,0.019746863524348113,0.018288250886207627,0.6451242750044912,600008,True,0.8981779625393105,0.9268389137935872,0.8685717774947892,0.9716744362377071,0.9965582808420979,0.9716744362377071,3.773759711888409
visual_cognitive_motivation,visual_cognitive_motivation__prefrontal__montage0,12,1,0.25,Hb_only,12,visual_cognitive_motivation__s12__r1__a0.25__Hb_only,visual_cognitive_motivation__s12__r1__a0.25__Hb_only,completed,0.24999857378651155,True,stationary_feasible,15,7,4.714073577401174e-06,172.45274042924754,1.205747712286369,1.2337246783656692,1.1771059890082753,0.5770886390173997,6.938893903907228e-18,True,2.2729530730018026,2.2729530730018026,1.9964652156364382,2.126842935607955,4.2297021491292615,1.2490375985867022,3.337378706738609e-06,0.06118662793960977,0.026560928670876924,0.7323428010568023,594128,True,1.205747712286369,1.2337246783656692,1.1771059890082753,2.2729530730018026,2.126842935607955,2.2729530730018026,1.9964652156364382
visual_cognitive_motivation,visual_cognitive_motivation__prefrontal__montage0,12,0,0.5,paired,12,visual_cognitive_motivation__s12__r0__a0.5__paired,visual_cognitive_motivation__s12__r0__a0.5__paired,completed,0.49999788280917706,True,stationary_feasible,15,7,5.488923750207719e-07,283.19870227434154,0.8524964579433023,0.7243794502350895,0.9637296476133037,0.5777439121939103,6.938893903907228e-18,True,0.770122862996602,0.770122862996602,1.0883470386249003,1.0571947304104703,4.165957917666703,1.3287572734567685,5.407302653143245e-07,0.02367020991662539,0.01031522027912024,0.7428362420760095,600008,True,0.8524964579433023,0.7243794502350895,0.9637296476133037,0.770122862996602,1.0571947304104703,0.770122862996602,1.0883470386249003
visual_cognitive_motivation,visual_cognitive_motivation__prefrontal__montage0,12,1,0.5,paired,12,visual_cognitive_motivation__s12__r1__a0.5__paired,visual_cognitive_motivation__s12__r1__a0.5__paired,completed,0.49999541643121226,True,stationary_feasible,15,7,9.557138086581136e-06,246.9658355573361,1.1946387841127823,1.2039873259310898,1.185216506808034,0.5288975098834919,1.3877787807814457e-17,True,1.8988015494461918,1.8988015494461918,1.043434975461341,2.0368959627342713,4.932934076644849,1.6067912814837433,2.2631831935997354e-06,0.08211404363410295,0.010136865824683717,0.7515435949899256,600740,True,1.1946387841127823,1.2039873259310898,1.185216506808034,1.8988015494461918,2.0368959627342713,1.8988015494461918,1.043434975461341
visual_cognitive_motivation,visual_cognitive_motivation__prefrontal__montage0,12,0,0.5,wrong_pair,12,visual_cognitive_motivation__s12__r0__a0.5__wrong_pair,visual_cognitive_motivation__s12__r0__a0.5__wrong_pair,completed,0.49999788280917706,True,stationary_feasible,15,7,7.691065790579922e-06,368.3739332634734,1.2815671572168201,1.2992942545378245,1.263591388479125,0.644512986514611,6.938893903907228e-18,True,1.637890045543677,1.6378900455436771,1.7284302651412227,1.026420219255884,11.352626482003345,3.5065451306180173,3.4843632176367475e-07,0.018513681047312304,0.03294765952315991,0.7457289639860392,598864,True,1.2815671572168201,1.2992942545378245,1.263591388479125,1.637890045543677,1.026420219255884,1.6378900455436771,1.7284302651412227
visual_cognitive_motivation,visual_cognitive_motivation__prefrontal__montage0,12,1,0.5,wrong_pair,12,visual_cognitive_motivation__s12__r1__a0.5__wrong_pair,visual_cognitive_motivation__s12__r1__a0.5__wrong_pair,completed,0.49999541643121226,True,stationary_feasible,19,9,1.80173392290166e-06,387.7655900627952,1.0111514231045287,1.0347953629181448,0.9869412129279699,0.6693529302390414,1.3877787807814457e-17,True,2.1300408336996646,2.1300408336996646,1.357691592084792,2.041717026803407,7.763007939935225,2.4186436067347454,2.337743075524403e-06,0.07497269665612459,0.02185925168951569,0.9231021429877728,600000,True,1.0111514231045287,1.0347953629181448,0.9869412129279699,2.1300408336996646,2.041717026803407,2.1300408336996646,1.357691592084792
visual_cognitive_motivation,visual_cognitive_motivation__prefrontal__montage0,12,0,0.5,Hb_only,12,visual_cognitive_motivation__s12__r0__a0.5__Hb_only,visual_cognitive_motivation__s12__r0__a0.5__Hb_only,completed,0.49999788280917706,True,stationary_feasible,13,6,4.24386240946768e-06,168.50450273714839,0.9690680394524049,0.9998444060965173,0.9372816512520442,0.5855726549202903,3.469446951953614e-18,True,1.1426072909691234,1.1426072909691234,3.469734127689623,0.9953005951196404,8.59236311232401,2.4610382531553316,2.3681331098209733e-07,0.019463629327583318,0.022351044102888015,0.6406937789870426,600004,True,0.9690680394524049,0.9998444060965173,0.9372816512520442,1.1426072909691234,0.9953005951196404,1.1426072909691234,3.469734127689623
visual_cognitive_motivation,visual_cognitive_motivation__prefrontal__montage0,12,1,0.5,Hb_only,12,visual_cognitive_motivation__s12__r1__a0.5__Hb_only,visual_cognitive_motivation__s12__r1__a0.5__Hb_only,completed,0.49999541643121226,True,stationary_feasible,15,7,4.6732890342527e-06,172.52513754075906,1.3857403950071052,1.448111041215181,1.3204269374030433,0.5765473072096878,6.938893903907228e-18,True,2.4148935876209103,2.4148935876209103,1.8572232373146604,2.137086528527305,6.079027774944152,1.8860919045633362,3.3322787578585324e-06,0.05802979059759057,0.031505543996528176,0.7315331740537658,594132,True,1.3857403950071052,1.448111041215181,1.3204269374030433,2.4148935876209103,2.137086528527305,2.4148935876209103,1.8572232373146604
visual_cognitive_motivation,visual_cognitive_motivation__prefrontal__montage0,12,0,1.0,paired,12,visual_cognitive_motivation__s12__r0__a1__paired,visual_cognitive_motivation__s12__r0__a1__paired,completed,1.0000188975257567,True,stationary_feasible,13,6,4.954974938752306e-07,287.59688304554595,0.8589403835555082,0.7346688868313416,0.9673772747625221,0.581035528713656,6.938893903907228e-18,True,0.7657035569442895,0.7657035569442895,1.0531644559593942,1.0569429731546447,3.7581126499178032,1.2117065046082445,3.749407327010261e-07,0.02392187721815785,0.010210490599911474,0.6720577139640227,599148,True,0.8589403835555082,0.7346688868313416,0.9673772747625221,0.7657035569442895,1.0569429731546447,0.7657035569442895,1.0531644559593942
visual_cognitive_motivation,visual_cognitive_motivation__prefrontal__montage0,12,1,1.0,paired,12,visual_cognitive_motivation__s12__r1__a1__paired,visual_cognitive_motivation__s12__r1__a1__paired,completed,1.0000547254695855,True,stationary_feasible,15,7,5.886734245848468e-06,247.3570461124134,1.2087721398602447,1.221603594817489,1.195803006073165,0.5273076879456161,6.938893903907228e-18,True,1.9229282503270944,1.9229282503270944,1.0393600733907478,2.055053185472577,4.868665301438116,1.6174851825551926,2.199098967703843e-06,0.08341334034832915,0.010341222655689866,0.7405398710398003,600816,True,1.2087721398602447,1.221603594817489,1.195803006073165,1.9229282503270944,2.055053185472577,1.9229282503270944,1.0393600733907478
visual_cognitive_motivation,visual_cognitive_motivation__prefrontal__montage0,12,0,1.0,wrong_pair,12,visual_cognitive_motivation__s12__r0__a1__wrong_pair,visual_cognitive_motivation__s12__r0__a1__wrong_pair,completed,1.0000188975257567,True,stationary_feasible,23,11,2.5160118640476333e-06,652.1515433511022,2.5253815295258786,2.760528455336704,2.2659625739665876,0.8544203751374863,1.3877787807814457e-17,True,2.949142320164672,2.949142320164672,2.545635789295796,1.0247077813484566,18.193771000100327,5.555458008636834,3.818140386425863e-07,0.04893242914795911,0.06118738730594375,1.0968878699932247,600828,True,2.5253815295258786,2.760528455336704,2.2659625739665876,2.949142320164672,1.0247077813484566,2.949142320164672,2.545635789295796
visual_cognitive_motivation,visual_cognitive_motivation__prefrontal__montage0,12,1,1.0,wrong_pair,12,visual_cognitive_motivation__s12__r1__a1__wrong_pair,visual_cognitive_motivation__s12__r1__a1__wrong_pair,completed,1.0000547254695855,True,stationary_feasible,19,9,9.798229491256468e-06,770.702061977333,1.5585620044840391,1.7137698037668443,1.386082285919405,0.9503103419736442,1.3877787807814457e-17,True,2.508037735402987,2.508037735402987,2.2905050307840056,1.9857658543682053,14.574933978276844,4.6325544969940236,1.5854809209575887e-06,0.07492502768884578,0.03642555186936835,0.915647380053997,600004,True,1.5585620044840391,1.7137698037668443,1.386082285919405,2.508037735402987,1.9857658543682053,2.508037735402987,2.2905050307840056
visual_cognitive_motivation,visual_cognitive_motivation__prefrontal__montage0,12,0,1.0,Hb_only,12,visual_cognitive_motivation__s12__r0__a1__Hb_only,visual_cognitive_motivation__s12__r0__a1__Hb_only,completed,1.0000188975257567,True,stationary_feasible,15,7,2.71506481061901e-06,169.0768936506463,1.333098293920931,1.424750586205721,1.2346610423983775,0.585547139961806,6.938893903907228e-18,True,1.604170709195057,1.604170709195057,2.9916914856532473,0.9935845526616892,10.28559520201899,3.13431304021091,2.0199092999977443e-07,0.02699623155897493,0.032572083955929684,0.7363195910584182,600512,True,1.333098293920931,1.424750586205721,1.2346610423983775,1.604170709195057,0.9935845526616892,1.604170709195057,2.9916914856532473
visual_cognitive_motivation,visual_cognitive_motivation__prefrontal__montage0,12,1,1.0,Hb_only,12,visual_cognitive_motivation__s12__r1__a1__Hb_only,visual_cognitive_motivation__s12__r1__a1__Hb_only,completed,1.0000547254695855,True,stationary_feasible,15,7,4.669374869955851e-06,173.27274922783536,1.8136777622056715,1.9567019746382008,1.6583640832717375,0.5757040919780541,1.3877787807814457e-17,True,2.751614683259069,2.751614683259069,1.8547892002514623,2.1555532186116904,10.31564507255635,3.3542576742234287,3.2587170370132227e-06,0.05480420777299887,0.041683636049559554,0.7269619669532403,600012,True,1.8136777622056715,1.9567019746382008,1.6583640832717375,2.751614683259069,2.1555532186116904,2.751614683259069,1.8547892002514623
visual_cognitive_motivation,visual_cognitive_motivation__prefrontal__montage0,13,0,0.0,paired,13,visual_cognitive_motivation__s13__r0__a0__paired,visual_cognitive_motivation__s13__r0__a0__paired,completed,0.0,True,stationary_feasible,13,6,3.254314936888179e-06,157.61769177376553,0.7026377540029479,0.6625083175927271,0.7405959463979453,0.43125269856454646,6.938893903907228e-18,True,0.32100844001495155,0.32100844001495155,0.5798076619618219,0.6208179670002437,1.8395897414033235,0.5727164162702162,1.2605020901345134e-07,0.006860012408123143,0.005640985500000904,0.6440057710278779,600540,True,0.7026377540029479,0.6625083175927271,0.7405959463979453,0.32100844001495155,0.6208179670002437,0.32100844001495155,0.5798076619618219
visual_cognitive_motivation,visual_cognitive_motivation__prefrontal__montage0,13,1,0.0,paired,13,visual_cognitive_motivation__s13__r1__a0__paired,visual_cognitive_motivation__s13__r1__a0__paired,completed,0.0,True,stationary_feasible,11,5,1.8599293062481963e-06,118.12141961264658,0.7907848944755205,0.9076699097729759,0.6533122022081312,0.36819000500709165,3.469446951953614e-18,True,0.9124397265383417,0.9124397265383417,0.969364155589207,0.6121383029796189,3.428722897868691,1.0726008457345095,3.005100132197702e-08,0.025202983101132826,0.018807697286015695,0.5486855889903381,600700,True,0.7907848944755205,0.9076699097729759,0.6533122022081312,0.9124397265383417,0.6121383029796189,0.9124397265383417,0.969364155589207
visual_cognitive_motivation,visual_cognitive_motivation__prefrontal__montage0,13,0,0.0,wrong_pair,13,visual_cognitive_motivation__s13__r0__a0__wrong_pair,visual_cognitive_motivation__s13__r0__a0__wrong_pair,completed,0.0,True,stationary_feasible,11,5,1.951972245569117e-06,168.78597860730432,0.8541868321911299,0.8399109094051211,0.8682280534742569,0.4464625981936813,3.469446951953614e-18,True,0.4652556299533385,0.4652556299533385,0.8779969184462796,0.6207331537181913,3.245845409285523,0.9939797387757158,1.371341292857218e-07,0.010345959173845893,0.008787093775434197,0.5460376720875502,600820,True,0.8541868321911299,0.8399109094051211,0.8682280534742569,0.4652556299533385,0.6207331537181913,0.4652556299533385,0.8779969184462796
visual_cognitive_motivation,visual_cognitive_motivation__prefrontal__montage0,13,1,0.0,wrong_pair,13,visual_cognitive_motivation__s13__r1__a0__wrong_pair,visual_cognitive_motivation__s13__r1__a0__wrong_pair,completed,0.0,True,stationary_feasible,11,5,9.677906237129033e-06,117.48873718572386,0.5274795242814669,0.5131456509550253,0.5414340569066085,0.3704498368248954,3.469446951953614e-18,True,0.36856083652535176,0.36856083652535176,0.6660839849466611,0.6143996248143909,2.137036920349957,0.6404508275200325,1.4223692453609255e-07,0.015021246446761479,0.006403492156355917,0.5510540060931817,599996,True,0.5274795242814669,0.5131456509550253,0.5414340569066085,0.36856083652535176,0.6143996248143909,0.36856083652535176,0.6660839849466611
visual_cognitive_motivation,visual_cognitive_motivation__prefrontal__montage0,13,0,0.0,Hb_only,13,visual_cognitive_motivation__s13__r0__a0__Hb_only,visual_cognitive_motivation__s13__r0__a0__Hb_only,completed,0.0,True,stationary_feasible,7,3,8.858680735531697e-06,101.13034985659415,0.5911056239140757,0.5696149405703776,0.6118419213528136,0.45575240737387507,3.469446951953614e-18,True,0.38289996689006733,0.38289996689006733,2.396866938548916,0.6339422501611747,2.51540900499659,0.666738552126164,2.0228246432930926e-07,0.017488042749516798,0.004826320101312563,0.3663835710613057,599984,True,0.5911056239140757,0.5696149405703776,0.6118419213528136,0.38289996689006733,0.6339422501611747,0.38289996689006733,2.396866938548916
visual_cognitive_motivation,visual_cognitive_motivation__prefrontal__montage0,13,1,0.0,Hb_only,13,visual_cognitive_motivation__s13__r1__a0__Hb_only,visual_cognitive_motivation__s13__r1__a0__Hb_only,completed,0.0,True,stationary_feasible,7,3,3.6107448651295164e-06,64.22008195222168,0.5354369300561381,0.5728633181355832,0.4951898937484217,0.36381364351688944,3.469446951953614e-18,True,0.5891952731088134,0.5891952731088134,1.169813822684796,0.6117238151442769,1.4785041256763096,0.41197779292346853,6.59313970917524e-08,0.020014004948004274,0.011689629728066408,0.3575692690210417,600008,True,0.5354369300561381,0.5728633181355832,0.4951898937484217,0.5891952731088134,0.6117238151442769,0.5891952731088134,1.169813822684796
visual_cognitive_motivation,visual_cognitive_motivation__prefrontal__montage0,13,0,0.25,paired,13,visual_cognitive_motivation__s13__r0__a0.25__paired,visual_cognitive_motivation__s13__r0__a0.25__paired,completed,0.25000597228966087,True,stationary_feasible,11,5,6.720223153731007e-06,158.08064550169266,0.7017468463016054,0.6602127544212327,0.7409564032303297,0.4318177709440291,3.469446951953614e-18,True,0.3234904847611682,0.3234904847611682,0.6166752857817457,0.6215239845973929,2.3367958588223225,0.7216393905219425,1.2056895075786407e-07,0.007082847796606419,0.005582095935969089,0.5734325400553644,601276,True,0.7017468463016054,0.6602127544212327,0.7409564032303297,0.3234904847611682,0.6215239845973929,0.3234904847611682,0.6166752857817457
visual_cognitive_motivation,visual_cognitive_motivation__prefrontal__montage0,13,1,0.25,paired,13,visual_cognitive_motivation__s13__r1__a0.25__paired,visual_cognitive_motivation__s13__r1__a0.25__paired,completed,0.24999975187269452,True,stationary_feasible,11,5,2.3929971271249302e-06,118.38613065241954,0.7890265737662497,0.9047199451319142,0.6531521178861172,0.36838609589006127,3.469446951953614e-18,True,0.9099088015872008,0.9099088015872008,0.9781770162146942,0.6123777760323191,3.5929965986040964,1.1270487287521953,2.7418916181504776e-08,0.024992364903300868,0.018766181036543966,0.5744536980055273,600580,True,0.7890265737662497,0.9047199451319142,0.6531521178861172,0.9099088015872008,0.6123777760323191,0.9099088015872008,0.9781770162146942
visual_cognitive_motivation,visual_cognitive_motivation__prefrontal__montage0,13,0,0.25,wrong_pair,13,visual_cognitive_motivation__s13__r0__a0.25__wrong_pair,visual_cognitive_motivation__s13__r0__a0.25__wrong_pair,completed,0.25000597228966087,True,stationary_feasible,11,5,2.5908938277994943e-06,190.9167649945649,1.017476184060029,1.0079374830986405,1.0269262877263854,0.4745153489349332,3.469446951953614e-18,True,0.6490594829949347,0.6490594829949347,0.9713852817928778,0.6223097029796127,4.591263065113915,1.4027056767348391,1.2534254628834802e-07,0.010518556371034288,0.01303714977241885,0.5711903289193287,594128,True,1.017476184060029,1.0079374830986405,1.0269262877263854,0.6490594829949347,0.6223097029796127,0.6490594829949347,0.9713852817928778
visual_cognitive_motivation,visual_cognitive_motivation__prefrontal__montage0,13,1,0.25,wrong_pair,13,visual_cognitive_motivation__s13__r1__a0.25__wrong_pair,visual_cognitive_motivation__s13__r1__a0.25__wrong_pair,completed,0.24999975187269452,True,stationary_feasible,15,7,9.559521719871458e-07,138.91500524725967,0.6236174949488524,0.6017765420469013,0.6447189724636914,0.4026362081168504,3.469446951953614e-18,True,0.28870580084550035,0.28870580084550035,0.7092623319819724,0.6136070943095806,2.9170692827507043,0.896874723455868,1.1668400643733311e-07,0.010307114229311463,0.004960028155673382,0.7795716939726844,600808,True,0.6236174949488524,0.6017765420469013,0.6447189724636914,0.28870580084550035,0.6136070943095806,0.28870580084550035,0.7092623319819724
visual_cognitive_motivation,visual_cognitive_motivation__prefrontal__montage0,13,0,0.25,Hb_only,13,visual_cognitive_motivation__s13__r0__a0.25__Hb_only,visual_cognitive_motivation__s13__r0__a0.25__Hb_only,completed,0.25000597228966087,True,stationary_feasible,7,3,5.2163006048552555e-06,101.24500607457115,0.6441222987229762,0.6806010179211007,0.6054496889330305,0.4557451741173716,6.938893903907228e-18,True,0.5416113437911915,0.5416113437911915,2.647253299051028,0.6352366065644983,3.452818044045774,0.9713411506837558,1.873284511444223e-07,0.022577036319680978,0.009016301427185363,0.38558846001978964,600008,True,0.6441222987229762,0.6806010179211007,0.6054496889330305,0.5416113437911915,0.6352366065644983,0.5416113437911915,2.647253299051028
visual_cognitive_motivation,visual_cognitive_motivation__prefrontal__montage0,13,1,0.25,Hb_only,13,visual_cognitive_motivation__s13__r1__a0.25__Hb_only,visual_cognitive_motivation__s13__r1__a0.25__Hb_only,completed,0.24999975187269452,True,stationary_feasible,7,3,3.370846935731245e-06,64.21801516989993,0.5186201115708317,0.5423163572927462,0.49378802017081197,0.36373729198128046,1.734723475976807e-18,True,0.5637529989732308,0.5637529989732308,1.2182088320867202,0.6121949863326988,2.178266940012598,0.6605733889841102,6.172659910319268e-08,0.019189468484620956,0.011134576423373488,0.391408669995144,600004,True,0.5186201115708317,0.5423163572927462,0.49378802017081197,0.5637529989732308,0.6121949863326988,0.5637529989732308,1.2182088320867202
visual_cognitive_motivation,visual_cognitive_motivation__prefrontal__montage0,13,0,0.5,paired,13,visual_cognitive_motivation__s13__r0__a0.5__paired,visual_cognitive_motivation__s13__r0__a0.5__paired,completed,0.500014702287627,True,stationary_feasible,11,5,3.4353110762383855e-06,158.6545404316325,0.6996259000019278,0.6569663614491643,0.7398297100220165,0.4321979462788408,6.938893903907228e-18,True,0.3241260708722231,0.3241260708722231,0.6925894985805368,0.6223302260402901,3.31197993513411,1.0287614937453555,1.1381855254129562e-07,0.007332410357147089,0.005484026622957932,0.5789258310105652,598864,True,0.6996259000019278,0.6569663614491643,0.7398297100220165,0.3241260708722231,0.6223302260402901,0.3241260708722231,0.6925894985805368
visual_cognitive_motivation,visual_cognitive_motivation__prefrontal__montage0,13,1,0.5,paired,13,visual_cognitive_motivation__s13__r1__a0.5__paired,visual_cognitive_motivation__s13__r1__a0.5__paired,completed,0.4999984005638189,True,stationary_feasible,11,5,5.037770951666501e-06,118.78055794506379,0.7877289214570936,0.9022825766543676,0.6533910462088282,0.36851762690451756,3.469446951953614e-18,True,0.9081004868643092,0.9081004868643092,0.9876093850891526,0.6126039369869757,3.7590047295980593,1.182799635751658,2.513384585335676e-08,0.024813824656884247,0.018738430328669214,0.588882819050923,600740,True,0.7877289214570936,0.9022825766543676,0.6533910462088282,0.9081004868643092,0.6126039369869757,0.9081004868643092,0.9876093850891526
visual_cognitive_motivation,visual_cognitive_motivation__prefrontal__montage0,13,0,0.5,wrong_pair,13,visual_cognitive_motivation__s13__r0__a0.5__wrong_pair,visual_cognitive_motivation__s13__r0__a0.5__wrong_pair,completed,0.500014702287627,True,stationary_feasible,15,7,9.797085900479128e-07,235.7014078036808,1.221735092940814,1.238482212777594,1.2047551964111687,0.5267459084810301,3.469446951953614e-18,True,0.8826225188386972,0.8826225188386972,1.1804451792225639,0.6238072530708975,6.88119337806266,2.113287636366267,1.1672052942869324e-07,0.014739453140501374,0.0181419910125165,0.7361529619665816,599148,True,1.221735092940814,1.238482212777594,1.2047551964111687,0.8826225188386972,0.6238072530708975,0.8826225188386972,1.1804451792225639
visual_cognitive_motivation,visual_cognitive_motivation__prefrontal__montage0,13,1,0.5,wrong_pair,13,visual_cognitive_motivation__s13__r1__a0.5__wrong_pair,visual_cognitive_motivation__s13__r1__a0.5__wrong_pair,completed,0.4999984005638189,True,stationary_feasible,15,7,3.860508605652085e-06,174.37343542007432,0.7990654295793786,0.8061153910394381,0.7919527118629544,0.45107549311347617,3.469446951953614e-18,True,0.41928099839434263,0.41928099839434263,0.8177367972768864,0.6142307335431305,4.400439058152957,1.3795291700202523,9.020614323680625e-08,0.01047404753659725,0.008249813683039833,0.7588969300268218,599984,True,0.7990654295793786,0.8061153910394381,0.7919527118629544,0.41928099839434263,0.6142307335431305,0.41928099839434263,0.8177367972768864
visual_cognitive_motivation,visual_cognitive_motivation__prefrontal__montage0,13,0,0.5,Hb_only,13,visual_cognitive_motivation__s13__r0__a0.5__Hb_only,visual_cognitive_motivation__s13__r0__a0.5__Hb_only,completed,0.500014702287627,True,stationary_feasible,7,3,7.579213699704114e-06,101.47787738488105,0.7869056631317615,0.886335315029453,0.6729418657427363,0.45572228088016115,3.469446951953614e-18,True,0.7608607759931957,0.7608607759931956,2.921242095059051,0.6365988253344321,4.943497249869398,1.4445379620178196,1.72620362995727e-07,0.028515716022663798,0.014044606734606502,0.3854870990617201,600008,True,0.7869056631317615,0.886335315029453,0.6729418657427363,0.7608607759931957,0.6365988253344321,0.7608607759931956,2.921242095059051
visual_cognitive_motivation,visual_cognitive_motivation__prefrontal__montage0,13,1,0.5,Hb_only,13,visual_cognitive_motivation__s13__r1__a0.5__Hb_only,visual_cognitive_motivation__s13__r1__a0.5__Hb_only,completed,0.4999984005638189,True,stationary_feasible,7,3,4.739170204785044e-06,64.26536638345092,0.5601429535029896,0.5828524760287109,0.536472970339891,0.3636808114706393,1.734723475976807e-18,True,0.5929960125304514,0.5929960125304514,1.2948883689784545,0.6127744339348132,3.4216367481749534,1.0733740164677374,5.780926989838067e-08,0.01948562014385006,0.011730880301992477,0.4139576649758965,594132,True,0.5601429535029896,0.5828524760287109,0.536472970339891,0.5929960125304514,0.6127744339348132,0.5929960125304514,1.2948883689784545
visual_cognitive_motivation,visual_cognitive_motivation__prefrontal__montage0,13,0,1.0,paired,13,visual_cognitive_motivation__s13__r0__a1__paired,visual_cognitive_motivation__s13__r0__a1__paired,completed,0.9999913041837305,True,stationary_feasible,9,4,1.1235544959426921e-06,160.34283036258986,0.6935157679086279,0.6494694056841713,0.7349270247827584,0.4327521318719664,3.469446951953614e-18,True,0.3216299626579551,0.32162996265795507,0.8704203489688309,0.6239896999475768,5.210983732185199,1.6259114195379616,1.006691983763675e-07,0.007849209101374516,0.0052342719639274496,0.4890986729878932,600816,True,0.6935157679086279,0.6494694056841713,0.7349270247827584,0.3216299626579551,0.6239896999475768,0.32162996265795507,0.8704203489688309
visual_cognitive_motivation,visual_cognitive_motivation__prefrontal__montage0,13,1,1.0,paired,13,visual_cognitive_motivation__s13__r1__a1__paired,visual_cognitive_motivation__s13__r1__a1__paired,completed,0.9999936738428972,True,stationary_feasible,13,6,3.979358983089349e-06,119.95509816049189,0.7862313000252846,0.8986453727643298,0.6547944778998652,0.3686306912566058,3.469446951953614e-18,True,0.9062255713743887,0.9062255713743887,1.0062794930538574,0.6129983109770175,4.065037471609678,1.2881255130232308,2.1524001607613108e-08,0.024543878037579295,0.018715269359392668,0.6784537300700322,600700,True,0.7862313000252846,0.8986453727643298,0.6547944778998652,0.9062255713743887,0.6129983109770175,0.9062255713743887,1.0062794930538574
visual_cognitive_motivation,visual_cognitive_motivation__prefrontal__montage0,13,0,1.0,wrong_pair,13,visual_cognitive_motivation__s13__r0__a1__wrong_pair,visual_cognitive_motivation__s13__r0__a1__wrong_pair,completed,0.9999913041837305,True,stationary_feasible,13,6,4.8698997625905475e-06,395.34940504711074,1.702011508326579,1.7974155158991838,1.6009321697552035,0.6814009924885042,6.938893903907228e-18,True,1.4074366614809366,1.4074366614809368,1.5866261817317546,0.6265305496844051,10.187101231699721,3.1187838145252265,1.0485002201983976e-07,0.028033372621162313,0.029271622753836497,0.6663514249958098,599136,True,1.702011508326579,1.7974155158991838,1.6009321697552035,1.4074366614809366,0.6265305496844051,1.4074366614809368,1.5866261817317546
visual_cognitive_motivation,visual_cognitive_motivation__prefrontal__montage0,13,1,1.0,wrong_pair,13,visual_cognitive_motivation__s13__r1__a1__wrong_pair,visual_cognitive_motivation__s13__r1__a1__wrong_pair,completed,0.9999936738428972,True,stationary_feasible,19,9,3.3073171102803426e-06,284.8148677645125,1.2412154033971492,1.3312572394858369,1.1441090496876791,0.5767269059577106,3.469446951953614e-18,True,0.8829558958781903,0.8829558958781903,1.1691537783743962,0.6188351122905983,8.12080028274755,2.583431470621868,4.003549482345112e-08,0.02150257771057601,0.01813082894504919,0.9093871420482174,600820,True,1.2412154033971492,1.3312572394858369,1.1441090496876791,0.8829558958781903,0.6188351122905983,0.8829558958781903,1.1691537783743962
visual_cognitive_motivation,visual_cognitive_motivation__prefrontal__montage0,13,0,1.0,Hb_only,13,visual_cognitive_motivation__s13__r0__a1__Hb_only,visual_cognitive_motivation__s13__r0__a1__Hb_only,completed,0.9999913041837305,True,stationary_feasible,9,4,2.9786323196578297e-06,102.32542365202539,1.204356803037654,1.4102463646449992,0.9550684839589885,0.4556334140078091,3.469446951953614e-18,True,1.2537951118495179,1.2537951118495179,3.514791217644895,0.6395371015260364,8.378223941068633,2.5007679506946396,1.4452165294666367e-07,0.041486663512585405,0.024609771261635854,0.46743064606562257,599996,True,1.204356803037654,1.4102463646449992,0.9550684839589885,1.2537951118495179,0.6395371015260364,1.2537951118495179,3.514791217644895
visual_cognitive_motivation,visual_cognitive_motivation__prefrontal__montage0,13,1,1.0,Hb_only,13,visual_cognitive_motivation__s13__r1__a1__Hb_only,visual_cognitive_motivation__s13__r1__a1__Hb_only,completed,0.9999936738428972,True,stationary_feasible,9,4,3.5245848758150213e-07,64.50073571504174,0.7689134068830721,0.8180101354424143,0.716460098597646,0.3636258243398423,1.734723475976807e-18,True,0.7803479907614824,0.7803479907614824,1.5105304342699433,0.614246748216608,6.178893295709124,1.9831382121625245,5.074781597968252e-08,0.023083561671272283,0.015614792480404463,0.4721517500001937,600540,True,0.7689134068830721,0.8180101354424143,0.716460098597646,0.7803479907614824,0.614246748216608,0.7803479907614824,1.5105304342699433
visual_cognitive_motivation,visual_cognitive_motivation__prefrontal__montage0,14,0,0.0,paired,14,visual_cognitive_motivation__s14__r0__a0__paired,visual_cognitive_motivation__s14__r0__a0__paired,completed,0.0,True,stationary_feasible,19,9,7.738924096398667e-06,383.95136184119644,0.8955786903538496,0.8322406453942328,0.9547239859695702,0.6580837611271056,6.938893903907228e-18,True,0.9969382900316633,0.9969382900316633,2.3787234959347296,1.1493493021559007,17.648546931438865,5.9391921935171705,2.2375611743681806e-06,0.017385775645454002,0.01651186954398733,0.8883961000246927,600000,True,0.8955786903538496,0.8322406453942328,0.9547239859695702,0.9969382900316633,1.1493493021559007,0.9969382900316633,2.3787234959347296
visual_cognitive_motivation,visual_cognitive_motivation__prefrontal__montage0,14,1,0.0,paired,14,visual_cognitive_motivation__s14__r1__a0__paired,visual_cognitive_motivation__s14__r1__a0__paired,completed,0.0,True,stationary_feasible,19,9,4.8964018720919635e-06,264.15593929675646,0.9467506479274844,1.0139207923022346,0.8744359356976541,0.5499755648891539,3.469446951953614e-18,True,1.0511655974765897,1.0511655974765897,1.8193775077721221,0.7592375092917509,11.361740688755045,3.7586499836853053,4.848680593405897e-07,0.016538219403403418,0.02107371401799496,0.8960811770521104,600512,True,0.9467506479274844,1.0139207923022346,0.8744359356976541,1.0511655974765897,0.7592375092917509,1.0511655974765897,1.8193775077721221
visual_cognitive_motivation,visual_cognitive_motivation__prefrontal__montage0,14,0,0.0,wrong_pair,14,visual_cognitive_motivation__s14__r0__a0__wrong_pair,visual_cognitive_motivation__s14__r0__a0__wrong_pair,completed,0.0,True,stationary_feasible,23,11,2.7675034956502556e-06,455.7244909680577,0.9317897367924948,0.8522923298347633,1.0050184136066784,0.7178447600119413,6.938893903907228e-18,True,0.8929831327152659,0.8929831327152659,2.465675604154964,1.136684687850908,17.907692732692183,6.04514745723521,2.7102549364388454e-06,0.02215753326749404,0.013793110941378759,1.103632676997222,600012,True,0.9317897367924948,0.8522923298347633,1.0050184136066784,0.8929831327152659,1.136684687850908,0.8929831327152659,2.465675604154964
visual_cognitive_motivation,visual_cognitive_motivation__prefrontal__montage0,14,1,0.0,wrong_pair,14,visual_cognitive_motivation__s14__r1__a0__wrong_pair,visual_cognitive_motivation__s14__r1__a0__wrong_pair,completed,0.0,True,stationary_feasible,19,9,3.7509489253553764e-06,233.32803430496404,0.679813445009184,0.6908638665391041,0.6685804049934071,0.5099354666340513,6.938893903907228e-18,True,0.8151837321294928,0.8151837321294928,1.593209154891503,0.7553112005330198,11.349837634574863,3.750552781766226,5.950259914417618e-07,0.005139888651276549,0.016101351557830105,0.9198368699289858,600008,True,0.679813445009184,0.6908638665391041,0.6685804049934071,0.8151837321294928,0.7553112005330198,0.8151837321294928,1.593209154891503
visual_cognitive_motivation,visual_cognitive_motivation__prefrontal__montage0,14,0,0.0,Hb_only,14,visual_cognitive_motivation__s14__r0__a0__Hb_only,visual_cognitive_motivation__s14__r0__a0__Hb_only,completed,0.0,True,stationary_feasible,15,7,3.8301158275303425e-06,203.82850981162474,0.8749065677754166,0.7540474672675408,0.9809869631042639,0.6440984819936798,6.938893903907228e-18,True,0.7164200320821168,0.7164200320821168,2.40019746630052,1.1167898575776658,4.7846000545847005,1.4352517909777884,4.78730815132584e-07,0.02601166741055959,0.009332997861726493,0.707895913044922,600004,True,0.8749065677754166,0.7540474672675408,0.9809869631042639,0.7164200320821168,1.1167898575776658,0.7164200320821168,2.40019746630052
visual_cognitive_motivation,visual_cognitive_motivation__prefrontal__montage0,14,1,0.0,Hb_only,14,visual_cognitive_motivation__s14__r1__a0__Hb_only,visual_cognitive_motivation__s14__r1__a0__Hb_only,completed,0.0,True,stationary_feasible,11,5,1.328752303716148e-06,71.06107587423227,0.6060610197648446,0.5663302189733674,0.6433428342916275,0.3777006673593903,3.469446951953614e-18,True,0.6108188217891017,0.6108188217891017,0.5313459448697205,0.7648175985744705,2.1224608041679374,0.6514638082433207,2.265609603451619e-07,0.006883071754313236,0.011113077036386676,0.5354840609943494,601276,True,0.6060610197648446,0.5663302189733674,0.6433428342916275,0.6108188217891017,0.7648175985744705,0.6108188217891017,0.5313459448697205
visual_cognitive_motivation,visual_cognitive_motivation__prefrontal__montage0,14,0,0.25,paired,14,visual_cognitive_motivation__s14__r0__a0.25__paired,visual_cognitive_motivation__s14__r0__a0.25__paired,completed,0.25000391198087657,True,stationary_feasible,19,9,7.407736494547848e-06,385.0725288652689,0.8954071189541606,0.8293892216556948,0.9568810460809333,0.6591138868405457,6.938893903907228e-18,True,1.0162615282415155,1.0162615282415155,2.469071367095514,1.1550450087859052,18.391266470538962,6.20894179705061,2.144394227229603e-06,0.017260665654182904,0.016852491684449588,0.9287966769188643,600004,True,0.8954071189541606,0.8293892216556948,0.9568810460809333,1.0162615282415155,1.1550450087859052,1.0162615282415155,2.469071367095514
visual_cognitive_motivation,visual_cognitive_motivation__prefrontal__montage0,14,1,0.25,paired,14,visual_cognitive_motivation__s14__r1__a0.25__paired,visual_cognitive_motivation__s14__r1__a0.25__paired,completed,0.24999982341158755,True,stationary_feasible,19,9,5.2489230160020425e-06,263.6901457323343,0.9503305637602232,1.0162772810493468,0.8794525847688403,0.5484126280331768,6.938893903907228e-18,True,1.0520705788834719,1.0520705788834719,1.8787766052324577,0.7608397361892562,11.928329654948854,3.9558387713876804,5.161685058495895e-07,0.016487907092479697,0.021060096133598164,0.9545102929696441,600580,True,0.9503305637602232,1.0162772810493468,0.8794525847688403,1.0520705788834719,0.7608397361892562,1.0520705788834719,1.8787766052324577
visual_cognitive_motivation,visual_cognitive_motivation__prefrontal__montage0,14,0,0.25,wrong_pair,14,visual_cognitive_motivation__s14__r0__a0.25__wrong_pair,visual_cognitive_motivation__s14__r0__a0.25__wrong_pair,completed,0.25000391198087657,True,stationary_feasible,21,10,8.006914197133786e-06,440.5155784148995,1.1036340944124152,1.0528091264835302,1.1522193245610877,0.7060175519682333,6.938893903907228e-18,True,0.9277441879819288,0.9277441879819287,2.3669414558434467,1.1435420963109642,17.151885322344338,5.7716890342012785,2.6944857290527435e-06,0.03195120626494015,0.013794214743792868,1.0314773210557178,600004,True,1.1036340944124152,1.0528091264835302,1.1522193245610877,0.9277441879819288,1.1435420963109642,0.9277441879819287,2.3669414558434467
visual_cognitive_motivation,visual_cognitive_motivation__prefrontal__montage0,14,1,0.25,wrong_pair,14,visual_cognitive_motivation__s14__r1__a0.25__wrong_pair,visual_cognitive_motivation__s14__r1__a0.25__wrong_pair,completed,0.24999982341158755,True,stationary_feasible,19,9,3.54247282265481e-06,220.68967225865973,0.6085307208145534,0.6129445636616437,0.6040846283657589,0.49628080841886474,3.469446951953614e-18,True,0.763016910530234,0.763016910530234,1.544799058487808,0.7676326729975342,10.876483707730538,3.575356207412723,6.548995717625607e-07,0.008457651632909945,0.014545267354551082,0.9343438599025831,594128,True,0.6085307208145534,0.6129445636616437,0.6040846283657589,0.763016910530234,0.7676326729975342,0.763016910530234,1.544799058487808
visual_cognitive_motivation,visual_cognitive_motivation__prefrontal__montage0,14,0,0.25,Hb_only,14,visual_cognitive_motivation__s14__r0__a0.25__Hb_only,visual_cognitive_motivation__s14__r0__a0.25__Hb_only,completed,0.25000391198087657,True,stationary_feasible,15,7,3.520338222068595e-06,204.00324754036495,1.0030300241832129,0.9328553999243484,1.0686062238532665,0.6440051913491671,3.469446951953614e-18,True,0.7686031643506364,0.7686031643506365,2.6520995151124205,1.1210124692037666,5.470948506862594,1.6450994777841912,4.650219435369819e-07,0.030342667424806437,0.010439049023821943,0.7390562919899821,600008,True,1.0030300241832129,0.9328553999243484,1.0686062238532665,0.7686031643506364,1.1210124692037666,0.7686031643506365,2.6520995151124205
visual_cognitive_motivation,visual_cognitive_motivation__prefrontal__montage0,14,1,0.25,Hb_only,14,visual_cognitive_motivation__s14__r1__a0.25__Hb_only,visual_cognitive_motivation__s14__r1__a0.25__Hb_only,completed,0.24999982341158755,True,stationary_feasible,11,5,1.2596873205921537e-06,71.08682541985402,0.5683292873097843,0.5243685503405853,0.6091255872493027,0.37768085188897343,3.469446951953614e-18,True,0.6299373141914354,0.6299373141914354,0.5212203202589241,0.7653923847379257,2.9982674283717943,0.9370736652976783,2.2576489021336088e-07,0.010594895032219259,0.011510873987628081,0.5621347080450505,594132,True,0.5683292873097843,0.5243685503405853,0.6091255872493027,0.6299373141914354,0.7653923847379257,0.6299373141914354,0.5212203202589241
visual_cognitive_motivation,visual_cognitive_motivation__prefrontal__montage0,14,0,0.5,paired,14,visual_cognitive_motivation__s14__r0__a0.5__paired,visual_cognitive_motivation__s14__r0__a0.5__paired,completed,0.500008295505909,True,stationary_feasible,19,9,7.001610967893267e-06,387.0564497429148,0.8972405528644204,0.8279668593157204,0.9615363223944082,0.6608040493762488,6.938893903907228e-18,True,1.0376538614251152,1.0376538614251152,2.534998221041488,1.159866903140281,18.93694452545114,6.41067199284079,2.00811786764895e-06,0.01702827370782201,0.017270705861526407,0.9245707138907164,600828,True,0.8972405528644204,0.8279668593157204,0.9615363223944082,1.0376538614251152,1.159866903140281,1.0376538614251152,2.534998221041488
visual_cognitive_motivation,visual_cognitive_motivation__prefrontal__montage0,14,1,0.5,paired,14,visual_cognitive_motivation__s14__r1__a0.5__paired,visual_cognitive_motivation__s14__r1__a0.5__paired,completed,0.4999988063202331,True,stationary_feasible,19,9,5.503573837279989e-06,263.3765658199217,0.9545642058366407,1.0194228210685183,0.8849648343373745,0.5469673437777999,6.938893903907228e-18,True,1.0535643279400226,1.0535643279400224,1.9294070465131523,0.7621792213100109,12.402699329450863,4.122724541607871,5.423969712668674e-07,0.016450369845235246,0.02106239912475714,0.9352532430784777,598864,True,0.9545642058366407,1.0194228210685183,0.8849648343373745,1.0535643279400226,0.7621792213100109,1.0535643279400224,1.9294070465131523
visual_cognitive_motivation,visual_cognitive_motivation__prefrontal__montage0,14,0,0.5,wrong_pair,14,visual_cognitive_motivation__s14__r0__a0.5__wrong_pair,visual_cognitive_motivation__s14__r0__a0.5__wrong_pair,completed,0.500008295505909,True,stationary_feasible,21,10,7.189146402214678e-06,441.4845336647483,1.3974415502514272,1.4102774157286178,1.3844866858962697,0.7068602247199683,6.938893903907228e-18,True,1.1437056922521271,1.1437056922521271,2.296654054265798,1.1505899920279776,16.673924920892922,5.584215513087206,2.645500596947507e-06,0.04255881079490488,0.018787352908435955,1.0121142090065405,600740,True,1.3974415502514272,1.4102774157286178,1.3844866858962697,1.1437056922521271,1.1505899920279776,1.1437056922521271,2.296654054265798
visual_cognitive_motivation,visual_cognitive_motivation__prefrontal__montage0,14,1,0.5,wrong_pair,14,visual_cognitive_motivation__s14__r1__a0.5__wrong_pair,visual_cognitive_motivation__s14__r1__a0.5__wrong_pair,completed,0.4999988063202331,True,stationary_feasible,19,9,4.373729469314337e-06,218.8553879546756,0.6529764691565745,0.6827933215866038,0.6217313073515813,0.4952056439495331,3.469446951953614e-18,True,0.8055180029584341,0.805518002958434,1.535661813497358,0.7805376697630323,10.733800370691783,3.500994543664814,7.064669603975797e-07,0.015269489119311067,0.015025418465788325,0.9417463639983907,600816,True,0.6529764691565745,0.6827933215866038,0.6217313073515813,0.8055180029584341,0.7805376697630323,0.805518002958434,1.535661813497358
visual_cognitive_motivation,visual_cognitive_motivation__prefrontal__montage0,14,0,0.5,Hb_only,14,visual_cognitive_motivation__s14__r0__a0.5__Hb_only,visual_cognitive_motivation__s14__r0__a0.5__Hb_only,completed,0.500008295505909,True,stationary_feasible,15,7,3.193708967079128e-06,204.3737070217133,1.17607313833,1.1597459455137737,1.1921767466559285,0.6440263166226365,3.469446951953614e-18,True,0.8954919855743522,0.8954919855743522,2.907368331101571,1.1255479548064713,6.616096120094644,2.0107795754188804,4.5067785244737866e-07,0.03549130402432033,0.013671790199282241,0.7246674399357289,599996,True,1.17607313833,1.1597459455137737,1.1921767466559285,0.8954919855743522,1.1255479548064713,0.8954919855743522,2.907368331101571
visual_cognitive_motivation,visual_cognitive_motivation__prefrontal__montage0,14,1,0.5,Hb_only,14,visual_cognitive_motivation__s14__r1__a0.5__Hb_only,visual_cognitive_motivation__s14__r1__a0.5__Hb_only,completed,0.4999988063202331,True,stationary_feasible,11,5,1.1594300192209653e-06,71.15246191251293,0.6312107837547595,0.6183550041829338,0.6438099066172556,0.3776825773891002,6.938893903907228e-18,True,0.7340438818431468,0.7340438818431468,0.6295291437872211,0.7659891167949506,4.517202671671039,1.4295567480182843,2.2476392388501496e-07,0.015861287361583553,0.013853994068272781,0.552165973931551,600540,True,0.6312107837547595,0.6183550041829338,0.6438099066172556,0.7340438818431468,0.7659891167949506,0.7340438818431468,0.6295291437872211
visual_cognitive_motivation,visual_cognitive_motivation__prefrontal__montage0,14,0,1.0,paired,14,visual_cognitive_motivation__s14__r0__a1__paired,visual_cognitive_motivation__s14__r0__a1__paired,completed,1.0000013855186358,True,stationary_feasible,19,9,5.988976323034426e-06,393.70611661163315,0.9082030447838106,0.8316082008496417,0.9788224258714093,0.6660365974361295,6.938893903907228e-18,True,1.0848308245752418,1.0848308245752418,2.5951679232724167,1.1669207741988452,19.452066839562676,6.612649454652815,1.6483058932779946e-06,0.016338145853173832,0.018286129989956917,0.944042062968947,600808,True,0.9082030447838106,0.8316082008496417,0.9788224258714093,1.0848308245752418,1.1669207741988452,1.0848308245752418,2.5951679232724167
visual_cognitive_motivation,visual_cognitive_motivation__prefrontal__montage0,14,1,1.0,paired,14,visual_cognitive_motivation__s14__r1__a1__paired,visual_cognitive_motivation__s14__r1__a1__paired,completed,0.9999953190548606,True,stationary_feasible,19,9,5.73298022124163e-06,263.2750987249104,0.9646557334194444,1.0279834898054545,0.8968675000943067,0.5446027767299422,3.469446951953614e-18,True,1.0582726053980318,1.0582726053980318,2.001378239269868,0.7640706370164163,13.062392646945133,4.3611550030020805,5.761010556454983e-07,0.01642466272303355,0.02111597264048147,0.914392392965965,599148,True,0.9646557334194444,1.0279834898054545,0.8968675000943067,1.0582726053980318,0.7640706370164163,1.0582726053980318,2.001378239269868
visual_cognitive_motivation,visual_cognitive_motivation__prefrontal__montage0,14,0,1.0,wrong_pair,14,visual_cognitive_motivation__s14__r0__a1__wrong_pair,visual_cognitive_motivation__s14__r0__a1__wrong_pair,completed,1.0000013855186358,True,stationary_feasible,21,10,8.603156931371281e-06,491.6738304464021,2.1312192716596434,2.282965588098951,1.9678057046728303,0.7455673732353112,6.938893903907228e-18,True,1.8232151073492504,1.8232151073492506,2.261425508958247,1.1649534289025436,16.715117077238027,5.516456136647613,2.443709410252893e-06,0.06446827708175594,0.03396001520716356,1.0053065760293975,599984,True,2.1312192716596434,2.282965588098951,1.9678057046728303,1.8232151073492504,1.1649534289025436,1.8232151073492506,2.261425508958247
visual_cognitive_motivation,visual_cognitive_motivation__prefrontal__montage0,14,1,1.0,wrong_pair,14,visual_cognitive_motivation__s14__r1__a1__wrong_pair,visual_cognitive_motivation__s14__r1__a1__wrong_pair,completed,0.9999953190548606,True,stationary_feasible,21,10,2.817633245747382e-06,246.17893583310547,0.9906516309829605,1.1037048361166295,0.8629118973980853,0.5285517898074104,6.938893903907228e-18,True,1.1083421046158772,1.1083421046158772,1.6385790075600166,0.8078604622495146,11.495108679731954,3.694590422333451,7.865714974490189e-07,0.02994223215506401,0.02097841688118382,1.0110527959186584,599136,True,0.9906516309829605,1.1037048361166295,0.8629118973980853,1.1083421046158772,0.8078604622495146,1.1083421046158772,1.6385790075600166
visual_cognitive_motivation,visual_cognitive_motivation__prefrontal__montage0,14,0,1.0,Hb_only,14,visual_cognitive_motivation__s14__r0__a1__Hb_only,visual_cognitive_motivation__s14__r0__a1__Hb_only,completed,1.0000013855186358,True,stationary_feasible,15,7,2.4775723414023984e-06,205.67590480668852,1.5979130392480636,1.680792496154018,1.5104928820985262,0.6444125169287047,6.938893903907228e-18,True,1.2780119605486076,1.2780119605486076,3.4147239927418136,1.1353850892109656,9.589830007552132,2.9775175949992305,4.200692359318217e-07,0.04718574497254152,0.022677212449269225,0.7427016400033608,600700,True,1.5979130392480636,1.680792496154018,1.5104928820985262,1.2780119605486076,1.1353850892109656,1.2780119605486076,3.4147239927418136
visual_cognitive_motivation,visual_cognitive_motivation__prefrontal__montage0,14,1,1.0,Hb_only,14,visual_cognitive_motivation__s14__r1__a1__Hb_only,visual_cognitive_motivation__s14__r1__a1__Hb_only,completed,0.9999953190548606,True,stationary_feasible,11,5,8.720099501107349e-07,71.39647632261244,0.9540567654978578,1.0284728516338455,0.873322516048118,0.37774629094170337,3.469446951953614e-18,True,1.0859279172426157,1.0859279172426157,1.0206160807961762,0.7672442316059669,7.947906816154681,2.5550134903227817,2.2219018680411108e-07,0.027464433736525788,0.02150648548993365,0.5486870270688087,601276,True,0.9540567654978578,1.0284728516338455,0.873322516048118,1.0859279172426157,0.7672442316059669,1.0859279172426157,1.0206160807961762
visual_cognitive_motivation,visual_cognitive_motivation__prefrontal__montage0,15,0,0.0,paired,15,visual_cognitive_motivation__s15__r0__a0__paired,visual_cognitive_motivation__s15__r0__a0__paired,completed,0.0,True,stationary_feasible,11,5,2.6958383094289346e-06,162.56157839921687,1.013497409462238,1.153615673781264,0.8506026541103286,0.43622671606786956,3.469446951953614e-18,True,0.3821604834311838,0.3821604834311838,0.6827229105864602,0.8455617746842441,3.1562051501939954,0.9582636984530052,1.9670196506885516e-08,0.013697469219713711,0.007304993773740441,0.547878526034765,600004,True,1.013497409462238,1.153615673781264,0.8506026541103286,0.3821604834311838,0.8455617746842441,0.3821604834311838,0.6827229105864602
visual_cognitive_motivation,visual_cognitive_motivation__prefrontal__montage0,15,1,0.0,paired,15,visual_cognitive_motivation__s15__r1__a0__paired,visual_cognitive_motivation__s15__r1__a0__paired,completed,0.0,True,stationary_feasible,17,8,5.2965468532786176e-06,201.54412642054317,0.7290123226779586,0.8947460928675749,0.5121985577203758,0.4747499038911826,6.938893903907228e-18,True,1.9757689838170043,1.9757689838170045,0.9413556665773917,1.7132326529793442,3.6629732295409005,1.1093057036528682,2.5998479596808244e-06,0.0917269107990103,0.005750073104632345,0.8003850150853395,594132,True,0.7290123226779586,0.8947460928675749,0.5121985577203758,1.9757689838170043,1.7132326529793442,1.9757689838170045,0.9413556665773917
visual_cognitive_motivation,visual_cognitive_motivation__prefrontal__montage0,15,0,0.0,wrong_pair,15,visual_cognitive_motivation__s15__r0__a0__wrong_pair,visual_cognitive_motivation__s15__r0__a0__wrong_pair,completed,0.0,True,stationary_feasible,13,6,1.440031899493174e-06,202.5127456671555,1.235297285814502,1.40052044282895,1.044251529996271,0.48102876501680664,6.938893903907228e-18,True,0.7554917517794052,0.7554917517794052,1.2997590540826514,0.8464289107017408,4.851464434021243,1.455790639404522,1.117141846748869e-07,0.0201789948477591,0.015521111489971769,0.6367393819382414,600820,True,1.235297285814502,1.40052044282895,1.044251529996271,0.7554917517794052,0.8464289107017408,0.7554917517794052,1.2997590540826514
visual_cognitive_motivation,visual_cognitive_motivation__prefrontal__montage0,15,1,0.0,wrong_pair,15,visual_cognitive_motivation__s15__r1__a0__wrong_pair,visual_cognitive_motivation__s15__r1__a0__wrong_pair,completed,0.0,True,stationary_feasible,17,8,2.677002413563762e-06,157.87013583877163,0.7941313096468692,0.9374386799758914,0.6184640613713634,0.41850760355154937,6.938893903907228e-18,True,1.940654362233848,1.940654362233848,0.702553308697288,1.6849451464729086,3.0141972243235835,0.9150669546778528,2.7661864504508113e-06,0.08786271890800933,0.005060620328967295,0.7959160339087248,600000,True,0.7941313096468692,0.9374386799758914,0.6184640613713634,1.940654362233848,1.6849451464729086,1.940654362233848,0.702553308697288
visual_cognitive_motivation,visual_cognitive_motivation__prefrontal__montage0,15,0,0.0,Hb_only,15,visual_cognitive_motivation__s15__r0__a0__Hb_only,visual_cognitive_motivation__s15__r0__a0__Hb_only,completed,0.0,True,stationary_feasible,9,4,4.326696095872402e-06,116.62619287366357,0.9075696178128149,1.0145869298016696,0.7861161391482939,0.4910183481783096,6.938893903907228e-18,True,0.20093768443987914,0.20093768443987914,0.8850040168187896,0.8447374551790111,1.8048044144746311,0.5471730847956254,7.910394073100326e-08,0.005968460585618531,0.004011520590910221,0.4453408409608528,600512,True,0.9075696178128149,1.0145869298016696,0.7861161391482939,0.20093768443987914,0.8447374551790111,0.20093768443987914,0.8850040168187896
visual_cognitive_motivation,visual_cognitive_motivation__prefrontal__montage0,15,1,0.0,Hb_only,15,visual_cognitive_motivation__s15__r1__a0__Hb_only,visual_cognitive_motivation__s15__r1__a0__Hb_only,completed,0.0,True,stationary_feasible,17,8,2.4261795964269917e-06,119.51755964123136,1.1143277130971547,1.2006237514218108,1.020762025094237,0.4713077968432939,6.938893903907228e-18,True,2.0799564270445816,2.0799564270445816,7.756159064513793,1.7031907686073111,9.700883996715284,2.458402629601878,2.4978752693634583e-06,0.08237814060813486,0.015904377007309047,0.7734909610589966,600008,True,1.1143277130971547,1.2006237514218108,1.020762025094237,2.0799564270445816,1.7031907686073111,2.0799564270445816,7.756159064513793
visual_cognitive_motivation,visual_cognitive_motivation__prefrontal__montage0,15,0,0.25,paired,15,visual_cognitive_motivation__s15__r0__a0.25__paired,visual_cognitive_motivation__s15__r0__a0.25__paired,completed,0.2499996734095875,True,stationary_feasible,9,4,5.391740625132105e-06,163.3452048869943,1.007733280246442,1.1462011846035713,0.8469212316655416,0.437333018550485,3.469446951953614e-18,True,0.3719075589581708,0.3719075589581708,0.6197337643178655,0.845099599158805,2.3856572696954914,0.7087268087091837,4.53462690665314e-10,0.012993540707877902,0.007185438459393637,0.4841741709969938,600008,True,1.007733280246442,1.1462011846035713,0.8469212316655416,0.3719075589581708,0.845099599158805,0.3719075589581708,0.6197337643178655
visual_cognitive_motivation,visual_cognitive_motivation__prefrontal__montage0,15,1,0.25,paired,15,visual_cognitive_motivation__s15__r1__a0.25__paired,visual_cognitive_motivation__s15__r1__a0.25__paired,completed,0.2500217463087388,True,stationary_feasible,17,8,4.219852875965787e-06,201.85055053276153,0.7292110476336973,0.896157513782015,0.5102932632066645,0.47594439333583655,6.938893903907228e-18,True,1.956393549025023,1.956393549025023,0.882464545785023,1.6982433013783018,2.862867608355445,0.8475304134805354,2.1882212792852285e-06,0.09090782317740191,0.005746753180759492,0.81406941707246,600540,True,0.7292110476336973,0.896157513782015,0.5102932632066645,1.956393549025023,1.6982433013783018,1.956393549025023,0.882464545785023
visual_cognitive_motivation,visual_cognitive_motivation__prefrontal__montage0,15,0,0.25,wrong_pair,15,visual_cognitive_motivation__s15__r0__a0.25__wrong_pair,visual_cognitive_motivation__s15__r0__a0.25__wrong_pair,completed,0.2499996734095875,True,stationary_feasible,13,6,7.296500210720146e-06,230.0456903078921,1.335863855602721,1.5177806881813563,1.124902779797109,0.5115339734854395,3.469446951953614e-18,True,0.9042883735240178,0.9042883735240178,1.3614951889711575,0.8477004198769791,5.993407180163569,1.820538241283583,1.1259360729892068e-07,0.023693858214171755,0.018580461475439253,0.6381468040635809,600004,True,1.335863855602721,1.5177806881813563,1.124902779797109,0.9042883735240178,0.8477004198769791,0.9042883735240178,1.3614951889711575
visual_cognitive_motivation,visual_cognitive_motivation__prefrontal__montage0,15,1,0.25,wrong_pair,15,visual_cognitive_motivation__s15__r1__a0.25__wrong_pair,visual_cognitive_motivation__s15__r1__a0.25__wrong_pair,completed,0.2500217463087388,True,stationary_feasible,17,8,2.8946526559080323e-06,161.60711285571705,0.9946872787417355,1.1425545518427265,0.8205940903057639,0.4240427683161634,6.938893903907228e-18,True,1.9168499072056286,1.9168499072056286,0.8030057100040985,1.6509364135186622,4.14104357284655,1.2727017637924016,2.629887239361209e-06,0.08376981890357987,0.008920979563644769,0.7892055750126019,600580,True,0.9946872787417355,1.1425545518427265,0.8205940903057639,1.9168499072056286,1.6509364135186622,1.9168499072056286,0.8030057100040985
visual_cognitive_motivation,visual_cognitive_motivation__prefrontal__montage0,15,0,0.25,Hb_only,15,visual_cognitive_motivation__s15__r0__a0.25__Hb_only,visual_cognitive_motivation__s15__r0__a0.25__Hb_only,completed,0.2499996734095875,True,stationary_feasible,9,4,2.841656963356503e-06,116.70277065043037,1.0179711341133804,1.1364285791522928,0.88377629763536,0.4909796177221362,6.938893903907228e-18,True,0.37536414996585155,0.3753641499658515,0.7514894602901271,0.8446536451044028,2.6529002341909496,0.8083286231307617,7.050426091601037e-08,0.011026067567337462,0.007604653648196331,0.46699637291021645,594128,True,1.0179711341133804,1.1364285791522928,0.88377629763536,0.37536414996585155,0.8446536451044028,0.3753641499658515,0.7514894602901271
visual_cognitive_motivation,visual_cognitive_motivation__prefrontal__montage0,15,1,0.25,Hb_only,15,visual_cognitive_motivation__s15__r1__a0.25__Hb_only,visual_cognitive_motivation__s15__r1__a0.25__Hb_only,completed,0.2500217463087388,True,stationary_feasible,17,8,2.4334531671676584e-06,119.67068481082742,1.1931532964437526,1.2741683452164256,1.1062208665893183,0.47201297476366205,6.938893903907228e-18,True,2.085961390076439,2.0859613900764393,7.593517603815607,1.6945725402603569,9.802971010344514,2.5217846905515797,2.3945984143316353e-06,0.08043906288244713,0.017109726190310162,0.7838819940807298,599996,True,1.1931532964437526,1.2741683452164256,1.1062208665893183,2.085961390076439,1.6945725402603569,2.0859613900764393,7.593517603815607
visual_cognitive_motivation,visual_cognitive_motivation__prefrontal__montage0,15,0,0.5,paired,15,visual_cognitive_motivation__s15__r0__a0.5__paired,visual_cognitive_motivation__s15__r0__a0.5__paired,completed,0.5000424039134942,True,stationary_feasible,11,5,3.944079320442467e-06,164.12882183794986,1.005889229344963,1.1434171975063923,0.8462998262265188,0.43742480052464766,6.938893903907228e-18,True,0.36975667802407974,0.36975667802407974,0.6409330445814015,0.8449014724246573,2.8203585534757925,0.8767656232897476,6.184641521017573e-09,0.012648344092792838,0.007200855970384524,0.6038714089663699,600012,True,1.005889229344963,1.1434171975063923,0.8462998262265188,0.36975667802407974,0.8449014724246573,0.36975667802407974,0.6409330445814015
visual_cognitive_motivation,visual_cognitive_motivation__prefrontal__montage0,15,1,0.5,paired,15,visual_cognitive_motivation__s15__r1__a0.5__paired,visual_cognitive_motivation__s15__r1__a0.5__paired,completed,0.49999936862536587,True,stationary_feasible,17,8,3.1100810380927316e-06,202.1879292358529,0.7300073191312897,0.8973740116930837,0.5104324197270061,0.47670595678182864,6.938893903907228e-18,True,1.9366341400072604,1.9366341400072604,0.854812872350384,1.6831159924935108,2.579220208315063,0.7634404437398509,1.844055696979176e-06,0.09003464761639052,0.0057137197189892535,0.8059025249676779,601276,True,0.7300073191312897,0.8973740116930837,0.5104324197270061,1.9366341400072604,1.6831159924935108,1.9366341400072604,0.854812872350384
visual_cognitive_motivation,visual_cognitive_motivation__prefrontal__montage0,15,0,0.5,wrong_pair,15,visual_cognitive_motivation__s15__r0__a0.5__wrong_pair,visual_cognitive_motivation__s15__r0__a0.5__wrong_pair,completed,0.5000424039134942,True,stationary_feasible,11,5,3.9287141434622135e-06,324.09128500365637,1.507834317192882,1.7162897507725356,1.2654952183245092,0.6083859516807475,6.938893903907228e-18,True,1.1372981745614976,1.1372981745614976,1.5076201790131374,0.8491821450941062,7.707076625475281,2.3970817962228046,1.1878056709045865e-07,0.029565374670596653,0.023336249696559157,0.5441616659518331,600004,True,1.507834317192882,1.7162897507725356,1.2654952183245092,1.1372981745614976,0.8491821450941062,1.1372981745614976,1.5076201790131374
visual_cognitive_motivation,visual_cognitive_motivation__prefrontal__montage0,15,1,0.5,wrong_pair,15,visual_cognitive_motivation__s15__r1__a0.5__wrong_pair,visual_cognitive_motivation__s15__r1__a0.5__wrong_pair,completed,0.49999936862536587,True,stationary_feasible,17,8,3.927462579169024e-06,185.54897772401802,1.2711160410318716,1.445200476287325,1.069049841156139,0.456128388849555,6.938893903907228e-18,True,1.9672315984437891,1.9672315984437891,1.0779785686424168,1.619389710636194,6.71346094758785,2.0864892367489984,2.578503472952752e-06,0.08099792686238673,0.01564341677985892,0.7639024920063093,600828,True,1.2711160410318716,1.445200476287325,1.069049841156139,1.9672315984437891,1.619389710636194,1.9672315984437891,1.0779785686424168
visual_cognitive_motivation,visual_cognitive_motivation__prefrontal__montage0,15,0,0.5,Hb_only,15,visual_cognitive_motivation__s15__r0__a0.5__Hb_only,visual_cognitive_motivation__s15__r0__a0.5__Hb_only,completed,0.5000424039134942,True,stationary_feasible,9,4,3.1237362445271294e-06,117.03167889266692,1.1756073655135504,1.313942973085303,1.0186555939959179,0.4909750603032235,6.938893903907228e-18,True,0.6192717163529424,0.6192717163529424,0.8990504548937728,0.8446834390979725,4.511029051388641,1.4019617255593493,6.367709489182951e-08,0.017428061530847198,0.012596395806688624,0.45157816202845424,598864,True,1.1756073655135504,1.313942973085303,1.0186555939959179,0.6192717163529424,0.8446834390979725,0.6192717163529424,0.8990504548937728
visual_cognitive_motivation,visual_cognitive_motivation__prefrontal__montage0,15,1,0.5,Hb_only,15,visual_cognitive_motivation__s15__r1__a0.5__Hb_only,visual_cognitive_motivation__s15__r1__a0.5__Hb_only,completed,0.49999936862536587,True,stationary_feasible,17,8,2.4342579215102622e-06,119.8931504734732,1.3039953605043748,1.3883889994935918,1.213747826576448,0.4727220154983447,6.938893903907228e-18,True,2.1151066034949904,2.11510660349499,7.43702881765425,1.6861526785307266,10.257209064741629,2.7182735321776863,2.297040463590346e-06,0.07887417331721672,0.019301186606786612,0.7339147010352463,600816,True,1.3039953605043748,1.3883889994935918,1.213747826576448,2.1151066034949904,1.6861526785307266,2.11510660349499,7.43702881765425
visual_cognitive_motivation,visual_cognitive_motivation__prefrontal__montage0,15,0,1.0,paired,15,visual_cognitive_motivation__s15__r0__a1__paired,visual_cognitive_motivation__s15__r0__a1__paired,completed,1.0000205285251367,True,stationary_feasible,11,5,5.409608889559225e-06,165.86656022212847,1.0118453965719145,1.1490901124358563,0.8527919597590617,0.4357171882972544,6.938893903907228e-18,True,0.3849440016775584,0.3849440016775584,0.8025403016082806,0.8447709115792105,4.796928715129078,1.5651591580179982,5.571194173838085e-09,0.01284583727429611,0.007555204623390563,0.5557522979797795,600004,True,1.0118453965719145,1.1490901124358563,0.8527919597590617,0.3849440016775584,0.8447709115792105,0.3849440016775584,0.8025403016082806
visual_cognitive_motivation,visual_cognitive_motivation__prefrontal__montage0,15,1,1.0,paired,15,visual_cognitive_motivation__s15__r1__a1__paired,visual_cognitive_motivation__s15__r1__a1__paired,completed,1.0000263835902192,True,stationary_feasible,15,7,5.6892658587061895e-06,202.9836541060642,0.7334484423812139,0.8991519957175107,0.517125636436713,0.4770642212829707,6.938893903907228e-18,True,1.8977064363348422,1.8977064363348422,0.8941090109337235,1.6537213998251972,3.685882931114384,1.1565948774333052,1.3365269441499328e-06,0.08820005967969265,0.005591039957255085,0.6657097809948027,600700,True,0.7334484423812139,0.8991519957175107,0.517125636436713,1.8977064363348422,1.6537213998251972,1.8977064363348422,0.8941090109337235
visual_cognitive_motivation,visual_cognitive_motivation__prefrontal__montage0,15,0,1.0,wrong_pair,15,visual_cognitive_motivation__s15__r0__a1__wrong_pair,visual_cognitive_motivation__s15__r0__a1__wrong_pair,completed,1.0000205285251367,True,stationary_feasible,23,11,2.49390058158543e-06,693.506602247263,1.9719375021955279,2.2483929746835414,1.6497890945584444,0.8930715390214857,6.938893903907228e-18,True,1.700267921897957,1.700267921897957,1.8392930894942576,0.8523488101494723,10.66682880970399,3.4732350986522853,1.6412089974245325e-07,0.04425053265668512,0.03477253317659643,1.0056049630511552,600512,True,1.9719375021955279,2.2483929746835414,1.6497890945584444,1.700267921897957,0.8523488101494723,1.700267921897957,1.8392930894942576
visual_cognitive_motivation,visual_cognitive_motivation__prefrontal__montage0,15,1,1.0,wrong_pair,15,visual_cognitive_motivation__s15__r1__a1__wrong_pair,visual_cognitive_motivation__s15__r1__a1__wrong_pair,completed,1.0000263835902192,True,stationary_feasible,19,9,2.832925049710535e-06,291.1872718814994,1.9154537744170497,2.1726344689894757,1.6178954811778983,0.5759308948200802,6.938893903907228e-18,True,2.262028919891609,2.262028919891609,1.8064906791892814,1.5641627823413293,12.527782598095706,3.937543704396025,2.72528057051521e-06,0.07982103869860677,0.030101203370327494,0.8060969350626692,600744,True,1.9154537744170497,2.1726344689894757,1.6178954811778983,2.262028919891609,1.5641627823413293,2.262028919891609,1.8064906791892814
visual_cognitive_motivation,visual_cognitive_motivation__prefrontal__montage0,15,0,1.0,Hb_only,15,visual_cognitive_motivation__s15__r0__a1__Hb_only,visual_cognitive_motivation__s15__r0__a1__Hb_only,completed,1.0000205285251367,True,stationary_feasible,9,4,4.9064543401568065e-06,118.36534322435408,1.5616909970058601,1.7523438030252116,1.3442651287069278,0.4910629440713434,3.469446951953614e-18,True,1.120924396698946,1.120924396698946,1.5564990531408287,0.845065716237521,8.558710663292382,2.729417257026206,5.2764383487081566e-08,0.030582176545801504,0.022811873522289028,0.4773466639453545,600808,True,1.5616909970058601,1.7523438030252116,1.3442651287069278,1.120924396698946,0.845065716237521,1.120924396698946,1.5564990531408287
visual_cognitive_motivation,visual_cognitive_motivation__prefrontal__montage0,15,1,1.0,Hb_only,15,visual_cognitive_motivation__s15__r1__a1__Hb_only,visual_cognitive_motivation__s15__r1__a1__Hb_only,completed,1.0000263835902192,True,stationary_feasible,17,8,2.4170187786017797e-06,120.53949914326397,1.5931493220743025,1.7035517848324655,1.4745035914658666,0.47415100992094794,6.938893903907228e-18,True,2.238269892343728,2.238269892343728,7.145146649935454,1.669957199716995,11.998136133471228,3.406412350781888,2.118822856374937e-06,0.07694797665772668,0.025526133703771766,0.7548022320261225,599148,True,1.5931493220743025,1.7035517848324655,1.4745035914658666,2.238269892343728,1.669957199716995,2.238269892343728,7.145146649935454
