key,group,condition,replicate,true_tau,method,status,tau,eta,combination_relative_error,driver_nrmse,driver_bias,driver_correlation,objective,rank,active_bound,intervals_valid,tau_95_covers,driver_pointwise_95_coverage,driver_interval_mean_width,reused,observation_clean_rmse,observation_residual_rmse,active_indices,objective_semantics,duration,driver_common_nrmse,score_samples,parameter,value,profile_stage
"profile|white|r00|tau2|parameter=0,value=0.5",profile,white,0,2.0,profile,completed,0.5,0.2646904067247784,2.0944505687532757,0.4067097325343793,3.147770903784689e-05,0.9143717722133448,441.281126553453,12.0,False,True,False,0.0433333333333333,0.001899080352547,,0.0026511834972459,0.0023910993422438,[],,,,,0.0,0.5,global
"profile|white|r00|tau2|parameter=0,value=0.7",profile,white,0,2.0,profile,completed,0.7,0.2731174102947337,1.292152703638714,0.348188650482901,3.616714584100872e-05,0.9389896397414832,324.5259754112837,12.0,False,True,False,0.0466666666666666,0.0019672766950641,,0.0022211706117852,0.0020302432683665,[],,,,,0.0,0.7,global
"profile|white|r00|tau2|parameter=0,value=1",profile,white,0,2.0,profile,completed,1.0,0.287788131433243,0.6944972575221511,0.2639642872088198,4.030113343570914e-05,0.9665600282147324,191.09756202627156,12.0,False,True,False,0.0733333333333333,0.0020682322808803,,0.0016678716290691,0.0015718397898909,[],,,,,0.0,1.0,global
"profile|white|r00|tau2|parameter=0,value=1.3",profile,white,0,2.0,profile,completed,1.3,0.3044647505220089,0.3747525301523813,0.183908166660473,4.293157929534016e-05,0.9846508948202876,103.59736585500592,12.0,False,True,False,0.1233333333333333,0.0021732328007003,,0.0012295008447365,0.001155428327763,[],,,,,0.0,1.3,global
"profile|white|r00|tau2|parameter=0,value=1.6",profile,white,0,2.0,profile,completed,1.6,0.3225627157175786,0.1748830961968321,0.107465627834774,4.564897754920666e-05,0.9951244418394912,55.02168067519476,12.0,False,True,False,0.2733333333333333,0.0022852179876428,,0.0009021589645032,0.0008018665794224,[],,,,,0.0,1.6,global
"profile|white|r00|tau2|parameter=0,value=1.8",profile,white,0,2.0,profile,completed,1.8,0.3352102563596201,0.0779908762152424,0.0590938115736717,4.7094088100188765e-05,0.9986341734785226,40.671248333576514,12.0,False,True,False,0.4733333333333333,0.0023626968273043,,0.0007723798369403,0.0006381473261846,[],,,,,0.0,1.8,global
"profile|white|r00|tau2|parameter=0,value=1.94008",profile,white,0,2.0,profile,completed,1.9400812077565477,0.3443076286601681,0.021738671529978,0.0292805977822,4.761415480477378e-05,0.9996855528355412,37.92514846865759,12.0,False,True,False,0.8733333333333333,0.002417707946616,,0.0007407305299109,0.0005776657647515,[],,,,,0.0,1.9400812077565477,global
"profile|white|r00|tau2|parameter=0,value=2",profile,white,0,2.0,profile,completed,2.0,0.3482567973814348,0.0040666256512078,0.0213701635866489,4.7664740084873054e-05,0.9998153090520352,38.40071293308847,12.0,False,True,True,1.0,0.0024413457985131,,0.0007436937458054,0.0005682020678797,[],,,,,0.0,2.0,global
"profile|white|r00|tau2|parameter=0,value=2.2",profile,white,0,2.0,profile,completed,2.2,0.3616864751095895,0.0659449542315308,0.0464429581969184,4.691936147247105e-05,0.9989893942412168,46.39556345889837,12.0,False,True,False,0.5866666666666667,0.0025204513202321,,0.0008195324816344,0.0006066346452453,[],,,,,0.0,2.2,global
"profile|white|r00|tau2|parameter=0,value=2.5",profile,white,0,2.0,profile,completed,2.5,0.3825364133504358,0.1465434443018649,0.1144587726082304,4.271771372959207e-05,0.9945628777420858,74.14367446351285,12.0,False,True,False,0.1933333333333333,0.0026390569325022,,0.0010670375951208,0.0008073824242446,[],,,,,0.0,2.5,global
"profile|white|r00|tau2|parameter=0,value=3",profile,white,0,2.0,profile,completed,3.0,0.4189607456685025,0.2521427769984272,0.2290420631687199,2.694649543626954e-05,0.9804092468272886,151.47650702475158,12.0,False,True,False,0.0966666666666666,0.0028357399531616,,0.0016285038029171,0.001296893201352,[],,,,,0.0,3.0,global
"profile|white|r00|tau2|parameter=0,value=3.5",profile,white,0,2.0,profile,completed,3.5,0.4566336088195308,0.3372702325933642,0.3419686433827161,1.879217121690616e-06,0.9600610630825964,254.30025650699048,12.0,False,True,False,0.07,0.0030329123271416,,0.0022342423162948,0.0018454988177694,[],,,,,0.0,3.5,global
"profile|white|r00|tau2|parameter=0,value=4",profile,white,0,2.0,profile,completed,4.0,0.4941304382344402,0.4107207944528995,0.4534094309469669,-2.911106166867838e-05,0.9357820118355288,372.3095204181702,12.0,False,True,False,0.06,0.0032341231787337,,0.0028221826439161,0.0023952322220875,[],,,,,0.0,4.0,global
"profile|white|r00|tau2|parameter=0,value=5",profile,white,0,2.0,profile,completed,5.0,0.56307494134677,0.5346967845295949,0.6724018826493989,-9.65391417439024e-05,0.8828413455244939,632.1435372279458,12.0,False,True,False,0.04,0.003660369696139,,0.0038611514933731,0.0033985565950997,[],,,,,0.0,5.0,global
"profile|white|r00|tau2|parameter=0,value=6",profile,white,0,2.0,profile,completed,6.0,0.6169919037301459,0.6315126237126792,0.8859687988451982,-0.0001561111652698,0.832736662342547,907.500480277452,12.0,False,True,False,0.0366666666666666,0.004126688368671,,0.0047035649735195,0.0042346287039086,[],,,,,0.0,6.0,global
"profile|white|r00|tau2|parameter=0,value=8",profile,white,0,2.0,profile,completed,8.0,0.6499999999999168,0.7266782124776283,1.2891640610955908,-0.000177164419111,0.7638559476425767,1471.3156695477496,12.0,True,False,,,,,0.0058919226805243,0.0054451110395081,[1],,,,,0.0,8.0,global
"profile|white|r00|tau2|parameter=0,value=10",profile,white,0,2.0,profile,completed,10.0,0.5670508596218309,0.7027367733000166,1.6552286832194223,1.055127901780676e-05,0.7436127541833708,1995.5291115443977,12.0,False,True,False,0.03,0.0062672858911762,,0.0064835172871804,0.0060804830695569,[],,,,,0.0,10.0,global
"profile|white|r00|tau2|parameter=0,value=12",profile,white,0,2.0,profile,completed,12.0,0.3287385004562217,0.6854574667234831,2.0340916067666264,0.0004282928628555,0.7734915222281453,2368.0411427928548,12.0,False,True,False,0.0333333333333333,0.0074707339173326,,0.0063508012782189,0.00602290720537,[],,,,,0.0,12.0,global
"profile|white|r00|tau2|parameter=6,value=-0.06",profile,white,0,2.0,profile,completed,11.999999999999998,0.3682994302003207,0.6775384592558834,4.678164683154507,-0.0100247140687797,0.1069525054789548,32428.383682096683,12.0,True,False,,,,,0.028563215380787,0.0286346721679509,"[0, 4, 7, 8, 9]",,,,,6.0,-0.06,global
"profile|white|r00|tau2|parameter=6,value=-0.0525",profile,white,0,2.0,profile,completed,11.999999999999998,0.2090978149653881,0.7454946259769549,4.28369451283405,-0.0094885993442674,0.1661798773444094,28738.507545353303,12.0,True,False,,,,,0.0251255610299817,0.0252136571244456,"[0, 7, 8, 9, 12]",,,,,6.0,-0.0525,global
"profile|white|r00|tau2|parameter=6,value=-0.045",profile,white,0,2.0,profile,completed,11.999999999999998,0.2055623465957105,0.7480099326237805,4.080429054300856,-0.0089836446094066,0.2072035179858311,25282.211225384777,12.0,True,False,,,,,0.0232815077952069,0.0233546951231732,"[0, 7, 8, 9, 12]",,,,,6.0,-0.045,global
"profile|white|r00|tau2|parameter=6,value=-0.0375",profile,white,0,2.0,profile,completed,11.999999999999998,0.2039000849902261,0.749205754993937,3.8895365682695298,-0.0084646650514673,0.2500673674879834,22071.811190978777,12.0,True,False,,,,,0.0214720566625915,0.0215301444984319,"[0, 7, 8, 9, 12]",,,,,6.0,-0.0375,global
"profile|white|r00|tau2|parameter=6,value=-0.03",profile,white,0,2.0,profile,completed,11.999999999999998,0.2037838906863279,0.7492896588555804,3.710737786556437,-0.0079368197749535,0.2946371494326676,19110.00639250095,12.0,True,False,,,,,0.0196969233769699,0.0197392878933019,"[0, 7, 8, 9, 12]",,,,,6.0,-0.03,global
"profile|white|r00|tau2|parameter=6,value=-0.0225",profile,white,0,2.0,profile,completed,11.999999999999998,0.2051003039695342,0.7483414792200576,3.5443202322379763,-0.0074025533973882,0.3406338065581439,16398.867338126114,12.0,True,False,,,,,0.0179588454643363,0.0179845291586428,"[0, 7, 8, 9, 12]",,,,,6.0,-0.0225,global
"profile|white|r00|tau2|parameter=6,value=-0.015",profile,white,0,2.0,profile,completed,0.5000000000000014,0.1500000000000007,1.8107765087458552,1.0033404350054056,-0.0014827857297949,0.5024589426944013,7481.481492815527,12.0,True,False,,,,,0.0115028068692234,0.0110817291025405,"[0, 1, 8, 12]",,,,,6.0,-0.015,global
"profile|white|r00|tau2|parameter=6,value=-0.0075",profile,white,0,2.0,profile,completed,0.5000000000000594,0.1824251890611201,1.862449547545424,0.7898820737847752,-0.0010615788595948,0.6522008539188632,3420.341386196073,12.0,True,False,,,,,0.0099919742919234,0.0093254176409274,"[0, 8, 12]",,,,,6.0,-0.0075,global
"profile|white|r00|tau2|parameter=6,value=0",profile,white,0,2.0,profile,completed,0.5000000000000001,0.2489650031938532,2.0403035833080136,0.5824393611414173,-0.0006123695567688,0.8130151013515697,1175.9737386658285,12.0,True,False,,,,,0.0082822655536377,0.0074645991322276,[0],,,,,6.0,0.0,global
"profile|white|r00|tau2|parameter=6,value=0.0075",profile,white,0,2.0,profile,completed,0.8943749405849312,0.2936311262206404,0.8796948446084867,0.3416674534697219,-0.0002147162938831,0.9466314706845111,313.5040546617574,12.0,False,True,False,0.0466666666666666,0.0020133627840805,,0.0031310111824361,0.0025283358641206,[],,,,,6.0,0.0075,global
"profile|white|r00|tau2|parameter=6,value=0.015",profile,white,0,2.0,profile,completed,1.7499521957878073,0.3351752727320691,0.1018783134700027,0.0795720318644069,-2.27559753982684e-06,0.9978227494839772,45.20230555370847,12.0,False,True,False,0.4133333333333333,0.0023523160495009,,0.0007946113137269,0.0005973545262566,[],,,,,6.0,0.015,global
"profile|white|r00|tau2|parameter=6,value=0.0165771",profile,white,0,2.0,profile,completed,1.940081242161376,0.344307636994002,0.0217386583549097,0.0292806004093128,4.761412706476449e-05,0.9996855529280704,37.925148468663146,12.0,False,True,True,0.8233333333333334,0.0024346241722653,,0.0007407310278023,0.0005776650440763,[],,,,,6.0,0.0165770571052043,global
"profile|white|r00|tau2|parameter=6,value=0.0225",profile,white,0,2.0,profile,completed,2.69976994088314,0.3825225281950066,0.1932647520835432,0.186366195267449,0.0002379681064016,0.9902713923204908,125.70625449671662,12.0,False,True,False,0.1766666666666666,0.0027749704131444,,0.0019059550892497,0.0016146700565277,[],,,,,6.0,0.0224999999999999,global
"profile|white|r00|tau2|parameter=6,value=0.03",profile,white,0,2.0,profile,completed,3.803053459175383,0.4433749390224171,0.3685006882386264,0.4538387399075514,0.0004568265545221,0.9542824980126668,417.2684947287977,12.0,False,True,False,0.0466666666666666,0.0032835834765045,,0.0036330021191046,0.0031501721007792,[],,,,,6.0,0.03,global
"profile|white|r00|tau2|parameter=6,value=0.0375",profile,white,0,2.0,profile,completed,5.056658735838771,0.508467312316572,0.5004542494642383,0.7272206678534926,0.0006508205432999,0.9049732519184992,803.5244768699783,12.0,False,True,False,0.03,0.0038777163151364,,0.0050575034006469,0.0044866123251582,[],,,,,6.0,0.0375,global
"profile|white|r00|tau2|parameter=6,value=0.045",profile,white,0,2.0,profile,completed,6.363705686597122,0.5570192507320182,0.597184092889168,0.996977289081612,0.0008623587737143,0.8570430618476921,1213.0963132337777,12.0,False,True,False,0.0266666666666666,0.0045260578184059,,0.0061275651912022,0.0055290341500507,[],,,,,6.0,0.045,global
"profile|white|r00|tau2|parameter=6,value=0.0525",profile,white,0,2.0,profile,completed,7.669358689079445,0.5770265750738134,0.6562954817439425,1.2570988894000292,0.0011153854772022,0.8195764681840948,1614.4875115344123,12.0,False,True,False,0.0233333333333333,0.0052038814131098,,0.0069076232326488,0.0063052687879269,[],,,,,6.0,0.0524999999999999,global
"profile|white|r00|tau2|parameter=6,value=0.06",profile,white,0,2.0,profile,completed,9.001332569881354,0.5605643206149783,0.6786854205612617,1.5128520112527926,0.0014043549139238,0.7949721598063212,1990.7688005859611,12.0,False,True,False,0.0233333333333333,0.0059183146509758,,0.0074241536336592,0.0068294280246535,[],,,,,6.0,0.06,global
"profile|white|r01|tau2|parameter=0,value=0.5",profile,white,1,2.0,profile,completed,0.5,0.2886505125953402,2.1844523086257617,0.3895370088654775,0.001504493531068,0.9227614075350282,313.336950307163,12.0,False,True,False,0.0766666666666666,0.00207370068695,,0.0026532807623313,0.003765230343862,[],,,,,0.0,0.5,global
"profile|white|r01|tau2|parameter=0,value=0.7",profile,white,1,2.0,profile,completed,0.7,0.2938194438911587,1.3454392236394772,0.3374104660757429,0.0013031233123618,0.9429010802931383,238.0801719997864,12.0,False,True,False,0.0933333333333333,0.0021594668036317,,0.0020841094362753,0.0031734730484968,[],,,,,0.0,0.7,global
"profile|white|r01|tau2|parameter=0,value=1",profile,white,1,2.0,profile,completed,1.0,0.3038570743978863,0.7210078963452826,0.2594683469098485,0.0010005909045977,0.9669942212188716,153.14274547092583,12.0,False,True,False,0.1133333333333333,0.0022763100422607,,0.0014851095285386,0.0025517286041907,[],,,,,0.0,1.0,global
"profile|white|r01|tau2|parameter=0,value=1.3",profile,white,1,2.0,profile,completed,1.3,0.3173429074251694,0.3892744557686527,0.1826547930106476,0.0007017905222777,0.9840319849982612,98.36112107979716,12.0,False,True,False,0.17,0.0023774726051367,,0.0010497647343528,0.0021098214358251,[],,,,,0.0,1.3,global
"profile|white|r01|tau2|parameter=0,value=1.6",profile,white,1,2.0,profile,completed,1.6,0.3353033771512419,0.1855390380466073,0.1068608550285438,0.0004073224789128,0.994723567605805,69.08686590661556,12.0,False,True,False,0.3833333333333333,0.0024684791955044,,0.0007109643432204,0.0018248123331373,[],,,,,0.0,1.6,global
"profile|white|r01|tau2|parameter=0,value=1.8",profile,white,1,2.0,profile,completed,1.8,0.3496709727837056,0.0902980524890302,0.0572760627645833,0.000213799891909,0.9985678220692784,60.93377814531353,12.0,False,True,False,0.5833333333333334,0.0025275961466365,,0.0005201233430835,0.0017186578643858,[],,,,,0.0,1.8,global
"profile|white|r01|tau2|parameter=0,value=1.93469",profile,white,1,2.0,profile,completed,1.9346928481746657,0.3601836536975906,0.0449475232769916,0.0258134715204419,8.498925892269768e-05,0.999750652982112,59.50969498100222,12.0,False,True,False,0.8866666666666667,0.0025679382999894,,0.0004197984324361,0.0016822983689407,[],,,,,0.0,1.9346928481746657,global
"profile|white|r01|tau2|parameter=0,value=2",profile,white,1,2.0,profile,completed,2.0,0.3654649360402801,0.0360773354318704,0.0146247006525414,2.3015651803470964e-05,0.9999338336804832,59.81671036800677,12.0,False,True,True,1.0,0.0025877930987304,,0.000386507860661,0.0016740552585525,[],,,,,0.0,2.0,global
"profile|white|r01|tau2|parameter=0,value=2.2",profile,white,1,2.0,profile,completed,2.2,0.3821504150243474,0.074737758953821,0.0453554218406523,-0.0001647251665574,0.9989961371725616,64.16117993884679,12.0,False,True,False,0.68,0.0026500932185991,,0.0003798815127055,0.0016821694663174,[],,,,,0.0,2.2,global
"profile|white|r01|tau2|parameter=0,value=2.5",profile,white,1,2.0,profile,completed,2.5,0.4078138023775783,0.1548002773476683,0.1164917199973095,-0.0004405132084743,0.9937651109531108,78.1836907030069,12.0,False,True,False,0.3,0.0027481397865884,,0.0005826151857584,0.0017649025771357,[],,,,,0.0,2.5,global
"profile|white|r01|tau2|parameter=0,value=3",profile,white,1,2.0,profile,completed,3.0,0.4496513843131136,0.2663168005922114,0.2330253705760429,-0.0008861305863535,0.9769943809488908,114.62197504500875,12.0,False,True,False,0.1566666666666666,0.0029231461906271,,0.0010279305919452,0.0019884771845222,[],,,,,0.0,3.0,global
"profile|white|r01|tau2|parameter=0,value=3.5",profile,white,1,2.0,profile,completed,3.5,0.488208427653044,0.3562691917262038,0.345809245466092,-0.0013179854655243,0.9535349238157246,160.98751379024307,12.0,False,True,False,0.1066666666666666,0.0031108920138785,,0.0014228699435793,0.0022253165383132,[],,,,,0.0,3.5,global
"profile|white|r01|tau2|parameter=0,value=4",profile,white,1,2.0,profile,completed,4.0,0.5226206688384937,0.4310681310200926,0.4555821100085635,-0.0017401476452249,0.9266350922083836,213.5279520863379,12.0,False,True,False,0.0866666666666666,0.0033103779543363,,0.0017559802749168,0.0024431674453388,[],,,,,0.0,4.0,global
"profile|white|r01|tau2|parameter=0,value=5",profile,white,1,2.0,profile,completed,5.0,0.5783345795625823,0.5478922871781039,0.6690736783653208,-0.0025668244875485,0.8712278708614732,329.90308161475025,12.0,False,True,False,0.0566666666666666,0.0037432002918655,,0.0022995514970435,0.0028297877186501,[],,,,,0.0,5.0,global
"profile|white|r01|tau2|parameter=0,value=6",profile,white,1,2.0,profile,completed,6.0,0.6160756765100076,0.6306499327068472,0.8778440715467737,-0.0033809880775933,0.8216250968856069,454.1920420502572,12.0,False,True,False,0.0533333333333333,0.0042180198372883,,0.0027539929301662,0.0031900500743472,[],,,,,0.0,6.0,global
"profile|white|r01|tau2|parameter=0,value=8",profile,white,1,2.0,profile,completed,8.0,0.635268388190983,0.7130183149842263,1.2882895701378771,-0.0049874949546133,0.753073343706951,703.5296491409907,12.0,False,True,False,0.04,0.0052679071438494,,0.0035355631087892,0.0039041223483436,[],,,,,0.0,8.0,global
"profile|white|r01|tau2|parameter=0,value=10",profile,white,1,2.0,profile,completed,10.0,0.5834995291188234,0.7140017798361028,1.6895523376061716,-0.0065402468685573,0.7260084120766793,927.798354133674,12.0,False,True,False,0.0533333333333333,0.0064228366999572,,0.0041860398830312,0.0045755181928308,[],,,,,0.0,10.0,global
"profile|white|r01|tau2|parameter=0,value=12",profile,white,1,2.0,profile,completed,12.0,0.4968075202432593,0.6959886281090502,2.073025434249287,-0.0079684665937666,0.7274218916411466,1112.4234819549797,12.0,True,False,,,,,0.0045200883176631,0.0049951086422196,[9],,,,,0.0,12.0,global
"profile|white|r01|tau2|parameter=6,value=-0.06",profile,white,1,2.0,profile,completed,11.999999999999998,0.6499999999999999,0.7970561861437324,3.4591162022925945,-0.0124477191634957,0.4134207599486147,3733.025985082348,12.0,True,False,,,,,0.0085639025329663,0.0084629321740782,"[0, 1, 8]",,,,,6.0,-0.06,global
"profile|white|r01|tau2|parameter=6,value=-0.0525",profile,white,1,2.0,profile,completed,11.999999999999998,0.6499999999999998,0.7970561861437323,3.1628203546674096,-0.0115780577768587,0.4574089255754266,2784.094297344388,12.0,True,False,,,,,0.0074243244264837,0.0073706595788037,"[0, 1, 8]",,,,,6.0,-0.0525,global
"profile|white|r01|tau2|parameter=6,value=-0.045",profile,white,1,2.0,profile,completed,11.999999999999998,0.6499999999999999,0.7970561861437324,2.874406607687104,-0.0107050125734872,0.5059057229422711,2047.2963326040176,12.0,True,False,,,,,0.006369836499139,0.0063758987359032,"[0, 1, 8]",,,,,6.0,-0.045,global
"profile|white|r01|tau2|parameter=6,value=-0.0375",profile,white,1,2.0,profile,completed,11.999999999999998,0.6499999999999999,0.7970561861437324,2.595910398407212,-0.0098287139420052,0.558893220703146,1524.8731830903566,12.0,True,False,,,,,0.0054630431479365,0.0055445888142224,"[0, 1, 8]",,,,,6.0,-0.0375,global
"profile|white|r01|tau2|parameter=6,value=-0.03",profile,white,1,2.0,profile,completed,11.920216035261337,0.649999999999715,0.7960697425971881,2.323017197284821,-0.0089178169658376,0.6147570775159581,1218.5666885656815,12.0,True,False,,,,,0.0048168308533521,0.0049821254553593,"[1, 8]",,,,,6.0,-0.03,global
"profile|white|r01|tau2|parameter=6,value=-0.0225",profile,white,1,2.0,profile,completed,9.766515335384126,0.6499999999999888,0.7639992489239726,1.867219555351772,-0.0071790094254926,0.6485107243762455,997.185963067749,12.0,True,False,,,,,0.0047064447795667,0.0047836960340748,"[1, 8]",,,,,6.0,-0.0225,global
"profile|white|r01|tau2|parameter=6,value=-0.015",profile,white,1,2.0,profile,completed,7.64785164486896,0.6499999999999887,0.7175423226561902,1.4160481043892008,-0.0054277713464006,0.6931838588856306,746.511992601825,12.0,True,False,,,,,0.0046458588812569,0.0045526723563892,"[1, 8]",,,,,6.0,-0.015,global
"profile|white|r01|tau2|parameter=6,value=-0.0075",profile,white,1,2.0,profile,completed,5.718268569180284,0.6499999999999999,0.6532809425793564,0.9704119258352004,-0.0036540633390561,0.7625155999223572,483.7391226358733,12.0,True,False,,,,,0.0039490234943724,0.0037858286095449,[1],,,,,6.0,-0.0075,global
"profile|white|r01|tau2|parameter=6,value=0",profile,white,1,2.0,profile,completed,4.034602043346606,0.6259235603007077,0.5442693984669615,0.5555765018543768,-0.0019842549905996,0.8722022613253575,259.25083108772475,12.0,False,True,False,0.1,0.0031052698345696,,0.0025315800033106,0.0025452508926384,[],,,,,6.0,0.0,global
"profile|white|r01|tau2|parameter=6,value=0.0075",profile,white,1,2.0,profile,completed,2.704659807290241,0.4731717727906919,0.2528016689521493,0.2193648662247954,-0.000733454360956,0.9760657598611135,105.3350677971286,12.0,False,True,False,0.1633333333333333,0.0026523078605742,,0.0011833579619467,0.001828600614627,[],,,,,6.0,0.0075,global
"profile|white|r01|tau2|parameter=6,value=0.0128507",profile,white,1,2.0,profile,completed,1.9346937105666435,0.3601836177083831,0.0449471109270957,0.0258133366014727,8.49887318654702e-05,0.9997506541484362,59.50969498110009,12.0,False,True,True,0.96,0.0024409958659411,,0.0004197990459596,0.0016822972631387,[],,,,,6.0,0.0128507228261616,global
"profile|white|r01|tau2|parameter=6,value=0.015",profile,white,1,2.0,profile,completed,1.6982154257877031,0.3174955806645133,0.1223029040123873,0.1120466664542555,0.0003812840014996,0.9939864361736352,69.3165850649804,12.0,False,True,False,0.2833333333333333,0.0023924361258647,,0.0009185191415335,0.0018167672993473,[],,,,,6.0,0.015,global
"profile|white|r01|tau2|parameter=6,value=0.0225",profile,white,1,2.0,profile,completed,1.2044506114859683,0.1947372362959322,0.4614654571330951,0.4472817345572865,0.0012773566145083,0.9378160491721595,283.85043513002284,12.0,False,True,False,0.05,0.0022873489049373,,0.0028583045202942,0.0025721675129385,[],,,,,6.0,0.0224999999999999,global
"profile|white|r01|tau2|parameter=6,value=0.03",profile,white,1,2.0,profile,completed,0.5521271910764963,0.15,1.5820300023892593,0.7594685766430466,0.0022720435966613,0.8587974786965222,956.8123487548742,12.0,True,False,,,,,0.0036459222949225,0.0041398854749397,"[1, 8]",,,,,6.0,0.03,global
"profile|white|r01|tau2|parameter=6,value=0.0375",profile,white,1,2.0,profile,completed,0.5000000000013185,0.15,1.8107765087394416,1.000620704092606,0.002805163473572,0.8272111405931117,3123.628467808381,12.0,True,False,,,,,0.006745695600233,0.0073575753297438,"[0, 1, 8]",,,,,6.0,0.0375,global
"profile|white|r01|tau2|parameter=6,value=0.045",profile,white,1,2.0,profile,completed,11.999999999999975,0.15,0.7923004385224344,2.0392049613462278,-0.0017273347419356,0.94747716538749,6101.096748301375,12.0,True,False,,,,,0.0140972576722283,0.014830025379381,"[0, 1, 8, 9, 10]",,,,,6.0,0.045,global
"profile|white|r01|tau2|parameter=6,value=0.0525",profile,white,1,2.0,profile,completed,11.999999999999998,0.15,0.7923004385224345,2.2346107805834583,-0.0010160324975023,0.918364540475559,7816.723476562264,12.0,True,False,,,,,0.016755147602807,0.017490987911953,"[0, 1, 8, 9, 10]",,,,,6.0,0.0524999999999999,global
"profile|white|r01|tau2|parameter=6,value=0.06",profile,white,1,2.0,profile,completed,11.999999999999806,0.15,0.792300438522433,2.4282815918291267,-0.0001720312756279,0.88275378475977,9802.298933139218,12.0,True,False,,,,,0.0191599727778405,0.0198852057186804,"[0, 1, 8, 9]",,,,,6.0,0.06,global
"profile|independent_slow|r00|tau2|parameter=0,value=0.5",profile,independent_slow,0,2.0,profile,completed,0.5,0.2025287637766864,1.9066326261999484,0.3667591791616816,0.0005519421673151,0.9322927685564696,58.28530768458204,12.0,False,True,False,0.56,0.0186491383833077,,0.0073261828936587,0.0089506726054242,[],,,,,0.0,0.5,global
"profile|independent_slow|r00|tau2|parameter=0,value=0.7",profile,independent_slow,0,2.0,profile,completed,0.7,0.229333423990113,1.2011682244112982,0.2967378997646524,0.000488341016661,0.955332716984654,49.21159286999789,12.0,False,True,False,0.6533333333333333,0.0182437989502487,,0.0075402801013659,0.0089717730134983,[],,,,,0.0,0.7,global
"profile|independent_slow|r00|tau2|parameter=0,value=1",profile,independent_slow,0,2.0,profile,completed,1.0,0.2711012757590424,0.6714120149871838,0.2088048588784725,0.0003695275057285,0.9780177943035884,40.90389427406782,12.0,False,True,False,0.84,0.0177010547216963,,0.0072351011541826,0.0086430665215216,[],,,,,0.0,1.0,global
"profile|independent_slow|r00|tau2|parameter=0,value=1.3",profile,independent_slow,0,2.0,profile,completed,1.3,0.3140820816512021,0.3852764411010254,0.1382907633078756,0.000230096683863,0.9910112943892724,36.83147197791659,12.0,False,True,False,1.0,0.0172738820551204,,0.0064341063583652,0.0080067652078378,[],,,,,0.0,1.3,global
"profile|independent_slow|r00|tau2|parameter=0,value=1.6",profile,independent_slow,0,2.0,profile,completed,1.6,0.3572145166328918,0.2152299938458567,0.0927980468891975,8.806766984572454e-05,0.996814914834688,35.55725500142686,12.0,False,True,False,1.0,0.0169905063908093,,0.0054874060650004,0.0073695090744932,[],,,,,0.0,1.6,global
"profile|independent_slow|r00|tau2|parameter=0,value=1.63395",profile,independent_slow,0,2.0,profile,completed,1.633950896253433,0.3620558439177889,0.2018507004647601,0.0902810397379688,7.252664895171873e-05,0.9970751868574632,35.545648109609736,12.0,False,True,False,1.0,0.0169677067617105,,0.005381134340794,0.0073070893779643,[],,,,,0.0,1.633950896253433,global
"profile|independent_slow|r00|tau2|parameter=0,value=1.8",profile,independent_slow,0,2.0,profile,completed,1.8,0.3855147316834409,0.1557279821739918,0.0882093463970743,-9.58082524032122e-07,0.9972912898018098,35.800774606121195,12.0,False,True,False,1.0,0.0168824837883479,,0.0048761593100086,0.0070424467881626,[],,,,,0.0,1.8,global
"profile|independent_slow|r00|tau2|parameter=0,value=2",profile,independent_slow,0,2.0,profile,completed,2.0,0.413133616987054,0.147281092604372,0.1054790409876762,-8.304839701067565e-05,0.9954127787399888,36.689488687229655,12.0,False,True,True,1.0,0.0168352157518692,,0.0043118327703923,0.0068229070053769,[],,,,,0.0,2.0,global
"profile|independent_slow|r00|tau2|parameter=0,value=2.2",profile,independent_slow,0,2.0,profile,completed,2.2,0.4398625616743165,0.1774743281435567,0.1346666764796805,-0.0001575992491907,0.991506972510156,38.08026309098088,12.0,False,True,False,1.0,0.0168438811908173,,0.0038075578055024,0.0067160984676102,[],,,,,0.0,2.2,global
"profile|independent_slow|r00|tau2|parameter=0,value=2.5",profile,independent_slow,0,2.0,profile,completed,2.5,0.4779383790553709,0.2464153721004259,0.1861475256894301,-0.0002556678677002,0.982586087066448,40.880637543772885,12.0,False,True,False,0.91,0.0169509994523705,,0.0031901462356124,0.0067538501300641,[],,,,,0.0,2.5,global
"profile|independent_slow|r00|tau2|parameter=0,value=3",profile,independent_slow,0,2.0,profile,completed,3.0,0.5351087279404637,0.3611085292605808,0.2755348182506504,-0.0003876243598935,0.962179835622662,46.88040960218133,12.0,False,True,False,0.6333333333333333,0.0173445185992634,,0.0026826211464869,0.0072360137442099,[],,,,,0.0,3.0,global
"profile|independent_slow|r00|tau2|parameter=0,value=3.5",profile,independent_slow,0,2.0,profile,completed,3.5,0.583404182770711,0.4584918858134532,0.363606454393257,-0.0004900104970714,0.9383334571865586,53.96996215029759,12.0,False,True,False,0.5333333333333333,0.0179629743173739,,0.0029816500284137,0.0080458553462157,[],,,,,0.0,3.5,global
"profile|independent_slow|r00|tau2|parameter=0,value=4",profile,independent_slow,0,2.0,profile,completed,4.0,0.6220558093129879,0.5374623862084358,0.4498480894081387,-0.0005730704655299,0.9138371377316236,61.74137449409667,12.0,False,True,False,0.4633333333333333,0.0187726925527302,,0.0038301906886414,0.0089978489471398,[],,,,,0.0,4.0,global
"profile|independent_slow|r00|tau2|parameter=0,value=5",profile,independent_slow,0,2.0,profile,completed,5.0,0.6499999999999999,0.6220440302022068,0.6172447869796909,-0.0007112306305631,0.8710859386736379,78.33108297410945,12.0,True,False,,,,,0.0059376778584288,0.0109141701212919,[1],,,,,0.0,5.0,global
"profile|independent_slow|r00|tau2|parameter=0,value=6",profile,independent_slow,0,2.0,profile,completed,6.0,0.6499999999999999,0.6643952233795667,0.7857059689009034,-0.0008523407243788,0.8347864491881072,94.87057106553692,12.0,True,False,,,,,0.0077209871658245,0.0123629240104226,[1],,,,,0.0,6.0,global
"profile|independent_slow|r00|tau2|parameter=0,value=8",profile,independent_slow,0,2.0,profile,completed,8.0,0.567962047995657,0.6591721286148862,1.135203420942402,-0.0012063774407758,0.7770494948577598,122.90756213740298,12.0,False,True,False,0.2966666666666667,0.0303978878355782,,0.009671016118872,0.0135902847311633,[],,,,,0.0,8.0,global
"profile|independent_slow|r00|tau2|parameter=0,value=10",profile,independent_slow,0,2.0,profile,completed,10.0,0.1500000000000223,0.775123426642867,1.465526610162873,0.0001730771314453,0.8359683474583686,139.38873338704332,12.0,True,False,,,,,0.0078032743998561,0.0109164742283152,[1],,,,,0.0,10.0,global
"profile|independent_slow|r00|tau2|parameter=0,value=12",profile,independent_slow,0,2.0,profile,completed,12.0,0.1500000000000004,0.7923004385224343,1.8255595122930184,-6.830087504620478e-07,0.7865181662209937,143.6025745904402,12.0,True,False,,,,,0.0087181924204023,0.0115812927233327,[1],,,,,0.0,12.0,global
"profile|independent_slow|r00|tau2|parameter=6,value=-0.06",profile,independent_slow,0,2.0,profile,completed,11.999999999999998,0.450960252209102,0.6817333240163896,2.8370237670514897,-0.0090599981180171,0.2394759366454742,228.78579490803244,12.0,True,False,,,,,0.0380336181739501,0.0377384702052702,[0],,,,,6.0,-0.06,global
"profile|independent_slow|r00|tau2|parameter=6,value=-0.0525",profile,independent_slow,0,2.0,profile,completed,11.999999999999998,0.4475267149625289,0.6810012482461367,2.6806288434904064,-0.0084455454969811,0.2823339343535034,217.92472588524296,12.0,True,False,,,,,0.0356505956390101,0.0354757331594845,[0],,,,,6.0,-0.0525,global
"profile|independent_slow|r00|tau2|parameter=6,value=-0.045",profile,independent_slow,0,2.0,profile,completed,1.6641004216482385,0.15,0.4481156175633465,1.5265562332578286,-0.0036102790284448,0.2414520626612792,202.24207677906432,12.0,True,False,,,,,0.0460961856484639,0.0477902221559824,[1],,,,,6.0,-0.045,global
"profile|independent_slow|r00|tau2|parameter=6,value=-0.0375",profile,independent_slow,0,2.0,profile,completed,1.242408650391382,0.1500000000001417,0.5146251702358801,1.3588764177128183,-0.003171457103457,0.2925469467297478,170.74362734081288,12.0,True,False,,,,,0.0403576123705179,0.0421780262795592,[1],,,,,6.0,-0.0375,global
"profile|independent_slow|r00|tau2|parameter=6,value=-0.03",profile,independent_slow,0,2.0,profile,completed,1.144532066143393,0.1704849500184487,0.5303708926834342,1.1778906658382158,-0.0027129432066903,0.3918753120105095,141.38331478974396,12.0,False,True,False,0.1533333333333333,0.018539293926693,,0.0352346320733041,0.037161563546097,[],,,,,6.0,-0.03,global
"profile|independent_slow|r00|tau2|parameter=6,value=-0.0225",profile,independent_slow,0,2.0,profile,completed,1.2068115081605064,0.2067695608341432,0.4471754990547362,0.9886711393482136,-0.0022852658633575,0.5189806270774535,114.26123195381976,12.0,False,True,False,0.1633333333333333,0.0178832487342728,,0.0304420120256244,0.0324599745479813,[],,,,,6.0,-0.0225,global
"profile|independent_slow|r00|tau2|parameter=6,value=-0.015",profile,independent_slow,0,2.0,profile,completed,1.273370422783827,0.2449635915993688,0.3766268328523356,0.8006418962188832,-0.0018645213957828,0.6571188763867788,89.86858145264544,12.0,False,True,False,0.1966666666666666,0.0171400111616214,,0.0250680090059592,0.0271792177857906,[],,,,,6.0,-0.015,global
"profile|independent_slow|r00|tau2|parameter=6,value=-0.0075",profile,independent_slow,0,2.0,profile,completed,1.349131035297407,0.2832364726646632,0.320932853888324,0.6141949856898549,-0.0014435091789127,0.7930373598683313,68.9846576137124,12.0,False,True,False,0.2433333333333333,0.0164579586824775,,0.0190810565818905,0.0213224638919244,[],,,,,6.0,-0.0075,global
"profile|independent_slow|r00|tau2|parameter=6,value=0",profile,independent_slow,0,2.0,profile,completed,1.4318499127442388,0.3178693518006992,0.2816624297602895,0.4301952787946142,-0.0010135338949211,0.9053952497092692,52.52662239358413,12.0,False,True,False,0.3366666666666666,0.015948362036813,,0.0125378314163063,0.0150505613437257,[],,,,,6.0,0.0,global
"profile|independent_slow|r00|tau2|parameter=6,value=0.0075",profile,independent_slow,0,2.0,profile,completed,1.5172043369333672,0.3443788376367228,0.251497221759491,0.2511907012535777,-0.0005694063674551,0.9749451114428525,41.35195655508776,12.0,False,True,False,0.61,0.015684029130822,,0.0057838226843709,0.0090629828403556,[],,,,,6.0,0.0075,global
"profile|independent_slow|r00|tau2|parameter=6,value=0.015",profile,independent_slow,0,2.0,profile,completed,1.6014695781745434,0.3594906090058582,0.218015212276611,0.1008077278220752,-0.000111674090564,0.9982318488230384,36.0112261774717,12.0,False,True,True,1.0,0.0156939011765889,,0.0031490090300344,0.0063661186075722,[],,,,,6.0,0.015,global
"profile|independent_slow|r00|tau2|parameter=6,value=0.0179762",profile,independent_slow,0,2.0,profile,completed,1.633950444887892,0.3620558546315854,0.201850997522384,0.0902811410121563,7.252642110828253e-05,0.9970751766246426,35.54564810967684,12.0,False,True,True,1.0,0.0157724867195191,,0.005381141303435,0.0073070902202741,[],,,,,6.0,0.0179761802185594,global
"profile|independent_slow|r00|tau2|parameter=6,value=0.0225",profile,independent_slow,0,2.0,profile,completed,1.6818196788023765,0.3623331410595199,0.1736254966564933,0.1603062730421142,0.0003538466275612,0.9872702592327378,36.60167799453293,12.0,False,True,True,0.84,0.0159675294658985,,0.0093139200134641,0.0101488383295225,[],,,,,6.0,0.0224999999999999,global
"profile|independent_slow|r00|tau2|parameter=6,value=0.03",profile,independent_slow,0,2.0,profile,completed,1.757202628813108,0.3542397176360909,0.1187858464413284,0.3307477497375078,0.0008196291109662,0.9573064069895084,42.797664999979006,12.0,False,True,True,0.4566666666666666,0.0164706330794223,,0.0157904567428515,0.0159741900861216,[],,,,,6.0,0.03,global
"profile|independent_slow|r00|tau2|parameter=6,value=0.0375",profile,independent_slow,0,2.0,profile,completed,1.8313213668667097,0.3381225746630944,0.0649757263595417,0.5107737645905384,0.0012779493118098,0.9190109376108208,53.98980189340772,12.0,False,True,True,0.3233333333333333,0.0171605114027521,,0.0218161344659541,0.0217963038276221,[],,,,,6.0,0.0375,global
"profile|independent_slow|r00|tau2|parameter=6,value=0.045",profile,independent_slow,0,2.0,profile,completed,1.9164878775486336,0.3179365837292507,0.0658227350940784,0.6928602273184145,0.0017186792402131,0.8780276076012917,69.4359487391957,12.0,False,True,True,0.25,0.0179986715262298,,0.0272550750162423,0.0271829296838863,[],,,,,6.0,0.045,global
"profile|independent_slow|r00|tau2|parameter=6,value=0.0525",profile,independent_slow,0,2.0,profile,completed,2.049946649085829,0.2994304580415689,0.1275448162638368,0.8766225201213323,0.0021178713886581,0.8367196996952269,88.36567451779516,12.0,False,True,True,0.2133333333333333,0.0189749285363706,,0.0319400097032331,0.0319091514199421,[],,,,,6.0,0.0524999999999999,global
"profile|independent_slow|r00|tau2|parameter=6,value=0.06",profile,independent_slow,0,2.0,profile,completed,2.412231999595362,0.2986721802711528,0.2131167582976162,1.0687168269060048,0.0023678296101505,0.7943220006822195,109.91495845520262,12.0,False,True,True,0.19,0.0202268657012331,,0.0349038031508703,0.0351308414596216,[],,,,,6.0,0.06,global
"profile|independent_slow|r01|tau2|parameter=0,value=0.5",profile,independent_slow,1,2.0,profile,completed,0.5,0.1504730004719096,1.8113479057866475,0.3334287649720471,0.0011481941286895,0.950122807677622,57.40021063959243,12.0,False,True,False,0.6966666666666667,0.0208557655923144,,0.008284139589412,0.0084204366491866,[],,,,,0.0,0.5,global
"profile|independent_slow|r01|tau2|parameter=0,value=0.553358",profile,independent_slow,1,2.0,profile,completed,0.5533577883849796,0.1513105897783036,1.5783163044854045,0.3251361253112581,0.0011081497208143,0.95293188751415,57.37635296346152,12.0,False,True,False,0.7066666666666667,0.0209487941025915,,0.0081537504450559,0.008273669323076,[],,,,,0.0,0.5533577883849796,global
"profile|independent_slow|r01|tau2|parameter=0,value=0.7",profile,independent_slow,1,2.0,profile,completed,0.7,0.1560891397053676,1.1300610603642316,0.3002601248618659,0.0009910656243698,0.960411407027517,57.53207423717668,12.0,False,True,False,0.79,0.0211668747363672,,0.007828109298438,0.007882076846449,[],,,,,0.0,0.7,global
"profile|independent_slow|r01|tau2|parameter=0,value=1",profile,independent_slow,1,2.0,profile,completed,1.0,0.1809274792271891,0.6414822489374463,0.2366967378139106,0.0006975707299254,0.9750533015523556,58.33719363450496,12.0,False,True,False,0.9166666666666666,0.0212550614761578,,0.0073260009972894,0.0071377384343883,[],,,,,0.0,1.0,global
"profile|independent_slow|r01|tau2|parameter=0,value=1.3",profile,independent_slow,1,2.0,profile,completed,1.3,0.2235075888957693,0.3745502802136296,0.1782375855845245,0.0003582622888192,0.9852814147262674,58.96919035591306,12.0,False,True,False,0.95,0.0207993804880481,,0.0069410688373143,0.006631575502339,[],,,,,0.0,1.3,global
"profile|independent_slow|r01|tau2|parameter=0,value=1.6",profile,independent_slow,1,2.0,profile,completed,1.6,0.2573488657468468,0.2153444361442012,0.1623537698666355,5.5736597569001067e-05,0.9881523566555204,59.25880510150533,12.0,False,True,False,1.0,0.0206174116144587,,0.006659047956613,0.0065086128507383,[],,,,,0.0,1.6,global
"profile|independent_slow|r01|tau2|parameter=0,value=1.8",profile,independent_slow,1,2.0,profile,completed,1.8,0.2721028062863371,0.1637330856805659,0.1733877480388345,-0.0001248671908715,0.9873234860006548,59.420997651415455,12.0,False,True,False,1.0,0.0207515048980934,,0.0065635734866281,0.0065739444375394,[],,,,,0.0,1.8,global
"profile|independent_slow|r01|tau2|parameter=0,value=2",profile,independent_slow,1,2.0,profile,completed,2.0,0.2826302277323455,0.1571633963269127,0.1955692049732965,-0.0002951373289749,0.985095111100225,59.62482303379013,12.0,False,True,True,1.0,0.0210239053147005,,0.0065496312537032,0.0067117383016102,[],,,,,0.0,2.0,global
"profile|independent_slow|r01|tau2|parameter=0,value=2.2",profile,independent_slow,1,2.0,profile,completed,2.2,0.2903555298513713,0.1804967797933869,0.2245120056953564,-0.0004586470220901,0.9818399797388532,59.88503727309603,12.0,False,True,False,0.9333333333333332,0.0213892222096048,,0.0066085383969073,0.0068927262405913,[],,,,,0.0,2.2,global
"profile|independent_slow|r01|tau2|parameter=0,value=2.5",profile,independent_slow,1,2.0,profile,completed,2.5,0.2985729537499665,0.2326844499044654,0.2748059006886237,-0.0006958835972337,0.9755260311497292,60.37035963452292,12.0,False,True,False,0.7833333333333333,0.0220514339232531,,0.0067974426013304,0.0071964244498126,[],,,,,0.0,2.5,global
"profile|independent_slow|r01|tau2|parameter=0,value=3",profile,independent_slow,1,2.0,profile,completed,3.0,0.3068261435926999,0.3157135259979063,0.3668257410898281,-0.0010792826266271,0.9624133438067274,61.33100320770853,12.0,False,True,False,0.6833333333333333,0.0233437852240274,,0.0072373084954504,0.0076697854839209,[],,,,,0.0,3.0,global
"profile|independent_slow|r01|tau2|parameter=0,value=3.5",profile,independent_slow,1,2.0,profile,completed,3.5,0.3109741350758823,0.3822969549533775,0.4625776174677535,-0.0014547249023664,0.9475153891481884,62.33584225073283,12.0,False,True,False,0.6466666666666666,0.0247835599043715,,0.0076735571128512,0.0080143778211224,[],,,,,0.0,3.5,global
"profile|independent_slow|r01|tau2|parameter=0,value=4",profile,independent_slow,1,2.0,profile,completed,4.0,0.3126721204984695,0.4349496558493322,0.5591625375310004,-0.0018249635374776,0.9320505975945556,63.28915632239942,12.0,False,True,False,0.6333333333333333,0.0263219089857713,,0.0080262576223298,0.0082158759455324,[],,,,,0.0,4.0,global
"profile|independent_slow|r01|tau2|parameter=0,value=5",profile,independent_slow,1,2.0,profile,completed,5.0,0.3128866942344698,0.5111886013969572,0.7507559003645432,-0.0025525324464977,0.9021277762866942,64.93249660037884,12.0,False,True,False,0.6066666666666667,0.0295914871912569,,0.0084584258447141,0.008289575218876,[],,,,,0.0,5.0,global
"profile|independent_slow|r01|tau2|parameter=0,value=6",profile,independent_slow,1,2.0,profile,completed,6.0,0.3125795217258593,0.5624671900135231,0.938586039247035,-0.0032657112003637,0.8752009613854882,66.24981360601583,12.0,False,True,False,0.5966666666666667,0.0330096347521605,,0.0086404159278699,0.0080922979187585,[],,,,,0.0,6.0,global
"profile|independent_slow|r01|tau2|parameter=0,value=8",profile,independent_slow,1,2.0,profile,completed,8.0,0.3147571243755824,0.6254420292133105,1.3055912826040863,-0.0046634183927144,0.8304770594836518,68.22322025898626,12.0,False,True,False,0.53,0.0399798067520881,,0.0087305191428643,0.0073994200759447,[],,,,,0.0,8.0,global
"profile|independent_slow|r01|tau2|parameter=0,value=10",profile,independent_slow,1,2.0,profile,completed,10.0,0.3178000495263194,0.6628832193885168,1.6675117035815163,-0.0060400582781398,0.7957335195731098,69.64539086676997,12.0,False,True,False,0.4666666666666667,0.0469549203855044,,0.0087771548254408,0.0067685839964816,[],,,,,0.0,10.0,global
"profile|independent_slow|r01|tau2|parameter=0,value=12",profile,independent_slow,1,2.0,profile,completed,12.0,0.3186917084507615,0.6884670691873623,2.0289896433184884,-0.0074077760974332,0.7688603540616796,70.70646884317698,12.0,False,True,False,0.38,0.0539068868011543,,0.0088323259500604,0.0063949015144927,[],,,,,0.0,12.0,global
"profile|independent_slow|r01|tau2|parameter=6,value=-0.06",profile,independent_slow,1,2.0,profile,completed,11.999999999999998,0.6496071322489085,0.7967080361853461,3.080013790216228,-0.0119119840447392,0.4514288576789705,84.71291382914299,12.0,True,False,,,,,0.0172359638861105,0.0135299552030003,[0],,,,,6.0,-0.06,global
"profile|independent_slow|r01|tau2|parameter=6,value=-0.0525",profile,independent_slow,1,2.0,profile,completed,11.999999999999998,0.6323356430091854,0.7817950165652314,2.914649593518481,-0.0113045487661273,0.4860862616396544,80.93953196967938,12.0,True,False,,,,,0.0155764228181041,0.0116886249580978,[0],,,,,6.0,-0.0525,global
"profile|independent_slow|r01|tau2|parameter=6,value=-0.045",profile,independent_slow,1,2.0,profile,completed,11.999999999999998,0.5995251238610109,0.7556981925696176,2.750107324781202,-0.0106828547494499,0.5242432806179808,77.84747984031603,12.0,True,False,,,,,0.014087758724551,0.0100134330052027,[0],,,,,6.0,-0.045,global
"profile|independent_slow|r01|tau2|parameter=6,value=-0.0375",profile,independent_slow,1,2.0,profile,completed,11.999999999999998,0.5518243168955231,0.7235242713709877,2.587819590612605,-0.0100500901746902,0.5663932663831686,75.37561341069717,12.0,True,False,,,,,0.0127730671392076,0.0085554287105066,[0],,,,,6.0,-0.0375,global
"profile|independent_slow|r01|tau2|parameter=6,value=-0.03",profile,independent_slow,1,2.0,profile,completed,11.999999999999998,0.4943007548563768,0.6949981945593459,2.432015114400256,-0.0094164065756314,0.6123936523167774,73.46116294558244,12.0,True,False,,,,,0.0116037529716549,0.0073636932038403,[0],,,,,6.0,-0.03,global
"profile|independent_slow|r01|tau2|parameter=6,value=-0.0225",profile,independent_slow,1,2.0,profile,completed,11.999999929340008,0.4350041822365902,0.6787363571968389,2.288959981472314,-0.0087942525616627,0.6607836496017773,72.05818689064657,12.0,True,False,,,,,0.0105519024950466,0.006501289810937,[0],,,,,6.0,-0.0225,global
"profile|independent_slow|r01|tau2|parameter=6,value=-0.015",profile,independent_slow,1,2.0,profile,completed,9.024332601871013,0.4510254230845594,0.6323404020189165,1.7021591167377377,-0.0065259462344721,0.6964957211194929,70.72103034175235,12.0,False,True,False,0.33,0.0454366288297752,,0.0108760139293889,0.0069896012303934,[],,,,,6.0,-0.015,global
"profile|independent_slow|r01|tau2|parameter=6,value=-0.0075",profile,independent_slow,1,2.0,profile,completed,6.274902290803023,0.4555011776593,0.5469438006040369,1.1436699611893906,-0.0043577491163148,0.7615284274252734,68.7716354389042,12.0,False,True,False,0.35,0.0333523381758961,,0.0109121358866379,0.0076339592455249,[],,,,,6.0,-0.0075,global
"profile|independent_slow|r01|tau2|parameter=6,value=0",profile,independent_slow,1,2.0,profile,completed,3.791273676868013,0.4236796667910722,0.3643129394219696,0.6146546154761685,-0.0022918309356739,0.8711623781359694,65.69928844752151,12.0,False,True,False,0.4433333333333333,0.0238462217644321,,0.0105381524469175,0.0083110883234288,[],,,,,6.0,0.0,global
"profile|independent_slow|r01|tau2|parameter=6,value=0.0075",profile,independent_slow,1,2.0,profile,completed,2.302369226251233,0.3511925176635136,0.1060469960295347,0.2665243075598337,-0.0008791758474239,0.9660579751051882,61.61293224827144,12.0,False,True,True,0.8033333333333333,0.0201562708304824,,0.0089089453722528,0.0074793444110098,[],,,,,6.0,0.0075,global
"profile|independent_slow|r01|tau2|parameter=6,value=0.015",profile,independent_slow,1,2.0,profile,completed,0.8155690552309275,0.2045234603805213,0.9072578554266738,0.1788251325834512,0.0005724977516488,0.9850116429545857,59.22435506579417,12.0,False,True,False,0.94,0.0184454665029324,,0.0097110100699025,0.0084302029504079,[],,,,,6.0,0.015,global
"profile|independent_slow|r01|tau2|parameter=6,value=0.0220554",profile,independent_slow,1,2.0,profile,completed,0.5526599346297895,0.1513385835373657,1.581095617008123,0.325153108305131,0.0011084631279204,0.9529122715162478,57.3763577690464,12.0,False,True,False,0.66,0.0187594819726264,,0.0081561321221855,0.0082752253374946,[],,,,,6.0,0.0220553872507455,global
"profile|independent_slow|r01|tau2|parameter=6,value=0.0225",profile,independent_slow,1,2.0,profile,completed,0.5507722553981486,0.1500579499269527,1.587449445385957,0.3342460693178268,0.0011329936535298,0.9509755646949428,57.38400896713484,12.0,False,True,False,0.6466666666666666,0.0187767632362222,,0.0080571004340367,0.0082791054521066,[],,,,,6.0,0.0224999999999999,global
"profile|independent_slow|r01|tau2|parameter=6,value=0.03",profile,independent_slow,1,2.0,profile,completed,0.5353510104082309,0.15,1.6505353802779834,0.5030426320540539,0.0015709460234702,0.9091799212785946,60.30720957086897,12.0,True,False,,,,,0.0082680881500373,0.0101615480428137,[1],,,,,6.0,0.03,global
"profile|independent_slow|r01|tau2|parameter=6,value=0.0375",profile,independent_slow,1,2.0,profile,completed,0.581387543041514,0.15,1.4725625868979535,0.6876154036211055,0.0019896350040066,0.8609566789308551,68.51331693032768,12.0,True,False,,,,,0.0121234432489534,0.0145752687841144,[1],,,,,6.0,0.0375,global
"profile|independent_slow|r01|tau2|parameter=6,value=0.045",profile,independent_slow,1,2.0,profile,completed,0.7174289489642353,0.15,1.089410048040222,0.8788032940866456,0.0023880542353972,0.8136897904724734,81.80497873940988,12.0,True,False,,,,,0.0175130208220524,0.0200819253955124,[1],,,,,6.0,0.045,global
"profile|independent_slow|r01|tau2|parameter=6,value=0.0525",profile,independent_slow,1,2.0,profile,completed,11.999999999999856,0.15,0.7923004385224335,2.0408790507133188,-0.0030335830600615,0.91644038864041,86.93698802153702,12.0,True,False,,,,,0.0173652633237506,0.0196262198656637,"[0, 1, 9]",,,,,6.0,0.0524999999999999,global
"profile|independent_slow|r01|tau2|parameter=6,value=0.06",profile,independent_slow,1,2.0,profile,completed,11.999999999999998,0.15,0.7923004385224345,2.137963671031435,-0.0024924847434217,0.9106133407480222,91.69953557446026,12.0,True,False,,,,,0.019463533614328,0.0218456458859137,"[0, 1, 9]",,,,,6.0,0.06,global
"profile|dpf_mixing_nonrest|r00|tau2|parameter=0,value=0.5",profile,dpf_mixing_nonrest,0,2.0,profile,completed,0.5,0.2106710937395986,1.9270014332292689,0.363551395918985,0.0005316933043067,0.9325845714003806,49.6061509789616,12.0,False,True,False,0.4466666666666666,0.0148413373416901,,0.005556527629375,0.0077479194639735,[],,,,,0.0,0.5,global
"profile|dpf_mixing_nonrest|r00|tau2|parameter=0,value=0.7",profile,dpf_mixing_nonrest,0,2.0,profile,completed,0.7,0.243009409645994,1.2261306344120428,0.2962582716539893,0.0003974709024775,0.9550483672795418,43.09129287372231,12.0,False,True,False,0.5266666666666666,0.0146028181434295,,0.0051683848153031,0.0069505611635594,[],,,,,0.0,0.7,global
"profile|dpf_mixing_nonrest|r00|tau2|parameter=0,value=1",profile,dpf_mixing_nonrest,0,2.0,profile,completed,1.0,0.2905253660112609,0.6987290169046885,0.2066130699507763,0.000230707442752,0.9792804388380016,37.2584757376706,12.0,False,True,False,0.7166666666666667,0.0143031399473444,,0.0050955391131874,0.0064557752234671,[],,,,,0.0,1.0,global
"profile|dpf_mixing_nonrest|r00|tau2|parameter=0,value=1.3",profile,dpf_mixing_nonrest,0,2.0,profile,completed,1.3,0.3356805913633321,0.4154247092392035,0.1325359681801764,0.0001179004117011,0.9928893588396712,35.06330530635031,12.0,False,True,False,0.96,0.0140896660782718,,0.0051841862626946,0.0064786727077063,[],,,,,0.0,1.3,global
"profile|dpf_mixing_nonrest|r00|tau2|parameter=0,value=1.42816",profile,dpf_mixing_nonrest,0,2.0,profile,completed,1.42816256840922,0.3542693035874429,0.3340466847685395,0.106986777759356,8.242450984181942e-05,0.996008320662739,34.88866735355088,12.0,False,True,False,1.0,0.0140282233304452,,0.0051755728173512,0.0065481234666071,[],,,,,0.0,1.42816256840922,global
"profile|dpf_mixing_nonrest|r00|tau2|parameter=0,value=1.6",profile,dpf_mixing_nonrest,0,2.0,profile,completed,1.6,0.378549146076644,0.2536600162753951,0.0823858562981253,4.250052439803208e-05,0.998120407492762,35.14870256694774,12.0,False,True,False,1.0,0.0139751837333952,,0.0051008530090874,0.0066617060141151,[],,,,,0.0,1.6,global
"profile|dpf_mixing_nonrest|r00|tau2|parameter=0,value=1.8",profile,dpf_mixing_nonrest,0,2.0,profile,completed,1.8,0.4058117311970725,0.2007366921557601,0.0764874650309748,3.2771966742239e-06,0.9980709971210056,35.97319987348808,12.0,False,True,False,1.0,0.0139556863209285,,0.0049354358531437,0.0068168255722577,[],,,,,0.0,1.8,global
"profile|dpf_mixing_nonrest|r00|tau2|parameter=0,value=2",profile,dpf_mixing_nonrest,0,2.0,profile,completed,2.0,0.4318774386027985,0.191007567640871,0.0958680328407913,-3.094254131684589e-05,0.99581573471756,37.19586975646302,12.0,False,True,True,1.0,0.0139797161601385,,0.0047153103712237,0.007003464128855,[],,,,,0.0,2.0,global
"profile|dpf_mixing_nonrest|r00|tau2|parameter=0,value=2.2",profile,dpf_mixing_nonrest,0,2.0,profile,completed,2.2,0.4566161318163801,0.2126485527836508,0.1280969957343515,-6.162094782910659e-05,0.9917843306362704,38.70564943127783,12.0,False,True,False,1.0,0.0140440223290298,,0.0044748936943796,0.007230145266751,[],,,,,0.0,2.2,global
"profile|dpf_mixing_nonrest|r00|tau2|parameter=0,value=2.5",profile,dpf_mixing_nonrest,0,2.0,profile,completed,2.5,0.4909947301635503,0.2690926708505552,0.1841371025646109,-0.0001024061673557,0.98319506924156,41.35950379780689,12.0,False,True,False,0.7933333333333333,0.0142081372511261,,0.0041444248083859,0.0076488059807423,[],,,,,0.0,2.5,global
"profile|dpf_mixing_nonrest|r00|tau2|parameter=0,value=3",profile,dpf_mixing_nonrest,0,2.0,profile,completed,3.0,0.5402981498001413,0.3685917741422951,0.2817440666658515,-0.0001590627824975,0.9645332644685516,46.49062666382025,12.0,False,True,False,0.55,0.0146358858280779,,0.003855039957277,0.0084951982411876,[],,,,,0.0,3.0,global
"profile|dpf_mixing_nonrest|r00|tau2|parameter=0,value=3.5",profile,dpf_mixing_nonrest,0,2.0,profile,completed,3.5,0.5785644704713474,0.4521084584799468,0.3791978844554527,-0.0002046286105643,0.9434296474501872,52.1784004478064,12.0,False,True,False,0.44,0.0152264239276626,,0.0039578951610897,0.009368375518014,[],,,,,0.0,3.5,global
"profile|dpf_mixing_nonrest|r00|tau2|parameter=0,value=4",profile,dpf_mixing_nonrest,0,2.0,profile,completed,4.0,0.6047382818857424,0.5158317792359388,0.47566950057712,-0.0002419700938198,0.9222225032667938,58.15218385283134,12.0,False,True,False,0.3733333333333333,0.0159586111627469,,0.0042766142500019,0.0101073811895093,[],,,,,0.0,4.0,global
"profile|dpf_mixing_nonrest|r00|tau2|parameter=0,value=5",profile,dpf_mixing_nonrest,0,2.0,profile,completed,5.0,0.6180128395920855,0.5866952674333339,0.6667043485872172,-0.0002971293954186,0.884541803881484,70.08723724702521,12.0,False,True,False,0.3266666666666666,0.0178044164374491,,0.0047922447937158,0.0108629070128492,[],,,,,0.0,5.0,global
"profile|dpf_mixing_nonrest|r00|tau2|parameter=0,value=6",profile,dpf_mixing_nonrest,0,2.0,profile,completed,6.0,0.5779291460174273,0.5974033384477295,0.8575027839196817,-0.0003151131034324,0.8570170113467608,80.84355328518821,12.0,False,True,False,0.2766666666666666,0.0201311947398883,,0.0046937853673519,0.0105574987200071,[],,,,,0.0,6.0,global
"profile|dpf_mixing_nonrest|r00|tau2|parameter=0,value=8",profile,dpf_mixing_nonrest,0,2.0,profile,completed,8.0,0.1565030971790489,0.7432052034577105,1.180717408247857,0.0008336237842827,0.8872956209840748,93.90189886656664,12.0,False,True,False,0.2866666666666667,0.0285060092143176,,0.0045152321272161,0.0080039352881359,[],,,,,0.0,8.0,global
"profile|dpf_mixing_nonrest|r00|tau2|parameter=0,value=10",profile,dpf_mixing_nonrest,0,2.0,profile,completed,10.0,0.1500000000000297,0.7751234266428602,1.547321981216221,0.0008903995775855,0.84158634990226,96.8440518903204,12.0,True,False,,,,,0.0051905452738915,0.008431264717256,[1],,,,,0.0,10.0,global
"profile|dpf_mixing_nonrest|r00|tau2|parameter=0,value=12",profile,dpf_mixing_nonrest,0,2.0,profile,completed,12.0,0.15,0.7923004385224346,1.9137846231208957,0.0008793105005496,0.7994019707180902,99.01055102588757,12.0,True,False,,,,,0.0058880635983865,0.0089514220009415,[1],,,,,0.0,12.0,global
"profile|dpf_mixing_nonrest|r00|tau2|parameter=6,value=-0.06",profile,dpf_mixing_nonrest,0,2.0,profile,completed,11.999999999999998,0.1500000000022141,0.7923004385205017,2.4437278390244037,-0.0074917759311932,0.2907811384602783,269.96758403461325,12.0,True,False,,,,,0.0509228707244918,0.051586954602686,"[0, 1, 9]",,,,,6.0,-0.06,global
"profile|dpf_mixing_nonrest|r00|tau2|parameter=6,value=-0.0525",profile,dpf_mixing_nonrest,0,2.0,profile,completed,11.999999999987224,0.1500000003358651,0.7923004382291613,2.2987498383667786,-0.0069313469088237,0.337597651708073,249.39480382127343,12.0,True,False,,,,,0.0479322550305123,0.0486123547453578,"[0, 1, 9]",,,,,6.0,-0.0525,global
"profile|dpf_mixing_nonrest|r00|tau2|parameter=6,value=-0.045",profile,dpf_mixing_nonrest,0,2.0,profile,completed,11.999999999897984,0.1500000002472384,0.7923004383058827,2.1605132155888134,-0.0063736044853662,0.3867271347926445,230.14675500697157,12.0,True,False,,,,,0.0449462445414474,0.0456437968249239,"[0, 1, 9]",,,,,6.0,-0.045,global
"profile|dpf_mixing_nonrest|r00|tau2|parameter=6,value=-0.0375",profile,dpf_mixing_nonrest,0,2.0,profile,completed,11.999999999962377,0.1500000001173265,0.7923004384197478,2.030340187937611,-0.0058185481789568,0.4375322421993298,212.22485652153247,12.0,True,False,,,,,0.0419654408696161,0.0426822130056919,"[0, 1, 9]",,,,,6.0,-0.0375,global
"profile|dpf_mixing_nonrest|r00|tau2|parameter=6,value=-0.03",profile,dpf_mixing_nonrest,0,2.0,profile,completed,1.0198568988542795,0.15,0.652078924883022,1.190753229688606,-0.0027350908018051,0.3910799413879246,176.30354069519225,12.0,True,False,,,,,0.0454077237107131,0.0473309701355221,[1],,,,,6.0,-0.03,global
"profile|dpf_mixing_nonrest|r00|tau2|parameter=6,value=-0.0225",profile,dpf_mixing_nonrest,0,2.0,profile,completed,0.9213400956315966,0.15,0.7532250047761403,1.012968670091769,-0.0021438108579487,0.5155000723113188,136.7175572661337,12.0,True,False,,,,,0.0373544270325165,0.0393823901284945,[1],,,,,6.0,-0.0225,global
"profile|dpf_mixing_nonrest|r00|tau2|parameter=6,value=-0.015",profile,dpf_mixing_nonrest,0,2.0,profile,completed,0.8953647769755453,0.1828703887655995,0.7698527524543184,0.8298491710740938,-0.0016415817289456,0.6437683240153967,103.6180611339879,12.0,False,True,False,0.16,0.013900523284886,,0.0300103455606609,0.032183474223646,[],,,,,6.0,-0.015,global
"profile|dpf_mixing_nonrest|r00|tau2|parameter=6,value=-0.0075",profile,dpf_mixing_nonrest,0,2.0,profile,completed,0.9412968462974453,0.2297254314222853,0.716193430004634,0.6432254054795352,-0.00120725852091,0.7748095550609401,75.77491192736984,12.0,False,True,False,0.2066666666666666,0.013462838968083,,0.0224329277873621,0.0247588672371956,[],,,,,6.0,-0.0075,global
"profile|dpf_mixing_nonrest|r00|tau2|parameter=6,value=0",profile,dpf_mixing_nonrest,0,2.0,profile,completed,1.0371041502710046,0.2756236536232133,0.6261424048170245,0.4578203301494261,-0.0007949056125476,0.8896256638651863,54.39595169261147,12.0,False,True,False,0.2666666666666666,0.0131533568793253,,0.01427759565715,0.0168349279630176,[],,,,,6.0,0.0,global
"profile|dpf_mixing_nonrest|r00|tau2|parameter=6,value=0.0075",profile,dpf_mixing_nonrest,0,2.0,profile,completed,1.1813537274605157,0.3162761350996477,0.5067001425303808,0.2775792293563651,-0.0003903121196153,0.9656047696467892,40.62163681327706,12.0,False,True,False,0.51,0.0130422283109045,,0.0059804030833475,0.0091600974180618,[],,,,,6.0,0.0075,global
"profile|dpf_mixing_nonrest|r00|tau2|parameter=6,value=0.015",profile,dpf_mixing_nonrest,0,2.0,profile,completed,1.3816492590221283,0.3488425877594281,0.3634753054619773,0.1235451913880066,7.974633446861852e-06,0.9949982816137029,35.03315919768758,12.0,False,True,False,0.9333333333333332,0.0131903047043547,,0.003877089779566,0.0059610952099277,[],,,,,6.0,0.015,global
"profile|dpf_mixing_nonrest|r00|tau2|parameter=6,value=0.0164375",profile,dpf_mixing_nonrest,0,2.0,profile,completed,1.4281641661345397,0.3542700587569243,0.334046683207702,0.1069866454367037,8.242204057423227e-05,0.9960083662340318,34.888667353503415,12.0,False,True,False,0.9733333333333334,0.0132506591981809,,0.0051755605104635,0.0065481169341669,[],,,,,6.0,0.0164375484900556,global
"profile|dpf_mixing_nonrest|r00|tau2|parameter=6,value=0.0225",profile,dpf_mixing_nonrest,0,2.0,profile,completed,1.6629033416372374,0.3755851337129188,0.2088906119824429,0.1554265385882711,0.0003832608347314,0.9882033529732652,37.34091185587809,12.0,False,True,True,0.8,0.0136188192043312,,0.0109286283067342,0.0110277576327876,[],,,,,6.0,0.0224999999999999,global
"profile|dpf_mixing_nonrest|r00|tau2|parameter=6,value=0.03",profile,dpf_mixing_nonrest,0,2.0,profile,completed,2.0878273788331065,0.4045408707318378,0.111873080351244,0.3292942669051076,0.0007017333634408,0.9602735019522276,46.31697311360692,12.0,False,True,True,0.4033333333333333,0.0143126824360245,,0.0168079525389228,0.0168165556057907,[],,,,,6.0,0.03,global
"profile|dpf_mixing_nonrest|r00|tau2|parameter=6,value=0.0375",profile,dpf_mixing_nonrest,0,2.0,profile,completed,2.7360815667788305,0.4394342038143828,0.2194187747001113,0.5338966361404929,0.0009456578626482,0.9218699142736104,59.826749717303954,12.0,False,True,False,0.2733333333333333,0.0152723266232118,,0.0204104166918089,0.0209621417193863,[],,,,,6.0,0.0375,global
"profile|dpf_mixing_nonrest|r00|tau2|parameter=6,value=0.045",profile,dpf_mixing_nonrest,0,2.0,profile,completed,3.6014838826889157,0.4637906337951717,0.3527030415012986,0.76101793644828,0.0011512843317263,0.8825220782276594,75.30592830090993,12.0,False,True,False,0.2166666666666666,0.0166421636629475,,0.0220939819009758,0.0234255146365623,[],,,,,6.0,0.045,global
"profile|dpf_mixing_nonrest|r00|tau2|parameter=6,value=0.0525",profile,dpf_mixing_nonrest,0,2.0,profile,completed,4.798726152929284,0.4557433920302328,0.4620803997988765,1.0202020288800089,0.0013039053486286,0.8493402942127266,90.30827635738198,12.0,False,True,False,0.19,0.0191087838210579,,0.0213417505312132,0.0232706831475346,[],,,,,6.0,0.0524999999999999,global
"profile|dpf_mixing_nonrest|r00|tau2|parameter=6,value=0.06",profile,dpf_mixing_nonrest,0,2.0,profile,completed,9.285371323050644,0.15,0.7672545353823895,1.5633528875023788,0.0014516116970482,0.8474703013431912,97.23882143208787,12.0,True,False,,,,,0.0071330385508457,0.0096892804073292,[1],,,,,6.0,0.06,global
"profile|dpf_mixing_nonrest|r01|tau2|parameter=0,value=0.5",profile,dpf_mixing_nonrest,1,2.0,profile,completed,0.5,0.1500000000001606,1.8107765087460543,0.363056527790628,0.0013656330685983,0.939229387380365,58.12013790697825,12.0,True,False,,,,,0.0079326503732456,0.0076752084953467,[1],,,,,0.0,0.5,global
"profile|dpf_mixing_nonrest|r01|tau2|parameter=0,value=0.7",profile,dpf_mixing_nonrest,1,2.0,profile,completed,0.7,0.1500000000002527,1.1292926801842536,0.3232938952669108,0.0012066112785729,0.9516301111982678,60.0564134984693,12.0,True,False,,,,,0.0077163276715014,0.0071717511120088,[1],,,,,0.0,0.7,global
"profile|dpf_mixing_nonrest|r01|tau2|parameter=0,value=1",profile,dpf_mixing_nonrest,1,2.0,profile,completed,1.0,0.15,0.6700593942604899,0.259513047820529,0.0009352998391641,0.9689518633625832,62.07034918770357,12.0,True,False,,,,,0.0076219796875269,0.0066104158653073,[1],,,,,0.0,1.0,global
"profile|dpf_mixing_nonrest|r01|tau2|parameter=0,value=1.3",profile,dpf_mixing_nonrest,1,2.0,profile,completed,1.3,0.1500000000001942,0.4941390583713946,0.1983173438932313,0.0006257952253986,0.9826544884468836,62.75354117509084,12.0,True,False,,,,,0.0076190675489363,0.0063520159626396,[1],,,,,0.0,1.3,global
"profile|dpf_mixing_nonrest|r01|tau2|parameter=0,value=1.6",profile,dpf_mixing_nonrest,1,2.0,profile,completed,1.6,0.272846734313499,0.1929987367107375,0.1199819436709951,0.000115630037779,0.9927776018128678,61.83736561151561,12.0,False,True,False,1.0,0.0165935864083832,,0.006862480582683,0.0058252292637212,[],,,,,0.0,1.6,global
"profile|dpf_mixing_nonrest|r01|tau2|parameter=0,value=1.8",profile,dpf_mixing_nonrest,1,2.0,profile,completed,1.8,0.294350763795821,0.1182133636165789,0.1302325038450782,-8.601206004255883e-05,0.9915759471133552,60.983629916990544,12.0,False,True,False,1.0,0.0165409213526614,,0.0064029489777897,0.0062400395915779,[],,,,,0.0,1.8,global
"profile|dpf_mixing_nonrest|r01|tau2|parameter=0,value=2",profile,dpf_mixing_nonrest,1,2.0,profile,completed,2.0,0.3009316596131668,0.1144689490218488,0.153284523945912,-0.0002584267264562,0.9893120302943872,60.47564343247719,12.0,False,True,True,1.0,0.016776361689934,,0.0060660724899769,0.0068102148796343,[],,,,,0.0,2.0,global
"profile|dpf_mixing_nonrest|r01|tau2|parameter=0,value=2.17129",profile,dpf_mixing_nonrest,1,2.0,profile,completed,2.171290643481199,0.3021155943417506,0.1493637759584704,0.1784854200302126,-0.0003929923130306,0.9870522925183166,60.34635520356538,12.0,False,True,False,0.9766666666666668,0.0170758779450888,,0.005894948183037,0.0073198566614457,[],,,,,0.0,2.171290643481199,global
"profile|dpf_mixing_nonrest|r01|tau2|parameter=0,value=2.2",profile,dpf_mixing_nonrest,1,2.0,profile,completed,2.2,0.3021140740214248,0.1563461009898604,0.1830119135152889,-0.000414690031824,0.9866559388882294,60.34970607338931,12.0,False,True,False,0.9266666666666666,0.0171311451500754,,0.0058761940944826,0.0074028116287954,[],,,,,0.0,2.2,global
"profile|dpf_mixing_nonrest|r01|tau2|parameter=0,value=2.5",profile,dpf_mixing_nonrest,1,2.0,profile,completed,2.5,0.3002144561936815,0.2300008016344308,0.233292298472808,-0.0006313696082245,0.9822928526444064,60.72086226793217,12.0,False,True,False,0.7533333333333333,0.0177597427593542,,0.0058067543119167,0.0081738728862384,[],,,,,0.0,2.5,global
"profile|dpf_mixing_nonrest|r01|tau2|parameter=0,value=3",profile,dpf_mixing_nonrest,1,2.0,profile,completed,3.0,0.2919019861319091,0.334563331209197,0.3229036134796315,-0.000969648451728,0.9744553135025156,62.1134540687592,12.0,False,True,False,0.67,0.0189211382688947,,0.0058827107979086,0.0089449670227276,[],,,,,0.0,3.0,global
"profile|dpf_mixing_nonrest|r01|tau2|parameter=0,value=3.5",profile,dpf_mixing_nonrest,1,2.0,profile,completed,3.5,0.2793466859283409,0.4164439436613819,0.4138448361202482,-0.0012918196986899,0.9666402781224172,63.72360121445024,12.0,False,True,False,0.6333333333333333,0.0201433843484759,,0.0058418311885005,0.0091028029983627,[],,,,,0.0,3.5,global
"profile|dpf_mixing_nonrest|r01|tau2|parameter=0,value=4",profile,dpf_mixing_nonrest,1,2.0,profile,completed,4.0,0.2650414325417806,0.4813252596112195,0.5018108792027877,-0.0015972925991962,0.9594756036660292,65.19794233210992,12.0,False,True,False,0.6066666666666667,0.021377418632037,,0.0056643822436318,0.0088465358305983,[],,,,,0.0,4.0,global
"profile|dpf_mixing_nonrest|r01|tau2|parameter=0,value=5",profile,dpf_mixing_nonrest,1,2.0,profile,completed,5.0,0.2328849810092148,0.5803723864169571,0.6613275627472923,-0.0021490718075264,0.9479468907936776,67.51244984329753,12.0,False,True,False,0.5233333333333333,0.0238326821995004,,0.0054155433366269,0.0078689490345572,[],,,,,0.0,5.0,global
"profile|dpf_mixing_nonrest|r01|tau2|parameter=0,value=6",profile,dpf_mixing_nonrest,1,2.0,profile,completed,6.0,0.150000000034735,0.7084417016876386,0.773363796189412,-0.002492254829677,0.947735824481448,69.09267383389687,12.0,True,False,,,,,0.0058981721762844,0.00690133580968,[1],,,,,0.0,6.0,global
"profile|dpf_mixing_nonrest|r01|tau2|parameter=0,value=8",profile,dpf_mixing_nonrest,1,2.0,profile,completed,8.0,0.1500000000000541,0.7497164997063163,1.0416196248683138,-0.0035535560005587,0.9156345192104972,70.94647211471647,12.0,True,False,,,,,0.0070230028484943,0.006581703245677,[1],,,,,0.0,8.0,global
"profile|dpf_mixing_nonrest|r01|tau2|parameter=0,value=10",profile,dpf_mixing_nonrest,1,2.0,profile,completed,10.0,0.150000000002068,0.7751234266409712,1.3226354106982223,-0.0046534495801119,0.8807175357336093,72.01148992734016,12.0,True,False,,,,,0.0079454061339914,0.0066129923485782,[1],,,,,0.0,10.0,global
"profile|dpf_mixing_nonrest|r01|tau2|parameter=0,value=12",profile,dpf_mixing_nonrest,1,2.0,profile,completed,12.0,0.1500000000000027,0.792300438522432,1.6149885992401096,-0.0057864138166965,0.8466305364201593,72.64790110533606,12.0,True,False,,,,,0.0086116501547187,0.0067729342383646,[1],,,,,0.0,12.0,global
"profile|dpf_mixing_nonrest|r01|tau2|parameter=6,value=-0.06",profile,dpf_mixing_nonrest,1,2.0,profile,completed,11.999999999999998,0.649999999999971,0.7970561861437069,2.90630659665496,-0.0113192498640238,0.4865285788976026,98.41986867206684,12.0,True,False,,,,,0.0214082718791747,0.0176444429764237,"[0, 1]",,,,,6.0,-0.06,global
"profile|dpf_mixing_nonrest|r01|tau2|parameter=6,value=-0.0525",profile,dpf_mixing_nonrest,1,2.0,profile,completed,11.999999999999998,0.649999999999985,0.7970561861437193,2.7274831544466807,-0.010663623111825,0.5207251774920241,91.83658979247754,12.0,True,False,,,,,0.0189178338845098,0.0148898946029806,"[0, 1]",,,,,6.0,-0.0525,global
"profile|dpf_mixing_nonrest|r01|tau2|parameter=6,value=-0.045",profile,dpf_mixing_nonrest,1,2.0,profile,completed,11.999999999999998,0.6499999999999606,0.7970561861436977,2.554623645701844,-0.0100109159775485,0.5566997825412442,86.35433061196427,12.0,True,False,,,,,0.0165508504740985,0.0121812550500165,"[0, 1]",,,,,6.0,-0.045,global
"profile|dpf_mixing_nonrest|r01|tau2|parameter=6,value=-0.0375",profile,dpf_mixing_nonrest,1,2.0,profile,completed,11.999999999999998,0.6499999999999965,0.7970561861437294,2.389024139721481,-0.0093615766225281,0.5941634244980791,81.97932033313863,12.0,True,False,,,,,0.014363460404189,0.0095520786677263,"[0, 1]",,,,,6.0,-0.0375,global
"profile|dpf_mixing_nonrest|r01|tau2|parameter=6,value=-0.03",profile,dpf_mixing_nonrest,1,2.0,profile,completed,11.999999999999998,0.6499999999999765,0.7970561861437115,2.232252158706583,-0.0087158928977667,0.6326278396732727,78.71888302864794,12.0,True,False,,,,,0.0124452451041453,0.0070841085726528,"[0, 1]",,,,,6.0,-0.03,global
"profile|dpf_mixing_nonrest|r01|tau2|parameter=6,value=-0.0225",profile,dpf_mixing_nonrest,1,2.0,profile,completed,11.999999999999998,0.5940067470727591,0.7516135433347513,2.0802493966602142,-0.0080672585634055,0.6800595290873968,76.53695969292365,12.0,True,False,,,,,0.0109314127011408,0.0053307682714401,[0],,,,,6.0,-0.0225,global
"profile|dpf_mixing_nonrest|r01|tau2|parameter=6,value=-0.015",profile,dpf_mixing_nonrest,1,2.0,profile,completed,11.999999999999998,0.4280040548016857,0.6777489982989426,1.9270996882015856,-0.0073878002259506,0.7433187817496695,74.9147019359629,12.0,True,False,,,,,0.009698466143599,0.0049825680613355,[0],,,,,6.0,-0.015,global
"profile|dpf_mixing_nonrest|r01|tau2|parameter=6,value=-0.0075",profile,dpf_mixing_nonrest,1,2.0,profile,completed,11.99999999999078,0.1500000000133043,0.7923004385107546,1.6874970070601367,-0.0063594601796155,0.8053436447586768,73.36059951556469,12.0,True,False,,,,,0.0095061546283131,0.0063794972473826,"[0, 1]",,,,,6.0,-0.0075,global
"profile|dpf_mixing_nonrest|r01|tau2|parameter=6,value=0",profile,dpf_mixing_nonrest,1,2.0,profile,completed,3.1884402056048806,0.4542597094514459,0.295644952898272,0.4749452834353402,-0.0017411847626052,0.9040527331269984,69.85908402822865,12.0,False,True,False,0.4233333333333333,0.0187080420598123,,0.0121729755354925,0.0114332536285236,[],,,,,6.0,0.0,global
"profile|dpf_mixing_nonrest|r01|tau2|parameter=6,value=0.0075",profile,dpf_mixing_nonrest,1,2.0,profile,completed,2.335618373108744,0.3764404361022396,0.1042392702157457,0.240685668337914,-0.0008027351122869,0.9718048037892484,62.32666205466959,12.0,False,True,True,0.7566666666666667,0.0166512156919631,,0.0085365309105547,0.0083521786829967,[],,,,,6.0,0.0075,global
"profile|dpf_mixing_nonrest|r01|tau2|parameter=6,value=0.0135397",profile,dpf_mixing_nonrest,1,2.0,profile,completed,2.171600771357753,0.3021170013183357,0.149435954405061,0.1785388897505628,-0.0003932152995519,0.9870475923762816,60.346355629804535,12.0,False,True,True,0.9533333333333334,0.0174677165165605,,0.0058945930491289,0.0073208693241845,[],,,,,6.0,0.0135396750683665,global
"profile|dpf_mixing_nonrest|r01|tau2|parameter=6,value=0.015",profile,dpf_mixing_nonrest,1,2.0,profile,completed,2.151840078252683,0.2824420049685621,0.1868329807989204,0.1859647773345882,-0.0003059505851912,0.9873332617683248,60.45457813477664,12.0,False,True,True,0.92,0.0178286056235551,,0.0057032597454282,0.0075073177534858,[],,,,,6.0,0.015,global
"profile|dpf_mixing_nonrest|r01|tau2|parameter=6,value=0.0225",profile,dpf_mixing_nonrest,1,2.0,profile,completed,0.5000000000000003,0.15,1.81077650874586,0.3654099327901557,0.0013731154383079,0.938644559837872,58.12162405245536,12.0,True,False,,,,,0.0078830772780919,0.007669941948636,"[0, 1]",,,,,6.0,0.0224999999999999,global
"profile|dpf_mixing_nonrest|r01|tau2|parameter=6,value=0.03",profile,dpf_mixing_nonrest,1,2.0,profile,completed,0.5000000000000221,0.15,1.810776508745754,0.5184098076341253,0.0017923132640834,0.8995478082461837,62.73516850778865,12.0,True,False,,,,,0.0090494739613633,0.0107695055732104,"[0, 1]",,,,,6.0,0.03,global
"profile|dpf_mixing_nonrest|r01|tau2|parameter=6,value=0.0375",profile,dpf_mixing_nonrest,1,2.0,profile,completed,0.5000000000000002,0.15,1.8107765087458605,0.6966715874596036,0.0022250994008141,0.8517179515635339,76.24760274365332,12.0,True,False,,,,,0.0150491544779878,0.0171866594803805,"[0, 1]",,,,,6.0,0.0375,global
"profile|dpf_mixing_nonrest|r01|tau2|parameter=6,value=0.045",profile,dpf_mixing_nonrest,1,2.0,profile,completed,11.999999999999842,0.15,0.7923004385224334,1.7519611239827737,-0.0027374478697393,0.9359385670238856,92.92909627283306,12.0,True,False,,,,,0.0200766899833013,0.0222534597127617,"[0, 1]",,,,,6.0,0.045,global
"profile|dpf_mixing_nonrest|r01|tau2|parameter=6,value=0.0525",profile,dpf_mixing_nonrest,1,2.0,profile,completed,11.999999999999998,0.15,0.7923004385224345,1.8545531159233848,-0.0022201378145174,0.9323658862439388,100.39533989795515,12.0,True,False,,,,,0.0230386106586396,0.0253823766530966,"[0, 1]",,,,,6.0,0.0524999999999999,global
"profile|dpf_mixing_nonrest|r01|tau2|parameter=6,value=0.06",profile,dpf_mixing_nonrest,1,2.0,profile,completed,11.999999999999998,0.15,0.7923004385224345,1.9734193893707876,-0.0017024271513533,0.9254890464747796,109.03064820841276,12.0,True,False,,,,,0.0260761957275156,0.0285483515470728,"[0, 1]",,,,,6.0,0.06,global
"profile|white|r00|tau2|parameter=0,value=1.69533",profile,white,0,2.0,profile,completed,1.695332700336536,0.3285394483248224,0.1259423313520874,0.0840341559240109,4.64147996322356e-05,0.9971104845247072,46.55225801370317,12.0,False,True,False,0.35,0.0023219478470287,,0.0008292293611199,0.0007142086220786,[],,,,,0.0,1.695332700336536,local_resolution
"profile|white|r00|tau2|parameter=0,value=1.75652",profile,white,0,2.0,profile,completed,1.7565198271915388,0.3324256751580572,0.0972425085146877,0.0693215707523393,4.683699412338159e-05,0.9980814343532513,42.69718039113415,12.0,False,True,False,0.4066666666666667,0.0023457236565852,,0.000792782254053,0.0006668770338134,[],,,,,0.0,1.7565198271915388,local_resolution
"profile|white|r00|tau2|parameter=0,value=1.78711",profile,white,0,2.0,profile,completed,1.7871133906190402,0.3343829993330348,0.0836027073140341,0.0621005148407592,4.70219988539701e-05,0.998481968597864,41.21134536369039,12.0,False,True,False,0.44,0.0023576602727504,,0.000777929420818,0.0006462105133241,[],,,,,0.0,1.7871133906190402,local_resolution
"profile|white|r00|tau2|parameter=0,value=1.81771",profile,white,0,2.0,profile,completed,1.8177069540465416,0.3363496264639662,0.0704048493659774,0.0550029960780089,4.718716916220401e-05,0.9988275952179864,40.01071468141605,12.0,False,True,False,0.5033333333333333,0.0023696251079842,,0.0007654545045665,0.0006277126800664,[],,,,,0.0,1.8177069540465416,local_resolution
"profile|white|r00|tau2|parameter=0,value=1.8483",profile,white,0,2.0,profile,completed,1.8483005174740432,0.3383254794007668,0.0576288299249814,0.0480720501925452,4.733067408725348e-05,0.9991195647342396,39.08845872757748,12.0,False,True,False,0.6,0.0023816151051368,,0.0007554411201998,0.0006115051910216,[],,,,,0.0,1.8483005174740432,local_resolution
"profile|white|r00|tau2|parameter=0,value=1.87889",profile,white,0,2.0,profile,completed,1.8788940809015449,0.3403104698484877,0.045258872760474,0.0413782374560788,4.7450783545179614e-05,0.9993590950706768,38.43784372558349,12.0,False,True,False,0.6666666666666666,0.0023936273781546,,0.0007479557964297,0.0005977001712291,[],,,,,0.0,1.8788940809015449,local_resolution
"profile|white|r00|tau2|parameter=0,value=1.90949",profile,white,0,2.0,profile,completed,1.909487644329046,0.3423045360252698,0.0332882444022229,0.0350425229468269,4.754581494791713e-05,0.9995473727766953,38.052247716035126,12.0,False,True,False,0.74,0.0024056591900345,,0.000743044673692,0.0005863948049193,[],,,,,0.0,1.909487644329046,local_resolution
"profile|white|r00|tau2|parameter=0,value=1.92478",profile,white,0,2.0,profile,completed,1.9247844260427969,0.343304956313147,0.0274568548182591,0.0320707733554822,4.758342451409325e-05,0.9996226540421408,37.95679030684818,12.0,False,True,False,0.83,0.0024116816071593,,0.0007415626357775,0.0005817044212926,[],,,,,0.0,1.9247844260427969,local_resolution
"profile|white|r00|tau2|parameter=0,value=1.94008",profile,white,0,2.0,profile,completed,1.9400812077565477,0.3443076286601681,0.021738671529978,0.0292805977822,4.761415480477378e-05,0.9996855528355412,37.92514846865759,12.0,False,True,False,0.8733333333333333,0.002417707946616,,0.0007407305299109,0.0005776657647515,[],,,,,0.0,1.9400812077565477,local_resolution
"profile|white|r00|tau2|parameter=0,value=1.95538",profile,white,0,2.0,profile,completed,1.9553779894702985,0.3453125484169012,0.0161589114290178,0.0267266063886207,4.7637819701820565e-05,0.9997362086972618,37.9565267823272,12.0,False,True,False,0.9466666666666668,0.0024237379069267,,0.0007405480004943,0.0005742844576849,[],,,,,0.0,1.9553779894702985,local_resolution
"profile|white|r00|tau2|parameter=0,value=1.97067",profile,white,0,2.0,profile,completed,1.9706747711840489,0.3463197116829992,0.0107969667324332,0.0244803443937086,4.765423727089775e-05,0.9997747592082404,38.05013261941204,12.0,False,True,False,0.9966666666666668,0.0024297712018651,,0.000741012131771,0.0005715641906794,[],,,,,0.0,1.9706747711840489,local_resolution
"profile|white|r00|tau2|parameter=0,value=2",profile,white,0,2.0,profile,completed,2.0,0.3482567973814348,0.0040666256512078,0.0213701635866489,4.7664740084873054e-05,0.9998153090520352,38.40071293308847,12.0,False,True,True,1.0,0.0024413457985131,,0.0007436937458054,0.0005682020678797,[],,,,,0.0,2.0,local_resolution
"profile|white|r00|tau2|parameter=0,value=2.00127",profile,white,0,2.0,profile,completed,2.0012683346115505,0.3483407629128375,0.0041524302199148,0.021279491036415,4.766455850723298e-05,0.9998160848301906,38.42088582921812,12.0,False,True,False,1.0,0.0024418466291208,,0.0007438623660765,0.0005681115274785,[],,,,,0.0,2.0012683346115505,local_resolution
"profile|white|r00|tau2|parameter=0,value=2.03186",profile,white,0,2.0,profile,completed,2.031861898039052,0.3503707503811237,0.0124003291031758,0.0204207774325834,4.7643784481087855e-05,0.999810593147296,39.03121575815658,12.0,False,True,False,0.9533333333333334,0.0024539321545401,,0.0007492297370647,0.0005672975022835,[],,,,,0.0,2.031861898039052,local_resolution
"profile|white|r00|tau2|parameter=0,value=2.06246",profile,white,0,2.0,profile,completed,2.0624554614665533,0.3524096635525738,0.022521394228746,0.0221576449216188,4.7590578110414646e-05,0.9997593177263464,39.87502629796667,12.0,False,True,False,0.89,0.0024660257850771,,0.0007570404766985,0.000569079306561,[],,,,,0.0,2.0624554614665533,local_resolution
"profile|white|r00|tau2|parameter=0,value=2.09305",profile,white,0,2.0,profile,completed,2.0930490248940545,0.3544575161705471,0.0325626612788023,0.0259578123375702,4.750362078997081e-05,0.999663262715698,40.94632951527738,12.0,False,True,False,0.84,0.0024781256107551,,0.0007672005139805,0.0005733836455016,[],,,,,0.0,2.0930490248940545,local_resolution
"profile|white|r00|tau2|parameter=0,value=2.12364",profile,white,0,2.0,profile,completed,2.123642588321556,0.3565142708574433,0.0423955931257538,0.0310597571953253,4.7381873802909565e-05,0.9995234056852432,42.23924818461559,12.0,False,True,False,0.8166666666666667,0.0024902300450219,,0.0007796021893182,0.0005801104941459,[],,,,,0.0,2.123642588321556,local_resolution
"profile|white|r00|tau2|parameter=0,value=2.18483",profile,white,0,2.0,profile,completed,2.184829715176559,0.3606544832679744,0.0613777350459429,0.0432142574761314,4.70297361709171e-05,0.999116057061868,45.46696322646633,12.0,False,True,False,0.61,0.0025144466011348,,0.0008106431367265,0.0006003286030285,[],,,,,0.0,2.184829715176559,local_resolution
"profile|white|r00|tau2|parameter=6,value=0.0148884",profile,white,0,2.0,profile,completed,1.736657083040823,0.3345396230862863,0.1081653857975297,0.0833580773201697,-5.761993532619932e-06,0.997601774554562,46.2872856925945,12.0,False,True,False,0.4,0.0023466254288387,,0.0008089404661764,0.0006081111698086,[],,,,,6.0,0.0148883979441538,local_resolution
"profile|white|r00|tau2|parameter=6,value=0.0153106",profile,white,0,2.0,profile,completed,1.7870576714060111,0.3369508112851254,0.084822201216803,0.069100028397349,7.460102475640625e-06,0.9983728930146905,42.58931569188522,12.0,False,True,False,0.4866666666666667,0.0023682459799914,,0.0007614619706899,0.0005734633086602,[],,,,,6.0,0.0153105627344164,local_resolution
"profile|white|r00|tau2|parameter=6,value=0.0155216",profile,white,0,2.0,profile,completed,1.8123690849661995,0.3381635559433952,0.0735873242939254,0.0620540457172928,1.410441137536698e-05,0.998693599832056,41.15045616809302,12.0,False,True,False,0.58,0.0023791517316776,,0.0007449421984104,0.0005626329033998,[],,,,,6.0,0.0155216451295478,local_resolution
"profile|white|r00|tau2|parameter=6,value=0.0157327",profile,white,0,2.0,profile,completed,1.837756002354148,0.3393813579381528,0.0626334380471655,0.0550915284911234,2.076944063463445e-05,0.9989723307489988,39.98058908649156,12.0,False,True,False,0.63,0.002390120726038,,0.0007335671535073,0.0005564045614353,[],,,,,6.0,0.0157327275246791,local_resolution
"profile|white|r00|tau2|parameter=6,value=0.0159438",profile,white,0,2.0,profile,completed,1.863219529125004,0.3406044401558124,0.0519568685374009,0.0482485302740525,2.7454076346056327e-05,0.9992100040669428,39.07641879002534,12.0,False,True,False,0.6833333333333333,0.0024011527088291,,0.0007274754371421,0.0005548701179239,[],,,,,6.0,0.0159438099198104,local_resolution
"profile|white|r00|tau2|parameter=6,value=0.0161549",profile,white,0,2.0,profile,completed,1.8887605736287072,0.341833002865993,0.0415608315563928,0.0415841352914397,3.4157319250524425e-05,0.99940751622219,38.43464168072753,12.0,False,True,False,0.7533333333333333,0.0024122473202201,,0.0007267040509937,0.0005580096482902,[],,,,,6.0,0.0161548923149417,local_resolution
"profile|white|r00|tau2|parameter=6,value=0.016366",profile,white,0,2.0,profile,completed,1.9143807344805184,0.3430673149802544,0.031464680410695,0.0352000509144183,4.0877739339883615e-05,0.9995657470549152,38.05197687971295,12.0,False,True,False,0.78,0.0024234045491794,,0.0007311819586738,0.0005656861112764,[],,,,,6.0,0.016365974710073,local_resolution
"profile|white|r00|tau2|parameter=6,value=0.0164715",profile,white,0,2.0,profile,completed,1.92722077142717,0.3436866924545879,0.0265466522708453,0.0321657223435874,4.424407515764545e-05,0.99963040002745,37.95678819870136,12.0,False,True,False,0.8,0.0024290065472148,,0.000735336916824,0.0005711565330471,[],,,,,6.0,0.0164715159076387,local_resolution
"profile|white|r00|tau2|parameter=6,value=0.0165771",profile,white,0,2.0,profile,completed,1.940081242161376,0.344307636994002,0.0217386583549097,0.0292806004093128,4.761412706476449e-05,0.9996855529280704,37.925148468663146,12.0,False,True,True,0.8233333333333334,0.0024346241722653,,0.0007407310278023,0.0005776650440763,[],,,,,6.0,0.0165770571052043,local_resolution
"profile|white|r00|tau2|parameter=6,value=0.0166826",profile,white,0,2.0,profile,completed,1.952961800502488,0.3449300916013448,0.0170834058466135,0.0265933892104136,5.0988068534672736e-05,0.9997313079269308,37.95665353410529,12.0,False,True,True,0.8666666666666667,0.0024402572564869,,0.0007473268014109,0.0005851755686157,[],,,,,6.0,0.01668259830277,local_resolution
"profile|white|r00|tau2|parameter=6,value=0.0167881",profile,white,0,2.0,profile,completed,1.9658628464489667,0.3455541259529046,0.0126836658411568,0.024170272967754,5.4365591799335386e-05,0.99976776865254,38.050895814723006,12.0,False,True,True,0.9466666666666668,0.0024459058633576,,0.0007550824398516,0.0005936421352163,[],,,,,6.0,0.0167881395003356,local_resolution
"profile|white|r00|tau2|parameter=6,value=0.0168989",profile,white,0,2.0,profile,completed,1.979426819812783,0.3462108842786044,0.0086703568200204,0.0220065164472367,5.791454165697578e-05,0.9997961529575105,38.21686293925134,12.0,False,True,True,1.0,0.002451851682123,,0.0007644233628305,0.0006035076113099,[],,,,,6.0,0.0168989222632057,local_resolution
"profile|white|r00|tau2|parameter=6,value=0.0169992",profile,white,0,2.0,profile,completed,1.991727054498066,0.3468070548733113,0.0064690530026534,0.0204848217349729,6.113076345078667e-05,0.9998132118275253,38.42596706015489,12.0,False,True,True,1.0,0.0024572495516748,,0.0007738954130406,0.0006132589955828,[],,,,,6.0,0.0169992218954669,local_resolution
"profile|white|r00|tau2|parameter=6,value=0.0172103",profile,white,0,2.0,profile,completed,2.017675182486419,0.3480666647195668,0.0101637493491746,0.0190703768548369,6.790840349945083e-05,0.9998226790491264,39.04712597341862,12.0,False,True,True,0.96,0.0024686550785778,,0.0007967879313156,0.0006361385986868,[],,,,,6.0,0.0172103042905983,local_resolution
"profile|white|r00|tau2|parameter=6,value=0.0174214",profile,white,0,2.0,profile,completed,2.043708421554091,0.3493331812943692,0.0182724500826658,0.0204061654888227,7.469731233600041e-05,0.9997969476781454,39.91115682857925,12.0,False,True,True,0.94,0.0024801225037069,,0.0008233563391788,0.0006619061807573,[],,,,,6.0,0.0174213866857296,local_resolution
"profile|white|r00|tau2|parameter=6,value=0.0176325",profile,white,0,2.0,profile,completed,2.069828330793048,0.3506068791858487,0.0268889183915748,0.0240393435379249,8.149611409595686e-05,0.9997367746801152,41.01484682050647,12.0,False,True,False,0.8933333333333333,0.0024916517294038,,0.000853200445676,0.0006902028203291,[],,,,,6.0,0.0176324690808609,local_resolution
"profile|white|r00|tau2|parameter=6,value=0.0178436",profile,white,0,2.0,profile,completed,2.096036377511332,0.3518880151949741,0.035508305610748,0.0291236608635155,8.830350325304977e-05,0.9996428972483012,42.354997552340826,12.0,False,True,False,0.7566666666666667,0.0025032426733798,,0.0008859372022933,0.0007206995306587,[],,,,,6.0,0.0178435514759922,local_resolution
"profile|white|r00|tau2|parameter=6,value=0.0182657",profile,white,0,2.0,profile,completed,2.1487219967746203,0.3544734897403906,0.0524062691945396,0.0414193695946244,0.0001019391260902,0.9993568870564908,45.73198115374242,12.0,False,True,False,0.64,0.0025266100132003,,0.0009586819995116,0.0007871451076946,[],,,,,6.0,0.0182657162662548,local_resolution
"profile|white|r01|tau2|parameter=0,value=1.604",profile,white,1,2.0,profile,completed,1.6040014407344116,0.3355736224814185,0.183361970622944,0.1058580503566267,0.0004034266326888,0.9948256587721538,68.84352657093932,12.0,False,True,False,0.3833333333333333,0.0024696622941772,,0.000706855703969,0.0018220484211833,[],,,,,0.0,1.6040014407344116,local_resolution
"profile|white|r01|tau2|parameter=0,value=1.68667",profile,white,1,2.0,profile,completed,1.686674292594475,0.3413218827764075,0.1409178245165963,0.0852144701841993,0.0003231466282901,0.9967028762445193,64.57921248244399,12.0,False,True,False,0.44,0.0024940681632357,,0.0006242754903643,0.0017708659560287,[],,,,,0.0,1.686674292594475,local_resolution
"profile|white|r01|tau2|parameter=0,value=1.72801",profile,white,1,2.0,profile,completed,1.7280107185245068,0.3443080340054348,0.1214400947506093,0.074961130077921,0.0002831642905481,0.9974770615265696,62.96844869498618,12.0,False,True,False,0.4733333333333333,0.0025062732553714,,0.0005848576214775,0.0017494542566443,[],,,,,0.0,1.7280107185245068,local_resolution
"profile|white|r01|tau2|parameter=0,value=1.76935",profile,white,1,2.0,profile,completed,1.7693471444545386,0.3473632679788422,0.1031128188295386,0.0647732283494861,0.0002432927032342,0.9981430814514454,61.68428702549678,12.0,False,True,False,0.5233333333333333,0.0025185028452838,,0.000546993800476,0.0017307734164505,[],,,,,0.0,1.7693471444545386,local_resolution
"profile|white|r01|tau2|parameter=0,value=1.81068",profile,white,1,2.0,profile,completed,1.8106835703845705,0.3504832733022676,0.0859975729700393,0.0546779910745261,0.0002035357643963,0.9987021272107004,60.71126536393103,12.0,False,True,False,0.6033333333333334,0.0025307716340888,,0.0005110360440696,0.0017147778870562,[],,,,,0.0,1.8106835703845705,local_resolution
"profile|white|r01|tau2|parameter=0,value=1.85202",profile,white,1,2.0,profile,completed,1.8520199963146025,0.3536631884702564,0.0702664444118689,0.0447255202219159,0.0001638973404051,0.9991554702783564,60.03426021144621,12.0,False,True,False,0.6466666666666666,0.0025430931440048,,0.0004774435752407,0.001701409432068,[],,,,,0.0,1.8520199963146025,local_resolution
"profile|white|r01|tau2|parameter=0,value=1.89336",profile,white,1,2.0,profile,completed,1.893356422244634,0.3568982681025434,0.0563094774683484,0.0350197293555021,0.0001243808254121,0.999504486889526,59.63850719867935,12.0,False,True,False,0.7233333333333334,0.0025554787674386,,0.0004467983604754,0.0016906068090223,[],,,,,0.0,1.893356422244634,local_resolution
"profile|white|r01|tau2|parameter=0,value=1.91402",profile,white,1,2.0,profile,completed,1.9140246352096495,0.3585349776285249,0.0502276619847217,0.0303266485892571,0.0001046692420892,0.9996403301129088,59.5416079224708,12.0,False,True,False,0.8066666666666666,0.0025616987386609,,0.0004327949940673,0.0016861457037203,[],,,,,0.0,1.9140246352096495,local_resolution
"profile|white|r01|tau2|parameter=0,value=1.93469",profile,white,1,2.0,profile,completed,1.9346928481746657,0.3601836536975906,0.0449475232769916,0.0258134715204419,8.498925892269768e-05,0.999750652982112,59.50969498100222,12.0,False,True,False,0.8866666666666667,0.0025679382999894,,0.0004197984324361,0.0016822983689407,[],,,,,0.0,1.9346928481746657,local_resolution
"profile|white|r01|tau2|parameter=0,value=1.95536",profile,white,1,2.0,profile,completed,1.9553610611396817,0.3618436915837579,0.0406844585978186,0.0215889026148674,6.534116409649241e-05,0.9998356561916562,59.54103984769417,12.0,False,True,False,0.9533333333333334,0.0025741983952227,,0.0004079103262753,0.0016790546124579,[],,,,,0.0,1.9553610611396817,local_resolution
"profile|white|r01|tau2|parameter=0,value=1.97603",profile,white,1,2.0,profile,completed,1.9760292741046972,0.3635144868440266,0.0376862998429094,0.0178534623246473,4.572526033016293e-05,0.9998955461482082,59.63397150057423,12.0,False,True,False,1.0,0.0025804799370625,,0.0003972347284475,0.001676403447651,[],,,,,0.0,1.9760292741046972,local_resolution
"profile|white|r01|tau2|parameter=0,value=2",profile,white,1,2.0,profile,completed,2.0,0.3654649360402801,0.0360773354318704,0.0146247006525414,2.3015651803470964e-05,0.9999338336804832,59.81671036800677,12.0,False,True,True,1.0,0.0025877930987304,,0.000386507860661,0.0016740552585525,[],,,,,0.0,2.0,local_resolution
"profile|white|r01|tau2|parameter=0,value=2.01737",profile,white,1,2.0,profile,completed,2.017365700034729,0.3668859571590015,0.0362404753897723,0.013491570055867,6.591040827949353e-06,0.9999408432390186,59.998023068529456,12.0,False,True,False,1.0,0.0025931104673216,,0.0003799300666111,0.001672831723391,[],,,,,0.0,2.017365700034729,local_resolution
"profile|white|r01|tau2|parameter=0,value=2.0587",profile,white,1,2.0,profile,completed,2.058702125964761,0.3702933443519309,0.0406138117596736,0.015952404307728,-3.241166846147246e-05,0.9998883168095378,60.5890525065852,12.0,False,True,False,1.0,0.0026058352971618,,0.0003686343476926,0.0016714844265148,[],,,,,0.0,2.058702125964761,local_resolution
"profile|white|r01|tau2|parameter=0,value=2.10004",profile,white,1,2.0,profile,completed,2.1000385518947926,0.3737320210237004,0.0488323629570114,0.0231159871603932,-7.128155133555352e-05,0.9997398295546946,61.39481960942694,12.0,False,True,False,1.0,0.002618658687492,,0.0003638880372088,0.0016722553300481,[],,,,,0.0,2.1000385518947926,local_resolution
"profile|white|r01|tau2|parameter=0,value=2.14137",profile,white,1,2.0,profile,completed,2.141374977824825,0.377197597763121,0.0589919701667591,0.0319342861001885,-0.0001100178035766,0.9994973258358733,62.40367297574437,12.0,False,True,False,0.9366666666666666,0.0026315837333979,,0.0003658948405999,0.001675029839867,[],,,,,0.0,2.141374977824825,local_resolution
"profile|white|r01|tau2|parameter=0,value=2.18271",profile,white,1,2.0,profile,completed,2.1827114037548565,0.3806857860018671,0.0700122883054566,0.0413393007058112,-0.0001486199535245,0.999162826226554,63.60452431495203,12.0,False,True,False,0.7366666666666667,0.0026446127431565,,0.0003744676936634,0.0016796901855652,[],,,,,0.0,2.1827114037548565,local_resolution
"profile|white|r01|tau2|parameter=0,value=2.26538",profile,white,1,2.0,profile,completed,2.26538425561492,0.3877141483075424,0.0927709310818711,0.0607498633668478,-0.0002254224751612,0.9982262360057028,66.54071407181287,12.0,False,True,False,0.5333333333333333,0.0026709875000805,,0.0004089239001969,0.0016941717324622,[],,,,,0.0,2.26538425561492,local_resolution
"profile|white|r01|tau2|parameter=6,value=0.0108159",profile,white,1,2.0,profile,completed,2.1998664618470207,0.4025222634535634,0.1046433249337186,0.0740545671482836,-0.0002141834763934,0.9974960833292902,67.09041405371175,12.0,False,True,False,0.4333333333333333,0.0025066326972179,,0.0004724309275568,0.0016574538994974,[],,,,,6.0,0.010815911972301,local_resolution
"profile|white|r01|tau2|parameter=6,value=0.0113246",profile,white,1,2.0,profile,completed,2.12999930383861,0.3918120866632343,0.0828887719853943,0.0528108084018627,-0.000137788629097,0.9988320558274318,63.859882214273206,12.0,False,True,False,0.6166666666666667,0.0024883914844799,,0.0003931589753724,0.0016531553607873,[],,,,,6.0,0.0113246146857661,local_resolution
"profile|white|r01|tau2|parameter=6,value=0.011579",profile,white,1,2.0,profile,completed,2.09593316691749,0.3864838923859373,0.0726735182656389,0.0426247924299838,-9.99772221821832e-05,0.9993032674642812,62.56056022824042,12.0,False,True,True,0.71,0.0024797229907142,,0.0003658835574694,0.001653635638074,[],,,,,6.0,0.0115789660424987,local_resolution
"profile|white|r01|tau2|parameter=6,value=0.0118333",profile,white,1,2.0,profile,completed,2.0624605294402394,0.381176026422228,0.063239595466856,0.0330687315366764,-6.243161631077244e-05,0.9996448427754466,61.48136413969661,12.0,False,True,True,0.7866666666666666,0.0024713602412751,,0.0003501283743574,0.0016558862876363,[],,,,,6.0,0.0118333173992313,local_resolution
"profile|white|r01|tau2|parameter=6,value=0.0120877",profile,white,1,2.0,profile,completed,2.029590911668617,0.3758903305486393,0.0550303520682759,0.0248570572947977,-2.5156998695274832e-05,0.9998583487383677,60.62948294732601,12.0,False,True,True,0.8933333333333333,0.0024633050772105,,0.0003478120699696,0.0016599021033767,[],,,,,6.0,0.0120876687559639,local_resolution
"profile|white|r01|tau2|parameter=6,value=0.012342",profile,white,1,2.0,profile,completed,1.9973354294705608,0.3706284703089939,0.0487093059967577,0.0197175429288464,1.1840228372923449e-05,0.9999456584581548,60.0121232612905,12.0,False,True,True,1.0,0.0024555597145565,,0.0003595036330606,0.0016656645042054,[],,,,,6.0,0.0123420201126965,local_resolution
"profile|white|r01|tau2|parameter=6,value=0.0125964",profile,white,1,2.0,profile,completed,1.965701115591444,0.3653922987566993,0.0451169520157717,0.0201307317753305,4.855646159249082e-05,0.9999089452452664,59.63648213387767,12.0,False,True,True,1.0,0.002448123776349,,0.0003841904350349,0.0016731435402548,[],,,,,6.0,0.012596371469429,local_resolution
"profile|white|r01|tau2|parameter=6,value=0.0127235",profile,white,1,2.0,profile,completed,1.950118538587712,0.3627844198826778,0.0445814391370534,0.0224781446122639,6.68083754108446e-05,0.9998448338458142,59.54153656923154,12.0,False,True,True,1.0,0.0024445213684716,,0.000400777653451,0.0016775143283639,[],,,,,6.0,0.0127235471477953,local_resolution
"profile|white|r01|tau2|parameter=6,value=0.0127865",profile,white,1,2.0,profile,completed,1.9424637674112677,0.3614961705748289,0.044649681596776,0.0240284576759468,7.581629326679165e-05,0.9998019535426677,59.51783439697866,12.0,False,True,True,1.0,0.0024427667110316,,0.0004099072720709,0.0016798307050368,[],,,,,6.0,0.0127864968740685,local_resolution
"profile|white|r01|tau2|parameter=6,value=0.0128507",profile,white,1,2.0,profile,completed,1.9346937105666435,0.3601836177083831,0.0449471109270957,0.0258133366014727,8.49887318654702e-05,0.9997506541484362,59.50969498110009,12.0,False,True,True,0.96,0.0024409958659411,,0.0004197990459596,0.0016822972631387,[],,,,,6.0,0.0128507228261616,local_resolution
"profile|white|r01|tau2|parameter=6,value=0.0129779",profile,white,1,2.0,profile,completed,1.9194258097986805,0.3575901566605661,0.0461965678111025,0.0298049847001038,0.0001030980125377,0.999626749881059,59.54182869859048,12.0,False,True,True,0.8266666666666667,0.0024375464080123,,0.000440958350526,0.0016874869899088,[],,,,,6.0,0.0129778985045279,local_resolution
"profile|white|r01|tau2|parameter=6,value=0.0131051",profile,white,1,2.0,profile,completed,1.9043182829160703,0.3550041453972615,0.0482627462812877,0.0342224391295704,0.0001211343300672,0.99947348430197,59.63881977931639,12.0,False,True,True,0.76,0.0024341737160234,,0.0004639858817856,0.0016930719009,[],,,,,6.0,0.0131050741828942,local_resolution
"profile|white|r01|tau2|parameter=6,value=0.0133594",profile,white,1,2.0,profile,completed,1.874583714037062,0.3498554478031703,0.0544474410908378,0.0438065311541691,0.0001569888325231,0.9990803752587534,60.03081316463742,12.0,False,True,False,0.6566666666666666,0.0024276555251261,,0.0005146857350632,0.0017053975173482,[],,,,,6.0,0.0133594255396268,local_resolution
"profile|white|r01|tau2|parameter=6,value=0.0136138",profile,white,1,2.0,profile,completed,1.845488077159155,0.3447393093700348,0.0626715118981454,0.0539374921290801,0.0001925534521081,0.9985744636614892,60.69248192140606,12.0,False,True,False,0.5966666666666667,0.0024214347772401,,0.000570244878347,0.0017192069066244,[],,,,,6.0,0.0136137768963594,local_resolution
"profile|white|r01|tau2|parameter=6,value=0.0138681",profile,white,1,2.0,profile,completed,1.8170360656736133,0.3396572868867882,0.0722478244338685,0.0643538258782044,0.0002278264407293,0.9979590765926288,61.63044674395292,12.0,False,True,False,0.5033333333333333,0.0024155062194578,,0.0006294532418867,0.001734415486108,[],,,,,6.0,0.0138681282530919,local_resolution
"profile|white|r01|tau2|parameter=6,value=0.0141225",profile,white,1,2.0,profile,completed,1.7892277053687209,0.3346109629626452,0.0827111772876038,0.0749346159001991,0.0002628084389469,0.9972376937363472,62.851125225312366,12.0,False,True,False,0.39,0.0024098620758307,,0.0006914147513009,0.0017509383378773,[],,,,,6.0,0.0141224796098245,local_resolution
"profile|white|r01|tau2|parameter=6,value=0.0143768",profile,white,1,2.0,profile,completed,1.7620626236344568,0.3296018535560208,0.0937648375657676,0.0856181781809732,0.0002975005150176,0.996413925881334,64.36070999066759,12.0,False,True,False,0.3466666666666667,0.0024044933776297,,0.0007554753052939,0.0017686857661149,[],,,,,6.0,0.0143768309665571,local_resolution
"profile|white|r01|tau2|parameter=6,value=0.0148855",profile,white,1,2.0,profile,completed,1.7096563986340771,0.3197009761776524,0.1169540557701902,0.1071725466767601,0.000366021993572,0.9944741912257316,68.26990371584087,12.0,False,True,False,0.29,0.0023945398362975,,0.0008880723509745,0.0018074873166579,[],,,,,6.0,0.0148855336800223,local_resolution
"profile|independent_slow|r00|tau2|parameter=0,value=0.756859",profile,independent_slow,0,2.0,profile,completed,0.7568592214976207,0.2371144745567433,1.068685746545995,0.2786173079699354,0.0004679849449689,0.960584430654257,47.214908809094055,12.0,False,True,False,0.6933333333333334,0.0181343276730398,,0.0075377363692028,0.0089453874380162,[],,,,,0.0,0.7568592214976207,local_resolution
"profile|independent_slow|r00|tau2|parameter=0,value=0.976132",profile,independent_slow,0,2.0,profile,completed,0.9761321401865738,0.2677212797857585,0.7017181547609486,0.2151518676323277,0.0003799386890022,0.9766182716055368,41.385280110517584,12.0,False,True,False,0.82,0.0177406011545719,,0.0072827708193569,0.00868462807086,[],,,,,0.0,0.9761321401865738,local_resolution
"profile|independent_slow|r00|tau2|parameter=0,value=1.08577",profile,independent_slow,0,2.0,profile,completed,1.0857685995310504,0.2833082956036001,0.5734099274024888,0.1868570702597281,0.000331041081334,0.9825677928294132,39.38438940868196,12.0,False,True,False,0.91,0.0175652698331759,,0.0070392673963809,0.0084783128673451,[],,,,,0.0,1.0857685995310504,local_resolution
"profile|independent_slow|r00|tau2|parameter=0,value=1.19541",profile,independent_slow,0,2.0,profile,completed,1.195405058875527,0.299021872801741,0.4685491648175295,0.1608067190622586,0.0002799571063865,0.9873787295398064,37.87528267851082,12.0,False,True,False,0.9833333333333332,0.0174072276835901,,0.006745037305008,0.0082429848434249,[],,,,,0.0,1.195405058875527,local_resolution
"profile|independent_slow|r00|tau2|parameter=0,value=1.30504",profile,independent_slow,0,2.0,profile,completed,1.3050415182200037,0.3148088485728649,0.3816167948441346,0.1372709979139895,0.0002276806891397,0.9911640885778816,36.79001351603159,12.0,False,True,False,1.0,0.0172678991696362,,0.0064186225112624,0.0079953229969293,[],,,,,0.0,1.3050415182200037,local_resolution
"profile|independent_slow|r00|tau2|parameter=0,value=1.41468",profile,independent_slow,0,2.0,profile,completed,1.41467797756448,0.3306137118993961,0.3091807420195535,0.1168745705901746,0.0001751673378471,0.9940032007114976,36.07149965325208,12.0,False,True,False,1.0,0.017148080648431,,0.0060752697354425,0.0077496893035773,[],,,,,0.0,1.41467797756448,local_resolution
"profile|independent_slow|r00|tau2|parameter=0,value=1.52431",profile,independent_slow,0,2.0,profile,completed,1.5243144369089563,0.3463804752679599,0.2493938264667621,0.1007054752847453,0.0001232358771424,0.9959563452783264,35.67079675266527,12.0,False,True,False,1.0,0.0170480571457444,,0.0057266422085302,0.0075174706620153,[],,,,,0.0,1.5243144369089563,local_resolution
"profile|independent_slow|r00|tau2|parameter=0,value=1.57913",profile,independent_slow,0,2.0,profile,completed,1.5791326665811949,0.3542327699470787,0.2240602529741373,0.0946735477745591,9.769553506478212e-05,0.9966169638157426,35.57618693226521,12.0,False,True,False,1.0,0.017005443245213,,0.0055530862799705,0.0074091319761505,[],,,,,0.0,1.5791326665811949,local_resolution
"profile|independent_slow|r00|tau2|parameter=0,value=1.63395",profile,independent_slow,0,2.0,profile,completed,1.633950896253433,0.3620558439177889,0.2018507004647601,0.0902810397379688,7.252664895171873e-05,0.9970751868574632,35.545648109609736,12.0,False,True,False,1.0,0.0169677067617105,,0.005381134340794,0.0073070893779643,[],,,,,0.0,1.633950896253433,local_resolution
"profile|independent_slow|r00|tau2|parameter=0,value=1.68877",profile,independent_slow,0,2.0,profile,completed,1.6887691259256714,0.3698436696226488,0.1829396519220643,0.0876922534742886,4.778230028294815e-05,0.997337150150902,35.574787407389024,12.0,False,True,False,1.0,0.0169347881618685,,0.0052114419116899,0.0072120033468692,[],,,,,0.0,1.6887691259256714,local_resolution
"profile|independent_slow|r00|tau2|parameter=0,value=1.74359",profile,independent_slow,0,2.0,profile,completed,1.7435873555979096,0.3775904482380423,0.1675699640030786,0.0869903165575995,2.3505052408729266e-05,0.9974090790906448,35.65952064643931,12.0,False,True,False,1.0,0.0169066162860081,,0.0050445288382048,0.0071243856794844,[],,,,,0.0,1.7435873555979096,local_resolution
"profile|independent_slow|r00|tau2|parameter=0,value=1.85322",profile,independent_slow,0,2.0,profile,completed,1.853223814942386,0.3929407270987318,0.148438272276915,0.0910295128883483,-2.3523456174517345e-05,0.9970081826899582,35.98091155699492,12.0,False,True,False,1.0,0.0168641605382909,,0.0047207552523685,0.006973067045291,[],,,,,0.0,1.853223814942386,local_resolution
"profile|independent_slow|r00|tau2|parameter=0,value=1.96286",profile,independent_slow,0,2.0,profile,completed,1.9628602742868624,0.4080674625141287,0.1451607285494534,0.1010648392177185,-6.837187291976161e-05,0.995924821979612,36.48276593816711,12.0,False,True,False,1.0,0.016839601030886,,0.0044124457089317,0.0068551335111642,[],,,,,0.0,1.9628602742868624,local_resolution
"profile|independent_slow|r00|tau2|parameter=0,value=2",profile,independent_slow,0,2.0,profile,completed,2.0,0.413133616987054,0.147281092604372,0.1054790409876762,-8.304839701067565e-05,0.9954127787399888,36.689488687229655,12.0,False,True,True,1.0,0.0168352157518692,,0.0043118327703923,0.0068229070053769,[],,,,,0.0,2.0,local_resolution
"profile|independent_slow|r00|tau2|parameter=0,value=2.0725",profile,independent_slow,0,2.0,profile,completed,2.07249673363134,0.4229361473090567,0.1551828472463509,0.115183146912488,-0.0001109523809999,0.9942133156952176,37.14191648873632,12.0,False,True,False,1.0,0.0168321367489083,,0.004121585397781,0.0067712706567766,[],,,,,0.0,2.07249673363134,local_resolution
"profile|independent_slow|r00|tau2|parameter=0,value=2.18213",profile,independent_slow,0,2.0,profile,completed,2.182133192975816,0.4375155552551898,0.1738962841949463,0.131799729377656,-0.0001512466113861,0.9919295797311818,37.93859468242077,12.0,False,True,False,1.0,0.0168409605641869,,0.0038498834178649,0.0067211382034002,[],,,,,0.0,2.182133192975816,local_resolution
"profile|independent_slow|r00|tau2|parameter=0,value=2.29177",profile,independent_slow,0,2.0,profile,completed,2.2917696523202924,0.4517823185133328,0.1972915524856913,0.1498734296303164,-0.000189298701568,0.9891292886659708,38.85593073707842,12.0,False,True,False,0.95,0.0168652164280892,,0.003599322842832,0.0067036242887612,[],,,,,0.0,2.2917696523202924,local_resolution
"profile|independent_slow|r00|tau2|parameter=0,value=2.51104",profile,independent_slow,0,2.0,profile,completed,2.511042571009245,0.4792887550881515,0.2490647455184094,0.1881077714050374,-0.0002589808804823,0.9821997669982976,40.997143059339386,12.0,False,True,False,0.91,0.0169569320910017,,0.0031711714205286,0.0067593537698859,[],,,,,0.0,2.511042571009245,local_resolution
"profile|independent_slow|r00|tau2|parameter=6,value=0.00552311",profile,independent_slow,0,2.0,profile,completed,1.4946365734820786,0.3383961942635995,0.2593032406291508,0.297508848657227,-0.0006879316065204,0.9613114605823608,43.746217988454006,12.0,False,True,False,0.48,0.0157275208526846,,0.0075346408994086,0.0105221238811655,[],,,,,6.0,0.0055231077911552,local_resolution
"profile|independent_slow|r00|tau2|parameter=6,value=0.00863638",profile,independent_slow,0,2.0,profile,completed,1.530107158759207,0.3474492664210304,0.2469220211449793,0.2250758105747988,-0.0005008126349696,0.9812750508543177,40.159928987953954,12.0,False,True,False,0.76,0.0156677722438351,,0.0048200392828937,0.0083051295383865,[],,,,,6.0,0.0086363758980063,local_resolution
"profile|independent_slow|r00|tau2|parameter=6,value=0.010193",profile,independent_slow,0,2.0,profile,completed,1.5477575782609672,0.3512167052051945,0.2404230325979898,0.1902270436624544,-0.0004063918703287,0.9882236946107378,38.74776589072315,12.0,False,True,False,0.8333333333333334,0.0156558531004611,,0.0036159842217876,0.0074090590456913,[],,,,,6.0,0.0101930099514318,local_resolution
"profile|independent_slow|r00|tau2|parameter=6,value=0.0117496",profile,independent_slow,0,2.0,profile,completed,1.5652853413743848,0.3544542100525467,0.2336076815846968,0.1570810814504023,-0.0003114162663692,0.9932707276248398,37.59242205846771,12.0,False,True,False,0.9066666666666666,0.0156558748495514,,0.0027183626872402,0.0067396045889493,[],,,,,6.0,0.0117496440048573,local_resolution
"profile|independent_slow|r00|tau2|parameter=6,value=0.0133063",profile,independent_slow,0,2.0,profile,completed,1.5827028654518835,0.3571598390544412,0.2263864539938109,0.1269578891999308,-0.0002159853999181,0.9965381284359416,36.69488105409923,12.0,False,True,True,0.9433333333333334,0.0156677353114145,,0.0024862395167278,0.0063698332236292,[],,,,,6.0,0.0133062780582829,local_resolution
"profile|independent_slow|r00|tau2|parameter=6,value=0.0148629",profile,independent_slow,0,2.0,profile,completed,1.599956791219208,0.3593254437457008,0.2187146080391107,0.1025397391830433,-0.0001201320141474,0.9981626196106984,36.05522246250782,12.0,False,True,True,1.0,0.0156912756266434,,0.0030691779565437,0.0063506001012545,[],,,,,6.0,0.0148629121117084,local_resolution
"profile|independent_slow|r00|tau2|parameter=6,value=0.0164195",profile,independent_slow,0,2.0,profile,completed,1.6170609596348051,0.3609581615816406,0.2105387306888854,0.0886524691253397,-2.3950628211567665e-05,0.9982915318678512,35.672678833559154,12.0,False,True,True,1.0,0.0157262747086792,,0.0041282262723482,0.0066807038723256,[],,,,,6.0,0.0164195461651339,local_resolution
"profile|independent_slow|r00|tau2|parameter=6,value=0.0168989",profile,independent_slow,0,2.0,profile,completed,1.6222834169717233,0.3613524470456858,0.2079194512586968,0.0873794176990345,5.733792736946907e-06,0.9980532577817368,35.60642663061471,12.0,False,True,True,1.0,0.0157393249459542,,0.0045010042375134,0.0068454112649501,[],,,,,6.0,0.0168989222632057,local_resolution
"profile|independent_slow|r00|tau2|parameter=6,value=0.0171979",profile,independent_slow,0,2.0,profile,completed,1.6255307644244272,0.3615729186536808,0.2062608211704208,0.0873889950830153,2.4257516436492625e-05,0.9978420521641032,35.577354853605975,12.0,False,True,True,1.0,0.0157479976376816,,0.0047402316966007,0.0069614537365606,[],,,,,6.0,0.0171978631918467,local_resolution
"profile|independent_slow|r00|tau2|parameter=6,value=0.0179762",profile,independent_slow,0,2.0,profile,completed,1.633950444887892,0.3620558546315854,0.201850997522384,0.0902811410121563,7.252642110828253e-05,0.9970751766246426,35.54564810967684,12.0,False,True,True,1.0,0.0157724867195191,,0.005381141303435,0.0073070902202741,[],,,,,6.0,0.0179761802185594,local_resolution
"profile|independent_slow|r00|tau2|parameter=6,value=0.0187545",profile,independent_slow,0,2.0,profile,completed,1.642318259277055,0.3624082956073235,0.1973085548068631,0.0969561769660945,0.0001208475776382,0.9960095360778094,35.577239332434296,12.0,False,True,True,1.0,0.0157997041813053,,0.0060404773259713,0.0077079101045341,[],,,,,6.0,0.0187544972452722,local_resolution
"profile|independent_slow|r00|tau2|parameter=6,value=0.0195328",profile,independent_slow,0,2.0,profile,completed,1.6506325547162888,0.3626317541682178,0.1926337194001495,0.1067051374655114,0.0001692125859115,0.9946634359521264,35.67176442175142,12.0,False,True,True,1.0,0.0158296105913536,,0.0067115470249122,0.0081547541230066,[],,,,,6.0,0.019532814271985,local_resolution
"profile|independent_slow|r00|tau2|parameter=6,value=0.0210894",profile,independent_slow,0,2.0,profile,completed,1.667094630874167,0.3626984836943461,0.1828919667976048,0.1325245960963509,0.0002660406123189,0.9912008809280192,36.04794342464612,12.0,False,True,True,0.9266666666666666,0.0158973215129761,,0.0080725562060437,0.0091548972734152,[],,,,,6.0,0.0210894483254105,local_resolution
"profile|independent_slow|r00|tau2|parameter=6,value=0.0226461",profile,independent_slow,0,2.0,profile,completed,1.6833343066864126,0.362272761556408,0.1726428066725646,0.1633353827858943,0.0003629415762706,0.9868241593188416,36.67045925005878,12.0,False,True,True,0.8366666666666667,0.0159752700185123,,0.0094425086585937,0.010255278097949,[],,,,,6.0,0.022646082378836,local_resolution
"profile|independent_slow|r00|tau2|parameter=6,value=0.0242027",profile,independent_slow,0,2.0,profile,completed,1.69933317151054,0.3613709865754493,0.1619240982926559,0.1968013167034796,0.000459843900116,0.9816596678600172,37.5349945964665,12.0,False,True,True,0.7866666666666666,0.0160630995673292,,0.0108100369808623,0.011419348356422,[],,,,,6.0,0.0242027164322616,local_resolution
"profile|independent_slow|r00|tau2|parameter=6,value=0.0257594",profile,independent_slow,0,2.0,profile,completed,1.7151039328633193,0.3600155057900909,0.1507794920056373,0.2317684423532591,0.0005566807135509,0.9758230068171364,38.63671339824023,12.0,False,True,True,0.7033333333333334,0.0161604327743608,,0.0121683280289606,0.0126220788852982,[],,,,,6.0,0.0257593504856871,local_resolution
"profile|independent_slow|r00|tau2|parameter=6,value=0.027316",profile,independent_slow,0,2.0,profile,completed,1.7306825240706936,0.3582332668317285,0.1392646047572844,0.2676421603299355,0.000653387419627,0.9694185079811086,39.97032304359294,12.0,False,True,True,0.5733333333333334,0.0162668729985716,,0.0135128898716272,0.0138462432531175,[],,,,,6.0,0.0273159845391126,local_resolution
"profile|independent_slow|r00|tau2|parameter=6,value=0.0304293",profile,independent_slow,0,2.0,profile,completed,1.7614075577928008,0.3534997414222725,0.1154717225251035,0.3409386238906495,0.0008461380202127,0.9552656557308876,43.31014457913842,12.0,False,True,True,0.4466666666666666,0.0165054920559457,,0.0161493790773158,0.016314332806273,[],,,,,6.0,0.0304292526459637,local_resolution
"profile|independent_slow|r01|tau2|parameter=0,value=0.5",profile,independent_slow,1,2.0,profile,completed,0.5,0.1504730004719096,1.8113479057866475,0.3334287649720471,0.0011481941286895,0.950122807677622,57.40021063959243,12.0,False,True,False,0.6966666666666667,0.0208557655923144,,0.008284139589412,0.0084204366491866,[],,,,,0.0,0.5,local_resolution
"profile|independent_slow|r01|tau2|parameter=0,value=0.504163",profile,independent_slow,1,2.0,profile,completed,0.5041627348154133,0.1506664041131868,1.7914709830260458,0.3326754486380269,0.0011449802598353,0.9503551015734272,57.39649478989675,12.0,False,True,False,0.6966666666666667,0.0208597486118652,,0.0082725093911992,0.0084075880499287,[],,,,,0.0,0.5041627348154133,local_resolution
"profile|independent_slow|r01|tau2|parameter=0,value=0.553358",profile,independent_slow,1,2.0,profile,completed,0.5533577883849796,0.1513105897783036,1.5783163044854045,0.3251361253112581,0.0011081497208143,0.95293188751415,57.37635296346152,12.0,False,True,False,0.7066666666666667,0.0209487941025915,,0.0081537504450559,0.008273669323076,[],,,,,0.0,0.5533577883849796,local_resolution
"profile|independent_slow|r01|tau2|parameter=0,value=0.602553",profile,independent_slow,1,2.0,profile,completed,0.602552841954546,0.1524887791679149,1.401929408001442,0.3171840183674811,0.0010702392991682,0.9554698012848644,57.39635028573996,12.0,False,True,False,0.7333333333333333,0.0210292213718612,,0.0080386299375245,0.0081403471888073,[],,,,,0.0,0.602552841954546,local_resolution
"profile|independent_slow|r01|tau2|parameter=0,value=0.651748",profile,independent_slow,1,2.0,profile,completed,0.6517478955241123,0.1540884901469067,1.2537825779538396,0.3088527843197565,0.0010310432839066,0.9579750446283012,57.45079244301146,12.0,False,True,False,0.76,0.0211028067380682,,0.0079291729256188,0.0080090091460735,[],,,,,0.0,0.6517478955241123,local_resolution
"profile|independent_slow|r01|tau2|parameter=0,value=0.750138",profile,independent_slow,1,2.0,profile,completed,0.7501380026632449,0.1586661587634397,1.0195634445921928,0.2908382278468661,0.0009476363763557,0.9629288755074058,57.63997314347333,12.0,False,True,False,0.8033333333333333,0.0212228406645025,,0.0077298695711452,0.0077520123024004,[],,,,,0.0,0.7501380026632449,local_resolution
"profile|independent_slow|r01|tau2|parameter=0,value=0.848528",profile,independent_slow,1,2.0,profile,completed,0.8485281098023776,0.1654087125726044,0.8431375963123117,0.2708146738170213,0.0008560315788731,0.9678242894418408,57.89909471823291,12.0,False,True,False,0.8366666666666667,0.0212918547296965,,0.0075560386067577,0.0075020287635532,[],,,,,0.0,0.8485281098023776,local_resolution
"profile|independent_slow|r01|tau2|parameter=0,value=0.946918",profile,independent_slow,1,2.0,profile,completed,0.9469182169415102,0.1747516576751683,0.7048607630179878,0.2489428273987394,0.0007553526676482,0.9725946985434538,58.18527291654266,12.0,False,True,False,0.9133333333333332,0.0212899958980315,,0.0074025823725553,0.007261163859714,[],,,,,0.0,0.9469182169415102,local_resolution
"profile|independent_slow|r01|tau2|parameter=0,value=1.04531",profile,independent_slow,1,2.0,profile,completed,1.045308324080643,0.1867715799624408,0.5921926731569012,0.2262591275449267,0.0006467703801376,0.9770470021818992,58.460390805093446,12.0,False,True,False,0.92,0.0212069998922839,,0.0072631697980421,0.007037982451136,[],,,,,0.0,1.045308324080643,local_resolution
"profile|independent_slow|r01|tau2|parameter=0,value=1.1437",profile,independent_slow,1,2.0,profile,completed,1.1436984312197755,0.2007538227033586,0.4974642169644482,0.2047701080005645,0.0005340847413433,0.980898827532711,58.69679109193712,12.0,False,True,False,0.93,0.0210589478520018,,0.0071327667940455,0.0068462681910359,[],,,,,0.0,1.1436984312197755,local_resolution
"profile|independent_slow|r01|tau2|parameter=0,value=1.34048",profile,independent_slow,1,2.0,profile,completed,1.3404786454980409,0.2289815090662041,0.3474639242815506,0.1733915672145569,0.0003146380131655,0.986054800487444,59.02131575071073,12.0,False,True,False,0.96,0.0207451278425096,,0.006895300297034,0.0065946590378937,[],,,,,0.0,1.3404786454980409,local_resolution
"profile|independent_slow|r01|tau2|parameter=0,value=2",profile,independent_slow,1,2.0,profile,completed,2.0,0.2826302277323455,0.1571633963269127,0.1955692049732965,-0.0002951373289749,0.985095111100225,59.62482303379013,12.0,False,True,True,1.0,0.0210239053147005,,0.0065496312537032,0.0067117383016102,[],,,,,0.0,2.0,local_resolution
"profile|independent_slow|r01|tau2|parameter=6,value=0.00749621",profile,independent_slow,1,2.0,profile,completed,2.3028401647250574,0.3512297631781683,0.1061561237340326,0.2666446369604887,-0.000879694283346,0.9660293827326544,61.61476221080325,12.0,False,True,True,0.8033333333333333,0.0201568530473872,,0.008910142450778,0.0074801439948982,[],,,,,6.0,0.0074962143778305,local_resolution
"profile|independent_slow|r01|tau2|parameter=6,value=0.011136",profile,independent_slow,1,2.0,profile,completed,1.9097955579381112,0.3140794478554751,0.0739218771331893,0.1720839739765013,-0.0004231137399401,0.9853668938812824,60.15364358205604,12.0,False,True,True,0.9866666666666668,0.0199101429196042,,0.0078029496145818,0.0067898914274416,[],,,,,6.0,0.0111360075960592,local_resolution
"profile|independent_slow|r01|tau2|parameter=6,value=0.0127865",profile,independent_slow,1,2.0,profile,completed,1.740237652031893,0.2949238530051589,0.1265447139920972,0.1451112947564387,-0.0002213992869931,0.9895113647323452,59.70907252818077,12.0,False,True,True,1.0,0.0199162399080649,,0.0074322240107879,0.0065950411948985,[],,,,,6.0,0.0127864968740685,local_resolution
"profile|independent_slow|r01|tau2|parameter=6,value=0.0129559",profile,independent_slow,1,2.0,profile,completed,1.7212660741298629,0.2927704898409956,0.1338490193911715,0.1430259151193444,-0.0001994723059633,0.98980186422629,59.67100699602547,12.0,False,True,True,1.0,0.0199157277712093,,0.0074041817550521,0.0065812152779166,[],,,,,6.0,0.0129559042051736,local_resolution
"profile|independent_slow|r01|tau2|parameter=6,value=0.0147758",profile,independent_slow,1,2.0,profile,completed,1.3984129169350836,0.2597852628692112,0.2917148878827293,0.1292136612360881,0.000125293615709,0.9916115569602134,59.3241173813297,12.0,False,True,True,0.9533333333333334,0.0196276707471823,,0.0075132887252266,0.0066276479616009,[],,,,,6.0,0.014775800814288,local_resolution
"profile|independent_slow|r01|tau2|parameter=6,value=0.0165957",profile,independent_slow,1,2.0,profile,completed,0.6747454957784214,0.1846422783045329,1.210864479372228,0.2180274435299645,0.000753908291228,0.9763714866500212,58.50489701114213,12.0,False,True,False,0.8533333333333334,0.0184203479742169,,0.0095480519931842,0.0085627915016059,[],,,,,6.0,0.0165956974234024,local_resolution
"profile|independent_slow|r01|tau2|parameter=6,value=0.0184156",profile,independent_slow,1,2.0,profile,completed,0.6104835330530253,0.1716957310904327,1.3914877059793702,0.2526361497757763,0.0008891929270892,0.9684328511504878,57.880341739671096,12.0,False,True,False,0.7966666666666666,0.0185083810955399,,0.0090324088360444,0.0083992426118365,[],,,,,6.0,0.0184155940325167,local_resolution
"profile|independent_slow|r01|tau2|parameter=6,value=0.0202355",profile,independent_slow,1,2.0,profile,completed,0.5739339507913235,0.1610260430544071,1.508779711152266,0.2879709237441653,0.0010041817881594,0.9606875096394568,57.50230167415764,12.0,False,True,False,0.7266666666666667,0.0186258612342955,,0.0085425847778012,0.0082809290768498,[],,,,,6.0,0.0202354906416311,local_resolution
"profile|independent_slow|r01|tau2|parameter=6,value=0.0211454",profile,independent_slow,1,2.0,profile,completed,0.5615388800820431,0.1560789651562909,1.550812586732894,0.3063541652248772,0.0010575038730285,0.9567980396573764,57.40791964614434,12.0,False,True,False,0.6933333333333334,0.0186909181762489,,0.0083344880079807,0.0082630462778237,[],,,,,6.0,0.0211454389461883,local_resolution
"profile|independent_slow|r01|tau2|parameter=6,value=0.0220554",profile,independent_slow,1,2.0,profile,completed,0.5526599346297895,0.1513385835373657,1.581095617008123,0.325153108305131,0.0011084631279204,0.9529122715162478,57.3763577690464,12.0,False,True,False,0.66,0.0187594819726264,,0.0081561321221855,0.0082752253374946,[],,,,,6.0,0.0220553872507455,local_resolution
"profile|independent_slow|r01|tau2|parameter=6,value=0.0229653",profile,independent_slow,1,2.0,profile,completed,0.5466368991965749,0.1500000000000425,1.6039601411283826,0.34406940769109,0.0011618223020298,0.9486644922773012,57.41100553756194,12.0,True,False,,,,,0.0079450743293376,0.0082901644668134,[1],,,,,6.0,0.0229653355553027,local_resolution
"profile|independent_slow|r01|tau2|parameter=6,value=0.0238753",profile,independent_slow,1,2.0,profile,completed,0.542202601696523,0.1500000000000001,1.6220155717280933,0.3633393737131361,0.0012159810740387,0.944110055272292,57.52280277890564,12.0,True,False,,,,,0.0077617404328047,0.0083483078754111,[1],,,,,6.0,0.0238752838598599,local_resolution
"profile|independent_slow|r01|tau2|parameter=6,value=0.0256952",profile,independent_slow,1,2.0,profile,completed,0.5379068253874563,0.150000000000025,1.6398070989054518,0.4030947507002786,0.001321852818465,0.9345202707455896,57.980158286004176,12.0,True,False,,,,,0.0075859463470876,0.0086388974598897,[1],,,,,6.0,0.0256951804689743,local_resolution
"profile|independent_slow|r01|tau2|parameter=6,value=0.0275151",profile,independent_slow,1,2.0,profile,completed,0.5333917212923085,0.15,1.6588331150585602,0.4446758721876854,0.0014287319799,0.9241043332083974,58.750432409542256,12.0,True,False,,,,,0.0076938218929683,0.0091570152782488,[1],,,,,6.0,0.0275150770780886,local_resolution
"profile|independent_slow|r01|tau2|parameter=6,value=0.029335",profile,independent_slow,1,2.0,profile,completed,0.5343341151006257,0.15,1.6548340007801028,0.4872394088454772,0.0015330446395486,0.9132572047613896,59.833503098835415,12.0,True,False,,,,,0.0080685487143592,0.0098624347783508,[1],,,,,6.0,0.029334973687203,local_resolution
"profile|independent_slow|r01|tau2|parameter=6,value=0.0311549",profile,independent_slow,1,2.0,profile,completed,0.5388388143071993,0.15,1.6359216986647829,0.5307204371890845,0.0016361082408439,0.9020117745582996,61.22844309225351,12.0,True,False,,,,,0.0086840926658271,0.0107257289427807,[1],,,,,6.0,0.0311548702963174,local_resolution
"profile|independent_slow|r01|tau2|parameter=6,value=0.0329748",profile,independent_slow,1,2.0,profile,completed,0.5456411092460098,0.15,1.607987745720452,0.5750429888361018,0.0017389837229705,0.8903968770443527,62.935097353905306,12.0,True,False,,,,,0.0094985751548029,0.0117164055547457,[1],,,,,6.0,0.0329747669054318,local_resolution
"profile|independent_slow|r01|tau2|parameter=6,value=0.0366146",profile,independent_slow,1,2.0,profile,completed,0.5722908756052265,0.15,1.5053167019191869,0.6653603443938457,0.0019410543922439,0.8667409988222003,67.27340100466836,12.0,True,False,,,,,0.0115581698725917,0.0139802457748856,[1],,,,,6.0,0.0366145601236605,local_resolution
"profile|dpf_mixing_nonrest|r00|tau2|parameter=0,value=0.553868",profile,dpf_mixing_nonrest,0,2.0,profile,completed,0.5538679507037249,0.2193683324758515,1.688413939445898,0.3449384170778111,0.0004947235273906,0.939104374664863,47.63076346455952,12.0,False,True,False,0.46,0.0147742283901165,,0.0054194226310138,0.0074950316922376,[],,,,,0.0,0.5538679507037249,local_resolution
"profile|dpf_mixing_nonrest|r00|tau2|parameter=0,value=0.772442",profile,dpf_mixing_nonrest,0,2.0,profile,completed,0.7724416051300986,0.2546632923500235,1.0616096880794068,0.2732785061071376,0.0003523901924944,0.9619521102347888,41.275369102074364,12.0,False,True,False,0.5733333333333334,0.0145235855551374,,0.0051062329712719,0.0067594697312847,[],,,,,0.0,0.7724416051300986,local_resolution
"profile|dpf_mixing_nonrest|r00|tau2|parameter=0,value=0.881728",profile,dpf_mixing_nonrest,0,2.0,profile,completed,0.8817284323432856,0.2720487847998064,0.8641797708547166,0.2401971489797987,0.0002899106710162,0.9710885032647252,39.04502732492151,12.0,False,True,False,0.64,0.0144120222389688,,0.0050746248087396,0.0065632153827048,[],,,,,0.0,0.8817284323432856,local_resolution
"profile|dpf_mixing_nonrest|r00|tau2|parameter=0,value=0.991015",profile,dpf_mixing_nonrest,0,2.0,profile,completed,0.9910152595564724,0.2891352572576488,0.7099212530814445,0.2090821392905567,0.0002348902794509,0.9787181805523856,37.37316850001459,12.0,False,True,False,0.7133333333333334,0.0143109502416258,,0.0050927498419229,0.0064607412885665,[],,,,,0.0,0.9910152595564724,local_resolution
"profile|dpf_mixing_nonrest|r00|tau2|parameter=0,value=1.1003",profile,dpf_mixing_nonrest,0,2.0,profile,completed,1.1003020867696591,0.3058911123396274,0.5862158949186749,0.1799878822939426,0.0001874280068743,0.98491502273916,36.19107822576469,12.0,False,True,False,0.8,0.0142213561933775,,0.0051318207899393,0.0064286028723097,[],,,,,0.0,1.1003020867696591,local_resolution
"profile|dpf_mixing_nonrest|r00|tau2|parameter=0,value=1.20959",profile,dpf_mixing_nonrest,0,2.0,profile,completed,1.2095889139828462,0.3223216881979927,0.4852728342680975,0.1530299226544077,0.0001469062571475,0.9897826397084448,35.42756010760592,12.0,False,True,False,0.9366666666666666,0.014143991526502,,0.0051680139033705,0.0064437402788219,[],,,,,0.0,1.2095889139828462,local_resolution
"profile|dpf_mixing_nonrest|r00|tau2|parameter=0,value=1.31888",profile,dpf_mixing_nonrest,0,2.0,profile,completed,1.3188757411960332,0.338443678876318,0.402205379313845,0.1284916108284047,0.0001122934140735,0.9934398857051052,35.01407093054654,12.0,False,True,False,0.9666666666666668,0.0140794600901449,,0.005185393179185,0.0064877085870552,[],,,,,0.0,1.3188757411960332,local_resolution
"profile|dpf_mixing_nonrest|r00|tau2|parameter=0,value=1.37352",profile,dpf_mixing_nonrest,0,2.0,profile,completed,1.3735191548026269,0.3463932071093984,0.3663888337863744,0.1173027551561831,9.68375484058756e-05,0.9948527599725996,34.91890143980781,12.0,False,True,False,1.0,0.0140521572373822,,0.0051841522625216,0.0065163990430429,[],,,,,0.0,1.3735191548026269,local_resolution
"profile|dpf_mixing_nonrest|r00|tau2|parameter=0,value=1.42816",profile,dpf_mixing_nonrest,0,2.0,profile,completed,1.42816256840922,0.3542693035874429,0.3340466847685395,0.106986777759356,8.242450984181942e-05,0.996008320662739,34.88866735355088,12.0,False,True,False,1.0,0.0140282233304452,,0.0051755728173512,0.0065481234666071,[],,,,,0.0,1.42816256840922,local_resolution
"profile|dpf_mixing_nonrest|r00|tau2|parameter=0,value=1.48281",profile,dpf_mixing_nonrest,0,2.0,profile,completed,1.4828059820158137,0.3620712194857592,0.305024141419712,0.0977104035079901,6.892245403163522e-05,0.996920805004072,34.91691868942246,12.0,False,True,False,1.0,0.0140076928322264,,0.0051595415526335,0.006582213808098,[],,,,,0.0,1.4828059820158137,local_resolution
"profile|dpf_mixing_nonrest|r00|tau2|parameter=0,value=1.53745",profile,dpf_mixing_nonrest,0,2.0,profile,completed,1.537449395622407,0.3697979788239684,0.279236400353257,0.0896894602314632,5.621289811809011e-05,0.99760378977721,34.99792398860168,12.0,False,True,False,1.0,0.0139905808520405,,0.005136171316207,0.0066182659229686,[],,,,,0.0,1.537449395622407,local_resolution
"profile|dpf_mixing_nonrest|r00|tau2|parameter=0,value=1.64674",profile,dpf_mixing_nonrest,0,2.0,profile,completed,1.646736222835594,0.3850198610526253,0.2373168656751092,0.0784762083902252,3.2761394779073635e-05,0.9983320153454888,35.29781046192565,12.0,False,True,False,1.0,0.0139665973096567,,0.0050688752526655,0.0066956451841068,[],,,,,0.0,1.646736222835594,local_resolution
"profile|dpf_mixing_nonrest|r00|tau2|parameter=0,value=1.75602",profile,dpf_mixing_nonrest,0,2.0,profile,completed,1.7560230500487808,0.3999149688478207,0.2085375439937988,0.0753168745611676,1.139785848620826e-05,0.9982875609308894,35.75284053428718,12.0,False,True,False,1.0,0.0139561450736197,,0.004977699968641,0.0067803687747772,[],,,,,0.0,1.7560230500487808,local_resolution
"profile|dpf_mixing_nonrest|r00|tau2|parameter=0,value=1.86531",profile,dpf_mixing_nonrest,0,2.0,profile,completed,1.865309877261968,0.4144616973345659,0.1931009191721291,0.0805801317550731,-8.353322150925029e-06,0.9975546662135522,36.33511339502288,12.0,False,True,False,1.0,0.0139588885703103,,0.0048678851426195,0.0068738144343074,[],,,,,0.0,1.865309877261968,local_resolution
"profile|dpf_mixing_nonrest|r00|tau2|parameter=0,value=1.9746",profile,dpf_mixing_nonrest,0,2.0,profile,completed,1.974596704475155,0.4286377732925034,0.1901361543585714,0.0924360205342366,-2.6812738666906386e-05,0.996208912067008,37.0228228083588,12.0,False,True,False,1.0,0.0139743557006577,,0.0047450981702153,0.0069776705973361,[],,,,,0.0,1.974596704475155,local_resolution
"profile|dpf_mixing_nonrest|r00|tau2|parameter=0,value=2",profile,dpf_mixing_nonrest,0,2.0,profile,completed,2.0,0.4318774386027985,0.191007567640871,0.0958680328407913,-3.094254131684589e-05,0.99581573471756,37.19586975646302,12.0,False,True,True,1.0,0.0139797161601385,,0.0047153103712237,0.007003464128855,[],,,,,0.0,2.0,local_resolution
"profile|dpf_mixing_nonrest|r00|tau2|parameter=0,value=2.08388",profile,dpf_mixing_nonrest,0,2.0,profile,completed,2.083883531688341,0.4424217845868531,0.197310793079006,0.1084638839931708,-4.418994034107393e-05,0.9943188189538332,37.79894845610086,12.0,False,True,False,1.0,0.0140019917824392,,0.0046150183191823,0.0070933506229281,[],,,,,0.0,2.083883531688341,local_resolution
"profile|dpf_mixing_nonrest|r00|tau2|parameter=0,value=2.30246",profile,dpf_mixing_nonrest,0,2.0,profile,completed,2.302457186114715,0.4687372508980055,0.2302319571251643,0.1466733756623983,-7.620215530640036e-05,0.9891520238313264,39.56609868034979,12.0,False,True,False,0.9333333333333332,0.0140913982800052,,0.0043543709251498,0.0073628929205072,[],,,,,0.0,2.302457186114715,local_resolution
"profile|dpf_mixing_nonrest|r00|tau2|parameter=6,value=0.00564403",profile,dpf_mixing_nonrest,0,2.0,profile,completed,1.14091783197117,0.3069206792999993,0.5387383412647029,0.3212835063408791,-0.0004900541535304,0.9512059584362448,43.27726366802193,12.0,False,True,False,0.3833333333333333,0.0130474618416109,,0.0079832745103987,0.0109319342975312,[],,,,,6.0,0.00564402850277,local_resolution
"profile|dpf_mixing_nonrest|r00|tau2|parameter=6,value=0.00834241",profile,dpf_mixing_nonrest,0,2.0,profile,completed,1.200819110651673,0.3203534270935674,0.49164844460521,0.2580688221099014,-0.0003451302800349,0.9711619025269724,39.58296933691364,12.0,False,True,False,0.5933333333333334,0.0130451145828541,,0.005110244444412,0.0084180893375676,[],,,,,6.0,0.0083424084995914,local_resolution
"profile|dpf_mixing_nonrest|r00|tau2|parameter=6,value=0.0096916",profile,dpf_mixing_nonrest,0,2.0,profile,completed,1.2334893663843318,0.3266585498701266,0.466928590248566,0.227411907298251,-0.0002729329513011,0.97881041203858,38.13701300141764,12.0,False,True,False,0.6566666666666666,0.0130567891191164,,0.0038224678326056,0.0073515741168938,[],,,,,6.0,0.0096915984980021,local_resolution
"profile|dpf_mixing_nonrest|r00|tau2|parameter=6,value=0.0110408",profile,dpf_mixing_nonrest,0,2.0,profile,completed,1.268058739201324,0.3326840991658238,0.4415152935442423,0.1977700515457809,-0.0002009876613933,0.9849581125251842,36.95884219655844,12.0,False,True,False,0.75,0.0130773365598294,,0.0028158145738907,0.0064977329073194,[],,,,,6.0,0.0110407884964128,local_resolution
"profile|dpf_mixing_nonrest|r00|tau2|parameter=6,value=0.01239",profile,dpf_mixing_nonrest,0,2.0,profile,completed,1.3046025963010792,0.3384244268208945,0.4154767909822014,0.1696684799584758,-0.0001293439129696,0.9896668418972996,36.04744706878437,12.0,False,True,False,0.8,0.0131069888170698,,0.0024440691651199,0.0059436377521227,[],,,,,6.0,0.0123899784948235,local_resolution
"profile|dpf_mixing_nonrest|r00|tau2|parameter=6,value=0.0137392",profile,dpf_mixing_nonrest,0,2.0,profile,completed,1.3434311248633295,0.3439404328630147,0.3887912270590767,0.1439793959121799,-5.815910526977321e-05,0.993019831039882,35.40080447137015,12.0,False,True,False,0.9133333333333332,0.0131456422222579,,0.0029325395248466,0.0057666578255986,[],,,,,6.0,0.0137391684932342,local_resolution
"profile|dpf_mixing_nonrest|r00|tau2|parameter=6,value=0.0150884",profile,dpf_mixing_nonrest,0,2.0,profile,completed,1.3844948316003831,0.3491987242121683,0.3616448638523497,0.1222732876020885,1.2510696760468509e-05,0.9951001625523744,35.01590000423064,12.0,False,True,False,0.9366666666666666,0.0131936028800993,,0.0039520456286433,0.005986731600404,[],,,,,6.0,0.0150883584916449,local_resolution
"profile|dpf_mixing_nonrest|r00|tau2|parameter=6,value=0.015763",profile,dpf_mixing_nonrest,0,2.0,profile,completed,1.4060010455984038,0.3517590475293992,0.3478915859032752,0.1136361818373236,4.755982316403904e-05,0.9956950501556392,34.92034823798185,12.0,False,True,False,0.9533333333333334,0.0132209703511644,,0.0045498016303012,0.0062303878129947,[],,,,,6.0,0.0157629534908503,local_resolution
"profile|dpf_mixing_nonrest|r00|tau2|parameter=6,value=0.0164375",profile,dpf_mixing_nonrest,0,2.0,profile,completed,1.4281641661345397,0.3542700587569243,0.334046683207702,0.1069866454367037,8.242204057423227e-05,0.9960083662340318,34.888667353503415,12.0,False,True,False,0.9733333333333334,0.0132506591981809,,0.0051755605104635,0.0065481169341669,[],,,,,6.0,0.0164375484900556,local_resolution
"profile|dpf_mixing_nonrest|r00|tau2|parameter=6,value=0.0168989",profile,dpf_mixing_nonrest,0,2.0,profile,completed,1.443703978332113,0.3559597701824972,0.3245391593767001,0.1037891647337053,0.0001061523454858,0.996066765592478,34.90340577799997,12.0,False,True,False,1.0,0.0132722938784805,,0.0056132016143669,0.0068015855708714,[],,,,,6.0,0.0168989222632057,local_resolution
"profile|dpf_mixing_nonrest|r00|tau2|parameter=6,value=0.0171121",profile,dpf_mixing_nonrest,0,2.0,profile,completed,1.4509943311151705,0.3567337691309553,0.3201360964438376,0.1027191658035575,0.000117084749827,0.9960523180297594,34.92014493709175,12.0,False,True,False,1.0,0.013282655168858,,0.0058171722982624,0.0069273515893109,[],,,,,6.0,0.017112143489261,local_resolution
"profile|dpf_mixing_nonrest|r00|tau2|parameter=6,value=0.0177867",profile,dpf_mixing_nonrest,0,2.0,profile,completed,1.4745590149747216,0.3591617245752838,0.306159912782515,0.1011371817773054,0.0001515051683644,0.9958400483457652,35.01408002152642,12.0,False,True,False,1.0,0.0133169278298241,,0.0064667022051596,0.0073561031838228,[],,,,,6.0,0.0177867384884663,local_resolution
"profile|dpf_mixing_nonrest|r00|tau2|parameter=6,value=0.0191359",profile,dpf_mixing_nonrest,0,2.0,profile,completed,1.5239701051967998,0.3639205588939238,0.2781213629680442,0.1063506740444384,0.0002195638539304,0.994694840975749,35.386206214881554,12.0,False,True,False,1.0,0.013392279849784,,0.0077706000637161,0.0083214566721836,[],,,,,6.0,0.019135928486877,local_resolution
"profile|dpf_mixing_nonrest|r00|tau2|parameter=6,value=0.0204851",profile,dpf_mixing_nonrest,0,2.0,profile,completed,1.5767800897917996,0.3686037637473002,0.2500990069813503,0.1212799015181541,0.000286356510628,0.992669762358082,35.99809275618415,12.0,False,True,False,0.88,0.0134765808029672,,0.0090605779104568,0.0093773719000709,[],,,,,6.0,0.0204851184852877,local_resolution
"profile|dpf_mixing_nonrest|r00|tau2|parameter=6,value=0.0218343",profile,dpf_mixing_nonrest,0,2.0,profile,completed,1.6333873918448727,0.3732666073538427,0.2223647011168469,0.1430064467368419,0.0003516662097698,0.9898557847743602,36.84185252791586,12.0,False,True,True,0.82,0.0135696892421023,,0.0103211799937851,0.0104781859558837,[],,,,,6.0,0.0218343084836984,local_resolution
"profile|dpf_mixing_nonrest|r00|tau2|parameter=6,value=0.0231835",profile,dpf_mixing_nonrest,0,2.0,profile,completed,1.6943300982414489,0.3779804851058059,0.1953107612922947,0.1690335892472231,0.0004152375267818,0.9863380705715188,37.90860906355462,12.0,False,True,True,0.77,0.0136714380769016,,0.0115410831830944,0.011592463116206,[],,,,,6.0,0.0231834984821091,local_resolution
"profile|dpf_mixing_nonrest|r00|tau2|parameter=6,value=0.0245327",profile,dpf_mixing_nonrest,0,2.0,profile,completed,1.7600359066302984,0.3827940955225311,0.169632830967908,0.1978017306291466,0.0004768408529082,0.9821922326663296,39.18852956356832,12.0,False,True,True,0.7066666666666667,0.0137816785404803,,0.012712127744944,0.0126985982513382,[],,,,,6.0,0.0245326884805198,local_resolution
"profile|dpf_mixing_nonrest|r00|tau2|parameter=6,value=0.0272311",profile,dpf_mixing_nonrest,0,2.0,profile,completed,1.9082468573786675,0.3929870397167192,0.1273548585890268,0.2603956393564901,0.0005931583476294,0.9722846337262684,42.34341214341217,12.0,False,True,True,0.4966666666666666,0.0140270269444265,,0.0148767760235614,0.0148252035292889,[],,,,,6.0,0.0272310684773412,local_resolution
"profile|dpf_mixing_nonrest|r01|tau2|parameter=0,value=0.5",profile,dpf_mixing_nonrest,1,2.0,profile,completed,0.5,0.1500000000001606,1.8107765087460543,0.363056527790628,0.0013656330685983,0.939229387380365,58.12013790697825,12.0,True,False,,,,,0.0079326503732456,0.0076752084953467,[1],,,,,0.0,0.5,local_resolution
"profile|dpf_mixing_nonrest|r01|tau2|parameter=0,value=0.81336",profile,dpf_mixing_nonrest,1,2.0,profile,completed,0.8133601596912714,0.1500000000000139,0.9051556767586348,0.2996286403212527,0.0011089763503523,0.95842419277379,60.98021868275272,12.0,True,False,,,,,0.0076540794034594,0.0069277776070637,[1],,,,,0.0,0.8133601596912714,local_resolution
"profile|dpf_mixing_nonrest|r01|tau2|parameter=0,value=1.03968",profile,dpf_mixing_nonrest,1,2.0,profile,completed,1.0396819069895926,0.1500000000000354,0.6352200979729266,0.2509636480637084,0.0008963721207626,0.9710334973683964,62.23159458356599,12.0,True,False,,,,,0.0076215953106443,0.006557396830617,[1],,,,,0.0,1.0396819069895926,local_resolution
"profile|dpf_mixing_nonrest|r01|tau2|parameter=0,value=1.266",profile,dpf_mixing_nonrest,1,2.0,profile,completed,1.266003654287914,0.1500000000000834,0.5056243759390487,0.2045762238783633,0.0006624690003615,0.9813702882953816,62.73172650971964,12.0,True,False,,,,,0.0076219055468323,0.0063636648227206,[1],,,,,0.0,1.266003654287914,local_resolution
"profile|dpf_mixing_nonrest|r01|tau2|parameter=0,value=1.49233",profile,dpf_mixing_nonrest,1,2.0,profile,completed,1.492325401586235,0.2460553886568132,0.2628517214120967,0.125048913013168,0.0002513400077405,0.9921760292362484,62.3441022122851,12.0,False,True,False,1.0,0.0169019284812967,,0.0071374129640935,0.0057516077516635,[],,,,,0.0,1.492325401586235,local_resolution
"profile|dpf_mixing_nonrest|r01|tau2|parameter=0,value=1.71865",profile,dpf_mixing_nonrest,1,2.0,profile,completed,1.7186471488845565,0.288353815589676,0.1408598505758785,0.124021145330001,-8.865822429058589e-06,0.9922672848223004,61.29798998583752,12.0,False,True,False,1.0,0.0165108040655654,,0.0065782758140797,0.0060426279862296,[],,,,,0.0,1.7186471488845565,local_resolution
"profile|dpf_mixing_nonrest|r01|tau2|parameter=0,value=1.94497",profile,dpf_mixing_nonrest,1,2.0,profile,completed,1.9449688961828775,0.2998971956661121,0.1086763202477849,0.1460777771713759,-0.0002129373287014,0.9899882678545986,60.576000335302325,12.0,False,True,False,1.0,0.0166953821540192,,0.006144097760826,0.006646586479333,[],,,,,0.0,1.9449688961828775,local_resolution
"profile|dpf_mixing_nonrest|r01|tau2|parameter=0,value=2",profile,dpf_mixing_nonrest,1,2.0,profile,completed,2.0,0.3009316596131668,0.1144689490218488,0.153284523945912,-0.0002584267264562,0.9893120302943872,60.47564343247719,12.0,False,True,True,1.0,0.016776361689934,,0.0060660724899769,0.0068102148796343,[],,,,,0.0,2.0,local_resolution
"profile|dpf_mixing_nonrest|r01|tau2|parameter=0,value=2.05813",profile,dpf_mixing_nonrest,1,2.0,profile,completed,2.058129769832038,0.301608088353385,0.1243027440697946,0.1614273457168398,-0.0003051757096284,0.9885683192661534,60.40160427814527,12.0,False,True,False,1.0,0.0168712273066621,,0.0059961730177068,0.0069844260528042,[],,,,,0.0,2.058129769832038,local_resolution
"profile|dpf_mixing_nonrest|r01|tau2|parameter=0,value=2.17129",profile,dpf_mixing_nonrest,1,2.0,profile,completed,2.171290643481199,0.3021155943417506,0.1493637759584704,0.1784854200302126,-0.0003929923130306,0.9870522925183166,60.34635520356538,12.0,False,True,False,0.9766666666666668,0.0170758779450888,,0.005894948183037,0.0073198566614457,[],,,,,0.0,2.171290643481199,local_resolution
"profile|dpf_mixing_nonrest|r01|tau2|parameter=0,value=2.28445",profile,dpf_mixing_nonrest,1,2.0,profile,completed,2.28445151713036,0.3018898653305932,0.1773456152893754,0.1966838265526911,-0.0004773753574547,0.9854663238010783,60.39625421358072,12.0,False,True,False,0.87,0.0172997114991103,,0.0058354083556061,0.0076391982218464,[],,,,,0.0,2.28445151713036,local_resolution
"profile|dpf_mixing_nonrest|r01|tau2|parameter=0,value=2.39761",profile,dpf_mixing_nonrest,1,2.0,profile,completed,2.3976123907795204,0.3011809689678006,0.2054163285793168,0.2156555312613942,-0.0005591325579222,0.9838227301240556,60.534336522960345,12.0,False,True,False,0.7966666666666666,0.0175367801427731,,0.0058093023532346,0.0079336166985902,[],,,,,0.0,2.3976123907795204,local_resolution
"profile|dpf_mixing_nonrest|r01|tau2|parameter=0,value=2.62393",profile,dpf_mixing_nonrest,1,2.0,profile,completed,2.6239341380778414,0.2986809475545752,0.2583432216325982,0.2550760579199622,-0.0007171233195245,0.9803953662286722,61.00724851231631,12.0,False,True,False,0.7233333333333334,0.0180379819997271,,0.0058205140956595,0.0084280889588623,[],,,,,0.0,2.6239341380778414,local_resolution
"profile|dpf_mixing_nonrest|r01|tau2|parameter=0,value=2.85026",profile,dpf_mixing_nonrest,1,2.0,profile,completed,2.850255885376163,0.2949554473957804,0.30590192854515,0.2956844756761781,-0.0008702464590258,0.9768390643817726,61.645018268734034,12.0,False,True,False,0.68,0.0185638389794905,,0.0058617812612642,0.0087845546249375,[],,,,,0.0,2.850255885376163,local_resolution
"profile|dpf_mixing_nonrest|r01|tau2|parameter=0,value=3.07658",profile,dpf_mixing_nonrest,1,2.0,profile,completed,3.076577632674484,0.2901849647832468,0.3484247416077226,0.3368736936567921,-0.0010199628110948,0.9732364465148082,62.35985501517303,12.0,False,True,False,0.66,0.0191059919496361,,0.0058883200189345,0.0090049721827483,[],,,,,0.0,3.076577632674484,local_resolution
"profile|dpf_mixing_nonrest|r01|tau2|parameter=0,value=3.3029",profile,dpf_mixing_nonrest,1,2.0,profile,completed,3.302899379972805,0.2846258397552514,0.3864915332403171,0.3781546785766475,-0.0011666505374822,0.9696680832583492,63.09460284183573,12.0,False,True,False,0.6433333333333333,0.019658161174671,,0.0058797565501809,0.0091027571270576,[],,,,,0.0,3.302899379972805,local_resolution
"profile|dpf_mixing_nonrest|r01|tau2|parameter=0,value=3.52922",profile,dpf_mixing_nonrest,1,2.0,profile,completed,3.5292211272711267,0.2785391306726734,0.4206532610540964,0.4190993819574998,-0.0013101593536429,0.9661999296867648,63.81504352770735,12.0,False,True,False,0.63,0.0202154994992063,,0.0058340895283782,0.0090969757833092,[],,,,,0.0,3.5292211272711267,local_resolution
"profile|dpf_mixing_nonrest|r01|tau2|parameter=0,value=3.98186",profile,dpf_mixing_nonrest,1,2.0,profile,completed,3.9818646218677687,0.2655749348478208,0.4792090499842262,0.4987034888057866,-0.0015865354798833,0.9597205457290424,65.1481381243067,12.0,False,True,False,0.6066666666666667,0.0213327346491476,,0.0056716865228829,0.0088605097869322,[],,,,,0.0,3.9818646218677687,local_resolution
"profile|dpf_mixing_nonrest|r01|tau2|parameter=6,value=0.000806135",profile,dpf_mixing_nonrest,1,2.0,profile,completed,2.9932344150677075,0.4453884468220442,0.2625535680072272,0.4361856242265624,-0.0015749895355732,0.9151090008740508,68.89929948342828,12.0,False,True,True,0.4433333333333333,0.0180355992630778,,0.0120564729332078,0.0113112063895476,[],,,,,6.0,0.0008061351742599,local_resolution
"profile|dpf_mixing_nonrest|r01|tau2|parameter=6,value=0.00398952",profile,dpf_mixing_nonrest,1,2.0,profile,completed,2.5604557511737878,0.4127081245618825,0.1695528440088809,0.3264243841877169,-0.0011300503865634,0.9485538311004856,65.30873265950333,12.0,False,True,True,0.59,0.0168640992813968,,0.0106459197963865,0.010005887245285,[],,,,,6.0,0.0039895201477866,local_resolution
"profile|dpf_mixing_nonrest|r01|tau2|parameter=6,value=0.00558121",profile,dpf_mixing_nonrest,1,2.0,profile,completed,2.439272803951428,0.3967724181386753,0.1357211303205776,0.2840714825377594,-0.000968580550404,0.9606568844188798,63.80088174622651,12.0,False,True,True,0.7,0.0166803879832593,,0.009700802516018,0.0092166995600048,[],,,,,6.0,0.0055812126345499,local_resolution
"profile|dpf_mixing_nonrest|r01|tau2|parameter=6,value=0.00717291",profile,dpf_mixing_nonrest,1,2.0,profile,completed,2.350420189135993,0.380017351740562,0.1085904028617469,0.2474420055803815,-0.0008290483701167,0.9701606592496635,62.54981355623168,12.0,False,True,True,0.7466666666666667,0.0166428244828398,,0.0087330657776218,0.0084869821183966,[],,,,,6.0,0.0071729051213132,local_resolution
"profile|dpf_mixing_nonrest|r01|tau2|parameter=6,value=0.0087646",profile,dpf_mixing_nonrest,1,2.0,profile,completed,2.2843427097772886,0.3621099880530215,0.0923060885995839,0.2169548316874235,-0.0007054619722674,0.9772974217427812,61.57599964799842,12.0,False,True,True,0.81,0.0167186781895539,,0.0078106920146503,0.0078911429037274,[],,,,,6.0,0.0087645976080765,local_resolution
"profile|dpf_mixing_nonrest|r01|tau2|parameter=6,value=0.0103563",profile,dpf_mixing_nonrest,1,2.0,profile,completed,2.235218013131504,0.343038223634052,0.0941736402872333,0.1940796787332098,-0.0005937905422594,0.9823109897566042,60.88657629121798,12.0,False,True,True,0.9133333333333332,0.016889059978915,,0.006993248942759,0.0074838303897769,[],,,,,6.0,0.0103562900948399,local_resolution
"profile|dpf_mixing_nonrest|r01|tau2|parameter=6,value=0.011948",profile,dpf_mixing_nonrest,1,2.0,profile,completed,2.1986608260021385,0.3229639717821897,0.1153694134056819,0.1807720742319923,-0.0004906346264024,0.985471504102762,60.47946014934557,12.0,False,True,True,0.9666666666666668,0.0171408732403351,,0.0063380122423906,0.0072940912801457,[],,,,,6.0,0.0119479825816032,local_resolution
"profile|dpf_mixing_nonrest|r01|tau2|parameter=6,value=0.0127438",profile,dpf_mixing_nonrest,1,2.0,profile,completed,2.18368288681852,0.3126265715746085,0.131111816936266,0.1781576598607366,-0.0004410599146621,0.9864483232553136,60.3793595040336,12.0,False,True,True,0.9866666666666668,0.0172934522160853,,0.0060876937873866,0.0072802763750523,[],,,,,6.0,0.0127438288249849,local_resolution
"profile|dpf_mixing_nonrest|r01|tau2|parameter=6,value=0.0127865",profile,dpf_mixing_nonrest,1,2.0,profile,completed,2.1833176711417104,0.312063626506407,0.1321354265266753,0.1781654956480011,-0.0004387137751028,0.9864835888015088,60.37590163991116,12.0,False,True,True,0.9833333333333332,0.0173035583060766,,0.0060755129315949,0.0072823414484732,[],,,,,6.0,0.0127864968740685,local_resolution
"profile|dpf_mixing_nonrest|r01|tau2|parameter=6,value=0.0135397",profile,dpf_mixing_nonrest,1,2.0,profile,completed,2.171600771357753,0.3021170013183357,0.149435954405061,0.1785388897505628,-0.0003932152995519,0.9870475923762816,60.346355629804535,12.0,False,True,True,0.9533333333333334,0.0174677165165605,,0.0058945930491289,0.0073208693241845,[],,,,,6.0,0.0135396750683665,local_resolution
"profile|dpf_mixing_nonrest|r01|tau2|parameter=6,value=0.0143355",profile,dpf_mixing_nonrest,1,2.0,profile,completed,2.1601117869373594,0.2914505845132401,0.1692355833543782,0.1814922915313309,-0.0003453694671978,0.9873319481926992,60.37876909305911,12.0,False,True,True,0.9333333333333332,0.0176560308710784,,0.0057643159358401,0.0074048549566917,[],,,,,6.0,0.0143355213117482,local_resolution
"profile|dpf_mixing_nonrest|r01|tau2|parameter=6,value=0.0151314",profile,dpf_mixing_nonrest,1,2.0,profile,completed,2.150223020667144,0.2806478986598243,0.190390814761724,0.1870318466756935,-0.0002981205806608,0.987311150082867,60.47470876165424,12.0,False,True,True,0.92,0.0178640249202541,,0.0056963807590461,0.0075303511173359,[],,,,,6.0,0.0151313675551298,local_resolution
"profile|dpf_mixing_nonrest|r01|tau2|parameter=6,value=0.0167231",profile,dpf_mixing_nonrest,1,2.0,profile,completed,2.132035025174069,0.2585359195835063,0.2355272728662876,0.2043118636476981,-0.0002026763437115,0.9864944537019456,60.84869511649706,12.0,False,True,True,0.9,0.0183382602115372,,0.0057408327769433,0.0078707415489864,[],,,,,6.0,0.0167230600418932,local_resolution
"profile|dpf_mixing_nonrest|r01|tau2|parameter=6,value=0.0183148",profile,dpf_mixing_nonrest,1,2.0,profile,completed,2.1117133646516377,0.2353836175633455,0.2839285630408273,0.2272588879381346,-0.0001017741945739,0.9848376813187883,61.44884975774975,12.0,False,True,True,0.89,0.0189074338479599,,0.0059861601171346,0.0082668819018646,[],,,,,6.0,0.0183147525286565,local_resolution
"profile|dpf_mixing_nonrest|r01|tau2|parameter=6,value=0.0199064",profile,dpf_mixing_nonrest,1,2.0,profile,completed,2.0796052848062487,0.2097680291532561,0.3373608308538529,0.2524778627327745,1.3899534673107031e-05,0.982596778826719,62.24833005315485,12.0,False,True,True,0.8833333333333333,0.0196308802182563,,0.006354354826978,0.0086070207367753,[],,,,,6.0,0.0199064450154198,local_resolution
"profile|dpf_mixing_nonrest|r01|tau2|parameter=6,value=0.0214981",profile,dpf_mixing_nonrest,1,2.0,profile,completed,1.9834256194925168,0.1741181444171733,0.4086403752315196,0.2720363848914571,0.0001924053888243,0.9803348442903708,63.19314082137835,12.0,False,True,True,0.8266666666666667,0.0207892084041306,,0.0067009326465821,0.0085053103750846,[],,,,,6.0,0.0214981375021831,local_resolution
"profile|dpf_mixing_nonrest|r01|tau2|parameter=6,value=0.0230898",profile,dpf_mixing_nonrest,1,2.0,profile,completed,0.5000000000000001,0.15,1.810776508745861,0.3758398929487647,0.0014056093440227,0.936046783078482,58.162237922937,12.0,True,False,,,,,0.00769520748594,0.0076769465541346,"[0, 1]",,,,,6.0,0.0230898299889465,local_resolution
"profile|dpf_mixing_nonrest|r01|tau2|parameter=6,value=0.0262732",profile,dpf_mixing_nonrest,1,2.0,profile,completed,0.5000000000000019,0.15,1.810776508745852,0.4376181370840758,0.0015823285104728,0.9204790438471466,59.32948332679139,12.0,True,False,,,,,0.0075223155338229,0.0085094551151411,"[0, 1]",,,,,6.0,0.0262732149624731,local_resolution
"profile|dpf_mixing_nonrest|r01|tau2|parameter=0,value=0.5",profile,dpf_mixing_nonrest,1,2.0,profile,completed,0.5,0.15,1.8107765087458612,0.3630564614051791,0.0013656325459851,0.9392294327518924,58.12013790602467,12.0,True,False,,,,,0.0079326469083388,0.0076752097302696,[1],,,,,0.0,0.5,four_start_basin_check
"profile|dpf_mixing_nonrest|r01|tau2|parameter=0,value=0.7",profile,dpf_mixing_nonrest,1,2.0,profile,completed,0.7,0.1500000000006534,1.129292680184277,0.3232937008084932,0.001206609697245,0.9516302350078152,60.05641349771026,12.0,True,False,,,,,0.0077163171566842,0.0071717533119221,[1],,,,,0.0,0.7,four_start_basin_check
"profile|dpf_mixing_nonrest|r01|tau2|parameter=0,value=0.81336",profile,dpf_mixing_nonrest,1,2.0,profile,completed,0.8133601596912714,0.1500000000000002,0.9051556767586412,0.2996286075601472,0.0011089756053244,0.9584242551926124,60.98021868271688,12.0,True,False,,,,,0.0076540634266289,0.0069277787704408,[1],,,,,0.0,0.8133601596912714,four_start_basin_check
"profile|dpf_mixing_nonrest|r01|tau2|parameter=0,value=1",profile,dpf_mixing_nonrest,1,2.0,profile,completed,1.0,0.15,0.6700593942604899,0.259513047820529,0.0009352998391641,0.9689518633625832,62.07034918770357,12.0,True,False,,,,,0.0076219796875269,0.0066104158653073,[1],,,,,0.0,1.0,four_start_basin_check
"profile|dpf_mixing_nonrest|r01|tau2|parameter=0,value=1.03968",profile,dpf_mixing_nonrest,1,2.0,profile,completed,1.0396819069895926,0.15,0.6352200979729747,0.2509637935037955,0.0008963726541121,0.971033481934522,62.231594583373344,12.0,True,False,,,,,0.0076215851357,0.006557396214021,[1],,,,,0.0,1.0396819069895926,four_start_basin_check
"profile|dpf_mixing_nonrest|r01|tau2|parameter=0,value=1.266",profile,dpf_mixing_nonrest,1,2.0,profile,completed,1.266003654287914,0.1500000000000834,0.5056243759390487,0.2045762238783633,0.0006624690003615,0.9813702882953816,62.73172650971964,12.0,True,False,,,,,0.0076219055468323,0.0063636648227206,[1],,,,,0.0,1.266003654287914,four_start_basin_check
"profile|dpf_mixing_nonrest|r01|tau2|parameter=0,value=1.3",profile,dpf_mixing_nonrest,1,2.0,profile,completed,1.3,0.1500000000000277,0.494139058371746,0.1983173862840504,0.0006257954962228,0.9826544824582528,62.75354117502104,12.0,True,False,,,,,0.0076190662677858,0.0063520153683241,[1],,,,,0.0,1.3,four_start_basin_check
"profile|dpf_mixing_nonrest|r01|tau2|parameter=0,value=1.49233",profile,dpf_mixing_nonrest,1,2.0,profile,completed,1.492325401586235,0.2460553886568132,0.2628517214120967,0.125048913013168,0.0002513400077405,0.9921760292362484,62.3441022122851,12.0,False,True,False,1.0,0.0169019284812967,,0.0071374129640935,0.0057516077516635,[],,,,,0.0,1.492325401586235,four_start_basin_check
"profile|dpf_mixing_nonrest|r01|tau2|parameter=0,value=1.6",profile,dpf_mixing_nonrest,1,2.0,profile,completed,1.6,0.27284609587963,0.1929995318014174,0.119981939307977,0.0001156304827826,0.9927776000996584,61.83736561021601,12.0,False,True,False,1.0,0.016593595435178,,0.0068624818458465,0.005825232115616,[],,,,,0.0,1.6,four_start_basin_check
"profile|dpf_mixing_nonrest|r01|tau2|parameter=0,value=1.71865",profile,dpf_mixing_nonrest,1,2.0,profile,completed,1.7186471488845565,0.288353815589676,0.1408598505758785,0.124021145330001,-8.865822429058589e-06,0.9922672848223004,61.29798998583752,12.0,False,True,False,1.0,0.0165108040655654,,0.0065782758140797,0.0060426279862296,[],,,,,0.0,1.7186471488845565,four_start_basin_check
"profile|dpf_mixing_nonrest|r01|tau2|parameter=0,value=1.8",profile,dpf_mixing_nonrest,1,2.0,profile,completed,1.8,0.294350763795821,0.1182133636165789,0.1302325038450782,-8.601206004255883e-05,0.9915759471133552,60.983629916990544,12.0,False,True,False,1.0,0.0165409213526614,,0.0064029489777897,0.0062400395915779,[],,,,,0.0,1.8,four_start_basin_check
"profile|dpf_mixing_nonrest|r01|tau2|parameter=0,value=1.94497",profile,dpf_mixing_nonrest,1,2.0,profile,completed,1.9449688961828775,0.2998971956661121,0.1086763202477849,0.1460777771713759,-0.0002129373287014,0.9899882678545986,60.576000335302325,12.0,False,True,False,1.0,0.0166953821540192,,0.006144097760826,0.006646586479333,[],,,,,0.0,1.9449688961828775,four_start_basin_check
"profile|dpf_mixing_nonrest|r01|tau2|parameter=0,value=2",profile,dpf_mixing_nonrest,1,2.0,profile,completed,2.0,0.3009316596131668,0.1144689490218488,0.153284523945912,-0.0002584267264562,0.9893120302943872,60.47564343247719,12.0,False,True,True,1.0,0.016776361689934,,0.0060660724899769,0.0068102148796343,[],,,,,0.0,2.0,four_start_basin_check
"profile|dpf_mixing_nonrest|r01|tau2|parameter=0,value=2.05813",profile,dpf_mixing_nonrest,1,2.0,profile,completed,2.058129769832038,0.3016118048029556,0.1242943078509093,0.1614277675751563,-0.0003051795165769,0.988568212370771,60.40160426603438,12.0,False,True,False,1.0,0.0168711796004503,,0.0059961175829319,0.0069844808962238,[],,,,,0.0,2.058129769832038,four_start_basin_check
"profile|dpf_mixing_nonrest|r01|tau2|parameter=0,value=2.17129",profile,dpf_mixing_nonrest,1,2.0,profile,completed,2.171290643481199,0.3021150622223362,0.1493648805470844,0.1784859509105597,-0.0003929937479839,0.9870522889145572,60.3463552034132,12.0,False,True,False,0.9766666666666668,0.0170758813888254,,0.0058949335977962,0.0073198871693275,[],,,,,0.0,2.171290643481199,four_start_basin_check
"profile|dpf_mixing_nonrest|r01|tau2|parameter=0,value=2.2",profile,dpf_mixing_nonrest,1,2.0,profile,completed,2.2,0.3021140740214248,0.1563461009898604,0.1830119135152889,-0.000414690031824,0.9866559388882294,60.34970607338931,12.0,False,True,False,0.9266666666666666,0.0171311451500754,,0.0058761940944826,0.0074028116287954,[],,,,,0.0,2.2,four_start_basin_check
"profile|dpf_mixing_nonrest|r01|tau2|parameter=0,value=2.28445",profile,dpf_mixing_nonrest,1,2.0,profile,completed,2.28445151713036,0.3018898653305932,0.1773456152893754,0.1966838265526911,-0.0004773753574547,0.9854663238010783,60.39625421358072,12.0,False,True,False,0.87,0.0172997114991103,,0.0058354083556061,0.0076391982218464,[],,,,,0.0,2.28445151713036,four_start_basin_check
"profile|dpf_mixing_nonrest|r01|tau2|parameter=0,value=2.39761",profile,dpf_mixing_nonrest,1,2.0,profile,completed,2.3976123907795204,0.3011819244249056,0.2054146679549032,0.2156555333288293,-0.0005591331764429,0.983822690083444,60.53433652231789,12.0,False,True,False,0.7966666666666666,0.017536769971106,,0.0058092946268823,0.0079336286647806,[],,,,,0.0,2.3976123907795204,four_start_basin_check
"profile|dpf_mixing_nonrest|r01|tau2|parameter=0,value=2.5",profile,dpf_mixing_nonrest,1,2.0,profile,completed,2.5,0.3002144561936815,0.2300008016344308,0.233292298472808,-0.0006313696082245,0.9822928526444064,60.72086226793217,12.0,False,True,False,0.7533333333333333,0.0177597427593542,,0.0058067543119167,0.0081738728862384,[],,,,,0.0,2.5,four_start_basin_check
"profile|dpf_mixing_nonrest|r01|tau2|parameter=0,value=2.62393",profile,dpf_mixing_nonrest,1,2.0,profile,completed,2.6239341380778414,0.2986809475545752,0.2583432216325982,0.2550760579199622,-0.0007171233195245,0.9803953662286722,61.00724851231631,12.0,False,True,False,0.7233333333333334,0.0180379819997271,,0.0058205140956595,0.0084280889588623,[],,,,,0.0,2.6239341380778414,four_start_basin_check
"profile|dpf_mixing_nonrest|r01|tau2|parameter=0,value=2.85026",profile,dpf_mixing_nonrest,1,2.0,profile,completed,2.850255885376163,0.2949554473957804,0.30590192854515,0.2956844756761781,-0.0008702464590258,0.9768390643817726,61.645018268734034,12.0,False,True,False,0.68,0.0185638389794905,,0.0058617812612642,0.0087845546249375,[],,,,,0.0,2.850255885376163,four_start_basin_check
"profile|dpf_mixing_nonrest|r01|tau2|parameter=0,value=3",profile,dpf_mixing_nonrest,1,2.0,profile,completed,3.0,0.2919019861319091,0.334563331209197,0.3229036134796315,-0.000969648451728,0.9744553135025156,62.1134540687592,12.0,False,True,False,0.67,0.0189211382688947,,0.0058827107979086,0.0089449670227276,[],,,,,0.0,3.0,four_start_basin_check
"profile|dpf_mixing_nonrest|r01|tau2|parameter=0,value=3.07658",profile,dpf_mixing_nonrest,1,2.0,profile,completed,3.076577632674484,0.2901849647832468,0.3484247416077226,0.3368736936567921,-0.0010199628110948,0.9732364465148082,62.35985501517303,12.0,False,True,False,0.66,0.0191059919496361,,0.0058883200189345,0.0090049721827483,[],,,,,0.0,3.076577632674484,four_start_basin_check
"profile|dpf_mixing_nonrest|r01|tau2|parameter=0,value=3.3029",profile,dpf_mixing_nonrest,1,2.0,profile,completed,3.302899379972805,0.2846258397552514,0.3864915332403171,0.3781546785766475,-0.0011666505374822,0.9696680832583492,63.09460284183573,12.0,False,True,False,0.6433333333333333,0.019658161174671,,0.0058797565501809,0.0091027571270576,[],,,,,0.0,3.302899379972805,four_start_basin_check
"profile|dpf_mixing_nonrest|r01|tau2|parameter=0,value=3.5",profile,dpf_mixing_nonrest,1,2.0,profile,completed,3.5,0.2793466859283409,0.4164439436613819,0.4138448361202482,-0.0012918196986899,0.9666402781224172,63.72360121445024,12.0,False,True,False,0.6333333333333333,0.0201433843484759,,0.0058418311885005,0.0091028029983627,[],,,,,0.0,3.5,four_start_basin_check
"profile|dpf_mixing_nonrest|r01|tau2|parameter=0,value=3.52922",profile,dpf_mixing_nonrest,1,2.0,profile,completed,3.5292211272711267,0.2785391306726734,0.4206532610540964,0.4190993819574998,-0.0013101593536429,0.9661999296867648,63.81504352770735,12.0,False,True,False,0.63,0.0202154994992063,,0.0058340895283782,0.0090969757833092,[],,,,,0.0,3.5292211272711267,four_start_basin_check
"profile|dpf_mixing_nonrest|r01|tau2|parameter=0,value=3.98186",profile,dpf_mixing_nonrest,1,2.0,profile,completed,3.9818646218677687,0.2655749348478208,0.4792090499842262,0.4987034888057866,-0.0015865354798833,0.9597205457290424,65.1481381243067,12.0,False,True,False,0.6066666666666667,0.0213327346491476,,0.0056716865228829,0.0088605097869322,[],,,,,0.0,3.9818646218677687,four_start_basin_check
"profile|dpf_mixing_nonrest|r01|tau2|parameter=0,value=4",profile,dpf_mixing_nonrest,1,2.0,profile,completed,4.0,0.2650414325417806,0.4813252596112195,0.5018108792027877,-0.0015972925991962,0.9594756036660292,65.19794233210992,12.0,False,True,False,0.6066666666666667,0.021377418632037,,0.0056643822436318,0.0088465358305983,[],,,,,0.0,4.0,four_start_basin_check
"profile|dpf_mixing_nonrest|r01|tau2|parameter=0,value=5",profile,dpf_mixing_nonrest,1,2.0,profile,completed,5.0,0.2328910816926675,0.5803660979758233,0.6613289560879042,-0.0021490841899202,0.9479458329204652,67.51244981753916,12.0,False,True,False,0.5233333333333333,0.0238326385694714,,0.0054155593568367,0.0078690085132701,[],,,,,0.0,5.0,four_start_basin_check
"profile|dpf_mixing_nonrest|r01|tau2|parameter=0,value=6",profile,dpf_mixing_nonrest,1,2.0,profile,completed,6.0,0.150000000034735,0.7084417016876386,0.773363796189412,-0.002492254829677,0.947735824481448,69.09267383389687,12.0,True,False,,,,,0.0058981721762844,0.00690133580968,[1],,,,,0.0,6.0,four_start_basin_check
"profile|dpf_mixing_nonrest|r01|tau2|parameter=0,value=8",profile,dpf_mixing_nonrest,1,2.0,profile,completed,8.0,0.1500000000000541,0.7497164997063163,1.0416196248683138,-0.0035535560005587,0.9156345192104972,70.94647211471647,12.0,True,False,,,,,0.0070230028484943,0.006581703245677,[1],,,,,0.0,8.0,four_start_basin_check
"profile|dpf_mixing_nonrest|r01|tau2|parameter=0,value=10",profile,dpf_mixing_nonrest,1,2.0,profile,completed,10.0,0.1500000000003474,0.7751234266425658,1.3226343185674951,-0.0046534461621839,0.880717503536839,72.01148992718991,12.0,True,False,,,,,0.0079454159554086,0.0066129885549139,[1],,,,,0.0,10.0,four_start_basin_check
"profile|dpf_mixing_nonrest|r01|tau2|parameter=0,value=12",profile,dpf_mixing_nonrest,1,2.0,profile,completed,12.0,0.1500000000000027,0.792300438522432,1.6149885992401096,-0.0057864138166965,0.8466305364201593,72.64790110533606,12.0,True,False,,,,,0.0086116501547187,0.0067729342383646,[1],,,,,0.0,12.0,four_start_basin_check
"profile|dpf_mixing_nonrest|r01|tau2|parameter=6,value=-0.06",profile,dpf_mixing_nonrest,1,2.0,profile,completed,11.999999999999998,0.6499999999999992,0.7970561861437319,2.906310112531669,-0.0113192647398159,0.4865288601772354,98.41986867104288,12.0,True,False,,,,,0.02140828781008,0.0176444552789669,"[0, 1]",,,,,6.0,-0.06,four_start_basin_check
"profile|dpf_mixing_nonrest|r01|tau2|parameter=6,value=-0.0525",profile,dpf_mixing_nonrest,1,2.0,profile,completed,11.999999999999998,0.649999999999985,0.7970561861437193,2.7274831544466807,-0.010663623111825,0.5207251774920241,91.83658979247754,12.0,True,False,,,,,0.0189178338845098,0.0148898946029806,"[0, 1]",,,,,6.0,-0.0525,four_start_basin_check
"profile|dpf_mixing_nonrest|r01|tau2|parameter=6,value=-0.045",profile,dpf_mixing_nonrest,1,2.0,profile,completed,11.999999999999998,0.6499999999999999,0.7970561861437324,2.554625551148092,-0.0100109234989728,0.556699855017576,86.35433061159483,12.0,True,False,,,,,0.0165508596948193,0.0121812608821151,"[0, 1]",,,,,6.0,-0.045,four_start_basin_check
"profile|dpf_mixing_nonrest|r01|tau2|parameter=6,value=-0.0375",profile,dpf_mixing_nonrest,1,2.0,profile,completed,11.999999999999998,0.6499999999999965,0.7970561861437294,2.389024139721481,-0.0093615766225281,0.5941634244980791,81.97932033313863,12.0,True,False,,,,,0.014363460404189,0.0095520786677263,"[0, 1]",,,,,6.0,-0.0375,four_start_basin_check
"profile|dpf_mixing_nonrest|r01|tau2|parameter=6,value=-0.03",profile,dpf_mixing_nonrest,1,2.0,profile,completed,11.999999999999998,0.6499999999999765,0.7970561861437115,2.232252158706583,-0.0087158928977667,0.6326278396732727,78.71888302864794,12.0,True,False,,,,,0.0124452451041453,0.0070841085726528,"[0, 1]",,,,,6.0,-0.03,four_start_basin_check
"profile|dpf_mixing_nonrest|r01|tau2|parameter=6,value=-0.0225",profile,dpf_mixing_nonrest,1,2.0,profile,completed,11.999999999999998,0.5940067470727591,0.7516135433347513,2.0802493966602142,-0.0080672585634055,0.6800595290873968,76.53695969292365,12.0,True,False,,,,,0.0109314127011408,0.0053307682714401,[0],,,,,6.0,-0.0225,four_start_basin_check
"profile|dpf_mixing_nonrest|r01|tau2|parameter=6,value=-0.015",profile,dpf_mixing_nonrest,1,2.0,profile,completed,11.999999999999998,0.4280040548016857,0.6777489982989426,1.9270996882015856,-0.0073878002259506,0.7433187817496695,74.9147019359629,12.0,True,False,,,,,0.009698466143599,0.0049825680613355,[0],,,,,6.0,-0.015,four_start_basin_check
"profile|dpf_mixing_nonrest|r01|tau2|parameter=6,value=-0.0075",profile,dpf_mixing_nonrest,1,2.0,profile,completed,11.99999999999078,0.1500000000133043,0.7923004385107546,1.6874970070601367,-0.0063594601796155,0.8053436447586768,73.36059951556469,12.0,True,False,,,,,0.0095061546283131,0.0063794972473826,"[0, 1]",,,,,6.0,-0.0075,four_start_basin_check
"profile|dpf_mixing_nonrest|r01|tau2|parameter=6,value=0",profile,dpf_mixing_nonrest,1,2.0,profile,completed,3.18939165200366,0.4542548339322899,0.2957716708151397,0.4750640124649172,-0.001741795180432,0.9040337838396036,69.8590840174155,12.0,False,True,False,0.4233333333333333,0.0187124279118616,,0.0121706568753833,0.0114318554113983,[],,,,,6.0,0.0,four_start_basin_check
"profile|dpf_mixing_nonrest|r01|tau2|parameter=6,value=0.000806135",profile,dpf_mixing_nonrest,1,2.0,profile,completed,2.9932070668696964,0.4453884504822453,0.2625495216979643,0.4361825297982916,-0.0015749728078064,0.915109530373444,68.89929947196343,12.0,False,True,True,0.4433333333333333,0.0180354878305238,,0.01205655023438,0.0113112245539974,[],,,,,6.0,0.0008061351742599,four_start_basin_check
"profile|dpf_mixing_nonrest|r01|tau2|parameter=6,value=0.00398952",profile,dpf_mixing_nonrest,1,2.0,profile,completed,2.5604557511737878,0.4127081245618825,0.1695528440088809,0.3264243841877169,-0.0011300503865634,0.9485538311004856,65.30873265950333,12.0,False,True,True,0.59,0.0168640992813968,,0.0106459197963865,0.010005887245285,[],,,,,6.0,0.0039895201477866,four_start_basin_check
"profile|dpf_mixing_nonrest|r01|tau2|parameter=6,value=0.00558121",profile,dpf_mixing_nonrest,1,2.0,profile,completed,2.439280690059018,0.3967725082295573,0.1357228710729112,0.2840722499602733,-0.0009685848240328,0.9606567319791766,63.80088173255182,12.0,False,True,True,0.7,0.0166804122099099,,0.0097007755050621,0.009216708671377,[],,,,,6.0,0.0055812126345499,four_start_basin_check
"profile|dpf_mixing_nonrest|r01|tau2|parameter=6,value=0.00717291",profile,dpf_mixing_nonrest,1,2.0,profile,completed,2.350420189135993,0.380017351740562,0.1085904028617469,0.2474420055803815,-0.0008290483701167,0.9701606592496635,62.54981355623168,12.0,False,True,True,0.7466666666666667,0.0166428244828398,,0.0087330657776218,0.0084869821183966,[],,,,,6.0,0.0071729051213132,four_start_basin_check
"profile|dpf_mixing_nonrest|r01|tau2|parameter=6,value=0.0075",profile,dpf_mixing_nonrest,1,2.0,profile,completed,2.3355384537065507,0.376439524202496,0.1042177784893845,0.2406768038861725,-0.0008026891638687,0.9718063768488648,62.32666188824529,12.0,False,True,True,0.7566666666666667,0.0166509594819694,,0.0085367770823703,0.0083520477749987,[],,,,,6.0,0.0075,four_start_basin_check
"profile|dpf_mixing_nonrest|r01|tau2|parameter=6,value=0.0087646",profile,dpf_mixing_nonrest,1,2.0,profile,completed,2.2843427097772886,0.3621099880530215,0.0923060885995839,0.2169548316874235,-0.0007054619722674,0.9772974217427812,61.57599964799842,12.0,False,True,True,0.81,0.0167186781895539,,0.0078106920146503,0.0078911429037274,[],,,,,6.0,0.0087645976080765,four_start_basin_check
"profile|dpf_mixing_nonrest|r01|tau2|parameter=6,value=0.0103563",profile,dpf_mixing_nonrest,1,2.0,profile,completed,2.235217718051785,0.3430381041457725,0.0941737029336411,0.1940796742668759,-0.0005937906351494,0.982310993242535,60.88657629119405,12.0,False,True,True,0.9133333333333332,0.0168890608418076,,0.0069932505861141,0.0074838307364406,[],,,,,6.0,0.0103562900948399,four_start_basin_check
"profile|dpf_mixing_nonrest|r01|tau2|parameter=6,value=0.011948",profile,dpf_mixing_nonrest,1,2.0,profile,completed,2.198611975282758,0.3229657631160207,0.1153521791336698,0.1807614851418248,-0.0004905920783566,0.985472664923869,60.4794601117947,12.0,False,True,True,0.9666666666666668,0.0171407279523866,,0.0063380054162896,0.0072938558671742,[],,,,,6.0,0.0119479825816032,four_start_basin_check
"profile|dpf_mixing_nonrest|r01|tau2|parameter=6,value=0.0127438",profile,dpf_mixing_nonrest,1,2.0,profile,completed,2.184057436338711,0.3126227517126063,0.1312178944868959,0.1782246199378749,-0.0004413355299009,0.9864418170601904,60.37935922283615,12.0,False,True,True,0.9866666666666668,0.0172948453504399,,0.0060873344457406,0.0072815824906379,[],,,,,6.0,0.0127438288249849,four_start_basin_check
"profile|dpf_mixing_nonrest|r01|tau2|parameter=6,value=0.0127865",profile,dpf_mixing_nonrest,1,2.0,profile,completed,2.1833176711417104,0.312063626506407,0.1321354265266753,0.1781654956480011,-0.0004387137751028,0.9864835888015088,60.37590163991116,12.0,False,True,True,0.9833333333333332,0.0173035583060766,,0.0060755129315949,0.0072823414484732,[],,,,,6.0,0.0127864968740685,four_start_basin_check
"profile|dpf_mixing_nonrest|r01|tau2|parameter=6,value=0.0135397",profile,dpf_mixing_nonrest,1,2.0,profile,completed,2.1712773752328784,0.3021155270915684,0.1493607027998946,0.1784836302373995,-0.0003929856179596,0.9870524643403514,60.34635520427086,12.0,False,True,True,0.9533333333333334,0.0174664506781765,,0.0058949534950343,0.0073198417129062,[],,,,,6.0,0.0135396750683665,four_start_basin_check
"profile|dpf_mixing_nonrest|r01|tau2|parameter=6,value=0.0143355",profile,dpf_mixing_nonrest,1,2.0,profile,completed,2.16011519128257,0.2914515932774611,0.1692341911452198,0.1814927851240031,-0.0003453710355962,0.9873318735390998,60.378769090607534,12.0,False,True,True,0.9333333333333332,0.0176560237980643,,0.0057643045996595,0.0074048698541977,[],,,,,6.0,0.0143355213117482,four_start_basin_check
"profile|dpf_mixing_nonrest|r01|tau2|parameter=6,value=0.015",profile,dpf_mixing_nonrest,1,2.0,profile,completed,2.1518245622390832,0.2824422386500467,0.1868292185425897,0.1859622424909415,-0.0003059394782122,0.9873334390592304,60.45457813097575,12.0,False,True,True,0.92,0.0178285284249792,,0.0057032633204459,0.0075072801451171,[],,,,,6.0,0.015,four_start_basin_check
"profile|dpf_mixing_nonrest|r01|tau2|parameter=6,value=0.0151314",profile,dpf_mixing_nonrest,1,2.0,profile,completed,2.150223020667144,0.2806478986598243,0.190390814761724,0.1870318466756935,-0.0002981205806608,0.987311150082867,60.47470876165424,12.0,False,True,True,0.92,0.0178640249202541,,0.0056963807590461,0.0075303511173359,[],,,,,6.0,0.0151313675551298,four_start_basin_check
"profile|dpf_mixing_nonrest|r01|tau2|parameter=6,value=0.0167231",profile,dpf_mixing_nonrest,1,2.0,profile,completed,0.5000000000000001,0.152986112499371,1.8144764554796664,0.2893223052160111,0.0010611271801768,0.957966217663593,60.63108413411852,12.0,True,False,,,,,0.0113735923053863,0.009781537527407,[0],,,,,6.0,0.0167230600418932,four_start_basin_check
"profile|dpf_mixing_nonrest|r01|tau2|parameter=6,value=0.0183148",profile,dpf_mixing_nonrest,1,2.0,profile,completed,0.5000000000000001,0.15,1.810776508745861,0.3046776543105234,0.0011449242687352,0.953857322337144,59.41483765918235,12.0,True,False,,,,,0.0102314683128061,0.0089098150621626,"[0, 1]",,,,,6.0,0.0183147525286565,four_start_basin_check
"profile|dpf_mixing_nonrest|r01|tau2|parameter=6,value=0.0199064",profile,dpf_mixing_nonrest,1,2.0,profile,completed,0.5000000000000001,0.15,1.810776508745861,0.3246316334800075,0.0012312526817613,0.948792012335374,58.597409782581366,12.0,True,False,,,,,0.0091661282726522,0.0081959476042921,"[0, 1]",,,,,6.0,0.0199064450154198,four_start_basin_check
"profile|dpf_mixing_nonrest|r01|tau2|parameter=6,value=0.0214981",profile,dpf_mixing_nonrest,1,2.0,profile,completed,0.5000000000000001,0.15,1.810776508745861,0.3486050935600518,0.001318132800823,0.9428201341365656,58.17934341992891,12.0,True,False,,,,,0.0082979411223458,0.0077685621132595,"[0, 1]",,,,,6.0,0.0214981375021831,four_start_basin_check
"profile|dpf_mixing_nonrest|r01|tau2|parameter=6,value=0.0225",profile,dpf_mixing_nonrest,1,2.0,profile,completed,0.5000000000000002,0.15,1.8107765087458605,0.3654099317828436,0.0013731154288718,0.9386445606511092,58.12162405079292,12.0,True,False,,,,,0.0078830772618838,0.0076699419637318,"[0, 1]",,,,,6.0,0.0225,four_start_basin_check
"profile|dpf_mixing_nonrest|r01|tau2|parameter=6,value=0.0230898",profile,dpf_mixing_nonrest,1,2.0,profile,completed,0.5000000000000001,0.15,1.810776508745861,0.3758398929487647,0.0014056093440227,0.936046783078482,58.162237922937,12.0,True,False,,,,,0.00769520748594,0.0076769465541346,"[0, 1]",,,,,6.0,0.0230898299889465,four_start_basin_check
"profile|dpf_mixing_nonrest|r01|tau2|parameter=6,value=0.0262732",profile,dpf_mixing_nonrest,1,2.0,profile,completed,0.5000000000283226,0.1500000000000004,1.8107765086079648,0.4376181488856023,0.0015823286305378,0.9204790309519728,59.329483325815424,12.0,True,False,,,,,0.0075223157356433,0.0085094551343631,"[0, 1]",,,,,6.0,0.0262732149624731,four_start_basin_check
"profile|dpf_mixing_nonrest|r01|tau2|parameter=6,value=0.03",profile,dpf_mixing_nonrest,1,2.0,profile,completed,0.5000000000000221,0.15,1.810776508745754,0.5184098076341253,0.0017923132640834,0.8995478082461837,62.73516850778865,12.0,True,False,,,,,0.0090494739613633,0.0107695055732104,"[0, 1]",,,,,6.0,0.03,four_start_basin_check
"profile|dpf_mixing_nonrest|r01|tau2|parameter=6,value=0.0375",profile,dpf_mixing_nonrest,1,2.0,profile,completed,0.5000000000000001,0.15,1.810776508745861,0.6966715439906074,0.0022250988774734,0.8517180014733353,76.24760274402801,12.0,True,False,,,,,0.0150491534768922,0.0171866560706649,"[0, 1]",,,,,6.0,0.0375,four_start_basin_check
"profile|dpf_mixing_nonrest|r01|tau2|parameter=6,value=0.045",profile,dpf_mixing_nonrest,1,2.0,profile,completed,11.999999999999842,0.15,0.7923004385224334,1.7519611239827737,-0.0027374478697393,0.9359385670238856,92.92909627283306,12.0,True,False,,,,,0.0200766899833013,0.0222534597127617,"[0, 1]",,,,,6.0,0.045,four_start_basin_check
"profile|dpf_mixing_nonrest|r01|tau2|parameter=6,value=0.0525",profile,dpf_mixing_nonrest,1,2.0,profile,completed,11.999999999999998,0.15,0.7923004385224345,1.8545531159233968,-0.0022201378145174,0.9323658862439392,100.39533989795528,12.0,True,False,,,,,0.0230386106586398,0.0253823766530968,"[0, 1]",,,,,6.0,0.0525,four_start_basin_check
"profile|dpf_mixing_nonrest|r01|tau2|parameter=6,value=0.06",profile,dpf_mixing_nonrest,1,2.0,profile,completed,11.999999999999998,0.15,0.7923004385224345,1.9734193893707876,-0.0017024271513533,0.9254890464747796,109.03064820841276,12.0,True,False,,,,,0.0260761957275156,0.0285483515470728,"[0, 1]",,,,,6.0,0.06,four_start_basin_check
